# Blender 4.4.1
# www.blender.org
mtllib spaceGameFont.mtl
o テキスト.002
v -13.069897 -0.880405 -1.183018
v -13.004974 -0.912564 -1.183018
v -12.939984 -0.941525 -1.183018
v -12.874384 -0.967316 -1.183018
v -12.807632 -0.989965 -1.183018
v -12.739189 -1.009503 -1.183018
v -12.668510 -1.025956 -1.183018
v -12.595057 -1.039354 -1.183018
v -12.518284 -1.049724 -1.183018
v -12.437653 -1.057096 -1.183018
v -12.352619 -1.061499 -1.183018
v -12.262644 -1.062960 -1.183018
v -12.098357 -1.053361 -1.183018
v -11.946934 -1.025571 -1.183018
v -11.808647 -0.981105 -1.183018
v -11.683767 -0.921475 -1.183018
v -11.572564 -0.848195 -1.183018
v -11.475309 -0.762779 -1.183018
v -11.392274 -0.666740 -1.183018
v -11.323729 -0.561592 -1.183018
v -11.269944 -0.448848 -1.183018
v -11.231192 -0.330022 -1.183018
v -11.207742 -0.206626 -1.183018
v -11.199864 -0.080175 -1.183018
v -11.208465 0.055751 -1.183018
v -11.233721 0.183454 -1.183018
v -11.274820 0.302248 -1.183018
v -11.330952 0.411446 -1.183018
v -11.401303 0.510364 -1.183018
v -11.485061 0.598317 -1.183018
v -11.581413 0.674618 -1.183018
v -11.689546 0.738584 -1.183018
v -11.808648 0.789527 -1.183018
v -11.937906 0.826765 -1.183018
v -12.076509 0.849609 -1.183018
v -12.223642 0.857377 -1.183018
v -12.364217 0.850428 -1.183018
v -12.495499 0.829545 -1.183018
v -12.616929 0.794668 -1.183018
v -12.727948 0.745742 -1.183018
v -12.827999 0.682709 -1.183018
v -12.916521 0.605512 -1.183018
v -12.992958 0.514095 -1.183018
v -13.056749 0.408400 -1.183018
v -13.107337 0.288369 -1.183018
v -13.144163 0.153946 -1.183018
v -13.166668 0.005074 -1.183018
v -13.174294 -0.158305 -1.183018
v -11.633752 -0.158305 -1.183018
v -11.654567 -0.246108 -1.183018
v -11.682864 -0.326500 -1.183018
v -11.718609 -0.399439 -1.183018
v -11.761768 -0.464882 -1.183018
v -11.812308 -0.522787 -1.183018
v -11.870194 -0.573110 -1.183018
v -11.935393 -0.615808 -1.183018
v -12.007872 -0.650839 -1.183018
v -12.087595 -0.678160 -1.183018
v -12.174530 -0.697728 -1.183018
v -12.268641 -0.709500 -1.183018
v -12.369898 -0.713434 -1.183018
v -12.435417 -0.711735 -1.183018
v -12.500397 -0.706695 -1.183018
v -12.564902 -0.698399 -1.183018
v -12.629001 -0.686934 -1.183018
v -12.692761 -0.672384 -1.183018
v -12.756251 -0.654837 -1.183018
v -12.819537 -0.634376 -1.183018
v -12.882689 -0.611089 -1.183018
v -12.945771 -0.585060 -1.183018
v -13.008855 -0.556376 -1.183018
v -13.072006 -0.525121 -1.183018
v -13.135292 -0.491382 -1.183018
v -13.135292 -0.845020 -1.183018
v -12.738004 0.152028 -1.183018
v -12.723616 0.215208 -1.183018
v -12.702320 0.273591 -1.183018
v -12.674322 0.326920 -1.183018
v -12.639824 0.374937 -1.183018
v -12.599029 0.417385 -1.183018
v -12.552139 0.454009 -1.183018
v -12.499359 0.484549 -1.183018
v -12.440891 0.508750 -1.183018
v -12.376939 0.526355 -1.183018
v -12.307705 0.537107 -1.183018
v -12.233393 0.540747 -1.183018
v -12.153261 0.537343 -1.183018
v -12.078650 0.527212 -1.183018
v -12.009593 0.510486 -1.183018
v -11.946120 0.487291 -1.183018
v -11.888268 0.457757 -1.183018
v -11.836069 0.422012 -1.183018
v -11.789558 0.380184 -1.183018
v -11.748769 0.332403 -1.183018
v -11.713734 0.278796 -1.183018
v -11.684488 0.219492 -1.183018
v -11.661067 0.154620 -1.183018
v -11.643502 0.084307 -1.183018
v -12.745282 0.084307 -1.183018
v -7.962777 0.577756 -1.183019
v -8.018541 0.622993 -1.183019
v -8.073730 0.664147 -1.183019
v -8.128379 0.701247 -1.183019
v -8.182518 0.734319 -1.183019
v -8.236185 0.763394 -1.183019
v -8.289411 0.788500 -1.183019
v -8.342230 0.809664 -1.183019
v -8.394677 0.826917 -1.183019
v -8.446786 0.840286 -1.183019
v -8.498590 0.849800 -1.183019
v -8.550123 0.855487 -1.183019
v -8.601419 0.857377 -1.183019
v -8.669855 0.854986 -1.183019
v -8.736140 0.847839 -1.183019
v -8.800158 0.835982 -1.183019
v -8.861788 0.819455 -1.183019
v -8.920913 0.798302 -1.183019
v -8.977414 0.772565 -1.183019
v -9.031173 0.742289 -1.183019
v -9.082071 0.707515 -1.183019
v -9.129991 0.668286 -1.183019
v -9.174811 0.624645 -1.183019
v -9.216417 0.576635 -1.183019
v -9.254687 0.524299 -1.183019
v -9.303058 0.568861 -1.183019
v -9.353206 0.611794 -1.183019
v -9.405283 0.652672 -1.183019
v -9.459443 0.691066 -1.183019
v -9.515837 0.726547 -1.183019
v -9.574618 0.758687 -1.183019
v -9.635938 0.787057 -1.183019
v -9.699949 0.811230 -1.183019
v -9.766805 0.830777 -1.183019
v -9.836656 0.845269 -1.183019
v -9.909657 0.854278 -1.183019
v -9.985957 0.857377 -1.183019
v -10.093443 0.851461 -1.183019
v -10.193804 0.834037 -1.183019
v -10.286614 0.805591 -1.183019
v -10.371452 0.766606 -1.183019
v -10.447895 0.717571 -1.183019
v -10.515518 0.658969 -1.183019
v -10.573898 0.591287 -1.183019
v -10.622612 0.515009 -1.183019
v -10.661239 0.430621 -1.183019
v -10.689353 0.338609 -1.183018
v -10.706532 0.239458 -1.183018
v -10.712352 0.133653 -1.183018
v -10.712352 -1.025951 -1.183018
v -10.278466 -1.025951 -1.183018
v -10.278466 0.117204 -1.183019
v -10.274292 0.184439 -1.183019
v -10.262147 0.246277 -1.183019
v -10.242587 0.302632 -1.183019
v -10.216172 0.353419 -1.183019
v -10.183460 0.398552 -1.183019
v -10.145009 0.437945 -1.183019
v -10.101377 0.471513 -1.183019
v -10.053126 0.499169 -1.183019
v -10.000812 0.520829 -1.183019
v -9.944993 0.536407 -1.183019
v -9.886229 0.545816 -1.183019
v -9.825078 0.548971 -1.183019
v -9.788765 0.547815 -1.183019
v -9.750710 0.542460 -1.183019
v -9.711198 0.533165 -1.183019
v -9.670518 0.520186 -1.183019
v -9.628959 0.503781 -1.183019
v -9.586806 0.484206 -1.183019
v -9.544349 0.461718 -1.183019
v -9.501875 0.436574 -1.183019
v -9.459671 0.409032 -1.183019
v -9.418027 0.379348 -1.183019
v -9.377229 0.347780 -1.183019
v -9.337564 0.314583 -1.183019
v -9.337564 -1.025951 -1.183019
v -8.903678 -1.025951 -1.183019
v -8.903678 0.121316 -1.183019
v -8.900004 0.192790 -1.183019
v -8.889323 0.257224 -1.183019
v -8.872142 0.314776 -1.183019
v -8.848969 0.365604 -1.183019
v -8.820310 0.409863 -1.183019
v -8.786674 0.447712 -1.183019
v -8.748570 0.479307 -1.183019
v -8.706506 0.504805 -1.183019
v -8.660988 0.524363 -1.183019
v -8.612524 0.538139 -1.183019
v -8.561623 0.546289 -1.183019
v -8.508792 0.548971 -1.183019
v -8.455408 0.547737 -1.183019
v -8.404698 0.543889 -1.183019
v -8.356292 0.537213 -1.183019
v -8.309814 0.527497 -1.183019
v -8.264894 0.514526 -1.183019
v -8.221159 0.498085 -1.183019
v -8.178236 0.477960 -1.183019
v -8.135754 0.453937 -1.183019
v -8.093339 0.425802 -1.183019
v -8.050619 0.393341 -1.183019
v -8.007223 0.356339 -1.183019
v -7.962777 0.314583 -1.183019
v -7.962777 -1.025951 -1.183019
v -7.528890 -1.025951 -1.183019
v -7.528890 0.820368 -1.183019
v -7.962777 0.820368 -1.183019
v -7.115625 -0.945193 -1.183019
v -7.072277 -0.968249 -1.183019
v -7.032618 -0.988365 -1.183019
v -6.996057 -1.005695 -1.183019
v -6.962002 -1.020400 -1.183019
v -6.929860 -1.032633 -1.183019
v -6.899037 -1.042554 -1.183019
v -6.868943 -1.050319 -1.183019
v -6.838984 -1.056085 -1.183019
v -6.808568 -1.060009 -1.183019
v -6.777102 -1.062249 -1.183019
v -6.743995 -1.062960 -1.183019
v -6.698277 -1.061751 -1.183019
v -6.656130 -1.058086 -1.183019
v -6.617470 -1.051909 -1.183019
v -6.582212 -1.043161 -1.183019
v -6.550273 -1.031786 -1.183019
v -6.521566 -1.017727 -1.183019
v -6.496009 -1.000927 -1.183019
v -6.473515 -0.981328 -1.183019
v -6.454000 -0.958873 -1.183019
v -6.437380 -0.933506 -1.183019
v -6.423570 -0.905169 -1.183019
v -6.412486 -0.873805 -1.183019
v -6.364755 -0.904305 -1.183019
v -6.316653 -0.932078 -1.183019
v -6.268212 -0.957139 -1.183019
v -6.219467 -0.979500 -1.183019
v -6.170450 -0.999178 -1.183019
v -6.121197 -1.016185 -1.183019
v -6.071740 -1.030537 -1.183019
v -6.022114 -1.042247 -1.183019
v -5.972353 -1.051331 -1.183019
v -5.922490 -1.057801 -1.183019
v -5.872560 -1.061673 -1.183019
v -5.822595 -1.062960 -1.183019
v -5.744451 -1.058614 -1.183019
v -5.671149 -1.046016 -1.183019
v -5.603061 -1.025823 -1.183019
v -5.540559 -0.998690 -1.183019
v -5.484015 -0.965274 -1.183019
v -5.433803 -0.926234 -1.183019
v -5.390293 -0.882224 -1.183019
v -5.353860 -0.833902 -1.183019
v -5.324874 -0.781926 -1.183019
v -5.303709 -0.726951 -1.183019
v -5.290737 -0.669634 -1.183019
v -5.286330 -0.610632 -1.183019
v -5.294303 -0.524305 -1.183019
v -5.317206 -0.447730 -1.183019
v -5.353516 -0.380035 -1.183019
v -5.401709 -0.320351 -1.183019
v -5.460261 -0.267805 -1.183019
v -5.527649 -0.221528 -1.183019
v -5.602351 -0.180647 -1.183019
v -5.682841 -0.144293 -1.183019
v -5.767597 -0.111594 -1.183019
v -5.855095 -0.081679 -1.183019
v -5.943813 -0.053678 -1.183019
v -6.032225 -0.026718 -1.183019
v -6.417361 0.088419 -1.183019
v -6.417361 0.187109 -1.183019
v -6.414618 0.241875 -1.183019
v -6.406391 0.291130 -1.183019
v -6.392680 0.335016 -1.183019
v -6.373484 0.373676 -1.183019
v -6.348804 0.407253 -1.183019
v -6.318639 0.435890 -1.183019
v -6.282990 0.459730 -1.183019
v -6.241855 0.478914 -1.183019
v -6.195237 0.493587 -1.183019
v -6.143134 0.503891 -1.183019
v -6.085547 0.509969 -1.183019
v -6.022475 0.511963 -1.183019
v -5.962676 0.509981 -1.183019
v -5.902808 0.503986 -1.183019
v -5.843009 0.493908 -1.183019
v -5.783413 0.479676 -1.183019
v -5.724155 0.461216 -1.183019
v -5.665371 0.438459 -1.183019
v -5.607197 0.411334 -1.183019
v -5.549767 0.379767 -1.183019
v -5.493218 0.343689 -1.183019
v -5.437685 0.303028 -1.183019
v -5.383302 0.257711 -1.183019
v -5.330206 0.207669 -1.183019
v -5.330206 0.606541 -1.183019
v -5.374292 0.646893 -1.183019
v -5.421255 0.683661 -1.183019
v -5.471129 0.716859 -1.183019
v -5.523948 0.746503 -1.183019
v -5.579747 0.772605 -1.183019
v -5.638559 0.795182 -1.183019
v -5.700418 0.814245 -1.183019
v -5.765357 0.829811 -1.183019
v -5.833412 0.841892 -1.183019
v -5.904614 0.850504 -1.183019
v -5.979000 0.855661 -1.183019
v -6.056601 0.857377 -1.183019
v -6.165430 0.853412 -1.183019
v -6.269503 0.841424 -1.183019
v -6.367923 0.821268 -1.183019
v -6.459791 0.792802 -1.183019
v -6.544212 0.755883 -1.183019
v -6.620287 0.710370 -1.183019
v -6.687120 0.656118 -1.183019
v -6.743814 0.592986 -1.183019
v -6.789470 0.520829 -1.183019
v -6.823193 0.439507 -1.183019
v -6.844084 0.348875 -1.183019
v -6.851247 0.248790 -1.183019
v -6.851247 -0.701098 -1.183019
v -6.851855 -0.717644 -1.183019
v -6.853663 -0.732376 -1.183019
v -6.856657 -0.745367 -1.183019
v -6.860818 -0.756687 -1.183019
v -6.866130 -0.766408 -1.183019
v -6.872577 -0.774601 -1.183019
v -6.880141 -0.781338 -1.183019
v -6.888805 -0.786690 -1.183019
v -6.898552 -0.790728 -1.183019
v -6.909366 -0.793524 -1.183019
v -6.921229 -0.795149 -1.183019
v -6.934125 -0.795675 -1.183019
v -6.945988 -0.794912 -1.183019
v -6.959561 -0.792648 -1.183019
v -6.974725 -0.788929 -1.183019
v -6.991362 -0.783796 -1.183019
v -7.009353 -0.777293 -1.183019
v -7.028580 -0.769461 -1.183019
v -7.048924 -0.760345 -1.183019
v -7.070267 -0.749986 -1.183019
v -7.092490 -0.738428 -1.183019
v -7.115475 -0.725713 -1.183019
v -7.139103 -0.711884 -1.183019
v -7.163256 -0.696986 -1.183019
v -7.163256 -0.919037 -1.183019
v -6.325907 -0.139864 -1.183019
v -6.237432 -0.167043 -1.183019
v -6.152885 -0.194992 -1.183019
v -6.073212 -0.224098 -1.183019
v -5.999363 -0.254745 -1.183019
v -5.932285 -0.287321 -1.183019
v -5.872925 -0.322209 -1.183019
v -5.822233 -0.359797 -1.183019
v -5.781156 -0.400467 -1.183019
v -5.750641 -0.444608 -1.183019
v -5.731637 -0.492603 -1.183019
v -5.725092 -0.544839 -1.183019
v -5.727785 -0.581897 -1.183019
v -5.735676 -0.616857 -1.183019
v -5.748476 -0.649503 -1.183019
v -5.765898 -0.679623 -1.183019
v -5.787652 -0.707001 -1.183019
v -5.813453 -0.731423 -1.183019
v -5.843011 -0.752676 -1.183019
v -5.876040 -0.770545 -1.183019
v -5.912251 -0.784817 -1.183019
v -5.951357 -0.795276 -1.183019
v -5.993069 -0.801708 -1.183019
v -6.037101 -0.803900 -1.183019
v -6.071026 -0.802712 -1.183019
v -6.104542 -0.799197 -1.183019
v -6.137652 -0.793427 -1.183019
v -6.170356 -0.785471 -1.183019
v -6.202653 -0.775403 -1.183019
v -6.234544 -0.763293 -1.183019
v -6.266029 -0.749212 -1.183019
v -6.297108 -0.733233 -1.183019
v -6.327781 -0.715426 -1.183019
v -6.358047 -0.695863 -1.183019
v -6.387907 -0.674614 -1.183019
v -6.417361 -0.651753 -1.183019
v -6.417361 -0.113072 -1.183019
v -4.723653 -0.871768 -1.183019
v -4.617173 -0.906853 -1.183019
v -4.512860 -0.938056 -1.183019
v -4.410070 -0.965488 -1.183019
v -4.308160 -0.989266 -1.183019
v -4.206488 -1.009503 -1.183019
v -4.104409 -1.026313 -1.183019
v -4.001281 -1.039811 -1.183019
v -3.896460 -1.050110 -1.183019
v -3.789303 -1.057325 -1.183019
v -3.679167 -1.061570 -1.183019
v -3.565408 -1.062960 -1.183019
v -3.316548 -1.050672 -1.183019
v -3.080535 -1.014682 -1.183019
v -2.859047 -0.956304 -1.183019
v -2.653758 -0.876851 -1.183019
v -2.466345 -0.777638 -1.183019
v -2.298483 -0.659977 -1.183019
v -2.151848 -0.525183 -1.183019
v -2.028116 -0.374569 -1.183019
v -1.928963 -0.209449 -1.183019
v -1.856064 -0.031136 -1.183019
v -1.811096 0.159058 -1.183019
v -1.795735 0.359816 -1.183019
v -1.811477 0.562085 -1.183019
v -1.857486 0.754631 -1.183019
v -1.931934 0.935955 -1.183019
v -2.032991 1.104557 -1.183019
v -2.158830 1.258938 -1.183019
v -2.307624 1.397599 -1.183019
v -2.477542 1.519041 -1.183019
v -2.666759 1.621764 -1.183019
v -2.873444 1.704270 -1.183019
v -3.095770 1.765059 -1.183019
v -3.331909 1.802631 -1.183019
v -3.580033 1.815489 -1.183019
v -3.675310 1.814330 -1.183019
v -3.766981 1.810673 -1.183019
v -3.856316 1.804245 -1.183019
v -3.944585 1.794777 -1.183019
v -4.033057 1.781995 -1.183019
v -4.123001 1.765630 -1.183019
v -4.215688 1.745410 -1.183019
v -4.312387 1.721064 -1.183019
v -4.414367 1.692319 -1.183019
v -4.522898 1.658906 -1.183019
v -4.639249 1.620553 -1.183019
v -4.764691 1.576989 -1.183019
v -4.764691 1.169894 -1.183019
v -4.666895 1.213323 -1.183019
v -4.568558 1.253126 -1.183019
v -4.469746 1.289273 -1.183019
v -4.370528 1.321736 -1.183019
v -4.270971 1.350487 -1.183019
v -4.171144 1.375497 -1.183019
v -4.071113 1.396738 -1.183019
v -3.970947 1.414181 -1.183019
v -3.870713 1.427798 -1.183019
v -3.770480 1.437559 -1.183019
v -3.670314 1.443437 -1.183019
v -3.570283 1.445403 -1.183019
v -3.393487 1.435909 -1.183019
v -3.224781 1.408167 -1.183019
v -3.065555 1.363291 -1.183019
v -2.917196 1.302395 -1.183019
v -2.781093 1.226593 -1.183019
v -2.658633 1.136998 -1.183019
v -2.551205 1.034725 -1.183019
v -2.460197 0.920886 -1.183019
v -2.386997 0.796595 -1.183019
v -2.332993 0.662967 -1.183019
v -2.299572 0.521115 -1.183019
v -2.288123 0.372152 -1.183019
v -2.299515 0.219896 -1.183019
v -2.332947 0.076235 -1.183019
v -2.387302 -0.057945 -1.183019
v -2.461461 -0.181759 -1.183019
v -2.554309 -0.294322 -1.183019
v -2.664727 -0.394749 -1.183019
v -2.791599 -0.482154 -1.183019
v -2.933808 -0.555653 -1.183019
v -3.090235 -0.614359 -1.183019
v -3.259764 -0.657388 -1.183019
v -3.441278 -0.683855 -1.183019
v -3.633660 -0.692874 -1.183019
v -3.697759 -0.691868 -1.183019
v -3.760910 -0.688934 -1.183019
v -3.823181 -0.684200 -1.183019
v -3.884639 -0.677796 -1.183019
v -3.945352 -0.669851 -1.183019
v -4.005388 -0.660491 -1.183019
v -4.064816 -0.649848 -1.183019
v -4.123701 -0.638046 -1.183019
v -4.182112 -0.625217 -1.183019
v -4.240117 -0.611489 -1.183019
v -4.297784 -0.596990 -1.183019
v -4.355180 -0.581848 -1.183019
v -4.355180 -0.006158 -1.183019
v -3.716537 -0.006158 -1.183019
v -3.716537 0.355704 -1.183019
v -4.832942 0.355704 -1.183019
v -4.832942 -0.832684 -1.183019
v -1.305538 -0.849596 -1.183019
v -1.297726 -0.881629 -1.183019
v -1.285140 -0.912034 -1.183019
v -1.268136 -0.940512 -1.183019
v -1.247070 -0.966762 -1.183019
v -1.222297 -0.990485 -1.183019
v -1.194172 -1.011381 -1.183019
v -1.163050 -1.029150 -1.183019
v -1.129288 -1.043492 -1.183019
v -1.093241 -1.054108 -1.183019
v -1.055264 -1.060697 -1.183019
v -1.015713 -1.062960 -1.183019
v -0.976161 -1.060697 -1.183019
v -0.938184 -1.054108 -1.183019
v -0.902137 -1.043492 -1.183019
v -0.868375 -1.029150 -1.183019
v -0.837254 -1.011381 -1.183019
v -0.809129 -0.990485 -1.183019
v -0.784356 -0.966762 -1.183019
v -0.763289 -0.940512 -1.183019
v -0.746286 -0.912034 -1.183019
v -0.733700 -0.881629 -1.183019
v -0.725888 -0.849596 -1.183019
v -0.723205 -0.816236 -1.183019
v -0.725888 -0.782876 -1.183019
v -0.733700 -0.750843 -1.183019
v -0.746286 -0.720438 -1.183019
v -0.763289 -0.691960 -1.183019
v -0.784356 -0.665710 -1.183019
v -0.809129 -0.641987 -1.183019
v -0.837254 -0.621091 -1.183019
v -0.868375 -0.603322 -1.183019
v -0.902137 -0.588980 -1.183019
v -0.938185 -0.578364 -1.183019
v -0.976162 -0.571774 -1.183019
v -1.015713 -0.569511 -1.183019
v -1.055264 -0.571774 -1.183019
v -1.093241 -0.578364 -1.183019
v -1.129288 -0.588980 -1.183019
v -1.163050 -0.603322 -1.183019
v -1.194171 -0.621091 -1.183019
v -1.222297 -0.641987 -1.183019
v -1.247070 -0.665710 -1.183019
v -1.268136 -0.691960 -1.183019
v -1.285140 -0.720438 -1.183019
v -1.297726 -0.750843 -1.183019
v -1.305538 -0.782876 -1.183019
v -1.308221 -0.816236 -1.183019
v -0.237883 -0.849596 -1.183019
v -0.230071 -0.881629 -1.183019
v -0.217485 -0.912034 -1.183019
v -0.200482 -0.940512 -1.183019
v -0.179415 -0.966762 -1.183019
v -0.154642 -0.990485 -1.183019
v -0.126517 -1.011381 -1.183019
v -0.095396 -1.029150 -1.183019
v -0.061634 -1.043492 -1.183019
v -0.025586 -1.054108 -1.183019
v 0.012391 -1.060697 -1.183019
v 0.051942 -1.062960 -1.183019
v 0.091493 -1.060697 -1.183019
v 0.129470 -1.054108 -1.183019
v 0.165517 -1.043492 -1.183019
v 0.199279 -1.029150 -1.183019
v 0.230401 -1.011381 -1.183019
v 0.258526 -0.990485 -1.183019
v 0.283299 -0.966762 -1.183019
v 0.304365 -0.940512 -1.183019
v 0.321369 -0.912034 -1.183019
v 0.333955 -0.881629 -1.183019
v 0.341767 -0.849596 -1.183019
v 0.344450 -0.816236 -1.183019
v 0.341767 -0.782876 -1.183019
v 0.333955 -0.750843 -1.183019
v 0.321369 -0.720438 -1.183019
v 0.304365 -0.691960 -1.183019
v 0.283299 -0.665710 -1.183019
v 0.258526 -0.641987 -1.183019
v 0.230401 -0.621091 -1.183019
v 0.199279 -0.603322 -1.183019
v 0.165517 -0.588980 -1.183019
v 0.129470 -0.578364 -1.183019
v 0.091493 -0.571774 -1.183019
v 0.051942 -0.569511 -1.183019
v 0.012391 -0.571774 -1.183019
v -0.025586 -0.578364 -1.183019
v -0.061634 -0.588980 -1.183019
v -0.095395 -0.603322 -1.183019
v -0.126517 -0.621091 -1.183019
v -0.154642 -0.641987 -1.183019
v -0.179415 -0.665710 -1.183019
v -0.200482 -0.691960 -1.183019
v -0.217485 -0.720438 -1.183019
v -0.230071 -0.750843 -1.183019
v -0.237883 -0.782876 -1.183019
v -0.240566 -0.816236 -1.183019
v 0.829772 -0.849596 -1.183019
v 0.837584 -0.881629 -1.183019
v 0.850169 -0.912034 -1.183019
v 0.867173 -0.940512 -1.183019
v 0.888239 -0.966762 -1.183019
v 0.913013 -0.990485 -1.183019
v 0.941138 -1.011381 -1.183019
v 0.972259 -1.029150 -1.183020
v 1.006021 -1.043492 -1.183020
v 1.042068 -1.054108 -1.183020
v 1.080045 -1.060697 -1.183020
v 1.119596 -1.062960 -1.183020
v 1.159148 -1.060697 -1.183020
v 1.197124 -1.054108 -1.183020
v 1.233172 -1.043492 -1.183020
v 1.266934 -1.029150 -1.183020
v 1.298055 -1.011381 -1.183020
v 1.326180 -0.990485 -1.183020
v 1.350954 -0.966762 -1.183020
v 1.372020 -0.940512 -1.183020
v 1.389024 -0.912034 -1.183020
v 1.401609 -0.881629 -1.183020
v 1.409421 -0.849596 -1.183020
v 1.412104 -0.816236 -1.183020
v 1.409422 -0.782876 -1.183020
v 1.401610 -0.750843 -1.183020
v 1.389024 -0.720438 -1.183020
v 1.372020 -0.691960 -1.183020
v 1.350954 -0.665710 -1.183020
v 1.326180 -0.641987 -1.183020
v 1.298055 -0.621091 -1.183020
v 1.266934 -0.603322 -1.183020
v 1.233172 -0.588980 -1.183020
v 1.197125 -0.578364 -1.183020
v 1.159148 -0.571774 -1.183020
v 1.119596 -0.569511 -1.183020
v 1.080045 -0.571774 -1.183020
v 1.042068 -0.578364 -1.183020
v 1.006021 -0.588980 -1.183020
v 0.972259 -0.603322 -1.183020
v 0.941138 -0.621091 -1.183020
v 0.913013 -0.641987 -1.183020
v 0.888239 -0.665710 -1.183020
v 0.867173 -0.691960 -1.183020
v 0.850169 -0.720438 -1.183020
v 0.837584 -0.750843 -1.183020
v 0.829772 -0.782876 -1.183019
v 0.827088 -0.816236 -1.183019
v 1.916264 -0.880405 -1.183020
v 1.981187 -0.912564 -1.183020
v 2.046177 -0.941525 -1.183020
v 2.111777 -0.967316 -1.183020
v 2.178528 -0.989965 -1.183020
v 2.246972 -1.009503 -1.183020
v 2.317650 -1.025956 -1.183020
v 2.391104 -1.039354 -1.183020
v 2.467876 -1.049724 -1.183020
v 2.548507 -1.057096 -1.183020
v 2.633540 -1.061499 -1.183020
v 2.723516 -1.062960 -1.183020
v 2.887803 -1.053361 -1.183020
v 3.039226 -1.025571 -1.183020
v 3.177512 -0.981105 -1.183020
v 3.302393 -0.921475 -1.183020
v 3.413595 -0.848195 -1.183020
v 3.510849 -0.762779 -1.183020
v 3.593885 -0.666740 -1.183020
v 3.662430 -0.561592 -1.183020
v 3.716214 -0.448848 -1.183020
v 3.754967 -0.330022 -1.183020
v 3.778418 -0.206626 -1.183020
v 3.786294 -0.080175 -1.183020
v 3.777696 0.055751 -1.183020
v 3.752440 0.183454 -1.183020
v 3.711340 0.302248 -1.183020
v 3.655208 0.411446 -1.183020
v 3.584857 0.510364 -1.183020
v 3.501099 0.598317 -1.183020
v 3.404748 0.674618 -1.183020
v 3.296615 0.738584 -1.183020
v 3.177512 0.789527 -1.183020
v 3.048254 0.826765 -1.183020
v 2.909651 0.849609 -1.183020
v 2.762516 0.857377 -1.183020
v 2.621942 0.850428 -1.183020
v 2.490660 0.829545 -1.183020
v 2.369231 0.794668 -1.183020
v 2.258211 0.745742 -1.183020
v 2.158161 0.682709 -1.183020
v 2.069638 0.605512 -1.183020
v 1.993202 0.514095 -1.183020
v 1.929411 0.408400 -1.183020
v 1.878823 0.288369 -1.183020
v 1.841997 0.153946 -1.183020
v 1.819492 0.005074 -1.183020
v 1.811866 -0.158305 -1.183020
v 3.352408 -0.158305 -1.183020
v 3.331593 -0.246108 -1.183020
v 3.303295 -0.326500 -1.183020
v 3.267550 -0.399439 -1.183020
v 3.224390 -0.464882 -1.183020
v 3.173850 -0.522787 -1.183020
v 3.115964 -0.573110 -1.183020
v 3.050764 -0.615808 -1.183020
v 2.978286 -0.650839 -1.183020
v 2.898563 -0.678160 -1.183020
v 2.811629 -0.697728 -1.183020
v 2.717518 -0.709500 -1.183020
v 2.616263 -0.713434 -1.183020
v 2.550741 -0.711735 -1.183020
v 2.485762 -0.706695 -1.183020
v 2.421257 -0.698399 -1.183020
v 2.357158 -0.686934 -1.183020
v 2.293398 -0.672384 -1.183020
v 2.229908 -0.654837 -1.183020
v 2.166622 -0.634376 -1.183020
v 2.103471 -0.611089 -1.183020
v 2.040388 -0.585060 -1.183020
v 1.977304 -0.556376 -1.183020
v 1.914153 -0.525121 -1.183020
v 1.850867 -0.491382 -1.183020
v 1.850867 -0.845020 -1.183020
v 2.248156 0.152028 -1.183020
v 2.262544 0.215208 -1.183020
v 2.283839 0.273591 -1.183020
v 2.311838 0.326920 -1.183020
v 2.346336 0.374937 -1.183020
v 2.387131 0.417385 -1.183020
v 2.434021 0.454009 -1.183020
v 2.486801 0.484549 -1.183020
v 2.545269 0.508750 -1.183020
v 2.609221 0.526355 -1.183020
v 2.678454 0.537107 -1.183020
v 2.752766 0.540747 -1.183020
v 2.832896 0.537343 -1.183020
v 2.907506 0.527212 -1.183020
v 2.976565 0.510486 -1.183020
v 3.040038 0.487291 -1.183020
v 3.097891 0.457757 -1.183020
v 3.150090 0.422012 -1.183020
v 3.196601 0.380184 -1.183020
v 3.237391 0.332403 -1.183020
v 3.272425 0.278796 -1.183020
v 3.301670 0.219492 -1.183020
v 3.325093 0.154620 -1.183020
v 3.342658 0.084307 -1.183020
v 2.240877 0.084307 -1.183020
v 4.266049 0.372186 -1.183020
v 4.323462 0.401204 -1.183020
v 4.378166 0.426509 -1.183020
v 4.430534 0.448302 -1.183020
v 4.480939 0.466783 -1.183020
v 4.529753 0.482150 -1.183020
v 4.577347 0.494606 -1.183020
v 4.624095 0.504348 -1.183020
v 4.670370 0.511577 -1.183020
v 4.716543 0.516493 -1.183020
v 4.762986 0.519297 -1.183020
v 4.810073 0.520187 -1.183020
v 4.906167 0.515036 -1.183020
v 4.996659 0.499875 -1.183020
v 5.081024 0.475148 -1.183020
v 5.158735 0.441297 -1.183020
v 5.229270 0.398765 -1.183020
v 5.292102 0.347994 -1.183020
v 5.346707 0.289428 -1.183020
v 5.392561 0.223509 -1.183020
v 5.429139 0.150679 -1.183020
v 5.455915 0.071381 -1.183020
v 5.472366 -0.013942 -1.183020
v 5.477966 -0.104848 -1.183020
v 5.471951 -0.197239 -1.183020
v 5.454222 -0.283019 -1.183020
v 5.425253 -0.361917 -1.183020
v 5.385519 -0.433661 -1.183020
v 5.335493 -0.497982 -1.183020
v 5.275648 -0.554606 -1.183020
v 5.206460 -0.603263 -1.183020
v 5.128401 -0.643682 -1.183020
v 5.041946 -0.675591 -1.183020
v 4.947570 -0.698719 -1.183020
v 4.845745 -0.712794 -1.183020
v 4.736946 -0.717546 -1.183020
v 4.690804 -0.716689 -1.183020
v 4.644883 -0.714119 -1.183020
v 4.598995 -0.709836 -1.183020
v 4.552955 -0.703839 -1.183020
v 4.506576 -0.696129 -1.183020
v 4.459673 -0.686705 -1.183020
v 4.412058 -0.675569 -1.183020
v 4.363547 -0.662718 -1.183020
v 4.313952 -0.648155 -1.183020
v 4.263088 -0.631878 -1.183020
v 4.210768 -0.613887 -1.183020
v 4.156805 -0.594184 -1.183020
v 4.156805 -0.956047 -1.183020
v 4.196006 -0.970243 -1.183020
v 4.240066 -0.983955 -1.183020
v 4.288357 -0.997038 -1.183020
v 4.340255 -1.009351 -1.183020
v 4.395131 -1.020750 -1.183020
v 4.452360 -1.031092 -1.183020
v 4.511316 -1.040234 -1.183020
v 4.571372 -1.048035 -1.183020
v 4.631902 -1.054350 -1.183020
v 4.692280 -1.059039 -1.183020
v 4.751879 -1.061956 -1.183020
v 4.810073 -1.062960 -1.183020
v 4.969174 -1.055122 -1.183020
v 5.119237 -1.032120 -1.183020
v 5.259346 -0.994726 -1.183020
v 5.388588 -0.943710 -1.183020
v 5.506049 -0.879845 -1.183020
v 5.610814 -0.803900 -1.183020
v 5.701969 -0.716647 -1.183020
v 5.778599 -0.618856 -1.183020
v 5.839792 -0.511301 -1.183020
v 5.884634 -0.394749 -1.183020
v 5.912208 -0.269973 -1.183020
v 5.921603 -0.137744 -1.183020
v 5.912971 0.009681 -1.183020
v 5.887478 0.147283 -1.183020
v 5.845735 0.274490 -1.183020
v 5.788351 0.390733 -1.183020
v 5.715934 0.495439 -1.183020
v 5.629096 0.588036 -1.183020
v 5.528445 0.667955 -1.183020
v 5.414590 0.734623 -1.183020
v 5.288141 0.787471 -1.183020
v 5.149707 0.825927 -1.183020
v 4.999898 0.849419 -1.183020
v 4.839324 0.857377 -1.183020
v 4.777603 0.856360 -1.183020
v 4.718913 0.853360 -1.183020
v 4.662828 0.848445 -1.183020
v 4.608929 0.841690 -1.183020
v 4.556789 0.833163 -1.183020
v 4.505986 0.822937 -1.183020
v 4.456098 0.811085 -1.183020
v 4.406701 0.797675 -1.183020
v 4.357371 0.782781 -1.183020
v 4.307686 0.766473 -1.183020
v 4.257222 0.748823 -1.183020
v 4.205556 0.729903 -1.183020
v 4.205556 0.339256 -1.183020
v 6.247117 -0.945193 -1.183020
v 6.290466 -0.968249 -1.183020
v 6.330124 -0.988365 -1.183020
v 6.366685 -1.005695 -1.183020
v 6.400741 -1.020400 -1.183020
v 6.432883 -1.032633 -1.183020
v 6.463705 -1.042554 -1.183020
v 6.493800 -1.050319 -1.183020
v 6.523758 -1.056085 -1.183020
v 6.554174 -1.060009 -1.183020
v 6.585640 -1.062249 -1.183020
v 6.618747 -1.062960 -1.183020
v 6.664465 -1.061751 -1.183020
v 6.706613 -1.058086 -1.183020
v 6.745273 -1.051909 -1.183020
v 6.780530 -1.043161 -1.183020
v 6.812469 -1.031786 -1.183020
v 6.841176 -1.017727 -1.183020
v 6.866734 -1.000927 -1.183020
v 6.889227 -0.981328 -1.183020
v 6.908742 -0.958873 -1.183020
v 6.925362 -0.933506 -1.183020
v 6.939172 -0.905169 -1.183020
v 6.950257 -0.873805 -1.183020
v 6.997987 -0.904305 -1.183020
v 7.046089 -0.932078 -1.183020
v 7.094530 -0.957139 -1.183020
v 7.143276 -0.979500 -1.183020
v 7.192292 -0.999178 -1.183020
v 7.241545 -1.016185 -1.183020
v 7.291002 -1.030537 -1.183020
v 7.340628 -1.042247 -1.183020
v 7.390389 -1.051331 -1.183020
v 7.440252 -1.057801 -1.183020
v 7.490183 -1.061673 -1.183020
v 7.540148 -1.062960 -1.183020
v 7.618291 -1.058614 -1.183020
v 7.691593 -1.046016 -1.183020
v 7.759681 -1.025823 -1.183020
v 7.822184 -0.998690 -1.183020
v 7.878727 -0.965274 -1.183020
v 7.928940 -0.926234 -1.183020
v 7.972449 -0.882224 -1.183020
v 8.008883 -0.833902 -1.183020
v 8.037868 -0.781926 -1.183020
v 8.059033 -0.726951 -1.183020
v 8.072005 -0.669634 -1.183020
v 8.076412 -0.610632 -1.183020
v 8.068439 -0.524305 -1.183020
v 8.045536 -0.447730 -1.183020
v 8.009227 -0.380035 -1.183020
v 7.961034 -0.320351 -1.183020
v 7.902481 -0.267805 -1.183020
v 7.835093 -0.221528 -1.183020
v 7.760391 -0.180647 -1.183020
v 7.679901 -0.144293 -1.183020
v 7.595145 -0.111594 -1.183020
v 7.507647 -0.081679 -1.183020
v 7.418930 -0.053678 -1.183020
v 7.330517 -0.026718 -1.183020
v 6.945382 0.088419 -1.183020
v 6.945382 0.187109 -1.183020
v 6.948124 0.241875 -1.183020
v 6.956351 0.291130 -1.183020
v 6.970062 0.335016 -1.183020
v 6.989258 0.373676 -1.183020
v 7.013938 0.407253 -1.183020
v 7.044103 0.435890 -1.183020
v 7.079752 0.459730 -1.183020
v 7.120886 0.478914 -1.183020
v 7.167505 0.493587 -1.183020
v 7.219608 0.503891 -1.183020
v 7.277195 0.509969 -1.183020
v 7.340267 0.511963 -1.183020
v 7.400067 0.509981 -1.183020
v 7.459934 0.503986 -1.183020
v 7.519733 0.493908 -1.183020
v 7.579329 0.479676 -1.183020
v 7.638587 0.461216 -1.183020
v 7.697371 0.438459 -1.183020
v 7.755545 0.411334 -1.183020
v 7.812975 0.379767 -1.183020
v 7.869524 0.343689 -1.183020
v 7.925057 0.303028 -1.183020
v 7.979441 0.257711 -1.183020
v 8.032537 0.207669 -1.183020
v 8.032537 0.606541 -1.183020
v 7.988450 0.646893 -1.183020
v 7.941487 0.683661 -1.183020
v 7.891614 0.716859 -1.183020
v 7.838794 0.746503 -1.183020
v 7.782995 0.772605 -1.183020
v 7.724184 0.795182 -1.183020
v 7.662324 0.814245 -1.183020
v 7.597385 0.829811 -1.183020
v 7.529330 0.841892 -1.183020
v 7.458128 0.850504 -1.183020
v 7.383743 0.855661 -1.183020
v 7.306141 0.857377 -1.183020
v 7.197312 0.853412 -1.183020
v 7.093239 0.841424 -1.183020
v 6.994820 0.821268 -1.183020
v 6.902951 0.792802 -1.183020
v 6.818530 0.755883 -1.183020
v 6.742455 0.710370 -1.183020
v 6.675622 0.656118 -1.183020
v 6.618929 0.592986 -1.183020
v 6.573272 0.520829 -1.183020
v 6.539550 0.439507 -1.183020
v 6.518658 0.348875 -1.183020
v 6.511495 0.248790 -1.183020
v 6.511495 -0.701098 -1.183020
v 6.510888 -0.717644 -1.183020
v 6.509079 -0.732376 -1.183020
v 6.506086 -0.745367 -1.183020
v 6.501925 -0.756687 -1.183020
v 6.496613 -0.766408 -1.183020
v 6.490166 -0.774601 -1.183020
v 6.482602 -0.781338 -1.183020
v 6.473938 -0.786690 -1.183020
v 6.464190 -0.790728 -1.183020
v 6.453377 -0.793524 -1.183020
v 6.441514 -0.795149 -1.183020
v 6.428617 -0.795675 -1.183020
v 6.416754 -0.794912 -1.183020
v 6.403181 -0.792648 -1.183020
v 6.388017 -0.788929 -1.183020
v 6.371380 -0.783796 -1.183020
v 6.353389 -0.777293 -1.183020
v 6.334162 -0.769461 -1.183020
v 6.313818 -0.760345 -1.183020
v 6.292475 -0.749986 -1.183020
v 6.270252 -0.738428 -1.183020
v 6.247267 -0.725713 -1.183020
v 6.223639 -0.711884 -1.183020
v 6.199486 -0.696986 -1.183020
v 6.199486 -0.919037 -1.183020
v 7.036835 -0.139864 -1.183020
v 7.125310 -0.167043 -1.183020
v 7.209857 -0.194992 -1.183020
v 7.289530 -0.224098 -1.183020
v 7.363379 -0.254745 -1.183020
v 7.430458 -0.287321 -1.183020
v 7.489817 -0.322209 -1.183020
v 7.540509 -0.359797 -1.183020
v 7.581587 -0.400467 -1.183020
v 7.612101 -0.444608 -1.183020
v 7.631105 -0.492603 -1.183020
v 7.637650 -0.544839 -1.183020
v 7.634956 -0.581897 -1.183020
v 7.627066 -0.616857 -1.183020
v 7.614265 -0.649503 -1.183020
v 7.596844 -0.679623 -1.183020
v 7.575089 -0.707001 -1.183020
v 7.549289 -0.731423 -1.183020
v 7.519730 -0.752676 -1.183020
v 7.486701 -0.770545 -1.183020
v 7.450491 -0.784817 -1.183020
v 7.411386 -0.795276 -1.183020
v 7.369673 -0.801708 -1.183020
v 7.325642 -0.803900 -1.183020
v 7.291718 -0.802712 -1.183020
v 7.258202 -0.799197 -1.183020
v 7.225091 -0.793427 -1.183020
v 7.192387 -0.785471 -1.183020
v 7.160089 -0.775403 -1.183020
v 7.128198 -0.763293 -1.183020
v 7.096713 -0.749212 -1.183020
v 7.065634 -0.733233 -1.183020
v 7.034962 -0.715426 -1.183020
v 7.004695 -0.695863 -1.183020
v 6.974835 -0.674614 -1.183020
v 6.945382 -0.651753 -1.183020
v 6.945382 -0.113072 -1.183020
v 10.362851 -1.971727 -1.183020
v 10.362851 0.820368 -1.183020
v 9.612080 0.820368 -1.183020
v 9.419856 0.813542 -1.183020
v 9.243104 0.793182 -1.183020
v 9.082061 0.759458 -1.183020
v 8.936964 0.712540 -1.183020
v 8.808049 0.652600 -1.183020
v 8.695555 0.579811 -1.183020
v 8.599716 0.494343 -1.183020
v 8.520772 0.396367 -1.183020
v 8.458959 0.286055 -1.183020
v 8.414513 0.163579 -1.183020
v 8.387671 0.029108 -1.183020
v 8.378672 -0.117184 -1.183020
v 8.388160 -0.252409 -1.183020
v 8.415979 -0.379995 -1.183020
v 8.461167 -0.499157 -1.183020
v 8.522758 -0.609109 -1.183020
v 8.599788 -0.709067 -1.183020
v 8.691290 -0.798245 -1.183020
v 8.796300 -0.875858 -1.183020
v 8.913853 -0.941121 -1.183020
v 9.042984 -0.993248 -1.183020
v 9.182730 -1.031453 -1.183020
v 9.332124 -1.054953 -1.183020
v 9.490201 -1.062960 -1.183020
v 9.525370 -1.062441 -1.183020
v 9.560283 -1.060866 -1.183020
v 9.595094 -1.058206 -1.183020
v 9.629956 -1.054431 -1.183020
v 9.665022 -1.049515 -1.183020
v 9.700442 -1.043427 -1.183020
v 9.736371 -1.036141 -1.183020
v 9.772960 -1.027627 -1.183020
v 9.810361 -1.017856 -1.183020
v 9.848726 -1.006800 -1.183020
v 9.888210 -0.994430 -1.183020
v 9.928964 -0.980719 -1.183020
v 9.928964 -1.971727 -1.183020
v 9.895860 -0.664601 -1.183020
v 9.862403 -0.676407 -1.183020
v 9.828641 -0.687156 -1.183020
v 9.794625 -0.696834 -1.183020
v 9.760406 -0.705427 -1.183020
v 9.726035 -0.712921 -1.183020
v 9.691562 -0.719300 -1.183020
v 9.657039 -0.724552 -1.183020
v 9.622516 -0.728662 -1.183020
v 9.588042 -0.731615 -1.183020
v 9.553671 -0.733397 -1.183020
v 9.519452 -0.733994 -1.183020
v 9.420734 -0.728609 -1.183020
v 9.327313 -0.712843 -1.183020
v 9.239818 -0.687284 -1.183020
v 9.158874 -0.652514 -1.183020
v 9.085106 -0.609121 -1.183020
v 9.019142 -0.557689 -1.183020
v 8.961608 -0.498805 -1.183020
v 8.913131 -0.433052 -1.183020
v 8.874335 -0.361017 -1.183020
v 8.845849 -0.283285 -1.183020
v 8.828298 -0.200442 -1.183020
v 8.822309 -0.113072 -1.183020
v 8.827283 -0.020844 -1.183020
v 8.842194 0.064489 -1.183020
v 8.867023 0.142711 -1.183020
v 8.901756 0.213609 -1.183020
v 8.946374 0.276968 -1.183020
v 9.000861 0.332573 -1.183020
v 9.065199 0.380212 -1.183020
v 9.139373 0.419670 -1.183020
v 9.223365 0.450731 -1.183020
v 9.317157 0.473184 -1.183020
v 9.420734 0.486812 -1.183020
v 9.534078 0.491402 -1.183020
v 9.928964 0.491402 -1.183020
v 9.928964 -0.651753 -1.183020
v 10.998828 1.214924 -1.183020
v 11.068750 1.261825 -1.183020
v 11.137996 1.302701 -1.183020
v 11.206429 1.337879 -1.183020
v 11.273912 1.367690 -1.183020
v 11.340314 1.392459 -1.183020
v 11.405496 1.412518 -1.183020
v 11.469323 1.428193 -1.183020
v 11.531662 1.439813 -1.183020
v 11.592377 1.447706 -1.183020
v 11.651329 1.452201 -1.183021
v 11.708386 1.453627 -1.183021
v 11.783264 1.450842 -1.183021
v 11.854030 1.442661 -1.183021
v 11.920225 1.429339 -1.183021
v 11.981393 1.411135 -1.183021
v 12.037076 1.388305 -1.183021
v 12.086818 1.361105 -1.183021
v 12.130160 1.329793 -1.183021
v 12.166648 1.294627 -1.183021
v 12.195823 1.255862 -1.183021
v 12.217228 1.213756 -1.183021
v 12.230407 1.168566 -1.183021
v 12.234901 1.120549 -1.183021
v 12.206602 0.996435 -1.183021
v 12.128368 0.890083 -1.183021
v 12.010186 0.796466 -1.183021
v 11.862042 0.710560 -1.183020
v 11.693924 0.627338 -1.183020
v 11.515818 0.541775 -1.183020
v 11.337711 0.448844 -1.183020
v 11.169593 0.343520 -1.183020
v 11.021449 0.220777 -1.183020
v 10.903267 0.075588 -1.183020
v 10.825033 -0.097071 -1.183020
v 10.796737 -0.302227 -1.183020
v 10.804815 -0.409625 -1.183020
v 10.828469 -0.511353 -1.183020
v 10.866816 -0.606713 -1.183020
v 10.918974 -0.695006 -1.183020
v 10.984067 -0.775532 -1.183020
v 11.061212 -0.847591 -1.183020
v 11.149528 -0.910483 -1.183020
v 11.248137 -0.963509 -1.183020
v 11.356157 -1.005970 -1.183020
v 11.472710 -1.037164 -1.183020
v 11.596912 -1.056395 -1.183020
v 11.727887 -1.062960 -1.183020
v 11.816686 -1.061240 -1.183020
v 11.902828 -1.056050 -1.183020
v 11.986498 -1.047348 -1.183020
v 12.067883 -1.035090 -1.183020
v 12.147168 -1.019234 -1.183020
v 12.224542 -0.999738 -1.183020
v 12.300187 -0.976557 -1.183020
v 12.374293 -0.949650 -1.183020
v 12.447045 -0.918974 -1.183020
v 12.518630 -0.884485 -1.183020
v 12.589231 -0.846141 -1.183020
v 12.659039 -0.803900 -1.183020
v 12.659039 -0.294003 -1.183021
v 12.596804 -0.357298 -1.183021
v 12.532082 -0.415538 -1.183020
v 12.465022 -0.468638 -1.183020
v 12.395781 -0.516512 -1.183020
v 12.324507 -0.559074 -1.183020
v 12.251355 -0.596241 -1.183020
v 12.176476 -0.627923 -1.183020
v 12.100023 -0.654037 -1.183020
v 12.022147 -0.674498 -1.183020
v 11.943003 -0.689219 -1.183020
v 11.862741 -0.698113 -1.183020
v 11.781514 -0.701098 -1.183020
v 11.693032 -0.697124 -1.183020
v 11.612779 -0.685753 -1.183020
v 11.540650 -0.667816 -1.183020
v 11.476546 -0.644138 -1.183020
v 11.420364 -0.615549 -1.183020
v 11.372003 -0.582876 -1.183020
v 11.331359 -0.546947 -1.183020
v 11.298333 -0.508592 -1.183020
v 11.272823 -0.468638 -1.183020
v 11.254728 -0.427912 -1.183020
v 11.243946 -0.387243 -1.183020
v 11.240374 -0.347460 -1.183020
v 11.268673 -0.212514 -1.183020
v 11.346907 -0.094758 -1.183020
v 11.465089 0.010033 -1.183020
v 11.613233 0.106086 -1.183020
v 11.781351 0.197628 -1.183020
v 11.959457 0.288883 -1.183020
v 12.137564 0.384079 -1.183020
v 12.305682 0.487443 -1.183021
v 12.453826 0.603199 -1.183021
v 12.572008 0.735576 -1.183021
v 12.650242 0.888798 -1.183021
v 12.678538 1.067092 -1.183021
v 12.670320 1.177702 -1.183021
v 12.646105 1.281015 -1.183021
v 12.606554 1.376590 -1.183021
v 12.552326 1.463983 -1.183021
v 12.484083 1.542752 -1.183021
v 12.402484 1.612455 -1.183021
v 12.308189 1.672649 -1.183021
v 12.201859 1.722891 -1.183021
v 12.084152 1.762739 -1.183021
v 11.955732 1.791749 -1.183021
v 11.817257 1.809480 -1.183021
v 11.669386 1.815489 -1.183021
v 11.606021 1.814118 -1.183021
v 11.542723 1.810006 -1.183021
v 11.479560 1.803153 -1.183021
v 11.416600 1.793558 -1.183020
v 11.353911 1.781221 -1.183020
v 11.291563 1.766144 -1.183020
v 11.229619 1.748325 -1.183020
v 11.168150 1.727765 -1.183020
v 11.107222 1.704463 -1.183020
v 11.046903 1.678420 -1.183020
v 10.987262 1.649635 -1.183020
v 10.928366 1.618109 -1.183020
v 10.928366 1.161670 -1.183020
v -13.069897 -0.880405 -0.405085
v -13.004974 -0.912564 -0.405085
v -12.939984 -0.941525 -0.405085
v -12.874384 -0.967316 -0.405085
v -12.807632 -0.989965 -0.405085
v -12.739189 -1.009503 -0.405085
v -12.668510 -1.025956 -0.405085
v -12.595057 -1.039354 -0.405085
v -12.518284 -1.049724 -0.405085
v -12.437653 -1.057096 -0.405085
v -12.352619 -1.061499 -0.405085
v -12.262644 -1.062960 -0.405085
v -12.098357 -1.053361 -0.405085
v -11.946934 -1.025571 -0.405085
v -11.808647 -0.981105 -0.405085
v -11.683767 -0.921475 -0.405085
v -11.572564 -0.848195 -0.405085
v -11.475309 -0.762779 -0.405085
v -11.392274 -0.666740 -0.405085
v -11.323729 -0.561592 -0.405085
v -11.269944 -0.448848 -0.405085
v -11.231192 -0.330022 -0.405085
v -11.207742 -0.206626 -0.405085
v -11.199864 -0.080175 -0.405085
v -11.208465 0.055751 -0.405085
v -11.233721 0.183454 -0.405085
v -11.274820 0.302248 -0.405085
v -11.330952 0.411446 -0.405085
v -11.401303 0.510364 -0.405085
v -11.485061 0.598317 -0.405085
v -11.581413 0.674618 -0.405085
v -11.689546 0.738584 -0.405085
v -11.808648 0.789527 -0.405085
v -11.937906 0.826765 -0.405085
v -12.076509 0.849609 -0.405085
v -12.223642 0.857377 -0.405085
v -12.364217 0.850428 -0.405085
v -12.495499 0.829545 -0.405085
v -12.616929 0.794668 -0.405085
v -12.727948 0.745742 -0.405085
v -12.827999 0.682709 -0.405085
v -12.916521 0.605512 -0.405085
v -12.992958 0.514095 -0.405085
v -13.056749 0.408400 -0.405085
v -13.107337 0.288369 -0.405085
v -13.144163 0.153946 -0.405085
v -13.166668 0.005074 -0.405085
v -13.174294 -0.158305 -0.405085
v -11.633752 -0.158305 -0.405085
v -11.654567 -0.246108 -0.405085
v -11.682864 -0.326500 -0.405085
v -11.718609 -0.399439 -0.405085
v -11.761768 -0.464882 -0.405085
v -11.812308 -0.522787 -0.405085
v -11.870194 -0.573110 -0.405085
v -11.935393 -0.615808 -0.405085
v -12.007872 -0.650839 -0.405085
v -12.087595 -0.678160 -0.405085
v -12.174530 -0.697728 -0.405085
v -12.268641 -0.709500 -0.405085
v -12.369898 -0.713434 -0.405085
v -12.435417 -0.711735 -0.405085
v -12.500397 -0.706695 -0.405085
v -12.564902 -0.698399 -0.405085
v -12.629001 -0.686934 -0.405085
v -12.692761 -0.672384 -0.405085
v -12.756251 -0.654837 -0.405085
v -12.819537 -0.634376 -0.405085
v -12.882689 -0.611089 -0.405085
v -12.945771 -0.585060 -0.405085
v -13.008855 -0.556376 -0.405085
v -13.072006 -0.525121 -0.405085
v -13.135292 -0.491382 -0.405085
v -13.135292 -0.845020 -0.405085
v -12.738004 0.152028 -0.405085
v -12.723616 0.215208 -0.405085
v -12.702320 0.273591 -0.405085
v -12.674322 0.326920 -0.405085
v -12.639824 0.374937 -0.405085
v -12.599029 0.417385 -0.405085
v -12.552139 0.454009 -0.405085
v -12.499359 0.484549 -0.405085
v -12.440891 0.508750 -0.405085
v -12.376939 0.526355 -0.405085
v -12.307705 0.537107 -0.405085
v -12.233393 0.540747 -0.405085
v -12.153261 0.537343 -0.405085
v -12.078650 0.527212 -0.405085
v -12.009593 0.510486 -0.405085
v -11.946120 0.487291 -0.405085
v -11.888268 0.457757 -0.405085
v -11.836069 0.422012 -0.405085
v -11.789558 0.380184 -0.405085
v -11.748769 0.332403 -0.405085
v -11.713734 0.278796 -0.405085
v -11.684488 0.219492 -0.405085
v -11.661067 0.154620 -0.405085
v -11.643502 0.084307 -0.405085
v -12.745282 0.084307 -0.405085
v -7.962777 0.577756 -0.405086
v -8.018541 0.622993 -0.405086
v -8.073730 0.664147 -0.405086
v -8.128379 0.701247 -0.405086
v -8.182518 0.734319 -0.405086
v -8.236185 0.763394 -0.405086
v -8.289411 0.788500 -0.405086
v -8.342230 0.809664 -0.405086
v -8.394677 0.826917 -0.405086
v -8.446786 0.840286 -0.405086
v -8.498590 0.849800 -0.405086
v -8.550123 0.855487 -0.405086
v -8.601419 0.857377 -0.405086
v -8.669855 0.854986 -0.405086
v -8.736140 0.847839 -0.405086
v -8.800158 0.835982 -0.405086
v -8.861788 0.819455 -0.405086
v -8.920913 0.798302 -0.405086
v -8.977414 0.772565 -0.405086
v -9.031173 0.742289 -0.405086
v -9.082071 0.707515 -0.405086
v -9.129991 0.668286 -0.405086
v -9.174811 0.624645 -0.405086
v -9.216417 0.576635 -0.405086
v -9.254687 0.524299 -0.405086
v -9.303058 0.568861 -0.405086
v -9.353206 0.611794 -0.405086
v -9.405283 0.652672 -0.405086
v -9.459443 0.691066 -0.405086
v -9.515837 0.726547 -0.405086
v -9.574618 0.758687 -0.405086
v -9.635938 0.787057 -0.405086
v -9.699949 0.811230 -0.405086
v -9.766805 0.830777 -0.405086
v -9.836656 0.845269 -0.405086
v -9.909657 0.854278 -0.405086
v -9.985957 0.857377 -0.405086
v -10.093443 0.851461 -0.405086
v -10.193804 0.834037 -0.405086
v -10.286614 0.805591 -0.405086
v -10.371452 0.766606 -0.405086
v -10.447895 0.717571 -0.405086
v -10.515518 0.658969 -0.405085
v -10.573898 0.591287 -0.405085
v -10.622612 0.515009 -0.405085
v -10.661239 0.430621 -0.405085
v -10.689353 0.338609 -0.405085
v -10.706532 0.239458 -0.405085
v -10.712352 0.133653 -0.405085
v -10.712352 -1.025951 -0.405085
v -10.278466 -1.025951 -0.405085
v -10.278466 0.117204 -0.405085
v -10.274292 0.184439 -0.405085
v -10.262147 0.246277 -0.405085
v -10.242587 0.302632 -0.405086
v -10.216172 0.353419 -0.405086
v -10.183460 0.398552 -0.405086
v -10.145009 0.437945 -0.405086
v -10.101377 0.471513 -0.405086
v -10.053126 0.499169 -0.405086
v -10.000812 0.520829 -0.405086
v -9.944993 0.536407 -0.405086
v -9.886229 0.545816 -0.405086
v -9.825078 0.548971 -0.405086
v -9.788765 0.547815 -0.405086
v -9.750710 0.542460 -0.405086
v -9.711198 0.533165 -0.405086
v -9.670518 0.520186 -0.405086
v -9.628959 0.503781 -0.405086
v -9.586806 0.484206 -0.405086
v -9.544349 0.461718 -0.405086
v -9.501875 0.436574 -0.405086
v -9.459671 0.409032 -0.405086
v -9.418027 0.379348 -0.405086
v -9.377229 0.347780 -0.405086
v -9.337564 0.314583 -0.405086
v -9.337564 -1.025951 -0.405086
v -8.903678 -1.025951 -0.405086
v -8.903678 0.121316 -0.405086
v -8.900004 0.192790 -0.405086
v -8.889323 0.257224 -0.405086
v -8.872142 0.314776 -0.405086
v -8.848969 0.365604 -0.405086
v -8.820310 0.409863 -0.405086
v -8.786674 0.447712 -0.405086
v -8.748570 0.479307 -0.405086
v -8.706506 0.504805 -0.405086
v -8.660988 0.524363 -0.405086
v -8.612524 0.538139 -0.405086
v -8.561623 0.546289 -0.405086
v -8.508792 0.548971 -0.405086
v -8.455408 0.547737 -0.405086
v -8.404698 0.543889 -0.405086
v -8.356292 0.537213 -0.405086
v -8.309814 0.527497 -0.405086
v -8.264894 0.514526 -0.405086
v -8.221159 0.498085 -0.405086
v -8.178236 0.477960 -0.405086
v -8.135754 0.453937 -0.405086
v -8.093339 0.425802 -0.405086
v -8.050619 0.393341 -0.405086
v -8.007223 0.356339 -0.405086
v -7.962777 0.314583 -0.405086
v -7.962777 -1.025951 -0.405086
v -7.528890 -1.025951 -0.405086
v -7.528890 0.820368 -0.405086
v -7.962777 0.820368 -0.405086
v -7.115625 -0.945193 -0.405086
v -7.072277 -0.968249 -0.405086
v -7.032618 -0.988365 -0.405086
v -6.996057 -1.005695 -0.405086
v -6.962002 -1.020400 -0.405086
v -6.929860 -1.032633 -0.405086
v -6.899037 -1.042554 -0.405086
v -6.868943 -1.050319 -0.405086
v -6.838984 -1.056085 -0.405086
v -6.808568 -1.060009 -0.405086
v -6.777102 -1.062249 -0.405086
v -6.743995 -1.062960 -0.405086
v -6.698277 -1.061751 -0.405086
v -6.656130 -1.058086 -0.405086
v -6.617470 -1.051909 -0.405086
v -6.582212 -1.043161 -0.405086
v -6.550273 -1.031786 -0.405086
v -6.521566 -1.017727 -0.405086
v -6.496009 -1.000927 -0.405086
v -6.473515 -0.981328 -0.405086
v -6.454000 -0.958873 -0.405086
v -6.437380 -0.933506 -0.405086
v -6.423570 -0.905169 -0.405086
v -6.412486 -0.873805 -0.405086
v -6.364755 -0.904305 -0.405086
v -6.316653 -0.932078 -0.405086
v -6.268212 -0.957139 -0.405086
v -6.219467 -0.979500 -0.405086
v -6.170450 -0.999178 -0.405086
v -6.121197 -1.016185 -0.405086
v -6.071740 -1.030537 -0.405086
v -6.022114 -1.042247 -0.405086
v -5.972353 -1.051331 -0.405086
v -5.922490 -1.057801 -0.405086
v -5.872560 -1.061673 -0.405086
v -5.822595 -1.062960 -0.405086
v -5.744451 -1.058614 -0.405086
v -5.671149 -1.046016 -0.405086
v -5.603061 -1.025823 -0.405086
v -5.540559 -0.998690 -0.405086
v -5.484015 -0.965274 -0.405086
v -5.433803 -0.926234 -0.405086
v -5.390293 -0.882224 -0.405086
v -5.353860 -0.833902 -0.405086
v -5.324874 -0.781926 -0.405086
v -5.303709 -0.726951 -0.405086
v -5.290737 -0.669634 -0.405086
v -5.286330 -0.610632 -0.405086
v -5.294303 -0.524305 -0.405086
v -5.317206 -0.447730 -0.405086
v -5.353516 -0.380035 -0.405086
v -5.401709 -0.320351 -0.405086
v -5.460261 -0.267805 -0.405086
v -5.527649 -0.221528 -0.405086
v -5.602351 -0.180647 -0.405086
v -5.682841 -0.144293 -0.405086
v -5.767597 -0.111594 -0.405086
v -5.855095 -0.081679 -0.405086
v -5.943813 -0.053678 -0.405086
v -6.032225 -0.026718 -0.405086
v -6.417361 0.088419 -0.405086
v -6.417361 0.187109 -0.405086
v -6.414618 0.241875 -0.405086
v -6.406391 0.291130 -0.405086
v -6.392680 0.335016 -0.405086
v -6.373484 0.373676 -0.405086
v -6.348804 0.407253 -0.405086
v -6.318639 0.435890 -0.405086
v -6.282990 0.459730 -0.405086
v -6.241855 0.478914 -0.405086
v -6.195237 0.493587 -0.405086
v -6.143134 0.503891 -0.405086
v -6.085547 0.509969 -0.405086
v -6.022475 0.511963 -0.405086
v -5.962676 0.509981 -0.405086
v -5.902808 0.503986 -0.405086
v -5.843009 0.493908 -0.405086
v -5.783413 0.479676 -0.405086
v -5.724155 0.461216 -0.405086
v -5.665371 0.438459 -0.405086
v -5.607197 0.411334 -0.405086
v -5.549767 0.379767 -0.405086
v -5.493218 0.343689 -0.405086
v -5.437685 0.303028 -0.405086
v -5.383302 0.257711 -0.405086
v -5.330206 0.207669 -0.405086
v -5.330206 0.606541 -0.405086
v -5.374292 0.646893 -0.405086
v -5.421255 0.683661 -0.405086
v -5.471129 0.716859 -0.405086
v -5.523948 0.746503 -0.405086
v -5.579747 0.772605 -0.405086
v -5.638559 0.795182 -0.405086
v -5.700418 0.814245 -0.405086
v -5.765357 0.829811 -0.405086
v -5.833412 0.841892 -0.405086
v -5.904614 0.850504 -0.405086
v -5.979000 0.855661 -0.405086
v -6.056601 0.857377 -0.405086
v -6.165430 0.853412 -0.405086
v -6.269503 0.841424 -0.405086
v -6.367923 0.821268 -0.405086
v -6.459791 0.792802 -0.405086
v -6.544212 0.755883 -0.405086
v -6.620287 0.710370 -0.405086
v -6.687120 0.656118 -0.405086
v -6.743814 0.592986 -0.405086
v -6.789470 0.520829 -0.405086
v -6.823193 0.439507 -0.405086
v -6.844084 0.348875 -0.405086
v -6.851247 0.248790 -0.405086
v -6.851247 -0.701098 -0.405086
v -6.851855 -0.717644 -0.405086
v -6.853663 -0.732376 -0.405086
v -6.856657 -0.745367 -0.405086
v -6.860818 -0.756687 -0.405086
v -6.866130 -0.766408 -0.405086
v -6.872577 -0.774601 -0.405086
v -6.880141 -0.781338 -0.405086
v -6.888805 -0.786690 -0.405086
v -6.898552 -0.790728 -0.405086
v -6.909366 -0.793524 -0.405086
v -6.921229 -0.795149 -0.405086
v -6.934125 -0.795675 -0.405086
v -6.945988 -0.794912 -0.405086
v -6.959561 -0.792648 -0.405086
v -6.974725 -0.788929 -0.405086
v -6.991362 -0.783796 -0.405086
v -7.009353 -0.777293 -0.405086
v -7.028580 -0.769461 -0.405086
v -7.048924 -0.760345 -0.405086
v -7.070267 -0.749986 -0.405086
v -7.092490 -0.738428 -0.405086
v -7.115475 -0.725713 -0.405086
v -7.139103 -0.711884 -0.405086
v -7.163256 -0.696986 -0.405086
v -7.163256 -0.919037 -0.405086
v -6.325907 -0.139864 -0.405086
v -6.237432 -0.167043 -0.405086
v -6.152885 -0.194992 -0.405086
v -6.073212 -0.224098 -0.405086
v -5.999363 -0.254745 -0.405086
v -5.932285 -0.287321 -0.405086
v -5.872925 -0.322209 -0.405086
v -5.822233 -0.359797 -0.405086
v -5.781156 -0.400467 -0.405086
v -5.750641 -0.444608 -0.405086
v -5.731637 -0.492603 -0.405086
v -5.725092 -0.544839 -0.405086
v -5.727785 -0.581897 -0.405086
v -5.735676 -0.616857 -0.405086
v -5.748476 -0.649503 -0.405086
v -5.765898 -0.679623 -0.405086
v -5.787652 -0.707001 -0.405086
v -5.813453 -0.731423 -0.405086
v -5.843011 -0.752676 -0.405086
v -5.876040 -0.770545 -0.405086
v -5.912251 -0.784817 -0.405086
v -5.951357 -0.795276 -0.405086
v -5.993069 -0.801708 -0.405086
v -6.037101 -0.803900 -0.405086
v -6.071026 -0.802712 -0.405086
v -6.104542 -0.799197 -0.405086
v -6.137652 -0.793427 -0.405086
v -6.170356 -0.785471 -0.405086
v -6.202653 -0.775403 -0.405086
v -6.234544 -0.763293 -0.405086
v -6.266029 -0.749212 -0.405086
v -6.297108 -0.733233 -0.405086
v -6.327781 -0.715426 -0.405086
v -6.358047 -0.695863 -0.405086
v -6.387907 -0.674614 -0.405086
v -6.417361 -0.651753 -0.405086
v -6.417361 -0.113072 -0.405086
v -4.723653 -0.871768 -0.405086
v -4.617173 -0.906853 -0.405086
v -4.512860 -0.938056 -0.405086
v -4.410070 -0.965488 -0.405086
v -4.308160 -0.989266 -0.405086
v -4.206488 -1.009503 -0.405086
v -4.104409 -1.026313 -0.405086
v -4.001281 -1.039811 -0.405086
v -3.896460 -1.050110 -0.405086
v -3.789303 -1.057325 -0.405086
v -3.679167 -1.061570 -0.405086
v -3.565408 -1.062960 -0.405086
v -3.316548 -1.050672 -0.405086
v -3.080535 -1.014682 -0.405086
v -2.859047 -0.956304 -0.405086
v -2.653758 -0.876851 -0.405086
v -2.466345 -0.777638 -0.405086
v -2.298483 -0.659977 -0.405086
v -2.151848 -0.525183 -0.405086
v -2.028116 -0.374569 -0.405086
v -1.928963 -0.209449 -0.405086
v -1.856064 -0.031136 -0.405086
v -1.811096 0.159058 -0.405086
v -1.795735 0.359816 -0.405086
v -1.811477 0.562085 -0.405086
v -1.857486 0.754631 -0.405086
v -1.931934 0.935955 -0.405086
v -2.032991 1.104557 -0.405086
v -2.158830 1.258938 -0.405086
v -2.307624 1.397599 -0.405086
v -2.477542 1.519041 -0.405086
v -2.666759 1.621764 -0.405086
v -2.873444 1.704270 -0.405086
v -3.095770 1.765059 -0.405086
v -3.331909 1.802631 -0.405086
v -3.580033 1.815489 -0.405086
v -3.675310 1.814330 -0.405086
v -3.766981 1.810673 -0.405086
v -3.856316 1.804245 -0.405086
v -3.944585 1.794777 -0.405086
v -4.033057 1.781995 -0.405086
v -4.123001 1.765630 -0.405086
v -4.215688 1.745410 -0.405086
v -4.312387 1.721064 -0.405086
v -4.414367 1.692319 -0.405086
v -4.522898 1.658906 -0.405086
v -4.639249 1.620553 -0.405086
v -4.764691 1.576989 -0.405086
v -4.764691 1.169894 -0.405086
v -4.666895 1.213323 -0.405086
v -4.568558 1.253126 -0.405086
v -4.469746 1.289273 -0.405086
v -4.370528 1.321736 -0.405086
v -4.270971 1.350487 -0.405086
v -4.171144 1.375497 -0.405086
v -4.071113 1.396738 -0.405086
v -3.970947 1.414181 -0.405086
v -3.870713 1.427798 -0.405086
v -3.770480 1.437559 -0.405086
v -3.670314 1.443437 -0.405086
v -3.570283 1.445403 -0.405086
v -3.393487 1.435909 -0.405086
v -3.224781 1.408167 -0.405086
v -3.065555 1.363291 -0.405086
v -2.917196 1.302395 -0.405086
v -2.781093 1.226593 -0.405086
v -2.658633 1.136998 -0.405086
v -2.551205 1.034725 -0.405086
v -2.460197 0.920886 -0.405086
v -2.386997 0.796595 -0.405086
v -2.332993 0.662967 -0.405086
v -2.299572 0.521115 -0.405086
v -2.288123 0.372152 -0.405086
v -2.299515 0.219896 -0.405086
v -2.332947 0.076235 -0.405086
v -2.387302 -0.057945 -0.405086
v -2.461461 -0.181759 -0.405086
v -2.554309 -0.294322 -0.405086
v -2.664727 -0.394749 -0.405086
v -2.791599 -0.482154 -0.405086
v -2.933808 -0.555653 -0.405086
v -3.090235 -0.614359 -0.405086
v -3.259764 -0.657388 -0.405086
v -3.441278 -0.683855 -0.405086
v -3.633660 -0.692874 -0.405086
v -3.697759 -0.691868 -0.405086
v -3.760910 -0.688934 -0.405086
v -3.823181 -0.684200 -0.405086
v -3.884639 -0.677796 -0.405086
v -3.945352 -0.669851 -0.405086
v -4.005388 -0.660491 -0.405086
v -4.064816 -0.649848 -0.405086
v -4.123701 -0.638046 -0.405086
v -4.182112 -0.625217 -0.405086
v -4.240117 -0.611489 -0.405086
v -4.297784 -0.596990 -0.405086
v -4.355180 -0.581848 -0.405086
v -4.355180 -0.006158 -0.405086
v -3.716537 -0.006158 -0.405086
v -3.716537 0.355704 -0.405086
v -4.832942 0.355704 -0.405086
v -4.832942 -0.832684 -0.405086
v -1.305538 -0.849596 -0.405086
v -1.297726 -0.881629 -0.405086
v -1.285140 -0.912034 -0.405086
v -1.268136 -0.940512 -0.405086
v -1.247070 -0.966762 -0.405086
v -1.222296 -0.990485 -0.405086
v -1.194171 -1.011381 -0.405086
v -1.163050 -1.029150 -0.405086
v -1.129288 -1.043492 -0.405086
v -1.093241 -1.054108 -0.405086
v -1.055264 -1.060697 -0.405086
v -1.015713 -1.062960 -0.405086
v -0.976161 -1.060697 -0.405086
v -0.938184 -1.054108 -0.405086
v -0.902137 -1.043492 -0.405086
v -0.868375 -1.029150 -0.405086
v -0.837254 -1.011381 -0.405086
v -0.809129 -0.990485 -0.405086
v -0.784355 -0.966762 -0.405086
v -0.763289 -0.940512 -0.405086
v -0.746285 -0.912034 -0.405086
v -0.733700 -0.881629 -0.405086
v -0.725888 -0.849596 -0.405086
v -0.723205 -0.816236 -0.405086
v -0.725888 -0.782876 -0.405086
v -0.733700 -0.750843 -0.405086
v -0.746285 -0.720438 -0.405086
v -0.763289 -0.691960 -0.405086
v -0.784356 -0.665710 -0.405086
v -0.809129 -0.641987 -0.405086
v -0.837254 -0.621091 -0.405086
v -0.868375 -0.603322 -0.405086
v -0.902137 -0.588980 -0.405086
v -0.938184 -0.578364 -0.405086
v -0.976161 -0.571774 -0.405086
v -1.015713 -0.569511 -0.405086
v -1.055264 -0.571774 -0.405086
v -1.093241 -0.578364 -0.405086
v -1.129288 -0.588980 -0.405086
v -1.163050 -0.603322 -0.405086
v -1.194171 -0.621091 -0.405086
v -1.222296 -0.641987 -0.405086
v -1.247070 -0.665710 -0.405086
v -1.268136 -0.691960 -0.405086
v -1.285140 -0.720438 -0.405086
v -1.297726 -0.750843 -0.405086
v -1.305538 -0.782876 -0.405086
v -1.308221 -0.816236 -0.405086
v -0.237883 -0.849596 -0.405086
v -0.230071 -0.881629 -0.405086
v -0.217485 -0.912034 -0.405086
v -0.200482 -0.940512 -0.405086
v -0.179415 -0.966762 -0.405086
v -0.154642 -0.990485 -0.405086
v -0.126517 -1.011381 -0.405086
v -0.095395 -1.029150 -0.405086
v -0.061633 -1.043492 -0.405086
v -0.025586 -1.054108 -0.405086
v 0.012391 -1.060697 -0.405086
v 0.051942 -1.062960 -0.405086
v 0.091493 -1.060697 -0.405086
v 0.129470 -1.054108 -0.405086
v 0.165517 -1.043492 -0.405086
v 0.199279 -1.029150 -0.405086
v 0.230401 -1.011381 -0.405086
v 0.258526 -0.990485 -0.405086
v 0.283299 -0.966762 -0.405086
v 0.304366 -0.940512 -0.405086
v 0.321369 -0.912034 -0.405086
v 0.333955 -0.881629 -0.405086
v 0.341767 -0.849596 -0.405086
v 0.344450 -0.816236 -0.405086
v 0.341767 -0.782876 -0.405086
v 0.333955 -0.750843 -0.405086
v 0.321369 -0.720438 -0.405086
v 0.304365 -0.691960 -0.405086
v 0.283299 -0.665710 -0.405086
v 0.258526 -0.641987 -0.405086
v 0.230401 -0.621091 -0.405086
v 0.199279 -0.603322 -0.405086
v 0.165517 -0.588980 -0.405086
v 0.129470 -0.578364 -0.405086
v 0.091493 -0.571774 -0.405086
v 0.051942 -0.569511 -0.405086
v 0.012391 -0.571774 -0.405086
v -0.025586 -0.578364 -0.405086
v -0.061633 -0.588980 -0.405086
v -0.095395 -0.603322 -0.405086
v -0.126517 -0.621091 -0.405086
v -0.154642 -0.641987 -0.405086
v -0.179415 -0.665710 -0.405086
v -0.200482 -0.691960 -0.405086
v -0.217485 -0.720438 -0.405086
v -0.230071 -0.750843 -0.405086
v -0.237883 -0.782876 -0.405086
v -0.240566 -0.816236 -0.405086
v 0.829772 -0.849596 -0.405086
v 0.837584 -0.881629 -0.405086
v 0.850169 -0.912034 -0.405086
v 0.867173 -0.940512 -0.405086
v 0.888239 -0.966762 -0.405086
v 0.913013 -0.990485 -0.405086
v 0.941138 -1.011381 -0.405086
v 0.972259 -1.029150 -0.405086
v 1.006021 -1.043492 -0.405086
v 1.042068 -1.054108 -0.405086
v 1.080045 -1.060697 -0.405086
v 1.119596 -1.062960 -0.405086
v 1.159148 -1.060697 -0.405086
v 1.197124 -1.054108 -0.405086
v 1.233172 -1.043492 -0.405086
v 1.266934 -1.029150 -0.405086
v 1.298055 -1.011381 -0.405086
v 1.326180 -0.990485 -0.405086
v 1.350954 -0.966762 -0.405086
v 1.372020 -0.940512 -0.405086
v 1.389024 -0.912034 -0.405086
v 1.401609 -0.881629 -0.405086
v 1.409421 -0.849596 -0.405086
v 1.412104 -0.816236 -0.405086
v 1.409422 -0.782876 -0.405086
v 1.401610 -0.750843 -0.405086
v 1.389024 -0.720438 -0.405086
v 1.372020 -0.691960 -0.405086
v 1.350954 -0.665710 -0.405086
v 1.326180 -0.641987 -0.405086
v 1.298055 -0.621091 -0.405086
v 1.266934 -0.603322 -0.405086
v 1.233172 -0.588980 -0.405086
v 1.197125 -0.578364 -0.405086
v 1.159148 -0.571774 -0.405086
v 1.119596 -0.569511 -0.405086
v 1.080045 -0.571774 -0.405086
v 1.042068 -0.578364 -0.405086
v 1.006021 -0.588980 -0.405086
v 0.972259 -0.603322 -0.405086
v 0.941138 -0.621091 -0.405086
v 0.913013 -0.641987 -0.405086
v 0.888239 -0.665710 -0.405086
v 0.867173 -0.691960 -0.405086
v 0.850169 -0.720438 -0.405086
v 0.837584 -0.750843 -0.405086
v 0.829772 -0.782876 -0.405086
v 0.827088 -0.816236 -0.405086
v 1.916264 -0.880405 -0.405087
v 1.981187 -0.912564 -0.405087
v 2.046177 -0.941525 -0.405087
v 2.111777 -0.967316 -0.405087
v 2.178528 -0.989965 -0.405087
v 2.246972 -1.009503 -0.405087
v 2.317650 -1.025956 -0.405087
v 2.391104 -1.039354 -0.405087
v 2.467876 -1.049724 -0.405087
v 2.548507 -1.057096 -0.405087
v 2.633540 -1.061499 -0.405087
v 2.723516 -1.062960 -0.405087
v 2.887803 -1.053361 -0.405087
v 3.039226 -1.025571 -0.405087
v 3.177512 -0.981105 -0.405087
v 3.302393 -0.921475 -0.405087
v 3.413595 -0.848195 -0.405087
v 3.510849 -0.762779 -0.405087
v 3.593885 -0.666740 -0.405087
v 3.662430 -0.561592 -0.405087
v 3.716214 -0.448848 -0.405087
v 3.754967 -0.330022 -0.405087
v 3.778418 -0.206626 -0.405087
v 3.786294 -0.080175 -0.405087
v 3.777696 0.055751 -0.405087
v 3.752440 0.183454 -0.405087
v 3.711340 0.302248 -0.405087
v 3.655208 0.411446 -0.405087
v 3.584857 0.510364 -0.405087
v 3.501099 0.598317 -0.405087
v 3.404748 0.674618 -0.405087
v 3.296615 0.738584 -0.405087
v 3.177512 0.789527 -0.405087
v 3.048254 0.826765 -0.405087
v 2.909651 0.849609 -0.405087
v 2.762516 0.857377 -0.405087
v 2.621942 0.850428 -0.405087
v 2.490660 0.829545 -0.405087
v 2.369231 0.794668 -0.405087
v 2.258211 0.745742 -0.405087
v 2.158161 0.682709 -0.405087
v 2.069638 0.605512 -0.405087
v 1.993202 0.514095 -0.405087
v 1.929411 0.408400 -0.405087
v 1.878823 0.288369 -0.405087
v 1.841997 0.153946 -0.405087
v 1.819492 0.005074 -0.405087
v 1.811866 -0.158305 -0.405087
v 3.352408 -0.158305 -0.405087
v 3.331593 -0.246108 -0.405087
v 3.303295 -0.326500 -0.405087
v 3.267550 -0.399439 -0.405087
v 3.224390 -0.464882 -0.405087
v 3.173850 -0.522787 -0.405087
v 3.115964 -0.573110 -0.405087
v 3.050764 -0.615808 -0.405087
v 2.978286 -0.650839 -0.405087
v 2.898563 -0.678160 -0.405087
v 2.811629 -0.697728 -0.405087
v 2.717518 -0.709500 -0.405087
v 2.616263 -0.713434 -0.405087
v 2.550741 -0.711735 -0.405087
v 2.485762 -0.706695 -0.405087
v 2.421257 -0.698399 -0.405087
v 2.357158 -0.686934 -0.405087
v 2.293398 -0.672384 -0.405087
v 2.229908 -0.654837 -0.405087
v 2.166622 -0.634376 -0.405087
v 2.103471 -0.611089 -0.405087
v 2.040388 -0.585060 -0.405087
v 1.977304 -0.556376 -0.405087
v 1.914153 -0.525121 -0.405087
v 1.850867 -0.491382 -0.405087
v 1.850867 -0.845020 -0.405086
v 2.248156 0.152028 -0.405087
v 2.262544 0.215208 -0.405087
v 2.283839 0.273591 -0.405087
v 2.311838 0.326920 -0.405087
v 2.346336 0.374937 -0.405087
v 2.387131 0.417385 -0.405087
v 2.434021 0.454009 -0.405087
v 2.486801 0.484549 -0.405087
v 2.545269 0.508750 -0.405087
v 2.609221 0.526355 -0.405087
v 2.678454 0.537107 -0.405087
v 2.752766 0.540747 -0.405087
v 2.832896 0.537343 -0.405087
v 2.907506 0.527212 -0.405087
v 2.976565 0.510486 -0.405087
v 3.040038 0.487291 -0.405087
v 3.097891 0.457757 -0.405087
v 3.150090 0.422012 -0.405087
v 3.196601 0.380184 -0.405087
v 3.237391 0.332403 -0.405087
v 3.272425 0.278796 -0.405087
v 3.301670 0.219492 -0.405087
v 3.325093 0.154620 -0.405087
v 3.342658 0.084307 -0.405087
v 2.240877 0.084307 -0.405087
v 4.266049 0.372186 -0.405087
v 4.323462 0.401204 -0.405087
v 4.378166 0.426509 -0.405087
v 4.430534 0.448302 -0.405087
v 4.480939 0.466783 -0.405087
v 4.529753 0.482150 -0.405087
v 4.577347 0.494606 -0.405087
v 4.624095 0.504348 -0.405087
v 4.670370 0.511577 -0.405087
v 4.716543 0.516493 -0.405087
v 4.762986 0.519297 -0.405087
v 4.810073 0.520187 -0.405087
v 4.906167 0.515036 -0.405087
v 4.996659 0.499875 -0.405087
v 5.081024 0.475148 -0.405087
v 5.158735 0.441297 -0.405087
v 5.229270 0.398765 -0.405087
v 5.292102 0.347994 -0.405087
v 5.346707 0.289428 -0.405087
v 5.392561 0.223509 -0.405087
v 5.429139 0.150679 -0.405087
v 5.455915 0.071381 -0.405087
v 5.472366 -0.013942 -0.405087
v 5.477966 -0.104848 -0.405087
v 5.471951 -0.197239 -0.405087
v 5.454222 -0.283019 -0.405087
v 5.425253 -0.361917 -0.405087
v 5.385519 -0.433661 -0.405087
v 5.335493 -0.497982 -0.405087
v 5.275648 -0.554606 -0.405087
v 5.206460 -0.603263 -0.405087
v 5.128401 -0.643682 -0.405087
v 5.041946 -0.675591 -0.405087
v 4.947570 -0.698719 -0.405087
v 4.845745 -0.712794 -0.405087
v 4.736946 -0.717546 -0.405087
v 4.690804 -0.716689 -0.405087
v 4.644883 -0.714119 -0.405087
v 4.598995 -0.709836 -0.405087
v 4.552955 -0.703839 -0.405087
v 4.506576 -0.696129 -0.405087
v 4.459673 -0.686705 -0.405087
v 4.412058 -0.675569 -0.405087
v 4.363547 -0.662718 -0.405087
v 4.313952 -0.648155 -0.405087
v 4.263088 -0.631878 -0.405087
v 4.210768 -0.613887 -0.405087
v 4.156805 -0.594184 -0.405087
v 4.156805 -0.956047 -0.405087
v 4.196006 -0.970243 -0.405087
v 4.240066 -0.983955 -0.405087
v 4.288357 -0.997038 -0.405087
v 4.340255 -1.009351 -0.405087
v 4.395131 -1.020750 -0.405087
v 4.452360 -1.031092 -0.405087
v 4.511316 -1.040234 -0.405087
v 4.571372 -1.048035 -0.405087
v 4.631902 -1.054350 -0.405087
v 4.692280 -1.059039 -0.405087
v 4.751879 -1.061956 -0.405087
v 4.810073 -1.062960 -0.405087
v 4.969174 -1.055122 -0.405087
v 5.119237 -1.032120 -0.405087
v 5.259346 -0.994726 -0.405087
v 5.388588 -0.943710 -0.405087
v 5.506049 -0.879845 -0.405087
v 5.610814 -0.803900 -0.405087
v 5.701969 -0.716647 -0.405087
v 5.778599 -0.618856 -0.405087
v 5.839792 -0.511301 -0.405087
v 5.884634 -0.394749 -0.405087
v 5.912208 -0.269973 -0.405087
v 5.921603 -0.137744 -0.405087
v 5.912971 0.009681 -0.405087
v 5.887478 0.147283 -0.405087
v 5.845735 0.274490 -0.405087
v 5.788351 0.390733 -0.405087
v 5.715934 0.495439 -0.405087
v 5.629096 0.588036 -0.405087
v 5.528445 0.667955 -0.405087
v 5.414590 0.734623 -0.405087
v 5.288141 0.787471 -0.405087
v 5.149707 0.825927 -0.405087
v 4.999898 0.849419 -0.405087
v 4.839324 0.857377 -0.405087
v 4.777603 0.856360 -0.405087
v 4.718913 0.853360 -0.405087
v 4.662828 0.848445 -0.405087
v 4.608929 0.841690 -0.405087
v 4.556789 0.833163 -0.405087
v 4.505986 0.822937 -0.405087
v 4.456098 0.811085 -0.405087
v 4.406701 0.797675 -0.405087
v 4.357371 0.782781 -0.405087
v 4.307686 0.766473 -0.405087
v 4.257222 0.748823 -0.405087
v 4.205556 0.729903 -0.405087
v 4.205556 0.339256 -0.405087
v 6.247117 -0.945193 -0.405087
v 6.290466 -0.968249 -0.405087
v 6.330124 -0.988365 -0.405087
v 6.366685 -1.005695 -0.405087
v 6.400741 -1.020400 -0.405087
v 6.432883 -1.032633 -0.405087
v 6.463705 -1.042554 -0.405087
v 6.493800 -1.050319 -0.405087
v 6.523758 -1.056085 -0.405087
v 6.554174 -1.060009 -0.405087
v 6.585640 -1.062249 -0.405087
v 6.618747 -1.062960 -0.405087
v 6.664465 -1.061751 -0.405087
v 6.706613 -1.058086 -0.405087
v 6.745273 -1.051909 -0.405087
v 6.780530 -1.043161 -0.405087
v 6.812469 -1.031786 -0.405087
v 6.841176 -1.017727 -0.405087
v 6.866734 -1.000927 -0.405087
v 6.889227 -0.981328 -0.405087
v 6.908742 -0.958873 -0.405087
v 6.925362 -0.933506 -0.405087
v 6.939172 -0.905169 -0.405087
v 6.950257 -0.873805 -0.405087
v 6.997987 -0.904305 -0.405087
v 7.046089 -0.932078 -0.405087
v 7.094530 -0.957139 -0.405087
v 7.143276 -0.979500 -0.405087
v 7.192292 -0.999178 -0.405087
v 7.241545 -1.016185 -0.405087
v 7.291002 -1.030537 -0.405087
v 7.340628 -1.042247 -0.405087
v 7.390389 -1.051331 -0.405087
v 7.440252 -1.057801 -0.405087
v 7.490183 -1.061673 -0.405087
v 7.540148 -1.062960 -0.405087
v 7.618291 -1.058614 -0.405087
v 7.691593 -1.046016 -0.405087
v 7.759681 -1.025823 -0.405087
v 7.822184 -0.998690 -0.405087
v 7.878727 -0.965274 -0.405087
v 7.928940 -0.926234 -0.405087
v 7.972449 -0.882224 -0.405087
v 8.008883 -0.833902 -0.405087
v 8.037868 -0.781926 -0.405087
v 8.059033 -0.726951 -0.405087
v 8.072005 -0.669634 -0.405087
v 8.076412 -0.610632 -0.405087
v 8.068439 -0.524305 -0.405087
v 8.045536 -0.447730 -0.405087
v 8.009227 -0.380035 -0.405087
v 7.961034 -0.320351 -0.405087
v 7.902481 -0.267805 -0.405087
v 7.835093 -0.221528 -0.405087
v 7.760391 -0.180647 -0.405087
v 7.679901 -0.144293 -0.405087
v 7.595145 -0.111594 -0.405087
v 7.507647 -0.081679 -0.405087
v 7.418930 -0.053678 -0.405087
v 7.330517 -0.026718 -0.405087
v 6.945382 0.088419 -0.405087
v 6.945382 0.187109 -0.405087
v 6.948124 0.241875 -0.405087
v 6.956351 0.291130 -0.405087
v 6.970062 0.335016 -0.405087
v 6.989258 0.373676 -0.405087
v 7.013938 0.407253 -0.405087
v 7.044103 0.435890 -0.405087
v 7.079752 0.459730 -0.405087
v 7.120886 0.478914 -0.405087
v 7.167505 0.493587 -0.405087
v 7.219608 0.503891 -0.405087
v 7.277195 0.509969 -0.405087
v 7.340267 0.511963 -0.405087
v 7.400067 0.509981 -0.405087
v 7.459934 0.503986 -0.405087
v 7.519733 0.493908 -0.405087
v 7.579329 0.479676 -0.405087
v 7.638587 0.461216 -0.405087
v 7.697371 0.438459 -0.405087
v 7.755545 0.411334 -0.405087
v 7.812975 0.379767 -0.405087
v 7.869524 0.343689 -0.405087
v 7.925057 0.303028 -0.405087
v 7.979441 0.257711 -0.405087
v 8.032537 0.207669 -0.405087
v 8.032537 0.606541 -0.405087
v 7.988450 0.646893 -0.405087
v 7.941487 0.683661 -0.405087
v 7.891614 0.716859 -0.405087
v 7.838794 0.746503 -0.405087
v 7.782995 0.772605 -0.405087
v 7.724184 0.795182 -0.405087
v 7.662324 0.814245 -0.405087
v 7.597385 0.829811 -0.405087
v 7.529330 0.841892 -0.405087
v 7.458128 0.850504 -0.405087
v 7.383743 0.855661 -0.405087
v 7.306141 0.857377 -0.405087
v 7.197312 0.853412 -0.405087
v 7.093239 0.841424 -0.405087
v 6.994820 0.821268 -0.405087
v 6.902951 0.792802 -0.405087
v 6.818530 0.755883 -0.405087
v 6.742455 0.710370 -0.405087
v 6.675622 0.656118 -0.405087
v 6.618929 0.592986 -0.405087
v 6.573272 0.520829 -0.405087
v 6.539550 0.439507 -0.405087
v 6.518658 0.348875 -0.405087
v 6.511495 0.248790 -0.405087
v 6.511495 -0.701098 -0.405087
v 6.510888 -0.717644 -0.405087
v 6.509079 -0.732376 -0.405087
v 6.506086 -0.745367 -0.405087
v 6.501925 -0.756687 -0.405087
v 6.496613 -0.766408 -0.405087
v 6.490166 -0.774601 -0.405087
v 6.482602 -0.781338 -0.405087
v 6.473938 -0.786690 -0.405087
v 6.464190 -0.790728 -0.405087
v 6.453377 -0.793524 -0.405087
v 6.441514 -0.795149 -0.405087
v 6.428617 -0.795675 -0.405087
v 6.416754 -0.794912 -0.405087
v 6.403181 -0.792648 -0.405087
v 6.388017 -0.788929 -0.405087
v 6.371380 -0.783796 -0.405087
v 6.353389 -0.777293 -0.405087
v 6.334162 -0.769461 -0.405087
v 6.313818 -0.760345 -0.405087
v 6.292475 -0.749986 -0.405087
v 6.270252 -0.738428 -0.405087
v 6.247267 -0.725713 -0.405087
v 6.223639 -0.711884 -0.405087
v 6.199486 -0.696986 -0.405087
v 6.199486 -0.919037 -0.405087
v 7.036835 -0.139864 -0.405087
v 7.125310 -0.167043 -0.405087
v 7.209857 -0.194992 -0.405087
v 7.289530 -0.224098 -0.405087
v 7.363379 -0.254745 -0.405087
v 7.430458 -0.287321 -0.405087
v 7.489817 -0.322209 -0.405087
v 7.540509 -0.359797 -0.405087
v 7.581587 -0.400467 -0.405087
v 7.612101 -0.444608 -0.405087
v 7.631105 -0.492603 -0.405087
v 7.637650 -0.544839 -0.405087
v 7.634956 -0.581897 -0.405087
v 7.627066 -0.616857 -0.405087
v 7.614265 -0.649503 -0.405087
v 7.596844 -0.679623 -0.405087
v 7.575089 -0.707001 -0.405087
v 7.549289 -0.731423 -0.405087
v 7.519730 -0.752676 -0.405087
v 7.486701 -0.770545 -0.405087
v 7.450491 -0.784817 -0.405087
v 7.411386 -0.795276 -0.405087
v 7.369673 -0.801708 -0.405087
v 7.325642 -0.803900 -0.405087
v 7.291718 -0.802712 -0.405087
v 7.258202 -0.799197 -0.405087
v 7.225091 -0.793427 -0.405087
v 7.192387 -0.785471 -0.405087
v 7.160089 -0.775403 -0.405087
v 7.128198 -0.763293 -0.405087
v 7.096713 -0.749212 -0.405087
v 7.065634 -0.733233 -0.405087
v 7.034962 -0.715426 -0.405087
v 7.004695 -0.695863 -0.405087
v 6.974835 -0.674614 -0.405087
v 6.945382 -0.651753 -0.405087
v 6.945382 -0.113072 -0.405087
v 10.362851 -1.971727 -0.405087
v 10.362851 0.820368 -0.405087
v 9.612080 0.820368 -0.405087
v 9.419856 0.813542 -0.405087
v 9.243104 0.793182 -0.405087
v 9.082061 0.759458 -0.405087
v 8.936964 0.712540 -0.405087
v 8.808049 0.652600 -0.405087
v 8.695555 0.579811 -0.405087
v 8.599716 0.494343 -0.405087
v 8.520772 0.396367 -0.405087
v 8.458959 0.286055 -0.405087
v 8.414513 0.163579 -0.405087
v 8.387671 0.029108 -0.405087
v 8.378672 -0.117184 -0.405087
v 8.388160 -0.252409 -0.405087
v 8.415979 -0.379995 -0.405087
v 8.461167 -0.499157 -0.405087
v 8.522758 -0.609109 -0.405087
v 8.599788 -0.709067 -0.405087
v 8.691290 -0.798245 -0.405087
v 8.796300 -0.875858 -0.405087
v 8.913853 -0.941121 -0.405087
v 9.042984 -0.993248 -0.405087
v 9.182730 -1.031453 -0.405087
v 9.332124 -1.054953 -0.405087
v 9.490201 -1.062960 -0.405087
v 9.525370 -1.062441 -0.405087
v 9.560283 -1.060866 -0.405087
v 9.595094 -1.058206 -0.405087
v 9.629956 -1.054431 -0.405087
v 9.665022 -1.049515 -0.405087
v 9.700442 -1.043427 -0.405087
v 9.736371 -1.036141 -0.405087
v 9.772960 -1.027627 -0.405087
v 9.810361 -1.017856 -0.405087
v 9.848726 -1.006800 -0.405087
v 9.888210 -0.994430 -0.405087
v 9.928964 -0.980719 -0.405087
v 9.928964 -1.971727 -0.405087
v 9.895860 -0.664601 -0.405087
v 9.862403 -0.676407 -0.405087
v 9.828641 -0.687156 -0.405087
v 9.794625 -0.696834 -0.405087
v 9.760406 -0.705427 -0.405087
v 9.726035 -0.712921 -0.405087
v 9.691562 -0.719300 -0.405087
v 9.657039 -0.724552 -0.405087
v 9.622516 -0.728662 -0.405087
v 9.588042 -0.731615 -0.405087
v 9.553671 -0.733397 -0.405087
v 9.519452 -0.733994 -0.405087
v 9.420734 -0.728609 -0.405087
v 9.327313 -0.712843 -0.405087
v 9.239818 -0.687284 -0.405087
v 9.158874 -0.652514 -0.405087
v 9.085106 -0.609121 -0.405087
v 9.019142 -0.557689 -0.405087
v 8.961608 -0.498805 -0.405087
v 8.913131 -0.433052 -0.405087
v 8.874335 -0.361017 -0.405087
v 8.845849 -0.283285 -0.405087
v 8.828298 -0.200442 -0.405087
v 8.822309 -0.113072 -0.405087
v 8.827283 -0.020844 -0.405087
v 8.842194 0.064489 -0.405087
v 8.867023 0.142711 -0.405087
v 8.901756 0.213609 -0.405087
v 8.946374 0.276968 -0.405087
v 9.000861 0.332573 -0.405087
v 9.065199 0.380212 -0.405087
v 9.139373 0.419670 -0.405087
v 9.223365 0.450731 -0.405087
v 9.317157 0.473184 -0.405087
v 9.420734 0.486812 -0.405087
v 9.534078 0.491402 -0.405087
v 9.928964 0.491402 -0.405087
v 9.928964 -0.651753 -0.405087
v 10.998828 1.214924 -0.405087
v 11.068750 1.261825 -0.405087
v 11.137996 1.302701 -0.405087
v 11.206429 1.337879 -0.405087
v 11.273912 1.367690 -0.405087
v 11.340314 1.392459 -0.405087
v 11.405496 1.412518 -0.405087
v 11.469323 1.428193 -0.405087
v 11.531662 1.439813 -0.405087
v 11.592377 1.447706 -0.405087
v 11.651329 1.452201 -0.405087
v 11.708386 1.453627 -0.405087
v 11.783264 1.450842 -0.405087
v 11.854030 1.442661 -0.405087
v 11.920225 1.429339 -0.405087
v 11.981393 1.411135 -0.405087
v 12.037076 1.388305 -0.405088
v 12.086818 1.361105 -0.405088
v 12.130160 1.329793 -0.405088
v 12.166648 1.294627 -0.405088
v 12.195823 1.255862 -0.405088
v 12.217228 1.213756 -0.405088
v 12.230407 1.168566 -0.405088
v 12.234901 1.120549 -0.405088
v 12.206602 0.996435 -0.405087
v 12.128368 0.890083 -0.405087
v 12.010186 0.796466 -0.405087
v 11.862042 0.710560 -0.405087
v 11.693924 0.627338 -0.405087
v 11.515818 0.541775 -0.405087
v 11.337711 0.448844 -0.405087
v 11.169593 0.343520 -0.405087
v 11.021449 0.220777 -0.405087
v 10.903267 0.075588 -0.405087
v 10.825033 -0.097071 -0.405087
v 10.796737 -0.302227 -0.405087
v 10.804815 -0.409625 -0.405087
v 10.828469 -0.511353 -0.405087
v 10.866816 -0.606713 -0.405087
v 10.918974 -0.695006 -0.405087
v 10.984067 -0.775532 -0.405087
v 11.061212 -0.847591 -0.405087
v 11.149528 -0.910483 -0.405087
v 11.248137 -0.963509 -0.405087
v 11.356157 -1.005970 -0.405087
v 11.472710 -1.037164 -0.405087
v 11.596912 -1.056395 -0.405087
v 11.727887 -1.062960 -0.405087
v 11.816686 -1.061240 -0.405087
v 11.902828 -1.056050 -0.405087
v 11.986498 -1.047348 -0.405087
v 12.067883 -1.035090 -0.405087
v 12.147168 -1.019234 -0.405087
v 12.224542 -0.999738 -0.405087
v 12.300187 -0.976557 -0.405087
v 12.374293 -0.949650 -0.405087
v 12.447045 -0.918974 -0.405087
v 12.518630 -0.884485 -0.405087
v 12.589231 -0.846141 -0.405087
v 12.659039 -0.803900 -0.405087
v 12.659039 -0.294003 -0.405087
v 12.596804 -0.357298 -0.405087
v 12.532082 -0.415538 -0.405087
v 12.465022 -0.468638 -0.405087
v 12.395781 -0.516512 -0.405087
v 12.324507 -0.559074 -0.405087
v 12.251355 -0.596241 -0.405087
v 12.176476 -0.627923 -0.405087
v 12.100023 -0.654037 -0.405087
v 12.022147 -0.674498 -0.405087
v 11.943003 -0.689219 -0.405087
v 11.862741 -0.698113 -0.405087
v 11.781514 -0.701098 -0.405087
v 11.693032 -0.697124 -0.405087
v 11.612779 -0.685753 -0.405087
v 11.540650 -0.667816 -0.405087
v 11.476546 -0.644138 -0.405087
v 11.420364 -0.615549 -0.405087
v 11.372003 -0.582876 -0.405087
v 11.331359 -0.546947 -0.405087
v 11.298333 -0.508592 -0.405087
v 11.272823 -0.468638 -0.405087
v 11.254728 -0.427912 -0.405087
v 11.243946 -0.387243 -0.405087
v 11.240374 -0.347460 -0.405087
v 11.268673 -0.212514 -0.405087
v 11.346907 -0.094758 -0.405087
v 11.465089 0.010033 -0.405087
v 11.613233 0.106086 -0.405087
v 11.781351 0.197628 -0.405087
v 11.959457 0.288883 -0.405087
v 12.137564 0.384079 -0.405087
v 12.305682 0.487443 -0.405087
v 12.453826 0.603199 -0.405088
v 12.572008 0.735576 -0.405088
v 12.650242 0.888798 -0.405088
v 12.678538 1.067092 -0.405088
v 12.670320 1.177702 -0.405088
v 12.646105 1.281015 -0.405088
v 12.606554 1.376590 -0.405088
v 12.552326 1.463983 -0.405088
v 12.484083 1.542752 -0.405088
v 12.402484 1.612455 -0.405088
v 12.308189 1.672649 -0.405088
v 12.201859 1.722891 -0.405088
v 12.084152 1.762739 -0.405088
v 11.955732 1.791749 -0.405088
v 11.817257 1.809480 -0.405088
v 11.669386 1.815489 -0.405087
v 11.606021 1.814118 -0.405087
v 11.542723 1.810006 -0.405087
v 11.479560 1.803153 -0.405087
v 11.416600 1.793558 -0.405087
v 11.353911 1.781221 -0.405087
v 11.291563 1.766144 -0.405087
v 11.229619 1.748325 -0.405087
v 11.168150 1.727765 -0.405087
v 11.107222 1.704463 -0.405087
v 11.046903 1.678420 -0.405087
v 10.987262 1.649635 -0.405087
v 10.928366 1.618109 -0.405087
v 10.928366 1.161670 -0.405087
v 10.998828 1.214924 -0.405087
v 10.998828 1.214924 -1.183020
v 11.068750 1.261825 -0.405087
v 11.068750 1.261825 -1.183020
v 11.137996 1.302701 -0.405087
v 11.137996 1.302701 -1.183020
v 11.206429 1.337879 -0.405087
v 11.206429 1.337879 -1.183020
v 11.273912 1.367690 -0.405087
v 11.273912 1.367690 -1.183020
v 11.340314 1.392459 -0.405087
v 11.340314 1.392459 -1.183020
v 11.405496 1.412518 -0.405087
v 11.405496 1.412518 -1.183020
v 11.469323 1.428193 -0.405087
v 11.469323 1.428193 -1.183020
v 11.531662 1.439813 -0.405087
v 11.531662 1.439813 -1.183020
v 11.592377 1.447706 -0.405087
v 11.592377 1.447706 -1.183020
v 11.651329 1.452201 -0.405087
v 11.651329 1.452201 -1.183021
v 11.708386 1.453627 -0.405087
v 11.708386 1.453627 -1.183021
v 11.783264 1.450842 -0.405087
v 11.783264 1.450842 -1.183021
v 11.854030 1.442661 -0.405087
v 11.854030 1.442661 -1.183021
v 11.920225 1.429339 -0.405087
v 11.920225 1.429339 -1.183021
v 11.981393 1.411135 -0.405087
v 11.981393 1.411135 -1.183021
v 12.037076 1.388305 -0.405088
v 12.037076 1.388305 -1.183021
v 12.086818 1.361105 -0.405088
v 12.086818 1.361105 -1.183021
v 12.130160 1.329793 -0.405088
v 12.130160 1.329793 -1.183021
v 12.166648 1.294627 -0.405088
v 12.166648 1.294627 -1.183021
v 12.195823 1.255862 -0.405088
v 12.195823 1.255862 -1.183021
v 12.217228 1.213756 -0.405088
v 12.217228 1.213756 -1.183021
v 12.230407 1.168566 -0.405088
v 12.230407 1.168566 -1.183021
v 12.234901 1.120549 -0.405088
v 12.234901 1.120549 -1.183021
v 12.206602 0.996435 -0.405087
v 12.206602 0.996435 -1.183021
v 12.128368 0.890083 -0.405087
v 12.128368 0.890083 -1.183021
v 12.010186 0.796466 -0.405087
v 12.010186 0.796466 -1.183021
v 11.862042 0.710560 -0.405087
v 11.862042 0.710560 -1.183020
v 11.693924 0.627338 -0.405087
v 11.693924 0.627338 -1.183020
v 11.515818 0.541775 -0.405087
v 11.515818 0.541775 -1.183020
v 11.337711 0.448844 -0.405087
v 11.337711 0.448844 -1.183020
v 11.169593 0.343520 -0.405087
v 11.169593 0.343520 -1.183020
v 11.021449 0.220777 -0.405087
v 11.021449 0.220777 -1.183020
v 10.903267 0.075588 -0.405087
v 10.903267 0.075588 -1.183020
v 10.825033 -0.097071 -0.405087
v 10.825033 -0.097071 -1.183020
v 10.796737 -0.302227 -0.405087
v 10.796737 -0.302227 -1.183020
v 10.804815 -0.409625 -0.405087
v 10.804815 -0.409625 -1.183020
v 10.828469 -0.511353 -0.405087
v 10.828469 -0.511353 -1.183020
v 10.866816 -0.606713 -0.405087
v 10.866816 -0.606713 -1.183020
v 10.918974 -0.695006 -0.405087
v 10.918974 -0.695006 -1.183020
v 10.984067 -0.775532 -0.405087
v 10.984067 -0.775532 -1.183020
v 11.061212 -0.847591 -0.405087
v 11.061212 -0.847591 -1.183020
v 11.149528 -0.910483 -0.405087
v 11.149528 -0.910483 -1.183020
v 11.248137 -0.963509 -0.405087
v 11.248137 -0.963509 -1.183020
v 11.356157 -1.005970 -0.405087
v 11.356157 -1.005970 -1.183020
v 11.472710 -1.037164 -0.405087
v 11.472710 -1.037164 -1.183020
v 11.596912 -1.056395 -0.405087
v 11.596912 -1.056395 -1.183020
v 11.727887 -1.062960 -0.405087
v 11.727887 -1.062960 -1.183020
v 11.816686 -1.061240 -0.405087
v 11.816686 -1.061240 -1.183020
v 11.902828 -1.056050 -0.405087
v 11.902828 -1.056050 -1.183020
v 11.986498 -1.047348 -0.405087
v 11.986498 -1.047348 -1.183020
v 12.067883 -1.035090 -0.405087
v 12.067883 -1.035090 -1.183020
v 12.147168 -1.019234 -0.405087
v 12.147168 -1.019234 -1.183020
v 12.224542 -0.999738 -0.405087
v 12.224542 -0.999738 -1.183020
v 12.300187 -0.976557 -0.405087
v 12.300187 -0.976557 -1.183020
v 12.374293 -0.949650 -0.405087
v 12.374293 -0.949650 -1.183020
v 12.447045 -0.918974 -0.405087
v 12.447045 -0.918974 -1.183020
v 12.518630 -0.884485 -0.405087
v 12.518630 -0.884485 -1.183020
v 12.589231 -0.846141 -0.405087
v 12.589231 -0.846141 -1.183020
v 12.659039 -0.803900 -0.405087
v 12.659039 -0.803900 -1.183020
v 12.659039 -0.294003 -0.405087
v 12.659039 -0.294003 -1.183021
v 12.596804 -0.357298 -0.405087
v 12.596804 -0.357298 -1.183021
v 12.532082 -0.415538 -0.405087
v 12.532082 -0.415538 -1.183020
v 12.465022 -0.468638 -0.405087
v 12.465022 -0.468638 -1.183020
v 12.395781 -0.516512 -0.405087
v 12.395781 -0.516512 -1.183020
v 12.324507 -0.559074 -0.405087
v 12.324507 -0.559074 -1.183020
v 12.251355 -0.596241 -0.405087
v 12.251355 -0.596241 -1.183020
v 12.176476 -0.627923 -0.405087
v 12.176476 -0.627923 -1.183020
v 12.100023 -0.654037 -0.405087
v 12.100023 -0.654037 -1.183020
v 12.022147 -0.674498 -0.405087
v 12.022147 -0.674498 -1.183020
v 11.943003 -0.689219 -0.405087
v 11.943003 -0.689219 -1.183020
v 11.862741 -0.698113 -0.405087
v 11.862741 -0.698113 -1.183020
v 11.781514 -0.701098 -0.405087
v 11.781514 -0.701098 -1.183020
v 11.693032 -0.697124 -0.405087
v 11.693032 -0.697124 -1.183020
v 11.612779 -0.685753 -0.405087
v 11.612779 -0.685753 -1.183020
v 11.540650 -0.667816 -0.405087
v 11.540650 -0.667816 -1.183020
v 11.476546 -0.644138 -0.405087
v 11.476546 -0.644138 -1.183020
v 11.420364 -0.615549 -0.405087
v 11.420364 -0.615549 -1.183020
v 11.372003 -0.582876 -0.405087
v 11.372003 -0.582876 -1.183020
v 11.331359 -0.546947 -0.405087
v 11.331359 -0.546947 -1.183020
v 11.298333 -0.508592 -0.405087
v 11.298333 -0.508592 -1.183020
v 11.272823 -0.468638 -0.405087
v 11.272823 -0.468638 -1.183020
v 11.254728 -0.427912 -0.405087
v 11.254728 -0.427912 -1.183020
v 11.243946 -0.387243 -0.405087
v 11.243946 -0.387243 -1.183020
v 11.240374 -0.347460 -0.405087
v 11.240374 -0.347460 -1.183020
v 11.268673 -0.212514 -0.405087
v 11.268673 -0.212514 -1.183020
v 11.346907 -0.094758 -0.405087
v 11.346907 -0.094758 -1.183020
v 11.465089 0.010033 -0.405087
v 11.465089 0.010033 -1.183020
v 11.613233 0.106086 -0.405087
v 11.613233 0.106086 -1.183020
v 11.781351 0.197628 -0.405087
v 11.781351 0.197628 -1.183020
v 11.959457 0.288883 -0.405087
v 11.959457 0.288883 -1.183020
v 12.137564 0.384079 -0.405087
v 12.137564 0.384079 -1.183020
v 12.305682 0.487443 -0.405087
v 12.305682 0.487443 -1.183021
v 12.453826 0.603199 -0.405088
v 12.453826 0.603199 -1.183021
v 12.572008 0.735576 -0.405088
v 12.572008 0.735576 -1.183021
v 12.650242 0.888798 -0.405088
v 12.650242 0.888798 -1.183021
v 12.678538 1.067092 -0.405088
v 12.678538 1.067092 -1.183021
v 12.670320 1.177702 -0.405088
v 12.670320 1.177702 -1.183021
v 12.646105 1.281015 -0.405088
v 12.646105 1.281015 -1.183021
v 12.606554 1.376590 -0.405088
v 12.606554 1.376590 -1.183021
v 12.552326 1.463983 -0.405088
v 12.552326 1.463983 -1.183021
v 12.484083 1.542752 -0.405088
v 12.484083 1.542752 -1.183021
v 12.402484 1.612455 -0.405088
v 12.402484 1.612455 -1.183021
v 12.308189 1.672649 -0.405088
v 12.308189 1.672649 -1.183021
v 12.201859 1.722891 -0.405088
v 12.201859 1.722891 -1.183021
v 12.084152 1.762739 -0.405088
v 12.084152 1.762739 -1.183021
v 11.955732 1.791749 -0.405088
v 11.955732 1.791749 -1.183021
v 11.817257 1.809480 -0.405088
v 11.817257 1.809480 -1.183021
v 11.669386 1.815489 -0.405087
v 11.669386 1.815489 -1.183021
v 11.606021 1.814118 -0.405087
v 11.606021 1.814118 -1.183021
v 11.542723 1.810006 -0.405087
v 11.542723 1.810006 -1.183021
v 11.479560 1.803153 -0.405087
v 11.479560 1.803153 -1.183021
v 11.416600 1.793558 -0.405087
v 11.416600 1.793558 -1.183020
v 11.353911 1.781221 -0.405087
v 11.353911 1.781221 -1.183020
v 11.291563 1.766144 -0.405087
v 11.291563 1.766144 -1.183020
v 11.229619 1.748325 -0.405087
v 11.229619 1.748325 -1.183020
v 11.168150 1.727765 -0.405087
v 11.168150 1.727765 -1.183020
v 11.107222 1.704463 -0.405087
v 11.107222 1.704463 -1.183020
v 11.046903 1.678420 -0.405087
v 11.046903 1.678420 -1.183020
v 10.987262 1.649635 -0.405087
v 10.987262 1.649635 -1.183020
v 10.928366 1.618109 -0.405087
v 10.928366 1.618109 -1.183020
v 10.928366 1.161670 -0.405087
v 10.928366 1.161670 -1.183020
v 10.362851 -1.971727 -0.405087
v 10.362851 -1.971727 -1.183020
v 10.362851 0.820368 -0.405087
v 10.362851 0.820368 -1.183020
v 9.612080 0.820368 -0.405087
v 9.612080 0.820368 -1.183020
v 9.419856 0.813542 -0.405087
v 9.419856 0.813542 -1.183020
v 9.243104 0.793182 -0.405087
v 9.243104 0.793182 -1.183020
v 9.082061 0.759458 -0.405087
v 9.082061 0.759458 -1.183020
v 8.936964 0.712540 -0.405087
v 8.936964 0.712540 -1.183020
v 8.808049 0.652600 -0.405087
v 8.808049 0.652600 -1.183020
v 8.695555 0.579811 -0.405087
v 8.695555 0.579811 -1.183020
v 8.599716 0.494343 -0.405087
v 8.599716 0.494343 -1.183020
v 8.520772 0.396367 -0.405087
v 8.520772 0.396367 -1.183020
v 8.458959 0.286055 -0.405087
v 8.458959 0.286055 -1.183020
v 8.414513 0.163579 -0.405087
v 8.414513 0.163579 -1.183020
v 8.387671 0.029108 -0.405087
v 8.387671 0.029108 -1.183020
v 8.378672 -0.117184 -0.405087
v 8.378672 -0.117184 -1.183020
v 8.388160 -0.252409 -0.405087
v 8.388160 -0.252409 -1.183020
v 8.415979 -0.379995 -0.405087
v 8.415979 -0.379995 -1.183020
v 8.461167 -0.499157 -0.405087
v 8.461167 -0.499157 -1.183020
v 8.522758 -0.609109 -0.405087
v 8.522758 -0.609109 -1.183020
v 8.599788 -0.709067 -0.405087
v 8.599788 -0.709067 -1.183020
v 8.691290 -0.798245 -0.405087
v 8.691290 -0.798245 -1.183020
v 8.796300 -0.875858 -0.405087
v 8.796300 -0.875858 -1.183020
v 8.913853 -0.941121 -0.405087
v 8.913853 -0.941121 -1.183020
v 9.042984 -0.993248 -0.405087
v 9.042984 -0.993248 -1.183020
v 9.182730 -1.031453 -0.405087
v 9.182730 -1.031453 -1.183020
v 9.332124 -1.054953 -0.405087
v 9.332124 -1.054953 -1.183020
v 9.490201 -1.062960 -0.405087
v 9.490201 -1.062960 -1.183020
v 9.525370 -1.062441 -0.405087
v 9.525370 -1.062441 -1.183020
v 9.560283 -1.060866 -0.405087
v 9.560283 -1.060866 -1.183020
v 9.595094 -1.058206 -0.405087
v 9.595094 -1.058206 -1.183020
v 9.629956 -1.054431 -0.405087
v 9.629956 -1.054431 -1.183020
v 9.665022 -1.049515 -0.405087
v 9.665022 -1.049515 -1.183020
v 9.700442 -1.043427 -0.405087
v 9.700442 -1.043427 -1.183020
v 9.736371 -1.036141 -0.405087
v 9.736371 -1.036141 -1.183020
v 9.772960 -1.027627 -0.405087
v 9.772960 -1.027627 -1.183020
v 9.810361 -1.017856 -0.405087
v 9.810361 -1.017856 -1.183020
v 9.848726 -1.006800 -0.405087
v 9.848726 -1.006800 -1.183020
v 9.888210 -0.994430 -0.405087
v 9.888210 -0.994430 -1.183020
v 9.928964 -0.980719 -0.405087
v 9.928964 -0.980719 -1.183020
v 9.928964 -1.971727 -0.405087
v 9.928964 -1.971727 -1.183020
v 9.895860 -0.664601 -0.405087
v 9.895860 -0.664601 -1.183020
v 9.862403 -0.676407 -0.405087
v 9.862403 -0.676407 -1.183020
v 9.828641 -0.687156 -0.405087
v 9.828641 -0.687156 -1.183020
v 9.794625 -0.696834 -0.405087
v 9.794625 -0.696834 -1.183020
v 9.760406 -0.705427 -0.405087
v 9.760406 -0.705427 -1.183020
v 9.726035 -0.712921 -0.405087
v 9.726035 -0.712921 -1.183020
v 9.691562 -0.719300 -0.405087
v 9.691562 -0.719300 -1.183020
v 9.657039 -0.724552 -0.405087
v 9.657039 -0.724552 -1.183020
v 9.622516 -0.728662 -0.405087
v 9.622516 -0.728662 -1.183020
v 9.588042 -0.731615 -0.405087
v 9.588042 -0.731615 -1.183020
v 9.553671 -0.733397 -0.405087
v 9.553671 -0.733397 -1.183020
v 9.519452 -0.733994 -0.405087
v 9.519452 -0.733994 -1.183020
v 9.420734 -0.728609 -0.405087
v 9.420734 -0.728609 -1.183020
v 9.327313 -0.712843 -0.405087
v 9.327313 -0.712843 -1.183020
v 9.239818 -0.687284 -0.405087
v 9.239818 -0.687284 -1.183020
v 9.158874 -0.652514 -0.405087
v 9.158874 -0.652514 -1.183020
v 9.085106 -0.609121 -0.405087
v 9.085106 -0.609121 -1.183020
v 9.019142 -0.557689 -0.405087
v 9.019142 -0.557689 -1.183020
v 8.961608 -0.498805 -0.405087
v 8.961608 -0.498805 -1.183020
v 8.913131 -0.433052 -0.405087
v 8.913131 -0.433052 -1.183020
v 8.874335 -0.361017 -0.405087
v 8.874335 -0.361017 -1.183020
v 8.845849 -0.283285 -0.405087
v 8.845849 -0.283285 -1.183020
v 8.828298 -0.200442 -0.405087
v 8.828298 -0.200442 -1.183020
v 8.822309 -0.113072 -0.405087
v 8.822309 -0.113072 -1.183020
v 8.827283 -0.020844 -0.405087
v 8.827283 -0.020844 -1.183020
v 8.842194 0.064489 -0.405087
v 8.842194 0.064489 -1.183020
v 8.867023 0.142711 -0.405087
v 8.867023 0.142711 -1.183020
v 8.901756 0.213609 -0.405087
v 8.901756 0.213609 -1.183020
v 8.946374 0.276968 -0.405087
v 8.946374 0.276968 -1.183020
v 9.000861 0.332573 -0.405087
v 9.000861 0.332573 -1.183020
v 9.065199 0.380212 -0.405087
v 9.065199 0.380212 -1.183020
v 9.139373 0.419670 -0.405087
v 9.139373 0.419670 -1.183020
v 9.223365 0.450731 -0.405087
v 9.223365 0.450731 -1.183020
v 9.317157 0.473184 -0.405087
v 9.317157 0.473184 -1.183020
v 9.420734 0.486812 -0.405087
v 9.420734 0.486812 -1.183020
v 9.534078 0.491402 -0.405087
v 9.534078 0.491402 -1.183020
v 9.928964 0.491402 -0.405087
v 9.928964 0.491402 -1.183020
v 9.928964 -0.651753 -0.405087
v 9.928964 -0.651753 -1.183020
v 6.247117 -0.945193 -0.405087
v 6.247117 -0.945193 -1.183020
v 6.290466 -0.968249 -0.405087
v 6.290466 -0.968249 -1.183020
v 6.330124 -0.988365 -0.405087
v 6.330124 -0.988365 -1.183020
v 6.366685 -1.005695 -0.405087
v 6.366685 -1.005695 -1.183020
v 6.400741 -1.020400 -0.405087
v 6.400741 -1.020400 -1.183020
v 6.432883 -1.032633 -0.405087
v 6.432883 -1.032633 -1.183020
v 6.463705 -1.042554 -0.405087
v 6.463705 -1.042554 -1.183020
v 6.493800 -1.050319 -0.405087
v 6.493800 -1.050319 -1.183020
v 6.523758 -1.056085 -0.405087
v 6.523758 -1.056085 -1.183020
v 6.554174 -1.060009 -0.405087
v 6.554174 -1.060009 -1.183020
v 6.585640 -1.062249 -0.405087
v 6.585640 -1.062249 -1.183020
v 6.618747 -1.062960 -0.405087
v 6.618747 -1.062960 -1.183020
v 6.664465 -1.061751 -0.405087
v 6.664465 -1.061751 -1.183020
v 6.706613 -1.058086 -0.405087
v 6.706613 -1.058086 -1.183020
v 6.745273 -1.051909 -0.405087
v 6.745273 -1.051909 -1.183020
v 6.780530 -1.043161 -0.405087
v 6.780530 -1.043161 -1.183020
v 6.812469 -1.031786 -0.405087
v 6.812469 -1.031786 -1.183020
v 6.841176 -1.017727 -0.405087
v 6.841176 -1.017727 -1.183020
v 6.866734 -1.000927 -0.405087
v 6.866734 -1.000927 -1.183020
v 6.889227 -0.981328 -0.405087
v 6.889227 -0.981328 -1.183020
v 6.908742 -0.958873 -0.405087
v 6.908742 -0.958873 -1.183020
v 6.925362 -0.933506 -0.405087
v 6.925362 -0.933506 -1.183020
v 6.939172 -0.905169 -0.405087
v 6.939172 -0.905169 -1.183020
v 6.950257 -0.873805 -0.405087
v 6.950257 -0.873805 -1.183020
v 6.997987 -0.904305 -0.405087
v 6.997987 -0.904305 -1.183020
v 7.046089 -0.932078 -0.405087
v 7.046089 -0.932078 -1.183020
v 7.094530 -0.957139 -0.405087
v 7.094530 -0.957139 -1.183020
v 7.143276 -0.979500 -0.405087
v 7.143276 -0.979500 -1.183020
v 7.192292 -0.999178 -0.405087
v 7.192292 -0.999178 -1.183020
v 7.241545 -1.016185 -0.405087
v 7.241545 -1.016185 -1.183020
v 7.291002 -1.030537 -0.405087
v 7.291002 -1.030537 -1.183020
v 7.340628 -1.042247 -0.405087
v 7.340628 -1.042247 -1.183020
v 7.390389 -1.051331 -0.405087
v 7.390389 -1.051331 -1.183020
v 7.440252 -1.057801 -0.405087
v 7.440252 -1.057801 -1.183020
v 7.490183 -1.061673 -0.405087
v 7.490183 -1.061673 -1.183020
v 7.540148 -1.062960 -0.405087
v 7.540148 -1.062960 -1.183020
v 7.618291 -1.058614 -0.405087
v 7.618291 -1.058614 -1.183020
v 7.691593 -1.046016 -0.405087
v 7.691593 -1.046016 -1.183020
v 7.759681 -1.025823 -0.405087
v 7.759681 -1.025823 -1.183020
v 7.822184 -0.998690 -0.405087
v 7.822184 -0.998690 -1.183020
v 7.878727 -0.965274 -0.405087
v 7.878727 -0.965274 -1.183020
v 7.928940 -0.926234 -0.405087
v 7.928940 -0.926234 -1.183020
v 7.972449 -0.882224 -0.405087
v 7.972449 -0.882224 -1.183020
v 8.008883 -0.833902 -0.405087
v 8.008883 -0.833902 -1.183020
v 8.037868 -0.781926 -0.405087
v 8.037868 -0.781926 -1.183020
v 8.059033 -0.726951 -0.405087
v 8.059033 -0.726951 -1.183020
v 8.072005 -0.669634 -0.405087
v 8.072005 -0.669634 -1.183020
v 8.076412 -0.610632 -0.405087
v 8.076412 -0.610632 -1.183020
v 8.068439 -0.524305 -0.405087
v 8.068439 -0.524305 -1.183020
v 8.045536 -0.447730 -0.405087
v 8.045536 -0.447730 -1.183020
v 8.009227 -0.380035 -0.405087
v 8.009227 -0.380035 -1.183020
v 7.961034 -0.320351 -0.405087
v 7.961034 -0.320351 -1.183020
v 7.902481 -0.267805 -0.405087
v 7.902481 -0.267805 -1.183020
v 7.835093 -0.221528 -0.405087
v 7.835093 -0.221528 -1.183020
v 7.760391 -0.180647 -0.405087
v 7.760391 -0.180647 -1.183020
v 7.679901 -0.144293 -0.405087
v 7.679901 -0.144293 -1.183020
v 7.595145 -0.111594 -0.405087
v 7.595145 -0.111594 -1.183020
v 7.507647 -0.081679 -0.405087
v 7.507647 -0.081679 -1.183020
v 7.418930 -0.053678 -0.405087
v 7.418930 -0.053678 -1.183020
v 7.330517 -0.026718 -0.405087
v 7.330517 -0.026718 -1.183020
v 6.945382 0.088419 -0.405087
v 6.945382 0.088419 -1.183020
v 6.945382 0.187109 -0.405087
v 6.945382 0.187109 -1.183020
v 6.948124 0.241875 -0.405087
v 6.948124 0.241875 -1.183020
v 6.956351 0.291130 -0.405087
v 6.956351 0.291130 -1.183020
v 6.970062 0.335016 -0.405087
v 6.970062 0.335016 -1.183020
v 6.989258 0.373676 -0.405087
v 6.989258 0.373676 -1.183020
v 7.013938 0.407253 -0.405087
v 7.013938 0.407253 -1.183020
v 7.044103 0.435890 -0.405087
v 7.044103 0.435890 -1.183020
v 7.079752 0.459730 -0.405087
v 7.079752 0.459730 -1.183020
v 7.120886 0.478914 -0.405087
v 7.120886 0.478914 -1.183020
v 7.167505 0.493587 -0.405087
v 7.167505 0.493587 -1.183020
v 7.219608 0.503891 -0.405087
v 7.219608 0.503891 -1.183020
v 7.277195 0.509969 -0.405087
v 7.277195 0.509969 -1.183020
v 7.340267 0.511963 -0.405087
v 7.340267 0.511963 -1.183020
v 7.400067 0.509981 -0.405087
v 7.400067 0.509981 -1.183020
v 7.459934 0.503986 -0.405087
v 7.459934 0.503986 -1.183020
v 7.519733 0.493908 -0.405087
v 7.519733 0.493908 -1.183020
v 7.579329 0.479676 -0.405087
v 7.579329 0.479676 -1.183020
v 7.638587 0.461216 -0.405087
v 7.638587 0.461216 -1.183020
v 7.697371 0.438459 -0.405087
v 7.697371 0.438459 -1.183020
v 7.755545 0.411334 -0.405087
v 7.755545 0.411334 -1.183020
v 7.812975 0.379767 -0.405087
v 7.812975 0.379767 -1.183020
v 7.869524 0.343689 -0.405087
v 7.869524 0.343689 -1.183020
v 7.925057 0.303028 -0.405087
v 7.925057 0.303028 -1.183020
v 7.979441 0.257711 -0.405087
v 7.979441 0.257711 -1.183020
v 8.032537 0.207669 -0.405087
v 8.032537 0.207669 -1.183020
v 8.032537 0.606541 -0.405087
v 8.032537 0.606541 -1.183020
v 7.988450 0.646893 -0.405087
v 7.988450 0.646893 -1.183020
v 7.941487 0.683661 -0.405087
v 7.941487 0.683661 -1.183020
v 7.891614 0.716859 -0.405087
v 7.891614 0.716859 -1.183020
v 7.838794 0.746503 -0.405087
v 7.838794 0.746503 -1.183020
v 7.782995 0.772605 -0.405087
v 7.782995 0.772605 -1.183020
v 7.724184 0.795182 -0.405087
v 7.724184 0.795182 -1.183020
v 7.662324 0.814245 -0.405087
v 7.662324 0.814245 -1.183020
v 7.597385 0.829811 -0.405087
v 7.597385 0.829811 -1.183020
v 7.529330 0.841892 -0.405087
v 7.529330 0.841892 -1.183020
v 7.458128 0.850504 -0.405087
v 7.458128 0.850504 -1.183020
v 7.383743 0.855661 -0.405087
v 7.383743 0.855661 -1.183020
v 7.306141 0.857377 -0.405087
v 7.306141 0.857377 -1.183020
v 7.197312 0.853412 -0.405087
v 7.197312 0.853412 -1.183020
v 7.093239 0.841424 -0.405087
v 7.093239 0.841424 -1.183020
v 6.994820 0.821268 -0.405087
v 6.994820 0.821268 -1.183020
v 6.902951 0.792802 -0.405087
v 6.902951 0.792802 -1.183020
v 6.818530 0.755883 -0.405087
v 6.818530 0.755883 -1.183020
v 6.742455 0.710370 -0.405087
v 6.742455 0.710370 -1.183020
v 6.675622 0.656118 -0.405087
v 6.675622 0.656118 -1.183020
v 6.618929 0.592986 -0.405087
v 6.618929 0.592986 -1.183020
v 6.573272 0.520829 -0.405087
v 6.573272 0.520829 -1.183020
v 6.539550 0.439507 -0.405087
v 6.539550 0.439507 -1.183020
v 6.518658 0.348875 -0.405087
v 6.518658 0.348875 -1.183020
v 6.511495 0.248790 -0.405087
v 6.511495 0.248790 -1.183020
v 6.511495 -0.701098 -0.405087
v 6.511495 -0.701098 -1.183020
v 6.510888 -0.717644 -0.405087
v 6.510888 -0.717644 -1.183020
v 6.509079 -0.732376 -0.405087
v 6.509079 -0.732376 -1.183020
v 6.506086 -0.745367 -0.405087
v 6.506086 -0.745367 -1.183020
v 6.501925 -0.756687 -0.405087
v 6.501925 -0.756687 -1.183020
v 6.496613 -0.766408 -0.405087
v 6.496613 -0.766408 -1.183020
v 6.490166 -0.774601 -0.405087
v 6.490166 -0.774601 -1.183020
v 6.482602 -0.781338 -0.405087
v 6.482602 -0.781338 -1.183020
v 6.473938 -0.786690 -0.405087
v 6.473938 -0.786690 -1.183020
v 6.464190 -0.790728 -0.405087
v 6.464190 -0.790728 -1.183020
v 6.453377 -0.793524 -0.405087
v 6.453377 -0.793524 -1.183020
v 6.441514 -0.795149 -0.405087
v 6.441514 -0.795149 -1.183020
v 6.428617 -0.795675 -0.405087
v 6.428617 -0.795675 -1.183020
v 6.416754 -0.794912 -0.405087
v 6.416754 -0.794912 -1.183020
v 6.403181 -0.792648 -0.405087
v 6.403181 -0.792648 -1.183020
v 6.388017 -0.788929 -0.405087
v 6.388017 -0.788929 -1.183020
v 6.371380 -0.783796 -0.405087
v 6.371380 -0.783796 -1.183020
v 6.353389 -0.777293 -0.405087
v 6.353389 -0.777293 -1.183020
v 6.334162 -0.769461 -0.405087
v 6.334162 -0.769461 -1.183020
v 6.313818 -0.760345 -0.405087
v 6.313818 -0.760345 -1.183020
v 6.292475 -0.749986 -0.405087
v 6.292475 -0.749986 -1.183020
v 6.270252 -0.738428 -0.405087
v 6.270252 -0.738428 -1.183020
v 6.247267 -0.725713 -0.405087
v 6.247267 -0.725713 -1.183020
v 6.223639 -0.711884 -0.405087
v 6.223639 -0.711884 -1.183020
v 6.199486 -0.696986 -0.405087
v 6.199486 -0.696986 -1.183020
v 6.199486 -0.919037 -0.405087
v 6.199486 -0.919037 -1.183020
v 7.036835 -0.139864 -0.405087
v 7.036835 -0.139864 -1.183020
v 7.125310 -0.167043 -0.405087
v 7.125310 -0.167043 -1.183020
v 7.209857 -0.194992 -0.405087
v 7.209857 -0.194992 -1.183020
v 7.289530 -0.224098 -0.405087
v 7.289530 -0.224098 -1.183020
v 7.363379 -0.254745 -0.405087
v 7.363379 -0.254745 -1.183020
v 7.430458 -0.287321 -0.405087
v 7.430458 -0.287321 -1.183020
v 7.489817 -0.322209 -0.405087
v 7.489817 -0.322209 -1.183020
v 7.540509 -0.359797 -0.405087
v 7.540509 -0.359797 -1.183020
v 7.581587 -0.400467 -0.405087
v 7.581587 -0.400467 -1.183020
v 7.612101 -0.444608 -0.405087
v 7.612101 -0.444608 -1.183020
v 7.631105 -0.492603 -0.405087
v 7.631105 -0.492603 -1.183020
v 7.637650 -0.544839 -0.405087
v 7.637650 -0.544839 -1.183020
v 7.634956 -0.581897 -0.405087
v 7.634956 -0.581897 -1.183020
v 7.627066 -0.616857 -0.405087
v 7.627066 -0.616857 -1.183020
v 7.614265 -0.649503 -0.405087
v 7.614265 -0.649503 -1.183020
v 7.596844 -0.679623 -0.405087
v 7.596844 -0.679623 -1.183020
v 7.575089 -0.707001 -0.405087
v 7.575089 -0.707001 -1.183020
v 7.549289 -0.731423 -0.405087
v 7.549289 -0.731423 -1.183020
v 7.519730 -0.752676 -0.405087
v 7.519730 -0.752676 -1.183020
v 7.486701 -0.770545 -0.405087
v 7.486701 -0.770545 -1.183020
v 7.450491 -0.784817 -0.405087
v 7.450491 -0.784817 -1.183020
v 7.411386 -0.795276 -0.405087
v 7.411386 -0.795276 -1.183020
v 7.369673 -0.801708 -0.405087
v 7.369673 -0.801708 -1.183020
v 7.325642 -0.803900 -0.405087
v 7.325642 -0.803900 -1.183020
v 7.291718 -0.802712 -0.405087
v 7.291718 -0.802712 -1.183020
v 7.258202 -0.799197 -0.405087
v 7.258202 -0.799197 -1.183020
v 7.225091 -0.793427 -0.405087
v 7.225091 -0.793427 -1.183020
v 7.192387 -0.785471 -0.405087
v 7.192387 -0.785471 -1.183020
v 7.160089 -0.775403 -0.405087
v 7.160089 -0.775403 -1.183020
v 7.128198 -0.763293 -0.405087
v 7.128198 -0.763293 -1.183020
v 7.096713 -0.749212 -0.405087
v 7.096713 -0.749212 -1.183020
v 7.065634 -0.733233 -0.405087
v 7.065634 -0.733233 -1.183020
v 7.034962 -0.715426 -0.405087
v 7.034962 -0.715426 -1.183020
v 7.004695 -0.695863 -0.405087
v 7.004695 -0.695863 -1.183020
v 6.974835 -0.674614 -0.405087
v 6.974835 -0.674614 -1.183020
v 6.945382 -0.651753 -0.405087
v 6.945382 -0.651753 -1.183020
v 6.945382 -0.113072 -0.405087
v 6.945382 -0.113072 -1.183020
v 4.266049 0.372186 -0.405087
v 4.266049 0.372186 -1.183020
v 4.323462 0.401204 -0.405087
v 4.323462 0.401204 -1.183020
v 4.378166 0.426509 -0.405087
v 4.378166 0.426509 -1.183020
v 4.430534 0.448302 -0.405087
v 4.430534 0.448302 -1.183020
v 4.480939 0.466783 -0.405087
v 4.480939 0.466783 -1.183020
v 4.529753 0.482150 -0.405087
v 4.529753 0.482150 -1.183020
v 4.577347 0.494606 -0.405087
v 4.577347 0.494606 -1.183020
v 4.624095 0.504348 -0.405087
v 4.624095 0.504348 -1.183020
v 4.670370 0.511577 -0.405087
v 4.670370 0.511577 -1.183020
v 4.716543 0.516493 -0.405087
v 4.716543 0.516493 -1.183020
v 4.762986 0.519297 -0.405087
v 4.762986 0.519297 -1.183020
v 4.810073 0.520187 -0.405087
v 4.810073 0.520187 -1.183020
v 4.906167 0.515036 -0.405087
v 4.906167 0.515036 -1.183020
v 4.996659 0.499875 -0.405087
v 4.996659 0.499875 -1.183020
v 5.081024 0.475148 -0.405087
v 5.081024 0.475148 -1.183020
v 5.158735 0.441297 -0.405087
v 5.158735 0.441297 -1.183020
v 5.229270 0.398765 -0.405087
v 5.229270 0.398765 -1.183020
v 5.292102 0.347994 -0.405087
v 5.292102 0.347994 -1.183020
v 5.346707 0.289428 -0.405087
v 5.346707 0.289428 -1.183020
v 5.392561 0.223509 -0.405087
v 5.392561 0.223509 -1.183020
v 5.429139 0.150679 -0.405087
v 5.429139 0.150679 -1.183020
v 5.455915 0.071381 -0.405087
v 5.455915 0.071381 -1.183020
v 5.472366 -0.013942 -0.405087
v 5.472366 -0.013942 -1.183020
v 5.477966 -0.104848 -0.405087
v 5.477966 -0.104848 -1.183020
v 5.471951 -0.197239 -0.405087
v 5.471951 -0.197239 -1.183020
v 5.454222 -0.283019 -0.405087
v 5.454222 -0.283019 -1.183020
v 5.425253 -0.361917 -0.405087
v 5.425253 -0.361917 -1.183020
v 5.385519 -0.433661 -0.405087
v 5.385519 -0.433661 -1.183020
v 5.335493 -0.497982 -0.405087
v 5.335493 -0.497982 -1.183020
v 5.275648 -0.554606 -0.405087
v 5.275648 -0.554606 -1.183020
v 5.206460 -0.603263 -0.405087
v 5.206460 -0.603263 -1.183020
v 5.128401 -0.643682 -0.405087
v 5.128401 -0.643682 -1.183020
v 5.041946 -0.675591 -0.405087
v 5.041946 -0.675591 -1.183020
v 4.947570 -0.698719 -0.405087
v 4.947570 -0.698719 -1.183020
v 4.845745 -0.712794 -0.405087
v 4.845745 -0.712794 -1.183020
v 4.736946 -0.717546 -0.405087
v 4.736946 -0.717546 -1.183020
v 4.690804 -0.716689 -0.405087
v 4.690804 -0.716689 -1.183020
v 4.644883 -0.714119 -0.405087
v 4.644883 -0.714119 -1.183020
v 4.598995 -0.709836 -0.405087
v 4.598995 -0.709836 -1.183020
v 4.552955 -0.703839 -0.405087
v 4.552955 -0.703839 -1.183020
v 4.506576 -0.696129 -0.405087
v 4.506576 -0.696129 -1.183020
v 4.459673 -0.686705 -0.405087
v 4.459673 -0.686705 -1.183020
v 4.412058 -0.675569 -0.405087
v 4.412058 -0.675569 -1.183020
v 4.363547 -0.662718 -0.405087
v 4.363547 -0.662718 -1.183020
v 4.313952 -0.648155 -0.405087
v 4.313952 -0.648155 -1.183020
v 4.263088 -0.631878 -0.405087
v 4.263088 -0.631878 -1.183020
v 4.210768 -0.613887 -0.405087
v 4.210768 -0.613887 -1.183020
v 4.156805 -0.594184 -0.405087
v 4.156805 -0.594184 -1.183020
v 4.156805 -0.956047 -0.405087
v 4.156805 -0.956047 -1.183020
v 4.196006 -0.970243 -0.405087
v 4.196006 -0.970243 -1.183020
v 4.240066 -0.983955 -0.405087
v 4.240066 -0.983955 -1.183020
v 4.288357 -0.997038 -0.405087
v 4.288357 -0.997038 -1.183020
v 4.340255 -1.009351 -0.405087
v 4.340255 -1.009351 -1.183020
v 4.395131 -1.020750 -0.405087
v 4.395131 -1.020750 -1.183020
v 4.452360 -1.031092 -0.405087
v 4.452360 -1.031092 -1.183020
v 4.511316 -1.040234 -0.405087
v 4.511316 -1.040234 -1.183020
v 4.571372 -1.048035 -0.405087
v 4.571372 -1.048035 -1.183020
v 4.631902 -1.054350 -0.405087
v 4.631902 -1.054350 -1.183020
v 4.692280 -1.059039 -0.405087
v 4.692280 -1.059039 -1.183020
v 4.751879 -1.061956 -0.405087
v 4.751879 -1.061956 -1.183020
v 4.810073 -1.062960 -0.405087
v 4.810073 -1.062960 -1.183020
v 4.969174 -1.055122 -0.405087
v 4.969174 -1.055122 -1.183020
v 5.119237 -1.032120 -0.405087
v 5.119237 -1.032120 -1.183020
v 5.259346 -0.994726 -0.405087
v 5.259346 -0.994726 -1.183020
v 5.388588 -0.943710 -0.405087
v 5.388588 -0.943710 -1.183020
v 5.506049 -0.879845 -0.405087
v 5.506049 -0.879845 -1.183020
v 5.610814 -0.803900 -0.405087
v 5.610814 -0.803900 -1.183020
v 5.701969 -0.716647 -0.405087
v 5.701969 -0.716647 -1.183020
v 5.778599 -0.618856 -0.405087
v 5.778599 -0.618856 -1.183020
v 5.839792 -0.511301 -0.405087
v 5.839792 -0.511301 -1.183020
v 5.884634 -0.394749 -0.405087
v 5.884634 -0.394749 -1.183020
v 5.912208 -0.269973 -0.405087
v 5.912208 -0.269973 -1.183020
v 5.921603 -0.137744 -0.405087
v 5.921603 -0.137744 -1.183020
v 5.912971 0.009681 -0.405087
v 5.912971 0.009681 -1.183020
v 5.887478 0.147283 -0.405087
v 5.887478 0.147283 -1.183020
v 5.845735 0.274490 -0.405087
v 5.845735 0.274490 -1.183020
v 5.788351 0.390733 -0.405087
v 5.788351 0.390733 -1.183020
v 5.715934 0.495439 -0.405087
v 5.715934 0.495439 -1.183020
v 5.629096 0.588036 -0.405087
v 5.629096 0.588036 -1.183020
v 5.528445 0.667955 -0.405087
v 5.528445 0.667955 -1.183020
v 5.414590 0.734623 -0.405087
v 5.414590 0.734623 -1.183020
v 5.288141 0.787471 -0.405087
v 5.288141 0.787471 -1.183020
v 5.149707 0.825927 -0.405087
v 5.149707 0.825927 -1.183020
v 4.999898 0.849419 -0.405087
v 4.999898 0.849419 -1.183020
v 4.839324 0.857377 -0.405087
v 4.839324 0.857377 -1.183020
v 4.777603 0.856360 -0.405087
v 4.777603 0.856360 -1.183020
v 4.718913 0.853360 -0.405087
v 4.718913 0.853360 -1.183020
v 4.662828 0.848445 -0.405087
v 4.662828 0.848445 -1.183020
v 4.608929 0.841690 -0.405087
v 4.608929 0.841690 -1.183020
v 4.556789 0.833163 -0.405087
v 4.556789 0.833163 -1.183020
v 4.505986 0.822937 -0.405087
v 4.505986 0.822937 -1.183020
v 4.456098 0.811085 -0.405087
v 4.456098 0.811085 -1.183020
v 4.406701 0.797675 -0.405087
v 4.406701 0.797675 -1.183020
v 4.357371 0.782781 -0.405087
v 4.357371 0.782781 -1.183020
v 4.307686 0.766473 -0.405087
v 4.307686 0.766473 -1.183020
v 4.257222 0.748823 -0.405087
v 4.257222 0.748823 -1.183020
v 4.205556 0.729903 -0.405087
v 4.205556 0.729903 -1.183020
v 4.205556 0.339256 -0.405087
v 4.205556 0.339256 -1.183020
v 1.916264 -0.880405 -0.405087
v 1.916264 -0.880405 -1.183020
v 1.981187 -0.912564 -0.405087
v 1.981187 -0.912564 -1.183020
v 2.046177 -0.941525 -0.405087
v 2.046177 -0.941525 -1.183020
v 2.111777 -0.967316 -0.405087
v 2.111777 -0.967316 -1.183020
v 2.178528 -0.989965 -0.405087
v 2.178528 -0.989965 -1.183020
v 2.246972 -1.009503 -0.405087
v 2.246972 -1.009503 -1.183020
v 2.317650 -1.025956 -0.405087
v 2.317650 -1.025956 -1.183020
v 2.391104 -1.039354 -0.405087
v 2.391104 -1.039354 -1.183020
v 2.467876 -1.049724 -0.405087
v 2.467876 -1.049724 -1.183020
v 2.548507 -1.057096 -0.405087
v 2.548507 -1.057096 -1.183020
v 2.633540 -1.061499 -0.405087
v 2.633540 -1.061499 -1.183020
v 2.723516 -1.062960 -0.405087
v 2.723516 -1.062960 -1.183020
v 2.887803 -1.053361 -0.405087
v 2.887803 -1.053361 -1.183020
v 3.039226 -1.025571 -0.405087
v 3.039226 -1.025571 -1.183020
v 3.177512 -0.981105 -0.405087
v 3.177512 -0.981105 -1.183020
v 3.302393 -0.921475 -0.405087
v 3.302393 -0.921475 -1.183020
v 3.413595 -0.848195 -0.405087
v 3.413595 -0.848195 -1.183020
v 3.510849 -0.762779 -0.405087
v 3.510849 -0.762779 -1.183020
v 3.593885 -0.666740 -0.405087
v 3.593885 -0.666740 -1.183020
v 3.662430 -0.561592 -0.405087
v 3.662430 -0.561592 -1.183020
v 3.716214 -0.448848 -0.405087
v 3.716214 -0.448848 -1.183020
v 3.754967 -0.330022 -0.405087
v 3.754967 -0.330022 -1.183020
v 3.778418 -0.206626 -0.405087
v 3.778418 -0.206626 -1.183020
v 3.786294 -0.080175 -0.405087
v 3.786294 -0.080175 -1.183020
v 3.777696 0.055751 -0.405087
v 3.777696 0.055751 -1.183020
v 3.752440 0.183454 -0.405087
v 3.752440 0.183454 -1.183020
v 3.711340 0.302248 -0.405087
v 3.711340 0.302248 -1.183020
v 3.655208 0.411446 -0.405087
v 3.655208 0.411446 -1.183020
v 3.584857 0.510364 -0.405087
v 3.584857 0.510364 -1.183020
v 3.501099 0.598317 -0.405087
v 3.501099 0.598317 -1.183020
v 3.404748 0.674618 -0.405087
v 3.404748 0.674618 -1.183020
v 3.296615 0.738584 -0.405087
v 3.296615 0.738584 -1.183020
v 3.177512 0.789527 -0.405087
v 3.177512 0.789527 -1.183020
v 3.048254 0.826765 -0.405087
v 3.048254 0.826765 -1.183020
v 2.909651 0.849609 -0.405087
v 2.909651 0.849609 -1.183020
v 2.762516 0.857377 -0.405087
v 2.762516 0.857377 -1.183020
v 2.621942 0.850428 -0.405087
v 2.621942 0.850428 -1.183020
v 2.490660 0.829545 -0.405087
v 2.490660 0.829545 -1.183020
v 2.369231 0.794668 -0.405087
v 2.369231 0.794668 -1.183020
v 2.258211 0.745742 -0.405087
v 2.258211 0.745742 -1.183020
v 2.158161 0.682709 -0.405087
v 2.158161 0.682709 -1.183020
v 2.069638 0.605512 -0.405087
v 2.069638 0.605512 -1.183020
v 1.993202 0.514095 -0.405087
v 1.993202 0.514095 -1.183020
v 1.929411 0.408400 -0.405087
v 1.929411 0.408400 -1.183020
v 1.878823 0.288369 -0.405087
v 1.878823 0.288369 -1.183020
v 1.841997 0.153946 -0.405087
v 1.841997 0.153946 -1.183020
v 1.819492 0.005074 -0.405087
v 1.819492 0.005074 -1.183020
v 1.811866 -0.158305 -0.405087
v 1.811866 -0.158305 -1.183020
v 3.352408 -0.158305 -0.405087
v 3.352408 -0.158305 -1.183020
v 3.331593 -0.246108 -0.405087
v 3.331593 -0.246108 -1.183020
v 3.303295 -0.326500 -0.405087
v 3.303295 -0.326500 -1.183020
v 3.267550 -0.399439 -0.405087
v 3.267550 -0.399439 -1.183020
v 3.224390 -0.464882 -0.405087
v 3.224390 -0.464882 -1.183020
v 3.173850 -0.522787 -0.405087
v 3.173850 -0.522787 -1.183020
v 3.115964 -0.573110 -0.405087
v 3.115964 -0.573110 -1.183020
v 3.050764 -0.615808 -0.405087
v 3.050764 -0.615808 -1.183020
v 2.978286 -0.650839 -0.405087
v 2.978286 -0.650839 -1.183020
v 2.898563 -0.678160 -0.405087
v 2.898563 -0.678160 -1.183020
v 2.811629 -0.697728 -0.405087
v 2.811629 -0.697728 -1.183020
v 2.717518 -0.709500 -0.405087
v 2.717518 -0.709500 -1.183020
v 2.616263 -0.713434 -0.405087
v 2.616263 -0.713434 -1.183020
v 2.550741 -0.711735 -0.405087
v 2.550741 -0.711735 -1.183020
v 2.485762 -0.706695 -0.405087
v 2.485762 -0.706695 -1.183020
v 2.421257 -0.698399 -0.405087
v 2.421257 -0.698399 -1.183020
v 2.357158 -0.686934 -0.405087
v 2.357158 -0.686934 -1.183020
v 2.293398 -0.672384 -0.405087
v 2.293398 -0.672384 -1.183020
v 2.229908 -0.654837 -0.405087
v 2.229908 -0.654837 -1.183020
v 2.166622 -0.634376 -0.405087
v 2.166622 -0.634376 -1.183020
v 2.103471 -0.611089 -0.405087
v 2.103471 -0.611089 -1.183020
v 2.040388 -0.585060 -0.405087
v 2.040388 -0.585060 -1.183020
v 1.977304 -0.556376 -0.405087
v 1.977304 -0.556376 -1.183020
v 1.914153 -0.525121 -0.405087
v 1.914153 -0.525121 -1.183020
v 1.850867 -0.491382 -0.405087
v 1.850867 -0.491382 -1.183020
v 1.850867 -0.845020 -0.405086
v 1.850867 -0.845020 -1.183020
v 2.248156 0.152028 -0.405087
v 2.248156 0.152028 -1.183020
v 2.262544 0.215208 -0.405087
v 2.262544 0.215208 -1.183020
v 2.283839 0.273591 -0.405087
v 2.283839 0.273591 -1.183020
v 2.311838 0.326920 -0.405087
v 2.311838 0.326920 -1.183020
v 2.346336 0.374937 -0.405087
v 2.346336 0.374937 -1.183020
v 2.387131 0.417385 -0.405087
v 2.387131 0.417385 -1.183020
v 2.434021 0.454009 -0.405087
v 2.434021 0.454009 -1.183020
v 2.486801 0.484549 -0.405087
v 2.486801 0.484549 -1.183020
v 2.545269 0.508750 -0.405087
v 2.545269 0.508750 -1.183020
v 2.609221 0.526355 -0.405087
v 2.609221 0.526355 -1.183020
v 2.678454 0.537107 -0.405087
v 2.678454 0.537107 -1.183020
v 2.752766 0.540747 -0.405087
v 2.752766 0.540747 -1.183020
v 2.832896 0.537343 -0.405087
v 2.832896 0.537343 -1.183020
v 2.907506 0.527212 -0.405087
v 2.907506 0.527212 -1.183020
v 2.976565 0.510486 -0.405087
v 2.976565 0.510486 -1.183020
v 3.040038 0.487291 -0.405087
v 3.040038 0.487291 -1.183020
v 3.097891 0.457757 -0.405087
v 3.097891 0.457757 -1.183020
v 3.150090 0.422012 -0.405087
v 3.150090 0.422012 -1.183020
v 3.196601 0.380184 -0.405087
v 3.196601 0.380184 -1.183020
v 3.237391 0.332403 -0.405087
v 3.237391 0.332403 -1.183020
v 3.272425 0.278796 -0.405087
v 3.272425 0.278796 -1.183020
v 3.301670 0.219492 -0.405087
v 3.301670 0.219492 -1.183020
v 3.325093 0.154620 -0.405087
v 3.325093 0.154620 -1.183020
v 3.342658 0.084307 -0.405087
v 3.342658 0.084307 -1.183020
v 2.240877 0.084307 -0.405087
v 2.240877 0.084307 -1.183020
v 0.829772 -0.849596 -0.405086
v 0.829772 -0.849596 -1.183019
v 0.837584 -0.881629 -0.405086
v 0.837584 -0.881629 -1.183019
v 0.850169 -0.912034 -0.405086
v 0.850169 -0.912034 -1.183019
v 0.867173 -0.940512 -0.405086
v 0.867173 -0.940512 -1.183019
v 0.888239 -0.966762 -0.405086
v 0.888239 -0.966762 -1.183019
v 0.913013 -0.990485 -0.405086
v 0.913013 -0.990485 -1.183019
v 0.941138 -1.011381 -0.405086
v 0.941138 -1.011381 -1.183019
v 0.972259 -1.029150 -0.405086
v 0.972259 -1.029150 -1.183020
v 1.006021 -1.043492 -0.405086
v 1.006021 -1.043492 -1.183020
v 1.042068 -1.054108 -0.405086
v 1.042068 -1.054108 -1.183020
v 1.080045 -1.060697 -0.405086
v 1.080045 -1.060697 -1.183020
v 1.119596 -1.062960 -0.405086
v 1.119596 -1.062960 -1.183020
v 1.159148 -1.060697 -0.405086
v 1.159148 -1.060697 -1.183020
v 1.197124 -1.054108 -0.405086
v 1.197124 -1.054108 -1.183020
v 1.233172 -1.043492 -0.405086
v 1.233172 -1.043492 -1.183020
v 1.266934 -1.029150 -0.405086
v 1.266934 -1.029150 -1.183020
v 1.298055 -1.011381 -0.405086
v 1.298055 -1.011381 -1.183020
v 1.326180 -0.990485 -0.405086
v 1.326180 -0.990485 -1.183020
v 1.350954 -0.966762 -0.405086
v 1.350954 -0.966762 -1.183020
v 1.372020 -0.940512 -0.405086
v 1.372020 -0.940512 -1.183020
v 1.389024 -0.912034 -0.405086
v 1.389024 -0.912034 -1.183020
v 1.401609 -0.881629 -0.405086
v 1.401609 -0.881629 -1.183020
v 1.409421 -0.849596 -0.405086
v 1.409421 -0.849596 -1.183020
v 1.412104 -0.816236 -0.405086
v 1.412104 -0.816236 -1.183020
v 1.409422 -0.782876 -0.405086
v 1.409422 -0.782876 -1.183020
v 1.401610 -0.750843 -0.405086
v 1.401610 -0.750843 -1.183020
v 1.389024 -0.720438 -0.405086
v 1.389024 -0.720438 -1.183020
v 1.372020 -0.691960 -0.405086
v 1.372020 -0.691960 -1.183020
v 1.350954 -0.665710 -0.405086
v 1.350954 -0.665710 -1.183020
v 1.326180 -0.641987 -0.405086
v 1.326180 -0.641987 -1.183020
v 1.298055 -0.621091 -0.405086
v 1.298055 -0.621091 -1.183020
v 1.266934 -0.603322 -0.405086
v 1.266934 -0.603322 -1.183020
v 1.233172 -0.588980 -0.405086
v 1.233172 -0.588980 -1.183020
v 1.197125 -0.578364 -0.405086
v 1.197125 -0.578364 -1.183020
v 1.159148 -0.571774 -0.405086
v 1.159148 -0.571774 -1.183020
v 1.119596 -0.569511 -0.405086
v 1.119596 -0.569511 -1.183020
v 1.080045 -0.571774 -0.405086
v 1.080045 -0.571774 -1.183020
v 1.042068 -0.578364 -0.405086
v 1.042068 -0.578364 -1.183020
v 1.006021 -0.588980 -0.405086
v 1.006021 -0.588980 -1.183020
v 0.972259 -0.603322 -0.405086
v 0.972259 -0.603322 -1.183020
v 0.941138 -0.621091 -0.405086
v 0.941138 -0.621091 -1.183020
v 0.913013 -0.641987 -0.405086
v 0.913013 -0.641987 -1.183020
v 0.888239 -0.665710 -0.405086
v 0.888239 -0.665710 -1.183020
v 0.867173 -0.691960 -0.405086
v 0.867173 -0.691960 -1.183020
v 0.850169 -0.720438 -0.405086
v 0.850169 -0.720438 -1.183020
v 0.837584 -0.750843 -0.405086
v 0.837584 -0.750843 -1.183020
v 0.829772 -0.782876 -0.405086
v 0.829772 -0.782876 -1.183019
v 0.827088 -0.816236 -0.405086
v 0.827088 -0.816236 -1.183019
v -0.237883 -0.849596 -0.405086
v -0.237883 -0.849596 -1.183019
v -0.230071 -0.881629 -0.405086
v -0.230071 -0.881629 -1.183019
v -0.217485 -0.912034 -0.405086
v -0.217485 -0.912034 -1.183019
v -0.200482 -0.940512 -0.405086
v -0.200482 -0.940512 -1.183019
v -0.179415 -0.966762 -0.405086
v -0.179415 -0.966762 -1.183019
v -0.154642 -0.990485 -0.405086
v -0.154642 -0.990485 -1.183019
v -0.126517 -1.011381 -0.405086
v -0.126517 -1.011381 -1.183019
v -0.095395 -1.029150 -0.405086
v -0.095396 -1.029150 -1.183019
v -0.061633 -1.043492 -0.405086
v -0.061634 -1.043492 -1.183019
v -0.025586 -1.054108 -0.405086
v -0.025586 -1.054108 -1.183019
v 0.012391 -1.060697 -0.405086
v 0.012391 -1.060697 -1.183019
v 0.051942 -1.062960 -0.405086
v 0.051942 -1.062960 -1.183019
v 0.091493 -1.060697 -0.405086
v 0.091493 -1.060697 -1.183019
v 0.129470 -1.054108 -0.405086
v 0.129470 -1.054108 -1.183019
v 0.165517 -1.043492 -0.405086
v 0.165517 -1.043492 -1.183019
v 0.199279 -1.029150 -0.405086
v 0.199279 -1.029150 -1.183019
v 0.230401 -1.011381 -0.405086
v 0.230401 -1.011381 -1.183019
v 0.258526 -0.990485 -0.405086
v 0.258526 -0.990485 -1.183019
v 0.283299 -0.966762 -0.405086
v 0.283299 -0.966762 -1.183019
v 0.304366 -0.940512 -0.405086
v 0.304365 -0.940512 -1.183019
v 0.321369 -0.912034 -0.405086
v 0.321369 -0.912034 -1.183019
v 0.333955 -0.881629 -0.405086
v 0.333955 -0.881629 -1.183019
v 0.341767 -0.849596 -0.405086
v 0.341767 -0.849596 -1.183019
v 0.344450 -0.816236 -0.405086
v 0.344450 -0.816236 -1.183019
v 0.341767 -0.782876 -0.405086
v 0.341767 -0.782876 -1.183019
v 0.333955 -0.750843 -0.405086
v 0.333955 -0.750843 -1.183019
v 0.321369 -0.720438 -0.405086
v 0.321369 -0.720438 -1.183019
v 0.304365 -0.691960 -0.405086
v 0.304365 -0.691960 -1.183019
v 0.283299 -0.665710 -0.405086
v 0.283299 -0.665710 -1.183019
v 0.258526 -0.641987 -0.405086
v 0.258526 -0.641987 -1.183019
v 0.230401 -0.621091 -0.405086
v 0.230401 -0.621091 -1.183019
v 0.199279 -0.603322 -0.405086
v 0.199279 -0.603322 -1.183019
v 0.165517 -0.588980 -0.405086
v 0.165517 -0.588980 -1.183019
v 0.129470 -0.578364 -0.405086
v 0.129470 -0.578364 -1.183019
v 0.091493 -0.571774 -0.405086
v 0.091493 -0.571774 -1.183019
v 0.051942 -0.569511 -0.405086
v 0.051942 -0.569511 -1.183019
v 0.012391 -0.571774 -0.405086
v 0.012391 -0.571774 -1.183019
v -0.025586 -0.578364 -0.405086
v -0.025586 -0.578364 -1.183019
v -0.061633 -0.588980 -0.405086
v -0.061634 -0.588980 -1.183019
v -0.095395 -0.603322 -0.405086
v -0.095395 -0.603322 -1.183019
v -0.126517 -0.621091 -0.405086
v -0.126517 -0.621091 -1.183019
v -0.154642 -0.641987 -0.405086
v -0.154642 -0.641987 -1.183019
v -0.179415 -0.665710 -0.405086
v -0.179415 -0.665710 -1.183019
v -0.200482 -0.691960 -0.405086
v -0.200482 -0.691960 -1.183019
v -0.217485 -0.720438 -0.405086
v -0.217485 -0.720438 -1.183019
v -0.230071 -0.750843 -0.405086
v -0.230071 -0.750843 -1.183019
v -0.237883 -0.782876 -0.405086
v -0.237883 -0.782876 -1.183019
v -0.240566 -0.816236 -0.405086
v -0.240566 -0.816236 -1.183019
v -1.305538 -0.849596 -0.405086
v -1.305538 -0.849596 -1.183019
v -1.297726 -0.881629 -0.405086
v -1.297726 -0.881629 -1.183019
v -1.285140 -0.912034 -0.405086
v -1.285140 -0.912034 -1.183019
v -1.268136 -0.940512 -0.405086
v -1.268136 -0.940512 -1.183019
v -1.247070 -0.966762 -0.405086
v -1.247070 -0.966762 -1.183019
v -1.222296 -0.990485 -0.405086
v -1.222297 -0.990485 -1.183019
v -1.194171 -1.011381 -0.405086
v -1.194172 -1.011381 -1.183019
v -1.163050 -1.029150 -0.405086
v -1.163050 -1.029150 -1.183019
v -1.129288 -1.043492 -0.405086
v -1.129288 -1.043492 -1.183019
v -1.093241 -1.054108 -0.405086
v -1.093241 -1.054108 -1.183019
v -1.055264 -1.060697 -0.405086
v -1.055264 -1.060697 -1.183019
v -1.015713 -1.062960 -0.405086
v -1.015713 -1.062960 -1.183019
v -0.976161 -1.060697 -0.405086
v -0.976161 -1.060697 -1.183019
v -0.938184 -1.054108 -0.405086
v -0.938184 -1.054108 -1.183019
v -0.902137 -1.043492 -0.405086
v -0.902137 -1.043492 -1.183019
v -0.868375 -1.029150 -0.405086
v -0.868375 -1.029150 -1.183019
v -0.837254 -1.011381 -0.405086
v -0.837254 -1.011381 -1.183019
v -0.809129 -0.990485 -0.405086
v -0.809129 -0.990485 -1.183019
v -0.784355 -0.966762 -0.405086
v -0.784356 -0.966762 -1.183019
v -0.763289 -0.940512 -0.405086
v -0.763289 -0.940512 -1.183019
v -0.746285 -0.912034 -0.405086
v -0.746286 -0.912034 -1.183019
v -0.733700 -0.881629 -0.405086
v -0.733700 -0.881629 -1.183019
v -0.725888 -0.849596 -0.405086
v -0.725888 -0.849596 -1.183019
v -0.723205 -0.816236 -0.405086
v -0.723205 -0.816236 -1.183019
v -0.725888 -0.782876 -0.405086
v -0.725888 -0.782876 -1.183019
v -0.733700 -0.750843 -0.405086
v -0.733700 -0.750843 -1.183019
v -0.746285 -0.720438 -0.405086
v -0.746286 -0.720438 -1.183019
v -0.763289 -0.691960 -0.405086
v -0.763289 -0.691960 -1.183019
v -0.784356 -0.665710 -0.405086
v -0.784356 -0.665710 -1.183019
v -0.809129 -0.641987 -0.405086
v -0.809129 -0.641987 -1.183019
v -0.837254 -0.621091 -0.405086
v -0.837254 -0.621091 -1.183019
v -0.868375 -0.603322 -0.405086
v -0.868375 -0.603322 -1.183019
v -0.902137 -0.588980 -0.405086
v -0.902137 -0.588980 -1.183019
v -0.938184 -0.578364 -0.405086
v -0.938185 -0.578364 -1.183019
v -0.976161 -0.571774 -0.405086
v -0.976162 -0.571774 -1.183019
v -1.015713 -0.569511 -0.405086
v -1.015713 -0.569511 -1.183019
v -1.055264 -0.571774 -0.405086
v -1.055264 -0.571774 -1.183019
v -1.093241 -0.578364 -0.405086
v -1.093241 -0.578364 -1.183019
v -1.129288 -0.588980 -0.405086
v -1.129288 -0.588980 -1.183019
v -1.163050 -0.603322 -0.405086
v -1.163050 -0.603322 -1.183019
v -1.194171 -0.621091 -0.405086
v -1.194171 -0.621091 -1.183019
v -1.222296 -0.641987 -0.405086
v -1.222297 -0.641987 -1.183019
v -1.247070 -0.665710 -0.405086
v -1.247070 -0.665710 -1.183019
v -1.268136 -0.691960 -0.405086
v -1.268136 -0.691960 -1.183019
v -1.285140 -0.720438 -0.405086
v -1.285140 -0.720438 -1.183019
v -1.297726 -0.750843 -0.405086
v -1.297726 -0.750843 -1.183019
v -1.305538 -0.782876 -0.405086
v -1.305538 -0.782876 -1.183019
v -1.308221 -0.816236 -0.405086
v -1.308221 -0.816236 -1.183019
v -4.723653 -0.871768 -0.405086
v -4.723653 -0.871768 -1.183019
v -4.617173 -0.906853 -0.405086
v -4.617173 -0.906853 -1.183019
v -4.512860 -0.938056 -0.405086
v -4.512860 -0.938056 -1.183019
v -4.410070 -0.965488 -0.405086
v -4.410070 -0.965488 -1.183019
v -4.308160 -0.989266 -0.405086
v -4.308160 -0.989266 -1.183019
v -4.206488 -1.009503 -0.405086
v -4.206488 -1.009503 -1.183019
v -4.104409 -1.026313 -0.405086
v -4.104409 -1.026313 -1.183019
v -4.001281 -1.039811 -0.405086
v -4.001281 -1.039811 -1.183019
v -3.896460 -1.050110 -0.405086
v -3.896460 -1.050110 -1.183019
v -3.789303 -1.057325 -0.405086
v -3.789303 -1.057325 -1.183019
v -3.679167 -1.061570 -0.405086
v -3.679167 -1.061570 -1.183019
v -3.565408 -1.062960 -0.405086
v -3.565408 -1.062960 -1.183019
v -3.316548 -1.050672 -0.405086
v -3.316548 -1.050672 -1.183019
v -3.080535 -1.014682 -0.405086
v -3.080535 -1.014682 -1.183019
v -2.859047 -0.956304 -0.405086
v -2.859047 -0.956304 -1.183019
v -2.653758 -0.876851 -0.405086
v -2.653758 -0.876851 -1.183019
v -2.466345 -0.777638 -0.405086
v -2.466345 -0.777638 -1.183019
v -2.298483 -0.659977 -0.405086
v -2.298483 -0.659977 -1.183019
v -2.151848 -0.525183 -0.405086
v -2.151848 -0.525183 -1.183019
v -2.028116 -0.374569 -0.405086
v -2.028116 -0.374569 -1.183019
v -1.928963 -0.209449 -0.405086
v -1.928963 -0.209449 -1.183019
v -1.856064 -0.031136 -0.405086
v -1.856064 -0.031136 -1.183019
v -1.811096 0.159058 -0.405086
v -1.811096 0.159058 -1.183019
v -1.795735 0.359816 -0.405086
v -1.795735 0.359816 -1.183019
v -1.811477 0.562085 -0.405086
v -1.811477 0.562085 -1.183019
v -1.857486 0.754631 -0.405086
v -1.857486 0.754631 -1.183019
v -1.931934 0.935955 -0.405086
v -1.931934 0.935955 -1.183019
v -2.032991 1.104557 -0.405086
v -2.032991 1.104557 -1.183019
v -2.158830 1.258938 -0.405086
v -2.158830 1.258938 -1.183019
v -2.307624 1.397599 -0.405086
v -2.307624 1.397599 -1.183019
v -2.477542 1.519041 -0.405086
v -2.477542 1.519041 -1.183019
v -2.666759 1.621764 -0.405086
v -2.666759 1.621764 -1.183019
v -2.873444 1.704270 -0.405086
v -2.873444 1.704270 -1.183019
v -3.095770 1.765059 -0.405086
v -3.095770 1.765059 -1.183019
v -3.331909 1.802631 -0.405086
v -3.331909 1.802631 -1.183019
v -3.580033 1.815489 -0.405086
v -3.580033 1.815489 -1.183019
v -3.675310 1.814330 -0.405086
v -3.675310 1.814330 -1.183019
v -3.766981 1.810673 -0.405086
v -3.766981 1.810673 -1.183019
v -3.856316 1.804245 -0.405086
v -3.856316 1.804245 -1.183019
v -3.944585 1.794777 -0.405086
v -3.944585 1.794777 -1.183019
v -4.033057 1.781995 -0.405086
v -4.033057 1.781995 -1.183019
v -4.123001 1.765630 -0.405086
v -4.123001 1.765630 -1.183019
v -4.215688 1.745410 -0.405086
v -4.215688 1.745410 -1.183019
v -4.312387 1.721064 -0.405086
v -4.312387 1.721064 -1.183019
v -4.414367 1.692319 -0.405086
v -4.414367 1.692319 -1.183019
v -4.522898 1.658906 -0.405086
v -4.522898 1.658906 -1.183019
v -4.639249 1.620553 -0.405086
v -4.639249 1.620553 -1.183019
v -4.764691 1.576989 -0.405086
v -4.764691 1.576989 -1.183019
v -4.764691 1.169894 -0.405086
v -4.764691 1.169894 -1.183019
v -4.666895 1.213323 -0.405086
v -4.666895 1.213323 -1.183019
v -4.568558 1.253126 -0.405086
v -4.568558 1.253126 -1.183019
v -4.469746 1.289273 -0.405086
v -4.469746 1.289273 -1.183019
v -4.370528 1.321736 -0.405086
v -4.370528 1.321736 -1.183019
v -4.270971 1.350487 -0.405086
v -4.270971 1.350487 -1.183019
v -4.171144 1.375497 -0.405086
v -4.171144 1.375497 -1.183019
v -4.071113 1.396738 -0.405086
v -4.071113 1.396738 -1.183019
v -3.970947 1.414181 -0.405086
v -3.970947 1.414181 -1.183019
v -3.870713 1.427798 -0.405086
v -3.870713 1.427798 -1.183019
v -3.770480 1.437559 -0.405086
v -3.770480 1.437559 -1.183019
v -3.670314 1.443437 -0.405086
v -3.670314 1.443437 -1.183019
v -3.570283 1.445403 -0.405086
v -3.570283 1.445403 -1.183019
v -3.393487 1.435909 -0.405086
v -3.393487 1.435909 -1.183019
v -3.224781 1.408167 -0.405086
v -3.224781 1.408167 -1.183019
v -3.065555 1.363291 -0.405086
v -3.065555 1.363291 -1.183019
v -2.917196 1.302395 -0.405086
v -2.917196 1.302395 -1.183019
v -2.781093 1.226593 -0.405086
v -2.781093 1.226593 -1.183019
v -2.658633 1.136998 -0.405086
v -2.658633 1.136998 -1.183019
v -2.551205 1.034725 -0.405086
v -2.551205 1.034725 -1.183019
v -2.460197 0.920886 -0.405086
v -2.460197 0.920886 -1.183019
v -2.386997 0.796595 -0.405086
v -2.386997 0.796595 -1.183019
v -2.332993 0.662967 -0.405086
v -2.332993 0.662967 -1.183019
v -2.299572 0.521115 -0.405086
v -2.299572 0.521115 -1.183019
v -2.288123 0.372152 -0.405086
v -2.288123 0.372152 -1.183019
v -2.299515 0.219896 -0.405086
v -2.299515 0.219896 -1.183019
v -2.332947 0.076235 -0.405086
v -2.332947 0.076235 -1.183019
v -2.387302 -0.057945 -0.405086
v -2.387302 -0.057945 -1.183019
v -2.461461 -0.181759 -0.405086
v -2.461461 -0.181759 -1.183019
v -2.554309 -0.294322 -0.405086
v -2.554309 -0.294322 -1.183019
v -2.664727 -0.394749 -0.405086
v -2.664727 -0.394749 -1.183019
v -2.791599 -0.482154 -0.405086
v -2.791599 -0.482154 -1.183019
v -2.933808 -0.555653 -0.405086
v -2.933808 -0.555653 -1.183019
v -3.090235 -0.614359 -0.405086
v -3.090235 -0.614359 -1.183019
v -3.259764 -0.657388 -0.405086
v -3.259764 -0.657388 -1.183019
v -3.441278 -0.683855 -0.405086
v -3.441278 -0.683855 -1.183019
v -3.633660 -0.692874 -0.405086
v -3.633660 -0.692874 -1.183019
v -3.697759 -0.691868 -0.405086
v -3.697759 -0.691868 -1.183019
v -3.760910 -0.688934 -0.405086
v -3.760910 -0.688934 -1.183019
v -3.823181 -0.684200 -0.405086
v -3.823181 -0.684200 -1.183019
v -3.884639 -0.677796 -0.405086
v -3.884639 -0.677796 -1.183019
v -3.945352 -0.669851 -0.405086
v -3.945352 -0.669851 -1.183019
v -4.005388 -0.660491 -0.405086
v -4.005388 -0.660491 -1.183019
v -4.064816 -0.649848 -0.405086
v -4.064816 -0.649848 -1.183019
v -4.123701 -0.638046 -0.405086
v -4.123701 -0.638046 -1.183019
v -4.182112 -0.625217 -0.405086
v -4.182112 -0.625217 -1.183019
v -4.240117 -0.611489 -0.405086
v -4.240117 -0.611489 -1.183019
v -4.297784 -0.596990 -0.405086
v -4.297784 -0.596990 -1.183019
v -4.355180 -0.581848 -0.405086
v -4.355180 -0.581848 -1.183019
v -4.355180 -0.006158 -0.405086
v -4.355180 -0.006158 -1.183019
v -3.716537 -0.006158 -0.405086
v -3.716537 -0.006158 -1.183019
v -3.716537 0.355704 -0.405086
v -3.716537 0.355704 -1.183019
v -4.832942 0.355704 -0.405086
v -4.832942 0.355704 -1.183019
v -4.832942 -0.832684 -0.405086
v -4.832942 -0.832684 -1.183019
v -7.115625 -0.945193 -0.405086
v -7.115625 -0.945193 -1.183019
v -7.072277 -0.968249 -0.405086
v -7.072277 -0.968249 -1.183019
v -7.032618 -0.988365 -0.405086
v -7.032618 -0.988365 -1.183019
v -6.996057 -1.005695 -0.405086
v -6.996057 -1.005695 -1.183019
v -6.962002 -1.020400 -0.405086
v -6.962002 -1.020400 -1.183019
v -6.929860 -1.032633 -0.405086
v -6.929860 -1.032633 -1.183019
v -6.899037 -1.042554 -0.405086
v -6.899037 -1.042554 -1.183019
v -6.868943 -1.050319 -0.405086
v -6.868943 -1.050319 -1.183019
v -6.838984 -1.056085 -0.405086
v -6.838984 -1.056085 -1.183019
v -6.808568 -1.060009 -0.405086
v -6.808568 -1.060009 -1.183019
v -6.777102 -1.062249 -0.405086
v -6.777102 -1.062249 -1.183019
v -6.743995 -1.062960 -0.405086
v -6.743995 -1.062960 -1.183019
v -6.698277 -1.061751 -0.405086
v -6.698277 -1.061751 -1.183019
v -6.656130 -1.058086 -0.405086
v -6.656130 -1.058086 -1.183019
v -6.617470 -1.051909 -0.405086
v -6.617470 -1.051909 -1.183019
v -6.582212 -1.043161 -0.405086
v -6.582212 -1.043161 -1.183019
v -6.550273 -1.031786 -0.405086
v -6.550273 -1.031786 -1.183019
v -6.521566 -1.017727 -0.405086
v -6.521566 -1.017727 -1.183019
v -6.496009 -1.000927 -0.405086
v -6.496009 -1.000927 -1.183019
v -6.473515 -0.981328 -0.405086
v -6.473515 -0.981328 -1.183019
v -6.454000 -0.958873 -0.405086
v -6.454000 -0.958873 -1.183019
v -6.437380 -0.933506 -0.405086
v -6.437380 -0.933506 -1.183019
v -6.423570 -0.905169 -0.405086
v -6.423570 -0.905169 -1.183019
v -6.412486 -0.873805 -0.405086
v -6.412486 -0.873805 -1.183019
v -6.364755 -0.904305 -0.405086
v -6.364755 -0.904305 -1.183019
v -6.316653 -0.932078 -0.405086
v -6.316653 -0.932078 -1.183019
v -6.268212 -0.957139 -0.405086
v -6.268212 -0.957139 -1.183019
v -6.219467 -0.979500 -0.405086
v -6.219467 -0.979500 -1.183019
v -6.170450 -0.999178 -0.405086
v -6.170450 -0.999178 -1.183019
v -6.121197 -1.016185 -0.405086
v -6.121197 -1.016185 -1.183019
v -6.071740 -1.030537 -0.405086
v -6.071740 -1.030537 -1.183019
v -6.022114 -1.042247 -0.405086
v -6.022114 -1.042247 -1.183019
v -5.972353 -1.051331 -0.405086
v -5.972353 -1.051331 -1.183019
v -5.922490 -1.057801 -0.405086
v -5.922490 -1.057801 -1.183019
v -5.872560 -1.061673 -0.405086
v -5.872560 -1.061673 -1.183019
v -5.822595 -1.062960 -0.405086
v -5.822595 -1.062960 -1.183019
v -5.744451 -1.058614 -0.405086
v -5.744451 -1.058614 -1.183019
v -5.671149 -1.046016 -0.405086
v -5.671149 -1.046016 -1.183019
v -5.603061 -1.025823 -0.405086
v -5.603061 -1.025823 -1.183019
v -5.540559 -0.998690 -0.405086
v -5.540559 -0.998690 -1.183019
v -5.484015 -0.965274 -0.405086
v -5.484015 -0.965274 -1.183019
v -5.433803 -0.926234 -0.405086
v -5.433803 -0.926234 -1.183019
v -5.390293 -0.882224 -0.405086
v -5.390293 -0.882224 -1.183019
v -5.353860 -0.833902 -0.405086
v -5.353860 -0.833902 -1.183019
v -5.324874 -0.781926 -0.405086
v -5.324874 -0.781926 -1.183019
v -5.303709 -0.726951 -0.405086
v -5.303709 -0.726951 -1.183019
v -5.290737 -0.669634 -0.405086
v -5.290737 -0.669634 -1.183019
v -5.286330 -0.610632 -0.405086
v -5.286330 -0.610632 -1.183019
v -5.294303 -0.524305 -0.405086
v -5.294303 -0.524305 -1.183019
v -5.317206 -0.447730 -0.405086
v -5.317206 -0.447730 -1.183019
v -5.353516 -0.380035 -0.405086
v -5.353516 -0.380035 -1.183019
v -5.401709 -0.320351 -0.405086
v -5.401709 -0.320351 -1.183019
v -5.460261 -0.267805 -0.405086
v -5.460261 -0.267805 -1.183019
v -5.527649 -0.221528 -0.405086
v -5.527649 -0.221528 -1.183019
v -5.602351 -0.180647 -0.405086
v -5.602351 -0.180647 -1.183019
v -5.682841 -0.144293 -0.405086
v -5.682841 -0.144293 -1.183019
v -5.767597 -0.111594 -0.405086
v -5.767597 -0.111594 -1.183019
v -5.855095 -0.081679 -0.405086
v -5.855095 -0.081679 -1.183019
v -5.943813 -0.053678 -0.405086
v -5.943813 -0.053678 -1.183019
v -6.032225 -0.026718 -0.405086
v -6.032225 -0.026718 -1.183019
v -6.417361 0.088419 -0.405086
v -6.417361 0.088419 -1.183019
v -6.417361 0.187109 -0.405086
v -6.417361 0.187109 -1.183019
v -6.414618 0.241875 -0.405086
v -6.414618 0.241875 -1.183019
v -6.406391 0.291130 -0.405086
v -6.406391 0.291130 -1.183019
v -6.392680 0.335016 -0.405086
v -6.392680 0.335016 -1.183019
v -6.373484 0.373676 -0.405086
v -6.373484 0.373676 -1.183019
v -6.348804 0.407253 -0.405086
v -6.348804 0.407253 -1.183019
v -6.318639 0.435890 -0.405086
v -6.318639 0.435890 -1.183019
v -6.282990 0.459730 -0.405086
v -6.282990 0.459730 -1.183019
v -6.241855 0.478914 -0.405086
v -6.241855 0.478914 -1.183019
v -6.195237 0.493587 -0.405086
v -6.195237 0.493587 -1.183019
v -6.143134 0.503891 -0.405086
v -6.143134 0.503891 -1.183019
v -6.085547 0.509969 -0.405086
v -6.085547 0.509969 -1.183019
v -6.022475 0.511963 -0.405086
v -6.022475 0.511963 -1.183019
v -5.962676 0.509981 -0.405086
v -5.962676 0.509981 -1.183019
v -5.902808 0.503986 -0.405086
v -5.902808 0.503986 -1.183019
v -5.843009 0.493908 -0.405086
v -5.843009 0.493908 -1.183019
v -5.783413 0.479676 -0.405086
v -5.783413 0.479676 -1.183019
v -5.724155 0.461216 -0.405086
v -5.724155 0.461216 -1.183019
v -5.665371 0.438459 -0.405086
v -5.665371 0.438459 -1.183019
v -5.607197 0.411334 -0.405086
v -5.607197 0.411334 -1.183019
v -5.549767 0.379767 -0.405086
v -5.549767 0.379767 -1.183019
v -5.493218 0.343689 -0.405086
v -5.493218 0.343689 -1.183019
v -5.437685 0.303028 -0.405086
v -5.437685 0.303028 -1.183019
v -5.383302 0.257711 -0.405086
v -5.383302 0.257711 -1.183019
v -5.330206 0.207669 -0.405086
v -5.330206 0.207669 -1.183019
v -5.330206 0.606541 -0.405086
v -5.330206 0.606541 -1.183019
v -5.374292 0.646893 -0.405086
v -5.374292 0.646893 -1.183019
v -5.421255 0.683661 -0.405086
v -5.421255 0.683661 -1.183019
v -5.471129 0.716859 -0.405086
v -5.471129 0.716859 -1.183019
v -5.523948 0.746503 -0.405086
v -5.523948 0.746503 -1.183019
v -5.579747 0.772605 -0.405086
v -5.579747 0.772605 -1.183019
v -5.638559 0.795182 -0.405086
v -5.638559 0.795182 -1.183019
v -5.700418 0.814245 -0.405086
v -5.700418 0.814245 -1.183019
v -5.765357 0.829811 -0.405086
v -5.765357 0.829811 -1.183019
v -5.833412 0.841892 -0.405086
v -5.833412 0.841892 -1.183019
v -5.904614 0.850504 -0.405086
v -5.904614 0.850504 -1.183019
v -5.979000 0.855661 -0.405086
v -5.979000 0.855661 -1.183019
v -6.056601 0.857377 -0.405086
v -6.056601 0.857377 -1.183019
v -6.165430 0.853412 -0.405086
v -6.165430 0.853412 -1.183019
v -6.269503 0.841424 -0.405086
v -6.269503 0.841424 -1.183019
v -6.367923 0.821268 -0.405086
v -6.367923 0.821268 -1.183019
v -6.459791 0.792802 -0.405086
v -6.459791 0.792802 -1.183019
v -6.544212 0.755883 -0.405086
v -6.544212 0.755883 -1.183019
v -6.620287 0.710370 -0.405086
v -6.620287 0.710370 -1.183019
v -6.687120 0.656118 -0.405086
v -6.687120 0.656118 -1.183019
v -6.743814 0.592986 -0.405086
v -6.743814 0.592986 -1.183019
v -6.789470 0.520829 -0.405086
v -6.789470 0.520829 -1.183019
v -6.823193 0.439507 -0.405086
v -6.823193 0.439507 -1.183019
v -6.844084 0.348875 -0.405086
v -6.844084 0.348875 -1.183019
v -6.851247 0.248790 -0.405086
v -6.851247 0.248790 -1.183019
v -6.851247 -0.701098 -0.405086
v -6.851247 -0.701098 -1.183019
v -6.851855 -0.717644 -0.405086
v -6.851855 -0.717644 -1.183019
v -6.853663 -0.732376 -0.405086
v -6.853663 -0.732376 -1.183019
v -6.856657 -0.745367 -0.405086
v -6.856657 -0.745367 -1.183019
v -6.860818 -0.756687 -0.405086
v -6.860818 -0.756687 -1.183019
v -6.866130 -0.766408 -0.405086
v -6.866130 -0.766408 -1.183019
v -6.872577 -0.774601 -0.405086
v -6.872577 -0.774601 -1.183019
v -6.880141 -0.781338 -0.405086
v -6.880141 -0.781338 -1.183019
v -6.888805 -0.786690 -0.405086
v -6.888805 -0.786690 -1.183019
v -6.898552 -0.790728 -0.405086
v -6.898552 -0.790728 -1.183019
v -6.909366 -0.793524 -0.405086
v -6.909366 -0.793524 -1.183019
v -6.921229 -0.795149 -0.405086
v -6.921229 -0.795149 -1.183019
v -6.934125 -0.795675 -0.405086
v -6.934125 -0.795675 -1.183019
v -6.945988 -0.794912 -0.405086
v -6.945988 -0.794912 -1.183019
v -6.959561 -0.792648 -0.405086
v -6.959561 -0.792648 -1.183019
v -6.974725 -0.788929 -0.405086
v -6.974725 -0.788929 -1.183019
v -6.991362 -0.783796 -0.405086
v -6.991362 -0.783796 -1.183019
v -7.009353 -0.777293 -0.405086
v -7.009353 -0.777293 -1.183019
v -7.028580 -0.769461 -0.405086
v -7.028580 -0.769461 -1.183019
v -7.048924 -0.760345 -0.405086
v -7.048924 -0.760345 -1.183019
v -7.070267 -0.749986 -0.405086
v -7.070267 -0.749986 -1.183019
v -7.092490 -0.738428 -0.405086
v -7.092490 -0.738428 -1.183019
v -7.115475 -0.725713 -0.405086
v -7.115475 -0.725713 -1.183019
v -7.139103 -0.711884 -0.405086
v -7.139103 -0.711884 -1.183019
v -7.163256 -0.696986 -0.405086
v -7.163256 -0.696986 -1.183019
v -7.163256 -0.919037 -0.405086
v -7.163256 -0.919037 -1.183019
v -6.325907 -0.139864 -0.405086
v -6.325907 -0.139864 -1.183019
v -6.237432 -0.167043 -0.405086
v -6.237432 -0.167043 -1.183019
v -6.152885 -0.194992 -0.405086
v -6.152885 -0.194992 -1.183019
v -6.073212 -0.224098 -0.405086
v -6.073212 -0.224098 -1.183019
v -5.999363 -0.254745 -0.405086
v -5.999363 -0.254745 -1.183019
v -5.932285 -0.287321 -0.405086
v -5.932285 -0.287321 -1.183019
v -5.872925 -0.322209 -0.405086
v -5.872925 -0.322209 -1.183019
v -5.822233 -0.359797 -0.405086
v -5.822233 -0.359797 -1.183019
v -5.781156 -0.400467 -0.405086
v -5.781156 -0.400467 -1.183019
v -5.750641 -0.444608 -0.405086
v -5.750641 -0.444608 -1.183019
v -5.731637 -0.492603 -0.405086
v -5.731637 -0.492603 -1.183019
v -5.725092 -0.544839 -0.405086
v -5.725092 -0.544839 -1.183019
v -5.727785 -0.581897 -0.405086
v -5.727785 -0.581897 -1.183019
v -5.735676 -0.616857 -0.405086
v -5.735676 -0.616857 -1.183019
v -5.748476 -0.649503 -0.405086
v -5.748476 -0.649503 -1.183019
v -5.765898 -0.679623 -0.405086
v -5.765898 -0.679623 -1.183019
v -5.787652 -0.707001 -0.405086
v -5.787652 -0.707001 -1.183019
v -5.813453 -0.731423 -0.405086
v -5.813453 -0.731423 -1.183019
v -5.843011 -0.752676 -0.405086
v -5.843011 -0.752676 -1.183019
v -5.876040 -0.770545 -0.405086
v -5.876040 -0.770545 -1.183019
v -5.912251 -0.784817 -0.405086
v -5.912251 -0.784817 -1.183019
v -5.951357 -0.795276 -0.405086
v -5.951357 -0.795276 -1.183019
v -5.993069 -0.801708 -0.405086
v -5.993069 -0.801708 -1.183019
v -6.037101 -0.803900 -0.405086
v -6.037101 -0.803900 -1.183019
v -6.071026 -0.802712 -0.405086
v -6.071026 -0.802712 -1.183019
v -6.104542 -0.799197 -0.405086
v -6.104542 -0.799197 -1.183019
v -6.137652 -0.793427 -0.405086
v -6.137652 -0.793427 -1.183019
v -6.170356 -0.785471 -0.405086
v -6.170356 -0.785471 -1.183019
v -6.202653 -0.775403 -0.405086
v -6.202653 -0.775403 -1.183019
v -6.234544 -0.763293 -0.405086
v -6.234544 -0.763293 -1.183019
v -6.266029 -0.749212 -0.405086
v -6.266029 -0.749212 -1.183019
v -6.297108 -0.733233 -0.405086
v -6.297108 -0.733233 -1.183019
v -6.327781 -0.715426 -0.405086
v -6.327781 -0.715426 -1.183019
v -6.358047 -0.695863 -0.405086
v -6.358047 -0.695863 -1.183019
v -6.387907 -0.674614 -0.405086
v -6.387907 -0.674614 -1.183019
v -6.417361 -0.651753 -0.405086
v -6.417361 -0.651753 -1.183019
v -6.417361 -0.113072 -0.405086
v -6.417361 -0.113072 -1.183019
v -7.962777 0.577756 -0.405086
v -7.962777 0.577756 -1.183019
v -8.018541 0.622993 -0.405086
v -8.018541 0.622993 -1.183019
v -8.073730 0.664147 -0.405086
v -8.073730 0.664147 -1.183019
v -8.128379 0.701247 -0.405086
v -8.128379 0.701247 -1.183019
v -8.182518 0.734319 -0.405086
v -8.182518 0.734319 -1.183019
v -8.236185 0.763394 -0.405086
v -8.236185 0.763394 -1.183019
v -8.289411 0.788500 -0.405086
v -8.289411 0.788500 -1.183019
v -8.342230 0.809664 -0.405086
v -8.342230 0.809664 -1.183019
v -8.394677 0.826917 -0.405086
v -8.394677 0.826917 -1.183019
v -8.446786 0.840286 -0.405086
v -8.446786 0.840286 -1.183019
v -8.498590 0.849800 -0.405086
v -8.498590 0.849800 -1.183019
v -8.550123 0.855487 -0.405086
v -8.550123 0.855487 -1.183019
v -8.601419 0.857377 -0.405086
v -8.601419 0.857377 -1.183019
v -8.669855 0.854986 -0.405086
v -8.669855 0.854986 -1.183019
v -8.736140 0.847839 -0.405086
v -8.736140 0.847839 -1.183019
v -8.800158 0.835982 -0.405086
v -8.800158 0.835982 -1.183019
v -8.861788 0.819455 -0.405086
v -8.861788 0.819455 -1.183019
v -8.920913 0.798302 -0.405086
v -8.920913 0.798302 -1.183019
v -8.977414 0.772565 -0.405086
v -8.977414 0.772565 -1.183019
v -9.031173 0.742289 -0.405086
v -9.031173 0.742289 -1.183019
v -9.082071 0.707515 -0.405086
v -9.082071 0.707515 -1.183019
v -9.129991 0.668286 -0.405086
v -9.129991 0.668286 -1.183019
v -9.174811 0.624645 -0.405086
v -9.174811 0.624645 -1.183019
v -9.216417 0.576635 -0.405086
v -9.216417 0.576635 -1.183019
v -9.254687 0.524299 -0.405086
v -9.254687 0.524299 -1.183019
v -9.303058 0.568861 -0.405086
v -9.303058 0.568861 -1.183019
v -9.353206 0.611794 -0.405086
v -9.353206 0.611794 -1.183019
v -9.405283 0.652672 -0.405086
v -9.405283 0.652672 -1.183019
v -9.459443 0.691066 -0.405086
v -9.459443 0.691066 -1.183019
v -9.515837 0.726547 -0.405086
v -9.515837 0.726547 -1.183019
v -9.574618 0.758687 -0.405086
v -9.574618 0.758687 -1.183019
v -9.635938 0.787057 -0.405086
v -9.635938 0.787057 -1.183019
v -9.699949 0.811230 -0.405086
v -9.699949 0.811230 -1.183019
v -9.766805 0.830777 -0.405086
v -9.766805 0.830777 -1.183019
v -9.836656 0.845269 -0.405086
v -9.836656 0.845269 -1.183019
v -9.909657 0.854278 -0.405086
v -9.909657 0.854278 -1.183019
v -9.985957 0.857377 -0.405086
v -9.985957 0.857377 -1.183019
v -10.093443 0.851461 -0.405086
v -10.093443 0.851461 -1.183019
v -10.193804 0.834037 -0.405086
v -10.193804 0.834037 -1.183019
v -10.286614 0.805591 -0.405086
v -10.286614 0.805591 -1.183019
v -10.371452 0.766606 -0.405086
v -10.371452 0.766606 -1.183019
v -10.447895 0.717571 -0.405086
v -10.447895 0.717571 -1.183019
v -10.515518 0.658969 -0.405085
v -10.515518 0.658969 -1.183019
v -10.573898 0.591287 -0.405085
v -10.573898 0.591287 -1.183019
v -10.622612 0.515009 -0.405085
v -10.622612 0.515009 -1.183019
v -10.661239 0.430621 -0.405085
v -10.661239 0.430621 -1.183019
v -10.689353 0.338609 -0.405085
v -10.689353 0.338609 -1.183018
v -10.706532 0.239458 -0.405085
v -10.706532 0.239458 -1.183018
v -10.712352 0.133653 -0.405085
v -10.712352 0.133653 -1.183018
v -10.712352 -1.025951 -0.405085
v -10.712352 -1.025951 -1.183018
v -10.278466 -1.025951 -0.405085
v -10.278466 -1.025951 -1.183018
v -10.278466 0.117204 -0.405085
v -10.278466 0.117204 -1.183019
v -10.274292 0.184439 -0.405085
v -10.274292 0.184439 -1.183019
v -10.262147 0.246277 -0.405085
v -10.262147 0.246277 -1.183019
v -10.242587 0.302632 -0.405086
v -10.242587 0.302632 -1.183019
v -10.216172 0.353419 -0.405086
v -10.216172 0.353419 -1.183019
v -10.183460 0.398552 -0.405086
v -10.183460 0.398552 -1.183019
v -10.145009 0.437945 -0.405086
v -10.145009 0.437945 -1.183019
v -10.101377 0.471513 -0.405086
v -10.101377 0.471513 -1.183019
v -10.053126 0.499169 -0.405086
v -10.053126 0.499169 -1.183019
v -10.000812 0.520829 -0.405086
v -10.000812 0.520829 -1.183019
v -9.944993 0.536407 -0.405086
v -9.944993 0.536407 -1.183019
v -9.886229 0.545816 -0.405086
v -9.886229 0.545816 -1.183019
v -9.825078 0.548971 -0.405086
v -9.825078 0.548971 -1.183019
v -9.788765 0.547815 -0.405086
v -9.788765 0.547815 -1.183019
v -9.750710 0.542460 -0.405086
v -9.750710 0.542460 -1.183019
v -9.711198 0.533165 -0.405086
v -9.711198 0.533165 -1.183019
v -9.670518 0.520186 -0.405086
v -9.670518 0.520186 -1.183019
v -9.628959 0.503781 -0.405086
v -9.628959 0.503781 -1.183019
v -9.586806 0.484206 -0.405086
v -9.586806 0.484206 -1.183019
v -9.544349 0.461718 -0.405086
v -9.544349 0.461718 -1.183019
v -9.501875 0.436574 -0.405086
v -9.501875 0.436574 -1.183019
v -9.459671 0.409032 -0.405086
v -9.459671 0.409032 -1.183019
v -9.418027 0.379348 -0.405086
v -9.418027 0.379348 -1.183019
v -9.377229 0.347780 -0.405086
v -9.377229 0.347780 -1.183019
v -9.337564 0.314583 -0.405086
v -9.337564 0.314583 -1.183019
v -9.337564 -1.025951 -0.405086
v -9.337564 -1.025951 -1.183019
v -8.903678 -1.025951 -0.405086
v -8.903678 -1.025951 -1.183019
v -8.903678 0.121316 -0.405086
v -8.903678 0.121316 -1.183019
v -8.900004 0.192790 -0.405086
v -8.900004 0.192790 -1.183019
v -8.889323 0.257224 -0.405086
v -8.889323 0.257224 -1.183019
v -8.872142 0.314776 -0.405086
v -8.872142 0.314776 -1.183019
v -8.848969 0.365604 -0.405086
v -8.848969 0.365604 -1.183019
v -8.820310 0.409863 -0.405086
v -8.820310 0.409863 -1.183019
v -8.786674 0.447712 -0.405086
v -8.786674 0.447712 -1.183019
v -8.748570 0.479307 -0.405086
v -8.748570 0.479307 -1.183019
v -8.706506 0.504805 -0.405086
v -8.706506 0.504805 -1.183019
v -8.660988 0.524363 -0.405086
v -8.660988 0.524363 -1.183019
v -8.612524 0.538139 -0.405086
v -8.612524 0.538139 -1.183019
v -8.561623 0.546289 -0.405086
v -8.561623 0.546289 -1.183019
v -8.508792 0.548971 -0.405086
v -8.508792 0.548971 -1.183019
v -8.455408 0.547737 -0.405086
v -8.455408 0.547737 -1.183019
v -8.404698 0.543889 -0.405086
v -8.404698 0.543889 -1.183019
v -8.356292 0.537213 -0.405086
v -8.356292 0.537213 -1.183019
v -8.309814 0.527497 -0.405086
v -8.309814 0.527497 -1.183019
v -8.264894 0.514526 -0.405086
v -8.264894 0.514526 -1.183019
v -8.221159 0.498085 -0.405086
v -8.221159 0.498085 -1.183019
v -8.178236 0.477960 -0.405086
v -8.178236 0.477960 -1.183019
v -8.135754 0.453937 -0.405086
v -8.135754 0.453937 -1.183019
v -8.093339 0.425802 -0.405086
v -8.093339 0.425802 -1.183019
v -8.050619 0.393341 -0.405086
v -8.050619 0.393341 -1.183019
v -8.007223 0.356339 -0.405086
v -8.007223 0.356339 -1.183019
v -7.962777 0.314583 -0.405086
v -7.962777 0.314583 -1.183019
v -7.962777 -1.025951 -0.405086
v -7.962777 -1.025951 -1.183019
v -7.528890 -1.025951 -0.405086
v -7.528890 -1.025951 -1.183019
v -7.528890 0.820368 -0.405086
v -7.528890 0.820368 -1.183019
v -7.962777 0.820368 -0.405086
v -7.962777 0.820368 -1.183019
v -13.069897 -0.880405 -0.405085
v -13.069897 -0.880405 -1.183018
v -13.004974 -0.912564 -0.405085
v -13.004974 -0.912564 -1.183018
v -12.939984 -0.941525 -0.405085
v -12.939984 -0.941525 -1.183018
v -12.874384 -0.967316 -0.405085
v -12.874384 -0.967316 -1.183018
v -12.807632 -0.989965 -0.405085
v -12.807632 -0.989965 -1.183018
v -12.739189 -1.009503 -0.405085
v -12.739189 -1.009503 -1.183018
v -12.668510 -1.025956 -0.405085
v -12.668510 -1.025956 -1.183018
v -12.595057 -1.039354 -0.405085
v -12.595057 -1.039354 -1.183018
v -12.518284 -1.049724 -0.405085
v -12.518284 -1.049724 -1.183018
v -12.437653 -1.057096 -0.405085
v -12.437653 -1.057096 -1.183018
v -12.352619 -1.061499 -0.405085
v -12.352619 -1.061499 -1.183018
v -12.262644 -1.062960 -0.405085
v -12.262644 -1.062960 -1.183018
v -12.098357 -1.053361 -0.405085
v -12.098357 -1.053361 -1.183018
v -11.946934 -1.025571 -0.405085
v -11.946934 -1.025571 -1.183018
v -11.808647 -0.981105 -0.405085
v -11.808647 -0.981105 -1.183018
v -11.683767 -0.921475 -0.405085
v -11.683767 -0.921475 -1.183018
v -11.572564 -0.848195 -0.405085
v -11.572564 -0.848195 -1.183018
v -11.475309 -0.762779 -0.405085
v -11.475309 -0.762779 -1.183018
v -11.392274 -0.666740 -0.405085
v -11.392274 -0.666740 -1.183018
v -11.323729 -0.561592 -0.405085
v -11.323729 -0.561592 -1.183018
v -11.269944 -0.448848 -0.405085
v -11.269944 -0.448848 -1.183018
v -11.231192 -0.330022 -0.405085
v -11.231192 -0.330022 -1.183018
v -11.207742 -0.206626 -0.405085
v -11.207742 -0.206626 -1.183018
v -11.199864 -0.080175 -0.405085
v -11.199864 -0.080175 -1.183018
v -11.208465 0.055751 -0.405085
v -11.208465 0.055751 -1.183018
v -11.233721 0.183454 -0.405085
v -11.233721 0.183454 -1.183018
v -11.274820 0.302248 -0.405085
v -11.274820 0.302248 -1.183018
v -11.330952 0.411446 -0.405085
v -11.330952 0.411446 -1.183018
v -11.401303 0.510364 -0.405085
v -11.401303 0.510364 -1.183018
v -11.485061 0.598317 -0.405085
v -11.485061 0.598317 -1.183018
v -11.581413 0.674618 -0.405085
v -11.581413 0.674618 -1.183018
v -11.689546 0.738584 -0.405085
v -11.689546 0.738584 -1.183018
v -11.808648 0.789527 -0.405085
v -11.808648 0.789527 -1.183018
v -11.937906 0.826765 -0.405085
v -11.937906 0.826765 -1.183018
v -12.076509 0.849609 -0.405085
v -12.076509 0.849609 -1.183018
v -12.223642 0.857377 -0.405085
v -12.223642 0.857377 -1.183018
v -12.364217 0.850428 -0.405085
v -12.364217 0.850428 -1.183018
v -12.495499 0.829545 -0.405085
v -12.495499 0.829545 -1.183018
v -12.616929 0.794668 -0.405085
v -12.616929 0.794668 -1.183018
v -12.727948 0.745742 -0.405085
v -12.727948 0.745742 -1.183018
v -12.827999 0.682709 -0.405085
v -12.827999 0.682709 -1.183018
v -12.916521 0.605512 -0.405085
v -12.916521 0.605512 -1.183018
v -12.992958 0.514095 -0.405085
v -12.992958 0.514095 -1.183018
v -13.056749 0.408400 -0.405085
v -13.056749 0.408400 -1.183018
v -13.107337 0.288369 -0.405085
v -13.107337 0.288369 -1.183018
v -13.144163 0.153946 -0.405085
v -13.144163 0.153946 -1.183018
v -13.166668 0.005074 -0.405085
v -13.166668 0.005074 -1.183018
v -13.174294 -0.158305 -0.405085
v -13.174294 -0.158305 -1.183018
v -11.633752 -0.158305 -0.405085
v -11.633752 -0.158305 -1.183018
v -11.654567 -0.246108 -0.405085
v -11.654567 -0.246108 -1.183018
v -11.682864 -0.326500 -0.405085
v -11.682864 -0.326500 -1.183018
v -11.718609 -0.399439 -0.405085
v -11.718609 -0.399439 -1.183018
v -11.761768 -0.464882 -0.405085
v -11.761768 -0.464882 -1.183018
v -11.812308 -0.522787 -0.405085
v -11.812308 -0.522787 -1.183018
v -11.870194 -0.573110 -0.405085
v -11.870194 -0.573110 -1.183018
v -11.935393 -0.615808 -0.405085
v -11.935393 -0.615808 -1.183018
v -12.007872 -0.650839 -0.405085
v -12.007872 -0.650839 -1.183018
v -12.087595 -0.678160 -0.405085
v -12.087595 -0.678160 -1.183018
v -12.174530 -0.697728 -0.405085
v -12.174530 -0.697728 -1.183018
v -12.268641 -0.709500 -0.405085
v -12.268641 -0.709500 -1.183018
v -12.369898 -0.713434 -0.405085
v -12.369898 -0.713434 -1.183018
v -12.435417 -0.711735 -0.405085
v -12.435417 -0.711735 -1.183018
v -12.500397 -0.706695 -0.405085
v -12.500397 -0.706695 -1.183018
v -12.564902 -0.698399 -0.405085
v -12.564902 -0.698399 -1.183018
v -12.629001 -0.686934 -0.405085
v -12.629001 -0.686934 -1.183018
v -12.692761 -0.672384 -0.405085
v -12.692761 -0.672384 -1.183018
v -12.756251 -0.654837 -0.405085
v -12.756251 -0.654837 -1.183018
v -12.819537 -0.634376 -0.405085
v -12.819537 -0.634376 -1.183018
v -12.882689 -0.611089 -0.405085
v -12.882689 -0.611089 -1.183018
v -12.945771 -0.585060 -0.405085
v -12.945771 -0.585060 -1.183018
v -13.008855 -0.556376 -0.405085
v -13.008855 -0.556376 -1.183018
v -13.072006 -0.525121 -0.405085
v -13.072006 -0.525121 -1.183018
v -13.135292 -0.491382 -0.405085
v -13.135292 -0.491382 -1.183018
v -13.135292 -0.845020 -0.405085
v -13.135292 -0.845020 -1.183018
v -12.738004 0.152028 -0.405085
v -12.738004 0.152028 -1.183018
v -12.723616 0.215208 -0.405085
v -12.723616 0.215208 -1.183018
v -12.702320 0.273591 -0.405085
v -12.702320 0.273591 -1.183018
v -12.674322 0.326920 -0.405085
v -12.674322 0.326920 -1.183018
v -12.639824 0.374937 -0.405085
v -12.639824 0.374937 -1.183018
v -12.599029 0.417385 -0.405085
v -12.599029 0.417385 -1.183018
v -12.552139 0.454009 -0.405085
v -12.552139 0.454009 -1.183018
v -12.499359 0.484549 -0.405085
v -12.499359 0.484549 -1.183018
v -12.440891 0.508750 -0.405085
v -12.440891 0.508750 -1.183018
v -12.376939 0.526355 -0.405085
v -12.376939 0.526355 -1.183018
v -12.307705 0.537107 -0.405085
v -12.307705 0.537107 -1.183018
v -12.233393 0.540747 -0.405085
v -12.233393 0.540747 -1.183018
v -12.153261 0.537343 -0.405085
v -12.153261 0.537343 -1.183018
v -12.078650 0.527212 -0.405085
v -12.078650 0.527212 -1.183018
v -12.009593 0.510486 -0.405085
v -12.009593 0.510486 -1.183018
v -11.946120 0.487291 -0.405085
v -11.946120 0.487291 -1.183018
v -11.888268 0.457757 -0.405085
v -11.888268 0.457757 -1.183018
v -11.836069 0.422012 -0.405085
v -11.836069 0.422012 -1.183018
v -11.789558 0.380184 -0.405085
v -11.789558 0.380184 -1.183018
v -11.748769 0.332403 -0.405085
v -11.748769 0.332403 -1.183018
v -11.713734 0.278796 -0.405085
v -11.713734 0.278796 -1.183018
v -11.684488 0.219492 -0.405085
v -11.684488 0.219492 -1.183018
v -11.661067 0.154620 -0.405085
v -11.661067 0.154620 -1.183018
v -11.643502 0.084307 -0.405085
v -11.643502 0.084307 -1.183018
v -12.745282 0.084307 -0.405085
v -12.745282 0.084307 -1.183018
vn -0.0000 -0.0000 -1.0000
vn -0.0000 -0.0000 1.0000
vn 0.5801 -0.8145 -0.0000
vn 0.5328 -0.8462 -0.0000
vn 0.4829 -0.8757 -0.0000
vn 0.4307 -0.9025 -0.0000
vn 0.3768 -0.9263 -0.0000
vn 0.3219 -0.9468 -0.0000
vn 0.2663 -0.9639 -0.0000
vn 0.2109 -0.9775 -0.0000
vn 0.1561 -0.9877 -0.0000
vn 0.1025 -0.9947 -0.0000
vn 0.0505 -0.9987 -0.0000
vn -0.0061 -1.0000 -0.0000
vn -0.0760 -0.9971 -0.0000
vn -0.1561 -0.9877 -0.0000
vn -0.2413 -0.9704 -0.0000
vn -0.3324 -0.9431 -0.0000
vn -0.4298 -0.9029 -0.0000
vn -0.5332 -0.8460 -0.0000
vn -0.6407 -0.7678 -0.0000
vn -0.7482 -0.6635 -0.0000
vn -0.8479 -0.5302 -0.0000
vn -0.9294 -0.3690 -0.0000
vn -0.9822 -0.1879 -0.0000
vn -0.9978 0.0658 -0.0000
vn -0.9073 0.4205 -0.0000
vn -0.7176 0.6965 -0.0000
vn -0.5620 0.8271 -0.0000
vn -0.4727 0.8812 -0.0000
vn -0.4383 0.8988 -0.0000
vn -0.4478 0.8941 -0.0000
vn -0.4969 0.8678 -0.0000
vn -0.5851 0.8109 -0.0000
vn -0.7090 0.7052 -0.0000
vn -0.8490 0.5283 -0.0000
vn -0.9603 0.2791 -0.0000
vn -0.9995 0.0311 -0.0000
vn -0.9885 -0.1514 -0.0000
vn -0.9536 -0.3011 -0.0000
vn -0.8966 -0.4427 -0.0000
vn -0.8211 -0.5708 -0.0000
vn -0.7314 -0.6820 -0.0000
vn -0.6321 -0.7748 -0.0000
vn -0.5273 -0.8497 -0.0000
vn -0.4200 -0.9075 -0.0000
vn -0.3123 -0.9500 -0.0000
vn -0.2058 -0.9786 -0.0000
vn -0.1016 -0.9948 -0.0000
vn -0.0154 -0.9999 -0.0000
vn 0.0398 -0.9992 -0.0000
vn 0.0818 -0.9966 -0.0000
vn 0.1262 -0.9920 -0.0000
vn 0.1725 -0.9850 -0.0000
vn 0.2202 -0.9754 -0.0000
vn 0.2687 -0.9632 -0.0000
vn 0.3172 -0.9484 -0.0000
vn 0.3649 -0.9310 -0.0000
vn 0.4113 -0.9115 -0.0000
vn 0.4557 -0.8901 -0.0000
vn 0.4975 -0.8674 -0.0000
vn 0.8542 -0.5199 -0.0000
vn 0.2911 0.9567 -0.0000
vn -0.6912 0.7227 -0.0000
vn -0.6450 0.7642 -0.0000
vn -0.5949 0.8038 -0.0000
vn -0.5409 0.8411 -0.0000
vn -0.4830 0.8756 -0.0000
vn -0.4214 0.9069 -0.0000
vn -0.3565 0.9343 -0.0000
vn -0.2887 0.9574 -0.0000
vn -0.2185 0.9758 -0.0000
vn -0.1465 0.9892 -0.0000
vn -0.0734 0.9973 -0.0000
vn 0.0041 1.0000 -0.0000
vn 0.0926 0.9957 -0.0000
vn 0.1909 0.9816 -0.0000
vn 0.2940 0.9558 -0.0000
vn 0.4002 0.9164 -0.0000
vn 0.5071 0.8619 -0.0000
vn 0.6118 0.7910 -0.0000
vn 0.7111 0.7030 -0.0000
vn 0.8019 0.5975 -0.0000
vn 0.8805 0.4741 -0.0000
vn 0.9430 0.3328 -0.0000
vn 0.9848 0.1738 -0.0000
vn 0.9983 -0.0589 -0.0000
vn 0.9209 -0.3898 -0.0000
vn 0.7527 -0.6583 -0.0000
vn 0.6047 -0.7965 -0.0000
vn 0.5113 -0.8594 -0.0000
vn 0.4671 -0.8842 -0.0000
vn 0.4637 -0.8860 -0.0000
vn 0.4977 -0.8674 -0.0000
vn 0.5702 -0.8215 -0.0000
vn 0.6826 -0.7308 -0.0000
vn 0.8237 -0.5670 -0.0000
vn 0.9502 -0.3116 -0.0000
vn 0.9991 -0.0418 -0.0000
vn 0.9884 0.1519 -0.0000
vn 0.9518 0.3068 -0.0000
vn 0.8894 0.4571 -0.0000
vn 0.8047 0.5937 -0.0000
vn 0.7040 0.7102 -0.0000
vn 0.5946 0.8040 -0.0000
vn 0.4831 0.8756 -0.0000
vn 0.3741 0.9274 -0.0000
vn 0.2706 0.9627 -0.0000
vn 0.1737 0.9848 -0.0000
vn 0.0838 0.9965 -0.0000
vn 0.0095 1.0000 -0.0000
vn -0.0432 0.9991 -0.0000
vn -0.0864 0.9963 -0.0000
vn -0.1293 0.9916 -0.0000
vn -0.1719 0.9851 -0.0000
vn -0.2141 0.9768 -0.0000
vn -0.2558 0.9667 -0.0000
vn -0.2969 0.9549 -0.0000
vn -0.3372 0.9414 -0.0000
vn -0.3768 0.9263 -0.0000
vn -0.4156 0.9096 -0.0000
vn -0.4533 0.8913 -0.0000
vn -0.8378 0.5460 -0.0000
vn -0.3526 -0.9358 -0.0000
vn 0.6447 -0.7644 -0.0000
vn 0.6447 0.7644 -0.0000
vn -0.0177 0.9998 -0.0000
vn -0.0750 0.9972 -0.0000
vn -0.1597 0.9872 -0.0000
vn -0.2564 0.9666 -0.0000
vn -0.3649 0.9311 -0.0000
vn -0.4829 0.8757 -0.0000
vn -0.6054 0.7959 -0.0000
vn -0.7238 0.6900 -0.0000
vn -0.8279 0.5609 -0.0000
vn -0.9089 0.4170 -0.0000
vn -0.9630 0.2696 -0.0000
vn -0.9916 0.1290 -0.0000
vn -1.0000 -0.0043 -0.0000
vn -0.9899 -0.1421 -0.0000
vn -0.9585 -0.2850 -0.0000
vn -0.9060 -0.4234 -0.0000
vn -0.8341 -0.5517 -0.0000
vn -0.7464 -0.6656 -0.0000
vn -0.6471 -0.7624 -0.0000
vn -0.5404 -0.8414 -0.0000
vn -0.4302 -0.9027 -0.0000
vn -0.3192 -0.9477 -0.0000
vn -0.2096 -0.9778 -0.0000
vn -0.1030 -0.9947 -0.0000
vn -0.0179 -0.9998 -0.0000
vn 0.0299 -0.9996 -0.0000
vn 0.0606 -0.9982 -0.0000
vn 0.0919 -0.9958 -0.0000
vn 0.1232 -0.9924 -0.0000
vn 0.1541 -0.9881 -0.0000
vn 0.1841 -0.9829 -0.0000
vn 0.2127 -0.9771 -0.0000
vn 0.2397 -0.9708 -0.0000
vn 0.2648 -0.9643 -0.0000
vn 0.2879 -0.9577 -0.0000
vn 0.3089 -0.9511 -0.0000
vn -0.4963 -0.8682 -0.0000
vn -0.6447 -0.7644 -0.0000
vn -0.3473 0.9378 -0.0000
vn -0.3181 0.9481 -0.0000
vn -0.2885 0.9575 -0.0000
vn -0.2586 0.9660 -0.0000
vn -0.2283 0.9736 -0.0000
vn -0.1975 0.9803 -0.0000
vn -0.1662 0.9861 -0.0000
vn -0.1343 0.9909 -0.0000
vn -0.1018 0.9948 -0.0000
vn -0.0686 0.9976 -0.0000
vn -0.0346 0.9994 -0.0000
vn 0.0185 0.9998 -0.0000
vn 0.1105 0.9939 -0.0000
vn 0.2235 0.9747 -0.0000
vn 0.3377 0.9412 -0.0000
vn 0.4512 0.8924 -0.0000
vn 0.5616 0.8274 -0.0000
vn 0.6660 0.7459 -0.0000
vn 0.7614 0.6483 -0.0000
vn 0.8444 0.5357 -0.0000
vn 0.9118 0.4107 -0.0000
vn 0.9609 0.2768 -0.0000
vn 0.9904 0.1384 -0.0000
vn 1.0000 0.0073 -0.0000
vn 0.9936 -0.1133 -0.0000
vn 0.9712 -0.2382 -0.0000
vn 0.9279 -0.3728 -0.0000
vn 0.8601 -0.5102 -0.0000
vn 0.7678 -0.6407 -0.0000
vn 0.6559 -0.7548 -0.0000
vn 0.5331 -0.8461 -0.0000
vn 0.4086 -0.9127 -0.0000
vn 0.2900 -0.9570 -0.0000
vn 0.1817 -0.9834 -0.0000
vn 0.0855 -0.9963 -0.0000
vn 0.0202 -0.9998 -0.0000
vn -0.7963 0.6048 -0.0000
vn -0.4755 -0.8797 -0.0000
vn -0.4610 -0.8874 -0.0000
vn -0.4404 -0.8978 -0.0000
vn -0.4124 -0.9110 -0.0000
vn -0.3761 -0.9266 -0.0000
vn -0.3311 -0.9436 -0.0000
vn -0.2781 -0.9605 -0.0000
vn -0.2194 -0.9756 -0.0000
vn -0.1585 -0.9874 -0.0000
vn -0.0995 -0.9950 -0.0000
vn -0.0462 -0.9989 -0.0000
vn 0.0025 -1.0000 -0.0000
vn 0.0565 -0.9984 -0.0000
vn 0.1222 -0.9925 -0.0000
vn 0.1993 -0.9799 -0.0000
vn 0.2882 -0.9576 -0.0000
vn 0.3879 -0.9217 -0.0000
vn 0.4950 -0.8689 -0.0000
vn 0.6039 -0.7971 -0.0000
vn 0.7070 -0.7072 -0.0000
vn 0.7970 -0.6039 -0.0000
vn 0.8692 -0.4945 -0.0000
vn 0.9222 -0.3866 -0.0000
vn 0.2662 -0.9639 -0.0000
vn -0.5193 -0.8546 -0.0000
vn -0.4798 -0.8774 -0.0000
vn -0.4383 -0.8988 -0.0000
vn -0.3948 -0.9188 -0.0000
vn -0.3495 -0.9369 -0.0000
vn -0.3026 -0.9531 -0.0000
vn -0.2542 -0.9672 -0.0000
vn -0.2046 -0.9788 -0.0000
vn -0.1541 -0.9880 -0.0000
vn -0.0515 -0.9987 -0.0000
vn 0.0149 -0.9999 -0.0000
vn 0.1125 -0.9937 -0.0000
vn 0.2270 -0.9739 -0.0000
vn 0.3415 -0.9399 -0.0000
vn 0.4538 -0.8911 -0.0000
vn 0.5619 -0.8272 -0.0000
vn 0.6633 -0.7483 -0.0000
vn 0.7560 -0.6546 -0.0000
vn 0.8375 -0.5464 -0.0000
vn 0.9053 -0.4248 -0.0000
vn 0.9567 -0.2912 -0.0000
vn 0.9890 -0.1482 -0.0000
vn 1.0000 0.0088 -0.0000
vn 0.9816 0.1907 -0.0000
vn 0.9239 0.3825 -0.0000
vn 0.8326 0.5539 -0.0000
vn 0.7246 0.6892 -0.0000
vn 0.6177 0.7864 -0.0000
vn 0.5234 0.8521 -0.0000
vn 0.4460 0.8950 -0.0000
vn 0.3858 0.9226 -0.0000
vn 0.3417 0.9398 -0.0000
vn 0.3123 0.9500 -0.0000
vn 0.2963 0.9551 -0.0000
vn 0.2890 0.9573 -0.0000
vn 0.7666 0.6421 -0.0000
vn 0.9997 -0.0250 -0.0000
vn 0.9942 -0.1077 -0.0000
vn 0.9726 -0.2323 -0.0000
vn 0.9277 -0.3732 -0.0000
vn 0.8534 -0.5213 -0.0000
vn 0.7492 -0.6623 -0.0000
vn 0.6235 -0.7818 -0.0000
vn 0.4899 -0.8718 -0.0000
vn 0.3617 -0.9323 -0.0000
vn 0.2472 -0.9690 -0.0000
vn 0.1495 -0.9888 -0.0000
vn 0.0683 -0.9977 -0.0000
vn -0.0008 -1.0000 -0.0000
vn -0.0664 -0.9978 -0.0000
vn -0.1329 -0.9911 -0.0000
vn -0.1993 -0.9799 -0.0000
vn -0.2649 -0.9643 -0.0000
vn -0.3293 -0.9442 -0.0000
vn -0.3919 -0.9200 -0.0000
vn -0.4522 -0.8919 -0.0000
vn -0.5099 -0.8602 -0.0000
vn -0.5645 -0.8255 -0.0000
vn -0.6156 -0.7880 -0.0000
vn -0.6632 -0.7484 -0.0000
vn 0.3068 -0.9518 -0.0000
vn 0.9075 0.4201 -0.0000
vn 0.6461 0.7632 -0.0000
vn 0.5855 0.8107 -0.0000
vn 0.5219 0.8530 -0.0000
vn 0.4567 0.8896 -0.0000
vn 0.3911 0.9203 -0.0000
vn 0.3265 0.9452 -0.0000
vn 0.2638 0.9646 -0.0000
vn 0.2040 0.9790 -0.0000
vn 0.1474 0.9891 -0.0000
vn 0.0946 0.9955 -0.0000
vn 0.0456 0.9990 -0.0000
vn -0.0072 1.0000 -0.0000
vn -0.0754 0.9972 -0.0000
vn -0.1576 0.9875 -0.0000
vn -0.2484 0.9687 -0.0000
vn -0.3485 0.9373 -0.0000
vn -0.4574 0.8893 -0.0000
vn -0.5726 0.8198 -0.0000
vn -0.6885 0.7252 -0.0000
vn -0.7967 0.6044 -0.0000
vn -0.8872 0.4614 -0.0000
vn -0.9522 0.3055 -0.0000
vn -0.9889 0.1487 -0.0000
vn -0.9994 0.0357 -0.0000
vn -0.9998 0.0183 -0.0000
vn -0.9968 0.0794 -0.0000
vn -0.9848 0.1736 -0.0000
vn -0.9583 0.2857 -0.0000
vn -0.9103 0.4140 -0.0000
vn -0.8340 0.5517 -0.0000
vn -0.7274 0.6862 -0.0000
vn -0.5966 0.8026 -0.0000
vn -0.4547 0.8906 -0.0000
vn -0.3168 0.9485 -0.0000
vn -0.1931 0.9812 -0.0000
vn -0.0883 0.9961 -0.0000
vn 0.0117 0.9999 -0.0000
vn 0.1144 0.9934 -0.0000
vn 0.2014 0.9795 -0.0000
vn 0.2665 0.9638 -0.0000
vn 0.3174 0.9483 -0.0000
vn 0.3586 0.9335 -0.0000
vn 0.3931 0.9195 -0.0000
vn 0.4228 0.9062 -0.0000
vn 0.4490 0.8935 -0.0000
vn 0.4727 0.8812 -0.0000
vn 0.4946 0.8691 -0.0000
vn 0.5151 0.8571 -0.0000
vn -0.3936 0.9193 -0.0000
vn -0.8412 -0.5407 -0.0000
vn -0.2874 -0.9578 -0.0000
vn -0.3038 -0.9527 -0.0000
vn -0.3285 -0.9445 -0.0000
vn -0.3632 -0.9317 -0.0000
vn -0.4101 -0.9120 -0.0000
vn -0.4719 -0.8816 -0.0000
vn -0.5515 -0.8341 -0.0000
vn -0.6506 -0.7594 -0.0000
vn -0.7655 -0.6435 -0.0000
vn -0.8811 -0.4729 -0.0000
vn -0.9684 -0.2493 -0.0000
vn -0.9997 -0.0261 -0.0000
vn -0.9891 0.1470 -0.0000
vn -0.9558 0.2939 -0.0000
vn -0.9006 0.4347 -0.0000
vn -0.8261 0.5636 -0.0000
vn -0.7365 0.6765 -0.0000
vn -0.6365 0.7713 -0.0000
vn -0.5303 0.8478 -0.0000
vn -0.4215 0.9068 -0.0000
vn -0.3127 0.9499 -0.0000
vn -0.2055 0.9787 -0.0000
vn -0.1011 0.9949 -0.0000
vn -0.0074 1.0000 -0.0000
vn 0.0696 0.9976 -0.0000
vn 0.1380 0.9904 -0.0000
vn 0.2041 0.9790 -0.0000
vn 0.2670 0.9637 -0.0000
vn 0.3263 0.9452 -0.0000
vn 0.3817 0.9243 -0.0000
vn 0.4328 0.9015 -0.0000
vn 0.4797 0.8774 -0.0000
vn 0.5225 0.8526 -0.0000
vn 0.5614 0.8276 -0.0000
vn 0.5965 0.8026 -0.0000
vn 0.8872 0.4615 -0.0000
vn 0.5145 -0.8575 -0.0000
vn 0.4646 -0.8855 -0.0000
vn 0.4355 -0.9002 -0.0000
vn 0.4021 -0.9156 -0.0000
vn 0.3643 -0.9313 -0.0000
vn 0.3223 -0.9466 -0.0000
vn 0.2768 -0.9609 -0.0000
vn 0.2286 -0.9735 -0.0000
vn 0.1792 -0.9838 -0.0000
vn 0.1301 -0.9915 -0.0000
vn 0.0831 -0.9965 -0.0000
vn 0.0396 -0.9992 -0.0000
vn -0.0173 -0.9999 -0.0000
vn -0.1094 -0.9940 -0.0000
vn -0.2233 -0.9747 -0.0000
vn -0.3405 -0.9402 -0.0000
vn -0.4583 -0.8888 -0.0000
vn -0.5731 -0.8195 -0.0000
vn -0.6810 -0.7323 -0.0000
vn -0.7776 -0.6287 -0.0000
vn -0.8591 -0.5118 -0.0000
vn -0.9226 -0.3858 -0.0000
vn -0.9668 -0.2555 -0.0000
vn -0.9921 -0.1258 -0.0000
vn -1.0000 0.0017 -0.0000
vn -0.9910 0.1342 -0.0000
vn -0.9615 0.2747 -0.0000
vn -0.9092 0.4164 -0.0000
vn -0.8341 0.5516 -0.0000
vn -0.7398 0.6728 -0.0000
vn -0.6322 0.7748 -0.0000
vn -0.5181 0.8553 -0.0000
vn -0.4033 0.9151 -0.0000
vn -0.2923 0.9563 -0.0000
vn -0.1875 0.9823 -0.0000
vn -0.0903 0.9959 -0.0000
vn -0.0125 0.9999 -0.0000
vn 0.0372 0.9993 -0.0000
vn 0.0744 0.9972 -0.0000
vn 0.1111 0.9938 -0.0000
vn 0.1466 0.9892 -0.0000
vn 0.1805 0.9836 -0.0000
vn 0.2124 0.9772 -0.0000
vn 0.2419 0.9703 -0.0000
vn 0.2689 0.9632 -0.0000
vn 0.2933 0.9560 -0.0000
vn 0.3150 0.9491 -0.0000
vn 0.3341 0.9425 -0.0000
vn -0.4846 0.8747 -0.0000
vn -0.7880 -0.6156 -0.0000
vn -0.3189 -0.9478 -0.0000
vn -0.2793 -0.9602 -0.0000
vn -0.2462 -0.9692 -0.0000
vn -0.2171 -0.9761 -0.0000
vn -0.1906 -0.9817 -0.0000
vn -0.1655 -0.9862 -0.0000
vn -0.1410 -0.9900 -0.0000
vn -0.1163 -0.9932 -0.0000
vn -0.0906 -0.9959 -0.0000
vn -0.0632 -0.9980 -0.0000
vn -0.0331 -0.9995 -0.0000
vn 0.0160 -0.9999 -0.0000
vn 0.1004 -0.9949 -0.0000
vn 0.2048 -0.9788 -0.0000
vn 0.3127 -0.9499 -0.0000
vn 0.4227 -0.9063 -0.0000
vn 0.6401 -0.7683 -0.0000
vn 0.7406 -0.6719 -0.0000
vn 0.8300 -0.5578 -0.0000
vn 0.9035 -0.4286 -0.0000
vn 0.9574 -0.2887 -0.0000
vn 0.9896 -0.1439 -0.0000
vn 1.0000 -0.0062 -0.0000
vn 0.9927 0.1207 -0.0000
vn 0.9688 0.2478 -0.0000
vn 0.9255 0.3787 -0.0000
vn 0.8615 0.5077 -0.0000
vn 0.7775 0.6288 -0.0000
vn 0.6768 0.7362 -0.0000
vn 0.5643 0.8256 -0.0000
vn 0.4459 0.8951 -0.0000
vn 0.3268 0.9451 -0.0000
vn 0.2114 0.9774 -0.0000
vn 0.1022 0.9948 -0.0000
vn 0.0165 0.9999 -0.0000
vn -0.0338 0.9994 -0.0000
vn -0.0692 0.9976 -0.0000
vn -0.1058 0.9944 -0.0000
vn -0.1429 0.9897 -0.0000
vn -0.1794 0.9838 -0.0000
vn -0.2142 0.9768 -0.0000
vn -0.2466 0.9691 -0.0000
vn -0.2755 0.9613 -0.0000
vn -0.3005 0.9538 -0.0000
vn -0.3210 0.9471 -0.0000
vn -0.3370 0.9415 -0.0000
vn -0.7894 0.6139 -0.0000
vn -0.4175 -0.9087 -0.0000
vn -0.4599 -0.8880 -0.0000
vn -0.4255 -0.9050 -0.0000
vn -0.3865 -0.9223 -0.0000
vn -0.3436 -0.9391 -0.0000
vn -0.2979 -0.9546 -0.0000
vn -0.2506 -0.9681 -0.0000
vn -0.2031 -0.9792 -0.0000
vn -0.1567 -0.9877 -0.0000
vn -0.1125 -0.9937 -0.0000
vn -0.0714 -0.9974 -0.0000
vn -0.0340 -0.9994 -0.0000
vn 0.0210 -0.9998 -0.0000
vn 0.1195 -0.9928 -0.0000
vn 0.2434 -0.9699 -0.0000
vn 0.3688 -0.9295 -0.0000
vn 0.4911 -0.8711 -0.0000
vn 0.6059 -0.7956 -0.0000
vn 0.7093 -0.7049 -0.0000
vn 0.7985 -0.6020 -0.0000
vn 0.8718 -0.4899 -0.0000
vn 0.9284 -0.3715 -0.0000
vn 0.9685 -0.2492 -0.0000
vn 0.9922 -0.1248 -0.0000
vn 1.0000 0.0005 -0.0000
vn 0.9916 0.1290 -0.0000
vn 0.9652 0.2614 -0.0000
vn 0.9193 0.3936 -0.0000
vn 0.8540 0.5203 -0.0000
vn 0.7710 0.6368 -0.0000
vn 0.6735 0.7392 -0.0000
vn 0.5656 0.8246 -0.0000
vn 0.4516 0.8922 -0.0000
vn 0.3352 0.9421 -0.0000
vn 0.2198 0.9755 -0.0000
vn 0.1077 0.9942 -0.0000
vn 0.0017 1.0000 -0.0000
vn -0.1033 0.9947 -0.0000
vn -0.2167 0.9762 -0.0000
vn -0.3399 0.9405 -0.0000
vn -0.4687 0.8834 -0.0000
vn -0.5961 0.8029 -0.0000
vn -0.7137 0.7005 -0.0000
vn -0.8135 0.5815 -0.0000
vn -0.8908 0.4543 -0.0000
vn -0.9449 0.3274 -0.0000
vn -0.9783 0.2074 -0.0000
vn -0.9952 0.0983 -0.0000
vn -0.6595 -0.7517 -0.0000
vn -0.7171 -0.6970 -0.0000
vn -0.9594 0.2820 -0.0000
vn -0.9221 0.3870 -0.0000
vn -0.8679 0.4968 -0.0000
vn -0.7955 0.6060 -0.0000
vn -0.7058 0.7084 -0.0000
vn -0.6027 0.7979 -0.0000
vn -0.4920 0.8706 -0.0000
vn -0.3799 0.9250 -0.0000
vn -0.2720 0.9623 -0.0000
vn -0.0815 0.9967 -0.0000
vn -0.0064 1.0000 -0.0000
vn 0.0516 0.9987 -0.0000
vn 0.1025 0.9947 -0.0000
vn 0.1518 0.9884 -0.0000
vn 0.1993 0.9799 -0.0000
vn 0.2445 0.9697 -0.0000
vn 0.2870 0.9579 -0.0000
vn 0.3637 0.9315 -0.0000
vn 0.3977 0.9175 -0.0000
vn 0.4288 0.9034 -0.0000
vn 0.4570 0.8895 -0.0000
vn -0.8392 -0.5438 -0.0000
vn 0.9863 -0.1649 -0.0000
vn 0.9591 -0.2832 -0.0000
vn 0.9143 -0.4051 -0.0000
vn 0.8505 -0.5260 -0.0000
vn 0.7680 -0.6405 -0.0000
vn 0.6693 -0.7430 -0.0000
vn 0.5589 -0.8293 -0.0000
vn 0.4420 -0.8970 -0.0000
vn 0.3241 -0.9460 -0.0000
vn 0.2095 -0.9778 -0.0000
vn 0.1012 -0.9949 -0.0000
vn 0.0032 -1.0000 -0.0000
vn -0.0885 -0.9961 -0.0000
vn -0.1850 -0.9827 -0.0000
vn -0.2894 -0.9572 -0.0000
vn -0.3992 -0.9169 -0.0000
vn -0.5103 -0.8600 -0.0000
vn -0.6176 -0.7865 -0.0000
vn -0.7157 -0.6984 -0.0000
vn -0.8001 -0.5999 -0.0000
vn -0.8683 -0.4960 -0.0000
vn -0.9200 -0.3919 -0.0000
vn -0.9566 -0.2916 -0.0000
vn -0.7207 0.6932 -0.0000
vn 0.6784 0.7347 -0.0000
vn -0.9872 -0.1593 -0.0000
vn -0.9504 -0.3111 -0.0000
vn -0.8934 -0.4493 -0.0000
vn -0.8208 -0.5712 -0.0000
vn -0.7369 -0.6760 -0.0000
vn -0.6448 -0.7644 -0.0000
vn -0.5466 -0.8374 -0.0000
vn -0.4437 -0.8962 -0.0000
vn -0.3369 -0.9415 -0.0000
vn -0.2268 -0.9739 -0.0000
vn -0.1141 -0.9935 -0.0000
vn -0.0000 -1.0000 -0.0000
vn 0.1141 -0.9935 -0.0000
vn 0.2268 -0.9739 -0.0000
vn 0.3369 -0.9415 -0.0000
vn 0.4437 -0.8962 -0.0000
vn 0.5466 -0.8374 -0.0000
vn 0.6448 -0.7644 -0.0000
vn 0.7369 -0.6760 -0.0000
vn 0.8208 -0.5712 -0.0000
vn 0.8934 -0.4493 -0.0000
vn 0.9504 -0.3111 -0.0000
vn 0.9872 -0.1593 -0.0000
vn 1.0000 -0.0000 -0.0000
vn 0.9872 0.1593 -0.0000
vn 0.9504 0.3111 -0.0000
vn 0.8934 0.4493 -0.0000
vn 0.8208 0.5712 -0.0000
vn 0.7369 0.6760 -0.0000
vn 0.6448 0.7644 -0.0000
vn 0.5466 0.8374 -0.0000
vn 0.4437 0.8962 -0.0000
vn 0.3369 0.9415 -0.0000
vn 0.2268 0.9739 -0.0000
vn 0.1141 0.9935 -0.0000
vn -0.0000 1.0000 -0.0000
vn -0.1141 0.9935 -0.0000
vn -0.2268 0.9739 -0.0000
vn -0.3369 0.9415 -0.0000
vn -0.4437 0.8962 -0.0000
vn -0.5466 0.8374 -0.0000
vn -0.6448 0.7644 -0.0000
vn -0.7369 0.6760 -0.0000
vn -0.8208 0.5712 -0.0000
vn -0.8934 0.4493 -0.0000
vn -0.9504 0.3111 -0.0000
vn -0.9872 0.1593 -0.0000
vn -1.0000 -0.0000 -0.0000
vn -0.3248 -0.9458 -0.0000
vn -0.2998 -0.9540 -0.0000
vn -0.2722 -0.9622 -0.0000
vn -0.2425 -0.9701 -0.0000
vn -0.2112 -0.9774 -0.0000
vn -0.1789 -0.9839 -0.0000
vn -0.1461 -0.9893 -0.0000
vn -0.1138 -0.9935 -0.0000
vn -0.0825 -0.9966 -0.0000
vn -0.0529 -0.9986 -0.0000
vn -0.0254 -0.9997 -0.0000
vn 0.0186 -0.9998 -0.0000
vn 0.1001 -0.9950 -0.0000
vn 0.2029 -0.9792 -0.0000
vn 0.3080 -0.9514 -0.0000
vn 0.4147 -0.9100 -0.0000
vn 0.5214 -0.8533 -0.0000
vn 0.6262 -0.7797 -0.0000
vn 0.7259 -0.6878 -0.0000
vn 0.8167 -0.5770 -0.0000
vn 0.8938 -0.4486 -0.0000
vn 0.9521 -0.3057 -0.0000
vn 0.9881 -0.1539 -0.0000
vn 1.0000 0.0007 -0.0000
vn 0.9878 0.1558 -0.0000
vn 0.9515 0.3075 -0.0000
vn 0.8936 0.4488 -0.0000
vn 0.8181 0.5751 -0.0000
vn 0.7296 0.6839 -0.0000
vn 0.6324 0.7747 -0.0000
vn 0.5298 0.8481 -0.0000
vn 0.4242 0.9056 -0.0000
vn 0.2105 0.9776 -0.0000
vn 0.1045 0.9945 -0.0000
vn 0.0198 0.9998 -0.0000
vn -0.0260 0.9997 -0.0000
vn -0.0558 0.9984 -0.0000
vn -0.0892 0.9960 -0.0000
vn -0.1248 0.9922 -0.0000
vn -0.1610 0.9870 -0.0000
vn -0.1961 0.9806 -0.0000
vn -0.2287 0.9735 -0.0000
vn -0.2577 0.9662 -0.0000
vn -0.2828 0.9592 -0.0000
vn -0.3037 0.9528 -0.0000
vn -0.3206 0.9472 -0.0000
vn -0.7832 0.6218 -0.0000
vn -0.4537 -0.8911 -0.0000
vn 0.3905 -0.9206 -0.0000
vn 0.3594 -0.9332 -0.0000
vn 0.3273 -0.9449 -0.0000
vn 0.2942 -0.9557 -0.0000
vn 0.2602 -0.9655 -0.0000
vn 0.2254 -0.9743 -0.0000
vn 0.1896 -0.9819 -0.0000
vn 0.1531 -0.9882 -0.0000
vn 0.1158 -0.9933 -0.0000
vn 0.0778 -0.9970 -0.0000
vn 0.0391 -0.9992 -0.0000
vn -0.0170 -0.9999 -0.0000
vn -0.1080 -0.9942 -0.0000
vn -0.2168 -0.9762 -0.0000
vn -0.3257 -0.9455 -0.0000
vn -0.4334 -0.9012 -0.0000
vn -0.5390 -0.8423 -0.0000
vn -0.6408 -0.7677 -0.0000
vn -0.7365 -0.6765 -0.0000
vn -0.8230 -0.5680 -0.0000
vn -0.8966 -0.4429 -0.0000
vn -0.9529 -0.3034 -0.0000
vn -0.9881 -0.1537 -0.0000
vn -1.0000 -0.0010 -0.0000
vn -0.9885 0.1513 -0.0000
vn -0.9532 0.3025 -0.0000
vn -0.8947 0.4466 -0.0000
vn -0.8165 0.5774 -0.0000
vn -0.7234 0.6904 -0.0000
vn -0.6209 0.7839 -0.0000
vn -0.5137 0.8580 -0.0000
vn -0.4055 0.9141 -0.0000
vn -0.2988 0.9543 -0.0000
vn -0.1952 0.9808 -0.0000
vn -0.0956 0.9954 -0.0000
vn -0.0156 0.9999 -0.0000
vn 0.0311 0.9995 -0.0000
vn 0.0611 0.9981 -0.0000
vn 0.0897 0.9960 -0.0000
vn 0.1167 0.9932 -0.0000
vn 0.1419 0.9899 -0.0000
vn 0.1652 0.9863 -0.0000
vn 0.1864 0.9825 -0.0000
vn 0.2055 0.9787 -0.0000
vn 0.2224 0.9750 -0.0000
vn 0.2371 0.9715 -0.0000
vn 0.2495 0.9684 -0.0000
vn 0.7539 0.6570 -0.0000
vn -0.6447 0.7644 -0.0000
vn -0.7866 -0.6175 -0.0000
vn 0.7970 -0.6040 -0.0000
vn 0.9223 -0.3866 -0.0000
vn 0.9889 -0.1482 -0.0000
vn -0.5965 0.8026 -0.0000
vn -0.3633 -0.9317 -0.0000
vn 0.0697 0.9976 -0.0000
vn 0.3264 0.9452 -0.0000
vn -0.3379 0.9412 -0.0000
vn 0.6140 0.7893 -0.0000
vn 0.5798 0.8148 -0.0000
vn 0.5416 0.8407 -0.0000
vn 0.4989 0.8667 -0.0000
vn 0.3993 0.9168 -0.0000
vn 0.3423 0.9396 -0.0000
vn 0.2805 0.9598 -0.0000
vn 0.2146 0.9767 -0.0000
vn 0.1452 0.9894 -0.0000
vn 0.0733 0.9973 -0.0000
vn 0.0009 1.0000 -0.0000
vn -0.0711 0.9975 -0.0000
vn -0.1447 0.9895 -0.0000
vn -0.2206 0.9754 -0.0000
vn -0.2980 0.9546 -0.0000
vn -0.3758 0.9267 -0.0000
vn -0.4528 0.8916 -0.0000
vn -0.5277 0.8495 -0.0000
vn -0.5991 0.8007 -0.0000
vn -0.6659 0.7460 -0.0000
vn -0.7271 0.6865 -0.0000
vn -0.7820 0.6233 -0.0000
vn -0.0796 0.9968 -0.0000
vn 0.6640 0.7477 -0.0000
vn 0.6340 0.7733 -0.0000
vn 0.5980 0.8015 -0.0000
vn 0.5555 0.8315 -0.0000
vn 0.5062 0.8624 -0.0000
vn 0.4499 0.8931 -0.0000
vn 0.3867 0.9222 -0.0000
vn 0.3170 0.9484 -0.0000
vn 0.1628 0.9867 -0.0000
vn 0.0815 0.9967 -0.0000
vn -0.1130 0.9936 -0.0000
vn -0.2322 0.9727 -0.0000
vn -0.3556 0.9347 -0.0000
vn -0.4792 0.8777 -0.0000
vn -0.5983 0.8013 -0.0000
vn -0.7073 0.7069 -0.0000
vn -0.8016 0.5979 -0.0000
vn -0.8779 0.4789 -0.0000
vn -0.9347 0.3554 -0.0000
vn -0.9727 0.2322 -0.0000
vn -0.9936 0.1131 -0.0000
vn -0.9996 0.0275 -0.0000
vn 0.9995 -0.0310 -0.0000
vn 0.9918 -0.1278 -0.0000
vn 0.9653 -0.2613 -0.0000
vn 0.9181 -0.3962 -0.0000
vn 0.8503 -0.5262 -0.0000
vn 0.7641 -0.6451 -0.0000
vn 0.6637 -0.7480 -0.0000
vn 0.5542 -0.8324 -0.0000
vn 0.4403 -0.8979 -0.0000
vn 0.3259 -0.9454 -0.0000
vn 0.2135 -0.9769 -0.0000
vn 0.1048 -0.9945 -0.0000
vn 0.0099 -1.0000 -0.0000
vn -0.0856 -0.9963 -0.0000
vn -0.1842 -0.9829 -0.0000
vn -0.2665 -0.9638 -0.0000
vn -0.3356 -0.9420 -0.0000
vn -0.3942 -0.9190 -0.0000
vn -0.4447 -0.8957 -0.0000
vn -0.4888 -0.8724 -0.0000
vn -0.5280 -0.8492 -0.0000
vn -0.5635 -0.8261 -0.0000
vn -0.5963 -0.8028 -0.0000
vn -0.6270 -0.7791 -0.0000
vn 0.9997 -0.0257 -0.0000
vn 0.9742 -0.2255 -0.0000
vn 0.9361 -0.3517 -0.0000
vn 0.8767 -0.4811 -0.0000
vn 0.7952 -0.6064 -0.0000
vn 0.6942 -0.7198 -0.0000
vn 0.5792 -0.8152 -0.0000
vn 0.4570 -0.8895 -0.0000
vn 0.3343 -0.9425 -0.0000
vn 0.2159 -0.9764 -0.0000
vn 0.1044 -0.9945 -0.0000
vn 0.0138 -0.9999 -0.0000
vn -0.0494 -0.9988 -0.0000
vn -0.1061 -0.9944 -0.0000
vn -0.1706 -0.9853 -0.0000
vn -0.2411 -0.9705 -0.0000
vn -0.3147 -0.9492 -0.0000
vn -0.3883 -0.9215 -0.0000
vn -0.4585 -0.8887 -0.0000
vn -0.5227 -0.8525 -0.0000
vn -0.5791 -0.8153 -0.0000
vn -0.6271 -0.7790 -0.0000
vn -0.6669 -0.7452 -0.0000
vn -0.9105 -0.4135 -0.0000
vn 0.5656 0.8247 -0.0000
vt 0.346939 0.000000
vt 0.367347 0.000000
vt 0.357143 0.000000
vt 0.377551 0.000000
vt 0.336735 0.000000
vt 0.387755 0.000000
vt 0.326531 0.000000
vt 0.397959 0.000000
vt 0.316327 0.000000
vt 0.408163 0.000000
vt 0.306122 0.000000
vt 0.418367 0.000000
vt 0.295918 0.000000
vt 0.428571 0.000000
vt 0.285714 0.000000
vt 0.867347 0.000000
vt 0.877551 0.000000
vt 0.857143 0.000000
vt 0.887755 0.000000
vt 0.846939 0.000000
vt 0.897959 0.000000
vt 0.836735 0.000000
vt 0.438776 0.000000
vt 0.908163 0.000000
vt 0.275510 0.000000
vt 0.826531 0.000000
vt 0.918367 0.000000
vt 0.816327 0.000000
vt 0.928571 0.000000
vt 0.806122 0.000000
vt 0.938776 0.000000
vt 0.795918 0.000000
vt 0.265306 0.000000
vt 0.448980 0.000000
vt 0.948980 0.000000
vt 0.785714 0.000000
vt 0.959184 0.000000
vt 0.775510 0.000000
vt 0.255102 0.000000
vt 0.459184 0.000000
vt 0.969388 0.000000
vt 0.765306 0.000000
vt 0.979592 0.000000
vt 0.755102 0.000000
vt 0.244898 0.000000
vt 0.989796 0.000000
vt 0.469388 0.000000
vt 1.000000 0.000000
vt 0.234694 0.000000
vt 0.479592 0.000000
vt 0.224490 0.000000
vt 0.489796 0.000000
vt 0.500000 0.000000
vt 0.214286 0.000000
vt 0.510204 0.000000
vt 0.520408 0.000000
vt 0.204082 0.000000
vt 0.530612 0.000000
vt 0.193878 0.000000
vt 0.540816 0.000000
vt 0.724490 0.000000
vt 0.744898 0.000000
vt 0.734694 0.000000
vt 0.551020 0.000000
vt 0.714286 0.000000
vt 0.704082 0.000000
vt 0.183673 0.000000
vt 0.561224 0.000000
vt 0.693878 0.000000
vt 0.683673 0.000000
vt 0.571429 0.000000
vt 0.673469 0.000000
vt 0.581633 0.000000
vt 0.663265 0.000000
vt 0.173469 0.000000
vt 0.653061 0.000000
vt 0.591837 0.000000
vt 0.642857 0.000000
vt 0.602041 0.000000
vt 0.632653 0.000000
vt 0.622449 0.000000
vt 0.612245 0.000000
vt 0.163265 0.000000
vt 0.000000 0.000000
vt 0.153061 0.000000
vt 0.010204 0.000000
vt 0.020408 0.000000
vt 0.142857 0.000000
vt 0.030612 0.000000
vt 0.040816 0.000000
vt 0.132653 0.000000
vt 0.051020 0.000000
vt 0.061224 0.000000
vt 0.122449 0.000000
vt 0.071429 0.000000
vt 0.081633 0.000000
vt 0.091837 0.000000
vt 0.112245 0.000000
vt 0.102041 0.000000
vt 0.103774 0.000000
vt 0.122642 0.000000
vt 0.113208 0.000000
vt 0.330189 0.000000
vt 0.349057 0.000000
vt 0.339623 0.000000
vt 0.094340 0.000000
vt 0.132075 0.000000
vt 0.320755 0.000000
vt 0.358491 0.000000
vt 0.084906 0.000000
vt 0.141509 0.000000
vt 0.311321 0.000000
vt 0.075472 0.000000
vt 0.150943 0.000000
vt 0.367925 0.000000
vt 0.301887 0.000000
vt 0.066038 0.000000
vt 0.981132 0.000000
vt 0.990566 0.000000
vt 0.160377 0.000000
vt 0.292453 0.000000
vt 0.056604 0.000000
vt 0.377358 0.000000
vt 0.169811 0.000000
vt 0.047170 0.000000
vt 0.283019 0.000000
vt 0.179245 0.000000
vt 0.386792 0.000000
vt 0.037736 0.000000
vt 0.273585 0.000000
vt 0.188679 0.000000
vt 0.028302 0.000000
vt 0.264151 0.000000
vt 0.396226 0.000000
vt 0.198113 0.000000
vt 0.018868 0.000000
vt 0.254717 0.000000
vt 0.207547 0.000000
vt 0.009434 0.000000
vt 0.405660 0.000000
vt 0.245283 0.000000
vt 0.216981 0.000000
vt 0.235849 0.000000
vt 0.594340 0.000000
vt 0.415094 0.000000
vt 0.962264 0.000000
vt 0.952830 0.000000
vt 0.943396 0.000000
vt 0.933962 0.000000
vt 0.924528 0.000000
vt 0.915094 0.000000
vt 0.905660 0.000000
vt 0.896226 0.000000
vt 0.886792 0.000000
vt 0.877358 0.000000
vt 0.867925 0.000000
vt 0.858491 0.000000
vt 0.849057 0.000000
vt 0.226415 0.000000
vt 0.603774 0.000000
vt 0.839623 0.000000
vt 0.584906 0.000000
vt 0.613208 0.000000
vt 0.830189 0.000000
vt 0.575472 0.000000
vt 0.622642 0.000000
vt 0.820755 0.000000
vt 0.566038 0.000000
vt 0.632075 0.000000
vt 0.811321 0.000000
vt 0.556604 0.000000
vt 0.641509 0.000000
vt 0.424528 0.000000
vt 0.801887 0.000000
vt 0.650943 0.000000
vt 0.547170 0.000000
vt 0.660377 0.000000
vt 0.792453 0.000000
vt 0.537736 0.000000
vt 0.669811 0.000000
vt 0.783019 0.000000
vt 0.528302 0.000000
vt 0.679245 0.000000
vt 0.433962 0.000000
vt 0.773585 0.000000
vt 0.688679 0.000000
vt 0.518868 0.000000
vt 0.698113 0.000000
vt 0.764151 0.000000
vt 0.509434 0.000000
vt 0.707547 0.000000
vt 0.443396 0.000000
vt 0.754717 0.000000
vt 0.971698 0.000000
vt 0.716981 0.000000
vt 0.745283 0.000000
vt 0.490566 0.000000
vt 0.452830 0.000000
vt 0.735849 0.000000
vt 0.481132 0.000000
vt 0.462264 0.000000
vt 0.726415 0.000000
vt 0.471698 0.000000
vt 0.560694 0.000000
vt 0.572254 0.000000
vt 0.566474 0.000000
vt 0.554913 0.000000
vt 0.578035 0.000000
vt 0.549133 0.000000
vt 0.543353 0.000000
vt 0.583815 0.000000
vt 0.537572 0.000000
vt 0.589595 0.000000
vt 0.531792 0.000000
vt 0.526012 0.000000
vt 0.595376 0.000000
vt 0.520231 0.000000
vt 0.601156 0.000000
vt 0.514451 0.000000
vt 0.508671 0.000000
vt 0.606936 0.000000
vt 0.502890 0.000000
vt 0.612717 0.000000
vt 0.497110 0.000000
vt 0.491329 0.000000
vt 0.485549 0.000000
vt 0.479769 0.000000
vt 0.473988 0.000000
vt 0.468208 0.000000
vt 0.462428 0.000000
vt 0.456647 0.000000
vt 0.450867 0.000000
vt 0.445087 0.000000
vt 0.439306 0.000000
vt 0.433526 0.000000
vt 0.427746 0.000000
vt 0.421965 0.000000
vt 0.618497 0.000000
vt 0.416185 0.000000
vt 0.624277 0.000000
vt 0.410405 0.000000
vt 0.404624 0.000000
vt 0.398844 0.000000
vt 0.393064 0.000000
vt 0.387283 0.000000
vt 0.630058 0.000000
vt 0.381503 0.000000
vt 0.375723 0.000000
vt 0.369942 0.000000
vt 0.635838 0.000000
vt 0.364162 0.000000
vt 0.358382 0.000000
vt 0.641618 0.000000
vt 0.352601 0.000000
vt 0.346821 0.000000
vt 0.341040 0.000000
vt 0.335260 0.000000
vt 0.329480 0.000000
vt 0.323699 0.000000
vt 0.317919 0.000000
vt 0.791907 0.000000
vt 0.994220 0.000000
vt 0.797688 0.000000
vt 0.312139 0.000000
vt 0.803468 0.000000
vt 0.306358 0.000000
vt 0.809249 0.000000
vt 0.300578 0.000000
vt 0.815029 0.000000
vt 0.820809 0.000000
vt 0.294798 0.000000
vt 0.826590 0.000000
vt 0.289017 0.000000
vt 0.832370 0.000000
vt 0.838150 0.000000
vt 0.283237 0.000000
vt 0.843931 0.000000
vt 0.849711 0.000000
vt 0.277457 0.000000
vt 0.855491 0.000000
vt 0.271676 0.000000
vt 0.861272 0.000000
vt 0.867052 0.000000
vt 0.265896 0.000000
vt 0.872832 0.000000
vt 0.878613 0.000000
vt 0.988439 0.000000
vt 0.260116 0.000000
vt 0.982659 0.000000
vt 0.884393 0.000000
vt 0.976879 0.000000
vt 0.774566 0.000000
vt 0.786127 0.000000
vt 0.780347 0.000000
vt 0.647399 0.000000
vt 0.890173 0.000000
vt 0.768786 0.000000
vt 0.971098 0.000000
vt 0.653179 0.000000
vt 0.763006 0.000000
vt 0.254335 0.000000
vt 0.895954 0.000000
vt 0.658960 0.000000
vt 0.965318 0.000000
vt 0.757225 0.000000
vt 0.664740 0.000000
vt 0.959538 0.000000
vt 0.751445 0.000000
vt 0.901734 0.000000
vt 0.670520 0.000000
vt 0.745665 0.000000
vt 0.953757 0.000000
vt 0.676301 0.000000
vt 0.739884 0.000000
vt 0.907514 0.000000
vt 0.682081 0.000000
vt 0.947977 0.000000
vt 0.734104 0.000000
vt 0.687861 0.000000
vt 0.248555 0.000000
vt 0.728324 0.000000
vt 0.913295 0.000000
vt 0.942197 0.000000
vt 0.693642 0.000000
vt 0.722543 0.000000
vt 0.699422 0.000000
vt 0.716763 0.000000
vt 0.936416 0.000000
vt 0.705202 0.000000
vt 0.710983 0.000000
vt 0.919075 0.000000
vt 0.930636 0.000000
vt 0.924855 0.000000
vt 0.132948 0.000000
vt 0.242775 0.000000
vt 0.138728 0.000000
vt 0.127168 0.000000
vt 0.236994 0.000000
vt 0.144509 0.000000
vt 0.121387 0.000000
vt 0.231214 0.000000
vt 0.150289 0.000000
vt 0.115607 0.000000
vt 0.005780 0.000000
vt 0.156069 0.000000
vt 0.109827 0.000000
vt 0.225434 0.000000
vt 0.011561 0.000000
vt 0.161850 0.000000
vt 0.104046 0.000000
vt 0.017341 0.000000
vt 0.219653 0.000000
vt 0.167630 0.000000
vt 0.098266 0.000000
vt 0.023121 0.000000
vt 0.173410 0.000000
vt 0.092486 0.000000
vt 0.028902 0.000000
vt 0.213873 0.000000
vt 0.179191 0.000000
vt 0.086705 0.000000
vt 0.034682 0.000000
vt 0.184971 0.000000
vt 0.040462 0.000000
vt 0.080925 0.000000
vt 0.208092 0.000000
vt 0.046243 0.000000
vt 0.190751 0.000000
vt 0.075145 0.000000
vt 0.052023 0.000000
vt 0.196532 0.000000
vt 0.069364 0.000000
vt 0.202312 0.000000
vt 0.057803 0.000000
vt 0.063584 0.000000
vt 0.336634 0.000000
vt 0.356436 0.000000
vt 0.346535 0.000000
vt 0.366337 0.000000
vt 0.376238 0.000000
vt 0.386139 0.000000
vt 0.326733 0.000000
vt 0.396040 0.000000
vt 0.405941 0.000000
vt 0.415842 0.000000
vt 0.316832 0.000000
vt 0.425743 0.000000
vt 0.435644 0.000000
vt 0.306931 0.000000
vt 0.445545 0.000000
vt 0.455446 0.000000
vt 0.297030 0.000000
vt 0.465347 0.000000
vt 0.574257 0.000000
vt 0.564356 0.000000
vt 0.554455 0.000000
vt 0.544554 0.000000
vt 0.534653 0.000000
vt 0.524752 0.000000
vt 0.514852 0.000000
vt 0.504951 0.000000
vt 0.495050 0.000000
vt 0.485149 0.000000
vt 0.475248 0.000000
vt 0.287129 0.000000
vt 0.594059 0.000000
vt 0.584158 0.000000
vt 0.603960 0.000000
vt 0.613861 0.000000
vt 0.623762 0.000000
vt 0.277228 0.000000
vt 0.633663 0.000000
vt 0.643564 0.000000
vt 0.267327 0.000000
vt 0.653465 0.000000
vt 0.663366 0.000000
vt 0.257426 0.000000
vt 0.673267 0.000000
vt 0.247525 0.000000
vt 0.683168 0.000000
vt 0.693069 0.000000
vt 0.237624 0.000000
vt 0.702970 0.000000
vt 0.227723 0.000000
vt 0.712871 0.000000
vt 0.722772 0.000000
vt 0.217822 0.000000
vt 0.970297 0.000000
vt 0.990099 0.000000
vt 0.980198 0.000000
vt 0.960396 0.000000
vt 0.732673 0.000000
vt 0.207921 0.000000
vt 0.742574 0.000000
vt 0.950495 0.000000
vt 0.198020 0.000000
vt 0.752475 0.000000
vt 0.762376 0.000000
vt 0.188119 0.000000
vt 0.772277 0.000000
vt 0.178218 0.000000
vt 0.782178 0.000000
vt 0.792079 0.000000
vt 0.168317 0.000000
vt 0.801980 0.000000
vt 0.940594 0.000000
vt 0.930693 0.000000
vt 0.920792 0.000000
vt 0.811881 0.000000
vt 0.910891 0.000000
vt 0.900990 0.000000
vt 0.891089 0.000000
vt 0.821782 0.000000
vt 0.158416 0.000000
vt 0.881188 0.000000
vt 0.871287 0.000000
vt 0.861386 0.000000
vt 0.831683 0.000000
vt 0.851485 0.000000
vt 0.841584 0.000000
vt 0.148515 0.000000
vt 0.009901 0.000000
vt 0.138614 0.000000
vt 0.019802 0.000000
vt 0.029703 0.000000
vt 0.128713 0.000000
vt 0.039604 0.000000
vt 0.049505 0.000000
vt 0.059406 0.000000
vt 0.118812 0.000000
vt 0.069307 0.000000
vt 0.079208 0.000000
vt 0.089109 0.000000
vt 0.108911 0.000000
vt 0.099010 0.000000
vt 0.723404 0.000000
vt 0.765957 0.000000
vt 0.744681 0.000000
vt 0.702128 0.000000
vt 0.787234 0.000000
vt 0.680851 0.000000
vt 0.808511 0.000000
vt 0.659574 0.000000
vt 0.829787 0.000000
vt 0.638298 0.000000
vt 0.851064 0.000000
vt 0.617021 0.000000
vt 0.872340 0.000000
vt 0.595745 0.000000
vt 0.893617 0.000000
vt 0.574468 0.000000
vt 0.914894 0.000000
vt 0.553191 0.000000
vt 0.936170 0.000000
vt 0.531915 0.000000
vt 0.957447 0.000000
vt 0.510638 0.000000
vt 0.978723 0.000000
vt 0.489362 0.000000
vt 0.468085 0.000000
vt 0.446809 0.000000
vt 0.021277 0.000000
vt 0.425532 0.000000
vt 0.042553 0.000000
vt 0.404255 0.000000
vt 0.063830 0.000000
vt 0.382979 0.000000
vt 0.085106 0.000000
vt 0.361702 0.000000
vt 0.106383 0.000000
vt 0.340426 0.000000
vt 0.127660 0.000000
vt 0.319149 0.000000
vt 0.148936 0.000000
vt 0.297872 0.000000
vt 0.170213 0.000000
vt 0.276596 0.000000
vt 0.191489 0.000000
vt 0.255319 0.000000
vt 0.212766 0.000000
vt 0.234043 0.000000
vt 0.855670 0.000000
vt 0.876289 0.000000
vt 0.865979 0.000000
vt 0.886598 0.000000
vt 0.896907 0.000000
vt 0.845361 0.000000
vt 0.907216 0.000000
vt 0.917526 0.000000
vt 0.927835 0.000000
vt 0.835052 0.000000
vt 0.938144 0.000000
vt 0.948454 0.000000
vt 0.958763 0.000000
vt 0.824742 0.000000
vt 0.969072 0.000000
vt 0.979381 0.000000
vt 0.989691 0.000000
vt 0.814433 0.000000
vt 0.072165 0.000000
vt 0.061856 0.000000
vt 0.051546 0.000000
vt 0.041237 0.000000
vt 0.030928 0.000000
vt 0.020619 0.000000
vt 0.010309 0.000000
vt 0.804124 0.000000
vt 0.092784 0.000000
vt 0.082474 0.000000
vt 0.793814 0.000000
vt 0.113402 0.000000
vt 0.103093 0.000000
vt 0.123711 0.000000
vt 0.134021 0.000000
vt 0.144330 0.000000
vt 0.783505 0.000000
vt 0.154639 0.000000
vt 0.164948 0.000000
vt 0.175258 0.000000
vt 0.773196 0.000000
vt 0.185567 0.000000
vt 0.195876 0.000000
vt 0.762887 0.000000
vt 0.206186 0.000000
vt 0.216495 0.000000
vt 0.752577 0.000000
vt 0.226804 0.000000
vt 0.742268 0.000000
vt 0.237113 0.000000
vt 0.247423 0.000000
vt 0.731959 0.000000
vt 0.257732 0.000000
vt 0.721649 0.000000
vt 0.268041 0.000000
vt 0.278351 0.000000
vt 0.711340 0.000000
vt 0.288660 0.000000
vt 0.298969 0.000000
vt 0.701031 0.000000
vt 0.309278 0.000000
vt 0.474227 0.000000
vt 0.494845 0.000000
vt 0.484536 0.000000
vt 0.319588 0.000000
vt 0.463918 0.000000
vt 0.690722 0.000000
vt 0.453608 0.000000
vt 0.329897 0.000000
vt 0.443299 0.000000
vt 0.432990 0.000000
vt 0.422680 0.000000
vt 0.340206 0.000000
vt 0.412371 0.000000
vt 0.402062 0.000000
vt 0.350515 0.000000
vt 0.391753 0.000000
vt 0.381443 0.000000
vt 0.360825 0.000000
vt 0.371134 0.000000
vt 0.680412 0.000000
vt 0.670103 0.000000
vt 0.659794 0.000000
vt 0.649485 0.000000
vt 0.505155 0.000000
vt 0.515464 0.000000
vt 0.525773 0.000000
vt 0.639175 0.000000
vt 0.536082 0.000000
vt 0.546392 0.000000
vt 0.556701 0.000000
vt 0.567010 0.000000
vt 0.628866 0.000000
vt 0.577320 0.000000
vt 0.587629 0.000000
vt 0.597938 0.000000
vt 0.618557 0.000000
vt 0.608247 0.000000
vt 0.987013 0.000000
vt 0.012987 0.000000
vt 0.025974 0.000000
vt 0.038961 0.000000
vt 0.051948 0.000000
vt 0.064935 0.000000
vt 0.077922 0.000000
vt 0.090909 0.000000
vt 0.103896 0.000000
vt 0.116883 0.000000
vt 0.974026 0.000000
vt 0.961039 0.000000
vt 0.129870 0.000000
vt 0.948052 0.000000
vt 0.935065 0.000000
vt 0.922078 0.000000
vt 0.909091 0.000000
vt 0.896104 0.000000
vt 0.883117 0.000000
vt 0.155844 0.000000
vt 0.870130 0.000000
vt 0.168831 0.000000
vt 0.844156 0.000000
vt 0.831169 0.000000
vt 0.181818 0.000000
vt 0.818182 0.000000
vt 0.805195 0.000000
vt 0.194805 0.000000
vt 0.792208 0.000000
vt 0.207792 0.000000
vt 0.779221 0.000000
vt 0.766234 0.000000
vt 0.220779 0.000000
vt 0.753247 0.000000
vt 0.740260 0.000000
vt 0.233766 0.000000
vt 0.727273 0.000000
vt 0.246753 0.000000
vt 0.519481 0.000000
vt 0.701299 0.000000
vt 0.532468 0.000000
vt 0.545455 0.000000
vt 0.493506 0.000000
vt 0.558442 0.000000
vt 0.688312 0.000000
vt 0.584416 0.000000
vt 0.259740 0.000000
vt 0.675325 0.000000
vt 0.597403 0.000000
vt 0.610390 0.000000
vt 0.623377 0.000000
vt 0.662338 0.000000
vt 0.636364 0.000000
vt 0.649351 0.000000
vt 0.272727 0.000000
vt 0.298701 0.000000
vt 0.506494 0.000000
vt 0.480519 0.000000
vt 0.311688 0.000000
vt 0.467532 0.000000
vt 0.454545 0.000000
vt 0.441558 0.000000
vt 0.324675 0.000000
vt 0.415584 0.000000
vt 0.402597 0.000000
vt 0.389610 0.000000
vt 0.376623 0.000000
vt 0.337662 0.000000
vt 0.363636 0.000000
vt 0.350649 0.000000
vt 0.884298 0.000000
vt 0.900826 0.000000
vt 0.892562 0.000000
vt 0.917355 0.000000
vt 0.876033 0.000000
vt 0.925620 0.000000
vt 0.933884 0.000000
vt 0.867769 0.000000
vt 0.942149 0.000000
vt 0.950413 0.000000
vt 0.859504 0.000000
vt 0.958678 0.000000
vt 0.966942 0.000000
vt 0.851240 0.000000
vt 0.975207 0.000000
vt 0.983471 0.000000
vt 0.842975 0.000000
vt 0.991736 0.000000
vt 0.057851 0.000000
vt 0.049587 0.000000
vt 0.041322 0.000000
vt 0.033058 0.000000
vt 0.024793 0.000000
vt 0.016529 0.000000
vt 0.008264 0.000000
vt 0.834711 0.000000
vt 0.074380 0.000000
vt 0.066116 0.000000
vt 0.826446 0.000000
vt 0.082645 0.000000
vt 0.099174 0.000000
vt 0.107438 0.000000
vt 0.115702 0.000000
vt 0.123967 0.000000
vt 0.132231 0.000000
vt 0.140496 0.000000
vt 0.809917 0.000000
vt 0.148760 0.000000
vt 0.157025 0.000000
vt 0.165289 0.000000
vt 0.801653 0.000000
vt 0.173554 0.000000
vt 0.793388 0.000000
vt 0.190083 0.000000
vt 0.198347 0.000000
vt 0.785124 0.000000
vt 0.206612 0.000000
vt 0.214876 0.000000
vt 0.776860 0.000000
vt 0.223140 0.000000
vt 0.768595 0.000000
vt 0.231405 0.000000
vt 0.239669 0.000000
vt 0.760331 0.000000
vt 0.247934 0.000000
vt 0.752066 0.000000
vt 0.256198 0.000000
vt 0.743802 0.000000
vt 0.264463 0.000000
vt 0.735537 0.000000
vt 0.719008 0.000000
vt 0.280992 0.000000
vt 0.710744 0.000000
vt 0.702479 0.000000
vt 0.289256 0.000000
vt 0.694215 0.000000
vt 0.487603 0.000000
vt 0.504132 0.000000
vt 0.495868 0.000000
vt 0.297521 0.000000
vt 0.685950 0.000000
vt 0.512397 0.000000
vt 0.677686 0.000000
vt 0.305785 0.000000
vt 0.520661 0.000000
vt 0.669421 0.000000
vt 0.528926 0.000000
vt 0.661157 0.000000
vt 0.652893 0.000000
vt 0.314050 0.000000
vt 0.537190 0.000000
vt 0.644628 0.000000
vt 0.553719 0.000000
vt 0.322314 0.000000
vt 0.628099 0.000000
vt 0.561983 0.000000
vt 0.619835 0.000000
vt 0.570248 0.000000
vt 0.611570 0.000000
vt 0.578512 0.000000
vt 0.603306 0.000000
vt 0.586777 0.000000
vt 0.330579 0.000000
vt 0.595041 0.000000
vt 0.338843 0.000000
vt 0.479339 0.000000
vt 0.471074 0.000000
vt 0.347107 0.000000
vt 0.462810 0.000000
vt 0.355372 0.000000
vt 0.446281 0.000000
vt 0.438017 0.000000
vt 0.429752 0.000000
vt 0.371901 0.000000
vt 0.421488 0.000000
vt 0.413223 0.000000
vt 0.380165 0.000000
vt 0.404959 0.000000
vt 0.396694 0.000000
vt 0.388430 0.000000
vt 0.000000 1.000000
vt 0.008197 1.000000
vt 0.008197 0.000000
vt 0.016393 1.000000
vt 0.016393 0.000000
vt 0.024590 1.000000
vt 0.024590 0.000000
vt 0.032787 1.000000
vt 0.032787 0.000000
vt 0.040984 1.000000
vt 0.040984 0.000000
vt 0.049180 1.000000
vt 0.049180 0.000000
vt 0.057377 1.000000
vt 0.057377 0.000000
vt 0.065574 1.000000
vt 0.065574 0.000000
vt 0.073770 1.000000
vt 0.073770 0.000000
vt 0.081967 1.000000
vt 0.081967 0.000000
vt 0.090164 1.000000
vt 0.090164 0.000000
vt 0.098361 1.000000
vt 0.098361 0.000000
vt 0.106557 1.000000
vt 0.106557 0.000000
vt 0.114754 1.000000
vt 0.114754 0.000000
vt 0.122951 1.000000
vt 0.122951 0.000000
vt 0.131148 1.000000
vt 0.131148 0.000000
vt 0.139344 1.000000
vt 0.139344 0.000000
vt 0.147541 1.000000
vt 0.147541 0.000000
vt 0.155738 1.000000
vt 0.155738 0.000000
vt 0.163934 1.000000
vt 0.163934 0.000000
vt 0.172131 1.000000
vt 0.172131 0.000000
vt 0.180328 1.000000
vt 0.180328 0.000000
vt 0.188525 1.000000
vt 0.188525 0.000000
vt 0.196721 1.000000
vt 0.196721 0.000000
vt 0.204918 1.000000
vt 0.204918 0.000000
vt 0.213115 1.000000
vt 0.213115 0.000000
vt 0.221311 1.000000
vt 0.221311 0.000000
vt 0.229508 1.000000
vt 0.229508 0.000000
vt 0.237705 1.000000
vt 0.237705 0.000000
vt 0.245902 1.000000
vt 0.245902 0.000000
vt 0.254098 1.000000
vt 0.254098 0.000000
vt 0.262295 1.000000
vt 0.262295 0.000000
vt 0.270492 1.000000
vt 0.270492 0.000000
vt 0.278689 1.000000
vt 0.278689 0.000000
vt 0.286885 1.000000
vt 0.286885 0.000000
vt 0.295082 1.000000
vt 0.295082 0.000000
vt 0.303279 1.000000
vt 0.303279 0.000000
vt 0.311475 1.000000
vt 0.311475 0.000000
vt 0.319672 1.000000
vt 0.319672 0.000000
vt 0.327869 1.000000
vt 0.327869 0.000000
vt 0.336066 1.000000
vt 0.336066 0.000000
vt 0.344262 1.000000
vt 0.344262 0.000000
vt 0.352459 1.000000
vt 0.352459 0.000000
vt 0.360656 1.000000
vt 0.360656 0.000000
vt 0.368852 1.000000
vt 0.368852 0.000000
vt 0.377049 1.000000
vt 0.377049 0.000000
vt 0.385246 1.000000
vt 0.385246 0.000000
vt 0.393443 1.000000
vt 0.393443 0.000000
vt 0.401639 1.000000
vt 0.401639 0.000000
vt 0.409836 1.000000
vt 0.409836 0.000000
vt 0.418033 1.000000
vt 0.418033 0.000000
vt 0.426230 1.000000
vt 0.426230 0.000000
vt 0.434426 1.000000
vt 0.434426 0.000000
vt 0.442623 1.000000
vt 0.442623 0.000000
vt 0.450820 1.000000
vt 0.450820 0.000000
vt 0.459016 1.000000
vt 0.459016 0.000000
vt 0.467213 1.000000
vt 0.467213 0.000000
vt 0.475410 1.000000
vt 0.475410 0.000000
vt 0.483607 1.000000
vt 0.483607 0.000000
vt 0.491803 1.000000
vt 0.491803 0.000000
vt 0.500000 1.000000
vt 0.508197 1.000000
vt 0.508197 0.000000
vt 0.516393 1.000000
vt 0.516393 0.000000
vt 0.524590 1.000000
vt 0.524590 0.000000
vt 0.532787 1.000000
vt 0.532787 0.000000
vt 0.540984 1.000000
vt 0.540984 0.000000
vt 0.549180 1.000000
vt 0.549180 0.000000
vt 0.557377 1.000000
vt 0.557377 0.000000
vt 0.565574 1.000000
vt 0.565574 0.000000
vt 0.573770 1.000000
vt 0.573770 0.000000
vt 0.581967 1.000000
vt 0.581967 0.000000
vt 0.590164 1.000000
vt 0.590164 0.000000
vt 0.598361 1.000000
vt 0.598361 0.000000
vt 0.606557 1.000000
vt 0.606557 0.000000
vt 0.614754 1.000000
vt 0.614754 0.000000
vt 0.622951 1.000000
vt 0.622951 0.000000
vt 0.631148 1.000000
vt 0.631148 0.000000
vt 0.639344 1.000000
vt 0.639344 0.000000
vt 0.647541 1.000000
vt 0.647541 0.000000
vt 0.655738 1.000000
vt 0.655738 0.000000
vt 0.663934 1.000000
vt 0.663934 0.000000
vt 0.672131 1.000000
vt 0.672131 0.000000
vt 0.680328 1.000000
vt 0.680328 0.000000
vt 0.688525 1.000000
vt 0.688525 0.000000
vt 0.696721 1.000000
vt 0.696721 0.000000
vt 0.704918 1.000000
vt 0.704918 0.000000
vt 0.713115 1.000000
vt 0.713115 0.000000
vt 0.721311 1.000000
vt 0.721311 0.000000
vt 0.729508 1.000000
vt 0.729508 0.000000
vt 0.737705 1.000000
vt 0.737705 0.000000
vt 0.745902 1.000000
vt 0.745902 0.000000
vt 0.754098 1.000000
vt 0.754098 0.000000
vt 0.762295 1.000000
vt 0.762295 0.000000
vt 0.770492 1.000000
vt 0.770492 0.000000
vt 0.778689 1.000000
vt 0.778689 0.000000
vt 0.786885 1.000000
vt 0.786885 0.000000
vt 0.795082 1.000000
vt 0.795082 0.000000
vt 0.803279 1.000000
vt 0.803279 0.000000
vt 0.811475 1.000000
vt 0.811475 0.000000
vt 0.819672 1.000000
vt 0.819672 0.000000
vt 0.827869 1.000000
vt 0.827869 0.000000
vt 0.836066 1.000000
vt 0.836066 0.000000
vt 0.844262 1.000000
vt 0.844262 0.000000
vt 0.852459 1.000000
vt 0.852459 0.000000
vt 0.860656 1.000000
vt 0.860656 0.000000
vt 0.868852 1.000000
vt 0.868852 0.000000
vt 0.877049 1.000000
vt 0.877049 0.000000
vt 0.885246 1.000000
vt 0.885246 0.000000
vt 0.893443 1.000000
vt 0.893443 0.000000
vt 0.901639 1.000000
vt 0.901639 0.000000
vt 0.909836 1.000000
vt 0.909836 0.000000
vt 0.918033 1.000000
vt 0.918033 0.000000
vt 0.926230 1.000000
vt 0.926230 0.000000
vt 0.934426 1.000000
vt 0.934426 0.000000
vt 0.942623 1.000000
vt 0.942623 0.000000
vt 0.950820 1.000000
vt 0.950820 0.000000
vt 0.959016 1.000000
vt 0.959016 0.000000
vt 0.967213 1.000000
vt 0.967213 0.000000
vt 0.975410 1.000000
vt 0.975410 0.000000
vt 0.983607 1.000000
vt 0.983607 0.000000
vt 0.991803 1.000000
vt 0.991803 0.000000
vt 1.000000 1.000000
vt 0.025000 1.000000
vt 0.025000 0.000000
vt 0.050000 1.000000
vt 0.050000 0.000000
vt 0.075000 1.000000
vt 0.075000 0.000000
vt 0.100000 1.000000
vt 0.100000 0.000000
vt 0.125000 1.000000
vt 0.125000 0.000000
vt 0.150000 1.000000
vt 0.150000 0.000000
vt 0.175000 1.000000
vt 0.175000 0.000000
vt 0.200000 1.000000
vt 0.200000 0.000000
vt 0.225000 1.000000
vt 0.225000 0.000000
vt 0.250000 1.000000
vt 0.250000 0.000000
vt 0.275000 1.000000
vt 0.275000 0.000000
vt 0.300000 1.000000
vt 0.300000 0.000000
vt 0.325000 1.000000
vt 0.325000 0.000000
vt 0.350000 1.000000
vt 0.350000 0.000000
vt 0.375000 1.000000
vt 0.375000 0.000000
vt 0.400000 1.000000
vt 0.400000 0.000000
vt 0.425000 1.000000
vt 0.425000 0.000000
vt 0.450000 1.000000
vt 0.450000 0.000000
vt 0.475000 1.000000
vt 0.475000 0.000000
vt 0.525000 1.000000
vt 0.525000 0.000000
vt 0.550000 1.000000
vt 0.550000 0.000000
vt 0.575000 1.000000
vt 0.575000 0.000000
vt 0.600000 1.000000
vt 0.600000 0.000000
vt 0.625000 1.000000
vt 0.625000 0.000000
vt 0.650000 1.000000
vt 0.650000 0.000000
vt 0.675000 1.000000
vt 0.675000 0.000000
vt 0.700000 1.000000
vt 0.700000 0.000000
vt 0.725000 1.000000
vt 0.725000 0.000000
vt 0.750000 1.000000
vt 0.750000 0.000000
vt 0.775000 1.000000
vt 0.775000 0.000000
vt 0.800000 1.000000
vt 0.800000 0.000000
vt 0.825000 1.000000
vt 0.825000 0.000000
vt 0.850000 1.000000
vt 0.850000 0.000000
vt 0.875000 1.000000
vt 0.875000 0.000000
vt 0.900000 1.000000
vt 0.900000 0.000000
vt 0.925000 1.000000
vt 0.925000 0.000000
vt 0.950000 1.000000
vt 0.950000 0.000000
vt 0.975000 1.000000
vt 0.975000 0.000000
vt 0.026316 1.000000
vt 0.026316 0.000000
vt 0.052632 1.000000
vt 0.052632 0.000000
vt 0.078947 1.000000
vt 0.078947 0.000000
vt 0.105263 1.000000
vt 0.105263 0.000000
vt 0.131579 1.000000
vt 0.131579 0.000000
vt 0.157895 1.000000
vt 0.157895 0.000000
vt 0.184211 1.000000
vt 0.184211 0.000000
vt 0.210526 1.000000
vt 0.210526 0.000000
vt 0.236842 1.000000
vt 0.236842 0.000000
vt 0.263158 1.000000
vt 0.263158 0.000000
vt 0.289474 1.000000
vt 0.289474 0.000000
vt 0.315789 1.000000
vt 0.315789 0.000000
vt 0.342105 1.000000
vt 0.342105 0.000000
vt 0.368421 1.000000
vt 0.368421 0.000000
vt 0.394737 1.000000
vt 0.394737 0.000000
vt 0.421053 1.000000
vt 0.421053 0.000000
vt 0.447368 1.000000
vt 0.447368 0.000000
vt 0.473684 1.000000
vt 0.473684 0.000000
vt 0.526316 1.000000
vt 0.526316 0.000000
vt 0.552632 1.000000
vt 0.552632 0.000000
vt 0.578947 1.000000
vt 0.578947 0.000000
vt 0.605263 1.000000
vt 0.605263 0.000000
vt 0.631579 1.000000
vt 0.631579 0.000000
vt 0.657895 1.000000
vt 0.657895 0.000000
vt 0.684211 1.000000
vt 0.684211 0.000000
vt 0.710526 1.000000
vt 0.710526 0.000000
vt 0.736842 1.000000
vt 0.736842 0.000000
vt 0.763158 1.000000
vt 0.763158 0.000000
vt 0.789474 1.000000
vt 0.789474 0.000000
vt 0.815789 1.000000
vt 0.815789 0.000000
vt 0.842105 1.000000
vt 0.842105 0.000000
vt 0.868421 1.000000
vt 0.868421 0.000000
vt 0.894737 1.000000
vt 0.894737 0.000000
vt 0.921053 1.000000
vt 0.921053 0.000000
vt 0.947368 1.000000
vt 0.947368 0.000000
vt 0.973684 1.000000
vt 0.973684 0.000000
vt 0.007299 1.000000
vt 0.007299 0.000000
vt 0.014599 1.000000
vt 0.014599 0.000000
vt 0.021898 1.000000
vt 0.021898 0.000000
vt 0.029197 1.000000
vt 0.029197 0.000000
vt 0.036496 1.000000
vt 0.036496 0.000000
vt 0.043796 1.000000
vt 0.043796 0.000000
vt 0.051095 1.000000
vt 0.051095 0.000000
vt 0.058394 1.000000
vt 0.058394 0.000000
vt 0.065693 1.000000
vt 0.065693 0.000000
vt 0.072993 1.000000
vt 0.072993 0.000000
vt 0.080292 1.000000
vt 0.080292 0.000000
vt 0.087591 1.000000
vt 0.087591 0.000000
vt 0.094891 1.000000
vt 0.094891 0.000000
vt 0.102190 1.000000
vt 0.102190 0.000000
vt 0.109489 1.000000
vt 0.109489 0.000000
vt 0.116788 1.000000
vt 0.116788 0.000000
vt 0.124088 1.000000
vt 0.124088 0.000000
vt 0.131387 1.000000
vt 0.131387 0.000000
vt 0.138686 1.000000
vt 0.138686 0.000000
vt 0.145985 1.000000
vt 0.145985 0.000000
vt 0.153285 1.000000
vt 0.153285 0.000000
vt 0.160584 1.000000
vt 0.160584 0.000000
vt 0.167883 1.000000
vt 0.167883 0.000000
vt 0.175182 1.000000
vt 0.175182 0.000000
vt 0.182482 1.000000
vt 0.182482 0.000000
vt 0.189781 1.000000
vt 0.189781 0.000000
vt 0.197080 1.000000
vt 0.197080 0.000000
vt 0.204380 1.000000
vt 0.204380 0.000000
vt 0.211679 1.000000
vt 0.211679 0.000000
vt 0.218978 1.000000
vt 0.218978 0.000000
vt 0.226277 1.000000
vt 0.226277 0.000000
vt 0.233577 1.000000
vt 0.233577 0.000000
vt 0.240876 1.000000
vt 0.240876 0.000000
vt 0.248175 1.000000
vt 0.248175 0.000000
vt 0.255474 1.000000
vt 0.255474 0.000000
vt 0.262774 1.000000
vt 0.262774 0.000000
vt 0.270073 1.000000
vt 0.270073 0.000000
vt 0.277372 1.000000
vt 0.277372 0.000000
vt 0.284672 1.000000
vt 0.284672 0.000000
vt 0.291971 1.000000
vt 0.291971 0.000000
vt 0.299270 1.000000
vt 0.299270 0.000000
vt 0.306569 1.000000
vt 0.306569 0.000000
vt 0.313869 1.000000
vt 0.313869 0.000000
vt 0.321168 1.000000
vt 0.321168 0.000000
vt 0.328467 1.000000
vt 0.328467 0.000000
vt 0.335766 1.000000
vt 0.335766 0.000000
vt 0.343066 1.000000
vt 0.343066 0.000000
vt 0.350365 1.000000
vt 0.350365 0.000000
vt 0.357664 1.000000
vt 0.357664 0.000000
vt 0.364964 1.000000
vt 0.364964 0.000000
vt 0.372263 1.000000
vt 0.372263 0.000000
vt 0.379562 1.000000
vt 0.379562 0.000000
vt 0.386861 1.000000
vt 0.386861 0.000000
vt 0.394161 1.000000
vt 0.394161 0.000000
vt 0.401460 1.000000
vt 0.401460 0.000000
vt 0.408759 1.000000
vt 0.408759 0.000000
vt 0.416058 1.000000
vt 0.416058 0.000000
vt 0.423358 1.000000
vt 0.423358 0.000000
vt 0.430657 1.000000
vt 0.430657 0.000000
vt 0.437956 1.000000
vt 0.437956 0.000000
vt 0.445255 1.000000
vt 0.445255 0.000000
vt 0.452555 1.000000
vt 0.452555 0.000000
vt 0.459854 1.000000
vt 0.459854 0.000000
vt 0.467153 1.000000
vt 0.467153 0.000000
vt 0.474453 1.000000
vt 0.474453 0.000000
vt 0.481752 1.000000
vt 0.481752 0.000000
vt 0.489051 1.000000
vt 0.489051 0.000000
vt 0.496350 1.000000
vt 0.496350 0.000000
vt 0.503650 1.000000
vt 0.503650 0.000000
vt 0.510949 1.000000
vt 0.510949 0.000000
vt 0.518248 1.000000
vt 0.518248 0.000000
vt 0.525547 1.000000
vt 0.525547 0.000000
vt 0.532847 1.000000
vt 0.532847 0.000000
vt 0.540146 1.000000
vt 0.540146 0.000000
vt 0.547445 1.000000
vt 0.547445 0.000000
vt 0.554745 1.000000
vt 0.554745 0.000000
vt 0.562044 1.000000
vt 0.562044 0.000000
vt 0.569343 1.000000
vt 0.569343 0.000000
vt 0.576642 1.000000
vt 0.576642 0.000000
vt 0.583942 1.000000
vt 0.583942 0.000000
vt 0.591241 1.000000
vt 0.591241 0.000000
vt 0.598540 1.000000
vt 0.598540 0.000000
vt 0.605839 1.000000
vt 0.605839 0.000000
vt 0.613139 1.000000
vt 0.613139 0.000000
vt 0.620438 1.000000
vt 0.620438 0.000000
vt 0.627737 1.000000
vt 0.627737 0.000000
vt 0.635036 1.000000
vt 0.635036 0.000000
vt 0.642336 1.000000
vt 0.642336 0.000000
vt 0.649635 1.000000
vt 0.649635 0.000000
vt 0.656934 1.000000
vt 0.656934 0.000000
vt 0.664234 1.000000
vt 0.664234 0.000000
vt 0.671533 1.000000
vt 0.671533 0.000000
vt 0.678832 1.000000
vt 0.678832 0.000000
vt 0.686131 1.000000
vt 0.686131 0.000000
vt 0.693431 1.000000
vt 0.693431 0.000000
vt 0.700730 1.000000
vt 0.700730 0.000000
vt 0.708029 1.000000
vt 0.708029 0.000000
vt 0.715328 1.000000
vt 0.715328 0.000000
vt 0.722628 1.000000
vt 0.722628 0.000000
vt 0.729927 1.000000
vt 0.729927 0.000000
vt 0.737226 1.000000
vt 0.737226 0.000000
vt 0.744526 1.000000
vt 0.744526 0.000000
vt 0.751825 1.000000
vt 0.751825 0.000000
vt 0.759124 1.000000
vt 0.759124 0.000000
vt 0.766423 1.000000
vt 0.766423 0.000000
vt 0.773723 1.000000
vt 0.773723 0.000000
vt 0.781022 1.000000
vt 0.781022 0.000000
vt 0.788321 1.000000
vt 0.788321 0.000000
vt 0.795620 1.000000
vt 0.795620 0.000000
vt 0.802920 1.000000
vt 0.802920 0.000000
vt 0.810219 1.000000
vt 0.810219 0.000000
vt 0.817518 1.000000
vt 0.817518 0.000000
vt 0.824818 1.000000
vt 0.824818 0.000000
vt 0.832117 1.000000
vt 0.832117 0.000000
vt 0.839416 1.000000
vt 0.839416 0.000000
vt 0.846715 1.000000
vt 0.846715 0.000000
vt 0.854015 1.000000
vt 0.854015 0.000000
vt 0.861314 1.000000
vt 0.861314 0.000000
vt 0.868613 1.000000
vt 0.868613 0.000000
vt 0.875912 1.000000
vt 0.875912 0.000000
vt 0.883212 1.000000
vt 0.883212 0.000000
vt 0.890511 1.000000
vt 0.890511 0.000000
vt 0.897810 1.000000
vt 0.897810 0.000000
vt 0.905109 1.000000
vt 0.905109 0.000000
vt 0.912409 1.000000
vt 0.912409 0.000000
vt 0.919708 1.000000
vt 0.919708 0.000000
vt 0.927007 1.000000
vt 0.927007 0.000000
vt 0.934307 1.000000
vt 0.934307 0.000000
vt 0.941606 1.000000
vt 0.941606 0.000000
vt 0.948905 1.000000
vt 0.948905 0.000000
vt 0.956204 1.000000
vt 0.956204 0.000000
vt 0.963504 1.000000
vt 0.963504 0.000000
vt 0.970803 1.000000
vt 0.970803 0.000000
vt 0.978102 1.000000
vt 0.978102 0.000000
vt 0.985401 1.000000
vt 0.985401 0.000000
vt 0.992701 1.000000
vt 0.992701 0.000000
vt 0.027027 1.000000
vt 0.027027 0.000000
vt 0.054054 1.000000
vt 0.054054 0.000000
vt 0.081081 1.000000
vt 0.081081 0.000000
vt 0.108108 1.000000
vt 0.108108 0.000000
vt 0.135135 1.000000
vt 0.135135 0.000000
vt 0.162162 1.000000
vt 0.162162 0.000000
vt 0.189189 1.000000
vt 0.189189 0.000000
vt 0.216216 1.000000
vt 0.216216 0.000000
vt 0.243243 1.000000
vt 0.243243 0.000000
vt 0.270270 1.000000
vt 0.270270 0.000000
vt 0.297297 1.000000
vt 0.297297 0.000000
vt 0.324324 1.000000
vt 0.324324 0.000000
vt 0.351351 1.000000
vt 0.351351 0.000000
vt 0.378378 1.000000
vt 0.378378 0.000000
vt 0.405405 1.000000
vt 0.405405 0.000000
vt 0.432432 1.000000
vt 0.432432 0.000000
vt 0.459459 1.000000
vt 0.459459 0.000000
vt 0.486486 1.000000
vt 0.486486 0.000000
vt 0.513514 1.000000
vt 0.513514 0.000000
vt 0.540541 1.000000
vt 0.540541 0.000000
vt 0.567568 1.000000
vt 0.567568 0.000000
vt 0.594595 1.000000
vt 0.594595 0.000000
vt 0.621622 1.000000
vt 0.621622 0.000000
vt 0.648649 1.000000
vt 0.648649 0.000000
vt 0.675676 1.000000
vt 0.675676 0.000000
vt 0.702703 1.000000
vt 0.702703 0.000000
vt 0.729730 1.000000
vt 0.729730 0.000000
vt 0.756757 1.000000
vt 0.756757 0.000000
vt 0.783784 1.000000
vt 0.783784 0.000000
vt 0.810811 1.000000
vt 0.810811 0.000000
vt 0.837838 1.000000
vt 0.837838 0.000000
vt 0.864865 1.000000
vt 0.864865 0.000000
vt 0.891892 1.000000
vt 0.891892 0.000000
vt 0.918919 1.000000
vt 0.918919 0.000000
vt 0.945946 1.000000
vt 0.945946 0.000000
vt 0.972973 1.000000
vt 0.972973 0.000000
vt 0.010204 1.000000
vt 0.020408 1.000000
vt 0.030612 1.000000
vt 0.040816 1.000000
vt 0.051020 1.000000
vt 0.061224 1.000000
vt 0.071429 1.000000
vt 0.081633 1.000000
vt 0.091837 1.000000
vt 0.102041 1.000000
vt 0.112245 1.000000
vt 0.122449 1.000000
vt 0.132653 1.000000
vt 0.142857 1.000000
vt 0.153061 1.000000
vt 0.163265 1.000000
vt 0.173469 1.000000
vt 0.183673 1.000000
vt 0.193878 1.000000
vt 0.204082 1.000000
vt 0.214286 1.000000
vt 0.224490 1.000000
vt 0.234694 1.000000
vt 0.244898 1.000000
vt 0.255102 1.000000
vt 0.265306 1.000000
vt 0.275510 1.000000
vt 0.285714 1.000000
vt 0.295918 1.000000
vt 0.306122 1.000000
vt 0.316327 1.000000
vt 0.326531 1.000000
vt 0.336735 1.000000
vt 0.346939 1.000000
vt 0.357143 1.000000
vt 0.367347 1.000000
vt 0.377551 1.000000
vt 0.387755 1.000000
vt 0.397959 1.000000
vt 0.408163 1.000000
vt 0.418367 1.000000
vt 0.428571 1.000000
vt 0.438776 1.000000
vt 0.448980 1.000000
vt 0.459184 1.000000
vt 0.469388 1.000000
vt 0.479592 1.000000
vt 0.489796 1.000000
vt 0.510204 1.000000
vt 0.520408 1.000000
vt 0.530612 1.000000
vt 0.540816 1.000000
vt 0.551020 1.000000
vt 0.561224 1.000000
vt 0.571429 1.000000
vt 0.581633 1.000000
vt 0.591837 1.000000
vt 0.602041 1.000000
vt 0.612245 1.000000
vt 0.622449 1.000000
vt 0.632653 1.000000
vt 0.642857 1.000000
vt 0.653061 1.000000
vt 0.663265 1.000000
vt 0.673469 1.000000
vt 0.683673 1.000000
vt 0.693878 1.000000
vt 0.704082 1.000000
vt 0.714286 1.000000
vt 0.724490 1.000000
vt 0.734694 1.000000
vt 0.744898 1.000000
vt 0.755102 1.000000
vt 0.765306 1.000000
vt 0.775510 1.000000
vt 0.785714 1.000000
vt 0.795918 1.000000
vt 0.806122 1.000000
vt 0.816327 1.000000
vt 0.826531 1.000000
vt 0.836735 1.000000
vt 0.846939 1.000000
vt 0.857143 1.000000
vt 0.867347 1.000000
vt 0.877551 1.000000
vt 0.887755 1.000000
vt 0.897959 1.000000
vt 0.908163 1.000000
vt 0.918367 1.000000
vt 0.928571 1.000000
vt 0.938776 1.000000
vt 0.948980 1.000000
vt 0.959184 1.000000
vt 0.969388 1.000000
vt 0.979592 1.000000
vt 0.989796 1.000000
vt 0.013514 1.000000
vt 0.013514 0.000000
vt 0.040541 1.000000
vt 0.040541 0.000000
vt 0.067568 1.000000
vt 0.067568 0.000000
vt 0.094595 1.000000
vt 0.094595 0.000000
vt 0.121622 1.000000
vt 0.121622 0.000000
vt 0.148649 1.000000
vt 0.148649 0.000000
vt 0.175676 1.000000
vt 0.175676 0.000000
vt 0.202703 1.000000
vt 0.202703 0.000000
vt 0.229730 1.000000
vt 0.229730 0.000000
vt 0.256757 1.000000
vt 0.256757 0.000000
vt 0.283784 1.000000
vt 0.283784 0.000000
vt 0.310811 1.000000
vt 0.310811 0.000000
vt 0.337838 1.000000
vt 0.337838 0.000000
vt 0.364865 1.000000
vt 0.364865 0.000000
vt 0.391892 1.000000
vt 0.391892 0.000000
vt 0.418919 1.000000
vt 0.418919 0.000000
vt 0.445946 1.000000
vt 0.445946 0.000000
vt 0.472973 1.000000
vt 0.472973 0.000000
vt 0.527027 1.000000
vt 0.527027 0.000000
vt 0.554054 1.000000
vt 0.554054 0.000000
vt 0.581081 1.000000
vt 0.581081 0.000000
vt 0.608108 1.000000
vt 0.608108 0.000000
vt 0.635135 1.000000
vt 0.635135 0.000000
vt 0.662162 1.000000
vt 0.662162 0.000000
vt 0.689189 1.000000
vt 0.689189 0.000000
vt 0.716216 1.000000
vt 0.716216 0.000000
vt 0.743243 1.000000
vt 0.743243 0.000000
vt 0.770270 1.000000
vt 0.770270 0.000000
vt 0.797297 1.000000
vt 0.797297 0.000000
vt 0.824324 1.000000
vt 0.824324 0.000000
vt 0.851351 1.000000
vt 0.851351 0.000000
vt 0.878378 1.000000
vt 0.878378 0.000000
vt 0.905405 1.000000
vt 0.905405 0.000000
vt 0.932432 1.000000
vt 0.932432 0.000000
vt 0.959459 1.000000
vt 0.959459 0.000000
vt 0.986486 1.000000
vt 0.986486 0.000000
vt 0.040000 1.000000
vt 0.040000 0.000000
vt 0.080000 1.000000
vt 0.080000 0.000000
vt 0.120000 1.000000
vt 0.120000 0.000000
vt 0.160000 1.000000
vt 0.160000 0.000000
vt 0.240000 1.000000
vt 0.240000 0.000000
vt 0.280000 1.000000
vt 0.280000 0.000000
vt 0.320000 1.000000
vt 0.320000 0.000000
vt 0.360000 1.000000
vt 0.360000 0.000000
vt 0.440000 1.000000
vt 0.440000 0.000000
vt 0.480000 1.000000
vt 0.480000 0.000000
vt 0.520000 1.000000
vt 0.520000 0.000000
vt 0.560000 1.000000
vt 0.560000 0.000000
vt 0.640000 1.000000
vt 0.640000 0.000000
vt 0.680000 1.000000
vt 0.680000 0.000000
vt 0.720000 1.000000
vt 0.720000 0.000000
vt 0.760000 1.000000
vt 0.760000 0.000000
vt 0.840000 1.000000
vt 0.840000 0.000000
vt 0.880000 1.000000
vt 0.880000 0.000000
vt 0.920000 1.000000
vt 0.920000 0.000000
vt 0.960000 1.000000
vt 0.960000 0.000000
vt 0.020833 1.000000
vt 0.020833 0.000000
vt 0.041667 1.000000
vt 0.041667 0.000000
vt 0.062500 1.000000
vt 0.062500 0.000000
vt 0.083333 1.000000
vt 0.083333 0.000000
vt 0.104167 1.000000
vt 0.104167 0.000000
vt 0.145833 1.000000
vt 0.145833 0.000000
vt 0.166667 1.000000
vt 0.166667 0.000000
vt 0.187500 1.000000
vt 0.187500 0.000000
vt 0.208333 1.000000
vt 0.208333 0.000000
vt 0.229167 1.000000
vt 0.229167 0.000000
vt 0.270833 1.000000
vt 0.270833 0.000000
vt 0.291667 1.000000
vt 0.291667 0.000000
vt 0.312500 1.000000
vt 0.312500 0.000000
vt 0.333333 1.000000
vt 0.333333 0.000000
vt 0.354167 1.000000
vt 0.354167 0.000000
vt 0.395833 1.000000
vt 0.395833 0.000000
vt 0.416667 1.000000
vt 0.416667 0.000000
vt 0.437500 1.000000
vt 0.437500 0.000000
vt 0.458333 1.000000
vt 0.458333 0.000000
vt 0.479167 1.000000
vt 0.479167 0.000000
vt 0.520833 1.000000
vt 0.520833 0.000000
vt 0.541667 1.000000
vt 0.541667 0.000000
vt 0.562500 1.000000
vt 0.562500 0.000000
vt 0.583333 1.000000
vt 0.583333 0.000000
vt 0.604167 1.000000
vt 0.604167 0.000000
vt 0.645833 1.000000
vt 0.645833 0.000000
vt 0.666667 1.000000
vt 0.666667 0.000000
vt 0.687500 1.000000
vt 0.687500 0.000000
vt 0.708333 1.000000
vt 0.708333 0.000000
vt 0.729167 1.000000
vt 0.729167 0.000000
vt 0.770833 1.000000
vt 0.770833 0.000000
vt 0.791667 1.000000
vt 0.791667 0.000000
vt 0.812500 1.000000
vt 0.812500 0.000000
vt 0.833333 1.000000
vt 0.833333 0.000000
vt 0.854167 1.000000
vt 0.854167 0.000000
vt 0.895833 1.000000
vt 0.895833 0.000000
vt 0.916667 1.000000
vt 0.916667 0.000000
vt 0.937500 1.000000
vt 0.937500 0.000000
vt 0.958333 1.000000
vt 0.958333 0.000000
vt 0.979167 1.000000
vt 0.979167 0.000000
vt 0.009804 1.000000
vt 0.009804 0.000000
vt 0.019608 1.000000
vt 0.019608 0.000000
vt 0.029412 1.000000
vt 0.029412 0.000000
vt 0.039216 1.000000
vt 0.039216 0.000000
vt 0.049020 1.000000
vt 0.049020 0.000000
vt 0.058824 1.000000
vt 0.058824 0.000000
vt 0.068627 1.000000
vt 0.068627 0.000000
vt 0.078431 1.000000
vt 0.078431 0.000000
vt 0.088235 1.000000
vt 0.088235 0.000000
vt 0.098039 1.000000
vt 0.098039 0.000000
vt 0.107843 1.000000
vt 0.107843 0.000000
vt 0.117647 1.000000
vt 0.117647 0.000000
vt 0.127451 1.000000
vt 0.127451 0.000000
vt 0.137255 1.000000
vt 0.137255 0.000000
vt 0.147059 1.000000
vt 0.147059 0.000000
vt 0.156863 1.000000
vt 0.156863 0.000000
vt 0.176471 1.000000
vt 0.176471 0.000000
vt 0.186275 1.000000
vt 0.186275 0.000000
vt 0.196078 1.000000
vt 0.196078 0.000000
vt 0.205882 1.000000
vt 0.205882 0.000000
vt 0.215686 1.000000
vt 0.215686 0.000000
vt 0.225490 1.000000
vt 0.225490 0.000000
vt 0.235294 1.000000
vt 0.235294 0.000000
vt 0.245098 1.000000
vt 0.245098 0.000000
vt 0.254902 1.000000
vt 0.254902 0.000000
vt 0.264706 1.000000
vt 0.264706 0.000000
vt 0.274510 1.000000
vt 0.274510 0.000000
vt 0.284314 1.000000
vt 0.284314 0.000000
vt 0.294118 1.000000
vt 0.294118 0.000000
vt 0.303922 1.000000
vt 0.303922 0.000000
vt 0.313726 1.000000
vt 0.313726 0.000000
vt 0.323529 1.000000
vt 0.323529 0.000000
vt 0.343137 1.000000
vt 0.343137 0.000000
vt 0.352941 1.000000
vt 0.352941 0.000000
vt 0.362745 1.000000
vt 0.362745 0.000000
vt 0.372549 1.000000
vt 0.372549 0.000000
vt 0.382353 1.000000
vt 0.382353 0.000000
vt 0.392157 1.000000
vt 0.392157 0.000000
vt 0.401961 1.000000
vt 0.401961 0.000000
vt 0.411765 1.000000
vt 0.411765 0.000000
vt 0.421569 1.000000
vt 0.421569 0.000000
vt 0.431373 1.000000
vt 0.431373 0.000000
vt 0.441176 1.000000
vt 0.441176 0.000000
vt 0.450980 1.000000
vt 0.450980 0.000000
vt 0.460784 1.000000
vt 0.460784 0.000000
vt 0.470588 1.000000
vt 0.470588 0.000000
vt 0.480392 1.000000
vt 0.480392 0.000000
vt 0.490196 1.000000
vt 0.490196 0.000000
vt 0.509804 1.000000
vt 0.509804 0.000000
vt 0.519608 1.000000
vt 0.519608 0.000000
vt 0.529412 1.000000
vt 0.529412 0.000000
vt 0.539216 1.000000
vt 0.539216 0.000000
vt 0.549020 1.000000
vt 0.549020 0.000000
vt 0.558824 1.000000
vt 0.558824 0.000000
vt 0.568627 1.000000
vt 0.568627 0.000000
vt 0.578431 1.000000
vt 0.578431 0.000000
vt 0.588235 1.000000
vt 0.588235 0.000000
vt 0.598039 1.000000
vt 0.598039 0.000000
vt 0.607843 1.000000
vt 0.607843 0.000000
vt 0.617647 1.000000
vt 0.617647 0.000000
vt 0.627451 1.000000
vt 0.627451 0.000000
vt 0.637255 1.000000
vt 0.637255 0.000000
vt 0.647059 1.000000
vt 0.647059 0.000000
vt 0.656863 1.000000
vt 0.656863 0.000000
vt 0.676471 1.000000
vt 0.676471 0.000000
vt 0.686275 1.000000
vt 0.686275 0.000000
vt 0.696078 1.000000
vt 0.696078 0.000000
vt 0.705882 1.000000
vt 0.705882 0.000000
vt 0.715686 1.000000
vt 0.715686 0.000000
vt 0.725490 1.000000
vt 0.725490 0.000000
vt 0.735294 1.000000
vt 0.735294 0.000000
vt 0.745098 1.000000
vt 0.745098 0.000000
vt 0.754902 1.000000
vt 0.754902 0.000000
vt 0.764706 1.000000
vt 0.764706 0.000000
vt 0.774510 1.000000
vt 0.774510 0.000000
vt 0.784314 1.000000
vt 0.784314 0.000000
vt 0.794118 1.000000
vt 0.794118 0.000000
vt 0.803922 1.000000
vt 0.803922 0.000000
vt 0.813725 1.000000
vt 0.813725 0.000000
vt 0.823529 1.000000
vt 0.823529 0.000000
vt 0.843137 1.000000
vt 0.843137 0.000000
vt 0.852941 1.000000
vt 0.852941 0.000000
vt 0.862745 1.000000
vt 0.862745 0.000000
vt 0.872549 1.000000
vt 0.872549 0.000000
vt 0.882353 1.000000
vt 0.882353 0.000000
vt 0.892157 1.000000
vt 0.892157 0.000000
vt 0.901961 1.000000
vt 0.901961 0.000000
vt 0.911765 1.000000
vt 0.911765 0.000000
vt 0.921569 1.000000
vt 0.921569 0.000000
vt 0.931373 1.000000
vt 0.931373 0.000000
vt 0.941176 1.000000
vt 0.941176 0.000000
vt 0.950980 1.000000
vt 0.950980 0.000000
vt 0.960784 1.000000
vt 0.960784 0.000000
vt 0.970588 1.000000
vt 0.970588 0.000000
vt 0.980392 1.000000
vt 0.980392 0.000000
vt 0.990196 1.000000
vt 0.990196 0.000000
vt 0.009346 1.000000
vt 0.009346 0.000000
vt 0.018692 1.000000
vt 0.018692 0.000000
vt 0.028037 1.000000
vt 0.028037 0.000000
vt 0.037383 1.000000
vt 0.037383 0.000000
vt 0.046729 1.000000
vt 0.046729 0.000000
vt 0.056075 1.000000
vt 0.056075 0.000000
vt 0.065421 1.000000
vt 0.065421 0.000000
vt 0.074766 1.000000
vt 0.074766 0.000000
vt 0.084112 1.000000
vt 0.084112 0.000000
vt 0.093458 1.000000
vt 0.093458 0.000000
vt 0.102804 1.000000
vt 0.102804 0.000000
vt 0.112150 1.000000
vt 0.112150 0.000000
vt 0.121495 1.000000
vt 0.121495 0.000000
vt 0.130841 1.000000
vt 0.130841 0.000000
vt 0.140187 1.000000
vt 0.140187 0.000000
vt 0.149533 1.000000
vt 0.149533 0.000000
vt 0.158879 1.000000
vt 0.158879 0.000000
vt 0.168224 1.000000
vt 0.168224 0.000000
vt 0.177570 1.000000
vt 0.177570 0.000000
vt 0.186916 1.000000
vt 0.186916 0.000000
vt 0.196262 1.000000
vt 0.196262 0.000000
vt 0.205607 1.000000
vt 0.205607 0.000000
vt 0.214953 1.000000
vt 0.214953 0.000000
vt 0.224299 1.000000
vt 0.224299 0.000000
vt 0.233645 1.000000
vt 0.233645 0.000000
vt 0.242991 1.000000
vt 0.242991 0.000000
vt 0.252336 1.000000
vt 0.252336 0.000000
vt 0.261682 1.000000
vt 0.261682 0.000000
vt 0.271028 1.000000
vt 0.271028 0.000000
vt 0.280374 1.000000
vt 0.280374 0.000000
vt 0.289720 1.000000
vt 0.289720 0.000000
vt 0.299065 1.000000
vt 0.299065 0.000000
vt 0.308411 1.000000
vt 0.308411 0.000000
vt 0.317757 1.000000
vt 0.317757 0.000000
vt 0.327103 1.000000
vt 0.327103 0.000000
vt 0.336449 1.000000
vt 0.336449 0.000000
vt 0.345794 1.000000
vt 0.345794 0.000000
vt 0.355140 1.000000
vt 0.355140 0.000000
vt 0.364486 1.000000
vt 0.364486 0.000000
vt 0.373832 1.000000
vt 0.373832 0.000000
vt 0.383178 1.000000
vt 0.383178 0.000000
vt 0.392523 1.000000
vt 0.392523 0.000000
vt 0.401869 1.000000
vt 0.401869 0.000000
vt 0.411215 1.000000
vt 0.411215 0.000000
vt 0.420561 1.000000
vt 0.420561 0.000000
vt 0.429907 1.000000
vt 0.429907 0.000000
vt 0.439252 1.000000
vt 0.439252 0.000000
vt 0.448598 1.000000
vt 0.448598 0.000000
vt 0.457944 1.000000
vt 0.457944 0.000000
vt 0.467290 1.000000
vt 0.467290 0.000000
vt 0.476636 1.000000
vt 0.476636 0.000000
vt 0.485981 1.000000
vt 0.485981 0.000000
vt 0.495327 1.000000
vt 0.495327 0.000000
vt 0.504673 1.000000
vt 0.504673 0.000000
vt 0.514019 1.000000
vt 0.514019 0.000000
vt 0.523364 1.000000
vt 0.523364 0.000000
vt 0.532710 1.000000
vt 0.532710 0.000000
vt 0.542056 1.000000
vt 0.542056 0.000000
vt 0.551402 1.000000
vt 0.551402 0.000000
vt 0.560748 1.000000
vt 0.560748 0.000000
vt 0.570093 1.000000
vt 0.570093 0.000000
vt 0.579439 1.000000
vt 0.579439 0.000000
vt 0.588785 1.000000
vt 0.588785 0.000000
vt 0.598131 1.000000
vt 0.598131 0.000000
vt 0.607477 1.000000
vt 0.607477 0.000000
vt 0.616822 1.000000
vt 0.616822 0.000000
vt 0.626168 1.000000
vt 0.626168 0.000000
vt 0.635514 1.000000
vt 0.635514 0.000000
vt 0.644860 1.000000
vt 0.644860 0.000000
vt 0.654206 1.000000
vt 0.654206 0.000000
vt 0.663551 1.000000
vt 0.663551 0.000000
vt 0.672897 1.000000
vt 0.672897 0.000000
vt 0.682243 1.000000
vt 0.682243 0.000000
vt 0.691589 1.000000
vt 0.691589 0.000000
vt 0.700935 1.000000
vt 0.700935 0.000000
vt 0.710280 1.000000
vt 0.710280 0.000000
vt 0.719626 1.000000
vt 0.719626 0.000000
vt 0.728972 1.000000
vt 0.728972 0.000000
vt 0.738318 1.000000
vt 0.738318 0.000000
vt 0.747664 1.000000
vt 0.747664 0.000000
vt 0.757009 1.000000
vt 0.757009 0.000000
vt 0.766355 1.000000
vt 0.766355 0.000000
vt 0.775701 1.000000
vt 0.775701 0.000000
vt 0.785047 1.000000
vt 0.785047 0.000000
vt 0.794393 1.000000
vt 0.794393 0.000000
vt 0.803738 1.000000
vt 0.803738 0.000000
vt 0.813084 1.000000
vt 0.813084 0.000000
vt 0.822430 1.000000
vt 0.822430 0.000000
vt 0.831776 1.000000
vt 0.831776 0.000000
vt 0.841121 1.000000
vt 0.841121 0.000000
vt 0.850467 1.000000
vt 0.850467 0.000000
vt 0.859813 1.000000
vt 0.859813 0.000000
vt 0.869159 1.000000
vt 0.869159 0.000000
vt 0.878505 1.000000
vt 0.878505 0.000000
vt 0.887850 1.000000
vt 0.887850 0.000000
vt 0.897196 1.000000
vt 0.897196 0.000000
vt 0.906542 1.000000
vt 0.906542 0.000000
vt 0.915888 1.000000
vt 0.915888 0.000000
vt 0.925234 1.000000
vt 0.925234 0.000000
vt 0.934579 1.000000
vt 0.934579 0.000000
vt 0.943925 1.000000
vt 0.943925 0.000000
vt 0.953271 1.000000
vt 0.953271 0.000000
vt 0.962617 1.000000
vt 0.962617 0.000000
vt 0.971963 1.000000
vt 0.971963 0.000000
vt 0.981308 1.000000
vt 0.981308 0.000000
vt 0.990654 1.000000
vt 0.990654 0.000000
s 0
f 35/1/1 37/2/1 36/3/1
f 35/1/1 38/4/1 37/2/1
f 34/5/1 38/4/1 35/1/1
f 34/5/1 39/6/1 38/4/1
f 33/7/1 39/6/1 34/5/1
f 33/7/1 40/8/1 39/6/1
f 32/9/1 40/8/1 33/7/1
f 32/9/1 41/10/1 40/8/1
f 31/11/1 41/10/1 32/9/1
f 31/11/1 42/12/1 41/10/1
f 30/13/1 42/12/1 31/11/1
f 30/13/1 43/14/1 42/12/1
f 29/15/1 86/16/1 30/13/1
f 86/16/1 43/14/1 30/13/1
f 29/15/1 87/17/1 86/16/1
f 85/18/1 43/14/1 86/16/1
f 29/15/1 88/19/1 87/17/1
f 84/20/1 43/14/1 85/18/1
f 29/15/1 89/21/1 88/19/1
f 83/22/1 43/14/1 84/20/1
f 83/22/1 44/23/1 43/14/1
f 29/15/1 90/24/1 89/21/1
f 28/25/1 90/24/1 29/15/1
f 82/26/1 44/23/1 83/22/1
f 28/25/1 91/27/1 90/24/1
f 81/28/1 44/23/1 82/26/1
f 28/25/1 92/29/1 91/27/1
f 80/30/1 44/23/1 81/28/1
f 28/25/1 93/31/1 92/29/1
f 79/32/1 44/23/1 80/30/1
f 27/33/1 93/31/1 28/25/1
f 79/32/1 45/34/1 44/23/1
f 27/33/1 94/35/1 93/31/1
f 78/36/1 45/34/1 79/32/1
f 27/33/1 95/37/1 94/35/1
f 77/38/1 45/34/1 78/36/1
f 26/39/1 95/37/1 27/33/1
f 77/38/1 46/40/1 45/34/1
f 26/39/1 96/41/1 95/37/1
f 76/42/1 46/40/1 77/38/1
f 26/39/1 97/43/1 96/41/1
f 75/44/1 46/40/1 76/42/1
f 25/45/1 97/43/1 26/39/1
f 25/45/1 98/46/1 97/43/1
f 75/44/1 47/47/1 46/40/1
f 99/48/1 47/47/1 75/44/1
f 25/45/1 99/48/1 98/46/1
f 25/45/1 47/47/1 99/48/1
f 24/49/1 47/47/1 25/45/1
f 24/49/1 48/50/1 47/47/1
f 23/51/1 49/52/1 24/49/1
f 49/52/1 48/50/1 24/49/1
f 23/51/1 50/53/1 49/52/1
f 22/54/1 50/53/1 23/51/1
f 22/54/1 51/55/1 50/53/1
f 22/54/1 52/56/1 51/55/1
f 21/57/1 52/56/1 22/54/1
f 21/57/1 53/58/1 52/56/1
f 20/59/1 53/58/1 21/57/1
f 20/59/1 54/60/1 53/58/1
f 72/61/1 74/62/1 73/63/1
f 20/59/1 55/64/1 54/60/1
f 71/65/1 74/62/1 72/61/1
f 70/66/1 74/62/1 71/65/1
f 19/67/1 55/64/1 20/59/1
f 19/67/1 56/68/1 55/64/1
f 69/69/1 74/62/1 70/66/1
f 68/70/1 74/62/1 69/69/1
f 19/67/1 57/71/1 56/68/1
f 67/72/1 74/62/1 68/70/1
f 19/67/1 58/73/1 57/71/1
f 66/74/1 74/62/1 67/72/1
f 18/75/1 58/73/1 19/67/1
f 65/76/1 74/62/1 66/74/1
f 18/75/1 59/77/1 58/73/1
f 64/78/1 74/62/1 65/76/1
f 18/75/1 60/79/1 59/77/1
f 63/80/1 74/62/1 64/78/1
f 62/81/1 74/62/1 63/80/1
f 18/75/1 61/82/1 60/79/1
f 61/82/1 74/62/1 62/81/1
f 18/75/1 74/62/1 61/82/1
f 17/83/1 74/62/1 18/75/1
f 17/83/1 1/84/1 74/62/1
f 16/85/1 1/84/1 17/83/1
f 16/85/1 2/86/1 1/84/1
f 16/85/1 3/87/1 2/86/1
f 15/88/1 3/87/1 16/85/1
f 15/88/1 4/89/1 3/87/1
f 15/88/1 5/90/1 4/89/1
f 14/91/1 5/90/1 15/88/1
f 14/91/1 6/92/1 5/90/1
f 14/91/1 7/93/1 6/92/1
f 13/94/1 7/93/1 14/91/1
f 13/94/1 8/95/1 7/93/1
f 13/94/1 9/96/1 8/95/1
f 13/94/1 10/97/1 9/96/1
f 12/98/1 10/97/1 13/94/1
f 12/98/1 11/99/1 10/97/1
f 111/100/1 113/101/1 112/102/1
f 135/103/1 137/104/1 136/105/1
f 110/106/1 113/101/1 111/100/1
f 110/106/1 114/107/1 113/101/1
f 134/108/1 137/104/1 135/103/1
f 134/108/1 138/109/1 137/104/1
f 109/110/1 114/107/1 110/106/1
f 109/110/1 115/111/1 114/107/1
f 133/112/1 138/109/1 134/108/1
f 108/113/1 115/111/1 109/110/1
f 108/113/1 116/114/1 115/111/1
f 133/112/1 139/115/1 138/109/1
f 132/116/1 139/115/1 133/112/1
f 107/117/1 116/114/1 108/113/1
f 204/118/1 206/48/1 205/119/1
f 204/118/1 100/84/1 206/48/1
f 107/117/1 117/120/1 116/114/1
f 131/121/1 139/115/1 132/116/1
f 106/122/1 117/120/1 107/117/1
f 131/121/1 140/123/1 139/115/1
f 106/122/1 118/124/1 117/120/1
f 105/125/1 118/124/1 106/122/1
f 130/126/1 140/123/1 131/121/1
f 105/125/1 119/127/1 118/124/1
f 130/126/1 141/128/1 140/123/1
f 104/129/1 119/127/1 105/125/1
f 129/130/1 141/128/1 130/126/1
f 104/129/1 120/131/1 119/127/1
f 103/132/1 120/131/1 104/129/1
f 128/133/1 141/128/1 129/130/1
f 128/133/1 142/134/1 141/128/1
f 103/132/1 121/135/1 120/131/1
f 102/136/1 121/135/1 103/132/1
f 127/137/1 142/134/1 128/133/1
f 102/136/1 122/138/1 121/135/1
f 101/139/1 122/138/1 102/136/1
f 127/137/1 143/140/1 142/134/1
f 126/141/1 143/140/1 127/137/1
f 101/139/1 123/142/1 122/138/1
f 100/84/1 123/142/1 101/139/1
f 125/143/1 143/140/1 126/141/1
f 125/143/1 163/144/1 143/140/1
f 163/144/1 144/145/1 143/140/1
f 204/118/1 202/146/1 100/84/1
f 202/146/1 201/147/1 100/84/1
f 201/147/1 200/148/1 100/84/1
f 200/148/1 199/149/1 100/84/1
f 199/149/1 198/150/1 100/84/1
f 198/150/1 197/151/1 100/84/1
f 197/151/1 196/152/1 100/84/1
f 196/152/1 195/153/1 100/84/1
f 195/153/1 194/154/1 100/84/1
f 194/154/1 193/155/1 100/84/1
f 193/155/1 192/156/1 100/84/1
f 192/156/1 191/157/1 100/84/1
f 191/157/1 123/142/1 100/84/1
f 191/157/1 190/158/1 123/142/1
f 190/158/1 124/159/1 123/142/1
f 124/159/1 164/160/1 125/143/1
f 164/160/1 163/144/1 125/143/1
f 189/161/1 124/159/1 190/158/1
f 162/162/1 144/145/1 163/144/1
f 124/159/1 165/163/1 164/160/1
f 188/164/1 124/159/1 189/161/1
f 161/165/1 144/145/1 162/162/1
f 124/159/1 166/166/1 165/163/1
f 187/167/1 124/159/1 188/164/1
f 160/168/1 144/145/1 161/165/1
f 124/159/1 167/169/1 166/166/1
f 186/170/1 124/159/1 187/167/1
f 186/170/1 167/169/1 124/159/1
f 159/171/1 144/145/1 160/168/1
f 186/170/1 168/172/1 167/169/1
f 159/171/1 145/173/1 144/145/1
f 185/174/1 168/172/1 186/170/1
f 185/174/1 169/175/1 168/172/1
f 158/176/1 145/173/1 159/171/1
f 185/174/1 170/177/1 169/175/1
f 184/178/1 170/177/1 185/174/1
f 157/179/1 145/173/1 158/176/1
f 184/178/1 171/180/1 170/177/1
f 183/181/1 171/180/1 184/178/1
f 156/182/1 145/173/1 157/179/1
f 183/181/1 172/183/1 171/180/1
f 156/182/1 146/184/1 145/173/1
f 182/185/1 172/183/1 183/181/1
f 182/185/1 173/186/1 172/183/1
f 155/187/1 146/184/1 156/182/1
f 182/185/1 174/188/1 173/186/1
f 181/189/1 174/188/1 182/185/1
f 154/190/1 146/184/1 155/187/1
f 181/189/1 175/191/1 174/188/1
f 154/190/1 147/192/1 146/184/1
f 180/193/1 175/191/1 181/189/1
f 204/118/1 203/194/1 202/146/1
f 180/193/1 176/195/1 175/191/1
f 153/53/1 147/192/1 154/190/1
f 179/196/1 176/195/1 180/193/1
f 152/197/1 147/192/1 153/53/1
f 152/197/1 148/198/1 147/192/1
f 178/199/1 176/195/1 179/196/1
f 151/200/1 148/198/1 152/197/1
f 151/200/1 149/201/1 148/198/1
f 177/202/1 176/195/1 178/199/1
f 150/203/1 149/201/1 151/200/1
f 304/204/1 306/205/1 305/206/1
f 303/207/1 306/205/1 304/204/1
f 303/207/1 307/208/1 306/205/1
f 302/209/1 307/208/1 303/207/1
f 301/210/1 307/208/1 302/209/1
f 301/210/1 308/211/1 307/208/1
f 300/212/1 308/211/1 301/210/1
f 300/212/1 309/213/1 308/211/1
f 299/214/1 309/213/1 300/212/1
f 298/215/1 309/213/1 299/214/1
f 298/215/1 310/216/1 309/213/1
f 297/217/1 310/216/1 298/215/1
f 297/217/1 311/218/1 310/216/1
f 296/219/1 311/218/1 297/217/1
f 295/220/1 311/218/1 296/219/1
f 295/220/1 312/221/1 311/218/1
f 294/222/1 312/221/1 295/220/1
f 294/222/1 313/223/1 312/221/1
f 293/224/1 313/223/1 294/222/1
f 292/225/1 291/226/1 293/224/1
f 291/226/1 290/227/1 293/224/1
f 290/227/1 289/228/1 293/224/1
f 289/228/1 288/229/1 293/224/1
f 288/229/1 287/230/1 293/224/1
f 287/230/1 286/231/1 293/224/1
f 286/231/1 285/232/1 293/224/1
f 285/232/1 284/233/1 293/224/1
f 284/233/1 283/234/1 293/224/1
f 283/234/1 282/235/1 293/224/1
f 282/235/1 313/223/1 293/224/1
f 282/235/1 281/236/1 313/223/1
f 281/236/1 280/237/1 313/223/1
f 280/237/1 314/238/1 313/223/1
f 280/237/1 279/239/1 314/238/1
f 279/239/1 315/240/1 314/238/1
f 278/241/1 315/240/1 279/239/1
f 277/242/1 315/240/1 278/241/1
f 276/243/1 315/240/1 277/242/1
f 275/244/1 315/240/1 276/243/1
f 274/245/1 315/240/1 275/244/1
f 274/245/1 316/246/1 315/240/1
f 273/247/1 316/246/1 274/245/1
f 272/248/1 316/246/1 273/247/1
f 271/249/1 316/246/1 272/248/1
f 271/249/1 317/250/1 316/246/1
f 270/251/1 317/250/1 271/249/1
f 269/252/1 317/250/1 270/251/1
f 269/252/1 318/253/1 317/250/1
f 268/254/1 318/253/1 269/252/1
f 267/255/1 318/253/1 268/254/1
f 266/256/1 380/48/1 267/255/1
f 380/48/1 318/253/1 267/255/1
f 265/257/1 380/48/1 266/256/1
f 264/258/1 380/48/1 265/257/1
f 263/259/1 380/48/1 264/258/1
f 262/260/1 380/48/1 263/259/1
f 262/260/1 344/261/1 380/48/1
f 379/262/1 318/253/1 380/48/1
f 262/260/1 345/263/1 344/261/1
f 261/264/1 345/263/1 262/260/1
f 261/264/1 346/265/1 345/263/1
f 260/266/1 346/265/1 261/264/1
f 260/266/1 347/267/1 346/265/1
f 259/268/1 347/267/1 260/266/1
f 259/268/1 348/269/1 347/267/1
f 259/268/1 349/270/1 348/269/1
f 258/271/1 349/270/1 259/268/1
f 258/271/1 350/272/1 349/270/1
f 257/273/1 350/272/1 258/271/1
f 257/273/1 351/274/1 350/272/1
f 257/273/1 352/275/1 351/274/1
f 256/276/1 352/275/1 257/273/1
f 256/276/1 353/277/1 352/275/1
f 256/276/1 354/278/1 353/277/1
f 255/279/1 354/278/1 256/276/1
f 255/279/1 355/280/1 354/278/1
f 254/281/1 355/280/1 255/279/1
f 254/281/1 356/282/1 355/280/1
f 254/281/1 357/283/1 356/282/1
f 253/284/1 357/283/1 254/281/1
f 253/284/1 358/285/1 357/283/1
f 253/284/1 359/286/1 358/285/1
f 378/287/1 318/253/1 379/262/1
f 252/288/1 359/286/1 253/284/1
f 377/289/1 318/253/1 378/287/1
f 252/288/1 360/290/1 359/286/1
f 376/291/1 318/253/1 377/289/1
f 341/292/1 343/293/1 342/294/1
f 376/291/1 319/295/1 318/253/1
f 252/288/1 361/296/1 360/290/1
f 340/297/1 343/293/1 341/292/1
f 375/298/1 319/295/1 376/291/1
f 375/298/1 320/299/1 319/295/1
f 339/300/1 343/293/1 340/297/1
f 251/301/1 361/296/1 252/288/1
f 251/301/1 362/302/1 361/296/1
f 375/298/1 321/303/1 320/299/1
f 374/304/1 321/303/1 375/298/1
f 338/305/1 343/293/1 339/300/1
f 374/304/1 322/306/1 321/303/1
f 373/307/1 322/306/1 374/304/1
f 337/308/1 343/293/1 338/305/1
f 251/301/1 363/309/1 362/302/1
f 373/307/1 323/310/1 322/306/1
f 336/311/1 343/293/1 337/308/1
f 372/312/1 323/310/1 373/307/1
f 372/312/1 324/313/1 323/310/1
f 335/314/1 343/293/1 336/311/1
f 251/301/1 364/315/1 363/309/1
f 372/312/1 325/316/1 324/313/1
f 371/317/1 325/316/1 372/312/1
f 334/318/1 343/293/1 335/314/1
f 371/317/1 326/319/1 325/316/1
f 250/320/1 364/315/1 251/301/1
f 333/321/1 343/293/1 334/318/1
f 250/320/1 365/322/1 364/315/1
f 370/323/1 326/319/1 371/317/1
f 370/323/1 327/324/1 326/319/1
f 332/325/1 343/293/1 333/321/1
f 370/323/1 328/326/1 327/324/1
f 331/327/1 343/293/1 332/325/1
f 369/328/1 328/326/1 370/323/1
f 369/328/1 329/329/1 328/326/1
f 330/330/1 343/293/1 331/327/1
f 369/328/1 330/330/1 329/329/1
f 250/320/1 366/331/1 365/322/1
f 369/328/1 343/293/1 330/330/1
f 368/332/1 343/293/1 369/328/1
f 250/320/1 367/333/1 366/331/1
f 367/333/1 343/293/1 368/332/1
f 250/320/1 230/334/1 367/333/1
f 230/334/1 343/293/1 367/333/1
f 249/335/1 230/334/1 250/320/1
f 249/335/1 231/336/1 230/334/1
f 229/337/1 343/293/1 230/334/1
f 248/338/1 231/336/1 249/335/1
f 248/338/1 232/339/1 231/336/1
f 228/340/1 343/293/1 229/337/1
f 228/340/1 207/84/1 343/293/1
f 247/341/1 232/339/1 248/338/1
f 247/341/1 233/342/1 232/339/1
f 227/343/1 207/84/1 228/340/1
f 227/343/1 208/344/1 207/84/1
f 247/341/1 234/345/1 233/342/1
f 226/346/1 208/344/1 227/343/1
f 246/347/1 234/345/1 247/341/1
f 226/346/1 209/348/1 208/344/1
f 246/347/1 235/349/1 234/345/1
f 225/350/1 209/348/1 226/346/1
f 225/350/1 210/351/1 209/348/1
f 245/352/1 235/349/1 246/347/1
f 245/352/1 236/353/1 235/349/1
f 224/354/1 210/351/1 225/350/1
f 224/354/1 211/355/1 210/351/1
f 245/352/1 237/356/1 236/353/1
f 223/357/1 211/355/1 224/354/1
f 223/357/1 212/358/1 211/355/1
f 244/359/1 237/356/1 245/352/1
f 244/359/1 238/360/1 237/356/1
f 222/361/1 212/358/1 223/357/1
f 222/361/1 213/362/1 212/358/1
f 244/359/1 239/363/1 238/360/1
f 222/361/1 214/364/1 213/362/1
f 221/365/1 214/364/1 222/361/1
f 243/366/1 239/363/1 244/359/1
f 221/365/1 215/367/1 214/364/1
f 243/366/1 240/368/1 239/363/1
f 220/369/1 215/367/1 221/365/1
f 220/369/1 216/370/1 215/367/1
f 243/366/1 241/371/1 240/368/1
f 219/372/1 216/370/1 220/369/1
f 242/373/1 241/371/1 243/366/1
f 219/372/1 217/374/1 216/370/1
f 218/375/1 217/374/1 219/372/1
f 415/376/1 417/377/1 416/378/1
f 415/376/1 418/379/1 417/377/1
f 415/376/1 419/380/1 418/379/1
f 415/376/1 420/381/1 419/380/1
f 414/382/1 420/381/1 415/376/1
f 414/382/1 421/383/1 420/381/1
f 414/382/1 422/384/1 421/383/1
f 414/382/1 423/385/1 422/384/1
f 413/386/1 423/385/1 414/382/1
f 413/386/1 424/387/1 423/385/1
f 413/386/1 425/388/1 424/387/1
f 412/389/1 425/388/1 413/386/1
f 412/389/1 426/390/1 425/388/1
f 412/389/1 427/391/1 426/390/1
f 411/392/1 427/391/1 412/389/1
f 411/392/1 428/393/1 427/391/1
f 411/392/1 439/394/1 428/393/1
f 439/394/1 438/395/1 428/393/1
f 438/395/1 437/396/1 428/393/1
f 437/396/1 436/397/1 428/393/1
f 436/397/1 435/398/1 428/393/1
f 435/398/1 434/399/1 428/393/1
f 434/399/1 433/400/1 428/393/1
f 433/400/1 432/401/1 428/393/1
f 432/401/1 431/402/1 428/393/1
f 431/402/1 430/403/1 428/393/1
f 430/403/1 429/404/1 428/393/1
f 410/405/1 441/406/1 411/392/1
f 441/406/1 440/407/1 411/392/1
f 440/407/1 439/394/1 411/392/1
f 410/405/1 442/408/1 441/406/1
f 410/405/1 443/409/1 442/408/1
f 410/405/1 444/410/1 443/409/1
f 409/411/1 444/410/1 410/405/1
f 409/411/1 445/412/1 444/410/1
f 409/411/1 446/413/1 445/412/1
f 408/414/1 446/413/1 409/411/1
f 408/414/1 447/415/1 446/413/1
f 408/414/1 448/416/1 447/415/1
f 407/417/1 448/416/1 408/414/1
f 407/417/1 449/418/1 448/416/1
f 406/419/1 449/418/1 407/417/1
f 406/419/1 450/420/1 449/418/1
f 406/419/1 451/421/1 450/420/1
f 405/422/1 451/421/1 406/419/1
f 405/422/1 452/423/1 451/421/1
f 404/424/1 452/423/1 405/422/1
f 404/424/1 453/425/1 452/423/1
f 404/424/1 454/426/1 453/425/1
f 403/427/1 454/426/1 404/424/1
f 479/428/1 481/429/1 480/430/1
f 479/428/1 478/431/1 481/429/1
f 478/431/1 482/48/1 481/429/1
f 403/427/1 455/432/1 454/426/1
f 402/433/1 455/432/1 403/427/1
f 402/433/1 456/434/1 455/432/1
f 477/435/1 482/48/1 478/431/1
f 401/436/1 456/434/1 402/433/1
f 401/436/1 457/437/1 456/434/1
f 401/436/1 458/438/1 457/437/1
f 400/439/1 458/438/1 401/436/1
f 400/439/1 459/440/1 458/438/1
f 399/441/1 459/440/1 400/439/1
f 399/441/1 460/442/1 459/440/1
f 399/441/1 461/443/1 460/442/1
f 398/444/1 461/443/1 399/441/1
f 398/444/1 462/445/1 461/443/1
f 476/446/1 482/48/1 477/435/1
f 475/447/1 482/48/1 476/446/1
f 474/448/1 482/48/1 475/447/1
f 398/444/1 463/449/1 462/445/1
f 473/450/1 482/48/1 474/448/1
f 472/451/1 482/48/1 473/450/1
f 471/452/1 482/48/1 472/451/1
f 398/444/1 464/453/1 463/449/1
f 397/454/1 464/453/1 398/444/1
f 470/455/1 482/48/1 471/452/1
f 469/456/1 482/48/1 470/455/1
f 468/457/1 482/48/1 469/456/1
f 397/454/1 465/458/1 464/453/1
f 467/459/1 482/48/1 468/457/1
f 466/460/1 482/48/1 467/459/1
f 465/458/1 482/48/1 466/460/1
f 397/454/1 482/48/1 465/458/1
f 396/461/1 482/48/1 397/454/1
f 396/461/1 381/84/1 482/48/1
f 396/461/1 382/462/1 381/84/1
f 395/463/1 382/462/1 396/461/1
f 395/463/1 383/464/1 382/462/1
f 395/463/1 384/465/1 383/464/1
f 394/466/1 384/465/1 395/463/1
f 394/466/1 385/467/1 384/465/1
f 394/466/1 386/468/1 385/467/1
f 394/466/1 387/469/1 386/468/1
f 393/470/1 387/469/1 394/466/1
f 393/470/1 388/471/1 387/469/1
f 393/470/1 389/472/1 388/471/1
f 393/470/1 390/473/1 389/472/1
f 392/474/1 390/473/1 393/470/1
f 392/474/1 391/475/1 390/473/1
f 517/476/1 519/477/1 518/478/1
f 516/479/1 519/477/1 517/476/1
f 516/479/1 520/480/1 519/477/1
f 515/481/1 520/480/1 516/479/1
f 515/481/1 521/482/1 520/480/1
f 514/483/1 521/482/1 515/481/1
f 514/483/1 522/484/1 521/482/1
f 513/485/1 522/484/1 514/483/1
f 513/485/1 523/486/1 522/484/1
f 512/487/1 523/486/1 513/485/1
f 512/487/1 524/488/1 523/486/1
f 511/489/1 524/488/1 512/487/1
f 511/489/1 525/490/1 524/488/1
f 510/491/1 525/490/1 511/489/1
f 510/491/1 526/492/1 525/490/1
f 509/493/1 526/492/1 510/491/1
f 509/493/1 527/494/1 526/492/1
f 508/495/1 527/494/1 509/493/1
f 508/495/1 528/496/1 527/494/1
f 507/497/1 528/496/1 508/495/1
f 507/497/1 529/498/1 528/496/1
f 506/499/1 529/498/1 507/497/1
f 506/499/1 530/48/1 529/498/1
f 505/500/1 530/48/1 506/499/1
f 505/500/1 483/84/1 530/48/1
f 504/501/1 483/84/1 505/500/1
f 504/501/1 484/502/1 483/84/1
f 503/503/1 484/502/1 504/501/1
f 503/503/1 485/504/1 484/502/1
f 502/505/1 485/504/1 503/503/1
f 502/505/1 486/506/1 485/504/1
f 501/507/1 486/506/1 502/505/1
f 501/507/1 487/508/1 486/506/1
f 500/509/1 487/508/1 501/507/1
f 500/509/1 488/510/1 487/508/1
f 499/511/1 488/510/1 500/509/1
f 499/511/1 489/512/1 488/510/1
f 498/513/1 489/512/1 499/511/1
f 498/513/1 490/514/1 489/512/1
f 497/515/1 490/514/1 498/513/1
f 497/515/1 491/516/1 490/514/1
f 496/517/1 491/516/1 497/515/1
f 496/517/1 492/518/1 491/516/1
f 495/519/1 492/518/1 496/517/1
f 495/519/1 493/520/1 492/518/1
f 494/521/1 493/520/1 495/519/1
f 565/476/1 567/477/1 566/478/1
f 564/479/1 567/477/1 565/476/1
f 564/479/1 568/480/1 567/477/1
f 563/481/1 568/480/1 564/479/1
f 563/481/1 569/482/1 568/480/1
f 562/483/1 569/482/1 563/481/1
f 562/483/1 570/484/1 569/482/1
f 561/485/1 570/484/1 562/483/1
f 561/485/1 571/486/1 570/484/1
f 560/487/1 571/486/1 561/485/1
f 560/487/1 572/488/1 571/486/1
f 559/489/1 572/488/1 560/487/1
f 559/489/1 573/490/1 572/488/1
f 558/491/1 573/490/1 559/489/1
f 558/491/1 574/492/1 573/490/1
f 557/493/1 574/492/1 558/491/1
f 557/493/1 575/494/1 574/492/1
f 556/495/1 575/494/1 557/493/1
f 556/495/1 576/496/1 575/494/1
f 555/497/1 576/496/1 556/495/1
f 555/497/1 577/498/1 576/496/1
f 554/499/1 577/498/1 555/497/1
f 554/499/1 578/48/1 577/498/1
f 553/500/1 578/48/1 554/499/1
f 553/500/1 531/84/1 578/48/1
f 552/501/1 531/84/1 553/500/1
f 552/501/1 532/502/1 531/84/1
f 551/503/1 532/502/1 552/501/1
f 551/503/1 533/504/1 532/502/1
f 550/505/1 533/504/1 551/503/1
f 550/505/1 534/506/1 533/504/1
f 549/507/1 534/506/1 550/505/1
f 549/507/1 535/508/1 534/506/1
f 548/509/1 535/508/1 549/507/1
f 548/509/1 536/510/1 535/508/1
f 547/511/1 536/510/1 548/509/1
f 547/511/1 537/512/1 536/510/1
f 546/513/1 537/512/1 547/511/1
f 546/513/1 538/514/1 537/512/1
f 545/515/1 538/514/1 546/513/1
f 545/515/1 539/516/1 538/514/1
f 544/517/1 539/516/1 545/515/1
f 544/517/1 540/518/1 539/516/1
f 543/519/1 540/518/1 544/517/1
f 543/519/1 541/520/1 540/518/1
f 542/521/1 541/520/1 543/519/1
f 613/476/1 615/477/1 614/478/1
f 612/479/1 615/477/1 613/476/1
f 612/479/1 616/480/1 615/477/1
f 611/481/1 616/480/1 612/479/1
f 611/481/1 617/482/1 616/480/1
f 610/483/1 617/482/1 611/481/1
f 610/483/1 618/484/1 617/482/1
f 609/485/1 618/484/1 610/483/1
f 609/485/1 619/486/1 618/484/1
f 608/487/1 619/486/1 609/485/1
f 608/487/1 620/488/1 619/486/1
f 607/489/1 620/488/1 608/487/1
f 607/489/1 621/490/1 620/488/1
f 606/491/1 621/490/1 607/489/1
f 606/491/1 622/492/1 621/490/1
f 605/493/1 622/492/1 606/491/1
f 605/493/1 623/494/1 622/492/1
f 604/495/1 623/494/1 605/493/1
f 604/495/1 624/496/1 623/494/1
f 603/497/1 624/496/1 604/495/1
f 603/497/1 625/498/1 624/496/1
f 602/499/1 625/498/1 603/497/1
f 602/499/1 626/48/1 625/498/1
f 601/500/1 626/48/1 602/499/1
f 601/500/1 579/84/1 626/48/1
f 600/501/1 579/84/1 601/500/1
f 600/501/1 580/502/1 579/84/1
f 599/503/1 580/502/1 600/501/1
f 599/503/1 581/504/1 580/502/1
f 598/505/1 581/504/1 599/503/1
f 598/505/1 582/506/1 581/504/1
f 597/507/1 582/506/1 598/505/1
f 597/507/1 583/508/1 582/506/1
f 596/509/1 583/508/1 597/507/1
f 596/509/1 584/510/1 583/508/1
f 595/511/1 584/510/1 596/509/1
f 595/511/1 585/512/1 584/510/1
f 594/513/1 585/512/1 595/511/1
f 594/513/1 586/514/1 585/512/1
f 593/515/1 586/514/1 594/513/1
f 593/515/1 587/516/1 586/514/1
f 592/517/1 587/516/1 593/515/1
f 592/517/1 588/518/1 587/516/1
f 591/519/1 588/518/1 592/517/1
f 591/519/1 589/520/1 588/518/1
f 590/521/1 589/520/1 591/519/1
f 661/1/1 663/2/1 662/3/1
f 661/1/1 664/4/1 663/2/1
f 660/5/1 664/4/1 661/1/1
f 660/5/1 665/6/1 664/4/1
f 659/7/1 665/6/1 660/5/1
f 659/7/1 666/8/1 665/6/1
f 658/9/1 666/8/1 659/7/1
f 658/9/1 667/10/1 666/8/1
f 657/11/1 667/10/1 658/9/1
f 657/11/1 668/12/1 667/10/1
f 656/13/1 668/12/1 657/11/1
f 656/13/1 669/14/1 668/12/1
f 655/15/1 712/16/1 656/13/1
f 712/16/1 669/14/1 656/13/1
f 655/15/1 713/17/1 712/16/1
f 711/18/1 669/14/1 712/16/1
f 655/15/1 714/19/1 713/17/1
f 710/20/1 669/14/1 711/18/1
f 655/15/1 715/21/1 714/19/1
f 709/22/1 669/14/1 710/20/1
f 709/22/1 670/23/1 669/14/1
f 655/15/1 716/24/1 715/21/1
f 654/25/1 716/24/1 655/15/1
f 708/26/1 670/23/1 709/22/1
f 654/25/1 717/27/1 716/24/1
f 707/28/1 670/23/1 708/26/1
f 654/25/1 718/29/1 717/27/1
f 706/30/1 670/23/1 707/28/1
f 654/25/1 719/31/1 718/29/1
f 705/32/1 670/23/1 706/30/1
f 653/33/1 719/31/1 654/25/1
f 705/32/1 671/34/1 670/23/1
f 653/33/1 720/35/1 719/31/1
f 704/36/1 671/34/1 705/32/1
f 653/33/1 721/37/1 720/35/1
f 703/38/1 671/34/1 704/36/1
f 652/39/1 721/37/1 653/33/1
f 703/38/1 672/40/1 671/34/1
f 652/39/1 722/41/1 721/37/1
f 702/42/1 672/40/1 703/38/1
f 652/39/1 723/43/1 722/41/1
f 701/44/1 672/40/1 702/42/1
f 651/45/1 723/43/1 652/39/1
f 651/45/1 724/46/1 723/43/1
f 701/44/1 673/47/1 672/40/1
f 725/48/1 673/47/1 701/44/1
f 651/45/1 725/48/1 724/46/1
f 651/45/1 673/47/1 725/48/1
f 650/49/1 673/47/1 651/45/1
f 650/49/1 674/50/1 673/47/1
f 649/51/1 675/52/1 650/49/1
f 675/52/1 674/50/1 650/49/1
f 649/51/1 676/53/1 675/52/1
f 648/54/1 676/53/1 649/51/1
f 648/54/1 677/55/1 676/53/1
f 648/54/1 678/56/1 677/55/1
f 647/57/1 678/56/1 648/54/1
f 647/57/1 679/58/1 678/56/1
f 646/59/1 679/58/1 647/57/1
f 646/59/1 680/60/1 679/58/1
f 698/61/1 700/62/1 699/63/1
f 646/59/1 681/64/1 680/60/1
f 697/65/1 700/62/1 698/61/1
f 696/66/1 700/62/1 697/65/1
f 645/67/1 681/64/1 646/59/1
f 645/67/1 682/68/1 681/64/1
f 695/69/1 700/62/1 696/66/1
f 694/70/1 700/62/1 695/69/1
f 645/67/1 683/71/1 682/68/1
f 693/72/1 700/62/1 694/70/1
f 645/67/1 684/73/1 683/71/1
f 692/74/1 700/62/1 693/72/1
f 644/75/1 684/73/1 645/67/1
f 691/76/1 700/62/1 692/74/1
f 644/75/1 685/77/1 684/73/1
f 690/78/1 700/62/1 691/76/1
f 644/75/1 686/79/1 685/77/1
f 689/80/1 700/62/1 690/78/1
f 688/81/1 700/62/1 689/80/1
f 644/75/1 687/82/1 686/79/1
f 687/82/1 700/62/1 688/81/1
f 644/75/1 700/62/1 687/82/1
f 643/83/1 700/62/1 644/75/1
f 643/83/1 627/84/1 700/62/1
f 642/85/1 627/84/1 643/83/1
f 642/85/1 628/86/1 627/84/1
f 642/85/1 629/87/1 628/86/1
f 641/88/1 629/87/1 642/85/1
f 641/88/1 630/89/1 629/87/1
f 641/88/1 631/90/1 630/89/1
f 640/91/1 631/90/1 641/88/1
f 640/91/1 632/92/1 631/90/1
f 640/91/1 633/93/1 632/92/1
f 639/94/1 633/93/1 640/91/1
f 639/94/1 634/95/1 633/93/1
f 639/94/1 635/96/1 634/95/1
f 639/94/1 636/97/1 635/96/1
f 638/98/1 636/97/1 639/94/1
f 638/98/1 637/99/1 636/97/1
f 809/522/1 811/523/1 810/524/1
f 809/522/1 812/525/1 811/523/1
f 809/522/1 813/526/1 812/525/1
f 808/527/1 813/526/1 809/522/1
f 808/527/1 814/528/1 813/526/1
f 808/527/1 815/529/1 814/528/1
f 808/527/1 816/530/1 815/529/1
f 807/531/1 816/530/1 808/527/1
f 807/531/1 817/532/1 816/530/1
f 807/531/1 818/533/1 817/532/1
f 807/531/1 819/534/1 818/533/1
f 806/535/1 819/534/1 807/531/1
f 806/535/1 820/536/1 819/534/1
f 806/535/1 821/537/1 820/536/1
f 806/535/1 822/538/1 821/537/1
f 805/539/1 822/538/1 806/535/1
f 805/539/1 733/540/1 822/538/1
f 733/540/1 732/541/1 822/538/1
f 732/541/1 731/542/1 822/538/1
f 731/542/1 730/543/1 822/538/1
f 730/543/1 729/544/1 822/538/1
f 729/544/1 728/545/1 822/538/1
f 728/545/1 727/546/1 822/538/1
f 727/546/1 726/84/1 822/538/1
f 726/84/1 823/48/1 822/538/1
f 804/547/1 735/548/1 805/539/1
f 735/548/1 734/549/1 805/539/1
f 734/549/1 733/540/1 805/539/1
f 803/550/1 737/551/1 804/547/1
f 737/551/1 736/552/1 804/547/1
f 736/552/1 735/548/1 804/547/1
f 803/550/1 738/553/1 737/551/1
f 803/550/1 739/554/1 738/553/1
f 803/550/1 740/555/1 739/554/1
f 802/556/1 740/555/1 803/550/1
f 802/556/1 741/557/1 740/555/1
f 802/556/1 742/558/1 741/557/1
f 802/556/1 743/559/1 742/558/1
f 801/560/1 743/559/1 802/556/1
f 801/560/1 744/561/1 743/559/1
f 801/560/1 745/562/1 744/561/1
f 800/563/1 745/562/1 801/560/1
f 800/563/1 746/564/1 745/562/1
f 800/563/1 747/565/1 746/564/1
f 799/566/1 747/565/1 800/563/1
f 799/566/1 748/567/1 747/565/1
f 798/568/1 748/567/1 799/566/1
f 798/568/1 749/569/1 748/567/1
f 798/568/1 750/570/1 749/569/1
f 797/571/1 750/570/1 798/568/1
f 797/571/1 751/572/1 750/570/1
f 796/573/1 751/572/1 797/571/1
f 796/573/1 752/574/1 751/572/1
f 796/573/1 753/575/1 752/574/1
f 795/576/1 753/575/1 796/573/1
f 795/576/1 754/577/1 753/575/1
f 795/576/1 755/578/1 754/577/1
f 794/579/1 755/578/1 795/576/1
f 794/579/1 756/580/1 755/578/1
f 772/581/1 774/582/1 773/583/1
f 794/579/1 757/584/1 756/580/1
f 771/585/1 774/582/1 772/581/1
f 793/586/1 757/584/1 794/579/1
f 770/587/1 774/582/1 771/585/1
f 793/586/1 758/588/1 757/584/1
f 769/589/1 774/582/1 770/587/1
f 768/590/1 774/582/1 769/589/1
f 767/591/1 774/582/1 768/590/1
f 793/586/1 759/592/1 758/588/1
f 766/593/1 774/582/1 767/591/1
f 765/594/1 774/582/1 766/593/1
f 793/586/1 760/595/1 759/592/1
f 764/596/1 774/582/1 765/594/1
f 763/597/1 774/582/1 764/596/1
f 793/586/1 761/598/1 760/595/1
f 762/599/1 774/582/1 763/597/1
f 792/600/1 761/598/1 793/586/1
f 761/598/1 774/582/1 762/599/1
f 792/600/1 774/582/1 761/598/1
f 791/601/1 774/582/1 792/600/1
f 790/602/1 774/582/1 791/601/1
f 789/603/1 774/582/1 790/602/1
f 789/603/1 775/604/1 774/582/1
f 789/603/1 776/605/1 775/604/1
f 789/603/1 777/606/1 776/605/1
f 788/607/1 777/606/1 789/603/1
f 788/607/1 778/608/1 777/606/1
f 788/607/1 779/609/1 778/608/1
f 788/607/1 780/610/1 779/609/1
f 788/607/1 781/611/1 780/610/1
f 787/612/1 781/611/1 788/607/1
f 787/612/1 782/613/1 781/611/1
f 787/612/1 783/614/1 782/613/1
f 787/612/1 784/615/1 783/614/1
f 786/616/1 784/615/1 787/612/1
f 786/616/1 785/617/1 784/615/1
f 921/204/1 923/205/1 922/206/1
f 920/207/1 923/205/1 921/204/1
f 920/207/1 924/208/1 923/205/1
f 919/209/1 924/208/1 920/207/1
f 918/210/1 924/208/1 919/209/1
f 918/210/1 925/211/1 924/208/1
f 917/212/1 925/211/1 918/210/1
f 917/212/1 926/213/1 925/211/1
f 916/214/1 926/213/1 917/212/1
f 915/215/1 926/213/1 916/214/1
f 915/215/1 927/216/1 926/213/1
f 914/217/1 927/216/1 915/215/1
f 914/217/1 928/218/1 927/216/1
f 913/219/1 928/218/1 914/217/1
f 912/220/1 928/218/1 913/219/1
f 912/220/1 929/221/1 928/218/1
f 911/222/1 929/221/1 912/220/1
f 911/222/1 930/223/1 929/221/1
f 910/224/1 930/223/1 911/222/1
f 909/225/1 908/226/1 910/224/1
f 908/226/1 907/227/1 910/224/1
f 907/227/1 906/228/1 910/224/1
f 906/228/1 905/229/1 910/224/1
f 905/229/1 904/230/1 910/224/1
f 904/230/1 903/231/1 910/224/1
f 903/231/1 902/232/1 910/224/1
f 902/232/1 901/233/1 910/224/1
f 901/233/1 900/234/1 910/224/1
f 900/234/1 899/235/1 910/224/1
f 899/235/1 930/223/1 910/224/1
f 899/235/1 898/236/1 930/223/1
f 898/236/1 897/237/1 930/223/1
f 897/237/1 931/238/1 930/223/1
f 897/237/1 896/239/1 931/238/1
f 896/239/1 932/240/1 931/238/1
f 895/241/1 932/240/1 896/239/1
f 894/242/1 932/240/1 895/241/1
f 893/243/1 932/240/1 894/242/1
f 892/244/1 932/240/1 893/243/1
f 891/245/1 932/240/1 892/244/1
f 891/245/1 933/246/1 932/240/1
f 890/247/1 933/246/1 891/245/1
f 889/248/1 933/246/1 890/247/1
f 888/249/1 933/246/1 889/248/1
f 888/249/1 934/250/1 933/246/1
f 887/251/1 934/250/1 888/249/1
f 886/252/1 934/250/1 887/251/1
f 886/252/1 935/253/1 934/250/1
f 885/254/1 935/253/1 886/252/1
f 884/255/1 935/253/1 885/254/1
f 883/256/1 997/48/1 884/255/1
f 997/48/1 935/253/1 884/255/1
f 882/257/1 997/48/1 883/256/1
f 881/258/1 997/48/1 882/257/1
f 880/259/1 997/48/1 881/258/1
f 879/260/1 997/48/1 880/259/1
f 879/260/1 961/261/1 997/48/1
f 996/262/1 935/253/1 997/48/1
f 879/260/1 962/263/1 961/261/1
f 878/264/1 962/263/1 879/260/1
f 878/264/1 963/265/1 962/263/1
f 877/266/1 963/265/1 878/264/1
f 877/266/1 964/267/1 963/265/1
f 876/268/1 964/267/1 877/266/1
f 876/268/1 965/269/1 964/267/1
f 876/268/1 966/270/1 965/269/1
f 875/271/1 966/270/1 876/268/1
f 875/271/1 967/272/1 966/270/1
f 874/273/1 967/272/1 875/271/1
f 874/273/1 968/274/1 967/272/1
f 874/273/1 969/275/1 968/274/1
f 873/276/1 969/275/1 874/273/1
f 873/276/1 970/277/1 969/275/1
f 873/276/1 971/278/1 970/277/1
f 872/279/1 971/278/1 873/276/1
f 872/279/1 972/280/1 971/278/1
f 871/281/1 972/280/1 872/279/1
f 871/281/1 973/282/1 972/280/1
f 871/281/1 974/283/1 973/282/1
f 870/284/1 974/283/1 871/281/1
f 870/284/1 975/285/1 974/283/1
f 870/284/1 976/286/1 975/285/1
f 995/287/1 935/253/1 996/262/1
f 869/288/1 976/286/1 870/284/1
f 994/289/1 935/253/1 995/287/1
f 869/288/1 977/290/1 976/286/1
f 993/291/1 935/253/1 994/289/1
f 958/292/1 960/293/1 959/294/1
f 993/291/1 936/295/1 935/253/1
f 869/288/1 978/296/1 977/290/1
f 957/297/1 960/293/1 958/292/1
f 992/298/1 936/295/1 993/291/1
f 992/298/1 937/299/1 936/295/1
f 956/300/1 960/293/1 957/297/1
f 868/301/1 978/296/1 869/288/1
f 868/301/1 979/302/1 978/296/1
f 992/298/1 938/303/1 937/299/1
f 991/304/1 938/303/1 992/298/1
f 955/305/1 960/293/1 956/300/1
f 991/304/1 939/306/1 938/303/1
f 990/307/1 939/306/1 991/304/1
f 954/308/1 960/293/1 955/305/1
f 868/301/1 980/309/1 979/302/1
f 990/307/1 940/310/1 939/306/1
f 953/311/1 960/293/1 954/308/1
f 989/312/1 940/310/1 990/307/1
f 989/312/1 941/313/1 940/310/1
f 952/314/1 960/293/1 953/311/1
f 868/301/1 981/315/1 980/309/1
f 989/312/1 942/316/1 941/313/1
f 988/317/1 942/316/1 989/312/1
f 951/318/1 960/293/1 952/314/1
f 988/317/1 943/319/1 942/316/1
f 867/320/1 981/315/1 868/301/1
f 950/321/1 960/293/1 951/318/1
f 867/320/1 982/322/1 981/315/1
f 987/323/1 943/319/1 988/317/1
f 987/323/1 944/324/1 943/319/1
f 949/325/1 960/293/1 950/321/1
f 987/323/1 945/326/1 944/324/1
f 948/327/1 960/293/1 949/325/1
f 986/328/1 945/326/1 987/323/1
f 986/328/1 946/329/1 945/326/1
f 947/330/1 960/293/1 948/327/1
f 986/328/1 947/330/1 946/329/1
f 867/320/1 983/331/1 982/322/1
f 986/328/1 960/293/1 947/330/1
f 985/332/1 960/293/1 986/328/1
f 867/320/1 984/333/1 983/331/1
f 984/333/1 960/293/1 985/332/1
f 867/320/1 847/334/1 984/333/1
f 847/334/1 960/293/1 984/333/1
f 866/335/1 847/334/1 867/320/1
f 866/335/1 848/336/1 847/334/1
f 846/337/1 960/293/1 847/334/1
f 865/338/1 848/336/1 866/335/1
f 865/338/1 849/339/1 848/336/1
f 845/340/1 960/293/1 846/337/1
f 845/340/1 824/84/1 960/293/1
f 864/341/1 849/339/1 865/338/1
f 864/341/1 850/342/1 849/339/1
f 844/343/1 824/84/1 845/340/1
f 844/343/1 825/344/1 824/84/1
f 864/341/1 851/345/1 850/342/1
f 843/346/1 825/344/1 844/343/1
f 863/347/1 851/345/1 864/341/1
f 843/346/1 826/348/1 825/344/1
f 863/347/1 852/349/1 851/345/1
f 842/350/1 826/348/1 843/346/1
f 842/350/1 827/351/1 826/348/1
f 862/352/1 852/349/1 863/347/1
f 862/352/1 853/353/1 852/349/1
f 841/354/1 827/351/1 842/350/1
f 841/354/1 828/355/1 827/351/1
f 862/352/1 854/356/1 853/353/1
f 840/357/1 828/355/1 841/354/1
f 840/357/1 829/358/1 828/355/1
f 861/359/1 854/356/1 862/352/1
f 861/359/1 855/360/1 854/356/1
f 839/361/1 829/358/1 840/357/1
f 839/361/1 830/362/1 829/358/1
f 861/359/1 856/363/1 855/360/1
f 839/361/1 831/364/1 830/362/1
f 838/365/1 831/364/1 839/361/1
f 860/366/1 856/363/1 861/359/1
f 838/365/1 832/367/1 831/364/1
f 860/366/1 857/368/1 856/363/1
f 837/369/1 832/367/1 838/365/1
f 837/369/1 833/370/1 832/367/1
f 860/366/1 858/371/1 857/368/1
f 836/372/1 833/370/1 837/369/1
f 859/373/1 858/371/1 860/366/1
f 836/372/1 834/374/1 833/370/1
f 835/375/1 834/374/1 836/372/1
f 998/84/1 1074/618/1 999/619/1
f 1074/618/1 1000/620/1 999/619/1
f 1074/618/1 1001/621/1 1000/620/1
f 1074/618/1 1002/622/1 1001/621/1
f 1074/618/1 1003/623/1 1002/622/1
f 1074/618/1 1004/624/1 1003/623/1
f 1074/618/1 1005/625/1 1004/624/1
f 1074/618/1 1006/626/1 1005/625/1
f 1074/618/1 1007/627/1 1006/626/1
f 1074/618/1 1073/628/1 1007/627/1
f 1073/628/1 1072/629/1 1007/627/1
f 1072/629/1 1008/630/1 1007/627/1
f 998/84/1 1075/48/1 1074/618/1
f 1071/631/1 1008/630/1 1072/629/1
f 1070/632/1 1008/630/1 1071/631/1
f 1069/633/1 1008/630/1 1070/632/1
f 1068/634/1 1008/630/1 1069/633/1
f 1068/634/1 1009/88/1 1008/630/1
f 1067/635/1 1009/88/1 1068/634/1
f 1066/636/1 1009/88/1 1067/635/1
f 1066/636/1 1010/637/1 1009/88/1
f 1065/638/1 1010/637/1 1066/636/1
f 1064/18/1 1010/637/1 1065/638/1
f 1064/18/1 1011/639/1 1010/637/1
f 1063/640/1 1011/639/1 1064/18/1
f 1062/641/1 1011/639/1 1063/640/1
f 1062/641/1 1012/642/1 1011/639/1
f 1061/643/1 1012/642/1 1062/641/1
f 1060/644/1 1012/642/1 1061/643/1
f 1060/644/1 1013/645/1 1012/642/1
f 1059/646/1 1013/645/1 1060/644/1
f 1059/646/1 1014/647/1 1013/645/1
f 1058/648/1 1014/647/1 1059/646/1
f 1057/649/1 1014/647/1 1058/648/1
f 1057/649/1 1015/650/1 1014/647/1
f 1056/651/1 1015/650/1 1057/649/1
f 1055/652/1 1015/650/1 1056/651/1
f 1055/652/1 1016/653/1 1015/650/1
f 1054/654/1 1016/653/1 1055/652/1
f 1054/654/1 1017/655/1 1016/653/1
f 1053/65/1 1017/655/1 1054/654/1
f 998/84/1 1038/656/1 1075/48/1
f 1052/657/1 1017/655/1 1053/65/1
f 998/84/1 1039/658/1 1038/656/1
f 998/84/1 1040/659/1 1039/658/1
f 998/84/1 1036/660/1 1040/659/1
f 1036/660/1 1041/661/1 1040/659/1
f 1051/662/1 1017/655/1 1052/657/1
f 1036/660/1 1042/71/1 1041/661/1
f 1036/660/1 1043/663/1 1042/71/1
f 1051/662/1 1018/664/1 1017/655/1
f 1050/665/1 1018/664/1 1051/662/1
f 1036/660/1 1044/666/1 1043/663/1
f 1036/660/1 1045/667/1 1044/666/1
f 1036/660/1 1046/668/1 1045/667/1
f 1049/669/1 1018/664/1 1050/665/1
f 1036/660/1 1047/670/1 1046/668/1
f 1036/660/1 1048/671/1 1047/670/1
f 1036/660/1 1049/669/1 1048/671/1
f 1036/660/1 1018/664/1 1049/669/1
f 1036/660/1 1019/672/1 1018/664/1
f 1036/660/1 1020/15/1 1019/672/1
f 1036/660/1 1021/673/1 1020/15/1
f 998/84/1 1037/674/1 1036/660/1
f 1035/675/1 1021/673/1 1036/660/1
f 1035/675/1 1022/676/1 1021/673/1
f 1034/677/1 1022/676/1 1035/675/1
f 1033/678/1 1022/676/1 1034/677/1
f 1032/679/1 1022/676/1 1033/678/1
f 1031/14/1 1022/676/1 1032/679/1
f 1031/14/1 1023/680/1 1022/676/1
f 1030/681/1 1023/680/1 1031/14/1
f 1029/682/1 1023/680/1 1030/681/1
f 1028/683/1 1023/680/1 1029/682/1
f 1027/684/1 1023/680/1 1028/683/1
f 1027/684/1 1024/685/1 1023/680/1
f 1026/686/1 1024/685/1 1027/684/1
f 1025/687/1 1024/685/1 1026/686/1
f 1183/688/1 1185/689/1 1184/690/1
f 1183/688/1 1186/634/1 1185/689/1
f 1183/688/1 1187/691/1 1186/634/1
f 1182/692/1 1187/691/1 1183/688/1
f 1182/692/1 1188/693/1 1187/691/1
f 1182/692/1 1189/694/1 1188/693/1
f 1181/695/1 1189/694/1 1182/692/1
f 1181/695/1 1190/696/1 1189/694/1
f 1181/695/1 1191/697/1 1190/696/1
f 1180/698/1 1191/697/1 1181/695/1
f 1180/698/1 1192/699/1 1191/697/1
f 1180/698/1 1193/700/1 1192/699/1
f 1179/701/1 1193/700/1 1180/698/1
f 1179/701/1 1194/702/1 1193/700/1
f 1179/701/1 1195/703/1 1194/702/1
f 1178/704/1 1195/703/1 1179/701/1
f 1178/704/1 1196/705/1 1195/703/1
f 1178/704/1 1083/706/1 1196/705/1
f 1083/706/1 1082/707/1 1196/705/1
f 1082/707/1 1081/708/1 1196/705/1
f 1081/708/1 1080/709/1 1196/705/1
f 1080/709/1 1079/710/1 1196/705/1
f 1079/710/1 1078/711/1 1196/705/1
f 1078/711/1 1077/712/1 1196/705/1
f 1077/712/1 1076/84/1 1196/705/1
f 1076/84/1 1197/48/1 1196/705/1
f 1177/713/1 1085/714/1 1178/704/1
f 1085/714/1 1084/715/1 1178/704/1
f 1084/715/1 1083/706/1 1178/704/1
f 1176/716/1 1087/625/1 1177/713/1
f 1087/625/1 1086/717/1 1177/713/1
f 1086/717/1 1085/714/1 1177/713/1
f 1175/643/1 1088/718/1 1176/716/1
f 1088/718/1 1087/625/1 1176/716/1
f 1175/643/1 1089/719/1 1088/718/1
f 1175/643/1 1090/720/1 1089/719/1
f 1175/643/1 1091/721/1 1090/720/1
f 1175/643/1 1092/722/1 1091/721/1
f 1175/643/1 1093/723/1 1092/722/1
f 1174/724/1 1093/723/1 1175/643/1
f 1174/724/1 1094/725/1 1093/723/1
f 1174/724/1 1095/726/1 1094/725/1
f 1174/724/1 1096/727/1 1095/726/1
f 1173/728/1 1096/727/1 1174/724/1
f 1173/728/1 1097/729/1 1096/727/1
f 1173/728/1 1098/642/1 1097/729/1
f 1172/730/1 1098/642/1 1173/728/1
f 1172/730/1 1099/731/1 1098/642/1
f 1172/730/1 1100/732/1 1099/731/1
f 1171/733/1 1100/732/1 1172/730/1
f 1171/733/1 1101/734/1 1100/732/1
f 1171/733/1 1102/735/1 1101/734/1
f 1170/736/1 1102/735/1 1171/733/1
f 1170/736/1 1103/737/1 1102/735/1
f 1169/738/1 1103/737/1 1170/736/1
f 1169/738/1 1104/739/1 1103/737/1
f 1169/738/1 1105/740/1 1104/739/1
f 1168/741/1 1105/740/1 1169/738/1
f 1168/741/1 1106/742/1 1105/740/1
f 1167/743/1 1106/742/1 1168/741/1
f 1167/743/1 1107/744/1 1106/742/1
f 1166/745/1 1107/744/1 1167/743/1
f 1166/745/1 1108/746/1 1107/744/1
f 1165/747/1 1108/746/1 1166/745/1
f 1165/747/1 1109/672/1 1108/746/1
f 1164/654/1 1109/672/1 1165/747/1
f 1163/748/1 1109/672/1 1164/654/1
f 1163/748/1 1110/749/1 1109/672/1
f 1162/750/1 1110/749/1 1163/748/1
f 1161/751/1 1110/749/1 1162/750/1
f 1161/751/1 1111/752/1 1110/749/1
f 1160/753/1 1111/752/1 1161/751/1
f 1135/754/1 1137/755/1 1136/756/1
f 1160/753/1 1112/757/1 1111/752/1
f 1159/758/1 1112/757/1 1160/753/1
f 1135/754/1 1138/759/1 1137/755/1
f 1158/760/1 1112/757/1 1159/758/1
f 1158/760/1 1113/761/1 1112/757/1
f 1135/754/1 1139/762/1 1138/759/1
f 1157/763/1 1113/761/1 1158/760/1
f 1135/754/1 1140/764/1 1139/762/1
f 1156/765/1 1113/761/1 1157/763/1
f 1155/766/1 1113/761/1 1156/765/1
f 1155/766/1 1114/767/1 1113/761/1
f 1135/754/1 1141/768/1 1140/764/1
f 1154/769/1 1114/767/1 1155/766/1
f 1135/754/1 1142/659/1 1141/768/1
f 1153/670/1 1114/767/1 1154/769/1
f 1135/754/1 1143/770/1 1142/659/1
f 1153/670/1 1115/771/1 1114/767/1
f 1152/772/1 1115/771/1 1153/670/1
f 1135/754/1 1144/773/1 1143/770/1
f 1151/774/1 1115/771/1 1152/772/1
f 1135/754/1 1145/775/1 1144/773/1
f 1150/776/1 1115/771/1 1151/774/1
f 1135/754/1 1146/777/1 1145/775/1
f 1149/778/1 1115/771/1 1150/776/1
f 1135/754/1 1147/779/1 1146/777/1
f 1149/778/1 1116/780/1 1115/771/1
f 1148/781/1 1116/780/1 1149/778/1
f 1135/754/1 1148/781/1 1147/779/1
f 1135/754/1 1116/780/1 1148/781/1
f 1135/754/1 1117/782/1 1116/780/1
f 1134/783/1 1117/782/1 1135/754/1
f 1133/784/1 1117/782/1 1134/783/1
f 1133/784/1 1118/785/1 1117/782/1
f 1132/786/1 1118/785/1 1133/784/1
f 1132/786/1 1119/787/1 1118/785/1
f 1131/678/1 1119/787/1 1132/786/1
f 1130/788/1 1119/787/1 1131/678/1
f 1130/788/1 1120/686/1 1119/787/1
f 1129/789/1 1120/686/1 1130/788/1
f 1128/790/1 1120/686/1 1129/789/1
f 1128/790/1 1121/791/1 1120/686/1
f 1127/792/1 1121/791/1 1128/790/1
f 1126/793/1 1121/791/1 1127/792/1
f 1126/793/1 1122/794/1 1121/791/1
f 1125/795/1 1122/794/1 1126/793/1
f 1124/796/1 1122/794/1 1125/795/1
f 1124/796/1 1123/797/1 1122/794/1
f 1232/1/2 1233/3/2 1234/2/2
f 1232/1/2 1234/2/2 1235/4/2
f 1231/5/2 1232/1/2 1235/4/2
f 1231/5/2 1235/4/2 1236/6/2
f 1230/7/2 1231/5/2 1236/6/2
f 1230/7/2 1236/6/2 1237/8/2
f 1229/9/2 1230/7/2 1237/8/2
f 1229/9/2 1237/8/2 1238/10/2
f 1228/11/2 1229/9/2 1238/10/2
f 1228/11/2 1238/10/2 1239/12/2
f 1227/13/2 1228/11/2 1239/12/2
f 1227/13/2 1239/12/2 1240/14/2
f 1226/15/2 1227/13/2 1283/16/2
f 1283/16/2 1227/13/2 1240/14/2
f 1226/15/2 1283/16/2 1284/17/2
f 1282/18/2 1283/16/2 1240/14/2
f 1226/15/2 1284/17/2 1285/19/2
f 1281/20/2 1282/18/2 1240/14/2
f 1226/15/2 1285/19/2 1286/21/2
f 1280/22/2 1281/20/2 1240/14/2
f 1280/22/2 1240/14/2 1241/23/2
f 1226/15/2 1286/21/2 1287/24/2
f 1225/25/2 1226/15/2 1287/24/2
f 1279/26/2 1280/22/2 1241/23/2
f 1225/25/2 1287/24/2 1288/27/2
f 1278/28/2 1279/26/2 1241/23/2
f 1225/25/2 1288/27/2 1289/29/2
f 1277/30/2 1278/28/2 1241/23/2
f 1225/25/2 1289/29/2 1290/31/2
f 1276/32/2 1277/30/2 1241/23/2
f 1224/33/2 1225/25/2 1290/31/2
f 1276/32/2 1241/23/2 1242/34/2
f 1224/33/2 1290/31/2 1291/35/2
f 1275/36/2 1276/32/2 1242/34/2
f 1224/33/2 1291/35/2 1292/37/2
f 1274/38/2 1275/36/2 1242/34/2
f 1223/39/2 1224/33/2 1292/37/2
f 1274/38/2 1242/34/2 1243/40/2
f 1223/39/2 1292/37/2 1293/41/2
f 1273/42/2 1274/38/2 1243/40/2
f 1223/39/2 1293/41/2 1294/43/2
f 1272/44/2 1273/42/2 1243/40/2
f 1222/45/2 1223/39/2 1294/43/2
f 1222/45/2 1294/43/2 1295/46/2
f 1272/44/2 1243/40/2 1244/47/2
f 1296/48/2 1272/44/2 1244/47/2
f 1222/45/2 1295/46/2 1296/48/2
f 1222/45/2 1296/48/2 1244/47/2
f 1221/49/2 1222/45/2 1244/47/2
f 1221/49/2 1244/47/2 1245/50/2
f 1220/51/2 1221/49/2 1246/52/2
f 1246/52/2 1221/49/2 1245/50/2
f 1220/51/2 1246/52/2 1247/53/2
f 1219/54/2 1220/51/2 1247/53/2
f 1219/54/2 1247/53/2 1248/55/2
f 1219/54/2 1248/55/2 1249/56/2
f 1218/57/2 1219/54/2 1249/56/2
f 1218/57/2 1249/56/2 1250/58/2
f 1217/59/2 1218/57/2 1250/58/2
f 1217/59/2 1250/58/2 1251/60/2
f 1269/61/2 1270/63/2 1271/62/2
f 1217/59/2 1251/60/2 1252/64/2
f 1268/65/2 1269/61/2 1271/62/2
f 1267/66/2 1268/65/2 1271/62/2
f 1216/67/2 1217/59/2 1252/64/2
f 1216/67/2 1252/64/2 1253/68/2
f 1266/69/2 1267/66/2 1271/62/2
f 1265/70/2 1266/69/2 1271/62/2
f 1216/67/2 1253/68/2 1254/71/2
f 1264/72/2 1265/70/2 1271/62/2
f 1216/67/2 1254/71/2 1255/73/2
f 1263/74/2 1264/72/2 1271/62/2
f 1215/75/2 1216/67/2 1255/73/2
f 1262/76/2 1263/74/2 1271/62/2
f 1215/75/2 1255/73/2 1256/77/2
f 1261/78/2 1262/76/2 1271/62/2
f 1215/75/2 1256/77/2 1257/79/2
f 1260/80/2 1261/78/2 1271/62/2
f 1259/81/2 1260/80/2 1271/62/2
f 1215/75/2 1257/79/2 1258/82/2
f 1258/82/2 1259/81/2 1271/62/2
f 1215/75/2 1258/82/2 1271/62/2
f 1214/83/2 1215/75/2 1271/62/2
f 1214/83/2 1271/62/2 1198/84/2
f 1213/85/2 1214/83/2 1198/84/2
f 1213/85/2 1198/84/2 1199/86/2
f 1213/85/2 1199/86/2 1200/87/2
f 1212/88/2 1213/85/2 1200/87/2
f 1212/88/2 1200/87/2 1201/89/2
f 1212/88/2 1201/89/2 1202/90/2
f 1211/91/2 1212/88/2 1202/90/2
f 1211/91/2 1202/90/2 1203/92/2
f 1211/91/2 1203/92/2 1204/93/2
f 1210/94/2 1211/91/2 1204/93/2
f 1210/94/2 1204/93/2 1205/95/2
f 1210/94/2 1205/95/2 1206/96/2
f 1210/94/2 1206/96/2 1207/97/2
f 1209/98/2 1210/94/2 1207/97/2
f 1209/98/2 1207/97/2 1208/99/2
f 1308/100/2 1309/102/2 1310/101/2
f 1332/103/2 1333/105/2 1334/104/2
f 1307/106/2 1308/100/2 1310/101/2
f 1307/106/2 1310/101/2 1311/107/2
f 1331/108/2 1332/103/2 1334/104/2
f 1331/108/2 1334/104/2 1335/109/2
f 1306/110/2 1307/106/2 1311/107/2
f 1306/110/2 1311/107/2 1312/111/2
f 1330/112/2 1331/108/2 1335/109/2
f 1305/113/2 1306/110/2 1312/111/2
f 1305/113/2 1312/111/2 1313/114/2
f 1330/112/2 1335/109/2 1336/115/2
f 1329/116/2 1330/112/2 1336/115/2
f 1304/117/2 1305/113/2 1313/114/2
f 1401/118/2 1402/119/2 1403/48/2
f 1401/118/2 1403/48/2 1297/84/2
f 1304/117/2 1313/114/2 1314/120/2
f 1328/121/2 1329/116/2 1336/115/2
f 1303/122/2 1304/117/2 1314/120/2
f 1328/121/2 1336/115/2 1337/123/2
f 1303/122/2 1314/120/2 1315/124/2
f 1302/125/2 1303/122/2 1315/124/2
f 1327/126/2 1328/121/2 1337/123/2
f 1302/125/2 1315/124/2 1316/127/2
f 1327/126/2 1337/123/2 1338/128/2
f 1301/129/2 1302/125/2 1316/127/2
f 1326/130/2 1327/126/2 1338/128/2
f 1301/129/2 1316/127/2 1317/131/2
f 1300/132/2 1301/129/2 1317/131/2
f 1325/133/2 1326/130/2 1338/128/2
f 1325/133/2 1338/128/2 1339/134/2
f 1300/132/2 1317/131/2 1318/135/2
f 1299/136/2 1300/132/2 1318/135/2
f 1324/137/2 1325/133/2 1339/134/2
f 1299/136/2 1318/135/2 1319/138/2
f 1298/139/2 1299/136/2 1319/138/2
f 1324/137/2 1339/134/2 1340/140/2
f 1323/141/2 1324/137/2 1340/140/2
f 1298/139/2 1319/138/2 1320/142/2
f 1297/84/2 1298/139/2 1320/142/2
f 1322/143/2 1323/141/2 1340/140/2
f 1322/143/2 1340/140/2 1360/144/2
f 1360/144/2 1340/140/2 1341/145/2
f 1401/118/2 1297/84/2 1399/146/2
f 1399/146/2 1297/84/2 1398/147/2
f 1398/147/2 1297/84/2 1397/148/2
f 1397/148/2 1297/84/2 1396/149/2
f 1396/149/2 1297/84/2 1395/150/2
f 1395/150/2 1297/84/2 1394/151/2
f 1394/151/2 1297/84/2 1393/152/2
f 1393/152/2 1297/84/2 1392/153/2
f 1392/153/2 1297/84/2 1391/154/2
f 1391/154/2 1297/84/2 1390/155/2
f 1390/155/2 1297/84/2 1389/156/2
f 1389/156/2 1297/84/2 1388/157/2
f 1388/157/2 1297/84/2 1320/142/2
f 1388/157/2 1320/142/2 1387/158/2
f 1387/158/2 1320/142/2 1321/159/2
f 1321/159/2 1322/143/2 1361/160/2
f 1361/160/2 1322/143/2 1360/144/2
f 1386/161/2 1387/158/2 1321/159/2
f 1359/162/2 1360/144/2 1341/145/2
f 1321/159/2 1361/160/2 1362/163/2
f 1385/164/2 1386/161/2 1321/159/2
f 1358/165/2 1359/162/2 1341/145/2
f 1321/159/2 1362/163/2 1363/166/2
f 1384/167/2 1385/164/2 1321/159/2
f 1357/168/2 1358/165/2 1341/145/2
f 1321/159/2 1363/166/2 1364/169/2
f 1383/170/2 1384/167/2 1321/159/2
f 1383/170/2 1321/159/2 1364/169/2
f 1356/171/2 1357/168/2 1341/145/2
f 1383/170/2 1364/169/2 1365/172/2
f 1356/171/2 1341/145/2 1342/173/2
f 1382/174/2 1383/170/2 1365/172/2
f 1382/174/2 1365/172/2 1366/175/2
f 1355/176/2 1356/171/2 1342/173/2
f 1382/174/2 1366/175/2 1367/177/2
f 1381/178/2 1382/174/2 1367/177/2
f 1354/179/2 1355/176/2 1342/173/2
f 1381/178/2 1367/177/2 1368/180/2
f 1380/181/2 1381/178/2 1368/180/2
f 1353/182/2 1354/179/2 1342/173/2
f 1380/181/2 1368/180/2 1369/183/2
f 1353/182/2 1342/173/2 1343/184/2
f 1379/185/2 1380/181/2 1369/183/2
f 1379/185/2 1369/183/2 1370/186/2
f 1352/187/2 1353/182/2 1343/184/2
f 1379/185/2 1370/186/2 1371/188/2
f 1378/189/2 1379/185/2 1371/188/2
f 1351/190/2 1352/187/2 1343/184/2
f 1378/189/2 1371/188/2 1372/191/2
f 1351/190/2 1343/184/2 1344/192/2
f 1377/193/2 1378/189/2 1372/191/2
f 1401/118/2 1399/146/2 1400/194/2
f 1377/193/2 1372/191/2 1373/195/2
f 1350/53/2 1351/190/2 1344/192/2
f 1376/196/2 1377/193/2 1373/195/2
f 1349/197/2 1350/53/2 1344/192/2
f 1349/197/2 1344/192/2 1345/198/2
f 1375/199/2 1376/196/2 1373/195/2
f 1348/200/2 1349/197/2 1345/198/2
f 1348/200/2 1345/198/2 1346/201/2
f 1374/202/2 1375/199/2 1373/195/2
f 1347/203/2 1348/200/2 1346/201/2
f 1501/204/2 1502/206/2 1503/205/2
f 1500/207/2 1501/204/2 1503/205/2
f 1500/207/2 1503/205/2 1504/208/2
f 1499/209/2 1500/207/2 1504/208/2
f 1498/210/2 1499/209/2 1504/208/2
f 1498/210/2 1504/208/2 1505/211/2
f 1497/212/2 1498/210/2 1505/211/2
f 1497/212/2 1505/211/2 1506/213/2
f 1496/214/2 1497/212/2 1506/213/2
f 1495/215/2 1496/214/2 1506/213/2
f 1495/215/2 1506/213/2 1507/216/2
f 1494/217/2 1495/215/2 1507/216/2
f 1494/217/2 1507/216/2 1508/218/2
f 1493/219/2 1494/217/2 1508/218/2
f 1492/220/2 1493/219/2 1508/218/2
f 1492/220/2 1508/218/2 1509/221/2
f 1491/222/2 1492/220/2 1509/221/2
f 1491/222/2 1509/221/2 1510/223/2
f 1490/224/2 1491/222/2 1510/223/2
f 1489/225/2 1490/224/2 1488/226/2
f 1488/226/2 1490/224/2 1487/227/2
f 1487/227/2 1490/224/2 1486/228/2
f 1486/228/2 1490/224/2 1485/229/2
f 1485/229/2 1490/224/2 1484/230/2
f 1484/230/2 1490/224/2 1483/231/2
f 1483/231/2 1490/224/2 1482/232/2
f 1482/232/2 1490/224/2 1481/233/2
f 1481/233/2 1490/224/2 1480/234/2
f 1480/234/2 1490/224/2 1479/235/2
f 1479/235/2 1490/224/2 1510/223/2
f 1479/235/2 1510/223/2 1478/236/2
f 1478/236/2 1510/223/2 1477/237/2
f 1477/237/2 1510/223/2 1511/238/2
f 1477/237/2 1511/238/2 1476/239/2
f 1476/239/2 1511/238/2 1512/240/2
f 1475/241/2 1476/239/2 1512/240/2
f 1474/242/2 1475/241/2 1512/240/2
f 1473/243/2 1474/242/2 1512/240/2
f 1472/244/2 1473/243/2 1512/240/2
f 1471/245/2 1472/244/2 1512/240/2
f 1471/245/2 1512/240/2 1513/246/2
f 1470/247/2 1471/245/2 1513/246/2
f 1469/248/2 1470/247/2 1513/246/2
f 1468/249/2 1469/248/2 1513/246/2
f 1468/249/2 1513/246/2 1514/250/2
f 1467/251/2 1468/249/2 1514/250/2
f 1466/252/2 1467/251/2 1514/250/2
f 1466/252/2 1514/250/2 1515/253/2
f 1465/254/2 1466/252/2 1515/253/2
f 1464/255/2 1465/254/2 1515/253/2
f 1463/256/2 1464/255/2 1577/48/2
f 1577/48/2 1464/255/2 1515/253/2
f 1462/257/2 1463/256/2 1577/48/2
f 1461/258/2 1462/257/2 1577/48/2
f 1460/259/2 1461/258/2 1577/48/2
f 1459/260/2 1460/259/2 1577/48/2
f 1459/260/2 1577/48/2 1541/261/2
f 1576/262/2 1577/48/2 1515/253/2
f 1459/260/2 1541/261/2 1542/263/2
f 1458/264/2 1459/260/2 1542/263/2
f 1458/264/2 1542/263/2 1543/265/2
f 1457/266/2 1458/264/2 1543/265/2
f 1457/266/2 1543/265/2 1544/267/2
f 1456/268/2 1457/266/2 1544/267/2
f 1456/268/2 1544/267/2 1545/269/2
f 1456/268/2 1545/269/2 1546/270/2
f 1455/271/2 1456/268/2 1546/270/2
f 1455/271/2 1546/270/2 1547/272/2
f 1454/273/2 1455/271/2 1547/272/2
f 1454/273/2 1547/272/2 1548/274/2
f 1454/273/2 1548/274/2 1549/275/2
f 1453/276/2 1454/273/2 1549/275/2
f 1453/276/2 1549/275/2 1550/277/2
f 1453/276/2 1550/277/2 1551/278/2
f 1452/279/2 1453/276/2 1551/278/2
f 1452/279/2 1551/278/2 1552/280/2
f 1451/281/2 1452/279/2 1552/280/2
f 1451/281/2 1552/280/2 1553/282/2
f 1451/281/2 1553/282/2 1554/283/2
f 1450/284/2 1451/281/2 1554/283/2
f 1450/284/2 1554/283/2 1555/285/2
f 1450/284/2 1555/285/2 1556/286/2
f 1575/287/2 1576/262/2 1515/253/2
f 1449/288/2 1450/284/2 1556/286/2
f 1574/289/2 1575/287/2 1515/253/2
f 1449/288/2 1556/286/2 1557/290/2
f 1573/291/2 1574/289/2 1515/253/2
f 1538/292/2 1539/294/2 1540/293/2
f 1573/291/2 1515/253/2 1516/295/2
f 1449/288/2 1557/290/2 1558/296/2
f 1537/297/2 1538/292/2 1540/293/2
f 1572/298/2 1573/291/2 1516/295/2
f 1572/298/2 1516/295/2 1517/299/2
f 1536/300/2 1537/297/2 1540/293/2
f 1448/301/2 1449/288/2 1558/296/2
f 1448/301/2 1558/296/2 1559/302/2
f 1572/298/2 1517/299/2 1518/303/2
f 1571/304/2 1572/298/2 1518/303/2
f 1535/305/2 1536/300/2 1540/293/2
f 1571/304/2 1518/303/2 1519/306/2
f 1570/307/2 1571/304/2 1519/306/2
f 1534/308/2 1535/305/2 1540/293/2
f 1448/301/2 1559/302/2 1560/309/2
f 1570/307/2 1519/306/2 1520/310/2
f 1533/311/2 1534/308/2 1540/293/2
f 1569/312/2 1570/307/2 1520/310/2
f 1569/312/2 1520/310/2 1521/313/2
f 1532/314/2 1533/311/2 1540/293/2
f 1448/301/2 1560/309/2 1561/315/2
f 1569/312/2 1521/313/2 1522/316/2
f 1568/317/2 1569/312/2 1522/316/2
f 1531/318/2 1532/314/2 1540/293/2
f 1568/317/2 1522/316/2 1523/319/2
f 1447/320/2 1448/301/2 1561/315/2
f 1530/321/2 1531/318/2 1540/293/2
f 1447/320/2 1561/315/2 1562/322/2
f 1567/323/2 1568/317/2 1523/319/2
f 1567/323/2 1523/319/2 1524/324/2
f 1529/325/2 1530/321/2 1540/293/2
f 1567/323/2 1524/324/2 1525/326/2
f 1528/327/2 1529/325/2 1540/293/2
f 1566/328/2 1567/323/2 1525/326/2
f 1566/328/2 1525/326/2 1526/329/2
f 1527/330/2 1528/327/2 1540/293/2
f 1566/328/2 1526/329/2 1527/330/2
f 1447/320/2 1562/322/2 1563/331/2
f 1566/328/2 1527/330/2 1540/293/2
f 1565/332/2 1566/328/2 1540/293/2
f 1447/320/2 1563/331/2 1564/333/2
f 1564/333/2 1565/332/2 1540/293/2
f 1447/320/2 1564/333/2 1427/334/2
f 1427/334/2 1564/333/2 1540/293/2
f 1446/335/2 1447/320/2 1427/334/2
f 1446/335/2 1427/334/2 1428/336/2
f 1426/337/2 1427/334/2 1540/293/2
f 1445/338/2 1446/335/2 1428/336/2
f 1445/338/2 1428/336/2 1429/339/2
f 1425/340/2 1426/337/2 1540/293/2
f 1425/340/2 1540/293/2 1404/84/2
f 1444/341/2 1445/338/2 1429/339/2
f 1444/341/2 1429/339/2 1430/342/2
f 1424/343/2 1425/340/2 1404/84/2
f 1424/343/2 1404/84/2 1405/344/2
f 1444/341/2 1430/342/2 1431/345/2
f 1423/346/2 1424/343/2 1405/344/2
f 1443/347/2 1444/341/2 1431/345/2
f 1423/346/2 1405/344/2 1406/348/2
f 1443/347/2 1431/345/2 1432/349/2
f 1422/350/2 1423/346/2 1406/348/2
f 1422/350/2 1406/348/2 1407/351/2
f 1442/352/2 1443/347/2 1432/349/2
f 1442/352/2 1432/349/2 1433/353/2
f 1421/354/2 1422/350/2 1407/351/2
f 1421/354/2 1407/351/2 1408/355/2
f 1442/352/2 1433/353/2 1434/356/2
f 1420/357/2 1421/354/2 1408/355/2
f 1420/357/2 1408/355/2 1409/358/2
f 1441/359/2 1442/352/2 1434/356/2
f 1441/359/2 1434/356/2 1435/360/2
f 1419/361/2 1420/357/2 1409/358/2
f 1419/361/2 1409/358/2 1410/362/2
f 1441/359/2 1435/360/2 1436/363/2
f 1419/361/2 1410/362/2 1411/364/2
f 1418/365/2 1419/361/2 1411/364/2
f 1440/366/2 1441/359/2 1436/363/2
f 1418/365/2 1411/364/2 1412/367/2
f 1440/366/2 1436/363/2 1437/368/2
f 1417/369/2 1418/365/2 1412/367/2
f 1417/369/2 1412/367/2 1413/370/2
f 1440/366/2 1437/368/2 1438/371/2
f 1416/372/2 1417/369/2 1413/370/2
f 1439/373/2 1440/366/2 1438/371/2
f 1416/372/2 1413/370/2 1414/374/2
f 1415/375/2 1416/372/2 1414/374/2
f 1612/376/2 1613/378/2 1614/377/2
f 1612/376/2 1614/377/2 1615/379/2
f 1612/376/2 1615/379/2 1616/380/2
f 1612/376/2 1616/380/2 1617/381/2
f 1611/382/2 1612/376/2 1617/381/2
f 1611/382/2 1617/381/2 1618/383/2
f 1611/382/2 1618/383/2 1619/384/2
f 1611/382/2 1619/384/2 1620/385/2
f 1610/386/2 1611/382/2 1620/385/2
f 1610/386/2 1620/385/2 1621/387/2
f 1610/386/2 1621/387/2 1622/388/2
f 1609/389/2 1610/386/2 1622/388/2
f 1609/389/2 1622/388/2 1623/390/2
f 1609/389/2 1623/390/2 1624/391/2
f 1608/392/2 1609/389/2 1624/391/2
f 1608/392/2 1624/391/2 1625/393/2
f 1608/392/2 1625/393/2 1636/394/2
f 1636/394/2 1625/393/2 1635/395/2
f 1635/395/2 1625/393/2 1634/396/2
f 1634/396/2 1625/393/2 1633/397/2
f 1633/397/2 1625/393/2 1632/398/2
f 1632/398/2 1625/393/2 1631/399/2
f 1631/399/2 1625/393/2 1630/400/2
f 1630/400/2 1625/393/2 1629/401/2
f 1629/401/2 1625/393/2 1628/402/2
f 1628/402/2 1625/393/2 1627/403/2
f 1627/403/2 1625/393/2 1626/404/2
f 1607/405/2 1608/392/2 1638/406/2
f 1638/406/2 1608/392/2 1637/407/2
f 1637/407/2 1608/392/2 1636/394/2
f 1607/405/2 1638/406/2 1639/408/2
f 1607/405/2 1639/408/2 1640/409/2
f 1607/405/2 1640/409/2 1641/410/2
f 1606/411/2 1607/405/2 1641/410/2
f 1606/411/2 1641/410/2 1642/412/2
f 1606/411/2 1642/412/2 1643/413/2
f 1605/414/2 1606/411/2 1643/413/2
f 1605/414/2 1643/413/2 1644/415/2
f 1605/414/2 1644/415/2 1645/416/2
f 1604/417/2 1605/414/2 1645/416/2
f 1604/417/2 1645/416/2 1646/418/2
f 1603/419/2 1604/417/2 1646/418/2
f 1603/419/2 1646/418/2 1647/420/2
f 1603/419/2 1647/420/2 1648/421/2
f 1602/422/2 1603/419/2 1648/421/2
f 1602/422/2 1648/421/2 1649/423/2
f 1601/424/2 1602/422/2 1649/423/2
f 1601/424/2 1649/423/2 1650/425/2
f 1601/424/2 1650/425/2 1651/426/2
f 1600/427/2 1601/424/2 1651/426/2
f 1676/428/2 1677/430/2 1678/429/2
f 1676/428/2 1678/429/2 1675/431/2
f 1675/431/2 1678/429/2 1679/48/2
f 1600/427/2 1651/426/2 1652/432/2
f 1599/433/2 1600/427/2 1652/432/2
f 1599/433/2 1652/432/2 1653/434/2
f 1674/435/2 1675/431/2 1679/48/2
f 1598/436/2 1599/433/2 1653/434/2
f 1598/436/2 1653/434/2 1654/437/2
f 1598/436/2 1654/437/2 1655/438/2
f 1597/439/2 1598/436/2 1655/438/2
f 1597/439/2 1655/438/2 1656/440/2
f 1596/441/2 1597/439/2 1656/440/2
f 1596/441/2 1656/440/2 1657/442/2
f 1596/441/2 1657/442/2 1658/443/2
f 1595/444/2 1596/441/2 1658/443/2
f 1595/444/2 1658/443/2 1659/445/2
f 1673/446/2 1674/435/2 1679/48/2
f 1672/447/2 1673/446/2 1679/48/2
f 1671/448/2 1672/447/2 1679/48/2
f 1595/444/2 1659/445/2 1660/449/2
f 1670/450/2 1671/448/2 1679/48/2
f 1669/451/2 1670/450/2 1679/48/2
f 1668/452/2 1669/451/2 1679/48/2
f 1595/444/2 1660/449/2 1661/453/2
f 1594/454/2 1595/444/2 1661/453/2
f 1667/455/2 1668/452/2 1679/48/2
f 1666/456/2 1667/455/2 1679/48/2
f 1665/457/2 1666/456/2 1679/48/2
f 1594/454/2 1661/453/2 1662/458/2
f 1664/459/2 1665/457/2 1679/48/2
f 1663/460/2 1664/459/2 1679/48/2
f 1662/458/2 1663/460/2 1679/48/2
f 1594/454/2 1662/458/2 1679/48/2
f 1593/461/2 1594/454/2 1679/48/2
f 1593/461/2 1679/48/2 1578/84/2
f 1593/461/2 1578/84/2 1579/462/2
f 1592/463/2 1593/461/2 1579/462/2
f 1592/463/2 1579/462/2 1580/464/2
f 1592/463/2 1580/464/2 1581/465/2
f 1591/466/2 1592/463/2 1581/465/2
f 1591/466/2 1581/465/2 1582/467/2
f 1591/466/2 1582/467/2 1583/468/2
f 1591/466/2 1583/468/2 1584/469/2
f 1590/470/2 1591/466/2 1584/469/2
f 1590/470/2 1584/469/2 1585/471/2
f 1590/470/2 1585/471/2 1586/472/2
f 1590/470/2 1586/472/2 1587/473/2
f 1589/474/2 1590/470/2 1587/473/2
f 1589/474/2 1587/473/2 1588/475/2
f 1714/476/2 1715/478/2 1716/477/2
f 1713/479/2 1714/476/2 1716/477/2
f 1713/479/2 1716/477/2 1717/480/2
f 1712/481/2 1713/479/2 1717/480/2
f 1712/481/2 1717/480/2 1718/482/2
f 1711/483/2 1712/481/2 1718/482/2
f 1711/483/2 1718/482/2 1719/484/2
f 1710/485/2 1711/483/2 1719/484/2
f 1710/485/2 1719/484/2 1720/486/2
f 1709/487/2 1710/485/2 1720/486/2
f 1709/487/2 1720/486/2 1721/488/2
f 1708/489/2 1709/487/2 1721/488/2
f 1708/489/2 1721/488/2 1722/490/2
f 1707/491/2 1708/489/2 1722/490/2
f 1707/491/2 1722/490/2 1723/492/2
f 1706/493/2 1707/491/2 1723/492/2
f 1706/493/2 1723/492/2 1724/494/2
f 1705/495/2 1706/493/2 1724/494/2
f 1705/495/2 1724/494/2 1725/496/2
f 1704/497/2 1705/495/2 1725/496/2
f 1704/497/2 1725/496/2 1726/498/2
f 1703/499/2 1704/497/2 1726/498/2
f 1703/499/2 1726/498/2 1727/48/2
f 1702/500/2 1703/499/2 1727/48/2
f 1702/500/2 1727/48/2 1680/84/2
f 1701/501/2 1702/500/2 1680/84/2
f 1701/501/2 1680/84/2 1681/502/2
f 1700/503/2 1701/501/2 1681/502/2
f 1700/503/2 1681/502/2 1682/504/2
f 1699/505/2 1700/503/2 1682/504/2
f 1699/505/2 1682/504/2 1683/506/2
f 1698/507/2 1699/505/2 1683/506/2
f 1698/507/2 1683/506/2 1684/508/2
f 1697/509/2 1698/507/2 1684/508/2
f 1697/509/2 1684/508/2 1685/510/2
f 1696/511/2 1697/509/2 1685/510/2
f 1696/511/2 1685/510/2 1686/512/2
f 1695/513/2 1696/511/2 1686/512/2
f 1695/513/2 1686/512/2 1687/514/2
f 1694/515/2 1695/513/2 1687/514/2
f 1694/515/2 1687/514/2 1688/516/2
f 1693/517/2 1694/515/2 1688/516/2
f 1693/517/2 1688/516/2 1689/518/2
f 1692/519/2 1693/517/2 1689/518/2
f 1692/519/2 1689/518/2 1690/520/2
f 1691/521/2 1692/519/2 1690/520/2
f 1762/476/2 1763/478/2 1764/477/2
f 1761/479/2 1762/476/2 1764/477/2
f 1761/479/2 1764/477/2 1765/480/2
f 1760/481/2 1761/479/2 1765/480/2
f 1760/481/2 1765/480/2 1766/482/2
f 1759/483/2 1760/481/2 1766/482/2
f 1759/483/2 1766/482/2 1767/484/2
f 1758/485/2 1759/483/2 1767/484/2
f 1758/485/2 1767/484/2 1768/486/2
f 1757/487/2 1758/485/2 1768/486/2
f 1757/487/2 1768/486/2 1769/488/2
f 1756/489/2 1757/487/2 1769/488/2
f 1756/489/2 1769/488/2 1770/490/2
f 1755/491/2 1756/489/2 1770/490/2
f 1755/491/2 1770/490/2 1771/492/2
f 1754/493/2 1755/491/2 1771/492/2
f 1754/493/2 1771/492/2 1772/494/2
f 1753/495/2 1754/493/2 1772/494/2
f 1753/495/2 1772/494/2 1773/496/2
f 1752/497/2 1753/495/2 1773/496/2
f 1752/497/2 1773/496/2 1774/498/2
f 1751/499/2 1752/497/2 1774/498/2
f 1751/499/2 1774/498/2 1775/48/2
f 1750/500/2 1751/499/2 1775/48/2
f 1750/500/2 1775/48/2 1728/84/2
f 1749/501/2 1750/500/2 1728/84/2
f 1749/501/2 1728/84/2 1729/502/2
f 1748/503/2 1749/501/2 1729/502/2
f 1748/503/2 1729/502/2 1730/504/2
f 1747/505/2 1748/503/2 1730/504/2
f 1747/505/2 1730/504/2 1731/506/2
f 1746/507/2 1747/505/2 1731/506/2
f 1746/507/2 1731/506/2 1732/508/2
f 1745/509/2 1746/507/2 1732/508/2
f 1745/509/2 1732/508/2 1733/510/2
f 1744/511/2 1745/509/2 1733/510/2
f 1744/511/2 1733/510/2 1734/512/2
f 1743/513/2 1744/511/2 1734/512/2
f 1743/513/2 1734/512/2 1735/514/2
f 1742/515/2 1743/513/2 1735/514/2
f 1742/515/2 1735/514/2 1736/516/2
f 1741/517/2 1742/515/2 1736/516/2
f 1741/517/2 1736/516/2 1737/518/2
f 1740/519/2 1741/517/2 1737/518/2
f 1740/519/2 1737/518/2 1738/520/2
f 1739/521/2 1740/519/2 1738/520/2
f 1810/476/2 1811/478/2 1812/477/2
f 1809/479/2 1810/476/2 1812/477/2
f 1809/479/2 1812/477/2 1813/480/2
f 1808/481/2 1809/479/2 1813/480/2
f 1808/481/2 1813/480/2 1814/482/2
f 1807/483/2 1808/481/2 1814/482/2
f 1807/483/2 1814/482/2 1815/484/2
f 1806/485/2 1807/483/2 1815/484/2
f 1806/485/2 1815/484/2 1816/486/2
f 1805/487/2 1806/485/2 1816/486/2
f 1805/487/2 1816/486/2 1817/488/2
f 1804/489/2 1805/487/2 1817/488/2
f 1804/489/2 1817/488/2 1818/490/2
f 1803/491/2 1804/489/2 1818/490/2
f 1803/491/2 1818/490/2 1819/492/2
f 1802/493/2 1803/491/2 1819/492/2
f 1802/493/2 1819/492/2 1820/494/2
f 1801/495/2 1802/493/2 1820/494/2
f 1801/495/2 1820/494/2 1821/496/2
f 1800/497/2 1801/495/2 1821/496/2
f 1800/497/2 1821/496/2 1822/498/2
f 1799/499/2 1800/497/2 1822/498/2
f 1799/499/2 1822/498/2 1823/48/2
f 1798/500/2 1799/499/2 1823/48/2
f 1798/500/2 1823/48/2 1776/84/2
f 1797/501/2 1798/500/2 1776/84/2
f 1797/501/2 1776/84/2 1777/502/2
f 1796/503/2 1797/501/2 1777/502/2
f 1796/503/2 1777/502/2 1778/504/2
f 1795/505/2 1796/503/2 1778/504/2
f 1795/505/2 1778/504/2 1779/506/2
f 1794/507/2 1795/505/2 1779/506/2
f 1794/507/2 1779/506/2 1780/508/2
f 1793/509/2 1794/507/2 1780/508/2
f 1793/509/2 1780/508/2 1781/510/2
f 1792/511/2 1793/509/2 1781/510/2
f 1792/511/2 1781/510/2 1782/512/2
f 1791/513/2 1792/511/2 1782/512/2
f 1791/513/2 1782/512/2 1783/514/2
f 1790/515/2 1791/513/2 1783/514/2
f 1790/515/2 1783/514/2 1784/516/2
f 1789/517/2 1790/515/2 1784/516/2
f 1789/517/2 1784/516/2 1785/518/2
f 1788/519/2 1789/517/2 1785/518/2
f 1788/519/2 1785/518/2 1786/520/2
f 1787/521/2 1788/519/2 1786/520/2
f 1858/1/2 1859/3/2 1860/2/2
f 1858/1/2 1860/2/2 1861/4/2
f 1857/5/2 1858/1/2 1861/4/2
f 1857/5/2 1861/4/2 1862/6/2
f 1856/7/2 1857/5/2 1862/6/2
f 1856/7/2 1862/6/2 1863/8/2
f 1855/9/2 1856/7/2 1863/8/2
f 1855/9/2 1863/8/2 1864/10/2
f 1854/11/2 1855/9/2 1864/10/2
f 1854/11/2 1864/10/2 1865/12/2
f 1853/13/2 1854/11/2 1865/12/2
f 1853/13/2 1865/12/2 1866/14/2
f 1852/15/2 1853/13/2 1909/16/2
f 1909/16/2 1853/13/2 1866/14/2
f 1852/15/2 1909/16/2 1910/17/2
f 1908/18/2 1909/16/2 1866/14/2
f 1852/15/2 1910/17/2 1911/19/2
f 1907/20/2 1908/18/2 1866/14/2
f 1852/15/2 1911/19/2 1912/21/2
f 1906/22/2 1907/20/2 1866/14/2
f 1906/22/2 1866/14/2 1867/23/2
f 1852/15/2 1912/21/2 1913/24/2
f 1851/25/2 1852/15/2 1913/24/2
f 1905/26/2 1906/22/2 1867/23/2
f 1851/25/2 1913/24/2 1914/27/2
f 1904/28/2 1905/26/2 1867/23/2
f 1851/25/2 1914/27/2 1915/29/2
f 1903/30/2 1904/28/2 1867/23/2
f 1851/25/2 1915/29/2 1916/31/2
f 1902/32/2 1903/30/2 1867/23/2
f 1850/33/2 1851/25/2 1916/31/2
f 1902/32/2 1867/23/2 1868/34/2
f 1850/33/2 1916/31/2 1917/35/2
f 1901/36/2 1902/32/2 1868/34/2
f 1850/33/2 1917/35/2 1918/37/2
f 1900/38/2 1901/36/2 1868/34/2
f 1849/39/2 1850/33/2 1918/37/2
f 1900/38/2 1868/34/2 1869/40/2
f 1849/39/2 1918/37/2 1919/41/2
f 1899/42/2 1900/38/2 1869/40/2
f 1849/39/2 1919/41/2 1920/43/2
f 1898/44/2 1899/42/2 1869/40/2
f 1848/45/2 1849/39/2 1920/43/2
f 1848/45/2 1920/43/2 1921/46/2
f 1898/44/2 1869/40/2 1870/47/2
f 1922/48/2 1898/44/2 1870/47/2
f 1848/45/2 1921/46/2 1922/48/2
f 1848/45/2 1922/48/2 1870/47/2
f 1847/49/2 1848/45/2 1870/47/2
f 1847/49/2 1870/47/2 1871/50/2
f 1846/51/2 1847/49/2 1872/52/2
f 1872/52/2 1847/49/2 1871/50/2
f 1846/51/2 1872/52/2 1873/53/2
f 1845/54/2 1846/51/2 1873/53/2
f 1845/54/2 1873/53/2 1874/55/2
f 1845/54/2 1874/55/2 1875/56/2
f 1844/57/2 1845/54/2 1875/56/2
f 1844/57/2 1875/56/2 1876/58/2
f 1843/59/2 1844/57/2 1876/58/2
f 1843/59/2 1876/58/2 1877/60/2
f 1895/61/2 1896/63/2 1897/62/2
f 1843/59/2 1877/60/2 1878/64/2
f 1894/65/2 1895/61/2 1897/62/2
f 1893/66/2 1894/65/2 1897/62/2
f 1842/67/2 1843/59/2 1878/64/2
f 1842/67/2 1878/64/2 1879/68/2
f 1892/69/2 1893/66/2 1897/62/2
f 1891/70/2 1892/69/2 1897/62/2
f 1842/67/2 1879/68/2 1880/71/2
f 1890/72/2 1891/70/2 1897/62/2
f 1842/67/2 1880/71/2 1881/73/2
f 1889/74/2 1890/72/2 1897/62/2
f 1841/75/2 1842/67/2 1881/73/2
f 1888/76/2 1889/74/2 1897/62/2
f 1841/75/2 1881/73/2 1882/77/2
f 1887/78/2 1888/76/2 1897/62/2
f 1841/75/2 1882/77/2 1883/79/2
f 1886/80/2 1887/78/2 1897/62/2
f 1885/81/2 1886/80/2 1897/62/2
f 1841/75/2 1883/79/2 1884/82/2
f 1884/82/2 1885/81/2 1897/62/2
f 1841/75/2 1884/82/2 1897/62/2
f 1840/83/2 1841/75/2 1897/62/2
f 1840/83/2 1897/62/2 1824/84/2
f 1839/85/2 1840/83/2 1824/84/2
f 1839/85/2 1824/84/2 1825/86/2
f 1839/85/2 1825/86/2 1826/87/2
f 1838/88/2 1839/85/2 1826/87/2
f 1838/88/2 1826/87/2 1827/89/2
f 1838/88/2 1827/89/2 1828/90/2
f 1837/91/2 1838/88/2 1828/90/2
f 1837/91/2 1828/90/2 1829/92/2
f 1837/91/2 1829/92/2 1830/93/2
f 1836/94/2 1837/91/2 1830/93/2
f 1836/94/2 1830/93/2 1831/95/2
f 1836/94/2 1831/95/2 1832/96/2
f 1836/94/2 1832/96/2 1833/97/2
f 1835/98/2 1836/94/2 1833/97/2
f 1835/98/2 1833/97/2 1834/99/2
f 2006/522/2 2007/524/2 2008/523/2
f 2006/522/2 2008/523/2 2009/525/2
f 2006/522/2 2009/525/2 2010/526/2
f 2005/527/2 2006/522/2 2010/526/2
f 2005/527/2 2010/526/2 2011/528/2
f 2005/527/2 2011/528/2 2012/529/2
f 2005/527/2 2012/529/2 2013/530/2
f 2004/531/2 2005/527/2 2013/530/2
f 2004/531/2 2013/530/2 2014/532/2
f 2004/531/2 2014/532/2 2015/533/2
f 2004/531/2 2015/533/2 2016/534/2
f 2003/535/2 2004/531/2 2016/534/2
f 2003/535/2 2016/534/2 2017/536/2
f 2003/535/2 2017/536/2 2018/537/2
f 2003/535/2 2018/537/2 2019/538/2
f 2002/539/2 2003/535/2 2019/538/2
f 2002/539/2 2019/538/2 1930/540/2
f 1930/540/2 2019/538/2 1929/541/2
f 1929/541/2 2019/538/2 1928/542/2
f 1928/542/2 2019/538/2 1927/543/2
f 1927/543/2 2019/538/2 1926/544/2
f 1926/544/2 2019/538/2 1925/545/2
f 1925/545/2 2019/538/2 1924/546/2
f 1924/546/2 2019/538/2 1923/84/2
f 1923/84/2 2019/538/2 2020/48/2
f 2001/547/2 2002/539/2 1932/548/2
f 1932/548/2 2002/539/2 1931/549/2
f 1931/549/2 2002/539/2 1930/540/2
f 2000/550/2 2001/547/2 1934/551/2
f 1934/551/2 2001/547/2 1933/552/2
f 1933/552/2 2001/547/2 1932/548/2
f 2000/550/2 1934/551/2 1935/553/2
f 2000/550/2 1935/553/2 1936/554/2
f 2000/550/2 1936/554/2 1937/555/2
f 1999/556/2 2000/550/2 1937/555/2
f 1999/556/2 1937/555/2 1938/557/2
f 1999/556/2 1938/557/2 1939/558/2
f 1999/556/2 1939/558/2 1940/559/2
f 1998/560/2 1999/556/2 1940/559/2
f 1998/560/2 1940/559/2 1941/561/2
f 1998/560/2 1941/561/2 1942/562/2
f 1997/563/2 1998/560/2 1942/562/2
f 1997/563/2 1942/562/2 1943/564/2
f 1997/563/2 1943/564/2 1944/565/2
f 1996/566/2 1997/563/2 1944/565/2
f 1996/566/2 1944/565/2 1945/567/2
f 1995/568/2 1996/566/2 1945/567/2
f 1995/568/2 1945/567/2 1946/569/2
f 1995/568/2 1946/569/2 1947/570/2
f 1994/571/2 1995/568/2 1947/570/2
f 1994/571/2 1947/570/2 1948/572/2
f 1993/573/2 1994/571/2 1948/572/2
f 1993/573/2 1948/572/2 1949/574/2
f 1993/573/2 1949/574/2 1950/575/2
f 1992/576/2 1993/573/2 1950/575/2
f 1992/576/2 1950/575/2 1951/577/2
f 1992/576/2 1951/577/2 1952/578/2
f 1991/579/2 1992/576/2 1952/578/2
f 1991/579/2 1952/578/2 1953/580/2
f 1969/581/2 1970/583/2 1971/582/2
f 1991/579/2 1953/580/2 1954/584/2
f 1968/585/2 1969/581/2 1971/582/2
f 1990/586/2 1991/579/2 1954/584/2
f 1967/587/2 1968/585/2 1971/582/2
f 1990/586/2 1954/584/2 1955/588/2
f 1966/589/2 1967/587/2 1971/582/2
f 1965/590/2 1966/589/2 1971/582/2
f 1964/591/2 1965/590/2 1971/582/2
f 1990/586/2 1955/588/2 1956/592/2
f 1963/593/2 1964/591/2 1971/582/2
f 1962/594/2 1963/593/2 1971/582/2
f 1990/586/2 1956/592/2 1957/595/2
f 1961/596/2 1962/594/2 1971/582/2
f 1960/597/2 1961/596/2 1971/582/2
f 1990/586/2 1957/595/2 1958/598/2
f 1959/599/2 1960/597/2 1971/582/2
f 1989/600/2 1990/586/2 1958/598/2
f 1958/598/2 1959/599/2 1971/582/2
f 1989/600/2 1958/598/2 1971/582/2
f 1988/601/2 1989/600/2 1971/582/2
f 1987/602/2 1988/601/2 1971/582/2
f 1986/603/2 1987/602/2 1971/582/2
f 1986/603/2 1971/582/2 1972/604/2
f 1986/603/2 1972/604/2 1973/605/2
f 1986/603/2 1973/605/2 1974/606/2
f 1985/607/2 1986/603/2 1974/606/2
f 1985/607/2 1974/606/2 1975/608/2
f 1985/607/2 1975/608/2 1976/609/2
f 1985/607/2 1976/609/2 1977/610/2
f 1985/607/2 1977/610/2 1978/611/2
f 1984/612/2 1985/607/2 1978/611/2
f 1984/612/2 1978/611/2 1979/613/2
f 1984/612/2 1979/613/2 1980/614/2
f 1984/612/2 1980/614/2 1981/615/2
f 1983/616/2 1984/612/2 1981/615/2
f 1983/616/2 1981/615/2 1982/617/2
f 2118/204/2 2119/206/2 2120/205/2
f 2117/207/2 2118/204/2 2120/205/2
f 2117/207/2 2120/205/2 2121/208/2
f 2116/209/2 2117/207/2 2121/208/2
f 2115/210/2 2116/209/2 2121/208/2
f 2115/210/2 2121/208/2 2122/211/2
f 2114/212/2 2115/210/2 2122/211/2
f 2114/212/2 2122/211/2 2123/213/2
f 2113/214/2 2114/212/2 2123/213/2
f 2112/215/2 2113/214/2 2123/213/2
f 2112/215/2 2123/213/2 2124/216/2
f 2111/217/2 2112/215/2 2124/216/2
f 2111/217/2 2124/216/2 2125/218/2
f 2110/219/2 2111/217/2 2125/218/2
f 2109/220/2 2110/219/2 2125/218/2
f 2109/220/2 2125/218/2 2126/221/2
f 2108/222/2 2109/220/2 2126/221/2
f 2108/222/2 2126/221/2 2127/223/2
f 2107/224/2 2108/222/2 2127/223/2
f 2106/225/2 2107/224/2 2105/226/2
f 2105/226/2 2107/224/2 2104/227/2
f 2104/227/2 2107/224/2 2103/228/2
f 2103/228/2 2107/224/2 2102/229/2
f 2102/229/2 2107/224/2 2101/230/2
f 2101/230/2 2107/224/2 2100/231/2
f 2100/231/2 2107/224/2 2099/232/2
f 2099/232/2 2107/224/2 2098/233/2
f 2098/233/2 2107/224/2 2097/234/2
f 2097/234/2 2107/224/2 2096/235/2
f 2096/235/2 2107/224/2 2127/223/2
f 2096/235/2 2127/223/2 2095/236/2
f 2095/236/2 2127/223/2 2094/237/2
f 2094/237/2 2127/223/2 2128/238/2
f 2094/237/2 2128/238/2 2093/239/2
f 2093/239/2 2128/238/2 2129/240/2
f 2092/241/2 2093/239/2 2129/240/2
f 2091/242/2 2092/241/2 2129/240/2
f 2090/243/2 2091/242/2 2129/240/2
f 2089/244/2 2090/243/2 2129/240/2
f 2088/245/2 2089/244/2 2129/240/2
f 2088/245/2 2129/240/2 2130/246/2
f 2087/247/2 2088/245/2 2130/246/2
f 2086/248/2 2087/247/2 2130/246/2
f 2085/249/2 2086/248/2 2130/246/2
f 2085/249/2 2130/246/2 2131/250/2
f 2084/251/2 2085/249/2 2131/250/2
f 2083/252/2 2084/251/2 2131/250/2
f 2083/252/2 2131/250/2 2132/253/2
f 2082/254/2 2083/252/2 2132/253/2
f 2081/255/2 2082/254/2 2132/253/2
f 2080/256/2 2081/255/2 2194/48/2
f 2194/48/2 2081/255/2 2132/253/2
f 2079/257/2 2080/256/2 2194/48/2
f 2078/258/2 2079/257/2 2194/48/2
f 2077/259/2 2078/258/2 2194/48/2
f 2076/260/2 2077/259/2 2194/48/2
f 2076/260/2 2194/48/2 2158/261/2
f 2193/262/2 2194/48/2 2132/253/2
f 2076/260/2 2158/261/2 2159/263/2
f 2075/264/2 2076/260/2 2159/263/2
f 2075/264/2 2159/263/2 2160/265/2
f 2074/266/2 2075/264/2 2160/265/2
f 2074/266/2 2160/265/2 2161/267/2
f 2073/268/2 2074/266/2 2161/267/2
f 2073/268/2 2161/267/2 2162/269/2
f 2073/268/2 2162/269/2 2163/270/2
f 2072/271/2 2073/268/2 2163/270/2
f 2072/271/2 2163/270/2 2164/272/2
f 2071/273/2 2072/271/2 2164/272/2
f 2071/273/2 2164/272/2 2165/274/2
f 2071/273/2 2165/274/2 2166/275/2
f 2070/276/2 2071/273/2 2166/275/2
f 2070/276/2 2166/275/2 2167/277/2
f 2070/276/2 2167/277/2 2168/278/2
f 2069/279/2 2070/276/2 2168/278/2
f 2069/279/2 2168/278/2 2169/280/2
f 2068/281/2 2069/279/2 2169/280/2
f 2068/281/2 2169/280/2 2170/282/2
f 2068/281/2 2170/282/2 2171/283/2
f 2067/284/2 2068/281/2 2171/283/2
f 2067/284/2 2171/283/2 2172/285/2
f 2067/284/2 2172/285/2 2173/286/2
f 2192/287/2 2193/262/2 2132/253/2
f 2066/288/2 2067/284/2 2173/286/2
f 2191/289/2 2192/287/2 2132/253/2
f 2066/288/2 2173/286/2 2174/290/2
f 2190/291/2 2191/289/2 2132/253/2
f 2155/292/2 2156/294/2 2157/293/2
f 2190/291/2 2132/253/2 2133/295/2
f 2066/288/2 2174/290/2 2175/296/2
f 2154/297/2 2155/292/2 2157/293/2
f 2189/298/2 2190/291/2 2133/295/2
f 2189/298/2 2133/295/2 2134/299/2
f 2153/300/2 2154/297/2 2157/293/2
f 2065/301/2 2066/288/2 2175/296/2
f 2065/301/2 2175/296/2 2176/302/2
f 2189/298/2 2134/299/2 2135/303/2
f 2188/304/2 2189/298/2 2135/303/2
f 2152/305/2 2153/300/2 2157/293/2
f 2188/304/2 2135/303/2 2136/306/2
f 2187/307/2 2188/304/2 2136/306/2
f 2151/308/2 2152/305/2 2157/293/2
f 2065/301/2 2176/302/2 2177/309/2
f 2187/307/2 2136/306/2 2137/310/2
f 2150/311/2 2151/308/2 2157/293/2
f 2186/312/2 2187/307/2 2137/310/2
f 2186/312/2 2137/310/2 2138/313/2
f 2149/314/2 2150/311/2 2157/293/2
f 2065/301/2 2177/309/2 2178/315/2
f 2186/312/2 2138/313/2 2139/316/2
f 2185/317/2 2186/312/2 2139/316/2
f 2148/318/2 2149/314/2 2157/293/2
f 2185/317/2 2139/316/2 2140/319/2
f 2064/320/2 2065/301/2 2178/315/2
f 2147/321/2 2148/318/2 2157/293/2
f 2064/320/2 2178/315/2 2179/322/2
f 2184/323/2 2185/317/2 2140/319/2
f 2184/323/2 2140/319/2 2141/324/2
f 2146/325/2 2147/321/2 2157/293/2
f 2184/323/2 2141/324/2 2142/326/2
f 2145/327/2 2146/325/2 2157/293/2
f 2183/328/2 2184/323/2 2142/326/2
f 2183/328/2 2142/326/2 2143/329/2
f 2144/330/2 2145/327/2 2157/293/2
f 2183/328/2 2143/329/2 2144/330/2
f 2064/320/2 2179/322/2 2180/331/2
f 2183/328/2 2144/330/2 2157/293/2
f 2182/332/2 2183/328/2 2157/293/2
f 2064/320/2 2180/331/2 2181/333/2
f 2181/333/2 2182/332/2 2157/293/2
f 2064/320/2 2181/333/2 2044/334/2
f 2044/334/2 2181/333/2 2157/293/2
f 2063/335/2 2064/320/2 2044/334/2
f 2063/335/2 2044/334/2 2045/336/2
f 2043/337/2 2044/334/2 2157/293/2
f 2062/338/2 2063/335/2 2045/336/2
f 2062/338/2 2045/336/2 2046/339/2
f 2042/340/2 2043/337/2 2157/293/2
f 2042/340/2 2157/293/2 2021/84/2
f 2061/341/2 2062/338/2 2046/339/2
f 2061/341/2 2046/339/2 2047/342/2
f 2041/343/2 2042/340/2 2021/84/2
f 2041/343/2 2021/84/2 2022/344/2
f 2061/341/2 2047/342/2 2048/345/2
f 2040/346/2 2041/343/2 2022/344/2
f 2060/347/2 2061/341/2 2048/345/2
f 2040/346/2 2022/344/2 2023/348/2
f 2060/347/2 2048/345/2 2049/349/2
f 2039/350/2 2040/346/2 2023/348/2
f 2039/350/2 2023/348/2 2024/351/2
f 2059/352/2 2060/347/2 2049/349/2
f 2059/352/2 2049/349/2 2050/353/2
f 2038/354/2 2039/350/2 2024/351/2
f 2038/354/2 2024/351/2 2025/355/2
f 2059/352/2 2050/353/2 2051/356/2
f 2037/357/2 2038/354/2 2025/355/2
f 2037/357/2 2025/355/2 2026/358/2
f 2058/359/2 2059/352/2 2051/356/2
f 2058/359/2 2051/356/2 2052/360/2
f 2036/361/2 2037/357/2 2026/358/2
f 2036/361/2 2026/358/2 2027/362/2
f 2058/359/2 2052/360/2 2053/363/2
f 2036/361/2 2027/362/2 2028/364/2
f 2035/365/2 2036/361/2 2028/364/2
f 2057/366/2 2058/359/2 2053/363/2
f 2035/365/2 2028/364/2 2029/367/2
f 2057/366/2 2053/363/2 2054/368/2
f 2034/369/2 2035/365/2 2029/367/2
f 2034/369/2 2029/367/2 2030/370/2
f 2057/366/2 2054/368/2 2055/371/2
f 2033/372/2 2034/369/2 2030/370/2
f 2056/373/2 2057/366/2 2055/371/2
f 2033/372/2 2030/370/2 2031/374/2
f 2032/375/2 2033/372/2 2031/374/2
f 2195/84/2 2196/619/2 2271/618/2
f 2271/618/2 2196/619/2 2197/620/2
f 2271/618/2 2197/620/2 2198/621/2
f 2271/618/2 2198/621/2 2199/622/2
f 2271/618/2 2199/622/2 2200/623/2
f 2271/618/2 2200/623/2 2201/624/2
f 2271/618/2 2201/624/2 2202/625/2
f 2271/618/2 2202/625/2 2203/626/2
f 2271/618/2 2203/626/2 2204/627/2
f 2271/618/2 2204/627/2 2270/628/2
f 2270/628/2 2204/627/2 2269/629/2
f 2269/629/2 2204/627/2 2205/630/2
f 2195/84/2 2271/618/2 2272/48/2
f 2268/631/2 2269/629/2 2205/630/2
f 2267/632/2 2268/631/2 2205/630/2
f 2266/633/2 2267/632/2 2205/630/2
f 2265/634/2 2266/633/2 2205/630/2
f 2265/634/2 2205/630/2 2206/88/2
f 2264/635/2 2265/634/2 2206/88/2
f 2263/636/2 2264/635/2 2206/88/2
f 2263/636/2 2206/88/2 2207/637/2
f 2262/638/2 2263/636/2 2207/637/2
f 2261/18/2 2262/638/2 2207/637/2
f 2261/18/2 2207/637/2 2208/639/2
f 2260/640/2 2261/18/2 2208/639/2
f 2259/641/2 2260/640/2 2208/639/2
f 2259/641/2 2208/639/2 2209/642/2
f 2258/643/2 2259/641/2 2209/642/2
f 2257/644/2 2258/643/2 2209/642/2
f 2257/644/2 2209/642/2 2210/645/2
f 2256/646/2 2257/644/2 2210/645/2
f 2256/646/2 2210/645/2 2211/647/2
f 2255/648/2 2256/646/2 2211/647/2
f 2254/649/2 2255/648/2 2211/647/2
f 2254/649/2 2211/647/2 2212/650/2
f 2253/651/2 2254/649/2 2212/650/2
f 2252/652/2 2253/651/2 2212/650/2
f 2252/652/2 2212/650/2 2213/653/2
f 2251/654/2 2252/652/2 2213/653/2
f 2251/654/2 2213/653/2 2214/655/2
f 2250/65/2 2251/654/2 2214/655/2
f 2195/84/2 2272/48/2 2235/656/2
f 2249/657/2 2250/65/2 2214/655/2
f 2195/84/2 2235/656/2 2236/658/2
f 2195/84/2 2236/658/2 2237/659/2
f 2195/84/2 2237/659/2 2233/660/2
f 2233/660/2 2237/659/2 2238/661/2
f 2248/662/2 2249/657/2 2214/655/2
f 2233/660/2 2238/661/2 2239/71/2
f 2233/660/2 2239/71/2 2240/663/2
f 2248/662/2 2214/655/2 2215/664/2
f 2247/665/2 2248/662/2 2215/664/2
f 2233/660/2 2240/663/2 2241/666/2
f 2233/660/2 2241/666/2 2242/667/2
f 2233/660/2 2242/667/2 2243/668/2
f 2246/669/2 2247/665/2 2215/664/2
f 2233/660/2 2243/668/2 2244/670/2
f 2233/660/2 2244/670/2 2245/671/2
f 2233/660/2 2245/671/2 2246/669/2
f 2233/660/2 2246/669/2 2215/664/2
f 2233/660/2 2215/664/2 2216/672/2
f 2233/660/2 2216/672/2 2217/15/2
f 2233/660/2 2217/15/2 2218/673/2
f 2195/84/2 2233/660/2 2234/674/2
f 2232/675/2 2233/660/2 2218/673/2
f 2232/675/2 2218/673/2 2219/676/2
f 2231/677/2 2232/675/2 2219/676/2
f 2230/678/2 2231/677/2 2219/676/2
f 2229/679/2 2230/678/2 2219/676/2
f 2228/14/2 2229/679/2 2219/676/2
f 2228/14/2 2219/676/2 2220/680/2
f 2227/681/2 2228/14/2 2220/680/2
f 2226/682/2 2227/681/2 2220/680/2
f 2225/683/2 2226/682/2 2220/680/2
f 2224/684/2 2225/683/2 2220/680/2
f 2224/684/2 2220/680/2 2221/685/2
f 2223/686/2 2224/684/2 2221/685/2
f 2222/687/2 2223/686/2 2221/685/2
f 2380/688/2 2381/690/2 2382/689/2
f 2380/688/2 2382/689/2 2383/634/2
f 2380/688/2 2383/634/2 2384/691/2
f 2379/692/2 2380/688/2 2384/691/2
f 2379/692/2 2384/691/2 2385/693/2
f 2379/692/2 2385/693/2 2386/694/2
f 2378/695/2 2379/692/2 2386/694/2
f 2378/695/2 2386/694/2 2387/696/2
f 2378/695/2 2387/696/2 2388/697/2
f 2377/698/2 2378/695/2 2388/697/2
f 2377/698/2 2388/697/2 2389/699/2
f 2377/698/2 2389/699/2 2390/700/2
f 2376/701/2 2377/698/2 2390/700/2
f 2376/701/2 2390/700/2 2391/702/2
f 2376/701/2 2391/702/2 2392/703/2
f 2375/704/2 2376/701/2 2392/703/2
f 2375/704/2 2392/703/2 2393/705/2
f 2375/704/2 2393/705/2 2280/706/2
f 2280/706/2 2393/705/2 2279/707/2
f 2279/707/2 2393/705/2 2278/708/2
f 2278/708/2 2393/705/2 2277/709/2
f 2277/709/2 2393/705/2 2276/710/2
f 2276/710/2 2393/705/2 2275/711/2
f 2275/711/2 2393/705/2 2274/712/2
f 2274/712/2 2393/705/2 2273/84/2
f 2273/84/2 2393/705/2 2394/48/2
f 2374/713/2 2375/704/2 2282/714/2
f 2282/714/2 2375/704/2 2281/715/2
f 2281/715/2 2375/704/2 2280/706/2
f 2373/716/2 2374/713/2 2284/625/2
f 2284/625/2 2374/713/2 2283/717/2
f 2283/717/2 2374/713/2 2282/714/2
f 2372/643/2 2373/716/2 2285/718/2
f 2285/718/2 2373/716/2 2284/625/2
f 2372/643/2 2285/718/2 2286/719/2
f 2372/643/2 2286/719/2 2287/720/2
f 2372/643/2 2287/720/2 2288/721/2
f 2372/643/2 2288/721/2 2289/722/2
f 2372/643/2 2289/722/2 2290/723/2
f 2371/724/2 2372/643/2 2290/723/2
f 2371/724/2 2290/723/2 2291/725/2
f 2371/724/2 2291/725/2 2292/726/2
f 2371/724/2 2292/726/2 2293/727/2
f 2370/728/2 2371/724/2 2293/727/2
f 2370/728/2 2293/727/2 2294/729/2
f 2370/728/2 2294/729/2 2295/642/2
f 2369/730/2 2370/728/2 2295/642/2
f 2369/730/2 2295/642/2 2296/731/2
f 2369/730/2 2296/731/2 2297/732/2
f 2368/733/2 2369/730/2 2297/732/2
f 2368/733/2 2297/732/2 2298/734/2
f 2368/733/2 2298/734/2 2299/735/2
f 2367/736/2 2368/733/2 2299/735/2
f 2367/736/2 2299/735/2 2300/737/2
f 2366/738/2 2367/736/2 2300/737/2
f 2366/738/2 2300/737/2 2301/739/2
f 2366/738/2 2301/739/2 2302/740/2
f 2365/741/2 2366/738/2 2302/740/2
f 2365/741/2 2302/740/2 2303/742/2
f 2364/743/2 2365/741/2 2303/742/2
f 2364/743/2 2303/742/2 2304/744/2
f 2363/745/2 2364/743/2 2304/744/2
f 2363/745/2 2304/744/2 2305/746/2
f 2362/747/2 2363/745/2 2305/746/2
f 2362/747/2 2305/746/2 2306/672/2
f 2361/654/2 2362/747/2 2306/672/2
f 2360/748/2 2361/654/2 2306/672/2
f 2360/748/2 2306/672/2 2307/749/2
f 2359/750/2 2360/748/2 2307/749/2
f 2358/751/2 2359/750/2 2307/749/2
f 2358/751/2 2307/749/2 2308/752/2
f 2357/753/2 2358/751/2 2308/752/2
f 2332/754/2 2333/756/2 2334/755/2
f 2357/753/2 2308/752/2 2309/757/2
f 2356/758/2 2357/753/2 2309/757/2
f 2332/754/2 2334/755/2 2335/759/2
f 2355/760/2 2356/758/2 2309/757/2
f 2355/760/2 2309/757/2 2310/761/2
f 2332/754/2 2335/759/2 2336/762/2
f 2354/763/2 2355/760/2 2310/761/2
f 2332/754/2 2336/762/2 2337/764/2
f 2353/765/2 2354/763/2 2310/761/2
f 2352/766/2 2353/765/2 2310/761/2
f 2352/766/2 2310/761/2 2311/767/2
f 2332/754/2 2337/764/2 2338/768/2
f 2351/769/2 2352/766/2 2311/767/2
f 2332/754/2 2338/768/2 2339/659/2
f 2350/670/2 2351/769/2 2311/767/2
f 2332/754/2 2339/659/2 2340/770/2
f 2350/670/2 2311/767/2 2312/771/2
f 2349/772/2 2350/670/2 2312/771/2
f 2332/754/2 2340/770/2 2341/773/2
f 2348/774/2 2349/772/2 2312/771/2
f 2332/754/2 2341/773/2 2342/775/2
f 2347/776/2 2348/774/2 2312/771/2
f 2332/754/2 2342/775/2 2343/777/2
f 2346/778/2 2347/776/2 2312/771/2
f 2332/754/2 2343/777/2 2344/779/2
f 2346/778/2 2312/771/2 2313/780/2
f 2345/781/2 2346/778/2 2313/780/2
f 2332/754/2 2344/779/2 2345/781/2
f 2332/754/2 2345/781/2 2313/780/2
f 2332/754/2 2313/780/2 2314/782/2
f 2331/783/2 2332/754/2 2314/782/2
f 2330/784/2 2331/783/2 2314/782/2
f 2330/784/2 2314/782/2 2315/785/2
f 2329/786/2 2330/784/2 2315/785/2
f 2329/786/2 2315/785/2 2316/787/2
f 2328/678/2 2329/786/2 2316/787/2
f 2327/788/2 2328/678/2 2316/787/2
f 2327/788/2 2316/787/2 2317/686/2
f 2326/789/2 2327/788/2 2317/686/2
f 2325/790/2 2326/789/2 2317/686/2
f 2325/790/2 2317/686/2 2318/791/2
f 2324/792/2 2325/790/2 2318/791/2
f 2323/793/2 2324/792/2 2318/791/2
f 2323/793/2 2318/791/2 2319/794/2
f 2322/795/2 2323/793/2 2319/794/2
f 2321/796/2 2322/795/2 2319/794/2
f 2321/796/2 2319/794/2 2320/797/2
s 1
f 2396/798/3 2398/799/4 2397/800/4 2395/84/3
f 2398/799/4 2400/801/5 2399/802/5 2397/800/4
f 2400/801/5 2402/803/6 2401/804/6 2399/802/5
f 2402/803/6 2404/805/7 2403/806/7 2401/804/6
f 2404/805/7 2406/807/8 2405/808/8 2403/806/7
f 2406/807/8 2408/809/9 2407/810/9 2405/808/8
f 2408/809/9 2410/811/10 2409/812/10 2407/810/9
f 2410/811/10 2412/813/11 2411/814/11 2409/812/10
f 2412/813/11 2414/815/12 2413/816/12 2411/814/11
f 2414/815/12 2416/817/13 2415/818/13 2413/816/12
f 2416/817/13 2418/819/14 2417/820/14 2415/818/13
f 2418/819/14 2420/821/15 2419/822/15 2417/820/14
f 2420/821/15 2422/823/16 2421/824/16 2419/822/15
f 2422/823/16 2424/825/17 2423/826/17 2421/824/16
f 2424/825/17 2426/827/18 2425/828/18 2423/826/17
f 2426/827/18 2428/829/19 2427/830/19 2425/828/18
f 2428/829/19 2430/831/20 2429/832/20 2427/830/19
f 2430/831/20 2432/833/21 2431/834/21 2429/832/20
f 2432/833/21 2434/835/22 2433/836/22 2431/834/21
f 2434/835/22 2436/837/23 2435/838/23 2433/836/22
f 2436/837/23 2438/839/24 2437/840/24 2435/838/23
f 2438/839/24 2440/841/25 2439/842/25 2437/840/24
f 2440/841/25 2442/843/26 2441/844/26 2439/842/25
f 2442/843/26 2444/845/27 2443/846/27 2441/844/26
f 2444/845/27 2446/847/28 2445/848/28 2443/846/27
f 2446/847/28 2448/849/29 2447/850/29 2445/848/28
f 2448/849/29 2450/851/30 2449/852/30 2447/850/29
f 2450/851/30 2452/853/31 2451/854/31 2449/852/30
f 2452/853/31 2454/855/32 2453/856/32 2451/854/31
f 2454/855/32 2456/857/33 2455/858/33 2453/856/32
f 2456/857/33 2458/859/34 2457/860/34 2455/858/33
f 2458/859/34 2460/861/35 2459/862/35 2457/860/34
f 2460/861/35 2462/863/36 2461/864/36 2459/862/35
f 2462/863/36 2464/865/37 2463/866/37 2461/864/36
f 2464/865/37 2466/867/38 2465/868/38 2463/866/37
f 2466/867/38 2468/869/39 2467/870/39 2465/868/38
f 2468/869/39 2470/871/40 2469/872/40 2467/870/39
f 2470/871/40 2472/873/41 2471/874/41 2469/872/40
f 2472/873/41 2474/875/42 2473/876/42 2471/874/41
f 2474/875/42 2476/877/43 2475/878/43 2473/876/42
f 2476/877/43 2478/879/44 2477/880/44 2475/878/43
f 2478/879/44 2480/881/45 2479/882/45 2477/880/44
f 2480/881/45 2482/883/46 2481/884/46 2479/882/45
f 2482/883/46 2484/885/47 2483/886/47 2481/884/46
f 2484/885/47 2486/887/48 2485/888/48 2483/886/47
f 2486/887/48 2488/889/49 2487/890/49 2485/888/48
f 2488/889/49 2490/891/50 2489/892/50 2487/890/49
f 2490/891/50 2492/893/51 2491/894/51 2489/892/50
f 2492/893/51 2494/895/52 2493/896/52 2491/894/51
f 2494/895/52 2496/897/53 2495/898/53 2493/896/52
f 2496/897/53 2498/899/54 2497/900/54 2495/898/53
f 2498/899/54 2500/901/55 2499/902/55 2497/900/54
f 2500/901/55 2502/903/56 2501/904/56 2499/902/55
f 2502/903/56 2504/905/57 2503/906/57 2501/904/56
f 2504/905/57 2506/907/58 2505/908/58 2503/906/57
f 2506/907/58 2508/909/59 2507/910/59 2505/908/58
f 2508/909/59 2510/911/60 2509/912/60 2507/910/59
f 2510/911/60 2512/913/61 2511/914/61 2509/912/60
f 2512/913/61 2514/915/62 2513/916/62 2511/914/61
f 2514/915/62 2516/917/63 2515/918/63 2513/916/62
f 2516/917/63 2518/919/64 2517/53/64 2515/918/63
f 2518/919/64 2520/920/65 2519/921/65 2517/53/64
f 2520/920/65 2522/922/66 2521/923/66 2519/921/65
f 2522/922/66 2524/924/67 2523/925/67 2521/923/66
f 2524/924/67 2526/926/68 2525/927/68 2523/925/67
f 2526/926/68 2528/928/69 2527/929/69 2525/927/68
f 2528/928/69 2530/930/70 2529/931/70 2527/929/69
f 2530/930/70 2532/932/71 2531/933/71 2529/931/70
f 2532/932/71 2534/934/72 2533/935/72 2531/933/71
f 2534/934/72 2536/936/73 2535/937/73 2533/935/72
f 2536/936/73 2538/938/74 2537/939/74 2535/937/73
f 2538/938/74 2540/940/75 2539/941/75 2537/939/74
f 2540/940/75 2542/942/76 2541/943/76 2539/941/75
f 2542/942/76 2544/944/77 2543/945/77 2541/943/76
f 2544/944/77 2546/946/78 2545/947/78 2543/945/77
f 2546/946/78 2548/948/79 2547/949/79 2545/947/78
f 2548/948/79 2550/950/80 2549/951/80 2547/949/79
f 2550/950/80 2552/952/81 2551/953/81 2549/951/80
f 2552/952/81 2554/954/82 2553/955/82 2551/953/81
f 2554/954/82 2556/956/83 2555/957/83 2553/955/82
f 2556/956/83 2558/958/84 2557/959/84 2555/957/83
f 2558/958/84 2560/960/85 2559/961/85 2557/959/84
f 2560/960/85 2562/962/86 2561/963/86 2559/961/85
f 2562/962/86 2564/964/87 2563/965/87 2561/963/86
f 2564/964/87 2566/966/88 2565/967/88 2563/965/87
f 2566/966/88 2568/968/89 2567/969/89 2565/967/88
f 2568/968/89 2570/970/90 2569/971/90 2567/969/89
f 2570/970/90 2572/972/91 2571/973/91 2569/971/90
f 2572/972/91 2574/974/92 2573/975/92 2571/973/91
f 2574/974/92 2576/976/93 2575/977/93 2573/975/92
f 2576/976/93 2578/978/94 2577/979/94 2575/977/93
f 2578/978/94 2580/980/95 2579/981/95 2577/979/94
f 2580/980/95 2582/982/96 2581/983/96 2579/981/95
f 2582/982/96 2584/984/97 2583/985/97 2581/983/96
f 2584/984/97 2586/986/98 2585/987/98 2583/985/97
f 2586/986/98 2588/988/99 2587/989/99 2585/987/98
f 2588/988/99 2590/990/100 2589/991/100 2587/989/99
f 2590/990/100 2592/992/101 2591/993/101 2589/991/100
f 2592/992/101 2594/994/102 2593/995/102 2591/993/101
f 2594/994/102 2596/996/103 2595/997/103 2593/995/102
f 2596/996/103 2598/998/104 2597/999/104 2595/997/103
f 2598/998/104 2600/1000/105 2599/1001/105 2597/999/104
f 2600/1000/105 2602/1002/106 2601/1003/106 2599/1001/105
f 2602/1002/106 2604/1004/107 2603/1005/107 2601/1003/106
f 2604/1004/107 2606/1006/108 2605/1007/108 2603/1005/107
f 2606/1006/108 2608/1008/109 2607/1009/109 2605/1007/108
f 2608/1008/109 2610/1010/110 2609/1011/110 2607/1009/109
f 2610/1010/110 2612/1012/111 2611/1013/111 2609/1011/110
f 2612/1012/111 2614/1014/112 2613/1015/112 2611/1013/111
f 2614/1014/112 2616/1016/113 2615/1017/113 2613/1015/112
f 2616/1016/113 2618/1018/114 2617/1019/114 2615/1017/113
f 2618/1018/114 2620/1020/115 2619/1021/115 2617/1019/114
f 2620/1020/115 2622/1022/116 2621/1023/116 2619/1021/115
f 2622/1022/116 2624/1024/117 2623/1025/117 2621/1023/116
f 2624/1024/117 2626/1026/118 2625/1027/118 2623/1025/117
f 2626/1026/118 2628/1028/119 2627/1029/119 2625/1027/118
f 2628/1028/119 2630/1030/120 2629/1031/120 2627/1029/119
f 2630/1030/120 2632/1032/121 2631/1033/121 2629/1031/120
f 2632/1032/121 2634/1034/122 2633/1035/122 2631/1033/121
f 2634/1034/122 2636/1036/123 2635/1037/123 2633/1035/122
f 2636/1036/123 2638/1038/124 2637/1039/124 2635/1037/123
f 2638/1038/124 2396/1040/3 2395/48/3 2637/1039/124
f 2640/798/125 2642/1041/126 2641/1042/126 2639/84/125
f 2642/1041/126 2644/1043/127 2643/1044/127 2641/1042/126
f 2644/1043/127 2646/1045/128 2645/1046/128 2643/1044/127
f 2646/1045/128 2648/1047/129 2647/1048/129 2645/1046/128
f 2648/1047/129 2650/1049/130 2649/1050/130 2647/1048/129
f 2650/1049/130 2652/1051/131 2651/1052/131 2649/1050/130
f 2652/1051/131 2654/1053/132 2653/1054/132 2651/1052/131
f 2654/1053/132 2656/1055/133 2655/1056/133 2653/1054/132
f 2656/1055/133 2658/1057/134 2657/1058/134 2655/1056/133
f 2658/1057/134 2660/1059/135 2659/1060/135 2657/1058/134
f 2660/1059/135 2662/1061/136 2661/1062/136 2659/1060/135
f 2662/1061/136 2664/1063/137 2663/1064/137 2661/1062/136
f 2664/1063/137 2666/1065/138 2665/1066/138 2663/1064/137
f 2666/1065/138 2668/1067/139 2667/1068/139 2665/1066/138
f 2668/1067/139 2670/1069/140 2669/1070/140 2667/1068/139
f 2670/1069/140 2672/1071/141 2671/1072/141 2669/1070/140
f 2672/1071/141 2674/1073/142 2673/1074/142 2671/1072/141
f 2674/1073/142 2676/1075/143 2675/1076/143 2673/1074/142
f 2676/1075/143 2678/1077/144 2677/1078/144 2675/1076/143
f 2678/1077/144 2680/919/145 2679/53/145 2677/1078/144
f 2680/919/145 2682/1079/146 2681/1080/146 2679/53/145
f 2682/1079/146 2684/1081/147 2683/1082/147 2681/1080/146
f 2684/1081/147 2686/1083/148 2685/1084/148 2683/1082/147
f 2686/1083/148 2688/1085/149 2687/1086/149 2685/1084/148
f 2688/1085/149 2690/1087/150 2689/1088/150 2687/1086/149
f 2690/1087/150 2692/1089/151 2691/1090/151 2689/1088/150
f 2692/1089/151 2694/1091/152 2693/1092/152 2691/1090/151
f 2694/1091/152 2696/1093/153 2695/1094/153 2693/1092/152
f 2696/1093/153 2698/1095/154 2697/1096/154 2695/1094/153
f 2698/1095/154 2700/1097/155 2699/1098/155 2697/1096/154
f 2700/1097/155 2702/1099/156 2701/1100/156 2699/1098/155
f 2702/1099/156 2704/1101/157 2703/1102/157 2701/1100/156
f 2704/1101/157 2706/1103/158 2705/1104/158 2703/1102/157
f 2706/1103/158 2708/1105/159 2707/1106/159 2705/1104/158
f 2708/1105/159 2710/1107/160 2709/1108/160 2707/1106/159
f 2710/1107/160 2712/1109/161 2711/1110/161 2709/1108/160
f 2712/1109/161 2714/1111/162 2713/1112/162 2711/1110/161
f 2714/1111/162 2716/1113/163 2715/1114/163 2713/1112/162
f 2716/1113/163 2718/1115/164 2717/1116/164 2715/1114/163
f 2718/1115/164 2640/1040/125 2639/48/125 2717/1116/164
f 2720/798/165 2722/1117/166 2721/1118/166 2719/84/165
f 2722/1117/166 2724/1119/167 2723/1120/167 2721/1118/166
f 2724/1119/167 2726/1121/168 2725/1122/168 2723/1120/167
f 2726/1121/168 2728/1123/169 2727/1124/169 2725/1122/168
f 2728/1123/169 2730/1125/170 2729/1126/170 2727/1124/169
f 2730/1125/170 2732/1127/171 2731/1128/171 2729/1126/170
f 2732/1127/171 2734/1129/172 2733/1130/172 2731/1128/171
f 2734/1129/172 2736/1131/173 2735/1132/173 2733/1130/172
f 2736/1131/173 2738/1133/174 2737/1134/174 2735/1132/173
f 2738/1133/174 2740/1135/175 2739/1136/175 2737/1134/174
f 2740/1135/175 2742/1137/176 2741/1138/176 2739/1136/175
f 2742/1137/176 2744/1139/177 2743/1140/177 2741/1138/176
f 2744/1139/177 2746/1141/178 2745/1142/178 2743/1140/177
f 2746/1141/178 2748/1143/179 2747/1144/179 2745/1142/178
f 2748/1143/179 2750/1145/180 2749/1146/180 2747/1144/179
f 2750/1145/180 2752/1147/181 2751/1148/181 2749/1146/180
f 2752/1147/181 2754/1149/182 2753/1150/182 2751/1148/181
f 2754/1149/182 2756/1151/183 2755/1152/183 2753/1150/182
f 2756/1151/183 2758/919/184 2757/53/184 2755/1152/183
f 2758/919/184 2760/1153/185 2759/1154/185 2757/53/184
f 2760/1153/185 2762/1155/186 2761/1156/186 2759/1154/185
f 2762/1155/186 2764/1157/187 2763/1158/187 2761/1156/186
f 2764/1157/187 2766/1159/188 2765/1160/188 2763/1158/187
f 2766/1159/188 2768/1161/189 2767/1162/189 2765/1160/188
f 2768/1161/189 2770/1163/190 2769/1164/190 2767/1162/189
f 2770/1163/190 2772/1165/191 2771/1166/191 2769/1164/190
f 2772/1165/191 2774/1167/192 2773/1168/192 2771/1166/191
f 2774/1167/192 2776/1169/193 2775/1170/193 2773/1168/192
f 2776/1169/193 2778/1171/194 2777/1172/194 2775/1170/193
f 2778/1171/194 2780/1173/195 2779/1174/195 2777/1172/194
f 2780/1173/195 2782/1175/196 2781/1176/196 2779/1174/195
f 2782/1175/196 2784/1177/197 2783/1178/197 2781/1176/196
f 2784/1177/197 2786/1179/198 2785/1180/198 2783/1178/197
f 2786/1179/198 2788/1181/199 2787/1182/199 2785/1180/198
f 2788/1181/199 2790/1183/200 2789/1184/200 2787/1182/199
f 2790/1183/200 2792/1185/164 2791/1186/164 2789/1184/200
f 2792/1185/164 2794/1187/201 2793/1188/201 2791/1186/164
f 2794/1187/201 2720/1040/165 2719/48/165 2793/1188/201
f 2796/798/202 2798/1189/203 2797/1190/203 2795/84/202
f 2798/1189/203 2800/1191/204 2799/1192/204 2797/1190/203
f 2800/1191/204 2802/1193/205 2801/1194/205 2799/1192/204
f 2802/1193/205 2804/1195/206 2803/1196/206 2801/1194/205
f 2804/1195/206 2806/1197/207 2805/1198/207 2803/1196/206
f 2806/1197/207 2808/1199/208 2807/1200/208 2805/1198/207
f 2808/1199/208 2810/1201/209 2809/1202/209 2807/1200/208
f 2810/1201/209 2812/1203/210 2811/1204/210 2809/1202/209
f 2812/1203/210 2814/1205/211 2813/1206/211 2811/1204/210
f 2814/1205/211 2816/1207/212 2815/1208/212 2813/1206/211
f 2816/1207/212 2818/1209/213 2817/1210/213 2815/1208/212
f 2818/1209/213 2820/1211/214 2819/1212/214 2817/1210/213
f 2820/1211/214 2822/1213/215 2821/1214/215 2819/1212/214
f 2822/1213/215 2824/1215/216 2823/1216/216 2821/1214/215
f 2824/1215/216 2826/1217/217 2825/1218/217 2823/1216/216
f 2826/1217/217 2828/1219/218 2827/1220/218 2825/1218/217
f 2828/1219/218 2830/1221/219 2829/1222/219 2827/1220/218
f 2830/1221/219 2832/1223/220 2831/1224/220 2829/1222/219
f 2832/1223/220 2834/1225/221 2833/1226/221 2831/1224/220
f 2834/1225/221 2836/1227/222 2835/1228/222 2833/1226/221
f 2836/1227/222 2838/1229/223 2837/1230/223 2835/1228/222
f 2838/1229/223 2840/1231/224 2839/1232/224 2837/1230/223
f 2840/1231/224 2842/1233/225 2841/1234/225 2839/1232/224
f 2842/1233/225 2844/1235/226 2843/1236/226 2841/1234/225
f 2844/1235/226 2846/1237/227 2845/1238/227 2843/1236/226
f 2846/1237/227 2848/1239/228 2847/1240/228 2845/1238/227
f 2848/1239/228 2850/1241/229 2849/1242/229 2847/1240/228
f 2850/1241/229 2852/1243/230 2851/1244/230 2849/1242/229
f 2852/1243/230 2854/1245/231 2853/1246/231 2851/1244/230
f 2854/1245/231 2856/1247/232 2855/1248/232 2853/1246/231
f 2856/1247/232 2858/1249/233 2857/1250/233 2855/1248/232
f 2858/1249/233 2860/1251/234 2859/1252/234 2857/1250/233
f 2860/1251/234 2862/1253/150 2861/1254/150 2859/1252/234
f 2862/1253/150 2864/1255/235 2863/1256/235 2861/1254/150
f 2864/1255/235 2866/1257/236 2865/1258/236 2863/1256/235
f 2866/1257/236 2868/1259/237 2867/1260/237 2865/1258/236
f 2868/1259/237 2870/1261/238 2869/1262/238 2867/1260/237
f 2870/1261/238 2872/1263/239 2871/1264/239 2869/1262/238
f 2872/1263/239 2874/1265/240 2873/1266/240 2871/1264/239
f 2874/1265/240 2876/1267/241 2875/1268/241 2873/1266/240
f 2876/1267/241 2878/1269/242 2877/1270/242 2875/1268/241
f 2878/1269/242 2880/1271/243 2879/1272/243 2877/1270/242
f 2880/1271/243 2882/1273/244 2881/1274/244 2879/1272/243
f 2882/1273/244 2884/1275/245 2883/1276/245 2881/1274/244
f 2884/1275/245 2886/1277/246 2885/1278/246 2883/1276/245
f 2886/1277/246 2888/1279/247 2887/1280/247 2885/1278/246
f 2888/1279/247 2890/1281/248 2889/1282/248 2887/1280/247
f 2890/1281/248 2892/1283/249 2891/1284/249 2889/1282/248
f 2892/1283/249 2894/1285/250 2893/1286/250 2891/1284/249
f 2894/1285/250 2896/1287/251 2895/1288/251 2893/1286/250
f 2896/1287/251 2898/1289/252 2897/1290/252 2895/1288/251
f 2898/1289/252 2900/1291/253 2899/1292/253 2897/1290/252
f 2900/1291/253 2902/1293/254 2901/1294/254 2899/1292/253
f 2902/1293/254 2904/1295/255 2903/1296/255 2901/1294/254
f 2904/1295/255 2906/1297/256 2905/1298/256 2903/1296/255
f 2906/1297/256 2908/1299/257 2907/1300/257 2905/1298/256
f 2908/1299/257 2910/1301/258 2909/1302/258 2907/1300/257
f 2910/1301/258 2912/1303/259 2911/1304/259 2909/1302/258
f 2912/1303/259 2914/1305/260 2913/1306/260 2911/1304/259
f 2914/1305/260 2916/1307/261 2915/1308/261 2913/1306/260
f 2916/1307/261 2918/1309/262 2917/1310/262 2915/1308/261
f 2918/1309/262 2920/1311/263 2919/1312/263 2917/1310/262
f 2920/1311/263 2922/1313/264 2921/1314/264 2919/1312/263
f 2922/1313/264 2924/1315/265 2923/1316/265 2921/1314/264
f 2924/1315/265 2926/1317/266 2925/1318/266 2923/1316/265
f 2926/1317/266 2928/1319/267 2927/1320/267 2925/1318/266
f 2928/1319/267 2930/1321/268 2929/1322/268 2927/1320/267
f 2930/1321/268 2932/1323/269 2931/1324/269 2929/1322/268
f 2932/1323/269 2934/1325/270 2933/1326/270 2931/1324/269
f 2934/1325/270 2936/1327/271 2935/1328/271 2933/1326/270
f 2936/1327/271 2938/1329/272 2937/1330/272 2935/1328/271
f 2938/1329/272 2940/1331/273 2939/1332/273 2937/1330/272
f 2940/1331/273 2942/1333/274 2941/1334/274 2939/1332/273
f 2942/1333/274 2944/1335/275 2943/1336/275 2941/1334/274
f 2944/1335/275 2946/1337/276 2945/1338/276 2943/1336/275
f 2946/1337/276 2948/1339/277 2947/1340/277 2945/1338/276
f 2948/1339/277 2950/1341/278 2949/1342/278 2947/1340/277
f 2950/1341/278 2952/1343/279 2951/1344/279 2949/1342/278
f 2952/1343/279 2954/1345/280 2953/1346/280 2951/1344/279
f 2954/1345/280 2956/1347/281 2955/1348/281 2953/1346/280
f 2956/1347/281 2958/1349/282 2957/1350/282 2955/1348/281
f 2958/1349/282 2960/1351/283 2959/1352/283 2957/1350/282
f 2960/1351/283 2962/1353/284 2961/1354/284 2959/1352/283
f 2962/1353/284 2964/1355/285 2963/1356/285 2961/1354/284
f 2964/1355/285 2966/1357/286 2965/1358/286 2963/1356/285
f 2966/1357/286 2968/1359/287 2967/1360/287 2965/1358/286
f 2968/1359/287 2970/1361/288 2969/1362/288 2967/1360/287
f 2970/1361/288 2972/1363/289 2971/1364/289 2969/1362/288
f 2972/1363/289 2974/1365/290 2973/1366/290 2971/1364/289
f 2974/1365/290 2976/1367/291 2975/1368/291 2973/1366/290
f 2976/1367/291 2978/1369/292 2977/1370/292 2975/1368/291
f 2978/1369/292 2980/1371/293 2979/1372/293 2977/1370/292
f 2980/1371/293 2982/1373/294 2981/1374/294 2979/1372/293
f 2982/1373/294 2984/1375/295 2983/1376/295 2981/1374/294
f 2984/1375/295 2986/1377/296 2985/1378/296 2983/1376/295
f 2986/1377/296 2988/1379/297 2987/1380/297 2985/1378/296
f 2988/1379/297 2990/1381/298 2989/1382/298 2987/1380/297
f 2990/1381/298 2992/1383/299 2991/1384/299 2989/1382/298
f 2992/1383/299 2994/1385/300 2993/1386/300 2991/1384/299
f 2994/1385/300 2996/1387/301 2995/1388/301 2993/1386/300
f 2996/1387/301 2998/1389/302 2997/1390/302 2995/1388/301
f 2998/1389/302 3000/1391/303 2999/1392/303 2997/1390/302
f 3000/1391/303 3002/1393/304 3001/1394/304 2999/1392/303
f 3002/1393/304 3004/1395/305 3003/1396/305 3001/1394/304
f 3004/1395/305 3006/1397/306 3005/1398/306 3003/1396/305
f 3006/1397/306 3008/1399/307 3007/1400/307 3005/1398/306
f 3008/1399/307 3010/1401/308 3009/1402/308 3007/1400/307
f 3010/1401/308 3012/1403/309 3011/1404/309 3009/1402/308
f 3012/1403/309 3014/1405/310 3013/1406/310 3011/1404/309
f 3014/1405/310 3016/1407/311 3015/1408/311 3013/1406/310
f 3016/1407/311 3018/1409/312 3017/1410/312 3015/1408/311
f 3018/1409/312 3020/1411/313 3019/1412/313 3017/1410/312
f 3020/1411/313 3022/1413/314 3021/1414/314 3019/1412/313
f 3022/1413/314 3024/1415/315 3023/1416/315 3021/1414/314
f 3024/1415/315 3026/1417/316 3025/1418/316 3023/1416/315
f 3026/1417/316 3028/1419/317 3027/1420/317 3025/1418/316
f 3028/1419/317 3030/1421/318 3029/1422/318 3027/1420/317
f 3030/1421/318 3032/1423/319 3031/1424/319 3029/1422/318
f 3032/1423/319 3034/1425/320 3033/1426/320 3031/1424/319
f 3034/1425/320 3036/1427/321 3035/1428/321 3033/1426/320
f 3036/1427/321 3038/1429/322 3037/1430/322 3035/1428/321
f 3038/1429/322 3040/1431/323 3039/1432/323 3037/1430/322
f 3040/1431/323 3042/1433/324 3041/1434/324 3039/1432/323
f 3042/1433/324 3044/1435/325 3043/1436/325 3041/1434/324
f 3044/1435/325 3046/1437/326 3045/1438/326 3043/1436/325
f 3046/1437/326 3048/1439/327 3047/1440/327 3045/1438/326
f 3048/1439/327 3050/1441/328 3049/1442/328 3047/1440/327
f 3050/1441/328 3052/1443/329 3051/1444/329 3049/1442/328
f 3052/1443/329 3054/1445/330 3053/1446/330 3051/1444/329
f 3054/1445/330 3056/1447/331 3055/1448/331 3053/1446/330
f 3056/1447/331 3058/1449/332 3057/1450/332 3055/1448/331
f 3058/1449/332 3060/1451/333 3059/1452/333 3057/1450/332
f 3060/1451/333 3062/1453/334 3061/1454/334 3059/1452/333
f 3062/1453/334 3064/1455/335 3063/1456/335 3061/1454/334
f 3064/1455/335 3066/1457/336 3065/1458/336 3063/1456/335
f 3066/1457/336 3068/1459/337 3067/1460/337 3065/1458/336
f 3068/1459/337 2796/1040/202 2795/48/202 3067/1460/337
f 3070/798/338 3072/1461/339 3071/1462/339 3069/84/338
f 3072/1461/339 3074/1463/340 3073/1464/340 3071/1462/339
f 3074/1463/340 3076/1465/341 3075/1466/341 3073/1464/340
f 3076/1465/341 3078/1467/342 3077/1468/342 3075/1466/341
f 3078/1467/342 3080/1469/343 3079/1470/343 3077/1468/342
f 3080/1469/343 3082/1471/344 3081/1472/344 3079/1470/343
f 3082/1471/344 3084/1473/345 3083/1474/345 3081/1472/344
f 3084/1473/345 3086/1475/346 3085/1476/346 3083/1474/345
f 3086/1475/346 3088/1477/347 3087/1478/347 3085/1476/346
f 3088/1477/347 3090/1479/348 3089/1480/348 3087/1478/347
f 3090/1479/348 3092/1481/349 3091/1482/349 3089/1480/348
f 3092/1481/349 3094/1483/350 3093/1484/350 3091/1482/349
f 3094/1483/350 3096/1485/351 3095/1486/351 3093/1484/350
f 3096/1485/351 3098/1487/352 3097/1488/352 3095/1486/351
f 3098/1487/352 3100/1489/353 3099/1490/353 3097/1488/352
f 3100/1489/353 3102/1491/354 3101/1492/354 3099/1490/353
f 3102/1491/354 3104/1493/355 3103/1494/355 3101/1492/354
f 3104/1493/355 3106/1495/356 3105/1496/356 3103/1494/355
f 3106/1495/356 3108/1497/357 3107/1498/357 3105/1496/356
f 3108/1497/357 3110/1499/358 3109/1500/358 3107/1498/357
f 3110/1499/358 3112/1501/359 3111/1502/359 3109/1500/358
f 3112/1501/359 3114/1503/360 3113/1504/360 3111/1502/359
f 3114/1503/360 3116/1505/361 3115/1506/361 3113/1504/360
f 3116/1505/361 3118/1507/362 3117/1508/362 3115/1506/361
f 3118/1507/362 3120/1509/363 3119/1510/363 3117/1508/362
f 3120/1509/363 3122/1511/364 3121/1512/364 3119/1510/363
f 3122/1511/364 3124/1513/365 3123/1514/365 3121/1512/364
f 3124/1513/365 3126/1515/366 3125/1516/366 3123/1514/365
f 3126/1515/366 3128/1517/367 3127/1518/367 3125/1516/366
f 3128/1517/367 3130/1519/368 3129/1520/368 3127/1518/367
f 3130/1519/368 3132/1521/369 3131/1522/369 3129/1520/368
f 3132/1521/369 3134/1523/370 3133/1524/370 3131/1522/369
f 3134/1523/370 3136/1525/371 3135/1526/371 3133/1524/370
f 3136/1525/371 3138/1527/372 3137/1528/372 3135/1526/371
f 3138/1527/372 3140/1529/373 3139/1530/373 3137/1528/372
f 3140/1529/373 3142/1531/374 3141/1532/374 3139/1530/373
f 3142/1531/374 3070/1040/338 3069/48/338 3141/1532/374
f 3144/798/375 3146/1533/376 3145/86/376 3143/84/375
f 3146/1533/376 3148/1534/377 3147/87/377 3145/86/376
f 3148/1534/377 3150/1535/378 3149/89/378 3147/87/377
f 3150/1535/378 3152/1536/379 3151/90/379 3149/89/378
f 3152/1536/379 3154/1537/380 3153/92/380 3151/90/379
f 3154/1537/380 3156/1538/381 3155/93/381 3153/92/380
f 3156/1538/381 3158/1539/382 3157/95/382 3155/93/381
f 3158/1539/382 3160/1540/383 3159/96/383 3157/95/382
f 3160/1540/383 3162/1541/384 3161/97/384 3159/96/383
f 3162/1541/384 3164/1542/385 3163/99/385 3161/97/384
f 3164/1542/385 3166/1543/386 3165/98/386 3163/99/385
f 3166/1543/386 3168/1544/387 3167/94/387 3165/98/386
f 3168/1544/387 3170/1545/388 3169/91/388 3167/94/387
f 3170/1545/388 3172/1546/389 3171/88/389 3169/91/388
f 3172/1546/389 3174/1547/390 3173/85/390 3171/88/389
f 3174/1547/390 3176/1548/391 3175/83/391 3173/85/390
f 3176/1548/391 3178/1549/392 3177/75/392 3175/83/391
f 3178/1549/392 3180/1550/393 3179/67/393 3177/75/392
f 3180/1550/393 3182/1551/394 3181/59/394 3179/67/393
f 3182/1551/394 3184/1552/395 3183/57/395 3181/59/394
f 3184/1552/395 3186/1553/396 3185/54/396 3183/57/395
f 3186/1553/396 3188/1554/397 3187/51/397 3185/54/396
f 3188/1554/397 3190/1555/398 3189/49/398 3187/51/397
f 3190/1555/398 3192/1556/399 3191/45/399 3189/49/398
f 3192/1556/399 3194/1557/400 3193/39/400 3191/45/399
f 3194/1557/400 3196/1558/401 3195/33/401 3193/39/400
f 3196/1558/401 3198/1559/402 3197/25/402 3195/33/401
f 3198/1559/402 3200/1560/403 3199/15/403 3197/25/402
f 3200/1560/403 3202/1561/404 3201/13/404 3199/15/403
f 3202/1561/404 3204/1562/405 3203/11/405 3201/13/404
f 3204/1562/405 3206/1563/406 3205/9/406 3203/11/405
f 3206/1563/406 3208/1564/407 3207/7/407 3205/9/406
f 3208/1564/407 3210/1565/408 3209/5/408 3207/7/407
f 3210/1565/408 3212/1566/409 3211/1/409 3209/5/408
f 3212/1566/409 3214/1567/410 3213/3/410 3211/1/409
f 3214/1567/410 3216/1568/411 3215/2/411 3213/3/410
f 3216/1568/411 3218/1569/412 3217/4/412 3215/2/411
f 3218/1569/412 3220/1570/413 3219/6/413 3217/4/412
f 3220/1570/413 3222/1571/414 3221/8/414 3219/6/413
f 3222/1571/414 3224/1572/415 3223/10/415 3221/8/414
f 3224/1572/415 3226/1573/416 3225/12/416 3223/10/415
f 3226/1573/416 3228/1574/417 3227/14/417 3225/12/416
f 3228/1574/417 3230/1575/418 3229/23/418 3227/14/417
f 3230/1575/418 3232/1576/419 3231/34/419 3229/23/418
f 3232/1576/419 3234/1577/420 3233/40/420 3231/34/419
f 3234/1577/420 3236/1578/421 3235/47/421 3233/40/420
f 3236/1578/421 3238/1579/422 3237/50/422 3235/47/421
f 3238/1579/422 3240/1580/423 3239/52/423 3237/50/422
f 3240/1580/423 3242/919/424 3241/53/424 3239/52/423
f 3242/919/424 3244/1581/425 3243/55/425 3241/53/424
f 3244/1581/425 3246/1582/426 3245/56/426 3243/55/425
f 3246/1582/426 3248/1583/427 3247/58/427 3245/56/426
f 3248/1583/427 3250/1584/428 3249/60/428 3247/58/427
f 3250/1584/428 3252/1585/429 3251/64/429 3249/60/428
f 3252/1585/429 3254/1586/430 3253/68/430 3251/64/429
f 3254/1586/430 3256/1587/431 3255/71/431 3253/68/430
f 3256/1587/431 3258/1588/432 3257/73/432 3255/71/431
f 3258/1588/432 3260/1589/433 3259/77/433 3257/73/432
f 3260/1589/433 3262/1590/434 3261/79/434 3259/77/433
f 3262/1590/434 3264/1591/435 3263/82/435 3261/79/434
f 3264/1591/435 3266/1592/436 3265/81/436 3263/82/435
f 3266/1592/436 3268/1593/437 3267/80/437 3265/81/436
f 3268/1593/437 3270/1594/438 3269/78/438 3267/80/437
f 3270/1594/438 3272/1595/439 3271/76/439 3269/78/438
f 3272/1595/439 3274/1596/4 3273/74/4 3271/76/439
f 3274/1596/4 3276/1597/440 3275/72/440 3273/74/4
f 3276/1597/440 3278/1598/441 3277/70/441 3275/72/440
f 3278/1598/441 3280/1599/442 3279/69/442 3277/70/441
f 3280/1599/442 3282/1600/443 3281/66/443 3279/69/442
f 3282/1600/443 3284/1601/444 3283/65/444 3281/66/443
f 3284/1601/444 3286/1602/445 3285/61/445 3283/65/444
f 3286/1602/445 3288/1603/446 3287/63/446 3285/61/445
f 3288/1603/446 3290/1604/447 3289/62/447 3287/63/446
f 3290/1604/447 3292/1605/448 3291/44/448 3289/62/447
f 3292/1605/448 3294/1606/449 3293/42/449 3291/44/448
f 3294/1606/449 3296/1607/450 3295/38/450 3293/42/449
f 3296/1607/450 3298/1608/451 3297/36/451 3295/38/450
f 3298/1608/451 3300/1609/452 3299/32/452 3297/36/451
f 3300/1609/452 3302/1610/453 3301/30/453 3299/32/452
f 3302/1610/453 3304/1611/454 3303/28/454 3301/30/453
f 3304/1611/454 3306/1612/455 3305/26/455 3303/28/454
f 3306/1612/455 3308/1613/456 3307/22/456 3305/26/455
f 3308/1613/456 3310/1614/457 3309/20/457 3307/22/456
f 3310/1614/457 3312/1615/458 3311/18/458 3309/20/457
f 3312/1615/458 3314/1616/459 3313/16/459 3311/18/458
f 3314/1616/459 3316/1617/460 3315/17/460 3313/16/459
f 3316/1617/460 3318/1618/461 3317/19/461 3315/17/460
f 3318/1618/461 3320/1619/462 3319/21/462 3317/19/461
f 3320/1619/462 3322/1620/463 3321/24/463 3319/21/462
f 3322/1620/463 3324/1621/464 3323/27/464 3321/24/463
f 3324/1621/464 3326/1622/465 3325/29/465 3323/27/464
f 3326/1622/465 3328/1623/466 3327/31/466 3325/29/465
f 3328/1623/466 3330/1624/467 3329/35/467 3327/31/466
f 3330/1624/467 3332/1625/468 3331/37/468 3329/35/467
f 3332/1625/468 3334/1626/469 3333/41/469 3331/37/468
f 3334/1626/469 3336/1627/470 3335/43/470 3333/41/469
f 3336/1627/470 3338/1628/471 3337/46/471 3335/43/470
f 3338/1628/471 3144/1040/375 3143/48/375 3337/46/471
f 3340/798/472 3342/1629/473 3341/1630/473 3339/84/472
f 3342/1629/473 3344/1461/474 3343/1462/474 3341/1630/473
f 3344/1461/474 3346/1631/475 3345/1632/475 3343/1462/474
f 3346/1631/475 3348/1463/476 3347/1464/476 3345/1632/475
f 3348/1463/476 3350/1633/477 3349/1634/477 3347/1464/476
f 3350/1633/477 3352/1465/478 3351/1466/478 3349/1634/477
f 3352/1465/478 3354/1635/479 3353/1636/479 3351/1466/478
f 3354/1635/479 3356/1467/480 3355/1468/480 3353/1636/479
f 3356/1467/480 3358/1637/481 3357/1638/481 3355/1468/480
f 3358/1637/481 3360/1469/482 3359/1470/482 3357/1638/481
f 3360/1469/482 3362/1639/483 3361/1640/483 3359/1470/482
f 3362/1639/483 3364/1471/484 3363/1472/484 3361/1640/483
f 3364/1471/484 3366/1641/485 3365/1642/485 3363/1472/484
f 3366/1641/485 3368/1473/486 3367/1474/486 3365/1642/485
f 3368/1473/486 3370/1643/487 3369/1644/487 3367/1474/486
f 3370/1643/487 3372/1475/488 3371/1476/488 3369/1644/487
f 3372/1475/488 3374/1645/489 3373/1646/489 3371/1476/488
f 3374/1645/489 3376/1477/490 3375/1478/490 3373/1646/489
f 3376/1477/490 3378/1647/491 3377/1648/491 3375/1478/490
f 3378/1647/491 3380/1479/492 3379/1480/492 3377/1648/491
f 3380/1479/492 3382/1649/493 3381/1650/493 3379/1480/492
f 3382/1649/493 3384/1481/494 3383/1482/494 3381/1650/493
f 3384/1481/494 3386/1651/495 3385/1652/495 3383/1482/494
f 3386/1651/495 3388/1483/496 3387/1484/496 3385/1652/495
f 3388/1483/496 3390/1653/497 3389/1654/497 3387/1484/496
f 3390/1653/497 3392/1485/498 3391/1486/498 3389/1654/497
f 3392/1485/498 3394/1655/499 3393/1656/499 3391/1486/498
f 3394/1655/499 3396/1487/500 3395/1488/500 3393/1656/499
f 3396/1487/500 3398/1657/501 3397/1658/501 3395/1488/500
f 3398/1657/501 3400/1489/502 3399/1490/502 3397/1658/501
f 3400/1489/502 3402/1659/503 3401/1660/503 3399/1490/502
f 3402/1659/503 3404/1491/504 3403/1492/504 3401/1660/503
f 3404/1491/504 3406/1661/505 3405/1662/505 3403/1492/504
f 3406/1661/505 3408/1493/506 3407/1494/506 3405/1662/505
f 3408/1493/506 3410/1663/507 3409/1664/507 3407/1494/506
f 3410/1663/507 3412/1495/508 3411/1496/508 3409/1664/507
f 3412/1495/508 3414/919/509 3413/53/509 3411/1496/508
f 3414/919/509 3416/1497/510 3415/1498/510 3413/53/509
f 3416/1497/510 3418/1665/511 3417/1666/511 3415/1498/510
f 3418/1665/511 3420/1499/512 3419/1500/512 3417/1666/511
f 3420/1499/512 3422/1667/513 3421/1668/513 3419/1500/512
f 3422/1667/513 3424/1501/514 3423/1502/514 3421/1668/513
f 3424/1501/514 3426/1669/515 3425/1670/515 3423/1502/514
f 3426/1669/515 3428/1503/516 3427/1504/516 3425/1670/515
f 3428/1503/516 3430/1671/517 3429/1672/517 3427/1504/516
f 3430/1671/517 3432/1505/518 3431/1506/518 3429/1672/517
f 3432/1505/518 3434/1673/519 3433/1674/519 3431/1506/518
f 3434/1673/519 3436/1507/520 3435/1508/520 3433/1674/519
f 3436/1507/520 3438/1675/521 3437/1676/521 3435/1508/520
f 3438/1675/521 3440/1509/522 3439/1510/522 3437/1676/521
f 3440/1509/522 3442/1677/523 3441/1678/523 3439/1510/522
f 3442/1677/523 3444/1511/524 3443/1512/524 3441/1678/523
f 3444/1511/524 3446/1679/525 3445/1680/525 3443/1512/524
f 3446/1679/525 3448/1513/526 3447/1514/526 3445/1680/525
f 3448/1513/526 3450/1681/527 3449/1682/527 3447/1514/526
f 3450/1681/527 3452/1515/528 3451/1516/528 3449/1682/527
f 3452/1515/528 3454/1683/529 3453/1684/529 3451/1516/528
f 3454/1683/529 3456/1517/115 3455/1518/115 3453/1684/529
f 3456/1517/115 3458/1685/530 3457/1686/530 3455/1518/115
f 3458/1685/530 3460/1519/531 3459/1520/531 3457/1686/530
f 3460/1519/531 3462/1687/532 3461/1688/532 3459/1520/531
f 3462/1687/532 3464/1521/533 3463/1522/533 3461/1688/532
f 3464/1521/533 3466/1689/534 3465/1690/534 3463/1522/533
f 3466/1689/534 3468/1523/535 3467/1524/535 3465/1690/534
f 3468/1523/535 3470/1691/536 3469/1692/536 3467/1524/535
f 3470/1691/536 3472/1525/537 3471/1526/537 3469/1692/536
f 3472/1525/537 3474/1693/455 3473/1694/455 3471/1526/537
f 3474/1693/455 3476/1527/538 3475/1528/538 3473/1694/455
f 3476/1527/538 3478/1695/539 3477/1696/539 3475/1528/538
f 3478/1695/539 3480/1529/540 3479/1530/540 3477/1696/539
f 3480/1529/540 3482/1697/541 3481/1698/541 3479/1530/540
f 3482/1697/541 3484/1531/69 3483/1532/69 3481/1698/541
f 3484/1531/69 3486/1699/542 3485/1700/542 3483/1532/69
f 3486/1699/542 3340/1040/472 3339/48/472 3485/1700/542
f 3488/798/543 3490/1701/544 3489/1702/544 3487/84/543
f 3490/1701/544 3492/1703/545 3491/1704/545 3489/1702/544
f 3492/1703/545 3494/1705/546 3493/1706/546 3491/1704/545
f 3494/1705/546 3496/1707/547 3495/1708/547 3493/1706/546
f 3496/1707/547 3498/1055/548 3497/1056/548 3495/1708/547
f 3498/1055/548 3500/1709/549 3499/1710/549 3497/1056/548
f 3500/1709/549 3502/1711/550 3501/1712/550 3499/1710/549
f 3502/1711/550 3504/1713/551 3503/1714/551 3501/1712/550
f 3504/1713/551 3506/1715/552 3505/1716/552 3503/1714/551
f 3506/1715/552 3508/1071/553 3507/1072/553 3505/1716/552
f 3508/1071/553 3510/1717/554 3509/1718/554 3507/1072/553
f 3510/1717/554 3512/1719/555 3511/1720/555 3509/1718/554
f 3512/1719/555 3514/1721/556 3513/1722/556 3511/1720/555
f 3514/1721/556 3516/1723/557 3515/1724/557 3513/1722/556
f 3516/1723/557 3518/1085/558 3517/1086/558 3515/1724/557
f 3518/1085/558 3520/1725/559 3519/1726/559 3517/1086/558
f 3520/1725/559 3522/1727/560 3521/1728/560 3519/1726/559
f 3522/1727/560 3524/1729/561 3523/1730/561 3521/1728/560
f 3524/1729/561 3526/1731/562 3525/1732/562 3523/1730/561
f 3526/1731/562 3528/1101/563 3527/1102/563 3525/1732/562
f 3528/1101/563 3530/1733/564 3529/1734/564 3527/1102/563
f 3530/1733/564 3532/1735/565 3531/1736/565 3529/1734/564
f 3532/1735/565 3534/1737/566 3533/1738/566 3531/1736/565
f 3534/1737/566 3536/1739/567 3535/1740/567 3533/1738/566
f 3536/1739/567 3488/1040/543 3487/48/543 3535/1740/567
f 3538/798/568 3540/1741/569 3539/1742/569 3537/84/568
f 3540/1741/569 3542/1743/570 3541/1744/570 3539/1742/569
f 3542/1743/570 3544/1745/571 3543/1746/571 3541/1744/570
f 3544/1745/571 3546/1747/572 3545/1748/572 3543/1746/571
f 3546/1747/572 3548/1749/573 3547/1750/573 3545/1748/572
f 3548/1749/573 3550/1049/574 3549/1050/574 3547/1750/573
f 3550/1049/574 3552/1751/575 3551/1752/575 3549/1050/574
f 3552/1751/575 3554/1753/576 3553/1754/576 3551/1752/575
f 3554/1753/576 3556/1755/577 3555/1756/577 3553/1754/576
f 3556/1755/577 3558/1757/578 3557/1758/578 3555/1756/577
f 3558/1757/578 3560/1759/579 3559/1760/579 3557/1758/578
f 3560/1759/579 3562/1059/580 3561/1060/580 3559/1760/579
f 3562/1059/580 3564/1761/581 3563/1762/581 3561/1060/580
f 3564/1761/581 3566/1763/582 3565/1764/582 3563/1762/581
f 3566/1763/582 3568/1765/583 3567/1766/583 3565/1764/582
f 3568/1765/583 3570/1767/584 3569/1768/584 3567/1766/583
f 3570/1767/584 3572/1769/585 3571/1770/585 3569/1768/584
f 3572/1769/585 3574/1069/586 3573/1070/586 3571/1770/585
f 3574/1069/586 3576/1771/587 3575/1772/587 3573/1070/586
f 3576/1771/587 3578/1773/588 3577/1774/588 3575/1772/587
f 3578/1773/588 3580/1775/589 3579/1776/589 3577/1774/588
f 3580/1775/589 3582/1777/590 3581/1778/590 3579/1776/589
f 3582/1777/590 3584/1779/591 3583/1780/591 3581/1778/590
f 3584/1779/591 3586/919/592 3585/53/592 3583/1780/591
f 3586/919/592 3588/1781/593 3587/1782/593 3585/53/592
f 3588/1781/593 3590/1783/594 3589/1784/594 3587/1782/593
f 3590/1783/594 3592/1785/595 3591/1786/595 3589/1784/594
f 3592/1785/595 3594/1787/596 3593/1788/596 3591/1786/595
f 3594/1787/596 3596/1789/597 3595/1790/597 3593/1788/596
f 3596/1789/597 3598/1087/598 3597/1088/598 3595/1790/597
f 3598/1087/598 3600/1791/599 3599/1792/599 3597/1088/598
f 3600/1791/599 3602/1793/600 3601/1794/600 3599/1792/599
f 3602/1793/600 3604/1795/601 3603/1796/601 3601/1794/600
f 3604/1795/601 3606/1797/602 3605/1798/602 3603/1796/601
f 3606/1797/602 3608/1799/603 3607/1800/603 3605/1798/602
f 3608/1799/603 3610/1097/604 3609/1098/604 3607/1800/603
f 3610/1097/604 3612/1801/605 3611/1802/605 3609/1098/604
f 3612/1801/605 3614/1803/606 3613/1804/606 3611/1802/605
f 3614/1803/606 3616/1805/607 3615/1806/607 3613/1804/606
f 3616/1805/607 3618/1807/608 3617/1808/608 3615/1806/607
f 3618/1807/608 3620/1809/609 3619/1810/609 3617/1808/608
f 3620/1809/609 3622/1107/610 3621/1108/610 3619/1810/609
f 3622/1107/610 3624/1811/611 3623/1812/611 3621/1108/610
f 3624/1811/611 3626/1813/612 3625/1814/612 3623/1812/611
f 3626/1813/612 3628/1815/613 3627/1816/613 3625/1814/612
f 3628/1815/613 3630/1817/614 3629/1818/614 3627/1816/613
f 3630/1817/614 3632/1819/615 3631/1820/615 3629/1818/614
f 3632/1819/615 3538/1040/568 3537/48/568 3631/1820/615
f 3634/798/568 3636/1741/569 3635/1742/569 3633/84/568
f 3636/1741/569 3638/1743/570 3637/1744/570 3635/1742/569
f 3638/1743/570 3640/1745/571 3639/1746/571 3637/1744/570
f 3640/1745/571 3642/1747/572 3641/1748/572 3639/1746/571
f 3642/1747/572 3644/1749/573 3643/1750/573 3641/1748/572
f 3644/1749/573 3646/1049/574 3645/1050/574 3643/1750/573
f 3646/1049/574 3648/1751/575 3647/1752/575 3645/1050/574
f 3648/1751/575 3650/1753/576 3649/1754/576 3647/1752/575
f 3650/1753/576 3652/1755/577 3651/1756/577 3649/1754/576
f 3652/1755/577 3654/1757/578 3653/1758/578 3651/1756/577
f 3654/1757/578 3656/1759/579 3655/1760/579 3653/1758/578
f 3656/1759/579 3658/1059/580 3657/1060/580 3655/1760/579
f 3658/1059/580 3660/1761/581 3659/1762/581 3657/1060/580
f 3660/1761/581 3662/1763/582 3661/1764/582 3659/1762/581
f 3662/1763/582 3664/1765/583 3663/1766/583 3661/1764/582
f 3664/1765/583 3666/1767/584 3665/1768/584 3663/1766/583
f 3666/1767/584 3668/1769/585 3667/1770/585 3665/1768/584
f 3668/1769/585 3670/1069/586 3669/1070/586 3667/1770/585
f 3670/1069/586 3672/1771/587 3671/1772/587 3669/1070/586
f 3672/1771/587 3674/1773/588 3673/1774/588 3671/1772/587
f 3674/1773/588 3676/1775/589 3675/1776/589 3673/1774/588
f 3676/1775/589 3678/1777/590 3677/1778/590 3675/1776/589
f 3678/1777/590 3680/1779/591 3679/1780/591 3677/1778/590
f 3680/1779/591 3682/919/592 3681/53/592 3679/1780/591
f 3682/919/592 3684/1781/593 3683/1782/593 3681/53/592
f 3684/1781/593 3686/1783/594 3685/1784/594 3683/1782/593
f 3686/1783/594 3688/1785/595 3687/1786/595 3685/1784/594
f 3688/1785/595 3690/1787/596 3689/1788/596 3687/1786/595
f 3690/1787/596 3692/1789/597 3691/1790/597 3689/1788/596
f 3692/1789/597 3694/1087/598 3693/1088/598 3691/1790/597
f 3694/1087/598 3696/1791/599 3695/1792/599 3693/1088/598
f 3696/1791/599 3698/1793/600 3697/1794/600 3695/1792/599
f 3698/1793/600 3700/1795/601 3699/1796/601 3697/1794/600
f 3700/1795/601 3702/1797/602 3701/1798/602 3699/1796/601
f 3702/1797/602 3704/1799/603 3703/1800/603 3701/1798/602
f 3704/1799/603 3706/1097/604 3705/1098/604 3703/1800/603
f 3706/1097/604 3708/1801/605 3707/1802/605 3705/1098/604
f 3708/1801/605 3710/1803/606 3709/1804/606 3707/1802/605
f 3710/1803/606 3712/1805/607 3711/1806/607 3709/1804/606
f 3712/1805/607 3714/1807/608 3713/1808/608 3711/1806/607
f 3714/1807/608 3716/1809/609 3715/1810/609 3713/1808/608
f 3716/1809/609 3718/1107/610 3717/1108/610 3715/1810/609
f 3718/1107/610 3720/1811/611 3719/1812/611 3717/1108/610
f 3720/1811/611 3722/1813/612 3721/1814/612 3719/1812/611
f 3722/1813/612 3724/1815/613 3723/1816/613 3721/1814/612
f 3724/1815/613 3726/1817/614 3725/1818/614 3723/1816/613
f 3726/1817/614 3728/1819/615 3727/1820/615 3725/1818/614
f 3728/1819/615 3634/1040/568 3633/48/568 3727/1820/615
f 3730/798/568 3732/1741/569 3731/1742/569 3729/84/568
f 3732/1741/569 3734/1743/570 3733/1744/570 3731/1742/569
f 3734/1743/570 3736/1745/571 3735/1746/571 3733/1744/570
f 3736/1745/571 3738/1747/572 3737/1748/572 3735/1746/571
f 3738/1747/572 3740/1749/573 3739/1750/573 3737/1748/572
f 3740/1749/573 3742/1049/574 3741/1050/574 3739/1750/573
f 3742/1049/574 3744/1751/575 3743/1752/575 3741/1050/574
f 3744/1751/575 3746/1753/576 3745/1754/576 3743/1752/575
f 3746/1753/576 3748/1755/577 3747/1756/577 3745/1754/576
f 3748/1755/577 3750/1757/578 3749/1758/578 3747/1756/577
f 3750/1757/578 3752/1759/579 3751/1760/579 3749/1758/578
f 3752/1759/579 3754/1059/580 3753/1060/580 3751/1760/579
f 3754/1059/580 3756/1761/581 3755/1762/581 3753/1060/580
f 3756/1761/581 3758/1763/582 3757/1764/582 3755/1762/581
f 3758/1763/582 3760/1765/583 3759/1766/583 3757/1764/582
f 3760/1765/583 3762/1767/584 3761/1768/584 3759/1766/583
f 3762/1767/584 3764/1769/585 3763/1770/585 3761/1768/584
f 3764/1769/585 3766/1069/586 3765/1070/586 3763/1770/585
f 3766/1069/586 3768/1771/587 3767/1772/587 3765/1070/586
f 3768/1771/587 3770/1773/588 3769/1774/588 3767/1772/587
f 3770/1773/588 3772/1775/589 3771/1776/589 3769/1774/588
f 3772/1775/589 3774/1777/590 3773/1778/590 3771/1776/589
f 3774/1777/590 3776/1779/591 3775/1780/591 3773/1778/590
f 3776/1779/591 3778/919/592 3777/53/592 3775/1780/591
f 3778/919/592 3780/1781/593 3779/1782/593 3777/53/592
f 3780/1781/593 3782/1783/594 3781/1784/594 3779/1782/593
f 3782/1783/594 3784/1785/595 3783/1786/595 3781/1784/594
f 3784/1785/595 3786/1787/596 3785/1788/596 3783/1786/595
f 3786/1787/596 3788/1789/597 3787/1790/597 3785/1788/596
f 3788/1789/597 3790/1087/598 3789/1088/598 3787/1790/597
f 3790/1087/598 3792/1791/599 3791/1792/599 3789/1088/598
f 3792/1791/599 3794/1793/600 3793/1794/600 3791/1792/599
f 3794/1793/600 3796/1795/601 3795/1796/601 3793/1794/600
f 3796/1795/601 3798/1797/602 3797/1798/602 3795/1796/601
f 3798/1797/602 3800/1799/603 3799/1800/603 3797/1798/602
f 3800/1799/603 3802/1097/604 3801/1098/604 3799/1800/603
f 3802/1097/604 3804/1801/605 3803/1802/605 3801/1098/604
f 3804/1801/605 3806/1803/606 3805/1804/606 3803/1802/605
f 3806/1803/606 3808/1805/607 3807/1806/607 3805/1804/606
f 3808/1805/607 3810/1807/608 3809/1808/608 3807/1806/607
f 3810/1807/608 3812/1809/609 3811/1810/609 3809/1808/608
f 3812/1809/609 3814/1107/610 3813/1108/610 3811/1810/609
f 3814/1107/610 3816/1811/611 3815/1812/611 3813/1108/610
f 3816/1811/611 3818/1813/612 3817/1814/612 3815/1812/611
f 3818/1813/612 3820/1815/613 3819/1816/613 3817/1814/612
f 3820/1815/613 3822/1817/614 3821/1818/614 3819/1816/613
f 3822/1817/614 3824/1819/615 3823/1820/615 3821/1818/614
f 3824/1819/615 3730/1040/568 3729/48/568 3823/1820/615
f 3826/798/616 3828/1821/617 3827/1822/617 3825/84/616
f 3828/1821/617 3830/1823/618 3829/1824/618 3827/1822/617
f 3830/1823/618 3832/1825/619 3831/1826/619 3829/1824/618
f 3832/1825/619 3834/1827/620 3833/1828/620 3831/1826/619
f 3834/1827/620 3836/1829/621 3835/1830/621 3833/1828/620
f 3836/1829/621 3838/1831/622 3837/1832/622 3835/1830/621
f 3838/1831/622 3840/1833/623 3839/1834/623 3837/1832/622
f 3840/1833/623 3842/1835/624 3841/1836/624 3839/1834/623
f 3842/1835/624 3844/1837/625 3843/1838/625 3841/1836/624
f 3844/1837/625 3846/1839/626 3845/1840/626 3843/1838/625
f 3846/1839/626 3848/1841/627 3847/1842/627 3845/1840/626
f 3848/1841/627 3850/1843/628 3849/1844/628 3847/1842/627
f 3850/1843/628 3852/1845/629 3851/1846/629 3849/1844/628
f 3852/1845/629 3854/1847/630 3853/1848/630 3851/1846/629
f 3854/1847/630 3856/1849/631 3855/1850/631 3853/1848/630
f 3856/1849/631 3858/1851/632 3857/1852/632 3855/1850/631
f 3858/1851/632 3860/1753/633 3859/1754/633 3857/1852/632
f 3860/1753/633 3862/1853/634 3861/1854/634 3859/1754/633
f 3862/1853/634 3864/1855/635 3863/1856/635 3861/1854/634
f 3864/1855/635 3866/1857/636 3865/1858/636 3863/1856/635
f 3866/1857/636 3868/1859/637 3867/1860/637 3865/1858/636
f 3868/1859/637 3870/1861/638 3869/1862/638 3867/1860/637
f 3870/1861/638 3872/1863/639 3871/1864/639 3869/1862/638
f 3872/1863/639 3874/1865/640 3873/1866/640 3871/1864/639
f 3874/1865/640 3876/1867/641 3875/1868/641 3873/1866/640
f 3876/1867/641 3878/1869/642 3877/1870/642 3875/1868/641
f 3878/1869/642 3880/1871/643 3879/1872/643 3877/1870/642
f 3880/1871/643 3882/1873/644 3881/1874/644 3879/1872/643
f 3882/1873/644 3884/1875/645 3883/1876/645 3881/1874/644
f 3884/1875/645 3886/1877/646 3885/1878/646 3883/1876/645
f 3886/1877/646 3888/1879/647 3887/1880/647 3885/1878/646
f 3888/1879/647 3890/1881/328 3889/1882/328 3887/1880/647
f 3890/1881/328 3892/1883/648 3891/1884/648 3889/1882/328
f 3892/1883/648 3894/1767/649 3893/1768/649 3891/1884/648
f 3894/1767/649 3896/1885/650 3895/1886/650 3893/1768/649
f 3896/1885/650 3898/1887/651 3897/1888/651 3895/1886/650
f 3898/1887/651 3900/1889/652 3899/1890/652 3897/1888/651
f 3900/1889/652 3902/1891/653 3901/1892/653 3899/1890/652
f 3902/1891/653 3904/1893/654 3903/1894/654 3901/1892/653
f 3904/1893/654 3906/1895/655 3905/1896/655 3903/1894/654
f 3906/1895/655 3908/1897/656 3907/1898/656 3905/1896/655
f 3908/1897/656 3910/1899/657 3909/1900/657 3907/1898/656
f 3910/1899/657 3912/1901/658 3911/1902/658 3909/1900/657
f 3912/1901/658 3914/1903/659 3913/1904/659 3911/1902/658
f 3914/1903/659 3916/1905/660 3915/1906/660 3913/1904/659
f 3916/1905/660 3918/1907/661 3917/1908/661 3915/1906/660
f 3918/1907/661 3920/1909/662 3919/1910/662 3917/1908/661
f 3920/1909/662 3922/1911/663 3921/1912/663 3919/1910/662
f 3922/1911/663 3924/1913/664 3923/1914/664 3921/1912/663
f 3924/1913/664 3926/1915/665 3925/1916/665 3923/1914/664
f 3926/1915/665 3928/919/666 3927/53/666 3925/1916/665
f 3928/919/666 3930/1917/667 3929/1918/667 3927/53/666
f 3930/1917/667 3932/1919/668 3931/1920/668 3929/1918/667
f 3932/1919/668 3934/1921/669 3933/1922/669 3931/1920/668
f 3934/1921/669 3936/1923/670 3935/1924/670 3933/1922/669
f 3936/1923/670 3938/1925/671 3937/1926/671 3935/1924/670
f 3938/1925/671 3940/1927/672 3939/1928/672 3937/1926/671
f 3940/1927/672 3942/1929/673 3941/1930/673 3939/1928/672
f 3942/1929/673 3944/1931/674 3943/1932/674 3941/1930/673
f 3944/1931/674 3946/1933/675 3945/1934/675 3943/1932/674
f 3946/1933/675 3948/1935/676 3947/1936/676 3945/1934/675
f 3948/1935/676 3950/1937/677 3949/1938/677 3947/1936/676
f 3950/1937/677 3952/1939/678 3951/1940/678 3949/1938/677
f 3952/1939/678 3954/1941/679 3953/1942/679 3951/1940/678
f 3954/1941/679 3956/1943/680 3955/1944/680 3953/1942/679
f 3956/1943/680 3958/1945/681 3957/1946/681 3955/1944/680
f 3958/1945/681 3960/1947/682 3959/1948/682 3957/1946/681
f 3960/1947/682 3962/1793/683 3961/1794/683 3959/1948/682
f 3962/1793/683 3964/1949/684 3963/1950/684 3961/1794/683
f 3964/1949/684 3966/1951/685 3965/1952/685 3963/1950/684
f 3966/1951/685 3968/1953/686 3967/1954/686 3965/1952/685
f 3968/1953/686 3970/1955/687 3969/1956/687 3967/1954/686
f 3970/1955/687 3972/1957/688 3971/1958/688 3969/1956/687
f 3972/1957/688 3974/1959/689 3973/1960/689 3971/1958/688
f 3974/1959/689 3976/1961/690 3975/1962/690 3973/1960/689
f 3976/1961/690 3978/1963/691 3977/1964/691 3975/1962/690
f 3978/1963/691 3980/1965/692 3979/1966/692 3977/1964/691
f 3980/1965/692 3982/1967/693 3981/1968/693 3979/1966/692
f 3982/1967/693 3984/1969/694 3983/1970/694 3981/1968/693
f 3984/1969/694 3986/1971/695 3985/1972/695 3983/1970/694
f 3986/1971/695 3988/1973/696 3987/1974/696 3985/1972/695
f 3988/1973/696 3990/1975/697 3989/1976/697 3987/1974/696
f 3990/1975/697 3992/1977/698 3991/1978/698 3989/1976/697
f 3992/1977/698 3994/1979/699 3993/1980/699 3991/1978/698
f 3994/1979/699 3996/1807/700 3995/1808/700 3993/1980/699
f 3996/1807/700 3998/1981/701 3997/1982/701 3995/1808/700
f 3998/1981/701 4000/1983/702 3999/1984/702 3997/1982/701
f 4000/1983/702 4002/1985/703 4001/1986/703 3999/1984/702
f 4002/1985/703 4004/1987/704 4003/1988/704 4001/1986/703
f 4004/1987/704 4006/1989/705 4005/1990/705 4003/1988/704
f 4006/1989/705 4008/1991/706 4007/1992/706 4005/1990/705
f 4008/1991/706 4010/1993/707 4009/1994/707 4007/1992/706
f 4010/1993/707 4012/1995/708 4011/1996/708 4009/1994/707
f 4012/1995/708 4014/1997/709 4013/1998/709 4011/1996/708
f 4014/1997/709 4016/1999/710 4015/2000/710 4013/1998/709
f 4016/1999/710 4018/2001/711 4017/2002/711 4015/2000/710
f 4018/2001/711 4020/2003/125 4019/2004/125 4017/2002/711
f 4020/2003/125 4022/2005/125 4021/2006/125 4019/2004/125
f 4022/2005/125 4024/2007/126 4023/2008/126 4021/2006/125
f 4024/2007/126 4026/2009/712 4025/2010/712 4023/2008/126
f 4026/2009/712 4028/2011/713 4027/2012/713 4025/2010/712
f 4028/2011/713 3826/1040/616 3825/48/616 4027/2012/713
f 4030/798/202 4032/1189/203 4031/1190/203 4029/84/202
f 4032/1189/203 4034/1191/204 4033/1192/204 4031/1190/203
f 4034/1191/204 4036/1193/205 4035/1194/205 4033/1192/204
f 4036/1193/205 4038/1195/206 4037/1196/206 4035/1194/205
f 4038/1195/206 4040/1197/207 4039/1198/207 4037/1196/206
f 4040/1197/207 4042/1199/208 4041/1200/208 4039/1198/207
f 4042/1199/208 4044/1201/209 4043/1202/209 4041/1200/208
f 4044/1201/209 4046/1203/210 4045/1204/210 4043/1202/209
f 4046/1203/210 4048/1205/211 4047/1206/211 4045/1204/210
f 4048/1205/211 4050/1207/212 4049/1208/212 4047/1206/211
f 4050/1207/212 4052/1209/213 4051/1210/213 4049/1208/212
f 4052/1209/213 4054/1211/214 4053/1212/214 4051/1210/213
f 4054/1211/214 4056/1213/215 4055/1214/215 4053/1212/214
f 4056/1213/215 4058/1215/216 4057/1216/216 4055/1214/215
f 4058/1215/216 4060/1217/217 4059/1218/217 4057/1216/216
f 4060/1217/217 4062/1219/218 4061/1220/218 4059/1218/217
f 4062/1219/218 4064/1221/219 4063/1222/219 4061/1220/218
f 4064/1221/219 4066/1223/220 4065/1224/220 4063/1222/219
f 4066/1223/220 4068/1225/221 4067/1226/221 4065/1224/220
f 4068/1225/221 4070/1227/714 4069/1228/714 4067/1226/221
f 4070/1227/714 4072/1229/223 4071/1230/223 4069/1228/714
f 4072/1229/223 4074/1231/715 4073/1232/715 4071/1230/223
f 4074/1231/715 4076/1233/225 4075/1234/225 4073/1232/715
f 4076/1233/225 4078/1235/226 4077/1236/226 4075/1234/225
f 4078/1235/226 4080/1237/227 4079/1238/227 4077/1236/226
f 4080/1237/227 4082/1239/228 4081/1240/228 4079/1238/227
f 4082/1239/228 4084/1241/229 4083/1242/229 4081/1240/228
f 4084/1241/229 4086/1243/230 4085/1244/230 4083/1242/229
f 4086/1243/230 4088/1245/231 4087/1246/231 4085/1244/230
f 4088/1245/231 4090/1247/232 4089/1248/232 4087/1246/231
f 4090/1247/232 4092/1249/233 4091/1250/233 4089/1248/232
f 4092/1249/233 4094/1251/234 4093/1252/234 4091/1250/233
f 4094/1251/234 4096/1253/150 4095/1254/150 4093/1252/234
f 4096/1253/150 4098/1255/235 4097/1256/235 4095/1254/150
f 4098/1255/235 4100/1257/236 4099/1258/236 4097/1256/235
f 4100/1257/236 4102/1259/237 4101/1260/237 4099/1258/236
f 4102/1259/237 4104/1261/238 4103/1262/238 4101/1260/237
f 4104/1261/238 4106/1263/239 4105/1264/239 4103/1262/238
f 4106/1263/239 4108/1265/240 4107/1266/240 4105/1264/239
f 4108/1265/240 4110/1267/241 4109/1268/241 4107/1266/240
f 4110/1267/241 4112/1269/242 4111/1270/242 4109/1268/241
f 4112/1269/242 4114/1271/243 4113/1272/243 4111/1270/242
f 4114/1271/243 4116/1273/244 4115/1274/244 4113/1272/243
f 4116/1273/244 4118/1275/245 4117/1276/245 4115/1274/244
f 4118/1275/245 4120/1277/246 4119/1278/246 4117/1276/245
f 4120/1277/246 4122/1279/716 4121/1280/716 4119/1278/246
f 4122/1279/716 4124/1281/248 4123/1282/248 4121/1280/716
f 4124/1281/248 4126/1283/249 4125/1284/249 4123/1282/248
f 4126/1283/249 4128/1285/250 4127/1286/250 4125/1284/249
f 4128/1285/250 4130/1287/251 4129/1288/251 4127/1286/250
f 4130/1287/251 4132/1289/252 4131/1290/252 4129/1288/251
f 4132/1289/252 4134/1291/253 4133/1292/253 4131/1290/252
f 4134/1291/253 4136/1293/254 4135/1294/254 4133/1292/253
f 4136/1293/254 4138/1295/255 4137/1296/255 4135/1294/254
f 4138/1295/255 4140/1297/256 4139/1298/256 4137/1296/255
f 4140/1297/256 4142/1299/257 4141/1300/257 4139/1298/256
f 4142/1299/257 4144/1301/258 4143/1302/258 4141/1300/257
f 4144/1301/258 4146/1303/259 4145/1304/259 4143/1302/258
f 4146/1303/259 4148/1305/260 4147/1306/260 4145/1304/259
f 4148/1305/260 4150/1307/261 4149/1308/261 4147/1306/260
f 4150/1307/261 4152/1309/262 4151/1310/262 4149/1308/261
f 4152/1309/262 4154/1311/263 4153/1312/263 4151/1310/262
f 4154/1311/263 4156/1313/264 4155/1314/264 4153/1312/263
f 4156/1313/264 4158/1315/265 4157/1316/265 4155/1314/264
f 4158/1315/265 4160/1317/266 4159/1318/266 4157/1316/265
f 4160/1317/266 4162/1319/267 4161/1320/267 4159/1318/266
f 4162/1319/267 4164/1321/268 4163/1322/268 4161/1320/267
f 4164/1321/268 4166/1323/269 4165/1324/269 4163/1322/268
f 4166/1323/269 4168/1325/270 4167/1326/270 4165/1324/269
f 4168/1325/270 4170/1327/271 4169/1328/271 4167/1326/270
f 4170/1327/271 4172/1329/272 4171/1330/272 4169/1328/271
f 4172/1329/272 4174/1331/273 4173/1332/273 4171/1330/272
f 4174/1331/273 4176/1333/274 4175/1334/274 4173/1332/273
f 4176/1333/274 4178/1335/275 4177/1336/275 4175/1334/274
f 4178/1335/275 4180/1337/276 4179/1338/276 4177/1336/275
f 4180/1337/276 4182/1339/277 4181/1340/277 4179/1338/276
f 4182/1339/277 4184/1341/278 4183/1342/278 4181/1340/277
f 4184/1341/278 4186/1343/279 4185/1344/279 4183/1342/278
f 4186/1343/279 4188/1345/280 4187/1346/280 4185/1344/279
f 4188/1345/280 4190/1347/281 4189/1348/281 4187/1346/280
f 4190/1347/281 4192/1349/282 4191/1350/282 4189/1348/281
f 4192/1349/282 4194/1351/283 4193/1352/283 4191/1350/282
f 4194/1351/283 4196/1353/284 4195/1354/284 4193/1352/283
f 4196/1353/284 4198/1355/285 4197/1356/285 4195/1354/284
f 4198/1355/285 4200/1357/286 4199/1358/286 4197/1356/285
f 4200/1357/286 4202/1359/287 4201/1360/287 4199/1358/286
f 4202/1359/287 4204/1361/288 4203/1362/288 4201/1360/287
f 4204/1361/288 4206/1363/289 4205/1364/289 4203/1362/288
f 4206/1363/289 4208/1365/290 4207/1366/290 4205/1364/289
f 4208/1365/290 4210/1367/291 4209/1368/291 4207/1366/290
f 4210/1367/291 4212/1369/292 4211/1370/292 4209/1368/291
f 4212/1369/292 4214/1371/293 4213/1372/293 4211/1370/292
f 4214/1371/293 4216/1373/294 4215/1374/294 4213/1372/293
f 4216/1373/294 4218/1375/295 4217/1376/295 4215/1374/294
f 4218/1375/295 4220/1377/296 4219/1378/296 4217/1376/295
f 4220/1377/296 4222/1379/297 4221/1380/297 4219/1378/296
f 4222/1379/297 4224/1381/298 4223/1382/298 4221/1380/297
f 4224/1381/298 4226/1383/299 4225/1384/299 4223/1382/298
f 4226/1383/299 4228/1385/300 4227/1386/300 4225/1384/299
f 4228/1385/300 4230/1387/301 4229/1388/301 4227/1386/300
f 4230/1387/301 4232/1389/302 4231/1390/302 4229/1388/301
f 4232/1389/302 4234/1391/303 4233/1392/303 4231/1390/302
f 4234/1391/303 4236/1393/304 4235/1394/304 4233/1392/303
f 4236/1393/304 4238/1395/305 4237/1396/305 4235/1394/304
f 4238/1395/305 4240/1397/306 4239/1398/306 4237/1396/305
f 4240/1397/306 4242/1399/307 4241/1400/307 4239/1398/306
f 4242/1399/307 4244/1401/308 4243/1402/308 4241/1400/307
f 4244/1401/308 4246/1403/309 4245/1404/309 4243/1402/308
f 4246/1403/309 4248/1405/310 4247/1406/310 4245/1404/309
f 4248/1405/310 4250/1407/311 4249/1408/311 4247/1406/310
f 4250/1407/311 4252/1409/312 4251/1410/312 4249/1408/311
f 4252/1409/312 4254/1411/313 4253/1412/313 4251/1410/312
f 4254/1411/313 4256/1413/314 4255/1414/314 4253/1412/313
f 4256/1413/314 4258/1415/315 4257/1416/315 4255/1414/314
f 4258/1415/315 4260/1417/316 4259/1418/316 4257/1416/315
f 4260/1417/316 4262/1419/317 4261/1420/317 4259/1418/316
f 4262/1419/317 4264/1421/318 4263/1422/318 4261/1420/317
f 4264/1421/318 4266/1423/717 4265/1424/717 4263/1422/318
f 4266/1423/717 4268/1425/320 4267/1426/320 4265/1424/717
f 4268/1425/320 4270/1427/321 4269/1428/321 4267/1426/320
f 4270/1427/321 4272/1429/322 4271/1430/322 4269/1428/321
f 4272/1429/322 4274/1431/323 4273/1432/323 4271/1430/322
f 4274/1431/323 4276/1433/324 4275/1434/324 4273/1432/323
f 4276/1433/324 4278/1435/325 4277/1436/325 4275/1434/324
f 4278/1435/325 4280/1437/326 4279/1438/326 4277/1436/325
f 4280/1437/326 4282/1439/327 4281/1440/327 4279/1438/326
f 4282/1439/327 4284/1441/328 4283/1442/328 4281/1440/327
f 4284/1441/328 4286/1443/329 4285/1444/329 4283/1442/328
f 4286/1443/329 4288/1445/330 4287/1446/330 4285/1444/329
f 4288/1445/330 4290/1447/331 4289/1448/331 4287/1446/330
f 4290/1447/331 4292/1449/332 4291/1450/332 4289/1448/331
f 4292/1449/332 4294/1451/333 4293/1452/333 4291/1450/332
f 4294/1451/333 4296/1453/334 4295/1454/334 4293/1452/333
f 4296/1453/334 4298/1455/335 4297/1456/335 4295/1454/334
f 4298/1455/335 4300/1457/336 4299/1458/336 4297/1456/335
f 4300/1457/336 4302/1459/337 4301/1460/337 4299/1458/336
f 4302/1459/337 4030/1040/202 4029/48/202 4301/1460/337
f 4304/798/338 4306/1461/339 4305/1462/339 4303/84/338
f 4306/1461/339 4308/1463/340 4307/1464/340 4305/1462/339
f 4308/1463/340 4310/1465/718 4309/1466/718 4307/1464/340
f 4310/1465/718 4312/1467/342 4311/1468/342 4309/1466/718
f 4312/1467/342 4314/1469/343 4313/1470/343 4311/1468/342
f 4314/1469/343 4316/1471/344 4315/1472/344 4313/1470/343
f 4316/1471/344 4318/1473/345 4317/1474/345 4315/1472/344
f 4318/1473/345 4320/1475/346 4319/1476/346 4317/1474/345
f 4320/1475/346 4322/1477/347 4321/1478/347 4319/1476/346
f 4322/1477/347 4324/1479/348 4323/1480/348 4321/1478/347
f 4324/1479/348 4326/1481/349 4325/1482/349 4323/1480/348
f 4326/1481/349 4328/1483/350 4327/1484/350 4325/1482/349
f 4328/1483/350 4330/1485/351 4329/1486/351 4327/1484/350
f 4330/1485/351 4332/1487/352 4331/1488/352 4329/1486/351
f 4332/1487/352 4334/1489/353 4333/1490/353 4331/1488/352
f 4334/1489/353 4336/1491/354 4335/1492/354 4333/1490/353
f 4336/1491/354 4338/1493/355 4337/1494/355 4335/1492/354
f 4338/1493/355 4340/1495/356 4339/1496/356 4337/1494/355
f 4340/1495/356 4342/1497/357 4341/1498/357 4339/1496/356
f 4342/1497/357 4344/1499/358 4343/1500/358 4341/1498/357
f 4344/1499/358 4346/1501/359 4345/1502/359 4343/1500/358
f 4346/1501/359 4348/1503/360 4347/1504/360 4345/1502/359
f 4348/1503/360 4350/1505/361 4349/1506/361 4347/1504/360
f 4350/1505/361 4352/1507/719 4351/1508/719 4349/1506/361
f 4352/1507/719 4354/1509/363 4353/1510/363 4351/1508/719
f 4354/1509/363 4356/1511/364 4355/1512/364 4353/1510/363
f 4356/1511/364 4358/1513/365 4357/1514/365 4355/1512/364
f 4358/1513/365 4360/1515/720 4359/1516/720 4357/1514/365
f 4360/1515/720 4362/1517/367 4361/1518/367 4359/1516/720
f 4362/1517/367 4364/1519/368 4363/1520/368 4361/1518/367
f 4364/1519/368 4366/1521/369 4365/1522/369 4363/1520/368
f 4366/1521/369 4368/1523/370 4367/1524/370 4365/1522/369
f 4368/1523/370 4370/1525/371 4369/1526/371 4367/1524/370
f 4370/1525/371 4372/1527/372 4371/1528/372 4369/1526/371
f 4372/1527/372 4374/1529/373 4373/1530/373 4371/1528/372
f 4374/1529/373 4376/1531/374 4375/1532/374 4373/1530/373
f 4376/1531/374 4304/1040/338 4303/48/338 4375/1532/374
f 4378/798/721 4380/2013/722 4379/2014/722 4377/84/721
f 4380/2013/722 4382/2015/723 4381/2016/723 4379/2014/722
f 4382/2015/723 4384/2017/724 4383/2018/724 4381/2016/723
f 4384/2017/724 4386/2019/725 4385/2020/725 4383/2018/724
f 4386/2019/725 4388/2021/503 4387/2022/503 4385/2020/725
f 4388/2021/503 4390/2023/726 4389/2024/726 4387/2022/503
f 4390/2023/726 4392/2025/727 4391/2026/727 4389/2024/726
f 4392/2025/727 4394/2027/728 4393/2028/728 4391/2026/727
f 4394/2027/728 4396/2029/729 4395/2030/729 4393/2028/728
f 4396/2029/729 4398/2031/730 4397/2032/730 4395/2030/729
f 4398/2031/730 4400/2033/731 4399/2034/731 4397/2032/730
f 4400/2033/731 4402/2035/732 4401/2036/732 4399/2034/731
f 4402/2035/732 4404/2037/733 4403/2038/733 4401/2036/732
f 4404/2037/733 4406/2039/734 4405/2040/734 4403/2038/733
f 4406/2039/734 4408/2041/735 4407/2042/735 4405/2040/734
f 4408/2041/735 4410/2043/736 4409/2044/736 4407/2042/735
f 4410/2043/736 4412/2045/737 4411/2046/737 4409/2044/736
f 4412/2045/737 4414/2047/738 4413/2048/738 4411/2046/737
f 4414/2047/738 4416/2049/739 4415/2050/739 4413/2048/738
f 4416/2049/739 4418/2051/740 4417/2052/740 4415/2050/739
f 4418/2051/740 4420/2053/741 4419/2054/741 4417/2052/740
f 4420/2053/741 4422/2055/742 4421/2056/742 4419/2054/741
f 4422/2055/742 4424/2057/743 4423/2058/743 4421/2056/742
f 4424/2057/743 4426/2059/744 4425/2060/744 4423/2058/743
f 4426/2059/744 4428/2061/745 4427/2062/745 4425/2060/744
f 4428/2061/745 4430/2063/746 4429/2064/746 4427/2062/745
f 4430/2063/746 4432/2065/747 4431/2066/747 4429/2064/746
f 4432/2065/747 4434/2067/748 4433/2068/748 4431/2066/747
f 4434/2067/748 4436/2069/749 4435/2070/749 4433/2068/748
f 4436/2069/749 4438/2071/750 4437/2072/750 4435/2070/749
f 4438/2071/750 4440/2073/751 4439/2074/751 4437/2072/750
f 4440/2073/751 4442/2075/752 4441/2076/752 4439/2074/751
f 4442/2075/752 4444/2077/417 4443/2078/417 4441/2076/752
f 4444/2077/417 4446/2079/753 4445/2080/753 4443/2078/417
f 4446/2079/753 4448/2081/754 4447/2082/754 4445/2080/753
f 4448/2081/754 4450/2083/299 4449/2084/299 4447/2082/754
f 4450/2083/299 4452/2085/755 4451/2086/755 4449/2084/299
f 4452/2085/755 4454/2087/756 4453/2088/756 4451/2086/755
f 4454/2087/756 4456/2089/757 4455/2090/757 4453/2088/756
f 4456/2089/757 4458/2091/758 4457/2092/758 4455/2090/757
f 4458/2091/758 4460/2093/759 4459/2094/759 4457/2092/758
f 4460/2093/759 4462/2095/760 4461/2096/760 4459/2094/759
f 4462/2095/760 4464/2097/761 4463/2098/761 4461/2096/760
f 4464/2097/761 4466/2099/762 4465/2100/762 4463/2098/761
f 4466/2099/762 4468/2101/763 4467/2102/763 4465/2100/762
f 4468/2101/763 4470/2103/764 4469/2104/764 4467/2102/763
f 4470/2103/764 4472/2105/765 4471/2106/765 4469/2104/764
f 4472/2105/765 4474/2107/766 4473/2108/766 4471/2106/765
f 4474/2107/766 4476/2109/164 4475/2110/164 4473/2108/766
f 4476/2109/164 4478/2111/125 4477/2112/125 4475/2110/164
f 4478/2111/125 4480/2113/767 4479/2114/767 4477/2112/125
f 4480/2113/767 4482/2115/768 4481/2116/768 4479/2114/767
f 4482/2115/768 4484/2117/769 4483/2118/769 4481/2116/768
f 4484/2117/769 4486/2119/770 4485/2120/770 4483/2118/769
f 4486/2119/770 4488/2121/771 4487/2122/771 4485/2120/770
f 4488/2121/771 4490/2123/772 4489/2124/772 4487/2122/771
f 4490/2123/772 4492/2125/773 4491/2126/773 4489/2124/772
f 4492/2125/773 4494/2127/774 4493/2128/774 4491/2126/773
f 4494/2127/774 4496/2129/775 4495/2130/775 4493/2128/774
f 4496/2129/775 4498/2131/776 4497/2132/776 4495/2130/775
f 4498/2131/776 4500/2133/777 4499/2134/777 4497/2132/776
f 4500/2133/777 4502/2135/778 4501/2136/778 4499/2134/777
f 4502/2135/778 4504/2137/779 4503/2138/779 4501/2136/778
f 4504/2137/779 4506/2139/780 4505/2140/780 4503/2138/779
f 4506/2139/780 4508/2141/781 4507/2142/781 4505/2140/780
f 4508/2141/781 4510/2143/782 4509/2144/782 4507/2142/781
f 4510/2143/782 4512/2145/783 4511/2146/783 4509/2144/782
f 4512/2145/783 4514/2147/784 4513/2148/784 4511/2146/783
f 4514/2147/784 4516/2149/785 4515/2150/785 4513/2148/784
f 4516/2149/785 4518/2151/786 4517/2152/786 4515/2150/785
f 4518/2151/786 4520/2153/787 4519/2154/787 4517/2152/786
f 4520/2153/787 4522/2155/788 4521/2156/788 4519/2154/787
f 4522/2155/788 4524/2157/789 4523/2158/789 4521/2156/788
f 4524/2157/789 4526/2159/790 4525/2160/790 4523/2158/789
f 4526/2159/790 4528/2161/41 4527/2162/41 4525/2160/790
f 4528/2161/41 4530/2163/164 4529/2164/164 4527/2162/41
f 4530/2163/164 4532/2165/125 4531/2166/125 4529/2164/164
f 4532/2165/125 4534/2167/791 4533/2168/791 4531/2166/125
f 4534/2167/791 4536/2169/263 4535/2170/263 4533/2168/791
f 4536/2169/263 4538/2171/792 4537/2172/792 4535/2170/263
f 4538/2171/792 4540/2173/793 4539/2174/793 4537/2172/792
f 4540/2173/793 4542/2175/794 4541/2176/794 4539/2174/793
f 4542/2175/794 4544/2177/795 4543/2178/795 4541/2176/794
f 4544/2177/795 4546/2179/796 4545/2180/796 4543/2178/795
f 4546/2179/796 4548/2181/797 4547/2182/797 4545/2180/796
f 4548/2181/797 4550/2183/798 4549/2184/798 4547/2182/797
f 4550/2183/798 4552/2185/799 4551/2186/799 4549/2184/798
f 4552/2185/799 4554/2187/800 4553/2188/800 4551/2186/799
f 4554/2187/800 4556/2189/801 4555/2190/801 4553/2188/800
f 4556/2189/801 4558/2191/802 4557/2192/802 4555/2190/801
f 4558/2191/802 4560/2193/803 4559/2194/803 4557/2192/802
f 4560/2193/803 4562/2195/804 4561/2196/804 4559/2194/803
f 4562/2195/804 4564/2197/805 4563/2198/805 4561/2196/804
f 4564/2197/805 4566/2199/806 4565/2200/806 4563/2198/805
f 4566/2199/806 4568/2201/807 4567/2202/807 4565/2200/806
f 4568/2201/807 4570/2203/808 4569/2204/808 4567/2202/807
f 4570/2203/808 4572/2205/809 4571/2206/809 4569/2204/808
f 4572/2205/809 4574/2207/810 4573/2208/810 4571/2206/809
f 4574/2207/810 4576/2209/811 4575/2210/811 4573/2208/810
f 4576/2209/811 4578/2211/812 4577/2212/812 4575/2210/811
f 4578/2211/812 4580/2213/813 4579/2214/813 4577/2212/812
f 4580/2213/813 4582/2215/814 4581/2216/814 4579/2214/813
f 4582/2215/814 4584/2217/164 4583/2218/164 4581/2216/814
f 4584/2217/164 4586/2219/125 4585/2220/125 4583/2218/164
f 4586/2219/125 4588/2221/126 4587/2222/126 4585/2220/125
f 4588/2221/126 4590/2223/712 4589/2224/712 4587/2222/126
f 4590/2223/712 4378/1040/721 4377/48/721 4589/2224/712
f 4592/798/472 4594/1629/473 4593/1630/473 4591/84/472
f 4594/1629/473 4596/1461/474 4595/1462/474 4593/1630/473
f 4596/1461/474 4598/1631/475 4597/1632/475 4595/1462/474
f 4598/1631/475 4600/1463/476 4599/1464/476 4597/1632/475
f 4600/1463/476 4602/1633/477 4601/1634/477 4599/1464/476
f 4602/1633/477 4604/1465/478 4603/1466/478 4601/1634/477
f 4604/1465/478 4606/1635/479 4605/1636/479 4603/1466/478
f 4606/1635/479 4608/1467/480 4607/1468/480 4605/1636/479
f 4608/1467/480 4610/1637/481 4609/1638/481 4607/1468/480
f 4610/1637/481 4612/1469/482 4611/1470/482 4609/1638/481
f 4612/1469/482 4614/1639/483 4613/1640/483 4611/1470/482
f 4614/1639/483 4616/1471/484 4615/1472/484 4613/1640/483
f 4616/1471/484 4618/1641/485 4617/1642/485 4615/1472/484
f 4618/1641/485 4620/1473/486 4619/1474/486 4617/1642/485
f 4620/1473/486 4622/1643/487 4621/1644/487 4619/1474/486
f 4622/1643/487 4624/1475/488 4623/1476/488 4621/1644/487
f 4624/1475/488 4626/1645/489 4625/1646/489 4623/1476/488
f 4626/1645/489 4628/1477/490 4627/1478/490 4625/1646/489
f 4628/1477/490 4630/1647/491 4629/1648/491 4627/1478/490
f 4630/1647/491 4632/1479/492 4631/1480/492 4629/1648/491
f 4632/1479/492 4634/1649/493 4633/1650/493 4631/1480/492
f 4634/1649/493 4636/1481/494 4635/1482/494 4633/1650/493
f 4636/1481/494 4638/1651/495 4637/1652/495 4635/1482/494
f 4638/1651/495 4640/1483/496 4639/1484/496 4637/1652/495
f 4640/1483/496 4642/1653/497 4641/1654/497 4639/1484/496
f 4642/1653/497 4644/1485/498 4643/1486/498 4641/1654/497
f 4644/1485/498 4646/1655/499 4645/1656/499 4643/1486/498
f 4646/1655/499 4648/1487/500 4647/1488/500 4645/1656/499
f 4648/1487/500 4650/1657/501 4649/1658/501 4647/1488/500
f 4650/1657/501 4652/1489/815 4651/1490/815 4649/1658/501
f 4652/1489/815 4654/1659/503 4653/1660/503 4651/1490/815
f 4654/1659/503 4656/1491/504 4655/1492/504 4653/1660/503
f 4656/1491/504 4658/1661/505 4657/1662/505 4655/1492/504
f 4658/1661/505 4660/1493/506 4659/1494/506 4657/1662/505
f 4660/1493/506 4662/1663/507 4661/1664/507 4659/1494/506
f 4662/1663/507 4664/1495/508 4663/1496/508 4661/1664/507
f 4664/1495/508 4666/919/509 4665/53/509 4663/1496/508
f 4666/919/509 4668/1497/510 4667/1498/510 4665/53/509
f 4668/1497/510 4670/1665/511 4669/1666/511 4667/1498/510
f 4670/1665/511 4672/1499/512 4671/1500/512 4669/1666/511
f 4672/1499/512 4674/1667/513 4673/1668/513 4671/1500/512
f 4674/1667/513 4676/1501/514 4675/1502/514 4673/1668/513
f 4676/1501/514 4678/1669/515 4677/1670/515 4675/1502/514
f 4678/1669/515 4680/1503/516 4679/1504/516 4677/1670/515
f 4680/1503/516 4682/1671/517 4681/1672/517 4679/1504/516
f 4682/1671/517 4684/1505/518 4683/1506/518 4681/1672/517
f 4684/1505/518 4686/1673/519 4685/1674/519 4683/1506/518
f 4686/1673/519 4688/1507/520 4687/1508/520 4685/1674/519
f 4688/1507/520 4690/1675/521 4689/1676/521 4687/1508/520
f 4690/1675/521 4692/1509/522 4691/1510/522 4689/1676/521
f 4692/1509/522 4694/1677/523 4693/1678/523 4691/1510/522
f 4694/1677/523 4696/1511/524 4695/1512/524 4693/1678/523
f 4696/1511/524 4698/1679/525 4697/1680/525 4695/1512/524
f 4698/1679/525 4700/1513/526 4699/1514/526 4697/1680/525
f 4700/1513/526 4702/1681/527 4701/1682/527 4699/1514/526
f 4702/1681/527 4704/1515/528 4703/1516/528 4701/1682/527
f 4704/1515/528 4706/1683/529 4705/1684/529 4703/1516/528
f 4706/1683/529 4708/1517/115 4707/1518/115 4705/1684/529
f 4708/1517/115 4710/1685/530 4709/1686/530 4707/1518/115
f 4710/1685/530 4712/1519/531 4711/1520/531 4709/1686/530
f 4712/1519/531 4714/1687/532 4713/1688/532 4711/1520/531
f 4714/1687/532 4716/1521/533 4715/1522/533 4713/1688/532
f 4716/1521/533 4718/1689/534 4717/1690/534 4715/1522/533
f 4718/1689/534 4720/1523/535 4719/1524/535 4717/1690/534
f 4720/1523/535 4722/1691/536 4721/1692/536 4719/1524/535
f 4722/1691/536 4724/1525/537 4723/1526/537 4721/1692/536
f 4724/1525/537 4726/1693/455 4725/1694/455 4723/1526/537
f 4726/1693/455 4728/1527/538 4727/1528/538 4725/1694/455
f 4728/1527/538 4730/1695/539 4729/1696/539 4727/1528/538
f 4730/1695/539 4732/1529/540 4731/1530/540 4729/1696/539
f 4732/1529/540 4734/1697/541 4733/1698/541 4731/1530/540
f 4734/1697/541 4736/1531/69 4735/1532/69 4733/1698/541
f 4736/1531/69 4738/1699/542 4737/1700/542 4735/1532/69
f 4738/1699/542 4592/1040/472 4591/48/472 4737/1700/542
f 4740/798/543 4742/1701/544 4741/1702/544 4739/84/543
f 4742/1701/544 4744/1703/545 4743/1704/545 4741/1702/544
f 4744/1703/545 4746/1705/546 4745/1706/546 4743/1704/545
f 4746/1705/546 4748/1707/547 4747/1708/547 4745/1706/546
f 4748/1707/547 4750/1055/548 4749/1056/548 4747/1708/547
f 4750/1055/548 4752/1709/549 4751/1710/549 4749/1056/548
f 4752/1709/549 4754/1711/550 4753/1712/550 4751/1710/549
f 4754/1711/550 4756/1713/551 4755/1714/551 4753/1712/550
f 4756/1713/551 4758/1715/552 4757/1716/552 4755/1714/551
f 4758/1715/552 4760/1071/553 4759/1072/553 4757/1716/552
f 4760/1071/553 4762/1717/554 4761/1718/554 4759/1072/553
f 4762/1717/554 4764/1719/555 4763/1720/555 4761/1718/554
f 4764/1719/555 4766/1721/556 4765/1722/556 4763/1720/555
f 4766/1721/556 4768/1723/557 4767/1724/557 4765/1722/556
f 4768/1723/557 4770/1085/558 4769/1086/558 4767/1724/557
f 4770/1085/558 4772/1725/559 4771/1726/559 4769/1086/558
f 4772/1725/559 4774/1727/560 4773/1728/560 4771/1726/559
f 4774/1727/560 4776/1729/561 4775/1730/561 4773/1728/560
f 4776/1729/561 4778/1731/562 4777/1732/562 4775/1730/561
f 4778/1731/562 4780/1101/563 4779/1102/563 4777/1732/562
f 4780/1101/563 4782/1733/564 4781/1734/564 4779/1102/563
f 4782/1733/564 4784/1735/565 4783/1736/565 4781/1734/564
f 4784/1735/565 4786/1737/566 4785/1738/566 4783/1736/565
f 4786/1737/566 4788/1739/567 4787/1740/567 4785/1738/566
f 4788/1739/567 4740/1040/543 4739/48/543 4787/1740/567
