# Blender 4.4.1
# www.blender.org
mtllib GameOverFont.mtl
o テキスト.002
v -12.062263 1.772294 -1.183018
v -12.213938 1.753998 -1.183018
v -12.353900 1.723995 -1.183018
v -12.481573 1.682684 -1.183018
v -12.596382 1.630465 -1.183018
v -12.697749 1.567737 -1.183018
v -12.785101 1.494900 -1.183018
v -12.857862 1.412354 -1.183018
v -12.915454 1.320498 -1.183018
v -12.957305 1.219734 -1.183018
v -12.982838 1.110459 -1.183018
v -12.991476 0.993075 -1.183018
v -12.987337 0.913599 -1.183018
v -12.975022 0.837692 -1.183018
v -12.954684 0.765498 -1.183018
v -12.926475 0.697158 -1.183018
v -12.890546 0.632817 -1.183018
v -12.847051 0.572616 -1.183018
v -12.796141 0.516698 -1.183018
v -12.737968 0.465207 -1.183018
v -12.672688 0.418285 -1.183018
v -12.600450 0.376074 -1.183018
v -12.521406 0.338718 -1.183018
v -12.435710 0.306359 -1.183018
v -12.508945 0.262326 -1.183018
v -12.577948 0.214523 -1.183018
v -12.643360 0.162951 -1.183018
v -12.705829 0.107609 -1.183018
v -12.765995 0.048498 -1.183018
v -12.824503 -0.014382 -1.183018
v -12.881994 -0.081032 -1.183018
v -12.939114 -0.151452 -1.183018
v -12.996503 -0.225640 -1.183018
v -13.054808 -0.303598 -1.183018
v -13.114668 -0.385325 -1.183018
v -13.176730 -0.470822 -1.183018
v -13.210975 -0.517240 -1.183018
v -13.243493 -0.560488 -1.183018
v -13.274996 -0.601509 -1.183018
v -13.306193 -0.641244 -1.183018
v -13.337797 -0.680637 -1.183018
v -13.370518 -0.720630 -1.183018
v -13.405066 -0.762165 -1.183018
v -13.442155 -0.806184 -1.183018
v -13.482493 -0.853630 -1.183018
v -13.526793 -0.905445 -1.183018
v -13.575764 -0.962571 -1.183018
v -13.630118 -1.025951 -1.183018
v -13.059728 -1.025951 -1.183018
v -12.620966 -0.450262 -1.183018
v -12.516088 -0.316705 -1.183018
v -12.420182 -0.202852 -1.183018
v -12.332266 -0.107161 -1.183018
v -12.251358 -0.028089 -1.183018
v -12.176476 0.035905 -1.183018
v -12.106640 0.086364 -1.183018
v -12.040865 0.124828 -1.183018
v -11.978170 0.152842 -1.183018
v -11.917575 0.171946 -1.183018
v -11.858098 0.183682 -1.183018
v -11.798756 0.189594 -1.183018
v -11.738567 0.191221 -1.183018
v -11.538686 0.191221 -1.183018
v -11.538686 -1.025951 -1.183018
v -11.060923 -1.025951 -1.183018
v -11.060923 1.778480 -1.183019
v -11.899446 1.778480 -1.183018
v -11.845819 0.553083 -1.183018
v -11.966296 0.557588 -1.183018
v -12.072285 0.570616 -1.183018
v -12.164529 0.591441 -1.183018
v -12.243773 0.619333 -1.183018
v -12.310760 0.653564 -1.183018
v -12.366239 0.693408 -1.183018
v -12.410950 0.738133 -1.183018
v -12.445641 0.787014 -1.183018
v -12.471054 0.839322 -1.183018
v -12.487937 0.894328 -1.183018
v -12.497033 0.951304 -1.183018
v -12.499087 1.009523 -1.183018
v -12.494053 1.073141 -1.183018
v -12.481165 1.132276 -1.183018
v -12.460086 1.186728 -1.183018
v -12.430473 1.236296 -1.183018
v -12.391991 1.280781 -1.183018
v -12.344300 1.319984 -1.183018
v -12.287064 1.353704 -1.183018
v -12.219940 1.381742 -1.183018
v -12.142592 1.403896 -1.183018
v -12.054683 1.419969 -1.183018
v -11.955872 1.429759 -1.183018
v -11.845819 1.433066 -1.183018
v -11.538686 1.433066 -1.183018
v -11.538686 0.553083 -1.183018
v -9.091370 1.416618 -1.183019
v -9.091370 0.569531 -1.183019
v -10.451531 0.569531 -1.183019
v -10.451531 0.207669 -1.183019
v -9.091370 0.207669 -1.183019
v -9.091370 -0.664089 -1.183019
v -10.544159 -0.664089 -1.183018
v -10.544159 -1.025951 -1.183018
v -8.613606 -1.025951 -1.183019
v -8.613606 1.778480 -1.183019
v -10.500283 1.778480 -1.183019
v -10.500283 1.416618 -1.183019
v -6.741556 -1.050624 -1.183019
v -5.303391 1.778480 -1.183019
v -5.781155 1.778480 -1.183019
v -6.780557 -0.191201 -1.183019
v -7.775084 1.778480 -1.183019
v -8.247972 1.778480 -1.183019
v -6.839059 -1.050624 -1.183019
v -3.560467 1.802091 -1.183019
v -3.808238 1.763136 -1.183019
v -4.037152 1.700480 -1.183019
v -4.246211 1.615978 -1.183019
v -4.434413 1.511486 -1.183019
v -4.600763 1.388862 -1.183019
v -4.744261 1.249961 -1.183019
v -4.863908 1.096638 -1.183019
v -4.958705 0.930752 -1.183019
v -5.027654 0.754157 -1.183019
v -5.069755 0.568708 -1.183019
v -5.084011 0.376265 -1.183019
v -5.070122 0.189003 -1.183019
v -5.028963 0.006939 -1.183019
v -4.961295 -0.167814 -1.183019
v -4.867880 -0.333144 -1.183019
v -4.749480 -0.486937 -1.183019
v -4.606857 -0.627080 -1.183019
v -4.440773 -0.751461 -1.183019
v -4.251988 -0.857966 -1.183019
v -4.041265 -0.944481 -1.183019
v -3.809367 -1.008894 -1.183019
v -3.557053 -1.049091 -1.183019
v -3.285087 -1.062960 -1.183019
v -3.021793 -1.049170 -1.183019
v -2.776155 -1.009179 -1.183019
v -2.549170 -0.945059 -1.183019
v -2.341839 -0.858880 -1.183019
v -2.155159 -0.752711 -1.183019
v -1.990130 -0.628623 -1.183019
v -1.847749 -0.488686 -1.183019
v -1.729017 -0.334971 -1.183019
v -1.634930 -0.169549 -1.183019
v -1.566490 0.005512 -1.183019
v -1.524693 0.188140 -1.183019
v -1.510538 0.376265 -1.183019
v -1.525071 0.567845 -1.183019
v -1.567889 0.752728 -1.183019
v -1.637825 0.929017 -1.183019
v -1.733711 1.094810 -1.183019
v -1.854379 1.248211 -1.183019
v -1.998661 1.387320 -1.183019
v -2.165389 1.510237 -1.183019
v -2.353395 1.615063 -1.183019
v -2.561511 1.699901 -1.183019
v -2.788568 1.762850 -1.183019
v -3.033400 1.802012 -1.183019
v -3.294837 1.815489 -1.183019
v -3.477043 -0.683538 -1.183019
v -3.649887 -0.656227 -1.183019
v -3.812135 -0.611982 -1.183019
v -3.962550 -0.551845 -1.183019
v -4.099897 -0.476859 -1.183019
v -4.222940 -0.388066 -1.183019
v -4.330445 -0.286510 -1.183019
v -4.421174 -0.173230 -1.183019
v -4.493891 -0.049270 -1.183019
v -4.547363 0.084327 -1.183019
v -4.580352 0.226519 -1.183019
v -4.591623 0.376265 -1.183019
v -4.580351 0.526874 -1.183019
v -4.547362 0.669631 -1.183019
v -4.493891 0.803535 -1.183019
v -4.421174 0.927587 -1.183019
v -4.330444 1.040787 -1.183019
v -4.222940 1.142138 -1.183019
v -4.099897 1.230638 -1.183019
v -3.962550 1.305288 -1.183019
v -3.812135 1.365089 -1.183019
v -3.649887 1.409041 -1.183019
v -3.477042 1.436146 -1.183019
v -3.294837 1.445403 -1.183019
v -3.113752 1.436146 -1.183019
v -2.941841 1.409041 -1.183019
v -2.780358 1.365089 -1.183019
v -2.630555 1.305288 -1.183019
v -2.493685 1.230638 -1.183019
v -2.371000 1.142138 -1.183019
v -2.263752 1.040787 -1.183019
v -2.173196 0.927587 -1.183019
v -2.100582 0.803535 -1.183019
v -2.047164 0.669631 -1.183019
v -2.014195 0.526874 -1.183019
v -2.002927 0.376265 -1.183019
v -2.014195 0.226519 -1.183019
v -2.047164 0.084327 -1.183019
v -2.100582 -0.049270 -1.183019
v -2.173196 -0.173230 -1.183019
v -2.263752 -0.286510 -1.183019
v -2.371000 -0.388066 -1.183019
v -2.493685 -0.476859 -1.183019
v -2.630555 -0.551845 -1.183019
v -2.780358 -0.611982 -1.183019
v -2.941842 -0.656227 -1.183019
v -3.113752 -0.683538 -1.183019
v -3.294837 -0.692874 -1.183019
v 1.658299 1.416618 -1.183020
v 1.658299 0.569531 -1.183020
v 0.298136 0.569531 -1.183020
v 0.298136 0.207669 -1.183019
v 1.658299 0.207669 -1.183020
v 1.658299 -0.664089 -1.183020
v 0.205509 -0.664089 -1.183019
v 0.205509 -1.025951 -1.183019
v 2.136062 -1.025951 -1.183020
v 2.136062 1.778480 -1.183020
v 0.249385 1.778480 -1.183020
v 0.249385 1.416618 -1.183020
v 3.330470 -1.025951 -1.183020
v 3.330470 1.157557 -1.183020
v 3.340220 1.157557 -1.183020
v 4.363998 0.071971 -1.183020
v 4.442000 0.071971 -1.183020
v 5.465778 1.157557 -1.183020
v 5.475529 1.157557 -1.183020
v 5.475529 -1.025951 -1.183020
v 5.953292 -1.025951 -1.183020
v 5.953292 1.778480 -1.183020
v 5.504779 1.778480 -1.183020
v 4.402999 0.627100 -1.183020
v 3.296344 1.778480 -1.183020
v 2.852707 1.778480 -1.183020
v 2.852707 -1.025951 -1.183020
v 6.796690 -1.025951 -1.183020
v 7.240326 -0.199426 -1.183020
v 8.654116 -0.199426 -1.183020
v 9.073377 -1.025951 -1.183020
v 9.560890 -1.025951 -1.183020
v 8.132477 1.794929 -1.183020
v 7.796092 1.794929 -1.183020
v 6.309176 -1.025951 -1.183020
v 7.435332 0.162437 -1.183020
v 7.971597 1.178118 -1.183020
v 8.468861 0.162437 -1.183020
v 9.996815 -0.871768 -1.183020
v 10.103295 -0.906853 -1.183020
v 10.207607 -0.938056 -1.183020
v 10.310397 -0.965488 -1.183020
v 10.412307 -0.989266 -1.183020
v 10.513979 -1.009503 -1.183020
v 10.616058 -1.026313 -1.183020
v 10.719186 -1.039811 -1.183020
v 10.824007 -1.050110 -1.183020
v 10.931164 -1.057325 -1.183020
v 11.041300 -1.061570 -1.183020
v 11.155058 -1.062960 -1.183020
v 11.403917 -1.050672 -1.183020
v 11.639931 -1.014682 -1.183020
v 11.861419 -0.956304 -1.183020
v 12.066709 -0.876851 -1.183020
v 12.254123 -0.777638 -1.183020
v 12.421985 -0.659977 -1.183020
v 12.568620 -0.525183 -1.183020
v 12.692351 -0.374569 -1.183021
v 12.791505 -0.209449 -1.183021
v 12.864403 -0.031136 -1.183021
v 12.909371 0.159058 -1.183021
v 12.924732 0.359816 -1.183021
v 12.908991 0.562085 -1.183021
v 12.862982 0.754631 -1.183021
v 12.788534 0.935955 -1.183021
v 12.687477 1.104557 -1.183021
v 12.561638 1.258938 -1.183021
v 12.412845 1.397599 -1.183021
v 12.242926 1.519041 -1.183021
v 12.053709 1.621764 -1.183021
v 11.847024 1.704270 -1.183021
v 11.624697 1.765059 -1.183021
v 11.388557 1.802631 -1.183020
v 11.140432 1.815489 -1.183020
v 11.045155 1.814330 -1.183020
v 10.953484 1.810673 -1.183020
v 10.864149 1.804245 -1.183020
v 10.775880 1.794777 -1.183020
v 10.687408 1.781995 -1.183020
v 10.597465 1.765630 -1.183020
v 10.504777 1.745410 -1.183020
v 10.408079 1.721064 -1.183020
v 10.306099 1.692319 -1.183020
v 10.197569 1.658906 -1.183020
v 10.081217 1.620553 -1.183020
v 9.955775 1.576989 -1.183020
v 9.955775 1.169894 -1.183020
v 10.053572 1.213323 -1.183020
v 10.151910 1.253126 -1.183020
v 10.250722 1.289273 -1.183020
v 10.349939 1.321736 -1.183020
v 10.449496 1.350487 -1.183020
v 10.549323 1.375497 -1.183020
v 10.649354 1.396738 -1.183020
v 10.749519 1.414181 -1.183020
v 10.849753 1.427798 -1.183020
v 10.949987 1.437559 -1.183020
v 11.050153 1.443437 -1.183020
v 11.150184 1.445403 -1.183020
v 11.326979 1.435909 -1.183020
v 11.495684 1.408167 -1.183020
v 11.654910 1.363291 -1.183020
v 11.803269 1.302395 -1.183021
v 11.939372 1.226593 -1.183021
v 12.061832 1.136998 -1.183021
v 12.169260 1.034725 -1.183021
v 12.260269 0.920886 -1.183021
v 12.333469 0.796595 -1.183021
v 12.387474 0.662967 -1.183021
v 12.420895 0.521115 -1.183021
v 12.432343 0.372152 -1.183021
v 12.420952 0.219896 -1.183021
v 12.387520 0.076235 -1.183021
v 12.333165 -0.057945 -1.183020
v 12.259006 -0.181759 -1.183020
v 12.166158 -0.294322 -1.183020
v 12.055739 -0.394749 -1.183020
v 11.928867 -0.482154 -1.183020
v 11.786659 -0.555653 -1.183020
v 11.630232 -0.614359 -1.183020
v 11.460703 -0.657388 -1.183020
v 11.279188 -0.683855 -1.183020
v 11.086806 -0.692874 -1.183020
v 11.022707 -0.691868 -1.183020
v 10.959556 -0.688934 -1.183020
v 10.897285 -0.684200 -1.183020
v 10.835828 -0.677796 -1.183020
v 10.775114 -0.669851 -1.183020
v 10.715077 -0.660491 -1.183020
v 10.655650 -0.649848 -1.183020
v 10.596765 -0.638046 -1.183020
v 10.538353 -0.625217 -1.183020
v 10.480349 -0.611489 -1.183020
v 10.422683 -0.596990 -1.183020
v 10.365287 -0.581848 -1.183020
v 10.365287 -0.006158 -1.183020
v 11.003930 -0.006158 -1.183020
v 11.003930 0.355704 -1.183020
v 9.887524 0.355704 -1.183020
v 9.887524 -0.832684 -1.183020
v -12.062263 1.772294 -0.405085
v -12.213938 1.753998 -0.405085
v -12.353900 1.723995 -0.405085
v -12.481573 1.682684 -0.405085
v -12.596382 1.630465 -0.405085
v -12.697749 1.567737 -0.405085
v -12.785101 1.494900 -0.405085
v -12.857862 1.412354 -0.405085
v -12.915454 1.320498 -0.405085
v -12.957305 1.219734 -0.405085
v -12.982838 1.110459 -0.405085
v -12.991476 0.993075 -0.405085
v -12.987337 0.913599 -0.405085
v -12.975022 0.837692 -0.405085
v -12.954684 0.765498 -0.405085
v -12.926475 0.697158 -0.405085
v -12.890546 0.632817 -0.405085
v -12.847051 0.572616 -0.405085
v -12.796141 0.516698 -0.405085
v -12.737968 0.465207 -0.405085
v -12.672688 0.418285 -0.405085
v -12.600450 0.376074 -0.405085
v -12.521406 0.338718 -0.405085
v -12.435710 0.306359 -0.405085
v -12.508945 0.262326 -0.405085
v -12.577948 0.214523 -0.405085
v -12.643360 0.162951 -0.405085
v -12.705829 0.107609 -0.405085
v -12.765995 0.048498 -0.405085
v -12.824503 -0.014382 -0.405085
v -12.881994 -0.081032 -0.405085
v -12.939114 -0.151452 -0.405085
v -12.996503 -0.225640 -0.405085
v -13.054808 -0.303598 -0.405085
v -13.114668 -0.385325 -0.405085
v -13.176730 -0.470822 -0.405085
v -13.210975 -0.517240 -0.405085
v -13.243493 -0.560488 -0.405085
v -13.274996 -0.601509 -0.405085
v -13.306193 -0.641244 -0.405085
v -13.337797 -0.680637 -0.405085
v -13.370518 -0.720630 -0.405085
v -13.405066 -0.762165 -0.405085
v -13.442155 -0.806184 -0.405085
v -13.482493 -0.853630 -0.405085
v -13.526793 -0.905445 -0.405085
v -13.575764 -0.962571 -0.405085
v -13.630118 -1.025951 -0.405085
v -13.059728 -1.025951 -0.405085
v -12.620966 -0.450262 -0.405085
v -12.516088 -0.316705 -0.405085
v -12.420182 -0.202852 -0.405085
v -12.332266 -0.107161 -0.405085
v -12.251358 -0.028089 -0.405085
v -12.176476 0.035905 -0.405085
v -12.106640 0.086364 -0.405085
v -12.040865 0.124828 -0.405085
v -11.978170 0.152842 -0.405085
v -11.917575 0.171946 -0.405085
v -11.858098 0.183682 -0.405085
v -11.798756 0.189594 -0.405085
v -11.738567 0.191221 -0.405085
v -11.538686 0.191221 -0.405085
v -11.538686 -1.025951 -0.405085
v -11.060923 -1.025951 -0.405085
v -11.060923 1.778480 -0.405085
v -11.899446 1.778480 -0.405085
v -11.845819 0.553083 -0.405085
v -11.966296 0.557588 -0.405085
v -12.072285 0.570616 -0.405085
v -12.164529 0.591441 -0.405085
v -12.243773 0.619333 -0.405085
v -12.310760 0.653564 -0.405085
v -12.366239 0.693408 -0.405085
v -12.410950 0.738133 -0.405085
v -12.445641 0.787014 -0.405085
v -12.471054 0.839322 -0.405085
v -12.487937 0.894328 -0.405085
v -12.497033 0.951304 -0.405085
v -12.499087 1.009523 -0.405085
v -12.494053 1.073141 -0.405085
v -12.481165 1.132276 -0.405085
v -12.460086 1.186728 -0.405085
v -12.430473 1.236296 -0.405085
v -12.391991 1.280781 -0.405085
v -12.344300 1.319984 -0.405085
v -12.287064 1.353704 -0.405085
v -12.219940 1.381742 -0.405085
v -12.142592 1.403896 -0.405085
v -12.054683 1.419969 -0.405085
v -11.955872 1.429759 -0.405085
v -11.845819 1.433066 -0.405085
v -11.538686 1.433066 -0.405085
v -11.538686 0.553083 -0.405085
v -9.091370 1.416618 -0.405086
v -9.091370 0.569531 -0.405086
v -10.451531 0.569531 -0.405085
v -10.451531 0.207669 -0.405085
v -9.091370 0.207669 -0.405086
v -9.091370 -0.664089 -0.405086
v -10.544159 -0.664089 -0.405085
v -10.544159 -1.025951 -0.405085
v -8.613606 -1.025951 -0.405086
v -8.613606 1.778480 -0.405086
v -10.500283 1.778480 -0.405086
v -10.500283 1.416618 -0.405086
v -6.741556 -1.050624 -0.405086
v -5.303391 1.778480 -0.405086
v -5.781155 1.778480 -0.405086
v -6.780557 -0.191201 -0.405086
v -7.775084 1.778480 -0.405086
v -8.247972 1.778480 -0.405086
v -6.839059 -1.050624 -0.405086
v -3.560467 1.802091 -0.405086
v -3.808238 1.763136 -0.405086
v -4.037152 1.700480 -0.405086
v -4.246211 1.615978 -0.405086
v -4.434413 1.511486 -0.405086
v -4.600763 1.388862 -0.405086
v -4.744261 1.249961 -0.405086
v -4.863908 1.096638 -0.405086
v -4.958705 0.930752 -0.405086
v -5.027654 0.754157 -0.405086
v -5.069755 0.568708 -0.405086
v -5.084011 0.376265 -0.405086
v -5.070122 0.189003 -0.405086
v -5.028963 0.006939 -0.405086
v -4.961295 -0.167814 -0.405086
v -4.867880 -0.333144 -0.405086
v -4.749480 -0.486937 -0.405086
v -4.606857 -0.627080 -0.405086
v -4.440773 -0.751461 -0.405086
v -4.251988 -0.857966 -0.405086
v -4.041265 -0.944481 -0.405086
v -3.809367 -1.008894 -0.405086
v -3.557053 -1.049091 -0.405086
v -3.285087 -1.062960 -0.405086
v -3.021793 -1.049170 -0.405086
v -2.776155 -1.009179 -0.405086
v -2.549170 -0.945059 -0.405086
v -2.341839 -0.858880 -0.405086
v -2.155159 -0.752711 -0.405086
v -1.990130 -0.628623 -0.405086
v -1.847749 -0.488686 -0.405086
v -1.729017 -0.334971 -0.405086
v -1.634930 -0.169549 -0.405086
v -1.566490 0.005512 -0.405086
v -1.524693 0.188140 -0.405086
v -1.510538 0.376265 -0.405086
v -1.525071 0.567845 -0.405086
v -1.567889 0.752728 -0.405086
v -1.637825 0.929017 -0.405086
v -1.733711 1.094810 -0.405086
v -1.854379 1.248211 -0.405086
v -1.998661 1.387320 -0.405086
v -2.165389 1.510237 -0.405086
v -2.353395 1.615063 -0.405086
v -2.561511 1.699901 -0.405086
v -2.788568 1.762850 -0.405086
v -3.033400 1.802012 -0.405086
v -3.294837 1.815489 -0.405086
v -3.477043 -0.683538 -0.405086
v -3.649887 -0.656227 -0.405086
v -3.812135 -0.611982 -0.405086
v -3.962550 -0.551845 -0.405086
v -4.099897 -0.476859 -0.405086
v -4.222940 -0.388066 -0.405086
v -4.330445 -0.286510 -0.405086
v -4.421174 -0.173230 -0.405086
v -4.493891 -0.049270 -0.405086
v -4.547363 0.084327 -0.405086
v -4.580352 0.226519 -0.405086
v -4.591623 0.376265 -0.405086
v -4.580351 0.526874 -0.405086
v -4.547362 0.669631 -0.405086
v -4.493891 0.803535 -0.405086
v -4.421174 0.927587 -0.405086
v -4.330444 1.040787 -0.405086
v -4.222940 1.142138 -0.405086
v -4.099897 1.230638 -0.405086
v -3.962550 1.305288 -0.405086
v -3.812135 1.365089 -0.405086
v -3.649887 1.409041 -0.405086
v -3.477042 1.436146 -0.405086
v -3.294837 1.445403 -0.405086
v -3.113752 1.436146 -0.405086
v -2.941841 1.409041 -0.405086
v -2.780358 1.365089 -0.405086
v -2.630555 1.305288 -0.405086
v -2.493685 1.230638 -0.405086
v -2.371000 1.142138 -0.405086
v -2.263752 1.040787 -0.405086
v -2.173196 0.927587 -0.405086
v -2.100582 0.803535 -0.405086
v -2.047164 0.669631 -0.405086
v -2.014195 0.526874 -0.405086
v -2.002927 0.376265 -0.405086
v -2.014195 0.226519 -0.405086
v -2.047164 0.084327 -0.405086
v -2.100582 -0.049270 -0.405086
v -2.173196 -0.173230 -0.405086
v -2.263752 -0.286510 -0.405086
v -2.371000 -0.388066 -0.405086
v -2.493685 -0.476859 -0.405086
v -2.630555 -0.551845 -0.405086
v -2.780358 -0.611982 -0.405086
v -2.941842 -0.656227 -0.405086
v -3.113752 -0.683538 -0.405086
v -3.294837 -0.692874 -0.405086
v 1.658299 1.416618 -0.405087
v 1.658299 0.569531 -0.405087
v 0.298137 0.569531 -0.405086
v 0.298137 0.207669 -0.405086
v 1.658299 0.207669 -0.405087
v 1.658299 -0.664089 -0.405086
v 0.205509 -0.664089 -0.405086
v 0.205509 -1.025951 -0.405086
v 2.136062 -1.025951 -0.405087
v 2.136062 1.778480 -0.405087
v 0.249385 1.778480 -0.405086
v 0.249385 1.416618 -0.405086
v 3.330470 -1.025951 -0.405087
v 3.330470 1.157557 -0.405087
v 3.340220 1.157557 -0.405087
v 4.363998 0.071971 -0.405087
v 4.442000 0.071971 -0.405087
v 5.465778 1.157557 -0.405087
v 5.475529 1.157557 -0.405087
v 5.475529 -1.025951 -0.405087
v 5.953292 -1.025951 -0.405087
v 5.953292 1.778480 -0.405087
v 5.504779 1.778480 -0.405087
v 4.402999 0.627100 -0.405087
v 3.296344 1.778480 -0.405087
v 2.852707 1.778480 -0.405087
v 2.852707 -1.025951 -0.405087
v 6.796690 -1.025951 -0.405087
v 7.240326 -0.199426 -0.405087
v 8.654116 -0.199426 -0.405087
v 9.073377 -1.025951 -0.405087
v 9.560890 -1.025951 -0.405087
v 8.132477 1.794929 -0.405087
v 7.796092 1.794929 -0.405087
v 6.309176 -1.025951 -0.405087
v 7.435332 0.162437 -0.405087
v 7.971597 1.178118 -0.405087
v 8.468861 0.162437 -0.405087
v 9.996815 -0.871768 -0.405087
v 10.103295 -0.906853 -0.405087
v 10.207607 -0.938056 -0.405087
v 10.310397 -0.965488 -0.405087
v 10.412307 -0.989266 -0.405087
v 10.513979 -1.009503 -0.405087
v 10.616058 -1.026313 -0.405087
v 10.719186 -1.039811 -0.405087
v 10.824007 -1.050110 -0.405087
v 10.931164 -1.057325 -0.405087
v 11.041300 -1.061570 -0.405087
v 11.155058 -1.062960 -0.405087
v 11.403917 -1.050672 -0.405087
v 11.639931 -1.014682 -0.405087
v 11.861419 -0.956304 -0.405087
v 12.066709 -0.876851 -0.405087
v 12.254123 -0.777638 -0.405087
v 12.421985 -0.659977 -0.405087
v 12.568620 -0.525183 -0.405087
v 12.692351 -0.374569 -0.405087
v 12.791505 -0.209449 -0.405087
v 12.864403 -0.031136 -0.405088
v 12.909371 0.159058 -0.405088
v 12.924732 0.359816 -0.405088
v 12.908991 0.562085 -0.405088
v 12.862982 0.754631 -0.405088
v 12.788534 0.935955 -0.405088
v 12.687477 1.104557 -0.405088
v 12.561638 1.258938 -0.405088
v 12.412845 1.397599 -0.405088
v 12.242926 1.519041 -0.405088
v 12.053709 1.621764 -0.405088
v 11.847024 1.704270 -0.405087
v 11.624697 1.765059 -0.405087
v 11.388557 1.802631 -0.405087
v 11.140432 1.815489 -0.405087
v 11.045155 1.814330 -0.405087
v 10.953484 1.810673 -0.405087
v 10.864149 1.804245 -0.405087
v 10.775880 1.794777 -0.405087
v 10.687408 1.781995 -0.405087
v 10.597465 1.765630 -0.405087
v 10.504777 1.745410 -0.405087
v 10.408079 1.721064 -0.405087
v 10.306099 1.692319 -0.405087
v 10.197569 1.658906 -0.405087
v 10.081217 1.620553 -0.405087
v 9.955775 1.576989 -0.405087
v 9.955775 1.169894 -0.405087
v 10.053572 1.213323 -0.405087
v 10.151910 1.253126 -0.405087
v 10.250722 1.289273 -0.405087
v 10.349939 1.321736 -0.405087
v 10.449496 1.350487 -0.405087
v 10.549323 1.375497 -0.405087
v 10.649354 1.396738 -0.405087
v 10.749519 1.414181 -0.405087
v 10.849753 1.427798 -0.405087
v 10.949987 1.437559 -0.405087
v 11.050153 1.443437 -0.405087
v 11.150184 1.445403 -0.405087
v 11.326979 1.435909 -0.405087
v 11.495684 1.408167 -0.405087
v 11.654910 1.363291 -0.405087
v 11.803269 1.302395 -0.405087
v 11.939372 1.226593 -0.405087
v 12.061832 1.136998 -0.405087
v 12.169260 1.034725 -0.405087
v 12.260269 0.920886 -0.405088
v 12.333469 0.796595 -0.405088
v 12.387474 0.662967 -0.405088
v 12.420895 0.521115 -0.405087
v 12.432343 0.372152 -0.405087
v 12.420952 0.219896 -0.405087
v 12.387520 0.076235 -0.405087
v 12.333165 -0.057945 -0.405087
v 12.259006 -0.181759 -0.405087
v 12.166158 -0.294322 -0.405087
v 12.055739 -0.394749 -0.405087
v 11.928867 -0.482154 -0.405087
v 11.786659 -0.555653 -0.405087
v 11.630232 -0.614359 -0.405087
v 11.460703 -0.657388 -0.405087
v 11.279188 -0.683855 -0.405087
v 11.086806 -0.692874 -0.405087
v 11.022707 -0.691868 -0.405087
v 10.959556 -0.688934 -0.405087
v 10.897285 -0.684200 -0.405087
v 10.835828 -0.677796 -0.405087
v 10.775114 -0.669851 -0.405087
v 10.715077 -0.660491 -0.405087
v 10.655650 -0.649848 -0.405087
v 10.596765 -0.638046 -0.405087
v 10.538353 -0.625217 -0.405087
v 10.480349 -0.611489 -0.405087
v 10.422683 -0.596990 -0.405087
v 10.365287 -0.581848 -0.405087
v 10.365287 -0.006158 -0.405087
v 11.003930 -0.006158 -0.405087
v 11.003930 0.355704 -0.405087
v 9.887524 0.355704 -0.405087
v 9.887524 -0.832684 -0.405087
v 9.996815 -0.871768 -0.405087
v 9.996815 -0.871768 -1.183020
v 10.103295 -0.906853 -0.405087
v 10.103295 -0.906853 -1.183020
v 10.207607 -0.938056 -0.405087
v 10.207607 -0.938056 -1.183020
v 10.310397 -0.965488 -0.405087
v 10.310397 -0.965488 -1.183020
v 10.412307 -0.989266 -0.405087
v 10.412307 -0.989266 -1.183020
v 10.513979 -1.009503 -0.405087
v 10.513979 -1.009503 -1.183020
v 10.616058 -1.026313 -0.405087
v 10.616058 -1.026313 -1.183020
v 10.719186 -1.039811 -0.405087
v 10.719186 -1.039811 -1.183020
v 10.824007 -1.050110 -0.405087
v 10.824007 -1.050110 -1.183020
v 10.931164 -1.057325 -0.405087
v 10.931164 -1.057325 -1.183020
v 11.041300 -1.061570 -0.405087
v 11.041300 -1.061570 -1.183020
v 11.155058 -1.062960 -0.405087
v 11.155058 -1.062960 -1.183020
v 11.403917 -1.050672 -0.405087
v 11.403917 -1.050672 -1.183020
v 11.639931 -1.014682 -0.405087
v 11.639931 -1.014682 -1.183020
v 11.861419 -0.956304 -0.405087
v 11.861419 -0.956304 -1.183020
v 12.066709 -0.876851 -0.405087
v 12.066709 -0.876851 -1.183020
v 12.254123 -0.777638 -0.405087
v 12.254123 -0.777638 -1.183020
v 12.421985 -0.659977 -0.405087
v 12.421985 -0.659977 -1.183020
v 12.568620 -0.525183 -0.405087
v 12.568620 -0.525183 -1.183020
v 12.692351 -0.374569 -0.405087
v 12.692351 -0.374569 -1.183021
v 12.791505 -0.209449 -0.405087
v 12.791505 -0.209449 -1.183021
v 12.864403 -0.031136 -0.405088
v 12.864403 -0.031136 -1.183021
v 12.909371 0.159058 -0.405088
v 12.909371 0.159058 -1.183021
v 12.924732 0.359816 -0.405088
v 12.924732 0.359816 -1.183021
v 12.908991 0.562085 -0.405088
v 12.908991 0.562085 -1.183021
v 12.862982 0.754631 -0.405088
v 12.862982 0.754631 -1.183021
v 12.788534 0.935955 -0.405088
v 12.788534 0.935955 -1.183021
v 12.687477 1.104557 -0.405088
v 12.687477 1.104557 -1.183021
v 12.561638 1.258938 -0.405088
v 12.561638 1.258938 -1.183021
v 12.412845 1.397599 -0.405088
v 12.412845 1.397599 -1.183021
v 12.242926 1.519041 -0.405088
v 12.242926 1.519041 -1.183021
v 12.053709 1.621764 -0.405088
v 12.053709 1.621764 -1.183021
v 11.847024 1.704270 -0.405087
v 11.847024 1.704270 -1.183021
v 11.624697 1.765059 -0.405087
v 11.624697 1.765059 -1.183021
v 11.388557 1.802631 -0.405087
v 11.388557 1.802631 -1.183020
v 11.140432 1.815489 -0.405087
v 11.140432 1.815489 -1.183020
v 11.045155 1.814330 -0.405087
v 11.045155 1.814330 -1.183020
v 10.953484 1.810673 -0.405087
v 10.953484 1.810673 -1.183020
v 10.864149 1.804245 -0.405087
v 10.864149 1.804245 -1.183020
v 10.775880 1.794777 -0.405087
v 10.775880 1.794777 -1.183020
v 10.687408 1.781995 -0.405087
v 10.687408 1.781995 -1.183020
v 10.597465 1.765630 -0.405087
v 10.597465 1.765630 -1.183020
v 10.504777 1.745410 -0.405087
v 10.504777 1.745410 -1.183020
v 10.408079 1.721064 -0.405087
v 10.408079 1.721064 -1.183020
v 10.306099 1.692319 -0.405087
v 10.306099 1.692319 -1.183020
v 10.197569 1.658906 -0.405087
v 10.197569 1.658906 -1.183020
v 10.081217 1.620553 -0.405087
v 10.081217 1.620553 -1.183020
v 9.955775 1.576989 -0.405087
v 9.955775 1.576989 -1.183020
v 9.955775 1.169894 -0.405087
v 9.955775 1.169894 -1.183020
v 10.053572 1.213323 -0.405087
v 10.053572 1.213323 -1.183020
v 10.151910 1.253126 -0.405087
v 10.151910 1.253126 -1.183020
v 10.250722 1.289273 -0.405087
v 10.250722 1.289273 -1.183020
v 10.349939 1.321736 -0.405087
v 10.349939 1.321736 -1.183020
v 10.449496 1.350487 -0.405087
v 10.449496 1.350487 -1.183020
v 10.549323 1.375497 -0.405087
v 10.549323 1.375497 -1.183020
v 10.649354 1.396738 -0.405087
v 10.649354 1.396738 -1.183020
v 10.749519 1.414181 -0.405087
v 10.749519 1.414181 -1.183020
v 10.849753 1.427798 -0.405087
v 10.849753 1.427798 -1.183020
v 10.949987 1.437559 -0.405087
v 10.949987 1.437559 -1.183020
v 11.050153 1.443437 -0.405087
v 11.050153 1.443437 -1.183020
v 11.150184 1.445403 -0.405087
v 11.150184 1.445403 -1.183020
v 11.326979 1.435909 -0.405087
v 11.326979 1.435909 -1.183020
v 11.495684 1.408167 -0.405087
v 11.495684 1.408167 -1.183020
v 11.654910 1.363291 -0.405087
v 11.654910 1.363291 -1.183020
v 11.803269 1.302395 -0.405087
v 11.803269 1.302395 -1.183021
v 11.939372 1.226593 -0.405087
v 11.939372 1.226593 -1.183021
v 12.061832 1.136998 -0.405087
v 12.061832 1.136998 -1.183021
v 12.169260 1.034725 -0.405087
v 12.169260 1.034725 -1.183021
v 12.260269 0.920886 -0.405088
v 12.260269 0.920886 -1.183021
v 12.333469 0.796595 -0.405088
v 12.333469 0.796595 -1.183021
v 12.387474 0.662967 -0.405088
v 12.387474 0.662967 -1.183021
v 12.420895 0.521115 -0.405087
v 12.420895 0.521115 -1.183021
v 12.432343 0.372152 -0.405087
v 12.432343 0.372152 -1.183021
v 12.420952 0.219896 -0.405087
v 12.420952 0.219896 -1.183021
v 12.387520 0.076235 -0.405087
v 12.387520 0.076235 -1.183021
v 12.333165 -0.057945 -0.405087
v 12.333165 -0.057945 -1.183020
v 12.259006 -0.181759 -0.405087
v 12.259006 -0.181759 -1.183020
v 12.166158 -0.294322 -0.405087
v 12.166158 -0.294322 -1.183020
v 12.055739 -0.394749 -0.405087
v 12.055739 -0.394749 -1.183020
v 11.928867 -0.482154 -0.405087
v 11.928867 -0.482154 -1.183020
v 11.786659 -0.555653 -0.405087
v 11.786659 -0.555653 -1.183020
v 11.630232 -0.614359 -0.405087
v 11.630232 -0.614359 -1.183020
v 11.460703 -0.657388 -0.405087
v 11.460703 -0.657388 -1.183020
v 11.279188 -0.683855 -0.405087
v 11.279188 -0.683855 -1.183020
v 11.086806 -0.692874 -0.405087
v 11.086806 -0.692874 -1.183020
v 11.022707 -0.691868 -0.405087
v 11.022707 -0.691868 -1.183020
v 10.959556 -0.688934 -0.405087
v 10.959556 -0.688934 -1.183020
v 10.897285 -0.684200 -0.405087
v 10.897285 -0.684200 -1.183020
v 10.835828 -0.677796 -0.405087
v 10.835828 -0.677796 -1.183020
v 10.775114 -0.669851 -0.405087
v 10.775114 -0.669851 -1.183020
v 10.715077 -0.660491 -0.405087
v 10.715077 -0.660491 -1.183020
v 10.655650 -0.649848 -0.405087
v 10.655650 -0.649848 -1.183020
v 10.596765 -0.638046 -0.405087
v 10.596765 -0.638046 -1.183020
v 10.538353 -0.625217 -0.405087
v 10.538353 -0.625217 -1.183020
v 10.480349 -0.611489 -0.405087
v 10.480349 -0.611489 -1.183020
v 10.422683 -0.596990 -0.405087
v 10.422683 -0.596990 -1.183020
v 10.365287 -0.581848 -0.405087
v 10.365287 -0.581848 -1.183020
v 10.365287 -0.006158 -0.405087
v 10.365287 -0.006158 -1.183020
v 11.003930 -0.006158 -0.405087
v 11.003930 -0.006158 -1.183020
v 11.003930 0.355704 -0.405087
v 11.003930 0.355704 -1.183020
v 9.887524 0.355704 -0.405087
v 9.887524 0.355704 -1.183020
v 9.887524 -0.832684 -0.405087
v 9.887524 -0.832684 -1.183020
v 6.796690 -1.025951 -0.405087
v 6.796690 -1.025951 -1.183020
v 7.240326 -0.199426 -0.405087
v 7.240326 -0.199426 -1.183020
v 8.654116 -0.199426 -0.405087
v 8.654116 -0.199426 -1.183020
v 9.073377 -1.025951 -0.405087
v 9.073377 -1.025951 -1.183020
v 9.560890 -1.025951 -0.405087
v 9.560890 -1.025951 -1.183020
v 8.132477 1.794929 -0.405087
v 8.132477 1.794929 -1.183020
v 7.796092 1.794929 -0.405087
v 7.796092 1.794929 -1.183020
v 6.309176 -1.025951 -0.405087
v 6.309176 -1.025951 -1.183020
v 7.435332 0.162437 -0.405087
v 7.435332 0.162437 -1.183020
v 7.971597 1.178118 -0.405087
v 7.971597 1.178118 -1.183020
v 8.468861 0.162437 -0.405087
v 8.468861 0.162437 -1.183020
v 3.330470 -1.025951 -0.405087
v 3.330470 -1.025951 -1.183020
v 3.330470 1.157557 -0.405087
v 3.330470 1.157557 -1.183020
v 3.340220 1.157557 -0.405087
v 3.340220 1.157557 -1.183020
v 4.363998 0.071971 -0.405087
v 4.363998 0.071971 -1.183020
v 4.442000 0.071971 -0.405087
v 4.442000 0.071971 -1.183020
v 5.465778 1.157557 -0.405087
v 5.465778 1.157557 -1.183020
v 5.475529 1.157557 -0.405087
v 5.475529 1.157557 -1.183020
v 5.475529 -1.025951 -0.405087
v 5.475529 -1.025951 -1.183020
v 5.953292 -1.025951 -0.405087
v 5.953292 -1.025951 -1.183020
v 5.953292 1.778480 -0.405087
v 5.953292 1.778480 -1.183020
v 5.504779 1.778480 -0.405087
v 5.504779 1.778480 -1.183020
v 4.402999 0.627100 -0.405087
v 4.402999 0.627100 -1.183020
v 3.296344 1.778480 -0.405087
v 3.296344 1.778480 -1.183020
v 2.852707 1.778480 -0.405087
v 2.852707 1.778480 -1.183020
v 2.852707 -1.025951 -0.405087
v 2.852707 -1.025951 -1.183020
v 1.658299 1.416618 -0.405087
v 1.658299 1.416618 -1.183020
v 1.658299 0.569531 -0.405087
v 1.658299 0.569531 -1.183020
v 0.298137 0.569531 -0.405086
v 0.298136 0.569531 -1.183020
v 0.298137 0.207669 -0.405086
v 0.298136 0.207669 -1.183019
v 1.658299 0.207669 -0.405087
v 1.658299 0.207669 -1.183020
v 1.658299 -0.664089 -0.405086
v 1.658299 -0.664089 -1.183020
v 0.205509 -0.664089 -0.405086
v 0.205509 -0.664089 -1.183019
v 0.205509 -1.025951 -0.405086
v 0.205509 -1.025951 -1.183019
v 2.136062 -1.025951 -0.405087
v 2.136062 -1.025951 -1.183020
v 2.136062 1.778480 -0.405087
v 2.136062 1.778480 -1.183020
v 0.249385 1.778480 -0.405086
v 0.249385 1.778480 -1.183020
v 0.249385 1.416618 -0.405086
v 0.249385 1.416618 -1.183020
v -3.560467 1.802091 -0.405086
v -3.560467 1.802091 -1.183019
v -3.808238 1.763136 -0.405086
v -3.808238 1.763136 -1.183019
v -4.037152 1.700480 -0.405086
v -4.037152 1.700480 -1.183019
v -4.246211 1.615978 -0.405086
v -4.246211 1.615978 -1.183019
v -4.434413 1.511486 -0.405086
v -4.434413 1.511486 -1.183019
v -4.600763 1.388862 -0.405086
v -4.600763 1.388862 -1.183019
v -4.744261 1.249961 -0.405086
v -4.744261 1.249961 -1.183019
v -4.863908 1.096638 -0.405086
v -4.863908 1.096638 -1.183019
v -4.958705 0.930752 -0.405086
v -4.958705 0.930752 -1.183019
v -5.027654 0.754157 -0.405086
v -5.027654 0.754157 -1.183019
v -5.069755 0.568708 -0.405086
v -5.069755 0.568708 -1.183019
v -5.084011 0.376265 -0.405086
v -5.084011 0.376265 -1.183019
v -5.070122 0.189003 -0.405086
v -5.070122 0.189003 -1.183019
v -5.028963 0.006939 -0.405086
v -5.028963 0.006939 -1.183019
v -4.961295 -0.167814 -0.405086
v -4.961295 -0.167814 -1.183019
v -4.867880 -0.333144 -0.405086
v -4.867880 -0.333144 -1.183019
v -4.749480 -0.486937 -0.405086
v -4.749480 -0.486937 -1.183019
v -4.606857 -0.627080 -0.405086
v -4.606857 -0.627080 -1.183019
v -4.440773 -0.751461 -0.405086
v -4.440773 -0.751461 -1.183019
v -4.251988 -0.857966 -0.405086
v -4.251988 -0.857966 -1.183019
v -4.041265 -0.944481 -0.405086
v -4.041265 -0.944481 -1.183019
v -3.809367 -1.008894 -0.405086
v -3.809367 -1.008894 -1.183019
v -3.557053 -1.049091 -0.405086
v -3.557053 -1.049091 -1.183019
v -3.285087 -1.062960 -0.405086
v -3.285087 -1.062960 -1.183019
v -3.021793 -1.049170 -0.405086
v -3.021793 -1.049170 -1.183019
v -2.776155 -1.009179 -0.405086
v -2.776155 -1.009179 -1.183019
v -2.549170 -0.945059 -0.405086
v -2.549170 -0.945059 -1.183019
v -2.341839 -0.858880 -0.405086
v -2.341839 -0.858880 -1.183019
v -2.155159 -0.752711 -0.405086
v -2.155159 -0.752711 -1.183019
v -1.990130 -0.628623 -0.405086
v -1.990130 -0.628623 -1.183019
v -1.847749 -0.488686 -0.405086
v -1.847749 -0.488686 -1.183019
v -1.729017 -0.334971 -0.405086
v -1.729017 -0.334971 -1.183019
v -1.634930 -0.169549 -0.405086
v -1.634930 -0.169549 -1.183019
v -1.566490 0.005512 -0.405086
v -1.566490 0.005512 -1.183019
v -1.524693 0.188140 -0.405086
v -1.524693 0.188140 -1.183019
v -1.510538 0.376265 -0.405086
v -1.510538 0.376265 -1.183019
v -1.525071 0.567845 -0.405086
v -1.525071 0.567845 -1.183019
v -1.567889 0.752728 -0.405086
v -1.567889 0.752728 -1.183019
v -1.637825 0.929017 -0.405086
v -1.637825 0.929017 -1.183019
v -1.733711 1.094810 -0.405086
v -1.733711 1.094810 -1.183019
v -1.854379 1.248211 -0.405086
v -1.854379 1.248211 -1.183019
v -1.998661 1.387320 -0.405086
v -1.998661 1.387320 -1.183019
v -2.165389 1.510237 -0.405086
v -2.165389 1.510237 -1.183019
v -2.353395 1.615063 -0.405086
v -2.353395 1.615063 -1.183019
v -2.561511 1.699901 -0.405086
v -2.561511 1.699901 -1.183019
v -2.788568 1.762850 -0.405086
v -2.788568 1.762850 -1.183019
v -3.033400 1.802012 -0.405086
v -3.033400 1.802012 -1.183019
v -3.294837 1.815489 -0.405086
v -3.294837 1.815489 -1.183019
v -3.477043 -0.683538 -0.405086
v -3.477043 -0.683538 -1.183019
v -3.649887 -0.656227 -0.405086
v -3.649887 -0.656227 -1.183019
v -3.812135 -0.611982 -0.405086
v -3.812135 -0.611982 -1.183019
v -3.962550 -0.551845 -0.405086
v -3.962550 -0.551845 -1.183019
v -4.099897 -0.476859 -0.405086
v -4.099897 -0.476859 -1.183019
v -4.222940 -0.388066 -0.405086
v -4.222940 -0.388066 -1.183019
v -4.330445 -0.286510 -0.405086
v -4.330445 -0.286510 -1.183019
v -4.421174 -0.173230 -0.405086
v -4.421174 -0.173230 -1.183019
v -4.493891 -0.049270 -0.405086
v -4.493891 -0.049270 -1.183019
v -4.547363 0.084327 -0.405086
v -4.547363 0.084327 -1.183019
v -4.580352 0.226519 -0.405086
v -4.580352 0.226519 -1.183019
v -4.591623 0.376265 -0.405086
v -4.591623 0.376265 -1.183019
v -4.580351 0.526874 -0.405086
v -4.580351 0.526874 -1.183019
v -4.547362 0.669631 -0.405086
v -4.547362 0.669631 -1.183019
v -4.493891 0.803535 -0.405086
v -4.493891 0.803535 -1.183019
v -4.421174 0.927587 -0.405086
v -4.421174 0.927587 -1.183019
v -4.330444 1.040787 -0.405086
v -4.330444 1.040787 -1.183019
v -4.222940 1.142138 -0.405086
v -4.222940 1.142138 -1.183019
v -4.099897 1.230638 -0.405086
v -4.099897 1.230638 -1.183019
v -3.962550 1.305288 -0.405086
v -3.962550 1.305288 -1.183019
v -3.812135 1.365089 -0.405086
v -3.812135 1.365089 -1.183019
v -3.649887 1.409041 -0.405086
v -3.649887 1.409041 -1.183019
v -3.477042 1.436146 -0.405086
v -3.477042 1.436146 -1.183019
v -3.294837 1.445403 -0.405086
v -3.294837 1.445403 -1.183019
v -3.113752 1.436146 -0.405086
v -3.113752 1.436146 -1.183019
v -2.941841 1.409041 -0.405086
v -2.941841 1.409041 -1.183019
v -2.780358 1.365089 -0.405086
v -2.780358 1.365089 -1.183019
v -2.630555 1.305288 -0.405086
v -2.630555 1.305288 -1.183019
v -2.493685 1.230638 -0.405086
v -2.493685 1.230638 -1.183019
v -2.371000 1.142138 -0.405086
v -2.371000 1.142138 -1.183019
v -2.263752 1.040787 -0.405086
v -2.263752 1.040787 -1.183019
v -2.173196 0.927587 -0.405086
v -2.173196 0.927587 -1.183019
v -2.100582 0.803535 -0.405086
v -2.100582 0.803535 -1.183019
v -2.047164 0.669631 -0.405086
v -2.047164 0.669631 -1.183019
v -2.014195 0.526874 -0.405086
v -2.014195 0.526874 -1.183019
v -2.002927 0.376265 -0.405086
v -2.002927 0.376265 -1.183019
v -2.014195 0.226519 -0.405086
v -2.014195 0.226519 -1.183019
v -2.047164 0.084327 -0.405086
v -2.047164 0.084327 -1.183019
v -2.100582 -0.049270 -0.405086
v -2.100582 -0.049270 -1.183019
v -2.173196 -0.173230 -0.405086
v -2.173196 -0.173230 -1.183019
v -2.263752 -0.286510 -0.405086
v -2.263752 -0.286510 -1.183019
v -2.371000 -0.388066 -0.405086
v -2.371000 -0.388066 -1.183019
v -2.493685 -0.476859 -0.405086
v -2.493685 -0.476859 -1.183019
v -2.630555 -0.551845 -0.405086
v -2.630555 -0.551845 -1.183019
v -2.780358 -0.611982 -0.405086
v -2.780358 -0.611982 -1.183019
v -2.941842 -0.656227 -0.405086
v -2.941842 -0.656227 -1.183019
v -3.113752 -0.683538 -0.405086
v -3.113752 -0.683538 -1.183019
v -3.294837 -0.692874 -0.405086
v -3.294837 -0.692874 -1.183019
v -6.741556 -1.050624 -0.405086
v -6.741556 -1.050624 -1.183019
v -5.303391 1.778480 -0.405086
v -5.303391 1.778480 -1.183019
v -5.781155 1.778480 -0.405086
v -5.781155 1.778480 -1.183019
v -6.780557 -0.191201 -0.405086
v -6.780557 -0.191201 -1.183019
v -7.775084 1.778480 -0.405086
v -7.775084 1.778480 -1.183019
v -8.247972 1.778480 -0.405086
v -8.247972 1.778480 -1.183019
v -6.839059 -1.050624 -0.405086
v -6.839059 -1.050624 -1.183019
v -9.091370 1.416618 -0.405086
v -9.091370 1.416618 -1.183019
v -9.091370 0.569531 -0.405086
v -9.091370 0.569531 -1.183019
v -10.451531 0.569531 -0.405085
v -10.451531 0.569531 -1.183019
v -10.451531 0.207669 -0.405085
v -10.451531 0.207669 -1.183019
v -9.091370 0.207669 -0.405086
v -9.091370 0.207669 -1.183019
v -9.091370 -0.664089 -0.405086
v -9.091370 -0.664089 -1.183019
v -10.544159 -0.664089 -0.405085
v -10.544159 -0.664089 -1.183018
v -10.544159 -1.025951 -0.405085
v -10.544159 -1.025951 -1.183018
v -8.613606 -1.025951 -0.405086
v -8.613606 -1.025951 -1.183019
v -8.613606 1.778480 -0.405086
v -8.613606 1.778480 -1.183019
v -10.500283 1.778480 -0.405086
v -10.500283 1.778480 -1.183019
v -10.500283 1.416618 -0.405086
v -10.500283 1.416618 -1.183019
v -12.062263 1.772294 -0.405085
v -12.062263 1.772294 -1.183018
v -12.213938 1.753998 -0.405085
v -12.213938 1.753998 -1.183018
v -12.353900 1.723995 -0.405085
v -12.353900 1.723995 -1.183018
v -12.481573 1.682684 -0.405085
v -12.481573 1.682684 -1.183018
v -12.596382 1.630465 -0.405085
v -12.596382 1.630465 -1.183018
v -12.697749 1.567737 -0.405085
v -12.697749 1.567737 -1.183018
v -12.785101 1.494900 -0.405085
v -12.785101 1.494900 -1.183018
v -12.857862 1.412354 -0.405085
v -12.857862 1.412354 -1.183018
v -12.915454 1.320498 -0.405085
v -12.915454 1.320498 -1.183018
v -12.957305 1.219734 -0.405085
v -12.957305 1.219734 -1.183018
v -12.982838 1.110459 -0.405085
v -12.982838 1.110459 -1.183018
v -12.991476 0.993075 -0.405085
v -12.991476 0.993075 -1.183018
v -12.987337 0.913599 -0.405085
v -12.987337 0.913599 -1.183018
v -12.975022 0.837692 -0.405085
v -12.975022 0.837692 -1.183018
v -12.954684 0.765498 -0.405085
v -12.954684 0.765498 -1.183018
v -12.926475 0.697158 -0.405085
v -12.926475 0.697158 -1.183018
v -12.890546 0.632817 -0.405085
v -12.890546 0.632817 -1.183018
v -12.847051 0.572616 -0.405085
v -12.847051 0.572616 -1.183018
v -12.796141 0.516698 -0.405085
v -12.796141 0.516698 -1.183018
v -12.737968 0.465207 -0.405085
v -12.737968 0.465207 -1.183018
v -12.672688 0.418285 -0.405085
v -12.672688 0.418285 -1.183018
v -12.600450 0.376074 -0.405085
v -12.600450 0.376074 -1.183018
v -12.521406 0.338718 -0.405085
v -12.521406 0.338718 -1.183018
v -12.435710 0.306359 -0.405085
v -12.435710 0.306359 -1.183018
v -12.508945 0.262326 -0.405085
v -12.508945 0.262326 -1.183018
v -12.577948 0.214523 -0.405085
v -12.577948 0.214523 -1.183018
v -12.643360 0.162951 -0.405085
v -12.643360 0.162951 -1.183018
v -12.705829 0.107609 -0.405085
v -12.705829 0.107609 -1.183018
v -12.765995 0.048498 -0.405085
v -12.765995 0.048498 -1.183018
v -12.824503 -0.014382 -0.405085
v -12.824503 -0.014382 -1.183018
v -12.881994 -0.081032 -0.405085
v -12.881994 -0.081032 -1.183018
v -12.939114 -0.151452 -0.405085
v -12.939114 -0.151452 -1.183018
v -12.996503 -0.225640 -0.405085
v -12.996503 -0.225640 -1.183018
v -13.054808 -0.303598 -0.405085
v -13.054808 -0.303598 -1.183018
v -13.114668 -0.385325 -0.405085
v -13.114668 -0.385325 -1.183018
v -13.176730 -0.470822 -0.405085
v -13.176730 -0.470822 -1.183018
v -13.210975 -0.517240 -0.405085
v -13.210975 -0.517240 -1.183018
v -13.243493 -0.560488 -0.405085
v -13.243493 -0.560488 -1.183018
v -13.274996 -0.601509 -0.405085
v -13.274996 -0.601509 -1.183018
v -13.306193 -0.641244 -0.405085
v -13.306193 -0.641244 -1.183018
v -13.337797 -0.680637 -0.405085
v -13.337797 -0.680637 -1.183018
v -13.370518 -0.720630 -0.405085
v -13.370518 -0.720630 -1.183018
v -13.405066 -0.762165 -0.405085
v -13.405066 -0.762165 -1.183018
v -13.442155 -0.806184 -0.405085
v -13.442155 -0.806184 -1.183018
v -13.482493 -0.853630 -0.405085
v -13.482493 -0.853630 -1.183018
v -13.526793 -0.905445 -0.405085
v -13.526793 -0.905445 -1.183018
v -13.575764 -0.962571 -0.405085
v -13.575764 -0.962571 -1.183018
v -13.630118 -1.025951 -0.405085
v -13.630118 -1.025951 -1.183018
v -13.059728 -1.025951 -0.405085
v -13.059728 -1.025951 -1.183018
v -12.620966 -0.450262 -0.405085
v -12.620966 -0.450262 -1.183018
v -12.516088 -0.316705 -0.405085
v -12.516088 -0.316705 -1.183018
v -12.420182 -0.202852 -0.405085
v -12.420182 -0.202852 -1.183018
v -12.332266 -0.107161 -0.405085
v -12.332266 -0.107161 -1.183018
v -12.251358 -0.028089 -0.405085
v -12.251358 -0.028089 -1.183018
v -12.176476 0.035905 -0.405085
v -12.176476 0.035905 -1.183018
v -12.106640 0.086364 -0.405085
v -12.106640 0.086364 -1.183018
v -12.040865 0.124828 -0.405085
v -12.040865 0.124828 -1.183018
v -11.978170 0.152842 -0.405085
v -11.978170 0.152842 -1.183018
v -11.917575 0.171946 -0.405085
v -11.917575 0.171946 -1.183018
v -11.858098 0.183682 -0.405085
v -11.858098 0.183682 -1.183018
v -11.798756 0.189594 -0.405085
v -11.798756 0.189594 -1.183018
v -11.738567 0.191221 -0.405085
v -11.738567 0.191221 -1.183018
v -11.538686 0.191221 -0.405085
v -11.538686 0.191221 -1.183018
v -11.538686 -1.025951 -0.405085
v -11.538686 -1.025951 -1.183018
v -11.060923 -1.025951 -0.405085
v -11.060923 -1.025951 -1.183018
v -11.060923 1.778480 -0.405085
v -11.060923 1.778480 -1.183019
v -11.899446 1.778480 -0.405085
v -11.899446 1.778480 -1.183018
v -11.845819 0.553083 -0.405085
v -11.845819 0.553083 -1.183018
v -11.966296 0.557588 -0.405085
v -11.966296 0.557588 -1.183018
v -12.072285 0.570616 -0.405085
v -12.072285 0.570616 -1.183018
v -12.164529 0.591441 -0.405085
v -12.164529 0.591441 -1.183018
v -12.243773 0.619333 -0.405085
v -12.243773 0.619333 -1.183018
v -12.310760 0.653564 -0.405085
v -12.310760 0.653564 -1.183018
v -12.366239 0.693408 -0.405085
v -12.366239 0.693408 -1.183018
v -12.410950 0.738133 -0.405085
v -12.410950 0.738133 -1.183018
v -12.445641 0.787014 -0.405085
v -12.445641 0.787014 -1.183018
v -12.471054 0.839322 -0.405085
v -12.471054 0.839322 -1.183018
v -12.487937 0.894328 -0.405085
v -12.487937 0.894328 -1.183018
v -12.497033 0.951304 -0.405085
v -12.497033 0.951304 -1.183018
v -12.499087 1.009523 -0.405085
v -12.499087 1.009523 -1.183018
v -12.494053 1.073141 -0.405085
v -12.494053 1.073141 -1.183018
v -12.481165 1.132276 -0.405085
v -12.481165 1.132276 -1.183018
v -12.460086 1.186728 -0.405085
v -12.460086 1.186728 -1.183018
v -12.430473 1.236296 -0.405085
v -12.430473 1.236296 -1.183018
v -12.391991 1.280781 -0.405085
v -12.391991 1.280781 -1.183018
v -12.344300 1.319984 -0.405085
v -12.344300 1.319984 -1.183018
v -12.287064 1.353704 -0.405085
v -12.287064 1.353704 -1.183018
v -12.219940 1.381742 -0.405085
v -12.219940 1.381742 -1.183018
v -12.142592 1.403896 -0.405085
v -12.142592 1.403896 -1.183018
v -12.054683 1.419969 -0.405085
v -12.054683 1.419969 -1.183018
v -11.955872 1.429759 -0.405085
v -11.955872 1.429759 -1.183018
v -11.845819 1.433066 -0.405085
v -11.845819 1.433066 -1.183018
v -11.538686 1.433066 -0.405085
v -11.538686 1.433066 -1.183018
v -11.538686 0.553083 -0.405085
v -11.538686 0.553083 -1.183018
vn -0.0000 -0.0000 -1.0000
vn -0.0000 -0.0000 1.0000
vn -0.3248 -0.9458 -0.0000
vn -0.2998 -0.9540 -0.0000
vn -0.2722 -0.9622 -0.0000
vn -0.2425 -0.9701 -0.0000
vn -0.2112 -0.9774 -0.0000
vn -0.1789 -0.9839 -0.0000
vn -0.1461 -0.9893 -0.0000
vn -0.1138 -0.9935 -0.0000
vn -0.0825 -0.9966 -0.0000
vn -0.0529 -0.9986 -0.0000
vn -0.0254 -0.9997 -0.0000
vn 0.0186 -0.9998 -0.0000
vn 0.1001 -0.9950 -0.0000
vn 0.2029 -0.9792 -0.0000
vn 0.3080 -0.9514 -0.0000
vn 0.4147 -0.9100 -0.0000
vn 0.5214 -0.8533 -0.0000
vn 0.6262 -0.7797 -0.0000
vn 0.7259 -0.6878 -0.0000
vn 0.8167 -0.5770 -0.0000
vn 0.8938 -0.4486 -0.0000
vn 0.9521 -0.3057 -0.0000
vn 0.9881 -0.1539 -0.0000
vn 1.0000 0.0006 -0.0000
vn 0.9878 0.1557 -0.0000
vn 0.9515 0.3075 -0.0000
vn 0.8936 0.4488 -0.0000
vn 0.8181 0.5751 -0.0000
vn 0.7296 0.6839 -0.0000
vn 0.6324 0.7747 -0.0000
vn 0.5298 0.8481 -0.0000
vn 0.4242 0.9056 -0.0000
vn 0.3174 0.9483 -0.0000
vn 0.2105 0.9776 -0.0000
vn 0.1045 0.9945 -0.0000
vn 0.0198 0.9998 -0.0000
vn -0.0260 0.9997 -0.0000
vn -0.0558 0.9984 -0.0000
vn -0.0892 0.9960 -0.0000
vn -0.1248 0.9922 -0.0000
vn -0.1610 0.9870 -0.0000
vn -0.1961 0.9806 -0.0000
vn -0.2287 0.9735 -0.0000
vn -0.2577 0.9662 -0.0000
vn -0.2828 0.9592 -0.0000
vn -0.3037 0.9528 -0.0000
vn -0.3206 0.9472 -0.0000
vn -0.7832 0.6218 -0.0000
vn -0.4537 -0.8911 -0.0000
vn 0.3905 -0.9206 -0.0000
vn 0.3594 -0.9332 -0.0000
vn 0.3273 -0.9449 -0.0000
vn 0.2942 -0.9557 -0.0000
vn 0.2603 -0.9655 -0.0000
vn 0.2254 -0.9743 -0.0000
vn 0.1896 -0.9819 -0.0000
vn 0.1531 -0.9882 -0.0000
vn 0.1158 -0.9933 -0.0000
vn 0.0778 -0.9970 -0.0000
vn 0.0391 -0.9992 -0.0000
vn -0.0170 -0.9999 -0.0000
vn -0.1080 -0.9942 -0.0000
vn -0.2168 -0.9762 -0.0000
vn -0.3257 -0.9455 -0.0000
vn -0.4334 -0.9012 -0.0000
vn -0.5390 -0.8423 -0.0000
vn -0.6408 -0.7677 -0.0000
vn -0.7365 -0.6765 -0.0000
vn -0.8230 -0.5680 -0.0000
vn -0.8966 -0.4429 -0.0000
vn -0.9529 -0.3034 -0.0000
vn -0.9881 -0.1537 -0.0000
vn -1.0000 -0.0010 -0.0000
vn -0.9885 0.1513 -0.0000
vn -0.9532 0.3025 -0.0000
vn -0.8947 0.4466 -0.0000
vn -0.8165 0.5774 -0.0000
vn -0.7234 0.6904 -0.0000
vn -0.6209 0.7839 -0.0000
vn -0.5137 0.8580 -0.0000
vn -0.4055 0.9141 -0.0000
vn -0.2988 0.9543 -0.0000
vn -0.1952 0.9808 -0.0000
vn -0.0956 0.9954 -0.0000
vn -0.0156 0.9999 -0.0000
vn 0.0311 0.9995 -0.0000
vn 0.0611 0.9981 -0.0000
vn 0.0897 0.9960 -0.0000
vn 0.1167 0.9932 -0.0000
vn 0.1419 0.9899 -0.0000
vn 0.1652 0.9863 -0.0000
vn 0.1864 0.9825 -0.0000
vn 0.2055 0.9787 -0.0000
vn 0.2224 0.9750 -0.0000
vn 0.2371 0.9715 -0.0000
vn 0.2495 0.9684 -0.0000
vn 0.7539 0.6570 -0.0000
vn 0.6447 -0.7644 -0.0000
vn 0.6447 0.7644 -0.0000
vn -0.6447 0.7644 -0.0000
vn -0.7866 -0.6175 -0.0000
vn 0.4779 -0.8784 -0.0000
vn -0.4863 -0.8738 -0.0000
vn 0.7874 -0.6164 -0.0000
vn 0.4866 0.8736 -0.0000
vn -0.4806 0.8769 -0.0000
vn -0.7922 -0.6103 -0.0000
vn 0.7924 0.6100 -0.0000
vn -0.0115 -0.9999 -0.0000
vn -0.7835 0.6214 -0.0000
vn -0.3768 -0.9263 -0.0000
vn 0.3768 -0.9263 -0.0000
vn -0.6447 -0.7644 -0.0000
vn -0.3739 0.9275 -0.0000
vn -0.0009 1.0000 -0.0000
vn 0.3730 0.9278 -0.0000
vn -0.1029 0.9947 -0.0000
vn -0.2097 0.9778 -0.0000
vn -0.3195 0.9476 -0.0000
vn -0.4304 0.9026 -0.0000
vn -0.5399 0.8417 -0.0000
vn -0.6453 0.7639 -0.0000
vn -0.7432 0.6691 -0.0000
vn -0.8300 0.5577 -0.0000
vn -0.9020 0.4317 -0.0000
vn -0.9559 0.2938 -0.0000
vn -0.9889 0.1483 -0.0000
vn -1.0000 -0.0000 -0.0000
vn -0.9890 -0.1479 -0.0000
vn -0.9564 -0.2920 -0.0000
vn -0.9037 -0.4282 -0.0000
vn -0.8332 -0.5530 -0.0000
vn -0.7479 -0.6638 -0.0000
vn -0.6510 -0.7590 -0.0000
vn -0.5460 -0.8378 -0.0000
vn -0.4359 -0.9000 -0.0000
vn -0.3239 -0.9461 -0.0000
vn -0.2126 -0.9771 -0.0000
vn -0.1042 -0.9946 -0.0000
vn 0.0007 -1.0000 -0.0000
vn 0.1065 -0.9943 -0.0000
vn 0.2164 -0.9763 -0.0000
vn 0.3280 -0.9447 -0.0000
vn 0.4394 -0.8983 -0.0000
vn 0.5482 -0.8363 -0.0000
vn 0.6518 -0.7584 -0.0000
vn 0.7474 -0.6644 -0.0000
vn 0.8320 -0.5548 -0.0000
vn 0.9024 -0.4309 -0.0000
vn 0.9555 -0.2948 -0.0000
vn 0.9887 -0.1497 -0.0000
vn 1.0000 0.0003 -0.0000
vn 0.9885 0.1513 -0.0000
vn 0.9544 0.2985 -0.0000
vn 0.8997 0.4365 -0.0000
vn 0.8275 0.5615 -0.0000
vn 0.7413 0.6712 -0.0000
vn 0.6446 0.7645 -0.0000
vn 0.5407 0.8412 -0.0000
vn 0.4325 0.9016 -0.0000
vn 0.3225 0.9466 -0.0000
vn 0.2126 0.9771 -0.0000
vn 0.1047 0.9945 -0.0000
vn 0.0006 1.0000 -0.0000
vn 0.1037 0.9946 -0.0000
vn 0.2097 0.9778 -0.0000
vn 0.3173 0.9483 -0.0000
vn 0.4255 0.9050 -0.0000
vn 0.5327 0.8463 -0.0000
vn 0.6368 0.7711 -0.0000
vn 0.7348 0.6782 -0.0000
vn 0.8232 0.5677 -0.0000
vn 0.8977 0.4406 -0.0000
vn 0.9539 0.3001 -0.0000
vn 0.9885 0.1512 -0.0000
vn 1.0000 0.0002 -0.0000
vn 0.9886 -0.1506 -0.0000
vn 0.9541 -0.2993 -0.0000
vn 0.8979 -0.4401 -0.0000
vn 0.8232 -0.5677 -0.0000
vn 0.7344 -0.6787 -0.0000
vn 0.6358 -0.7719 -0.0000
vn 0.5312 -0.8472 -0.0000
vn 0.4238 -0.9058 -0.0000
vn 0.3156 -0.9489 -0.0000
vn 0.2083 -0.9781 -0.0000
vn 0.1029 -0.9947 -0.0000
vn -0.0002 -1.0000 -0.0000
vn -0.1034 -0.9946 -0.0000
vn -0.2093 -0.9779 -0.0000
vn -0.3168 -0.9485 -0.0000
vn -0.4251 -0.9052 -0.0000
vn -0.5324 -0.8465 -0.0000
vn -0.6368 -0.7711 -0.0000
vn -0.7351 -0.6780 -0.0000
vn -0.8237 -0.5671 -0.0000
vn -0.8981 -0.4397 -0.0000
vn -0.9542 -0.2991 -0.0000
vn -0.9886 -0.1505 -0.0000
vn -1.0000 0.0002 -0.0000
vn -0.9885 0.1511 -0.0000
vn -0.9540 0.2999 -0.0000
vn -0.8979 0.4402 -0.0000
vn -0.8237 0.5670 -0.0000
vn -0.7356 0.6775 -0.0000
vn -0.6378 0.7702 -0.0000
vn -0.5339 0.8456 -0.0000
vn -0.4268 0.9043 -0.0000
vn -0.3186 0.9479 -0.0000
vn -0.2107 0.9776 -0.0000
vn -0.1042 0.9946 -0.0000
vn -0.0002 1.0000 -0.0000
vn 0.4860 -0.8740 -0.0000
vn 0.7879 0.6158 -0.0000
vn -0.4863 0.8738 -0.0000
vn 0.0007 1.0000 -0.0000
vn 0.4870 0.8734 -0.0000
vn -0.7855 0.6189 -0.0000
vn -0.4890 -0.8723 -0.0000
vn -0.0789 0.9969 -0.0000
vn -0.1647 0.9863 -0.0000
vn -0.2588 0.9659 -0.0000
vn -0.3611 0.9325 -0.0000
vn -0.4705 0.8824 -0.0000
vn -0.5841 0.8117 -0.0000
vn -0.6966 0.7174 -0.0000
vn -0.8007 0.5990 -0.0000
vn -0.8880 0.4597 -0.0000
vn -0.9517 0.3071 -0.0000
vn -0.9885 0.1512 -0.0000
vn -0.9999 0.0107 -0.0000
vn -0.9943 -0.1063 -0.0000
vn -0.9764 -0.2162 -0.0000
vn -0.9450 -0.3272 -0.0000
vn -0.9001 -0.4357 -0.0000
vn -0.8430 -0.5379 -0.0000
vn -0.7759 -0.6308 -0.0000
vn -0.7018 -0.7124 -0.0000
vn -0.6237 -0.7817 -0.0000
vn -0.5444 -0.8388 -0.0000
vn -0.4661 -0.8847 -0.0000
vn -0.3904 -0.9207 -0.0000
vn -0.9931 -0.1172 -0.0000
vn -0.5425 0.8400 -0.0000
vn -0.5945 0.8041 -0.0000
vn -0.6413 0.7673 -0.0000
vn -0.6821 0.7312 -0.0000
vn -0.7166 0.6975 -0.0000
vn -0.7448 0.6673 -0.0000
vn -0.7670 0.6417 -0.0000
vn -0.7838 0.6210 -0.0000
vn -0.7959 0.6054 -0.0000
vn -0.8038 0.5949 -0.0000
vn -0.8080 0.5892 -0.0000
vn -0.8070 0.5906 -0.0000
vn -0.8020 0.5973 -0.0000
vn -0.7962 0.6050 -0.0000
vn -0.7898 0.6133 -0.0000
vn -0.7833 0.6217 -0.0000
vn -0.7770 0.6295 -0.0000
vn -0.7714 0.6364 -0.0000
vn -0.7668 0.6419 -0.0000
vn -0.7633 0.6460 -0.0000
vn -0.7610 0.6488 -0.0000
vn -0.7596 0.6503 -0.0000
vn -0.7592 0.6509 -0.0000
vn -0.8554 -0.5180 -0.0000
vn 0.4183 -0.9083 -0.0000
vn 0.7909 -0.6119 -0.0000
vn 0.7757 -0.6311 -0.0000
vn 0.7507 -0.6606 -0.0000
vn 0.7178 -0.6962 -0.0000
vn 0.6745 -0.7382 -0.0000
vn 0.6180 -0.7862 -0.0000
vn 0.5455 -0.8381 -0.0000
vn 0.4567 -0.8896 -0.0000
vn 0.3545 -0.9351 -0.0000
vn 0.2472 -0.9690 -0.0000
vn 0.1464 -0.9892 -0.0000
vn 0.0631 -0.9980 -0.0000
vn 0.0135 -0.9999 -0.0000
vn -0.0190 0.9998 -0.0000
vn 0.0187 0.9998 -0.0000
vn 0.0797 0.9968 -0.0000
vn 0.1712 0.9852 -0.0000
vn 0.2762 0.9611 -0.0000
vn 0.3938 0.9192 -0.0000
vn 0.5199 0.8542 -0.0000
vn 0.6466 0.7629 -0.0000
vn 0.7633 0.6460 -0.0000
vn 0.8599 0.5104 -0.0000
vn 0.9303 0.3669 -0.0000
vn 0.9740 0.2264 -0.0000
vn 0.9953 0.0967 -0.0000
vn 0.9998 -0.0219 -0.0000
vn 0.9892 -0.1464 -0.0000
vn 0.9575 -0.2883 -0.0000
vn 0.8983 -0.4393 -0.0000
vn 0.8098 -0.5867 -0.0000
vn 0.6973 -0.7168 -0.0000
vn 0.5722 -0.8201 -0.0000
vn 0.4469 -0.8946 -0.0000
vn 0.3306 -0.9438 -0.0000
vn 0.2277 -0.9737 -0.0000
vn 0.1392 -0.9903 -0.0000
vn 0.0643 -0.9979 -0.0000
vn 0.0150 -0.9999 -0.0000
vt 0.688172 0.000000
vt 0.989247 0.000000
vt 0.698925 0.000000
vt 0.709677 0.000000
vt 0.000000 0.000000
vt 0.010753 0.000000
vt 0.021505 0.000000
vt 0.032258 0.000000
vt 0.043011 0.000000
vt 0.053763 0.000000
vt 0.064516 0.000000
vt 0.978495 0.000000
vt 0.075269 0.000000
vt 1.000000 0.000000
vt 0.967742 0.000000
vt 0.956989 0.000000
vt 0.946237 0.000000
vt 0.086022 0.000000
vt 0.935484 0.000000
vt 0.924731 0.000000
vt 0.913979 0.000000
vt 0.096774 0.000000
vt 0.903226 0.000000
vt 0.892473 0.000000
vt 0.881720 0.000000
vt 0.107527 0.000000
vt 0.870968 0.000000
vt 0.860215 0.000000
vt 0.118280 0.000000
vt 0.849462 0.000000
vt 0.838710 0.000000
vt 0.129032 0.000000
vt 0.827957 0.000000
vt 0.139785 0.000000
vt 0.817204 0.000000
vt 0.806452 0.000000
vt 0.150538 0.000000
vt 0.795699 0.000000
vt 0.161290 0.000000
vt 0.784946 0.000000
vt 0.172043 0.000000
vt 0.774194 0.000000
vt 0.763441 0.000000
vt 0.182796 0.000000
vt 0.752688 0.000000
vt 0.741935 0.000000
vt 0.193548 0.000000
vt 0.731183 0.000000
vt 0.720430 0.000000
vt 0.666667 0.000000
vt 0.204301 0.000000
vt 0.215054 0.000000
vt 0.225806 0.000000
vt 0.236559 0.000000
vt 0.247312 0.000000
vt 0.258065 0.000000
vt 0.268817 0.000000
vt 0.655914 0.000000
vt 0.645161 0.000000
vt 0.279570 0.000000
vt 0.677419 0.000000
vt 0.634409 0.000000
vt 0.623656 0.000000
vt 0.612903 0.000000
vt 0.290323 0.000000
vt 0.602151 0.000000
vt 0.591398 0.000000
vt 0.301075 0.000000
vt 0.580645 0.000000
vt 0.311828 0.000000
vt 0.569892 0.000000
vt 0.322581 0.000000
vt 0.559140 0.000000
vt 0.333333 0.000000
vt 0.548387 0.000000
vt 0.344086 0.000000
vt 0.537634 0.000000
vt 0.354839 0.000000
vt 0.365591 0.000000
vt 0.526882 0.000000
vt 0.376344 0.000000
vt 0.516129 0.000000
vt 0.387097 0.000000
vt 0.397849 0.000000
vt 0.408602 0.000000
vt 0.419355 0.000000
vt 0.430108 0.000000
vt 0.440860 0.000000
vt 0.451613 0.000000
vt 0.462366 0.000000
vt 0.473118 0.000000
vt 0.483871 0.000000
vt 0.494624 0.000000
vt 0.505376 0.000000
vt 0.727273 0.000000
vt 0.818182 0.000000
vt 0.909091 0.000000
vt 0.090909 0.000000
vt 0.363636 0.000000
vt 0.181818 0.000000
vt 0.272727 0.000000
vt 0.454545 0.000000
vt 0.545455 0.000000
vt 0.636364 0.000000
vt 0.166667 0.000000
vt 0.500000 0.000000
vt 0.833333 0.000000
vt 0.484211 0.000000
vt 0.494737 0.000000
vt 0.010526 0.000000
vt 0.473684 0.000000
vt 0.021053 0.000000
vt 0.463158 0.000000
vt 0.031579 0.000000
vt 0.452632 0.000000
vt 0.042105 0.000000
vt 0.442105 0.000000
vt 0.052632 0.000000
vt 0.431579 0.000000
vt 0.747368 0.000000
vt 0.757895 0.000000
vt 0.736842 0.000000
vt 0.768421 0.000000
vt 0.726316 0.000000
vt 0.778947 0.000000
vt 0.715789 0.000000
vt 0.063158 0.000000
vt 0.421053 0.000000
vt 0.789474 0.000000
vt 0.705263 0.000000
vt 0.800000 0.000000
vt 0.694737 0.000000
vt 0.073684 0.000000
vt 0.410526 0.000000
vt 0.810526 0.000000
vt 0.684211 0.000000
vt 0.821053 0.000000
vt 0.673684 0.000000
vt 0.084211 0.000000
vt 0.400000 0.000000
vt 0.831579 0.000000
vt 0.663158 0.000000
vt 0.094737 0.000000
vt 0.389474 0.000000
vt 0.842105 0.000000
vt 0.652632 0.000000
vt 0.852632 0.000000
vt 0.642105 0.000000
vt 0.105263 0.000000
vt 0.378947 0.000000
vt 0.863158 0.000000
vt 0.631579 0.000000
vt 0.115789 0.000000
vt 0.368421 0.000000
vt 0.873684 0.000000
vt 0.621053 0.000000
vt 0.357895 0.000000
vt 0.884211 0.000000
vt 0.610526 0.000000
vt 0.126316 0.000000
vt 0.894737 0.000000
vt 0.600000 0.000000
vt 0.136842 0.000000
vt 0.347368 0.000000
vt 0.905263 0.000000
vt 0.589474 0.000000
vt 0.147368 0.000000
vt 0.336842 0.000000
vt 0.915789 0.000000
vt 0.578947 0.000000
vt 0.157895 0.000000
vt 0.326316 0.000000
vt 0.926316 0.000000
vt 0.568421 0.000000
vt 0.936842 0.000000
vt 0.557895 0.000000
vt 0.168421 0.000000
vt 0.315789 0.000000
vt 0.947368 0.000000
vt 0.547368 0.000000
vt 0.957895 0.000000
vt 0.536842 0.000000
vt 0.178947 0.000000
vt 0.305263 0.000000
vt 0.968421 0.000000
vt 0.526316 0.000000
vt 0.978947 0.000000
vt 0.515789 0.000000
vt 0.189474 0.000000
vt 0.294737 0.000000
vt 0.989474 0.000000
vt 0.505263 0.000000
vt 0.200000 0.000000
vt 0.284211 0.000000
vt 0.210526 0.000000
vt 0.273684 0.000000
vt 0.221053 0.000000
vt 0.263158 0.000000
vt 0.231579 0.000000
vt 0.252632 0.000000
vt 0.242105 0.000000
vt 0.571429 0.000000
vt 0.714286 0.000000
vt 0.642857 0.000000
vt 0.428571 0.000000
vt 0.357143 0.000000
vt 0.785714 0.000000
vt 0.928571 0.000000
vt 0.857143 0.000000
vt 0.142857 0.000000
vt 0.071429 0.000000
vt 0.285714 0.000000
vt 0.214286 0.000000
vt 0.900000 0.000000
vt 0.700000 0.000000
vt 0.100000 0.000000
vt 0.300000 0.000000
vt 0.336634 0.000000
vt 0.356436 0.000000
vt 0.346535 0.000000
vt 0.366337 0.000000
vt 0.376238 0.000000
vt 0.386139 0.000000
vt 0.326733 0.000000
vt 0.396040 0.000000
vt 0.405941 0.000000
vt 0.415842 0.000000
vt 0.316832 0.000000
vt 0.425743 0.000000
vt 0.435644 0.000000
vt 0.306931 0.000000
vt 0.445545 0.000000
vt 0.455446 0.000000
vt 0.297030 0.000000
vt 0.465347 0.000000
vt 0.574257 0.000000
vt 0.564356 0.000000
vt 0.554455 0.000000
vt 0.544554 0.000000
vt 0.534653 0.000000
vt 0.524752 0.000000
vt 0.514852 0.000000
vt 0.504951 0.000000
vt 0.495050 0.000000
vt 0.485149 0.000000
vt 0.475248 0.000000
vt 0.287129 0.000000
vt 0.594059 0.000000
vt 0.584158 0.000000
vt 0.603960 0.000000
vt 0.613861 0.000000
vt 0.623762 0.000000
vt 0.277228 0.000000
vt 0.633663 0.000000
vt 0.643564 0.000000
vt 0.267327 0.000000
vt 0.653465 0.000000
vt 0.663366 0.000000
vt 0.257426 0.000000
vt 0.673267 0.000000
vt 0.247525 0.000000
vt 0.683168 0.000000
vt 0.693069 0.000000
vt 0.237624 0.000000
vt 0.702970 0.000000
vt 0.227723 0.000000
vt 0.712871 0.000000
vt 0.722772 0.000000
vt 0.217822 0.000000
vt 0.970297 0.000000
vt 0.990099 0.000000
vt 0.980198 0.000000
vt 0.960396 0.000000
vt 0.732673 0.000000
vt 0.207921 0.000000
vt 0.742574 0.000000
vt 0.950495 0.000000
vt 0.198020 0.000000
vt 0.752475 0.000000
vt 0.762376 0.000000
vt 0.188119 0.000000
vt 0.772277 0.000000
vt 0.178218 0.000000
vt 0.782178 0.000000
vt 0.792079 0.000000
vt 0.168317 0.000000
vt 0.801980 0.000000
vt 0.940594 0.000000
vt 0.930693 0.000000
vt 0.920792 0.000000
vt 0.811881 0.000000
vt 0.910891 0.000000
vt 0.900990 0.000000
vt 0.891089 0.000000
vt 0.821782 0.000000
vt 0.158416 0.000000
vt 0.881188 0.000000
vt 0.871287 0.000000
vt 0.861386 0.000000
vt 0.831683 0.000000
vt 0.851485 0.000000
vt 0.841584 0.000000
vt 0.148515 0.000000
vt 0.009901 0.000000
vt 0.138614 0.000000
vt 0.019802 0.000000
vt 0.029703 0.000000
vt 0.128713 0.000000
vt 0.039604 0.000000
vt 0.049505 0.000000
vt 0.059406 0.000000
vt 0.118812 0.000000
vt 0.069307 0.000000
vt 0.079208 0.000000
vt 0.089109 0.000000
vt 0.108911 0.000000
vt 0.099010 0.000000
vt 0.000000 1.000000
vt 0.009804 1.000000
vt 0.009804 0.000000
vt 0.019608 1.000000
vt 0.019608 0.000000
vt 0.029412 1.000000
vt 0.029412 0.000000
vt 0.039216 1.000000
vt 0.039216 0.000000
vt 0.049020 1.000000
vt 0.049020 0.000000
vt 0.058824 1.000000
vt 0.058824 0.000000
vt 0.068627 1.000000
vt 0.068627 0.000000
vt 0.078431 1.000000
vt 0.078431 0.000000
vt 0.088235 1.000000
vt 0.088235 0.000000
vt 0.098039 1.000000
vt 0.098039 0.000000
vt 0.107843 1.000000
vt 0.107843 0.000000
vt 0.117647 1.000000
vt 0.117647 0.000000
vt 0.127451 1.000000
vt 0.127451 0.000000
vt 0.137255 1.000000
vt 0.137255 0.000000
vt 0.147059 1.000000
vt 0.147059 0.000000
vt 0.156863 1.000000
vt 0.156863 0.000000
vt 0.166667 1.000000
vt 0.176471 1.000000
vt 0.176471 0.000000
vt 0.186275 1.000000
vt 0.186275 0.000000
vt 0.196078 1.000000
vt 0.196078 0.000000
vt 0.205882 1.000000
vt 0.205882 0.000000
vt 0.215686 1.000000
vt 0.215686 0.000000
vt 0.225490 1.000000
vt 0.225490 0.000000
vt 0.235294 1.000000
vt 0.235294 0.000000
vt 0.245098 1.000000
vt 0.245098 0.000000
vt 0.254902 1.000000
vt 0.254902 0.000000
vt 0.264706 1.000000
vt 0.264706 0.000000
vt 0.274510 1.000000
vt 0.274510 0.000000
vt 0.284314 1.000000
vt 0.284314 0.000000
vt 0.294118 1.000000
vt 0.294118 0.000000
vt 0.303922 1.000000
vt 0.303922 0.000000
vt 0.313726 1.000000
vt 0.313726 0.000000
vt 0.323529 1.000000
vt 0.323529 0.000000
vt 0.333333 1.000000
vt 0.343137 1.000000
vt 0.343137 0.000000
vt 0.352941 1.000000
vt 0.352941 0.000000
vt 0.362745 1.000000
vt 0.362745 0.000000
vt 0.372549 1.000000
vt 0.372549 0.000000
vt 0.382353 1.000000
vt 0.382353 0.000000
vt 0.392157 1.000000
vt 0.392157 0.000000
vt 0.401961 1.000000
vt 0.401961 0.000000
vt 0.411765 1.000000
vt 0.411765 0.000000
vt 0.421569 1.000000
vt 0.421569 0.000000
vt 0.431373 1.000000
vt 0.431373 0.000000
vt 0.441176 1.000000
vt 0.441176 0.000000
vt 0.450980 1.000000
vt 0.450980 0.000000
vt 0.460784 1.000000
vt 0.460784 0.000000
vt 0.470588 1.000000
vt 0.470588 0.000000
vt 0.480392 1.000000
vt 0.480392 0.000000
vt 0.490196 1.000000
vt 0.490196 0.000000
vt 0.500000 1.000000
vt 0.509804 1.000000
vt 0.509804 0.000000
vt 0.519608 1.000000
vt 0.519608 0.000000
vt 0.529412 1.000000
vt 0.529412 0.000000
vt 0.539216 1.000000
vt 0.539216 0.000000
vt 0.549020 1.000000
vt 0.549020 0.000000
vt 0.558824 1.000000
vt 0.558824 0.000000
vt 0.568627 1.000000
vt 0.568627 0.000000
vt 0.578431 1.000000
vt 0.578431 0.000000
vt 0.588235 1.000000
vt 0.588235 0.000000
vt 0.598039 1.000000
vt 0.598039 0.000000
vt 0.607843 1.000000
vt 0.607843 0.000000
vt 0.617647 1.000000
vt 0.617647 0.000000
vt 0.627451 1.000000
vt 0.627451 0.000000
vt 0.637255 1.000000
vt 0.637255 0.000000
vt 0.647059 1.000000
vt 0.647059 0.000000
vt 0.656863 1.000000
vt 0.656863 0.000000
vt 0.666667 1.000000
vt 0.676471 1.000000
vt 0.676471 0.000000
vt 0.686275 1.000000
vt 0.686275 0.000000
vt 0.696078 1.000000
vt 0.696078 0.000000
vt 0.705882 1.000000
vt 0.705882 0.000000
vt 0.715686 1.000000
vt 0.715686 0.000000
vt 0.725490 1.000000
vt 0.725490 0.000000
vt 0.735294 1.000000
vt 0.735294 0.000000
vt 0.745098 1.000000
vt 0.745098 0.000000
vt 0.754902 1.000000
vt 0.754902 0.000000
vt 0.764706 1.000000
vt 0.764706 0.000000
vt 0.774510 1.000000
vt 0.774510 0.000000
vt 0.784314 1.000000
vt 0.784314 0.000000
vt 0.794118 1.000000
vt 0.794118 0.000000
vt 0.803922 1.000000
vt 0.803922 0.000000
vt 0.813725 1.000000
vt 0.813725 0.000000
vt 0.823529 1.000000
vt 0.823529 0.000000
vt 0.833333 1.000000
vt 0.843137 1.000000
vt 0.843137 0.000000
vt 0.852941 1.000000
vt 0.852941 0.000000
vt 0.862745 1.000000
vt 0.862745 0.000000
vt 0.872549 1.000000
vt 0.872549 0.000000
vt 0.882353 1.000000
vt 0.882353 0.000000
vt 0.892157 1.000000
vt 0.892157 0.000000
vt 0.901961 1.000000
vt 0.901961 0.000000
vt 0.911765 1.000000
vt 0.911765 0.000000
vt 0.921569 1.000000
vt 0.921569 0.000000
vt 0.931373 1.000000
vt 0.931373 0.000000
vt 0.941176 1.000000
vt 0.941176 0.000000
vt 0.950980 1.000000
vt 0.950980 0.000000
vt 0.960784 1.000000
vt 0.960784 0.000000
vt 0.970588 1.000000
vt 0.970588 0.000000
vt 0.980392 1.000000
vt 0.980392 0.000000
vt 0.990196 1.000000
vt 0.990196 0.000000
vt 1.000000 1.000000
vt 0.125000 1.000000
vt 0.125000 0.000000
vt 0.250000 1.000000
vt 0.250000 0.000000
vt 0.375000 1.000000
vt 0.375000 0.000000
vt 0.625000 1.000000
vt 0.625000 0.000000
vt 0.750000 1.000000
vt 0.750000 0.000000
vt 0.875000 1.000000
vt 0.875000 0.000000
vt 0.066667 1.000000
vt 0.066667 0.000000
vt 0.133333 1.000000
vt 0.133333 0.000000
vt 0.200000 1.000000
vt 0.266667 1.000000
vt 0.266667 0.000000
vt 0.400000 1.000000
vt 0.466667 1.000000
vt 0.466667 0.000000
vt 0.533333 1.000000
vt 0.533333 0.000000
vt 0.600000 1.000000
vt 0.733333 1.000000
vt 0.733333 0.000000
vt 0.800000 1.000000
vt 0.866667 1.000000
vt 0.866667 0.000000
vt 0.933333 1.000000
vt 0.933333 0.000000
vt 0.083333 1.000000
vt 0.083333 0.000000
vt 0.416667 1.000000
vt 0.416667 0.000000
vt 0.583333 1.000000
vt 0.583333 0.000000
vt 0.916667 1.000000
vt 0.916667 0.000000
vt 0.020833 1.000000
vt 0.020833 0.000000
vt 0.041667 1.000000
vt 0.041667 0.000000
vt 0.062500 1.000000
vt 0.062500 0.000000
vt 0.104167 1.000000
vt 0.104167 0.000000
vt 0.145833 1.000000
vt 0.145833 0.000000
vt 0.187500 1.000000
vt 0.187500 0.000000
vt 0.208333 1.000000
vt 0.208333 0.000000
vt 0.229167 1.000000
vt 0.229167 0.000000
vt 0.270833 1.000000
vt 0.270833 0.000000
vt 0.291667 1.000000
vt 0.291667 0.000000
vt 0.312500 1.000000
vt 0.312500 0.000000
vt 0.354167 1.000000
vt 0.354167 0.000000
vt 0.395833 1.000000
vt 0.395833 0.000000
vt 0.437500 1.000000
vt 0.437500 0.000000
vt 0.458333 1.000000
vt 0.458333 0.000000
vt 0.479167 1.000000
vt 0.479167 0.000000
vt 0.520833 1.000000
vt 0.520833 0.000000
vt 0.541667 1.000000
vt 0.541667 0.000000
vt 0.562500 1.000000
vt 0.562500 0.000000
vt 0.604167 1.000000
vt 0.604167 0.000000
vt 0.645833 1.000000
vt 0.645833 0.000000
vt 0.687500 1.000000
vt 0.687500 0.000000
vt 0.708333 1.000000
vt 0.708333 0.000000
vt 0.729167 1.000000
vt 0.729167 0.000000
vt 0.770833 1.000000
vt 0.770833 0.000000
vt 0.791667 1.000000
vt 0.791667 0.000000
vt 0.812500 1.000000
vt 0.812500 0.000000
vt 0.854167 1.000000
vt 0.854167 0.000000
vt 0.895833 1.000000
vt 0.895833 0.000000
vt 0.937500 1.000000
vt 0.937500 0.000000
vt 0.958333 1.000000
vt 0.958333 0.000000
vt 0.979167 1.000000
vt 0.979167 0.000000
vt 0.142857 1.000000
vt 0.285714 1.000000
vt 0.428571 1.000000
vt 0.571429 1.000000
vt 0.714286 1.000000
vt 0.857143 1.000000
vt 0.014925 1.000000
vt 0.014925 0.000000
vt 0.029851 1.000000
vt 0.029851 0.000000
vt 0.044776 1.000000
vt 0.044776 0.000000
vt 0.059701 1.000000
vt 0.059701 0.000000
vt 0.074627 1.000000
vt 0.074627 0.000000
vt 0.089552 1.000000
vt 0.089552 0.000000
vt 0.104478 1.000000
vt 0.104478 0.000000
vt 0.119403 1.000000
vt 0.119403 0.000000
vt 0.134328 1.000000
vt 0.134328 0.000000
vt 0.149254 1.000000
vt 0.149254 0.000000
vt 0.164179 1.000000
vt 0.164179 0.000000
vt 0.179104 1.000000
vt 0.179104 0.000000
vt 0.194030 1.000000
vt 0.194030 0.000000
vt 0.208955 1.000000
vt 0.208955 0.000000
vt 0.223881 1.000000
vt 0.223881 0.000000
vt 0.238806 1.000000
vt 0.238806 0.000000
vt 0.253731 1.000000
vt 0.253731 0.000000
vt 0.268657 1.000000
vt 0.268657 0.000000
vt 0.283582 1.000000
vt 0.283582 0.000000
vt 0.298507 1.000000
vt 0.298507 0.000000
vt 0.313433 1.000000
vt 0.313433 0.000000
vt 0.328358 1.000000
vt 0.328358 0.000000
vt 0.343284 1.000000
vt 0.343284 0.000000
vt 0.358209 1.000000
vt 0.358209 0.000000
vt 0.373134 1.000000
vt 0.373134 0.000000
vt 0.388060 1.000000
vt 0.388060 0.000000
vt 0.402985 1.000000
vt 0.402985 0.000000
vt 0.417910 1.000000
vt 0.417910 0.000000
vt 0.432836 1.000000
vt 0.432836 0.000000
vt 0.447761 1.000000
vt 0.447761 0.000000
vt 0.462687 1.000000
vt 0.462687 0.000000
vt 0.477612 1.000000
vt 0.477612 0.000000
vt 0.492537 1.000000
vt 0.492537 0.000000
vt 0.507463 1.000000
vt 0.507463 0.000000
vt 0.522388 1.000000
vt 0.522388 0.000000
vt 0.537313 1.000000
vt 0.537313 0.000000
vt 0.552239 1.000000
vt 0.552239 0.000000
vt 0.567164 1.000000
vt 0.567164 0.000000
vt 0.582090 1.000000
vt 0.582090 0.000000
vt 0.597015 1.000000
vt 0.597015 0.000000
vt 0.611940 1.000000
vt 0.611940 0.000000
vt 0.626866 1.000000
vt 0.626866 0.000000
vt 0.641791 1.000000
vt 0.641791 0.000000
vt 0.656716 1.000000
vt 0.656716 0.000000
vt 0.671642 1.000000
vt 0.671642 0.000000
vt 0.686567 1.000000
vt 0.686567 0.000000
vt 0.701493 1.000000
vt 0.701493 0.000000
vt 0.716418 1.000000
vt 0.716418 0.000000
vt 0.731343 1.000000
vt 0.731343 0.000000
vt 0.746269 1.000000
vt 0.746269 0.000000
vt 0.761194 1.000000
vt 0.761194 0.000000
vt 0.776119 1.000000
vt 0.776119 0.000000
vt 0.791045 1.000000
vt 0.791045 0.000000
vt 0.805970 1.000000
vt 0.805970 0.000000
vt 0.820895 1.000000
vt 0.820895 0.000000
vt 0.835821 1.000000
vt 0.835821 0.000000
vt 0.850746 1.000000
vt 0.850746 0.000000
vt 0.865672 1.000000
vt 0.865672 0.000000
vt 0.880597 1.000000
vt 0.880597 0.000000
vt 0.895522 1.000000
vt 0.895522 0.000000
vt 0.910448 1.000000
vt 0.910448 0.000000
vt 0.925373 1.000000
vt 0.925373 0.000000
vt 0.940298 1.000000
vt 0.940298 0.000000
vt 0.955224 1.000000
vt 0.955224 0.000000
vt 0.970149 1.000000
vt 0.970149 0.000000
vt 0.985075 1.000000
vt 0.985075 0.000000
vt 0.037037 1.000000
vt 0.037037 0.000000
vt 0.074074 1.000000
vt 0.074074 0.000000
vt 0.111111 1.000000
vt 0.111111 0.000000
vt 0.148148 1.000000
vt 0.148148 0.000000
vt 0.185185 1.000000
vt 0.185185 0.000000
vt 0.222222 1.000000
vt 0.222222 0.000000
vt 0.259259 1.000000
vt 0.259259 0.000000
vt 0.296296 1.000000
vt 0.296296 0.000000
vt 0.370370 1.000000
vt 0.370370 0.000000
vt 0.407407 1.000000
vt 0.407407 0.000000
vt 0.444444 1.000000
vt 0.444444 0.000000
vt 0.481481 1.000000
vt 0.481481 0.000000
vt 0.518519 1.000000
vt 0.518519 0.000000
vt 0.555556 1.000000
vt 0.555556 0.000000
vt 0.592593 1.000000
vt 0.592593 0.000000
vt 0.629630 1.000000
vt 0.629630 0.000000
vt 0.703704 1.000000
vt 0.703704 0.000000
vt 0.740741 1.000000
vt 0.740741 0.000000
vt 0.777778 1.000000
vt 0.777778 0.000000
vt 0.814815 1.000000
vt 0.814815 0.000000
vt 0.851852 1.000000
vt 0.851852 0.000000
vt 0.888889 1.000000
vt 0.888889 0.000000
vt 0.925926 1.000000
vt 0.925926 0.000000
vt 0.962963 1.000000
vt 0.962963 0.000000
s 0
f 65/1/1 93/2/1 66/3/1
f 93/2/1 67/4/1 66/3/1
f 93/2/1 1/5/1 67/4/1
f 93/2/1 2/6/1 1/5/1
f 93/2/1 3/7/1 2/6/1
f 93/2/1 4/8/1 3/7/1
f 93/2/1 5/9/1 4/8/1
f 93/2/1 6/10/1 5/9/1
f 93/2/1 7/11/1 6/10/1
f 93/2/1 92/12/1 7/11/1
f 92/12/1 8/13/1 7/11/1
f 65/1/1 94/14/1 93/2/1
f 91/15/1 8/13/1 92/12/1
f 90/16/1 8/13/1 91/15/1
f 89/17/1 8/13/1 90/16/1
f 89/17/1 9/18/1 8/13/1
f 88/19/1 9/18/1 89/17/1
f 87/20/1 9/18/1 88/19/1
f 86/21/1 9/18/1 87/20/1
f 86/21/1 10/22/1 9/18/1
f 85/23/1 10/22/1 86/21/1
f 84/24/1 10/22/1 85/23/1
f 83/25/1 10/22/1 84/24/1
f 83/25/1 11/26/1 10/22/1
f 82/27/1 11/26/1 83/25/1
f 81/28/1 11/26/1 82/27/1
f 81/28/1 12/29/1 11/26/1
f 80/30/1 12/29/1 81/28/1
f 79/31/1 12/29/1 80/30/1
f 79/31/1 13/32/1 12/29/1
f 78/33/1 13/32/1 79/31/1
f 78/33/1 14/34/1 13/32/1
f 77/35/1 14/34/1 78/33/1
f 76/36/1 14/34/1 77/35/1
f 76/36/1 15/37/1 14/34/1
f 75/38/1 15/37/1 76/36/1
f 75/38/1 16/39/1 15/37/1
f 74/40/1 16/39/1 75/38/1
f 74/40/1 17/41/1 16/39/1
f 73/42/1 17/41/1 74/40/1
f 72/43/1 17/41/1 73/42/1
f 72/43/1 18/44/1 17/41/1
f 71/45/1 18/44/1 72/43/1
f 70/46/1 18/44/1 71/45/1
f 70/46/1 19/47/1 18/44/1
f 69/48/1 19/47/1 70/46/1
f 68/49/1 19/47/1 69/48/1
f 65/1/1 63/50/1 94/14/1
f 63/50/1 68/49/1 94/14/1
f 63/50/1 19/47/1 68/49/1
f 63/50/1 20/51/1 19/47/1
f 63/50/1 21/52/1 20/51/1
f 63/50/1 22/53/1 21/52/1
f 63/50/1 23/54/1 22/53/1
f 63/50/1 24/55/1 23/54/1
f 63/50/1 25/56/1 24/55/1
f 63/50/1 26/57/1 25/56/1
f 63/50/1 62/58/1 26/57/1
f 62/58/1 61/59/1 26/57/1
f 61/59/1 27/60/1 26/57/1
f 65/1/1 64/61/1 63/50/1
f 60/62/1 27/60/1 61/59/1
f 59/63/1 27/60/1 60/62/1
f 58/64/1 27/60/1 59/63/1
f 58/64/1 28/65/1 27/60/1
f 57/66/1 28/65/1 58/64/1
f 56/67/1 28/65/1 57/66/1
f 56/67/1 29/68/1 28/65/1
f 55/69/1 29/68/1 56/67/1
f 55/69/1 30/70/1 29/68/1
f 54/71/1 30/70/1 55/69/1
f 54/71/1 31/72/1 30/70/1
f 53/73/1 31/72/1 54/71/1
f 53/73/1 32/74/1 31/72/1
f 52/75/1 32/74/1 53/73/1
f 52/75/1 33/76/1 32/74/1
f 51/77/1 33/76/1 52/75/1
f 51/77/1 34/78/1 33/76/1
f 51/77/1 35/79/1 34/78/1
f 50/80/1 35/79/1 51/77/1
f 50/80/1 36/81/1 35/79/1
f 49/82/1 36/81/1 50/80/1
f 49/82/1 37/83/1 36/81/1
f 49/82/1 38/84/1 37/83/1
f 49/82/1 39/85/1 38/84/1
f 49/82/1 40/86/1 39/85/1
f 49/82/1 41/87/1 40/86/1
f 49/82/1 42/88/1 41/87/1
f 49/82/1 43/89/1 42/88/1
f 49/82/1 44/90/1 43/89/1
f 49/82/1 45/91/1 44/90/1
f 49/82/1 46/92/1 45/91/1
f 49/82/1 47/93/1 46/92/1
f 49/82/1 48/94/1 47/93/1
f 103/95/1 95/5/1 104/96/1
f 95/5/1 105/97/1 104/96/1
f 95/5/1 106/14/1 105/97/1
f 103/95/1 96/98/1 95/5/1
f 103/95/1 99/99/1 96/98/1
f 99/99/1 97/100/1 96/98/1
f 99/99/1 98/101/1 97/100/1
f 103/95/1 100/102/1 99/99/1
f 103/95/1 101/103/1 100/102/1
f 103/95/1 102/104/1 101/103/1
f 107/5/1 109/74/1 108/105/1
f 107/5/1 110/106/1 109/74/1
f 110/106/1 112/107/1 111/50/1
f 110/106/1 113/14/1 112/107/1
f 107/5/1 113/14/1 110/106/1
f 160/108/1 114/5/1 161/109/1
f 160/108/1 115/110/1 114/5/1
f 159/111/1 115/110/1 160/108/1
f 159/111/1 116/112/1 115/110/1
f 158/113/1 116/112/1 159/111/1
f 158/113/1 117/114/1 116/112/1
f 157/115/1 117/114/1 158/113/1
f 157/115/1 118/116/1 117/114/1
f 156/117/1 118/116/1 157/115/1
f 156/117/1 119/118/1 118/116/1
f 155/119/1 185/120/1 156/117/1
f 185/120/1 119/118/1 156/117/1
f 155/119/1 186/121/1 185/120/1
f 184/122/1 119/118/1 185/120/1
f 155/119/1 187/123/1 186/121/1
f 183/124/1 119/118/1 184/122/1
f 155/119/1 188/125/1 187/123/1
f 182/126/1 119/118/1 183/124/1
f 182/126/1 120/127/1 119/118/1
f 154/128/1 188/125/1 155/119/1
f 154/128/1 189/129/1 188/125/1
f 181/130/1 120/127/1 182/126/1
f 154/128/1 190/131/1 189/129/1
f 180/132/1 120/127/1 181/130/1
f 180/132/1 121/133/1 120/127/1
f 153/134/1 190/131/1 154/128/1
f 153/134/1 191/135/1 190/131/1
f 179/136/1 121/133/1 180/132/1
f 153/134/1 192/137/1 191/135/1
f 178/138/1 121/133/1 179/136/1
f 178/138/1 122/139/1 121/133/1
f 152/140/1 192/137/1 153/134/1
f 152/140/1 193/141/1 192/137/1
f 177/142/1 122/139/1 178/138/1
f 177/142/1 123/143/1 122/139/1
f 151/144/1 193/141/1 152/140/1
f 151/144/1 194/145/1 193/141/1
f 176/146/1 123/143/1 177/142/1
f 151/144/1 195/147/1 194/145/1
f 175/148/1 123/143/1 176/146/1
f 175/148/1 124/149/1 123/143/1
f 150/150/1 195/147/1 151/144/1
f 150/150/1 196/151/1 195/147/1
f 174/152/1 124/149/1 175/148/1
f 174/152/1 125/153/1 124/149/1
f 149/154/1 196/151/1 150/150/1
f 149/154/1 197/155/1 196/151/1
f 173/156/1 125/153/1 174/152/1
f 148/157/1 197/155/1 149/154/1
f 148/157/1 198/158/1 197/155/1
f 172/159/1 125/153/1 173/156/1
f 172/159/1 126/160/1 125/153/1
f 148/157/1 199/161/1 198/158/1
f 171/162/1 126/160/1 172/159/1
f 171/162/1 127/163/1 126/160/1
f 147/164/1 199/161/1 148/157/1
f 147/164/1 200/165/1 199/161/1
f 170/166/1 127/163/1 171/162/1
f 170/166/1 128/167/1 127/163/1
f 146/168/1 200/165/1 147/164/1
f 146/168/1 201/169/1 200/165/1
f 169/170/1 128/167/1 170/166/1
f 169/170/1 129/171/1 128/167/1
f 145/172/1 201/169/1 146/168/1
f 145/172/1 202/173/1 201/169/1
f 168/174/1 129/171/1 169/170/1
f 145/172/1 203/175/1 202/173/1
f 167/176/1 129/171/1 168/174/1
f 167/176/1 130/177/1 129/171/1
f 144/178/1 203/175/1 145/172/1
f 144/178/1 204/179/1 203/175/1
f 166/180/1 130/177/1 167/176/1
f 144/178/1 205/181/1 204/179/1
f 165/182/1 130/177/1 166/180/1
f 165/182/1 131/183/1 130/177/1
f 143/184/1 205/181/1 144/178/1
f 143/184/1 206/185/1 205/181/1
f 164/186/1 131/183/1 165/182/1
f 143/184/1 207/187/1 206/185/1
f 163/188/1 131/183/1 164/186/1
f 163/188/1 132/189/1 131/183/1
f 142/190/1 207/187/1 143/184/1
f 142/190/1 208/191/1 207/187/1
f 162/192/1 132/189/1 163/188/1
f 142/190/1 209/14/1 208/191/1
f 209/14/1 132/189/1 162/192/1
f 142/190/1 132/189/1 209/14/1
f 142/190/1 133/193/1 132/189/1
f 141/194/1 133/193/1 142/190/1
f 141/194/1 134/195/1 133/193/1
f 140/196/1 134/195/1 141/194/1
f 140/196/1 135/197/1 134/195/1
f 139/198/1 135/197/1 140/196/1
f 139/198/1 136/199/1 135/197/1
f 138/200/1 136/199/1 139/198/1
f 138/200/1 137/201/1 136/199/1
f 218/95/1 210/5/1 219/96/1
f 210/5/1 220/97/1 219/96/1
f 210/5/1 221/14/1 220/97/1
f 218/95/1 211/98/1 210/5/1
f 218/95/1 214/99/1 211/98/1
f 214/99/1 212/100/1 211/98/1
f 214/99/1 213/101/1 212/100/1
f 218/95/1 215/102/1 214/99/1
f 218/95/1 216/103/1 215/102/1
f 218/95/1 217/104/1 216/103/1
f 230/202/1 232/203/1 231/204/1
f 230/202/1 228/205/1 232/203/1
f 228/205/1 227/206/1 232/203/1
f 227/206/1 233/207/1 232/203/1
f 233/207/1 235/208/1 234/209/1
f 233/207/1 224/210/1 235/208/1
f 224/210/1 223/211/1 235/208/1
f 223/211/1 236/14/1 235/208/1
f 230/202/1 229/106/1 228/205/1
f 226/212/1 233/207/1 227/206/1
f 233/207/1 225/213/1 224/210/1
f 222/5/1 236/14/1 223/211/1
f 226/212/1 225/213/1 233/207/1
f 241/140/1 243/162/1 242/106/1
f 241/140/1 246/214/1 243/162/1
f 246/214/1 244/215/1 243/162/1
f 241/140/1 247/14/1 246/214/1
f 245/131/1 244/215/1 246/214/1
f 241/140/1 239/193/1 247/14/1
f 239/193/1 245/131/1 247/14/1
f 239/193/1 238/216/1 245/131/1
f 238/216/1 244/215/1 245/131/1
f 241/140/1 240/217/1 239/193/1
f 237/5/1 244/215/1 238/216/1
f 282/218/1 284/219/1 283/220/1
f 282/218/1 285/221/1 284/219/1
f 282/218/1 286/222/1 285/221/1
f 282/218/1 287/223/1 286/222/1
f 281/224/1 287/223/1 282/218/1
f 281/224/1 288/225/1 287/223/1
f 281/224/1 289/226/1 288/225/1
f 281/224/1 290/227/1 289/226/1
f 280/228/1 290/227/1 281/224/1
f 280/228/1 291/229/1 290/227/1
f 280/228/1 292/230/1 291/229/1
f 279/231/1 292/230/1 280/228/1
f 279/231/1 293/232/1 292/230/1
f 279/231/1 294/233/1 293/232/1
f 278/234/1 294/233/1 279/231/1
f 278/234/1 295/235/1 294/233/1
f 278/234/1 306/236/1 295/235/1
f 306/236/1 305/237/1 295/235/1
f 305/237/1 304/238/1 295/235/1
f 304/238/1 303/239/1 295/235/1
f 303/239/1 302/240/1 295/235/1
f 302/240/1 301/241/1 295/235/1
f 301/241/1 300/242/1 295/235/1
f 300/242/1 299/243/1 295/235/1
f 299/243/1 298/244/1 295/235/1
f 298/244/1 297/245/1 295/235/1
f 297/245/1 296/246/1 295/235/1
f 277/247/1 308/248/1 278/234/1
f 308/248/1 307/249/1 278/234/1
f 307/249/1 306/236/1 278/234/1
f 277/247/1 309/250/1 308/248/1
f 277/247/1 310/251/1 309/250/1
f 277/247/1 311/252/1 310/251/1
f 276/253/1 311/252/1 277/247/1
f 276/253/1 312/254/1 311/252/1
f 276/253/1 313/255/1 312/254/1
f 275/256/1 313/255/1 276/253/1
f 275/256/1 314/257/1 313/255/1
f 275/256/1 315/258/1 314/257/1
f 274/259/1 315/258/1 275/256/1
f 274/259/1 316/260/1 315/258/1
f 273/261/1 316/260/1 274/259/1
f 273/261/1 317/262/1 316/260/1
f 273/261/1 318/263/1 317/262/1
f 272/264/1 318/263/1 273/261/1
f 272/264/1 319/265/1 318/263/1
f 271/266/1 319/265/1 272/264/1
f 271/266/1 320/267/1 319/265/1
f 271/266/1 321/268/1 320/267/1
f 270/269/1 321/268/1 271/266/1
f 346/270/1 348/271/1 347/272/1
f 346/270/1 345/273/1 348/271/1
f 345/273/1 349/14/1 348/271/1
f 270/269/1 322/274/1 321/268/1
f 269/275/1 322/274/1 270/269/1
f 269/275/1 323/276/1 322/274/1
f 344/277/1 349/14/1 345/273/1
f 268/278/1 323/276/1 269/275/1
f 268/278/1 324/279/1 323/276/1
f 268/278/1 325/280/1 324/279/1
f 267/281/1 325/280/1 268/278/1
f 267/281/1 326/282/1 325/280/1
f 266/283/1 326/282/1 267/281/1
f 266/283/1 327/284/1 326/282/1
f 266/283/1 328/285/1 327/284/1
f 265/286/1 328/285/1 266/283/1
f 265/286/1 329/287/1 328/285/1
f 343/288/1 349/14/1 344/277/1
f 342/289/1 349/14/1 343/288/1
f 341/290/1 349/14/1 342/289/1
f 265/286/1 330/291/1 329/287/1
f 340/292/1 349/14/1 341/290/1
f 339/293/1 349/14/1 340/292/1
f 338/294/1 349/14/1 339/293/1
f 265/286/1 331/295/1 330/291/1
f 264/296/1 331/295/1 265/286/1
f 337/297/1 349/14/1 338/294/1
f 336/298/1 349/14/1 337/297/1
f 335/299/1 349/14/1 336/298/1
f 264/296/1 332/300/1 331/295/1
f 334/301/1 349/14/1 335/299/1
f 333/302/1 349/14/1 334/301/1
f 332/300/1 349/14/1 333/302/1
f 264/296/1 349/14/1 332/300/1
f 263/303/1 349/14/1 264/296/1
f 263/303/1 248/5/1 349/14/1
f 263/303/1 249/304/1 248/5/1
f 262/305/1 249/304/1 263/303/1
f 262/305/1 250/306/1 249/304/1
f 262/305/1 251/307/1 250/306/1
f 261/308/1 251/307/1 262/305/1
f 261/308/1 252/309/1 251/307/1
f 261/308/1 253/310/1 252/309/1
f 261/308/1 254/311/1 253/310/1
f 260/312/1 254/311/1 261/308/1
f 260/312/1 255/313/1 254/311/1
f 260/312/1 256/314/1 255/313/1
f 260/312/1 257/315/1 256/314/1
f 259/316/1 257/315/1 260/312/1
f 259/316/1 258/317/1 257/315/1
f 414/1/2 415/3/2 442/2/2
f 442/2/2 415/3/2 416/4/2
f 442/2/2 416/4/2 350/5/2
f 442/2/2 350/5/2 351/6/2
f 442/2/2 351/6/2 352/7/2
f 442/2/2 352/7/2 353/8/2
f 442/2/2 353/8/2 354/9/2
f 442/2/2 354/9/2 355/10/2
f 442/2/2 355/10/2 356/11/2
f 442/2/2 356/11/2 441/12/2
f 441/12/2 356/11/2 357/13/2
f 414/1/2 442/2/2 443/14/2
f 440/15/2 441/12/2 357/13/2
f 439/16/2 440/15/2 357/13/2
f 438/17/2 439/16/2 357/13/2
f 438/17/2 357/13/2 358/18/2
f 437/19/2 438/17/2 358/18/2
f 436/20/2 437/19/2 358/18/2
f 435/21/2 436/20/2 358/18/2
f 435/21/2 358/18/2 359/22/2
f 434/23/2 435/21/2 359/22/2
f 433/24/2 434/23/2 359/22/2
f 432/25/2 433/24/2 359/22/2
f 432/25/2 359/22/2 360/26/2
f 431/27/2 432/25/2 360/26/2
f 430/28/2 431/27/2 360/26/2
f 430/28/2 360/26/2 361/29/2
f 429/30/2 430/28/2 361/29/2
f 428/31/2 429/30/2 361/29/2
f 428/31/2 361/29/2 362/32/2
f 427/33/2 428/31/2 362/32/2
f 427/33/2 362/32/2 363/34/2
f 426/35/2 427/33/2 363/34/2
f 425/36/2 426/35/2 363/34/2
f 425/36/2 363/34/2 364/37/2
f 424/38/2 425/36/2 364/37/2
f 424/38/2 364/37/2 365/39/2
f 423/40/2 424/38/2 365/39/2
f 423/40/2 365/39/2 366/41/2
f 422/42/2 423/40/2 366/41/2
f 421/43/2 422/42/2 366/41/2
f 421/43/2 366/41/2 367/44/2
f 420/45/2 421/43/2 367/44/2
f 419/46/2 420/45/2 367/44/2
f 419/46/2 367/44/2 368/47/2
f 418/48/2 419/46/2 368/47/2
f 417/49/2 418/48/2 368/47/2
f 414/1/2 443/14/2 412/50/2
f 412/50/2 443/14/2 417/49/2
f 412/50/2 417/49/2 368/47/2
f 412/50/2 368/47/2 369/51/2
f 412/50/2 369/51/2 370/52/2
f 412/50/2 370/52/2 371/53/2
f 412/50/2 371/53/2 372/54/2
f 412/50/2 372/54/2 373/55/2
f 412/50/2 373/55/2 374/56/2
f 412/50/2 374/56/2 375/57/2
f 412/50/2 375/57/2 411/58/2
f 411/58/2 375/57/2 410/59/2
f 410/59/2 375/57/2 376/60/2
f 414/1/2 412/50/2 413/61/2
f 409/62/2 410/59/2 376/60/2
f 408/63/2 409/62/2 376/60/2
f 407/64/2 408/63/2 376/60/2
f 407/64/2 376/60/2 377/65/2
f 406/66/2 407/64/2 377/65/2
f 405/67/2 406/66/2 377/65/2
f 405/67/2 377/65/2 378/68/2
f 404/69/2 405/67/2 378/68/2
f 404/69/2 378/68/2 379/70/2
f 403/71/2 404/69/2 379/70/2
f 403/71/2 379/70/2 380/72/2
f 402/73/2 403/71/2 380/72/2
f 402/73/2 380/72/2 381/74/2
f 401/75/2 402/73/2 381/74/2
f 401/75/2 381/74/2 382/76/2
f 400/77/2 401/75/2 382/76/2
f 400/77/2 382/76/2 383/78/2
f 400/77/2 383/78/2 384/79/2
f 399/80/2 400/77/2 384/79/2
f 399/80/2 384/79/2 385/81/2
f 398/82/2 399/80/2 385/81/2
f 398/82/2 385/81/2 386/83/2
f 398/82/2 386/83/2 387/84/2
f 398/82/2 387/84/2 388/85/2
f 398/82/2 388/85/2 389/86/2
f 398/82/2 389/86/2 390/87/2
f 398/82/2 390/87/2 391/88/2
f 398/82/2 391/88/2 392/89/2
f 398/82/2 392/89/2 393/90/2
f 398/82/2 393/90/2 394/91/2
f 398/82/2 394/91/2 395/92/2
f 398/82/2 395/92/2 396/93/2
f 398/82/2 396/93/2 397/94/2
f 452/95/2 453/96/2 444/5/2
f 444/5/2 453/96/2 454/97/2
f 444/5/2 454/97/2 455/14/2
f 452/95/2 444/5/2 445/98/2
f 452/95/2 445/98/2 448/99/2
f 448/99/2 445/98/2 446/100/2
f 448/99/2 446/100/2 447/101/2
f 452/95/2 448/99/2 449/102/2
f 452/95/2 449/102/2 450/103/2
f 452/95/2 450/103/2 451/104/2
f 456/5/2 457/105/2 458/74/2
f 456/5/2 458/74/2 459/106/2
f 459/106/2 460/50/2 461/107/2
f 459/106/2 461/107/2 462/14/2
f 456/5/2 459/106/2 462/14/2
f 509/108/2 510/109/2 463/5/2
f 509/108/2 463/5/2 464/110/2
f 508/111/2 509/108/2 464/110/2
f 508/111/2 464/110/2 465/112/2
f 507/113/2 508/111/2 465/112/2
f 507/113/2 465/112/2 466/114/2
f 506/115/2 507/113/2 466/114/2
f 506/115/2 466/114/2 467/116/2
f 505/117/2 506/115/2 467/116/2
f 505/117/2 467/116/2 468/118/2
f 504/119/2 505/117/2 534/120/2
f 534/120/2 505/117/2 468/118/2
f 504/119/2 534/120/2 535/121/2
f 533/122/2 534/120/2 468/118/2
f 504/119/2 535/121/2 536/123/2
f 532/124/2 533/122/2 468/118/2
f 504/119/2 536/123/2 537/125/2
f 531/126/2 532/124/2 468/118/2
f 531/126/2 468/118/2 469/127/2
f 503/128/2 504/119/2 537/125/2
f 503/128/2 537/125/2 538/129/2
f 530/130/2 531/126/2 469/127/2
f 503/128/2 538/129/2 539/131/2
f 529/132/2 530/130/2 469/127/2
f 529/132/2 469/127/2 470/133/2
f 502/134/2 503/128/2 539/131/2
f 502/134/2 539/131/2 540/135/2
f 528/136/2 529/132/2 470/133/2
f 502/134/2 540/135/2 541/137/2
f 527/138/2 528/136/2 470/133/2
f 527/138/2 470/133/2 471/139/2
f 501/140/2 502/134/2 541/137/2
f 501/140/2 541/137/2 542/141/2
f 526/142/2 527/138/2 471/139/2
f 526/142/2 471/139/2 472/143/2
f 500/144/2 501/140/2 542/141/2
f 500/144/2 542/141/2 543/145/2
f 525/146/2 526/142/2 472/143/2
f 500/144/2 543/145/2 544/147/2
f 524/148/2 525/146/2 472/143/2
f 524/148/2 472/143/2 473/149/2
f 499/150/2 500/144/2 544/147/2
f 499/150/2 544/147/2 545/151/2
f 523/152/2 524/148/2 473/149/2
f 523/152/2 473/149/2 474/153/2
f 498/154/2 499/150/2 545/151/2
f 498/154/2 545/151/2 546/155/2
f 522/156/2 523/152/2 474/153/2
f 497/157/2 498/154/2 546/155/2
f 497/157/2 546/155/2 547/158/2
f 521/159/2 522/156/2 474/153/2
f 521/159/2 474/153/2 475/160/2
f 497/157/2 547/158/2 548/161/2
f 520/162/2 521/159/2 475/160/2
f 520/162/2 475/160/2 476/163/2
f 496/164/2 497/157/2 548/161/2
f 496/164/2 548/161/2 549/165/2
f 519/166/2 520/162/2 476/163/2
f 519/166/2 476/163/2 477/167/2
f 495/168/2 496/164/2 549/165/2
f 495/168/2 549/165/2 550/169/2
f 518/170/2 519/166/2 477/167/2
f 518/170/2 477/167/2 478/171/2
f 494/172/2 495/168/2 550/169/2
f 494/172/2 550/169/2 551/173/2
f 517/174/2 518/170/2 478/171/2
f 494/172/2 551/173/2 552/175/2
f 516/176/2 517/174/2 478/171/2
f 516/176/2 478/171/2 479/177/2
f 493/178/2 494/172/2 552/175/2
f 493/178/2 552/175/2 553/179/2
f 515/180/2 516/176/2 479/177/2
f 493/178/2 553/179/2 554/181/2
f 514/182/2 515/180/2 479/177/2
f 514/182/2 479/177/2 480/183/2
f 492/184/2 493/178/2 554/181/2
f 492/184/2 554/181/2 555/185/2
f 513/186/2 514/182/2 480/183/2
f 492/184/2 555/185/2 556/187/2
f 512/188/2 513/186/2 480/183/2
f 512/188/2 480/183/2 481/189/2
f 491/190/2 492/184/2 556/187/2
f 491/190/2 556/187/2 557/191/2
f 511/192/2 512/188/2 481/189/2
f 491/190/2 557/191/2 558/14/2
f 558/14/2 511/192/2 481/189/2
f 491/190/2 558/14/2 481/189/2
f 491/190/2 481/189/2 482/193/2
f 490/194/2 491/190/2 482/193/2
f 490/194/2 482/193/2 483/195/2
f 489/196/2 490/194/2 483/195/2
f 489/196/2 483/195/2 484/197/2
f 488/198/2 489/196/2 484/197/2
f 488/198/2 484/197/2 485/199/2
f 487/200/2 488/198/2 485/199/2
f 487/200/2 485/199/2 486/201/2
f 567/95/2 568/96/2 559/5/2
f 559/5/2 568/96/2 569/97/2
f 559/5/2 569/97/2 570/14/2
f 567/95/2 559/5/2 560/98/2
f 567/95/2 560/98/2 563/99/2
f 563/99/2 560/98/2 561/100/2
f 563/99/2 561/100/2 562/101/2
f 567/95/2 563/99/2 564/102/2
f 567/95/2 564/102/2 565/103/2
f 567/95/2 565/103/2 566/104/2
f 579/202/2 580/204/2 581/203/2
f 579/202/2 581/203/2 577/205/2
f 577/205/2 581/203/2 576/206/2
f 576/206/2 581/203/2 582/207/2
f 582/207/2 583/209/2 584/208/2
f 582/207/2 584/208/2 573/210/2
f 573/210/2 584/208/2 572/211/2
f 572/211/2 584/208/2 585/14/2
f 579/202/2 577/205/2 578/106/2
f 575/212/2 576/206/2 582/207/2
f 582/207/2 573/210/2 574/213/2
f 571/5/2 572/211/2 585/14/2
f 575/212/2 582/207/2 574/213/2
f 590/140/2 591/106/2 592/162/2
f 590/140/2 592/162/2 595/214/2
f 595/214/2 592/162/2 593/215/2
f 590/140/2 595/214/2 596/14/2
f 594/131/2 595/214/2 593/215/2
f 590/140/2 596/14/2 588/193/2
f 588/193/2 596/14/2 594/131/2
f 588/193/2 594/131/2 587/216/2
f 587/216/2 594/131/2 593/215/2
f 590/140/2 588/193/2 589/217/2
f 586/5/2 587/216/2 593/215/2
f 631/218/2 632/220/2 633/219/2
f 631/218/2 633/219/2 634/221/2
f 631/218/2 634/221/2 635/222/2
f 631/218/2 635/222/2 636/223/2
f 630/224/2 631/218/2 636/223/2
f 630/224/2 636/223/2 637/225/2
f 630/224/2 637/225/2 638/226/2
f 630/224/2 638/226/2 639/227/2
f 629/228/2 630/224/2 639/227/2
f 629/228/2 639/227/2 640/229/2
f 629/228/2 640/229/2 641/230/2
f 628/231/2 629/228/2 641/230/2
f 628/231/2 641/230/2 642/232/2
f 628/231/2 642/232/2 643/233/2
f 627/234/2 628/231/2 643/233/2
f 627/234/2 643/233/2 644/235/2
f 627/234/2 644/235/2 655/236/2
f 655/236/2 644/235/2 654/237/2
f 654/237/2 644/235/2 653/238/2
f 653/238/2 644/235/2 652/239/2
f 652/239/2 644/235/2 651/240/2
f 651/240/2 644/235/2 650/241/2
f 650/241/2 644/235/2 649/242/2
f 649/242/2 644/235/2 648/243/2
f 648/243/2 644/235/2 647/244/2
f 647/244/2 644/235/2 646/245/2
f 646/245/2 644/235/2 645/246/2
f 626/247/2 627/234/2 657/248/2
f 657/248/2 627/234/2 656/249/2
f 656/249/2 627/234/2 655/236/2
f 626/247/2 657/248/2 658/250/2
f 626/247/2 658/250/2 659/251/2
f 626/247/2 659/251/2 660/252/2
f 625/253/2 626/247/2 660/252/2
f 625/253/2 660/252/2 661/254/2
f 625/253/2 661/254/2 662/255/2
f 624/256/2 625/253/2 662/255/2
f 624/256/2 662/255/2 663/257/2
f 624/256/2 663/257/2 664/258/2
f 623/259/2 624/256/2 664/258/2
f 623/259/2 664/258/2 665/260/2
f 622/261/2 623/259/2 665/260/2
f 622/261/2 665/260/2 666/262/2
f 622/261/2 666/262/2 667/263/2
f 621/264/2 622/261/2 667/263/2
f 621/264/2 667/263/2 668/265/2
f 620/266/2 621/264/2 668/265/2
f 620/266/2 668/265/2 669/267/2
f 620/266/2 669/267/2 670/268/2
f 619/269/2 620/266/2 670/268/2
f 695/270/2 696/272/2 697/271/2
f 695/270/2 697/271/2 694/273/2
f 694/273/2 697/271/2 698/14/2
f 619/269/2 670/268/2 671/274/2
f 618/275/2 619/269/2 671/274/2
f 618/275/2 671/274/2 672/276/2
f 693/277/2 694/273/2 698/14/2
f 617/278/2 618/275/2 672/276/2
f 617/278/2 672/276/2 673/279/2
f 617/278/2 673/279/2 674/280/2
f 616/281/2 617/278/2 674/280/2
f 616/281/2 674/280/2 675/282/2
f 615/283/2 616/281/2 675/282/2
f 615/283/2 675/282/2 676/284/2
f 615/283/2 676/284/2 677/285/2
f 614/286/2 615/283/2 677/285/2
f 614/286/2 677/285/2 678/287/2
f 692/288/2 693/277/2 698/14/2
f 691/289/2 692/288/2 698/14/2
f 690/290/2 691/289/2 698/14/2
f 614/286/2 678/287/2 679/291/2
f 689/292/2 690/290/2 698/14/2
f 688/293/2 689/292/2 698/14/2
f 687/294/2 688/293/2 698/14/2
f 614/286/2 679/291/2 680/295/2
f 613/296/2 614/286/2 680/295/2
f 686/297/2 687/294/2 698/14/2
f 685/298/2 686/297/2 698/14/2
f 684/299/2 685/298/2 698/14/2
f 613/296/2 680/295/2 681/300/2
f 683/301/2 684/299/2 698/14/2
f 682/302/2 683/301/2 698/14/2
f 681/300/2 682/302/2 698/14/2
f 613/296/2 681/300/2 698/14/2
f 612/303/2 613/296/2 698/14/2
f 612/303/2 698/14/2 597/5/2
f 612/303/2 597/5/2 598/304/2
f 611/305/2 612/303/2 598/304/2
f 611/305/2 598/304/2 599/306/2
f 611/305/2 599/306/2 600/307/2
f 610/308/2 611/305/2 600/307/2
f 610/308/2 600/307/2 601/309/2
f 610/308/2 601/309/2 602/310/2
f 610/308/2 602/310/2 603/311/2
f 609/312/2 610/308/2 603/311/2
f 609/312/2 603/311/2 604/313/2
f 609/312/2 604/313/2 605/314/2
f 609/312/2 605/314/2 606/315/2
f 608/316/2 609/312/2 606/315/2
f 608/316/2 606/315/2 607/317/2
s 1
f 700/318/3 702/319/4 701/320/4 699/5/3
f 702/319/4 704/321/5 703/322/5 701/320/4
f 704/321/5 706/323/6 705/324/6 703/322/5
f 706/323/6 708/325/7 707/326/7 705/324/6
f 708/325/7 710/327/8 709/328/8 707/326/7
f 710/327/8 712/329/9 711/330/9 709/328/8
f 712/329/9 714/331/10 713/332/10 711/330/9
f 714/331/10 716/333/11 715/334/11 713/332/10
f 716/333/11 718/335/12 717/336/12 715/334/11
f 718/335/12 720/337/13 719/338/13 717/336/12
f 720/337/13 722/339/14 721/340/14 719/338/13
f 722/339/14 724/341/15 723/342/15 721/340/14
f 724/341/15 726/343/16 725/344/16 723/342/15
f 726/343/16 728/345/17 727/346/17 725/344/16
f 728/345/17 730/347/18 729/348/18 727/346/17
f 730/347/18 732/349/19 731/350/19 729/348/18
f 732/349/19 734/351/20 733/105/20 731/350/19
f 734/351/20 736/352/21 735/353/21 733/105/20
f 736/352/21 738/354/22 737/355/22 735/353/21
f 738/354/22 740/356/23 739/357/23 737/355/22
f 740/356/23 742/358/24 741/359/24 739/357/23
f 742/358/24 744/360/25 743/361/25 741/359/24
f 744/360/25 746/362/26 745/363/26 743/361/25
f 746/362/26 748/364/27 747/365/27 745/363/26
f 748/364/27 750/366/28 749/367/28 747/365/27
f 750/366/28 752/368/29 751/369/29 749/367/28
f 752/368/29 754/370/30 753/371/30 751/369/29
f 754/370/30 756/372/31 755/373/31 753/371/30
f 756/372/31 758/374/32 757/375/32 755/373/31
f 758/374/32 760/376/33 759/377/33 757/375/32
f 760/376/33 762/378/34 761/379/34 759/377/33
f 762/378/34 764/380/35 763/381/35 761/379/34
f 764/380/35 766/382/36 765/383/36 763/381/35
f 766/382/36 768/384/37 767/74/37 765/383/36
f 768/384/37 770/385/38 769/386/38 767/74/37
f 770/385/38 772/387/39 771/388/39 769/386/38
f 772/387/39 774/389/40 773/390/40 771/388/39
f 774/389/40 776/391/41 775/392/41 773/390/40
f 776/391/41 778/393/42 777/394/42 775/392/41
f 778/393/42 780/395/43 779/396/43 777/394/42
f 780/395/43 782/397/44 781/398/44 779/396/43
f 782/397/44 784/399/45 783/400/45 781/398/44
f 784/399/45 786/401/46 785/402/46 783/400/45
f 786/401/46 788/403/47 787/404/47 785/402/46
f 788/403/47 790/405/48 789/406/48 787/404/47
f 790/405/48 792/407/49 791/408/49 789/406/48
f 792/407/49 794/409/50 793/410/50 791/408/49
f 794/409/50 796/411/51 795/412/51 793/410/50
f 796/411/51 798/413/52 797/414/52 795/412/51
f 798/413/52 800/415/53 799/416/53 797/414/52
f 800/415/53 802/417/54 801/106/54 799/416/53
f 802/417/54 804/418/55 803/419/55 801/106/54
f 804/418/55 806/420/56 805/421/56 803/419/55
f 806/420/56 808/422/57 807/423/57 805/421/56
f 808/422/57 810/424/58 809/425/58 807/423/57
f 810/424/58 812/426/59 811/427/59 809/425/58
f 812/426/59 814/428/60 813/429/60 811/427/59
f 814/428/60 816/430/61 815/431/61 813/429/60
f 816/430/61 818/432/62 817/433/62 815/431/61
f 818/432/62 820/434/63 819/435/63 817/433/62
f 820/434/63 822/436/64 821/437/64 819/435/63
f 822/436/64 824/438/65 823/439/65 821/437/64
f 824/438/65 826/440/66 825/441/66 823/439/65
f 826/440/66 828/442/67 827/443/67 825/441/66
f 828/442/67 830/444/68 829/445/68 827/443/67
f 830/444/68 832/446/69 831/447/69 829/445/68
f 832/446/69 834/448/70 833/449/70 831/447/69
f 834/448/70 836/450/71 835/50/71 833/449/70
f 836/450/71 838/451/72 837/452/72 835/50/71
f 838/451/72 840/453/73 839/454/73 837/452/72
f 840/453/73 842/455/74 841/456/74 839/454/73
f 842/455/74 844/457/75 843/458/75 841/456/74
f 844/457/75 846/459/76 845/460/76 843/458/75
f 846/459/76 848/461/77 847/462/77 845/460/76
f 848/461/77 850/463/78 849/464/78 847/462/77
f 850/463/78 852/465/79 851/466/79 849/464/78
f 852/465/79 854/467/80 853/468/80 851/466/79
f 854/467/80 856/469/81 855/470/81 853/468/80
f 856/469/81 858/471/82 857/472/82 855/470/81
f 858/471/82 860/473/83 859/474/83 857/472/82
f 860/473/83 862/475/84 861/476/84 859/474/83
f 862/475/84 864/477/85 863/478/85 861/476/84
f 864/477/85 866/479/86 865/480/86 863/478/85
f 866/479/86 868/481/87 867/482/87 865/480/86
f 868/481/87 870/483/88 869/107/88 867/482/87
f 870/483/88 872/484/89 871/485/89 869/107/88
f 872/484/89 874/486/90 873/487/90 871/485/89
f 874/486/90 876/488/91 875/489/91 873/487/90
f 876/488/91 878/490/92 877/491/92 875/489/91
f 878/490/92 880/492/93 879/493/93 877/491/92
f 880/492/93 882/494/94 881/495/94 879/493/93
f 882/494/94 884/496/95 883/497/95 881/495/94
f 884/496/95 886/498/96 885/499/96 883/497/95
f 886/498/96 888/500/97 887/501/97 885/499/96
f 888/500/97 890/502/98 889/503/98 887/501/97
f 890/502/98 892/504/99 891/505/99 889/503/98
f 892/504/99 894/506/100 893/507/100 891/505/99
f 894/506/100 896/508/100 895/509/100 893/507/100
f 896/508/100 898/510/101 897/511/101 895/509/100
f 898/510/101 900/512/102 899/513/102 897/511/101
f 900/512/102 902/514/103 901/515/103 899/513/102
f 902/514/103 700/516/3 699/14/3 901/515/103
f 904/318/104 906/517/104 905/518/104 903/5/104
f 906/517/104 908/519/105 907/520/105 905/518/104
f 908/519/105 910/521/105 909/522/105 907/520/105
f 910/521/105 912/417/106 911/106/106 909/522/105
f 912/417/106 914/523/107 913/524/107 911/106/106
f 914/523/107 916/525/108 915/526/108 913/524/107
f 916/525/108 918/527/109 917/528/109 915/526/108
f 918/527/109 904/516/104 903/14/104 917/528/109
f 920/318/110 922/384/111 921/74/111 919/5/110
f 922/384/111 924/450/112 923/50/112 921/74/111
f 924/450/112 920/516/110 919/14/110 923/50/112
f 926/318/100 928/529/100 927/530/100 925/5/100
f 928/529/100 930/531/113 929/532/113 927/530/100
f 930/531/113 932/533/113 931/193/113 929/532/113
f 932/533/113 934/534/114 933/535/114 931/193/113
f 934/534/114 936/384/114 935/74/114 933/535/114
f 936/384/114 938/536/115 937/140/115 935/74/114
f 938/536/115 940/537/115 939/538/115 937/140/115
f 940/537/115 942/539/100 941/540/100 939/538/115
f 942/539/100 944/541/101 943/162/101 941/540/100
f 944/541/101 946/450/116 945/50/116 943/162/101
f 946/450/116 948/542/117 947/543/117 945/50/116
f 948/542/117 950/544/118 949/131/118 947/543/117
f 950/544/118 952/545/102 951/546/102 949/131/118
f 952/545/102 954/547/115 953/548/115 951/546/102
f 954/547/115 926/516/100 925/14/100 953/548/115
f 956/318/115 958/549/102 957/550/102 955/5/115
f 958/549/102 960/351/102 959/105/102 957/550/102
f 960/351/102 962/519/115 961/520/115 959/105/102
f 962/519/115 964/384/115 963/74/115 961/520/115
f 964/384/115 966/551/102 965/552/102 963/74/115
f 966/551/102 968/417/102 967/106/102 965/552/102
f 968/417/102 970/553/115 969/554/115 967/106/102
f 970/553/115 972/450/100 971/50/100 969/554/115
f 972/450/100 974/525/101 973/526/101 971/50/100
f 974/525/101 976/483/102 975/107/102 973/526/101
f 976/483/102 978/555/115 977/556/115 975/107/102
f 978/555/115 956/516/115 955/14/115 977/556/115
f 980/318/119 982/557/120 981/558/120 979/5/119
f 982/557/120 984/559/121 983/560/121 981/558/120
f 984/559/121 986/561/122 985/562/122 983/560/121
f 986/561/122 988/549/123 987/550/123 985/562/122
f 988/549/123 990/563/124 989/564/124 987/550/123
f 990/563/124 992/517/125 991/518/125 989/564/124
f 992/517/125 994/565/126 993/566/126 991/518/125
f 994/565/126 996/351/127 995/105/127 993/566/126
f 996/351/127 998/567/128 997/568/128 995/105/127
f 998/567/128 1000/569/129 999/570/129 997/568/128
f 1000/569/129 1002/571/130 1001/572/130 999/570/129
f 1002/571/130 1004/519/131 1003/520/131 1001/572/130
f 1004/519/131 1006/573/132 1005/574/132 1003/520/131
f 1006/573/132 1008/575/133 1007/576/133 1005/574/132
f 1008/575/133 1010/577/134 1009/578/134 1007/576/133
f 1010/577/134 1012/384/135 1011/74/135 1009/578/134
f 1012/384/135 1014/579/136 1013/580/136 1011/74/135
f 1014/579/136 1016/521/137 1015/522/137 1013/580/136
f 1016/521/137 1018/581/138 1017/582/138 1015/522/137
f 1018/581/138 1020/551/139 1019/552/139 1017/582/138
f 1020/551/139 1022/583/140 1021/584/140 1019/552/139
f 1022/583/140 1024/585/141 1023/586/141 1021/584/140
f 1024/585/141 1026/587/142 1025/588/142 1023/586/141
f 1026/587/142 1028/417/143 1027/106/143 1025/588/142
f 1028/417/143 1030/589/144 1029/590/144 1027/106/143
f 1030/589/144 1032/591/145 1031/592/145 1029/590/144
f 1032/591/145 1034/593/146 1033/594/146 1031/592/145
f 1034/593/146 1036/553/147 1035/554/147 1033/594/146
f 1036/553/147 1038/595/148 1037/596/148 1035/554/147
f 1038/595/148 1040/523/149 1039/524/149 1037/596/148
f 1040/523/149 1042/597/150 1041/598/150 1039/524/149
f 1042/597/150 1044/450/151 1043/50/151 1041/598/150
f 1044/450/151 1046/599/152 1045/600/152 1043/50/151
f 1046/599/152 1048/601/153 1047/602/153 1045/600/152
f 1048/601/153 1050/603/154 1049/604/154 1047/602/153
f 1050/603/154 1052/525/155 1051/526/155 1049/604/154
f 1052/525/155 1054/605/156 1053/606/156 1051/526/155
f 1054/605/156 1056/607/157 1055/608/157 1053/606/156
f 1056/607/157 1058/609/158 1057/610/158 1055/608/157
f 1058/609/158 1060/483/159 1059/107/159 1057/610/158
f 1060/483/159 1062/611/160 1061/612/160 1059/107/159
f 1062/611/160 1064/527/161 1063/528/161 1061/612/160
f 1064/527/161 1066/613/162 1065/614/162 1063/528/161
f 1066/613/162 1068/555/163 1067/556/163 1065/614/162
f 1068/555/163 1070/615/164 1069/616/164 1067/556/163
f 1070/615/164 1072/617/165 1071/618/165 1069/616/164
f 1072/617/165 1074/619/166 1073/620/166 1071/618/165
f 1074/619/166 980/516/119 979/14/119 1073/620/166
f 1076/318/167 1078/557/168 1077/558/168 1075/5/167
f 1078/557/168 1080/559/169 1079/560/169 1077/558/168
f 1080/559/169 1082/561/170 1081/562/170 1079/560/169
f 1082/561/170 1084/549/171 1083/550/171 1081/562/170
f 1084/549/171 1086/563/172 1085/564/172 1083/550/171
f 1086/563/172 1088/517/173 1087/518/173 1085/564/172
f 1088/517/173 1090/565/174 1089/566/174 1087/518/173
f 1090/565/174 1092/351/175 1091/105/175 1089/566/174
f 1092/351/175 1094/567/176 1093/568/176 1091/105/175
f 1094/567/176 1096/569/177 1095/570/177 1093/568/176
f 1096/569/177 1098/571/178 1097/572/178 1095/570/177
f 1098/571/178 1100/519/179 1099/520/179 1097/572/178
f 1100/519/179 1102/573/180 1101/574/180 1099/520/179
f 1102/573/180 1104/575/181 1103/576/181 1101/574/180
f 1104/575/181 1106/577/182 1105/578/182 1103/576/181
f 1106/577/182 1108/384/183 1107/74/183 1105/578/182
f 1108/384/183 1110/579/184 1109/580/184 1107/74/183
f 1110/579/184 1112/521/185 1111/522/185 1109/580/184
f 1112/521/185 1114/581/186 1113/582/186 1111/522/185
f 1114/581/186 1116/551/187 1115/552/187 1113/582/186
f 1116/551/187 1118/583/188 1117/584/188 1115/552/187
f 1118/583/188 1120/585/189 1119/586/189 1117/584/188
f 1120/585/189 1122/587/190 1121/588/190 1119/586/189
f 1122/587/190 1124/417/191 1123/106/191 1121/588/190
f 1124/417/191 1126/589/192 1125/590/192 1123/106/191
f 1126/589/192 1128/591/193 1127/592/193 1125/590/192
f 1128/591/193 1130/593/194 1129/594/194 1127/592/193
f 1130/593/194 1132/553/195 1131/554/195 1129/594/194
f 1132/553/195 1134/595/196 1133/596/196 1131/554/195
f 1134/595/196 1136/523/197 1135/524/197 1133/596/196
f 1136/523/197 1138/597/198 1137/598/198 1135/524/197
f 1138/597/198 1140/450/199 1139/50/199 1137/598/198
f 1140/450/199 1142/599/200 1141/600/200 1139/50/199
f 1142/599/200 1144/601/201 1143/602/201 1141/600/200
f 1144/601/201 1146/603/202 1145/604/202 1143/602/201
f 1146/603/202 1148/525/203 1147/526/203 1145/604/202
f 1148/525/203 1150/605/204 1149/606/204 1147/526/203
f 1150/605/204 1152/607/205 1151/608/205 1149/606/204
f 1152/607/205 1154/609/206 1153/610/206 1151/608/205
f 1154/609/206 1156/483/207 1155/107/207 1153/610/206
f 1156/483/207 1158/611/208 1157/612/208 1155/107/207
f 1158/611/208 1160/527/209 1159/528/209 1157/612/208
f 1160/527/209 1162/613/210 1161/614/210 1159/528/209
f 1162/613/210 1164/555/211 1163/556/211 1161/614/210
f 1164/555/211 1166/615/212 1165/616/212 1163/556/211
f 1166/615/212 1168/617/213 1167/618/213 1165/616/212
f 1168/617/213 1170/619/214 1169/620/214 1167/618/213
f 1170/619/214 1076/516/167 1075/14/167 1169/620/214
f 1172/318/215 1174/621/216 1173/210/216 1171/5/215
f 1174/621/216 1176/622/217 1175/212/217 1173/210/216
f 1176/622/217 1178/623/218 1177/205/218 1175/212/217
f 1178/623/218 1180/624/219 1179/202/219 1177/205/218
f 1180/624/219 1182/625/220 1181/203/220 1179/202/219
f 1182/625/220 1184/626/221 1183/209/221 1181/203/220
f 1184/626/221 1172/516/215 1171/14/215 1183/209/221
f 1186/318/115 1188/549/102 1187/550/102 1185/5/115
f 1188/549/102 1190/351/102 1189/105/102 1187/550/102
f 1190/351/102 1192/519/115 1191/520/115 1189/105/102
f 1192/519/115 1194/384/115 1193/74/115 1191/520/115
f 1194/384/115 1196/551/102 1195/552/102 1193/74/115
f 1196/551/102 1198/417/102 1197/106/102 1195/552/102
f 1198/417/102 1200/553/115 1199/554/115 1197/106/102
f 1200/553/115 1202/450/100 1201/50/100 1199/554/115
f 1202/450/100 1204/525/101 1203/526/101 1201/50/100
f 1204/525/101 1206/483/102 1205/107/102 1203/526/101
f 1206/483/102 1208/555/115 1207/556/115 1205/107/102
f 1208/555/115 1186/516/115 1185/14/115 1207/556/115
f 1210/318/222 1212/627/223 1211/628/223 1209/5/222
f 1212/627/223 1214/629/224 1213/630/224 1211/628/223
f 1214/629/224 1216/631/225 1215/632/225 1213/630/224
f 1216/631/225 1218/633/226 1217/634/226 1215/632/225
f 1218/633/226 1220/635/227 1219/636/227 1217/634/226
f 1220/635/227 1222/637/228 1221/638/228 1219/636/227
f 1222/637/228 1224/639/229 1223/640/229 1221/638/228
f 1224/639/229 1226/641/230 1225/642/230 1223/640/229
f 1226/641/230 1228/643/231 1227/644/231 1225/642/230
f 1228/643/231 1230/645/232 1229/646/232 1227/644/231
f 1230/645/232 1232/647/233 1231/648/233 1229/646/232
f 1232/647/233 1234/649/234 1233/650/234 1231/648/233
f 1234/649/234 1236/651/235 1235/652/235 1233/650/234
f 1236/651/235 1238/653/236 1237/654/236 1235/652/235
f 1238/653/236 1240/655/237 1239/656/237 1237/654/236
f 1240/655/237 1242/657/238 1241/658/238 1239/656/237
f 1242/657/238 1244/659/239 1243/660/239 1241/658/238
f 1244/659/239 1246/661/240 1245/662/240 1243/660/239
f 1246/661/240 1248/663/241 1247/664/241 1245/662/240
f 1248/663/241 1250/665/242 1249/666/242 1247/664/241
f 1250/665/242 1252/667/243 1251/668/243 1249/666/242
f 1252/667/243 1254/669/244 1253/670/244 1251/668/243
f 1254/669/244 1256/671/245 1255/672/245 1253/670/244
f 1256/671/245 1258/673/246 1257/674/246 1255/672/245
f 1258/673/246 1260/675/247 1259/676/247 1257/674/246
f 1260/675/247 1262/677/248 1261/678/248 1259/676/247
f 1262/677/248 1264/679/249 1263/680/249 1261/678/248
f 1264/679/249 1266/681/250 1265/682/250 1263/680/249
f 1266/681/250 1268/683/251 1267/684/251 1265/682/250
f 1268/683/251 1270/685/252 1269/686/252 1267/684/251
f 1270/685/252 1272/687/253 1271/688/253 1269/686/252
f 1272/687/253 1274/689/254 1273/690/254 1271/688/253
f 1274/689/254 1276/691/255 1275/692/255 1273/690/254
f 1276/691/255 1278/693/256 1277/694/256 1275/692/255
f 1278/693/256 1280/695/257 1279/696/257 1277/694/256
f 1280/695/257 1282/697/258 1281/698/258 1279/696/257
f 1282/697/258 1284/699/259 1283/700/259 1281/698/258
f 1284/699/259 1286/701/260 1285/702/260 1283/700/259
f 1286/701/260 1288/703/261 1287/704/261 1285/702/260
f 1288/703/261 1290/705/262 1289/706/262 1287/704/261
f 1290/705/262 1292/707/263 1291/708/263 1289/706/262
f 1292/707/263 1294/709/264 1293/710/264 1291/708/263
f 1294/709/264 1296/711/265 1295/712/265 1293/710/264
f 1296/711/265 1298/713/266 1297/714/266 1295/712/265
f 1298/713/266 1300/715/267 1299/716/267 1297/714/266
f 1300/715/267 1302/717/268 1301/718/268 1299/716/267
f 1302/717/268 1304/719/269 1303/720/269 1301/718/268
f 1304/719/269 1306/721/270 1305/722/270 1303/720/269
f 1306/721/270 1308/723/271 1307/724/271 1305/722/270
f 1308/723/271 1310/725/272 1309/726/272 1307/724/271
f 1310/725/272 1312/727/273 1311/728/273 1309/726/272
f 1312/727/273 1314/729/274 1313/730/274 1311/728/273
f 1314/729/274 1316/731/275 1315/732/275 1313/730/274
f 1316/731/275 1318/733/276 1317/734/276 1315/732/275
f 1318/733/276 1320/735/277 1319/736/277 1317/734/276
f 1320/735/277 1322/737/278 1321/738/278 1319/736/277
f 1322/737/278 1324/739/279 1323/740/279 1321/738/278
f 1324/739/279 1326/741/280 1325/742/280 1323/740/279
f 1326/741/280 1328/743/281 1327/744/281 1325/742/280
f 1328/743/281 1330/745/282 1329/746/282 1327/744/281
f 1330/745/282 1332/747/283 1331/748/283 1329/746/282
f 1332/747/283 1334/749/115 1333/750/115 1331/748/283
f 1334/749/115 1336/751/115 1335/752/115 1333/750/115
f 1336/751/115 1338/753/100 1337/754/100 1335/752/115
f 1338/753/100 1340/755/101 1339/756/101 1337/754/100
f 1340/755/101 1342/757/284 1341/758/284 1339/756/101
f 1342/757/284 1210/516/222 1209/14/222 1341/758/284
f 1344/318/285 1346/759/286 1345/760/286 1343/5/285
f 1346/759/286 1348/761/287 1347/762/287 1345/760/286
f 1348/761/287 1350/763/288 1349/764/288 1347/762/287
f 1350/763/288 1352/765/289 1351/766/289 1349/764/288
f 1352/765/289 1354/767/290 1353/768/290 1351/766/289
f 1354/767/290 1356/769/291 1355/770/291 1353/768/290
f 1356/769/291 1358/771/292 1357/772/292 1355/770/291
f 1358/771/292 1360/773/293 1359/774/293 1357/772/292
f 1360/773/293 1362/384/294 1361/74/294 1359/774/293
f 1362/384/294 1364/775/295 1363/776/295 1361/74/294
f 1364/775/295 1366/777/296 1365/778/296 1363/776/295
f 1366/777/296 1368/779/297 1367/780/297 1365/778/296
f 1368/779/297 1370/781/298 1369/782/298 1367/780/297
f 1370/781/298 1372/783/299 1371/784/299 1369/782/298
f 1372/783/299 1374/785/300 1373/786/300 1371/784/299
f 1374/785/300 1376/787/301 1375/788/301 1373/786/300
f 1376/787/301 1378/789/302 1377/790/302 1375/788/301
f 1378/789/302 1380/450/303 1379/50/303 1377/790/302
f 1380/450/303 1382/791/304 1381/792/304 1379/50/303
f 1382/791/304 1384/793/305 1383/794/305 1381/792/304
f 1384/793/305 1386/795/306 1385/796/306 1383/794/305
f 1386/795/306 1388/797/307 1387/798/307 1385/796/306
f 1388/797/307 1390/799/308 1389/800/308 1387/798/307
f 1390/799/308 1392/801/309 1391/802/309 1389/800/308
f 1392/801/309 1394/803/115 1393/804/115 1391/802/309
f 1394/803/115 1396/805/102 1395/806/102 1393/804/115
f 1396/805/102 1344/516/285 1343/14/285 1395/806/102
