# Blender 4.4.1
# www.blender.org
mtllib resultFont.mtl
o テキスト
v -8.075644 1.633203 -0.973668
v -8.075644 -1.455243 -0.973668
v -7.558376 -1.455243 -0.955568
v -7.558376 1.633203 -0.955568
v -6.312708 1.633203 -0.911982
v -6.312708 2.090750 -0.911982
v -9.321310 2.090750 -1.017254
v -9.321310 1.633203 -1.017254
v -6.170196 -0.997696 -0.906995
v -6.170196 -1.455243 -0.906995
v -4.027228 -1.455243 -0.832012
v -4.027228 2.090750 -0.832012
v -4.544496 2.090750 -0.850112
v -4.544496 -0.997696 -0.850111
v -3.308938 -0.272545 -0.806879
v -3.275884 -0.469980 -0.805722
v -3.220728 -0.653154 -0.803792
v -3.143415 -0.821109 -0.801087
v -3.043889 -0.972887 -0.797605
v -2.922095 -1.107533 -0.793343
v -2.777978 -1.224090 -0.788300
v -2.611485 -1.321600 -0.782475
v -2.422558 -1.399106 -0.775864
v -2.211144 -1.455653 -0.768466
v -1.977188 -1.490282 -0.760280
v -1.720634 -1.502038 -0.751303
v -1.531472 -1.493192 -0.744684
v -1.345683 -1.466365 -0.738184
v -1.165758 -1.421123 -0.731888
v -0.994190 -1.357033 -0.725885
v -0.833473 -1.273662 -0.720261
v -0.686097 -1.170576 -0.715104
v -0.554556 -1.047343 -0.710502
v -0.441343 -0.903529 -0.706540
v -0.348949 -0.738701 -0.703308
v -0.279867 -0.552425 -0.700890
v -0.236590 -0.344268 -0.699376
v -0.221611 -0.113797 -0.698852
v -0.221611 2.090750 -0.698852
v -0.738880 2.090750 -0.716951
v -0.738880 -0.004610 -0.716951
v -0.740014 -0.099956 -0.716991
v -0.743548 -0.186348 -0.717115
v -0.749684 -0.264580 -0.717329
v -0.758625 -0.335446 -0.717642
v -0.770571 -0.399740 -0.718060
v -0.785725 -0.458258 -0.718590
v -0.804287 -0.511792 -0.719240
v -0.826460 -0.561139 -0.720016
v -0.852445 -0.607091 -0.720925
v -0.882443 -0.650443 -0.721975
v -0.916657 -0.691990 -0.723172
v -0.955288 -0.732526 -0.724524
v -1.007850 -0.781057 -0.726363
v -1.062612 -0.825273 -0.728279
v -1.119573 -0.865192 -0.730272
v -1.178733 -0.900833 -0.732342
v -1.240093 -0.932213 -0.734489
v -1.303652 -0.959350 -0.736713
v -1.369410 -0.982263 -0.739014
v -1.437367 -1.000970 -0.741392
v -1.507524 -1.015488 -0.743847
v -1.579881 -1.025835 -0.746378
v -1.654436 -1.032031 -0.748987
v -1.731190 -1.034092 -0.751673
v -1.827843 -1.031543 -0.755055
v -1.919839 -1.024102 -0.758274
v -2.007144 -1.012076 -0.761328
v -2.089721 -0.995770 -0.764218
v -2.167532 -0.975493 -0.766940
v -2.240542 -0.951551 -0.769495
v -2.308713 -0.924251 -0.771880
v -2.372009 -0.893900 -0.774095
v -2.430393 -0.860805 -0.776138
v -2.483829 -0.825273 -0.778008
v -2.532280 -0.787611 -0.779703
v -2.575709 -0.748125 -0.781223
v -2.618984 -0.701008 -0.782737
v -2.656668 -0.650660 -0.784056
v -2.689110 -0.597098 -0.785191
v -2.716659 -0.540341 -0.786155
v -2.739663 -0.480406 -0.786960
v -2.758469 -0.417312 -0.787618
v -2.773427 -0.351077 -0.788141
v -2.784885 -0.281719 -0.788542
v -2.793190 -0.209255 -0.788833
v -2.798691 -0.133704 -0.789025
v -2.801736 -0.055084 -0.789132
v -2.802674 0.026587 -0.789164
v -2.802674 2.090750 -0.789164
v -3.319943 2.090750 -0.807264
v -3.319943 -0.061803 -0.807264
v 0.488068 1.378176 -0.674020
v 0.563772 1.437479 -0.671371
v 0.638743 1.489163 -0.668748
v 0.712834 1.533644 -0.666155
v 0.785898 1.571336 -0.663599
v 0.857790 1.602656 -0.661083
v 0.928362 1.628018 -0.658614
v 0.997468 1.647838 -0.656196
v 1.064961 1.662531 -0.653834
v 1.130695 1.672511 -0.651534
v 1.194522 1.678195 -0.649301
v 1.256298 1.679997 -0.647139
v 1.337368 1.676477 -0.644303
v 1.413985 1.666132 -0.641622
v 1.485654 1.649288 -0.639114
v 1.551880 1.626270 -0.636797
v 1.612167 1.597402 -0.634687
v 1.666022 1.563011 -0.632803
v 1.712949 1.523419 -0.631161
v 1.752453 1.478954 -0.629779
v 1.784040 1.429938 -0.628673
v 1.807215 1.376699 -0.627863
v 1.821482 1.319559 -0.627363
v 1.826348 1.258845 -0.627193
v 1.795712 1.101912 -0.628265
v 1.711009 0.967438 -0.631229
v 1.583054 0.849067 -0.635706
v 1.422660 0.740445 -0.641318
v 1.240640 0.635218 -0.647687
v 1.047807 0.527029 -0.654434
v 0.854974 0.409525 -0.661182
v 0.672954 0.276350 -0.667551
v 0.512560 0.121151 -0.673163
v 0.384605 -0.062429 -0.677640
v 0.299903 -0.280744 -0.680604
v 0.269266 -0.540148 -0.681676
v 0.278013 -0.675944 -0.681370
v 0.303623 -0.804572 -0.680474
v 0.345140 -0.925148 -0.679021
v 0.401612 -1.036788 -0.677045
v 0.472087 -1.138606 -0.674579
v 0.555610 -1.229719 -0.671657
v 0.651230 -1.309242 -0.668311
v 0.757992 -1.376290 -0.664575
v 0.874944 -1.429978 -0.660483
v 1.001133 -1.469422 -0.656067
v 1.135607 -1.493737 -0.651362
v 1.277411 -1.502038 -0.646400
v 1.373552 -1.499863 -0.643036
v 1.466816 -1.493300 -0.639773
v 1.557405 -1.482297 -0.636603
v 1.645519 -1.466798 -0.633520
v 1.731361 -1.446749 -0.630517
v 1.815132 -1.422097 -0.627585
v 1.897034 -1.392787 -0.624720
v 1.977267 -1.358766 -0.621912
v 2.056035 -1.319978 -0.619156
v 2.133538 -1.276370 -0.616444
v 2.209978 -1.227887 -0.613770
v 2.285556 -1.174476 -0.611125
v 2.285556 -0.529750 -0.611125
v 2.218176 -0.609781 -0.613483
v 2.148102 -0.683421 -0.615935
v 2.075499 -0.750562 -0.618475
v 2.000531 -0.811095 -0.621098
v 1.923364 -0.864913 -0.623798
v 1.844163 -0.911906 -0.626570
v 1.763092 -0.951966 -0.629406
v 1.680317 -0.984986 -0.632303
v 1.596003 -1.010857 -0.635253
v 1.510314 -1.029470 -0.638251
v 1.423415 -1.040717 -0.641292
v 1.335472 -1.044491 -0.644369
v 1.239675 -1.039466 -0.647721
v 1.152785 -1.025089 -0.650761
v 1.074693 -1.002408 -0.653494
v 1.005288 -0.972469 -0.655922
v 0.944459 -0.936320 -0.658051
v 0.892098 -0.895008 -0.659883
v 0.848095 -0.849579 -0.661422
v 0.812338 -0.801081 -0.662674
v 0.784719 -0.750562 -0.663640
v 0.765127 -0.699067 -0.664325
v 0.753453 -0.647645 -0.664734
v 0.749586 -0.597342 -0.664869
v 0.780222 -0.426713 -0.663797
v 0.864924 -0.277820 -0.660834
v 0.992879 -0.145319 -0.656356
v 1.153274 -0.023867 -0.650744
v 1.335294 0.091880 -0.644375
v 1.528127 0.207266 -0.637628
v 1.720961 0.327634 -0.630881
v 1.902981 0.458330 -0.624512
v 2.063375 0.604695 -0.618899
v 2.191330 0.772075 -0.614422
v 2.276032 0.965813 -0.611458
v 2.306669 1.191253 -0.610386
v 2.297771 1.331111 -0.610698
v 2.271554 1.461743 -0.611615
v 2.228733 1.582590 -0.613113
v 2.170021 1.693092 -0.615168
v 2.096135 1.792690 -0.617753
v 2.007789 1.880824 -0.620844
v 1.905697 1.956935 -0.624417
v 1.790574 2.020462 -0.628445
v 1.663136 2.070846 -0.632904
v 1.524096 2.107528 -0.637769
v 1.374170 2.129947 -0.643015
v 1.214072 2.137545 -0.648617
v 1.145467 2.135812 -0.651017
v 1.076935 2.130612 -0.653415
v 1.008550 2.121947 -0.655808
v 0.940385 2.109815 -0.658193
v 0.872513 2.094216 -0.660568
v 0.805007 2.075152 -0.662930
v 0.737942 2.052621 -0.665277
v 0.671390 2.026624 -0.667606
v 0.605424 1.997161 -0.669914
v 0.540118 1.964231 -0.672199
v 0.475545 1.927835 -0.674458
v 0.411778 1.887973 -0.676689
v 0.411778 1.310839 -0.676689
v 4.243786 1.633203 -0.542606
v 4.243786 0.562125 -0.542606
v 2.771155 0.562125 -0.594134
v 2.771155 0.104578 -0.594134
v 4.243786 0.104578 -0.542606
v 4.243786 -0.997696 -0.542606
v 2.670868 -0.997696 -0.597643
v 2.670868 -1.455243 -0.597643
v 4.761055 -1.455243 -0.524506
v 4.761055 2.090750 -0.524506
v 2.718372 2.090750 -0.595981
v 2.718372 1.633203 -0.595981
v 6.854424 2.082927 -0.451259
v 6.690206 2.059794 -0.457005
v 6.538670 2.021858 -0.462307
v 6.400440 1.969623 -0.467144
v 6.276138 1.903596 -0.471493
v 6.166389 1.824281 -0.475333
v 6.071814 1.732184 -0.478642
v 5.993037 1.627811 -0.481399
v 5.930681 1.511667 -0.483581
v 5.885370 1.384257 -0.485166
v 5.857727 1.246088 -0.486133
v 5.848374 1.097664 -0.486461
v 5.852855 0.997172 -0.486304
v 5.866188 0.901194 -0.485837
v 5.888208 0.809909 -0.485067
v 5.918751 0.723499 -0.483998
v 5.957650 0.642144 -0.482637
v 6.004742 0.566025 -0.480989
v 6.059861 0.495321 -0.479061
v 6.122843 0.430215 -0.476857
v 6.193521 0.370885 -0.474384
v 6.271733 0.317513 -0.471647
v 6.357312 0.270279 -0.468653
v 6.450094 0.229363 -0.465406
v 6.370804 0.173687 -0.468180
v 6.296096 0.113244 -0.470795
v 6.225274 0.048034 -0.473273
v 6.157640 -0.021941 -0.475639
v 6.092499 -0.096682 -0.477919
v 6.029154 -0.176190 -0.480135
v 5.966908 -0.260464 -0.482313
v 5.905066 -0.349504 -0.484477
v 5.842931 -0.443309 -0.486651
v 5.779805 -0.541882 -0.488860
v 5.714994 -0.645220 -0.491128
v 5.647800 -0.753324 -0.493479
v 5.610724 -0.812016 -0.494776
v 5.575518 -0.866700 -0.496008
v 5.541410 -0.918568 -0.497201
v 5.507633 -0.968810 -0.498383
v 5.473416 -1.018620 -0.499580
v 5.437990 -1.069188 -0.500820
v 5.400584 -1.121705 -0.502129
v 5.360429 -1.177364 -0.503534
v 5.316755 -1.237356 -0.505062
v 5.268793 -1.302872 -0.506740
v 5.215772 -1.375104 -0.508596
v 5.156923 -1.455243 -0.510655
v 5.774478 -1.455243 -0.489046
v 6.249521 -0.727327 -0.472424
v 6.363070 -0.558455 -0.468451
v 6.466906 -0.414496 -0.464818
v 6.562092 -0.293502 -0.461487
v 6.649690 -0.193521 -0.458422
v 6.730763 -0.112606 -0.455585
v 6.806376 -0.048805 -0.452940
v 6.877589 -0.000169 -0.450448
v 6.945467 0.035252 -0.448073
v 7.011073 0.059408 -0.445777
v 7.075469 0.074248 -0.443524
v 7.139718 0.081722 -0.441276
v 7.204884 0.083780 -0.438996
v 7.421291 0.083780 -0.431423
v 7.421291 -1.455243 -0.431423
v 7.938560 -1.455243 -0.413324
v 7.938560 2.090750 -0.413324
v 7.030701 2.090750 -0.445091
v 7.088762 0.541328 -0.443059
v 6.958321 0.547023 -0.447623
v 6.843568 0.563497 -0.451638
v 6.743697 0.589828 -0.455133
v 6.657901 0.625096 -0.458135
v 6.585374 0.668379 -0.460673
v 6.525310 0.718757 -0.462774
v 6.476901 0.775310 -0.464468
v 6.439342 0.837116 -0.465782
v 6.411827 0.903255 -0.466745
v 6.393548 0.972806 -0.467385
v 6.383700 1.044849 -0.467729
v 6.381477 1.118461 -0.467807
v 6.386926 1.198902 -0.467616
v 6.400879 1.273673 -0.467128
v 6.423703 1.342523 -0.466330
v 6.455763 1.405199 -0.465208
v 6.497427 1.461448 -0.463750
v 6.549061 1.511016 -0.461943
v 6.611032 1.553653 -0.459775
v 6.683705 1.589104 -0.457232
v 6.767448 1.617117 -0.454302
v 6.862628 1.637439 -0.450971
v 6.969610 1.649818 -0.447228
v 7.088762 1.654000 -0.443059
v 7.421291 1.654000 -0.431424
v 7.421291 0.541328 -0.431424
v -8.120741 1.633203 0.315170
v -8.120741 -1.455243 0.315171
v -7.603473 -1.455243 0.333270
v -7.603473 1.633203 0.333270
v -6.357806 1.633203 0.376856
v -6.357806 2.090750 0.376856
v -9.366407 2.090750 0.271584
v -9.366407 1.633203 0.271584
v -6.215293 -0.997696 0.381843
v -6.215293 -1.455243 0.381843
v -4.072325 -1.455243 0.456826
v -4.072325 2.090750 0.456826
v -4.589593 2.090750 0.438727
v -4.589593 -0.997696 0.438727
v -3.354035 -0.272545 0.481960
v -3.320982 -0.469980 0.483116
v -3.265826 -0.653154 0.485046
v -3.188512 -0.821109 0.487751
v -3.088986 -0.972887 0.491234
v -2.967192 -1.107533 0.495495
v -2.823076 -1.224090 0.500538
v -2.656582 -1.321599 0.506364
v -2.467656 -1.399106 0.512975
v -2.256241 -1.455653 0.520372
v -2.022285 -1.490282 0.528558
v -1.765731 -1.502038 0.537535
v -1.576570 -1.493192 0.544154
v -1.390780 -1.466365 0.550655
v -1.210855 -1.421123 0.556950
v -1.039288 -1.357033 0.562954
v -0.878570 -1.273662 0.568577
v -0.731194 -1.170576 0.573734
v -0.599654 -1.047343 0.578337
v -0.486440 -0.903529 0.582298
v -0.394046 -0.738701 0.585531
v -0.324965 -0.552425 0.587948
v -0.281688 -0.344268 0.589462
v -0.266708 -0.113797 0.589986
v -0.266708 2.090750 0.589986
v -0.783977 2.090750 0.571887
v -0.783977 -0.004610 0.571887
v -0.785111 -0.099956 0.571847
v -0.788645 -0.186348 0.571724
v -0.794782 -0.264580 0.571509
v -0.803722 -0.335446 0.571196
v -0.815669 -0.399740 0.570778
v -0.830822 -0.458258 0.570248
v -0.849385 -0.511792 0.569598
v -0.871558 -0.561139 0.568823
v -0.897542 -0.607091 0.567913
v -0.927541 -0.650443 0.566864
v -0.961754 -0.691990 0.565667
v -1.000385 -0.732526 0.564315
v -1.052948 -0.781057 0.562476
v -1.107709 -0.825273 0.560560
v -1.164670 -0.865192 0.558566
v -1.223831 -0.900833 0.556496
v -1.285191 -0.932213 0.554349
v -1.348750 -0.959350 0.552125
v -1.414507 -0.982263 0.549825
v -1.482465 -1.000970 0.547447
v -1.552622 -1.015488 0.544992
v -1.624978 -1.025835 0.542460
v -1.699533 -1.032031 0.539851
v -1.776288 -1.034092 0.537166
v -1.872940 -1.031543 0.533784
v -1.964936 -1.024102 0.530565
v -2.052241 -1.012075 0.527510
v -2.134818 -0.995770 0.524621
v -2.212629 -0.975493 0.521898
v -2.285639 -0.951551 0.519343
v -2.353810 -0.924251 0.516958
v -2.417106 -0.893900 0.514743
v -2.475491 -0.860805 0.512700
v -2.528927 -0.825273 0.510831
v -2.577378 -0.787611 0.509135
v -2.620807 -0.748125 0.507616
v -2.664081 -0.701008 0.506101
v -2.701765 -0.650660 0.504783
v -2.734207 -0.597098 0.503648
v -2.761756 -0.540341 0.502684
v -2.784760 -0.480406 0.501879
v -2.803566 -0.417312 0.501221
v -2.818525 -0.351077 0.500697
v -2.829982 -0.281719 0.500296
v -2.838287 -0.209255 0.500006
v -2.843789 -0.133704 0.499813
v -2.846834 -0.055084 0.499707
v -2.847772 0.026587 0.499674
v -2.847772 2.090750 0.499674
v -3.365040 2.090750 0.481574
v -3.365040 -0.061803 0.481575
v 0.442971 1.378176 0.614818
v 0.518675 1.437479 0.617467
v 0.593646 1.489163 0.620091
v 0.667737 1.533644 0.622683
v 0.740801 1.571336 0.625240
v 0.812693 1.602656 0.627755
v 0.883265 1.628018 0.630224
v 0.952371 1.647838 0.632643
v 1.019864 1.662531 0.635004
v 1.085598 1.672511 0.637304
v 1.149426 1.678195 0.639538
v 1.211201 1.679997 0.641699
v 1.292271 1.676477 0.644536
v 1.368889 1.666132 0.647217
v 1.440557 1.649288 0.649724
v 1.506783 1.626270 0.652042
v 1.567070 1.597402 0.654151
v 1.620925 1.563011 0.656035
v 1.667852 1.523419 0.657677
v 1.707356 1.478954 0.659060
v 1.738943 1.429938 0.660165
v 1.762118 1.376699 0.660976
v 1.776386 1.319559 0.661475
v 1.781251 1.258845 0.661645
v 1.750615 1.101912 0.660573
v 1.665912 0.967438 0.657610
v 1.537957 0.849067 0.653132
v 1.377563 0.740445 0.647520
v 1.195543 0.635218 0.641151
v 1.002710 0.527029 0.634404
v 0.809877 0.409525 0.627657
v 0.627857 0.276350 0.621288
v 0.467463 0.121151 0.615675
v 0.339508 -0.062429 0.611198
v 0.254806 -0.280744 0.608234
v 0.224168 -0.540148 0.607162
v 0.232916 -0.675944 0.607469
v 0.258525 -0.804572 0.608365
v 0.300043 -0.925148 0.609817
v 0.356515 -1.036788 0.611793
v 0.426990 -1.138606 0.614259
v 0.510513 -1.229719 0.617182
v 0.606133 -1.309242 0.620528
v 0.712895 -1.376289 0.624263
v 0.829847 -1.429978 0.628356
v 0.956037 -1.469421 0.632771
v 1.090510 -1.493737 0.637476
v 1.232314 -1.502038 0.642438
v 1.328455 -1.499863 0.645802
v 1.421720 -1.493300 0.649065
v 1.512308 -1.482297 0.652235
v 1.600423 -1.466798 0.655318
v 1.686264 -1.446749 0.658322
v 1.770035 -1.422097 0.661253
v 1.851937 -1.392787 0.664119
v 1.932170 -1.358766 0.666926
v 2.010938 -1.319978 0.669682
v 2.088441 -1.276369 0.672394
v 2.164881 -1.227887 0.675069
v 2.240459 -1.174476 0.677713
v 2.240459 -0.529750 0.677713
v 2.173079 -0.609781 0.675356
v 2.103005 -0.683421 0.672904
v 2.030402 -0.750562 0.670363
v 1.955434 -0.811095 0.667740
v 1.878267 -0.864913 0.665040
v 1.799066 -0.911906 0.662269
v 1.717995 -0.951966 0.659432
v 1.635220 -0.984986 0.656536
v 1.550906 -1.010857 0.653586
v 1.465217 -1.029470 0.650587
v 1.378318 -1.040717 0.647547
v 1.290375 -1.044491 0.644469
v 1.194578 -1.039466 0.641118
v 1.107688 -1.025089 0.638077
v 1.029596 -1.002408 0.635345
v 0.960191 -0.972469 0.632916
v 0.899362 -0.936320 0.630788
v 0.847002 -0.895008 0.628956
v 0.802998 -0.849579 0.627416
v 0.767241 -0.801081 0.626165
v 0.739622 -0.750562 0.625198
v 0.720030 -0.699067 0.624513
v 0.708356 -0.647645 0.624104
v 0.704489 -0.597342 0.623969
v 0.735125 -0.426713 0.625041
v 0.819828 -0.277820 0.628005
v 0.947783 -0.145319 0.632482
v 1.108177 -0.023867 0.638094
v 1.290197 0.091880 0.644463
v 1.483030 0.207266 0.651211
v 1.675864 0.327634 0.657958
v 1.857884 0.458330 0.664327
v 2.018278 0.604695 0.669939
v 2.146233 0.772075 0.674416
v 2.230935 0.965813 0.677380
v 2.261572 1.191253 0.678452
v 2.252675 1.331111 0.678141
v 2.226458 1.461743 0.677223
v 2.183636 1.582590 0.675725
v 2.124924 1.693092 0.673671
v 2.051038 1.792690 0.671085
v 1.962692 1.880824 0.667994
v 1.860600 1.956935 0.664422
v 1.745477 2.020462 0.660394
v 1.618039 2.070846 0.655934
v 1.478999 2.107528 0.651069
v 1.329073 2.129947 0.645823
v 1.168975 2.137545 0.640222
v 1.100370 2.135812 0.637821
v 1.031838 2.130612 0.635423
v 0.963453 2.121947 0.633030
v 0.895288 2.109815 0.630645
v 0.827416 2.094216 0.628270
v 0.759911 2.075152 0.625908
v 0.692845 2.052621 0.623562
v 0.626292 2.026624 0.621233
v 0.560327 1.997161 0.618925
v 0.495020 1.964231 0.616640
v 0.430448 1.927835 0.614380
v 0.366681 1.887973 0.612149
v 0.366681 1.310839 0.612149
v 4.198689 1.633203 0.746233
v 4.198689 0.562125 0.746233
v 2.726058 0.562125 0.694705
v 2.726058 0.104578 0.694705
v 4.198689 0.104578 0.746233
v 4.198689 -0.997696 0.746233
v 2.625771 -0.997696 0.691196
v 2.625771 -1.455243 0.691196
v 4.715957 -1.455243 0.764332
v 4.715957 2.090750 0.764332
v 2.673275 2.090750 0.692858
v 2.673275 1.633203 0.692858
v 6.809327 2.082927 0.837580
v 6.645109 2.059794 0.831834
v 6.493573 2.021858 0.826532
v 6.355342 1.969623 0.821695
v 6.231041 1.903596 0.817345
v 6.121291 1.824281 0.813505
v 6.026716 1.732184 0.810196
v 5.947940 1.627811 0.807440
v 5.885584 1.511667 0.805258
v 5.840273 1.384257 0.803672
v 5.812630 1.246088 0.802705
v 5.803277 1.097664 0.802378
v 5.807757 0.997172 0.802535
v 5.821091 0.901194 0.803001
v 5.843111 0.809909 0.803772
v 5.873653 0.723499 0.804840
v 5.912553 0.642144 0.806201
v 5.959645 0.566025 0.807849
v 6.014764 0.495321 0.809778
v 6.077745 0.430215 0.811982
v 6.148425 0.370885 0.814455
v 6.226636 0.317513 0.817191
v 6.312215 0.270279 0.820186
v 6.404997 0.229363 0.823432
v 6.325707 0.173687 0.820658
v 6.250999 0.113244 0.818044
v 6.180177 0.048034 0.815566
v 6.112543 -0.021941 0.813199
v 6.047402 -0.096682 0.810920
v 5.984056 -0.176190 0.808703
v 5.921811 -0.260464 0.806525
v 5.859969 -0.349504 0.804362
v 5.797833 -0.443309 0.802187
v 5.734708 -0.541882 0.799979
v 5.669897 -0.645220 0.797711
v 5.602703 -0.753324 0.795360
v 5.565627 -0.812016 0.794062
v 5.530420 -0.866700 0.792831
v 5.496314 -0.918568 0.791637
v 5.462536 -0.968810 0.790455
v 5.428319 -1.018620 0.789258
v 5.392893 -1.069188 0.788018
v 5.355487 -1.121705 0.786710
v 5.315332 -1.177364 0.785304
v 5.271658 -1.237356 0.783776
v 5.223696 -1.302872 0.782098
v 5.170675 -1.375104 0.780243
v 5.111826 -1.455243 0.778184
v 5.729381 -1.455243 0.799792
v 6.204423 -0.727327 0.816414
v 6.317973 -0.558455 0.820387
v 6.421809 -0.414496 0.824021
v 6.516994 -0.293502 0.827351
v 6.604593 -0.193521 0.830416
v 6.685667 -0.112606 0.833253
v 6.761279 -0.048805 0.835899
v 6.832493 -0.000169 0.838391
v 6.900371 0.035252 0.840766
v 6.965976 0.059408 0.843061
v 7.030372 0.074248 0.845314
v 7.094621 0.081722 0.847562
v 7.159786 0.083780 0.849843
v 7.376195 0.083780 0.857415
v 7.376195 -1.455243 0.857415
v 7.893463 -1.455243 0.875514
v 7.893463 2.090750 0.875514
v 6.985604 2.090750 0.843748
v 7.043665 0.541328 0.845780
v 6.913224 0.547023 0.841215
v 6.798471 0.563497 0.837200
v 6.698600 0.589828 0.833706
v 6.612803 0.625096 0.830703
v 6.540277 0.668379 0.828166
v 6.480212 0.718757 0.826064
v 6.431804 0.775310 0.824370
v 6.394245 0.837116 0.823056
v 6.366730 0.903255 0.822093
v 6.348451 0.972806 0.821454
v 6.338603 1.044849 0.821109
v 6.336380 1.118461 0.821031
v 6.341829 1.198902 0.821222
v 6.355782 1.273673 0.821710
v 6.378606 1.342523 0.822509
v 6.410666 1.405199 0.823631
v 6.452330 1.461448 0.825088
v 6.503964 1.511016 0.826895
v 6.565935 1.553653 0.829063
v 6.638608 1.589104 0.831606
v 6.722352 1.617117 0.834537
v 6.817532 1.637439 0.837867
v 6.924514 1.649818 0.841610
v 7.043665 1.654000 0.845779
v 7.376195 1.654000 0.857415
v 7.376195 0.541328 0.857415
v 6.809327 2.082927 0.837580
v 6.806461 2.114958 0.832216
v 6.804243 2.143854 0.816865
v 6.802891 2.166786 0.793027
v 6.802536 2.181509 0.763038
v 6.803214 2.186583 0.729831
v 6.840796 2.186583 -0.344201
v 6.842440 2.181509 -0.377373
v 6.844890 2.166786 -0.407265
v 6.847904 2.143854 -0.430949
v 6.851190 2.114958 -0.446109
v 6.854424 2.082927 -0.451259
v 6.645109 2.059794 0.831834
v 6.638948 2.091362 0.826355
v 6.633759 2.119839 0.810899
v 6.630048 2.142439 0.786979
v 6.628179 2.156949 0.756937
v 6.628335 2.161949 0.723712
v 6.665916 2.161949 -0.350320
v 6.668082 2.156949 -0.383474
v 6.672046 2.142439 -0.413313
v 6.677420 2.119839 -0.436915
v 6.683677 2.091362 -0.451970
v 6.690206 2.059794 -0.457005
v 6.493573 2.021858 0.826532
v 6.483863 2.052537 0.820929
v 6.475472 2.080213 0.805361
v 6.469221 2.102176 0.781352
v 6.465721 2.116278 0.751252
v 6.465315 2.121137 0.718008
v 6.502896 2.121137 -0.356024
v 6.505624 2.116278 -0.389158
v 6.511219 2.102176 -0.418940
v 6.519134 2.080213 -0.442453
v 6.528593 2.052537 -0.457396
v 6.538670 2.021858 -0.462307
v 6.355342 1.969623 0.821695
v 6.341887 1.998886 0.815961
v 6.330116 2.025285 0.800275
v 6.321183 2.046236 0.776172
v 6.315961 2.059686 0.746012
v 6.314962 2.064321 0.712747
v 6.352543 2.064321 -0.361285
v 6.355865 2.059686 -0.394399
v 6.363182 2.046236 -0.424120
v 6.373778 2.025285 -0.447539
v 6.386616 1.998886 -0.462364
v 6.400440 1.969623 -0.467144
v 6.231041 1.903596 0.817345
v 6.213752 1.930822 0.811477
v 6.198523 1.955384 0.795670
v 6.186844 1.974876 0.771472
v 6.179860 1.987391 0.741250
v 6.178254 1.991703 0.707964
v 6.215835 1.991703 -0.366068
v 6.219764 1.987391 -0.399161
v 6.228843 1.974876 -0.428820
v 6.242184 1.955384 -0.452144
v 6.258481 1.930822 -0.466848
v 6.276138 1.903596 -0.471493
v 6.121291 1.824281 0.813505
v 6.100246 1.848793 0.807506
v 6.081629 1.870906 0.791580
v 6.067262 1.888456 0.767287
v 6.058552 1.899722 0.737005
v 6.056351 1.903605 0.703698
v 6.093931 1.903605 -0.370334
v 6.098455 1.899722 -0.403406
v 6.109261 1.888456 -0.433005
v 6.125290 1.870906 -0.456234
v 6.144975 1.848793 -0.470819
v 6.166389 1.824281 -0.475333
v 6.026716 1.732184 0.810196
v 6.002202 1.753318 0.804075
v 5.980455 1.772384 0.788040
v 5.963605 1.787514 0.763660
v 5.953300 1.797228 0.733322
v 5.950549 1.800576 0.699996
v 5.988130 1.800576 -0.374036
v 5.993203 1.797228 -0.407088
v 6.005603 1.787514 -0.436632
v 6.024117 1.772384 -0.459774
v 6.046931 1.753318 -0.474250
v 6.071814 1.732184 -0.478642
v 5.947940 1.627811 0.807440
v 5.920455 1.645009 0.801215
v 5.896028 1.660524 0.785086
v 5.877050 1.672836 0.760632
v 5.865380 1.680741 0.730246
v 5.862159 1.683465 0.696903
v 5.899739 1.683465 -0.377129
v 5.905283 1.680741 -0.410165
v 5.919049 1.672836 -0.439660
v 5.939689 1.660524 -0.462728
v 5.965184 1.645009 -0.477110
v 5.993037 1.627811 -0.481399
v 5.885584 1.511667 0.805258
v 5.855789 1.524562 0.798952
v 5.829278 1.536195 0.782750
v 5.808647 1.545427 0.758238
v 5.795915 1.551355 0.727816
v 5.792328 1.553397 0.694460
v 5.829909 1.553397 -0.379572
v 5.835818 1.551355 -0.412595
v 5.850646 1.545427 -0.442054
v 5.872940 1.536195 -0.465064
v 5.900518 1.524562 -0.479373
v 5.930681 1.511667 -0.483581
v 5.840273 1.384257 0.803672
v 5.808901 1.392719 0.797311
v 5.780968 1.400352 0.781060
v 5.759208 1.406410 0.756508
v 5.745751 1.410299 0.726060
v 5.741914 1.411640 0.692696
v 5.779495 1.411640 -0.381336
v 5.785654 1.410299 -0.414351
v 5.801207 1.406410 -0.443784
v 5.824630 1.400352 -0.466754
v 5.853631 1.392719 -0.481014
v 5.885370 1.384257 -0.485166
v 5.812630 1.246088 0.802705
v 5.780389 1.250208 0.796314
v 5.751672 1.253925 0.780035
v 5.729290 1.256875 0.755462
v 5.715434 1.258768 0.724999
v 5.711460 1.259421 0.691630
v 5.749041 1.259421 -0.382402
v 5.755338 1.258768 -0.415411
v 5.771289 1.256875 -0.444830
v 5.795334 1.253925 -0.467779
v 5.825118 1.250208 -0.482011
v 5.857727 1.246088 -0.486133
v 5.803277 1.097664 0.802378
v 5.770795 1.097955 0.795978
v 5.741860 1.098218 0.779692
v 5.719306 1.098426 0.755112
v 5.705338 1.098560 0.724646
v 5.701326 1.098606 0.691276
v 5.738907 1.098606 -0.382756
v 5.745242 1.098560 -0.415765
v 5.761304 1.098426 -0.445180
v 5.785522 1.098218 -0.468123
v 5.815524 1.097955 -0.482347
v 5.848374 1.097664 -0.486461
v 5.807757 0.997172 0.802535
v 5.775418 0.994283 0.796140
v 5.746611 0.991676 0.779858
v 5.724158 0.989607 0.755282
v 5.710256 0.988279 0.724818
v 5.706266 0.987822 0.691449
v 5.743847 0.987822 -0.382583
v 5.750159 0.988279 -0.415592
v 5.766157 0.989607 -0.445010
v 5.790273 0.991676 -0.467956
v 5.820147 0.994283 -0.482185
v 5.852855 0.997172 -0.486304
v 5.821091 0.901194 0.803001
v 5.789170 0.895287 0.796621
v 5.760741 0.889959 0.780352
v 5.738588 0.885730 0.755787
v 5.724879 0.883015 0.725330
v 5.720955 0.882079 0.691963
v 5.758536 0.882079 -0.382069
v 5.764782 0.883015 -0.415081
v 5.780587 0.885730 -0.444505
v 5.804403 0.889959 -0.467462
v 5.833899 0.895287 -0.481704
v 5.866188 0.901194 -0.485837
v 5.843111 0.809909 0.803772
v 5.811941 0.800888 0.797418
v 5.784191 0.792750 0.781173
v 5.762575 0.786292 0.756626
v 5.749211 0.782146 0.726181
v 5.745407 0.780717 0.692818
v 5.782988 0.780717 -0.381214
v 5.789115 0.782146 -0.414229
v 5.804574 0.786292 -0.443666
v 5.827852 0.792750 -0.466641
v 5.856670 0.800888 -0.480907
v 5.888208 0.809909 -0.485067
v 5.873653 0.723499 0.804840
v 5.843595 0.711336 0.798525
v 5.816845 0.700364 0.782315
v 5.796025 0.691656 0.757797
v 5.783172 0.686066 0.727370
v 5.779543 0.684139 0.694013
v 5.817124 0.684139 -0.380019
v 5.823075 0.686066 -0.413041
v 5.838024 0.691656 -0.442495
v 5.860507 0.700364 -0.465499
v 5.888324 0.711336 -0.479800
v 5.918751 0.723499 -0.483998
v 5.912553 0.642144 0.806201
v 5.883970 0.626893 0.799938
v 5.858554 0.613135 0.783775
v 5.838791 0.602216 0.759293
v 5.826616 0.595206 0.728890
v 5.823221 0.592790 0.695541
v 5.860802 0.592790 -0.378491
v 5.866519 0.595206 -0.411521
v 5.880789 0.602216 -0.440999
v 5.902215 0.613135 -0.464039
v 5.928699 0.626893 -0.478387
v 5.957650 0.642144 -0.482637
v 5.959645 0.566025 0.807849
v 5.932887 0.547825 0.801650
v 5.909115 0.531407 0.785544
v 5.890658 0.518377 0.761108
v 5.879322 0.510012 0.730734
v 5.876216 0.507129 0.697395
v 5.913796 0.507129 -0.376637
v 5.919225 0.510012 -0.409677
v 5.932657 0.518377 -0.439184
v 5.952777 0.531407 -0.462270
v 5.977616 0.547825 -0.476675
v 6.004742 0.566025 -0.480989
v 6.014764 0.495321 0.809778
v 5.990133 0.474392 0.803653
v 5.968282 0.455512 0.787614
v 5.951348 0.440529 0.763231
v 5.940989 0.430909 0.732892
v 5.938221 0.427594 0.699565
v 5.975801 0.427594 -0.374467
v 5.980893 0.430909 -0.407519
v 5.993346 0.440529 -0.437061
v 6.011943 0.455512 -0.460200
v 6.034863 0.474392 -0.474672
v 6.059861 0.495321 -0.479061
v 6.077745 0.430215 0.811982
v 6.055482 0.406839 0.805939
v 6.035766 0.385751 0.789975
v 6.020526 0.369016 0.765652
v 6.011256 0.358271 0.735350
v 6.008862 0.354569 0.702037
v 6.046443 0.354569 -0.371995
v 6.051159 0.358271 -0.405060
v 6.062525 0.369016 -0.434640
v 6.079427 0.385751 -0.457839
v 6.100211 0.406839 -0.472386
v 6.122843 0.430215 -0.476857
v 6.148425 0.370885 0.814455
v 6.128692 0.345385 0.808501
v 6.111258 0.322381 0.792617
v 6.097830 0.304125 0.768357
v 6.089723 0.292403 0.738096
v 6.087730 0.288365 0.704796
v 6.125311 0.288365 -0.369236
v 6.129627 0.292403 -0.402315
v 6.139829 0.304125 -0.431935
v 6.154920 0.322381 -0.455197
v 6.173421 0.345385 -0.469824
v 6.193521 0.370885 -0.474384
v 6.226636 0.317513 0.817191
v 6.209520 0.290227 0.811329
v 6.194447 0.265612 0.795528
v 6.182893 0.246077 0.771333
v 6.175989 0.233535 0.741114
v 6.174410 0.229213 0.707829
v 6.211991 0.229213 -0.366203
v 6.215892 0.233535 -0.399296
v 6.224892 0.246077 -0.428959
v 6.238109 0.265612 -0.452286
v 6.254249 0.290227 -0.466996
v 6.271733 0.317513 -0.471647
v 6.312215 0.270279 0.820186
v 6.297732 0.241539 0.814416
v 6.285035 0.215613 0.798697
v 6.275366 0.195038 0.774569
v 6.269672 0.181828 0.744393
v 6.268511 0.177276 0.711122
v 6.306091 0.177276 -0.362910
v 6.309576 0.181828 -0.396018
v 6.317365 0.195038 -0.425723
v 6.328697 0.215613 -0.449117
v 6.342462 0.241539 -0.463909
v 6.357312 0.270279 -0.468653
v 6.404997 0.229363 0.823432
v 6.339863 0.222960 0.815890
v 6.281473 0.217184 0.798573
v 6.235542 0.212600 0.773176
v 6.206566 0.209657 0.742184
v 6.197382 0.208643 0.708633
v 6.234962 0.208643 -0.365399
v 6.246469 0.209657 -0.398226
v 6.277540 0.212600 -0.427116
v 6.325134 0.217184 -0.449241
v 6.384592 0.222960 -0.462435
v 6.450094 0.229363 -0.465406
v 6.325707 0.173687 0.820658
v 6.306048 0.199216 0.814707
v 6.288681 0.222246 0.798825
v 6.275307 0.240523 0.774567
v 6.267233 0.252257 0.744307
v 6.265252 0.256300 0.711008
v 6.302833 0.256300 -0.363024
v 6.307137 0.252257 -0.396104
v 6.317305 0.240523 -0.425725
v 6.332343 0.222246 -0.448989
v 6.350777 0.199216 -0.463618
v 6.370804 0.173687 -0.468180
v 6.250999 0.113244 0.818044
v 6.229671 0.137422 0.812034
v 6.210798 0.159234 0.796100
v 6.196229 0.176544 0.771800
v 6.187388 0.187658 0.741513
v 6.185143 0.191488 0.708205
v 6.222723 0.191488 -0.365827
v 6.227292 0.187658 -0.398897
v 6.238228 0.176544 -0.428492
v 6.254460 0.159234 -0.451714
v 6.274400 0.137422 -0.466291
v 6.296096 0.113244 -0.470795
v 6.180177 0.048034 0.815566
v 6.157391 0.070871 0.809505
v 6.137203 0.091472 0.793525
v 6.121589 0.107821 0.769188
v 6.112079 0.118317 0.738878
v 6.109602 0.121934 0.705562
v 6.147182 0.121934 -0.368470
v 6.151982 0.118317 -0.401533
v 6.163588 0.107821 -0.431104
v 6.180864 0.091472 -0.454289
v 6.202120 0.070871 -0.468820
v 6.225274 0.048034 -0.473273
v 6.112543 -0.021941 0.813199
v 6.088523 -0.000382 0.807096
v 6.067222 0.019067 0.791076
v 6.050725 0.034502 0.766709
v 6.040647 0.044412 0.736379
v 6.037974 0.047827 0.703055
v 6.075555 0.047827 -0.370977
v 6.080550 0.044412 -0.404032
v 6.092723 0.034502 -0.433583
v 6.110883 0.019067 -0.456738
v 6.133252 -0.000382 -0.471229
v 6.157640 -0.021941 -0.475639
v 6.047402 -0.096682 0.810920
v 6.022367 -0.076287 0.804781
v 6.000151 -0.057888 0.788729
v 5.982928 -0.043286 0.764336
v 5.972383 -0.033911 0.733990
v 5.969551 -0.030681 0.700661
v 6.007132 -0.030681 -0.373371
v 6.012287 -0.033911 -0.406420
v 6.024926 -0.043286 -0.435956
v 6.043813 -0.057888 -0.459085
v 6.067096 -0.076287 -0.473544
v 6.092499 -0.096682 -0.477919
v 5.984056 -0.176190 0.808703
v 5.958212 -0.156811 0.802536
v 5.935265 -0.139329 0.786459
v 5.917462 -0.125456 0.762046
v 5.906546 -0.116548 0.731687
v 5.903584 -0.113479 0.698353
v 5.941165 -0.113479 -0.375679
v 5.946449 -0.116548 -0.408724
v 5.959460 -0.125456 -0.438246
v 5.978927 -0.139329 -0.461355
v 6.002941 -0.156811 -0.475789
v 6.029154 -0.176190 -0.480135
v 5.921811 -0.260464 0.806525
v 5.895339 -0.241935 0.800336
v 5.871826 -0.225219 0.784239
v 5.853573 -0.211954 0.759810
v 5.842369 -0.203437 0.729441
v 5.839308 -0.200502 0.696104
v 5.876889 -0.200502 -0.377928
v 5.882272 -0.203437 -0.410970
v 5.895572 -0.211954 -0.440482
v 5.915487 -0.225219 -0.463575
v 5.940068 -0.241935 -0.477989
v 5.966908 -0.260464 -0.482313
v 5.859969 -0.349504 0.804362
v 5.833028 -0.331649 0.798156
v 5.809092 -0.315542 0.782044
v 5.790504 -0.302760 0.757604
v 5.779084 -0.294553 0.727227
v 5.775949 -0.291725 0.693887
v 5.813530 -0.291725 -0.380145
v 5.818987 -0.294553 -0.413184
v 5.832503 -0.302760 -0.442688
v 5.852754 -0.315542 -0.465770
v 5.877757 -0.331649 -0.480169
v 5.905066 -0.349504 -0.484477
v 5.797833 -0.443309 0.802187
v 5.770561 -0.425956 0.795970
v 5.746325 -0.410301 0.779848
v 5.727500 -0.397878 0.755399
v 5.715927 -0.389901 0.725017
v 5.712739 -0.387153 0.691675
v 5.750320 -0.387153 -0.382357
v 5.755830 -0.389901 -0.415394
v 5.769499 -0.397878 -0.444893
v 5.789987 -0.410301 -0.467966
v 5.815290 -0.425956 -0.482355
v 5.842931 -0.443309 -0.486651
v 5.734708 -0.541882 0.799979
v 5.707221 -0.524864 0.793754
v 5.682791 -0.509512 0.777625
v 5.663812 -0.497329 0.753170
v 5.652140 -0.489507 0.722785
v 5.648919 -0.486812 0.689442
v 5.686500 -0.486812 -0.384590
v 5.692043 -0.489507 -0.417626
v 5.705811 -0.497329 -0.447122
v 5.726453 -0.509512 -0.470189
v 5.751950 -0.524864 -0.484571
v 5.779805 -0.541882 -0.488860
v 5.669897 -0.645220 0.797711
v 5.642294 -0.628385 0.791482
v 5.617762 -0.613198 0.775349
v 5.598700 -0.601146 0.750892
v 5.586976 -0.593408 0.720505
v 5.583736 -0.590742 0.687161
v 5.621317 -0.590742 -0.386871
v 5.626879 -0.593408 -0.419906
v 5.640699 -0.601146 -0.449400
v 5.661423 -0.613198 -0.472465
v 5.687024 -0.628385 -0.486843
v 5.714994 -0.645220 -0.491128
v 5.602703 -0.753324 0.795360
v 5.575128 -0.736445 0.789132
v 5.550620 -0.721219 0.773000
v 5.531578 -0.709135 0.748544
v 5.519866 -0.701376 0.718157
v 5.516631 -0.698703 0.684813
v 5.554212 -0.698703 -0.389219
v 5.559770 -0.701376 -0.422254
v 5.573577 -0.709135 -0.451748
v 5.594282 -0.721219 -0.474814
v 5.619857 -0.736445 -0.489193
v 5.647800 -0.753324 -0.493479
v 5.565627 -0.812016 0.794062
v 5.538188 -0.794922 0.787839
v 5.513803 -0.779501 0.771712
v 5.494858 -0.767263 0.747259
v 5.483209 -0.759405 0.716874
v 5.479995 -0.756698 0.683531
v 5.517576 -0.756698 -0.390501
v 5.523112 -0.759405 -0.423537
v 5.536857 -0.767263 -0.453033
v 5.557464 -0.779501 -0.476102
v 5.582917 -0.794922 -0.490486
v 5.610724 -0.812016 -0.494776
v 5.530420 -0.866700 0.792831
v 5.503140 -0.849359 0.786613
v 5.478898 -0.833716 0.770490
v 5.460067 -0.821302 0.746041
v 5.448491 -0.813331 0.715659
v 5.445302 -0.810585 0.682317
v 5.482883 -0.810585 -0.391715
v 5.488394 -0.813331 -0.424752
v 5.502066 -0.821302 -0.454251
v 5.522559 -0.833716 -0.477324
v 5.547869 -0.849359 -0.491712
v 5.575518 -0.866700 -0.496008
v 5.496314 -0.918568 0.791637
v 5.469208 -0.900961 0.785426
v 5.445124 -0.885077 0.769309
v 5.426418 -0.872472 0.744864
v 5.414922 -0.864380 0.714485
v 5.411761 -0.861591 0.681144
v 5.449342 -0.861591 -0.392888
v 5.454826 -0.864380 -0.425926
v 5.468417 -0.872472 -0.455428
v 5.488785 -0.885077 -0.478505
v 5.513937 -0.900961 -0.492899
v 5.541410 -0.918568 -0.497201
v 5.462536 -0.968810 0.790455
v 5.435612 -0.950934 0.784250
v 5.411691 -0.934808 0.768139
v 5.393116 -0.922010 0.743699
v 5.381703 -0.913793 0.713322
v 5.378571 -0.910962 0.679982
v 5.416152 -0.910962 -0.394049
v 5.421606 -0.913793 -0.427089
v 5.435114 -0.922010 -0.456593
v 5.455353 -0.934808 -0.479675
v 5.480341 -0.950934 -0.494075
v 5.507633 -0.968810 -0.498383
v 5.428319 -1.018620 0.789258
v 5.401570 -1.000489 0.783059
v 5.377807 -0.984133 0.766953
v 5.359356 -0.971153 0.742517
v 5.348024 -0.962819 0.712144
v 5.344919 -0.959947 0.678805
v 5.382500 -0.959947 -0.395227
v 5.387928 -0.962819 -0.428267
v 5.401355 -0.971153 -0.457775
v 5.421469 -0.984133 -0.480861
v 5.446299 -1.000489 -0.495266
v 5.473416 -1.018620 -0.499580
v 5.392893 -1.069188 0.788018
v 5.366300 -1.050833 0.781825
v 5.342678 -1.034276 0.765724
v 5.324339 -1.021136 0.741292
v 5.313079 -1.012699 0.710921
v 5.309999 -1.009792 0.677583
v 5.347580 -1.009792 -0.396449
v 5.352983 -1.012699 -0.429490
v 5.366338 -1.021136 -0.459000
v 5.386340 -1.034276 -0.482090
v 5.411029 -1.050833 -0.496500
v 5.437990 -1.069188 -0.500820
v 5.355487 -1.121705 0.786710
v 5.329023 -1.103170 0.780520
v 5.305518 -1.086448 0.764424
v 5.287272 -1.073178 0.739995
v 5.276071 -1.064658 0.709626
v 5.273012 -1.061723 0.676289
v 5.310593 -1.061723 -0.397743
v 5.315974 -1.064658 -0.430785
v 5.329270 -1.073178 -0.460297
v 5.349180 -1.086448 -0.483390
v 5.373753 -1.103170 -0.497805
v 5.400584 -1.121705 -0.502129
v 5.315332 -1.177364 0.785304
v 5.288966 -1.158693 0.779119
v 5.265548 -1.141850 0.763025
v 5.247372 -1.128483 0.738599
v 5.236216 -1.119901 0.708232
v 5.233172 -1.116944 0.674895
v 5.270753 -1.116944 -0.399137
v 5.276119 -1.119902 -0.432179
v 5.289371 -1.128484 -0.461693
v 5.309210 -1.141850 -0.484789
v 5.333695 -1.158693 -0.499206
v 5.360429 -1.177364 -0.503534
v 5.271658 -1.237356 0.783776
v 5.245358 -1.218595 0.777593
v 5.222000 -1.201670 0.761501
v 5.203870 -1.188239 0.737077
v 5.192744 -1.179615 0.706710
v 5.189711 -1.176644 0.673374
v 5.227292 -1.176644 -0.400658
v 5.232648 -1.179615 -0.433700
v 5.245869 -1.188239 -0.463215
v 5.265661 -1.201670 -0.486313
v 5.290087 -1.218595 -0.500732
v 5.316755 -1.237356 -0.505062
v 5.223696 -1.302872 0.782098
v 5.197433 -1.284060 0.775916
v 5.174109 -1.267089 0.759826
v 5.156006 -1.253621 0.735402
v 5.144897 -1.244974 0.705036
v 5.141870 -1.241995 0.671700
v 5.179451 -1.241995 -0.402332
v 5.184801 -1.244974 -0.435375
v 5.198005 -1.253621 -0.464890
v 5.217770 -1.267089 -0.487988
v 5.242162 -1.284060 -0.502409
v 5.268793 -1.302872 -0.506740
v 5.170675 -1.375104 0.780243
v 5.144426 -1.356273 0.774061
v 5.121114 -1.339285 0.757971
v 5.103022 -1.325803 0.733548
v 5.091919 -1.317148 0.703183
v 5.088894 -1.314165 0.669847
v 5.126475 -1.314165 -0.404185
v 5.131823 -1.317148 -0.437228
v 5.145020 -1.325803 -0.466744
v 5.164776 -1.339285 -0.489843
v 5.189155 -1.356273 -0.504264
v 5.215772 -1.375104 -0.508596
v 5.111826 -1.455243 0.778184
v 5.048152 -1.487378 0.770693
v 4.991078 -1.516366 0.753421
v 4.946192 -1.539371 0.728061
v 4.917887 -1.554142 0.697093
v 4.908935 -1.559232 0.663550
v 4.946515 -1.559232 -0.410482
v 4.957791 -1.554142 -0.443318
v 4.988191 -1.539372 -0.472231
v 5.034740 -1.516366 -0.494393
v 5.092881 -1.487378 -0.507632
v 5.156923 -1.455243 -0.510655
v 5.729381 -1.455243 0.799792
v 5.747375 -1.487378 0.795159
v 5.763975 -1.516366 0.780465
v 5.777557 -1.539371 0.757151
v 5.786791 -1.554142 0.727496
v 5.790772 -1.559232 0.694406
v 5.828353 -1.559232 -0.379626
v 5.826694 -1.554142 -0.412914
v 5.819555 -1.539372 -0.443141
v 5.807637 -1.516366 -0.467349
v 5.792104 -1.487378 -0.483166
v 5.774478 -1.455243 -0.489046
v 6.204423 -0.727327 0.816414
v 6.231927 -0.744889 0.812113
v 6.257107 -0.760731 0.797720
v 6.277497 -0.773304 0.774644
v 6.291102 -0.781376 0.745142
v 6.296590 -0.784157 0.712104
v 6.334171 -0.784157 -0.361928
v 6.331006 -0.781376 -0.395268
v 6.319496 -0.773304 -0.425648
v 6.300768 -0.760731 -0.450094
v 6.276657 -0.744889 -0.466212
v 6.249521 -0.727327 -0.472424
v 6.317973 -0.558455 0.820387
v 6.345058 -0.576638 0.816072
v 6.369861 -0.593041 0.801666
v 6.389952 -0.606059 0.778578
v 6.403365 -0.614417 0.749071
v 6.408787 -0.617297 0.716030
v 6.446368 -0.617297 -0.358002
v 6.443268 -0.614417 -0.391340
v 6.431951 -0.606059 -0.421714
v 6.413523 -0.593041 -0.446148
v 6.389788 -0.576638 -0.462253
v 6.363070 -0.558455 -0.468451
v 6.421809 -0.414496 0.824021
v 6.448193 -0.433652 0.819681
v 6.472363 -0.450933 0.805252
v 6.491951 -0.464647 0.782147
v 6.505042 -0.473453 0.752628
v 6.510353 -0.476487 0.719584
v 6.547933 -0.476487 -0.354448
v 6.544945 -0.473453 -0.387783
v 6.533950 -0.464647 -0.418145
v 6.516024 -0.450933 -0.442562
v 6.492922 -0.433652 -0.458644
v 6.466906 -0.414496 -0.464818
v 6.516994 -0.293502 0.827351
v 6.542437 -0.313855 0.822978
v 6.565756 -0.332217 0.808520
v 6.584670 -0.346788 0.785392
v 6.597327 -0.356144 0.755857
v 6.602489 -0.359368 0.722808
v 6.640070 -0.359368 -0.351224
v 6.637231 -0.356144 -0.384553
v 6.626669 -0.346788 -0.414900
v 6.609417 -0.332217 -0.439294
v 6.587166 -0.313855 -0.455347
v 6.562092 -0.293502 -0.461487
v 6.604593 -0.193521 0.830416
v 6.628760 -0.215330 0.825999
v 6.650929 -0.235004 0.811500
v 6.668931 -0.250617 0.788340
v 6.681003 -0.260641 0.758785
v 6.685963 -0.264096 0.725729
v 6.723543 -0.264096 -0.348303
v 6.720906 -0.260641 -0.381626
v 6.710930 -0.250617 -0.411952
v 6.694591 -0.235004 -0.436314
v 6.673490 -0.215330 -0.452326
v 6.649690 -0.193521 -0.458422
v 6.685667 -0.112606 0.833253
v 6.708109 -0.136136 0.828775
v 6.728723 -0.157362 0.814222
v 6.745489 -0.174208 0.791019
v 6.756768 -0.185023 0.761436
v 6.761455 -0.188750 0.728370
v 6.799036 -0.188750 -0.345662
v 6.796672 -0.185023 -0.378975
v 6.787488 -0.174208 -0.409273
v 6.772384 -0.157362 -0.433592
v 6.752838 -0.136136 -0.449550
v 6.730763 -0.112606 -0.455585
v 6.761279 -0.048805 0.835899
v 6.781419 -0.074277 0.831340
v 6.799955 -0.097256 0.816715
v 6.815074 -0.115493 0.793454
v 6.825294 -0.127201 0.763834
v 6.829617 -0.131236 0.730755
v 6.867198 -0.131236 -0.343277
v 6.865198 -0.127201 -0.376577
v 6.857073 -0.115493 -0.406838
v 6.843617 -0.097256 -0.431099
v 6.826148 -0.074277 -0.446985
v 6.806376 -0.048805 -0.452940
v 6.832493 -0.000169 0.838391
v 6.849665 -0.027668 0.833728
v 6.865525 -0.052475 0.819009
v 6.878519 -0.072162 0.795674
v 6.887375 -0.084803 0.766006
v 6.891228 -0.089158 0.732911
v 6.928808 -0.089158 -0.341121
v 6.927279 -0.084803 -0.374405
v 6.920518 -0.072162 -0.404618
v 6.909186 -0.052475 -0.428805
v 6.894394 -0.027668 -0.444597
v 6.877589 -0.000169 -0.450448
v 6.900371 0.035252 0.840766
v 6.913957 0.005882 0.835978
v 6.926580 -0.020614 0.821145
v 6.937006 -0.041641 0.797720
v 6.944215 -0.055142 0.767995
v 6.947498 -0.059794 0.734880
v 6.985080 -0.059794 -0.339152
v 6.984118 -0.055142 -0.372416
v 6.979005 -0.041641 -0.402572
v 6.970242 -0.020614 -0.426669
v 6.958686 0.005882 -0.442347
v 6.945467 0.035252 -0.448073
v 6.965976 0.059408 0.843061
v 6.975625 0.028587 0.838136
v 6.984696 0.000784 0.823179
v 6.992304 -0.021281 0.799655
v 6.997702 -0.035448 0.769867
v 7.000362 -0.040329 0.736730
v 7.037943 -0.040329 -0.337302
v 7.037606 -0.035448 -0.370544
v 7.034303 -0.021281 -0.400637
v 7.028358 0.000784 -0.424635
v 7.020354 0.028587 -0.440189
v 7.011073 0.059408 -0.445777
v 7.030372 0.074248 0.845314
v 7.036201 0.042547 0.840255
v 7.041829 0.013950 0.825178
v 7.046702 -0.008745 0.801558
v 7.050345 -0.023317 0.771709
v 7.052401 -0.028337 0.738550
v 7.089982 -0.028337 -0.335481
v 7.090249 -0.023317 -0.368702
v 7.088701 -0.008745 -0.398734
v 7.085490 0.013950 -0.422636
v 7.080931 0.042547 -0.438070
v 7.075469 0.074248 -0.443524
v 7.094621 0.081722 0.847562
v 7.097245 0.049648 0.842391
v 7.099980 0.020714 0.827213
v 7.102558 -0.002248 0.803513
v 7.104727 -0.016990 0.773611
v 7.106275 -0.022070 0.740436
v 7.143856 -0.022070 -0.333596
v 7.144631 -0.016990 -0.366799
v 7.144557 -0.002248 -0.396779
v 7.143641 0.020714 -0.420601
v 7.141974 0.049648 -0.435934
v 7.139718 0.081722 -0.441276
v 7.159786 0.083780 0.849843
v 7.160493 0.051646 0.844604
v 7.161499 0.022657 0.829365
v 7.162704 -0.000348 0.805617
v 7.163992 -0.015118 0.775685
v 7.165236 -0.020208 0.742499
v 7.202817 -0.020208 -0.331533
v 7.203896 -0.015118 -0.364726
v 7.204703 -0.000348 -0.394675
v 7.205160 0.022657 -0.418449
v 7.205222 0.051646 -0.433721
v 7.204884 0.083780 -0.438996
v 7.376195 0.083780 0.857415
v 7.343757 0.051646 0.851017
v 7.314863 0.022657 0.834732
v 7.292340 -0.000348 0.810153
v 7.278393 -0.015118 0.779688
v 7.274387 -0.020208 0.746318
v 7.311969 -0.020208 -0.327714
v 7.318296 -0.015118 -0.360723
v 7.334339 -0.000348 -0.390139
v 7.358524 0.022657 -0.413082
v 7.388486 0.051646 -0.427308
v 7.421291 0.083780 -0.431423
v 7.376195 -1.455243 0.857415
v 7.343757 -1.487378 0.851017
v 7.314863 -1.516366 0.834732
v 7.292340 -1.539372 0.810153
v 7.278393 -1.554142 0.779688
v 7.274387 -1.559232 0.746318
v 7.311969 -1.559232 -0.327714
v 7.318296 -1.554142 -0.360723
v 7.334339 -1.539372 -0.390139
v 7.358524 -1.516366 -0.413082
v 7.388486 -1.487378 -0.427308
v 7.421291 -1.455243 -0.431423
v 7.893463 -1.455243 0.875514
v 7.926268 -1.487378 0.871399
v 7.956230 -1.516366 0.857173
v 7.980416 -1.539372 0.834230
v 7.996458 -1.554142 0.804814
v 8.002786 -1.559232 0.771805
v 8.040367 -1.559232 -0.302227
v 8.036362 -1.554142 -0.335597
v 8.022415 -1.539372 -0.366062
v 7.999892 -1.516366 -0.390641
v 7.970997 -1.487378 -0.406926
v 7.938560 -1.455243 -0.413324
v 7.893463 2.090750 0.875514
v 7.926268 2.122884 0.871399
v 7.956230 2.151873 0.857173
v 7.980416 2.174878 0.834229
v 7.996458 2.189649 0.804813
v 8.002786 2.194738 0.771805
v 8.040367 2.194738 -0.302227
v 8.036362 2.189649 -0.335597
v 8.022415 2.174878 -0.366063
v 7.999892 2.151873 -0.390641
v 7.970997 2.122884 -0.406926
v 7.938560 2.090750 -0.413324
v 6.985604 2.090750 0.843748
v 6.985054 2.122884 0.838465
v 6.984925 2.151873 0.823187
v 6.985230 2.174878 0.799407
v 6.985940 2.189649 0.769455
v 6.986986 2.194738 0.736261
v 7.024567 2.194738 -0.337770
v 7.025844 2.189649 -0.370956
v 7.027229 2.174878 -0.400885
v 7.028586 2.151873 -0.424627
v 7.029783 2.122884 -0.439860
v 7.030701 2.090750 -0.445091
v 7.043665 0.541328 0.845780
v 7.044572 0.573462 0.840548
v 7.045757 0.602450 0.825315
v 7.047106 0.625456 0.801573
v 7.048486 0.640226 0.771644
v 7.049762 0.645316 0.738458
v 7.087343 0.645316 -0.335574
v 7.088389 0.640226 -0.368767
v 7.089105 0.625456 -0.398719
v 7.089419 0.602450 -0.422499
v 7.089301 0.573462 -0.437777
v 7.088762 0.541328 -0.443059
v 6.913224 0.547023 0.841215
v 6.916490 0.579054 0.836066
v 6.919805 0.607950 0.820908
v 6.922843 0.630882 0.797225
v 6.925307 0.645605 0.767333
v 6.926956 0.650678 0.734161
v 6.964538 0.650678 -0.339871
v 6.965210 0.645605 -0.373077
v 6.964841 0.630882 -0.403067
v 6.963466 0.607950 -0.426906
v 6.961219 0.579054 -0.442258
v 6.958321 0.547023 -0.447623
v 6.798471 0.563497 0.837200
v 6.805247 0.595024 0.832174
v 6.811727 0.623466 0.817127
v 6.817277 0.646037 0.793531
v 6.821355 0.660528 0.763696
v 6.823561 0.665522 0.730543
v 6.861141 0.665522 -0.343489
v 6.861259 0.660528 -0.376715
v 6.859276 0.646037 -0.406761
v 6.855389 0.623466 -0.430687
v 6.849976 0.595024 -0.446151
v 6.843568 0.563497 -0.451638
v 6.698600 0.589828 0.833706
v 6.709330 0.620313 0.828818
v 6.719377 0.647814 0.813895
v 6.727757 0.669639 0.790398
v 6.733653 0.683651 0.760627
v 6.736484 0.688479 0.727496
v 6.774065 0.688479 -0.346536
v 6.773556 0.683651 -0.379783
v 6.769756 0.669639 -0.409894
v 6.763038 0.647814 -0.433919
v 6.754059 0.620313 -0.449507
v 6.743697 0.589828 -0.455133
v 6.612803 0.625096 0.830703
v 6.627803 0.653825 0.825965
v 6.641702 0.679743 0.811177
v 6.653141 0.700311 0.787787
v 6.660998 0.713516 0.758085
v 6.664506 0.718067 0.724978
v 6.702086 0.718067 -0.349054
v 6.700901 0.713516 -0.382326
v 6.695139 0.700311 -0.412504
v 6.685364 0.679743 -0.436637
v 6.672533 0.653825 -0.452360
v 6.657901 0.625096 -0.458135
v 6.540277 0.668379 0.828166
v 6.559609 0.694523 0.823579
v 6.577418 0.718107 0.808928
v 6.591959 0.736823 0.785647
v 6.601808 0.748840 0.756014
v 6.606002 0.752981 0.722931
v 6.643583 0.752981 -0.351101
v 6.641711 0.748840 -0.384397
v 6.633957 0.736823 -0.414645
v 6.621079 0.718107 -0.438886
v 6.604339 0.694523 -0.454746
v 6.585374 0.668379 -0.460673
v 6.480212 0.718757 0.826064
v 6.503597 0.741502 0.821619
v 6.525061 0.762021 0.807096
v 6.542502 0.778304 0.783916
v 6.554214 0.788759 0.754349
v 6.559050 0.792361 0.721288
v 6.596631 0.792361 -0.352744
v 6.594118 0.788759 -0.386062
v 6.584501 0.778304 -0.416376
v 6.568722 0.762021 -0.440718
v 6.548326 0.741502 -0.456706
v 6.525310 0.718757 -0.462774
v 6.431804 0.775310 0.824370
v 6.458625 0.794041 0.820046
v 6.483188 0.810938 0.805631
v 6.503089 0.824348 0.782537
v 6.516380 0.832958 0.753025
v 6.521761 0.835924 0.719983
v 6.559341 0.835924 -0.354049
v 6.556284 0.832958 -0.387386
v 6.545088 0.824348 -0.417755
v 6.526850 0.810938 -0.442183
v 6.503354 0.794041 -0.458279
v 6.476901 0.775310 -0.464468
v 6.394245 0.837116 0.823056
v 6.423681 0.851542 0.818823
v 6.450604 0.864557 0.804491
v 6.472379 0.874885 0.781463
v 6.486872 0.881516 0.751992
v 6.492667 0.883801 0.718965
v 6.530248 0.883801 -0.355067
v 6.526775 0.881516 -0.388418
v 6.514378 0.874885 -0.418829
v 6.494266 0.864557 -0.443323
v 6.468410 0.851542 -0.459502
v 6.439342 0.837116 -0.465782
v 6.366730 0.903255 0.822093
v 6.397939 0.913421 0.817922
v 6.426461 0.922592 0.803646
v 6.449504 0.929870 0.780662
v 6.464812 0.934543 0.751221
v 6.470887 0.936153 0.718203
v 6.508468 0.936153 -0.355829
v 6.504715 0.934543 -0.389190
v 6.491502 0.929870 -0.419630
v 6.470122 0.922592 -0.444168
v 6.442668 0.913421 -0.460403
v 6.411827 0.903255 -0.466745
v 6.348451 0.972806 0.821454
v 6.380704 0.978999 0.817319
v 6.410169 0.984586 0.803076
v 6.433959 0.989019 0.780118
v 6.449747 0.991866 0.750693
v 6.455988 0.992847 0.717682
v 6.493568 0.992847 -0.356350
v 6.489651 0.991866 -0.389717
v 6.475957 0.989019 -0.420174
v 6.453830 0.984586 -0.444738
v 6.425434 0.978999 -0.461006
v 6.393548 0.972806 -0.467385
v 6.338603 1.044849 0.821109
v 6.371344 1.047478 0.816992
v 6.401247 1.049849 0.802764
v 6.425386 1.051731 0.779818
v 6.441399 1.052940 0.750401
v 6.447716 1.053357 0.717392
v 6.485297 1.053357 -0.356640
v 6.481302 1.052940 -0.390010
v 6.467385 1.051731 -0.420474
v 6.444909 1.049849 -0.445050
v 6.416073 1.047478 -0.461333
v 6.383700 1.044849 -0.467729
v 6.336380 1.118461 0.821031
v 6.369217 1.117868 0.816917
v 6.399209 1.117333 0.802692
v 6.423418 1.116908 0.779749
v 6.439475 1.116636 0.750334
v 6.445807 1.116542 0.717326
v 6.483388 1.116542 -0.356706
v 6.479378 1.116636 -0.390077
v 6.465416 1.116908 -0.420543
v 6.442870 1.117333 -0.445122
v 6.413947 1.117868 -0.461408
v 6.381477 1.118461 -0.467807
v 6.341829 1.198902 0.821222
v 6.374437 1.194914 0.817100
v 6.404221 1.191316 0.802868
v 6.428265 1.188461 0.779919
v 6.444216 1.186628 0.750500
v 6.450513 1.185997 0.717490
v 6.488093 1.185997 -0.356542
v 6.484119 1.186628 -0.389911
v 6.470263 1.188461 -0.420373
v 6.447882 1.191316 -0.444946
v 6.419166 1.194914 -0.461225
v 6.386926 1.198902 -0.467616
v 6.355782 1.273673 0.821710
v 6.387655 1.265746 0.817562
v 6.416775 1.258594 0.803307
v 6.440293 1.252918 0.780340
v 6.455906 1.249274 0.750909
v 6.462087 1.248019 0.717895
v 6.499667 1.248019 -0.356137
v 6.495810 1.249274 -0.389502
v 6.482292 1.252918 -0.419952
v 6.460437 1.258594 -0.444507
v 6.432384 1.265746 -0.460763
v 6.400879 1.273673 -0.467128
v 6.378606 1.342523 0.822509
v 6.409033 1.330236 0.818310
v 6.436850 1.319151 0.804009
v 6.459333 1.310354 0.781006
v 6.474282 1.304706 0.751552
v 6.480233 1.302760 0.718530
v 6.517814 1.302760 -0.355502
v 6.514185 1.304706 -0.388859
v 6.501331 1.310354 -0.419286
v 6.480511 1.319151 -0.443805
v 6.453762 1.330236 -0.460015
v 6.423703 1.342523 -0.466330
v 6.410666 1.405199 0.823631
v 6.438779 1.388386 0.819351
v 6.464507 1.373219 0.804977
v 6.485333 1.361183 0.781916
v 6.499218 1.353455 0.752424
v 6.504803 1.350792 0.719390
v 6.542384 1.350792 -0.354642
v 6.539122 1.353455 -0.387986
v 6.527332 1.361183 -0.418376
v 6.508169 1.373219 -0.442837
v 6.483508 1.388386 -0.458974
v 6.455763 1.405199 -0.465208
v 6.452330 1.461448 0.825088
v 6.477248 1.440322 0.820697
v 6.500095 1.421265 0.806222
v 6.518634 1.406141 0.783081
v 6.531051 1.396430 0.753538
v 6.536129 1.393084 0.720486
v 6.573710 1.393084 -0.353546
v 6.570954 1.396430 -0.386873
v 6.560633 1.406141 -0.417211
v 6.543756 1.421265 -0.441592
v 6.521977 1.440322 -0.457628
v 6.497427 1.461448 -0.463750
v 6.503964 1.511016 0.826895
v 6.525010 1.486173 0.822368
v 6.544363 1.463762 0.807771
v 6.560129 1.445976 0.784533
v 6.570766 1.434557 0.754928
v 6.575232 1.430622 0.721854
v 6.612812 1.430622 -0.352178
v 6.610669 1.434557 -0.385483
v 6.602128 1.445976 -0.415759
v 6.588024 1.463762 -0.440043
v 6.569739 1.486173 -0.455957
v 6.549061 1.511016 -0.461943
v 6.565935 1.553653 0.829063
v 6.582790 1.525927 0.824390
v 6.598363 1.500915 0.809661
v 6.611130 1.481065 0.786317
v 6.619841 1.468321 0.756645
v 6.623642 1.463930 0.723548
v 6.661223 1.463930 -0.350484
v 6.659744 1.468321 -0.383766
v 6.653129 1.481065 -0.413975
v 6.642025 1.500915 -0.438153
v 6.627519 1.525927 -0.453935
v 6.611032 1.553653 -0.459775
v 6.638608 1.589104 0.831606
v 6.651330 1.559362 0.826788
v 6.663175 1.532531 0.811929
v 6.672982 1.511238 0.788482
v 6.679792 1.497566 0.758743
v 6.682940 1.492856 0.725623
v 6.720520 1.492856 -0.348409
v 6.719696 1.497566 -0.381668
v 6.714981 1.511238 -0.411810
v 6.706836 1.532531 -0.435885
v 6.696059 1.559362 -0.451537
v 6.683705 1.589104 -0.457232
v 6.722352 1.617117 0.834537
v 6.731264 1.586100 0.829585
v 6.739671 1.558119 0.814605
v 6.746751 1.535914 0.791063
v 6.751811 1.521657 0.761263
v 6.754354 1.516744 0.728122
v 6.791935 1.516744 -0.345910
v 6.791715 1.521657 -0.379148
v 6.788750 1.535914 -0.409229
v 6.783333 1.558119 -0.433209
v 6.775993 1.586100 -0.448740
v 6.767448 1.617117 -0.454302
v 6.817532 1.637439 0.837867
v 6.823086 1.605705 0.832798
v 6.828464 1.577078 0.817712
v 6.833140 1.554359 0.794086
v 6.836657 1.539773 0.764232
v 6.838668 1.534747 0.731072
v 6.876249 1.534747 -0.342960
v 6.876560 1.539773 -0.376179
v 6.875139 1.554359 -0.406206
v 6.872126 1.577078 -0.430102
v 6.867815 1.605705 -0.445527
v 6.862628 1.637439 -0.450971
v 6.924514 1.649818 0.841610
v 6.927185 1.617751 0.836441
v 6.929963 1.588822 0.821264
v 6.932576 1.565865 0.797565
v 6.934767 1.551125 0.767664
v 6.936322 1.546046 0.734489
v 6.973903 1.546046 -0.339543
v 6.974670 1.551125 -0.372746
v 6.974575 1.565865 -0.402727
v 6.973625 1.588822 -0.426550
v 6.971914 1.617751 -0.441884
v 6.969610 1.649818 -0.447228
v 7.043665 1.654000 0.845779
v 7.044430 1.621866 0.840543
v 7.045488 1.592878 0.825306
v 7.046735 1.569872 0.801560
v 7.048050 1.555102 0.771628
v 7.049303 1.550012 0.738442
v 7.086884 1.550012 -0.335590
v 7.087954 1.555102 -0.368783
v 7.088734 1.569872 -0.398732
v 7.089149 1.592878 -0.422508
v 7.089159 1.621866 -0.437782
v 7.088762 1.654000 -0.443059
v 7.376195 1.654000 0.857415
v 7.343757 1.621866 0.851017
v 7.314863 1.592878 0.834732
v 7.292340 1.569872 0.810153
v 7.278393 1.555102 0.779688
v 7.274387 1.550012 0.746318
v 7.311969 1.550012 -0.327714
v 7.318296 1.555102 -0.360723
v 7.334339 1.569872 -0.390139
v 7.358524 1.592878 -0.413083
v 7.388486 1.621866 -0.427308
v 7.421291 1.654000 -0.431424
v 7.376195 0.541328 0.857415
v 7.343757 0.573462 0.851017
v 7.314863 0.602450 0.834732
v 7.292340 0.625456 0.810153
v 7.278393 0.640226 0.779688
v 7.274387 0.645316 0.746318
v 7.311969 0.645316 -0.327714
v 7.318296 0.640226 -0.360723
v 7.334339 0.625456 -0.390139
v 7.358524 0.602450 -0.413082
v 7.388486 0.573462 -0.427308
v 7.421291 0.541328 -0.431424
v 4.198689 1.633203 0.746233
v 4.166252 1.601068 0.739834
v 4.137357 1.572080 0.723549
v 4.114834 1.549075 0.698971
v 4.100887 1.534304 0.668506
v 4.096882 1.529215 0.635136
v 4.134463 1.529215 -0.438896
v 4.140791 1.534304 -0.471905
v 4.156833 1.549075 -0.501321
v 4.181019 1.572080 -0.524265
v 4.210981 1.601068 -0.538491
v 4.243786 1.633203 -0.542606
v 4.198689 0.562125 0.746233
v 4.166252 0.594259 0.739834
v 4.137357 0.623248 0.723549
v 4.114834 0.646253 0.698971
v 4.100887 0.661024 0.668506
v 4.096882 0.666113 0.635136
v 4.134463 0.666113 -0.438896
v 4.140791 0.661024 -0.471905
v 4.156833 0.646253 -0.501321
v 4.181019 0.623248 -0.524265
v 4.210981 0.594259 -0.538491
v 4.243786 0.562125 -0.542606
v 2.726058 0.562125 0.694705
v 2.693620 0.594259 0.688306
v 2.664726 0.623248 0.672021
v 2.642203 0.646253 0.647443
v 2.628256 0.661024 0.616978
v 2.624251 0.666113 0.583608
v 2.661832 0.666113 -0.490424
v 2.668160 0.661024 -0.523433
v 2.684202 0.646253 -0.552849
v 2.708388 0.623248 -0.575793
v 2.738349 0.594259 -0.590019
v 2.771155 0.562125 -0.594134
v 2.726058 0.104578 0.694705
v 2.693620 0.072444 0.688306
v 2.664726 0.043455 0.672021
v 2.642203 0.020450 0.647443
v 2.628256 0.005679 0.616978
v 2.624251 0.000590 0.583608
v 2.661832 0.000590 -0.490424
v 2.668160 0.005679 -0.523433
v 2.684202 0.020450 -0.552849
v 2.708388 0.043455 -0.575793
v 2.738349 0.072444 -0.590019
v 2.771155 0.104578 -0.594134
v 4.198689 0.104578 0.746233
v 4.166252 0.072444 0.739834
v 4.137357 0.043455 0.723549
v 4.114834 0.020450 0.698971
v 4.100887 0.005679 0.668506
v 4.096882 0.000590 0.635136
v 4.134463 0.000590 -0.438896
v 4.140791 0.005679 -0.471905
v 4.156833 0.020450 -0.501321
v 4.181019 0.043455 -0.524265
v 4.210981 0.072444 -0.538490
v 4.243786 0.104578 -0.542606
v 4.198689 -0.997696 0.746233
v 4.166252 -0.965562 0.739835
v 4.137357 -0.936573 0.723549
v 4.114834 -0.913568 0.698971
v 4.100887 -0.898797 0.668506
v 4.096882 -0.893708 0.635136
v 4.134463 -0.893708 -0.438896
v 4.140791 -0.898797 -0.471905
v 4.156833 -0.913568 -0.501321
v 4.181019 -0.936573 -0.524265
v 4.210981 -0.965562 -0.538490
v 4.243786 -0.997696 -0.542606
v 2.625771 -0.997696 0.691196
v 2.593333 -0.965562 0.684797
v 2.564439 -0.936573 0.668512
v 2.541916 -0.913568 0.643934
v 2.527970 -0.898797 0.613469
v 2.523964 -0.893708 0.580099
v 2.561545 -0.893708 -0.493933
v 2.567873 -0.898797 -0.526942
v 2.583915 -0.913568 -0.556358
v 2.608101 -0.936573 -0.579302
v 2.638063 -0.965562 -0.593527
v 2.670868 -0.997696 -0.597643
v 2.625771 -1.455243 0.691196
v 2.593333 -1.487378 0.684797
v 2.564439 -1.516366 0.668512
v 2.541916 -1.539372 0.643934
v 2.527970 -1.554142 0.613469
v 2.523964 -1.559232 0.580099
v 2.561545 -1.559232 -0.493933
v 2.567873 -1.554142 -0.526942
v 2.583915 -1.539372 -0.556358
v 2.608101 -1.516366 -0.579302
v 2.638063 -1.487378 -0.593527
v 2.670868 -1.455243 -0.597643
v 4.715957 -1.455243 0.764332
v 4.748763 -1.487378 0.760217
v 4.778725 -1.516366 0.745991
v 4.802910 -1.539372 0.723047
v 4.818953 -1.554142 0.693631
v 4.825280 -1.559232 0.660623
v 4.862861 -1.559232 -0.413409
v 4.858856 -1.554142 -0.446779
v 4.844909 -1.539372 -0.477245
v 4.822386 -1.516366 -0.501823
v 4.793492 -1.487378 -0.518108
v 4.761055 -1.455243 -0.524506
v 4.715957 2.090750 0.764332
v 4.748763 2.122884 0.760217
v 4.778725 2.151873 0.745991
v 4.802910 2.174878 0.723047
v 4.818953 2.189649 0.693631
v 4.825280 2.194738 0.660623
v 4.862861 2.194738 -0.413409
v 4.858856 2.189649 -0.446780
v 4.844909 2.174878 -0.477245
v 4.822386 2.151873 -0.501823
v 4.793492 2.122884 -0.518108
v 4.761055 2.090750 -0.524506
v 2.673275 2.090750 0.692858
v 2.640838 2.122884 0.686459
v 2.611943 2.151873 0.670174
v 2.589421 2.174878 0.645596
v 2.575474 2.189649 0.615131
v 2.571468 2.194738 0.581761
v 2.609049 2.194738 -0.492271
v 2.615377 2.189649 -0.525280
v 2.631419 2.174878 -0.554696
v 2.655605 2.151873 -0.577640
v 2.685567 2.122884 -0.591865
v 2.718372 2.090750 -0.595981
v 2.673275 1.633203 0.692858
v 2.640838 1.601068 0.686460
v 2.611943 1.572080 0.670174
v 2.589421 1.549075 0.645596
v 2.575474 1.534304 0.615131
v 2.571468 1.529215 0.581761
v 2.609049 1.529215 -0.492271
v 2.615377 1.534304 -0.525280
v 2.631419 1.549075 -0.554696
v 2.655605 1.572080 -0.577640
v 2.685567 1.601068 -0.591865
v 2.718372 1.633203 -0.595981
v 0.442971 1.378176 0.614818
v 0.464210 1.353613 0.610298
v 0.483738 1.331455 0.595708
v 0.499642 1.313870 0.572474
v 0.510367 1.302580 0.542872
v 0.514864 1.298689 0.509799
v 0.552444 1.298689 -0.564233
v 0.550271 1.302580 -0.597539
v 0.541641 1.313870 -0.627818
v 0.527399 1.331455 -0.652107
v 0.508939 1.353613 -0.668027
v 0.488068 1.378176 -0.674020
v 0.518675 1.437479 0.617467
v 0.538381 1.411716 0.612894
v 0.556527 1.388474 0.598254
v 0.571335 1.370030 0.574983
v 0.581356 1.358188 0.545356
v 0.585609 1.354107 0.512275
v 0.623190 1.354107 -0.561757
v 0.621259 1.358188 -0.595055
v 0.613334 1.370030 -0.625309
v 0.600188 1.388474 -0.649560
v 0.583110 1.411716 -0.665431
v 0.563772 1.437479 -0.671371
v 0.593646 1.489163 0.620091
v 0.611688 1.462253 0.615459
v 0.628333 1.437976 0.600767
v 0.641949 1.418711 0.577453
v 0.651205 1.406341 0.547800
v 0.655195 1.402079 0.514709
v 0.692776 1.402079 -0.559322
v 0.691109 1.406341 -0.592611
v 0.683948 1.418711 -0.622839
v 0.671994 1.437976 -0.647047
v 0.656417 1.462253 -0.662866
v 0.638743 1.489163 -0.668748
v 0.667737 1.533644 0.622683
v 0.683993 1.505661 0.617989
v 0.699026 1.480418 0.603241
v 0.711364 1.460384 0.579882
v 0.719799 1.447522 0.550200
v 0.723506 1.443090 0.517100
v 0.761087 1.443090 -0.556932
v 0.759703 1.447522 -0.590211
v 0.753363 1.460384 -0.620410
v 0.742687 1.480418 -0.644573
v 0.728722 1.505661 -0.660336
v 0.712834 1.533644 -0.666155
v 0.740801 1.571336 0.625240
v 0.755165 1.542377 0.620479
v 0.768490 1.516253 0.605671
v 0.779473 1.495521 0.582265
v 0.787038 1.482210 0.552553
v 0.790445 1.477623 0.519442
v 0.828026 1.477623 -0.554590
v 0.826942 1.482210 -0.587858
v 0.821472 1.495521 -0.618027
v 0.812152 1.516253 -0.642143
v 0.799894 1.542377 -0.657846
v 0.785898 1.571336 -0.663599
v 0.812693 1.602656 0.627755
v 0.825078 1.572835 0.622925
v 0.836618 1.545933 0.608055
v 0.846184 1.524584 0.584600
v 0.852840 1.510876 0.554855
v 0.855934 1.506153 0.521733
v 0.893515 1.506153 -0.552299
v 0.892744 1.510876 -0.585556
v 0.888183 1.524584 -0.615692
v 0.880280 1.545933 -0.639759
v 0.869807 1.572835 -0.655400
v 0.857790 1.602656 -0.661083
v 0.883265 1.628018 0.630224
v 0.893610 1.597464 0.625323
v 0.903310 1.569901 0.610389
v 0.911416 1.548027 0.586882
v 0.917134 1.533982 0.557105
v 0.919905 1.529143 0.523972
v 0.957486 1.529143 -0.550060
v 0.957038 1.533982 -0.583306
v 0.953415 1.548027 -0.613410
v 0.946972 1.569901 -0.637425
v 0.938339 1.597464 -0.653002
v 0.928362 1.628018 -0.658614
v 0.952371 1.647838 0.632643
v 0.960643 1.616689 0.627669
v 0.968473 1.588590 0.612669
v 0.975095 1.566290 0.589110
v 0.979860 1.551972 0.559300
v 0.982302 1.547038 0.526155
v 1.019883 1.547038 -0.547877
v 1.019763 1.551972 -0.581111
v 1.017093 1.566290 -0.611182
v 1.012134 1.588590 -0.635145
v 1.005372 1.616689 -0.650656
v 0.997468 1.647838 -0.656196
v 1.019864 1.662531 0.635004
v 1.026059 1.630929 0.629958
v 1.032015 1.602422 0.614892
v 1.037149 1.579798 0.591282
v 1.040960 1.565273 0.561438
v 1.043073 1.560268 0.528281
v 1.080654 1.560268 -0.545750
v 1.080863 1.565273 -0.578973
v 1.079148 1.579798 -0.609010
v 1.075676 1.602422 -0.632922
v 1.070788 1.630929 -0.648367
v 1.064961 1.662531 -0.653834
v 1.085598 1.672511 0.637304
v 1.089739 1.640598 0.632186
v 1.093843 1.611810 0.617055
v 1.097507 1.588962 0.593393
v 1.100373 1.574293 0.563516
v 1.102161 1.569239 0.530349
v 1.139742 1.569239 -0.543683
v 1.140277 1.574293 -0.576894
v 1.139505 1.588962 -0.606899
v 1.137504 1.611810 -0.630759
v 1.134468 1.640598 -0.646139
v 1.130695 1.672511 -0.651534
v 1.149426 1.678195 0.639538
v 1.151562 1.646104 0.634349
v 1.153858 1.617154 0.619155
v 1.156088 1.594179 0.595443
v 1.158033 1.579428 0.565534
v 1.159504 1.574346 0.532355
v 1.197085 1.574346 -0.541677
v 1.197937 1.579428 -0.574877
v 1.198087 1.594179 -0.604849
v 1.197520 1.617154 -0.628659
v 1.196292 1.646104 -0.643976
v 1.194522 1.678195 -0.649301
v 1.211201 1.679997 0.641699
v 1.211149 1.647842 0.636434
v 1.211470 1.618835 0.621171
v 1.212133 1.595814 0.597404
v 1.213072 1.581034 0.567460
v 1.214196 1.575941 0.534269
v 1.251777 1.575941 -0.539763
v 1.252975 1.581034 -0.572951
v 1.254132 1.595814 -0.602888
v 1.255132 1.618835 -0.626643
v 1.255878 1.647842 -0.641891
v 1.256298 1.679997 -0.647139
v 1.292271 1.676477 0.644536
v 1.289516 1.644439 0.639176
v 1.287398 1.615538 0.623828
v 1.286125 1.592601 0.599993
v 1.285821 1.577875 0.570005
v 1.286517 1.572801 0.536800
v 1.324098 1.572801 -0.537232
v 1.325725 1.577875 -0.570405
v 1.328124 1.592601 -0.600299
v 1.331059 1.615538 -0.623986
v 1.334245 1.644439 -0.639149
v 1.337368 1.676477 -0.644303
v 1.368889 1.666132 0.647217
v 1.363058 1.634510 0.641749
v 1.358166 1.605983 0.626304
v 1.354691 1.583344 0.602392
v 1.352974 1.568808 0.572355
v 1.353183 1.563800 0.539132
v 1.390764 1.563800 -0.534900
v 1.392878 1.568808 -0.568056
v 1.396690 1.583344 -0.597900
v 1.401827 1.605983 -0.621510
v 1.407787 1.634510 -0.636576
v 1.413985 1.666132 -0.641622
v 1.440557 1.649288 0.649724
v 1.431503 1.618423 0.644144
v 1.423703 1.590580 0.628597
v 1.417921 1.568483 0.604605
v 1.414722 1.554296 0.574516
v 1.414421 1.549407 0.541275
v 1.452002 1.549407 -0.532757
v 1.454626 1.554296 -0.565895
v 1.459920 1.568483 -0.595687
v 1.467365 1.590580 -0.619217
v 1.476233 1.618423 -0.634181
v 1.485654 1.649288 -0.639114
v 1.506783 1.626270 0.652042
v 1.494369 1.596573 0.646344
v 1.483537 1.569783 0.630691
v 1.475349 1.548523 0.606614
v 1.470606 1.534873 0.576471
v 1.469772 1.530169 0.543212
v 1.507353 1.530169 -0.530820
v 1.510509 1.534873 -0.563940
v 1.517348 1.548523 -0.593678
v 1.527199 1.569783 -0.617123
v 1.539098 1.596573 -0.631981
v 1.551880 1.626270 -0.636797
v 1.567070 1.597402 0.654151
v 1.551190 1.569365 0.648332
v 1.537233 1.544072 0.632570
v 1.526564 1.524000 0.608406
v 1.520228 1.511112 0.578207
v 1.518845 1.506671 0.544929
v 1.556426 1.506671 -0.529103
v 1.560132 1.511112 -0.562203
v 1.568563 1.524000 -0.591886
v 1.580894 1.544072 -0.615244
v 1.595919 1.569365 -0.629993
v 1.612167 1.597402 -0.634687
v 1.620925 1.563011 0.656035
v 1.601539 1.537212 0.650094
v 1.584420 1.513938 0.634221
v 1.571241 1.495468 0.609970
v 1.563293 1.483610 0.579714
v 1.561355 1.479524 0.546416
v 1.598936 1.479524 -0.527616
v 1.603197 1.483610 -0.560696
v 1.613240 1.495468 -0.590322
v 1.628081 1.513938 -0.613593
v 1.646269 1.537212 -0.628231
v 1.666022 1.563011 -0.632803
v 1.667852 1.523419 0.657677
v 1.645033 1.500517 0.651616
v 1.624816 1.479857 0.635634
v 1.609179 1.463460 0.611297
v 1.599653 1.452933 0.580986
v 1.597172 1.449306 0.547670
v 1.634753 1.449306 -0.526362
v 1.639557 1.452933 -0.559424
v 1.651178 1.463460 -0.588995
v 1.668478 1.479857 -0.612180
v 1.689762 1.500517 -0.626709
v 1.712949 1.523419 -0.631161
v 1.707356 1.478954 0.659060
v 1.681342 1.459648 0.652886
v 1.658242 1.442232 0.636804
v 1.640317 1.428411 0.612387
v 1.629323 1.419538 0.582025
v 1.626335 1.416480 0.548690
v 1.663916 1.416480 -0.525342
v 1.669227 1.419538 -0.558386
v 1.682316 1.428411 -0.587905
v 1.701904 1.442232 -0.611010
v 1.726071 1.459648 -0.625439
v 1.752453 1.478954 -0.629779
v 1.738943 1.429938 0.660165
v 1.710180 1.414899 0.653895
v 1.684600 1.401332 0.637726
v 1.664707 1.390565 0.613240
v 1.652449 1.383652 0.582834
v 1.649026 1.381270 0.549484
v 1.686607 1.381270 -0.524548
v 1.692353 1.383652 -0.557577
v 1.706706 1.390565 -0.587052
v 1.728262 1.401332 -0.610088
v 1.754909 1.414899 -0.624430
v 1.784040 1.429938 -0.628673
v 1.762118 1.376699 0.660976
v 1.731264 1.366460 0.654633
v 1.703799 1.357225 0.638398
v 1.682410 1.349895 0.613860
v 1.669192 1.345189 0.583420
v 1.665437 1.343567 0.550058
v 1.703018 1.343567 -0.523974
v 1.709095 1.345189 -0.556991
v 1.724409 1.349895 -0.586433
v 1.747461 1.357225 -0.609416
v 1.775994 1.366460 -0.623692
v 1.807215 1.376699 -0.627863
v 1.776386 1.319559 0.661475
v 1.744258 1.314423 0.655088
v 1.715644 1.309790 0.638812
v 1.693343 1.306113 0.614242
v 1.679538 1.303753 0.583782
v 1.675582 1.302939 0.550413
v 1.713163 1.302939 -0.523619
v 1.719442 1.303753 -0.556629
v 1.735342 1.306113 -0.586050
v 1.759305 1.309790 -0.609002
v 1.788987 1.314423 -0.623237
v 1.821482 1.319559 -0.627363
v 1.781251 1.258845 0.661645
v 1.748568 1.260647 0.655239
v 1.719452 1.262273 0.638946
v 1.696753 1.263563 0.614361
v 1.682693 1.264392 0.583892
v 1.678648 1.264677 0.550521
v 1.716229 1.264677 -0.523511
v 1.722597 1.264392 -0.556519
v 1.738752 1.263563 -0.585931
v 1.763113 1.262273 -0.608868
v 1.793297 1.260647 -0.623086
v 1.826348 1.258845 -0.627193
v 1.750615 1.101912 0.660573
v 1.719902 1.113810 0.654236
v 1.692564 1.124543 0.638005
v 1.671276 1.133061 0.613470
v 1.658122 1.138530 0.583032
v 1.654390 1.140414 0.549672
v 1.691971 1.140414 -0.524360
v 1.698026 1.138530 -0.557378
v 1.713275 1.133061 -0.586822
v 1.736226 1.124543 -0.609809
v 1.764632 1.113810 -0.624089
v 1.795712 1.101912 -0.628265
v 1.665912 0.967438 0.657610
v 1.640638 0.987970 0.651462
v 1.618206 1.006492 0.635403
v 1.600811 1.021191 0.611004
v 1.590157 1.030628 0.580654
v 1.587287 1.033880 0.547324
v 1.624868 1.033880 -0.526708
v 1.630061 1.030628 -0.559757
v 1.642810 1.021191 -0.589288
v 1.661868 1.006492 -0.612411
v 1.685367 0.987970 -0.626863
v 1.711009 0.967438 -0.631229
v 1.537957 0.849067 0.653132
v 1.517617 0.874164 0.647158
v 1.499636 0.896803 0.631254
v 1.485774 0.914770 0.606979
v 1.477387 0.926305 0.576708
v 1.475298 0.930280 0.543405
v 1.512879 0.930280 -0.530627
v 1.517291 0.926305 -0.563702
v 1.527772 0.914770 -0.593313
v 1.543298 0.896803 -0.616560
v 1.562346 0.874164 -0.631167
v 1.583054 0.849067 -0.635706
v 1.377563 0.740445 0.647520
v 1.360229 0.767577 0.641650
v 1.344959 0.792053 0.625842
v 1.333248 0.811477 0.601642
v 1.326244 0.823948 0.571420
v 1.324630 0.828245 0.538133
v 1.362211 0.828245 -0.535899
v 1.366147 0.823948 -0.568991
v 1.375247 0.811477 -0.598650
v 1.388620 0.792053 -0.621972
v 1.404958 0.767577 -0.636674
v 1.422660 0.740445 -0.641318
v 1.195543 0.635218 0.641151
v 1.179398 0.663037 0.635323
v 1.165202 0.688133 0.619552
v 1.154343 0.708050 0.595382
v 1.147885 0.720837 0.565179
v 1.146460 0.725243 0.531899
v 1.184041 0.725243 -0.542133
v 1.187789 0.720837 -0.575232
v 1.196342 0.708050 -0.604910
v 1.208863 0.688133 -0.628262
v 1.224127 0.663037 -0.643002
v 1.240640 0.635218 -0.647687
v 1.002710 0.527029 0.634404
v 0.986235 0.554664 0.628564
v 0.971741 0.579593 0.612783
v 0.960646 0.599377 0.588605
v 0.954037 0.612079 0.558396
v 0.952560 0.616456 0.525114
v 0.990141 0.616456 -0.548918
v 0.993941 0.612079 -0.582015
v 1.002645 0.599377 -0.611687
v 1.015403 0.579593 -0.635031
v 1.030964 0.554664 -0.649761
v 1.047807 0.527029 -0.654434
v 0.809877 0.409525 0.627657
v 0.791722 0.436135 0.621758
v 0.775711 0.460141 0.605924
v 0.763413 0.479192 0.581703
v 0.756031 0.491423 0.551468
v 0.754288 0.495638 0.518177
v 0.791869 0.495638 -0.555855
v 0.795935 0.491423 -0.588943
v 0.805412 0.479192 -0.618589
v 0.819373 0.460141 -0.641890
v 0.836451 0.436135 -0.656567
v 0.854974 0.409525 -0.661182
v 0.627857 0.276350 0.621288
v 0.606785 0.300827 0.615287
v 0.588144 0.322907 0.599361
v 0.573758 0.340430 0.575067
v 0.565034 0.351681 0.544785
v 0.562829 0.355557 0.511478
v 0.600410 0.355557 -0.562554
v 0.604938 0.351681 -0.595626
v 0.615757 0.340430 -0.625225
v 0.631805 0.322907 -0.648453
v 0.651514 0.300827 -0.663038
v 0.672954 0.276350 -0.667551
v 0.467463 0.121151 0.615675
v 0.442538 0.141899 0.609540
v 0.420422 0.160616 0.593492
v 0.403277 0.175471 0.569102
v 0.392784 0.185008 0.538758
v 0.389968 0.188294 0.505429
v 0.427548 0.188294 -0.568603
v 0.432687 0.185008 -0.601653
v 0.445276 0.175471 -0.631190
v 0.464083 0.160616 -0.654322
v 0.487267 0.141899 -0.668785
v 0.512560 0.121151 -0.673163
v 0.339508 -0.062429 0.611198
v 0.310605 -0.047389 0.604924
v 0.284898 -0.033822 0.588750
v 0.264905 -0.023055 0.564260
v 0.252583 -0.016142 0.533852
v 0.249137 -0.013759 0.500501
v 0.286718 -0.013759 -0.573531
v 0.292487 -0.016142 -0.606559
v 0.306904 -0.023055 -0.636032
v 0.328559 -0.033822 -0.659064
v 0.355334 -0.047389 -0.673401
v 0.384605 -0.062429 -0.677640
v 0.254806 -0.280744 0.608234
v 0.223059 -0.273032 0.601861
v 0.194788 -0.266075 0.585597
v 0.172759 -0.260554 0.561036
v 0.159130 -0.257009 0.530582
v 0.155234 -0.255788 0.497216
v 0.192815 -0.255788 -0.576816
v 0.199034 -0.257009 -0.609829
v 0.214758 -0.260554 -0.639256
v 0.238449 -0.266075 -0.662217
v 0.267788 -0.273032 -0.676464
v 0.299903 -0.280744 -0.680604
v 0.224168 -0.540148 0.607162
v 0.191611 -0.539302 0.600760
v 0.162609 -0.538539 0.584471
v 0.139999 -0.537933 0.559890
v 0.125997 -0.537545 0.529423
v 0.121973 -0.537411 0.496052
v 0.159554 -0.537411 -0.577980
v 0.165901 -0.537545 -0.610988
v 0.181998 -0.537933 -0.640402
v 0.206270 -0.538539 -0.663343
v 0.236340 -0.539302 -0.677565
v 0.269266 -0.540148 -0.681676
v 0.232916 -0.675944 0.607469
v 0.200679 -0.680071 0.601077
v 0.171966 -0.683794 0.584799
v 0.149586 -0.686749 0.560225
v 0.135731 -0.688646 0.529763
v 0.131758 -0.689300 0.496394
v 0.169338 -0.689300 -0.577638
v 0.175634 -0.688646 -0.610647
v 0.191585 -0.686749 -0.640067
v 0.215627 -0.683794 -0.663015
v 0.245408 -0.680071 -0.677248
v 0.278013 -0.675944 -0.681370
v 0.258525 -0.804572 0.608365
v 0.227117 -0.812862 0.602003
v 0.199151 -0.820340 0.585750
v 0.177365 -0.826275 0.561197
v 0.163891 -0.830085 0.530749
v 0.160049 -0.831398 0.497384
v 0.197629 -0.831398 -0.576648
v 0.203794 -0.830085 -0.609662
v 0.219364 -0.826275 -0.639095
v 0.242812 -0.820340 -0.662064
v 0.271846 -0.812862 -0.676322
v 0.303623 -0.804572 -0.680474
v 0.300043 -0.925148 0.609817
v 0.270044 -0.937531 0.603505
v 0.243350 -0.948702 0.587296
v 0.222572 -0.957567 0.562779
v 0.209746 -0.963259 0.532353
v 0.206127 -0.965221 0.498996
v 0.243708 -0.965221 -0.575035
v 0.249650 -0.963259 -0.608058
v 0.264571 -0.957567 -0.637513
v 0.287011 -0.948702 -0.660518
v 0.314773 -0.937531 -0.674820
v 0.345140 -0.925148 -0.679021
v 0.356515 -1.036788 0.611793
v 0.328494 -1.053080 0.605550
v 0.303583 -1.067777 0.589404
v 0.284221 -1.079441 0.564936
v 0.272305 -1.086930 0.534542
v 0.268999 -1.089510 0.501196
v 0.306579 -1.089510 -0.572836
v 0.312208 -1.086930 -0.605869
v 0.326220 -1.079441 -0.635356
v 0.347244 -1.067777 -0.658410
v 0.373223 -1.053080 -0.672775
v 0.401612 -1.036788 -0.677045
v 0.426990 -1.138606 0.614259
v 0.401473 -1.158518 0.608103
v 0.378822 -1.176480 0.592037
v 0.361254 -1.190735 0.567632
v 0.350488 -1.199887 0.537278
v 0.347579 -1.203040 0.503946
v 0.385159 -1.203040 -0.570086
v 0.390391 -1.199887 -0.603133
v 0.403253 -1.190735 -0.632660
v 0.422483 -1.176480 -0.655777
v 0.446202 -1.158518 -0.670222
v 0.472087 -1.138606 -0.674579
v 0.510513 -1.229719 0.617182
v 0.487966 -1.252870 0.611130
v 0.467994 -1.273754 0.595157
v 0.452551 -1.290328 0.570826
v 0.443151 -1.300969 0.540520
v 0.440711 -1.304636 0.507205
v 0.478292 -1.304636 -0.566827
v 0.483054 -1.300969 -0.599891
v 0.494550 -1.290328 -0.629466
v 0.511655 -1.273754 -0.652657
v 0.532695 -1.252870 -0.667195
v 0.555610 -1.229719 -0.671657
v 0.606133 -1.309242 0.620528
v 0.586940 -1.335182 0.614593
v 0.569994 -1.358583 0.598726
v 0.556953 -1.377154 0.574479
v 0.549094 -1.389078 0.544227
v 0.547186 -1.393186 0.510930
v 0.584767 -1.393187 -0.563102
v 0.588998 -1.389078 -0.596184
v 0.598952 -1.377155 -0.625813
v 0.613655 -1.358583 -0.649088
v 0.631669 -1.335182 -0.663732
v 0.651230 -1.309242 -0.668311
v 0.712895 -1.376289 0.624263
v 0.697353 -1.404523 0.618456
v 0.683701 -1.429992 0.602704
v 0.673273 -1.450205 0.578550
v 0.667092 -1.463182 0.548356
v 0.665763 -1.467654 0.515079
v 0.703344 -1.467654 -0.558953
v 0.706996 -1.463182 -0.592055
v 0.715272 -1.450205 -0.621742
v 0.727362 -1.429992 -0.645110
v 0.742082 -1.404523 -0.659869
v 0.757992 -1.376290 -0.664575
v 0.829847 -1.429978 0.628356
v 0.818159 -1.459980 0.622683
v 0.807983 -1.487045 0.607053
v 0.800315 -1.508524 0.582995
v 0.795905 -1.522315 0.552863
v 0.795186 -1.527066 0.519608
v 0.832767 -1.527067 -0.554424
v 0.835809 -1.522315 -0.587548
v 0.842314 -1.508524 -0.617297
v 0.851644 -1.487045 -0.640761
v 0.862888 -1.459980 -0.655642
v 0.874944 -1.429978 -0.660483
v 0.956037 -1.469421 0.632771
v 0.948311 -1.500662 0.627237
v 0.941710 -1.528845 0.611732
v 0.936879 -1.551211 0.587773
v 0.934291 -1.565571 0.557705
v 0.934200 -1.570519 0.524472
v 0.971781 -1.570519 -0.549560
v 0.974195 -1.565571 -0.582705
v 0.978878 -1.551211 -0.612519
v 0.985372 -1.528845 -0.636082
v 0.993040 -1.500662 -0.651088
v 1.001133 -1.469422 -0.656067
v 1.090510 -1.493737 0.637476
v 1.086767 -1.525697 0.632082
v 1.083758 -1.554530 0.616703
v 1.081778 -1.577411 0.592843
v 1.081020 -1.592102 0.562839
v 1.081559 -1.597164 0.529628
v 1.119140 -1.597164 -0.544404
v 1.120924 -1.592102 -0.577571
v 1.123777 -1.577411 -0.607449
v 1.127419 -1.554530 -0.631111
v 1.131496 -1.525697 -0.646243
v 1.135607 -1.493737 -0.651362
v 1.232314 -1.502038 0.642438
v 1.231904 -1.534194 0.637160
v 1.231901 -1.563202 0.621886
v 1.232307 -1.586224 0.598110
v 1.233082 -1.601004 0.568160
v 1.234149 -1.606097 0.534967
v 1.271730 -1.606097 -0.539064
v 1.272985 -1.601004 -0.572251
v 1.274306 -1.586224 -0.602182
v 1.275563 -1.563203 -0.625928
v 1.276633 -1.534194 -0.641164
v 1.277411 -1.502038 -0.646400
v 1.328455 -1.499863 0.645802
v 1.330176 -1.531970 0.640599
v 1.332097 -1.560935 0.625392
v 1.334030 -1.583922 0.601670
v 1.335784 -1.598680 0.571754
v 1.337189 -1.603766 0.538573
v 1.374770 -1.603766 -0.535459
v 1.375688 -1.598680 -0.568657
v 1.376029 -1.583922 -0.598622
v 1.375759 -1.560935 -0.622422
v 1.374906 -1.531971 -0.637726
v 1.373552 -1.499863 -0.643036
v 1.421720 -1.493300 0.649065
v 1.425064 -1.525294 0.643919
v 1.428448 -1.554156 0.628763
v 1.431542 -1.577060 0.605082
v 1.434043 -1.591766 0.575192
v 1.435705 -1.596834 0.542020
v 1.473286 -1.596834 -0.532012
v 1.473947 -1.591766 -0.565219
v 1.473541 -1.577061 -0.595210
v 1.472110 -1.554156 -0.619051
v 1.469793 -1.525294 -0.634406
v 1.466816 -1.493300 -0.639773
v 1.512308 -1.482297 0.652235
v 1.517359 -1.514083 0.647149
v 1.522283 -1.542758 0.632047
v 1.526599 -1.565514 0.608408
v 1.529883 -1.580125 0.578545
v 1.531815 -1.585159 0.545383
v 1.569396 -1.585159 -0.528649
v 1.569787 -1.580125 -0.561865
v 1.568598 -1.565514 -0.591884
v 1.565945 -1.542758 -0.615767
v 1.562088 -1.514083 -0.631176
v 1.557405 -1.482297 -0.636603
v 1.600423 -1.466798 0.655318
v 1.607241 -1.498273 0.650294
v 1.613761 -1.526667 0.635248
v 1.619343 -1.549201 0.611653
v 1.623440 -1.563669 0.581819
v 1.625653 -1.568654 0.548666
v 1.663234 -1.568654 -0.525366
v 1.663344 -1.563669 -0.558592
v 1.661341 -1.549201 -0.588639
v 1.657423 -1.526667 -0.612566
v 1.651971 -1.498273 -0.628031
v 1.645519 -1.466798 -0.633520
v 1.686264 -1.446749 0.658322
v 1.694887 -1.477803 0.653360
v 1.703033 -1.505818 0.638371
v 1.709906 -1.528050 0.614822
v 1.714832 -1.542324 0.585017
v 1.717330 -1.547242 0.551874
v 1.754911 -1.547242 -0.522158
v 1.754736 -1.542324 -0.555394
v 1.751904 -1.528050 -0.585470
v 1.746695 -1.505818 -0.609443
v 1.739616 -1.477803 -0.624965
v 1.731361 -1.446749 -0.630517
v 1.770035 -1.422097 0.661253
v 1.780466 -1.452619 0.656355
v 1.790244 -1.480153 0.641423
v 1.798411 -1.502005 0.617919
v 1.804168 -1.516034 0.588143
v 1.806953 -1.520868 0.555010
v 1.844534 -1.520868 -0.519022
v 1.844072 -1.516034 -0.552268
v 1.840410 -1.502005 -0.582373
v 1.833905 -1.480153 -0.606391
v 1.825195 -1.452619 -0.621970
v 1.815132 -1.422097 -0.627585
v 1.851937 -1.392787 0.664119
v 1.864149 -1.422672 0.659283
v 1.875534 -1.449631 0.644407
v 1.884977 -1.471026 0.620948
v 1.891554 -1.484762 0.591200
v 1.894620 -1.489495 0.558078
v 1.932201 -1.489495 -0.515954
v 1.931458 -1.484762 -0.549210
v 1.926976 -1.471026 -0.579344
v 1.919196 -1.449631 -0.603407
v 1.908879 -1.422672 -0.619042
v 1.897034 -1.392787 -0.624720
v 1.932170 -1.358766 0.666926
v 1.946108 -1.387918 0.662151
v 1.959049 -1.414218 0.647329
v 1.969727 -1.435089 0.623913
v 1.977096 -1.448489 0.594194
v 1.980436 -1.453106 0.561080
v 2.018017 -1.453106 -0.512952
v 2.017000 -1.448489 -0.546217
v 2.011725 -1.435089 -0.576379
v 2.002710 -1.414218 -0.600485
v 1.990837 -1.387919 -0.616174
v 1.977267 -1.358766 -0.621912
v 2.010938 -1.319978 0.669682
v 2.026517 -1.348322 0.664964
v 2.040938 -1.373892 0.650195
v 2.052791 -1.394185 0.626819
v 2.060915 -1.407213 0.597126
v 2.064515 -1.411703 0.564022
v 2.102096 -1.411703 -0.510010
v 2.100819 -1.407213 -0.543284
v 2.094790 -1.394185 -0.573473
v 2.084600 -1.373892 -0.597619
v 2.071246 -1.348322 -0.613361
v 2.056035 -1.319978 -0.619156
v 2.088441 -1.276369 0.672394
v 2.105556 -1.303849 0.667730
v 2.121365 -1.328639 0.653009
v 2.134318 -1.348313 0.629672
v 2.143148 -1.360944 0.600004
v 2.146991 -1.365296 0.566908
v 2.184572 -1.365296 -0.507124
v 2.183052 -1.360944 -0.540407
v 2.176317 -1.348313 -0.570620
v 2.165026 -1.328639 -0.594805
v 2.150286 -1.303849 -0.610595
v 2.133538 -1.276370 -0.616444
v 2.164881 -1.227887 0.675069
v 2.183414 -1.254468 0.670454
v 2.200501 -1.278446 0.655778
v 2.214469 -1.297476 0.632477
v 2.223951 -1.309694 0.602831
v 2.228019 -1.313904 0.569743
v 2.265600 -1.313904 -0.504289
v 2.263855 -1.309694 -0.537580
v 2.256468 -1.297476 -0.567815
v 2.244163 -1.278446 -0.592036
v 2.228143 -1.254468 -0.607871
v 2.209978 -1.227887 -0.613770
v 2.240459 -1.174476 0.677713
v 2.273264 -1.190970 0.673598
v 2.303226 -1.205850 0.659372
v 2.327412 -1.217659 0.636428
v 2.343454 -1.225241 0.607013
v 2.349782 -1.227854 0.574004
v 2.387363 -1.227854 -0.500028
v 2.383358 -1.225241 -0.533398
v 2.369411 -1.217659 -0.563864
v 2.346888 -1.205851 -0.588442
v 2.317994 -1.190970 -0.604727
v 2.285556 -1.174476 -0.611125
v 2.240459 -0.529750 0.677713
v 2.273264 -0.440666 0.673598
v 2.303226 -0.360302 0.659372
v 2.327412 -0.296525 0.636428
v 2.343454 -0.255577 0.607013
v 2.349782 -0.241468 0.574004
v 2.387363 -0.241468 -0.500028
v 2.383358 -0.255577 -0.533398
v 2.369411 -0.296525 -0.563864
v 2.346888 -0.360302 -0.588442
v 2.317994 -0.440666 -0.604727
v 2.285556 -0.529750 -0.611125
v 2.173079 -0.609781 0.675356
v 2.148786 -0.588516 0.669243
v 2.127238 -0.569333 0.653214
v 2.110546 -0.554110 0.628840
v 2.100342 -0.544336 0.598506
v 2.097627 -0.540968 0.565181
v 2.135208 -0.540968 -0.508851
v 2.140246 -0.544336 -0.541905
v 2.152544 -0.554110 -0.571452
v 2.170900 -0.569333 -0.594600
v 2.193515 -0.588516 -0.609082
v 2.218176 -0.609781 -0.613483
v 2.103005 -0.683421 0.672904
v 2.080102 -0.660696 0.666839
v 2.059808 -0.640195 0.650855
v 2.044111 -0.623925 0.626516
v 2.034546 -0.613480 0.596204
v 2.032051 -0.609881 0.562886
v 2.069632 -0.609881 -0.511146
v 2.074450 -0.613480 -0.544207
v 2.086110 -0.623925 -0.573776
v 2.103470 -0.640195 -0.596959
v 2.124831 -0.660696 -0.611486
v 2.148102 -0.683421 -0.615935
v 2.030402 -0.750562 0.670363
v 2.009058 -0.726394 0.664353
v 1.990171 -0.704593 0.648418
v 1.975590 -0.687291 0.624118
v 1.966742 -0.676183 0.593831
v 1.964494 -0.672355 0.560522
v 2.002074 -0.672355 -0.513509
v 2.006646 -0.676183 -0.546580
v 2.017589 -0.687291 -0.576174
v 2.033832 -0.704593 -0.599396
v 2.053787 -0.726394 -0.613972
v 2.075499 -0.750562 -0.618475
v 1.955434 -0.811095 0.667740
v 1.935828 -0.785524 0.661791
v 1.918510 -0.762456 0.645911
v 1.905174 -0.744149 0.621654
v 1.897125 -0.732396 0.591395
v 1.895152 -0.728346 0.558096
v 1.932733 -0.728346 -0.515936
v 1.937028 -0.732396 -0.549016
v 1.947172 -0.744149 -0.578638
v 1.962172 -0.762456 -0.601903
v 1.980558 -0.785524 -0.616534
v 2.000531 -0.811095 -0.621098
v 1.878267 -0.864913 0.665040
v 1.860586 -0.837999 0.659158
v 1.845004 -0.813721 0.643339
v 1.833045 -0.794453 0.619130
v 1.825881 -0.782082 0.588902
v 1.824213 -0.777820 0.555614
v 1.861794 -0.777820 -0.518418
v 1.865785 -0.782082 -0.551508
v 1.875044 -0.794453 -0.581162
v 1.888665 -0.813721 -0.604475
v 1.905315 -0.837999 -0.619167
v 1.923364 -0.864913 -0.623798
v 1.799066 -0.911906 0.662269
v 1.783497 -0.883739 0.656461
v 1.769820 -0.858330 0.640708
v 1.759374 -0.838165 0.616553
v 1.753181 -0.825218 0.586359
v 1.751848 -0.820757 0.553082
v 1.789428 -0.820757 -0.520950
v 1.793085 -0.825218 -0.554052
v 1.801373 -0.838165 -0.583739
v 1.813482 -0.858330 -0.607106
v 1.828226 -0.883739 -0.621864
v 1.844163 -0.911906 -0.626570
v 1.717995 -0.951966 0.659432
v 1.704722 -0.922666 0.653705
v 1.693115 -0.896233 0.638024
v 1.684313 -0.875256 0.613926
v 1.679175 -0.861788 0.583769
v 1.678205 -0.857147 0.550505
v 1.715786 -0.857147 -0.523527
v 1.719078 -0.861788 -0.556642
v 1.726311 -0.875256 -0.586366
v 1.736777 -0.896233 -0.609790
v 1.749451 -0.922666 -0.624620
v 1.763092 -0.951966 -0.629406
v 1.635220 -0.984986 0.656536
v 1.624412 -0.954702 0.650894
v 1.615031 -0.927382 0.635292
v 1.607992 -0.905701 0.611256
v 1.603988 -0.891781 0.581138
v 1.603408 -0.886984 0.547888
v 1.640989 -0.886984 -0.526144
v 1.643891 -0.891781 -0.559272
v 1.649991 -0.905701 -0.589036
v 1.658692 -0.927382 -0.612522
v 1.669142 -0.954702 -0.627430
v 1.680317 -0.984986 -0.632303
v 1.550906 -1.010857 0.653586
v 1.542711 -0.979771 0.648036
v 1.535687 -0.951727 0.632516
v 1.530521 -0.929472 0.608545
v 1.527717 -0.915183 0.578470
v 1.527552 -0.910260 0.545234
v 1.565133 -0.910260 -0.528798
v 1.567621 -0.915183 -0.561941
v 1.572520 -0.929472 -0.591747
v 1.579349 -0.951727 -0.615298
v 1.587441 -0.979771 -0.630289
v 1.596003 -1.010857 -0.635253
v 1.465217 -1.029470 0.650587
v 1.459753 -0.997791 0.645133
v 1.455192 -0.969212 0.629699
v 1.451980 -0.946533 0.605797
v 1.450431 -0.931971 0.575765
v 1.450698 -0.926954 0.542545
v 1.488279 -0.926954 -0.531487
v 1.490335 -0.931971 -0.564645
v 1.493979 -0.946533 -0.594495
v 1.498853 -0.969213 -0.618115
v 1.504482 -0.997791 -0.633192
v 1.510314 -1.029470 -0.638251
v 1.378318 -1.040717 0.647547
v 1.375662 -1.008675 0.642191
v 1.373634 -0.979769 0.626845
v 1.372432 -0.956828 0.603013
v 1.372174 -0.942100 0.573027
v 1.372886 -0.937025 0.539822
v 1.410467 -0.937025 -0.534210
v 1.412078 -0.942100 -0.567384
v 1.414431 -0.956828 -0.597279
v 1.417295 -0.979769 -0.620969
v 1.420391 -1.008675 -0.636134
v 1.423415 -1.040717 -0.641292
v 1.290375 -1.044491 0.644469
v 1.290716 -1.012319 0.639218
v 1.291393 -0.983297 0.623968
v 1.292337 -0.960265 0.600211
v 1.293457 -0.945477 0.570273
v 1.294644 -0.940382 0.537084
v 1.332225 -0.940382 -0.536948
v 1.333361 -0.945477 -0.570138
v 1.334336 -0.960265 -0.600081
v 1.335054 -0.983297 -0.623846
v 1.335446 -1.012319 -0.639107
v 1.335472 -1.044491 -0.644369
v 1.194578 -1.039466 0.641118
v 1.198342 -1.007474 0.635986
v 1.202106 -0.978614 0.620844
v 1.205501 -0.955710 0.597172
v 1.208194 -0.941005 0.567289
v 1.209923 -0.935938 0.534120
v 1.247504 -0.935938 -0.539912
v 1.248098 -0.941005 -0.573121
v 1.247500 -0.955710 -0.603120
v 1.245768 -0.978614 -0.626970
v 1.243071 -1.007474 -0.642339
v 1.239675 -1.039466 -0.647721
v 1.107688 -1.025089 0.638077
v 1.115213 -0.993720 0.633077
v 1.122370 -0.965421 0.618054
v 1.128457 -0.942963 0.594477
v 1.132879 -0.928543 0.564654
v 1.135203 -0.923575 0.531505
v 1.172784 -0.923575 -0.542527
v 1.172782 -0.928543 -0.575757
v 1.170456 -0.942963 -0.605815
v 1.166031 -0.965421 -0.629760
v 1.159942 -0.993720 -0.645248
v 1.152785 -1.025089 -0.650761
v 1.029596 -1.002408 0.635345
v 1.040980 -0.972159 0.630480
v 1.051617 -0.944871 0.615578
v 1.060467 -0.923215 0.592098
v 1.066662 -0.909312 0.562337
v 1.069597 -0.904521 0.529210
v 1.107178 -0.904521 -0.544822
v 1.106566 -0.909312 -0.578074
v 1.102466 -0.923215 -0.608194
v 1.095279 -0.944871 -0.632236
v 1.085709 -0.972159 -0.647845
v 1.074693 -1.002408 -0.653494
v 0.960191 -0.972469 0.632916
v 0.975406 -0.943873 0.628186
v 0.989501 -0.918077 0.613405
v 1.001093 -0.897604 0.590020
v 1.009050 -0.884460 0.560321
v 1.012592 -0.879931 0.527215
v 1.050173 -0.879931 -0.546817
v 1.048954 -0.884460 -0.580090
v 1.043092 -0.897604 -0.610272
v 1.033162 -0.918077 -0.634410
v 1.020135 -0.943873 -0.650139
v 1.005288 -0.972469 -0.655922
v 0.899362 -0.936320 0.630788
v 0.918250 -0.909907 0.626186
v 0.935658 -0.886079 0.611521
v 0.949880 -0.867169 0.588228
v 0.959524 -0.855028 0.558588
v 0.963649 -0.850844 0.525503
v 1.001230 -0.850844 -0.548529
v 0.999428 -0.855028 -0.581823
v 0.991879 -0.867169 -0.612064
v 0.979319 -0.886079 -0.636294
v 0.962980 -0.909907 -0.652139
v 0.944459 -0.936320 -0.658051
v 0.847002 -0.895008 0.628956
v 0.869281 -0.871270 0.624472
v 0.889748 -0.849856 0.609914
v 0.906398 -0.832862 0.586707
v 0.917602 -0.821951 0.557121
v 0.922263 -0.818191 0.524054
v 0.959844 -0.818191 -0.549978
v 0.957505 -0.821951 -0.583289
v 0.948397 -0.832862 -0.613585
v 0.933409 -0.849856 -0.637900
v 0.914010 -0.871270 -0.653853
v 0.892098 -0.895008 -0.659883
v 0.802998 -0.849579 0.627416
v 0.828292 -0.828954 0.623038
v 0.851478 -0.810347 0.608575
v 0.870286 -0.795581 0.585443
v 0.882876 -0.786101 0.555906
v 0.888015 -0.782834 0.522856
v 0.925596 -0.782834 -0.551176
v 0.922780 -0.786101 -0.584504
v 0.912285 -0.795581 -0.614849
v 0.895140 -0.810347 -0.639239
v 0.873021 -0.828954 -0.655287
v 0.848095 -0.849579 -0.661422
v 0.767241 -0.801081 0.626165
v 0.795108 -0.783945 0.621877
v 0.820614 -0.768485 0.607495
v 0.841264 -0.756217 0.584428
v 0.855036 -0.748340 0.554932
v 0.860581 -0.745626 0.521896
v 0.898162 -0.745626 -0.552136
v 0.894939 -0.748340 -0.585479
v 0.883263 -0.756217 -0.615864
v 0.864276 -0.768485 -0.640319
v 0.839837 -0.783945 -0.656448
v 0.812338 -0.801081 -0.662674
v 0.739622 -0.750562 0.625198
v 0.769576 -0.737244 0.620983
v 0.796966 -0.725230 0.606668
v 0.819111 -0.715695 0.583652
v 0.833842 -0.709574 0.554191
v 0.839719 -0.707465 0.521166
v 0.877300 -0.707465 -0.552866
v 0.873746 -0.709574 -0.586220
v 0.861110 -0.715695 -0.616640
v 0.840628 -0.725230 -0.641146
v 0.814306 -0.737244 -0.657342
v 0.784719 -0.750562 -0.663640
v 0.720030 -0.699067 0.624513
v 0.751555 -0.689878 0.620353
v 0.780362 -0.681588 0.606087
v 0.803631 -0.675009 0.583111
v 0.819085 -0.670785 0.553674
v 0.825210 -0.669330 0.520658
v 0.862791 -0.669330 -0.553373
v 0.858988 -0.670785 -0.586737
v 0.845630 -0.675009 -0.617181
v 0.824024 -0.681588 -0.641727
v 0.796284 -0.689878 -0.657972
v 0.765127 -0.699067 -0.664325
v 0.708356 -0.647645 0.624104
v 0.740890 -0.642900 0.619980
v 0.770607 -0.638620 0.605745
v 0.794598 -0.635223 0.582795
v 0.810516 -0.633043 0.553374
v 0.816801 -0.632291 0.520364
v 0.854382 -0.632291 -0.553668
v 0.850419 -0.633043 -0.587036
v 0.836597 -0.635223 -0.617497
v 0.814269 -0.638620 -0.642069
v 0.785619 -0.642900 -0.658345
v 0.753453 -0.647645 -0.664734
v 0.704489 -0.597342 0.623969
v 0.737511 -0.598952 0.619861
v 0.767669 -0.600405 0.605642
v 0.792010 -0.601557 0.582704
v 0.808152 -0.602297 0.553292
v 0.814514 -0.602552 0.520284
v 0.852095 -0.602552 -0.553748
v 0.848056 -0.602297 -0.587119
v 0.834009 -0.601557 -0.617588
v 0.811331 -0.600405 -0.642172
v 0.782240 -0.598952 -0.658464
v 0.749586 -0.597342 -0.664869
v 0.735125 -0.426713 0.625041
v 0.766469 -0.437672 0.620875
v 0.795113 -0.447558 0.606603
v 0.818252 -0.455403 0.583622
v 0.833622 -0.460440 0.554183
v 0.839719 -0.462176 0.521166
v 0.877300 -0.462176 -0.552866
v 0.873526 -0.460440 -0.586228
v 0.860251 -0.455403 -0.616670
v 0.838774 -0.447558 -0.641211
v 0.811198 -0.437672 -0.657450
v 0.780222 -0.426713 -0.663797
v 0.819828 -0.277820 0.628005
v 0.846468 -0.297046 0.623674
v 0.870869 -0.314391 0.609254
v 0.890641 -0.328155 0.586155
v 0.903850 -0.336993 0.556640
v 0.909201 -0.340038 0.523597
v 0.946782 -0.340038 -0.550435
v 0.943753 -0.336993 -0.583771
v 0.932640 -0.328155 -0.614137
v 0.914530 -0.314391 -0.638561
v 0.891197 -0.297046 -0.654651
v 0.864924 -0.277820 -0.660834
v 0.947783 -0.145319 0.632482
v 0.969856 -0.169275 0.627991
v 0.990136 -0.190886 0.613427
v 1.006639 -0.208037 0.590214
v 1.017748 -0.219048 0.560625
v 1.022376 -0.222842 0.527557
v 1.059957 -0.222842 -0.546475
v 1.057651 -0.219048 -0.579785
v 1.048637 -0.208037 -0.610078
v 1.033798 -0.190886 -0.634387
v 1.014585 -0.169275 -0.650334
v 0.992879 -0.145319 -0.656356
v 1.108177 -0.023867 0.638094
v 1.127179 -0.050149 0.633496
v 1.144689 -0.073858 0.618835
v 1.158993 -0.092673 0.595545
v 1.168690 -0.104753 0.565907
v 1.172832 -0.108916 0.532822
v 1.210413 -0.108916 -0.541210
v 1.208594 -0.104753 -0.574504
v 1.200991 -0.092673 -0.604747
v 1.188350 -0.073858 -0.628979
v 1.171908 -0.050149 -0.644829
v 1.153274 -0.023867 -0.650744
v 1.290197 0.091880 0.644463
v 1.307698 0.064644 0.639812
v 1.323854 0.040074 0.625104
v 1.337084 0.020575 0.601776
v 1.346091 0.008056 0.572114
v 1.349995 0.003742 0.539021
v 1.387576 0.003742 -0.535011
v 1.385995 0.008056 -0.568296
v 1.379082 0.020575 -0.598516
v 1.367516 0.040074 -0.622710
v 1.352427 0.064644 -0.638512
v 1.335294 0.091880 -0.644375
v 1.483030 0.207266 0.651211
v 1.500414 0.179959 0.646556
v 1.516464 0.155326 0.631843
v 1.529609 0.135777 0.608513
v 1.538563 0.123226 0.578849
v 1.542448 0.118901 0.545755
v 1.580029 0.118901 -0.528277
v 1.578466 0.123226 -0.561562
v 1.571608 0.135777 -0.591779
v 1.560126 0.155326 -0.615971
v 1.545143 0.179959 -0.631769
v 1.528127 0.207266 -0.637628
v 1.675864 0.327634 0.657958
v 1.694405 0.301051 0.653343
v 1.711499 0.277069 0.638668
v 1.725473 0.258037 0.615366
v 1.734959 0.245818 0.585721
v 1.739028 0.241608 0.552633
v 1.776609 0.241608 -0.521399
v 1.774863 0.245818 -0.554690
v 1.767472 0.258037 -0.584926
v 1.755161 0.277069 -0.609147
v 1.739134 0.301051 -0.624981
v 1.720961 0.327634 -0.630881
v 1.857884 0.458330 0.664327
v 1.878831 0.433473 0.659797
v 1.898096 0.411051 0.645197
v 1.913793 0.393256 0.621956
v 1.924384 0.381831 0.592349
v 1.928834 0.377894 0.559275
v 1.966415 0.377894 -0.514757
v 1.964288 0.381831 -0.548062
v 1.955791 0.393256 -0.578336
v 1.941758 0.411051 -0.602617
v 1.923560 0.433473 -0.618528
v 1.902981 0.458330 -0.624512
v 2.018278 0.604695 0.669939
v 2.042768 0.583072 0.665533
v 2.065229 0.563566 0.651045
v 2.083462 0.548086 0.627892
v 2.095682 0.538146 0.598343
v 2.100693 0.534722 0.565288
v 2.138274 0.534722 -0.508744
v 2.135586 0.538146 -0.542068
v 2.125461 0.548086 -0.572399
v 2.108891 0.563566 -0.596769
v 2.087497 0.583072 -0.612792
v 2.063375 0.604695 -0.618899
v 2.146233 0.772075 0.674416
v 2.174830 0.755824 0.670154
v 2.200995 0.741164 0.655795
v 2.222168 0.729530 0.632746
v 2.236276 0.722060 0.603262
v 2.241937 0.719486 0.570230
v 2.279518 0.719486 -0.503802
v 2.276180 0.722060 -0.537149
v 2.264167 0.729530 -0.567546
v 2.244657 0.741164 -0.592019
v 2.219559 0.755824 -0.608171
v 2.191330 0.772075 -0.614422
v 2.230935 0.965813 0.677380
v 2.262856 0.957165 0.673234
v 2.292021 0.949364 0.658980
v 2.315573 0.943173 0.636014
v 2.331209 0.939198 0.606584
v 2.337397 0.937828 0.573570
v 2.374978 0.937828 -0.500462
v 2.371112 0.939198 -0.533827
v 2.357572 0.943173 -0.564278
v 2.335682 0.949364 -0.588834
v 2.307585 0.957165 -0.605091
v 2.276032 0.965813 -0.611458
v 2.261572 1.191253 0.678452
v 2.294514 1.190115 0.674341
v 2.324599 1.189089 0.660120
v 2.348882 1.188274 0.637180
v 2.364987 1.187751 0.607766
v 2.371336 1.187571 0.574758
v 2.408917 1.187571 -0.499274
v 2.404891 1.187751 -0.532645
v 2.390881 1.188274 -0.563112
v 2.368260 1.189089 -0.587694
v 2.339243 1.190115 -0.603983
v 2.306669 1.191253 -0.610386
v 2.252675 1.331111 0.678141
v 2.285280 1.335250 0.674018
v 2.315063 1.338984 0.659786
v 2.339106 1.341947 0.636838
v 2.355056 1.343850 0.607418
v 2.361352 1.344505 0.574409
v 2.398933 1.344505 -0.499623
v 2.394960 1.343850 -0.532992
v 2.381104 1.341947 -0.563454
v 2.358724 1.338984 -0.588028
v 2.330010 1.335250 -0.604307
v 2.297771 1.331111 -0.610698
v 2.226458 1.461743 0.677223
v 2.258198 1.470196 0.673071
v 2.287199 1.477821 0.658811
v 2.310622 1.483873 0.635841
v 2.326174 1.487758 0.606408
v 2.332334 1.489097 0.573393
v 2.369915 1.489097 -0.500639
v 2.366078 1.487758 -0.534003
v 2.352621 1.483873 -0.564451
v 2.330860 1.477821 -0.589003
v 2.302927 1.470196 -0.605254
v 2.271554 1.461743 -0.611615
v 2.183636 1.582590 0.675725
v 2.213831 1.595404 0.671518
v 2.241438 1.606963 0.657210
v 2.263755 1.616137 0.634201
v 2.278597 1.622027 0.604743
v 2.284512 1.624056 0.571720
v 2.322093 1.624056 -0.502312
v 2.318501 1.622027 -0.535668
v 2.305753 1.616137 -0.566091
v 2.285100 1.606963 -0.590604
v 2.258560 1.595404 -0.606807
v 2.228733 1.582590 -0.613113
v 2.124924 1.693092 0.673671
v 2.152882 1.710116 0.669386
v 2.178471 1.725474 0.655007
v 2.199187 1.737662 0.631942
v 2.213000 1.745488 0.602448
v 2.218561 1.748184 0.569412
v 2.256142 1.748184 -0.504620
v 2.252904 1.745488 -0.537963
v 2.241185 1.737662 -0.568350
v 2.222133 1.725474 -0.592807
v 2.197612 1.710116 -0.608939
v 2.170021 1.693092 -0.615168
v 2.051038 1.792690 0.671085
v 2.076133 1.813573 0.666700
v 2.099140 1.832412 0.652231
v 2.117806 1.847362 0.629094
v 2.130304 1.856962 0.599554
v 2.135411 1.860269 0.566503
v 2.172992 1.860269 -0.507529
v 2.170208 1.856962 -0.540857
v 2.159805 1.847362 -0.571198
v 2.142802 1.832412 -0.595583
v 2.120862 1.813573 -0.611625
v 2.096135 1.792690 -0.617753
v 1.962692 1.880824 0.667994
v 1.984436 1.905050 0.663492
v 2.004420 1.926905 0.648917
v 2.020687 1.944248 0.625696
v 2.031645 1.955384 0.596102
v 2.036221 1.959221 0.563032
v 2.073802 1.959221 -0.511000
v 2.071549 1.955384 -0.544309
v 2.062686 1.944248 -0.574596
v 2.048081 1.926905 -0.598897
v 2.029165 1.905050 -0.614833
v 2.007789 1.880824 -0.620844
v 1.860600 1.956935 0.664422
v 1.878682 1.983890 0.659791
v 1.895363 2.008207 0.645101
v 1.909008 2.027506 0.621788
v 1.918283 2.039896 0.592135
v 1.922279 2.044165 0.559045
v 1.959860 2.044165 -0.514987
v 1.958186 2.039896 -0.548275
v 1.951007 2.027506 -0.578504
v 1.939024 2.008207 -0.602713
v 1.923412 1.983890 -0.618534
v 1.905697 1.956935 -0.624417
v 1.745477 2.020462 0.660394
v 1.759767 2.049511 0.655630
v 1.773025 2.075716 0.640820
v 1.783955 2.096513 0.617413
v 1.791486 2.109865 0.587699
v 1.794881 2.114466 0.554588
v 1.832462 2.114466 -0.519444
v 1.831390 2.109865 -0.552712
v 1.825953 2.096513 -0.582879
v 1.816687 2.075716 -0.606994
v 1.804496 2.049511 -0.622694
v 1.790574 2.020462 -0.628445
v 1.618039 2.070846 0.655934
v 1.628555 2.101387 0.651039
v 1.638409 2.128938 0.636110
v 1.646638 2.150803 0.612608
v 1.652434 2.164841 0.582833
v 1.655232 2.169678 0.549701
v 1.692813 2.169678 -0.524331
v 1.692338 2.164841 -0.557577
v 1.688637 2.150803 -0.587684
v 1.682071 2.128938 -0.611704
v 1.673284 2.101387 -0.627286
v 1.663136 2.070846 -0.632904
v 1.478999 2.107528 0.651069
v 1.485871 2.139030 0.646047
v 1.492438 2.167449 0.631002
v 1.498058 2.190001 0.607409
v 1.502180 2.204481 0.577576
v 1.504400 2.209471 0.544424
v 1.541981 2.209471 -0.529608
v 1.542083 2.204481 -0.562835
v 1.540057 2.190001 -0.592883
v 1.536100 2.167449 -0.616812
v 1.530600 2.139030 -0.632278
v 1.524096 2.107528 -0.637769
v 1.329073 2.129947 0.645823
v 1.332498 2.161965 0.640680
v 1.335956 2.190848 0.625527
v 1.339108 2.213770 0.601847
v 1.341645 2.228487 0.571959
v 1.343320 2.233558 0.538787
v 1.380901 2.233558 -0.535245
v 1.381549 2.228487 -0.568452
v 1.381107 2.213770 -0.598445
v 1.379617 2.190848 -0.622287
v 1.377227 2.161965 -0.637645
v 1.374170 2.129947 -0.643015
v 1.168975 2.137545 0.640222
v 1.169526 2.169699 0.634978
v 1.170391 2.198705 0.619734
v 1.171485 2.221725 0.595982
v 1.172702 2.236505 0.566047
v 1.173921 2.241597 0.532860
v 1.211502 2.241597 -0.541172
v 1.212605 2.236505 -0.574364
v 1.213484 2.221725 -0.604310
v 1.214053 2.198705 -0.628080
v 1.214255 2.169699 -0.643347
v 1.214072 2.137545 -0.648617
v 1.100370 2.135812 0.637821
v 1.098882 2.167914 0.632506
v 1.097908 2.196874 0.617198
v 1.097543 2.219857 0.593395
v 1.097821 2.234613 0.563427
v 1.098718 2.239697 0.530228
v 1.136299 2.239697 -0.543803
v 1.137725 2.234613 -0.576984
v 1.139541 2.219857 -0.606897
v 1.141569 2.196874 -0.630616
v 1.143611 2.167914 -0.645819
v 1.145467 2.135812 -0.651017
v 1.031838 2.130612 0.635423
v 1.028686 2.162589 0.630050
v 1.026211 2.191435 0.614689
v 1.024654 2.214327 0.590844
v 1.024168 2.229025 0.560850
v 1.024801 2.234089 0.527642
v 1.062382 2.234089 -0.546390
v 1.064072 2.229025 -0.579561
v 1.066653 2.214327 -0.609448
v 1.069872 2.191435 -0.633125
v 1.073416 2.162589 -0.648275
v 1.076935 2.130612 -0.653415
v 0.963453 2.121947 0.633030
v 0.958653 2.153714 0.627599
v 0.954690 2.182372 0.612186
v 0.951953 2.205114 0.588300
v 0.950710 2.219717 0.558280
v 0.951082 2.224748 0.525063
v 0.988662 2.224748 -0.548969
v 0.990613 2.219717 -0.582131
v 0.993952 2.205114 -0.611992
v 0.998352 2.182372 -0.635628
v 1.003382 2.153714 -0.650726
v 1.008550 2.121947 -0.655808
v 0.895288 2.109815 0.630645
v 0.888862 2.141293 0.625157
v 0.883433 2.169689 0.609693
v 0.879532 2.192225 0.585766
v 0.877541 2.206694 0.555719
v 0.877655 2.211679 0.522493
v 0.915236 2.211679 -0.551539
v 0.917444 2.206694 -0.584691
v 0.921530 2.192225 -0.614526
v 0.927094 2.169689 -0.638121
v 0.933591 2.141293 -0.653168
v 0.940385 2.109815 -0.658193
v 0.827416 2.094216 0.628270
v 0.819394 2.125328 0.622726
v 0.812525 2.153393 0.607212
v 0.807481 2.175666 0.583245
v 0.804757 2.189967 0.553173
v 0.804619 2.194894 0.519938
v 0.842200 2.194894 -0.554094
v 0.844661 2.189967 -0.587238
v 0.849480 2.175666 -0.617047
v 0.856186 2.153393 -0.640602
v 0.864123 2.125328 -0.655599
v 0.872513 2.094216 -0.660568
v 0.759911 2.075152 0.625908
v 0.750328 2.105822 0.620310
v 0.742052 2.133491 0.604746
v 0.735892 2.155448 0.580740
v 0.732450 2.169546 0.550643
v 0.732065 2.174404 0.517399
v 0.769646 2.174404 -0.556633
v 0.772354 2.169546 -0.589768
v 0.777890 2.155448 -0.619552
v 0.785714 2.133491 -0.643068
v 0.795058 2.105822 -0.658015
v 0.805007 2.075152 -0.662930
v 0.692845 2.052621 0.623562
v 0.681745 2.082782 0.617910
v 0.672099 2.109990 0.602298
v 0.664852 2.131582 0.578255
v 0.660713 2.145446 0.548133
v 0.660087 2.150223 0.514881
v 0.697667 2.150223 -0.559151
v 0.700616 2.145446 -0.592278
v 0.706851 2.131582 -0.622037
v 0.715760 2.109990 -0.645516
v 0.726474 2.082782 -0.660415
v 0.737942 2.052621 -0.665277
v 0.626292 2.026624 0.621233
v 0.613721 2.056210 0.615530
v 0.602748 2.082900 0.599872
v 0.594447 2.104081 0.575791
v 0.589632 2.117680 0.545645
v 0.588773 2.122366 0.512385
v 0.626354 2.122366 -0.561647
v 0.629536 2.117680 -0.594765
v 0.636446 2.104081 -0.624501
v 0.646409 2.082900 -0.647942
v 0.658450 2.056210 -0.662795
v 0.671390 2.026624 -0.667606
v 0.560327 1.997161 0.618925
v 0.546335 2.026113 0.613172
v 0.534081 2.052230 0.597469
v 0.524764 2.072957 0.573353
v 0.519295 2.086265 0.543184
v 0.518212 2.090850 0.509916
v 0.555792 2.090850 -0.564116
v 0.559199 2.086265 -0.597226
v 0.566762 2.072957 -0.626939
v 0.577742 2.052230 -0.650345
v 0.591064 2.026113 -0.665153
v 0.605424 1.997161 -0.669914
v 0.495020 1.964231 0.616640
v 0.479663 1.992494 0.610839
v 0.466178 2.017991 0.595093
v 0.455883 2.038225 0.570943
v 0.449787 2.051216 0.540752
v 0.448487 2.055692 0.507477
v 0.486068 2.055692 -0.566555
v 0.489691 2.051216 -0.599659
v 0.497882 2.038225 -0.629349
v 0.509839 2.017991 -0.652721
v 0.524393 1.992494 -0.667486
v 0.540118 1.964231 -0.672199
v 0.430448 1.927835 0.614380
v 0.413783 1.955361 0.608534
v 0.399117 1.980193 0.592747
v 0.387886 1.999899 0.568564
v 0.381189 2.012551 0.538352
v 0.379682 2.016911 0.505069
v 0.417263 2.016911 -0.568963
v 0.421093 2.012551 -0.602059
v 0.429884 1.999899 -0.631728
v 0.442778 1.980193 -0.655067
v 0.458512 1.955361 -0.669791
v 0.475545 1.927835 -0.674458
v 0.366681 1.887973 0.612149
v 0.334243 1.905639 0.605751
v 0.305349 1.921576 0.589466
v 0.282826 1.934224 0.564887
v 0.268879 1.942344 0.534422
v 0.264874 1.945142 0.501052
v 0.302455 1.945142 -0.572980
v 0.308783 1.942344 -0.605989
v 0.324825 1.934224 -0.635405
v 0.349010 1.921576 -0.658348
v 0.378973 1.905639 -0.672574
v 0.411778 1.887973 -0.676689
v 0.366681 1.310839 0.612149
v 0.334243 1.238900 0.605751
v 0.305349 1.174002 0.589466
v 0.282826 1.122499 0.564887
v 0.268879 1.089432 0.534422
v 0.264874 1.078038 0.501052
v 0.302455 1.078038 -0.572980
v 0.308783 1.089432 -0.605989
v 0.324825 1.122499 -0.635405
v 0.349010 1.174002 -0.658348
v 0.378973 1.238900 -0.672574
v 0.411778 1.310839 -0.676689
v -3.354035 -0.272545 0.481960
v -3.386336 -0.275995 0.475566
v -3.415106 -0.279108 0.459285
v -3.437530 -0.281578 0.434711
v -3.451415 -0.283164 0.404248
v -3.455398 -0.283711 0.370878
v -3.417818 -0.283711 -0.703154
v -3.411511 -0.283164 -0.736163
v -3.395532 -0.281578 -0.765581
v -3.371445 -0.279108 -0.788529
v -3.341607 -0.275995 -0.802759
v -3.308938 -0.272545 -0.806879
v -3.320982 -0.469980 0.483116
v -3.352652 -0.477192 0.476745
v -3.380854 -0.483697 0.460484
v -3.402829 -0.488860 0.435925
v -3.416423 -0.492175 0.405472
v -3.420307 -0.493317 0.372106
v -3.382726 -0.493317 -0.701926
v -3.376520 -0.492175 -0.734939
v -3.360831 -0.488860 -0.764367
v -3.337193 -0.483697 -0.787330
v -3.307923 -0.477192 -0.801580
v -3.275884 -0.469980 -0.805722
v -3.265826 -0.653154 0.485046
v -3.296278 -0.664411 0.478717
v -3.323382 -0.674567 0.462495
v -3.344484 -0.682626 0.437966
v -3.357519 -0.687800 0.407533
v -3.361209 -0.689583 0.374174
v -3.323629 -0.689583 -0.699858
v -3.317615 -0.687800 -0.732878
v -3.302486 -0.682626 -0.762326
v -3.279721 -0.674567 -0.785319
v -3.251549 -0.664411 -0.799608
v -3.220728 -0.653154 -0.803792
v -3.188512 -0.821109 0.487751
v -3.217041 -0.836546 0.481490
v -3.242408 -0.850472 0.465328
v -3.262133 -0.861524 0.440848
v -3.274282 -0.868620 0.410446
v -3.277669 -0.871065 0.377097
v -3.240088 -0.871065 -0.696935
v -3.234379 -0.868620 -0.729965
v -3.220134 -0.861524 -0.759444
v -3.198747 -0.850472 -0.782486
v -3.172311 -0.836546 -0.796835
v -3.143415 -0.821109 -0.801087
v -3.088986 -0.972887 0.491234
v -3.114835 -0.992410 0.485066
v -3.137786 -1.010021 0.468989
v -3.155593 -1.023998 0.444576
v -3.166512 -1.032972 0.414216
v -3.169473 -1.036064 0.380883
v -3.131893 -1.036064 -0.693149
v -3.126608 -1.032972 -0.726194
v -3.113595 -1.023998 -0.755716
v -3.094125 -1.010021 -0.778825
v -3.070106 -0.992410 -0.793259
v -3.043889 -0.972887 -0.797605
v -2.967192 -1.107533 0.495495
v -2.989673 -1.130780 0.489446
v -3.009585 -1.151752 0.473475
v -3.024980 -1.168394 0.449146
v -3.034350 -1.179080 0.418841
v -3.036778 -1.182762 0.385526
v -2.999197 -1.182762 -0.688506
v -2.994446 -1.179080 -0.721570
v -2.982981 -1.168394 -0.751146
v -2.965924 -1.151752 -0.774339
v -2.944943 -1.130780 -0.788879
v -2.922095 -1.107533 -0.793343
v -2.823076 -1.224090 0.500538
v -2.841685 -1.250468 0.494624
v -2.858104 -1.274264 0.478775
v -2.870727 -1.293149 0.454543
v -2.878317 -1.305274 0.424301
v -2.880131 -1.309452 0.391007
v -2.842551 -1.309452 -0.683025
v -2.838413 -1.305274 -0.716110
v -2.828728 -1.293149 -0.745749
v -2.814443 -1.274265 -0.769039
v -2.796956 -1.250468 -0.783701
v -2.777978 -1.224090 -0.788300
v -2.656582 -1.321599 0.506364
v -2.671078 -1.350387 0.500593
v -2.683787 -1.376356 0.484875
v -2.693466 -1.396965 0.460746
v -2.699166 -1.410197 0.430569
v -2.700329 -1.414756 0.397298
v -2.662748 -1.414756 -0.676734
v -2.659262 -1.410197 -0.709842
v -2.651467 -1.396965 -0.739546
v -2.640126 -1.376356 -0.762939
v -2.626349 -1.350387 -0.777732
v -2.611485 -1.321600 -0.782475
v -2.467656 -1.399106 0.512975
v -2.478061 -1.429571 0.507347
v -2.487080 -1.457055 0.491758
v -2.493829 -1.478865 0.467731
v -2.497649 -1.492869 0.437620
v -2.498164 -1.497694 0.404372
v -2.460584 -1.497694 -0.669660
v -2.457746 -1.492869 -0.702790
v -2.451830 -1.478865 -0.732561
v -2.443419 -1.457055 -0.756057
v -2.433331 -1.429572 -0.770978
v -2.422558 -1.399106 -0.775864
v -2.256241 -1.455653 0.520372
v -2.262777 -1.487153 0.514880
v -2.268306 -1.515569 0.499412
v -2.272286 -1.538121 0.475483
v -2.274328 -1.552600 0.445434
v -2.274230 -1.557589 0.412208
v -2.236650 -1.557589 -0.661824
v -2.234424 -1.552600 -0.694976
v -2.230287 -1.538121 -0.724809
v -2.224645 -1.515569 -0.748402
v -2.218048 -1.487153 -0.763445
v -2.211144 -1.455653 -0.768466
v -2.022285 -1.490282 0.528558
v -2.025291 -1.522305 0.523190
v -2.027635 -1.551193 0.507834
v -2.029088 -1.574119 0.483993
v -2.029506 -1.588838 0.454001
v -2.028850 -1.593910 0.420794
v -1.991269 -1.593910 -0.653238
v -1.989602 -1.588838 -0.686410
v -1.987089 -1.574119 -0.716299
v -1.983974 -1.551193 -0.739980
v -1.980562 -1.522305 -0.755135
v -1.977188 -1.490282 -0.760280
v -1.765731 -1.502038 0.537535
v -1.765531 -1.534208 0.532279
v -1.764983 -1.563228 0.517024
v -1.764141 -1.586259 0.493263
v -1.763086 -1.601046 0.463323
v -1.761922 -1.606141 0.430134
v -1.724342 -1.606141 -0.643898
v -1.723183 -1.601046 -0.677088
v -1.722142 -1.586259 -0.707029
v -1.721322 -1.563228 -0.730790
v -1.720802 -1.534208 -0.746046
v -1.720634 -1.502038 -0.751303
v -1.576570 -1.493192 0.544154
v -1.573239 -1.525215 0.539007
v -1.569867 -1.554104 0.523851
v -1.566782 -1.577030 0.500169
v -1.564289 -1.591749 0.470279
v -1.562629 -1.596821 0.437107
v -1.525048 -1.596821 -0.636925
v -1.524385 -1.591749 -0.670132
v -1.524783 -1.577030 -0.700123
v -1.526206 -1.554104 -0.723963
v -1.528510 -1.525215 -0.739318
v -1.531472 -1.493192 -0.744684
v -1.390780 -1.466365 0.550655
v -1.384179 -1.497915 0.545623
v -1.377856 -1.526378 0.530570
v -1.372430 -1.548966 0.506969
v -1.368433 -1.563468 0.477132
v -1.366255 -1.568465 0.443978
v -1.328675 -1.568465 -0.630054
v -1.328529 -1.563468 -0.663279
v -1.330431 -1.548966 -0.693323
v -1.334195 -1.526378 -0.717244
v -1.339450 -1.497916 -0.732702
v -1.345683 -1.466365 -0.738184
v -1.210855 -1.421123 0.556950
v -1.200823 -1.451810 0.552038
v -1.191404 -1.479495 0.537094
v -1.183522 -1.501465 0.513579
v -1.177948 -1.515571 0.483797
v -1.175226 -1.520431 0.450662
v -1.137646 -1.520431 -0.623370
v -1.138044 -1.515571 -0.656614
v -1.141523 -1.501465 -0.686713
v -1.147743 -1.479495 -0.710720
v -1.156094 -1.451811 -0.726287
v -1.165758 -1.421123 -0.731888
v -1.039288 -1.357033 0.562954
v -1.025670 -1.386382 0.558167
v -1.013018 -1.412858 0.543336
v -1.002569 -1.433869 0.519911
v -0.995347 -1.447359 0.490187
v -0.992057 -1.452008 0.457072
v -0.954477 -1.452008 -0.616960
v -0.955443 -1.447359 -0.650224
v -0.960570 -1.433869 -0.680381
v -0.969357 -1.412858 -0.704479
v -0.980941 -1.386382 -0.720158
v -0.994190 -1.357033 -0.725885
v -0.878570 -1.273662 0.568577
v -0.861268 -1.301099 0.563919
v -0.845291 -1.325850 0.549204
v -0.832204 -1.345493 0.525872
v -0.823288 -1.358105 0.496207
v -0.819415 -1.362451 0.463112
v -0.781835 -1.362451 -0.610920
v -0.783384 -1.358105 -0.644204
v -0.790205 -1.345493 -0.674420
v -0.801630 -1.325850 -0.698610
v -0.816538 -1.301099 -0.714405
v -0.833473 -1.273662 -0.720261
v -0.731194 -1.170576 0.573734
v -0.710221 -1.195446 0.569205
v -0.690932 -1.217881 0.554605
v -0.675217 -1.235685 0.531365
v -0.664613 -1.247116 0.501759
v -0.660159 -1.251055 0.468685
v -0.622579 -1.251055 -0.605347
v -0.624710 -1.247117 -0.638652
v -0.633218 -1.235685 -0.668927
v -0.647271 -1.217881 -0.693209
v -0.665492 -1.195446 -0.709120
v -0.686097 -1.170576 -0.715104
v -0.599654 -1.047343 0.578337
v -0.575202 -1.068954 0.573929
v -0.552776 -1.088450 0.559440
v -0.534571 -1.103922 0.536286
v -0.522368 -1.113855 0.506736
v -0.517364 -1.117278 0.473681
v -0.479783 -1.117278 -0.600351
v -0.482465 -1.113855 -0.633675
v -0.492572 -1.103922 -0.664006
v -0.509115 -1.088450 -0.688374
v -0.530473 -1.068954 -0.704396
v -0.554556 -1.047343 -0.710502
v -0.486440 -0.903529 0.582298
v -0.458924 -0.921248 0.577998
v -0.433734 -0.937232 0.563605
v -0.413335 -0.949917 0.540529
v -0.399724 -0.958061 0.511028
v -0.394234 -0.960868 0.477990
v -0.356653 -0.960868 -0.596042
v -0.359821 -0.958062 -0.629383
v -0.371336 -0.949917 -0.659763
v -0.390073 -0.937232 -0.684209
v -0.414195 -0.921248 -0.700327
v -0.441343 -0.903529 -0.706540
v -0.394046 -0.738701 0.585531
v -0.364087 -0.752060 0.581316
v -0.336691 -0.764111 0.567001
v -0.314543 -0.773675 0.543985
v -0.299809 -0.779815 0.514524
v -0.293931 -0.781931 0.481499
v -0.256351 -0.781931 -0.592533
v -0.259906 -0.779815 -0.625887
v -0.272544 -0.773675 -0.656307
v -0.293030 -0.764111 -0.680814
v -0.319357 -0.752060 -0.697009
v -0.348949 -0.738701 -0.703308
v -0.324965 -0.552425 0.587948
v -0.293309 -0.561210 0.583793
v -0.264383 -0.569135 0.569531
v -0.241021 -0.575424 0.546558
v -0.225507 -0.579462 0.517123
v -0.219361 -0.580854 0.484108
v -0.181780 -0.580854 -0.589924
v -0.185603 -0.579462 -0.623287
v -0.199022 -0.575424 -0.653734
v -0.220722 -0.569135 -0.678284
v -0.248580 -0.561210 -0.694532
v -0.279867 -0.552425 -0.700890
v -0.281688 -0.344268 0.589462
v -0.249093 -0.348539 0.585340
v -0.219321 -0.352391 0.571107
v -0.195287 -0.355448 0.548158
v -0.179341 -0.357411 0.518739
v -0.173047 -0.358088 0.485729
v -0.135466 -0.358088 -0.588303
v -0.139438 -0.357411 -0.621672
v -0.153288 -0.355448 -0.652134
v -0.175660 -0.352391 -0.676707
v -0.204364 -0.348539 -0.692985
v -0.236590 -0.344268 -0.699376
v -0.266708 -0.113797 0.589986
v -0.233903 -0.114825 0.585871
v -0.203941 -0.115752 0.571645
v -0.179755 -0.116488 0.548702
v -0.163713 -0.116960 0.519286
v -0.157385 -0.117123 0.486277
v -0.119805 -0.117123 -0.587755
v -0.123810 -0.116960 -0.621125
v -0.137756 -0.116488 -0.651590
v -0.160280 -0.115752 -0.676169
v -0.189174 -0.114825 -0.692454
v -0.221611 -0.113797 -0.698852
v -0.266708 2.090750 0.589986
v -0.233903 2.122884 0.585871
v -0.203941 2.151873 0.571645
v -0.179755 2.174878 0.548702
v -0.163713 2.189649 0.519286
v -0.157385 2.194738 0.486277
v -0.119805 2.194738 -0.587755
v -0.123810 2.189649 -0.621125
v -0.137756 2.174878 -0.651590
v -0.160280 2.151873 -0.676169
v -0.189174 2.122884 -0.692454
v -0.221611 2.090750 -0.698852
v -0.783977 2.090750 0.571887
v -0.816414 2.122884 0.565489
v -0.845308 2.151873 0.549204
v -0.867832 2.174878 0.524625
v -0.881779 2.189649 0.494160
v -0.885783 2.194738 0.460790
v -0.848203 2.194738 -0.613242
v -0.841875 2.189649 -0.646251
v -0.825833 2.174878 -0.675667
v -0.801647 2.151873 -0.698610
v -0.771685 2.122884 -0.712836
v -0.738880 2.090750 -0.716951
v -0.783977 -0.004610 0.571887
v -0.816414 -0.004421 0.565489
v -0.845308 -0.004252 0.549204
v -0.867832 -0.004117 0.524626
v -0.881779 -0.004031 0.494160
v -0.885783 -0.004001 0.460790
v -0.848203 -0.004001 -0.613242
v -0.841875 -0.004031 -0.646251
v -0.825833 -0.004117 -0.675666
v -0.801647 -0.004252 -0.698610
v -0.771685 -0.004421 -0.712836
v -0.738880 -0.004610 -0.716951
v -0.785111 -0.099956 0.571847
v -0.817540 -0.099121 0.565449
v -0.846428 -0.098367 0.549165
v -0.868946 -0.097769 0.524587
v -0.882888 -0.097385 0.494121
v -0.886893 -0.097253 0.460751
v -0.849312 -0.097253 -0.613281
v -0.842985 -0.097385 -0.646289
v -0.826947 -0.097769 -0.675705
v -0.802767 -0.098367 -0.698650
v -0.772811 -0.099121 -0.712875
v -0.740014 -0.099956 -0.716991
v -0.788645 -0.186348 0.571724
v -0.821032 -0.184463 0.565327
v -0.849880 -0.182762 0.549044
v -0.872367 -0.181412 0.524467
v -0.886291 -0.180545 0.494002
v -0.890288 -0.180247 0.460632
v -0.852707 -0.180247 -0.613400
v -0.846387 -0.180545 -0.646408
v -0.830369 -0.181412 -0.675825
v -0.806219 -0.182762 -0.698770
v -0.776303 -0.184463 -0.712998
v -0.743548 -0.186348 -0.717115
v -0.794782 -0.264580 0.571509
v -0.827064 -0.261359 0.565116
v -0.855818 -0.258453 0.548836
v -0.878230 -0.256147 0.524262
v -0.892105 -0.254666 0.493799
v -0.896086 -0.254156 0.460430
v -0.858505 -0.254156 -0.613602
v -0.852201 -0.254666 -0.646612
v -0.836231 -0.256147 -0.676030
v -0.812157 -0.258453 -0.698978
v -0.782334 -0.261359 -0.713209
v -0.749684 -0.264580 -0.717329
v -0.803722 -0.335446 0.571196
v -0.835795 -0.330568 0.564811
v -0.864360 -0.326167 0.548537
v -0.886623 -0.322675 0.523968
v -0.900402 -0.320432 0.493509
v -0.904350 -0.319660 0.460140
v -0.866769 -0.319660 -0.613892
v -0.860498 -0.320432 -0.646902
v -0.844624 -0.322675 -0.676324
v -0.820699 -0.326167 -0.699277
v -0.791066 -0.330568 -0.713514
v -0.758625 -0.335446 -0.717642
v -0.815669 -0.399740 0.570778
v -0.847371 -0.392868 0.564406
v -0.875602 -0.386669 0.548144
v -0.897599 -0.381749 0.523584
v -0.911208 -0.378590 0.493131
v -0.915097 -0.377502 0.459764
v -0.877516 -0.377502 -0.614268
v -0.871305 -0.378590 -0.647280
v -0.855600 -0.381749 -0.676708
v -0.831941 -0.386669 -0.699670
v -0.802641 -0.392868 -0.713919
v -0.770571 -0.399740 -0.718060
v -0.830822 -0.458258 0.570248
v -0.861927 -0.449079 0.563896
v -0.889619 -0.440798 0.547653
v -0.911189 -0.434227 0.523108
v -0.924523 -0.430008 0.492665
v -0.928317 -0.428554 0.459302
v -0.890737 -0.428554 -0.614730
v -0.884619 -0.430008 -0.647746
v -0.869190 -0.434227 -0.677184
v -0.845958 -0.440798 -0.700161
v -0.817198 -0.449079 -0.714429
v -0.785725 -0.458258 -0.718590
v -0.849385 -0.511792 0.569598
v -0.879609 -0.500074 0.563278
v -0.906507 -0.489502 0.547062
v -0.927446 -0.481112 0.522540
v -0.940375 -0.475726 0.492110
v -0.944030 -0.473870 0.458752
v -0.906449 -0.473870 -0.615280
v -0.900471 -0.475726 -0.648301
v -0.885447 -0.481112 -0.677752
v -0.862845 -0.489502 -0.700752
v -0.834879 -0.500074 -0.715047
v -0.804287 -0.511792 -0.719240
v -0.871558 -0.561139 0.568823
v -0.900599 -0.546787 0.562543
v -0.926429 -0.533840 0.546365
v -0.946521 -0.523565 0.521872
v -0.958907 -0.516968 0.491462
v -0.962374 -0.514695 0.458110
v -0.924794 -0.514695 -0.615922
v -0.919003 -0.516968 -0.648949
v -0.904522 -0.523565 -0.678420
v -0.882768 -0.533840 -0.701449
v -0.855869 -0.546787 -0.715782
v -0.826460 -0.561139 -0.720016
v -0.897542 -0.607091 0.567913
v -0.925141 -0.590188 0.561684
v -0.949671 -0.574941 0.545552
v -0.968730 -0.562840 0.521095
v -0.980453 -0.555071 0.490708
v -0.983691 -0.552394 0.457364
v -0.946111 -0.552394 -0.616668
v -0.940549 -0.555071 -0.649703
v -0.926731 -0.562840 -0.679197
v -0.906010 -0.574941 -0.702262
v -0.880412 -0.590188 -0.716640
v -0.852445 -0.607091 -0.720925
v -0.927541 -0.650443 0.566864
v -0.953547 -0.631239 0.560691
v -0.976639 -0.613914 0.544608
v -0.994558 -0.600165 0.520191
v -1.005548 -0.591337 0.489829
v -1.008535 -0.588296 0.456495
v -0.970954 -0.588296 -0.617537
v -0.965645 -0.591337 -0.650581
v -0.952559 -0.600165 -0.680101
v -0.932978 -0.613914 -0.703206
v -0.908817 -0.631239 -0.717634
v -0.882443 -0.650443 -0.721975
v -0.961754 -0.691990 0.565667
v -0.986161 -0.670844 0.559549
v -1.007811 -0.651768 0.543518
v -1.024585 -0.636628 0.519141
v -1.034841 -0.626909 0.488805
v -1.037574 -0.623559 0.455479
v -0.999994 -0.623559 -0.618553
v -0.994937 -0.626909 -0.651606
v -0.982586 -0.636628 -0.681151
v -0.964150 -0.651768 -0.704296
v -0.941432 -0.670844 -0.718776
v -0.916657 -0.691990 -0.723172
v -1.000385 -0.732526 0.564315
v -1.023271 -0.709784 0.558251
v -1.043548 -0.689267 0.542267
v -1.059233 -0.672985 0.517928
v -1.068789 -0.662532 0.487617
v -1.071281 -0.658929 0.454299
v -1.033701 -0.658929 -0.619732
v -1.028885 -0.662532 -0.652794
v -1.017234 -0.672985 -0.682364
v -0.999887 -0.689267 -0.705547
v -0.978541 -0.709784 -0.720074
v -0.955288 -0.732526 -0.724524
v -1.052948 -0.781057 0.562476
v -1.074281 -0.756881 0.556466
v -1.093159 -0.735072 0.540531
v -1.107732 -0.717765 0.516231
v -1.116576 -0.706652 0.485945
v -1.118822 -0.702823 0.452636
v -1.081241 -0.702823 -0.621396
v -1.076672 -0.706652 -0.654466
v -1.065733 -0.717765 -0.684061
v -1.049498 -0.735072 -0.707283
v -1.029552 -0.756881 -0.721859
v -1.007850 -0.781057 -0.726363
v -1.107709 -0.825273 0.560560
v -1.127344 -0.799725 0.554609
v -1.144688 -0.776678 0.538728
v -1.158045 -0.758388 0.514471
v -1.166107 -0.746645 0.484212
v -1.168084 -0.742599 0.450912
v -1.130503 -0.742599 -0.623120
v -1.126203 -0.746645 -0.656199
v -1.116046 -0.758388 -0.685821
v -1.101027 -0.776678 -0.709086
v -1.082614 -0.799725 -0.723716
v -1.062612 -0.825273 -0.728279
v -1.164670 -0.865192 0.558566
v -1.182473 -0.838361 0.552680
v -1.198166 -0.814157 0.536857
v -1.210212 -0.794948 0.512645
v -1.217432 -0.782615 0.482416
v -1.219119 -0.778365 0.449127
v -1.181539 -0.778365 -0.624905
v -1.177528 -0.782615 -0.657995
v -1.168213 -0.794948 -0.687647
v -1.154505 -0.814157 -0.710957
v -1.137744 -0.838361 -0.725645
v -1.119573 -0.865192 -0.730272
v -1.223831 -0.900833 0.556496
v -1.239692 -0.872832 0.550678
v -1.253632 -0.847572 0.534916
v -1.264288 -0.827525 0.510753
v -1.270615 -0.814655 0.480555
v -1.271995 -0.810220 0.447276
v -1.234415 -0.810220 -0.626756
v -1.230711 -0.814655 -0.659856
v -1.222289 -0.827525 -0.689539
v -1.209971 -0.847572 -0.712898
v -1.194963 -0.872832 -0.727647
v -1.178733 -0.900833 -0.732342
v -1.285191 -0.932213 0.554349
v -1.299026 -0.903176 0.548602
v -1.311139 -0.876981 0.532904
v -1.320344 -0.856193 0.508792
v -1.325740 -0.842846 0.478626
v -1.326799 -0.838247 0.445359
v -1.289218 -0.838247 -0.628673
v -1.285837 -0.842846 -0.661785
v -1.278345 -0.856193 -0.691500
v -1.267478 -0.876981 -0.714910
v -1.254296 -0.903176 -0.729723
v -1.240093 -0.932213 -0.734489
v -1.348750 -0.959350 0.552125
v -1.360506 -0.929426 0.546451
v -1.370743 -0.902430 0.530819
v -1.378460 -0.881006 0.506758
v -1.382900 -0.867251 0.476626
v -1.383630 -0.862512 0.443370
v -1.346049 -0.862512 -0.630662
v -1.342997 -0.867251 -0.663785
v -1.336461 -0.881006 -0.693534
v -1.327082 -0.902430 -0.716995
v -1.315776 -0.929426 -0.731874
v -1.303652 -0.959350 -0.736713
v -1.414507 -0.982263 0.549825
v -1.424164 -0.951607 0.544224
v -1.432507 -0.923951 0.528657
v -1.438720 -0.902004 0.504650
v -1.442195 -0.887912 0.474551
v -1.442593 -0.883057 0.441307
v -1.405012 -0.883057 -0.632725
v -1.402292 -0.887912 -0.665860
v -1.396721 -0.902004 -0.695642
v -1.388845 -0.923951 -0.719157
v -1.379435 -0.951607 -0.734101
v -1.369410 -0.982263 -0.739014
v -1.482465 -1.000970 0.547447
v -1.490032 -0.969738 0.541919
v -1.496490 -0.941564 0.526419
v -1.501208 -0.919205 0.502463
v -1.503724 -0.904849 0.472398
v -1.503790 -0.899903 0.439166
v -1.466209 -0.899903 -0.634866
v -1.463820 -0.904849 -0.668013
v -1.459209 -0.919205 -0.697829
v -1.452829 -0.941564 -0.721395
v -1.445303 -0.969738 -0.736406
v -1.437367 -1.000970 -0.741392
v -1.552622 -1.015488 0.544992
v -1.558140 -0.983832 0.539536
v -1.562750 -0.955275 0.524100
v -1.566001 -0.932613 0.500196
v -1.567575 -0.918062 0.470164
v -1.567317 -0.913048 0.436943
v -1.529736 -0.913048 -0.637089
v -1.527671 -0.918062 -0.670247
v -1.524003 -0.932613 -0.700096
v -1.519089 -0.955275 -0.723714
v -1.513411 -0.983832 -0.738789
v -1.507524 -1.015488 -0.743847
v -1.624978 -1.025835 0.542460
v -1.628512 -0.993896 0.537073
v -1.631331 -0.965083 0.521701
v -1.633162 -0.942217 0.497846
v -1.633823 -0.927536 0.467846
v -1.633251 -0.922478 0.434636
v -1.595670 -0.922478 -0.639396
v -1.593920 -0.927536 -0.672565
v -1.591163 -0.942217 -0.702446
v -1.587670 -0.965083 -0.726114
v -1.583783 -0.993896 -0.741252
v -1.579881 -1.025835 -0.746378
v -1.699533 -1.032031 0.539851
v -1.701166 -0.999933 0.534531
v -1.702271 -0.970978 0.519218
v -1.702741 -0.947999 0.495412
v -1.702528 -0.933246 0.465442
v -1.701655 -0.928162 0.432242
v -1.664074 -0.928162 -0.641790
v -1.662625 -0.933246 -0.674969
v -1.660742 -0.947999 -0.704880
v -1.658610 -0.970978 -0.728596
v -1.656437 -0.999933 -0.743794
v -1.654436 -1.032031 -0.748987
v -1.776288 -1.034092 0.537166
v -1.776112 -1.001946 0.531909
v -1.775584 -0.972947 0.516653
v -1.774759 -0.949933 0.492892
v -1.773715 -0.935157 0.462951
v -1.772555 -0.930066 0.429762
v -1.734974 -0.930066 -0.644270
v -1.733811 -0.935157 -0.677460
v -1.732760 -0.949933 -0.707400
v -1.731923 -0.972947 -0.731161
v -1.731382 -1.001946 -0.746416
v -1.731190 -1.034092 -0.751673
v -1.872940 -1.031543 0.533784
v -1.870984 -0.999444 0.528589
v -1.868850 -0.970487 0.513390
v -1.866750 -0.947507 0.489673
v -1.864888 -0.932753 0.459761
v -1.863446 -0.927669 0.426581
v -1.825865 -0.927669 -0.647451
v -1.824984 -0.932753 -0.680650
v -1.824751 -0.947507 -0.710619
v -1.825189 -0.970488 -0.734424
v -1.826254 -0.999444 -0.749736
v -1.827843 -1.031543 -0.755055
v -1.964936 -1.024102 0.530565
v -1.961156 -0.992151 0.525434
v -1.957377 -0.963327 0.510292
v -1.953971 -0.940453 0.486621
v -1.951271 -0.925766 0.456738
v -1.949539 -0.920705 0.423569
v -1.911958 -0.920705 -0.650463
v -1.911367 -0.925766 -0.683672
v -1.911972 -0.940453 -0.713671
v -1.913716 -0.963327 -0.737522
v -1.916427 -0.992151 -0.752891
v -1.919839 -1.024102 -0.758274
v -2.052241 -1.012075 0.527510
v -2.046588 -0.980382 0.522445
v -2.041120 -0.951791 0.507362
v -2.036373 -0.929101 0.483738
v -2.032811 -0.914533 0.453885
v -2.030784 -0.909514 0.420726
v -1.993203 -0.909514 -0.653306
v -1.992908 -0.914533 -0.686526
v -1.994374 -0.929101 -0.716554
v -1.997459 -0.951791 -0.740452
v -2.001859 -0.980382 -0.755880
v -2.007144 -1.012076 -0.761328
v -2.134818 -0.995770 0.524621
v -2.127250 -0.964455 0.519622
v -2.120054 -0.936205 0.504600
v -2.113937 -0.913786 0.481024
v -2.109496 -0.899392 0.451202
v -2.107164 -0.894432 0.418053
v -2.069584 -0.894432 -0.655979
v -2.069592 -0.899392 -0.689209
v -2.071939 -0.913786 -0.719268
v -2.076393 -0.936205 -0.743214
v -2.082521 -0.964455 -0.758703
v -2.089721 -0.995770 -0.764218
v -2.212629 -0.975493 0.521898
v -2.203113 -0.944686 0.516968
v -2.194160 -0.916894 0.502007
v -2.186647 -0.894838 0.478480
v -2.181310 -0.880677 0.448689
v -2.178670 -0.875798 0.415551
v -2.141090 -0.875798 -0.658481
v -2.141407 -0.880677 -0.691722
v -2.144649 -0.894838 -0.721812
v -2.150499 -0.916894 -0.745807
v -2.158383 -0.944686 -0.761357
v -2.167532 -0.975493 -0.766940
v -2.285639 -0.951551 0.519343
v -2.274149 -0.921391 0.514482
v -2.263415 -0.894183 0.499584
v -2.254490 -0.872591 0.476106
v -2.248245 -0.858728 0.446347
v -2.245293 -0.853951 0.413220
v -2.207712 -0.853951 -0.660812
v -2.208341 -0.858728 -0.694064
v -2.212491 -0.872591 -0.724186
v -2.219754 -0.894183 -0.748230
v -2.229420 -0.921391 -0.763843
v -2.240542 -0.951551 -0.769495
v -2.353810 -0.924251 0.516958
v -2.340330 -0.894888 0.512167
v -2.327801 -0.868399 0.497331
v -2.317451 -0.847377 0.473903
v -2.310292 -0.833880 0.444176
v -2.307024 -0.829230 0.411060
v -2.269444 -0.829230 -0.662972
v -2.270388 -0.833880 -0.696235
v -2.275452 -0.847377 -0.726389
v -2.284140 -0.868399 -0.750483
v -2.295600 -0.894888 -0.766158
v -2.308713 -0.924251 -0.771880
v -2.417106 -0.893900 0.514743
v -2.401630 -0.865494 0.510022
v -2.387301 -0.839868 0.495249
v -2.375521 -0.819532 0.471871
v -2.367445 -0.806475 0.442176
v -2.363861 -0.801976 0.409072
v -2.326281 -0.801976 -0.664960
v -2.327541 -0.806475 -0.698235
v -2.333522 -0.819532 -0.728421
v -2.343640 -0.839868 -0.752565
v -2.356901 -0.865494 -0.768303
v -2.372009 -0.893900 -0.774095
v -2.475491 -0.860805 0.512700
v -2.458024 -0.833528 0.508048
v -2.441898 -0.808920 0.493338
v -2.428694 -0.789391 0.470010
v -2.419703 -0.776853 0.440348
v -2.415804 -0.772532 0.407254
v -2.378223 -0.772532 -0.666778
v -2.379799 -0.776853 -0.700063
v -2.386695 -0.789391 -0.730282
v -2.398237 -0.808920 -0.754476
v -2.413295 -0.833528 -0.770277
v -2.430393 -0.860805 -0.776138
v -2.528927 -0.825273 0.510831
v -2.509486 -0.799307 0.506248
v -2.491581 -0.775883 0.491600
v -2.476964 -0.757294 0.468321
v -2.467065 -0.745359 0.438690
v -2.462854 -0.741246 0.405608
v -2.425273 -0.741246 -0.668424
v -2.427162 -0.745359 -0.701720
v -2.434965 -0.757294 -0.731971
v -2.447920 -0.775883 -0.756214
v -2.464757 -0.799307 -0.772077
v -2.483829 -0.825273 -0.778008
v -2.577378 -0.787611 0.509135
v -2.555995 -0.763154 0.504620
v -2.536338 -0.741092 0.490034
v -2.520330 -0.723584 0.466804
v -2.509539 -0.712343 0.437204
v -2.505020 -0.708469 0.404132
v -2.467439 -0.708469 -0.669900
v -2.469635 -0.712343 -0.703207
v -2.478332 -0.723584 -0.733488
v -2.492677 -0.741092 -0.757780
v -2.511266 -0.763154 -0.773705
v -2.532280 -0.787611 -0.779703
v -2.620807 -0.748125 0.507616
v -2.597418 -0.725493 0.503171
v -2.575951 -0.705076 0.488648
v -2.558507 -0.688874 0.465468
v -2.546793 -0.678471 0.435901
v -2.541956 -0.674886 0.402840
v -2.504376 -0.674886 -0.671192
v -2.506890 -0.678471 -0.704510
v -2.516508 -0.688874 -0.734824
v -2.532290 -0.705076 -0.759166
v -2.552689 -0.725493 -0.775154
v -2.575709 -0.748125 -0.781223
v -2.664081 -0.701008 0.506101
v -2.638610 -0.680643 0.501729
v -2.615265 -0.662271 0.487272
v -2.596330 -0.647691 0.464145
v -2.583660 -0.638331 0.434611
v -2.578493 -0.635105 0.401561
v -2.540913 -0.635105 -0.672471
v -2.543756 -0.638331 -0.705800
v -2.554331 -0.647691 -0.736147
v -2.571604 -0.662271 -0.760542
v -2.593881 -0.680643 -0.776595
v -2.618984 -0.701008 -0.782737
v -2.701765 -0.650660 0.504783
v -2.674381 -0.632850 0.500478
v -2.649310 -0.616784 0.486081
v -2.629006 -0.604034 0.463001
v -2.615457 -0.595848 0.433498
v -2.609987 -0.593028 0.400459
v -2.572406 -0.593028 -0.673572
v -2.575553 -0.595848 -0.706913
v -2.587007 -0.604034 -0.737291
v -2.605649 -0.616784 -0.761733
v -2.629652 -0.632850 -0.777847
v -2.656668 -0.650660 -0.784056
v -2.734207 -0.597098 0.503648
v -2.705240 -0.581903 0.499398
v -2.678741 -0.568195 0.485051
v -2.657304 -0.557316 0.462011
v -2.643026 -0.550332 0.432533
v -2.637305 -0.547925 0.399504
v -2.599725 -0.547925 -0.674528
v -2.603122 -0.550332 -0.707877
v -2.615305 -0.557316 -0.738281
v -2.635080 -0.568195 -0.762763
v -2.660511 -0.581903 -0.778927
v -2.689110 -0.597098 -0.785191
v -2.761756 -0.540341 0.502684
v -2.731547 -0.527706 0.498478
v -2.703926 -0.516307 0.484170
v -2.681600 -0.507261 0.461161
v -2.666751 -0.501453 0.431703
v -2.660834 -0.499452 0.398680
v -2.623253 -0.499452 -0.675352
v -2.626847 -0.501453 -0.708707
v -2.639601 -0.507261 -0.739131
v -2.660265 -0.516307 -0.763644
v -2.686818 -0.527706 -0.779847
v -2.716659 -0.540341 -0.786155
v -2.784760 -0.480406 0.501879
v -2.753624 -0.470183 0.497705
v -2.725169 -0.460961 0.483427
v -2.702179 -0.453641 0.460441
v -2.686905 -0.448942 0.430998
v -2.680841 -0.447323 0.397980
v -2.643260 -0.447323 -0.676052
v -2.647001 -0.448942 -0.709413
v -2.660181 -0.453641 -0.739851
v -2.681508 -0.460961 -0.764387
v -2.708895 -0.470183 -0.780620
v -2.739663 -0.480406 -0.786960
v -2.803566 -0.417312 0.501221
v -2.771776 -0.409288 0.497070
v -2.742729 -0.402049 0.482812
v -2.719270 -0.396304 0.459843
v -2.703695 -0.392616 0.430411
v -2.697527 -0.391345 0.397396
v -2.659946 -0.391345 -0.676636
v -2.663791 -0.392616 -0.710000
v -2.677271 -0.396304 -0.740449
v -2.699068 -0.402049 -0.765002
v -2.727046 -0.409288 -0.781255
v -2.758469 -0.417312 -0.787618
v -2.818525 -0.351077 0.500697
v -2.786294 -0.345003 0.496562
v -2.756849 -0.339523 0.482318
v -2.733075 -0.335174 0.459360
v -2.717298 -0.332381 0.429935
v -2.711060 -0.331419 0.396923
v -2.673480 -0.331419 -0.677109
v -2.677394 -0.332381 -0.710476
v -2.691076 -0.335174 -0.740932
v -2.713188 -0.339523 -0.765496
v -2.741564 -0.345003 -0.781763
v -2.773427 -0.351077 -0.788141
v -2.829982 -0.281719 0.500296
v -2.797472 -0.277333 0.496171
v -2.767776 -0.273377 0.481936
v -2.743803 -0.270237 0.458984
v -2.727896 -0.268221 0.429564
v -2.721615 -0.267527 0.396554
v -2.684034 -0.267527 -0.677478
v -2.687993 -0.268221 -0.710847
v -2.701804 -0.270237 -0.741307
v -2.724115 -0.273377 -0.765878
v -2.752743 -0.277333 -0.782154
v -2.784885 -0.281719 -0.788542
v -2.838287 -0.209255 0.500006
v -2.805613 -0.206302 0.495886
v -2.775769 -0.203638 0.481656
v -2.751678 -0.201523 0.458709
v -2.735696 -0.200166 0.429291
v -2.729389 -0.199698 0.396282
v -2.691808 -0.199698 -0.677750
v -2.695792 -0.200166 -0.711120
v -2.709679 -0.201523 -0.741583
v -2.732108 -0.203638 -0.766158
v -2.760884 -0.206302 -0.782439
v -2.793190 -0.209255 -0.788833
v -2.843789 -0.133704 0.499813
v -2.811028 -0.131942 0.495697
v -2.781106 -0.130351 0.481469
v -2.756952 -0.129090 0.458524
v -2.740931 -0.128279 0.429108
v -2.734609 -0.128000 0.396099
v -2.697029 -0.128000 -0.677933
v -2.701027 -0.128279 -0.711303
v -2.714953 -0.129090 -0.741768
v -2.737445 -0.130351 -0.766345
v -2.766298 -0.131942 -0.782628
v -2.798691 -0.133704 -0.789025
v -2.846834 -0.055084 0.499707
v -2.814036 -0.054290 0.495591
v -2.784080 -0.053573 0.481365
v -2.759900 -0.053004 0.458421
v -2.743861 -0.052639 0.429005
v -2.737533 -0.052513 0.395997
v -2.699953 -0.052513 -0.678035
v -2.703957 -0.052639 -0.711406
v -2.717901 -0.053004 -0.741871
v -2.740418 -0.053573 -0.766449
v -2.769307 -0.054290 -0.782734
v -2.801736 -0.055084 -0.789132
v -2.847772 0.026587 0.499674
v -2.814966 0.026768 0.495559
v -2.785004 0.026932 0.481333
v -2.760818 0.027062 0.458389
v -2.744776 0.027146 0.428973
v -2.738448 0.027175 0.395965
v -2.700868 0.027175 -0.678067
v -2.704873 0.027146 -0.711438
v -2.718819 0.027062 -0.741903
v -2.741343 0.026932 -0.766481
v -2.770237 0.026768 -0.782766
v -2.802674 0.026587 -0.789164
v -2.847772 2.090750 0.499674
v -2.814966 2.122884 0.495559
v -2.785004 2.151873 0.481333
v -2.760818 2.174878 0.458389
v -2.744776 2.189649 0.428973
v -2.738448 2.194738 0.395964
v -2.700868 2.194738 -0.678068
v -2.704873 2.189649 -0.711438
v -2.718819 2.174878 -0.741903
v -2.741343 2.151873 -0.766481
v -2.770237 2.122884 -0.782766
v -2.802674 2.090750 -0.789164
v -3.365040 2.090750 0.481574
v -3.397477 2.122884 0.475176
v -3.426371 2.151873 0.458891
v -3.448894 2.174878 0.434313
v -3.462842 2.189649 0.403848
v -3.466846 2.194738 0.370477
v -3.429265 2.194738 -0.703555
v -3.422938 2.189649 -0.736563
v -3.406896 2.174878 -0.765979
v -3.382710 2.151873 -0.788923
v -3.352747 2.122884 -0.803149
v -3.319943 2.090750 -0.807264
v -3.365040 -0.061803 0.481575
v -3.397477 -0.062629 0.475176
v -3.426371 -0.063374 0.458891
v -3.448894 -0.063966 0.434313
v -3.462842 -0.064345 0.403848
v -3.466846 -0.064476 0.370478
v -3.429265 -0.064476 -0.703554
v -3.422938 -0.064345 -0.736563
v -3.406896 -0.063966 -0.765979
v -3.382710 -0.063374 -0.788923
v -3.352747 -0.062629 -0.803149
v -3.319943 -0.061803 -0.807264
v -6.215293 -0.997696 0.381843
v -6.247731 -0.965562 0.375445
v -6.276625 -0.936573 0.359160
v -6.299147 -0.913568 0.334581
v -6.313095 -0.898797 0.304116
v -6.317100 -0.893708 0.270746
v -6.279520 -0.893708 -0.803286
v -6.273191 -0.898797 -0.836295
v -6.257149 -0.913568 -0.865710
v -6.232964 -0.936573 -0.888654
v -6.203001 -0.965562 -0.902880
v -6.170196 -0.997696 -0.906995
v -6.215293 -1.455243 0.381843
v -6.247731 -1.487378 0.375445
v -6.276625 -1.516366 0.359160
v -6.299147 -1.539372 0.334581
v -6.313095 -1.554142 0.304116
v -6.317100 -1.559232 0.270746
v -6.279520 -1.559232 -0.803286
v -6.273191 -1.554142 -0.836295
v -6.257149 -1.539372 -0.865710
v -6.232964 -1.516366 -0.888654
v -6.203001 -1.487378 -0.902880
v -6.170196 -1.455243 -0.906995
v -4.072325 -1.455243 0.456826
v -4.039520 -1.487378 0.452711
v -4.009557 -1.516366 0.438485
v -3.985371 -1.539372 0.415542
v -3.969329 -1.554142 0.386126
v -3.963002 -1.559232 0.353117
v -3.925421 -1.559232 -0.720915
v -3.929426 -1.554142 -0.754285
v -3.943373 -1.539372 -0.784750
v -3.965896 -1.516366 -0.809329
v -3.994791 -1.487378 -0.825614
v -4.027228 -1.455243 -0.832012
v -4.072325 2.090750 0.456826
v -4.039520 2.122884 0.452711
v -4.009557 2.151873 0.438485
v -3.985371 2.174878 0.415541
v -3.969329 2.189649 0.386125
v -3.963002 2.194738 0.353117
v -3.925421 2.194738 -0.720915
v -3.929426 2.189649 -0.754285
v -3.943373 2.174878 -0.784751
v -3.965896 2.151873 -0.809329
v -3.994791 2.122884 -0.825614
v -4.027228 2.090750 -0.832012
v -4.589593 2.090750 0.438727
v -4.622031 2.122884 0.432329
v -4.650925 2.151873 0.416043
v -4.673448 2.174878 0.391465
v -4.687395 2.189649 0.361000
v -4.691400 2.194738 0.327630
v -4.653820 2.194738 -0.746402
v -4.647491 2.189649 -0.779411
v -4.631450 2.174878 -0.808827
v -4.607264 2.151873 -0.831771
v -4.577302 2.122884 -0.845996
v -4.544496 2.090750 -0.850112
v -4.589593 -0.997696 0.438727
v -4.622031 -0.965562 0.432329
v -4.650925 -0.936573 0.416044
v -4.673448 -0.913568 0.391465
v -4.687395 -0.898797 0.361000
v -4.691400 -0.893708 0.327630
v -4.653820 -0.893708 -0.746402
v -4.647491 -0.898797 -0.779411
v -4.631450 -0.913568 -0.808827
v -4.607264 -0.936573 -0.831770
v -4.577302 -0.965562 -0.845996
v -4.544496 -0.997696 -0.850111
v -8.120741 1.633203 0.315170
v -8.153179 1.601068 0.308772
v -8.182074 1.572080 0.292487
v -8.204596 1.549075 0.267909
v -8.218542 1.534304 0.237444
v -8.222548 1.529215 0.204073
v -8.184967 1.529215 -0.869958
v -8.178638 1.534304 -0.902967
v -8.162598 1.549075 -0.932383
v -8.138412 1.572080 -0.955327
v -8.108450 1.601068 -0.969553
v -8.075644 1.633203 -0.973668
v -8.120741 -1.455243 0.315171
v -8.153179 -1.487378 0.308772
v -8.182074 -1.516366 0.292487
v -8.204596 -1.539372 0.267909
v -8.218542 -1.554142 0.237444
v -8.222548 -1.559232 0.204074
v -8.184967 -1.559232 -0.869958
v -8.178638 -1.554142 -0.902967
v -8.162598 -1.539372 -0.932383
v -8.138412 -1.516366 -0.955327
v -8.108450 -1.487378 -0.969553
v -8.075644 -1.455243 -0.973668
v -7.603473 -1.455243 0.333270
v -7.570668 -1.487378 0.329155
v -7.540705 -1.516366 0.314929
v -7.516520 -1.539372 0.291985
v -7.500478 -1.554142 0.262569
v -7.494150 -1.559232 0.229561
v -7.456569 -1.559232 -0.844471
v -7.460575 -1.554142 -0.877842
v -7.474522 -1.539372 -0.908307
v -7.497044 -1.516366 -0.932885
v -7.525939 -1.487378 -0.949170
v -7.558376 -1.455243 -0.955568
v -7.603473 1.633203 0.333270
v -7.570668 1.601068 0.329155
v -7.540705 1.572080 0.314929
v -7.516520 1.549075 0.291985
v -7.500478 1.534304 0.262569
v -7.494150 1.529215 0.229560
v -7.456569 1.529215 -0.844471
v -7.460575 1.534304 -0.877842
v -7.474522 1.549075 -0.908307
v -7.497044 1.572080 -0.932885
v -7.525939 1.601068 -0.949170
v -7.558376 1.633203 -0.955568
v -6.357806 1.633203 0.376856
v -6.325001 1.601068 0.372741
v -6.295039 1.572080 0.358515
v -6.270853 1.549075 0.335571
v -6.254812 1.534304 0.306155
v -6.248483 1.529215 0.273147
v -6.210903 1.529215 -0.800885
v -6.214908 1.534304 -0.834255
v -6.228855 1.549075 -0.864721
v -6.251378 1.572080 -0.889299
v -6.280272 1.601068 -0.905584
v -6.312708 1.633203 -0.911982
v -6.357806 2.090750 0.376856
v -6.325001 2.122884 0.372741
v -6.295039 2.151873 0.358515
v -6.270853 2.174878 0.335571
v -6.254812 2.189649 0.306155
v -6.248483 2.194738 0.273147
v -6.210903 2.194738 -0.800885
v -6.214908 2.189649 -0.834255
v -6.228855 2.174878 -0.864721
v -6.251378 2.151873 -0.889299
v -6.280272 2.122884 -0.905584
v -6.312708 2.090750 -0.911982
v -9.366407 2.090750 0.271584
v -9.398844 2.122884 0.265186
v -9.427738 2.151873 0.248901
v -9.450260 2.174878 0.224323
v -9.464209 2.189649 0.193857
v -9.468214 2.194738 0.160487
v -9.430634 2.194738 -0.913545
v -9.424305 2.189649 -0.946553
v -9.408262 2.174878 -0.975969
v -9.384077 2.151873 -0.998913
v -9.354115 2.122884 -1.013139
v -9.321310 2.090750 -1.017254
v -9.366407 1.633203 0.271584
v -9.398844 1.601068 0.265186
v -9.427738 1.572080 0.248901
v -9.450260 1.549075 0.224323
v -9.464209 1.534304 0.193857
v -9.468214 1.529215 0.160487
v -9.430634 1.529215 -0.913545
v -9.424305 1.534304 -0.946553
v -9.408262 1.549075 -0.975969
v -9.384077 1.572080 -0.998913
v -9.354115 1.601068 -1.013139
v -9.321310 1.633203 -1.017254
vn 0.0350 -0.0000 -0.9994
vn -0.0350 -0.0000 0.9994
vn -0.0627 0.3211 0.9450
vn -0.0948 0.3167 0.9438
vn -0.0653 0.1582 0.9852
vn -0.0493 0.1606 0.9858
vn -0.0833 0.6005 0.7952
vn -0.1432 0.5920 0.7931
vn -0.0953 0.8159 0.5703
vn -0.1767 0.8042 0.5675
vn -0.0981 0.9502 0.2956
vn -0.1929 0.9366 0.2924
vn -0.0943 0.9929 0.0726
vn -0.1933 0.9787 0.0692
vn -0.0890 0.9929 -0.0790
vn -0.1880 0.9787 -0.0825
vn -0.0772 0.9502 -0.3018
vn -0.1720 0.9366 -0.3051
vn -0.0552 0.8159 -0.5756
vn -0.1366 0.8042 -0.5785
vn -0.0275 0.6005 -0.7991
vn -0.0874 0.5920 -0.8012
vn 0.0035 0.3211 -0.9471
vn -0.0286 0.3167 -0.9481
vn 0.0197 0.1606 -0.9868
vn 0.0037 0.1582 -0.9874
vn -0.1294 0.3081 0.9425
vn -0.0826 0.1537 0.9847
vn -0.2078 0.5756 0.7909
vn -0.2644 0.7818 0.5646
vn -0.2951 0.9107 0.2889
vn -0.3001 0.9517 0.0655
vn -0.2948 0.9517 -0.0863
vn -0.2742 0.9107 -0.3089
vn -0.2243 0.7818 -0.5817
vn -0.1520 0.5756 -0.8035
vn -0.0632 0.3081 -0.9492
vn -0.0135 0.1537 -0.9880
vn -0.1660 0.2942 0.9412
vn -0.1007 0.1465 0.9841
vn -0.2760 0.5493 0.7887
vn -0.3572 0.7462 0.5617
vn -0.4032 0.8694 0.2854
vn -0.4131 0.9086 0.0616
vn -0.4078 0.9086 -0.0904
vn -0.3823 0.8694 -0.3129
vn -0.3170 0.7462 -0.5853
vn -0.2202 0.5493 -0.8061
vn -0.0998 0.2942 -0.9505
vn -0.0317 0.1465 -0.9887
vn -0.2035 0.2740 0.9399
vn -0.1193 0.1362 0.9835
vn -0.3460 0.5114 0.7866
vn -0.4523 0.6950 0.5590
vn -0.5143 0.8100 0.2820
vn -0.5292 0.8465 0.0577
vn -0.5239 0.8465 -0.0946
vn -0.4933 0.8100 -0.3172
vn -0.4122 0.6950 -0.5892
vn -0.2902 0.5114 -0.8089
vn -0.1373 0.2740 -0.9519
vn -0.0502 0.1362 -0.9894
vn -0.2403 0.2469 0.9388
vn -0.1374 0.1226 0.9829
vn -0.4147 0.4607 0.7847
vn -0.5459 0.6264 0.5564
vn -0.6236 0.7304 0.2787
vn -0.6435 0.7635 0.0539
vn -0.6382 0.7635 -0.0987
vn -0.6026 0.7304 -0.3216
vn -0.5057 0.6264 -0.5932
vn -0.3588 0.4607 -0.8118
vn -0.1741 0.2469 -0.9533
vn -0.0684 0.1226 -0.9901
vn -0.2743 0.2130 0.9377
vn -0.1542 0.1057 0.9824
vn -0.4782 0.3976 0.7831
vn -0.6327 0.5408 0.5542
vn -0.7252 0.6310 0.2757
vn -0.7498 0.6597 0.0503
vn -0.7445 0.6597 -0.1026
vn -0.7041 0.6310 -0.3258
vn -0.5924 0.5408 -0.5971
vn -0.4223 0.3976 -0.8146
vn -0.2081 0.2130 -0.9546
vn -0.0852 0.1057 -0.9907
vn -0.3035 0.1734 0.9369
vn -0.1686 0.0860 0.9819
vn -0.5328 0.3238 0.7818
vn -0.7074 0.4408 0.5525
vn -0.8128 0.5145 0.2733
vn -0.8416 0.5380 0.0473
vn -0.8362 0.5380 -0.1060
vn -0.7917 0.5145 -0.3294
vn -0.6671 0.4408 -0.6006
vn -0.4769 0.3238 -0.8172
vn -0.2372 0.1734 -0.9559
vn -0.0995 0.0860 -0.9913
vn -0.3260 0.1300 0.9364
vn -0.1798 0.0645 0.9816
vn -0.5754 0.2430 0.7810
vn -0.7659 0.3310 0.5512
vn -0.8814 0.3865 0.2715
vn -0.9135 0.4043 0.0449
vn -0.9082 0.4043 -0.1087
vn -0.8603 0.3865 -0.3324
vn -0.7255 0.3310 -0.6034
vn -0.5194 0.2430 -0.8193
vn -0.2598 0.1300 -0.9569
vn -0.1108 0.0645 -0.9918
vn -0.3413 0.0853 0.9361
vn -0.1876 0.0423 0.9813
vn -0.6045 0.1595 0.7804
vn -0.8061 0.2174 0.5504
vn -0.9287 0.2540 0.2702
vn -0.9631 0.2657 0.0433
vn -0.9577 0.2657 -0.1105
vn -0.9075 0.2540 -0.3345
vn -0.7656 0.2174 -0.6054
vn -0.5485 0.1595 -0.8208
vn -0.2751 0.0853 -0.9576
vn -0.1185 0.0423 -0.9921
vn -0.3496 0.0415 0.9360
vn -0.1919 0.0206 0.9812
vn -0.6206 0.0777 0.7803
vn -0.8284 0.1060 0.5501
vn -0.9550 0.1238 0.2696
vn -0.9907 0.1295 0.0424
vn -0.9853 0.1295 -0.1115
vn -0.9338 0.1238 -0.3357
vn -0.7879 0.1060 -0.6066
vn -0.5645 0.0777 -0.8217
vn -0.2833 0.0415 -0.9581
vn -0.1228 0.0206 -0.9922
vn -0.3512 0.0029 0.9363
vn -0.1933 0.0015 0.9811
vn -0.6250 0.0055 0.7806
vn -0.8349 0.0075 0.5503
vn -0.9629 0.0088 0.2696
vn -0.9991 0.0092 0.0421
vn -0.9937 0.0092 -0.1118
vn -0.9417 0.0088 -0.3362
vn -0.7944 0.0075 -0.6073
vn -0.5689 0.0055 -0.8224
vn -0.2849 0.0029 -0.9585
vn -0.1242 0.0015 -0.9923
vn -0.3494 -0.0290 0.9365
vn -0.1927 -0.0145 0.9811
vn -0.6223 -0.0545 0.7809
vn -0.8315 -0.0744 0.5506
vn -0.9590 -0.0869 0.2698
vn -0.9950 -0.0910 0.0423
vn -0.9896 -0.0910 -0.1117
vn -0.9378 -0.0869 -0.3361
vn -0.7910 -0.0744 -0.6073
vn -0.5662 -0.0545 -0.8225
vn -0.2831 -0.0290 -0.9586
vn -0.1237 -0.0145 -0.9922
vn -0.3455 -0.0593 0.9365
vn -0.1906 -0.0296 0.9812
vn -0.6146 -0.1113 0.7810
vn -0.8207 -0.1520 0.5507
vn -0.9463 -0.1776 0.2701
vn -0.9817 -0.1858 0.0427
vn -0.9763 -0.1858 -0.1112
vn -0.9251 -0.1776 -0.3355
vn -0.7802 -0.1520 -0.6067
vn -0.5585 -0.1113 -0.8220
vn -0.2792 -0.0593 -0.9584
vn -0.1216 -0.0296 -0.9921
vn -0.3383 -0.0906 0.9367
vn -0.1869 -0.0452 0.9813
vn -0.6007 -0.1700 0.7812
vn -0.8016 -0.2320 0.5510
vn -0.9237 -0.2711 0.2706
vn -0.9580 -0.2836 0.0435
vn -0.9526 -0.2836 -0.1103
vn -0.9026 -0.2711 -0.3345
vn -0.7611 -0.2320 -0.6057
vn -0.5446 -0.1700 -0.8213
vn -0.2720 -0.0906 -0.9580
vn -0.1179 -0.0452 -0.9920
vn -0.3276 -0.1222 0.9369
vn -0.1815 -0.0610 0.9815
vn -0.5802 -0.2292 0.7815
vn -0.7734 -0.3125 0.5516
vn -0.8905 -0.3651 0.2715
vn -0.9231 -0.3819 0.0446
vn -0.9177 -0.3819 -0.1090
vn -0.8693 -0.3651 -0.3331
vn -0.7329 -0.3125 -0.6043
vn -0.5242 -0.2292 -0.8202
vn -0.2613 -0.1222 -0.9575
vn -0.1125 -0.0610 -0.9918
vn -0.3132 -0.1532 0.9373
vn -0.1743 -0.0765 0.9817
vn -0.5530 -0.2872 0.7821
vn -0.7359 -0.3915 0.5524
vn -0.8465 -0.4573 0.2726
vn -0.8770 -0.4783 0.0461
vn -0.8716 -0.4783 -0.1073
vn -0.8254 -0.4573 -0.3311
vn -0.6955 -0.3915 -0.6025
vn -0.4970 -0.2872 -0.8188
vn -0.2469 -0.1532 -0.9569
vn -0.1053 -0.0765 -0.9915
vn -0.2954 -0.1828 0.9377
vn -0.1654 -0.0913 0.9820
vn -0.5195 -0.3426 0.7828
vn -0.6898 -0.4668 0.5534
vn -0.7924 -0.5449 0.2741
vn -0.8203 -0.5699 0.0480
vn -0.8150 -0.5699 -0.1052
vn -0.7713 -0.5449 -0.3288
vn -0.6495 -0.4668 -0.6003
vn -0.4635 -0.3426 -0.8172
vn -0.2291 -0.1828 -0.9561
vn -0.0964 -0.0913 -0.9912
vn -0.2746 -0.2102 0.9383
vn -0.1551 -0.1049 0.9823
vn -0.4804 -0.3937 0.7837
vn -0.6363 -0.5362 0.5547
vn -0.7296 -0.6258 0.2759
vn -0.7546 -0.6543 0.0502
vn -0.7492 -0.6543 -0.1028
vn -0.7085 -0.6258 -0.3262
vn -0.5960 -0.5362 -0.5978
vn -0.4244 -0.3937 -0.8154
vn -0.2084 -0.2102 -0.9552
vn -0.0861 -0.1049 -0.9907
vn -0.2515 -0.2346 0.9390
vn -0.1436 -0.1172 0.9827
vn -0.4369 -0.4394 0.7848
vn -0.5769 -0.5982 0.5562
vn -0.6601 -0.6979 0.2779
vn -0.6818 -0.7297 0.0526
vn -0.6764 -0.7297 -0.1001
vn -0.6390 -0.6979 -0.3233
vn -0.5366 -0.5982 -0.5951
vn -0.3810 -0.4394 -0.8135
vn -0.1852 -0.2346 -0.9543
vn -0.0746 -0.1172 -0.9903
vn -0.2268 -0.2558 0.9398
vn -0.1313 -0.1279 0.9831
vn -0.3906 -0.4791 0.7861
vn -0.5136 -0.6519 0.5578
vn -0.5861 -0.7603 0.2801
vn -0.6043 -0.7948 0.0552
vn -0.5990 -0.7948 -0.0973
vn -0.5650 -0.7603 -0.3204
vn -0.4734 -0.6519 -0.5924
vn -0.3347 -0.4791 -0.8114
vn -0.1605 -0.2558 -0.9533
vn -0.0623 -0.1279 -0.9898
vn -0.2012 -0.2736 0.9406
vn -0.1186 -0.1369 0.9835
vn -0.3428 -0.5123 0.7874
vn -0.4484 -0.6970 0.5596
vn -0.5098 -0.8126 0.2824
vn -0.5246 -0.8494 0.0579
vn -0.5193 -0.8494 -0.0944
vn -0.4888 -0.8126 -0.3173
vn -0.4082 -0.6970 -0.5896
vn -0.2869 -0.5123 -0.8094
vn -0.1350 -0.2736 -0.9523
vn -0.0496 -0.1369 -0.9893
vn -0.1755 -0.2879 0.9414
vn -0.1058 -0.1442 0.9839
vn -0.2668 -0.4069 0.8736
vn -0.8624 0.4854 -0.1441
vn -0.8446 0.5279 -0.0895
vn -0.8660 0.4985 -0.0380
vn -0.8666 0.4986 -0.0227
vn -0.8488 0.5279 0.0302
vn -0.8703 0.4854 0.0834
vn -0.2050 -0.4069 -0.8902
vn -0.1093 -0.2879 -0.9514
vn -0.0368 -0.1442 -0.9889
vn -0.1428 -0.0109 0.9897
vn -0.1142 -0.0080 0.9934
vn 0.5466 0.0523 -0.8358
vn 0.6646 0.0645 -0.7444
vn 0.8963 0.0890 -0.4345
vn 0.9895 0.0996 -0.1052
vn 0.9797 0.0996 0.1741
vn 0.8637 0.0890 0.4961
vn 0.6110 0.0645 0.7890
vn 0.4868 0.0523 0.8719
vn -0.0733 -0.0109 -0.9973
vn -0.0445 -0.0080 -0.9990
vn -0.2254 0.2553 0.9402
vn -0.1311 0.1282 0.9830
vn -0.3312 0.3589 0.8727
vn -0.7560 -0.6394 -0.1399
vn -0.7308 -0.6773 -0.0853
vn -0.7572 -0.6522 -0.0342
vn -0.7578 -0.6522 -0.0188
vn -0.7349 -0.6773 0.0340
vn -0.7639 -0.6394 0.0867
vn -0.2694 0.3589 -0.8937
vn -0.1592 0.2553 -0.9537
vn -0.0621 0.1282 -0.9898
vn -0.2415 0.2417 0.9398
vn -0.1392 0.1214 0.9828
vn -0.4195 0.4541 0.7860
vn -0.5537 0.6187 0.5574
vn -0.6331 0.7220 0.2790
vn -0.6536 0.7549 0.0535
vn -0.6483 0.7549 -0.0991
vn -0.6121 0.7220 -0.3226
vn -0.5133 0.6187 -0.5947
vn -0.3636 0.4541 -0.8134
vn -0.1752 0.2417 -0.9544
vn -0.0702 0.1214 -0.9901
vn -0.2555 0.2281 0.9395
vn -0.1464 0.1147 0.9826
vn -0.4462 0.4289 0.7855
vn -0.5902 0.5847 0.5566
vn -0.6759 0.6826 0.2778
vn -0.6985 0.7137 0.0520
vn -0.6931 0.7137 -0.1007
vn -0.6549 0.6826 -0.3244
vn -0.5499 0.5847 -0.5964
vn -0.3902 0.4289 -0.8147
vn -0.1892 0.2281 -0.9551
vn -0.0773 0.1147 -0.9904
vn -0.2673 0.2152 0.9393
vn -0.1524 0.1083 0.9824
vn -0.4687 0.4050 0.7851
vn -0.6212 0.5523 0.5559
vn -0.7123 0.6450 0.2769
vn -0.7365 0.6745 0.0508
vn -0.7312 0.6745 -0.1021
vn -0.6912 0.6450 -0.3260
vn -0.5808 0.5523 -0.5980
vn -0.4127 0.4050 -0.8159
vn -0.2010 0.2152 -0.9557
vn -0.0834 0.1083 -0.9906
vn -0.2769 0.2034 0.9391
vn -0.1574 0.1025 0.9822
vn -0.4872 0.3831 0.7848
vn -0.6467 0.5228 0.5555
vn -0.7423 0.6106 0.2761
vn -0.7679 0.6386 0.0497
vn -0.7626 0.6386 -0.1033
vn -0.7211 0.6106 -0.3273
vn -0.6063 0.5228 -0.5993
vn -0.4311 0.3831 -0.8169
vn -0.2106 0.2034 -0.9562
vn -0.0883 0.1025 -0.9908
vn -0.2845 0.1931 0.9390
vn -0.1613 0.0974 0.9821
vn -0.5019 0.3640 0.7846
vn -0.6670 0.4969 0.5551
vn -0.7662 0.5805 0.2755
vn -0.7931 0.6072 0.0489
vn -0.7877 0.6072 -0.1042
vn -0.7451 0.5805 -0.3284
vn -0.6266 0.4969 -0.6004
vn -0.4458 0.3640 -0.8178
vn -0.2182 0.1931 -0.9566
vn -0.0923 0.0974 -0.9910
vn -0.2904 0.1845 0.9390
vn -0.1644 0.0932 0.9820
vn -0.5133 0.3480 0.7845
vn -0.6828 0.4752 0.5549
vn -0.7848 0.5553 0.2751
vn -0.8126 0.5809 0.0483
vn -0.8072 0.5809 -0.1050
vn -0.7637 0.5553 -0.3293
vn -0.6423 0.4752 -0.6013
vn -0.4572 0.3480 -0.8185
vn -0.2240 0.1845 -0.9570
vn -0.0954 0.0932 -0.9911
vn -0.2947 0.1776 0.9389
vn -0.1667 0.0898 0.9819
vn -0.5217 0.3353 0.7845
vn -0.6946 0.4580 0.5548
vn -0.7987 0.5353 0.2748
vn -0.8271 0.5600 0.0478
vn -0.8218 0.5600 -0.1055
vn -0.7776 0.5353 -0.3300
vn -0.6541 0.4580 -0.6020
vn -0.4656 0.3353 -0.8190
vn -0.2283 0.1776 -0.9572
vn -0.0977 0.0898 -0.9912
vn -0.2976 0.1725 0.9390
vn -0.1683 0.0873 0.9819
vn -0.5276 0.3258 0.7845
vn -0.7029 0.4452 0.5548
vn -0.8086 0.5204 0.2746
vn -0.8375 0.5444 0.0475
vn -0.8321 0.5444 -0.1059
vn -0.7874 0.5204 -0.3305
vn -0.6624 0.4452 -0.6025
vn -0.4715 0.3258 -0.8195
vn -0.2313 0.1725 -0.9575
vn -0.0993 0.0873 -0.9912
vn -0.2995 0.1690 0.9390
vn -0.1694 0.0856 0.9818
vn -0.5314 0.3194 0.7846
vn -0.7083 0.4366 0.5548
vn -0.8149 0.5104 0.2745
vn -0.8442 0.5340 0.0473
vn -0.8388 0.5340 -0.1062
vn -0.7938 0.5104 -0.3308
vn -0.6677 0.4366 -0.6029
vn -0.4753 0.3194 -0.8198
vn -0.2331 0.1690 -0.9576
vn -0.1003 0.0856 -0.9913
vn -0.3004 0.1671 0.9391
vn -0.1699 0.0847 0.9818
vn -0.5334 0.3159 0.7846
vn -0.7111 0.4319 0.5548
vn -0.8183 0.5049 0.2745
vn -0.8478 0.5283 0.0472
vn -0.8424 0.5283 -0.1063
vn -0.7971 0.5049 -0.3310
vn -0.6706 0.4319 -0.6032
vn -0.4773 0.3159 -0.8200
vn -0.2340 0.1671 -0.9578
vn -0.1009 0.0847 -0.9913
vn -0.2997 0.1672 0.9393
vn -0.1698 0.0849 0.9818
vn -0.5326 0.3165 0.7849
vn -0.7102 0.4329 0.5551
vn -0.8175 0.5062 0.2747
vn -0.8469 0.5297 0.0472
vn -0.8415 0.5297 -0.1063
vn -0.7963 0.5062 -0.3312
vn -0.6697 0.4329 -0.6034
vn -0.4764 0.3165 -0.8202
vn -0.2333 0.1672 -0.9579
vn -0.1008 0.0849 -0.9913
vn -0.2984 0.1693 0.9393
vn -0.1691 0.0860 0.9818
vn -0.5301 0.3205 0.7850
vn -0.7068 0.4384 0.5552
vn -0.8134 0.5126 0.2748
vn -0.8427 0.5364 0.0474
vn -0.8373 0.5364 -0.1061
vn -0.7922 0.5126 -0.3310
vn -0.6662 0.4384 -0.6033
vn -0.4739 0.3205 -0.8202
vn -0.2320 0.1693 -0.9579
vn -0.1001 0.0860 -0.9913
vn -0.2968 0.1717 0.9394
vn -0.1684 0.0872 0.9819
vn -0.5271 0.3251 0.7851
vn -0.7028 0.4446 0.5554
vn -0.8087 0.5200 0.2750
vn -0.8377 0.5440 0.0475
vn -0.8324 0.5440 -0.1060
vn -0.7875 0.5200 -0.3308
vn -0.6622 0.4446 -0.6031
vn -0.4710 0.3251 -0.8200
vn -0.2304 0.1717 -0.9578
vn -0.0993 0.0872 -0.9912
vn -0.2951 0.1743 0.9394
vn -0.1675 0.0885 0.9819
vn -0.5239 0.3301 0.7852
vn -0.6983 0.4514 0.5555
vn -0.8035 0.5279 0.2751
vn -0.8323 0.5523 0.0477
vn -0.8269 0.5523 -0.1058
vn -0.7823 0.5279 -0.3306
vn -0.6578 0.4514 -0.6029
vn -0.4678 0.3301 -0.8199
vn -0.2287 0.1743 -0.9578
vn -0.0985 0.0885 -0.9912
vn -0.2933 0.1770 0.9395
vn -0.1666 0.0899 0.9819
vn -0.5206 0.3351 0.7853
vn -0.6938 0.4583 0.5556
vn -0.7982 0.5359 0.2753
vn -0.8267 0.5607 0.0479
vn -0.8213 0.5607 -0.1056
vn -0.7770 0.5359 -0.3304
vn -0.6532 0.4583 -0.6027
vn -0.4644 0.3351 -0.8197
vn -0.2270 0.1770 -0.9577
vn -0.0976 0.0899 -0.9912
vn -0.2917 0.1796 0.9395
vn -0.1658 0.0912 0.9819
vn -0.5174 0.3399 0.7853
vn -0.6894 0.4648 0.5557
vn -0.7930 0.5434 0.2754
vn -0.8212 0.5686 0.0481
vn -0.8159 0.5686 -0.1054
vn -0.7718 0.5434 -0.3302
vn -0.6489 0.4648 -0.6025
vn -0.4613 0.3399 -0.8196
vn -0.2253 0.1796 -0.9576
vn -0.0967 0.0912 -0.9911
vn -0.2902 0.1818 0.9395
vn -0.1650 0.0923 0.9820
vn -0.5146 0.3441 0.7854
vn -0.6855 0.4705 0.5557
vn -0.7884 0.5501 0.2755
vn -0.8164 0.5755 0.0482
vn -0.8110 0.5755 -0.1052
vn -0.7672 0.5501 -0.3299
vn -0.6449 0.4705 -0.6023
vn -0.4584 0.3441 -0.8194
vn -0.2239 0.1818 -0.9575
vn -0.0960 0.0923 -0.9911
vn -0.2891 0.1836 0.9395
vn -0.5123 0.3475 0.7854
vn -0.6822 0.4751 0.5557
vn -0.7845 0.5555 0.2756
vn -0.8124 0.5811 0.0484
vn -0.8070 0.5811 -0.1050
vn -0.7634 0.5555 -0.3298
vn -0.6417 0.4751 -0.6021
vn -0.4561 0.3475 -0.8193
vn -0.2227 0.1836 -0.9574
vn -0.0953 0.0932 -0.9911
vn -0.2882 0.1850 0.9395
vn -0.1639 0.0939 0.9820
vn -0.5105 0.3501 0.7854
vn -0.6798 0.4786 0.5558
vn -0.7817 0.5595 0.2756
vn -0.8094 0.5853 0.0485
vn -0.8040 0.5853 -0.1049
vn -0.7605 0.5595 -0.3296
vn -0.6393 0.4786 -0.6019
vn -0.4544 0.3501 -0.8191
vn -0.2218 0.1850 -0.9574
vn -0.0949 0.0939 -0.9911
vn -0.2876 0.1860 0.9395
vn -0.1636 0.0943 0.9820
vn -0.5094 0.3518 0.7853
vn -0.6782 0.4809 0.5558
vn -0.7797 0.5622 0.2757
vn -0.8073 0.5881 0.0485
vn -0.8019 0.5881 -0.1048
vn -0.7585 0.5622 -0.3295
vn -0.6377 0.4809 -0.6018
vn -0.4532 0.3518 -0.8190
vn -0.2212 0.1860 -0.9573
vn -0.0945 0.0943 -0.9910
vn -0.2873 0.1865 0.9395
vn -0.1634 0.0946 0.9820
vn -0.5087 0.3528 0.7853
vn -0.6772 0.4822 0.5557
vn -0.7786 0.5637 0.2757
vn -0.8062 0.5897 0.0486
vn -0.8008 0.5897 -0.1048
vn -0.7574 0.5637 -0.3294
vn -0.6367 0.4822 -0.6017
vn -0.4526 0.3528 -0.8190
vn -0.2209 0.1865 -0.9573
vn -0.0944 0.0946 -0.9910
vn -0.2872 0.1867 0.9395
vn -0.1633 0.0947 0.9820
vn -0.5085 0.3532 0.7853
vn -0.6769 0.4827 0.5557
vn -0.7782 0.5643 0.2757
vn -0.8057 0.5903 0.0486
vn -0.8004 0.5903 -0.1048
vn -0.7570 0.5643 -0.3294
vn -0.6364 0.4827 -0.6017
vn -0.4524 0.3532 -0.8189
vn -0.2208 0.1867 -0.9573
vn -0.0943 0.0947 -0.9910
vn -0.2159 -0.0943 0.9719
vn -0.0999 -0.0338 0.9944
vn -0.3739 -0.1774 0.9104
vn -0.5724 -0.2829 0.7696
vn -0.7910 -0.4018 0.4613
vn -0.8823 -0.4554 0.1192
vn -0.8718 -0.4554 -0.1806
vn -0.7569 -0.4018 -0.5154
vn -0.5172 -0.2829 -0.8078
vn -0.3093 -0.1774 -0.9343
vn -0.1474 -0.0943 -0.9846
vn -0.0302 -0.0338 -0.9990
vn 0.1204 -0.2857 0.9507
vn 0.0324 -0.1248 0.9916
vn 0.2474 -0.5134 0.8217
vn 0.3574 -0.7044 0.6133
vn 0.4370 -0.8344 0.3359
vn 0.4685 -0.8777 0.1008
vn 0.4744 -0.8777 -0.0678
vn 0.4594 -0.8344 -0.3046
vn 0.3994 -0.7044 -0.5868
vn 0.3042 -0.5134 -0.8024
vn 0.1865 -0.2857 -0.9400
vn 0.1017 -0.1248 -0.9870
vn 0.2289 -0.1738 0.9578
vn 0.0986 -0.0883 0.9912
vn 0.4682 -0.3292 0.8200
vn 0.6585 -0.4502 0.6031
vn 0.7832 -0.5265 0.3307
vn 0.8279 -0.5509 0.1058
vn 0.8332 -0.5509 -0.0477
vn 0.8044 -0.5265 -0.2752
vn 0.6991 -0.4502 -0.5555
vn 0.5244 -0.3292 -0.7853
vn 0.2952 -0.1738 -0.9395
vn 0.1677 -0.0883 -0.9819
vn 0.2241 -0.1794 0.9579
vn 0.0965 -0.0914 0.9911
vn 0.4599 -0.3404 0.8201
vn 0.6476 -0.4658 0.6030
vn 0.7706 -0.5449 0.3305
vn 0.8148 -0.5701 0.1054
vn 0.8201 -0.5701 -0.0482
vn 0.7919 -0.5449 -0.2758
vn 0.6882 -0.4658 -0.5563
vn 0.5161 -0.3404 -0.7860
vn 0.2905 -0.1794 -0.9399
vn 0.1656 -0.0914 -0.9820
vn 0.2170 -0.1887 0.9578
vn 0.0931 -0.0963 0.9910
vn 0.4468 -0.3583 0.8197
vn 0.6298 -0.4904 0.6024
vn 0.7498 -0.5737 0.3297
vn 0.7930 -0.6002 0.1046
vn 0.7983 -0.6002 -0.0489
vn 0.7710 -0.5737 -0.2765
vn 0.6703 -0.4904 -0.5569
vn 0.5030 -0.3583 -0.7865
vn 0.2834 -0.1887 -0.9403
vn 0.1621 -0.0963 -0.9821
vn 0.2075 -0.2001 0.9575
vn 0.0885 -0.1023 0.9908
vn 0.4292 -0.3803 0.8192
vn 0.6058 -0.5206 0.6016
vn 0.7218 -0.6090 0.3288
vn 0.7637 -0.6372 0.1035
vn 0.7691 -0.6372 -0.0499
vn 0.7430 -0.6090 -0.2775
vn 0.6464 -0.5206 -0.5578
vn 0.4855 -0.3803 -0.7872
vn 0.2739 -0.2001 -0.9407
vn 0.1575 -0.1023 -0.9822
vn 0.1948 -0.2139 0.9572
vn 0.0822 -0.1095 0.9906
vn 0.4055 -0.4069 0.8185
vn 0.5735 -0.5571 0.6006
vn 0.6841 -0.6518 0.3275
vn 0.7242 -0.6820 0.1021
vn 0.7296 -0.6820 -0.0513
vn 0.7053 -0.6518 -0.2788
vn 0.6141 -0.5571 -0.5590
vn 0.4618 -0.4069 -0.7882
vn 0.2612 -0.2139 -0.9413
vn 0.1513 -0.1095 -0.9824
vn 0.1777 -0.2301 0.9568
vn 0.0738 -0.1181 0.9903
vn 0.3736 -0.4382 0.8176
vn 0.5300 -0.6002 0.5991
vn 0.6331 -0.7022 0.3257
vn 0.6709 -0.7347 0.1002
vn 0.6763 -0.7347 -0.0531
vn 0.6544 -0.7022 -0.2806
vn 0.5705 -0.6002 -0.5606
vn 0.4298 -0.4382 -0.7895
vn 0.2441 -0.2301 -0.9421
vn 0.1428 -0.1181 -0.9827
vn 0.1552 -0.2481 0.9562
vn 0.0625 -0.1277 0.9898
vn 0.3312 -0.4733 0.8163
vn 0.4721 -0.6485 0.5971
vn 0.5655 -0.7587 0.3233
vn 0.6001 -0.7939 0.0977
vn 0.6055 -0.7939 -0.0555
vn 0.5867 -0.7587 -0.2830
vn 0.5127 -0.6485 -0.5627
vn 0.3875 -0.4733 -0.7911
vn 0.2216 -0.2481 -0.9430
vn 0.1315 -0.1277 -0.9831
vn 0.1266 -0.2669 0.9554
vn 0.0480 -0.1378 0.9893
vn 0.2771 -0.5098 0.8144
vn 0.3980 -0.6987 0.5945
vn 0.4788 -0.8174 0.3202
vn 0.5094 -0.8553 0.0945
vn 0.5148 -0.8553 -0.0586
vn 0.5000 -0.8174 -0.2859
vn 0.4386 -0.6987 -0.5652
vn 0.3334 -0.5098 -0.7931
vn 0.1931 -0.2669 -0.9442
vn 0.1170 -0.1378 -0.9835
vn 0.0926 -0.2844 0.9542
vn 0.0305 -0.1470 0.9887
vn 0.2123 -0.5436 0.8121
vn 0.3092 -0.7450 0.5911
vn 0.3748 -0.8715 0.3164
vn 0.4005 -0.9118 0.0906
vn 0.4059 -0.9118 -0.0624
vn 0.3960 -0.8715 -0.2894
vn 0.3497 -0.7450 -0.5681
vn 0.2685 -0.5436 -0.7952
vn 0.1590 -0.2844 -0.9454
vn 0.0995 -0.1470 -0.9841
vn 0.0556 -0.2985 0.9528
vn 0.0114 -0.1543 0.9880
vn 0.1416 -0.5703 0.8092
vn 0.2122 -0.7811 0.5872
vn 0.2613 -0.9135 0.3120
vn 0.2817 -0.9556 0.0863
vn 0.2871 -0.9556 -0.0664
vn 0.2824 -0.9135 -0.2930
vn 0.2527 -0.7811 -0.5709
vn 0.1978 -0.5703 -0.7973
vn 0.1221 -0.2985 -0.9466
vn 0.0804 -0.1543 -0.9847
vn 0.0200 -0.3080 0.9512
vn -0.0071 -0.1589 0.9873
vn 0.0733 -0.5873 0.8060
vn 0.1185 -0.8038 0.5830
vn 0.1516 -0.9394 0.3076
vn 0.1669 -0.9825 0.0822
vn 0.1723 -0.9825 -0.0703
vn 0.1727 -0.9394 -0.2962
vn 0.1590 -0.8038 -0.5733
vn 0.1295 -0.5873 -0.7989
vn 0.0864 -0.3080 -0.9474
vn 0.0619 -0.1589 -0.9854
vn -0.0101 -0.3133 0.9496
vn -0.0226 -0.1609 0.9867
vn 0.0159 -0.5957 0.8031
vn 0.0398 -0.8142 0.5793
vn 0.0596 -0.9509 0.3037
vn 0.0707 -0.9944 0.0787
vn 0.0760 -0.9944 -0.0736
vn 0.0807 -0.9509 -0.2988
vn 0.0802 -0.8142 -0.5751
vn 0.0720 -0.5957 -0.8000
vn 0.0563 -0.3133 -0.9480
vn 0.0464 -0.1609 -0.9859
vn -0.0282 -0.3168 0.9481
vn -0.0320 -0.1615 0.9864
vn -0.0185 -0.5993 0.8003
vn -0.0073 -0.8174 0.5760
vn 0.0045 -0.9537 0.3008
vn 0.0131 -0.9970 0.0765
vn 0.0184 -0.9970 -0.0754
vn 0.0255 -0.9537 -0.2997
vn 0.0330 -0.8174 -0.5751
vn 0.0374 -0.5993 -0.7997
vn 0.0382 -0.3168 -0.9477
vn 0.0371 -0.1615 -0.9862
vn -0.1567 -0.1243 0.9798
vn -0.1147 -0.0813 0.9901
vn -0.3236 -0.2966 0.8985
vn -0.4952 -0.4769 0.7262
vn -0.6451 -0.6400 0.4174
vn -0.7006 -0.7081 0.0885
vn -0.6927 -0.7081 -0.1373
vn -0.6143 -0.6400 -0.4615
vn -0.4432 -0.4769 -0.7590
vn -0.2600 -0.2966 -0.9189
vn -0.0878 -0.1243 -0.9884
vn -0.0453 -0.0813 -0.9957
vn -0.2344 -0.2042 0.9504
vn -0.3945 -0.3706 0.8409
vn -0.5473 -0.5326 0.6456
vn -0.6640 -0.6617 0.3481
vn -0.7010 -0.7089 0.0779
vn -0.6939 -0.7089 -0.1267
vn -0.6381 -0.6617 -0.3937
vn -0.5008 -0.5326 -0.6823
vn -0.3347 -0.3706 -0.8664
vn -0.1674 -0.2042 -0.9645
vn 0.1674 -0.2042 0.9645
vn 0.0453 -0.0813 0.9957
vn 0.3347 -0.3706 0.8664
vn 0.5008 -0.5326 0.6823
vn 0.6381 -0.6617 0.3937
vn 0.6939 -0.7089 0.1267
vn 0.7010 -0.7089 -0.0779
vn 0.6640 -0.6617 -0.3481
vn 0.5473 -0.5326 -0.6456
vn 0.3945 -0.3706 -0.8409
vn 0.2344 -0.2042 -0.9504
vn 0.1147 -0.0813 -0.9901
vn 0.1674 0.2042 0.9645
vn 0.0453 0.0813 0.9957
vn 0.3347 0.3706 0.8664
vn 0.5008 0.5326 0.6823
vn 0.6381 0.6617 0.3937
vn 0.6939 0.7089 0.1267
vn 0.7010 0.7089 -0.0779
vn 0.6640 0.6617 -0.3481
vn 0.5473 0.5326 -0.6456
vn 0.3945 0.3706 -0.8409
vn 0.2344 0.2042 -0.9504
vn 0.1147 0.0813 -0.9901
vn -0.0402 0.3202 0.9465
vn -0.0381 0.1615 0.9861
vn -0.0413 0.6017 0.7977
vn -0.0382 0.8186 0.5732
vn -0.0316 0.9539 0.2984
vn -0.0247 0.9969 0.0750
vn -0.0194 0.9969 -0.0766
vn -0.0107 0.9539 -0.2999
vn 0.0019 0.8186 -0.5744
vn 0.0146 0.6017 -0.7986
vn 0.0260 0.3202 -0.9470
vn 0.0309 0.1615 -0.9864
vn -0.0263 0.3161 0.9483
vn -0.0041 0.3120 0.9501
vn -0.0195 0.1606 0.9868
vn -0.0310 0.1615 0.9864
vn -0.0150 0.5988 0.8008
vn 0.0273 0.5941 0.8040
vn -0.0023 0.8171 0.5765
vn 0.0556 0.8125 0.5803
vn 0.0103 0.9535 0.3012
vn 0.0780 0.9493 0.3046
vn 0.0191 0.9969 0.0767
vn 0.0899 0.9928 0.0794
vn 0.0244 0.9969 -0.0752
vn 0.0953 0.9928 -0.0729
vn 0.0313 0.9535 -0.2997
vn 0.0991 0.9493 -0.2985
vn 0.0380 0.8171 -0.5753
vn 0.0960 0.8125 -0.5750
vn 0.0411 0.5988 -0.7999
vn 0.0835 0.5941 -0.8001
vn 0.0401 0.3161 -0.9479
vn 0.0623 0.3120 -0.9481
vn 0.0380 0.1615 -0.9861
vn 0.0495 0.1606 -0.9858
vn 0.0288 0.3061 0.9516
vn -0.0025 0.1580 0.9874
vn 0.0902 0.5839 0.8068
vn 0.1417 0.7992 0.5841
vn 0.1787 0.9342 0.3087
vn 0.1953 0.9772 0.0832
vn 0.2007 0.9772 -0.0694
vn 0.1999 0.9342 -0.2954
vn 0.1822 0.7992 -0.5727
vn 0.1464 0.5839 -0.7985
vn 0.0952 0.3061 -0.9472
vn 0.0665 0.1580 -0.9852
vn 0.0656 0.2949 0.9533
vn 0.0166 0.1526 0.9882
vn 0.1609 0.5637 0.8101
vn 0.2387 0.7725 0.5885
vn 0.2923 0.9035 0.3133
vn 0.3142 0.9453 0.0875
vn 0.3196 0.9453 -0.0653
vn 0.3135 0.9035 -0.2921
vn 0.2793 0.7725 -0.5703
vn 0.2171 0.5637 -0.7969
vn 0.1321 0.2949 -0.9463
vn 0.0857 0.1526 -0.9846
vn 0.1052 0.2771 0.9551
vn 0.0373 0.1436 0.9889
vn 0.2371 0.5306 0.8138
vn 0.3435 0.7280 0.5933
vn 0.4153 0.8522 0.3184
vn 0.4430 0.8918 0.0922
vn 0.4484 0.8918 -0.0610
vn 0.4365 0.8522 -0.2886
vn 0.3842 0.7280 -0.5678
vn 0.2934 0.5306 -0.7952
vn 0.1717 0.2771 -0.9454
vn 0.1063 0.1436 -0.9839
vn 0.1453 0.2515 0.9569
vn 0.0582 0.1306 0.9897
vn 0.3144 0.4826 0.8175
vn 0.4502 0.6629 0.5983
vn 0.5406 0.7765 0.3237
vn 0.5743 0.8129 0.0970
vn 0.5797 0.8129 -0.0566
vn 0.5619 0.7765 -0.2851
vn 0.4909 0.6629 -0.5654
vn 0.3708 0.4826 -0.7935
vn 0.2118 0.2515 -0.9444
vn 0.1272 0.1306 -0.9832
vn 0.1829 0.2187 0.9585
vn 0.0778 0.1136 0.9905
vn 0.3870 0.4200 0.8209
vn 0.5505 0.5775 0.6029
vn 0.6586 0.6770 0.3286
vn 0.6980 0.7088 0.1016
vn 0.7034 0.7088 -0.0525
vn 0.6799 0.6770 -0.2817
vn 0.5913 0.5775 -0.5630
vn 0.4434 0.4200 -0.7918
vn 0.2495 0.2187 -0.9434
vn 0.1468 0.1136 -0.9826
vn 0.2152 0.1803 0.9598
vn 0.0945 0.0936 0.9911
vn 0.4491 0.3463 0.8236
vn 0.6363 0.4765 0.6067
vn 0.7596 0.5589 0.3327
vn 0.8039 0.5853 0.1054
vn 0.8094 0.5853 -0.0490
vn 0.7810 0.5589 -0.2788
vn 0.6771 0.4765 -0.5608
vn 0.5056 0.3463 -0.7902
vn 0.2818 0.1803 -0.9424
vn 0.1635 0.0936 -0.9821
vn 0.2403 0.1392 0.9607
vn 0.1072 0.0721 0.9916
vn 0.4970 0.2673 0.8255
vn 0.7023 0.3678 0.6095
vn 0.8373 0.4315 0.3358
vn 0.8854 0.4519 0.1084
vn 0.8908 0.4519 -0.0463
vn 0.8587 0.4315 -0.2764
vn 0.7432 0.3678 -0.5589
vn 0.5535 0.2673 -0.7888
vn 0.3069 0.1392 -0.9415
vn 0.1763 0.0721 -0.9817
vn 0.2579 0.0984 0.9612
vn 0.1160 0.0509 0.9919
vn 0.5301 0.1888 0.8266
vn 0.7477 0.2597 0.6111
vn 0.8906 0.3047 0.3377
vn 0.9412 0.3191 0.1104
vn 0.9467 0.3191 -0.0444
vn 0.9120 0.3047 -0.2746
vn 0.7886 0.2597 -0.5574
vn 0.5866 0.1888 -0.7876
vn 0.3244 0.0984 -0.9408
vn 0.1850 0.0509 -0.9814
vn 0.2687 0.0602 0.9613
vn 0.1212 0.0310 0.9921
vn 0.5501 0.1152 0.8271
vn 0.7749 0.1585 0.6119
vn 0.9223 0.1859 0.3387
vn 0.9745 0.1947 0.1116
vn 0.9799 0.1947 -0.0432
vn 0.9438 0.1859 -0.2734
vn 0.8158 0.1585 -0.5562
vn 0.6066 0.1152 -0.7866
vn 0.3352 0.0602 -0.9402
vn 0.1903 0.0310 -0.9812
vn 0.2743 0.0256 0.9613
vn 0.1237 0.0132 0.9922
vn 0.5599 0.0490 0.8271
vn 0.7880 0.0674 0.6120
vn 0.9374 0.0790 0.3391
vn 0.9902 0.0827 0.1121
vn 0.9957 0.0827 -0.0426
vn 0.9588 0.0790 -0.2727
vn 0.8288 0.0674 -0.5554
vn 0.6164 0.0490 -0.7859
vn 0.3408 0.0256 -0.9398
vn 0.1928 0.0132 -0.9812
vn 0.2757 -0.0058 0.9612
vn 0.1243 -0.0030 0.9922
vn 0.5622 -0.0111 0.8269
vn 0.7908 -0.0152 0.6119
vn 0.9406 -0.0178 0.3390
vn 0.9935 -0.0187 0.1122
vn 0.9989 -0.0187 -0.0425
vn 0.9620 -0.0178 -0.2725
vn 0.8316 -0.0152 -0.5551
vn 0.6186 -0.0111 -0.7856
vn 0.3422 -0.0058 -0.9396
vn 0.1933 -0.0030 -0.9811
vn 0.2723 -0.0388 0.9614
vn 0.1230 -0.0200 0.9922
vn 0.5569 -0.0742 0.8273
vn 0.7841 -0.1021 0.6122
vn 0.9331 -0.1198 0.3391
vn 0.9858 -0.1254 0.1120
vn 0.9912 -0.1254 -0.0428
vn 0.9545 -0.1198 -0.2731
vn 0.8250 -0.1021 -0.5559
vn 0.6133 -0.0742 -0.7863
vn 0.3389 -0.0388 -0.9400
vn 0.1920 -0.0200 -0.9812
vn 0.2642 -0.0768 0.9614
vn 0.1192 -0.0397 0.9921
vn 0.5423 -0.1473 0.8272
vn 0.7645 -0.2026 0.6119
vn 0.9104 -0.2378 0.3385
vn 0.9621 -0.2490 0.1112
vn 0.9675 -0.2490 -0.0437
vn 0.9318 -0.2378 -0.2741
vn 0.8054 -0.2026 -0.5570
vn 0.5988 -0.1473 -0.7872
vn 0.3308 -0.0768 -0.9406
vn 0.1883 -0.0397 -0.9813
vn 0.2496 -0.1186 0.9611
vn 0.1120 -0.0614 0.9918
vn 0.5149 -0.2277 0.8264
vn 0.7272 -0.3134 0.6107
vn 0.8667 -0.3678 0.3371
vn 0.9163 -0.3853 0.1096
vn 0.9217 -0.3853 -0.0453
vn 0.8881 -0.3678 -0.2757
vn 0.7681 -0.3134 -0.5584
vn 0.5714 -0.2277 -0.7884
vn 0.3161 -0.1186 -0.9413
vn 0.1811 -0.0614 -0.9815
vn 0.2271 -0.1618 0.9603
vn 0.1007 -0.0840 0.9914
vn 0.4723 -0.3109 0.8248
vn 0.6684 -0.4279 0.6084
vn 0.7976 -0.5021 0.3344
vn 0.8438 -0.5258 0.1069
vn 0.8493 -0.5258 -0.0477
vn 0.8190 -0.5021 -0.2778
vn 0.7093 -0.4279 -0.5602
vn 0.5288 -0.3109 -0.7898
vn 0.2937 -0.1618 -0.9421
vn 0.1697 -0.0840 -0.9819
vn 0.1971 -0.2030 0.9591
vn 0.0852 -0.1055 0.9908
vn 0.4144 -0.3901 0.8222
vn 0.5885 -0.5366 0.6048
vn 0.7034 -0.6293 0.3305
vn 0.7450 -0.6590 0.1033
vn 0.7504 -0.6590 -0.0510
vn 0.7248 -0.6293 -0.2806
vn 0.6293 -0.5366 -0.5622
vn 0.4709 -0.3901 -0.7913
vn 0.2636 -0.2030 -0.9430
vn 0.1542 -0.1055 -0.9824
vn 0.1612 -0.2389 0.9576
vn 0.0665 -0.1241 0.9900
vn 0.3450 -0.4586 0.8189
vn 0.4925 -0.6302 0.6002
vn 0.5904 -0.7385 0.3257
vn 0.6265 -0.7731 0.0989
vn 0.6319 -0.7731 -0.0549
vn 0.6117 -0.7385 -0.2837
vn 0.5333 -0.6302 -0.5643
vn 0.4014 -0.4586 -0.7928
vn 0.2277 -0.2389 -0.9440
vn 0.1355 -0.1241 -0.9830
vn 0.1226 -0.2674 0.9558
vn 0.0463 -0.1386 0.9893
vn 0.2703 -0.5122 0.8152
vn 0.3893 -0.7029 0.5952
vn 0.4690 -0.8230 0.3205
vn 0.4992 -0.8613 0.0943
vn 0.5046 -0.8613 -0.0591
vn 0.4902 -0.8230 -0.2870
vn 0.4300 -0.7029 -0.5666
vn 0.3267 -0.5122 -0.7943
vn 0.1891 -0.2674 -0.9449
vn 0.1153 -0.1386 -0.9836
vn 0.0844 -0.2879 0.9540
vn 0.0263 -0.1489 0.9885
vn 0.1967 -0.5502 0.8115
vn 0.2878 -0.7541 0.5904
vn 0.3498 -0.8821 0.3155
vn 0.3744 -0.9229 0.0897
vn 0.3797 -0.9229 -0.0633
vn 0.3710 -0.8821 -0.2902
vn 0.3284 -0.7541 -0.5688
vn 0.2529 -0.5502 -0.7958
vn 0.1508 -0.2879 -0.9457
vn 0.0953 -0.1489 -0.9842
vn 0.0490 -0.3013 0.9523
vn 0.0079 -0.1554 0.9878
vn 0.1286 -0.5747 0.8082
vn 0.1943 -0.7867 0.5860
vn 0.2402 -0.9196 0.3109
vn 0.2597 -0.9619 0.0855
vn 0.2650 -0.9619 -0.0671
vn 0.2614 -0.9196 -0.2933
vn 0.2348 -0.7867 -0.5710
vn 0.1848 -0.5747 -0.7972
vn 0.1154 -0.3013 -0.9465
vn 0.0769 -0.1554 -0.9848
vn 0.0175 -0.3093 0.9508
vn -0.0084 -0.1592 0.9872
vn 0.0685 -0.5888 0.8054
vn 0.1119 -0.8053 0.5823
vn 0.1438 -0.9408 0.3069
vn 0.1587 -0.9839 0.0818
vn 0.1640 -0.9839 -0.0705
vn 0.1649 -0.9408 -0.2961
vn 0.1523 -0.8053 -0.5730
vn 0.1246 -0.5888 -0.7986
vn 0.0839 -0.3093 -0.9473
vn 0.0606 -0.1592 -0.9854
vn -0.0096 -0.3134 0.9496
vn -0.0224 -0.1609 0.9867
vn 0.0168 -0.5958 0.8030
vn 0.0410 -0.8142 0.5792
vn 0.0610 -0.9508 0.3036
vn 0.0721 -0.9943 0.0787
vn 0.0774 -0.9943 -0.0735
vn 0.0820 -0.9508 -0.2986
vn 0.0814 -0.8142 -0.5749
vn 0.0728 -0.5958 -0.7998
vn 0.0568 -0.3134 -0.9479
vn 0.0466 -0.1609 -0.9859
vn -0.0276 -0.3166 0.9482
vn -0.0317 -0.1615 0.9864
vn -0.0175 -0.5991 0.8005
vn -0.0058 -0.8173 0.5762
vn 0.0062 -0.9536 0.3009
vn 0.0148 -0.9970 0.0766
vn 0.0201 -0.9970 -0.0753
vn 0.0272 -0.9536 -0.2997
vn 0.0345 -0.8173 -0.5752
vn 0.0385 -0.5991 -0.7997
vn 0.0387 -0.3166 -0.9478
vn 0.0373 -0.1615 -0.9862
vn -0.1567 0.1243 0.9798
vn -0.1147 0.0813 0.9901
vn -0.3236 0.2966 0.8985
vn -0.4952 0.4769 0.7262
vn -0.6451 0.6400 0.4174
vn -0.7006 0.7081 0.0885
vn -0.6927 0.7081 -0.1373
vn -0.6143 0.6400 -0.4615
vn -0.4432 0.4769 -0.7590
vn -0.2600 0.2966 -0.9189
vn -0.0878 0.1243 -0.9884
vn -0.0453 0.0813 -0.9957
vn -0.6927 -0.7081 -0.1372
vn -0.2344 0.2042 0.9504
vn -0.3945 0.3706 0.8409
vn -0.5473 0.5326 0.6456
vn -0.6640 0.6617 0.3481
vn -0.7010 0.7089 0.0779
vn -0.6939 0.7089 -0.1267
vn -0.6381 0.6617 -0.3937
vn -0.5008 0.5326 -0.6823
vn -0.3347 0.3706 -0.8664
vn -0.1674 0.2042 -0.9645
vn 0.1672 -0.2412 0.9560
vn 0.1525 -0.2529 0.9554
vn 0.0605 -0.1294 0.9897
vn 0.0680 -0.1234 0.9900
vn 0.3526 -0.4582 0.8159
vn 0.3247 -0.4804 0.8147
vn 0.5006 -0.6269 0.5970
vn 0.4623 -0.6571 0.5954
vn 0.5983 -0.7329 0.3238
vn 0.5535 -0.7681 0.3220
vn 0.6343 -0.7667 0.0988
vn 0.5874 -0.8035 0.0971
vn 0.6397 -0.7667 -0.0542
vn 0.5927 -0.8035 -0.0558
vn 0.6195 -0.7329 -0.2812
vn 0.5747 -0.7681 -0.2825
vn 0.5411 -0.6269 -0.5606
vn 0.5028 -0.6571 -0.5616
vn 0.4088 -0.4582 -0.7893
vn 0.3809 -0.4804 -0.7900
vn 0.2336 -0.2412 -0.9419
vn 0.2189 -0.2529 -0.9424
vn 0.1370 -0.1234 -0.9829
vn 0.1296 -0.1294 -0.9831
vn 0.1366 -0.2640 0.9548
vn 0.0524 -0.1352 0.9894
vn 0.2945 -0.5015 0.8135
vn 0.4209 -0.6859 0.5937
vn 0.5050 -0.8016 0.3201
vn 0.5366 -0.8384 0.0953
vn 0.5419 -0.8384 -0.0575
vn 0.5261 -0.8016 -0.2840
vn 0.4614 -0.6859 -0.5628
vn 0.3506 -0.5015 -0.7909
vn 0.2030 -0.2640 -0.9429
vn 0.1214 -0.1352 -0.9834
vn 0.1196 -0.2744 0.9541
vn 0.0437 -0.1405 0.9891
vn 0.2621 -0.5213 0.8121
vn 0.3765 -0.7127 0.5918
vn 0.4530 -0.8328 0.3181
vn 0.4822 -0.8711 0.0933
vn 0.4876 -0.8711 -0.0594
vn 0.4742 -0.8328 -0.2856
vn 0.4170 -0.7127 -0.5641
vn 0.3182 -0.5213 -0.7918
vn 0.1860 -0.2744 -0.9435
vn 0.1127 -0.1405 -0.9836
vn 0.1015 -0.2839 0.9535
vn 0.0345 -0.1454 0.9888
vn 0.2278 -0.5393 0.8107
vn 0.3296 -0.7372 0.5899
vn 0.3981 -0.8612 0.3159
vn 0.4248 -0.9007 0.0912
vn 0.4301 -0.9007 -0.0613
vn 0.4192 -0.8612 -0.2873
vn 0.3700 -0.7372 -0.5654
vn 0.2840 -0.5393 -0.7928
vn 0.1679 -0.2839 -0.9440
vn 0.1035 -0.1454 -0.9839
vn 0.0827 -0.2923 0.9527
vn 0.0249 -0.1498 0.9884
vn 0.1921 -0.5551 0.8093
vn 0.2806 -0.7587 0.5879
vn 0.3409 -0.8862 0.3137
vn 0.3648 -0.9268 0.0891
vn 0.3702 -0.9268 -0.0634
vn 0.3620 -0.8862 -0.2891
vn 0.3210 -0.7587 -0.5668
vn 0.2482 -0.5551 -0.7939
vn 0.1491 -0.2923 -0.9446
vn 0.0939 -0.1498 -0.9843
vn 0.0633 -0.2995 0.9520
vn 0.0149 -0.1534 0.9880
vn 0.1552 -0.5687 0.8078
vn 0.2302 -0.7770 0.5859
vn 0.2819 -0.9075 0.3115
vn 0.3032 -0.9490 0.0869
vn 0.3085 -0.9490 -0.0655
vn 0.3030 -0.9075 -0.2910
vn 0.2706 -0.7770 -0.5684
vn 0.2113 -0.5687 -0.7950
vn 0.1297 -0.2995 -0.9452
vn 0.0840 -0.1534 -0.9846
vn 0.0436 -0.3053 0.9512
vn 0.0049 -0.1564 0.9877
vn 0.1178 -0.5796 0.8063
vn 0.1791 -0.7919 0.5839
vn 0.2222 -0.9247 0.3092
vn 0.2407 -0.9669 0.0846
vn 0.2460 -0.9669 -0.0676
vn 0.2432 -0.9247 -0.2929
vn 0.2195 -0.7919 -0.5699
vn 0.1739 -0.5796 -0.7961
vn 0.1100 -0.3053 -0.9459
vn 0.0739 -0.1564 -0.9849
vn 0.0239 -0.3098 0.9505
vn -0.0053 -0.1587 0.9873
vn 0.0804 -0.5880 0.8048
vn 0.1279 -0.8032 0.5819
vn 0.1623 -0.9378 0.3070
vn 0.1781 -0.9806 0.0824
vn 0.1834 -0.9806 -0.0698
vn 0.1834 -0.9378 -0.2949
vn 0.1682 -0.8032 -0.5715
vn 0.1364 -0.5880 -0.7973
vn 0.0903 -0.3098 -0.9465
vn 0.0638 -0.1587 -0.9853
vn 0.0044 -0.3130 0.9497
vn -0.0152 -0.1603 0.9870
vn 0.0433 -0.5938 0.8034
vn 0.0773 -0.8110 0.5799
vn 0.1033 -0.9468 0.3048
vn 0.1163 -0.9900 0.0802
vn 0.1216 -0.9900 -0.0719
vn 0.1243 -0.9468 -0.2968
vn 0.1176 -0.8110 -0.5731
vn 0.0994 -0.5938 -0.7984
vn 0.0708 -0.3130 -0.9471
vn 0.0538 -0.1603 -0.9856
vn -0.0146 -0.3148 0.9490
vn -0.0250 -0.1612 0.9866
vn 0.0072 -0.5972 0.8020
vn 0.0279 -0.8155 0.5781
vn 0.0456 -0.9520 0.3027
vn 0.0561 -0.9954 0.0781
vn 0.0614 -0.9954 -0.0740
vn 0.0667 -0.9520 -0.2988
vn 0.0683 -0.8155 -0.5747
vn 0.0632 -0.5972 -0.7996
vn 0.0518 -0.3148 -0.9477
vn 0.0440 -0.1612 -0.9859
vn -0.0354 -0.3147 0.9485
vn -0.0357 -0.1614 0.9862
vn -0.0323 -0.5978 0.8010
vn -0.0260 -0.8166 0.5766
vn -0.0173 -0.9536 0.3007
vn -0.0097 -0.9971 0.0758
vn -0.0044 -0.9971 -0.0763
vn 0.0038 -0.9536 -0.3012
vn 0.0144 -0.8166 -0.5770
vn 0.0238 -0.5978 -0.8013
vn 0.0310 -0.3147 -0.9487
vn 0.0334 -0.1614 -0.9863
vn -0.0610 -0.3125 0.9480
vn -0.0488 -0.1607 0.9858
vn -0.0809 -0.5946 0.7999
vn -0.0925 -0.8130 0.5749
vn -0.0950 -0.9497 0.2984
vn -0.0910 -0.9932 0.0731
vn -0.0857 -0.9932 -0.0792
vn -0.0739 -0.9497 -0.3043
vn -0.0521 -0.8130 -0.5799
vn -0.0248 -0.5946 -0.8036
vn 0.0054 -0.3125 -0.9499
vn 0.0202 -0.1607 -0.9868
vn -0.0900 -0.3081 0.9471
vn -0.0637 -0.1586 0.9853
vn -0.1362 -0.5867 0.7983
vn -0.1681 -0.8024 0.5726
vn -0.1834 -0.9376 0.2956
vn -0.1834 -0.9805 0.0699
vn -0.1781 -0.9805 -0.0825
vn -0.1623 -0.9376 -0.3076
vn -0.1277 -0.8024 -0.5829
vn -0.0801 -0.5867 -0.8058
vn -0.0236 -0.3081 -0.9511
vn 0.0053 -0.1586 -0.9873
vn -0.1203 -0.3004 0.9462
vn -0.0794 -0.1547 0.9848
vn -0.1941 -0.5724 0.7967
vn -0.2474 -0.7833 0.5703
vn -0.2761 -0.9155 0.2927
vn -0.2804 -0.9576 0.0666
vn -0.2751 -0.9576 -0.0860
vn -0.2550 -0.9155 -0.3112
vn -0.2070 -0.7833 -0.5862
vn -0.1380 -0.5724 -0.8083
vn -0.0539 -0.3004 -0.9523
vn -0.0104 -0.1547 -0.9879
vn -0.1519 -0.2885 0.9453
vn -0.0957 -0.1488 0.9842
vn -0.2544 -0.5505 0.7951
vn -0.3302 -0.7538 0.5681
vn -0.3730 -0.8814 0.2897
vn -0.3818 -0.9221 0.0631
vn -0.3764 -0.9221 -0.0897
vn -0.3518 -0.8814 -0.3151
vn -0.2897 -0.7538 -0.5898
vn -0.1982 -0.5505 -0.8110
vn -0.0854 -0.2885 -0.9536
vn -0.0267 -0.1488 -0.9885
vn -0.1842 -0.2719 0.9445
vn -0.1125 -0.1404 0.9837
vn -0.3166 -0.5195 0.7937
vn -0.4156 -0.7120 0.5660
vn -0.4731 -0.8330 0.2868
vn -0.4866 -0.8716 0.0596
vn -0.4813 -0.8716 -0.0935
vn -0.4519 -0.8330 -0.3192
vn -0.3751 -0.7120 -0.5936
vn -0.2603 -0.5195 -0.8138
vn -0.1178 -0.2719 -0.9551
vn -0.0435 -0.1404 -0.9891
vn -0.2168 -0.2497 0.9437
vn -0.1295 -0.1291 0.9831
vn -0.3794 -0.4778 0.7923
vn -0.5022 -0.6555 0.5640
vn -0.5748 -0.7674 0.2840
vn -0.5931 -0.8032 0.0561
vn -0.5877 -0.8032 -0.0974
vn -0.5535 -0.7674 -0.3235
vn -0.4616 -0.6555 -0.5977
vn -0.3231 -0.4778 -0.8169
vn -0.1503 -0.2497 -0.9566
vn -0.0604 -0.1291 -0.9898
vn -0.2486 -0.2212 0.9430
vn -0.1460 -0.1146 0.9826
vn -0.4409 -0.4240 0.7911
vn -0.5872 -0.5823 0.5623
vn -0.6748 -0.6823 0.2814
vn -0.6979 -0.7142 0.0526
vn -0.6925 -0.7142 -0.1013
vn -0.6535 -0.6823 -0.3278
vn -0.5465 -0.5823 -0.6019
vn -0.3845 -0.4240 -0.8200
vn -0.1821 -0.2212 -0.9581
vn -0.0770 -0.1146 -0.9904
vn -0.2781 -0.1861 0.9424
vn -0.1615 -0.0965 0.9822
vn -0.4981 -0.3573 0.7901
vn -0.6665 -0.4913 0.5607
vn -0.7683 -0.5761 0.2790
vn -0.7960 -0.6032 0.0494
vn -0.7906 -0.6032 -0.1049
vn -0.7469 -0.5761 -0.3320
vn -0.6257 -0.4913 -0.6059
vn -0.4416 -0.3573 -0.8230
vn -0.2115 -0.1861 -0.9595
vn -0.0924 -0.0965 -0.9910
vn -0.3034 -0.1448 0.9418
vn -0.1747 -0.0751 0.9817
vn -0.5474 -0.2783 0.7893
vn -0.7350 -0.3831 0.5595
vn -0.8493 -0.4495 0.2769
vn -0.8810 -0.4708 0.0466
vn -0.8756 -0.4708 -0.1081
vn -0.8278 -0.4495 -0.3356
vn -0.6941 -0.3831 -0.6095
vn -0.4909 -0.2783 -0.8256
vn -0.2368 -0.1448 -0.9607
vn -0.1057 -0.0751 -0.9916
vn -0.3227 -0.0985 0.9413
vn -0.1848 -0.0511 0.9814
vn -0.5850 -0.1895 0.7886
vn -0.7874 -0.2610 0.5585
vn -0.9112 -0.3065 0.2754
vn -0.9460 -0.3211 0.0445
vn -0.9406 -0.3211 -0.1105
vn -0.8897 -0.3065 -0.3384
vn -0.7464 -0.2610 -0.6121
vn -0.5285 -0.1895 -0.8275
vn -0.2562 -0.0985 -0.9616
vn -0.1157 -0.0511 -0.9920
vn -0.3348 -0.0494 0.9410
vn -0.1910 -0.0257 0.9813
vn -0.6082 -0.0951 0.7881
vn -0.8196 -0.1311 0.5578
vn -0.9492 -0.1539 0.2743
vn -0.9860 -0.1613 0.0432
vn -0.9805 -0.1613 -0.1120
vn -0.9277 -0.1539 -0.3400
vn -0.7786 -0.1311 -0.6137
vn -0.5516 -0.0951 -0.8286
vn -0.2682 -0.0494 -0.9621
vn -0.1219 -0.0257 -0.9922
vn -0.3319 0.0169 0.9432
vn -0.1919 0.0089 0.9814
vn -0.6094 0.0329 0.7922
vn -0.8256 0.0455 0.5624
vn -0.9593 0.0537 0.2772
vn -0.9975 0.0563 0.0435
vn -0.9920 0.0563 -0.1131
vn -0.9376 0.0537 -0.3436
vn -0.7843 0.0455 -0.6187
vn -0.5525 0.0329 -0.8329
vn -0.2651 0.0169 -0.9641
vn -0.1228 0.0089 -0.9924
vn -0.3058 0.1082 0.9459
vn -0.1802 0.0579 0.9819
vn -0.5644 0.2129 0.7976
vn -0.7671 0.2965 0.5689
vn -0.8930 0.3504 0.2825
vn -0.9287 0.3679 0.0465
vn -0.9232 0.3679 -0.1113
vn -0.8710 0.3504 -0.3443
vn -0.7255 0.2965 -0.6211
vn -0.5073 0.2129 -0.8351
vn -0.2390 0.1082 -0.9650
vn -0.1111 0.0579 -0.9921
vn -0.2649 0.1927 0.9448
vn -0.1565 0.1015 0.9824
vn -0.4779 0.3741 0.7948
vn -0.6420 0.5171 0.5660
vn -0.7417 0.6082 0.2828
vn -0.7688 0.6375 0.0509
vn -0.7633 0.6375 -0.1046
vn -0.7201 0.6082 -0.3340
vn -0.6009 0.5171 -0.6095
vn -0.4212 0.3741 -0.8262
vn -0.1982 0.1927 -0.9610
vn -0.0875 0.1015 -0.9910
vn -0.2250 0.2420 0.9438
vn -0.1340 0.1255 0.9830
vn -0.3959 0.4639 0.7925
vn -0.5253 0.6371 0.5641
vn -0.6022 0.7463 0.2837
vn -0.6219 0.7812 0.0552
vn -0.6165 0.7812 -0.0985
vn -0.5809 0.7463 -0.3251
vn -0.4846 0.6371 -0.5995
vn -0.3395 0.4639 -0.8183
vn -0.1585 0.2420 -0.9572
vn -0.0649 0.1255 -0.9900
vn -0.1995 0.2658 0.9432
vn -0.1198 0.1362 0.9834
vn -0.3443 0.5053 0.7913
vn -0.4528 0.6912 0.5633
vn -0.5161 0.8079 0.2845
vn -0.5315 0.8451 0.0579
vn -0.5262 0.8451 -0.0949
vn -0.4950 0.8079 -0.3198
vn -0.4123 0.6912 -0.5935
vn -0.2881 0.5053 -0.8134
vn -0.1331 0.2658 -0.9548
vn -0.0507 0.1362 -0.9894
vn -0.1897 0.2752 0.9425
vn -0.1141 0.1399 0.9836
vn -0.3239 0.5202 0.7903
vn -0.4240 0.7099 0.5624
vn -0.4820 0.8287 0.2845
vn -0.4956 0.8665 0.0590
vn -0.4903 0.8665 -0.0935
vn -0.4609 0.8287 -0.3175
vn -0.3836 0.7099 -0.5907
vn -0.2679 0.5202 -0.8110
vn -0.1234 0.2752 -0.9534
vn -0.0450 0.1399 -0.9891
vn -0.1939 0.2752 0.9416
vn -0.1157 0.1389 0.9835
vn -0.3306 0.5180 0.7889
vn -0.4325 0.7058 0.5611
vn -0.4916 0.8234 0.2835
vn -0.5056 0.8608 0.0585
vn -0.5002 0.8608 -0.0937
vn -0.4705 0.8234 -0.3172
vn -0.3922 0.7058 -0.5899
vn -0.2746 0.5180 -0.8101
vn -0.1276 0.2752 -0.9529
vn -0.0466 0.1389 -0.9892
vn -0.2111 0.2665 0.9404
vn -0.1237 0.1335 0.9833
vn -0.3617 0.4997 0.7871
vn -0.4743 0.6800 0.5591
vn -0.5402 0.7930 0.2816
vn -0.5564 0.8290 0.0568
vn -0.5510 0.8290 -0.0955
vn -0.5192 0.7930 -0.3186
vn -0.4341 0.6800 -0.5909
vn -0.3058 0.4997 -0.8105
vn -0.1449 0.2665 -0.9529
vn -0.0547 0.1335 -0.9895
vn -0.2405 0.2464 0.9389
vn -0.1376 0.1225 0.9829
vn -0.4152 0.4601 0.7848
vn -0.5467 0.6257 0.5565
vn -0.6245 0.7296 0.2787
vn -0.6446 0.7627 0.0538
vn -0.6392 0.7627 -0.0988
vn -0.6035 0.7296 -0.3217
vn -0.5065 0.6257 -0.5933
vn -0.3593 0.4601 -0.8119
vn -0.1742 0.2464 -0.9534
vn -0.0686 0.1225 -0.9901
vn -0.2790 0.2096 0.9371
vn -0.1558 0.1034 0.9824
vn -0.4854 0.3901 0.7824
vn -0.6421 0.5303 0.5537
vn -0.7359 0.6185 0.2753
vn -0.7611 0.6467 0.0500
vn -0.7558 0.6467 -0.1031
vn -0.7149 0.6185 -0.3261
vn -0.6018 0.5303 -0.5972
vn -0.4296 0.3901 -0.8144
vn -0.2128 0.2096 -0.9544
vn -0.0867 0.1034 -0.9909
vn -0.3185 0.1523 0.9356
vn -0.1743 0.0746 0.9819
vn -0.5578 0.2827 0.7804
vn -0.7405 0.3843 0.5513
vn -0.8513 0.4486 0.2721
vn -0.8819 0.4691 0.0461
vn -0.8766 0.4691 -0.1077
vn -0.8302 0.4486 -0.3310
vn -0.7002 0.3843 -0.6017
vn -0.5019 0.2827 -0.8175
vn -0.2523 0.1523 -0.9556
vn -0.1053 0.0746 -0.9916
vn -0.3466 0.0781 0.9348
vn -0.1878 0.0382 0.9815
vn -0.6098 0.1450 0.7792
vn -0.8117 0.1972 0.5497
vn -0.9349 0.2304 0.2699
vn -0.9696 0.2409 0.0433
vn -0.9642 0.2409 -0.1110
vn -0.9138 0.2304 -0.3346
vn -0.7713 0.1972 -0.6051
vn -0.5538 0.1450 -0.8199
vn -0.2804 0.0781 -0.9567
vn -0.1187 0.0382 -0.9922
vn -0.3537 0.0085 0.9353
vn -0.1928 0.0042 0.9812
vn -0.6262 0.0159 0.7795
vn -0.8352 0.0217 0.5495
vn -0.9627 0.0254 0.2692
vn -0.9988 0.0266 0.0422
vn -0.9934 0.0266 -0.1119
vn -0.9416 0.0254 -0.3358
vn -0.7947 0.0217 -0.6066
vn -0.5701 0.0159 -0.8214
vn -0.2875 0.0085 -0.9578
vn -0.1238 0.0042 -0.9923
vn -0.3495 -0.0416 0.9360
vn -0.1919 -0.0207 0.9812
vn -0.6205 -0.0778 0.7803
vn -0.8283 -0.1061 0.5501
vn -0.9549 -0.1240 0.2696
vn -0.9906 -0.1298 0.0424
vn -0.9853 -0.1298 -0.1115
vn -0.9338 -0.1240 -0.3357
vn -0.7878 -0.1061 -0.6067
vn -0.5645 -0.0778 -0.8218
vn -0.2832 -0.0416 -0.9582
vn -0.1228 -0.0207 -0.9922
vn -0.3415 -0.0835 0.9362
vn -0.1878 -0.0415 0.9813
vn -0.6052 -0.1563 0.7806
vn -0.8072 -0.2131 0.5505
vn -0.9301 -0.2489 0.2702
vn -0.9645 -0.2604 0.0433
vn -0.9591 -0.2604 -0.1106
vn -0.9089 -0.2489 -0.3346
vn -0.7667 -0.2131 -0.6056
vn -0.5492 -0.1563 -0.8210
vn -0.2752 -0.0835 -0.9578
vn -0.1188 -0.0415 -0.9921
vn -0.3277 -0.1247 0.9365
vn -0.1810 -0.0620 0.9815
vn -0.5792 -0.2333 0.7811
vn -0.7714 -0.3180 0.5513
vn -0.8879 -0.3714 0.2714
vn -0.9204 -0.3885 0.0447
vn -0.9150 -0.3885 -0.1089
vn -0.8668 -0.3714 -0.3328
vn -0.7309 -0.3180 -0.6038
vn -0.5232 -0.2333 -0.8197
vn -0.2615 -0.1247 -0.9571
vn -0.1119 -0.0620 -0.9918
vn -0.3084 -0.1641 0.9370
vn -0.1714 -0.0816 0.9818
vn -0.5428 -0.3068 0.7818
vn -0.7213 -0.4179 0.5523
vn -0.8291 -0.4879 0.2729
vn -0.8588 -0.5102 0.0467
vn -0.8534 -0.5102 -0.1066
vn -0.8080 -0.4879 -0.3302
vn -0.6809 -0.4179 -0.6014
vn -0.4868 -0.3068 -0.8179
vn -0.2421 -0.1641 -0.9563
vn -0.1023 -0.0816 -0.9914
vn -0.2839 -0.2005 0.9377
vn -0.1592 -0.0997 0.9822
vn -0.4967 -0.3747 0.7829
vn -0.6582 -0.5100 0.5538
vn -0.7551 -0.5952 0.2750
vn -0.7812 -0.6223 0.0493
vn -0.7758 -0.6223 -0.1038
vn -0.7340 -0.5952 -0.3271
vn -0.6179 -0.5100 -0.5984
vn -0.4407 -0.3747 -0.8157
vn -0.2176 -0.2005 -0.9552
vn -0.0902 -0.0997 -0.9909
vn -0.2548 -0.2330 0.9385
vn -0.1448 -0.1159 0.9827
vn -0.4422 -0.4353 0.7842
vn -0.5837 -0.5922 0.5556
vn -0.6678 -0.6907 0.2775
vn -0.6898 -0.7221 0.0523
vn -0.6845 -0.7221 -0.1004
vn -0.6468 -0.6907 -0.3235
vn -0.5434 -0.5922 -0.5950
vn -0.3863 -0.4353 -0.8132
vn -0.1886 -0.2330 -0.9540
vn -0.0757 -0.1159 -0.9904
vn -0.2220 -0.2610 0.9395
vn -0.1285 -0.1298 0.9832
vn -0.3808 -0.4874 0.7858
vn -0.4998 -0.6626 0.5577
vn -0.5698 -0.7725 0.2803
vn -0.5872 -0.8075 0.0558
vn -0.5819 -0.8075 -0.0967
vn -0.5488 -0.7725 -0.3195
vn -0.4596 -0.6626 -0.5913
vn -0.3249 -0.4874 -0.8105
vn -0.1558 -0.2610 -0.9527
vn -0.0595 -0.1298 -0.9897
vn -0.1864 -0.2840 0.9406
vn -0.1108 -0.1413 0.9837
vn -0.3141 -0.5301 0.7876
vn -0.4089 -0.7204 0.5602
vn -0.4636 -0.8394 0.2836
vn -0.4762 -0.8773 0.0595
vn -0.4709 -0.8773 -0.0926
vn -0.4427 -0.8394 -0.3153
vn -0.3688 -0.7204 -0.5874
vn -0.2583 -0.5301 -0.8076
vn -0.1202 -0.2840 -0.9513
vn -0.0418 -0.1413 -0.9891
vn -0.1488 -0.3016 0.9417
vn -0.0921 -0.1502 0.9844
vn -0.2438 -0.5630 0.7897
vn -0.3133 -0.7647 0.5630
vn -0.3521 -0.8909 0.2871
vn -0.3597 -0.9309 0.0635
vn -0.3544 -0.9309 -0.0884
vn -0.3312 -0.8909 -0.3110
vn -0.2732 -0.7647 -0.5835
vn -0.1880 -0.5630 -0.8048
vn -0.0826 -0.3016 -0.9498
vn -0.0231 -0.1502 -0.9884
vn -0.1101 -0.3140 0.9430
vn -0.0729 -0.1564 0.9850
vn -0.1717 -0.5860 0.7919
vn -0.2153 -0.7958 0.5660
vn -0.2378 -0.9268 0.2908
vn -0.2403 -0.9684 0.0676
vn -0.2349 -0.9684 -0.0842
vn -0.2169 -0.9268 -0.3067
vn -0.1752 -0.7958 -0.5797
vn -0.1159 -0.5860 -0.8020
vn -0.0439 -0.3140 -0.9484
vn -0.0039 -0.1564 -0.9877
vn -0.0713 -0.3211 0.9444
vn -0.0536 -0.1601 0.9856
vn -0.0993 -0.5994 0.7943
vn -0.1169 -0.8138 0.5693
vn -0.1233 -0.9476 0.2946
vn -0.1206 -0.9901 0.0717
vn -0.1153 -0.9901 -0.0799
vn -0.1024 -0.9476 -0.3025
vn -0.0769 -0.8138 -0.5760
vn -0.0435 -0.5994 -0.7993
vn -0.0051 -0.3211 -0.9470
vn 0.0154 -0.1601 -0.9870
vn -0.0389 -0.3218 0.9460
vn -0.0374 -0.1614 0.9862
vn -0.0387 -0.6027 0.7970
vn -0.0347 -0.8191 0.5726
vn -0.0275 -0.9541 0.2982
vn -0.0205 -0.9970 0.0752
vn -0.0152 -0.9970 -0.0764
vn -0.0066 -0.9541 -0.2994
vn 0.0054 -0.8191 -0.5736
vn 0.0171 -0.6027 -0.7978
vn 0.0273 -0.3218 -0.9464
vn 0.0316 -0.1614 -0.9864
vn -0.0183 -0.3201 0.9472
vn -0.0270 -0.1613 0.9865
vn -0.0000 -0.6012 0.7991
vn 0.0179 -0.8179 0.5751
vn 0.0338 -0.9531 0.3007
vn 0.0436 -0.9960 0.0774
vn 0.0489 -0.9960 -0.0742
vn 0.0547 -0.9531 -0.2976
vn 0.0580 -0.8179 -0.5724
vn 0.0558 -0.6012 -0.7971
vn 0.0480 -0.3201 -0.9462
vn 0.0420 -0.1613 -0.9860
vn -0.0026 -0.3191 0.9477
vn -0.0191 -0.1607 0.9868
vn 0.0294 -0.5992 0.8001
vn 0.0580 -0.8151 0.5765
vn 0.0805 -0.9498 0.3023
vn 0.0924 -0.9926 0.0791
vn 0.0977 -0.9926 -0.0725
vn 0.1014 -0.9498 -0.2960
vn 0.0981 -0.8151 -0.5710
vn 0.0853 -0.5992 -0.7961
vn 0.0637 -0.3191 -0.9456
vn 0.0499 -0.1607 -0.9857
vn 0.0139 -0.3171 0.9483
vn -0.0108 -0.1597 0.9871
vn 0.0604 -0.5954 0.8012
vn 0.1001 -0.8099 0.5780
vn 0.1296 -0.9438 0.3041
vn 0.1437 -0.9863 0.0810
vn 0.1490 -0.9863 -0.0707
vn 0.1505 -0.9438 -0.2943
vn 0.1403 -0.8099 -0.5695
vn 0.1163 -0.5954 -0.7950
vn 0.0802 -0.3171 -0.9450
vn 0.0582 -0.1597 -0.9855
vn 0.0311 -0.3141 0.9489
vn -0.0022 -0.1581 0.9874
vn 0.0925 -0.5897 0.8023
vn 0.1438 -0.8021 0.5796
vn 0.1805 -0.9348 0.3059
vn 0.1969 -0.9769 0.0828
vn 0.2022 -0.9769 -0.0689
vn 0.2015 -0.9348 -0.2925
vn 0.1840 -0.8021 -0.5681
vn 0.1484 -0.5897 -0.7939
vn 0.0973 -0.3141 -0.9444
vn 0.0668 -0.1581 -0.9852
vn 0.0485 -0.3100 0.9495
vn 0.0066 -0.1560 0.9877
vn 0.1253 -0.5819 0.8036
vn 0.1884 -0.7916 0.5812
vn 0.2325 -0.9226 0.3078
vn 0.2513 -0.9642 0.0848
vn 0.2566 -0.9642 -0.0670
vn 0.2534 -0.9226 -0.2908
vn 0.2286 -0.7916 -0.5667
vn 0.1812 -0.5819 -0.7928
vn 0.1148 -0.3100 -0.9438
vn 0.0756 -0.1560 -0.9849
vn 0.0660 -0.3047 0.9502
vn 0.0154 -0.1533 0.9881
vn 0.1582 -0.5720 0.8048
vn 0.2331 -0.7783 0.5830
vn 0.2847 -0.9072 0.3098
vn 0.3058 -0.9481 0.0867
vn 0.3111 -0.9481 -0.0651
vn 0.3056 -0.9072 -0.2891
vn 0.2733 -0.7783 -0.5653
vn 0.2141 -0.5720 -0.7918
vn 0.1323 -0.3047 -0.9432
vn 0.0844 -0.1533 -0.9846
vn 0.0833 -0.2984 0.9508
vn 0.0240 -0.1501 0.9884
vn 0.1906 -0.5602 0.8061
vn 0.2773 -0.7623 0.5848
vn 0.3362 -0.8887 0.3117
vn 0.3597 -0.9289 0.0886
vn 0.3650 -0.9289 -0.0633
vn 0.3572 -0.8887 -0.2875
vn 0.3175 -0.7623 -0.5639
vn 0.2465 -0.5602 -0.7908
vn 0.1495 -0.2984 -0.9427
vn 0.0931 -0.1501 -0.9843
vn 0.0999 -0.2910 0.9515
vn 0.0324 -0.1464 0.9887
vn 0.2220 -0.5466 0.8074
vn 0.3201 -0.7440 0.5865
vn 0.3861 -0.8675 0.3137
vn 0.4119 -0.9067 0.0905
vn 0.4172 -0.9067 -0.0615
vn 0.4071 -0.8675 -0.2859
vn 0.3603 -0.7440 -0.5627
vn 0.2779 -0.5466 -0.7900
vn 0.1662 -0.2910 -0.9422
vn 0.1015 -0.1464 -0.9840
vn 0.1158 -0.2829 0.9521
vn 0.0404 -0.1424 0.9890
vn 0.2518 -0.5315 0.8087
vn 0.3608 -0.7237 0.5882
vn 0.4338 -0.8440 0.3155
vn 0.4617 -0.8822 0.0923
vn 0.4670 -0.8822 -0.0598
vn 0.4548 -0.8440 -0.2844
vn 0.4011 -0.7237 -0.5616
vn 0.3078 -0.5315 -0.7891
vn 0.1821 -0.2829 -0.9417
vn 0.1095 -0.1424 -0.9837
vn 0.1306 -0.2742 0.9527
vn 0.0479 -0.1381 0.9893
vn 0.2798 -0.5154 0.8100
vn 0.3991 -0.7020 0.5899
vn 0.4784 -0.8188 0.3173
vn 0.5085 -0.8559 0.0940
vn 0.5138 -0.8559 -0.0582
vn 0.4994 -0.8188 -0.2831
vn 0.4393 -0.7020 -0.5606
vn 0.3358 -0.5154 -0.7884
vn 0.1969 -0.2742 -0.9413
vn 0.1170 -0.1381 -0.9835
vn 0.1443 -0.2652 0.9533
vn 0.0548 -0.1336 0.9895
vn 0.3056 -0.4986 0.8111
vn 0.4344 -0.6793 0.5915
vn 0.5197 -0.7925 0.3190
vn 0.5517 -0.8286 0.0956
vn 0.5570 -0.8286 -0.0568
vn 0.5408 -0.7925 -0.2819
vn 0.4746 -0.6793 -0.5597
vn 0.3616 -0.4986 -0.7878
vn 0.2106 -0.2652 -0.9409
vn 0.1239 -0.1336 -0.9833
vn 0.2535 -0.1495 0.9557
vn 0.0915 -0.0658 0.9936
vn 0.4881 -0.2695 0.8302
vn 0.6879 -0.3698 0.6246
vn 0.8283 -0.4380 0.3494
vn 0.8801 -0.4607 0.1149
vn 0.8860 -0.4607 -0.0531
vn 0.8507 -0.4380 -0.2906
vn 0.7298 -0.3698 -0.5750
vn 0.5449 -0.2695 -0.7940
vn 0.3197 -0.1495 -0.9356
vn 0.1608 -0.0658 -0.9848
vn 0.0194 0.1518 0.9882
vn -0.0164 0.0522 0.9985
vn 0.0697 0.2902 0.9544
vn 0.1443 0.4906 0.8594
vn 0.2558 0.7766 0.5758
vn 0.3219 0.9256 0.1990
vn 0.3351 0.9256 -0.1760
vn 0.2954 0.7766 -0.5565
vn 0.2040 0.4906 -0.8472
vn 0.1363 0.2902 -0.9472
vn 0.0884 0.1518 -0.9845
vn 0.0534 0.0522 -0.9972
vn -0.2661 0.2088 0.9410
vn -0.1537 0.1068 0.9823
vn -0.4710 0.3970 0.7878
vn -0.6266 0.5435 0.5585
vn -0.7199 0.6358 0.2783
vn -0.7449 0.6653 0.0507
vn -0.7395 0.6653 -0.1027
vn -0.6987 0.6358 -0.3279
vn -0.5861 0.5435 -0.6010
vn -0.4147 0.3970 -0.8188
vn -0.1997 0.2088 -0.9573
vn -0.0847 0.1068 -0.9907
vn -0.2528 0.2230 0.9415
vn -0.1469 0.1141 0.9825
vn -0.4456 0.4240 0.7885
vn -0.5917 0.5804 0.5595
vn -0.6790 0.6788 0.2795
vn -0.7020 0.7103 0.0522
vn -0.6966 0.7103 -0.1011
vn -0.6578 0.6788 -0.3263
vn -0.5512 0.5804 -0.5995
vn -0.3894 0.4240 -0.8177
vn -0.1864 0.2230 -0.9568
vn -0.0779 0.1141 -0.9904
vn -0.2378 0.2370 0.9420
vn -0.1393 0.1214 0.9828
vn -0.4171 0.4506 0.7893
vn -0.5527 0.6167 0.5605
vn -0.6332 0.7212 0.2809
vn -0.6541 0.7545 0.0538
vn -0.6487 0.7545 -0.0994
vn -0.6120 0.7212 -0.3245
vn -0.5122 0.6167 -0.5978
vn -0.3609 0.4506 -0.8165
vn -0.1714 0.2370 -0.9563
vn -0.0703 0.1214 -0.9901
vn -0.2211 0.2506 0.9425
vn -0.1308 0.1284 0.9831
vn -0.3855 0.4765 0.7902
vn -0.5093 0.6520 0.5617
vn -0.5823 0.7623 0.2825
vn -0.6008 0.7975 0.0556
vn -0.5955 0.7975 -0.0974
vn -0.5612 0.7623 -0.3225
vn -0.4688 0.6520 -0.5960
vn -0.3293 0.4765 -0.8152
vn -0.1547 0.2506 -0.9557
vn -0.0618 0.1284 -0.9898
vn -0.2027 0.2635 0.9431
vn -0.1214 0.1351 0.9834
vn -0.3505 0.5011 0.7912
vn -0.4613 0.6856 0.5631
vn -0.5262 0.8015 0.2842
vn -0.5420 0.8384 0.0576
vn -0.5367 0.8384 -0.0953
vn -0.5050 0.8015 -0.3203
vn -0.4208 0.6856 -0.5940
vn -0.2943 0.5011 -0.8138
vn -0.1363 0.2635 -0.9550
vn -0.0524 0.1351 -0.9894
vn -0.1826 0.2756 0.9438
vn -0.1112 0.1414 0.9837
vn -0.3122 0.5241 0.7924
vn -0.4088 0.7170 0.5647
vn -0.4647 0.8379 0.2861
vn -0.4777 0.8765 0.0597
vn -0.4724 0.8765 -0.0930
vn -0.4436 0.8379 -0.3179
vn -0.3684 0.7170 -0.5919
vn -0.2560 0.5241 -0.8122
vn -0.1162 0.2756 -0.9542
vn -0.0421 0.1414 -0.9891
vn -0.1607 0.2865 0.9445
vn -0.1000 0.1471 0.9841
vn -0.2706 0.5449 0.7936
vn -0.3519 0.7452 0.5664
vn -0.3982 0.8708 0.2883
vn -0.4081 0.9108 0.0621
vn -0.4028 0.9108 -0.0905
vn -0.3771 0.8708 -0.3154
vn -0.3115 0.7452 -0.5896
vn -0.2145 0.5449 -0.8106
vn -0.0943 0.2865 -0.9534
vn -0.0310 0.1471 -0.9886
vn -0.1373 0.2960 0.9453
vn -0.0880 0.1520 0.9845
vn -0.2261 0.5629 0.7950
vn -0.2910 0.7697 0.5682
vn -0.3269 0.8993 0.2906
vn -0.3335 0.9405 0.0647
vn -0.3282 0.9405 -0.0878
vn -0.3058 0.8993 -0.3127
vn -0.2505 0.7697 -0.5872
vn -0.1699 0.5629 -0.8089
vn -0.0709 0.2960 -0.9526
vn -0.0190 0.1520 -0.9882
vn -0.1125 0.3037 0.9461
vn -0.0753 0.1560 0.9849
vn -0.1789 0.5775 0.7965
vn -0.2265 0.7896 0.5703
vn -0.2515 0.9224 0.2930
vn -0.2546 0.9647 0.0674
vn -0.2493 0.9647 -0.0850
vn -0.2304 0.9224 -0.3099
vn -0.1860 0.7896 -0.5847
vn -0.1228 0.5775 -0.8071
vn -0.0461 0.3037 -0.9517
vn -0.0062 0.1560 -0.9877
vn -0.0867 0.3094 0.9470
vn -0.0620 0.1590 0.9853
vn -0.1297 0.5884 0.7981
vn -0.1592 0.8043 0.5725
vn -0.1729 0.9395 0.2957
vn -0.1724 0.9825 0.0702
vn -0.1671 0.9825 -0.0821
vn -0.1518 0.9395 -0.3070
vn -0.1188 0.8043 -0.5822
vn -0.0736 0.5884 -0.8052
vn -0.0203 0.3094 -0.9507
vn 0.0070 0.1590 -0.9873
vn -0.0601 0.3129 0.9479
vn -0.0483 0.1608 0.9858
vn -0.0792 0.5950 0.7998
vn -0.0901 0.8133 0.5748
vn -0.0921 0.9500 0.2984
vn -0.0880 0.9934 0.0731
vn -0.0827 0.9934 -0.0791
vn -0.0711 0.9500 -0.3041
vn -0.0497 0.8133 -0.5797
vn -0.0231 0.5950 -0.8034
vn 0.0063 0.3129 -0.9498
vn 0.0207 0.1608 -0.9868
vn -0.0317 0.3135 0.9490
vn -0.0337 0.1614 0.9863
vn -0.0252 0.5968 0.8020
vn -0.0163 0.8161 0.5776
vn -0.0060 0.9534 0.3016
vn 0.0021 0.9971 0.0763
vn 0.0074 0.9971 -0.0760
vn 0.0151 0.9534 -0.3013
vn 0.0241 0.8161 -0.5774
vn 0.0309 0.5968 -0.8018
vn 0.0347 0.3135 -0.9489
vn 0.0353 0.1614 -0.9863
vn 0.0005 0.3108 0.9505
vn -0.0171 0.1603 0.9869
vn 0.0362 0.5926 0.8047
vn 0.0677 0.8109 0.5812
vn 0.0922 0.9477 0.3054
vn 0.1049 0.9913 0.0800
vn 0.1102 0.9913 -0.0725
vn 0.1134 0.9477 -0.2982
vn 0.1082 0.8109 -0.5750
vn 0.0924 0.5926 -0.8002
vn 0.0669 0.3108 -0.9481
vn 0.0519 0.1603 -0.9857
vn 0.0358 0.3043 0.9519
vn 0.0011 0.1571 0.9876
vn 0.1036 0.5808 0.8074
vn 0.1601 0.7951 0.5849
vn 0.2003 0.9296 0.3095
vn 0.2179 0.9724 0.0840
vn 0.2232 0.9724 -0.0686
vn 0.2214 0.9296 -0.2948
vn 0.2006 0.7951 -0.5723
vn 0.1598 0.5808 -0.7982
vn 0.1022 0.3043 -0.9471
vn 0.0702 0.1571 -0.9851
vn 0.0720 0.2931 0.9534
vn 0.0198 0.1515 0.9883
vn 0.1728 0.5599 0.8103
vn 0.2550 0.7670 0.5888
vn 0.3113 0.8970 0.3138
vn 0.3341 0.9384 0.0882
vn 0.3394 0.9384 -0.0646
vn 0.3325 0.8970 -0.2913
vn 0.2955 0.7670 -0.5696
vn 0.2290 0.5599 -0.7963
vn 0.1384 0.2931 -0.9460
vn 0.0889 0.1515 -0.9845
vn 0.1078 0.2769 0.9548
vn 0.0384 0.1432 0.9890
vn 0.2415 0.5293 0.8133
vn 0.3494 0.7256 0.5928
vn 0.4219 0.8490 0.3182
vn 0.4499 0.8883 0.0924
vn 0.4552 0.8883 -0.0607
vn 0.4431 0.8490 -0.2879
vn 0.3899 0.7256 -0.5670
vn 0.2978 0.5293 -0.7944
vn 0.1743 0.2769 -0.9450
vn 0.1074 0.1432 -0.9838
vn 0.1422 0.2557 0.9562
vn 0.0562 0.1322 0.9896
vn 0.3075 0.4891 0.8162
vn 0.4401 0.6709 0.5968
vn 0.5284 0.7854 0.3225
vn 0.5614 0.8219 0.0964
vn 0.5668 0.8219 -0.0570
vn 0.5496 0.7854 -0.2848
vn 0.4808 0.6709 -0.5646
vn 0.3638 0.4891 -0.7927
vn 0.2087 0.2557 -0.9440
vn 0.1253 0.1322 -0.9833
vn 0.1740 0.2298 0.9576
vn 0.0727 0.1188 0.9903
vn 0.3686 0.4398 0.8189
vn 0.5243 0.6037 0.6005
vn 0.6272 0.7071 0.3265
vn 0.6650 0.7401 0.1002
vn 0.6704 0.7401 -0.0535
vn 0.6485 0.7071 -0.2819
vn 0.5650 0.6037 -0.5624
vn 0.4250 0.4398 -0.7912
vn 0.2406 0.2298 -0.9430
vn 0.1417 0.1188 -0.9828
vn 0.2024 0.1997 0.9587
vn 0.0873 0.1033 0.9908
vn 0.4230 0.3824 0.8214
vn 0.5994 0.5253 0.6040
vn 0.7156 0.6155 0.3302
vn 0.7576 0.6444 0.1036
vn 0.7630 0.6444 -0.0504
vn 0.7369 0.6155 -0.2794
vn 0.6401 0.5253 -0.5606
vn 0.4794 0.3824 -0.7899
vn 0.2689 0.1997 -0.9422
vn 0.1563 0.1033 -0.9823
vn 0.2265 0.1659 0.9598
vn 0.0998 0.0858 0.9913
vn 0.4696 0.3180 0.8237
vn 0.6637 0.4370 0.6070
vn 0.7914 0.5123 0.3334
vn 0.8372 0.5365 0.1065
vn 0.8426 0.5365 -0.0478
vn 0.8128 0.5123 -0.2773
vn 0.7045 0.4370 -0.5591
vn 0.5260 0.3180 -0.7888
vn 0.2930 0.1659 -0.9416
vn 0.1688 0.0858 -0.9819
vn 0.2461 0.1289 0.9606
vn 0.1099 0.0667 0.9917
vn 0.5074 0.2472 0.8255
vn 0.7161 0.3400 0.6096
vn 0.8532 0.3988 0.3361
vn 0.9021 0.4176 0.1090
vn 0.9075 0.4176 -0.0456
vn 0.8746 0.3988 -0.2756
vn 0.7570 0.3400 -0.5580
vn 0.5638 0.2472 -0.7880
vn 0.3126 0.1289 -0.9411
vn 0.1790 0.0667 -0.9816
vn 0.2606 0.0889 0.9613
vn 0.1175 0.0460 0.9920
vn 0.5357 0.1706 0.8270
vn 0.7555 0.2348 0.6116
vn 0.8999 0.2755 0.3382
vn 0.9510 0.2885 0.1108
vn 0.9565 0.2885 -0.0441
vn 0.9213 0.2755 -0.2745
vn 0.7964 0.2348 -0.5573
vn 0.5922 0.1706 -0.7875
vn 0.3272 0.0889 -0.9408
vn 0.1866 0.0460 -0.9814
vn 0.2697 0.0459 0.9618
vn 0.1223 0.0237 0.9922
vn 0.5536 0.0881 0.8281
vn 0.7807 0.1212 0.6131
vn 0.9297 0.1423 0.3396
vn 0.9825 0.1491 0.1120
vn 0.9879 0.1491 -0.0431
vn 0.9512 0.1423 -0.2738
vn 0.8216 0.1212 -0.5570
vn 0.6101 0.0881 -0.7874
vn 0.3363 0.0459 -0.9406
vn 0.1914 0.0237 -0.9812
vn 0.2664 -0.0152 0.9637
vn 0.1231 -0.0080 0.9924
vn 0.5538 -0.0295 0.8322
vn 0.7852 -0.0408 0.6179
vn 0.9381 -0.0480 0.3430
vn 0.9923 -0.0503 0.1130
vn 0.9978 -0.0503 -0.0433
vn 0.9598 -0.0480 -0.2766
vn 0.8265 -0.0408 -0.5615
vn 0.6106 -0.0295 -0.7914
vn 0.3331 -0.0152 -0.9428
vn 0.1921 -0.0080 -0.9813
vn 0.2440 -0.1007 0.9645
vn 0.1131 -0.0536 0.9921
vn 0.5152 -0.1973 0.8340
vn 0.7352 -0.2743 0.6198
vn 0.8815 -0.3239 0.3435
vn 0.9338 -0.3399 0.1115
vn 0.9393 -0.3399 -0.0459
vn 0.9034 -0.3239 -0.2811
vn 0.7767 -0.2743 -0.5669
vn 0.5723 -0.1973 -0.7960
vn 0.3108 -0.1007 -0.9451
vn 0.1822 -0.0536 -0.9818
vn 0.2081 -0.1810 0.9612
vn 0.0924 -0.0952 0.9912
vn 0.4399 -0.3511 0.8266
vn 0.6264 -0.4851 0.6101
vn 0.7500 -0.5704 0.3349
vn 0.7946 -0.5979 0.1056
vn 0.8000 -0.5979 -0.0498
vn 0.7715 -0.5704 -0.2816
vn 0.6675 -0.4851 -0.5649
vn 0.4966 -0.3511 -0.7938
vn 0.2748 -0.1810 -0.9443
vn 0.1615 -0.0952 -0.9823
vn 0.1711 -0.2308 0.9578
vn 0.0715 -0.1197 0.9902
vn 0.3639 -0.4428 0.8195
vn 0.5183 -0.6083 0.6011
vn 0.6206 -0.7128 0.3268
vn 0.6581 -0.7462 0.1001
vn 0.6635 -0.7462 -0.0538
vn 0.6419 -0.7128 -0.2826
vn 0.5591 -0.6083 -0.5634
vn 0.4203 -0.4428 -0.7920
vn 0.2377 -0.2308 -0.9435
vn 0.1405 -0.1197 -0.9828
vn 0.1451 -0.2570 0.9555
vn 0.0570 -0.1319 0.9896
vn 0.3113 -0.4891 0.8148
vn 0.4443 -0.6695 0.5953
vn 0.5327 -0.7829 0.3216
vn 0.5657 -0.8190 0.0964
vn 0.5710 -0.8190 -0.0566
vn 0.5538 -0.7829 -0.2835
vn 0.4849 -0.6695 -0.5627
vn 0.3675 -0.4891 -0.7910
vn 0.2115 -0.2570 -0.9430
vn 0.1261 -0.1319 -0.9832
vn 0.1325 -0.2688 0.9540
vn 0.0498 -0.1369 0.9893
vn 0.2856 -0.5089 0.8121
vn 0.4080 -0.6949 0.5921
vn 0.4896 -0.8116 0.3188
vn 0.5203 -0.8487 0.0946
vn 0.5257 -0.8487 -0.0580
vn 0.5107 -0.8116 -0.2838
vn 0.4484 -0.6949 -0.5621
vn 0.3416 -0.5089 -0.7902
vn 0.1988 -0.2688 -0.9424
vn 0.1189 -0.1369 -0.9834
vn 0.1325 -0.2713 0.9533
vn 0.0493 -0.1373 0.9893
vn 0.2843 -0.5115 0.8109
vn 0.4056 -0.6974 0.5909
vn 0.4863 -0.8139 0.3180
vn 0.5168 -0.8509 0.0944
vn 0.5221 -0.8509 -0.0580
vn 0.5074 -0.8139 -0.2833
vn 0.4459 -0.6974 -0.5611
vn 0.3402 -0.5115 -0.7890
vn 0.1988 -0.2713 -0.9417
vn 0.1183 -0.1373 -0.9834
vn 0.1447 -0.2657 0.9531
vn 0.0548 -0.1335 0.9895
vn 0.3060 -0.4989 0.8108
vn 0.4346 -0.6794 0.5912
vn 0.5199 -0.7925 0.3188
vn 0.5518 -0.8285 0.0956
vn 0.5571 -0.8285 -0.0568
vn 0.5409 -0.7925 -0.2817
vn 0.4748 -0.6794 -0.5594
vn 0.3619 -0.4989 -0.7875
vn 0.2109 -0.2657 -0.9407
vn 0.1239 -0.1335 -0.9833
vn 0.1691 -0.2498 0.9534
vn 0.0663 -0.1245 0.9900
vn 0.3503 -0.4671 0.8118
vn 0.4944 -0.6355 0.5930
vn 0.5895 -0.7411 0.3212
vn 0.6246 -0.7748 0.0982
vn 0.6299 -0.7748 -0.0543
vn 0.6105 -0.7411 -0.2792
vn 0.5346 -0.6355 -0.5570
vn 0.4061 -0.4671 -0.7854
vn 0.2353 -0.2498 -0.9393
vn 0.1353 -0.1245 -0.9829
vn 0.2047 -0.2183 0.9542
vn 0.0830 -0.1079 0.9907
vn 0.4150 -0.4066 0.8139
vn 0.5821 -0.5527 0.5964
vn 0.6918 -0.6447 0.3252
vn 0.7316 -0.6740 0.1022
vn 0.7370 -0.6740 -0.0508
vn 0.7129 -0.6447 -0.2760
vn 0.6223 -0.5527 -0.5543
vn 0.4709 -0.4066 -0.7829
vn 0.2709 -0.2183 -0.9375
vn 0.1520 -0.1079 -0.9825
vn 0.2457 -0.1645 0.9553
vn 0.1020 -0.0806 0.9915
vn 0.4894 -0.3053 0.8168
vn 0.6831 -0.4151 0.6009
vn 0.8102 -0.4844 0.3301
vn 0.8556 -0.5065 0.1069
vn 0.8610 -0.5065 -0.0468
vn 0.8313 -0.4844 -0.2727
vn 0.7235 -0.4151 -0.5517
vn 0.5453 -0.3053 -0.7806
vn 0.3119 -0.1645 -0.9358
vn 0.1711 -0.0806 -0.9820
vn 0.2786 -0.0876 0.9564
vn 0.1173 -0.0427 0.9922
vn 0.5495 -0.1624 0.8196
vn 0.7651 -0.2208 0.6049
vn 0.9065 -0.2578 0.3344
vn 0.9566 -0.2697 0.1107
vn 0.9620 -0.2697 -0.0436
vn 0.9276 -0.2578 -0.2702
vn 0.8055 -0.2208 -0.5499
vn 0.6055 -0.1624 -0.7791
vn 0.3448 -0.0876 -0.9346
vn 0.1864 -0.0427 -0.9816
vn 0.2879 -0.0115 0.9576
vn 0.1236 -0.0057 0.9923
vn 0.5702 -0.0214 0.8212
vn 0.7946 -0.0292 0.6064
vn 0.9413 -0.0341 0.3358
vn 0.9931 -0.0357 0.1119
vn 0.9985 -0.0357 -0.0422
vn 0.9625 -0.0341 -0.2692
vn 0.8350 -0.0292 -0.5494
vn 0.6262 -0.0214 -0.7793
vn 0.3541 -0.0115 -0.9351
vn 0.1927 -0.0057 -0.9812
vn 0.2833 0.0417 0.9581
vn 0.1228 0.0207 0.9922
vn 0.5645 0.0781 0.8217
vn 0.7878 0.1064 0.6066
vn 0.9337 0.1244 0.3357
vn 0.9852 0.1301 0.1115
vn 0.9906 0.1301 -0.0424
vn 0.9549 0.1244 -0.2696
vn 0.8283 0.1064 -0.5501
vn 0.6206 0.0781 -0.7803
vn 0.3496 0.0417 -0.9360
vn 0.1919 0.0207 -0.9812
vn 0.2750 0.0852 0.9577
vn 0.1185 0.0423 0.9920
vn 0.5485 0.1593 0.8208
vn 0.7657 0.2172 0.6055
vn 0.9076 0.2538 0.3345
vn 0.9578 0.2655 0.1105
vn 0.9631 0.2655 -0.0433
vn 0.9287 0.2538 -0.2702
vn 0.8061 0.2172 -0.5505
vn 0.6045 0.1593 -0.7805
vn 0.3413 0.0852 -0.9361
vn 0.1876 0.0423 -0.9813
vn 0.2600 0.1291 0.9569
vn 0.1110 0.0641 0.9918
vn 0.5200 0.2414 0.8193
vn 0.7264 0.3289 0.6035
vn 0.8613 0.3841 0.3325
vn 0.9093 0.4018 0.1087
vn 0.9146 0.4018 -0.0449
vn 0.8825 0.3841 -0.2714
vn 0.7668 0.3289 -0.5512
vn 0.5760 0.2414 -0.7810
vn 0.3263 0.1291 -0.9364
vn 0.1800 0.0641 -0.9816
vn 0.2382 0.1716 0.9559
vn 0.1001 0.0851 0.9913
vn 0.4788 0.3205 0.8173
vn 0.6698 0.4364 0.6007
vn 0.7949 0.5094 0.3296
vn 0.8396 0.5327 0.1061
vn 0.8450 0.5327 -0.0472
vn 0.8160 0.5094 -0.2732
vn 0.7102 0.4364 -0.5525
vn 0.5348 0.3205 -0.7818
vn 0.3044 0.1716 -0.9370
vn 0.1691 0.0851 -0.9819
vn 0.2101 0.2104 0.9548
vn 0.0862 0.1044 0.9908
vn 0.4262 0.3929 0.8148
vn 0.5978 0.5345 0.5974
vn 0.7105 0.6236 0.3260
vn 0.7512 0.6520 0.1029
vn 0.7565 0.6520 -0.0501
vn 0.7315 0.6236 -0.2756
vn 0.6381 0.5345 -0.5541
vn 0.4822 0.3929 -0.7831
vn 0.2764 0.2104 -0.9377
vn 0.1553 0.1044 -0.9823
vn 0.1773 0.2440 0.9534
vn 0.0700 0.1212 0.9902
vn 0.3649 0.4554 0.8121
vn 0.5140 0.6192 0.5936
vn 0.6123 0.7221 0.3220
vn 0.6484 0.7548 0.0991
vn 0.6537 0.7548 -0.0535
vn 0.6333 0.7221 -0.2784
vn 0.5542 0.6192 -0.5562
vn 0.4207 0.4554 -0.7846
vn 0.2435 0.2440 -0.9387
vn 0.1390 0.1212 -0.9828
vn 0.1415 0.2713 0.9521
vn 0.0523 0.1349 0.9895
vn 0.2979 0.5063 0.8092
vn 0.4228 0.6882 0.5897
vn 0.5057 0.8021 0.3177
vn 0.5368 0.8383 0.0950
vn 0.5421 0.8383 -0.0573
vn 0.5266 0.8021 -0.2816
vn 0.4629 0.6882 -0.5587
vn 0.3538 0.5063 -0.7864
vn 0.2077 0.2713 -0.9398
vn 0.1213 0.1349 -0.9834
vn 0.1044 0.2921 0.9507
vn 0.0339 0.1454 0.9888
vn 0.2287 0.5453 0.8064
vn 0.3286 0.7409 0.5858
vn 0.3958 0.8632 0.3134
vn 0.4219 0.9021 0.0909
vn 0.4272 0.9021 -0.0612
vn 0.4167 0.8632 -0.2850
vn 0.3687 0.7409 -0.5614
vn 0.2845 0.5453 -0.7885
vn 0.1705 0.2921 -0.9411
vn 0.1030 0.1454 -0.9840
vn 0.0675 0.3068 0.9494
vn 0.0156 0.1530 0.9881
vn 0.1600 0.5730 0.8038
vn 0.2351 0.7784 0.5821
vn 0.2868 0.9067 0.3093
vn 0.3080 0.9474 0.0868
vn 0.3133 0.9474 -0.0650
vn 0.3077 0.9067 -0.2885
vn 0.2753 0.7784 -0.5643
vn 0.2158 0.5730 -0.7906
vn 0.1337 0.3068 -0.9423
vn 0.0847 0.1530 -0.9846
vn 0.0320 0.3162 0.9482
vn -0.0020 0.1579 0.9875
vn 0.0937 0.5908 0.8013
vn 0.1451 0.8025 0.5787
vn 0.1819 0.9347 0.3055
vn 0.1983 0.9766 0.0829
vn 0.2036 0.9766 -0.0688
vn 0.2028 0.9347 -0.2920
vn 0.1852 0.8025 -0.5672
vn 0.1495 0.5908 -0.7928
vn 0.0982 0.3162 -0.9436
vn 0.0670 0.1579 -0.9852
vn -0.0016 0.3211 0.9470
vn -0.0188 0.1605 0.9869
vn 0.0310 0.6003 0.7992
vn 0.0600 0.8155 0.5757
vn 0.0827 0.9497 0.3019
vn 0.0947 0.9923 0.0792
vn 0.1000 0.9923 -0.0724
vn 0.1036 0.9497 -0.2954
vn 0.1001 0.8155 -0.5701
vn 0.0868 0.6003 -0.7950
vn 0.0646 0.3211 -0.9448
vn 0.0503 0.1605 -0.9857
vn -0.0296 0.3215 0.9464
vn -0.0327 0.1614 0.9863
vn -0.0212 0.6025 0.7978
vn -0.0110 0.8191 0.5736
vn 0.0001 0.9542 0.2992
vn 0.0084 0.9971 0.0762
vn 0.0137 0.9971 -0.0754
vn 0.0210 0.9542 -0.2985
vn 0.0291 0.8191 -0.5730
vn 0.0346 0.6025 -0.7973
vn 0.0367 0.3215 -0.9462
vn 0.0363 0.1614 -0.9862
vn -0.0493 0.3202 0.9461
vn -0.0426 0.1613 0.9860
vn -0.0583 0.6012 0.7970
vn -0.0613 0.8178 0.5722
vn -0.0586 0.9529 0.2974
vn -0.0529 0.9958 0.0741
vn -0.0476 0.9958 -0.0776
vn -0.0376 0.9529 -0.3008
vn -0.0212 0.8178 -0.5751
vn -0.0024 0.6012 -0.7991
vn 0.0170 0.3202 -0.9472
vn 0.0264 0.1613 -0.9866
vn -0.0654 0.3189 0.9455
vn -0.0508 0.1606 0.9857
vn -0.0885 0.5989 0.7960
vn -0.1024 0.8146 0.5709
vn -0.1064 0.9493 0.2958
vn -0.1030 0.9921 0.0723
vn -0.0976 0.9921 -0.0793
vn -0.0855 0.9493 -0.3025
vn -0.0623 0.8146 -0.5766
vn -0.0326 0.5989 -0.8002
vn 0.0009 0.3189 -0.9478
vn 0.0183 0.1606 -0.9868
vn -0.0813 0.3168 0.9450
vn -0.0588 0.1596 0.9854
vn -0.1184 0.5950 0.7950
vn -0.1432 0.8094 0.5695
vn -0.1539 0.9433 0.2942
vn -0.1526 0.9858 0.0706
vn -0.1472 0.9858 -0.0811
vn -0.1330 0.9433 -0.3042
vn -0.1030 0.8094 -0.5781
vn -0.0625 0.5950 -0.8013
vn -0.0151 0.3168 -0.9484
vn 0.0102 0.1596 -0.9871
vn -0.0970 0.3139 0.9445
vn -0.0667 0.1581 0.9852
vn -0.1479 0.5896 0.7940
vn -0.1833 0.8022 0.5682
vn -0.2007 0.9349 0.2926
vn -0.2015 0.9771 0.0689
vn -0.1962 0.9771 -0.0828
vn -0.1798 0.9349 -0.3059
vn -0.1432 0.8022 -0.5796
vn -0.0921 0.5896 -0.8024
vn -0.0308 0.3139 -0.9489
vn 0.0023 0.1581 -0.9874
vn -0.1124 0.3103 0.9440
vn -0.0745 0.1563 0.9849
vn -0.1769 0.5828 0.7931
vn -0.2228 0.7930 0.5670
vn -0.2468 0.9243 0.2911
vn -0.2496 0.9660 0.0672
vn -0.2443 0.9660 -0.0845
vn -0.2258 0.9243 -0.3076
vn -0.1826 0.7930 -0.5812
vn -0.1211 0.5828 -0.8035
vn -0.0462 0.3103 -0.9495
vn -0.0054 0.1563 -0.9877
vn -0.1275 0.3059 0.9435
vn -0.0821 0.1541 0.9846
vn -0.2053 0.5746 0.7923
vn -0.2614 0.7820 0.5658
vn -0.2918 0.9116 0.2896
vn -0.2967 0.9527 0.0656
vn -0.2914 0.9527 -0.0862
vn -0.2708 0.9116 -0.3093
vn -0.2212 0.7820 -0.5827
vn -0.1494 0.5746 -0.8047
vn -0.0613 0.3059 -0.9501
vn -0.0130 0.1541 -0.9880
vn -0.1422 0.3008 0.9430
vn -0.0895 0.1515 0.9844
vn -0.2329 0.5652 0.7914
vn -0.2990 0.7692 0.5647
vn -0.3357 0.8968 0.2882
vn -0.3425 0.9373 0.0641
vn -0.3372 0.9373 -0.0878
vn -0.3147 0.8968 -0.3110
vn -0.2588 0.7692 -0.5842
vn -0.1770 0.5652 -0.8058
vn -0.0759 0.3008 -0.9507
vn -0.0204 0.1515 -0.9882
vn -0.1564 0.2950 0.9426
vn -0.0966 0.1487 0.9842
vn -0.2596 0.5545 0.7907
vn -0.3355 0.7548 0.5636
vn -0.3782 0.8801 0.2869
vn -0.3870 0.9199 0.0625
vn -0.3817 0.9199 -0.0894
vn -0.3573 0.8801 -0.3126
vn -0.2953 0.7548 -0.5857
vn -0.2037 0.5545 -0.8069
vn -0.0901 0.2950 -0.9512
vn -0.0276 0.1487 -0.9885
vn -0.1701 0.2887 0.9422
vn -0.1035 0.1455 0.9839
vn -0.2855 0.5427 0.7899
vn -0.3708 0.7389 0.5626
vn -0.4194 0.8617 0.2856
vn -0.4301 0.9007 0.0611
vn -0.4248 0.9007 -0.0910
vn -0.3984 0.8617 -0.3142
vn -0.3305 0.7389 -0.5871
vn -0.2296 0.5427 -0.8080
vn -0.1039 0.2887 -0.9518
vn -0.0345 0.1455 -0.9888
vn -0.1833 0.2818 0.9418
vn -0.1102 0.1420 0.9837
vn -0.3103 0.5299 0.7893
vn -0.4047 0.7216 0.5617
vn -0.4590 0.8417 0.2844
vn -0.4715 0.8798 0.0597
vn -0.4662 0.8798 -0.0925
vn -0.4380 0.8417 -0.3158
vn -0.3644 0.7216 -0.5886
vn -0.2544 0.5299 -0.8090
vn -0.1171 0.2818 -0.9523
vn -0.0412 0.1420 -0.9890
vn -0.1960 0.2745 0.9414
vn -0.1166 0.1383 0.9835
vn -0.3342 0.5162 0.7886
vn -0.4372 0.7031 0.5608
vn -0.4971 0.8202 0.2833
vn -0.5113 0.8574 0.0583
vn -0.5060 0.8574 -0.0939
vn -0.4760 0.8202 -0.3173
vn -0.3970 0.7031 -0.5900
vn -0.2782 0.5162 -0.8100
vn -0.1297 0.2745 -0.9528
vn -0.0475 0.1383 -0.9892
vn -0.3138 0.1568 0.9365
vn -0.1571 0.0684 0.9852
vn -0.5339 0.2824 0.7970
vn -0.7165 0.3886 0.5794
vn -0.8370 0.4614 0.2941
vn -0.8724 0.4858 0.0547
vn -0.8664 0.4858 -0.1155
vn -0.8144 0.4614 -0.3519
vn -0.6742 0.3886 -0.6280
vn -0.4769 0.2824 -0.8324
vn -0.2475 0.1568 -0.9561
vn -0.0878 0.0684 -0.9938
vn -0.1102 -0.1727 0.9788
vn -0.0616 -0.0608 0.9962
vn -0.1763 -0.3268 0.9285
vn -0.2625 -0.5327 0.8046
vn -0.3628 -0.7845 0.5029
vn -0.4026 -0.9033 0.1484
vn -0.3913 -0.9033 -0.1762
vn -0.3268 -0.7845 -0.5270
vn -0.2057 -0.5327 -0.8209
vn -0.1110 -0.3268 -0.9385
vn -0.0416 -0.1727 -0.9841
vn 0.0082 -0.0608 -0.9981
vn -0.3496 -0.0347 0.9362
vn -0.3438 -0.0726 0.9362
vn -0.1892 -0.0361 0.9813
vn -0.1924 -0.0173 0.9812
vn -0.6217 -0.0651 0.7806
vn -0.6101 -0.1360 0.7806
vn -0.8302 -0.0888 0.5503
vn -0.8140 -0.1854 0.5505
vn -0.9573 -0.1038 0.2697
vn -0.9381 -0.2167 0.2701
vn -0.9932 -0.1086 0.0423
vn -0.9730 -0.2267 0.0430
vn -0.9878 -0.1086 -0.1116
vn -0.9676 -0.2267 -0.1109
vn -0.9362 -0.1038 -0.3359
vn -0.9170 -0.2167 -0.3350
vn -0.7897 -0.0888 -0.6070
vn -0.7735 -0.1854 -0.6060
vn -0.5656 -0.0651 -0.8221
vn -0.5540 -0.1360 -0.8213
vn -0.2833 -0.0347 -0.9584
vn -0.2776 -0.0726 -0.9580
vn -0.1233 -0.0173 -0.9922
vn -0.1201 -0.0361 -0.9921
vn -0.3322 -0.1134 0.9364
vn -0.1831 -0.0563 0.9815
vn -0.5876 -0.2121 0.7809
vn -0.7828 -0.2891 0.5510
vn -0.9014 -0.3377 0.2710
vn -0.9345 -0.3533 0.0442
vn -0.9291 -0.3533 -0.1094
vn -0.8802 -0.3377 -0.3333
vn -0.7424 -0.2891 -0.6044
vn -0.5315 -0.2121 -0.8200
vn -0.2659 -0.1134 -0.9573
vn -0.1141 -0.0563 -0.9919
vn -0.3136 -0.1556 0.9367
vn -0.1737 -0.0772 0.9818
vn -0.5521 -0.2907 0.7815
vn -0.7339 -0.3959 0.5519
vn -0.8438 -0.4623 0.2725
vn -0.8741 -0.4835 0.0462
vn -0.8688 -0.4835 -0.1072
vn -0.8227 -0.4623 -0.3308
vn -0.6935 -0.3959 -0.6019
vn -0.4961 -0.2907 -0.8182
vn -0.2473 -0.1556 -0.9564
vn -0.1047 -0.0772 -0.9915
vn -0.2875 -0.1968 0.9374
vn -0.1606 -0.0976 0.9822
vn -0.5027 -0.3674 0.7825
vn -0.6662 -0.4999 0.5534
vn -0.7644 -0.5833 0.2746
vn -0.7909 -0.6099 0.0490
vn -0.7856 -0.6099 -0.1041
vn -0.7433 -0.5833 -0.3274
vn -0.6259 -0.4999 -0.5986
vn -0.4468 -0.3674 -0.8157
vn -0.2212 -0.1968 -0.9552
vn -0.0916 -0.0976 -0.9910
vn -0.2545 -0.2343 0.9383
vn -0.1443 -0.1162 0.9827
vn -0.4409 -0.4371 0.7839
vn -0.5817 -0.5943 0.5554
vn -0.6654 -0.6931 0.2774
vn -0.6873 -0.7245 0.0524
vn -0.6819 -0.7245 -0.1003
vn -0.6443 -0.6931 -0.3233
vn -0.5414 -0.5943 -0.5947
vn -0.3850 -0.4371 -0.8128
vn -0.1883 -0.2343 -0.9538
vn -0.0753 -0.1162 -0.9904
vn -0.2166 -0.2657 0.9394
vn -0.1256 -0.1319 0.9833
vn -0.3701 -0.4955 0.7858
vn -0.4850 -0.6734 0.5580
vn -0.5524 -0.7849 0.2808
vn -0.5691 -0.8204 0.0564
vn -0.5637 -0.8204 -0.0960
vn -0.5314 -0.7849 -0.3187
vn -0.4448 -0.6734 -0.5905
vn -0.3142 -0.4955 -0.8097
vn -0.1504 -0.2657 -0.9522
vn -0.0565 -0.1319 -0.9897
vn -0.1763 -0.2897 0.9407
vn -0.1057 -0.1440 0.9839
vn -0.2950 -0.5404 0.7880
vn -0.3829 -0.7341 0.5609
vn -0.4332 -0.8553 0.2844
vn -0.4444 -0.8938 0.0606
vn -0.4391 -0.8938 -0.0915
vn -0.4122 -0.8553 -0.3140
vn -0.3427 -0.7341 -0.5862
vn -0.2392 -0.5404 -0.8067
vn -0.1101 -0.2897 -0.9508
vn -0.0367 -0.1440 -0.9889
vn -0.1363 -0.3063 0.9421
vn -0.0859 -0.1525 0.9846
vn -0.2205 -0.5716 0.7903
vn -0.2816 -0.7763 0.5640
vn -0.3151 -0.9042 0.2882
vn -0.3209 -0.9449 0.0648
vn -0.3156 -0.9449 -0.0871
vn -0.2941 -0.9042 -0.3095
vn -0.2415 -0.7763 -0.5823
vn -0.1647 -0.5716 -0.8038
vn -0.0701 -0.3063 -0.9494
vn -0.0169 -0.1525 -0.9882
vn -0.0985 -0.3163 0.9435
vn -0.0671 -0.1578 0.9852
vn -0.1500 -0.5908 0.7927
vn -0.1859 -0.8024 0.5671
vn -0.2037 -0.9345 0.2919
vn -0.2045 -0.9764 0.0688
vn -0.1992 -0.9764 -0.0829
vn -0.1828 -0.9345 -0.3055
vn -0.1459 -0.8024 -0.5787
vn -0.0943 -0.5908 -0.8013
vn -0.0323 -0.3163 -0.9481
vn 0.0019 -0.1578 -0.9875
vn -0.0641 -0.3211 0.9449
vn -0.0500 -0.1606 0.9858
vn -0.0859 -0.6004 0.7951
vn -0.0988 -0.8156 0.5701
vn -0.1022 -0.9499 0.2955
vn -0.0985 -0.9925 0.0724
vn -0.0932 -0.9925 -0.0792
vn -0.0813 -0.9499 -0.3019
vn -0.0587 -0.8156 -0.5756
vn -0.0301 -0.6004 -0.7991
vn 0.0021 -0.3211 -0.9470
vn 0.0190 -0.1606 -0.9868
vn -0.0330 -0.3223 0.9461
vn -0.0344 -0.1614 0.9863
vn -0.0276 -0.6031 0.7972
vn -0.0197 -0.8193 0.5730
vn -0.0100 -0.9543 0.2987
vn -0.0022 -0.9971 0.0758
vn 0.0031 -0.9971 -0.0758
vn 0.0109 -0.9543 -0.2987
vn 0.0204 -0.8193 -0.5729
vn 0.0282 -0.6031 -0.7972
vn 0.0333 -0.3223 -0.9460
vn 0.0346 -0.1614 -0.9863
vn -0.0025 -0.3210 0.9471
vn -0.0192 -0.1606 0.9868
vn 0.0293 -0.6004 0.7992
vn 0.0576 -0.8157 0.5757
vn 0.0800 -0.9500 0.3019
vn 0.0919 -0.9926 0.0791
vn 0.0972 -0.9926 -0.0725
vn 0.1009 -0.9500 -0.2955
vn 0.0977 -0.8157 -0.5702
vn 0.0851 -0.6004 -0.7952
vn 0.0637 -0.3210 -0.9449
vn 0.0498 -0.1606 -0.9858
vn 0.0293 -0.3165 0.9481
vn -0.0033 -0.1582 0.9874
vn 0.0887 -0.5917 0.8013
vn 0.1384 -0.8038 0.5786
vn 0.1741 -0.9362 0.3052
vn 0.1902 -0.9783 0.0826
vn 0.1955 -0.9783 -0.0691
vn 0.1950 -0.9362 -0.2923
vn 0.1785 -0.8038 -0.5675
vn 0.1445 -0.5917 -0.7931
vn 0.0955 -0.3165 -0.9438
vn 0.0657 -0.1582 -0.9852
vn 0.0627 -0.3081 0.9493
vn 0.0133 -0.1538 0.9880
vn 0.1512 -0.5757 0.8035
vn 0.2232 -0.7821 0.5817
vn 0.2729 -0.9111 0.3089
vn 0.2935 -0.9521 0.0863
vn 0.2988 -0.9521 -0.0655
vn 0.2938 -0.9111 -0.2890
vn 0.2633 -0.7821 -0.5647
vn 0.2070 -0.5757 -0.7910
vn 0.1289 -0.3081 -0.9426
vn 0.0823 -0.1538 -0.9847
vn 0.0977 -0.2949 0.9505
vn 0.0307 -0.1470 0.9887
vn 0.2165 -0.5509 0.8060
vn 0.3120 -0.7485 0.5852
vn 0.3764 -0.8721 0.3127
vn 0.4016 -0.9114 0.0901
vn 0.4069 -0.9114 -0.0618
vn 0.3973 -0.8721 -0.2857
vn 0.3521 -0.7485 -0.5620
vn 0.2723 -0.5509 -0.7889
vn 0.1639 -0.2949 -0.9414
vn 0.0997 -0.1470 -0.9841
vn 0.1338 -0.2760 0.9518
vn 0.0485 -0.1373 0.9893
vn 0.2837 -0.5153 0.8087
vn 0.4034 -0.7003 0.5889
vn 0.4831 -0.8162 0.3169
vn 0.5132 -0.8531 0.0942
vn 0.5185 -0.8531 -0.0581
vn 0.5040 -0.8162 -0.2823
vn 0.4436 -0.7003 -0.5593
vn 0.3395 -0.5153 -0.7869
vn 0.2000 -0.2760 -0.9401
vn 0.1176 -0.1373 -0.9835
vn 0.1698 -0.2504 0.9531
vn 0.0663 -0.1244 0.9900
vn 0.3508 -0.4674 0.8115
vn 0.4947 -0.6355 0.5928
vn 0.5898 -0.7410 0.3211
vn 0.6248 -0.7745 0.0982
vn 0.6302 -0.7745 -0.0543
vn 0.6108 -0.7410 -0.2791
vn 0.5350 -0.6355 -0.5567
vn 0.4066 -0.4674 -0.7850
vn 0.2360 -0.2504 -0.9389
vn 0.1353 -0.1244 -0.9830
vn 0.2039 -0.2178 0.9545
vn 0.0831 -0.1081 0.9907
vn 0.4144 -0.4065 0.8143
vn 0.5816 -0.5530 0.5966
vn 0.6915 -0.6450 0.3252
vn 0.7313 -0.6744 0.1021
vn 0.7366 -0.6744 -0.0508
vn 0.7125 -0.6450 -0.2761
vn 0.6219 -0.5530 -0.5545
vn 0.4703 -0.4065 -0.7833
vn 0.2701 -0.2178 -0.9379
vn 0.1521 -0.1081 -0.9824
vn 0.2340 -0.1787 0.9557
vn 0.0979 -0.0886 0.9912
vn 0.4707 -0.3335 0.8168
vn 0.6586 -0.4540 0.6002
vn 0.7816 -0.5299 0.3290
vn 0.8257 -0.5541 0.1056
vn 0.8311 -0.5541 -0.0477
vn 0.8027 -0.5299 -0.2736
vn 0.6989 -0.4540 -0.5527
vn 0.5266 -0.3335 -0.7819
vn 0.3002 -0.1787 -0.9370
vn 0.1669 -0.0886 -0.9820
vn 0.2579 -0.1347 0.9567
vn 0.1097 -0.0668 0.9917
vn 0.5156 -0.2517 0.8190
vn 0.7203 -0.3428 0.6031
vn 0.8541 -0.4003 0.3321
vn 0.9017 -0.4186 0.1084
vn 0.9070 -0.4186 -0.0452
vn 0.8752 -0.4003 -0.2716
vn 0.7606 -0.3428 -0.5513
vn 0.5716 -0.2517 -0.7810
vn 0.3241 -0.1347 -0.9364
vn 0.1788 -0.0668 -0.9816
vn 0.2744 -0.0886 0.9575
vn 0.1180 -0.0439 0.9920
vn 0.5469 -0.1656 0.8206
vn 0.7634 -0.2257 0.6053
vn 0.9048 -0.2637 0.3343
vn 0.9549 -0.2758 0.1104
vn 0.9602 -0.2758 -0.0434
vn 0.9260 -0.2637 -0.2703
vn 0.8038 -0.2257 -0.5504
vn 0.6030 -0.1656 -0.7804
vn 0.3406 -0.0886 -0.9360
vn 0.1871 -0.0439 -0.9814
vn 0.2833 -0.0430 0.9581
vn 0.1227 -0.0214 0.9922
vn 0.5643 -0.0805 0.8216
vn 0.7874 -0.1098 0.6066
vn 0.9332 -0.1283 0.3356
vn 0.9847 -0.1342 0.1115
vn 0.9900 -0.1342 -0.0424
vn 0.9544 -0.1283 -0.2696
vn 0.8279 -0.1098 -0.5500
vn 0.6203 -0.0805 -0.7802
vn 0.3496 -0.0430 -0.9359
vn 0.1917 -0.0214 -0.9812
vn 0.2831 -0.0103 0.9590
vn 0.1243 -0.0052 0.9922
vn 0.5676 -0.0194 0.8231
vn 0.7935 -0.0265 0.6079
vn 0.9412 -0.0309 0.3365
vn 0.9932 -0.0324 0.1118
vn 0.9986 -0.0324 -0.0421
vn 0.9624 -0.0309 -0.2699
vn 0.8341 -0.0265 -0.5510
vn 0.6237 -0.0194 -0.7814
vn 0.3495 -0.0103 -0.9369
vn 0.1934 -0.0052 -0.9811
vn -0.3463 0.0019 0.9381
vn -0.1935 0.0009 0.9811
vn -0.6218 0.0035 0.7832
vn -0.8334 0.0048 0.5526
vn -0.9626 0.0057 0.2709
vn -0.9991 0.0059 0.0422
vn -0.9937 0.0059 -0.1120
vn -0.9413 0.0057 -0.3375
vn -0.7928 0.0048 -0.6095
vn -0.5655 0.0035 -0.8247
vn -0.2799 0.0019 -0.9600
vn -0.1245 0.0009 -0.9922
vn -0.3455 0.0083 0.9384
vn -0.1934 0.0042 0.9811
vn -0.6210 0.0157 0.7836
vn -0.8329 0.0215 0.5531
vn -0.9622 0.0251 0.2712
vn -0.9988 0.0263 0.0423
vn -0.9934 0.0263 -0.1120
vn -0.9409 0.0251 -0.3378
vn -0.7922 0.0215 -0.6099
vn -0.5647 0.0157 -0.8251
vn -0.2790 0.0083 -0.9602
vn -0.1244 0.0042 -0.9922
vn -0.3446 0.0186 0.9386
vn -0.1932 0.0095 0.9811
vn -0.6199 0.0353 0.7839
vn -0.8316 0.0485 0.5533
vn -0.9608 0.0568 0.2714
vn -0.9973 0.0594 0.0424
vn -0.9919 0.0594 -0.1120
vn -0.9395 0.0568 -0.3378
vn -0.7909 0.0485 -0.6101
vn -0.5636 0.0353 -0.8253
vn -0.2782 0.0186 -0.9603
vn -0.1242 0.0095 -0.9922
vn -0.3431 0.0317 0.9387
vn -0.1927 0.0162 0.9811
vn -0.6176 0.0603 0.7842
vn -0.8286 0.0827 0.5536
vn -0.9575 0.0969 0.2716
vn -0.9939 0.1015 0.0425
vn -0.9885 0.1015 -0.1119
vn -0.9362 0.0969 -0.3379
vn -0.7879 0.0827 -0.6102
vn -0.5613 0.0603 -0.8254
vn -0.2767 0.0317 -0.9604
vn -0.1236 0.0162 -0.9922
vn -0.3406 0.0480 0.9390
vn -0.1916 0.0245 0.9812
vn -0.6133 0.0913 0.7846
vn -0.8230 0.1252 0.5541
vn -0.9511 0.1467 0.2720
vn -0.9872 0.1536 0.0427
vn -0.9818 0.1536 -0.1116
vn -0.9297 0.1467 -0.3378
vn -0.7823 0.1252 -0.6102
vn -0.5569 0.0913 -0.8255
vn -0.2741 0.0480 -0.9605
vn -0.1226 0.0245 -0.9922
vn -0.3364 0.0674 0.9393
vn -0.1898 0.0345 0.9812
vn -0.6060 0.1285 0.7851
vn -0.8132 0.1763 0.5546
vn -0.9397 0.2066 0.2725
vn -0.9754 0.2163 0.0432
vn -0.9700 0.2163 -0.1112
vn -0.9184 0.2066 -0.3375
vn -0.7725 0.1763 -0.6101
vn -0.5496 0.1285 -0.8255
vn -0.2700 0.0674 -0.9605
vn -0.1207 0.0345 -0.9921
vn -0.3302 0.0899 0.9396
vn -0.1868 0.0461 0.9813
vn -0.5945 0.1714 0.7856
vn -0.7977 0.2353 0.5553
vn -0.9216 0.2757 0.2732
vn -0.9564 0.2887 0.0438
vn -0.9510 0.2887 -0.1106
vn -0.9003 0.2757 -0.3369
vn -0.7569 0.2353 -0.6097
vn -0.5381 0.1714 -0.8252
vn -0.2637 0.0899 -0.9604
vn -0.1177 0.0461 -0.9920
vn -0.3213 0.1146 0.9400
vn -0.1824 0.0588 0.9815
vn -0.5780 0.2186 0.7862
vn -0.7751 0.3001 0.5560
vn -0.8951 0.3517 0.2740
vn -0.9287 0.3682 0.0448
vn -0.9233 0.3682 -0.1096
vn -0.8738 0.3517 -0.3359
vn -0.7344 0.3001 -0.6088
vn -0.5216 0.2186 -0.8247
vn -0.2549 0.1146 -0.9602
vn -0.1134 0.0588 -0.9918
vn -0.3099 0.1402 0.9404
vn -0.1767 0.0720 0.9816
vn -0.5562 0.2676 0.7868
vn -0.7451 0.3672 0.5568
vn -0.8598 0.4302 0.2751
vn -0.8916 0.4504 0.0460
vn -0.8862 0.4504 -0.1082
vn -0.8385 0.4302 -0.3345
vn -0.7044 0.3672 -0.6075
vn -0.4999 0.2676 -0.8237
vn -0.2434 0.1402 -0.9597
vn -0.1076 0.0720 -0.9916
vn -0.2963 0.1651 0.9407
vn -0.1696 0.0848 0.9818
vn -0.5300 0.3150 0.7873
vn -0.7088 0.4322 0.5575
vn -0.8170 0.5062 0.2762
vn -0.8468 0.5298 0.0475
vn -0.8414 0.5298 -0.1065
vn -0.7957 0.5062 -0.3326
vn -0.6681 0.4322 -0.6057
vn -0.4737 0.3150 -0.8224
vn -0.2298 0.1651 -0.9591
vn -0.1006 0.0848 -0.9913
vn -0.2815 0.1878 0.9410
vn -0.1619 0.0964 0.9821
vn -0.5013 0.3580 0.7877
vn -0.6690 0.4908 0.5582
vn -0.7700 0.5746 0.2773
vn -0.7975 0.6014 0.0491
vn -0.7921 0.6014 -0.1047
vn -0.7488 0.5746 -0.3305
vn -0.6283 0.4908 -0.6036
vn -0.4450 0.3580 -0.8209
vn -0.2150 0.1878 -0.9584
vn -0.0929 0.0964 -0.9910
vn -0.2668 0.2072 0.9412
vn -0.1542 0.1062 0.9823
vn -0.4726 0.3944 0.7881
vn -0.6292 0.5402 0.5588
vn -0.7231 0.6322 0.2784
vn -0.7482 0.6615 0.0507
vn -0.7429 0.6615 -0.1028
vn -0.7019 0.6322 -0.3283
vn -0.5886 0.5402 -0.6014
vn -0.4164 0.3944 -0.8192
vn -0.2003 0.2072 -0.9576
vn -0.0852 0.1062 -0.9907
vn -0.2526 0.2232 0.9415
vn -0.1468 0.1142 0.9825
vn -0.4452 0.4243 0.7885
vn -0.5913 0.5808 0.5595
vn -0.6785 0.6794 0.2795
vn -0.7015 0.7108 0.0522
vn -0.6961 0.7108 -0.1011
vn -0.6573 0.6794 -0.3263
vn -0.5507 0.5808 -0.5994
vn -0.3890 0.4243 -0.8177
vn -0.1862 0.2232 -0.9568
vn -0.0778 0.1142 -0.9904
vn -0.2377 0.2371 0.9419
vn -0.4169 0.4508 0.7893
vn -0.5525 0.6169 0.5605
vn -0.6329 0.7215 0.2809
vn -0.6538 0.7548 0.0538
vn -0.6484 0.7548 -0.0993
vn -0.6117 0.7215 -0.3245
vn -0.5119 0.6169 -0.5978
vn -0.3608 0.4508 -0.8165
vn -0.1713 0.2371 -0.9563
vn -0.2215 0.2504 0.9425
vn -0.1310 0.1283 0.9830
vn -0.3860 0.4761 0.7901
vn -0.5100 0.6515 0.5617
vn -0.5832 0.7617 0.2824
vn -0.6017 0.7968 0.0555
vn -0.5964 0.7968 -0.0975
vn -0.5620 0.7617 -0.3225
vn -0.4695 0.6515 -0.5959
vn -0.3299 0.4761 -0.8152
vn -0.1551 0.2504 -0.9556
vn -0.0619 0.1283 -0.9898
vn -0.2040 0.2629 0.9430
vn -0.1221 0.1347 0.9833
vn -0.3528 0.4998 0.7910
vn -0.4644 0.6837 0.5629
vn -0.5298 0.7992 0.2840
vn -0.5458 0.8359 0.0574
vn -0.5404 0.8359 -0.0954
vn -0.5086 0.7992 -0.3203
vn -0.4240 0.6837 -0.5940
vn -0.2967 0.4998 -0.8137
vn -0.1376 0.2629 -0.9549
vn -0.0530 0.1347 -0.9895
vn -0.1856 0.2744 0.9436
vn -0.1126 0.1406 0.9836
vn -0.3176 0.5214 0.7920
vn -0.4162 0.7130 0.5642
vn -0.4733 0.8333 0.2857
vn -0.4867 0.8716 0.0594
vn -0.4813 0.8716 -0.0933
vn -0.4522 0.8333 -0.3181
vn -0.3758 0.7130 -0.5919
vn -0.2615 0.5214 -0.8123
vn -0.1192 0.2744 -0.9542
vn -0.0436 0.1406 -0.9891
vn -0.1663 0.2845 0.9441
vn -0.1027 0.1458 0.9840
vn -0.2810 0.5405 0.7930
vn -0.3660 0.7390 0.5656
vn -0.4146 0.8634 0.2875
vn -0.4252 0.9030 0.0615
vn -0.4199 0.9030 -0.0911
vn -0.3934 0.8634 -0.3158
vn -0.3256 0.7390 -0.5898
vn -0.2249 0.5405 -0.8107
vn -0.0999 0.2845 -0.9535
vn -0.0337 0.1458 -0.9887
vn -0.1466 0.2932 0.9447
vn -0.0926 0.1503 0.9843
vn -0.2434 0.5569 0.7941
vn -0.3146 0.7612 0.5671
vn -0.3544 0.8892 0.2894
vn -0.3623 0.9299 0.0636
vn -0.3569 0.9299 -0.0888
vn -0.3333 0.8892 -0.3135
vn -0.2742 0.7612 -0.5877
vn -0.1873 0.5569 -0.8092
vn -0.0802 0.2932 -0.9527
vn -0.0236 0.1503 -0.9884
vn -0.1267 0.3004 0.9454
vn -0.0824 0.1539 0.9846
vn -0.2055 0.5705 0.7952
vn -0.2627 0.7795 0.5686
vn -0.2938 0.9104 0.2913
vn -0.2988 0.9520 0.0658
vn -0.2935 0.9520 -0.0865
vn -0.2727 0.9104 -0.3111
vn -0.2223 0.7795 -0.5856
vn -0.1494 0.5705 -0.8076
vn -0.0603 0.3004 -0.9519
vn -0.0134 0.1539 -0.9880
vn -0.1068 0.3062 0.9460
vn -0.0722 0.1568 0.9850
vn -0.1678 0.5812 0.7963
vn -0.2112 0.7939 0.5702
vn -0.2335 0.9271 0.2933
vn -0.2358 0.9694 0.0680
vn -0.2305 0.9694 -0.0843
vn -0.2125 0.9271 -0.3089
vn -0.1708 0.7939 -0.5835
vn -0.1118 0.5812 -0.8061
vn -0.0405 0.3062 -0.9511
vn -0.0032 0.1568 -0.9876
vn -0.0874 0.3105 0.9466
vn -0.0623 0.1590 0.9853
vn -0.1309 0.5891 0.7974
vn -0.1606 0.8046 0.5717
vn -0.1745 0.9394 0.2952
vn -0.1741 0.9822 0.0701
vn -0.1688 0.9822 -0.0821
vn -0.1535 0.9394 -0.3066
vn -0.1203 0.8046 -0.5815
vn -0.0748 0.5891 -0.8046
vn -0.0210 0.3105 -0.9504
vn 0.0068 0.1590 -0.9873
vn -0.0685 0.3134 0.9471
vn -0.0526 0.1604 0.9856
vn -0.0951 0.5945 0.7985
vn -0.1117 0.8117 0.5732
vn -0.1174 0.9476 0.2970
vn -0.1144 0.9908 0.0721
vn -0.1091 0.9908 -0.0800
vn -0.0964 0.9476 -0.3045
vn -0.0714 0.8117 -0.5796
vn -0.0390 0.5945 -0.8032
vn -0.0022 0.3134 -0.9496
vn 0.0164 0.1604 -0.9869
vn -0.0505 0.3151 0.9477
vn -0.0434 0.1612 0.9860
vn -0.0608 0.5975 0.7995
vn -0.0649 0.8158 0.5747
vn -0.0628 0.9522 0.2988
vn -0.0573 0.9956 0.0741
vn -0.0520 0.9956 -0.0779
vn -0.0417 0.9522 -0.3025
vn -0.0246 0.8158 -0.5778
vn -0.0048 0.5975 -0.8018
vn 0.0159 0.3151 -0.9489
vn 0.0257 0.1612 -0.9866
vn -0.0333 0.3157 0.9483
vn -0.0345 0.1615 0.9863
vn -0.0282 0.5985 0.8006
vn -0.0204 0.8171 0.5762
vn -0.0107 0.9537 0.3006
vn -0.0029 0.9971 0.0760
vn 0.0024 0.9971 -0.0760
vn 0.0103 0.9537 -0.3006
vn 0.0200 0.8171 -0.5762
vn 0.0279 0.5985 -0.8006
vn 0.0331 0.3157 -0.9483
vn 0.0345 0.1615 -0.9863
vn -0.0163 0.3152 0.9489
vn -0.0259 0.1612 0.9866
vn 0.0040 0.5976 0.8018
vn 0.0235 0.8159 0.5778
vn 0.0404 0.9523 0.3024
vn 0.0506 0.9957 0.0779
vn 0.0559 0.9957 -0.0742
vn 0.0615 0.9523 -0.2989
vn 0.0638 0.8159 -0.5747
vn 0.0600 0.5976 -0.7995
vn 0.0501 0.3152 -0.9477
vn 0.0431 0.1612 -0.9860
vn 0.0010 0.3137 0.9495
vn -0.0170 0.1605 0.9869
vn 0.0369 0.5948 0.8030
vn 0.0684 0.8121 0.5794
vn 0.0929 0.9480 0.3043
vn 0.1055 0.9912 0.0798
vn 0.1108 0.9912 -0.0723
vn 0.1139 0.9480 -0.2971
vn 0.1088 0.8121 -0.5732
vn 0.0929 0.5948 -0.7985
vn 0.0674 0.3137 -0.9471
vn 0.0520 0.1605 -0.9857
vn 0.0188 0.3110 0.9502
vn -0.0079 0.1592 0.9872
vn 0.0707 0.5900 0.8043
vn 0.1146 0.8057 0.5812
vn 0.1468 0.9405 0.3063
vn 0.1618 0.9834 0.0818
vn 0.1671 0.9834 -0.0703
vn 0.1678 0.9405 -0.2953
vn 0.1549 0.8057 -0.5718
vn 0.1267 0.5900 -0.7974
vn 0.0852 0.3110 -0.9466
vn 0.0611 0.1592 -0.9854
vn 0.0370 0.3072 0.9509
vn 0.0014 0.1573 0.9876
vn 0.1052 0.5829 0.8057
vn 0.1618 0.7962 0.5830
vn 0.2019 0.9296 0.3084
vn 0.2195 0.9720 0.0839
vn 0.2248 0.9720 -0.0683
vn 0.2230 0.9296 -0.2935
vn 0.2021 0.7962 -0.5703
vn 0.1612 0.5829 -0.7964
vn 0.1034 0.3072 -0.9460
vn 0.0705 0.1573 -0.9850
vn 0.0555 0.3022 0.9516
vn 0.0109 0.1547 0.9879
vn 0.1403 0.5735 0.8071
vn 0.2098 0.7834 0.5850
vn 0.2581 0.9149 0.3105
vn 0.2782 0.9567 0.0860
vn 0.2835 0.9567 -0.0663
vn 0.2791 0.9149 -0.2917
vn 0.2502 0.7834 -0.5689
vn 0.1964 0.5735 -0.7953
vn 0.1219 0.3022 -0.9454
vn 0.0799 0.1547 -0.9847
vn 0.0743 0.2957 0.9524
vn 0.0205 0.1515 0.9882
vn 0.1760 0.5615 0.8086
vn 0.2585 0.7672 0.5870
vn 0.3150 0.8961 0.3127
vn 0.3378 0.9371 0.0881
vn 0.3431 0.9371 -0.0643
vn 0.3361 0.8961 -0.2899
vn 0.2989 0.7672 -0.5675
vn 0.2320 0.5615 -0.7943
vn 0.1406 0.2957 -0.9449
vn 0.0895 0.1515 -0.9844
vn 0.0931 0.2878 0.9531
vn 0.0302 0.1475 0.9886
vn 0.2119 0.5467 0.8101
vn 0.3077 0.7472 0.5890
vn 0.3725 0.8729 0.3149
vn 0.3980 0.9129 0.0903
vn 0.4033 0.9129 -0.0622
vn 0.3936 0.8729 -0.2881
vn 0.3481 0.7472 -0.5661
vn 0.2680 0.5467 -0.7933
vn 0.1595 0.2878 -0.9443
vn 0.0992 0.1475 -0.9841
vn 0.1120 0.2784 0.9539
vn 0.0399 0.1426 0.9890
vn 0.2479 0.5289 0.8117
vn 0.3571 0.7232 0.5911
vn 0.4303 0.8451 0.3172
vn 0.4585 0.8839 0.0925
vn 0.4638 0.8839 -0.0602
vn 0.4515 0.8451 -0.2864
vn 0.3976 0.7232 -0.5647
vn 0.3040 0.5289 -0.7923
vn 0.1784 0.2784 -0.9438
vn 0.1089 0.1426 -0.9838
vn 0.1309 0.2672 0.9547
vn 0.0496 0.1370 0.9893
vn 0.2838 0.5080 0.8133
vn 0.4064 0.6948 0.5933
vn 0.4881 0.8122 0.3196
vn 0.5190 0.8495 0.0947
vn 0.5243 0.8495 -0.0581
vn 0.5093 0.8122 -0.2847
vn 0.4469 0.6948 -0.5634
vn 0.3400 0.5080 -0.7914
vn 0.1973 0.2672 -0.9432
vn 0.1186 0.1370 -0.9834
vn 0.1495 0.2543 0.9555
vn 0.0592 0.1304 0.9897
vn 0.3195 0.4836 0.8149
vn 0.4554 0.6618 0.5955
vn 0.5456 0.7738 0.3219
vn 0.5791 0.8095 0.0968
vn 0.5845 0.8095 -0.0561
vn 0.5667 0.7738 -0.2830
vn 0.4959 0.6618 -0.5622
vn 0.3757 0.4836 -0.7906
vn 0.2160 0.2543 -0.9427
vn 0.1282 0.1304 -0.9831
vn 0.1679 0.2394 0.9563
vn 0.0686 0.1228 0.9901
vn 0.3546 0.4556 0.8165
vn 0.5037 0.6237 0.5977
vn 0.6022 0.7295 0.3243
vn 0.6385 0.7632 0.0990
vn 0.6438 0.7632 -0.0542
vn 0.6234 0.7295 -0.2814
vn 0.5442 0.6237 -0.5611
vn 0.4108 0.4556 -0.7897
vn 0.2343 0.2394 -0.9422
vn 0.1377 0.1228 -0.9828
vn 0.1864 0.2210 0.9573
vn 0.0783 0.1136 0.9904
vn 0.3905 0.4213 0.8185
vn 0.5534 0.5773 0.6004
vn 0.6608 0.6756 0.3269
vn 0.6999 0.7070 0.1013
vn 0.7053 0.7070 -0.0521
vn 0.6820 0.6756 -0.2800
vn 0.5940 0.5773 -0.5602
vn 0.4468 0.4213 -0.7892
vn 0.2529 0.2210 -0.9419
vn 0.1474 0.1136 -0.9825
vn 0.2057 0.1985 0.9583
vn 0.0884 0.1021 0.9908
vn 0.4279 0.3789 0.8206
vn 0.6051 0.5197 0.6031
vn 0.7217 0.6086 0.3297
vn 0.7639 0.6370 0.1037
vn 0.7692 0.6370 -0.0501
vn 0.7430 0.6086 -0.2784
vn 0.6458 0.5197 -0.5593
vn 0.4842 0.3789 -0.7887
vn 0.2721 0.1985 -0.9416
vn 0.1574 0.1021 -0.9822
vn 0.2239 0.1737 0.9590
vn 0.0977 0.0893 0.9912
vn 0.4627 0.3316 0.8221
vn 0.6532 0.4550 0.6052
vn 0.7783 0.5330 0.3320
vn 0.8231 0.5579 0.1059
vn 0.8285 0.5579 -0.0481
vn 0.7996 0.5330 -0.2768
vn 0.6939 0.4550 -0.5581
vn 0.5191 0.3316 -0.7878
vn 0.2904 0.1737 -0.9410
vn 0.1668 0.0893 -0.9819
vn 0.2392 0.1484 0.9596
vn 0.1055 0.0762 0.9915
vn 0.4918 0.2832 0.8234
vn 0.6932 0.3887 0.6070
vn 0.8253 0.4554 0.3339
vn 0.8724 0.4767 0.1077
vn 0.8778 0.4767 -0.0464
vn 0.8466 0.4554 -0.2754
vn 0.7339 0.3887 -0.5570
vn 0.5481 0.2832 -0.7870
vn 0.3057 0.1484 -0.9405
vn 0.1745 0.0762 -0.9817
vn 0.2514 0.1236 0.9600
vn 0.1116 0.0634 0.9917
vn 0.5148 0.2358 0.8242
vn 0.7248 0.3236 0.6083
vn 0.8624 0.3791 0.3354
vn 0.9114 0.3969 0.1091
vn 0.9168 0.3969 -0.0451
vn 0.8838 0.3791 -0.2743
vn 0.7655 0.3236 -0.5561
vn 0.5712 0.2358 -0.7862
vn 0.3179 0.1236 -0.9400
vn 0.1806 0.0634 -0.9815
vn 0.2607 0.1002 0.9602
vn 0.1161 0.0513 0.9919
vn 0.5322 0.1910 0.8248
vn 0.7485 0.2621 0.6091
vn 0.8903 0.3070 0.3364
vn 0.9405 0.3215 0.1102
vn 0.9459 0.3215 -0.0442
vn 0.9116 0.3070 -0.2734
vn 0.7893 0.2621 -0.5553
vn 0.5885 0.1910 -0.7856
vn 0.3271 0.1002 -0.9397
vn 0.1852 0.0513 -0.9814
vn 0.2674 0.0788 0.9604
vn 0.1194 0.0403 0.9920
vn 0.5446 0.1500 0.8252
vn 0.7654 0.2059 0.6097
vn 0.9101 0.2412 0.3371
vn 0.9612 0.2525 0.1109
vn 0.9666 0.2525 -0.0434
vn 0.9314 0.2412 -0.2727
vn 0.8062 0.2059 -0.5547
vn 0.6009 0.1500 -0.7851
vn 0.3339 0.0788 -0.9393
vn 0.1884 0.0403 -0.9813
vn 0.2721 0.0597 0.9604
vn 0.1215 0.0305 0.9921
vn 0.5531 0.1137 0.8253
vn 0.7769 0.1559 0.6100
vn 0.9234 0.1827 0.3375
vn 0.9752 0.1913 0.1114
vn 0.9806 0.1913 -0.0430
vn 0.9448 0.1827 -0.2721
vn 0.8177 0.1559 -0.5542
vn 0.6094 0.1137 -0.7847
vn 0.3386 0.0597 -0.9390
vn 0.1906 0.0305 -0.9812
vn 0.2752 0.0432 0.9604
vn 0.1229 0.0220 0.9922
vn 0.5586 0.0821 0.8254
vn 0.7843 0.1126 0.6101
vn 0.9320 0.1320 0.3377
vn 0.9841 0.1381 0.1117
vn 0.9895 0.1381 -0.0426
vn 0.9533 0.1320 -0.2718
vn 0.8250 0.1126 -0.5538
vn 0.6149 0.0821 -0.7843
vn 0.3417 0.0432 -0.9388
vn 0.1920 0.0220 -0.9812
vn 0.2772 0.0291 0.9604
vn 0.1238 0.0148 0.9922
vn 0.5620 0.0553 0.8253
vn 0.7887 0.0759 0.6101
vn 0.9370 0.0889 0.3378
vn 0.9894 0.0930 0.1119
vn 0.9948 0.0930 -0.0424
vn 0.9583 0.0889 -0.2715
vn 0.8294 0.0759 -0.5535
vn 0.6183 0.0553 -0.7840
vn 0.3437 0.0291 -0.9386
vn 0.1928 0.0148 -0.9811
vn 0.2784 0.0174 0.9603
vn 0.1242 0.0089 0.9922
vn 0.5639 0.0331 0.8252
vn 0.7911 0.0453 0.6100
vn 0.9397 0.0531 0.3378
vn 0.9922 0.0555 0.1120
vn 0.9976 0.0555 -0.0423
vn 0.9610 0.0531 -0.2713
vn 0.8318 0.0453 -0.5532
vn 0.6202 0.0331 -0.7838
vn 0.3449 0.0174 -0.9385
vn 0.1933 0.0089 -0.9811
vn 0.2791 0.0079 0.9602
vn 0.1244 0.0040 0.9922
vn 0.5648 0.0149 0.8251
vn 0.7922 0.0204 0.6099
vn 0.9409 0.0239 0.3377
vn 0.9934 0.0250 0.1120
vn 0.9988 0.0250 -0.0423
vn 0.9622 0.0239 -0.2711
vn 0.8329 0.0204 -0.5530
vn 0.6211 0.0149 -0.7836
vn 0.3456 0.0079 -0.9384
vn 0.1935 0.0040 -0.9811
vn 0.2799 0.0018 0.9600
vn 0.1245 0.0009 0.9922
vn 0.5655 0.0034 0.8247
vn 0.7928 0.0047 0.6095
vn 0.9413 0.0055 0.3375
vn 0.9937 0.0057 0.1120
vn 0.9991 0.0057 -0.0422
vn 0.9626 0.0055 -0.2709
vn 0.8334 0.0047 -0.5526
vn 0.6218 0.0034 -0.7832
vn 0.3464 0.0018 -0.9381
vn 0.1935 0.0009 -0.9811
vn -0.3490 -0.0083 0.9371
vn -0.1934 -0.0042 0.9811
vn -0.6235 -0.0156 0.7817
vn -0.8341 -0.0213 0.5512
vn -0.9625 -0.0249 0.2701
vn -0.9988 -0.0260 0.0421
vn -0.9934 -0.0260 -0.1119
vn -0.9413 -0.0249 -0.3367
vn -0.7935 -0.0213 -0.6082
vn -0.5673 -0.0156 -0.8233
vn -0.2826 -0.0083 -0.9592
vn -0.1244 -0.0042 -0.9922
vn -0.4433 -0.4769 -0.7590
vn 0.0878 -0.1243 0.9884
vn 0.2600 -0.2966 0.9189
vn 0.4433 -0.4769 0.7590
vn 0.6143 -0.6400 0.4615
vn 0.6927 -0.7081 0.1373
vn 0.7006 -0.7081 -0.0885
vn 0.6451 -0.6400 -0.4174
vn 0.4952 -0.4769 -0.7262
vn 0.3236 -0.2966 -0.8985
vn 0.1567 -0.1243 -0.9798
vt 0.571429 0.000000
vt 0.857143 0.000000
vt 0.714286 0.000000
vt 1.000000 0.000000
vt 0.428571 0.000000
vt 0.285714 0.000000
vt 0.000000 0.000000
vt 0.142857 0.000000
vt 0.400000 0.000000
vt 0.800000 0.000000
vt 0.600000 0.000000
vt 0.200000 0.000000
vt 0.298701 0.000000
vt 0.324675 0.000000
vt 0.311688 0.000000
vt 0.337662 0.000000
vt 0.961039 0.000000
vt 0.987013 0.000000
vt 0.974026 0.000000
vt 0.948052 0.000000
vt 0.350649 0.000000
vt 0.935065 0.000000
vt 0.363636 0.000000
vt 0.922078 0.000000
vt 0.376623 0.000000
vt 0.909091 0.000000
vt 0.389610 0.000000
vt 0.012987 0.000000
vt 0.896104 0.000000
vt 0.402597 0.000000
vt 0.272727 0.000000
vt 0.883117 0.000000
vt 0.415584 0.000000
vt 0.870130 0.000000
vt 0.025974 0.000000
vt 0.441558 0.000000
vt 0.844156 0.000000
vt 0.259740 0.000000
vt 0.454545 0.000000
vt 0.831169 0.000000
vt 0.467532 0.000000
vt 0.480519 0.000000
vt 0.818182 0.000000
vt 0.038961 0.000000
vt 0.493506 0.000000
vt 0.805195 0.000000
vt 0.506494 0.000000
vt 0.246753 0.000000
vt 0.792208 0.000000
vt 0.519481 0.000000
vt 0.779221 0.000000
vt 0.051948 0.000000
vt 0.532468 0.000000
vt 0.766234 0.000000
vt 0.753247 0.000000
vt 0.545455 0.000000
vt 0.740260 0.000000
vt 0.558442 0.000000
vt 0.233766 0.000000
vt 0.727273 0.000000
vt 0.584416 0.000000
vt 0.064935 0.000000
vt 0.701299 0.000000
vt 0.597403 0.000000
vt 0.688312 0.000000
vt 0.610390 0.000000
vt 0.675325 0.000000
vt 0.623377 0.000000
vt 0.662338 0.000000
vt 0.636364 0.000000
vt 0.649351 0.000000
vt 0.220779 0.000000
vt 0.077922 0.000000
vt 0.207792 0.000000
vt 0.090909 0.000000
vt 0.194805 0.000000
vt 0.103896 0.000000
vt 0.181818 0.000000
vt 0.116883 0.000000
vt 0.168831 0.000000
vt 0.129870 0.000000
vt 0.155844 0.000000
vt 0.884298 0.000000
vt 0.900826 0.000000
vt 0.892562 0.000000
vt 0.917355 0.000000
vt 0.876033 0.000000
vt 0.925620 0.000000
vt 0.933884 0.000000
vt 0.867769 0.000000
vt 0.942149 0.000000
vt 0.950413 0.000000
vt 0.859504 0.000000
vt 0.958678 0.000000
vt 0.966942 0.000000
vt 0.851240 0.000000
vt 0.975207 0.000000
vt 0.983471 0.000000
vt 0.842975 0.000000
vt 0.991736 0.000000
vt 0.057851 0.000000
vt 0.049587 0.000000
vt 0.041322 0.000000
vt 0.033058 0.000000
vt 0.024793 0.000000
vt 0.016529 0.000000
vt 0.008264 0.000000
vt 0.834711 0.000000
vt 0.074380 0.000000
vt 0.066116 0.000000
vt 0.826446 0.000000
vt 0.082645 0.000000
vt 0.099174 0.000000
vt 0.107438 0.000000
vt 0.115702 0.000000
vt 0.123967 0.000000
vt 0.132231 0.000000
vt 0.140496 0.000000
vt 0.809917 0.000000
vt 0.148760 0.000000
vt 0.157025 0.000000
vt 0.165289 0.000000
vt 0.801653 0.000000
vt 0.173554 0.000000
vt 0.793388 0.000000
vt 0.190083 0.000000
vt 0.198347 0.000000
vt 0.785124 0.000000
vt 0.206612 0.000000
vt 0.214876 0.000000
vt 0.776860 0.000000
vt 0.223140 0.000000
vt 0.768595 0.000000
vt 0.231405 0.000000
vt 0.239669 0.000000
vt 0.760331 0.000000
vt 0.247934 0.000000
vt 0.752066 0.000000
vt 0.256198 0.000000
vt 0.743802 0.000000
vt 0.264463 0.000000
vt 0.735537 0.000000
vt 0.719008 0.000000
vt 0.280992 0.000000
vt 0.710744 0.000000
vt 0.702479 0.000000
vt 0.289256 0.000000
vt 0.694215 0.000000
vt 0.487603 0.000000
vt 0.504132 0.000000
vt 0.495868 0.000000
vt 0.297521 0.000000
vt 0.685950 0.000000
vt 0.512397 0.000000
vt 0.677686 0.000000
vt 0.305785 0.000000
vt 0.520661 0.000000
vt 0.669421 0.000000
vt 0.528926 0.000000
vt 0.661157 0.000000
vt 0.652893 0.000000
vt 0.314050 0.000000
vt 0.537190 0.000000
vt 0.644628 0.000000
vt 0.553719 0.000000
vt 0.322314 0.000000
vt 0.628099 0.000000
vt 0.561983 0.000000
vt 0.619835 0.000000
vt 0.570248 0.000000
vt 0.611570 0.000000
vt 0.578512 0.000000
vt 0.603306 0.000000
vt 0.586777 0.000000
vt 0.330579 0.000000
vt 0.595041 0.000000
vt 0.338843 0.000000
vt 0.479339 0.000000
vt 0.471074 0.000000
vt 0.347107 0.000000
vt 0.462810 0.000000
vt 0.355372 0.000000
vt 0.446281 0.000000
vt 0.438017 0.000000
vt 0.429752 0.000000
vt 0.371901 0.000000
vt 0.421488 0.000000
vt 0.413223 0.000000
vt 0.380165 0.000000
vt 0.404959 0.000000
vt 0.396694 0.000000
vt 0.388430 0.000000
vt 0.688172 0.000000
vt 0.989247 0.000000
vt 0.698925 0.000000
vt 0.709677 0.000000
vt 0.010753 0.000000
vt 0.021505 0.000000
vt 0.032258 0.000000
vt 0.043011 0.000000
vt 0.053763 0.000000
vt 0.064516 0.000000
vt 0.978495 0.000000
vt 0.075269 0.000000
vt 0.967742 0.000000
vt 0.956989 0.000000
vt 0.946237 0.000000
vt 0.086022 0.000000
vt 0.935484 0.000000
vt 0.924731 0.000000
vt 0.913979 0.000000
vt 0.096774 0.000000
vt 0.903226 0.000000
vt 0.892473 0.000000
vt 0.881720 0.000000
vt 0.107527 0.000000
vt 0.870968 0.000000
vt 0.860215 0.000000
vt 0.118280 0.000000
vt 0.849462 0.000000
vt 0.838710 0.000000
vt 0.129032 0.000000
vt 0.827957 0.000000
vt 0.139785 0.000000
vt 0.817204 0.000000
vt 0.806452 0.000000
vt 0.150538 0.000000
vt 0.795699 0.000000
vt 0.161290 0.000000
vt 0.784946 0.000000
vt 0.172043 0.000000
vt 0.774194 0.000000
vt 0.763441 0.000000
vt 0.182796 0.000000
vt 0.752688 0.000000
vt 0.741935 0.000000
vt 0.193548 0.000000
vt 0.731183 0.000000
vt 0.720430 0.000000
vt 0.666667 0.000000
vt 0.204301 0.000000
vt 0.215054 0.000000
vt 0.225806 0.000000
vt 0.236559 0.000000
vt 0.247312 0.000000
vt 0.258065 0.000000
vt 0.268817 0.000000
vt 0.655914 0.000000
vt 0.645161 0.000000
vt 0.279570 0.000000
vt 0.677419 0.000000
vt 0.634409 0.000000
vt 0.623656 0.000000
vt 0.612903 0.000000
vt 0.290323 0.000000
vt 0.602151 0.000000
vt 0.591398 0.000000
vt 0.301075 0.000000
vt 0.580645 0.000000
vt 0.311828 0.000000
vt 0.569892 0.000000
vt 0.322581 0.000000
vt 0.559140 0.000000
vt 0.333333 0.000000
vt 0.548387 0.000000
vt 0.344086 0.000000
vt 0.537634 0.000000
vt 0.354839 0.000000
vt 0.365591 0.000000
vt 0.526882 0.000000
vt 0.376344 0.000000
vt 0.516129 0.000000
vt 0.387097 0.000000
vt 0.397849 0.000000
vt 0.408602 0.000000
vt 0.419355 0.000000
vt 0.430108 0.000000
vt 0.440860 0.000000
vt 0.451613 0.000000
vt 0.462366 0.000000
vt 0.473118 0.000000
vt 0.483871 0.000000
vt 0.494624 0.000000
vt 0.505376 0.000000
vt 0.000000 0.090909
vt 0.014925 0.090909
vt 0.014925 0.000000
vt 0.000000 0.181818
vt 0.014925 0.181818
vt 0.000000 0.272727
vt 0.014925 0.272727
vt 0.000000 0.363636
vt 0.014925 0.363636
vt 0.000000 0.454545
vt 0.014925 0.454545
vt 0.000000 0.545455
vt 0.014925 0.545455
vt 0.000000 0.636364
vt 0.014925 0.636364
vt 0.000000 0.727273
vt 0.014925 0.727273
vt 0.000000 0.818182
vt 0.014925 0.818182
vt 0.000000 0.909091
vt 0.014925 0.909091
vt 0.000000 1.000000
vt 0.014925 1.000000
vt 0.029851 0.090909
vt 0.029851 0.000000
vt 0.029851 0.181818
vt 0.029851 0.272727
vt 0.029851 0.363636
vt 0.029851 0.454545
vt 0.029851 0.545455
vt 0.029851 0.636364
vt 0.029851 0.727273
vt 0.029851 0.818182
vt 0.029851 0.909091
vt 0.029851 1.000000
vt 0.044776 0.090909
vt 0.044776 0.000000
vt 0.044776 0.181818
vt 0.044776 0.272727
vt 0.044776 0.363636
vt 0.044776 0.454545
vt 0.044776 0.545455
vt 0.044776 0.636364
vt 0.044776 0.727273
vt 0.044776 0.818182
vt 0.044776 0.909091
vt 0.044776 1.000000
vt 0.059701 0.090909
vt 0.059701 0.000000
vt 0.059701 0.181818
vt 0.059701 0.272727
vt 0.059701 0.363636
vt 0.059701 0.454545
vt 0.059701 0.545455
vt 0.059701 0.636364
vt 0.059701 0.727273
vt 0.059701 0.818182
vt 0.059701 0.909091
vt 0.059701 1.000000
vt 0.074627 0.090909
vt 0.074627 0.000000
vt 0.074627 0.181818
vt 0.074627 0.272727
vt 0.074627 0.363636
vt 0.074627 0.454545
vt 0.074627 0.545455
vt 0.074627 0.636364
vt 0.074627 0.727273
vt 0.074627 0.818182
vt 0.074627 0.909091
vt 0.074627 1.000000
vt 0.089552 0.090909
vt 0.089552 0.000000
vt 0.089552 0.181818
vt 0.089552 0.272727
vt 0.089552 0.363636
vt 0.089552 0.454545
vt 0.089552 0.545455
vt 0.089552 0.636364
vt 0.089552 0.727273
vt 0.089552 0.818182
vt 0.089552 0.909091
vt 0.089552 1.000000
vt 0.104478 0.090909
vt 0.104478 0.000000
vt 0.104478 0.181818
vt 0.104478 0.272727
vt 0.104478 0.363636
vt 0.104478 0.454545
vt 0.104478 0.545455
vt 0.104478 0.636364
vt 0.104478 0.727273
vt 0.104478 0.818182
vt 0.104478 0.909091
vt 0.104478 1.000000
vt 0.119403 0.090909
vt 0.119403 0.000000
vt 0.119403 0.181818
vt 0.119403 0.272727
vt 0.119403 0.363636
vt 0.119403 0.454545
vt 0.119403 0.545455
vt 0.119403 0.636364
vt 0.119403 0.727273
vt 0.119403 0.818182
vt 0.119403 0.909091
vt 0.119403 1.000000
vt 0.134328 0.090909
vt 0.134328 0.000000
vt 0.134328 0.181818
vt 0.134328 0.272727
vt 0.134328 0.363636
vt 0.134328 0.454545
vt 0.134328 0.545455
vt 0.134328 0.636364
vt 0.134328 0.727273
vt 0.134328 0.818182
vt 0.134328 0.909091
vt 0.134328 1.000000
vt 0.149254 0.090909
vt 0.149254 0.000000
vt 0.149254 0.181818
vt 0.149254 0.272727
vt 0.149254 0.363636
vt 0.149254 0.454545
vt 0.149254 0.545455
vt 0.149254 0.636364
vt 0.149254 0.727273
vt 0.149254 0.818182
vt 0.149254 0.909091
vt 0.149254 1.000000
vt 0.164179 0.090909
vt 0.164179 0.000000
vt 0.164179 0.181818
vt 0.164179 0.272727
vt 0.164179 0.363636
vt 0.164179 0.454545
vt 0.164179 0.545455
vt 0.164179 0.636364
vt 0.164179 0.727273
vt 0.164179 0.818182
vt 0.164179 0.909091
vt 0.164179 1.000000
vt 0.179104 0.090909
vt 0.179104 0.000000
vt 0.179104 0.181818
vt 0.179104 0.272727
vt 0.179104 0.363636
vt 0.179104 0.454545
vt 0.179104 0.545455
vt 0.179104 0.636364
vt 0.179104 0.727273
vt 0.179104 0.818182
vt 0.179104 0.909091
vt 0.179104 1.000000
vt 0.194030 0.090909
vt 0.194030 0.000000
vt 0.194030 0.181818
vt 0.194030 0.272727
vt 0.194030 0.363636
vt 0.194030 0.454545
vt 0.194030 0.545455
vt 0.194030 0.636364
vt 0.194030 0.727273
vt 0.194030 0.818182
vt 0.194030 0.909091
vt 0.194030 1.000000
vt 0.208955 0.090909
vt 0.208955 0.000000
vt 0.208955 0.181818
vt 0.208955 0.272727
vt 0.208955 0.363636
vt 0.208955 0.454545
vt 0.208955 0.545455
vt 0.208955 0.636364
vt 0.208955 0.727273
vt 0.208955 0.818182
vt 0.208955 0.909091
vt 0.208955 1.000000
vt 0.223881 0.090909
vt 0.223881 0.000000
vt 0.223881 0.181818
vt 0.223881 0.272727
vt 0.223881 0.363636
vt 0.223881 0.454545
vt 0.223881 0.545455
vt 0.223881 0.636364
vt 0.223881 0.727273
vt 0.223881 0.818182
vt 0.223881 0.909091
vt 0.223881 1.000000
vt 0.238806 0.090909
vt 0.238806 0.000000
vt 0.238806 0.181818
vt 0.238806 0.272727
vt 0.238806 0.363636
vt 0.238806 0.454545
vt 0.238806 0.545455
vt 0.238806 0.636364
vt 0.238806 0.727273
vt 0.238806 0.818182
vt 0.238806 0.909091
vt 0.238806 1.000000
vt 0.253731 0.090909
vt 0.253731 0.000000
vt 0.253731 0.181818
vt 0.253731 0.272727
vt 0.253731 0.363636
vt 0.253731 0.454545
vt 0.253731 0.545455
vt 0.253731 0.636364
vt 0.253731 0.727273
vt 0.253731 0.818182
vt 0.253731 0.909091
vt 0.253731 1.000000
vt 0.268657 0.090909
vt 0.268657 0.000000
vt 0.268657 0.181818
vt 0.268657 0.272727
vt 0.268657 0.363636
vt 0.268657 0.454545
vt 0.268657 0.545455
vt 0.268657 0.636364
vt 0.268657 0.727273
vt 0.268657 0.818182
vt 0.268657 0.909091
vt 0.268657 1.000000
vt 0.283582 0.090909
vt 0.283582 0.000000
vt 0.283582 0.181818
vt 0.283582 0.272727
vt 0.283582 0.363636
vt 0.283582 0.454545
vt 0.283582 0.545455
vt 0.283582 0.636364
vt 0.283582 0.727273
vt 0.283582 0.818182
vt 0.283582 0.909091
vt 0.283582 1.000000
vt 0.298507 0.090909
vt 0.298507 0.000000
vt 0.298507 0.181818
vt 0.298507 0.272727
vt 0.298507 0.363636
vt 0.298507 0.454545
vt 0.298507 0.545455
vt 0.298507 0.636364
vt 0.298507 0.727273
vt 0.298507 0.818182
vt 0.298507 0.909091
vt 0.298507 1.000000
vt 0.313433 0.090909
vt 0.313433 0.000000
vt 0.313433 0.181818
vt 0.313433 0.272727
vt 0.313433 0.363636
vt 0.313433 0.454545
vt 0.313433 0.545455
vt 0.313433 0.636364
vt 0.313433 0.727273
vt 0.313433 0.818182
vt 0.313433 0.909091
vt 0.313433 1.000000
vt 0.328358 0.090909
vt 0.328358 0.000000
vt 0.328358 0.181818
vt 0.328358 0.272727
vt 0.328358 0.363636
vt 0.328358 0.454545
vt 0.328358 0.545455
vt 0.328358 0.636364
vt 0.328358 0.727273
vt 0.328358 0.818182
vt 0.328358 0.909091
vt 0.328358 1.000000
vt 0.343284 0.090909
vt 0.343284 0.000000
vt 0.343284 0.181818
vt 0.343284 0.272727
vt 0.343284 0.363636
vt 0.343284 0.454545
vt 0.343284 0.545455
vt 0.343284 0.636364
vt 0.343284 0.727273
vt 0.343284 0.818182
vt 0.343284 0.909091
vt 0.343284 1.000000
vt 0.358209 0.090909
vt 0.358209 0.000000
vt 0.358209 0.181818
vt 0.358209 0.272727
vt 0.358209 0.363636
vt 0.358209 0.454545
vt 0.358209 0.545455
vt 0.358209 0.636364
vt 0.358209 0.727273
vt 0.358209 0.818182
vt 0.358209 0.909091
vt 0.358209 1.000000
vt 0.373134 0.090909
vt 0.373134 0.000000
vt 0.373134 0.181818
vt 0.373134 0.272727
vt 0.373134 0.363636
vt 0.373134 0.454545
vt 0.373134 0.545455
vt 0.373134 0.636364
vt 0.373134 0.727273
vt 0.373134 0.818182
vt 0.373134 0.909091
vt 0.373134 1.000000
vt 0.388060 0.090909
vt 0.388060 0.000000
vt 0.388060 0.181818
vt 0.388060 0.272727
vt 0.388060 0.363636
vt 0.388060 0.454545
vt 0.388060 0.545455
vt 0.388060 0.636364
vt 0.388060 0.727273
vt 0.388060 0.818182
vt 0.388060 0.909091
vt 0.388060 1.000000
vt 0.402985 0.090909
vt 0.402985 0.000000
vt 0.402985 0.181818
vt 0.402985 0.272727
vt 0.402985 0.363636
vt 0.402985 0.454545
vt 0.402985 0.545455
vt 0.402985 0.636364
vt 0.402985 0.727273
vt 0.402985 0.818182
vt 0.402985 0.909091
vt 0.402985 1.000000
vt 0.417910 0.090909
vt 0.417910 0.000000
vt 0.417910 0.181818
vt 0.417910 0.272727
vt 0.417910 0.363636
vt 0.417910 0.454545
vt 0.417910 0.545455
vt 0.417910 0.636364
vt 0.417910 0.727273
vt 0.417910 0.818182
vt 0.417910 0.909091
vt 0.417910 1.000000
vt 0.432836 0.090909
vt 0.432836 0.000000
vt 0.432836 0.181818
vt 0.432836 0.272727
vt 0.432836 0.363636
vt 0.432836 0.454545
vt 0.432836 0.545455
vt 0.432836 0.636364
vt 0.432836 0.727273
vt 0.432836 0.818182
vt 0.432836 0.909091
vt 0.432836 1.000000
vt 0.447761 0.090909
vt 0.447761 0.000000
vt 0.447761 0.181818
vt 0.447761 0.272727
vt 0.447761 0.363636
vt 0.447761 0.454545
vt 0.447761 0.545455
vt 0.447761 0.636364
vt 0.447761 0.727273
vt 0.447761 0.818182
vt 0.447761 0.909091
vt 0.447761 1.000000
vt 0.462687 0.090909
vt 0.462687 0.000000
vt 0.462687 0.181818
vt 0.462687 0.272727
vt 0.462687 0.363636
vt 0.462687 0.454545
vt 0.462687 0.545455
vt 0.462687 0.636364
vt 0.462687 0.727273
vt 0.462687 0.818182
vt 0.462687 0.909091
vt 0.462687 1.000000
vt 0.477612 0.090909
vt 0.477612 0.000000
vt 0.477612 0.181818
vt 0.477612 0.272727
vt 0.477612 0.363636
vt 0.477612 0.454545
vt 0.477612 0.545455
vt 0.477612 0.636364
vt 0.477612 0.727273
vt 0.477612 0.818182
vt 0.477612 0.909091
vt 0.477612 1.000000
vt 0.492537 0.090909
vt 0.492537 0.000000
vt 0.492537 0.181818
vt 0.492537 0.272727
vt 0.492537 0.363636
vt 0.492537 0.454545
vt 0.492537 0.545455
vt 0.492537 0.636364
vt 0.492537 0.727273
vt 0.492537 0.818182
vt 0.492537 0.909091
vt 0.492537 1.000000
vt 0.507463 0.090909
vt 0.507463 0.000000
vt 0.507463 0.181818
vt 0.507463 0.272727
vt 0.507463 0.363636
vt 0.507463 0.454545
vt 0.507463 0.545455
vt 0.507463 0.636364
vt 0.507463 0.727273
vt 0.507463 0.818182
vt 0.507463 0.909091
vt 0.507463 1.000000
vt 0.522388 0.090909
vt 0.522388 0.000000
vt 0.522388 0.181818
vt 0.522388 0.272727
vt 0.522388 0.363636
vt 0.522388 0.454545
vt 0.522388 0.545455
vt 0.522388 0.636364
vt 0.522388 0.727273
vt 0.522388 0.818182
vt 0.522388 0.909091
vt 0.522388 1.000000
vt 0.537313 0.090909
vt 0.537313 0.000000
vt 0.537313 0.181818
vt 0.537313 0.272727
vt 0.537313 0.363636
vt 0.537313 0.454545
vt 0.537313 0.545455
vt 0.537313 0.636364
vt 0.537313 0.727273
vt 0.537313 0.818182
vt 0.537313 0.909091
vt 0.537313 1.000000
vt 0.552239 0.090909
vt 0.552239 0.000000
vt 0.552239 0.181818
vt 0.552239 0.272727
vt 0.552239 0.363636
vt 0.552239 0.454545
vt 0.552239 0.545455
vt 0.552239 0.636364
vt 0.552239 0.727273
vt 0.552239 0.818182
vt 0.552239 0.909091
vt 0.552239 1.000000
vt 0.567164 0.090909
vt 0.567164 0.000000
vt 0.567164 0.181818
vt 0.567164 0.272727
vt 0.567164 0.363636
vt 0.567164 0.454545
vt 0.567164 0.545455
vt 0.567164 0.636364
vt 0.567164 0.727273
vt 0.567164 0.818182
vt 0.567164 0.909091
vt 0.567164 1.000000
vt 0.582090 0.090909
vt 0.582090 0.000000
vt 0.582090 0.181818
vt 0.582090 0.272727
vt 0.582090 0.363636
vt 0.582090 0.454545
vt 0.582090 0.545455
vt 0.582090 0.636364
vt 0.582090 0.727273
vt 0.582090 0.818182
vt 0.582090 0.909091
vt 0.582090 1.000000
vt 0.597015 0.090909
vt 0.597015 0.000000
vt 0.597015 0.181818
vt 0.597015 0.272727
vt 0.597015 0.363636
vt 0.597015 0.454545
vt 0.597015 0.545455
vt 0.597015 0.636364
vt 0.597015 0.727273
vt 0.597015 0.818182
vt 0.597015 0.909091
vt 0.597015 1.000000
vt 0.611940 0.090909
vt 0.611940 0.000000
vt 0.611940 0.181818
vt 0.611940 0.272727
vt 0.611940 0.363636
vt 0.611940 0.454545
vt 0.611940 0.545455
vt 0.611940 0.636364
vt 0.611940 0.727273
vt 0.611940 0.818182
vt 0.611940 0.909091
vt 0.611940 1.000000
vt 0.626866 0.090909
vt 0.626866 0.000000
vt 0.626866 0.181818
vt 0.626866 0.272727
vt 0.626866 0.363636
vt 0.626866 0.454545
vt 0.626866 0.545455
vt 0.626866 0.636364
vt 0.626866 0.727273
vt 0.626866 0.818182
vt 0.626866 0.909091
vt 0.626866 1.000000
vt 0.641791 0.090909
vt 0.641791 0.000000
vt 0.641791 0.181818
vt 0.641791 0.272727
vt 0.641791 0.363636
vt 0.641791 0.454545
vt 0.641791 0.545455
vt 0.641791 0.636364
vt 0.641791 0.727273
vt 0.641791 0.818182
vt 0.641791 0.909091
vt 0.641791 1.000000
vt 0.656716 0.090909
vt 0.656716 0.000000
vt 0.656716 0.181818
vt 0.656716 0.272727
vt 0.656716 0.363636
vt 0.656716 0.454545
vt 0.656716 0.545455
vt 0.656716 0.636364
vt 0.656716 0.727273
vt 0.656716 0.818182
vt 0.656716 0.909091
vt 0.656716 1.000000
vt 0.671642 0.090909
vt 0.671642 0.000000
vt 0.671642 0.181818
vt 0.671642 0.272727
vt 0.671642 0.363636
vt 0.671642 0.454545
vt 0.671642 0.545455
vt 0.671642 0.636364
vt 0.671642 0.727273
vt 0.671642 0.818182
vt 0.671642 0.909091
vt 0.671642 1.000000
vt 0.686567 0.090909
vt 0.686567 0.000000
vt 0.686567 0.181818
vt 0.686567 0.272727
vt 0.686567 0.363636
vt 0.686567 0.454545
vt 0.686567 0.545455
vt 0.686567 0.636364
vt 0.686567 0.727273
vt 0.686567 0.818182
vt 0.686567 0.909091
vt 0.686567 1.000000
vt 0.701493 0.090909
vt 0.701493 0.000000
vt 0.701493 0.181818
vt 0.701493 0.272727
vt 0.701493 0.363636
vt 0.701493 0.454545
vt 0.701493 0.545455
vt 0.701493 0.636364
vt 0.701493 0.727273
vt 0.701493 0.818182
vt 0.701493 0.909091
vt 0.701493 1.000000
vt 0.716418 0.090909
vt 0.716418 0.000000
vt 0.716418 0.181818
vt 0.716418 0.272727
vt 0.716418 0.363636
vt 0.716418 0.454545
vt 0.716418 0.545455
vt 0.716418 0.636364
vt 0.716418 0.727273
vt 0.716418 0.818182
vt 0.716418 0.909091
vt 0.716418 1.000000
vt 0.731343 0.090909
vt 0.731343 0.000000
vt 0.731343 0.181818
vt 0.731343 0.272727
vt 0.731343 0.363636
vt 0.731343 0.454545
vt 0.731343 0.545455
vt 0.731343 0.636364
vt 0.731343 0.727273
vt 0.731343 0.818182
vt 0.731343 0.909091
vt 0.731343 1.000000
vt 0.746269 0.090909
vt 0.746269 0.000000
vt 0.746269 0.181818
vt 0.746269 0.272727
vt 0.746269 0.363636
vt 0.746269 0.454545
vt 0.746269 0.545455
vt 0.746269 0.636364
vt 0.746269 0.727273
vt 0.746269 0.818182
vt 0.746269 0.909091
vt 0.746269 1.000000
vt 0.761194 0.090909
vt 0.761194 0.000000
vt 0.761194 0.181818
vt 0.761194 0.272727
vt 0.761194 0.363636
vt 0.761194 0.454545
vt 0.761194 0.545455
vt 0.761194 0.636364
vt 0.761194 0.727273
vt 0.761194 0.818182
vt 0.761194 0.909091
vt 0.761194 1.000000
vt 0.776119 0.090909
vt 0.776119 0.000000
vt 0.776119 0.181818
vt 0.776119 0.272727
vt 0.776119 0.363636
vt 0.776119 0.454545
vt 0.776119 0.545455
vt 0.776119 0.636364
vt 0.776119 0.727273
vt 0.776119 0.818182
vt 0.776119 0.909091
vt 0.776119 1.000000
vt 0.791045 0.090909
vt 0.791045 0.000000
vt 0.791045 0.181818
vt 0.791045 0.272727
vt 0.791045 0.363636
vt 0.791045 0.454545
vt 0.791045 0.545455
vt 0.791045 0.636364
vt 0.791045 0.727273
vt 0.791045 0.818182
vt 0.791045 0.909091
vt 0.791045 1.000000
vt 0.805970 0.090909
vt 0.805970 0.000000
vt 0.805970 0.181818
vt 0.805970 0.272727
vt 0.805970 0.363636
vt 0.805970 0.454545
vt 0.805970 0.545455
vt 0.805970 0.636364
vt 0.805970 0.727273
vt 0.805970 0.818182
vt 0.805970 0.909091
vt 0.805970 1.000000
vt 0.820895 0.090909
vt 0.820895 0.000000
vt 0.820895 0.181818
vt 0.820895 0.272727
vt 0.820895 0.363636
vt 0.820895 0.454545
vt 0.820895 0.545455
vt 0.820895 0.636364
vt 0.820895 0.727273
vt 0.820895 0.818182
vt 0.820895 0.909091
vt 0.820895 1.000000
vt 0.835821 0.090909
vt 0.835821 0.000000
vt 0.835821 0.181818
vt 0.835821 0.272727
vt 0.835821 0.363636
vt 0.835821 0.454545
vt 0.835821 0.545455
vt 0.835821 0.636364
vt 0.835821 0.727273
vt 0.835821 0.818182
vt 0.835821 0.909091
vt 0.835821 1.000000
vt 0.850746 0.090909
vt 0.850746 0.000000
vt 0.850746 0.181818
vt 0.850746 0.272727
vt 0.850746 0.363636
vt 0.850746 0.454545
vt 0.850746 0.545455
vt 0.850746 0.636364
vt 0.850746 0.727273
vt 0.850746 0.818182
vt 0.850746 0.909091
vt 0.850746 1.000000
vt 0.865672 0.090909
vt 0.865672 0.000000
vt 0.865672 0.181818
vt 0.865672 0.272727
vt 0.865672 0.363636
vt 0.865672 0.454545
vt 0.865672 0.545455
vt 0.865672 0.636364
vt 0.865672 0.727273
vt 0.865672 0.818182
vt 0.865672 0.909091
vt 0.865672 1.000000
vt 0.880597 0.090909
vt 0.880597 0.000000
vt 0.880597 0.181818
vt 0.880597 0.272727
vt 0.880597 0.363636
vt 0.880597 0.454545
vt 0.880597 0.545455
vt 0.880597 0.636364
vt 0.880597 0.727273
vt 0.880597 0.818182
vt 0.880597 0.909091
vt 0.880597 1.000000
vt 0.895522 0.090909
vt 0.895522 0.000000
vt 0.895522 0.181818
vt 0.895522 0.272727
vt 0.895522 0.363636
vt 0.895522 0.454545
vt 0.895522 0.545455
vt 0.895522 0.636364
vt 0.895522 0.727273
vt 0.895522 0.818182
vt 0.895522 0.909091
vt 0.895522 1.000000
vt 0.910448 0.090909
vt 0.910448 0.000000
vt 0.910448 0.181818
vt 0.910448 0.272727
vt 0.910448 0.363636
vt 0.910448 0.454545
vt 0.910448 0.545455
vt 0.910448 0.636364
vt 0.910448 0.727273
vt 0.910448 0.818182
vt 0.910448 0.909091
vt 0.910448 1.000000
vt 0.925373 0.090909
vt 0.925373 0.000000
vt 0.925373 0.181818
vt 0.925373 0.272727
vt 0.925373 0.363636
vt 0.925373 0.454545
vt 0.925373 0.545455
vt 0.925373 0.636364
vt 0.925373 0.727273
vt 0.925373 0.818182
vt 0.925373 0.909091
vt 0.925373 1.000000
vt 0.940298 0.090909
vt 0.940298 0.000000
vt 0.940298 0.181818
vt 0.940298 0.272727
vt 0.940298 0.363636
vt 0.940298 0.454545
vt 0.940298 0.545455
vt 0.940298 0.636364
vt 0.940298 0.727273
vt 0.940298 0.818182
vt 0.940298 0.909091
vt 0.940298 1.000000
vt 0.955224 0.090909
vt 0.955224 0.000000
vt 0.955224 0.181818
vt 0.955224 0.272727
vt 0.955224 0.363636
vt 0.955224 0.454545
vt 0.955224 0.545455
vt 0.955224 0.636364
vt 0.955224 0.727273
vt 0.955224 0.818182
vt 0.955224 0.909091
vt 0.955224 1.000000
vt 0.970149 0.090909
vt 0.970149 0.000000
vt 0.970149 0.181818
vt 0.970149 0.272727
vt 0.970149 0.363636
vt 0.970149 0.454545
vt 0.970149 0.545455
vt 0.970149 0.636364
vt 0.970149 0.727273
vt 0.970149 0.818182
vt 0.970149 0.909091
vt 0.970149 1.000000
vt 0.985075 0.090909
vt 0.985075 0.000000
vt 0.985075 0.181818
vt 0.985075 0.272727
vt 0.985075 0.363636
vt 0.985075 0.454545
vt 0.985075 0.545455
vt 0.985075 0.636364
vt 0.985075 0.727273
vt 0.985075 0.818182
vt 0.985075 0.909091
vt 0.985075 1.000000
vt 1.000000 0.090909
vt 1.000000 0.181818
vt 1.000000 0.272727
vt 1.000000 0.363636
vt 1.000000 0.454545
vt 1.000000 0.545455
vt 1.000000 0.636364
vt 1.000000 0.727273
vt 1.000000 0.818182
vt 1.000000 0.909091
vt 1.000000 1.000000
vt 0.037037 0.090909
vt 0.037037 0.000000
vt 0.037037 0.181818
vt 0.037037 0.272727
vt 0.037037 0.363636
vt 0.037037 0.454545
vt 0.037037 0.545455
vt 0.037037 0.636364
vt 0.037037 0.727273
vt 0.037037 0.818182
vt 0.037037 0.909091
vt 0.037037 1.000000
vt 0.074074 0.090909
vt 0.074074 0.000000
vt 0.074074 0.181818
vt 0.074074 0.272727
vt 0.074074 0.363636
vt 0.074074 0.454545
vt 0.074074 0.545455
vt 0.074074 0.636364
vt 0.074074 0.727273
vt 0.074074 0.818182
vt 0.074074 0.909091
vt 0.074074 1.000000
vt 0.111111 0.090909
vt 0.111111 0.000000
vt 0.111111 0.181818
vt 0.111111 0.272727
vt 0.111111 0.363636
vt 0.111111 0.454545
vt 0.111111 0.545455
vt 0.111111 0.636364
vt 0.111111 0.727273
vt 0.111111 0.818182
vt 0.111111 0.909091
vt 0.111111 1.000000
vt 0.148148 0.090909
vt 0.148148 0.000000
vt 0.148148 0.181818
vt 0.148148 0.272727
vt 0.148148 0.363636
vt 0.148148 0.454545
vt 0.148148 0.545455
vt 0.148148 0.636364
vt 0.148148 0.727273
vt 0.148148 0.818182
vt 0.148148 0.909091
vt 0.148148 1.000000
vt 0.185185 0.090909
vt 0.185185 0.000000
vt 0.185185 0.181818
vt 0.185185 0.272727
vt 0.185185 0.363636
vt 0.185185 0.454545
vt 0.185185 0.545455
vt 0.185185 0.636364
vt 0.185185 0.727273
vt 0.185185 0.818182
vt 0.185185 0.909091
vt 0.185185 1.000000
vt 0.222222 0.090909
vt 0.222222 0.000000
vt 0.222222 0.181818
vt 0.222222 0.272727
vt 0.222222 0.363636
vt 0.222222 0.454545
vt 0.222222 0.545455
vt 0.222222 0.636364
vt 0.222222 0.727273
vt 0.222222 0.818182
vt 0.222222 0.909091
vt 0.222222 1.000000
vt 0.259259 0.090909
vt 0.259259 0.000000
vt 0.259259 0.181818
vt 0.259259 0.272727
vt 0.259259 0.363636
vt 0.259259 0.454545
vt 0.259259 0.545455
vt 0.259259 0.636364
vt 0.259259 0.727273
vt 0.259259 0.818182
vt 0.259259 0.909091
vt 0.259259 1.000000
vt 0.296296 0.090909
vt 0.296296 0.000000
vt 0.296296 0.181818
vt 0.296296 0.272727
vt 0.296296 0.363636
vt 0.296296 0.454545
vt 0.296296 0.545455
vt 0.296296 0.636364
vt 0.296296 0.727273
vt 0.296296 0.818182
vt 0.296296 0.909091
vt 0.296296 1.000000
vt 0.333333 0.090909
vt 0.333333 0.181818
vt 0.333333 0.272727
vt 0.333333 0.363636
vt 0.333333 0.454545
vt 0.333333 0.545455
vt 0.333333 0.636364
vt 0.333333 0.727273
vt 0.333333 0.818182
vt 0.333333 0.909091
vt 0.333333 1.000000
vt 0.370370 0.090909
vt 0.370370 0.000000
vt 0.370370 0.181818
vt 0.370370 0.272727
vt 0.370370 0.363636
vt 0.370370 0.454545
vt 0.370370 0.545455
vt 0.370370 0.636364
vt 0.370370 0.727273
vt 0.370370 0.818182
vt 0.370370 0.909091
vt 0.370370 1.000000
vt 0.407407 0.090909
vt 0.407407 0.000000
vt 0.407407 0.181818
vt 0.407407 0.272727
vt 0.407407 0.363636
vt 0.407407 0.454545
vt 0.407407 0.545455
vt 0.407407 0.636364
vt 0.407407 0.727273
vt 0.407407 0.818182
vt 0.407407 0.909091
vt 0.407407 1.000000
vt 0.444444 0.090909
vt 0.444444 0.000000
vt 0.444444 0.181818
vt 0.444444 0.272727
vt 0.444444 0.363636
vt 0.444444 0.454545
vt 0.444444 0.545455
vt 0.444444 0.636364
vt 0.444444 0.727273
vt 0.444444 0.818182
vt 0.444444 0.909091
vt 0.444444 1.000000
vt 0.481481 0.090909
vt 0.481481 0.000000
vt 0.481481 0.181818
vt 0.481481 0.272727
vt 0.481481 0.363636
vt 0.481481 0.454545
vt 0.481481 0.545455
vt 0.481481 0.636364
vt 0.481481 0.727273
vt 0.481481 0.818182
vt 0.481481 0.909091
vt 0.481481 1.000000
vt 0.518519 0.090909
vt 0.518519 0.000000
vt 0.518519 0.181818
vt 0.518519 0.272727
vt 0.518519 0.363636
vt 0.518519 0.454545
vt 0.518519 0.545455
vt 0.518519 0.636364
vt 0.518519 0.727273
vt 0.518519 0.818182
vt 0.518519 0.909091
vt 0.518519 1.000000
vt 0.555556 0.090909
vt 0.555556 0.000000
vt 0.555556 0.181818
vt 0.555556 0.272727
vt 0.555556 0.363636
vt 0.555556 0.454545
vt 0.555556 0.545455
vt 0.555556 0.636364
vt 0.555556 0.727273
vt 0.555556 0.818182
vt 0.555556 0.909091
vt 0.555556 1.000000
vt 0.592593 0.090909
vt 0.592593 0.000000
vt 0.592593 0.181818
vt 0.592593 0.272727
vt 0.592593 0.363636
vt 0.592593 0.454545
vt 0.592593 0.545455
vt 0.592593 0.636364
vt 0.592593 0.727273
vt 0.592593 0.818182
vt 0.592593 0.909091
vt 0.592593 1.000000
vt 0.629630 0.090909
vt 0.629630 0.000000
vt 0.629630 0.181818
vt 0.629630 0.272727
vt 0.629630 0.363636
vt 0.629630 0.454545
vt 0.629630 0.545455
vt 0.629630 0.636364
vt 0.629630 0.727273
vt 0.629630 0.818182
vt 0.629630 0.909091
vt 0.629630 1.000000
vt 0.666667 0.090909
vt 0.666667 0.181818
vt 0.666667 0.272727
vt 0.666667 0.363636
vt 0.666667 0.454545
vt 0.666667 0.545455
vt 0.666667 0.636364
vt 0.666667 0.727273
vt 0.666667 0.818182
vt 0.666667 0.909091
vt 0.666667 1.000000
vt 0.703704 0.090909
vt 0.703704 0.000000
vt 0.703704 0.181818
vt 0.703704 0.272727
vt 0.703704 0.363636
vt 0.703704 0.454545
vt 0.703704 0.545455
vt 0.703704 0.636364
vt 0.703704 0.727273
vt 0.703704 0.818182
vt 0.703704 0.909091
vt 0.703704 1.000000
vt 0.740741 0.090909
vt 0.740741 0.000000
vt 0.740741 0.181818
vt 0.740741 0.272727
vt 0.740741 0.363636
vt 0.740741 0.454545
vt 0.740741 0.545455
vt 0.740741 0.636364
vt 0.740741 0.727273
vt 0.740741 0.818182
vt 0.740741 0.909091
vt 0.740741 1.000000
vt 0.777778 0.090909
vt 0.777778 0.000000
vt 0.777778 0.181818
vt 0.777778 0.272727
vt 0.777778 0.363636
vt 0.777778 0.454545
vt 0.777778 0.545455
vt 0.777778 0.636364
vt 0.777778 0.727273
vt 0.777778 0.818182
vt 0.777778 0.909091
vt 0.777778 1.000000
vt 0.814815 0.090909
vt 0.814815 0.000000
vt 0.814815 0.181818
vt 0.814815 0.272727
vt 0.814815 0.363636
vt 0.814815 0.454545
vt 0.814815 0.545455
vt 0.814815 0.636364
vt 0.814815 0.727273
vt 0.814815 0.818182
vt 0.814815 0.909091
vt 0.814815 1.000000
vt 0.851852 0.090909
vt 0.851852 0.000000
vt 0.851852 0.181818
vt 0.851852 0.272727
vt 0.851852 0.363636
vt 0.851852 0.454545
vt 0.851852 0.545455
vt 0.851852 0.636364
vt 0.851852 0.727273
vt 0.851852 0.818182
vt 0.851852 0.909091
vt 0.851852 1.000000
vt 0.888889 0.090909
vt 0.888889 0.000000
vt 0.888889 0.181818
vt 0.888889 0.272727
vt 0.888889 0.363636
vt 0.888889 0.454545
vt 0.888889 0.545455
vt 0.888889 0.636364
vt 0.888889 0.727273
vt 0.888889 0.818182
vt 0.888889 0.909091
vt 0.888889 1.000000
vt 0.925926 0.090909
vt 0.925926 0.000000
vt 0.925926 0.181818
vt 0.925926 0.272727
vt 0.925926 0.363636
vt 0.925926 0.454545
vt 0.925926 0.545455
vt 0.925926 0.636364
vt 0.925926 0.727273
vt 0.925926 0.818182
vt 0.925926 0.909091
vt 0.925926 1.000000
vt 0.962963 0.090909
vt 0.962963 0.000000
vt 0.962963 0.181818
vt 0.962963 0.272727
vt 0.962963 0.363636
vt 0.962963 0.454545
vt 0.962963 0.545455
vt 0.962963 0.636364
vt 0.962963 0.727273
vt 0.962963 0.818182
vt 0.962963 0.909091
vt 0.962963 1.000000
vt 0.083333 0.090909
vt 0.083333 0.000000
vt 0.083333 0.181818
vt 0.083333 0.272727
vt 0.083333 0.363636
vt 0.083333 0.454545
vt 0.083333 0.545455
vt 0.083333 0.636364
vt 0.083333 0.727273
vt 0.083333 0.818182
vt 0.083333 0.909091
vt 0.083333 1.000000
vt 0.166667 0.090909
vt 0.166667 0.000000
vt 0.166667 0.181818
vt 0.166667 0.272727
vt 0.166667 0.363636
vt 0.166667 0.454545
vt 0.166667 0.545455
vt 0.166667 0.636364
vt 0.166667 0.727273
vt 0.166667 0.818182
vt 0.166667 0.909091
vt 0.166667 1.000000
vt 0.250000 0.090909
vt 0.250000 0.000000
vt 0.250000 0.181818
vt 0.250000 0.272727
vt 0.250000 0.363636
vt 0.250000 0.454545
vt 0.250000 0.545455
vt 0.250000 0.636364
vt 0.250000 0.727273
vt 0.250000 0.818182
vt 0.250000 0.909091
vt 0.250000 1.000000
vt 0.416667 0.090909
vt 0.416667 0.000000
vt 0.416667 0.181818
vt 0.416667 0.272727
vt 0.416667 0.363636
vt 0.416667 0.454545
vt 0.416667 0.545455
vt 0.416667 0.636364
vt 0.416667 0.727273
vt 0.416667 0.818182
vt 0.416667 0.909091
vt 0.416667 1.000000
vt 0.500000 0.090909
vt 0.500000 0.000000
vt 0.500000 0.181818
vt 0.500000 0.272727
vt 0.500000 0.363636
vt 0.500000 0.454545
vt 0.500000 0.545455
vt 0.500000 0.636364
vt 0.500000 0.727273
vt 0.500000 0.818182
vt 0.500000 0.909091
vt 0.500000 1.000000
vt 0.583333 0.090909
vt 0.583333 0.000000
vt 0.583333 0.181818
vt 0.583333 0.272727
vt 0.583333 0.363636
vt 0.583333 0.454545
vt 0.583333 0.545455
vt 0.583333 0.636364
vt 0.583333 0.727273
vt 0.583333 0.818182
vt 0.583333 0.909091
vt 0.583333 1.000000
vt 0.750000 0.090909
vt 0.750000 0.000000
vt 0.750000 0.181818
vt 0.750000 0.272727
vt 0.750000 0.363636
vt 0.750000 0.454545
vt 0.750000 0.545455
vt 0.750000 0.636364
vt 0.750000 0.727273
vt 0.750000 0.818182
vt 0.750000 0.909091
vt 0.750000 1.000000
vt 0.833333 0.090909
vt 0.833333 0.000000
vt 0.833333 0.181818
vt 0.833333 0.272727
vt 0.833333 0.363636
vt 0.833333 0.454545
vt 0.833333 0.545455
vt 0.833333 0.636364
vt 0.833333 0.727273
vt 0.833333 0.818182
vt 0.833333 0.909091
vt 0.833333 1.000000
vt 0.916667 0.090909
vt 0.916667 0.000000
vt 0.916667 0.181818
vt 0.916667 0.272727
vt 0.916667 0.363636
vt 0.916667 0.454545
vt 0.916667 0.545455
vt 0.916667 0.636364
vt 0.916667 0.727273
vt 0.916667 0.818182
vt 0.916667 0.909091
vt 0.916667 1.000000
vt 0.008197 0.090909
vt 0.008197 0.000000
vt 0.008197 0.181818
vt 0.008197 0.272727
vt 0.008197 0.363636
vt 0.008197 0.454545
vt 0.008197 0.545455
vt 0.008197 0.636364
vt 0.008197 0.727273
vt 0.008197 0.818182
vt 0.008197 0.909091
vt 0.008197 1.000000
vt 0.016393 0.090909
vt 0.016393 0.000000
vt 0.016393 0.181818
vt 0.016393 0.272727
vt 0.016393 0.363636
vt 0.016393 0.454545
vt 0.016393 0.545455
vt 0.016393 0.636364
vt 0.016393 0.727273
vt 0.016393 0.818182
vt 0.016393 0.909091
vt 0.016393 1.000000
vt 0.024590 0.090909
vt 0.024590 0.000000
vt 0.024590 0.181818
vt 0.024590 0.272727
vt 0.024590 0.363636
vt 0.024590 0.454545
vt 0.024590 0.545455
vt 0.024590 0.636364
vt 0.024590 0.727273
vt 0.024590 0.818182
vt 0.024590 0.909091
vt 0.024590 1.000000
vt 0.032787 0.090909
vt 0.032787 0.000000
vt 0.032787 0.181818
vt 0.032787 0.272727
vt 0.032787 0.363636
vt 0.032787 0.454545
vt 0.032787 0.545455
vt 0.032787 0.636364
vt 0.032787 0.727273
vt 0.032787 0.818182
vt 0.032787 0.909091
vt 0.032787 1.000000
vt 0.040984 0.090909
vt 0.040984 0.000000
vt 0.040984 0.181818
vt 0.040984 0.272727
vt 0.040984 0.363636
vt 0.040984 0.454545
vt 0.040984 0.545455
vt 0.040984 0.636364
vt 0.040984 0.727273
vt 0.040984 0.818182
vt 0.040984 0.909091
vt 0.040984 1.000000
vt 0.049180 0.090909
vt 0.049180 0.000000
vt 0.049180 0.181818
vt 0.049180 0.272727
vt 0.049180 0.363636
vt 0.049180 0.454545
vt 0.049180 0.545455
vt 0.049180 0.636364
vt 0.049180 0.727273
vt 0.049180 0.818182
vt 0.049180 0.909091
vt 0.049180 1.000000
vt 0.057377 0.090909
vt 0.057377 0.000000
vt 0.057377 0.181818
vt 0.057377 0.272727
vt 0.057377 0.363636
vt 0.057377 0.454545
vt 0.057377 0.545455
vt 0.057377 0.636364
vt 0.057377 0.727273
vt 0.057377 0.818182
vt 0.057377 0.909091
vt 0.057377 1.000000
vt 0.065574 0.090909
vt 0.065574 0.000000
vt 0.065574 0.181818
vt 0.065574 0.272727
vt 0.065574 0.363636
vt 0.065574 0.454545
vt 0.065574 0.545455
vt 0.065574 0.636364
vt 0.065574 0.727273
vt 0.065574 0.818182
vt 0.065574 0.909091
vt 0.065574 1.000000
vt 0.073770 0.090909
vt 0.073770 0.000000
vt 0.073770 0.181818
vt 0.073770 0.272727
vt 0.073770 0.363636
vt 0.073770 0.454545
vt 0.073770 0.545455
vt 0.073770 0.636364
vt 0.073770 0.727273
vt 0.073770 0.818182
vt 0.073770 0.909091
vt 0.073770 1.000000
vt 0.081967 0.090909
vt 0.081967 0.000000
vt 0.081967 0.181818
vt 0.081967 0.272727
vt 0.081967 0.363636
vt 0.081967 0.454545
vt 0.081967 0.545455
vt 0.081967 0.636364
vt 0.081967 0.727273
vt 0.081967 0.818182
vt 0.081967 0.909091
vt 0.081967 1.000000
vt 0.090164 0.090909
vt 0.090164 0.000000
vt 0.090164 0.181818
vt 0.090164 0.272727
vt 0.090164 0.363636
vt 0.090164 0.454545
vt 0.090164 0.545455
vt 0.090164 0.636364
vt 0.090164 0.727273
vt 0.090164 0.818182
vt 0.090164 0.909091
vt 0.090164 1.000000
vt 0.098361 0.090909
vt 0.098361 0.000000
vt 0.098361 0.181818
vt 0.098361 0.272727
vt 0.098361 0.363636
vt 0.098361 0.454545
vt 0.098361 0.545455
vt 0.098361 0.636364
vt 0.098361 0.727273
vt 0.098361 0.818182
vt 0.098361 0.909091
vt 0.098361 1.000000
vt 0.106557 0.090909
vt 0.106557 0.000000
vt 0.106557 0.181818
vt 0.106557 0.272727
vt 0.106557 0.363636
vt 0.106557 0.454545
vt 0.106557 0.545455
vt 0.106557 0.636364
vt 0.106557 0.727273
vt 0.106557 0.818182
vt 0.106557 0.909091
vt 0.106557 1.000000
vt 0.114754 0.090909
vt 0.114754 0.000000
vt 0.114754 0.181818
vt 0.114754 0.272727
vt 0.114754 0.363636
vt 0.114754 0.454545
vt 0.114754 0.545455
vt 0.114754 0.636364
vt 0.114754 0.727273
vt 0.114754 0.818182
vt 0.114754 0.909091
vt 0.114754 1.000000
vt 0.122951 0.090909
vt 0.122951 0.000000
vt 0.122951 0.181818
vt 0.122951 0.272727
vt 0.122951 0.363636
vt 0.122951 0.454545
vt 0.122951 0.545455
vt 0.122951 0.636364
vt 0.122951 0.727273
vt 0.122951 0.818182
vt 0.122951 0.909091
vt 0.122951 1.000000
vt 0.131148 0.090909
vt 0.131148 0.000000
vt 0.131148 0.181818
vt 0.131148 0.272727
vt 0.131148 0.363636
vt 0.131148 0.454545
vt 0.131148 0.545455
vt 0.131148 0.636364
vt 0.131148 0.727273
vt 0.131148 0.818182
vt 0.131148 0.909091
vt 0.131148 1.000000
vt 0.139344 0.090909
vt 0.139344 0.000000
vt 0.139344 0.181818
vt 0.139344 0.272727
vt 0.139344 0.363636
vt 0.139344 0.454545
vt 0.139344 0.545455
vt 0.139344 0.636364
vt 0.139344 0.727273
vt 0.139344 0.818182
vt 0.139344 0.909091
vt 0.139344 1.000000
vt 0.147541 0.090909
vt 0.147541 0.000000
vt 0.147541 0.181818
vt 0.147541 0.272727
vt 0.147541 0.363636
vt 0.147541 0.454545
vt 0.147541 0.545455
vt 0.147541 0.636364
vt 0.147541 0.727273
vt 0.147541 0.818182
vt 0.147541 0.909091
vt 0.147541 1.000000
vt 0.155738 0.090909
vt 0.155738 0.000000
vt 0.155738 0.181818
vt 0.155738 0.272727
vt 0.155738 0.363636
vt 0.155738 0.454545
vt 0.155738 0.545455
vt 0.155738 0.636364
vt 0.155738 0.727273
vt 0.155738 0.818182
vt 0.155738 0.909091
vt 0.155738 1.000000
vt 0.163934 0.090909
vt 0.163934 0.000000
vt 0.163934 0.181818
vt 0.163934 0.272727
vt 0.163934 0.363636
vt 0.163934 0.454545
vt 0.163934 0.545455
vt 0.163934 0.636364
vt 0.163934 0.727273
vt 0.163934 0.818182
vt 0.163934 0.909091
vt 0.163934 1.000000
vt 0.172131 0.090909
vt 0.172131 0.000000
vt 0.172131 0.181818
vt 0.172131 0.272727
vt 0.172131 0.363636
vt 0.172131 0.454545
vt 0.172131 0.545455
vt 0.172131 0.636364
vt 0.172131 0.727273
vt 0.172131 0.818182
vt 0.172131 0.909091
vt 0.172131 1.000000
vt 0.180328 0.090909
vt 0.180328 0.000000
vt 0.180328 0.181818
vt 0.180328 0.272727
vt 0.180328 0.363636
vt 0.180328 0.454545
vt 0.180328 0.545455
vt 0.180328 0.636364
vt 0.180328 0.727273
vt 0.180328 0.818182
vt 0.180328 0.909091
vt 0.180328 1.000000
vt 0.188525 0.090909
vt 0.188525 0.000000
vt 0.188525 0.181818
vt 0.188525 0.272727
vt 0.188525 0.363636
vt 0.188525 0.454545
vt 0.188525 0.545455
vt 0.188525 0.636364
vt 0.188525 0.727273
vt 0.188525 0.818182
vt 0.188525 0.909091
vt 0.188525 1.000000
vt 0.196721 0.090909
vt 0.196721 0.000000
vt 0.196721 0.181818
vt 0.196721 0.272727
vt 0.196721 0.363636
vt 0.196721 0.454545
vt 0.196721 0.545455
vt 0.196721 0.636364
vt 0.196721 0.727273
vt 0.196721 0.818182
vt 0.196721 0.909091
vt 0.196721 1.000000
vt 0.204918 0.090909
vt 0.204918 0.000000
vt 0.204918 0.181818
vt 0.204918 0.272727
vt 0.204918 0.363636
vt 0.204918 0.454545
vt 0.204918 0.545455
vt 0.204918 0.636364
vt 0.204918 0.727273
vt 0.204918 0.818182
vt 0.204918 0.909091
vt 0.204918 1.000000
vt 0.213115 0.090909
vt 0.213115 0.000000
vt 0.213115 0.181818
vt 0.213115 0.272727
vt 0.213115 0.363636
vt 0.213115 0.454545
vt 0.213115 0.545455
vt 0.213115 0.636364
vt 0.213115 0.727273
vt 0.213115 0.818182
vt 0.213115 0.909091
vt 0.213115 1.000000
vt 0.221311 0.090909
vt 0.221311 0.000000
vt 0.221311 0.181818
vt 0.221311 0.272727
vt 0.221311 0.363636
vt 0.221311 0.454545
vt 0.221311 0.545455
vt 0.221311 0.636364
vt 0.221311 0.727273
vt 0.221311 0.818182
vt 0.221311 0.909091
vt 0.221311 1.000000
vt 0.229508 0.090909
vt 0.229508 0.000000
vt 0.229508 0.181818
vt 0.229508 0.272727
vt 0.229508 0.363636
vt 0.229508 0.454545
vt 0.229508 0.545455
vt 0.229508 0.636364
vt 0.229508 0.727273
vt 0.229508 0.818182
vt 0.229508 0.909091
vt 0.229508 1.000000
vt 0.237705 0.090909
vt 0.237705 0.000000
vt 0.237705 0.181818
vt 0.237705 0.272727
vt 0.237705 0.363636
vt 0.237705 0.454545
vt 0.237705 0.545455
vt 0.237705 0.636364
vt 0.237705 0.727273
vt 0.237705 0.818182
vt 0.237705 0.909091
vt 0.237705 1.000000
vt 0.245902 0.090909
vt 0.245902 0.000000
vt 0.245902 0.181818
vt 0.245902 0.272727
vt 0.245902 0.363636
vt 0.245902 0.454545
vt 0.245902 0.545455
vt 0.245902 0.636364
vt 0.245902 0.727273
vt 0.245902 0.818182
vt 0.245902 0.909091
vt 0.245902 1.000000
vt 0.254098 0.090909
vt 0.254098 0.000000
vt 0.254098 0.181818
vt 0.254098 0.272727
vt 0.254098 0.363636
vt 0.254098 0.454545
vt 0.254098 0.545455
vt 0.254098 0.636364
vt 0.254098 0.727273
vt 0.254098 0.818182
vt 0.254098 0.909091
vt 0.254098 1.000000
vt 0.262295 0.090909
vt 0.262295 0.000000
vt 0.262295 0.181818
vt 0.262295 0.272727
vt 0.262295 0.363636
vt 0.262295 0.454545
vt 0.262295 0.545455
vt 0.262295 0.636364
vt 0.262295 0.727273
vt 0.262295 0.818182
vt 0.262295 0.909091
vt 0.262295 1.000000
vt 0.270492 0.090909
vt 0.270492 0.000000
vt 0.270492 0.181818
vt 0.270492 0.272727
vt 0.270492 0.363636
vt 0.270492 0.454545
vt 0.270492 0.545455
vt 0.270492 0.636364
vt 0.270492 0.727273
vt 0.270492 0.818182
vt 0.270492 0.909091
vt 0.270492 1.000000
vt 0.278689 0.090909
vt 0.278689 0.000000
vt 0.278689 0.181818
vt 0.278689 0.272727
vt 0.278689 0.363636
vt 0.278689 0.454545
vt 0.278689 0.545455
vt 0.278689 0.636364
vt 0.278689 0.727273
vt 0.278689 0.818182
vt 0.278689 0.909091
vt 0.278689 1.000000
vt 0.286885 0.090909
vt 0.286885 0.000000
vt 0.286885 0.181818
vt 0.286885 0.272727
vt 0.286885 0.363636
vt 0.286885 0.454545
vt 0.286885 0.545455
vt 0.286885 0.636364
vt 0.286885 0.727273
vt 0.286885 0.818182
vt 0.286885 0.909091
vt 0.286885 1.000000
vt 0.295082 0.090909
vt 0.295082 0.000000
vt 0.295082 0.181818
vt 0.295082 0.272727
vt 0.295082 0.363636
vt 0.295082 0.454545
vt 0.295082 0.545455
vt 0.295082 0.636364
vt 0.295082 0.727273
vt 0.295082 0.818182
vt 0.295082 0.909091
vt 0.295082 1.000000
vt 0.303279 0.090909
vt 0.303279 0.000000
vt 0.303279 0.181818
vt 0.303279 0.272727
vt 0.303279 0.363636
vt 0.303279 0.454545
vt 0.303279 0.545455
vt 0.303279 0.636364
vt 0.303279 0.727273
vt 0.303279 0.818182
vt 0.303279 0.909091
vt 0.303279 1.000000
vt 0.311475 0.090909
vt 0.311475 0.000000
vt 0.311475 0.181818
vt 0.311475 0.272727
vt 0.311475 0.363636
vt 0.311475 0.454545
vt 0.311475 0.545455
vt 0.311475 0.636364
vt 0.311475 0.727273
vt 0.311475 0.818182
vt 0.311475 0.909091
vt 0.311475 1.000000
vt 0.319672 0.090909
vt 0.319672 0.000000
vt 0.319672 0.181818
vt 0.319672 0.272727
vt 0.319672 0.363636
vt 0.319672 0.454545
vt 0.319672 0.545455
vt 0.319672 0.636364
vt 0.319672 0.727273
vt 0.319672 0.818182
vt 0.319672 0.909091
vt 0.319672 1.000000
vt 0.327869 0.090909
vt 0.327869 0.000000
vt 0.327869 0.181818
vt 0.327869 0.272727
vt 0.327869 0.363636
vt 0.327869 0.454545
vt 0.327869 0.545455
vt 0.327869 0.636364
vt 0.327869 0.727273
vt 0.327869 0.818182
vt 0.327869 0.909091
vt 0.327869 1.000000
vt 0.336066 0.090909
vt 0.336066 0.000000
vt 0.336066 0.181818
vt 0.336066 0.272727
vt 0.336066 0.363636
vt 0.336066 0.454545
vt 0.336066 0.545455
vt 0.336066 0.636364
vt 0.336066 0.727273
vt 0.336066 0.818182
vt 0.336066 0.909091
vt 0.336066 1.000000
vt 0.344262 0.090909
vt 0.344262 0.000000
vt 0.344262 0.181818
vt 0.344262 0.272727
vt 0.344262 0.363636
vt 0.344262 0.454545
vt 0.344262 0.545455
vt 0.344262 0.636364
vt 0.344262 0.727273
vt 0.344262 0.818182
vt 0.344262 0.909091
vt 0.344262 1.000000
vt 0.352459 0.090909
vt 0.352459 0.000000
vt 0.352459 0.181818
vt 0.352459 0.272727
vt 0.352459 0.363636
vt 0.352459 0.454545
vt 0.352459 0.545455
vt 0.352459 0.636364
vt 0.352459 0.727273
vt 0.352459 0.818182
vt 0.352459 0.909091
vt 0.352459 1.000000
vt 0.360656 0.090909
vt 0.360656 0.000000
vt 0.360656 0.181818
vt 0.360656 0.272727
vt 0.360656 0.363636
vt 0.360656 0.454545
vt 0.360656 0.545455
vt 0.360656 0.636364
vt 0.360656 0.727273
vt 0.360656 0.818182
vt 0.360656 0.909091
vt 0.360656 1.000000
vt 0.368852 0.090909
vt 0.368852 0.000000
vt 0.368852 0.181818
vt 0.368852 0.272727
vt 0.368852 0.363636
vt 0.368852 0.454545
vt 0.368852 0.545455
vt 0.368852 0.636364
vt 0.368852 0.727273
vt 0.368852 0.818182
vt 0.368852 0.909091
vt 0.368852 1.000000
vt 0.377049 0.090909
vt 0.377049 0.000000
vt 0.377049 0.181818
vt 0.377049 0.272727
vt 0.377049 0.363636
vt 0.377049 0.454545
vt 0.377049 0.545455
vt 0.377049 0.636364
vt 0.377049 0.727273
vt 0.377049 0.818182
vt 0.377049 0.909091
vt 0.377049 1.000000
vt 0.385246 0.090909
vt 0.385246 0.000000
vt 0.385246 0.181818
vt 0.385246 0.272727
vt 0.385246 0.363636
vt 0.385246 0.454545
vt 0.385246 0.545455
vt 0.385246 0.636364
vt 0.385246 0.727273
vt 0.385246 0.818182
vt 0.385246 0.909091
vt 0.385246 1.000000
vt 0.393443 0.090909
vt 0.393443 0.000000
vt 0.393443 0.181818
vt 0.393443 0.272727
vt 0.393443 0.363636
vt 0.393443 0.454545
vt 0.393443 0.545455
vt 0.393443 0.636364
vt 0.393443 0.727273
vt 0.393443 0.818182
vt 0.393443 0.909091
vt 0.393443 1.000000
vt 0.401639 0.090909
vt 0.401639 0.000000
vt 0.401639 0.181818
vt 0.401639 0.272727
vt 0.401639 0.363636
vt 0.401639 0.454545
vt 0.401639 0.545455
vt 0.401639 0.636364
vt 0.401639 0.727273
vt 0.401639 0.818182
vt 0.401639 0.909091
vt 0.401639 1.000000
vt 0.409836 0.090909
vt 0.409836 0.000000
vt 0.409836 0.181818
vt 0.409836 0.272727
vt 0.409836 0.363636
vt 0.409836 0.454545
vt 0.409836 0.545455
vt 0.409836 0.636364
vt 0.409836 0.727273
vt 0.409836 0.818182
vt 0.409836 0.909091
vt 0.409836 1.000000
vt 0.418033 0.090909
vt 0.418033 0.000000
vt 0.418033 0.181818
vt 0.418033 0.272727
vt 0.418033 0.363636
vt 0.418033 0.454545
vt 0.418033 0.545455
vt 0.418033 0.636364
vt 0.418033 0.727273
vt 0.418033 0.818182
vt 0.418033 0.909091
vt 0.418033 1.000000
vt 0.426230 0.090909
vt 0.426230 0.000000
vt 0.426230 0.181818
vt 0.426230 0.272727
vt 0.426230 0.363636
vt 0.426230 0.454545
vt 0.426230 0.545455
vt 0.426230 0.636364
vt 0.426230 0.727273
vt 0.426230 0.818182
vt 0.426230 0.909091
vt 0.426230 1.000000
vt 0.434426 0.090909
vt 0.434426 0.000000
vt 0.434426 0.181818
vt 0.434426 0.272727
vt 0.434426 0.363636
vt 0.434426 0.454545
vt 0.434426 0.545455
vt 0.434426 0.636364
vt 0.434426 0.727273
vt 0.434426 0.818182
vt 0.434426 0.909091
vt 0.434426 1.000000
vt 0.442623 0.090909
vt 0.442623 0.000000
vt 0.442623 0.181818
vt 0.442623 0.272727
vt 0.442623 0.363636
vt 0.442623 0.454545
vt 0.442623 0.545455
vt 0.442623 0.636364
vt 0.442623 0.727273
vt 0.442623 0.818182
vt 0.442623 0.909091
vt 0.442623 1.000000
vt 0.450820 0.090909
vt 0.450820 0.000000
vt 0.450820 0.181818
vt 0.450820 0.272727
vt 0.450820 0.363636
vt 0.450820 0.454545
vt 0.450820 0.545455
vt 0.450820 0.636364
vt 0.450820 0.727273
vt 0.450820 0.818182
vt 0.450820 0.909091
vt 0.450820 1.000000
vt 0.459016 0.090909
vt 0.459016 0.000000
vt 0.459016 0.181818
vt 0.459016 0.272727
vt 0.459016 0.363636
vt 0.459016 0.454545
vt 0.459016 0.545455
vt 0.459016 0.636364
vt 0.459016 0.727273
vt 0.459016 0.818182
vt 0.459016 0.909091
vt 0.459016 1.000000
vt 0.467213 0.090909
vt 0.467213 0.000000
vt 0.467213 0.181818
vt 0.467213 0.272727
vt 0.467213 0.363636
vt 0.467213 0.454545
vt 0.467213 0.545455
vt 0.467213 0.636364
vt 0.467213 0.727273
vt 0.467213 0.818182
vt 0.467213 0.909091
vt 0.467213 1.000000
vt 0.475410 0.090909
vt 0.475410 0.000000
vt 0.475410 0.181818
vt 0.475410 0.272727
vt 0.475410 0.363636
vt 0.475410 0.454545
vt 0.475410 0.545455
vt 0.475410 0.636364
vt 0.475410 0.727273
vt 0.475410 0.818182
vt 0.475410 0.909091
vt 0.475410 1.000000
vt 0.483607 0.090909
vt 0.483607 0.000000
vt 0.483607 0.181818
vt 0.483607 0.272727
vt 0.483607 0.363636
vt 0.483607 0.454545
vt 0.483607 0.545455
vt 0.483607 0.636364
vt 0.483607 0.727273
vt 0.483607 0.818182
vt 0.483607 0.909091
vt 0.483607 1.000000
vt 0.491803 0.090909
vt 0.491803 0.000000
vt 0.491803 0.181818
vt 0.491803 0.272727
vt 0.491803 0.363636
vt 0.491803 0.454545
vt 0.491803 0.545455
vt 0.491803 0.636364
vt 0.491803 0.727273
vt 0.491803 0.818182
vt 0.491803 0.909091
vt 0.491803 1.000000
vt 0.508197 0.090909
vt 0.508197 0.000000
vt 0.508197 0.181818
vt 0.508197 0.272727
vt 0.508197 0.363636
vt 0.508197 0.454545
vt 0.508197 0.545455
vt 0.508197 0.636364
vt 0.508197 0.727273
vt 0.508197 0.818182
vt 0.508197 0.909091
vt 0.508197 1.000000
vt 0.516393 0.090909
vt 0.516393 0.000000
vt 0.516393 0.181818
vt 0.516393 0.272727
vt 0.516393 0.363636
vt 0.516393 0.454545
vt 0.516393 0.545455
vt 0.516393 0.636364
vt 0.516393 0.727273
vt 0.516393 0.818182
vt 0.516393 0.909091
vt 0.516393 1.000000
vt 0.524590 0.090909
vt 0.524590 0.000000
vt 0.524590 0.181818
vt 0.524590 0.272727
vt 0.524590 0.363636
vt 0.524590 0.454545
vt 0.524590 0.545455
vt 0.524590 0.636364
vt 0.524590 0.727273
vt 0.524590 0.818182
vt 0.524590 0.909091
vt 0.524590 1.000000
vt 0.532787 0.090909
vt 0.532787 0.000000
vt 0.532787 0.181818
vt 0.532787 0.272727
vt 0.532787 0.363636
vt 0.532787 0.454545
vt 0.532787 0.545455
vt 0.532787 0.636364
vt 0.532787 0.727273
vt 0.532787 0.818182
vt 0.532787 0.909091
vt 0.532787 1.000000
vt 0.540984 0.090909
vt 0.540984 0.000000
vt 0.540984 0.181818
vt 0.540984 0.272727
vt 0.540984 0.363636
vt 0.540984 0.454545
vt 0.540984 0.545455
vt 0.540984 0.636364
vt 0.540984 0.727273
vt 0.540984 0.818182
vt 0.540984 0.909091
vt 0.540984 1.000000
vt 0.549180 0.090909
vt 0.549180 0.000000
vt 0.549180 0.181818
vt 0.549180 0.272727
vt 0.549180 0.363636
vt 0.549180 0.454545
vt 0.549180 0.545455
vt 0.549180 0.636364
vt 0.549180 0.727273
vt 0.549180 0.818182
vt 0.549180 0.909091
vt 0.549180 1.000000
vt 0.557377 0.090909
vt 0.557377 0.000000
vt 0.557377 0.181818
vt 0.557377 0.272727
vt 0.557377 0.363636
vt 0.557377 0.454545
vt 0.557377 0.545455
vt 0.557377 0.636364
vt 0.557377 0.727273
vt 0.557377 0.818182
vt 0.557377 0.909091
vt 0.557377 1.000000
vt 0.565574 0.090909
vt 0.565574 0.000000
vt 0.565574 0.181818
vt 0.565574 0.272727
vt 0.565574 0.363636
vt 0.565574 0.454545
vt 0.565574 0.545455
vt 0.565574 0.636364
vt 0.565574 0.727273
vt 0.565574 0.818182
vt 0.565574 0.909091
vt 0.565574 1.000000
vt 0.573770 0.090909
vt 0.573770 0.000000
vt 0.573770 0.181818
vt 0.573770 0.272727
vt 0.573770 0.363636
vt 0.573770 0.454545
vt 0.573770 0.545455
vt 0.573770 0.636364
vt 0.573770 0.727273
vt 0.573770 0.818182
vt 0.573770 0.909091
vt 0.573770 1.000000
vt 0.581967 0.090909
vt 0.581967 0.000000
vt 0.581967 0.181818
vt 0.581967 0.272727
vt 0.581967 0.363636
vt 0.581967 0.454545
vt 0.581967 0.545455
vt 0.581967 0.636364
vt 0.581967 0.727273
vt 0.581967 0.818182
vt 0.581967 0.909091
vt 0.581967 1.000000
vt 0.590164 0.090909
vt 0.590164 0.000000
vt 0.590164 0.181818
vt 0.590164 0.272727
vt 0.590164 0.363636
vt 0.590164 0.454545
vt 0.590164 0.545455
vt 0.590164 0.636364
vt 0.590164 0.727273
vt 0.590164 0.818182
vt 0.590164 0.909091
vt 0.590164 1.000000
vt 0.598361 0.090909
vt 0.598361 0.000000
vt 0.598361 0.181818
vt 0.598361 0.272727
vt 0.598361 0.363636
vt 0.598361 0.454545
vt 0.598361 0.545455
vt 0.598361 0.636364
vt 0.598361 0.727273
vt 0.598361 0.818182
vt 0.598361 0.909091
vt 0.598361 1.000000
vt 0.606557 0.090909
vt 0.606557 0.000000
vt 0.606557 0.181818
vt 0.606557 0.272727
vt 0.606557 0.363636
vt 0.606557 0.454545
vt 0.606557 0.545455
vt 0.606557 0.636364
vt 0.606557 0.727273
vt 0.606557 0.818182
vt 0.606557 0.909091
vt 0.606557 1.000000
vt 0.614754 0.090909
vt 0.614754 0.000000
vt 0.614754 0.181818
vt 0.614754 0.272727
vt 0.614754 0.363636
vt 0.614754 0.454545
vt 0.614754 0.545455
vt 0.614754 0.636364
vt 0.614754 0.727273
vt 0.614754 0.818182
vt 0.614754 0.909091
vt 0.614754 1.000000
vt 0.622951 0.090909
vt 0.622951 0.000000
vt 0.622951 0.181818
vt 0.622951 0.272727
vt 0.622951 0.363636
vt 0.622951 0.454545
vt 0.622951 0.545455
vt 0.622951 0.636364
vt 0.622951 0.727273
vt 0.622951 0.818182
vt 0.622951 0.909091
vt 0.622951 1.000000
vt 0.631148 0.090909
vt 0.631148 0.000000
vt 0.631148 0.181818
vt 0.631148 0.272727
vt 0.631148 0.363636
vt 0.631148 0.454545
vt 0.631148 0.545455
vt 0.631148 0.636364
vt 0.631148 0.727273
vt 0.631148 0.818182
vt 0.631148 0.909091
vt 0.631148 1.000000
vt 0.639344 0.090909
vt 0.639344 0.000000
vt 0.639344 0.181818
vt 0.639344 0.272727
vt 0.639344 0.363636
vt 0.639344 0.454545
vt 0.639344 0.545455
vt 0.639344 0.636364
vt 0.639344 0.727273
vt 0.639344 0.818182
vt 0.639344 0.909091
vt 0.639344 1.000000
vt 0.647541 0.090909
vt 0.647541 0.000000
vt 0.647541 0.181818
vt 0.647541 0.272727
vt 0.647541 0.363636
vt 0.647541 0.454545
vt 0.647541 0.545455
vt 0.647541 0.636364
vt 0.647541 0.727273
vt 0.647541 0.818182
vt 0.647541 0.909091
vt 0.647541 1.000000
vt 0.655738 0.090909
vt 0.655738 0.000000
vt 0.655738 0.181818
vt 0.655738 0.272727
vt 0.655738 0.363636
vt 0.655738 0.454545
vt 0.655738 0.545455
vt 0.655738 0.636364
vt 0.655738 0.727273
vt 0.655738 0.818182
vt 0.655738 0.909091
vt 0.655738 1.000000
vt 0.663934 0.090909
vt 0.663934 0.000000
vt 0.663934 0.181818
vt 0.663934 0.272727
vt 0.663934 0.363636
vt 0.663934 0.454545
vt 0.663934 0.545455
vt 0.663934 0.636364
vt 0.663934 0.727273
vt 0.663934 0.818182
vt 0.663934 0.909091
vt 0.663934 1.000000
vt 0.672131 0.090909
vt 0.672131 0.000000
vt 0.672131 0.181818
vt 0.672131 0.272727
vt 0.672131 0.363636
vt 0.672131 0.454545
vt 0.672131 0.545455
vt 0.672131 0.636364
vt 0.672131 0.727273
vt 0.672131 0.818182
vt 0.672131 0.909091
vt 0.672131 1.000000
vt 0.680328 0.090909
vt 0.680328 0.000000
vt 0.680328 0.181818
vt 0.680328 0.272727
vt 0.680328 0.363636
vt 0.680328 0.454545
vt 0.680328 0.545455
vt 0.680328 0.636364
vt 0.680328 0.727273
vt 0.680328 0.818182
vt 0.680328 0.909091
vt 0.680328 1.000000
vt 0.688525 0.090909
vt 0.688525 0.000000
vt 0.688525 0.181818
vt 0.688525 0.272727
vt 0.688525 0.363636
vt 0.688525 0.454545
vt 0.688525 0.545455
vt 0.688525 0.636364
vt 0.688525 0.727273
vt 0.688525 0.818182
vt 0.688525 0.909091
vt 0.688525 1.000000
vt 0.696721 0.090909
vt 0.696721 0.000000
vt 0.696721 0.181818
vt 0.696721 0.272727
vt 0.696721 0.363636
vt 0.696721 0.454545
vt 0.696721 0.545455
vt 0.696721 0.636364
vt 0.696721 0.727273
vt 0.696721 0.818182
vt 0.696721 0.909091
vt 0.696721 1.000000
vt 0.704918 0.090909
vt 0.704918 0.000000
vt 0.704918 0.181818
vt 0.704918 0.272727
vt 0.704918 0.363636
vt 0.704918 0.454545
vt 0.704918 0.545455
vt 0.704918 0.636364
vt 0.704918 0.727273
vt 0.704918 0.818182
vt 0.704918 0.909091
vt 0.704918 1.000000
vt 0.713115 0.090909
vt 0.713115 0.000000
vt 0.713115 0.181818
vt 0.713115 0.272727
vt 0.713115 0.363636
vt 0.713115 0.454545
vt 0.713115 0.545455
vt 0.713115 0.636364
vt 0.713115 0.727273
vt 0.713115 0.818182
vt 0.713115 0.909091
vt 0.713115 1.000000
vt 0.721311 0.090909
vt 0.721311 0.000000
vt 0.721311 0.181818
vt 0.721311 0.272727
vt 0.721311 0.363636
vt 0.721311 0.454545
vt 0.721311 0.545455
vt 0.721311 0.636364
vt 0.721311 0.727273
vt 0.721311 0.818182
vt 0.721311 0.909091
vt 0.721311 1.000000
vt 0.729508 0.090909
vt 0.729508 0.000000
vt 0.729508 0.181818
vt 0.729508 0.272727
vt 0.729508 0.363636
vt 0.729508 0.454545
vt 0.729508 0.545455
vt 0.729508 0.636364
vt 0.729508 0.727273
vt 0.729508 0.818182
vt 0.729508 0.909091
vt 0.729508 1.000000
vt 0.737705 0.090909
vt 0.737705 0.000000
vt 0.737705 0.181818
vt 0.737705 0.272727
vt 0.737705 0.363636
vt 0.737705 0.454545
vt 0.737705 0.545455
vt 0.737705 0.636364
vt 0.737705 0.727273
vt 0.737705 0.818182
vt 0.737705 0.909091
vt 0.737705 1.000000
vt 0.745902 0.090909
vt 0.745902 0.000000
vt 0.745902 0.181818
vt 0.745902 0.272727
vt 0.745902 0.363636
vt 0.745902 0.454545
vt 0.745902 0.545455
vt 0.745902 0.636364
vt 0.745902 0.727273
vt 0.745902 0.818182
vt 0.745902 0.909091
vt 0.745902 1.000000
vt 0.754098 0.090909
vt 0.754098 0.000000
vt 0.754098 0.181818
vt 0.754098 0.272727
vt 0.754098 0.363636
vt 0.754098 0.454545
vt 0.754098 0.545455
vt 0.754098 0.636364
vt 0.754098 0.727273
vt 0.754098 0.818182
vt 0.754098 0.909091
vt 0.754098 1.000000
vt 0.762295 0.090909
vt 0.762295 0.000000
vt 0.762295 0.181818
vt 0.762295 0.272727
vt 0.762295 0.363636
vt 0.762295 0.454545
vt 0.762295 0.545455
vt 0.762295 0.636364
vt 0.762295 0.727273
vt 0.762295 0.818182
vt 0.762295 0.909091
vt 0.762295 1.000000
vt 0.770492 0.090909
vt 0.770492 0.000000
vt 0.770492 0.181818
vt 0.770492 0.272727
vt 0.770492 0.363636
vt 0.770492 0.454545
vt 0.770492 0.545455
vt 0.770492 0.636364
vt 0.770492 0.727273
vt 0.770492 0.818182
vt 0.770492 0.909091
vt 0.770492 1.000000
vt 0.778689 0.090909
vt 0.778689 0.000000
vt 0.778689 0.181818
vt 0.778689 0.272727
vt 0.778689 0.363636
vt 0.778689 0.454545
vt 0.778689 0.545455
vt 0.778689 0.636364
vt 0.778689 0.727273
vt 0.778689 0.818182
vt 0.778689 0.909091
vt 0.778689 1.000000
vt 0.786885 0.090909
vt 0.786885 0.000000
vt 0.786885 0.181818
vt 0.786885 0.272727
vt 0.786885 0.363636
vt 0.786885 0.454545
vt 0.786885 0.545455
vt 0.786885 0.636364
vt 0.786885 0.727273
vt 0.786885 0.818182
vt 0.786885 0.909091
vt 0.786885 1.000000
vt 0.795082 0.090909
vt 0.795082 0.000000
vt 0.795082 0.181818
vt 0.795082 0.272727
vt 0.795082 0.363636
vt 0.795082 0.454545
vt 0.795082 0.545455
vt 0.795082 0.636364
vt 0.795082 0.727273
vt 0.795082 0.818182
vt 0.795082 0.909091
vt 0.795082 1.000000
vt 0.803279 0.090909
vt 0.803279 0.000000
vt 0.803279 0.181818
vt 0.803279 0.272727
vt 0.803279 0.363636
vt 0.803279 0.454545
vt 0.803279 0.545455
vt 0.803279 0.636364
vt 0.803279 0.727273
vt 0.803279 0.818182
vt 0.803279 0.909091
vt 0.803279 1.000000
vt 0.811475 0.090909
vt 0.811475 0.000000
vt 0.811475 0.181818
vt 0.811475 0.272727
vt 0.811475 0.363636
vt 0.811475 0.454545
vt 0.811475 0.545455
vt 0.811475 0.636364
vt 0.811475 0.727273
vt 0.811475 0.818182
vt 0.811475 0.909091
vt 0.811475 1.000000
vt 0.819672 0.090909
vt 0.819672 0.000000
vt 0.819672 0.181818
vt 0.819672 0.272727
vt 0.819672 0.363636
vt 0.819672 0.454545
vt 0.819672 0.545455
vt 0.819672 0.636364
vt 0.819672 0.727273
vt 0.819672 0.818182
vt 0.819672 0.909091
vt 0.819672 1.000000
vt 0.827869 0.090909
vt 0.827869 0.000000
vt 0.827869 0.181818
vt 0.827869 0.272727
vt 0.827869 0.363636
vt 0.827869 0.454545
vt 0.827869 0.545455
vt 0.827869 0.636364
vt 0.827869 0.727273
vt 0.827869 0.818182
vt 0.827869 0.909091
vt 0.827869 1.000000
vt 0.836066 0.090909
vt 0.836066 0.000000
vt 0.836066 0.181818
vt 0.836066 0.272727
vt 0.836066 0.363636
vt 0.836066 0.454545
vt 0.836066 0.545455
vt 0.836066 0.636364
vt 0.836066 0.727273
vt 0.836066 0.818182
vt 0.836066 0.909091
vt 0.836066 1.000000
vt 0.844262 0.090909
vt 0.844262 0.000000
vt 0.844262 0.181818
vt 0.844262 0.272727
vt 0.844262 0.363636
vt 0.844262 0.454545
vt 0.844262 0.545455
vt 0.844262 0.636364
vt 0.844262 0.727273
vt 0.844262 0.818182
vt 0.844262 0.909091
vt 0.844262 1.000000
vt 0.852459 0.090909
vt 0.852459 0.000000
vt 0.852459 0.181818
vt 0.852459 0.272727
vt 0.852459 0.363636
vt 0.852459 0.454545
vt 0.852459 0.545455
vt 0.852459 0.636364
vt 0.852459 0.727273
vt 0.852459 0.818182
vt 0.852459 0.909091
vt 0.852459 1.000000
vt 0.860656 0.090909
vt 0.860656 0.000000
vt 0.860656 0.181818
vt 0.860656 0.272727
vt 0.860656 0.363636
vt 0.860656 0.454545
vt 0.860656 0.545455
vt 0.860656 0.636364
vt 0.860656 0.727273
vt 0.860656 0.818182
vt 0.860656 0.909091
vt 0.860656 1.000000
vt 0.868852 0.090909
vt 0.868852 0.000000
vt 0.868852 0.181818
vt 0.868852 0.272727
vt 0.868852 0.363636
vt 0.868852 0.454545
vt 0.868852 0.545455
vt 0.868852 0.636364
vt 0.868852 0.727273
vt 0.868852 0.818182
vt 0.868852 0.909091
vt 0.868852 1.000000
vt 0.877049 0.090909
vt 0.877049 0.000000
vt 0.877049 0.181818
vt 0.877049 0.272727
vt 0.877049 0.363636
vt 0.877049 0.454545
vt 0.877049 0.545455
vt 0.877049 0.636364
vt 0.877049 0.727273
vt 0.877049 0.818182
vt 0.877049 0.909091
vt 0.877049 1.000000
vt 0.885246 0.090909
vt 0.885246 0.000000
vt 0.885246 0.181818
vt 0.885246 0.272727
vt 0.885246 0.363636
vt 0.885246 0.454545
vt 0.885246 0.545455
vt 0.885246 0.636364
vt 0.885246 0.727273
vt 0.885246 0.818182
vt 0.885246 0.909091
vt 0.885246 1.000000
vt 0.893443 0.090909
vt 0.893443 0.000000
vt 0.893443 0.181818
vt 0.893443 0.272727
vt 0.893443 0.363636
vt 0.893443 0.454545
vt 0.893443 0.545455
vt 0.893443 0.636364
vt 0.893443 0.727273
vt 0.893443 0.818182
vt 0.893443 0.909091
vt 0.893443 1.000000
vt 0.901639 0.090909
vt 0.901639 0.000000
vt 0.901639 0.181818
vt 0.901639 0.272727
vt 0.901639 0.363636
vt 0.901639 0.454545
vt 0.901639 0.545455
vt 0.901639 0.636364
vt 0.901639 0.727273
vt 0.901639 0.818182
vt 0.901639 0.909091
vt 0.901639 1.000000
vt 0.909836 0.090909
vt 0.909836 0.000000
vt 0.909836 0.181818
vt 0.909836 0.272727
vt 0.909836 0.363636
vt 0.909836 0.454545
vt 0.909836 0.545455
vt 0.909836 0.636364
vt 0.909836 0.727273
vt 0.909836 0.818182
vt 0.909836 0.909091
vt 0.909836 1.000000
vt 0.918033 0.090909
vt 0.918033 0.000000
vt 0.918033 0.181818
vt 0.918033 0.272727
vt 0.918033 0.363636
vt 0.918033 0.454545
vt 0.918033 0.545455
vt 0.918033 0.636364
vt 0.918033 0.727273
vt 0.918033 0.818182
vt 0.918033 0.909091
vt 0.918033 1.000000
vt 0.926230 0.090909
vt 0.926230 0.000000
vt 0.926230 0.181818
vt 0.926230 0.272727
vt 0.926230 0.363636
vt 0.926230 0.454545
vt 0.926230 0.545455
vt 0.926230 0.636364
vt 0.926230 0.727273
vt 0.926230 0.818182
vt 0.926230 0.909091
vt 0.926230 1.000000
vt 0.934426 0.090909
vt 0.934426 0.000000
vt 0.934426 0.181818
vt 0.934426 0.272727
vt 0.934426 0.363636
vt 0.934426 0.454545
vt 0.934426 0.545455
vt 0.934426 0.636364
vt 0.934426 0.727273
vt 0.934426 0.818182
vt 0.934426 0.909091
vt 0.934426 1.000000
vt 0.942623 0.090909
vt 0.942623 0.000000
vt 0.942623 0.181818
vt 0.942623 0.272727
vt 0.942623 0.363636
vt 0.942623 0.454545
vt 0.942623 0.545455
vt 0.942623 0.636364
vt 0.942623 0.727273
vt 0.942623 0.818182
vt 0.942623 0.909091
vt 0.942623 1.000000
vt 0.950820 0.090909
vt 0.950820 0.000000
vt 0.950820 0.181818
vt 0.950820 0.272727
vt 0.950820 0.363636
vt 0.950820 0.454545
vt 0.950820 0.545455
vt 0.950820 0.636364
vt 0.950820 0.727273
vt 0.950820 0.818182
vt 0.950820 0.909091
vt 0.950820 1.000000
vt 0.959016 0.090909
vt 0.959016 0.000000
vt 0.959016 0.181818
vt 0.959016 0.272727
vt 0.959016 0.363636
vt 0.959016 0.454545
vt 0.959016 0.545455
vt 0.959016 0.636364
vt 0.959016 0.727273
vt 0.959016 0.818182
vt 0.959016 0.909091
vt 0.959016 1.000000
vt 0.967213 0.090909
vt 0.967213 0.000000
vt 0.967213 0.181818
vt 0.967213 0.272727
vt 0.967213 0.363636
vt 0.967213 0.454545
vt 0.967213 0.545455
vt 0.967213 0.636364
vt 0.967213 0.727273
vt 0.967213 0.818182
vt 0.967213 0.909091
vt 0.967213 1.000000
vt 0.975410 0.090909
vt 0.975410 0.000000
vt 0.975410 0.181818
vt 0.975410 0.272727
vt 0.975410 0.363636
vt 0.975410 0.454545
vt 0.975410 0.545455
vt 0.975410 0.636364
vt 0.975410 0.727273
vt 0.975410 0.818182
vt 0.975410 0.909091
vt 0.975410 1.000000
vt 0.983607 0.090909
vt 0.983607 0.000000
vt 0.983607 0.181818
vt 0.983607 0.272727
vt 0.983607 0.363636
vt 0.983607 0.454545
vt 0.983607 0.545455
vt 0.983607 0.636364
vt 0.983607 0.727273
vt 0.983607 0.818182
vt 0.983607 0.909091
vt 0.983607 1.000000
vt 0.991803 0.090909
vt 0.991803 0.000000
vt 0.991803 0.181818
vt 0.991803 0.272727
vt 0.991803 0.363636
vt 0.991803 0.454545
vt 0.991803 0.545455
vt 0.991803 0.636364
vt 0.991803 0.727273
vt 0.991803 0.818182
vt 0.991803 0.909091
vt 0.991803 1.000000
vt 0.012821 0.090909
vt 0.012821 0.000000
vt 0.012821 0.181818
vt 0.012821 0.272727
vt 0.012821 0.363636
vt 0.012821 0.454545
vt 0.012821 0.545455
vt 0.012821 0.636364
vt 0.012821 0.727273
vt 0.012821 0.818182
vt 0.012821 0.909091
vt 0.012821 1.000000
vt 0.025641 0.090909
vt 0.025641 0.000000
vt 0.025641 0.181818
vt 0.025641 0.272727
vt 0.025641 0.363636
vt 0.025641 0.454545
vt 0.025641 0.545455
vt 0.025641 0.636364
vt 0.025641 0.727273
vt 0.025641 0.818182
vt 0.025641 0.909091
vt 0.025641 1.000000
vt 0.038462 0.090909
vt 0.038462 0.000000
vt 0.038462 0.181818
vt 0.038462 0.272727
vt 0.038462 0.363636
vt 0.038462 0.454545
vt 0.038462 0.545455
vt 0.038462 0.636364
vt 0.038462 0.727273
vt 0.038462 0.818182
vt 0.038462 0.909091
vt 0.038462 1.000000
vt 0.051282 0.090909
vt 0.051282 0.000000
vt 0.051282 0.181818
vt 0.051282 0.272727
vt 0.051282 0.363636
vt 0.051282 0.454545
vt 0.051282 0.545455
vt 0.051282 0.636364
vt 0.051282 0.727273
vt 0.051282 0.818182
vt 0.051282 0.909091
vt 0.051282 1.000000
vt 0.064103 0.090909
vt 0.064103 0.000000
vt 0.064103 0.181818
vt 0.064103 0.272727
vt 0.064103 0.363636
vt 0.064103 0.454545
vt 0.064103 0.545455
vt 0.064103 0.636364
vt 0.064103 0.727273
vt 0.064103 0.818182
vt 0.064103 0.909091
vt 0.064103 1.000000
vt 0.076923 0.090909
vt 0.076923 0.000000
vt 0.076923 0.181818
vt 0.076923 0.272727
vt 0.076923 0.363636
vt 0.076923 0.454545
vt 0.076923 0.545455
vt 0.076923 0.636364
vt 0.076923 0.727273
vt 0.076923 0.818182
vt 0.076923 0.909091
vt 0.076923 1.000000
vt 0.089744 0.090909
vt 0.089744 0.000000
vt 0.089744 0.181818
vt 0.089744 0.272727
vt 0.089744 0.363636
vt 0.089744 0.454545
vt 0.089744 0.545455
vt 0.089744 0.636364
vt 0.089744 0.727273
vt 0.089744 0.818182
vt 0.089744 0.909091
vt 0.089744 1.000000
vt 0.102564 0.090909
vt 0.102564 0.000000
vt 0.102564 0.181818
vt 0.102564 0.272727
vt 0.102564 0.363636
vt 0.102564 0.454545
vt 0.102564 0.545455
vt 0.102564 0.636364
vt 0.102564 0.727273
vt 0.102564 0.818182
vt 0.102564 0.909091
vt 0.102564 1.000000
vt 0.115385 0.090909
vt 0.115385 0.000000
vt 0.115385 0.181818
vt 0.115385 0.272727
vt 0.115385 0.363636
vt 0.115385 0.454545
vt 0.115385 0.545455
vt 0.115385 0.636364
vt 0.115385 0.727273
vt 0.115385 0.818182
vt 0.115385 0.909091
vt 0.115385 1.000000
vt 0.128205 0.090909
vt 0.128205 0.000000
vt 0.128205 0.181818
vt 0.128205 0.272727
vt 0.128205 0.363636
vt 0.128205 0.454545
vt 0.128205 0.545455
vt 0.128205 0.636364
vt 0.128205 0.727273
vt 0.128205 0.818182
vt 0.128205 0.909091
vt 0.128205 1.000000
vt 0.141026 0.090909
vt 0.141026 0.000000
vt 0.141026 0.181818
vt 0.141026 0.272727
vt 0.141026 0.363636
vt 0.141026 0.454545
vt 0.141026 0.545455
vt 0.141026 0.636364
vt 0.141026 0.727273
vt 0.141026 0.818182
vt 0.141026 0.909091
vt 0.141026 1.000000
vt 0.153846 0.090909
vt 0.153846 0.000000
vt 0.153846 0.181818
vt 0.153846 0.272727
vt 0.153846 0.363636
vt 0.153846 0.454545
vt 0.153846 0.545455
vt 0.153846 0.636364
vt 0.153846 0.727273
vt 0.153846 0.818182
vt 0.153846 0.909091
vt 0.153846 1.000000
vt 0.179487 0.090909
vt 0.179487 0.000000
vt 0.179487 0.181818
vt 0.179487 0.272727
vt 0.179487 0.363636
vt 0.179487 0.454545
vt 0.179487 0.545455
vt 0.179487 0.636364
vt 0.179487 0.727273
vt 0.179487 0.818182
vt 0.179487 0.909091
vt 0.179487 1.000000
vt 0.192308 0.090909
vt 0.192308 0.000000
vt 0.192308 0.181818
vt 0.192308 0.272727
vt 0.192308 0.363636
vt 0.192308 0.454545
vt 0.192308 0.545455
vt 0.192308 0.636364
vt 0.192308 0.727273
vt 0.192308 0.818182
vt 0.192308 0.909091
vt 0.192308 1.000000
vt 0.205128 0.090909
vt 0.205128 0.000000
vt 0.205128 0.181818
vt 0.205128 0.272727
vt 0.205128 0.363636
vt 0.205128 0.454545
vt 0.205128 0.545455
vt 0.205128 0.636364
vt 0.205128 0.727273
vt 0.205128 0.818182
vt 0.205128 0.909091
vt 0.205128 1.000000
vt 0.217949 0.090909
vt 0.217949 0.000000
vt 0.217949 0.181818
vt 0.217949 0.272727
vt 0.217949 0.363636
vt 0.217949 0.454545
vt 0.217949 0.545455
vt 0.217949 0.636364
vt 0.217949 0.727273
vt 0.217949 0.818182
vt 0.217949 0.909091
vt 0.217949 1.000000
vt 0.230769 0.090909
vt 0.230769 0.000000
vt 0.230769 0.181818
vt 0.230769 0.272727
vt 0.230769 0.363636
vt 0.230769 0.454545
vt 0.230769 0.545455
vt 0.230769 0.636364
vt 0.230769 0.727273
vt 0.230769 0.818182
vt 0.230769 0.909091
vt 0.230769 1.000000
vt 0.243590 0.090909
vt 0.243590 0.000000
vt 0.243590 0.181818
vt 0.243590 0.272727
vt 0.243590 0.363636
vt 0.243590 0.454545
vt 0.243590 0.545455
vt 0.243590 0.636364
vt 0.243590 0.727273
vt 0.243590 0.818182
vt 0.243590 0.909091
vt 0.243590 1.000000
vt 0.256410 0.090909
vt 0.256410 0.000000
vt 0.256410 0.181818
vt 0.256410 0.272727
vt 0.256410 0.363636
vt 0.256410 0.454545
vt 0.256410 0.545455
vt 0.256410 0.636364
vt 0.256410 0.727273
vt 0.256410 0.818182
vt 0.256410 0.909091
vt 0.256410 1.000000
vt 0.269231 0.090909
vt 0.269231 0.000000
vt 0.269231 0.181818
vt 0.269231 0.272727
vt 0.269231 0.363636
vt 0.269231 0.454545
vt 0.269231 0.545455
vt 0.269231 0.636364
vt 0.269231 0.727273
vt 0.269231 0.818182
vt 0.269231 0.909091
vt 0.269231 1.000000
vt 0.282051 0.090909
vt 0.282051 0.000000
vt 0.282051 0.181818
vt 0.282051 0.272727
vt 0.282051 0.363636
vt 0.282051 0.454545
vt 0.282051 0.545455
vt 0.282051 0.636364
vt 0.282051 0.727273
vt 0.282051 0.818182
vt 0.282051 0.909091
vt 0.282051 1.000000
vt 0.294872 0.090909
vt 0.294872 0.000000
vt 0.294872 0.181818
vt 0.294872 0.272727
vt 0.294872 0.363636
vt 0.294872 0.454545
vt 0.294872 0.545455
vt 0.294872 0.636364
vt 0.294872 0.727273
vt 0.294872 0.818182
vt 0.294872 0.909091
vt 0.294872 1.000000
vt 0.307692 0.090909
vt 0.307692 0.000000
vt 0.307692 0.181818
vt 0.307692 0.272727
vt 0.307692 0.363636
vt 0.307692 0.454545
vt 0.307692 0.545455
vt 0.307692 0.636364
vt 0.307692 0.727273
vt 0.307692 0.818182
vt 0.307692 0.909091
vt 0.307692 1.000000
vt 0.320513 0.090909
vt 0.320513 0.000000
vt 0.320513 0.181818
vt 0.320513 0.272727
vt 0.320513 0.363636
vt 0.320513 0.454545
vt 0.320513 0.545455
vt 0.320513 0.636364
vt 0.320513 0.727273
vt 0.320513 0.818182
vt 0.320513 0.909091
vt 0.320513 1.000000
vt 0.346154 0.090909
vt 0.346154 0.000000
vt 0.346154 0.181818
vt 0.346154 0.272727
vt 0.346154 0.363636
vt 0.346154 0.454545
vt 0.346154 0.545455
vt 0.346154 0.636364
vt 0.346154 0.727273
vt 0.346154 0.818182
vt 0.346154 0.909091
vt 0.346154 1.000000
vt 0.358974 0.090909
vt 0.358974 0.000000
vt 0.358974 0.181818
vt 0.358974 0.272727
vt 0.358974 0.363636
vt 0.358974 0.454545
vt 0.358974 0.545455
vt 0.358974 0.636364
vt 0.358974 0.727273
vt 0.358974 0.818182
vt 0.358974 0.909091
vt 0.358974 1.000000
vt 0.371795 0.090909
vt 0.371795 0.000000
vt 0.371795 0.181818
vt 0.371795 0.272727
vt 0.371795 0.363636
vt 0.371795 0.454545
vt 0.371795 0.545455
vt 0.371795 0.636364
vt 0.371795 0.727273
vt 0.371795 0.818182
vt 0.371795 0.909091
vt 0.371795 1.000000
vt 0.384615 0.090909
vt 0.384615 0.000000
vt 0.384615 0.181818
vt 0.384615 0.272727
vt 0.384615 0.363636
vt 0.384615 0.454545
vt 0.384615 0.545455
vt 0.384615 0.636364
vt 0.384615 0.727273
vt 0.384615 0.818182
vt 0.384615 0.909091
vt 0.384615 1.000000
vt 0.397436 0.090909
vt 0.397436 0.000000
vt 0.397436 0.181818
vt 0.397436 0.272727
vt 0.397436 0.363636
vt 0.397436 0.454545
vt 0.397436 0.545455
vt 0.397436 0.636364
vt 0.397436 0.727273
vt 0.397436 0.818182
vt 0.397436 0.909091
vt 0.397436 1.000000
vt 0.410256 0.090909
vt 0.410256 0.000000
vt 0.410256 0.181818
vt 0.410256 0.272727
vt 0.410256 0.363636
vt 0.410256 0.454545
vt 0.410256 0.545455
vt 0.410256 0.636364
vt 0.410256 0.727273
vt 0.410256 0.818182
vt 0.410256 0.909091
vt 0.410256 1.000000
vt 0.423077 0.090909
vt 0.423077 0.000000
vt 0.423077 0.181818
vt 0.423077 0.272727
vt 0.423077 0.363636
vt 0.423077 0.454545
vt 0.423077 0.545455
vt 0.423077 0.636364
vt 0.423077 0.727273
vt 0.423077 0.818182
vt 0.423077 0.909091
vt 0.423077 1.000000
vt 0.435897 0.090909
vt 0.435897 0.000000
vt 0.435897 0.181818
vt 0.435897 0.272727
vt 0.435897 0.363636
vt 0.435897 0.454545
vt 0.435897 0.545455
vt 0.435897 0.636364
vt 0.435897 0.727273
vt 0.435897 0.818182
vt 0.435897 0.909091
vt 0.435897 1.000000
vt 0.448718 0.090909
vt 0.448718 0.000000
vt 0.448718 0.181818
vt 0.448718 0.272727
vt 0.448718 0.363636
vt 0.448718 0.454545
vt 0.448718 0.545455
vt 0.448718 0.636364
vt 0.448718 0.727273
vt 0.448718 0.818182
vt 0.448718 0.909091
vt 0.448718 1.000000
vt 0.461538 0.090909
vt 0.461538 0.000000
vt 0.461538 0.181818
vt 0.461538 0.272727
vt 0.461538 0.363636
vt 0.461538 0.454545
vt 0.461538 0.545455
vt 0.461538 0.636364
vt 0.461538 0.727273
vt 0.461538 0.818182
vt 0.461538 0.909091
vt 0.461538 1.000000
vt 0.474359 0.090909
vt 0.474359 0.000000
vt 0.474359 0.181818
vt 0.474359 0.272727
vt 0.474359 0.363636
vt 0.474359 0.454545
vt 0.474359 0.545455
vt 0.474359 0.636364
vt 0.474359 0.727273
vt 0.474359 0.818182
vt 0.474359 0.909091
vt 0.474359 1.000000
vt 0.487179 0.090909
vt 0.487179 0.000000
vt 0.487179 0.181818
vt 0.487179 0.272727
vt 0.487179 0.363636
vt 0.487179 0.454545
vt 0.487179 0.545455
vt 0.487179 0.636364
vt 0.487179 0.727273
vt 0.487179 0.818182
vt 0.487179 0.909091
vt 0.487179 1.000000
vt 0.512821 0.090909
vt 0.512821 0.000000
vt 0.512821 0.181818
vt 0.512821 0.272727
vt 0.512821 0.363636
vt 0.512821 0.454545
vt 0.512821 0.545455
vt 0.512821 0.636364
vt 0.512821 0.727273
vt 0.512821 0.818182
vt 0.512821 0.909091
vt 0.512821 1.000000
vt 0.525641 0.090909
vt 0.525641 0.000000
vt 0.525641 0.181818
vt 0.525641 0.272727
vt 0.525641 0.363636
vt 0.525641 0.454545
vt 0.525641 0.545455
vt 0.525641 0.636364
vt 0.525641 0.727273
vt 0.525641 0.818182
vt 0.525641 0.909091
vt 0.525641 1.000000
vt 0.538462 0.090909
vt 0.538462 0.000000
vt 0.538462 0.181818
vt 0.538462 0.272727
vt 0.538462 0.363636
vt 0.538462 0.454545
vt 0.538462 0.545455
vt 0.538462 0.636364
vt 0.538462 0.727273
vt 0.538462 0.818182
vt 0.538462 0.909091
vt 0.538462 1.000000
vt 0.551282 0.090909
vt 0.551282 0.000000
vt 0.551282 0.181818
vt 0.551282 0.272727
vt 0.551282 0.363636
vt 0.551282 0.454545
vt 0.551282 0.545455
vt 0.551282 0.636364
vt 0.551282 0.727273
vt 0.551282 0.818182
vt 0.551282 0.909091
vt 0.551282 1.000000
vt 0.564103 0.090909
vt 0.564103 0.000000
vt 0.564103 0.181818
vt 0.564103 0.272727
vt 0.564103 0.363636
vt 0.564103 0.454545
vt 0.564103 0.545455
vt 0.564103 0.636364
vt 0.564103 0.727273
vt 0.564103 0.818182
vt 0.564103 0.909091
vt 0.564103 1.000000
vt 0.576923 0.090909
vt 0.576923 0.000000
vt 0.576923 0.181818
vt 0.576923 0.272727
vt 0.576923 0.363636
vt 0.576923 0.454545
vt 0.576923 0.545455
vt 0.576923 0.636364
vt 0.576923 0.727273
vt 0.576923 0.818182
vt 0.576923 0.909091
vt 0.576923 1.000000
vt 0.589744 0.090909
vt 0.589744 0.000000
vt 0.589744 0.181818
vt 0.589744 0.272727
vt 0.589744 0.363636
vt 0.589744 0.454545
vt 0.589744 0.545455
vt 0.589744 0.636364
vt 0.589744 0.727273
vt 0.589744 0.818182
vt 0.589744 0.909091
vt 0.589744 1.000000
vt 0.602564 0.090909
vt 0.602564 0.000000
vt 0.602564 0.181818
vt 0.602564 0.272727
vt 0.602564 0.363636
vt 0.602564 0.454545
vt 0.602564 0.545455
vt 0.602564 0.636364
vt 0.602564 0.727273
vt 0.602564 0.818182
vt 0.602564 0.909091
vt 0.602564 1.000000
vt 0.615385 0.090909
vt 0.615385 0.000000
vt 0.615385 0.181818
vt 0.615385 0.272727
vt 0.615385 0.363636
vt 0.615385 0.454545
vt 0.615385 0.545455
vt 0.615385 0.636364
vt 0.615385 0.727273
vt 0.615385 0.818182
vt 0.615385 0.909091
vt 0.615385 1.000000
vt 0.628205 0.090909
vt 0.628205 0.000000
vt 0.628205 0.181818
vt 0.628205 0.272727
vt 0.628205 0.363636
vt 0.628205 0.454545
vt 0.628205 0.545455
vt 0.628205 0.636364
vt 0.628205 0.727273
vt 0.628205 0.818182
vt 0.628205 0.909091
vt 0.628205 1.000000
vt 0.641026 0.090909
vt 0.641026 0.000000
vt 0.641026 0.181818
vt 0.641026 0.272727
vt 0.641026 0.363636
vt 0.641026 0.454545
vt 0.641026 0.545455
vt 0.641026 0.636364
vt 0.641026 0.727273
vt 0.641026 0.818182
vt 0.641026 0.909091
vt 0.641026 1.000000
vt 0.653846 0.090909
vt 0.653846 0.000000
vt 0.653846 0.181818
vt 0.653846 0.272727
vt 0.653846 0.363636
vt 0.653846 0.454545
vt 0.653846 0.545455
vt 0.653846 0.636364
vt 0.653846 0.727273
vt 0.653846 0.818182
vt 0.653846 0.909091
vt 0.653846 1.000000
vt 0.679487 0.090909
vt 0.679487 0.000000
vt 0.679487 0.181818
vt 0.679487 0.272727
vt 0.679487 0.363636
vt 0.679487 0.454545
vt 0.679487 0.545455
vt 0.679487 0.636364
vt 0.679487 0.727273
vt 0.679487 0.818182
vt 0.679487 0.909091
vt 0.679487 1.000000
vt 0.692308 0.090909
vt 0.692308 0.000000
vt 0.692308 0.181818
vt 0.692308 0.272727
vt 0.692308 0.363636
vt 0.692308 0.454545
vt 0.692308 0.545455
vt 0.692308 0.636364
vt 0.692308 0.727273
vt 0.692308 0.818182
vt 0.692308 0.909091
vt 0.692308 1.000000
vt 0.705128 0.090909
vt 0.705128 0.000000
vt 0.705128 0.181818
vt 0.705128 0.272727
vt 0.705128 0.363636
vt 0.705128 0.454545
vt 0.705128 0.545455
vt 0.705128 0.636364
vt 0.705128 0.727273
vt 0.705128 0.818182
vt 0.705128 0.909091
vt 0.705128 1.000000
vt 0.717949 0.090909
vt 0.717949 0.000000
vt 0.717949 0.181818
vt 0.717949 0.272727
vt 0.717949 0.363636
vt 0.717949 0.454545
vt 0.717949 0.545455
vt 0.717949 0.636364
vt 0.717949 0.727273
vt 0.717949 0.818182
vt 0.717949 0.909091
vt 0.717949 1.000000
vt 0.730769 0.090909
vt 0.730769 0.000000
vt 0.730769 0.181818
vt 0.730769 0.272727
vt 0.730769 0.363636
vt 0.730769 0.454545
vt 0.730769 0.545455
vt 0.730769 0.636364
vt 0.730769 0.727273
vt 0.730769 0.818182
vt 0.730769 0.909091
vt 0.730769 1.000000
vt 0.743590 0.090909
vt 0.743590 0.000000
vt 0.743590 0.181818
vt 0.743590 0.272727
vt 0.743590 0.363636
vt 0.743590 0.454545
vt 0.743590 0.545455
vt 0.743590 0.636364
vt 0.743590 0.727273
vt 0.743590 0.818182
vt 0.743590 0.909091
vt 0.743590 1.000000
vt 0.756410 0.090909
vt 0.756410 0.000000
vt 0.756410 0.181818
vt 0.756410 0.272727
vt 0.756410 0.363636
vt 0.756410 0.454545
vt 0.756410 0.545455
vt 0.756410 0.636364
vt 0.756410 0.727273
vt 0.756410 0.818182
vt 0.756410 0.909091
vt 0.756410 1.000000
vt 0.769231 0.090909
vt 0.769231 0.000000
vt 0.769231 0.181818
vt 0.769231 0.272727
vt 0.769231 0.363636
vt 0.769231 0.454545
vt 0.769231 0.545455
vt 0.769231 0.636364
vt 0.769231 0.727273
vt 0.769231 0.818182
vt 0.769231 0.909091
vt 0.769231 1.000000
vt 0.782051 0.090909
vt 0.782051 0.000000
vt 0.782051 0.181818
vt 0.782051 0.272727
vt 0.782051 0.363636
vt 0.782051 0.454545
vt 0.782051 0.545455
vt 0.782051 0.636364
vt 0.782051 0.727273
vt 0.782051 0.818182
vt 0.782051 0.909091
vt 0.782051 1.000000
vt 0.794872 0.090909
vt 0.794872 0.000000
vt 0.794872 0.181818
vt 0.794872 0.272727
vt 0.794872 0.363636
vt 0.794872 0.454545
vt 0.794872 0.545455
vt 0.794872 0.636364
vt 0.794872 0.727273
vt 0.794872 0.818182
vt 0.794872 0.909091
vt 0.794872 1.000000
vt 0.807692 0.090909
vt 0.807692 0.000000
vt 0.807692 0.181818
vt 0.807692 0.272727
vt 0.807692 0.363636
vt 0.807692 0.454545
vt 0.807692 0.545455
vt 0.807692 0.636364
vt 0.807692 0.727273
vt 0.807692 0.818182
vt 0.807692 0.909091
vt 0.807692 1.000000
vt 0.820513 0.090909
vt 0.820513 0.000000
vt 0.820513 0.181818
vt 0.820513 0.272727
vt 0.820513 0.363636
vt 0.820513 0.454545
vt 0.820513 0.545455
vt 0.820513 0.636364
vt 0.820513 0.727273
vt 0.820513 0.818182
vt 0.820513 0.909091
vt 0.820513 1.000000
vt 0.846154 0.090909
vt 0.846154 0.000000
vt 0.846154 0.181818
vt 0.846154 0.272727
vt 0.846154 0.363636
vt 0.846154 0.454545
vt 0.846154 0.545455
vt 0.846154 0.636364
vt 0.846154 0.727273
vt 0.846154 0.818182
vt 0.846154 0.909091
vt 0.846154 1.000000
vt 0.858974 0.090909
vt 0.858974 0.000000
vt 0.858974 0.181818
vt 0.858974 0.272727
vt 0.858974 0.363636
vt 0.858974 0.454545
vt 0.858974 0.545455
vt 0.858974 0.636364
vt 0.858974 0.727273
vt 0.858974 0.818182
vt 0.858974 0.909091
vt 0.858974 1.000000
vt 0.871795 0.090909
vt 0.871795 0.000000
vt 0.871795 0.181818
vt 0.871795 0.272727
vt 0.871795 0.363636
vt 0.871795 0.454545
vt 0.871795 0.545455
vt 0.871795 0.636364
vt 0.871795 0.727273
vt 0.871795 0.818182
vt 0.871795 0.909091
vt 0.871795 1.000000
vt 0.884615 0.090909
vt 0.884615 0.000000
vt 0.884615 0.181818
vt 0.884615 0.272727
vt 0.884615 0.363636
vt 0.884615 0.454545
vt 0.884615 0.545455
vt 0.884615 0.636364
vt 0.884615 0.727273
vt 0.884615 0.818182
vt 0.884615 0.909091
vt 0.884615 1.000000
vt 0.897436 0.090909
vt 0.897436 0.000000
vt 0.897436 0.181818
vt 0.897436 0.272727
vt 0.897436 0.363636
vt 0.897436 0.454545
vt 0.897436 0.545455
vt 0.897436 0.636364
vt 0.897436 0.727273
vt 0.897436 0.818182
vt 0.897436 0.909091
vt 0.897436 1.000000
vt 0.910256 0.090909
vt 0.910256 0.000000
vt 0.910256 0.181818
vt 0.910256 0.272727
vt 0.910256 0.363636
vt 0.910256 0.454545
vt 0.910256 0.545455
vt 0.910256 0.636364
vt 0.910256 0.727273
vt 0.910256 0.818182
vt 0.910256 0.909091
vt 0.910256 1.000000
vt 0.923077 0.090909
vt 0.923077 0.000000
vt 0.923077 0.181818
vt 0.923077 0.272727
vt 0.923077 0.363636
vt 0.923077 0.454545
vt 0.923077 0.545455
vt 0.923077 0.636364
vt 0.923077 0.727273
vt 0.923077 0.818182
vt 0.923077 0.909091
vt 0.923077 1.000000
vt 0.935897 0.090909
vt 0.935897 0.000000
vt 0.935897 0.181818
vt 0.935897 0.272727
vt 0.935897 0.363636
vt 0.935897 0.454545
vt 0.935897 0.545455
vt 0.935897 0.636364
vt 0.935897 0.727273
vt 0.935897 0.818182
vt 0.935897 0.909091
vt 0.935897 1.000000
vt 0.948718 0.090909
vt 0.948718 0.000000
vt 0.948718 0.181818
vt 0.948718 0.272727
vt 0.948718 0.363636
vt 0.948718 0.454545
vt 0.948718 0.545455
vt 0.948718 0.636364
vt 0.948718 0.727273
vt 0.948718 0.818182
vt 0.948718 0.909091
vt 0.948718 1.000000
vt 0.961538 0.090909
vt 0.961538 0.000000
vt 0.961538 0.181818
vt 0.961538 0.272727
vt 0.961538 0.363636
vt 0.961538 0.454545
vt 0.961538 0.545455
vt 0.961538 0.636364
vt 0.961538 0.727273
vt 0.961538 0.818182
vt 0.961538 0.909091
vt 0.961538 1.000000
vt 0.974359 0.090909
vt 0.974359 0.000000
vt 0.974359 0.181818
vt 0.974359 0.272727
vt 0.974359 0.363636
vt 0.974359 0.454545
vt 0.974359 0.545455
vt 0.974359 0.636364
vt 0.974359 0.727273
vt 0.974359 0.818182
vt 0.974359 0.909091
vt 0.974359 1.000000
vt 0.987179 0.090909
vt 0.987179 0.000000
vt 0.987179 0.181818
vt 0.987179 0.272727
vt 0.987179 0.363636
vt 0.987179 0.454545
vt 0.987179 0.545455
vt 0.987179 0.636364
vt 0.987179 0.727273
vt 0.987179 0.818182
vt 0.987179 0.909091
vt 0.987179 1.000000
vt 0.125000 0.090909
vt 0.125000 0.000000
vt 0.125000 0.181818
vt 0.125000 0.272727
vt 0.125000 0.363636
vt 0.125000 0.454545
vt 0.125000 0.545455
vt 0.125000 0.636364
vt 0.125000 0.727273
vt 0.125000 0.818182
vt 0.125000 0.909091
vt 0.125000 1.000000
vt 0.375000 0.090909
vt 0.375000 0.000000
vt 0.375000 0.181818
vt 0.375000 0.272727
vt 0.375000 0.363636
vt 0.375000 0.454545
vt 0.375000 0.545455
vt 0.375000 0.636364
vt 0.375000 0.727273
vt 0.375000 0.818182
vt 0.375000 0.909091
vt 0.375000 1.000000
vt 0.625000 0.090909
vt 0.625000 0.000000
vt 0.625000 0.181818
vt 0.625000 0.272727
vt 0.625000 0.363636
vt 0.625000 0.454545
vt 0.625000 0.545455
vt 0.625000 0.636364
vt 0.625000 0.727273
vt 0.625000 0.818182
vt 0.625000 0.909091
vt 0.625000 1.000000
vt 0.875000 0.090909
vt 0.875000 0.000000
vt 0.875000 0.181818
vt 0.875000 0.272727
vt 0.875000 0.363636
vt 0.875000 0.454545
vt 0.875000 0.545455
vt 0.875000 0.636364
vt 0.875000 0.727273
vt 0.875000 0.818182
vt 0.875000 0.909091
vt 0.875000 1.000000
s 0
f 5/1/1 7/2/1 6/3/1
f 5/1/1 8/4/1 7/2/1
f 4/5/1 8/4/1 5/1/1
f 3/6/1 1/7/1 4/5/1
f 1/7/1 8/4/1 4/5/1
f 3/6/1 2/8/1 1/7/1
f 11/9/1 13/10/1 12/11/1
f 11/9/1 14/4/1 13/10/1
f 11/9/1 9/7/1 14/4/1
f 11/9/1 10/12/1 9/7/1
f 38/13/1 40/14/1 39/15/1
f 38/13/1 41/16/1 40/14/1
f 89/17/1 91/18/1 90/19/1
f 89/17/1 92/4/1 91/18/1
f 88/20/1 92/4/1 89/17/1
f 38/13/1 42/21/1 41/16/1
f 87/22/1 92/4/1 88/20/1
f 87/22/1 15/7/1 92/4/1
f 38/13/1 43/23/1 42/21/1
f 37/6/1 43/23/1 38/13/1
f 86/24/1 15/7/1 87/22/1
f 37/6/1 44/25/1 43/23/1
f 85/26/1 15/7/1 86/24/1
f 37/6/1 45/27/1 44/25/1
f 85/26/1 16/28/1 15/7/1
f 84/29/1 16/28/1 85/26/1
f 37/6/1 46/30/1 45/27/1
f 36/31/1 46/30/1 37/6/1
f 83/32/1 16/28/1 84/29/1
f 36/31/1 47/33/1 46/30/1
f 82/34/1 16/28/1 83/32/1
f 36/31/1 48/5/1 47/33/1
f 82/34/1 17/35/1 16/28/1
f 81/2/1 17/35/1 82/34/1
f 36/31/1 49/36/1 48/5/1
f 80/37/1 17/35/1 81/2/1
f 35/38/1 49/36/1 36/31/1
f 35/38/1 50/39/1 49/36/1
f 79/40/1 17/35/1 80/37/1
f 35/38/1 51/41/1 50/39/1
f 35/38/1 52/42/1 51/41/1
f 78/43/1 17/35/1 79/40/1
f 78/43/1 18/44/1 17/35/1
f 35/38/1 53/45/1 52/42/1
f 77/46/1 18/44/1 78/43/1
f 35/38/1 54/47/1 53/45/1
f 34/48/1 54/47/1 35/38/1
f 76/49/1 18/44/1 77/46/1
f 34/48/1 55/50/1 54/47/1
f 75/51/1 18/44/1 76/49/1
f 75/51/1 19/52/1 18/44/1
f 34/48/1 56/53/1 55/50/1
f 74/54/1 19/52/1 75/51/1
f 73/55/1 19/52/1 74/54/1
f 34/48/1 57/56/1 56/53/1
f 72/57/1 19/52/1 73/55/1
f 34/48/1 58/58/1 57/56/1
f 33/59/1 58/58/1 34/48/1
f 71/60/1 19/52/1 72/57/1
f 33/59/1 59/1/1 58/58/1
f 70/3/1 19/52/1 71/60/1
f 33/59/1 60/61/1 59/1/1
f 70/3/1 20/62/1 19/52/1
f 69/63/1 20/62/1 70/3/1
f 33/59/1 61/64/1 60/61/1
f 68/65/1 20/62/1 69/63/1
f 33/59/1 62/66/1 61/64/1
f 67/67/1 20/62/1 68/65/1
f 33/59/1 63/68/1 62/66/1
f 66/69/1 20/62/1 67/67/1
f 33/59/1 64/70/1 63/68/1
f 65/71/1 20/62/1 66/69/1
f 33/59/1 65/71/1 64/70/1
f 33/59/1 20/62/1 65/71/1
f 32/72/1 20/62/1 33/59/1
f 32/72/1 21/73/1 20/62/1
f 31/74/1 21/73/1 32/72/1
f 31/74/1 22/75/1 21/73/1
f 30/76/1 22/75/1 31/74/1
f 30/76/1 23/77/1 22/75/1
f 29/78/1 23/77/1 30/76/1
f 29/78/1 24/79/1 23/77/1
f 28/80/1 24/79/1 29/78/1
f 28/80/1 25/81/1 24/79/1
f 27/82/1 25/81/1 28/80/1
f 27/82/1 26/8/1 25/81/1
f 200/83/1 202/84/1 201/85/1
f 200/83/1 203/26/1 202/84/1
f 200/83/1 204/86/1 203/26/1
f 199/87/1 204/86/1 200/83/1
f 199/87/1 205/88/1 204/86/1
f 199/87/1 206/89/1 205/88/1
f 198/90/1 206/89/1 199/87/1
f 198/90/1 207/91/1 206/89/1
f 198/90/1 208/92/1 207/91/1
f 197/93/1 208/92/1 198/90/1
f 197/93/1 209/94/1 208/92/1
f 197/93/1 210/95/1 209/94/1
f 196/96/1 210/95/1 197/93/1
f 196/96/1 211/97/1 210/95/1
f 196/96/1 212/98/1 211/97/1
f 195/99/1 212/98/1 196/96/1
f 195/99/1 213/100/1 212/98/1
f 195/99/1 100/101/1 213/100/1
f 100/101/1 99/102/1 213/100/1
f 99/102/1 98/103/1 213/100/1
f 98/103/1 97/104/1 213/100/1
f 97/104/1 96/105/1 213/100/1
f 96/105/1 95/106/1 213/100/1
f 95/106/1 94/107/1 213/100/1
f 94/107/1 93/7/1 213/100/1
f 93/7/1 214/4/1 213/100/1
f 194/108/1 102/109/1 195/99/1
f 102/109/1 101/110/1 195/99/1
f 101/110/1 100/101/1 195/99/1
f 193/111/1 104/75/1 194/108/1
f 104/75/1 103/112/1 194/108/1
f 103/112/1 102/109/1 194/108/1
f 192/43/1 105/113/1 193/111/1
f 105/113/1 104/75/1 193/111/1
f 192/43/1 106/114/1 105/113/1
f 192/43/1 107/115/1 106/114/1
f 192/43/1 108/116/1 107/115/1
f 192/43/1 109/117/1 108/116/1
f 192/43/1 110/118/1 109/117/1
f 191/119/1 110/118/1 192/43/1
f 191/119/1 111/120/1 110/118/1
f 191/119/1 112/121/1 111/120/1
f 191/119/1 113/122/1 112/121/1
f 190/123/1 113/122/1 191/119/1
f 190/123/1 114/124/1 113/122/1
f 190/123/1 115/78/1 114/124/1
f 189/125/1 115/78/1 190/123/1
f 189/125/1 116/126/1 115/78/1
f 189/125/1 117/127/1 116/126/1
f 188/128/1 117/127/1 189/125/1
f 188/128/1 118/129/1 117/127/1
f 188/128/1 119/130/1 118/129/1
f 187/131/1 119/130/1 188/128/1
f 187/131/1 120/132/1 119/130/1
f 186/133/1 120/132/1 187/131/1
f 186/133/1 121/134/1 120/132/1
f 186/133/1 122/135/1 121/134/1
f 185/136/1 122/135/1 186/133/1
f 185/136/1 123/137/1 122/135/1
f 184/138/1 123/137/1 185/136/1
f 184/138/1 124/139/1 123/137/1
f 183/140/1 124/139/1 184/138/1
f 183/140/1 125/141/1 124/139/1
f 182/142/1 125/141/1 183/140/1
f 182/142/1 126/31/1 125/141/1
f 181/60/1 126/31/1 182/142/1
f 180/143/1 126/31/1 181/60/1
f 180/143/1 127/144/1 126/31/1
f 179/145/1 127/144/1 180/143/1
f 178/146/1 127/144/1 179/145/1
f 178/146/1 128/147/1 127/144/1
f 177/148/1 128/147/1 178/146/1
f 152/149/1 154/150/1 153/151/1
f 177/148/1 129/152/1 128/147/1
f 176/153/1 129/152/1 177/148/1
f 152/149/1 155/154/1 154/150/1
f 175/155/1 129/152/1 176/153/1
f 175/155/1 130/156/1 129/152/1
f 152/149/1 156/157/1 155/154/1
f 174/158/1 130/156/1 175/155/1
f 152/149/1 157/159/1 156/157/1
f 173/160/1 130/156/1 174/158/1
f 172/161/1 130/156/1 173/160/1
f 172/161/1 131/162/1 130/156/1
f 152/149/1 158/163/1 157/159/1
f 171/164/1 131/162/1 172/161/1
f 152/149/1 159/56/1 158/163/1
f 170/70/1 131/162/1 171/164/1
f 152/149/1 160/165/1 159/56/1
f 170/70/1 132/166/1 131/162/1
f 169/167/1 132/166/1 170/70/1
f 152/149/1 161/168/1 160/165/1
f 168/169/1 132/166/1 169/167/1
f 152/149/1 162/170/1 161/168/1
f 167/171/1 132/166/1 168/169/1
f 152/149/1 163/172/1 162/170/1
f 166/173/1 132/166/1 167/171/1
f 152/149/1 164/174/1 163/172/1
f 166/173/1 133/175/1 132/166/1
f 165/176/1 133/175/1 166/173/1
f 152/149/1 165/176/1 164/174/1
f 152/149/1 133/175/1 165/176/1
f 152/149/1 134/177/1 133/175/1
f 151/178/1 134/177/1 152/149/1
f 150/179/1 134/177/1 151/178/1
f 150/179/1 135/180/1 134/177/1
f 149/181/1 135/180/1 150/179/1
f 149/181/1 136/182/1 135/180/1
f 148/39/1 136/182/1 149/181/1
f 147/183/1 136/182/1 148/39/1
f 147/183/1 137/23/1 136/182/1
f 146/184/1 137/23/1 147/183/1
f 145/185/1 137/23/1 146/184/1
f 145/185/1 138/186/1 137/23/1
f 144/187/1 138/186/1 145/185/1
f 143/188/1 138/186/1 144/187/1
f 143/188/1 139/189/1 138/186/1
f 142/190/1 139/189/1 143/188/1
f 141/191/1 139/189/1 142/190/1
f 141/191/1 140/192/1 139/189/1
f 223/60/1 215/7/1 224/43/1
f 215/7/1 225/26/1 224/43/1
f 215/7/1 226/4/1 225/26/1
f 223/60/1 216/75/1 215/7/1
f 223/60/1 219/23/1 216/75/1
f 219/23/1 217/78/1 216/75/1
f 219/23/1 218/31/1 217/78/1
f 223/60/1 220/39/1 219/23/1
f 223/60/1 221/56/1 220/39/1
f 223/60/1 222/70/1 221/56/1
f 291/193/1 319/194/1 292/195/1
f 319/194/1 293/196/1 292/195/1
f 319/194/1 227/7/1 293/196/1
f 319/194/1 228/197/1 227/7/1
f 319/194/1 229/198/1 228/197/1
f 319/194/1 230/199/1 229/198/1
f 319/194/1 231/200/1 230/199/1
f 319/194/1 232/201/1 231/200/1
f 319/194/1 233/202/1 232/201/1
f 319/194/1 318/203/1 233/202/1
f 318/203/1 234/204/1 233/202/1
f 291/193/1 320/4/1 319/194/1
f 317/205/1 234/204/1 318/203/1
f 316/206/1 234/204/1 317/205/1
f 315/207/1 234/204/1 316/206/1
f 315/207/1 235/208/1 234/204/1
f 314/209/1 235/208/1 315/207/1
f 313/210/1 235/208/1 314/209/1
f 312/211/1 235/208/1 313/210/1
f 312/211/1 236/212/1 235/208/1
f 311/213/1 236/212/1 312/211/1
f 310/214/1 236/212/1 311/213/1
f 309/215/1 236/212/1 310/214/1
f 309/215/1 237/216/1 236/212/1
f 308/217/1 237/216/1 309/215/1
f 307/218/1 237/216/1 308/217/1
f 307/218/1 238/219/1 237/216/1
f 306/220/1 238/219/1 307/218/1
f 305/221/1 238/219/1 306/220/1
f 305/221/1 239/222/1 238/219/1
f 304/223/1 239/222/1 305/221/1
f 304/223/1 240/224/1 239/222/1
f 303/225/1 240/224/1 304/223/1
f 302/226/1 240/224/1 303/225/1
f 302/226/1 241/227/1 240/224/1
f 301/228/1 241/227/1 302/226/1
f 301/228/1 242/229/1 241/227/1
f 300/230/1 242/229/1 301/228/1
f 300/230/1 243/231/1 242/229/1
f 299/232/1 243/231/1 300/230/1
f 298/233/1 243/231/1 299/232/1
f 298/233/1 244/234/1 243/231/1
f 297/235/1 244/234/1 298/233/1
f 296/236/1 244/234/1 297/235/1
f 296/236/1 245/237/1 244/234/1
f 295/238/1 245/237/1 296/236/1
f 294/239/1 245/237/1 295/238/1
f 291/193/1 289/240/1 320/4/1
f 289/240/1 294/239/1 320/4/1
f 289/240/1 245/237/1 294/239/1
f 289/240/1 246/241/1 245/237/1
f 289/240/1 247/242/1 246/241/1
f 289/240/1 248/243/1 247/242/1
f 289/240/1 249/244/1 248/243/1
f 289/240/1 250/245/1 249/244/1
f 289/240/1 251/246/1 250/245/1
f 289/240/1 252/247/1 251/246/1
f 289/240/1 288/248/1 252/247/1
f 288/248/1 287/249/1 252/247/1
f 287/249/1 253/250/1 252/247/1
f 291/193/1 290/251/1 289/240/1
f 286/252/1 253/250/1 287/249/1
f 285/253/1 253/250/1 286/252/1
f 284/254/1 253/250/1 285/253/1
f 284/254/1 254/255/1 253/250/1
f 283/256/1 254/255/1 284/254/1
f 282/257/1 254/255/1 283/256/1
f 282/257/1 255/258/1 254/255/1
f 281/259/1 255/258/1 282/257/1
f 281/259/1 256/260/1 255/258/1
f 280/261/1 256/260/1 281/259/1
f 280/261/1 257/262/1 256/260/1
f 279/263/1 257/262/1 280/261/1
f 279/263/1 258/264/1 257/262/1
f 278/265/1 258/264/1 279/263/1
f 278/265/1 259/266/1 258/264/1
f 277/267/1 259/266/1 278/265/1
f 277/267/1 260/268/1 259/266/1
f 277/267/1 261/269/1 260/268/1
f 276/270/1 261/269/1 277/267/1
f 276/270/1 262/271/1 261/269/1
f 275/272/1 262/271/1 276/270/1
f 275/272/1 263/273/1 262/271/1
f 275/272/1 264/274/1 263/273/1
f 275/272/1 265/275/1 264/274/1
f 275/272/1 266/276/1 265/275/1
f 275/272/1 267/277/1 266/276/1
f 275/272/1 268/278/1 267/277/1
f 275/272/1 269/279/1 268/278/1
f 275/272/1 270/280/1 269/279/1
f 275/272/1 271/281/1 270/280/1
f 275/272/1 272/282/1 271/281/1
f 275/272/1 273/283/1 272/282/1
f 275/272/1 274/284/1 273/283/1
f 325/1/2 326/3/2 327/2/2
f 325/1/2 327/2/2 328/4/2
f 324/5/1 325/1/1 328/4/1
f 323/6/2 324/5/2 321/7/2
f 321/7/1 324/5/1 328/4/1
f 323/6/2 321/7/2 322/8/2
f 331/9/2 332/11/2 333/10/2
f 331/9/2 333/10/2 334/4/2
f 331/9/2 334/4/2 329/7/2
f 331/9/2 329/7/2 330/12/2
f 358/13/2 359/15/2 360/14/2
f 358/13/2 360/14/2 361/16/2
f 409/17/2 410/19/2 411/18/2
f 409/17/2 411/18/2 412/4/2
f 408/20/2 409/17/2 412/4/2
f 358/13/2 361/16/2 362/21/2
f 407/22/2 408/20/2 412/4/2
f 407/22/2 412/4/2 335/7/2
f 358/13/2 362/21/2 363/23/2
f 357/6/2 358/13/2 363/23/2
f 406/24/2 407/22/2 335/7/2
f 357/6/2 363/23/2 364/25/2
f 405/26/2 406/24/2 335/7/2
f 357/6/2 364/25/2 365/27/2
f 405/26/2 335/7/2 336/28/2
f 404/29/2 405/26/2 336/28/2
f 357/6/2 365/27/2 366/30/2
f 356/31/2 357/6/2 366/30/2
f 403/32/2 404/29/2 336/28/2
f 356/31/2 366/30/2 367/33/2
f 402/34/2 403/32/2 336/28/2
f 356/31/2 367/33/2 368/5/2
f 402/34/2 336/28/2 337/35/2
f 401/2/2 402/34/2 337/35/2
f 356/31/2 368/5/2 369/36/2
f 400/37/2 401/2/2 337/35/2
f 355/38/2 356/31/2 369/36/2
f 355/38/2 369/36/2 370/39/2
f 399/40/2 400/37/2 337/35/2
f 355/38/2 370/39/2 371/41/2
f 355/38/2 371/41/2 372/42/2
f 398/43/2 399/40/2 337/35/2
f 398/43/2 337/35/2 338/44/2
f 355/38/2 372/42/2 373/45/2
f 397/46/2 398/43/2 338/44/2
f 355/38/2 373/45/2 374/47/2
f 354/48/2 355/38/2 374/47/2
f 396/49/2 397/46/2 338/44/2
f 354/48/2 374/47/2 375/50/2
f 395/51/2 396/49/2 338/44/2
f 395/51/2 338/44/2 339/52/2
f 354/48/2 375/50/2 376/53/2
f 394/54/2 395/51/2 339/52/2
f 393/55/2 394/54/2 339/52/2
f 354/48/2 376/53/2 377/56/2
f 392/57/2 393/55/2 339/52/2
f 354/48/2 377/56/2 378/58/2
f 353/59/2 354/48/2 378/58/2
f 391/60/2 392/57/2 339/52/2
f 353/59/2 378/58/2 379/1/2
f 390/3/2 391/60/2 339/52/2
f 353/59/2 379/1/2 380/61/2
f 390/3/2 339/52/2 340/62/2
f 389/63/2 390/3/2 340/62/2
f 353/59/2 380/61/2 381/64/2
f 388/65/2 389/63/2 340/62/2
f 353/59/2 381/64/2 382/66/2
f 387/67/2 388/65/2 340/62/2
f 353/59/2 382/66/2 383/68/2
f 386/69/2 387/67/2 340/62/2
f 353/59/2 383/68/2 384/70/2
f 385/71/2 386/69/2 340/62/2
f 353/59/2 384/70/2 385/71/2
f 353/59/2 385/71/2 340/62/2
f 352/72/2 353/59/2 340/62/2
f 352/72/2 340/62/2 341/73/2
f 351/74/2 352/72/2 341/73/2
f 351/74/2 341/73/2 342/75/2
f 350/76/2 351/74/2 342/75/2
f 350/76/2 342/75/2 343/77/2
f 349/78/2 350/76/2 343/77/2
f 349/78/2 343/77/2 344/79/2
f 348/80/2 349/78/2 344/79/2
f 348/80/2 344/79/2 345/81/2
f 347/82/2 348/80/2 345/81/2
f 347/82/2 345/81/2 346/8/2
f 520/83/2 521/85/2 522/84/2
f 520/83/2 522/84/2 523/26/2
f 520/83/2 523/26/2 524/86/2
f 519/87/2 520/83/2 524/86/2
f 519/87/2 524/86/2 525/88/2
f 519/87/2 525/88/2 526/89/2
f 518/90/2 519/87/2 526/89/2
f 518/90/2 526/89/2 527/91/2
f 518/90/2 527/91/2 528/92/2
f 517/93/2 518/90/2 528/92/2
f 517/93/2 528/92/2 529/94/2
f 517/93/2 529/94/2 530/95/2
f 516/96/2 517/93/2 530/95/2
f 516/96/2 530/95/2 531/97/2
f 516/96/2 531/97/2 532/98/2
f 515/99/2 516/96/2 532/98/2
f 515/99/2 532/98/2 533/100/2
f 515/99/2 533/100/2 420/101/2
f 420/101/2 533/100/2 419/102/2
f 419/102/2 533/100/2 418/103/2
f 418/103/2 533/100/2 417/104/2
f 417/104/2 533/100/2 416/105/2
f 416/105/2 533/100/2 415/106/2
f 415/106/2 533/100/2 414/107/2
f 414/107/2 533/100/2 413/7/2
f 413/7/2 533/100/2 534/4/2
f 514/108/2 515/99/2 422/109/2
f 422/109/2 515/99/2 421/110/2
f 421/110/2 515/99/2 420/101/2
f 513/111/2 514/108/2 424/75/2
f 424/75/2 514/108/2 423/112/2
f 423/112/2 514/108/2 422/109/2
f 512/43/2 513/111/2 425/113/2
f 425/113/2 513/111/2 424/75/2
f 512/43/2 425/113/2 426/114/2
f 512/43/2 426/114/2 427/115/2
f 512/43/2 427/115/2 428/116/2
f 512/43/2 428/116/2 429/117/2
f 512/43/2 429/117/2 430/118/2
f 511/119/2 512/43/2 430/118/2
f 511/119/2 430/118/2 431/120/2
f 511/119/2 431/120/2 432/121/2
f 511/119/2 432/121/2 433/122/2
f 510/123/2 511/119/2 433/122/2
f 510/123/2 433/122/2 434/124/2
f 510/123/2 434/124/2 435/78/2
f 509/125/2 510/123/2 435/78/2
f 509/125/2 435/78/2 436/126/2
f 509/125/2 436/126/2 437/127/2
f 508/128/2 509/125/2 437/127/2
f 508/128/2 437/127/2 438/129/2
f 508/128/2 438/129/2 439/130/2
f 507/131/2 508/128/2 439/130/2
f 507/131/2 439/130/2 440/132/2
f 506/133/2 507/131/2 440/132/2
f 506/133/2 440/132/2 441/134/2
f 506/133/2 441/134/2 442/135/2
f 505/136/2 506/133/2 442/135/2
f 505/136/2 442/135/2 443/137/2
f 504/138/2 505/136/2 443/137/2
f 504/138/2 443/137/2 444/139/2
f 503/140/2 504/138/2 444/139/2
f 503/140/2 444/139/2 445/141/2
f 502/142/2 503/140/2 445/141/2
f 502/142/2 445/141/2 446/31/2
f 501/60/2 502/142/2 446/31/2
f 500/143/2 501/60/2 446/31/2
f 500/143/2 446/31/2 447/144/2
f 499/145/2 500/143/2 447/144/2
f 498/146/2 499/145/2 447/144/2
f 498/146/2 447/144/2 448/147/2
f 497/148/2 498/146/2 448/147/2
f 472/149/2 473/151/2 474/150/2
f 497/148/2 448/147/2 449/152/2
f 496/153/2 497/148/2 449/152/2
f 472/149/2 474/150/2 475/154/2
f 495/155/2 496/153/2 449/152/2
f 495/155/2 449/152/2 450/156/2
f 472/149/2 475/154/2 476/157/2
f 494/158/2 495/155/2 450/156/2
f 472/149/2 476/157/2 477/159/2
f 493/160/2 494/158/2 450/156/2
f 492/161/2 493/160/2 450/156/2
f 492/161/2 450/156/2 451/162/2
f 472/149/2 477/159/2 478/163/2
f 491/164/2 492/161/2 451/162/2
f 472/149/2 478/163/2 479/56/2
f 490/70/2 491/164/2 451/162/2
f 472/149/2 479/56/2 480/165/2
f 490/70/2 451/162/2 452/166/2
f 489/167/2 490/70/2 452/166/2
f 472/149/2 480/165/2 481/168/2
f 488/169/2 489/167/2 452/166/2
f 472/149/2 481/168/2 482/170/2
f 487/171/2 488/169/2 452/166/2
f 472/149/2 482/170/2 483/172/2
f 486/173/2 487/171/2 452/166/2
f 472/149/2 483/172/2 484/174/2
f 486/173/2 452/166/2 453/175/2
f 485/176/2 486/173/2 453/175/2
f 472/149/2 484/174/2 485/176/2
f 472/149/2 485/176/2 453/175/2
f 472/149/2 453/175/2 454/177/2
f 471/178/2 472/149/2 454/177/2
f 470/179/2 471/178/2 454/177/2
f 470/179/2 454/177/2 455/180/2
f 469/181/2 470/179/2 455/180/2
f 469/181/2 455/180/2 456/182/2
f 468/39/2 469/181/2 456/182/2
f 467/183/2 468/39/2 456/182/2
f 467/183/2 456/182/2 457/23/2
f 466/184/2 467/183/2 457/23/2
f 465/185/2 466/184/2 457/23/2
f 465/185/2 457/23/2 458/186/2
f 464/187/2 465/185/2 458/186/2
f 463/188/2 464/187/2 458/186/2
f 463/188/2 458/186/2 459/189/2
f 462/190/2 463/188/2 459/189/2
f 461/191/2 462/190/2 459/189/2
f 461/191/2 459/189/2 460/192/2
f 543/60/2 544/43/2 535/7/2
f 535/7/2 544/43/2 545/26/2
f 535/7/2 545/26/2 546/4/2
f 543/60/2 535/7/2 536/75/2
f 543/60/2 536/75/2 539/23/2
f 539/23/2 536/75/2 537/78/2
f 539/23/2 537/78/2 538/31/2
f 543/60/2 539/23/2 540/39/2
f 543/60/2 540/39/2 541/56/2
f 543/60/2 541/56/2 542/70/2
f 611/193/2 612/195/2 639/194/2
f 639/194/2 612/195/2 613/196/2
f 639/194/2 613/196/2 547/7/2
f 639/194/2 547/7/2 548/197/2
f 639/194/2 548/197/2 549/198/2
f 639/194/2 549/198/2 550/199/2
f 639/194/2 550/199/2 551/200/2
f 639/194/2 551/200/2 552/201/2
f 639/194/2 552/201/2 553/202/2
f 639/194/2 553/202/2 638/203/2
f 638/203/2 553/202/2 554/204/2
f 611/193/2 639/194/2 640/4/2
f 637/205/2 638/203/2 554/204/2
f 636/206/2 637/205/2 554/204/2
f 635/207/2 636/206/2 554/204/2
f 635/207/2 554/204/2 555/208/2
f 634/209/2 635/207/2 555/208/2
f 633/210/2 634/209/2 555/208/2
f 632/211/2 633/210/2 555/208/2
f 632/211/2 555/208/2 556/212/2
f 631/213/2 632/211/2 556/212/2
f 630/214/2 631/213/2 556/212/2
f 629/215/2 630/214/2 556/212/2
f 629/215/2 556/212/2 557/216/2
f 628/217/2 629/215/2 557/216/2
f 627/218/2 628/217/2 557/216/2
f 627/218/2 557/216/2 558/219/2
f 626/220/2 627/218/2 558/219/2
f 625/221/2 626/220/2 558/219/2
f 625/221/2 558/219/2 559/222/2
f 624/223/2 625/221/2 559/222/2
f 624/223/2 559/222/2 560/224/2
f 623/225/2 624/223/2 560/224/2
f 622/226/2 623/225/2 560/224/2
f 622/226/2 560/224/2 561/227/2
f 621/228/2 622/226/2 561/227/2
f 621/228/2 561/227/2 562/229/2
f 620/230/2 621/228/2 562/229/2
f 620/230/2 562/229/2 563/231/2
f 619/232/2 620/230/2 563/231/2
f 618/233/2 619/232/2 563/231/2
f 618/233/2 563/231/2 564/234/2
f 617/235/2 618/233/2 564/234/2
f 616/236/2 617/235/2 564/234/2
f 616/236/2 564/234/2 565/237/2
f 615/238/2 616/236/2 565/237/2
f 614/239/2 615/238/2 565/237/2
f 611/193/2 640/4/2 609/240/2
f 609/240/2 640/4/2 614/239/2
f 609/240/2 614/239/2 565/237/2
f 609/240/2 565/237/2 566/241/2
f 609/240/2 566/241/2 567/242/2
f 609/240/2 567/242/2 568/243/2
f 609/240/2 568/243/2 569/244/2
f 609/240/2 569/244/2 570/245/2
f 609/240/2 570/245/2 571/246/2
f 609/240/2 571/246/2 572/247/2
f 609/240/2 572/247/2 608/248/2
f 608/248/2 572/247/2 607/249/2
f 607/249/2 572/247/2 573/250/2
f 611/193/2 609/240/2 610/251/2
f 606/252/2 607/249/2 573/250/2
f 605/253/2 606/252/2 573/250/2
f 604/254/2 605/253/2 573/250/2
f 604/254/2 573/250/2 574/255/2
f 603/256/2 604/254/2 574/255/2
f 602/257/2 603/256/2 574/255/2
f 602/257/2 574/255/2 575/258/2
f 601/259/2 602/257/2 575/258/2
f 601/259/2 575/258/2 576/260/2
f 600/261/2 601/259/2 576/260/2
f 600/261/2 576/260/2 577/262/2
f 599/263/2 600/261/2 577/262/2
f 599/263/2 577/262/2 578/264/2
f 598/265/2 599/263/2 578/264/2
f 598/265/2 578/264/2 579/266/2
f 597/267/2 598/265/2 579/266/2
f 597/267/2 579/266/2 580/268/2
f 597/267/2 580/268/2 581/269/2
f 596/270/2 597/267/2 581/269/2
f 596/270/2 581/269/2 582/271/2
f 595/272/2 596/270/2 582/271/2
f 595/272/2 582/271/2 583/273/2
f 595/272/2 583/273/2 584/274/2
f 595/272/2 584/274/2 585/275/2
f 595/272/2 585/275/2 586/276/2
f 595/272/2 586/276/2 587/277/2
f 595/272/2 587/277/2 588/278/2
f 595/272/2 588/278/2 589/279/2
f 595/272/2 589/279/2 590/280/2
f 595/272/2 590/280/2 591/281/2
f 595/272/2 591/281/2 592/282/2
f 595/272/2 592/282/2 593/283/2
f 595/272/2 593/283/2 594/284/2
s 1
f 642/285/3 654/286/4 653/287/5 641/7/6
f 643/288/7 655/289/8 654/286/4 642/285/3
f 644/290/9 656/291/10 655/289/8 643/288/7
f 645/292/11 657/293/12 656/291/10 644/290/9
f 646/294/13 658/295/14 657/293/12 645/292/11
f 647/296/15 659/297/16 658/295/14 646/294/13
f 648/298/17 660/299/18 659/297/16 647/296/15
f 649/300/19 661/301/20 660/299/18 648/298/17
f 650/302/21 662/303/22 661/301/20 649/300/19
f 651/304/23 663/305/24 662/303/22 650/302/21
f 652/306/25 664/307/26 663/305/24 651/304/23
f 654/286/4 666/308/27 665/309/28 653/287/5
f 655/289/8 667/310/29 666/308/27 654/286/4
f 656/291/10 668/311/30 667/310/29 655/289/8
f 657/293/12 669/312/31 668/311/30 656/291/10
f 658/295/14 670/313/32 669/312/31 657/293/12
f 659/297/16 671/314/33 670/313/32 658/295/14
f 660/299/18 672/315/34 671/314/33 659/297/16
f 661/301/20 673/316/35 672/315/34 660/299/18
f 662/303/22 674/317/36 673/316/35 661/301/20
f 663/305/24 675/318/37 674/317/36 662/303/22
f 664/307/26 676/319/38 675/318/37 663/305/24
f 666/308/27 678/320/39 677/321/40 665/309/28
f 667/310/29 679/322/41 678/320/39 666/308/27
f 668/311/30 680/323/42 679/322/41 667/310/29
f 669/312/31 681/324/43 680/323/42 668/311/30
f 670/313/32 682/325/44 681/324/43 669/312/31
f 671/314/33 683/326/45 682/325/44 670/313/32
f 672/315/34 684/327/46 683/326/45 671/314/33
f 673/316/35 685/328/47 684/327/46 672/315/34
f 674/317/36 686/329/48 685/328/47 673/316/35
f 675/318/37 687/330/49 686/329/48 674/317/36
f 676/319/38 688/331/50 687/330/49 675/318/37
f 678/320/39 690/332/51 689/333/52 677/321/40
f 679/322/41 691/334/53 690/332/51 678/320/39
f 680/323/42 692/335/54 691/334/53 679/322/41
f 681/324/43 693/336/55 692/335/54 680/323/42
f 682/325/44 694/337/56 693/336/55 681/324/43
f 683/326/45 695/338/57 694/337/56 682/325/44
f 684/327/46 696/339/58 695/338/57 683/326/45
f 685/328/47 697/340/59 696/339/58 684/327/46
f 686/329/48 698/341/60 697/340/59 685/328/47
f 687/330/49 699/342/61 698/341/60 686/329/48
f 688/331/50 700/343/62 699/342/61 687/330/49
f 690/332/51 702/344/63 701/345/64 689/333/52
f 691/334/53 703/346/65 702/344/63 690/332/51
f 692/335/54 704/347/66 703/346/65 691/334/53
f 693/336/55 705/348/67 704/347/66 692/335/54
f 694/337/56 706/349/68 705/348/67 693/336/55
f 695/338/57 707/350/69 706/349/68 694/337/56
f 696/339/58 708/351/70 707/350/69 695/338/57
f 697/340/59 709/352/71 708/351/70 696/339/58
f 698/341/60 710/353/72 709/352/71 697/340/59
f 699/342/61 711/354/73 710/353/72 698/341/60
f 700/343/62 712/355/74 711/354/73 699/342/61
f 702/344/63 714/356/75 713/357/76 701/345/64
f 703/346/65 715/358/77 714/356/75 702/344/63
f 704/347/66 716/359/78 715/358/77 703/346/65
f 705/348/67 717/360/79 716/359/78 704/347/66
f 706/349/68 718/361/80 717/360/79 705/348/67
f 707/350/69 719/362/81 718/361/80 706/349/68
f 708/351/70 720/363/82 719/362/81 707/350/69
f 709/352/71 721/364/83 720/363/82 708/351/70
f 710/353/72 722/365/84 721/364/83 709/352/71
f 711/354/73 723/366/85 722/365/84 710/353/72
f 712/355/74 724/367/86 723/366/85 711/354/73
f 714/356/75 726/368/87 725/369/88 713/357/76
f 715/358/77 727/370/89 726/368/87 714/356/75
f 716/359/78 728/371/90 727/370/89 715/358/77
f 717/360/79 729/372/91 728/371/90 716/359/78
f 718/361/80 730/373/92 729/372/91 717/360/79
f 719/362/81 731/374/93 730/373/92 718/361/80
f 720/363/82 732/375/94 731/374/93 719/362/81
f 721/364/83 733/376/95 732/375/94 720/363/82
f 722/365/84 734/377/96 733/376/95 721/364/83
f 723/366/85 735/378/97 734/377/96 722/365/84
f 724/367/86 736/379/98 735/378/97 723/366/85
f 726/368/87 738/380/99 737/381/100 725/369/88
f 727/370/89 739/382/101 738/380/99 726/368/87
f 728/371/90 740/383/102 739/382/101 727/370/89
f 729/372/91 741/384/103 740/383/102 728/371/90
f 730/373/92 742/385/104 741/384/103 729/372/91
f 731/374/93 743/386/105 742/385/104 730/373/92
f 732/375/94 744/387/106 743/386/105 731/374/93
f 733/376/95 745/388/107 744/387/106 732/375/94
f 734/377/96 746/389/108 745/388/107 733/376/95
f 735/378/97 747/390/109 746/389/108 734/377/96
f 736/379/98 748/391/110 747/390/109 735/378/97
f 738/380/99 750/392/111 749/393/112 737/381/100
f 739/382/101 751/394/113 750/392/111 738/380/99
f 740/383/102 752/395/114 751/394/113 739/382/101
f 741/384/103 753/396/115 752/395/114 740/383/102
f 742/385/104 754/397/116 753/396/115 741/384/103
f 743/386/105 755/398/117 754/397/116 742/385/104
f 744/387/106 756/399/118 755/398/117 743/386/105
f 745/388/107 757/400/119 756/399/118 744/387/106
f 746/389/108 758/401/120 757/400/119 745/388/107
f 747/390/109 759/402/121 758/401/120 746/389/108
f 748/391/110 760/403/122 759/402/121 747/390/109
f 750/392/111 762/404/123 761/405/124 749/393/112
f 751/394/113 763/406/125 762/404/123 750/392/111
f 752/395/114 764/407/126 763/406/125 751/394/113
f 753/396/115 765/408/127 764/407/126 752/395/114
f 754/397/116 766/409/128 765/408/127 753/396/115
f 755/398/117 767/410/129 766/409/128 754/397/116
f 756/399/118 768/411/130 767/410/129 755/398/117
f 757/400/119 769/412/131 768/411/130 756/399/118
f 758/401/120 770/413/132 769/412/131 757/400/119
f 759/402/121 771/414/133 770/413/132 758/401/120
f 760/403/122 772/415/134 771/414/133 759/402/121
f 762/404/123 774/416/135 773/417/136 761/405/124
f 763/406/125 775/418/137 774/416/135 762/404/123
f 764/407/126 776/419/138 775/418/137 763/406/125
f 765/408/127 777/420/139 776/419/138 764/407/126
f 766/409/128 778/421/140 777/420/139 765/408/127
f 767/410/129 779/422/141 778/421/140 766/409/128
f 768/411/130 780/423/142 779/422/141 767/410/129
f 769/412/131 781/424/143 780/423/142 768/411/130
f 770/413/132 782/425/144 781/424/143 769/412/131
f 771/414/133 783/426/145 782/425/144 770/413/132
f 772/415/134 784/427/146 783/426/145 771/414/133
f 774/416/135 786/428/147 785/429/148 773/417/136
f 775/418/137 787/430/149 786/428/147 774/416/135
f 776/419/138 788/431/150 787/430/149 775/418/137
f 777/420/139 789/432/151 788/431/150 776/419/138
f 778/421/140 790/433/152 789/432/151 777/420/139
f 779/422/141 791/434/153 790/433/152 778/421/140
f 780/423/142 792/435/154 791/434/153 779/422/141
f 781/424/143 793/436/155 792/435/154 780/423/142
f 782/425/144 794/437/156 793/436/155 781/424/143
f 783/426/145 795/438/157 794/437/156 782/425/144
f 784/427/146 796/439/158 795/438/157 783/426/145
f 786/428/147 798/440/159 797/441/160 785/429/148
f 787/430/149 799/442/161 798/440/159 786/428/147
f 788/431/150 800/443/162 799/442/161 787/430/149
f 789/432/151 801/444/163 800/443/162 788/431/150
f 790/433/152 802/445/164 801/444/163 789/432/151
f 791/434/153 803/446/165 802/445/164 790/433/152
f 792/435/154 804/447/166 803/446/165 791/434/153
f 793/436/155 805/448/167 804/447/166 792/435/154
f 794/437/156 806/449/168 805/448/167 793/436/155
f 795/438/157 807/450/169 806/449/168 794/437/156
f 796/439/158 808/451/170 807/450/169 795/438/157
f 798/440/159 810/452/171 809/453/172 797/441/160
f 799/442/161 811/454/173 810/452/171 798/440/159
f 800/443/162 812/455/174 811/454/173 799/442/161
f 801/444/163 813/456/175 812/455/174 800/443/162
f 802/445/164 814/457/176 813/456/175 801/444/163
f 803/446/165 815/458/177 814/457/176 802/445/164
f 804/447/166 816/459/178 815/458/177 803/446/165
f 805/448/167 817/460/179 816/459/178 804/447/166
f 806/449/168 818/461/180 817/460/179 805/448/167
f 807/450/169 819/462/181 818/461/180 806/449/168
f 808/451/170 820/463/182 819/462/181 807/450/169
f 810/452/171 822/464/183 821/465/184 809/453/172
f 811/454/173 823/466/185 822/464/183 810/452/171
f 812/455/174 824/467/186 823/466/185 811/454/173
f 813/456/175 825/468/187 824/467/186 812/455/174
f 814/457/176 826/469/188 825/468/187 813/456/175
f 815/458/177 827/470/189 826/469/188 814/457/176
f 816/459/178 828/471/190 827/470/189 815/458/177
f 817/460/179 829/472/191 828/471/190 816/459/178
f 818/461/180 830/473/192 829/472/191 817/460/179
f 819/462/181 831/474/193 830/473/192 818/461/180
f 820/463/182 832/475/194 831/474/193 819/462/181
f 822/464/183 834/476/195 833/477/196 821/465/184
f 823/466/185 835/478/197 834/476/195 822/464/183
f 824/467/186 836/479/198 835/478/197 823/466/185
f 825/468/187 837/480/199 836/479/198 824/467/186
f 826/469/188 838/481/200 837/480/199 825/468/187
f 827/470/189 839/482/201 838/481/200 826/469/188
f 828/471/190 840/483/202 839/482/201 827/470/189
f 829/472/191 841/484/203 840/483/202 828/471/190
f 830/473/192 842/485/204 841/484/203 829/472/191
f 831/474/193 843/486/205 842/485/204 830/473/192
f 832/475/194 844/487/206 843/486/205 831/474/193
f 834/476/195 846/488/207 845/489/208 833/477/196
f 835/478/197 847/490/209 846/488/207 834/476/195
f 836/479/198 848/491/210 847/490/209 835/478/197
f 837/480/199 849/492/211 848/491/210 836/479/198
f 838/481/200 850/493/212 849/492/211 837/480/199
f 839/482/201 851/494/213 850/493/212 838/481/200
f 840/483/202 852/495/214 851/494/213 839/482/201
f 841/484/203 853/496/215 852/495/214 840/483/202
f 842/485/204 854/497/216 853/496/215 841/484/203
f 843/486/205 855/498/217 854/497/216 842/485/204
f 844/487/206 856/499/218 855/498/217 843/486/205
f 846/488/207 858/500/219 857/501/220 845/489/208
f 847/490/209 859/502/221 858/500/219 846/488/207
f 848/491/210 860/503/222 859/502/221 847/490/209
f 849/492/211 861/504/223 860/503/222 848/491/210
f 850/493/212 862/505/224 861/504/223 849/492/211
f 851/494/213 863/506/225 862/505/224 850/493/212
f 852/495/214 864/507/226 863/506/225 851/494/213
f 853/496/215 865/508/227 864/507/226 852/495/214
f 854/497/216 866/509/228 865/508/227 853/496/215
f 855/498/217 867/510/229 866/509/228 854/497/216
f 856/499/218 868/511/230 867/510/229 855/498/217
f 858/500/219 870/512/231 869/513/232 857/501/220
f 859/502/221 871/514/233 870/512/231 858/500/219
f 860/503/222 872/515/234 871/514/233 859/502/221
f 861/504/223 873/516/235 872/515/234 860/503/222
f 862/505/224 874/517/236 873/516/235 861/504/223
f 863/506/225 875/518/237 874/517/236 862/505/224
f 864/507/226 876/519/238 875/518/237 863/506/225
f 865/508/227 877/520/239 876/519/238 864/507/226
f 866/509/228 878/521/240 877/520/239 865/508/227
f 867/510/229 879/522/241 878/521/240 866/509/228
f 868/511/230 880/523/242 879/522/241 867/510/229
f 870/512/231 882/524/243 881/525/244 869/513/232
f 871/514/233 883/526/245 882/524/243 870/512/231
f 872/515/234 884/527/246 883/526/245 871/514/233
f 873/516/235 885/528/247 884/527/246 872/515/234
f 874/517/236 886/529/248 885/528/247 873/516/235
f 875/518/237 887/530/249 886/529/248 874/517/236
f 876/519/238 888/531/250 887/530/249 875/518/237
f 877/520/239 889/532/251 888/531/250 876/519/238
f 878/521/240 890/533/252 889/532/251 877/520/239
f 879/522/241 891/534/253 890/533/252 878/521/240
f 880/523/242 892/535/254 891/534/253 879/522/241
f 882/524/243 894/536/255 893/537/256 881/525/244
f 883/526/245 895/538/257 894/536/255 882/524/243
f 884/527/246 896/539/258 895/538/257 883/526/245
f 885/528/247 897/540/259 896/539/258 884/527/246
f 886/529/248 898/541/260 897/540/259 885/528/247
f 887/530/249 899/542/261 898/541/260 886/529/248
f 888/531/250 900/543/262 899/542/261 887/530/249
f 889/532/251 901/544/263 900/543/262 888/531/250
f 890/533/252 902/545/264 901/544/263 889/532/251
f 891/534/253 903/546/265 902/545/264 890/533/252
f 892/535/254 904/547/266 903/546/265 891/534/253
f 894/536/255 906/548/267 905/549/268 893/537/256
f 895/538/257 907/550/269 906/548/267 894/536/255
f 896/539/258 908/551/270 907/550/269 895/538/257
f 897/540/259 909/552/271 908/551/270 896/539/258
f 898/541/260 910/553/272 909/552/271 897/540/259
f 899/542/261 911/554/273 910/553/272 898/541/260
f 900/543/262 912/555/274 911/554/273 899/542/261
f 901/544/263 913/556/275 912/555/274 900/543/262
f 902/545/264 914/557/276 913/556/275 901/544/263
f 903/546/265 915/558/277 914/557/276 902/545/264
f 904/547/266 916/559/278 915/558/277 903/546/265
f 906/548/267 918/560/279 917/561/280 905/549/268
f 907/550/269 919/562/281 918/560/279 906/548/267
f 908/551/270 920/563/282 919/562/281 907/550/269
f 909/552/271 921/564/283 920/563/282 908/551/270
f 910/553/272 922/565/284 921/564/283 909/552/271
f 911/554/273 923/566/285 922/565/284 910/553/272
f 912/555/274 924/567/286 923/566/285 911/554/273
f 913/556/275 925/568/287 924/567/286 912/555/274
f 914/557/276 926/569/288 925/568/287 913/556/275
f 915/558/277 927/570/289 926/569/288 914/557/276
f 916/559/278 928/571/290 927/570/289 915/558/277
f 918/560/279 930/572/291 929/573/292 917/561/280
f 919/562/281 931/574/293 930/572/291 918/560/279
f 920/563/282 932/575/294 931/574/293 919/562/281
f 921/564/283 933/576/295 932/575/294 920/563/282
f 922/565/284 934/577/296 933/576/295 921/564/283
f 923/566/285 935/578/297 934/577/296 922/565/284
f 924/567/286 936/579/298 935/578/297 923/566/285
f 925/568/287 937/580/299 936/579/298 924/567/286
f 926/569/288 938/581/300 937/580/299 925/568/287
f 927/570/289 939/582/301 938/581/300 926/569/288
f 928/571/290 940/583/302 939/582/301 927/570/289
f 930/572/291 942/584/303 941/585/304 929/573/292
f 931/574/293 943/586/305 942/584/303 930/572/291
f 932/575/294 944/587/306 943/586/305 931/574/293
f 933/576/295 945/588/307 944/587/306 932/575/294
f 934/577/296 946/589/308 945/588/307 933/576/295
f 935/578/297 947/590/309 946/589/308 934/577/296
f 936/579/298 948/591/310 947/590/309 935/578/297
f 937/580/299 949/592/311 948/591/310 936/579/298
f 938/581/300 950/593/312 949/592/311 937/580/299
f 939/582/301 951/594/313 950/593/312 938/581/300
f 940/583/302 952/595/314 951/594/313 939/582/301
f 942/584/303 954/596/315 953/597/316 941/585/304
f 943/586/305 955/598/317 954/596/315 942/584/303
f 944/587/306 956/599/318 955/598/317 943/586/305
f 945/588/307 957/600/319 956/599/318 944/587/306
f 946/589/308 958/601/320 957/600/319 945/588/307
f 947/590/309 959/602/321 958/601/320 946/589/308
f 948/591/310 960/603/322 959/602/321 947/590/309
f 949/592/311 961/604/323 960/603/322 948/591/310
f 950/593/312 962/605/324 961/604/323 949/592/311
f 951/594/313 963/606/325 962/605/324 950/593/312
f 952/595/314 964/607/326 963/606/325 951/594/313
f 954/596/315 966/608/327 965/609/328 953/597/316
f 955/598/317 967/610/329 966/608/327 954/596/315
f 956/599/318 968/611/330 967/610/329 955/598/317
f 957/600/319 969/612/331 968/611/330 956/599/318
f 958/601/320 970/613/332 969/612/331 957/600/319
f 959/602/321 971/614/333 970/613/332 958/601/320
f 960/603/322 972/615/334 971/614/333 959/602/321
f 961/604/323 973/616/335 972/615/334 960/603/322
f 962/605/324 974/617/336 973/616/335 961/604/323
f 963/606/325 975/618/337 974/617/336 962/605/324
f 964/607/326 976/619/338 975/618/337 963/606/325
f 966/608/327 978/620/339 977/621/340 965/609/328
f 967/610/329 979/622/341 978/620/339 966/608/327
f 968/611/330 980/623/342 979/622/341 967/610/329
f 969/612/331 981/624/343 980/623/342 968/611/330
f 970/613/332 982/625/344 981/624/343 969/612/331
f 971/614/333 983/626/345 982/625/344 970/613/332
f 972/615/334 984/627/346 983/626/345 971/614/333
f 973/616/335 985/628/347 984/627/346 972/615/334
f 974/617/336 986/629/348 985/628/347 973/616/335
f 975/618/337 987/630/349 986/629/348 974/617/336
f 976/619/338 988/631/350 987/630/349 975/618/337
f 978/620/339 990/632/351 989/633/352 977/621/340
f 979/622/341 991/634/353 990/632/351 978/620/339
f 980/623/342 992/635/354 991/634/353 979/622/341
f 981/624/343 993/636/355 992/635/354 980/623/342
f 982/625/344 994/637/356 993/636/355 981/624/343
f 983/626/345 995/638/357 994/637/356 982/625/344
f 984/627/346 996/639/358 995/638/357 983/626/345
f 985/628/347 997/640/359 996/639/358 984/627/346
f 986/629/348 998/641/360 997/640/359 985/628/347
f 987/630/349 999/642/361 998/641/360 986/629/348
f 988/631/350 1000/643/362 999/642/361 987/630/349
f 990/632/351 1002/644/363 1001/645/364 989/633/352
f 991/634/353 1003/646/365 1002/644/363 990/632/351
f 992/635/354 1004/647/366 1003/646/365 991/634/353
f 993/636/355 1005/648/367 1004/647/366 992/635/354
f 994/637/356 1006/649/368 1005/648/367 993/636/355
f 995/638/357 1007/650/369 1006/649/368 994/637/356
f 996/639/358 1008/651/370 1007/650/369 995/638/357
f 997/640/359 1009/652/371 1008/651/370 996/639/358
f 998/641/360 1010/653/372 1009/652/371 997/640/359
f 999/642/361 1011/654/373 1010/653/372 998/641/360
f 1000/643/362 1012/655/374 1011/654/373 999/642/361
f 1002/644/363 1014/656/375 1013/657/376 1001/645/364
f 1003/646/365 1015/658/377 1014/656/375 1002/644/363
f 1004/647/366 1016/659/378 1015/658/377 1003/646/365
f 1005/648/367 1017/660/379 1016/659/378 1004/647/366
f 1006/649/368 1018/661/380 1017/660/379 1005/648/367
f 1007/650/369 1019/662/381 1018/661/380 1006/649/368
f 1008/651/370 1020/663/382 1019/662/381 1007/650/369
f 1009/652/371 1021/664/383 1020/663/382 1008/651/370
f 1010/653/372 1022/665/384 1021/664/383 1009/652/371
f 1011/654/373 1023/666/385 1022/665/384 1010/653/372
f 1012/655/374 1024/667/386 1023/666/385 1011/654/373
f 1014/656/375 1026/668/387 1025/669/388 1013/657/376
f 1015/658/377 1027/670/389 1026/668/387 1014/656/375
f 1016/659/378 1028/671/390 1027/670/389 1015/658/377
f 1017/660/379 1029/672/391 1028/671/390 1016/659/378
f 1018/661/380 1030/673/392 1029/672/391 1017/660/379
f 1019/662/381 1031/674/393 1030/673/392 1018/661/380
f 1020/663/382 1032/675/394 1031/674/393 1019/662/381
f 1021/664/383 1033/676/395 1032/675/394 1020/663/382
f 1022/665/384 1034/677/396 1033/676/395 1021/664/383
f 1023/666/385 1035/678/397 1034/677/396 1022/665/384
f 1024/667/386 1036/679/398 1035/678/397 1023/666/385
f 1026/668/387 1038/680/399 1037/681/400 1025/669/388
f 1027/670/389 1039/682/401 1038/680/399 1026/668/387
f 1028/671/390 1040/683/402 1039/682/401 1027/670/389
f 1029/672/391 1041/684/403 1040/683/402 1028/671/390
f 1030/673/392 1042/685/404 1041/684/403 1029/672/391
f 1031/674/393 1043/686/405 1042/685/404 1030/673/392
f 1032/675/394 1044/687/406 1043/686/405 1031/674/393
f 1033/676/395 1045/688/407 1044/687/406 1032/675/394
f 1034/677/396 1046/689/408 1045/688/407 1033/676/395
f 1035/678/397 1047/690/409 1046/689/408 1034/677/396
f 1036/679/398 1048/691/410 1047/690/409 1035/678/397
f 1038/680/399 1050/692/411 1049/693/412 1037/681/400
f 1039/682/401 1051/694/413 1050/692/411 1038/680/399
f 1040/683/402 1052/695/414 1051/694/413 1039/682/401
f 1041/684/403 1053/696/415 1052/695/414 1040/683/402
f 1042/685/404 1054/697/416 1053/696/415 1041/684/403
f 1043/686/405 1055/698/417 1054/697/416 1042/685/404
f 1044/687/406 1056/699/418 1055/698/417 1043/686/405
f 1045/688/407 1057/700/419 1056/699/418 1044/687/406
f 1046/689/408 1058/701/420 1057/700/419 1045/688/407
f 1047/690/409 1059/702/421 1058/701/420 1046/689/408
f 1048/691/410 1060/703/422 1059/702/421 1047/690/409
f 1050/692/411 1062/704/423 1061/705/424 1049/693/412
f 1051/694/413 1063/706/425 1062/704/423 1050/692/411
f 1052/695/414 1064/707/426 1063/706/425 1051/694/413
f 1053/696/415 1065/708/427 1064/707/426 1052/695/414
f 1054/697/416 1066/709/428 1065/708/427 1053/696/415
f 1055/698/417 1067/710/429 1066/709/428 1054/697/416
f 1056/699/418 1068/711/430 1067/710/429 1055/698/417
f 1057/700/419 1069/712/431 1068/711/430 1056/699/418
f 1058/701/420 1070/713/432 1069/712/431 1057/700/419
f 1059/702/421 1071/714/433 1070/713/432 1058/701/420
f 1060/703/422 1072/715/434 1071/714/433 1059/702/421
f 1062/704/423 1074/716/435 1073/717/436 1061/705/424
f 1063/706/425 1075/718/437 1074/716/435 1062/704/423
f 1064/707/426 1076/719/438 1075/718/437 1063/706/425
f 1065/708/427 1077/720/439 1076/719/438 1064/707/426
f 1066/709/428 1078/721/440 1077/720/439 1065/708/427
f 1067/710/429 1079/722/441 1078/721/440 1066/709/428
f 1068/711/430 1080/723/442 1079/722/441 1067/710/429
f 1069/712/431 1081/724/443 1080/723/442 1068/711/430
f 1070/713/432 1082/725/444 1081/724/443 1069/712/431
f 1071/714/433 1083/726/445 1082/725/444 1070/713/432
f 1072/715/434 1084/727/446 1083/726/445 1071/714/433
f 1074/716/435 1086/728/447 1085/729/448 1073/717/436
f 1075/718/437 1087/730/449 1086/728/447 1074/716/435
f 1076/719/438 1088/731/450 1087/730/449 1075/718/437
f 1077/720/439 1089/732/451 1088/731/450 1076/719/438
f 1078/721/440 1090/733/452 1089/732/451 1077/720/439
f 1079/722/441 1091/734/453 1090/733/452 1078/721/440
f 1080/723/442 1092/735/454 1091/734/453 1079/722/441
f 1081/724/443 1093/736/455 1092/735/454 1080/723/442
f 1082/725/444 1094/737/456 1093/736/455 1081/724/443
f 1083/726/445 1095/738/457 1094/737/456 1082/725/444
f 1084/727/446 1096/739/458 1095/738/457 1083/726/445
f 1086/728/447 1098/740/459 1097/741/460 1085/729/448
f 1087/730/449 1099/742/461 1098/740/459 1086/728/447
f 1088/731/450 1100/743/462 1099/742/461 1087/730/449
f 1089/732/451 1101/744/463 1100/743/462 1088/731/450
f 1090/733/452 1102/745/464 1101/744/463 1089/732/451
f 1091/734/453 1103/746/465 1102/745/464 1090/733/452
f 1092/735/454 1104/747/466 1103/746/465 1091/734/453
f 1093/736/455 1105/748/467 1104/747/466 1092/735/454
f 1094/737/456 1106/749/468 1105/748/467 1093/736/455
f 1095/738/457 1107/750/469 1106/749/468 1094/737/456
f 1096/739/458 1108/751/470 1107/750/469 1095/738/457
f 1098/740/459 1110/752/471 1109/753/472 1097/741/460
f 1099/742/461 1111/754/473 1110/752/471 1098/740/459
f 1100/743/462 1112/755/474 1111/754/473 1099/742/461
f 1101/744/463 1113/756/475 1112/755/474 1100/743/462
f 1102/745/464 1114/757/476 1113/756/475 1101/744/463
f 1103/746/465 1115/758/477 1114/757/476 1102/745/464
f 1104/747/466 1116/759/478 1115/758/477 1103/746/465
f 1105/748/467 1117/760/479 1116/759/478 1104/747/466
f 1106/749/468 1118/761/480 1117/760/479 1105/748/467
f 1107/750/469 1119/762/481 1118/761/480 1106/749/468
f 1108/751/470 1120/763/482 1119/762/481 1107/750/469
f 1110/752/471 1122/764/483 1121/765/484 1109/753/472
f 1111/754/473 1123/766/485 1122/764/483 1110/752/471
f 1112/755/474 1124/767/486 1123/766/485 1111/754/473
f 1113/756/475 1125/768/487 1124/767/486 1112/755/474
f 1114/757/476 1126/769/488 1125/768/487 1113/756/475
f 1115/758/477 1127/770/489 1126/769/488 1114/757/476
f 1116/759/478 1128/771/490 1127/770/489 1115/758/477
f 1117/760/479 1129/772/491 1128/771/490 1116/759/478
f 1118/761/480 1130/773/492 1129/772/491 1117/760/479
f 1119/762/481 1131/774/493 1130/773/492 1118/761/480
f 1120/763/482 1132/775/494 1131/774/493 1119/762/481
f 1122/764/483 1134/776/495 1133/777/496 1121/765/484
f 1123/766/485 1135/778/497 1134/776/495 1122/764/483
f 1124/767/486 1136/779/498 1135/778/497 1123/766/485
f 1125/768/487 1137/780/499 1136/779/498 1124/767/486
f 1126/769/488 1138/781/500 1137/780/499 1125/768/487
f 1127/770/489 1139/782/501 1138/781/500 1126/769/488
f 1128/771/490 1140/783/502 1139/782/501 1127/770/489
f 1129/772/491 1141/784/503 1140/783/502 1128/771/490
f 1130/773/492 1142/785/504 1141/784/503 1129/772/491
f 1131/774/493 1143/786/505 1142/785/504 1130/773/492
f 1132/775/494 1144/787/506 1143/786/505 1131/774/493
f 1134/776/495 1146/788/507 1145/789/364 1133/777/496
f 1135/778/497 1147/790/508 1146/788/507 1134/776/495
f 1136/779/498 1148/791/509 1147/790/508 1135/778/497
f 1137/780/499 1149/792/510 1148/791/509 1136/779/498
f 1138/781/500 1150/793/511 1149/792/510 1137/780/499
f 1139/782/501 1151/794/512 1150/793/511 1138/781/500
f 1140/783/502 1152/795/513 1151/794/512 1139/782/501
f 1141/784/503 1153/796/514 1152/795/513 1140/783/502
f 1142/785/504 1154/797/515 1153/796/514 1141/784/503
f 1143/786/505 1155/798/516 1154/797/515 1142/785/504
f 1144/787/506 1156/799/517 1155/798/516 1143/786/505
f 1146/788/507 1158/800/518 1157/801/519 1145/789/364
f 1147/790/508 1159/802/520 1158/800/518 1146/788/507
f 1148/791/509 1160/803/521 1159/802/520 1147/790/508
f 1149/792/510 1161/804/522 1160/803/521 1148/791/509
f 1150/793/511 1162/805/523 1161/804/522 1149/792/510
f 1151/794/512 1163/806/524 1162/805/523 1150/793/511
f 1152/795/513 1164/807/525 1163/806/524 1151/794/512
f 1153/796/514 1165/808/526 1164/807/525 1152/795/513
f 1154/797/515 1166/809/527 1165/808/526 1153/796/514
f 1155/798/516 1167/810/528 1166/809/527 1154/797/515
f 1156/799/517 1168/811/529 1167/810/528 1155/798/516
f 1158/800/518 1170/812/530 1169/813/531 1157/801/519
f 1159/802/520 1171/814/532 1170/812/530 1158/800/518
f 1160/803/521 1172/815/533 1171/814/532 1159/802/520
f 1161/804/522 1173/816/534 1172/815/533 1160/803/521
f 1162/805/523 1174/817/535 1173/816/534 1161/804/522
f 1163/806/524 1175/818/536 1174/817/535 1162/805/523
f 1164/807/525 1176/819/537 1175/818/536 1163/806/524
f 1165/808/526 1177/820/538 1176/819/537 1164/807/525
f 1166/809/527 1178/821/539 1177/820/538 1165/808/526
f 1167/810/528 1179/822/540 1178/821/539 1166/809/527
f 1168/811/529 1180/823/541 1179/822/540 1167/810/528
f 1170/812/530 1182/824/542 1181/825/543 1169/813/531
f 1171/814/532 1183/826/544 1182/824/542 1170/812/530
f 1172/815/533 1184/827/545 1183/826/544 1171/814/532
f 1173/816/534 1185/828/546 1184/827/545 1172/815/533
f 1174/817/535 1186/829/547 1185/828/546 1173/816/534
f 1175/818/536 1187/830/548 1186/829/547 1174/817/535
f 1176/819/537 1188/831/549 1187/830/548 1175/818/536
f 1177/820/538 1189/832/550 1188/831/549 1176/819/537
f 1178/821/539 1190/833/551 1189/832/550 1177/820/538
f 1179/822/540 1191/834/552 1190/833/551 1178/821/539
f 1180/823/541 1192/835/553 1191/834/552 1179/822/540
f 1182/824/542 1194/836/554 1193/837/555 1181/825/543
f 1183/826/544 1195/838/556 1194/836/554 1182/824/542
f 1184/827/545 1196/839/557 1195/838/556 1183/826/544
f 1185/828/546 1197/840/558 1196/839/557 1184/827/545
f 1186/829/547 1198/841/559 1197/840/558 1185/828/546
f 1187/830/548 1199/842/560 1198/841/559 1186/829/547
f 1188/831/549 1200/843/561 1199/842/560 1187/830/548
f 1189/832/550 1201/844/562 1200/843/561 1188/831/549
f 1190/833/551 1202/845/563 1201/844/562 1189/832/550
f 1191/834/552 1203/846/564 1202/845/563 1190/833/551
f 1192/835/553 1204/847/565 1203/846/564 1191/834/552
f 1194/836/554 1206/848/566 1205/849/567 1193/837/555
f 1195/838/556 1207/850/568 1206/848/566 1194/836/554
f 1196/839/557 1208/851/569 1207/850/568 1195/838/556
f 1197/840/558 1209/852/570 1208/851/569 1196/839/557
f 1198/841/559 1210/853/571 1209/852/570 1197/840/558
f 1199/842/560 1211/854/572 1210/853/571 1198/841/559
f 1200/843/561 1212/855/573 1211/854/572 1199/842/560
f 1201/844/562 1213/856/574 1212/855/573 1200/843/561
f 1202/845/563 1214/857/575 1213/856/574 1201/844/562
f 1203/846/564 1215/858/576 1214/857/575 1202/845/563
f 1204/847/565 1216/859/577 1215/858/576 1203/846/564
f 1206/848/566 1218/860/578 1217/861/579 1205/849/567
f 1207/850/568 1219/862/580 1218/860/578 1206/848/566
f 1208/851/569 1220/863/581 1219/862/580 1207/850/568
f 1209/852/570 1221/864/582 1220/863/581 1208/851/569
f 1210/853/571 1222/865/583 1221/864/582 1209/852/570
f 1211/854/572 1223/866/584 1222/865/583 1210/853/571
f 1212/855/573 1224/867/585 1223/866/584 1211/854/572
f 1213/856/574 1225/868/586 1224/867/585 1212/855/573
f 1214/857/575 1226/869/587 1225/868/586 1213/856/574
f 1215/858/576 1227/870/588 1226/869/587 1214/857/575
f 1216/859/577 1228/871/589 1227/870/588 1215/858/576
f 1218/860/578 1230/872/590 1229/873/591 1217/861/579
f 1219/862/580 1231/874/592 1230/872/590 1218/860/578
f 1220/863/581 1232/875/593 1231/874/592 1219/862/580
f 1221/864/582 1233/876/594 1232/875/593 1220/863/581
f 1222/865/583 1234/877/595 1233/876/594 1221/864/582
f 1223/866/584 1235/878/596 1234/877/595 1222/865/583
f 1224/867/585 1236/879/597 1235/878/596 1223/866/584
f 1225/868/586 1237/880/598 1236/879/597 1224/867/585
f 1226/869/587 1238/881/599 1237/880/598 1225/868/586
f 1227/870/588 1239/882/600 1238/881/599 1226/869/587
f 1228/871/589 1240/883/601 1239/882/600 1227/870/588
f 1230/872/590 1242/884/602 1241/885/603 1229/873/591
f 1231/874/592 1243/886/604 1242/884/602 1230/872/590
f 1232/875/593 1244/887/605 1243/886/604 1231/874/592
f 1233/876/594 1245/888/606 1244/887/605 1232/875/593
f 1234/877/595 1246/889/607 1245/888/606 1233/876/594
f 1235/878/596 1247/890/608 1246/889/607 1234/877/595
f 1236/879/597 1248/891/609 1247/890/608 1235/878/596
f 1237/880/598 1249/892/610 1248/891/609 1236/879/597
f 1238/881/599 1250/893/611 1249/892/610 1237/880/598
f 1239/882/600 1251/894/612 1250/893/611 1238/881/599
f 1240/883/601 1252/895/613 1251/894/612 1239/882/600
f 1242/884/602 1254/896/614 1253/897/615 1241/885/603
f 1243/886/604 1255/898/616 1254/896/614 1242/884/602
f 1244/887/605 1256/899/617 1255/898/616 1243/886/604
f 1245/888/606 1257/900/618 1256/899/617 1244/887/605
f 1246/889/607 1258/901/619 1257/900/618 1245/888/606
f 1247/890/608 1259/902/620 1258/901/619 1246/889/607
f 1248/891/609 1260/903/621 1259/902/620 1247/890/608
f 1249/892/610 1261/904/622 1260/903/621 1248/891/609
f 1250/893/611 1262/905/623 1261/904/622 1249/892/610
f 1251/894/612 1263/906/624 1262/905/623 1250/893/611
f 1252/895/613 1264/907/625 1263/906/624 1251/894/612
f 1254/896/614 1266/908/626 1265/909/627 1253/897/615
f 1255/898/616 1267/910/628 1266/908/626 1254/896/614
f 1256/899/617 1268/911/629 1267/910/628 1255/898/616
f 1257/900/618 1269/912/630 1268/911/629 1256/899/617
f 1258/901/619 1270/913/631 1269/912/630 1257/900/618
f 1259/902/620 1271/914/632 1270/913/631 1258/901/619
f 1260/903/621 1272/915/633 1271/914/632 1259/902/620
f 1261/904/622 1273/916/634 1272/915/633 1260/903/621
f 1262/905/623 1274/917/635 1273/916/634 1261/904/622
f 1263/906/624 1275/918/636 1274/917/635 1262/905/623
f 1264/907/625 1276/919/637 1275/918/636 1263/906/624
f 1266/908/626 1278/920/638 1277/921/639 1265/909/627
f 1267/910/628 1279/922/640 1278/920/638 1266/908/626
f 1268/911/629 1280/923/641 1279/922/640 1267/910/628
f 1269/912/630 1281/924/642 1280/923/641 1268/911/629
f 1270/913/631 1282/925/643 1281/924/642 1269/912/630
f 1271/914/632 1283/926/644 1282/925/643 1270/913/631
f 1272/915/633 1284/927/645 1283/926/644 1271/914/632
f 1273/916/634 1285/928/646 1284/927/645 1272/915/633
f 1274/917/635 1286/929/647 1285/928/646 1273/916/634
f 1275/918/636 1287/930/648 1286/929/647 1274/917/635
f 1276/919/637 1288/931/649 1287/930/648 1275/918/636
f 1278/920/638 1290/932/650 1289/933/651 1277/921/639
f 1279/922/640 1291/934/652 1290/932/650 1278/920/638
f 1280/923/641 1292/935/653 1291/934/652 1279/922/640
f 1281/924/642 1293/936/654 1292/935/653 1280/923/641
f 1282/925/643 1294/937/655 1293/936/654 1281/924/642
f 1283/926/644 1295/938/656 1294/937/655 1282/925/643
f 1284/927/645 1296/939/657 1295/938/656 1283/926/644
f 1285/928/646 1297/940/658 1296/939/657 1284/927/645
f 1286/929/647 1298/941/659 1297/940/658 1285/928/646
f 1287/930/648 1299/942/660 1298/941/659 1286/929/647
f 1288/931/649 1300/943/661 1299/942/660 1287/930/648
f 1290/932/650 1302/944/662 1301/945/663 1289/933/651
f 1291/934/652 1303/946/664 1302/944/662 1290/932/650
f 1292/935/653 1304/947/665 1303/946/664 1291/934/652
f 1293/936/654 1305/948/666 1304/947/665 1292/935/653
f 1294/937/655 1306/949/667 1305/948/666 1293/936/654
f 1295/938/656 1307/950/668 1306/949/667 1294/937/655
f 1296/939/657 1308/951/669 1307/950/668 1295/938/656
f 1297/940/658 1309/952/670 1308/951/669 1296/939/657
f 1298/941/659 1310/953/671 1309/952/670 1297/940/658
f 1299/942/660 1311/954/672 1310/953/671 1298/941/659
f 1300/943/661 1312/955/673 1311/954/672 1299/942/660
f 1302/944/662 1314/956/674 1313/957/675 1301/945/663
f 1303/946/664 1315/958/676 1314/956/674 1302/944/662
f 1304/947/665 1316/959/677 1315/958/676 1303/946/664
f 1305/948/666 1317/960/678 1316/959/677 1304/947/665
f 1306/949/667 1318/961/679 1317/960/678 1305/948/666
f 1307/950/668 1319/962/680 1318/961/679 1306/949/667
f 1308/951/669 1320/963/681 1319/962/680 1307/950/668
f 1309/952/670 1321/964/682 1320/963/681 1308/951/669
f 1310/953/671 1322/965/683 1321/964/682 1309/952/670
f 1311/954/672 1323/966/684 1322/965/683 1310/953/671
f 1312/955/673 1324/967/685 1323/966/684 1311/954/672
f 1314/956/674 1326/968/686 1325/969/687 1313/957/675
f 1315/958/676 1327/970/688 1326/968/686 1314/956/674
f 1316/959/677 1328/971/689 1327/970/688 1315/958/676
f 1317/960/678 1329/972/690 1328/971/689 1316/959/677
f 1318/961/679 1330/973/691 1329/972/690 1317/960/678
f 1319/962/680 1331/974/692 1330/973/691 1318/961/679
f 1320/963/681 1332/975/693 1331/974/692 1319/962/680
f 1321/964/682 1333/976/694 1332/975/693 1320/963/681
f 1322/965/683 1334/977/695 1333/976/694 1321/964/682
f 1323/966/684 1335/978/696 1334/977/695 1322/965/683
f 1324/967/685 1336/979/697 1335/978/696 1323/966/684
f 1326/968/686 1338/980/698 1337/981/699 1325/969/687
f 1327/970/688 1339/982/700 1338/980/698 1326/968/686
f 1328/971/689 1340/983/701 1339/982/700 1327/970/688
f 1329/972/690 1341/984/702 1340/983/701 1328/971/689
f 1330/973/691 1342/985/703 1341/984/702 1329/972/690
f 1331/974/692 1343/986/704 1342/985/703 1330/973/691
f 1332/975/693 1344/987/705 1343/986/704 1331/974/692
f 1333/976/694 1345/988/706 1344/987/705 1332/975/693
f 1334/977/695 1346/989/707 1345/988/706 1333/976/694
f 1335/978/696 1347/990/708 1346/989/707 1334/977/695
f 1336/979/697 1348/991/709 1347/990/708 1335/978/696
f 1338/980/698 1350/992/710 1349/993/711 1337/981/699
f 1339/982/700 1351/994/712 1350/992/710 1338/980/698
f 1340/983/701 1352/995/713 1351/994/712 1339/982/700
f 1341/984/702 1353/996/714 1352/995/713 1340/983/701
f 1342/985/703 1354/997/715 1353/996/714 1341/984/702
f 1343/986/704 1355/998/716 1354/997/715 1342/985/703
f 1344/987/705 1356/999/717 1355/998/716 1343/986/704
f 1345/988/706 1357/1000/718 1356/999/717 1344/987/705
f 1346/989/707 1358/1001/719 1357/1000/718 1345/988/706
f 1347/990/708 1359/1002/720 1358/1001/719 1346/989/707
f 1348/991/709 1360/1003/721 1359/1002/720 1347/990/708
f 1350/992/710 1362/1004/722 1361/1005/723 1349/993/711
f 1351/994/712 1363/1006/724 1362/1004/722 1350/992/710
f 1352/995/713 1364/1007/725 1363/1006/724 1351/994/712
f 1353/996/714 1365/1008/726 1364/1007/725 1352/995/713
f 1354/997/715 1366/1009/727 1365/1008/726 1353/996/714
f 1355/998/716 1367/1010/728 1366/1009/727 1354/997/715
f 1356/999/717 1368/1011/729 1367/1010/728 1355/998/716
f 1357/1000/718 1369/1012/730 1368/1011/729 1356/999/717
f 1358/1001/719 1370/1013/731 1369/1012/730 1357/1000/718
f 1359/1002/720 1371/1014/732 1370/1013/731 1358/1001/719
f 1360/1003/721 1372/1015/733 1371/1014/732 1359/1002/720
f 1362/1004/722 1374/1016/734 1373/1017/735 1361/1005/723
f 1363/1006/724 1375/1018/736 1374/1016/734 1362/1004/722
f 1364/1007/725 1376/1019/737 1375/1018/736 1363/1006/724
f 1365/1008/726 1377/1020/738 1376/1019/737 1364/1007/725
f 1366/1009/727 1378/1021/739 1377/1020/738 1365/1008/726
f 1367/1010/728 1379/1022/740 1378/1021/739 1366/1009/727
f 1368/1011/729 1380/1023/741 1379/1022/740 1367/1010/728
f 1369/1012/730 1381/1024/742 1380/1023/741 1368/1011/729
f 1370/1013/731 1382/1025/743 1381/1024/742 1369/1012/730
f 1371/1014/732 1383/1026/744 1382/1025/743 1370/1013/731
f 1372/1015/733 1384/1027/745 1383/1026/744 1371/1014/732
f 1374/1016/734 1386/1028/746 1385/1029/747 1373/1017/735
f 1375/1018/736 1387/1030/748 1386/1028/746 1374/1016/734
f 1376/1019/737 1388/1031/749 1387/1030/748 1375/1018/736
f 1377/1020/738 1389/1032/750 1388/1031/749 1376/1019/737
f 1378/1021/739 1390/1033/751 1389/1032/750 1377/1020/738
f 1379/1022/740 1391/1034/752 1390/1033/751 1378/1021/739
f 1380/1023/741 1392/1035/753 1391/1034/752 1379/1022/740
f 1381/1024/742 1393/1036/754 1392/1035/753 1380/1023/741
f 1382/1025/743 1394/1037/755 1393/1036/754 1381/1024/742
f 1383/1026/744 1395/1038/756 1394/1037/755 1382/1025/743
f 1384/1027/745 1396/1039/757 1395/1038/756 1383/1026/744
f 1386/1028/746 1398/1040/758 1397/1041/747 1385/1029/747
f 1387/1030/748 1399/1042/759 1398/1040/758 1386/1028/746
f 1388/1031/749 1400/1043/760 1399/1042/759 1387/1030/748
f 1389/1032/750 1401/1044/761 1400/1043/760 1388/1031/749
f 1390/1033/751 1402/1045/762 1401/1044/761 1389/1032/750
f 1391/1034/752 1403/1046/763 1402/1045/762 1390/1033/751
f 1392/1035/753 1404/1047/764 1403/1046/763 1391/1034/752
f 1393/1036/754 1405/1048/765 1404/1047/764 1392/1035/753
f 1394/1037/755 1406/1049/766 1405/1048/765 1393/1036/754
f 1395/1038/756 1407/1050/767 1406/1049/766 1394/1037/755
f 1396/1039/757 1408/1051/757 1407/1050/767 1395/1038/756
f 1398/1040/758 1410/1052/768 1409/1053/769 1397/1041/747
f 1399/1042/759 1411/1054/770 1410/1052/768 1398/1040/758
f 1400/1043/760 1412/1055/771 1411/1054/770 1399/1042/759
f 1401/1044/761 1413/1056/772 1412/1055/771 1400/1043/760
f 1402/1045/762 1414/1057/773 1413/1056/772 1401/1044/761
f 1403/1046/763 1415/1058/774 1414/1057/773 1402/1045/762
f 1404/1047/764 1416/1059/775 1415/1058/774 1403/1046/763
f 1405/1048/765 1417/1060/776 1416/1059/775 1404/1047/764
f 1406/1049/766 1418/1061/777 1417/1060/776 1405/1048/765
f 1407/1050/767 1419/1062/778 1418/1061/777 1406/1049/766
f 1408/1051/757 1420/1063/779 1419/1062/778 1407/1050/767
f 1410/1052/768 1422/1064/780 1421/1065/781 1409/1053/769
f 1411/1054/770 1423/1066/782 1422/1064/780 1410/1052/768
f 1412/1055/771 1424/1067/783 1423/1066/782 1411/1054/770
f 1413/1056/772 1425/1068/784 1424/1067/783 1412/1055/771
f 1414/1057/773 1426/1069/785 1425/1068/784 1413/1056/772
f 1415/1058/774 1427/1070/786 1426/1069/785 1414/1057/773
f 1416/1059/775 1428/1071/787 1427/1070/786 1415/1058/774
f 1417/1060/776 1429/1072/788 1428/1071/787 1416/1059/775
f 1418/1061/777 1430/1073/789 1429/1072/788 1417/1060/776
f 1419/1062/778 1431/1074/790 1430/1073/789 1418/1061/777
f 1420/1063/779 1432/1075/791 1431/1074/790 1419/1062/778
f 1422/1064/780 1434/1076/792 1433/1077/793 1421/1065/781
f 1423/1066/782 1435/1078/794 1434/1076/792 1422/1064/780
f 1424/1067/783 1436/1079/795 1435/1078/794 1423/1066/782
f 1425/1068/784 1437/1080/796 1436/1079/795 1424/1067/783
f 1426/1069/785 1438/1081/797 1437/1080/796 1425/1068/784
f 1427/1070/786 1439/1082/798 1438/1081/797 1426/1069/785
f 1428/1071/787 1440/1083/799 1439/1082/798 1427/1070/786
f 1429/1072/788 1441/1084/800 1440/1083/799 1428/1071/787
f 1430/1073/789 1442/1085/801 1441/1084/800 1429/1072/788
f 1431/1074/790 1443/1086/802 1442/1085/801 1430/1073/789
f 1432/1075/791 1444/1087/803 1443/1086/802 1431/1074/790
f 1434/1076/792 642/1088/3 641/4/6 1433/1077/793
f 1435/1078/794 643/1089/7 642/1088/3 1434/1076/792
f 1436/1079/795 644/1090/9 643/1089/7 1435/1078/794
f 1437/1080/796 645/1091/11 644/1090/9 1436/1079/795
f 1438/1081/797 646/1092/13 645/1091/11 1437/1080/796
f 1439/1082/798 647/1093/15 646/1092/13 1438/1081/797
f 1440/1083/799 648/1094/17 647/1093/15 1439/1082/798
f 1441/1084/800 649/1095/19 648/1094/17 1440/1083/799
f 1442/1085/801 650/1096/21 649/1095/19 1441/1084/800
f 1443/1086/802 651/1097/23 650/1096/21 1442/1085/801
f 1444/1087/803 652/1098/25 651/1097/23 1443/1086/802
f 1446/285/804 1458/1099/805 1457/1100/806 1445/7/807
f 1447/288/808 1459/1101/809 1458/1099/805 1446/285/804
f 1448/290/810 1460/1102/811 1459/1101/809 1447/288/808
f 1449/292/812 1461/1103/813 1460/1102/811 1448/290/810
f 1450/294/814 1462/1104/815 1461/1103/813 1449/292/812
f 1451/296/816 1463/1105/817 1462/1104/815 1450/294/814
f 1452/298/818 1464/1106/819 1463/1105/817 1451/296/816
f 1453/300/820 1465/1107/821 1464/1106/819 1452/298/818
f 1454/302/822 1466/1108/823 1465/1107/821 1453/300/820
f 1455/304/824 1467/1109/825 1466/1108/823 1454/302/822
f 1456/306/826 1468/1110/827 1467/1109/825 1455/304/824
f 1458/1099/805 1470/1111/828 1469/1112/829 1457/1100/806
f 1459/1101/809 1471/1113/830 1470/1111/828 1458/1099/805
f 1460/1102/811 1472/1114/831 1471/1113/830 1459/1101/809
f 1461/1103/813 1473/1115/832 1472/1114/831 1460/1102/811
f 1462/1104/815 1474/1116/833 1473/1115/832 1461/1103/813
f 1463/1105/817 1475/1117/834 1474/1116/833 1462/1104/815
f 1464/1106/819 1476/1118/835 1475/1117/834 1463/1105/817
f 1465/1107/821 1477/1119/836 1476/1118/835 1464/1106/819
f 1466/1108/823 1478/1120/837 1477/1119/836 1465/1107/821
f 1467/1109/825 1479/1121/838 1478/1120/837 1466/1108/823
f 1468/1110/827 1480/1122/839 1479/1121/838 1467/1109/825
f 1470/1111/828 1482/1123/840 1481/1124/841 1469/1112/829
f 1471/1113/830 1483/1125/842 1482/1123/840 1470/1111/828
f 1472/1114/831 1484/1126/843 1483/1125/842 1471/1113/830
f 1473/1115/832 1485/1127/844 1484/1126/843 1472/1114/831
f 1474/1116/833 1486/1128/845 1485/1127/844 1473/1115/832
f 1475/1117/834 1487/1129/846 1486/1128/845 1474/1116/833
f 1476/1118/835 1488/1130/847 1487/1129/846 1475/1117/834
f 1477/1119/836 1489/1131/848 1488/1130/847 1476/1118/835
f 1478/1120/837 1490/1132/849 1489/1131/848 1477/1119/836
f 1479/1121/838 1491/1133/850 1490/1132/849 1478/1120/837
f 1480/1122/839 1492/1134/851 1491/1133/850 1479/1121/838
f 1482/1123/840 1494/1135/852 1493/1136/853 1481/1124/841
f 1483/1125/842 1495/1137/854 1494/1135/852 1482/1123/840
f 1484/1126/843 1496/1138/855 1495/1137/854 1483/1125/842
f 1485/1127/844 1497/1139/856 1496/1138/855 1484/1126/843
f 1486/1128/845 1498/1140/857 1497/1139/856 1485/1127/844
f 1487/1129/846 1499/1141/858 1498/1140/857 1486/1128/845
f 1488/1130/847 1500/1142/859 1499/1141/858 1487/1129/846
f 1489/1131/848 1501/1143/860 1500/1142/859 1488/1130/847
f 1490/1132/849 1502/1144/861 1501/1143/860 1489/1131/848
f 1491/1133/850 1503/1145/862 1502/1144/861 1490/1132/849
f 1492/1134/851 1504/1146/863 1503/1145/862 1491/1133/850
f 1494/1135/852 1506/1147/864 1505/1148/865 1493/1136/853
f 1495/1137/854 1507/1149/866 1506/1147/864 1494/1135/852
f 1496/1138/855 1508/1150/867 1507/1149/866 1495/1137/854
f 1497/1139/856 1509/1151/868 1508/1150/867 1496/1138/855
f 1498/1140/857 1510/1152/869 1509/1151/868 1497/1139/856
f 1499/1141/858 1511/1153/870 1510/1152/869 1498/1140/857
f 1500/1142/859 1512/1154/871 1511/1153/870 1499/1141/858
f 1501/1143/860 1513/1155/872 1512/1154/871 1500/1142/859
f 1502/1144/861 1514/1156/873 1513/1155/872 1501/1143/860
f 1503/1145/862 1515/1157/874 1514/1156/873 1502/1144/861
f 1504/1146/863 1516/1158/875 1515/1157/874 1503/1145/862
f 1506/1147/864 1518/1159/876 1517/1160/877 1505/1148/865
f 1507/1149/866 1519/1161/878 1518/1159/876 1506/1147/864
f 1508/1150/867 1520/1162/879 1519/1161/878 1507/1149/866
f 1509/1151/868 1521/1163/880 1520/1162/879 1508/1150/867
f 1510/1152/869 1522/1164/881 1521/1163/880 1509/1151/868
f 1511/1153/870 1523/1165/882 1522/1164/881 1510/1152/869
f 1512/1154/871 1524/1166/883 1523/1165/882 1511/1153/870
f 1513/1155/872 1525/1167/884 1524/1166/883 1512/1154/871
f 1514/1156/873 1526/1168/885 1525/1167/884 1513/1155/872
f 1515/1157/874 1527/1169/886 1526/1168/885 1514/1156/873
f 1516/1158/875 1528/1170/887 1527/1169/886 1515/1157/874
f 1518/1159/876 1530/1171/888 1529/1172/889 1517/1160/877
f 1519/1161/878 1531/1173/890 1530/1171/888 1518/1159/876
f 1520/1162/879 1532/1174/891 1531/1173/890 1519/1161/878
f 1521/1163/880 1533/1175/892 1532/1174/891 1520/1162/879
f 1522/1164/881 1534/1176/893 1533/1175/892 1521/1163/880
f 1523/1165/882 1535/1177/894 1534/1176/893 1522/1164/881
f 1524/1166/883 1536/1178/895 1535/1177/894 1523/1165/882
f 1525/1167/884 1537/1179/896 1536/1178/895 1524/1166/883
f 1526/1168/885 1538/1180/897 1537/1179/896 1525/1167/884
f 1527/1169/886 1539/1181/898 1538/1180/897 1526/1168/885
f 1528/1170/887 1540/1182/899 1539/1181/898 1527/1169/886
f 1530/1171/888 1542/1183/900 1541/1184/901 1529/1172/889
f 1531/1173/890 1543/1185/902 1542/1183/900 1530/1171/888
f 1532/1174/891 1544/1186/903 1543/1185/902 1531/1173/890
f 1533/1175/892 1545/1187/904 1544/1186/903 1532/1174/891
f 1534/1176/893 1546/1188/905 1545/1187/904 1533/1175/892
f 1535/1177/894 1547/1189/906 1546/1188/905 1534/1176/893
f 1536/1178/895 1548/1190/907 1547/1189/906 1535/1177/894
f 1537/1179/896 1549/1191/908 1548/1190/907 1536/1178/895
f 1538/1180/897 1550/1192/909 1549/1191/908 1537/1179/896
f 1539/1181/898 1551/1193/910 1550/1192/909 1538/1180/897
f 1540/1182/899 1552/1194/911 1551/1193/910 1539/1181/898
f 1542/1183/900 1554/1195/912 1553/264/913 1541/1184/901
f 1543/1185/902 1555/1196/914 1554/1195/912 1542/1183/900
f 1544/1186/903 1556/1197/915 1555/1196/914 1543/1185/902
f 1545/1187/904 1557/1198/916 1556/1197/915 1544/1186/903
f 1546/1188/905 1558/1199/917 1557/1198/916 1545/1187/904
f 1547/1189/906 1559/1200/918 1558/1199/917 1546/1188/905
f 1548/1190/907 1560/1201/919 1559/1200/918 1547/1189/906
f 1549/1191/908 1561/1202/920 1560/1201/919 1548/1190/907
f 1550/1192/909 1562/1203/921 1561/1202/920 1549/1191/908
f 1551/1193/910 1563/1204/922 1562/1203/921 1550/1192/909
f 1552/1194/911 1564/1205/923 1563/1204/922 1551/1193/910
f 1554/1195/912 1566/1206/924 1565/1207/925 1553/264/913
f 1555/1196/914 1567/1208/926 1566/1206/924 1554/1195/912
f 1556/1197/915 1568/1209/927 1567/1208/926 1555/1196/914
f 1557/1198/916 1569/1210/928 1568/1209/927 1556/1197/915
f 1558/1199/917 1570/1211/929 1569/1210/928 1557/1198/916
f 1559/1200/918 1571/1212/930 1570/1211/929 1558/1199/917
f 1560/1201/919 1572/1213/931 1571/1212/930 1559/1200/918
f 1561/1202/920 1573/1214/932 1572/1213/931 1560/1201/919
f 1562/1203/921 1574/1215/933 1573/1214/932 1561/1202/920
f 1563/1204/922 1575/1216/934 1574/1215/933 1562/1203/921
f 1564/1205/923 1576/1217/935 1575/1216/934 1563/1204/922
f 1566/1206/924 1578/1218/936 1577/1219/937 1565/1207/925
f 1567/1208/926 1579/1220/938 1578/1218/936 1566/1206/924
f 1568/1209/927 1580/1221/939 1579/1220/938 1567/1208/926
f 1569/1210/928 1581/1222/940 1580/1221/939 1568/1209/927
f 1570/1211/929 1582/1223/941 1581/1222/940 1569/1210/928
f 1571/1212/930 1583/1224/942 1582/1223/941 1570/1211/929
f 1572/1213/931 1584/1225/943 1583/1224/942 1571/1212/930
f 1573/1214/932 1585/1226/944 1584/1225/943 1572/1213/931
f 1574/1215/933 1586/1227/945 1585/1226/944 1573/1214/932
f 1575/1216/934 1587/1228/946 1586/1227/945 1574/1215/933
f 1576/1217/935 1588/1229/947 1587/1228/946 1575/1216/934
f 1578/1218/936 1590/1230/948 1589/1231/949 1577/1219/937
f 1579/1220/938 1591/1232/950 1590/1230/948 1578/1218/936
f 1580/1221/939 1592/1233/951 1591/1232/950 1579/1220/938
f 1581/1222/940 1593/1234/952 1592/1233/951 1580/1221/939
f 1582/1223/941 1594/1235/953 1593/1234/952 1581/1222/940
f 1583/1224/942 1595/1236/954 1594/1235/953 1582/1223/941
f 1584/1225/943 1596/1237/955 1595/1236/954 1583/1224/942
f 1585/1226/944 1597/1238/956 1596/1237/955 1584/1225/943
f 1586/1227/945 1598/1239/957 1597/1238/956 1585/1226/944
f 1587/1228/946 1599/1240/958 1598/1239/957 1586/1227/945
f 1588/1229/947 1600/1241/959 1599/1240/958 1587/1228/946
f 1590/1230/948 1602/1242/960 1601/1243/961 1589/1231/949
f 1591/1232/950 1603/1244/962 1602/1242/960 1590/1230/948
f 1592/1233/951 1604/1245/963 1603/1244/962 1591/1232/950
f 1593/1234/952 1605/1246/964 1604/1245/963 1592/1233/951
f 1594/1235/953 1606/1247/965 1605/1246/964 1593/1234/952
f 1595/1236/954 1607/1248/966 1606/1247/965 1594/1235/953
f 1596/1237/955 1608/1249/967 1607/1248/966 1595/1236/954
f 1597/1238/956 1609/1250/968 1608/1249/967 1596/1237/955
f 1598/1239/957 1610/1251/969 1609/1250/968 1597/1238/956
f 1599/1240/958 1611/1252/970 1610/1251/969 1598/1239/957
f 1600/1241/959 1612/1253/971 1611/1252/970 1599/1240/958
f 1602/1242/960 1614/1254/972 1613/1255/973 1601/1243/961
f 1603/1244/962 1615/1256/974 1614/1254/972 1602/1242/960
f 1604/1245/963 1616/1257/975 1615/1256/974 1603/1244/962
f 1605/1246/964 1617/1258/976 1616/1257/975 1604/1245/963
f 1606/1247/965 1618/1259/977 1617/1258/976 1605/1246/964
f 1607/1248/966 1619/1260/978 1618/1259/977 1606/1247/965
f 1608/1249/967 1620/1261/979 1619/1260/978 1607/1248/966
f 1609/1250/968 1621/1262/980 1620/1261/979 1608/1249/967
f 1610/1251/969 1622/1263/981 1621/1262/980 1609/1250/968
f 1611/1252/970 1623/1264/982 1622/1263/981 1610/1251/969
f 1612/1253/971 1624/1265/983 1623/1264/982 1611/1252/970
f 1614/1254/972 1626/1266/984 1625/1267/985 1613/1255/973
f 1615/1256/974 1627/1268/986 1626/1266/984 1614/1254/972
f 1616/1257/975 1628/1269/987 1627/1268/986 1615/1256/974
f 1617/1258/976 1629/1270/988 1628/1269/987 1616/1257/975
f 1618/1259/977 1630/1271/989 1629/1270/988 1617/1258/976
f 1619/1260/978 1631/1272/990 1630/1271/989 1618/1259/977
f 1620/1261/979 1632/1273/991 1631/1272/990 1619/1260/978
f 1621/1262/980 1633/1274/992 1632/1273/991 1620/1261/979
f 1622/1263/981 1634/1275/993 1633/1274/992 1621/1262/980
f 1623/1264/982 1635/1276/994 1634/1275/993 1622/1263/981
f 1624/1265/983 1636/1277/995 1635/1276/994 1623/1264/982
f 1626/1266/984 1638/1278/996 1637/1279/997 1625/1267/985
f 1627/1268/986 1639/1280/998 1638/1278/996 1626/1266/984
f 1628/1269/987 1640/1281/999 1639/1280/998 1627/1268/986
f 1629/1270/988 1641/1282/1000 1640/1281/999 1628/1269/987
f 1630/1271/989 1642/1283/1001 1641/1282/1000 1629/1270/988
f 1631/1272/990 1643/1284/1002 1642/1283/1001 1630/1271/989
f 1632/1273/991 1644/1285/1003 1643/1284/1002 1631/1272/990
f 1633/1274/992 1645/1286/1004 1644/1285/1003 1632/1273/991
f 1634/1275/993 1646/1287/1005 1645/1286/1004 1633/1274/992
f 1635/1276/994 1647/1288/1006 1646/1287/1005 1634/1275/993
f 1636/1277/995 1648/1289/1007 1647/1288/1006 1635/1276/994
f 1638/1278/996 1650/1290/1008 1649/1291/1009 1637/1279/997
f 1639/1280/998 1651/1292/1010 1650/1290/1008 1638/1278/996
f 1640/1281/999 1652/1293/1011 1651/1292/1010 1639/1280/998
f 1641/1282/1000 1653/1294/1012 1652/1293/1011 1640/1281/999
f 1642/1283/1001 1654/1295/1013 1653/1294/1012 1641/1282/1000
f 1643/1284/1002 1655/1296/1014 1654/1295/1013 1642/1283/1001
f 1644/1285/1003 1656/1297/1015 1655/1296/1014 1643/1284/1002
f 1645/1286/1004 1657/1298/1016 1656/1297/1015 1644/1285/1003
f 1646/1287/1005 1658/1299/1017 1657/1298/1016 1645/1286/1004
f 1647/1288/1006 1659/1300/1018 1658/1299/1017 1646/1287/1005
f 1648/1289/1007 1660/1301/1019 1659/1300/1018 1647/1288/1006
f 1650/1290/1008 1662/1302/1020 1661/240/1021 1649/1291/1009
f 1651/1292/1010 1663/1303/1022 1662/1302/1020 1650/1290/1008
f 1652/1293/1011 1664/1304/1023 1663/1303/1022 1651/1292/1010
f 1653/1294/1012 1665/1305/1024 1664/1304/1023 1652/1293/1011
f 1654/1295/1013 1666/1306/1025 1665/1305/1024 1653/1294/1012
f 1655/1296/1014 1667/1307/1026 1666/1306/1025 1654/1295/1013
f 1656/1297/1015 1668/1308/1027 1667/1307/1026 1655/1296/1014
f 1657/1298/1016 1669/1309/1028 1668/1308/1027 1656/1297/1015
f 1658/1299/1017 1670/1310/1029 1669/1309/1028 1657/1298/1016
f 1659/1300/1018 1671/1311/1030 1670/1310/1029 1658/1299/1017
f 1660/1301/1019 1672/1312/1031 1671/1311/1030 1659/1300/1018
f 1662/1302/1020 1674/1313/1032 1673/1314/1033 1661/240/1021
f 1663/1303/1022 1675/1315/1034 1674/1313/1032 1662/1302/1020
f 1664/1304/1023 1676/1316/1035 1675/1315/1034 1663/1303/1022
f 1665/1305/1024 1677/1317/1036 1676/1316/1035 1664/1304/1023
f 1666/1306/1025 1678/1318/1037 1677/1317/1036 1665/1305/1024
f 1667/1307/1026 1679/1319/1038 1678/1318/1037 1666/1306/1025
f 1668/1308/1027 1680/1320/1039 1679/1319/1038 1667/1307/1026
f 1669/1309/1028 1681/1321/1040 1680/1320/1039 1668/1308/1027
f 1670/1310/1029 1682/1322/1041 1681/1321/1040 1669/1309/1028
f 1671/1311/1030 1683/1323/1042 1682/1322/1041 1670/1310/1029
f 1672/1312/1031 1684/1324/1043 1683/1323/1042 1671/1311/1030
f 1674/1313/1032 1686/1325/1044 1685/1326/1045 1673/1314/1033
f 1675/1315/1034 1687/1327/1046 1686/1325/1044 1674/1313/1032
f 1676/1316/1035 1688/1328/1047 1687/1327/1046 1675/1315/1034
f 1677/1317/1036 1689/1329/1048 1688/1328/1047 1676/1316/1035
f 1678/1318/1037 1690/1330/1049 1689/1329/1048 1677/1317/1036
f 1679/1319/1038 1691/1331/1050 1690/1330/1049 1678/1318/1037
f 1680/1320/1039 1692/1332/1051 1691/1331/1050 1679/1319/1038
f 1681/1321/1040 1693/1333/1052 1692/1332/1051 1680/1320/1039
f 1682/1322/1041 1694/1334/1053 1693/1333/1052 1681/1321/1040
f 1683/1323/1042 1695/1335/1054 1694/1334/1053 1682/1322/1041
f 1684/1324/1043 1696/1336/1055 1695/1335/1054 1683/1323/1042
f 1686/1325/1044 1698/1337/1056 1697/1338/1057 1685/1326/1045
f 1687/1327/1046 1699/1339/1058 1698/1337/1056 1686/1325/1044
f 1688/1328/1047 1700/1340/1059 1699/1339/1058 1687/1327/1046
f 1689/1329/1048 1701/1341/1060 1700/1340/1059 1688/1328/1047
f 1690/1330/1049 1702/1342/1061 1701/1341/1060 1689/1329/1048
f 1691/1331/1050 1703/1343/1062 1702/1342/1061 1690/1330/1049
f 1692/1332/1051 1704/1344/1063 1703/1343/1062 1691/1331/1050
f 1693/1333/1052 1705/1345/1064 1704/1344/1063 1692/1332/1051
f 1694/1334/1053 1706/1346/1065 1705/1345/1064 1693/1333/1052
f 1695/1335/1054 1707/1347/1066 1706/1346/1065 1694/1334/1053
f 1696/1336/1055 1708/1348/1067 1707/1347/1066 1695/1335/1054
f 1698/1337/1056 1710/1349/1068 1709/1350/1069 1697/1338/1057
f 1699/1339/1058 1711/1351/1070 1710/1349/1068 1698/1337/1056
f 1700/1340/1059 1712/1352/1071 1711/1351/1070 1699/1339/1058
f 1701/1341/1060 1713/1353/1072 1712/1352/1071 1700/1340/1059
f 1702/1342/1061 1714/1354/1073 1713/1353/1072 1701/1341/1060
f 1703/1343/1062 1715/1355/1074 1714/1354/1073 1702/1342/1061
f 1704/1344/1063 1716/1356/1075 1715/1355/1074 1703/1343/1062
f 1705/1345/1064 1717/1357/1076 1716/1356/1075 1704/1344/1063
f 1706/1346/1065 1718/1358/1077 1717/1357/1076 1705/1345/1064
f 1707/1347/1066 1719/1359/1078 1718/1358/1077 1706/1346/1065
f 1708/1348/1067 1720/1360/1079 1719/1359/1078 1707/1347/1066
f 1710/1349/1068 1722/1361/1080 1721/1362/1081 1709/1350/1069
f 1711/1351/1070 1723/1363/1082 1722/1361/1080 1710/1349/1068
f 1712/1352/1071 1724/1364/1083 1723/1363/1082 1711/1351/1070
f 1713/1353/1072 1725/1365/1084 1724/1364/1083 1712/1352/1071
f 1714/1354/1073 1726/1366/1085 1725/1365/1084 1713/1353/1072
f 1715/1355/1074 1727/1367/1086 1726/1366/1085 1714/1354/1073
f 1716/1356/1075 1728/1368/1087 1727/1367/1086 1715/1355/1074
f 1717/1357/1076 1729/1369/1088 1728/1368/1087 1716/1356/1075
f 1718/1358/1077 1730/1370/1089 1729/1369/1088 1717/1357/1076
f 1719/1359/1078 1731/1371/1090 1730/1370/1089 1718/1358/1077
f 1720/1360/1079 1732/1372/1091 1731/1371/1090 1719/1359/1078
f 1722/1361/1080 1734/1373/1092 1733/1374/1093 1721/1362/1081
f 1723/1363/1082 1735/1375/1094 1734/1373/1092 1722/1361/1080
f 1724/1364/1083 1736/1376/1095 1735/1375/1094 1723/1363/1082
f 1725/1365/1084 1737/1377/1096 1736/1376/1095 1724/1364/1083
f 1726/1366/1085 1738/1378/1097 1737/1377/1096 1725/1365/1084
f 1727/1367/1086 1739/1379/1098 1738/1378/1097 1726/1366/1085
f 1728/1368/1087 1740/1380/1099 1739/1379/1098 1727/1367/1086
f 1729/1369/1088 1741/1381/1100 1740/1380/1099 1728/1368/1087
f 1730/1370/1089 1742/1382/1101 1741/1381/1100 1729/1369/1088
f 1731/1371/1090 1743/1383/1102 1742/1382/1101 1730/1370/1089
f 1732/1372/1091 1744/1384/1103 1743/1383/1102 1731/1371/1090
f 1734/1373/1092 1746/1385/746 1745/1386/747 1733/1374/1093
f 1735/1375/1094 1747/1387/748 1746/1385/746 1734/1373/1092
f 1736/1376/1095 1748/1388/749 1747/1387/748 1735/1375/1094
f 1737/1377/1096 1749/1389/750 1748/1388/749 1736/1376/1095
f 1738/1378/1097 1750/1390/751 1749/1389/750 1737/1377/1096
f 1739/1379/1098 1751/1391/752 1750/1390/751 1738/1378/1097
f 1740/1380/1099 1752/1392/753 1751/1391/752 1739/1379/1098
f 1741/1381/1100 1753/1393/754 1752/1392/753 1740/1380/1099
f 1742/1382/1101 1754/1394/755 1753/1393/754 1741/1381/1100
f 1743/1383/1102 1755/1395/756 1754/1394/755 1742/1382/1101
f 1744/1384/1103 1756/1396/757 1755/1395/756 1743/1383/1102
f 1746/1385/746 1758/1397/1104 1757/1398/1105 1745/1386/747
f 1747/1387/748 1759/1399/1106 1758/1397/1104 1746/1385/746
f 1748/1388/749 1760/1400/1107 1759/1399/1106 1747/1387/748
f 1749/1389/750 1761/1401/1108 1760/1400/1107 1748/1388/749
f 1750/1390/751 1762/1402/1109 1761/1401/1108 1749/1389/750
f 1751/1391/752 1763/1403/1110 1762/1402/1109 1750/1390/751
f 1752/1392/753 1764/1404/1111 1763/1403/1110 1751/1391/752
f 1753/1393/754 1765/1405/1112 1764/1404/1111 1752/1392/753
f 1754/1394/755 1766/1406/1113 1765/1405/1112 1753/1393/754
f 1755/1395/756 1767/1407/1114 1766/1406/1113 1754/1394/755
f 1756/1396/757 1768/1408/1115 1767/1407/1114 1755/1395/756
f 1758/1397/1104 1446/1088/804 1445/4/807 1757/1398/1105
f 1759/1399/1106 1447/1089/808 1446/1088/804 1758/1397/1104
f 1760/1400/1107 1448/1090/810 1447/1089/808 1759/1399/1106
f 1761/1401/1108 1449/1091/812 1448/1090/810 1760/1400/1107
f 1762/1402/1109 1450/1092/814 1449/1091/812 1761/1401/1108
f 1763/1403/1110 1451/1093/816 1450/1092/814 1762/1402/1109
f 1764/1404/1111 1452/1094/818 1451/1093/816 1763/1403/1110
f 1765/1405/1112 1453/1095/820 1452/1094/818 1764/1404/1111
f 1766/1406/1113 1454/1096/822 1453/1095/820 1765/1405/1112
f 1767/1407/1114 1455/1097/824 1454/1096/822 1766/1406/1113
f 1768/1408/1115 1456/1098/826 1455/1097/824 1767/1407/1114
f 1770/285/746 1782/1409/1104 1781/1410/1105 1769/7/747
f 1771/288/748 1783/1411/1106 1782/1409/1104 1770/285/746
f 1772/290/749 1784/1412/1107 1783/1411/1106 1771/288/748
f 1773/292/750 1785/1413/1108 1784/1412/1107 1772/290/749
f 1774/294/751 1786/1414/1109 1785/1413/1108 1773/292/750
f 1775/296/1116 1787/1415/1110 1786/1414/1109 1774/294/751
f 1776/298/753 1788/1416/1111 1787/1415/1110 1775/296/1116
f 1777/300/754 1789/1417/1112 1788/1416/1111 1776/298/753
f 1778/302/755 1790/1418/1113 1789/1417/1112 1777/300/754
f 1779/304/756 1791/1419/1114 1790/1418/1113 1778/302/755
f 1780/306/757 1792/1420/1115 1791/1419/1114 1779/304/756
f 1782/1409/1104 1794/1421/1117 1793/1422/1105 1781/1410/1105
f 1783/1411/1106 1795/1423/1118 1794/1421/1117 1782/1409/1104
f 1784/1412/1107 1796/1424/1119 1795/1423/1118 1783/1411/1106
f 1785/1413/1108 1797/1425/1120 1796/1424/1119 1784/1412/1107
f 1786/1414/1109 1798/1426/1121 1797/1425/1120 1785/1413/1108
f 1787/1415/1110 1799/1427/1122 1798/1426/1121 1786/1414/1109
f 1788/1416/1111 1800/1428/1123 1799/1427/1122 1787/1415/1110
f 1789/1417/1112 1801/1429/1124 1800/1428/1123 1788/1416/1111
f 1790/1418/1113 1802/1430/1125 1801/1429/1124 1789/1417/1112
f 1791/1419/1114 1803/1431/1126 1802/1430/1125 1790/1418/1113
f 1792/1420/1115 1804/1432/1115 1803/1431/1126 1791/1419/1114
f 1794/1421/1117 1806/1433/758 1805/1434/747 1793/1422/1105
f 1795/1423/1118 1807/1435/759 1806/1433/758 1794/1421/1117
f 1796/1424/1119 1808/1436/760 1807/1435/759 1795/1423/1118
f 1797/1425/1120 1809/1437/761 1808/1436/760 1796/1424/1119
f 1798/1426/1121 1810/1438/762 1809/1437/761 1797/1425/1120
f 1799/1427/1122 1811/1439/763 1810/1438/762 1798/1426/1121
f 1800/1428/1123 1812/1440/764 1811/1439/763 1799/1427/1122
f 1801/1429/1124 1813/1441/765 1812/1440/764 1800/1428/1123
f 1802/1430/1125 1814/1442/766 1813/1441/765 1801/1429/1124
f 1803/1431/1126 1815/1443/767 1814/1442/766 1802/1430/1125
f 1804/1432/1115 1816/1444/757 1815/1443/767 1803/1431/1126
f 1806/1433/758 1818/1195/746 1817/264/747 1805/1434/747
f 1807/1435/759 1819/1196/748 1818/1195/746 1806/1433/758
f 1808/1436/760 1820/1197/749 1819/1196/748 1807/1435/759
f 1809/1437/761 1821/1198/750 1820/1197/749 1808/1436/760
f 1810/1438/762 1822/1199/751 1821/1198/750 1809/1437/761
f 1811/1439/763 1823/1200/752 1822/1199/751 1810/1438/762
f 1812/1440/764 1824/1201/753 1823/1200/752 1811/1439/763
f 1813/1441/765 1825/1202/754 1824/1201/753 1812/1440/764
f 1814/1442/766 1826/1203/755 1825/1202/754 1813/1441/765
f 1815/1443/767 1827/1204/756 1826/1203/755 1814/1442/766
f 1816/1444/757 1828/1205/757 1827/1204/756 1815/1443/767
f 1818/1195/746 1830/1445/1104 1829/1446/1105 1817/264/747
f 1819/1196/748 1831/1447/1106 1830/1445/1104 1818/1195/746
f 1820/1197/749 1832/1448/1107 1831/1447/1106 1819/1196/748
f 1821/1198/750 1833/1449/1108 1832/1448/1107 1820/1197/749
f 1822/1199/751 1834/1450/1109 1833/1449/1108 1821/1198/750
f 1823/1200/752 1835/1451/1110 1834/1450/1109 1822/1199/751
f 1824/1201/753 1836/1452/1111 1835/1451/1110 1823/1200/752
f 1825/1202/754 1837/1453/1112 1836/1452/1111 1824/1201/753
f 1826/1203/755 1838/1454/1113 1837/1453/1112 1825/1202/754
f 1827/1204/756 1839/1455/1114 1838/1454/1113 1826/1203/755
f 1828/1205/757 1840/1456/1115 1839/1455/1114 1827/1204/756
f 1830/1445/1104 1842/1457/1117 1841/1458/1105 1829/1446/1105
f 1831/1447/1106 1843/1459/1118 1842/1457/1117 1830/1445/1104
f 1832/1448/1107 1844/1460/1119 1843/1459/1118 1831/1447/1106
f 1833/1449/1108 1845/1461/1120 1844/1460/1119 1832/1448/1107
f 1834/1450/1109 1846/1462/1121 1845/1461/1120 1833/1449/1108
f 1835/1451/1110 1847/1463/1122 1846/1462/1121 1834/1450/1109
f 1836/1452/1111 1848/1464/1123 1847/1463/1122 1835/1451/1110
f 1837/1453/1112 1849/1465/1124 1848/1464/1123 1836/1452/1111
f 1838/1454/1113 1850/1466/1125 1849/1465/1124 1837/1453/1112
f 1839/1455/1114 1851/1467/1126 1850/1466/1125 1838/1454/1113
f 1840/1456/1115 1852/1468/1115 1851/1467/1126 1839/1455/1114
f 1842/1457/1117 1854/1469/758 1853/1470/747 1841/1458/1105
f 1843/1459/1118 1855/1471/759 1854/1469/758 1842/1457/1117
f 1844/1460/1119 1856/1472/760 1855/1471/759 1843/1459/1118
f 1845/1461/1120 1857/1473/761 1856/1472/760 1844/1460/1119
f 1846/1462/1121 1858/1474/762 1857/1473/761 1845/1461/1120
f 1847/1463/1122 1859/1475/763 1858/1474/762 1846/1462/1121
f 1848/1464/1123 1860/1476/764 1859/1475/763 1847/1463/1122
f 1849/1465/1124 1861/1477/765 1860/1476/764 1848/1464/1123
f 1850/1466/1125 1862/1478/766 1861/1477/765 1849/1465/1124
f 1851/1467/1126 1863/1479/767 1862/1478/766 1850/1466/1125
f 1852/1468/1115 1864/1480/757 1863/1479/767 1851/1467/1126
f 1854/1469/758 1866/1302/768 1865/240/769 1853/1470/747
f 1855/1471/759 1867/1303/770 1866/1302/768 1854/1469/758
f 1856/1472/760 1868/1304/771 1867/1303/770 1855/1471/759
f 1857/1473/761 1869/1305/772 1868/1304/771 1856/1472/760
f 1858/1474/762 1870/1306/773 1869/1305/772 1857/1473/761
f 1859/1475/763 1871/1307/774 1870/1306/773 1858/1474/762
f 1860/1476/764 1872/1308/775 1871/1307/774 1859/1475/763
f 1861/1477/765 1873/1309/776 1872/1308/775 1860/1476/764
f 1862/1478/766 1874/1310/777 1873/1309/776 1861/1477/765
f 1863/1479/767 1875/1311/778 1874/1310/777 1862/1478/766
f 1864/1480/757 1876/1312/779 1875/1311/778 1863/1479/767
f 1866/1302/768 1878/1481/780 1877/1482/781 1865/240/769
f 1867/1303/770 1879/1483/782 1878/1481/780 1866/1302/768
f 1868/1304/771 1880/1484/783 1879/1483/782 1867/1303/770
f 1869/1305/772 1881/1485/784 1880/1484/783 1868/1304/771
f 1870/1306/773 1882/1486/785 1881/1485/784 1869/1305/772
f 1871/1307/774 1883/1487/786 1882/1486/785 1870/1306/773
f 1872/1308/775 1884/1488/787 1883/1487/786 1871/1307/774
f 1873/1309/776 1885/1489/788 1884/1488/787 1872/1308/775
f 1874/1310/777 1886/1490/789 1885/1489/788 1873/1309/776
f 1875/1311/778 1887/1491/790 1886/1490/789 1874/1310/777
f 1876/1312/779 1888/1492/791 1887/1491/790 1875/1311/778
f 1878/1481/780 1890/1493/1117 1889/1494/1105 1877/1482/781
f 1879/1483/782 1891/1495/1118 1890/1493/1117 1878/1481/780
f 1880/1484/783 1892/1496/1119 1891/1495/1118 1879/1483/782
f 1881/1485/784 1893/1497/1120 1892/1496/1119 1880/1484/783
f 1882/1486/785 1894/1498/1121 1893/1497/1120 1881/1485/784
f 1883/1487/786 1895/1499/1122 1894/1498/1121 1882/1486/785
f 1884/1488/787 1896/1500/1123 1895/1499/1122 1883/1487/786
f 1885/1489/788 1897/1501/1124 1896/1500/1123 1884/1488/787
f 1886/1490/789 1898/1502/1125 1897/1501/1124 1885/1489/788
f 1887/1491/790 1899/1503/1126 1898/1502/1125 1886/1490/789
f 1888/1492/791 1900/1504/1115 1899/1503/1126 1887/1491/790
f 1890/1493/1117 1902/1505/758 1901/1506/747 1889/1494/1105
f 1891/1495/1118 1903/1507/759 1902/1505/758 1890/1493/1117
f 1892/1496/1119 1904/1508/760 1903/1507/759 1891/1495/1118
f 1893/1497/1120 1905/1509/761 1904/1508/760 1892/1496/1119
f 1894/1498/1121 1906/1510/762 1905/1509/761 1893/1497/1120
f 1895/1499/1122 1907/1511/763 1906/1510/762 1894/1498/1121
f 1896/1500/1123 1908/1512/764 1907/1511/763 1895/1499/1122
f 1897/1501/1124 1909/1513/765 1908/1512/764 1896/1500/1123
f 1898/1502/1125 1910/1514/766 1909/1513/765 1897/1501/1124
f 1899/1503/1126 1911/1515/767 1910/1514/766 1898/1502/1125
f 1900/1504/1115 1912/1516/757 1911/1515/767 1899/1503/1126
f 1902/1505/758 1770/1088/746 1769/4/747 1901/1506/747
f 1903/1507/759 1771/1089/748 1770/1088/746 1902/1505/758
f 1904/1508/760 1772/1090/749 1771/1089/748 1903/1507/759
f 1905/1509/761 1773/1091/750 1772/1090/749 1904/1508/760
f 1906/1510/762 1774/1092/751 1773/1091/750 1905/1509/761
f 1907/1511/763 1775/1093/1116 1774/1092/751 1906/1510/762
f 1908/1512/764 1776/1094/753 1775/1093/1116 1907/1511/763
f 1909/1513/765 1777/1095/754 1776/1094/753 1908/1512/764
f 1910/1514/766 1778/1096/755 1777/1095/754 1909/1513/765
f 1911/1515/767 1779/1097/756 1778/1096/755 1910/1514/766
f 1912/1516/757 1780/1098/757 1779/1097/756 1911/1515/767
f 1914/285/1127 1926/1517/1128 1925/1518/1129 1913/7/1130
f 1915/288/1131 1927/1519/1132 1926/1517/1128 1914/285/1127
f 1916/290/1133 1928/1520/1134 1927/1519/1132 1915/288/1131
f 1917/292/1135 1929/1521/1136 1928/1520/1134 1916/290/1133
f 1918/294/1137 1930/1522/1138 1929/1521/1136 1917/292/1135
f 1919/296/1139 1931/1523/1140 1930/1522/1138 1918/294/1137
f 1920/298/1141 1932/1524/1142 1931/1523/1140 1919/296/1139
f 1921/300/1143 1933/1525/1144 1932/1524/1142 1920/298/1141
f 1922/302/1145 1934/1526/1146 1933/1525/1144 1921/300/1143
f 1923/304/1147 1935/1527/1148 1934/1526/1146 1922/302/1145
f 1924/306/1149 1936/1528/1150 1935/1527/1148 1923/304/1147
f 1926/1517/1128 1938/1529/1151 1937/1530/1152 1925/1518/1129
f 1927/1519/1132 1939/1531/1153 1938/1529/1151 1926/1517/1128
f 1928/1520/1134 1940/1532/1154 1939/1531/1153 1927/1519/1132
f 1929/1521/1136 1941/1533/1155 1940/1532/1154 1928/1520/1134
f 1930/1522/1138 1942/1534/1156 1941/1533/1155 1929/1521/1136
f 1931/1523/1140 1943/1535/1157 1942/1534/1156 1930/1522/1138
f 1932/1524/1142 1944/1536/1158 1943/1535/1157 1931/1523/1140
f 1933/1525/1144 1945/1537/1159 1944/1536/1158 1932/1524/1142
f 1934/1526/1146 1946/1538/1160 1945/1537/1159 1933/1525/1144
f 1935/1527/1148 1947/1539/1161 1946/1538/1160 1934/1526/1146
f 1936/1528/1150 1948/1540/1162 1947/1539/1161 1935/1527/1148
f 1938/1529/1151 1950/1541/1163 1949/1542/1164 1937/1530/1152
f 1939/1531/1153 1951/1543/1165 1950/1541/1163 1938/1529/1151
f 1940/1532/1154 1952/1544/1166 1951/1543/1165 1939/1531/1153
f 1941/1533/1155 1953/1545/1167 1952/1544/1166 1940/1532/1154
f 1942/1534/1156 1954/1546/1168 1953/1545/1167 1941/1533/1155
f 1943/1535/1157 1955/1547/1169 1954/1546/1168 1942/1534/1156
f 1944/1536/1158 1956/1548/1170 1955/1547/1169 1943/1535/1157
f 1945/1537/1159 1957/1549/1171 1956/1548/1170 1944/1536/1158
f 1946/1538/1160 1958/1550/1172 1957/1549/1171 1945/1537/1159
f 1947/1539/1161 1959/1551/1173 1958/1550/1172 1946/1538/1160
f 1948/1540/1162 1960/1552/1174 1959/1551/1173 1947/1539/1161
f 1950/1541/1163 1962/1553/1175 1961/1554/1176 1949/1542/1164
f 1951/1543/1165 1963/1555/1177 1962/1553/1175 1950/1541/1163
f 1952/1544/1166 1964/1556/1178 1963/1555/1177 1951/1543/1165
f 1953/1545/1167 1965/1557/1179 1964/1556/1178 1952/1544/1166
f 1954/1546/1168 1966/1558/1180 1965/1557/1179 1953/1545/1167
f 1955/1547/1169 1967/1559/1181 1966/1558/1180 1954/1546/1168
f 1956/1548/1170 1968/1560/1182 1967/1559/1181 1955/1547/1169
f 1957/1549/1171 1969/1561/1183 1968/1560/1182 1956/1548/1170
f 1958/1550/1172 1970/1562/1184 1969/1561/1183 1957/1549/1171
f 1959/1551/1173 1971/1563/1185 1970/1562/1184 1958/1550/1172
f 1960/1552/1174 1972/1564/1186 1971/1563/1185 1959/1551/1173
f 1962/1553/1175 1974/1565/1187 1973/1566/1188 1961/1554/1176
f 1963/1555/1177 1975/1567/1189 1974/1565/1187 1962/1553/1175
f 1964/1556/1178 1976/1568/1190 1975/1567/1189 1963/1555/1177
f 1965/1557/1179 1977/1569/1191 1976/1568/1190 1964/1556/1178
f 1966/1558/1180 1978/1570/1192 1977/1569/1191 1965/1557/1179
f 1967/1559/1181 1979/1571/1193 1978/1570/1192 1966/1558/1180
f 1968/1560/1182 1980/1572/1194 1979/1571/1193 1967/1559/1181
f 1969/1561/1183 1981/1573/1195 1980/1572/1194 1968/1560/1182
f 1970/1562/1184 1982/1574/1196 1981/1573/1195 1969/1561/1183
f 1971/1563/1185 1983/1575/1197 1982/1574/1196 1970/1562/1184
f 1972/1564/1186 1984/1576/1198 1983/1575/1197 1971/1563/1185
f 1974/1565/1187 1986/1577/1199 1985/1578/1200 1973/1566/1188
f 1975/1567/1189 1987/1579/1201 1986/1577/1199 1974/1565/1187
f 1976/1568/1190 1988/1580/1202 1987/1579/1201 1975/1567/1189
f 1977/1569/1191 1989/1581/1203 1988/1580/1202 1976/1568/1190
f 1978/1570/1192 1990/1582/1204 1989/1581/1203 1977/1569/1191
f 1979/1571/1193 1991/1583/1205 1990/1582/1204 1978/1570/1192
f 1980/1572/1194 1992/1584/1206 1991/1583/1205 1979/1571/1193
f 1981/1573/1195 1993/1585/1207 1992/1584/1206 1980/1572/1194
f 1982/1574/1196 1994/1586/1208 1993/1585/1207 1981/1573/1195
f 1983/1575/1197 1995/1587/1209 1994/1586/1208 1982/1574/1196
f 1984/1576/1198 1996/1588/1210 1995/1587/1209 1983/1575/1197
f 1986/1577/1199 1998/1589/1211 1997/1590/1212 1985/1578/1200
f 1987/1579/1201 1999/1591/1213 1998/1589/1211 1986/1577/1199
f 1988/1580/1202 2000/1592/1214 1999/1591/1213 1987/1579/1201
f 1989/1581/1203 2001/1593/1215 2000/1592/1214 1988/1580/1202
f 1990/1582/1204 2002/1594/1216 2001/1593/1215 1989/1581/1203
f 1991/1583/1205 2003/1595/1217 2002/1594/1216 1990/1582/1204
f 1992/1584/1206 2004/1596/1218 2003/1595/1217 1991/1583/1205
f 1993/1585/1207 2005/1597/1219 2004/1596/1218 1992/1584/1206
f 1994/1586/1208 2006/1598/1220 2005/1597/1219 1993/1585/1207
f 1995/1587/1209 2007/1599/1221 2006/1598/1220 1994/1586/1208
f 1996/1588/1210 2008/1600/1222 2007/1599/1221 1995/1587/1209
f 1998/1589/1211 2010/1601/1223 2009/1602/1224 1997/1590/1212
f 1999/1591/1213 2011/1603/1225 2010/1601/1223 1998/1589/1211
f 2000/1592/1214 2012/1604/1226 2011/1603/1225 1999/1591/1213
f 2001/1593/1215 2013/1605/1227 2012/1604/1226 2000/1592/1214
f 2002/1594/1216 2014/1606/1228 2013/1605/1227 2001/1593/1215
f 2003/1595/1217 2015/1607/1229 2014/1606/1228 2002/1594/1216
f 2004/1596/1218 2016/1608/1230 2015/1607/1229 2003/1595/1217
f 2005/1597/1219 2017/1609/1231 2016/1608/1230 2004/1596/1218
f 2006/1598/1220 2018/1610/1232 2017/1609/1231 2005/1597/1219
f 2007/1599/1221 2019/1611/1233 2018/1610/1232 2006/1598/1220
f 2008/1600/1222 2020/1612/1234 2019/1611/1233 2007/1599/1221
f 2010/1601/1223 2022/1613/1235 2021/1614/1236 2009/1602/1224
f 2011/1603/1225 2023/1615/1237 2022/1613/1235 2010/1601/1223
f 2012/1604/1226 2024/1616/1238 2023/1615/1237 2011/1603/1225
f 2013/1605/1227 2025/1617/1239 2024/1616/1238 2012/1604/1226
f 2014/1606/1228 2026/1618/1240 2025/1617/1239 2013/1605/1227
f 2015/1607/1229 2027/1619/1241 2026/1618/1240 2014/1606/1228
f 2016/1608/1230 2028/1620/1242 2027/1619/1241 2015/1607/1229
f 2017/1609/1231 2029/1621/1243 2028/1620/1242 2016/1608/1230
f 2018/1610/1232 2030/1622/1244 2029/1621/1243 2017/1609/1231
f 2019/1611/1233 2031/1623/1245 2030/1622/1244 2018/1610/1232
f 2020/1612/1234 2032/1624/1246 2031/1623/1245 2019/1611/1233
f 2022/1613/1235 2034/1625/1247 2033/1626/1248 2021/1614/1236
f 2023/1615/1237 2035/1627/1249 2034/1625/1247 2022/1613/1235
f 2024/1616/1238 2036/1628/1250 2035/1627/1249 2023/1615/1237
f 2025/1617/1239 2037/1629/1251 2036/1628/1250 2024/1616/1238
f 2026/1618/1240 2038/1630/1252 2037/1629/1251 2025/1617/1239
f 2027/1619/1241 2039/1631/1253 2038/1630/1252 2026/1618/1240
f 2028/1620/1242 2040/1632/1254 2039/1631/1253 2027/1619/1241
f 2029/1621/1243 2041/1633/1255 2040/1632/1254 2028/1620/1242
f 2030/1622/1244 2042/1634/1256 2041/1633/1255 2029/1621/1243
f 2031/1623/1245 2043/1635/1257 2042/1634/1256 2030/1622/1244
f 2032/1624/1246 2044/1636/1258 2043/1635/1257 2031/1623/1245
f 2034/1625/1247 2046/1637/1259 2045/1638/1260 2033/1626/1248
f 2035/1627/1249 2047/1639/1261 2046/1637/1259 2034/1625/1247
f 2036/1628/1250 2048/1640/1262 2047/1639/1261 2035/1627/1249
f 2037/1629/1251 2049/1641/1263 2048/1640/1262 2036/1628/1250
f 2038/1630/1252 2050/1642/1264 2049/1641/1263 2037/1629/1251
f 2039/1631/1253 2051/1643/1265 2050/1642/1264 2038/1630/1252
f 2040/1632/1254 2052/1644/1266 2051/1643/1265 2039/1631/1253
f 2041/1633/1255 2053/1645/1267 2052/1644/1266 2040/1632/1254
f 2042/1634/1256 2054/1646/1268 2053/1645/1267 2041/1633/1255
f 2043/1635/1257 2055/1647/1269 2054/1646/1268 2042/1634/1256
f 2044/1636/1258 2056/1648/1270 2055/1647/1269 2043/1635/1257
f 2046/1637/1259 2058/1649/1271 2057/1650/1272 2045/1638/1260
f 2047/1639/1261 2059/1651/1273 2058/1649/1271 2046/1637/1259
f 2048/1640/1262 2060/1652/1274 2059/1651/1273 2047/1639/1261
f 2049/1641/1263 2061/1653/1275 2060/1652/1274 2048/1640/1262
f 2050/1642/1264 2062/1654/1276 2061/1653/1275 2049/1641/1263
f 2051/1643/1265 2063/1655/1277 2062/1654/1276 2050/1642/1264
f 2052/1644/1266 2064/1656/1278 2063/1655/1277 2051/1643/1265
f 2053/1645/1267 2065/1657/1279 2064/1656/1278 2052/1644/1266
f 2054/1646/1268 2066/1658/1280 2065/1657/1279 2053/1645/1267
f 2055/1647/1269 2067/1659/1281 2066/1658/1280 2054/1646/1268
f 2056/1648/1270 2068/1660/1282 2067/1659/1281 2055/1647/1269
f 2058/1649/1271 2070/1661/1283 2069/1662/1284 2057/1650/1272
f 2059/1651/1273 2071/1663/1285 2070/1661/1283 2058/1649/1271
f 2060/1652/1274 2072/1664/1286 2071/1663/1285 2059/1651/1273
f 2061/1653/1275 2073/1665/1287 2072/1664/1286 2060/1652/1274
f 2062/1654/1276 2074/1666/1288 2073/1665/1287 2061/1653/1275
f 2063/1655/1277 2075/1667/1289 2074/1666/1288 2062/1654/1276
f 2064/1656/1278 2076/1668/1290 2075/1667/1289 2063/1655/1277
f 2065/1657/1279 2077/1669/1291 2076/1668/1290 2064/1656/1278
f 2066/1658/1280 2078/1670/1292 2077/1669/1291 2065/1657/1279
f 2067/1659/1281 2079/1671/1293 2078/1670/1292 2066/1658/1280
f 2068/1660/1282 2080/1672/1294 2079/1671/1293 2067/1659/1281
f 2070/1661/1283 2082/1673/1295 2081/1674/1296 2069/1662/1284
f 2071/1663/1285 2083/1675/1297 2082/1673/1295 2070/1661/1283
f 2072/1664/1286 2084/1676/1298 2083/1675/1297 2071/1663/1285
f 2073/1665/1287 2085/1677/1299 2084/1676/1298 2072/1664/1286
f 2074/1666/1288 2086/1678/1300 2085/1677/1299 2073/1665/1287
f 2075/1667/1289 2087/1679/1301 2086/1678/1300 2074/1666/1288
f 2076/1668/1290 2088/1680/1302 2087/1679/1301 2075/1667/1289
f 2077/1669/1291 2089/1681/1303 2088/1680/1302 2076/1668/1290
f 2078/1670/1292 2090/1682/1304 2089/1681/1303 2077/1669/1291
f 2079/1671/1293 2091/1683/1305 2090/1682/1304 2078/1670/1292
f 2080/1672/1294 2092/1684/1306 2091/1683/1305 2079/1671/1293
f 2082/1673/1295 2094/1685/1307 2093/1686/1308 2081/1674/1296
f 2083/1675/1297 2095/1687/1309 2094/1685/1307 2082/1673/1295
f 2084/1676/1298 2096/1688/1310 2095/1687/1309 2083/1675/1297
f 2085/1677/1299 2097/1689/1311 2096/1688/1310 2084/1676/1298
f 2086/1678/1300 2098/1690/1312 2097/1689/1311 2085/1677/1299
f 2087/1679/1301 2099/1691/1313 2098/1690/1312 2086/1678/1300
f 2088/1680/1302 2100/1692/1314 2099/1691/1313 2087/1679/1301
f 2089/1681/1303 2101/1693/1315 2100/1692/1314 2088/1680/1302
f 2090/1682/1304 2102/1694/1316 2101/1693/1315 2089/1681/1303
f 2091/1683/1305 2103/1695/1317 2102/1694/1316 2090/1682/1304
f 2092/1684/1306 2104/1696/1318 2103/1695/1317 2091/1683/1305
f 2094/1685/1307 2106/1697/1319 2105/1698/1320 2093/1686/1308
f 2095/1687/1309 2107/1699/1321 2106/1697/1319 2094/1685/1307
f 2096/1688/1310 2108/1700/1322 2107/1699/1321 2095/1687/1309
f 2097/1689/1311 2109/1701/1323 2108/1700/1322 2096/1688/1310
f 2098/1690/1312 2110/1702/1324 2109/1701/1323 2097/1689/1311
f 2099/1691/1313 2111/1703/1325 2110/1702/1324 2098/1690/1312
f 2100/1692/1314 2112/1704/1326 2111/1703/1325 2099/1691/1313
f 2101/1693/1315 2113/1705/1327 2112/1704/1326 2100/1692/1314
f 2102/1694/1316 2114/1706/1328 2113/1705/1327 2101/1693/1315
f 2103/1695/1317 2115/1707/1329 2114/1706/1328 2102/1694/1316
f 2104/1696/1318 2116/1708/1330 2115/1707/1329 2103/1695/1317
f 2106/1697/1319 2118/1709/1331 2117/1710/1332 2105/1698/1320
f 2107/1699/1321 2119/1711/1333 2118/1709/1331 2106/1697/1319
f 2108/1700/1322 2120/1712/1334 2119/1711/1333 2107/1699/1321
f 2109/1701/1323 2121/1713/1335 2120/1712/1334 2108/1700/1322
f 2110/1702/1324 2122/1714/1336 2121/1713/1335 2109/1701/1323
f 2111/1703/1325 2123/1715/1337 2122/1714/1336 2110/1702/1324
f 2112/1704/1326 2124/1716/1338 2123/1715/1337 2111/1703/1325
f 2113/1705/1327 2125/1717/1339 2124/1716/1338 2112/1704/1326
f 2114/1706/1328 2126/1718/1340 2125/1717/1339 2113/1705/1327
f 2115/1707/1329 2127/1719/1341 2126/1718/1340 2114/1706/1328
f 2116/1708/1330 2128/1720/1342 2127/1719/1341 2115/1707/1329
f 2118/1709/1331 2130/1721/1343 2129/1722/1344 2117/1710/1332
f 2119/1711/1333 2131/1723/1345 2130/1721/1343 2118/1709/1331
f 2120/1712/1334 2132/1724/1346 2131/1723/1345 2119/1711/1333
f 2121/1713/1335 2133/1725/1347 2132/1724/1346 2120/1712/1334
f 2122/1714/1336 2134/1726/1348 2133/1725/1347 2121/1713/1335
f 2123/1715/1337 2135/1727/1349 2134/1726/1348 2122/1714/1336
f 2124/1716/1338 2136/1728/1350 2135/1727/1349 2123/1715/1337
f 2125/1717/1339 2137/1729/1351 2136/1728/1350 2124/1716/1338
f 2126/1718/1340 2138/1730/1352 2137/1729/1351 2125/1717/1339
f 2127/1719/1341 2139/1731/1353 2138/1730/1352 2126/1718/1340
f 2128/1720/1342 2140/1732/1354 2139/1731/1353 2127/1719/1341
f 2130/1721/1343 2142/1733/1355 2141/1734/1356 2129/1722/1344
f 2131/1723/1345 2143/1735/1357 2142/1733/1355 2130/1721/1343
f 2132/1724/1346 2144/1736/1358 2143/1735/1357 2131/1723/1345
f 2133/1725/1347 2145/1737/1359 2144/1736/1358 2132/1724/1346
f 2134/1726/1348 2146/1738/1360 2145/1737/1359 2133/1725/1347
f 2135/1727/1349 2147/1739/1361 2146/1738/1360 2134/1726/1348
f 2136/1728/1350 2148/1740/1362 2147/1739/1361 2135/1727/1349
f 2137/1729/1351 2149/1741/1363 2148/1740/1362 2136/1728/1350
f 2138/1730/1352 2150/1742/1364 2149/1741/1363 2137/1729/1351
f 2139/1731/1353 2151/1743/1365 2150/1742/1364 2138/1730/1352
f 2140/1732/1354 2152/1744/1366 2151/1743/1365 2139/1731/1353
f 2142/1733/1355 2154/1745/1367 2153/1746/1368 2141/1734/1356
f 2143/1735/1357 2155/1747/1369 2154/1745/1367 2142/1733/1355
f 2144/1736/1358 2156/1748/1370 2155/1747/1369 2143/1735/1357
f 2145/1737/1359 2157/1749/1371 2156/1748/1370 2144/1736/1358
f 2146/1738/1360 2158/1750/1372 2157/1749/1371 2145/1737/1359
f 2147/1739/1361 2159/1751/1373 2158/1750/1372 2146/1738/1360
f 2148/1740/1362 2160/1752/1374 2159/1751/1373 2147/1739/1361
f 2149/1741/1363 2161/1753/1375 2160/1752/1374 2148/1740/1362
f 2150/1742/1364 2162/1754/1376 2161/1753/1375 2149/1741/1363
f 2151/1743/1365 2163/1755/1377 2162/1754/1376 2150/1742/1364
f 2152/1744/1366 2164/1756/1378 2163/1755/1377 2151/1743/1365
f 2154/1745/1367 2166/1757/1379 2165/1758/1380 2153/1746/1368
f 2155/1747/1369 2167/1759/1381 2166/1757/1379 2154/1745/1367
f 2156/1748/1370 2168/1760/1382 2167/1759/1381 2155/1747/1369
f 2157/1749/1371 2169/1761/1383 2168/1760/1382 2156/1748/1370
f 2158/1750/1372 2170/1762/1384 2169/1761/1383 2157/1749/1371
f 2159/1751/1373 2171/1763/1385 2170/1762/1384 2158/1750/1372
f 2160/1752/1374 2172/1764/1386 2171/1763/1385 2159/1751/1373
f 2161/1753/1375 2173/1765/1387 2172/1764/1386 2160/1752/1374
f 2162/1754/1376 2174/1766/1388 2173/1765/1387 2161/1753/1375
f 2163/1755/1377 2175/1767/1389 2174/1766/1388 2162/1754/1376
f 2164/1756/1378 2176/1768/1390 2175/1767/1389 2163/1755/1377
f 2166/1757/1379 2178/1769/1391 2177/1770/1392 2165/1758/1380
f 2167/1759/1381 2179/1771/1393 2178/1769/1391 2166/1757/1379
f 2168/1760/1382 2180/1772/1394 2179/1771/1393 2167/1759/1381
f 2169/1761/1383 2181/1773/1395 2180/1772/1394 2168/1760/1382
f 2170/1762/1384 2182/1774/1396 2181/1773/1395 2169/1761/1383
f 2171/1763/1385 2183/1775/1397 2182/1774/1396 2170/1762/1384
f 2172/1764/1386 2184/1776/1398 2183/1775/1397 2171/1763/1385
f 2173/1765/1387 2185/1777/1399 2184/1776/1398 2172/1764/1386
f 2174/1766/1388 2186/1778/1400 2185/1777/1399 2173/1765/1387
f 2175/1767/1389 2187/1779/1401 2186/1778/1400 2174/1766/1388
f 2176/1768/1390 2188/1780/1402 2187/1779/1401 2175/1767/1389
f 2178/1769/1391 2190/1781/1403 2189/1782/1404 2177/1770/1392
f 2179/1771/1393 2191/1783/1405 2190/1781/1403 2178/1769/1391
f 2180/1772/1394 2192/1784/1406 2191/1783/1405 2179/1771/1393
f 2181/1773/1395 2193/1785/1407 2192/1784/1406 2180/1772/1394
f 2182/1774/1396 2194/1786/1408 2193/1785/1407 2181/1773/1395
f 2183/1775/1397 2195/1787/1409 2194/1786/1408 2182/1774/1396
f 2184/1776/1398 2196/1788/1410 2195/1787/1409 2183/1775/1397
f 2185/1777/1399 2197/1789/1411 2196/1788/1410 2184/1776/1398
f 2186/1778/1400 2198/1790/1412 2197/1789/1411 2185/1777/1399
f 2187/1779/1401 2199/1791/1413 2198/1790/1412 2186/1778/1400
f 2188/1780/1402 2200/1792/1414 2199/1791/1413 2187/1779/1401
f 2190/1781/1403 2202/1793/1415 2201/1794/1416 2189/1782/1404
f 2191/1783/1405 2203/1795/1417 2202/1793/1415 2190/1781/1403
f 2192/1784/1406 2204/1796/1418 2203/1795/1417 2191/1783/1405
f 2193/1785/1407 2205/1797/1419 2204/1796/1418 2192/1784/1406
f 2194/1786/1408 2206/1798/1420 2205/1797/1419 2193/1785/1407
f 2195/1787/1409 2207/1799/1421 2206/1798/1420 2194/1786/1408
f 2196/1788/1410 2208/1800/1422 2207/1799/1421 2195/1787/1409
f 2197/1789/1411 2209/1801/1423 2208/1800/1422 2196/1788/1410
f 2198/1790/1412 2210/1802/1424 2209/1801/1423 2197/1789/1411
f 2199/1791/1413 2211/1803/1425 2210/1802/1424 2198/1790/1412
f 2200/1792/1414 2212/1804/1426 2211/1803/1425 2199/1791/1413
f 2202/1793/1415 2214/1805/1427 2213/1806/1428 2201/1794/1416
f 2203/1795/1417 2215/1807/1429 2214/1805/1427 2202/1793/1415
f 2204/1796/1418 2216/1808/1430 2215/1807/1429 2203/1795/1417
f 2205/1797/1419 2217/1809/1431 2216/1808/1430 2204/1796/1418
f 2206/1798/1420 2218/1810/1432 2217/1809/1431 2205/1797/1419
f 2207/1799/1421 2219/1811/1433 2218/1810/1432 2206/1798/1420
f 2208/1800/1422 2220/1812/1434 2219/1811/1433 2207/1799/1421
f 2209/1801/1423 2221/1813/1435 2220/1812/1434 2208/1800/1422
f 2210/1802/1424 2222/1814/1436 2221/1813/1435 2209/1801/1423
f 2211/1803/1425 2223/1815/1437 2222/1814/1436 2210/1802/1424
f 2212/1804/1426 2224/1816/1438 2223/1815/1437 2211/1803/1425
f 2214/1805/1427 2226/1817/1439 2225/1818/1440 2213/1806/1428
f 2215/1807/1429 2227/1819/1441 2226/1817/1439 2214/1805/1427
f 2216/1808/1430 2228/1820/1442 2227/1819/1441 2215/1807/1429
f 2217/1809/1431 2229/1821/1443 2228/1820/1442 2216/1808/1430
f 2218/1810/1432 2230/1822/1444 2229/1821/1443 2217/1809/1431
f 2219/1811/1433 2231/1823/1445 2230/1822/1444 2218/1810/1432
f 2220/1812/1434 2232/1824/1446 2231/1823/1445 2219/1811/1433
f 2221/1813/1435 2233/1825/1447 2232/1824/1446 2220/1812/1434
f 2222/1814/1436 2234/1826/1448 2233/1825/1447 2221/1813/1435
f 2223/1815/1437 2235/1827/1449 2234/1826/1448 2222/1814/1436
f 2224/1816/1438 2236/1828/1450 2235/1827/1449 2223/1815/1437
f 2226/1817/1439 2238/1829/1451 2237/1830/1452 2225/1818/1440
f 2227/1819/1441 2239/1831/1453 2238/1829/1451 2226/1817/1439
f 2228/1820/1442 2240/1832/1454 2239/1831/1453 2227/1819/1441
f 2229/1821/1443 2241/1833/1455 2240/1832/1454 2228/1820/1442
f 2230/1822/1444 2242/1834/1456 2241/1833/1455 2229/1821/1443
f 2231/1823/1445 2243/1835/1457 2242/1834/1456 2230/1822/1444
f 2232/1824/1446 2244/1836/1458 2243/1835/1457 2231/1823/1445
f 2233/1825/1447 2245/1837/1459 2244/1836/1458 2232/1824/1446
f 2234/1826/1448 2246/1838/1460 2245/1837/1459 2233/1825/1447
f 2235/1827/1449 2247/1839/1461 2246/1838/1460 2234/1826/1448
f 2236/1828/1450 2248/1840/1462 2247/1839/1461 2235/1827/1449
f 2238/1829/1451 2250/1841/1463 2249/1842/1464 2237/1830/1452
f 2239/1831/1453 2251/1843/1465 2250/1841/1463 2238/1829/1451
f 2240/1832/1454 2252/1844/1466 2251/1843/1465 2239/1831/1453
f 2241/1833/1455 2253/1845/1467 2252/1844/1466 2240/1832/1454
f 2242/1834/1456 2254/1846/1468 2253/1845/1467 2241/1833/1455
f 2243/1835/1457 2255/1847/1469 2254/1846/1468 2242/1834/1456
f 2244/1836/1458 2256/1848/1470 2255/1847/1469 2243/1835/1457
f 2245/1837/1459 2257/1849/1471 2256/1848/1470 2244/1836/1458
f 2246/1838/1460 2258/1850/1472 2257/1849/1471 2245/1837/1459
f 2247/1839/1461 2259/1851/1473 2258/1850/1472 2246/1838/1460
f 2248/1840/1462 2260/1852/1474 2259/1851/1473 2247/1839/1461
f 2250/1841/1463 2262/1853/1475 2261/1854/1476 2249/1842/1464
f 2251/1843/1465 2263/1855/1477 2262/1853/1475 2250/1841/1463
f 2252/1844/1466 2264/1856/1478 2263/1855/1477 2251/1843/1465
f 2253/1845/1467 2265/1857/1479 2264/1856/1478 2252/1844/1466
f 2254/1846/1468 2266/1858/1480 2265/1857/1479 2253/1845/1467
f 2255/1847/1469 2267/1859/1481 2266/1858/1480 2254/1846/1468
f 2256/1848/1470 2268/1860/1482 2267/1859/1481 2255/1847/1469
f 2257/1849/1471 2269/1861/1483 2268/1860/1482 2256/1848/1470
f 2258/1850/1472 2270/1862/1484 2269/1861/1483 2257/1849/1471
f 2259/1851/1473 2271/1863/1485 2270/1862/1484 2258/1850/1472
f 2260/1852/1474 2272/1864/1486 2271/1863/1485 2259/1851/1473
f 2262/1853/1475 2274/1865/1487 2273/1866/1488 2261/1854/1476
f 2263/1855/1477 2275/1867/1489 2274/1865/1487 2262/1853/1475
f 2264/1856/1478 2276/1868/1490 2275/1867/1489 2263/1855/1477
f 2265/1857/1479 2277/1869/1491 2276/1868/1490 2264/1856/1478
f 2266/1858/1480 2278/1870/1492 2277/1869/1491 2265/1857/1479
f 2267/1859/1481 2279/1871/1493 2278/1870/1492 2266/1858/1480
f 2268/1860/1482 2280/1872/1494 2279/1871/1493 2267/1859/1481
f 2269/1861/1483 2281/1873/1495 2280/1872/1494 2268/1860/1482
f 2270/1862/1484 2282/1874/1496 2281/1873/1495 2269/1861/1483
f 2271/1863/1485 2283/1875/1497 2282/1874/1496 2270/1862/1484
f 2272/1864/1486 2284/1876/1498 2283/1875/1497 2271/1863/1485
f 2274/1865/1487 2286/1877/1499 2285/1878/1500 2273/1866/1488
f 2275/1867/1489 2287/1879/1501 2286/1877/1499 2274/1865/1487
f 2276/1868/1490 2288/1880/1502 2287/1879/1501 2275/1867/1489
f 2277/1869/1491 2289/1881/1503 2288/1880/1502 2276/1868/1490
f 2278/1870/1492 2290/1882/1504 2289/1881/1503 2277/1869/1491
f 2279/1871/1493 2291/1883/1505 2290/1882/1504 2278/1870/1492
f 2280/1872/1494 2292/1884/1506 2291/1883/1505 2279/1871/1493
f 2281/1873/1495 2293/1885/1507 2292/1884/1506 2280/1872/1494
f 2282/1874/1496 2294/1886/1508 2293/1885/1507 2281/1873/1495
f 2283/1875/1497 2295/1887/1509 2294/1886/1508 2282/1874/1496
f 2284/1876/1498 2296/1888/1510 2295/1887/1509 2283/1875/1497
f 2286/1877/1499 2298/1889/1511 2297/1890/1512 2285/1878/1500
f 2287/1879/1501 2299/1891/1513 2298/1889/1511 2286/1877/1499
f 2288/1880/1502 2300/1892/1514 2299/1891/1513 2287/1879/1501
f 2289/1881/1503 2301/1893/1515 2300/1892/1514 2288/1880/1502
f 2290/1882/1504 2302/1894/1516 2301/1893/1515 2289/1881/1503
f 2291/1883/1505 2303/1895/1517 2302/1894/1516 2290/1882/1504
f 2292/1884/1506 2304/1896/1518 2303/1895/1517 2291/1883/1505
f 2293/1885/1507 2305/1897/1519 2304/1896/1518 2292/1884/1506
f 2294/1886/1508 2306/1898/1520 2305/1897/1519 2293/1885/1507
f 2295/1887/1509 2307/1899/1521 2306/1898/1520 2294/1886/1508
f 2296/1888/1510 2308/1900/1522 2307/1899/1521 2295/1887/1509
f 2298/1889/1511 2310/1901/1523 2309/1902/1524 2297/1890/1512
f 2299/1891/1513 2311/1903/1525 2310/1901/1523 2298/1889/1511
f 2300/1892/1514 2312/1904/1526 2311/1903/1525 2299/1891/1513
f 2301/1893/1515 2313/1905/1527 2312/1904/1526 2300/1892/1514
f 2302/1894/1516 2314/1906/1528 2313/1905/1527 2301/1893/1515
f 2303/1895/1517 2315/1907/1529 2314/1906/1528 2302/1894/1516
f 2304/1896/1518 2316/1908/1530 2315/1907/1529 2303/1895/1517
f 2305/1897/1519 2317/1909/1531 2316/1908/1530 2304/1896/1518
f 2306/1898/1520 2318/1910/1532 2317/1909/1531 2305/1897/1519
f 2307/1899/1521 2319/1911/1533 2318/1910/1532 2306/1898/1520
f 2308/1900/1522 2320/1912/1534 2319/1911/1533 2307/1899/1521
f 2310/1901/1523 2322/1913/1535 2321/1914/1536 2309/1902/1524
f 2311/1903/1525 2323/1915/1537 2322/1913/1535 2310/1901/1523
f 2312/1904/1526 2324/1916/1538 2323/1915/1537 2311/1903/1525
f 2313/1905/1527 2325/1917/1539 2324/1916/1538 2312/1904/1526
f 2314/1906/1528 2326/1918/1540 2325/1917/1539 2313/1905/1527
f 2315/1907/1529 2327/1919/1541 2326/1918/1540 2314/1906/1528
f 2316/1908/1530 2328/1920/1542 2327/1919/1541 2315/1907/1529
f 2317/1909/1531 2329/1921/1543 2328/1920/1542 2316/1908/1530
f 2318/1910/1532 2330/1922/1544 2329/1921/1543 2317/1909/1531
f 2319/1911/1533 2331/1923/1545 2330/1922/1544 2318/1910/1532
f 2320/1912/1534 2332/1924/1546 2331/1923/1545 2319/1911/1533
f 2322/1913/1535 2334/1925/1547 2333/1926/1548 2321/1914/1536
f 2323/1915/1537 2335/1927/1549 2334/1925/1547 2322/1913/1535
f 2324/1916/1538 2336/1928/1550 2335/1927/1549 2323/1915/1537
f 2325/1917/1539 2337/1929/1551 2336/1928/1550 2324/1916/1538
f 2326/1918/1540 2338/1930/1552 2337/1929/1551 2325/1917/1539
f 2327/1919/1541 2339/1931/1553 2338/1930/1552 2326/1918/1540
f 2328/1920/1542 2340/1932/1554 2339/1931/1553 2327/1919/1541
f 2329/1921/1543 2341/1933/1555 2340/1932/1554 2328/1920/1542
f 2330/1922/1544 2342/1934/1556 2341/1933/1555 2329/1921/1543
f 2331/1923/1545 2343/1935/1557 2342/1934/1556 2330/1922/1544
f 2332/1924/1546 2344/1936/1558 2343/1935/1557 2331/1923/1545
f 2334/1925/1547 2346/1937/1559 2345/1938/1560 2333/1926/1548
f 2335/1927/1549 2347/1939/1561 2346/1937/1559 2334/1925/1547
f 2336/1928/1550 2348/1940/1562 2347/1939/1561 2335/1927/1549
f 2337/1929/1551 2349/1941/1563 2348/1940/1562 2336/1928/1550
f 2338/1930/1552 2350/1942/1564 2349/1941/1563 2337/1929/1551
f 2339/1931/1553 2351/1943/1565 2350/1942/1564 2338/1930/1552
f 2340/1932/1554 2352/1944/1566 2351/1943/1565 2339/1931/1553
f 2341/1933/1555 2353/1945/1567 2352/1944/1566 2340/1932/1554
f 2342/1934/1556 2354/1946/1568 2353/1945/1567 2341/1933/1555
f 2343/1935/1557 2355/1947/1569 2354/1946/1568 2342/1934/1556
f 2344/1936/1558 2356/1948/1570 2355/1947/1569 2343/1935/1557
f 2346/1937/1559 2358/1949/1571 2357/1950/1572 2345/1938/1560
f 2347/1939/1561 2359/1951/1573 2358/1949/1571 2346/1937/1559
f 2348/1940/1562 2360/1952/1574 2359/1951/1573 2347/1939/1561
f 2349/1941/1563 2361/1953/1575 2360/1952/1574 2348/1940/1562
f 2350/1942/1564 2362/1954/1576 2361/1953/1575 2349/1941/1563
f 2351/1943/1565 2363/1955/1577 2362/1954/1576 2350/1942/1564
f 2352/1944/1566 2364/1956/1578 2363/1955/1577 2351/1943/1565
f 2353/1945/1567 2365/1957/1579 2364/1956/1578 2352/1944/1566
f 2354/1946/1568 2366/1958/1580 2365/1957/1579 2353/1945/1567
f 2355/1947/1569 2367/1959/1581 2366/1958/1580 2354/1946/1568
f 2356/1948/1570 2368/1960/1582 2367/1959/1581 2355/1947/1569
f 2358/1949/1571 2370/1961/1583 2369/1962/1584 2357/1950/1572
f 2359/1951/1573 2371/1963/1585 2370/1961/1583 2358/1949/1571
f 2360/1952/1574 2372/1964/1586 2371/1963/1585 2359/1951/1573
f 2361/1953/1575 2373/1965/1587 2372/1964/1586 2360/1952/1574
f 2362/1954/1576 2374/1966/1588 2373/1965/1587 2361/1953/1575
f 2363/1955/1577 2375/1967/1589 2374/1966/1588 2362/1954/1576
f 2364/1956/1578 2376/1968/1590 2375/1967/1589 2363/1955/1577
f 2365/1957/1579 2377/1969/1591 2376/1968/1590 2364/1956/1578
f 2366/1958/1580 2378/1970/1592 2377/1969/1591 2365/1957/1579
f 2367/1959/1581 2379/1971/1593 2378/1970/1592 2366/1958/1580
f 2368/1960/1582 2380/1972/1594 2379/1971/1593 2367/1959/1581
f 2370/1961/1583 2382/1973/1595 2381/1974/1596 2369/1962/1584
f 2371/1963/1585 2383/1975/1597 2382/1973/1595 2370/1961/1583
f 2372/1964/1586 2384/1976/1598 2383/1975/1597 2371/1963/1585
f 2373/1965/1587 2385/1977/1599 2384/1976/1598 2372/1964/1586
f 2374/1966/1588 2386/1978/1600 2385/1977/1599 2373/1965/1587
f 2375/1967/1589 2387/1979/1601 2386/1978/1600 2374/1966/1588
f 2376/1968/1590 2388/1980/1602 2387/1979/1601 2375/1967/1589
f 2377/1969/1591 2389/1981/1603 2388/1980/1602 2376/1968/1590
f 2378/1970/1592 2390/1982/1604 2389/1981/1603 2377/1969/1591
f 2379/1971/1593 2391/1983/1605 2390/1982/1604 2378/1970/1592
f 2380/1972/1594 2392/1984/1606 2391/1983/1605 2379/1971/1593
f 2382/1973/1595 2394/1985/1607 2393/1986/1608 2381/1974/1596
f 2383/1975/1597 2395/1987/1609 2394/1985/1607 2382/1973/1595
f 2384/1976/1598 2396/1988/1610 2395/1987/1609 2383/1975/1597
f 2385/1977/1599 2397/1989/1611 2396/1988/1610 2384/1976/1598
f 2386/1978/1600 2398/1990/1612 2397/1989/1611 2385/1977/1599
f 2387/1979/1601 2399/1991/1613 2398/1990/1612 2386/1978/1600
f 2388/1980/1602 2400/1992/1614 2399/1991/1613 2387/1979/1601
f 2389/1981/1603 2401/1993/1615 2400/1992/1614 2388/1980/1602
f 2390/1982/1604 2402/1994/1616 2401/1993/1615 2389/1981/1603
f 2391/1983/1605 2403/1995/1617 2402/1994/1616 2390/1982/1604
f 2392/1984/1606 2404/1996/1618 2403/1995/1617 2391/1983/1605
f 2394/1985/1607 2406/1997/1619 2405/1998/1620 2393/1986/1608
f 2395/1987/1609 2407/1999/1621 2406/1997/1619 2394/1985/1607
f 2396/1988/1610 2408/2000/1622 2407/1999/1621 2395/1987/1609
f 2397/1989/1611 2409/2001/1623 2408/2000/1622 2396/1988/1610
f 2398/1990/1612 2410/2002/1624 2409/2001/1623 2397/1989/1611
f 2399/1991/1613 2411/2003/1625 2410/2002/1624 2398/1990/1612
f 2400/1992/1614 2412/2004/1626 2411/2003/1625 2399/1991/1613
f 2401/1993/1615 2413/2005/1627 2412/2004/1626 2400/1992/1614
f 2402/1994/1616 2414/2006/1628 2413/2005/1627 2401/1993/1615
f 2403/1995/1617 2415/2007/1629 2414/2006/1628 2402/1994/1616
f 2404/1996/1618 2416/2008/1630 2415/2007/1629 2403/1995/1617
f 2406/1997/1619 2418/2009/1631 2417/2010/1632 2405/1998/1620
f 2407/1999/1621 2419/2011/1633 2418/2009/1631 2406/1997/1619
f 2408/2000/1622 2420/2012/1634 2419/2011/1633 2407/1999/1621
f 2409/2001/1623 2421/2013/1635 2420/2012/1634 2408/2000/1622
f 2410/2002/1624 2422/2014/1636 2421/2013/1635 2409/2001/1623
f 2411/2003/1625 2423/2015/1637 2422/2014/1636 2410/2002/1624
f 2412/2004/1626 2424/2016/1638 2423/2015/1637 2411/2003/1625
f 2413/2005/1627 2425/2017/1639 2424/2016/1638 2412/2004/1626
f 2414/2006/1628 2426/2018/1640 2425/2017/1639 2413/2005/1627
f 2415/2007/1629 2427/2019/1641 2426/2018/1640 2414/2006/1628
f 2416/2008/1630 2428/2020/1642 2427/2019/1641 2415/2007/1629
f 2418/2009/1631 2430/2021/1643 2429/2022/1644 2417/2010/1632
f 2419/2011/1633 2431/2023/1645 2430/2021/1643 2418/2009/1631
f 2420/2012/1634 2432/2024/1646 2431/2023/1645 2419/2011/1633
f 2421/2013/1635 2433/2025/1647 2432/2024/1646 2420/2012/1634
f 2422/2014/1636 2434/2026/1648 2433/2025/1647 2421/2013/1635
f 2423/2015/1637 2435/2027/1649 2434/2026/1648 2422/2014/1636
f 2424/2016/1638 2436/2028/1650 2435/2027/1649 2423/2015/1637
f 2425/2017/1639 2437/2029/1651 2436/2028/1650 2424/2016/1638
f 2426/2018/1640 2438/2030/1652 2437/2029/1651 2425/2017/1639
f 2427/2019/1641 2439/2031/1653 2438/2030/1652 2426/2018/1640
f 2428/2020/1642 2440/2032/1654 2439/2031/1653 2427/2019/1641
f 2430/2021/1643 2442/2033/1655 2441/2034/1656 2429/2022/1644
f 2431/2023/1645 2443/2035/1657 2442/2033/1655 2430/2021/1643
f 2432/2024/1646 2444/2036/1658 2443/2035/1657 2431/2023/1645
f 2433/2025/1647 2445/2037/1659 2444/2036/1658 2432/2024/1646
f 2434/2026/1648 2446/2038/1660 2445/2037/1659 2433/2025/1647
f 2435/2027/1649 2447/2039/1661 2446/2038/1660 2434/2026/1648
f 2436/2028/1650 2448/2040/1662 2447/2039/1661 2435/2027/1649
f 2437/2029/1651 2449/2041/1663 2448/2040/1662 2436/2028/1650
f 2438/2030/1652 2450/2042/1664 2449/2041/1663 2437/2029/1651
f 2439/2031/1653 2451/2043/1665 2450/2042/1664 2438/2030/1652
f 2440/2032/1654 2452/2044/1666 2451/2043/1665 2439/2031/1653
f 2442/2033/1655 2454/2045/1667 2453/2046/1668 2441/2034/1656
f 2443/2035/1657 2455/2047/1669 2454/2045/1667 2442/2033/1655
f 2444/2036/1658 2456/2048/1670 2455/2047/1669 2443/2035/1657
f 2445/2037/1659 2457/2049/1671 2456/2048/1670 2444/2036/1658
f 2446/2038/1660 2458/2050/1672 2457/2049/1671 2445/2037/1659
f 2447/2039/1661 2459/2051/1673 2458/2050/1672 2446/2038/1660
f 2448/2040/1662 2460/2052/1674 2459/2051/1673 2447/2039/1661
f 2449/2041/1663 2461/2053/1675 2460/2052/1674 2448/2040/1662
f 2450/2042/1664 2462/2054/1676 2461/2053/1675 2449/2041/1663
f 2451/2043/1665 2463/2055/1677 2462/2054/1676 2450/2042/1664
f 2452/2044/1666 2464/2056/1678 2463/2055/1677 2451/2043/1665
f 2454/2045/1667 2466/2057/1679 2465/2058/1680 2453/2046/1668
f 2455/2047/1669 2467/2059/1681 2466/2057/1679 2454/2045/1667
f 2456/2048/1670 2468/2060/1682 2467/2059/1681 2455/2047/1669
f 2457/2049/1671 2469/2061/1683 2468/2060/1682 2456/2048/1670
f 2458/2050/1672 2470/2062/1684 2469/2061/1683 2457/2049/1671
f 2459/2051/1673 2471/2063/1685 2470/2062/1684 2458/2050/1672
f 2460/2052/1674 2472/2064/1686 2471/2063/1685 2459/2051/1673
f 2461/2053/1675 2473/2065/1687 2472/2064/1686 2460/2052/1674
f 2462/2054/1676 2474/2066/1688 2473/2065/1687 2461/2053/1675
f 2463/2055/1677 2475/2067/1689 2474/2066/1688 2462/2054/1676
f 2464/2056/1678 2476/2068/1690 2475/2067/1689 2463/2055/1677
f 2466/2057/1679 2478/2069/1691 2477/2070/1692 2465/2058/1680
f 2467/2059/1681 2479/2071/1693 2478/2069/1691 2466/2057/1679
f 2468/2060/1682 2480/2072/1694 2479/2071/1693 2467/2059/1681
f 2469/2061/1683 2481/2073/1695 2480/2072/1694 2468/2060/1682
f 2470/2062/1684 2482/2074/1696 2481/2073/1695 2469/2061/1683
f 2471/2063/1685 2483/2075/1697 2482/2074/1696 2470/2062/1684
f 2472/2064/1686 2484/2076/1698 2483/2075/1697 2471/2063/1685
f 2473/2065/1687 2485/2077/1699 2484/2076/1698 2472/2064/1686
f 2474/2066/1688 2486/2078/1700 2485/2077/1699 2473/2065/1687
f 2475/2067/1689 2487/2079/1701 2486/2078/1700 2474/2066/1688
f 2476/2068/1690 2488/2080/1702 2487/2079/1701 2475/2067/1689
f 2478/2069/1691 2490/2081/1703 2489/2082/1704 2477/2070/1692
f 2479/2071/1693 2491/2083/1705 2490/2081/1703 2478/2069/1691
f 2480/2072/1694 2492/2084/1706 2491/2083/1705 2479/2071/1693
f 2481/2073/1695 2493/2085/1707 2492/2084/1706 2480/2072/1694
f 2482/2074/1696 2494/2086/1708 2493/2085/1707 2481/2073/1695
f 2483/2075/1697 2495/2087/1709 2494/2086/1708 2482/2074/1696
f 2484/2076/1698 2496/2088/1710 2495/2087/1709 2483/2075/1697
f 2485/2077/1699 2497/2089/1711 2496/2088/1710 2484/2076/1698
f 2486/2078/1700 2498/2090/1712 2497/2089/1711 2485/2077/1699
f 2487/2079/1701 2499/2091/1713 2498/2090/1712 2486/2078/1700
f 2488/2080/1702 2500/2092/1714 2499/2091/1713 2487/2079/1701
f 2490/2081/1703 2502/2093/1715 2501/2094/1716 2489/2082/1704
f 2491/2083/1705 2503/2095/1717 2502/2093/1715 2490/2081/1703
f 2492/2084/1706 2504/2096/1718 2503/2095/1717 2491/2083/1705
f 2493/2085/1707 2505/2097/1719 2504/2096/1718 2492/2084/1706
f 2494/2086/1708 2506/2098/1720 2505/2097/1719 2493/2085/1707
f 2495/2087/1709 2507/2099/1721 2506/2098/1720 2494/2086/1708
f 2496/2088/1710 2508/2100/1722 2507/2099/1721 2495/2087/1709
f 2497/2089/1711 2509/2101/1723 2508/2100/1722 2496/2088/1710
f 2498/2090/1712 2510/2102/1724 2509/2101/1723 2497/2089/1711
f 2499/2091/1713 2511/2103/1725 2510/2102/1724 2498/2090/1712
f 2500/2092/1714 2512/2104/1726 2511/2103/1725 2499/2091/1713
f 2502/2093/1715 2514/2105/1727 2513/2106/1728 2501/2094/1716
f 2503/2095/1717 2515/2107/1729 2514/2105/1727 2502/2093/1715
f 2504/2096/1718 2516/2108/1730 2515/2107/1729 2503/2095/1717
f 2505/2097/1719 2517/2109/1731 2516/2108/1730 2504/2096/1718
f 2506/2098/1720 2518/2110/1732 2517/2109/1731 2505/2097/1719
f 2507/2099/1721 2519/2111/1733 2518/2110/1732 2506/2098/1720
f 2508/2100/1722 2520/2112/1734 2519/2111/1733 2507/2099/1721
f 2509/2101/1723 2521/2113/1735 2520/2112/1734 2508/2100/1722
f 2510/2102/1724 2522/2114/1736 2521/2113/1735 2509/2101/1723
f 2511/2103/1725 2523/2115/1737 2522/2114/1736 2510/2102/1724
f 2512/2104/1726 2524/2116/1738 2523/2115/1737 2511/2103/1725
f 2514/2105/1727 2526/2117/1739 2525/2118/1740 2513/2106/1728
f 2515/2107/1729 2527/2119/1741 2526/2117/1739 2514/2105/1727
f 2516/2108/1730 2528/2120/1742 2527/2119/1741 2515/2107/1729
f 2517/2109/1731 2529/2121/1743 2528/2120/1742 2516/2108/1730
f 2518/2110/1732 2530/2122/1744 2529/2121/1743 2517/2109/1731
f 2519/2111/1733 2531/2123/1745 2530/2122/1744 2518/2110/1732
f 2520/2112/1734 2532/2124/1746 2531/2123/1745 2519/2111/1733
f 2521/2113/1735 2533/2125/1747 2532/2124/1746 2520/2112/1734
f 2522/2114/1736 2534/2126/1748 2533/2125/1747 2521/2113/1735
f 2523/2115/1737 2535/2127/1749 2534/2126/1748 2522/2114/1736
f 2524/2116/1738 2536/2128/1750 2535/2127/1749 2523/2115/1737
f 2526/2117/1739 2538/2129/1751 2537/2130/1752 2525/2118/1740
f 2527/2119/1741 2539/2131/1753 2538/2129/1751 2526/2117/1739
f 2528/2120/1742 2540/2132/1754 2539/2131/1753 2527/2119/1741
f 2529/2121/1743 2541/2133/1755 2540/2132/1754 2528/2120/1742
f 2530/2122/1744 2542/2134/1756 2541/2133/1755 2529/2121/1743
f 2531/2123/1745 2543/2135/1757 2542/2134/1756 2530/2122/1744
f 2532/2124/1746 2544/2136/1758 2543/2135/1757 2531/2123/1745
f 2533/2125/1747 2545/2137/1759 2544/2136/1758 2532/2124/1746
f 2534/2126/1748 2546/2138/1760 2545/2137/1759 2533/2125/1747
f 2535/2127/1749 2547/2139/1761 2546/2138/1760 2534/2126/1748
f 2536/2128/1750 2548/2140/1762 2547/2139/1761 2535/2127/1749
f 2538/2129/1751 2550/2141/1763 2549/2142/1764 2537/2130/1752
f 2539/2131/1753 2551/2143/1765 2550/2141/1763 2538/2129/1751
f 2540/2132/1754 2552/2144/1766 2551/2143/1765 2539/2131/1753
f 2541/2133/1755 2553/2145/1767 2552/2144/1766 2540/2132/1754
f 2542/2134/1756 2554/2146/1768 2553/2145/1767 2541/2133/1755
f 2543/2135/1757 2555/2147/1769 2554/2146/1768 2542/2134/1756
f 2544/2136/1758 2556/2148/1770 2555/2147/1769 2543/2135/1757
f 2545/2137/1759 2557/2149/1771 2556/2148/1770 2544/2136/1758
f 2546/2138/1760 2558/2150/1772 2557/2149/1771 2545/2137/1759
f 2547/2139/1761 2559/2151/1773 2558/2150/1772 2546/2138/1760
f 2548/2140/1762 2560/2152/1774 2559/2151/1773 2547/2139/1761
f 2550/2141/1763 2562/2153/1775 2561/2154/1776 2549/2142/1764
f 2551/2143/1765 2563/2155/1777 2562/2153/1775 2550/2141/1763
f 2552/2144/1766 2564/2156/1778 2563/2155/1777 2551/2143/1765
f 2553/2145/1767 2565/2157/1779 2564/2156/1778 2552/2144/1766
f 2554/2146/1768 2566/2158/1780 2565/2157/1779 2553/2145/1767
f 2555/2147/1769 2567/2159/1781 2566/2158/1780 2554/2146/1768
f 2556/2148/1770 2568/2160/1782 2567/2159/1781 2555/2147/1769
f 2557/2149/1771 2569/2161/1783 2568/2160/1782 2556/2148/1770
f 2558/2150/1772 2570/2162/1784 2569/2161/1783 2557/2149/1771
f 2559/2151/1773 2571/2163/1785 2570/2162/1784 2558/2150/1772
f 2560/2152/1774 2572/2164/1786 2571/2163/1785 2559/2151/1773
f 2562/2153/1775 2574/2165/1787 2573/2166/1788 2561/2154/1776
f 2563/2155/1777 2575/2167/1789 2574/2165/1787 2562/2153/1775
f 2564/2156/1778 2576/2168/1790 2575/2167/1789 2563/2155/1777
f 2565/2157/1779 2577/2169/1791 2576/2168/1790 2564/2156/1778
f 2566/2158/1780 2578/2170/1792 2577/2169/1791 2565/2157/1779
f 2567/2159/1781 2579/2171/1793 2578/2170/1792 2566/2158/1780
f 2568/2160/1782 2580/2172/1794 2579/2171/1793 2567/2159/1781
f 2569/2161/1783 2581/2173/1795 2580/2172/1794 2568/2160/1782
f 2570/2162/1784 2582/2174/1796 2581/2173/1795 2569/2161/1783
f 2571/2163/1785 2583/2175/1797 2582/2174/1796 2570/2162/1784
f 2572/2164/1786 2584/2176/1798 2583/2175/1797 2571/2163/1785
f 2574/2165/1787 2586/2177/1799 2585/2178/1800 2573/2166/1788
f 2575/2167/1789 2587/2179/1801 2586/2177/1799 2574/2165/1787
f 2576/2168/1790 2588/2180/1802 2587/2179/1801 2575/2167/1789
f 2577/2169/1791 2589/2181/1803 2588/2180/1802 2576/2168/1790
f 2578/2170/1792 2590/2182/1804 2589/2181/1803 2577/2169/1791
f 2579/2171/1793 2591/2183/1805 2590/2182/1804 2578/2170/1792
f 2580/2172/1794 2592/2184/1806 2591/2183/1805 2579/2171/1793
f 2581/2173/1795 2593/2185/1807 2592/2184/1806 2580/2172/1794
f 2582/2174/1796 2594/2186/1808 2593/2185/1807 2581/2173/1795
f 2583/2175/1797 2595/2187/1809 2594/2186/1808 2582/2174/1796
f 2584/2176/1798 2596/2188/1810 2595/2187/1809 2583/2175/1797
f 2586/2177/1799 2598/2189/1811 2597/2190/1812 2585/2178/1800
f 2587/2179/1801 2599/2191/1813 2598/2189/1811 2586/2177/1799
f 2588/2180/1802 2600/2192/1814 2599/2191/1813 2587/2179/1801
f 2589/2181/1803 2601/2193/1815 2600/2192/1814 2588/2180/1802
f 2590/2182/1804 2602/2194/1816 2601/2193/1815 2589/2181/1803
f 2591/2183/1805 2603/2195/1817 2602/2194/1816 2590/2182/1804
f 2592/2184/1806 2604/2196/1818 2603/2195/1817 2591/2183/1805
f 2593/2185/1807 2605/2197/1819 2604/2196/1818 2592/2184/1806
f 2594/2186/1808 2606/2198/1820 2605/2197/1819 2593/2185/1807
f 2595/2187/1809 2607/2199/1821 2606/2198/1820 2594/2186/1808
f 2596/2188/1810 2608/2200/1822 2607/2199/1821 2595/2187/1809
f 2598/2189/1811 2610/2201/1823 2609/2202/1824 2597/2190/1812
f 2599/2191/1813 2611/2203/1825 2610/2201/1823 2598/2189/1811
f 2600/2192/1814 2612/2204/1826 2611/2203/1825 2599/2191/1813
f 2601/2193/1815 2613/2205/1827 2612/2204/1826 2600/2192/1814
f 2602/2194/1816 2614/2206/1828 2613/2205/1827 2601/2193/1815
f 2603/2195/1817 2615/2207/1829 2614/2206/1828 2602/2194/1816
f 2604/2196/1818 2616/2208/1830 2615/2207/1829 2603/2195/1817
f 2605/2197/1819 2617/2209/1831 2616/2208/1830 2604/2196/1818
f 2606/2198/1820 2618/2210/1832 2617/2209/1831 2605/2197/1819
f 2607/2199/1821 2619/2211/1833 2618/2210/1832 2606/2198/1820
f 2608/2200/1822 2620/2212/1834 2619/2211/1833 2607/2199/1821
f 2610/2201/1823 2622/2213/1835 2621/2214/1836 2609/2202/1824
f 2611/2203/1825 2623/2215/1837 2622/2213/1835 2610/2201/1823
f 2612/2204/1826 2624/2216/1838 2623/2215/1837 2611/2203/1825
f 2613/2205/1827 2625/2217/1839 2624/2216/1838 2612/2204/1826
f 2614/2206/1828 2626/2218/1840 2625/2217/1839 2613/2205/1827
f 2615/2207/1829 2627/2219/1841 2626/2218/1840 2614/2206/1828
f 2616/2208/1830 2628/2220/1842 2627/2219/1841 2615/2207/1829
f 2617/2209/1831 2629/2221/1843 2628/2220/1842 2616/2208/1830
f 2618/2210/1832 2630/2222/1844 2629/2221/1843 2617/2209/1831
f 2619/2211/1833 2631/2223/1845 2630/2222/1844 2618/2210/1832
f 2620/2212/1834 2632/2224/1846 2631/2223/1845 2619/2211/1833
f 2622/2213/1835 2634/2225/1847 2633/2226/1848 2621/2214/1836
f 2623/2215/1837 2635/2227/1849 2634/2225/1847 2622/2213/1835
f 2624/2216/1838 2636/2228/1850 2635/2227/1849 2623/2215/1837
f 2625/2217/1839 2637/2229/1851 2636/2228/1850 2624/2216/1838
f 2626/2218/1840 2638/2230/1852 2637/2229/1851 2625/2217/1839
f 2627/2219/1841 2639/2231/1853 2638/2230/1852 2626/2218/1840
f 2628/2220/1842 2640/2232/1854 2639/2231/1853 2627/2219/1841
f 2629/2221/1843 2641/2233/1855 2640/2232/1854 2628/2220/1842
f 2630/2222/1844 2642/2234/1856 2641/2233/1855 2629/2221/1843
f 2631/2223/1845 2643/2235/1857 2642/2234/1856 2630/2222/1844
f 2632/2224/1846 2644/2236/1858 2643/2235/1857 2631/2223/1845
f 2634/2225/1847 2646/1457/1859 2645/1458/1860 2633/2226/1848
f 2635/2227/1849 2647/1459/1861 2646/1457/1859 2634/2225/1847
f 2636/2228/1850 2648/1460/1862 2647/1459/1861 2635/2227/1849
f 2637/2229/1851 2649/1461/1863 2648/1460/1862 2636/2228/1850
f 2638/2230/1852 2650/1462/1864 2649/1461/1863 2637/2229/1851
f 2639/2231/1853 2651/1463/1865 2650/1462/1864 2638/2230/1852
f 2640/2232/1854 2652/1464/1866 2651/1463/1865 2639/2231/1853
f 2641/2233/1855 2653/1465/1867 2652/1464/1866 2640/2232/1854
f 2642/2234/1856 2654/1466/1868 2653/1465/1867 2641/2233/1855
f 2643/2235/1857 2655/1467/1869 2654/1466/1868 2642/2234/1856
f 2644/2236/1858 2656/1468/1870 2655/1467/1869 2643/2235/1857
f 2646/1457/1859 2658/2237/1871 2657/2238/1872 2645/1458/1860
f 2647/1459/1861 2659/2239/1873 2658/2237/1871 2646/1457/1859
f 2648/1460/1862 2660/2240/1874 2659/2239/1873 2647/1459/1861
f 2649/1461/1863 2661/2241/1875 2660/2240/1874 2648/1460/1862
f 2650/1462/1864 2662/2242/1876 2661/2241/1875 2649/1461/1863
f 2651/1463/1865 2663/2243/1877 2662/2242/1876 2650/1462/1864
f 2652/1464/1866 2664/2244/1878 2663/2243/1877 2651/1463/1865
f 2653/1465/1867 2665/2245/1879 2664/2244/1878 2652/1464/1866
f 2654/1466/1868 2666/2246/1880 2665/2245/1879 2653/1465/1867
f 2655/1467/1869 2667/2247/1881 2666/2246/1880 2654/1466/1868
f 2656/1468/1870 2668/2248/1882 2667/2247/1881 2655/1467/1869
f 2658/2237/1871 2670/2249/1883 2669/2250/1884 2657/2238/1872
f 2659/2239/1873 2671/2251/1885 2670/2249/1883 2658/2237/1871
f 2660/2240/1874 2672/2252/1886 2671/2251/1885 2659/2239/1873
f 2661/2241/1875 2673/2253/1887 2672/2252/1886 2660/2240/1874
f 2662/2242/1876 2674/2254/1888 2673/2253/1887 2661/2241/1875
f 2663/2243/1877 2675/2255/1889 2674/2254/1888 2662/2242/1876
f 2664/2244/1878 2676/2256/1890 2675/2255/1889 2663/2243/1877
f 2665/2245/1879 2677/2257/1891 2676/2256/1890 2664/2244/1878
f 2666/2246/1880 2678/2258/1892 2677/2257/1891 2665/2245/1879
f 2667/2247/1881 2679/2259/1893 2678/2258/1892 2666/2246/1880
f 2668/2248/1882 2680/2260/1894 2679/2259/1893 2667/2247/1881
f 2670/2249/1883 2682/2261/1895 2681/2262/1896 2669/2250/1884
f 2671/2251/1885 2683/2263/1897 2682/2261/1895 2670/2249/1883
f 2672/2252/1886 2684/2264/1898 2683/2263/1897 2671/2251/1885
f 2673/2253/1887 2685/2265/1899 2684/2264/1898 2672/2252/1886
f 2674/2254/1888 2686/2266/1900 2685/2265/1899 2673/2253/1887
f 2675/2255/1889 2687/2267/1901 2686/2266/1900 2674/2254/1888
f 2676/2256/1890 2688/2268/1902 2687/2267/1901 2675/2255/1889
f 2677/2257/1891 2689/2269/1903 2688/2268/1902 2676/2256/1890
f 2678/2258/1892 2690/2270/1904 2689/2269/1903 2677/2257/1891
f 2679/2259/1893 2691/2271/1905 2690/2270/1904 2678/2258/1892
f 2680/2260/1894 2692/2272/1906 2691/2271/1905 2679/2259/1893
f 2682/2261/1895 2694/2273/1907 2693/2274/1908 2681/2262/1896
f 2683/2263/1897 2695/2275/1909 2694/2273/1907 2682/2261/1895
f 2684/2264/1898 2696/2276/1910 2695/2275/1909 2683/2263/1897
f 2685/2265/1899 2697/2277/1911 2696/2276/1910 2684/2264/1898
f 2686/2266/1900 2698/2278/1912 2697/2277/1911 2685/2265/1899
f 2687/2267/1901 2699/2279/1913 2698/2278/1912 2686/2266/1900
f 2688/2268/1902 2700/2280/1914 2699/2279/1913 2687/2267/1901
f 2689/2269/1903 2701/2281/1915 2700/2280/1914 2688/2268/1902
f 2690/2270/1904 2702/2282/1916 2701/2281/1915 2689/2269/1903
f 2691/2271/1905 2703/2283/1917 2702/2282/1916 2690/2270/1904
f 2692/2272/1906 2704/2284/1918 2703/2283/1917 2691/2271/1905
f 2694/2273/1907 2706/2285/1919 2705/2286/1920 2693/2274/1908
f 2695/2275/1909 2707/2287/1921 2706/2285/1919 2694/2273/1907
f 2696/2276/1910 2708/2288/1922 2707/2287/1921 2695/2275/1909
f 2697/2277/1911 2709/2289/1923 2708/2288/1922 2696/2276/1910
f 2698/2278/1912 2710/2290/1924 2709/2289/1923 2697/2277/1911
f 2699/2279/1913 2711/2291/1925 2710/2290/1924 2698/2278/1912
f 2700/2280/1914 2712/2292/1926 2711/2291/1925 2699/2279/1913
f 2701/2281/1915 2713/2293/1927 2712/2292/1926 2700/2280/1914
f 2702/2282/1916 2714/2294/1928 2713/2293/1927 2701/2281/1915
f 2703/2283/1917 2715/2295/1929 2714/2294/1928 2702/2282/1916
f 2704/2284/1918 2716/2296/1930 2715/2295/1929 2703/2283/1917
f 2706/2285/1919 2718/2297/1931 2717/2298/1932 2705/2286/1920
f 2707/2287/1921 2719/2299/1933 2718/2297/1931 2706/2285/1919
f 2708/2288/1922 2720/2300/1934 2719/2299/1933 2707/2287/1921
f 2709/2289/1923 2721/2301/1935 2720/2300/1934 2708/2288/1922
f 2710/2290/1924 2722/2302/1936 2721/2301/1935 2709/2289/1923
f 2711/2291/1925 2723/2303/1937 2722/2302/1936 2710/2290/1924
f 2712/2292/1926 2724/2304/1938 2723/2303/1937 2711/2291/1925
f 2713/2293/1927 2725/2305/1939 2724/2304/1938 2712/2292/1926
f 2714/2294/1928 2726/2306/1940 2725/2305/1939 2713/2293/1927
f 2715/2295/1929 2727/2307/1941 2726/2306/1940 2714/2294/1928
f 2716/2296/1930 2728/2308/1942 2727/2307/1941 2715/2295/1929
f 2718/2297/1931 2730/2309/1943 2729/2310/1944 2717/2298/1932
f 2719/2299/1933 2731/2311/1945 2730/2309/1943 2718/2297/1931
f 2720/2300/1934 2732/2312/1946 2731/2311/1945 2719/2299/1933
f 2721/2301/1935 2733/2313/1947 2732/2312/1946 2720/2300/1934
f 2722/2302/1936 2734/2314/1948 2733/2313/1947 2721/2301/1935
f 2723/2303/1937 2735/2315/1949 2734/2314/1948 2722/2302/1936
f 2724/2304/1938 2736/2316/1950 2735/2315/1949 2723/2303/1937
f 2725/2305/1939 2737/2317/1951 2736/2316/1950 2724/2304/1938
f 2726/2306/1940 2738/2318/1952 2737/2317/1951 2725/2305/1939
f 2727/2307/1941 2739/2319/1953 2738/2318/1952 2726/2306/1940
f 2728/2308/1942 2740/2320/1954 2739/2319/1953 2727/2307/1941
f 2730/2309/1943 2742/2321/1955 2741/2322/1956 2729/2310/1944
f 2731/2311/1945 2743/2323/1957 2742/2321/1955 2730/2309/1943
f 2732/2312/1946 2744/2324/1958 2743/2323/1957 2731/2311/1945
f 2733/2313/1947 2745/2325/1959 2744/2324/1958 2732/2312/1946
f 2734/2314/1948 2746/2326/1960 2745/2325/1959 2733/2313/1947
f 2735/2315/1949 2747/2327/1961 2746/2326/1960 2734/2314/1948
f 2736/2316/1950 2748/2328/1962 2747/2327/1961 2735/2315/1949
f 2737/2317/1951 2749/2329/1963 2748/2328/1962 2736/2316/1950
f 2738/2318/1952 2750/2330/1964 2749/2329/1963 2737/2317/1951
f 2739/2319/1953 2751/2331/1965 2750/2330/1964 2738/2318/1952
f 2740/2320/1954 2752/2332/1966 2751/2331/1965 2739/2319/1953
f 2742/2321/1955 2754/2333/1967 2753/2334/1968 2741/2322/1956
f 2743/2323/1957 2755/2335/1969 2754/2333/1967 2742/2321/1955
f 2744/2324/1958 2756/2336/1970 2755/2335/1969 2743/2323/1957
f 2745/2325/1959 2757/2337/1971 2756/2336/1970 2744/2324/1958
f 2746/2326/1960 2758/2338/1972 2757/2337/1971 2745/2325/1959
f 2747/2327/1961 2759/2339/1973 2758/2338/1972 2746/2326/1960
f 2748/2328/1962 2760/2340/1974 2759/2339/1973 2747/2327/1961
f 2749/2329/1963 2761/2341/1975 2760/2340/1974 2748/2328/1962
f 2750/2330/1964 2762/2342/1976 2761/2341/1975 2749/2329/1963
f 2751/2331/1965 2763/2343/1977 2762/2342/1976 2750/2330/1964
f 2752/2332/1966 2764/2344/1978 2763/2343/1977 2751/2331/1965
f 2754/2333/1967 2766/2345/1979 2765/2346/1980 2753/2334/1968
f 2755/2335/1969 2767/2347/1981 2766/2345/1979 2754/2333/1967
f 2756/2336/1970 2768/2348/1982 2767/2347/1981 2755/2335/1969
f 2757/2337/1971 2769/2349/1983 2768/2348/1982 2756/2336/1970
f 2758/2338/1972 2770/2350/1984 2769/2349/1983 2757/2337/1971
f 2759/2339/1973 2771/2351/1985 2770/2350/1984 2758/2338/1972
f 2760/2340/1974 2772/2352/1986 2771/2351/1985 2759/2339/1973
f 2761/2341/1975 2773/2353/1987 2772/2352/1986 2760/2340/1974
f 2762/2342/1976 2774/2354/1988 2773/2353/1987 2761/2341/1975
f 2763/2343/1977 2775/2355/1989 2774/2354/1988 2762/2342/1976
f 2764/2344/1978 2776/2356/1990 2775/2355/1989 2763/2343/1977
f 2766/2345/1979 2778/2357/1991 2777/2358/1992 2765/2346/1980
f 2767/2347/1981 2779/2359/1993 2778/2357/1991 2766/2345/1979
f 2768/2348/1982 2780/2360/1994 2779/2359/1993 2767/2347/1981
f 2769/2349/1983 2781/2361/1995 2780/2360/1994 2768/2348/1982
f 2770/2350/1984 2782/2362/1996 2781/2361/1995 2769/2349/1983
f 2771/2351/1985 2783/2363/1997 2782/2362/1996 2770/2350/1984
f 2772/2352/1986 2784/2364/1998 2783/2363/1997 2771/2351/1985
f 2773/2353/1987 2785/2365/1999 2784/2364/1998 2772/2352/1986
f 2774/2354/1988 2786/2366/2000 2785/2365/1999 2773/2353/1987
f 2775/2355/1989 2787/2367/2001 2786/2366/2000 2774/2354/1988
f 2776/2356/1990 2788/2368/2002 2787/2367/2001 2775/2355/1989
f 2778/2357/1991 2790/2369/2003 2789/2370/2004 2777/2358/1992
f 2779/2359/1993 2791/2371/2005 2790/2369/2003 2778/2357/1991
f 2780/2360/1994 2792/2372/2006 2791/2371/2005 2779/2359/1993
f 2781/2361/1995 2793/2373/2007 2792/2372/2006 2780/2360/1994
f 2782/2362/1996 2794/2374/2008 2793/2373/2007 2781/2361/1995
f 2783/2363/1997 2795/2375/2009 2794/2374/2008 2782/2362/1996
f 2784/2364/1998 2796/2376/2010 2795/2375/2009 2783/2363/1997
f 2785/2365/1999 2797/2377/2011 2796/2376/2010 2784/2364/1998
f 2786/2366/2000 2798/2378/2012 2797/2377/2011 2785/2365/1999
f 2787/2367/2001 2799/2379/2013 2798/2378/2012 2786/2366/2000
f 2788/2368/2002 2800/2380/2014 2799/2379/2013 2787/2367/2001
f 2790/2369/2003 2802/2381/2015 2801/2382/2016 2789/2370/2004
f 2791/2371/2005 2803/2383/2017 2802/2381/2015 2790/2369/2003
f 2792/2372/2006 2804/2384/2018 2803/2383/2017 2791/2371/2005
f 2793/2373/2007 2805/2385/2019 2804/2384/2018 2792/2372/2006
f 2794/2374/2008 2806/2386/2020 2805/2385/2019 2793/2373/2007
f 2795/2375/2009 2807/2387/2021 2806/2386/2020 2794/2374/2008
f 2796/2376/2010 2808/2388/2022 2807/2387/2021 2795/2375/2009
f 2797/2377/2011 2809/2389/2023 2808/2388/2022 2796/2376/2010
f 2798/2378/2012 2810/2390/2024 2809/2389/2023 2797/2377/2011
f 2799/2379/2013 2811/2391/2025 2810/2390/2024 2798/2378/2012
f 2800/2380/2014 2812/2392/2026 2811/2391/2025 2799/2379/2013
f 2802/2381/2015 2814/2393/2027 2813/2394/2028 2801/2382/2016
f 2803/2383/2017 2815/2395/2029 2814/2393/2027 2802/2381/2015
f 2804/2384/2018 2816/2396/2030 2815/2395/2029 2803/2383/2017
f 2805/2385/2019 2817/2397/2031 2816/2396/2030 2804/2384/2018
f 2806/2386/2020 2818/2398/2032 2817/2397/2031 2805/2385/2019
f 2807/2387/2021 2819/2399/2033 2818/2398/2032 2806/2386/2020
f 2808/2388/2022 2820/2400/2034 2819/2399/2033 2807/2387/2021
f 2809/2389/2023 2821/2401/2035 2820/2400/2034 2808/2388/2022
f 2810/2390/2024 2822/2402/2036 2821/2401/2035 2809/2389/2023
f 2811/2391/2025 2823/2403/2037 2822/2402/2036 2810/2390/2024
f 2812/2392/2026 2824/2404/2038 2823/2403/2037 2811/2391/2025
f 2814/2393/2027 2826/2405/2039 2825/2406/2040 2813/2394/2028
f 2815/2395/2029 2827/2407/2041 2826/2405/2039 2814/2393/2027
f 2816/2396/2030 2828/2408/2042 2827/2407/2041 2815/2395/2029
f 2817/2397/2031 2829/2409/2043 2828/2408/2042 2816/2396/2030
f 2818/2398/2032 2830/2410/2044 2829/2409/2043 2817/2397/2031
f 2819/2399/2033 2831/2411/2045 2830/2410/2044 2818/2398/2032
f 2820/2400/2034 2832/2412/2046 2831/2411/2045 2819/2399/2033
f 2821/2401/2035 2833/2413/2047 2832/2412/2046 2820/2400/2034
f 2822/2402/2036 2834/2414/2048 2833/2413/2047 2821/2401/2035
f 2823/2403/2037 2835/2415/2049 2834/2414/2048 2822/2402/2036
f 2824/2404/2038 2836/2416/2050 2835/2415/2049 2823/2403/2037
f 2826/2405/2039 2838/2417/2051 2837/2418/2052 2825/2406/2040
f 2827/2407/2041 2839/2419/2053 2838/2417/2051 2826/2405/2039
f 2828/2408/2042 2840/2420/2054 2839/2419/2053 2827/2407/2041
f 2829/2409/2043 2841/2421/2055 2840/2420/2054 2828/2408/2042
f 2830/2410/2044 2842/2422/2056 2841/2421/2055 2829/2409/2043
f 2831/2411/2045 2843/2423/2057 2842/2422/2056 2830/2410/2044
f 2832/2412/2046 2844/2424/2058 2843/2423/2057 2831/2411/2045
f 2833/2413/2047 2845/2425/2059 2844/2424/2058 2832/2412/2046
f 2834/2414/2048 2846/2426/2060 2845/2425/2059 2833/2413/2047
f 2835/2415/2049 2847/2427/2061 2846/2426/2060 2834/2414/2048
f 2836/2416/2050 2848/2428/2062 2847/2427/2061 2835/2415/2049
f 2838/2417/2051 2850/2429/2063 2849/2430/2064 2837/2418/2052
f 2839/2419/2053 2851/2431/2065 2850/2429/2063 2838/2417/2051
f 2840/2420/2054 2852/2432/2066 2851/2431/2065 2839/2419/2053
f 2841/2421/2055 2853/2433/2067 2852/2432/2066 2840/2420/2054
f 2842/2422/2056 2854/2434/2068 2853/2433/2067 2841/2421/2055
f 2843/2423/2057 2855/2435/2069 2854/2434/2068 2842/2422/2056
f 2844/2424/2058 2856/2436/2070 2855/2435/2069 2843/2423/2057
f 2845/2425/2059 2857/2437/2071 2856/2436/2070 2844/2424/2058
f 2846/2426/2060 2858/2438/2072 2857/2437/2071 2845/2425/2059
f 2847/2427/2061 2859/2439/2073 2858/2438/2072 2846/2426/2060
f 2848/2428/2062 2860/2440/2074 2859/2439/2073 2847/2427/2061
f 2850/2429/2063 2862/2441/2075 2861/2442/2076 2849/2430/2064
f 2851/2431/2065 2863/2443/2077 2862/2441/2075 2850/2429/2063
f 2852/2432/2066 2864/2444/2078 2863/2443/2077 2851/2431/2065
f 2853/2433/2067 2865/2445/2079 2864/2444/2078 2852/2432/2066
f 2854/2434/2068 2866/2446/2080 2865/2445/2079 2853/2433/2067
f 2855/2435/2069 2867/2447/2081 2866/2446/2080 2854/2434/2068
f 2856/2436/2070 2868/2448/2082 2867/2447/2081 2855/2435/2069
f 2857/2437/2071 2869/2449/2083 2868/2448/2082 2856/2436/2070
f 2858/2438/2072 2870/2450/2084 2869/2449/2083 2857/2437/2071
f 2859/2439/2073 2871/2451/2085 2870/2450/2084 2858/2438/2072
f 2860/2440/2074 2872/2452/2086 2871/2451/2085 2859/2439/2073
f 2862/2441/2075 2874/2453/2087 2873/2454/2088 2861/2442/2076
f 2863/2443/2077 2875/2455/2089 2874/2453/2087 2862/2441/2075
f 2864/2444/2078 2876/2456/2090 2875/2455/2089 2863/2443/2077
f 2865/2445/2079 2877/2457/2091 2876/2456/2090 2864/2444/2078
f 2866/2446/2080 2878/2458/2092 2877/2457/2091 2865/2445/2079
f 2867/2447/2081 2879/2459/2093 2878/2458/2092 2866/2446/2080
f 2868/2448/2082 2880/2460/2094 2879/2459/2093 2867/2447/2081
f 2869/2449/2083 2881/2461/2095 2880/2460/2094 2868/2448/2082
f 2870/2450/2084 2882/2462/2096 2881/2461/2095 2869/2449/2083
f 2871/2451/2085 2883/2463/2097 2882/2462/2096 2870/2450/2084
f 2872/2452/2086 2884/2464/2098 2883/2463/2097 2871/2451/2085
f 2874/2453/2087 2886/2465/2099 2885/2466/2100 2873/2454/2088
f 2875/2455/2089 2887/2467/2101 2886/2465/2099 2874/2453/2087
f 2876/2456/2090 2888/2468/2102 2887/2467/2101 2875/2455/2089
f 2877/2457/2091 2889/2469/2103 2888/2468/2102 2876/2456/2090
f 2878/2458/2092 2890/2470/2104 2889/2469/2103 2877/2457/2091
f 2879/2459/2093 2891/2471/2105 2890/2470/2104 2878/2458/2092
f 2880/2460/2094 2892/2472/2106 2891/2471/2105 2879/2459/2093
f 2881/2461/2095 2893/2473/2107 2892/2472/2106 2880/2460/2094
f 2882/2462/2096 2894/2474/2108 2893/2473/2107 2881/2461/2095
f 2883/2463/2097 2895/2475/2109 2894/2474/2108 2882/2462/2096
f 2884/2464/2098 2896/2476/2110 2895/2475/2109 2883/2463/2097
f 2886/2465/2099 2898/2477/2111 2897/2478/2112 2885/2466/2100
f 2887/2467/2101 2899/2479/2113 2898/2477/2111 2886/2465/2099
f 2888/2468/2102 2900/2480/2114 2899/2479/2113 2887/2467/2101
f 2889/2469/2103 2901/2481/2115 2900/2480/2114 2888/2468/2102
f 2890/2470/2104 2902/2482/2116 2901/2481/2115 2889/2469/2103
f 2891/2471/2105 2903/2483/2117 2902/2482/2116 2890/2470/2104
f 2892/2472/2106 2904/2484/2118 2903/2483/2117 2891/2471/2105
f 2893/2473/2107 2905/2485/2119 2904/2484/2118 2892/2472/2106
f 2894/2474/2108 2906/2486/2120 2905/2485/2119 2893/2473/2107
f 2895/2475/2109 2907/2487/2121 2906/2486/2120 2894/2474/2108
f 2896/2476/2110 2908/2488/2122 2907/2487/2121 2895/2475/2109
f 2898/2477/2111 2910/2489/2123 2909/2490/2124 2897/2478/2112
f 2899/2479/2113 2911/2491/2125 2910/2489/2123 2898/2477/2111
f 2900/2480/2114 2912/2492/2126 2911/2491/2125 2899/2479/2113
f 2901/2481/2115 2913/2493/2127 2912/2492/2126 2900/2480/2114
f 2902/2482/2116 2914/2494/2128 2913/2493/2127 2901/2481/2115
f 2903/2483/2117 2915/2495/2129 2914/2494/2128 2902/2482/2116
f 2904/2484/2118 2916/2496/2130 2915/2495/2129 2903/2483/2117
f 2905/2485/2119 2917/2497/2131 2916/2496/2130 2904/2484/2118
f 2906/2486/2120 2918/2498/2132 2917/2497/2131 2905/2485/2119
f 2907/2487/2121 2919/2499/2133 2918/2498/2132 2906/2486/2120
f 2908/2488/2122 2920/2500/2134 2919/2499/2133 2907/2487/2121
f 2910/2489/2123 2922/2501/2135 2921/2502/2136 2909/2490/2124
f 2911/2491/2125 2923/2503/2137 2922/2501/2135 2910/2489/2123
f 2912/2492/2126 2924/2504/2138 2923/2503/2137 2911/2491/2125
f 2913/2493/2127 2925/2505/2139 2924/2504/2138 2912/2492/2126
f 2914/2494/2128 2926/2506/2140 2925/2505/2139 2913/2493/2127
f 2915/2495/2129 2927/2507/2141 2926/2506/2140 2914/2494/2128
f 2916/2496/2130 2928/2508/2142 2927/2507/2141 2915/2495/2129
f 2917/2497/2131 2929/2509/2143 2928/2508/2142 2916/2496/2130
f 2918/2498/2132 2930/2510/2144 2929/2509/2143 2917/2497/2131
f 2919/2499/2133 2931/2511/2145 2930/2510/2144 2918/2498/2132
f 2920/2500/2134 2932/2512/2146 2931/2511/2145 2919/2499/2133
f 2922/2501/2135 2934/2513/2147 2933/2514/2148 2921/2502/2136
f 2923/2503/2137 2935/2515/2149 2934/2513/2147 2922/2501/2135
f 2924/2504/2138 2936/2516/2150 2935/2515/2149 2923/2503/2137
f 2925/2505/2139 2937/2517/2151 2936/2516/2150 2924/2504/2138
f 2926/2506/2140 2938/2518/2152 2937/2517/2151 2925/2505/2139
f 2927/2507/2141 2939/2519/2153 2938/2518/2152 2926/2506/2140
f 2928/2508/2142 2940/2520/2154 2939/2519/2153 2927/2507/2141
f 2929/2509/2143 2941/2521/2155 2940/2520/2154 2928/2508/2142
f 2930/2510/2144 2942/2522/2156 2941/2521/2155 2929/2509/2143
f 2931/2511/2145 2943/2523/2157 2942/2522/2156 2930/2510/2144
f 2932/2512/2146 2944/2524/2158 2943/2523/2157 2931/2511/2145
f 2934/2513/2147 2946/2525/2159 2945/2526/2160 2933/2514/2148
f 2935/2515/2149 2947/2527/2161 2946/2525/2159 2934/2513/2147
f 2936/2516/2150 2948/2528/2162 2947/2527/2161 2935/2515/2149
f 2937/2517/2151 2949/2529/2163 2948/2528/2162 2936/2516/2150
f 2938/2518/2152 2950/2530/2164 2949/2529/2163 2937/2517/2151
f 2939/2519/2153 2951/2531/2165 2950/2530/2164 2938/2518/2152
f 2940/2520/2154 2952/2532/2166 2951/2531/2165 2939/2519/2153
f 2941/2521/2155 2953/2533/2167 2952/2532/2166 2940/2520/2154
f 2942/2522/2156 2954/2534/2168 2953/2533/2167 2941/2521/2155
f 2943/2523/2157 2955/2535/2169 2954/2534/2168 2942/2522/2156
f 2944/2524/2158 2956/2536/2170 2955/2535/2169 2943/2523/2157
f 2946/2525/2159 2958/2537/2171 2957/2538/2172 2945/2526/2160
f 2947/2527/2161 2959/2539/2173 2958/2537/2171 2946/2525/2159
f 2948/2528/2162 2960/2540/2174 2959/2539/2173 2947/2527/2161
f 2949/2529/2163 2961/2541/2175 2960/2540/2174 2948/2528/2162
f 2950/2530/2164 2962/2542/2176 2961/2541/2175 2949/2529/2163
f 2951/2531/2165 2963/2543/2177 2962/2542/2176 2950/2530/2164
f 2952/2532/2166 2964/2544/2178 2963/2543/2177 2951/2531/2165
f 2953/2533/2167 2965/2545/2179 2964/2544/2178 2952/2532/2166
f 2954/2534/2168 2966/2546/2180 2965/2545/2179 2953/2533/2167
f 2955/2535/2169 2967/2547/2181 2966/2546/2180 2954/2534/2168
f 2956/2536/2170 2968/2548/2182 2967/2547/2181 2955/2535/2169
f 2958/2537/2171 2970/2549/2183 2969/2550/2184 2957/2538/2172
f 2959/2539/2173 2971/2551/2185 2970/2549/2183 2958/2537/2171
f 2960/2540/2174 2972/2552/2186 2971/2551/2185 2959/2539/2173
f 2961/2541/2175 2973/2553/2187 2972/2552/2186 2960/2540/2174
f 2962/2542/2176 2974/2554/2188 2973/2553/2187 2961/2541/2175
f 2963/2543/2177 2975/2555/2189 2974/2554/2188 2962/2542/2176
f 2964/2544/2178 2976/2556/2190 2975/2555/2189 2963/2543/2177
f 2965/2545/2179 2977/2557/2191 2976/2556/2190 2964/2544/2178
f 2966/2546/2180 2978/2558/2192 2977/2557/2191 2965/2545/2179
f 2967/2547/2181 2979/2559/2193 2978/2558/2192 2966/2546/2180
f 2968/2548/2182 2980/2560/2194 2979/2559/2193 2967/2547/2181
f 2970/2549/2183 2982/2561/2195 2981/2562/2196 2969/2550/2184
f 2971/2551/2185 2983/2563/2197 2982/2561/2195 2970/2549/2183
f 2972/2552/2186 2984/2564/2198 2983/2563/2197 2971/2551/2185
f 2973/2553/2187 2985/2565/2199 2984/2564/2198 2972/2552/2186
f 2974/2554/2188 2986/2566/2200 2985/2565/2199 2973/2553/2187
f 2975/2555/2189 2987/2567/2201 2986/2566/2200 2974/2554/2188
f 2976/2556/2190 2988/2568/2202 2987/2567/2201 2975/2555/2189
f 2977/2557/2191 2989/2569/2203 2988/2568/2202 2976/2556/2190
f 2978/2558/2192 2990/2570/2204 2989/2569/2203 2977/2557/2191
f 2979/2559/2193 2991/2571/2205 2990/2570/2204 2978/2558/2192
f 2980/2560/2194 2992/2572/2206 2991/2571/2205 2979/2559/2193
f 2982/2561/2195 2994/2573/2207 2993/2574/2208 2981/2562/2196
f 2983/2563/2197 2995/2575/2209 2994/2573/2207 2982/2561/2195
f 2984/2564/2198 2996/2576/2210 2995/2575/2209 2983/2563/2197
f 2985/2565/2199 2997/2577/2211 2996/2576/2210 2984/2564/2198
f 2986/2566/2200 2998/2578/2212 2997/2577/2211 2985/2565/2199
f 2987/2567/2201 2999/2579/2213 2998/2578/2212 2986/2566/2200
f 2988/2568/2202 3000/2580/2214 2999/2579/2213 2987/2567/2201
f 2989/2569/2203 3001/2581/2215 3000/2580/2214 2988/2568/2202
f 2990/2570/2204 3002/2582/2216 3001/2581/2215 2989/2569/2203
f 2991/2571/2205 3003/2583/2217 3002/2582/2216 2990/2570/2204
f 2992/2572/2206 3004/2584/2218 3003/2583/2217 2991/2571/2205
f 2994/2573/2207 3006/2585/2219 3005/2586/2220 2993/2574/2208
f 2995/2575/2209 3007/2587/2221 3006/2585/2219 2994/2573/2207
f 2996/2576/2210 3008/2588/2222 3007/2587/2221 2995/2575/2209
f 2997/2577/2211 3009/2589/2223 3008/2588/2222 2996/2576/2210
f 2998/2578/2212 3010/2590/2224 3009/2589/2223 2997/2577/2211
f 2999/2579/2213 3011/2591/2225 3010/2590/2224 2998/2578/2212
f 3000/2580/2214 3012/2592/2226 3011/2591/2225 2999/2579/2213
f 3001/2581/2215 3013/2593/2227 3012/2592/2226 3000/2580/2214
f 3002/2582/2216 3014/2594/2228 3013/2593/2227 3001/2581/2215
f 3003/2583/2217 3015/2595/2229 3014/2594/2228 3002/2582/2216
f 3004/2584/2218 3016/2596/2230 3015/2595/2229 3003/2583/2217
f 3006/2585/2219 3018/2597/2231 3017/2598/2232 3005/2586/2220
f 3007/2587/2221 3019/2599/2233 3018/2597/2231 3006/2585/2219
f 3008/2588/2222 3020/2600/2234 3019/2599/2233 3007/2587/2221
f 3009/2589/2223 3021/2601/2235 3020/2600/2234 3008/2588/2222
f 3010/2590/2224 3022/2602/2236 3021/2601/2235 3009/2589/2223
f 3011/2591/2225 3023/2603/2237 3022/2602/2236 3010/2590/2224
f 3012/2592/2226 3024/2604/2238 3023/2603/2237 3011/2591/2225
f 3013/2593/2227 3025/2605/2239 3024/2604/2238 3012/2592/2226
f 3014/2594/2228 3026/2606/2240 3025/2605/2239 3013/2593/2227
f 3015/2595/2229 3027/2607/2241 3026/2606/2240 3014/2594/2228
f 3016/2596/2230 3028/2608/2242 3027/2607/2241 3015/2595/2229
f 3018/2597/2231 3030/2609/2243 3029/2610/2244 3017/2598/2232
f 3019/2599/2233 3031/2611/2245 3030/2609/2243 3018/2597/2231
f 3020/2600/2234 3032/2612/2246 3031/2611/2245 3019/2599/2233
f 3021/2601/2235 3033/2613/2247 3032/2612/2246 3020/2600/2234
f 3022/2602/2236 3034/2614/2248 3033/2613/2247 3021/2601/2235
f 3023/2603/2237 3035/2615/2249 3034/2614/2248 3022/2602/2236
f 3024/2604/2238 3036/2616/2250 3035/2615/2249 3023/2603/2237
f 3025/2605/2239 3037/2617/2251 3036/2616/2250 3024/2604/2238
f 3026/2606/2240 3038/2618/2252 3037/2617/2251 3025/2605/2239
f 3027/2607/2241 3039/2619/2253 3038/2618/2252 3026/2606/2240
f 3028/2608/2242 3040/2620/2254 3039/2619/2253 3027/2607/2241
f 3030/2609/2243 3042/2621/2255 3041/2622/2256 3029/2610/2244
f 3031/2611/2245 3043/2623/2257 3042/2621/2255 3030/2609/2243
f 3032/2612/2246 3044/2624/2258 3043/2623/2257 3031/2611/2245
f 3033/2613/2247 3045/2625/2259 3044/2624/2258 3032/2612/2246
f 3034/2614/2248 3046/2626/2260 3045/2625/2259 3033/2613/2247
f 3035/2615/2249 3047/2627/2261 3046/2626/2260 3034/2614/2248
f 3036/2616/2250 3048/2628/2262 3047/2627/2261 3035/2615/2249
f 3037/2617/2251 3049/2629/2263 3048/2628/2262 3036/2616/2250
f 3038/2618/2252 3050/2630/2264 3049/2629/2263 3037/2617/2251
f 3039/2619/2253 3051/2631/2265 3050/2630/2264 3038/2618/2252
f 3040/2620/2254 3052/2632/2266 3051/2631/2265 3039/2619/2253
f 3042/2621/2255 3054/2633/2267 3053/2634/2268 3041/2622/2256
f 3043/2623/2257 3055/2635/2269 3054/2633/2267 3042/2621/2255
f 3044/2624/2258 3056/2636/2270 3055/2635/2269 3043/2623/2257
f 3045/2625/2259 3057/2637/2271 3056/2636/2270 3044/2624/2258
f 3046/2626/2260 3058/2638/2272 3057/2637/2271 3045/2625/2259
f 3047/2627/2261 3059/2639/2273 3058/2638/2272 3046/2626/2260
f 3048/2628/2262 3060/2640/2274 3059/2639/2273 3047/2627/2261
f 3049/2629/2263 3061/2641/2275 3060/2640/2274 3048/2628/2262
f 3050/2630/2264 3062/2642/2276 3061/2641/2275 3049/2629/2263
f 3051/2631/2265 3063/2643/2277 3062/2642/2276 3050/2630/2264
f 3052/2632/2266 3064/2644/2278 3063/2643/2277 3051/2631/2265
f 3054/2633/2267 3066/2645/2279 3065/2646/2280 3053/2634/2268
f 3055/2635/2269 3067/2647/2281 3066/2645/2279 3054/2633/2267
f 3056/2636/2270 3068/2648/2282 3067/2647/2281 3055/2635/2269
f 3057/2637/2271 3069/2649/2283 3068/2648/2282 3056/2636/2270
f 3058/2638/2272 3070/2650/2284 3069/2649/2283 3057/2637/2271
f 3059/2639/2273 3071/2651/2285 3070/2650/2284 3058/2638/2272
f 3060/2640/2274 3072/2652/2286 3071/2651/2285 3059/2639/2273
f 3061/2641/2275 3073/2653/2287 3072/2652/2286 3060/2640/2274
f 3062/2642/2276 3074/2654/2288 3073/2653/2287 3061/2641/2275
f 3063/2643/2277 3075/2655/2289 3074/2654/2288 3062/2642/2276
f 3064/2644/2278 3076/2656/2290 3075/2655/2289 3063/2643/2277
f 3066/2645/2279 3078/2657/2291 3077/2658/2292 3065/2646/2280
f 3067/2647/2281 3079/2659/2293 3078/2657/2291 3066/2645/2279
f 3068/2648/2282 3080/2660/2294 3079/2659/2293 3067/2647/2281
f 3069/2649/2283 3081/2661/2295 3080/2660/2294 3068/2648/2282
f 3070/2650/2284 3082/2662/2296 3081/2661/2295 3069/2649/2283
f 3071/2651/2285 3083/2663/2297 3082/2662/2296 3070/2650/2284
f 3072/2652/2286 3084/2664/2298 3083/2663/2297 3071/2651/2285
f 3073/2653/2287 3085/2665/2299 3084/2664/2298 3072/2652/2286
f 3074/2654/2288 3086/2666/2300 3085/2665/2299 3073/2653/2287
f 3075/2655/2289 3087/2667/2301 3086/2666/2300 3074/2654/2288
f 3076/2656/2290 3088/2668/2302 3087/2667/2301 3075/2655/2289
f 3078/2657/2291 3090/2669/2303 3089/2670/2304 3077/2658/2292
f 3079/2659/2293 3091/2671/2305 3090/2669/2303 3078/2657/2291
f 3080/2660/2294 3092/2672/2306 3091/2671/2305 3079/2659/2293
f 3081/2661/2295 3093/2673/2307 3092/2672/2306 3080/2660/2294
f 3082/2662/2296 3094/2674/2308 3093/2673/2307 3081/2661/2295
f 3083/2663/2297 3095/2675/2309 3094/2674/2308 3082/2662/2296
f 3084/2664/2298 3096/2676/2310 3095/2675/2309 3083/2663/2297
f 3085/2665/2299 3097/2677/2311 3096/2676/2310 3084/2664/2298
f 3086/2666/2300 3098/2678/2312 3097/2677/2311 3085/2665/2299
f 3087/2667/2301 3099/2679/2313 3098/2678/2312 3086/2666/2300
f 3088/2668/2302 3100/2680/2314 3099/2679/2313 3087/2667/2301
f 3090/2669/2303 3102/2681/2315 3101/2682/2316 3089/2670/2304
f 3091/2671/2305 3103/2683/2317 3102/2681/2315 3090/2669/2303
f 3092/2672/2306 3104/2684/2318 3103/2683/2317 3091/2671/2305
f 3093/2673/2307 3105/2685/2319 3104/2684/2318 3092/2672/2306
f 3094/2674/2308 3106/2686/2320 3105/2685/2319 3093/2673/2307
f 3095/2675/2309 3107/2687/2321 3106/2686/2320 3094/2674/2308
f 3096/2676/2310 3108/2688/2322 3107/2687/2321 3095/2675/2309
f 3097/2677/2311 3109/2689/2323 3108/2688/2322 3096/2676/2310
f 3098/2678/2312 3110/2690/2324 3109/2689/2323 3097/2677/2311
f 3099/2679/2313 3111/2691/2325 3110/2690/2324 3098/2678/2312
f 3100/2680/2314 3112/2692/2326 3111/2691/2325 3099/2679/2313
f 3102/2681/2315 3114/2693/2327 3113/2694/2328 3101/2682/2316
f 3103/2683/2317 3115/2695/2329 3114/2693/2327 3102/2681/2315
f 3104/2684/2318 3116/2696/2330 3115/2695/2329 3103/2683/2317
f 3105/2685/2319 3117/2697/2331 3116/2696/2330 3104/2684/2318
f 3106/2686/2320 3118/2698/2332 3117/2697/2331 3105/2685/2319
f 3107/2687/2321 3119/2699/2333 3118/2698/2332 3106/2686/2320
f 3108/2688/2322 3120/2700/2334 3119/2699/2333 3107/2687/2321
f 3109/2689/2323 3121/2701/2335 3120/2700/2334 3108/2688/2322
f 3110/2690/2324 3122/2702/2336 3121/2701/2335 3109/2689/2323
f 3111/2691/2325 3123/2703/2337 3122/2702/2336 3110/2690/2324
f 3112/2692/2326 3124/2704/2338 3123/2703/2337 3111/2691/2325
f 3114/2693/2327 3126/2705/2339 3125/2706/2340 3113/2694/2328
f 3115/2695/2329 3127/2707/2341 3126/2705/2339 3114/2693/2327
f 3116/2696/2330 3128/2708/2342 3127/2707/2341 3115/2695/2329
f 3117/2697/2331 3129/2709/2343 3128/2708/2342 3116/2696/2330
f 3118/2698/2332 3130/2710/2344 3129/2709/2343 3117/2697/2331
f 3119/2699/2333 3131/2711/2345 3130/2710/2344 3118/2698/2332
f 3120/2700/2334 3132/2712/2346 3131/2711/2345 3119/2699/2333
f 3121/2701/2335 3133/2713/2347 3132/2712/2346 3120/2700/2334
f 3122/2702/2336 3134/2714/2348 3133/2713/2347 3121/2701/2335
f 3123/2703/2337 3135/2715/2349 3134/2714/2348 3122/2702/2336
f 3124/2704/2338 3136/2716/2350 3135/2715/2349 3123/2703/2337
f 3126/2705/2339 3138/2717/2351 3137/2718/2352 3125/2706/2340
f 3127/2707/2341 3139/2719/2353 3138/2717/2351 3126/2705/2339
f 3128/2708/2342 3140/2720/2354 3139/2719/2353 3127/2707/2341
f 3129/2709/2343 3141/2721/2355 3140/2720/2354 3128/2708/2342
f 3130/2710/2344 3142/2722/2356 3141/2721/2355 3129/2709/2343
f 3131/2711/2345 3143/2723/2357 3142/2722/2356 3130/2710/2344
f 3132/2712/2346 3144/2724/2358 3143/2723/2357 3131/2711/2345
f 3133/2713/2347 3145/2725/2359 3144/2724/2358 3132/2712/2346
f 3134/2714/2348 3146/2726/2360 3145/2725/2359 3133/2713/2347
f 3135/2715/2349 3147/2727/2361 3146/2726/2360 3134/2714/2348
f 3136/2716/2350 3148/2728/2362 3147/2727/2361 3135/2715/2349
f 3138/2717/2351 3150/2729/2363 3149/2730/2364 3137/2718/2352
f 3139/2719/2353 3151/2731/2365 3150/2729/2363 3138/2717/2351
f 3140/2720/2354 3152/2732/2366 3151/2731/2365 3139/2719/2353
f 3141/2721/2355 3153/2733/2367 3152/2732/2366 3140/2720/2354
f 3142/2722/2356 3154/2734/2368 3153/2733/2367 3141/2721/2355
f 3143/2723/2357 3155/2735/2369 3154/2734/2368 3142/2722/2356
f 3144/2724/2358 3156/2736/2370 3155/2735/2369 3143/2723/2357
f 3145/2725/2359 3157/2737/2371 3156/2736/2370 3144/2724/2358
f 3146/2726/2360 3158/2738/2372 3157/2737/2371 3145/2725/2359
f 3147/2727/2361 3159/2739/2373 3158/2738/2372 3146/2726/2360
f 3148/2728/2362 3160/2740/2374 3159/2739/2373 3147/2727/2361
f 3150/2729/2363 3162/2741/2375 3161/2742/2376 3149/2730/2364
f 3151/2731/2365 3163/2743/2377 3162/2741/2375 3150/2729/2363
f 3152/2732/2366 3164/2744/2378 3163/2743/2377 3151/2731/2365
f 3153/2733/2367 3165/2745/2379 3164/2744/2378 3152/2732/2366
f 3154/2734/2368 3166/2746/2380 3165/2745/2379 3153/2733/2367
f 3155/2735/2369 3167/2747/2381 3166/2746/2380 3154/2734/2368
f 3156/2736/2370 3168/2748/2382 3167/2747/2381 3155/2735/2369
f 3157/2737/2371 3169/2749/2383 3168/2748/2382 3156/2736/2370
f 3158/2738/2372 3170/2750/2384 3169/2749/2383 3157/2737/2371
f 3159/2739/2373 3171/2751/2385 3170/2750/2384 3158/2738/2372
f 3160/2740/2374 3172/2752/2386 3171/2751/2385 3159/2739/2373
f 3162/2741/2375 3174/2753/2387 3173/2754/2388 3161/2742/2376
f 3163/2743/2377 3175/2755/2389 3174/2753/2387 3162/2741/2375
f 3164/2744/2378 3176/2756/2390 3175/2755/2389 3163/2743/2377
f 3165/2745/2379 3177/2757/2391 3176/2756/2390 3164/2744/2378
f 3166/2746/2380 3178/2758/2392 3177/2757/2391 3165/2745/2379
f 3167/2747/2381 3179/2759/2393 3178/2758/2392 3166/2746/2380
f 3168/2748/2382 3180/2760/2394 3179/2759/2393 3167/2747/2381
f 3169/2749/2383 3181/2761/2395 3180/2760/2394 3168/2748/2382
f 3170/2750/2384 3182/2762/2396 3181/2761/2395 3169/2749/2383
f 3171/2751/2385 3183/2763/2397 3182/2762/2396 3170/2750/2384
f 3172/2752/2386 3184/2764/2398 3183/2763/2397 3171/2751/2385
f 3174/2753/2387 3186/2765/2399 3185/2766/2400 3173/2754/2388
f 3175/2755/2389 3187/2767/2401 3186/2765/2399 3174/2753/2387
f 3176/2756/2390 3188/2768/2402 3187/2767/2401 3175/2755/2389
f 3177/2757/2391 3189/2769/2403 3188/2768/2402 3176/2756/2390
f 3178/2758/2392 3190/2770/2404 3189/2769/2403 3177/2757/2391
f 3179/2759/2393 3191/2771/2405 3190/2770/2404 3178/2758/2392
f 3180/2760/2394 3192/2772/2406 3191/2771/2405 3179/2759/2393
f 3181/2761/2395 3193/2773/2407 3192/2772/2406 3180/2760/2394
f 3182/2762/2396 3194/2774/2408 3193/2773/2407 3181/2761/2395
f 3183/2763/2397 3195/2775/2409 3194/2774/2408 3182/2762/2396
f 3184/2764/2398 3196/2776/2410 3195/2775/2409 3183/2763/2397
f 3186/2765/2399 3198/2777/2411 3197/2778/2412 3185/2766/2400
f 3187/2767/2401 3199/2779/2413 3198/2777/2411 3186/2765/2399
f 3188/2768/2402 3200/2780/2414 3199/2779/2413 3187/2767/2401
f 3189/2769/2403 3201/2781/2415 3200/2780/2414 3188/2768/2402
f 3190/2770/2404 3202/2782/2416 3201/2781/2415 3189/2769/2403
f 3191/2771/2405 3203/2783/2417 3202/2782/2416 3190/2770/2404
f 3192/2772/2406 3204/2784/2418 3203/2783/2417 3191/2771/2405
f 3193/2773/2407 3205/2785/2419 3204/2784/2418 3192/2772/2406
f 3194/2774/2408 3206/2786/2420 3205/2785/2419 3193/2773/2407
f 3195/2775/2409 3207/2787/2421 3206/2786/2420 3194/2774/2408
f 3196/2776/2410 3208/2788/2422 3207/2787/2421 3195/2775/2409
f 3198/2777/2411 3210/2789/2423 3209/2790/2424 3197/2778/2412
f 3199/2779/2413 3211/2791/2425 3210/2789/2423 3198/2777/2411
f 3200/2780/2414 3212/2792/2426 3211/2791/2425 3199/2779/2413
f 3201/2781/2415 3213/2793/2427 3212/2792/2426 3200/2780/2414
f 3202/2782/2416 3214/2794/2428 3213/2793/2427 3201/2781/2415
f 3203/2783/2417 3215/2795/2429 3214/2794/2428 3202/2782/2416
f 3204/2784/2418 3216/2796/2430 3215/2795/2429 3203/2783/2417
f 3205/2785/2419 3217/2797/2431 3216/2796/2430 3204/2784/2418
f 3206/2786/2420 3218/2798/2432 3217/2797/2431 3205/2785/2419
f 3207/2787/2421 3219/2799/2433 3218/2798/2432 3206/2786/2420
f 3208/2788/2422 3220/2800/2434 3219/2799/2433 3207/2787/2421
f 3210/2789/2423 3222/2801/2435 3221/2802/2436 3209/2790/2424
f 3211/2791/2425 3223/2803/2437 3222/2801/2435 3210/2789/2423
f 3212/2792/2426 3224/2804/2438 3223/2803/2437 3211/2791/2425
f 3213/2793/2427 3225/2805/2439 3224/2804/2438 3212/2792/2426
f 3214/2794/2428 3226/2806/2440 3225/2805/2439 3213/2793/2427
f 3215/2795/2429 3227/2807/2441 3226/2806/2440 3214/2794/2428
f 3216/2796/2430 3228/2808/2442 3227/2807/2441 3215/2795/2429
f 3217/2797/2431 3229/2809/2443 3228/2808/2442 3216/2796/2430
f 3218/2798/2432 3230/2810/2444 3229/2809/2443 3217/2797/2431
f 3219/2799/2433 3231/2811/2445 3230/2810/2444 3218/2798/2432
f 3220/2800/2434 3232/2812/2446 3231/2811/2445 3219/2799/2433
f 3222/2801/2435 3234/2813/2447 3233/2814/2448 3221/2802/2436
f 3223/2803/2437 3235/2815/2449 3234/2813/2447 3222/2801/2435
f 3224/2804/2438 3236/2816/2450 3235/2815/2449 3223/2803/2437
f 3225/2805/2439 3237/2817/2451 3236/2816/2450 3224/2804/2438
f 3226/2806/2440 3238/2818/2452 3237/2817/2451 3225/2805/2439
f 3227/2807/2441 3239/2819/2453 3238/2818/2452 3226/2806/2440
f 3228/2808/2442 3240/2820/2454 3239/2819/2453 3227/2807/2441
f 3229/2809/2443 3241/2821/2455 3240/2820/2454 3228/2808/2442
f 3230/2810/2444 3242/2822/2456 3241/2821/2455 3229/2809/2443
f 3231/2811/2445 3243/2823/2457 3242/2822/2456 3230/2810/2444
f 3232/2812/2446 3244/2824/2458 3243/2823/2457 3231/2811/2445
f 3234/2813/2447 3246/2825/2459 3245/2826/2460 3233/2814/2448
f 3235/2815/2449 3247/2827/2461 3246/2825/2459 3234/2813/2447
f 3236/2816/2450 3248/2828/2462 3247/2827/2461 3235/2815/2449
f 3237/2817/2451 3249/2829/2463 3248/2828/2462 3236/2816/2450
f 3238/2818/2452 3250/2830/2464 3249/2829/2463 3237/2817/2451
f 3239/2819/2453 3251/2831/2465 3250/2830/2464 3238/2818/2452
f 3240/2820/2454 3252/2832/2466 3251/2831/2465 3239/2819/2453
f 3241/2821/2455 3253/2833/2467 3252/2832/2466 3240/2820/2454
f 3242/2822/2456 3254/2834/2468 3253/2833/2467 3241/2821/2455
f 3243/2823/2457 3255/2835/2469 3254/2834/2468 3242/2822/2456
f 3244/2824/2458 3256/2836/2470 3255/2835/2469 3243/2823/2457
f 3246/2825/2459 3258/2837/2471 3257/2838/2472 3245/2826/2460
f 3247/2827/2461 3259/2839/2473 3258/2837/2471 3246/2825/2459
f 3248/2828/2462 3260/2840/2474 3259/2839/2473 3247/2827/2461
f 3249/2829/2463 3261/2841/2475 3260/2840/2474 3248/2828/2462
f 3250/2830/2464 3262/2842/2476 3261/2841/2475 3249/2829/2463
f 3251/2831/2465 3263/2843/2477 3262/2842/2476 3250/2830/2464
f 3252/2832/2466 3264/2844/2478 3263/2843/2477 3251/2831/2465
f 3253/2833/2467 3265/2845/2479 3264/2844/2478 3252/2832/2466
f 3254/2834/2468 3266/2846/2480 3265/2845/2479 3253/2833/2467
f 3255/2835/2469 3267/2847/2481 3266/2846/2480 3254/2834/2468
f 3256/2836/2470 3268/2848/2482 3267/2847/2481 3255/2835/2469
f 3258/2837/2471 3270/2849/2483 3269/2850/2484 3257/2838/2472
f 3259/2839/2473 3271/2851/2485 3270/2849/2483 3258/2837/2471
f 3260/2840/2474 3272/2852/2486 3271/2851/2485 3259/2839/2473
f 3261/2841/2475 3273/2853/2487 3272/2852/2486 3260/2840/2474
f 3262/2842/2476 3274/2854/2488 3273/2853/2487 3261/2841/2475
f 3263/2843/2477 3275/2855/2489 3274/2854/2488 3262/2842/2476
f 3264/2844/2478 3276/2856/2490 3275/2855/2489 3263/2843/2477
f 3265/2845/2479 3277/2857/2491 3276/2856/2490 3264/2844/2478
f 3266/2846/2480 3278/2858/2492 3277/2857/2491 3265/2845/2479
f 3267/2847/2481 3279/2859/2493 3278/2858/2492 3266/2846/2480
f 3268/2848/2482 3280/2860/2494 3279/2859/2493 3267/2847/2481
f 3270/2849/2483 3282/2861/2495 3281/2862/2496 3269/2850/2484
f 3271/2851/2485 3283/2863/2497 3282/2861/2495 3270/2849/2483
f 3272/2852/2486 3284/2864/2498 3283/2863/2497 3271/2851/2485
f 3273/2853/2487 3285/2865/2499 3284/2864/2498 3272/2852/2486
f 3274/2854/2488 3286/2866/2500 3285/2865/2499 3273/2853/2487
f 3275/2855/2489 3287/2867/2501 3286/2866/2500 3274/2854/2488
f 3276/2856/2490 3288/2868/2502 3287/2867/2501 3275/2855/2489
f 3277/2857/2491 3289/2869/2503 3288/2868/2502 3276/2856/2490
f 3278/2858/2492 3290/2870/2504 3289/2869/2503 3277/2857/2491
f 3279/2859/2493 3291/2871/2505 3290/2870/2504 3278/2858/2492
f 3280/2860/2494 3292/2872/2506 3291/2871/2505 3279/2859/2493
f 3282/2861/2495 3294/2873/2507 3293/2874/2508 3281/2862/2496
f 3283/2863/2497 3295/2875/2509 3294/2873/2507 3282/2861/2495
f 3284/2864/2498 3296/2876/2510 3295/2875/2509 3283/2863/2497
f 3285/2865/2499 3297/2877/2511 3296/2876/2510 3284/2864/2498
f 3286/2866/2500 3298/2878/2512 3297/2877/2511 3285/2865/2499
f 3287/2867/2501 3299/2879/2513 3298/2878/2512 3286/2866/2500
f 3288/2868/2502 3300/2880/2514 3299/2879/2513 3287/2867/2501
f 3289/2869/2503 3301/2881/2515 3300/2880/2514 3288/2868/2502
f 3290/2870/2504 3302/2882/2516 3301/2881/2515 3289/2869/2503
f 3291/2871/2505 3303/2883/2517 3302/2882/2516 3290/2870/2504
f 3292/2872/2506 3304/2884/2518 3303/2883/2517 3291/2871/2505
f 3294/2873/2507 3306/2885/2519 3305/2886/2520 3293/2874/2508
f 3295/2875/2509 3307/2887/2521 3306/2885/2519 3294/2873/2507
f 3296/2876/2510 3308/2888/2522 3307/2887/2521 3295/2875/2509
f 3297/2877/2511 3309/2889/2523 3308/2888/2522 3296/2876/2510
f 3298/2878/2512 3310/2890/2524 3309/2889/2523 3297/2877/2511
f 3299/2879/2513 3311/2891/2525 3310/2890/2524 3298/2878/2512
f 3300/2880/2514 3312/2892/2526 3311/2891/2525 3299/2879/2513
f 3301/2881/2515 3313/2893/2527 3312/2892/2526 3300/2880/2514
f 3302/2882/2516 3314/2894/2528 3313/2893/2527 3301/2881/2515
f 3303/2883/2517 3315/2895/2529 3314/2894/2528 3302/2882/2516
f 3304/2884/2518 3316/2896/2530 3315/2895/2529 3303/2883/2517
f 3306/2885/2519 3318/2897/2531 3317/2898/2532 3305/2886/2520
f 3307/2887/2521 3319/2899/2533 3318/2897/2531 3306/2885/2519
f 3308/2888/2522 3320/2900/2534 3319/2899/2533 3307/2887/2521
f 3309/2889/2523 3321/2901/2535 3320/2900/2534 3308/2888/2522
f 3310/2890/2524 3322/2902/2536 3321/2901/2535 3309/2889/2523
f 3311/2891/2525 3323/2903/2537 3322/2902/2536 3310/2890/2524
f 3312/2892/2526 3324/2904/2538 3323/2903/2537 3311/2891/2525
f 3313/2893/2527 3325/2905/2539 3324/2904/2538 3312/2892/2526
f 3314/2894/2528 3326/2906/2540 3325/2905/2539 3313/2893/2527
f 3315/2895/2529 3327/2907/2541 3326/2906/2540 3314/2894/2528
f 3316/2896/2530 3328/2908/2542 3327/2907/2541 3315/2895/2529
f 3318/2897/2531 3330/2909/2543 3329/2910/2544 3317/2898/2532
f 3319/2899/2533 3331/2911/2545 3330/2909/2543 3318/2897/2531
f 3320/2900/2534 3332/2912/2546 3331/2911/2545 3319/2899/2533
f 3321/2901/2535 3333/2913/2547 3332/2912/2546 3320/2900/2534
f 3322/2902/2536 3334/2914/2548 3333/2913/2547 3321/2901/2535
f 3323/2903/2537 3335/2915/2549 3334/2914/2548 3322/2902/2536
f 3324/2904/2538 3336/2916/2550 3335/2915/2549 3323/2903/2537
f 3325/2905/2539 3337/2917/2551 3336/2916/2550 3324/2904/2538
f 3326/2906/2540 3338/2918/2552 3337/2917/2551 3325/2905/2539
f 3327/2907/2541 3339/2919/2553 3338/2918/2552 3326/2906/2540
f 3328/2908/2542 3340/2920/2554 3339/2919/2553 3327/2907/2541
f 3330/2909/2543 3342/2921/2555 3341/2922/2556 3329/2910/2544
f 3331/2911/2545 3343/2923/2557 3342/2921/2555 3330/2909/2543
f 3332/2912/2546 3344/2924/2558 3343/2923/2557 3331/2911/2545
f 3333/2913/2547 3345/2925/2559 3344/2924/2558 3332/2912/2546
f 3334/2914/2548 3346/2926/2560 3345/2925/2559 3333/2913/2547
f 3335/2915/2549 3347/2927/2561 3346/2926/2560 3334/2914/2548
f 3336/2916/2550 3348/2928/2562 3347/2927/2561 3335/2915/2549
f 3337/2917/2551 3349/2929/2563 3348/2928/2562 3336/2916/2550
f 3338/2918/2552 3350/2930/2564 3349/2929/2563 3337/2917/2551
f 3339/2919/2553 3351/2931/2565 3350/2930/2564 3338/2918/2552
f 3340/2920/2554 3352/2932/2566 3351/2931/2565 3339/2919/2553
f 3342/2921/2555 3354/2933/2567 3353/2934/2568 3341/2922/2556
f 3343/2923/2557 3355/2935/2569 3354/2933/2567 3342/2921/2555
f 3344/2924/2558 3356/2936/2570 3355/2935/2569 3343/2923/2557
f 3345/2925/2559 3357/2937/2571 3356/2936/2570 3344/2924/2558
f 3346/2926/2560 3358/2938/2572 3357/2937/2571 3345/2925/2559
f 3347/2927/2561 3359/2939/2573 3358/2938/2572 3346/2926/2560
f 3348/2928/2562 3360/2940/2574 3359/2939/2573 3347/2927/2561
f 3349/2929/2563 3361/2941/2575 3360/2940/2574 3348/2928/2562
f 3350/2930/2564 3362/2942/2576 3361/2941/2575 3349/2929/2563
f 3351/2931/2565 3363/2943/2577 3362/2942/2576 3350/2930/2564
f 3352/2932/2566 3364/2944/2578 3363/2943/2577 3351/2931/2565
f 3354/2933/2567 3366/2945/2579 3365/2946/2580 3353/2934/2568
f 3355/2935/2569 3367/2947/2581 3366/2945/2579 3354/2933/2567
f 3356/2936/2570 3368/2948/2582 3367/2947/2581 3355/2935/2569
f 3357/2937/2571 3369/2949/2583 3368/2948/2582 3356/2936/2570
f 3358/2938/2572 3370/2950/2584 3369/2949/2583 3357/2937/2571
f 3359/2939/2573 3371/2951/2585 3370/2950/2584 3358/2938/2572
f 3360/2940/2574 3372/2952/2586 3371/2951/2585 3359/2939/2573
f 3361/2941/2575 3373/2953/2587 3372/2952/2586 3360/2940/2574
f 3362/2942/2576 3374/2954/2588 3373/2953/2587 3361/2941/2575
f 3363/2943/2577 3375/2955/2589 3374/2954/2588 3362/2942/2576
f 3364/2944/2578 3376/2956/2590 3375/2955/2589 3363/2943/2577
f 3366/2945/2579 1914/1088/1127 1913/4/1130 3365/2946/2580
f 3367/2947/2581 1915/1089/1131 1914/1088/1127 3366/2945/2579
f 3368/2948/2582 1916/1090/1133 1915/1089/1131 3367/2947/2581
f 3369/2949/2583 1917/1091/1135 1916/1090/1133 3368/2948/2582
f 3370/2950/2584 1918/1092/1137 1917/1091/1135 3369/2949/2583
f 3371/2951/2585 1919/1093/1139 1918/1092/1137 3370/2950/2584
f 3372/2952/2586 1920/1094/1141 1919/1093/1139 3371/2951/2585
f 3373/2953/2587 1921/1095/1143 1920/1094/1141 3372/2952/2586
f 3374/2954/2588 1922/1096/1145 1921/1095/1143 3373/2953/2587
f 3375/2955/2589 1923/1097/1147 1922/1096/1145 3374/2954/2588
f 3376/2956/2590 1924/1098/1149 1923/1097/1147 3375/2955/2589
f 3378/285/2591 3390/2957/2592 3389/2958/2593 3377/7/2594
f 3379/288/2595 3391/2959/2596 3390/2957/2592 3378/285/2591
f 3380/290/2597 3392/2960/2598 3391/2959/2596 3379/288/2595
f 3381/292/2599 3393/2961/2600 3392/2960/2598 3380/290/2597
f 3382/294/2601 3394/2962/2602 3393/2961/2600 3381/292/2599
f 3383/296/2603 3395/2963/2604 3394/2962/2602 3382/294/2601
f 3384/298/2605 3396/2964/2606 3395/2963/2604 3383/296/2603
f 3385/300/2607 3397/2965/2608 3396/2964/2606 3384/298/2605
f 3386/302/2609 3398/2966/2610 3397/2965/2608 3385/300/2607
f 3387/304/2611 3399/2967/2612 3398/2966/2610 3386/302/2609
f 3388/306/2613 3400/2968/2614 3399/2967/2612 3387/304/2611
f 3390/2957/2592 3402/2969/2615 3401/2970/2616 3389/2958/2593
f 3391/2959/2596 3403/2971/2617 3402/2969/2615 3390/2957/2592
f 3392/2960/2598 3404/2972/2618 3403/2971/2617 3391/2959/2596
f 3393/2961/2600 3405/2973/2619 3404/2972/2618 3392/2960/2598
f 3394/2962/2602 3406/2974/2620 3405/2973/2619 3393/2961/2600
f 3395/2963/2604 3407/2975/2621 3406/2974/2620 3394/2962/2602
f 3396/2964/2606 3408/2976/2622 3407/2975/2621 3395/2963/2604
f 3397/2965/2608 3409/2977/2623 3408/2976/2622 3396/2964/2606
f 3398/2966/2610 3410/2978/2624 3409/2977/2623 3397/2965/2608
f 3399/2967/2612 3411/2979/2625 3410/2978/2624 3398/2966/2610
f 3400/2968/2614 3412/2980/2626 3411/2979/2625 3399/2967/2612
f 3402/2969/2615 3414/2981/2627 3413/2982/2628 3401/2970/2616
f 3403/2971/2617 3415/2983/2629 3414/2981/2627 3402/2969/2615
f 3404/2972/2618 3416/2984/2630 3415/2983/2629 3403/2971/2617
f 3405/2973/2619 3417/2985/2631 3416/2984/2630 3404/2972/2618
f 3406/2974/2620 3418/2986/2632 3417/2985/2631 3405/2973/2619
f 3407/2975/2621 3419/2987/2633 3418/2986/2632 3406/2974/2620
f 3408/2976/2622 3420/2988/2634 3419/2987/2633 3407/2975/2621
f 3409/2977/2623 3421/2989/2635 3420/2988/2634 3408/2976/2622
f 3410/2978/2624 3422/2990/2636 3421/2989/2635 3409/2977/2623
f 3411/2979/2625 3423/2991/2637 3422/2990/2636 3410/2978/2624
f 3412/2980/2626 3424/2992/2638 3423/2991/2637 3411/2979/2625
f 3414/2981/2627 3426/2993/2639 3425/2994/2640 3413/2982/2628
f 3415/2983/2629 3427/2995/2641 3426/2993/2639 3414/2981/2627
f 3416/2984/2630 3428/2996/2642 3427/2995/2641 3415/2983/2629
f 3417/2985/2631 3429/2997/2643 3428/2996/2642 3416/2984/2630
f 3418/2986/2632 3430/2998/2644 3429/2997/2643 3417/2985/2631
f 3419/2987/2633 3431/2999/2645 3430/2998/2644 3418/2986/2632
f 3420/2988/2634 3432/3000/2646 3431/2999/2645 3419/2987/2633
f 3421/2989/2635 3433/3001/2647 3432/3000/2646 3420/2988/2634
f 3422/2990/2636 3434/3002/2648 3433/3001/2647 3421/2989/2635
f 3423/2991/2637 3435/3003/2649 3434/3002/2648 3422/2990/2636
f 3424/2992/2638 3436/3004/2650 3435/3003/2649 3423/2991/2637
f 3426/2993/2639 3438/3005/2651 3437/3006/2652 3425/2994/2640
f 3427/2995/2641 3439/3007/2653 3438/3005/2651 3426/2993/2639
f 3428/2996/2642 3440/3008/2654 3439/3007/2653 3427/2995/2641
f 3429/2997/2643 3441/3009/2655 3440/3008/2654 3428/2996/2642
f 3430/2998/2644 3442/3010/2656 3441/3009/2655 3429/2997/2643
f 3431/2999/2645 3443/3011/2657 3442/3010/2656 3430/2998/2644
f 3432/3000/2646 3444/3012/2658 3443/3011/2657 3431/2999/2645
f 3433/3001/2647 3445/3013/2659 3444/3012/2658 3432/3000/2646
f 3434/3002/2648 3446/3014/2660 3445/3013/2659 3433/3001/2647
f 3435/3003/2649 3447/3015/2661 3446/3014/2660 3434/3002/2648
f 3436/3004/2650 3448/3016/2662 3447/3015/2661 3435/3003/2649
f 3438/3005/2651 3450/3017/2663 3449/3018/2664 3437/3006/2652
f 3439/3007/2653 3451/3019/2665 3450/3017/2663 3438/3005/2651
f 3440/3008/2654 3452/3020/2666 3451/3019/2665 3439/3007/2653
f 3441/3009/2655 3453/3021/2667 3452/3020/2666 3440/3008/2654
f 3442/3010/2656 3454/3022/2668 3453/3021/2667 3441/3009/2655
f 3443/3011/2657 3455/3023/2669 3454/3022/2668 3442/3010/2656
f 3444/3012/2658 3456/3024/2670 3455/3023/2669 3443/3011/2657
f 3445/3013/2659 3457/3025/2671 3456/3024/2670 3444/3012/2658
f 3446/3014/2660 3458/3026/2672 3457/3025/2671 3445/3013/2659
f 3447/3015/2661 3459/3027/2673 3458/3026/2672 3446/3014/2660
f 3448/3016/2662 3460/3028/2674 3459/3027/2673 3447/3015/2661
f 3450/3017/2663 3462/3029/2675 3461/3030/2676 3449/3018/2664
f 3451/3019/2665 3463/3031/2677 3462/3029/2675 3450/3017/2663
f 3452/3020/2666 3464/3032/2678 3463/3031/2677 3451/3019/2665
f 3453/3021/2667 3465/3033/2679 3464/3032/2678 3452/3020/2666
f 3454/3022/2668 3466/3034/2680 3465/3033/2679 3453/3021/2667
f 3455/3023/2669 3467/3035/2681 3466/3034/2680 3454/3022/2668
f 3456/3024/2670 3468/3036/2682 3467/3035/2681 3455/3023/2669
f 3457/3025/2671 3469/3037/2683 3468/3036/2682 3456/3024/2670
f 3458/3026/2672 3470/3038/2684 3469/3037/2683 3457/3025/2671
f 3459/3027/2673 3471/3039/2685 3470/3038/2684 3458/3026/2672
f 3460/3028/2674 3472/3040/2686 3471/3039/2685 3459/3027/2673
f 3462/3029/2675 3474/3041/2687 3473/3042/2688 3461/3030/2676
f 3463/3031/2677 3475/3043/2689 3474/3041/2687 3462/3029/2675
f 3464/3032/2678 3476/3044/2690 3475/3043/2689 3463/3031/2677
f 3465/3033/2679 3477/3045/2691 3476/3044/2690 3464/3032/2678
f 3466/3034/2680 3478/3046/2692 3477/3045/2691 3465/3033/2679
f 3467/3035/2681 3479/3047/2693 3478/3046/2692 3466/3034/2680
f 3468/3036/2682 3480/3048/2694 3479/3047/2693 3467/3035/2681
f 3469/3037/2683 3481/3049/2695 3480/3048/2694 3468/3036/2682
f 3470/3038/2684 3482/3050/2696 3481/3049/2695 3469/3037/2683
f 3471/3039/2685 3483/3051/2697 3482/3050/2696 3470/3038/2684
f 3472/3040/2686 3484/3052/2698 3483/3051/2697 3471/3039/2685
f 3474/3041/2687 3486/3053/2699 3485/3054/2700 3473/3042/2688
f 3475/3043/2689 3487/3055/2701 3486/3053/2699 3474/3041/2687
f 3476/3044/2690 3488/3056/2702 3487/3055/2701 3475/3043/2689
f 3477/3045/2691 3489/3057/2703 3488/3056/2702 3476/3044/2690
f 3478/3046/2692 3490/3058/2704 3489/3057/2703 3477/3045/2691
f 3479/3047/2693 3491/3059/2705 3490/3058/2704 3478/3046/2692
f 3480/3048/2694 3492/3060/2706 3491/3059/2705 3479/3047/2693
f 3481/3049/2695 3493/3061/2707 3492/3060/2706 3480/3048/2694
f 3482/3050/2696 3494/3062/2708 3493/3061/2707 3481/3049/2695
f 3483/3051/2697 3495/3063/2709 3494/3062/2708 3482/3050/2696
f 3484/3052/2698 3496/3064/2710 3495/3063/2709 3483/3051/2697
f 3486/3053/2699 3498/3065/2711 3497/3066/2712 3485/3054/2700
f 3487/3055/2701 3499/3067/2713 3498/3065/2711 3486/3053/2699
f 3488/3056/2702 3500/3068/2714 3499/3067/2713 3487/3055/2701
f 3489/3057/2703 3501/3069/2715 3500/3068/2714 3488/3056/2702
f 3490/3058/2704 3502/3070/2716 3501/3069/2715 3489/3057/2703
f 3491/3059/2705 3503/3071/2717 3502/3070/2716 3490/3058/2704
f 3492/3060/2706 3504/3072/2718 3503/3071/2717 3491/3059/2705
f 3493/3061/2707 3505/3073/2719 3504/3072/2718 3492/3060/2706
f 3494/3062/2708 3506/3074/2720 3505/3073/2719 3493/3061/2707
f 3495/3063/2709 3507/3075/2721 3506/3074/2720 3494/3062/2708
f 3496/3064/2710 3508/3076/2722 3507/3075/2721 3495/3063/2709
f 3498/3065/2711 3510/3077/2723 3509/3078/2724 3497/3066/2712
f 3499/3067/2713 3511/3079/2725 3510/3077/2723 3498/3065/2711
f 3500/3068/2714 3512/3080/2726 3511/3079/2725 3499/3067/2713
f 3501/3069/2715 3513/3081/2727 3512/3080/2726 3500/3068/2714
f 3502/3070/2716 3514/3082/2728 3513/3081/2727 3501/3069/2715
f 3503/3071/2717 3515/3083/2729 3514/3082/2728 3502/3070/2716
f 3504/3072/2718 3516/3084/2730 3515/3083/2729 3503/3071/2717
f 3505/3073/2719 3517/3085/2731 3516/3084/2730 3504/3072/2718
f 3506/3074/2720 3518/3086/2732 3517/3085/2731 3505/3073/2719
f 3507/3075/2721 3519/3087/2733 3518/3086/2732 3506/3074/2720
f 3508/3076/2722 3520/3088/2734 3519/3087/2733 3507/3075/2721
f 3510/3077/2723 3522/3089/2735 3521/3090/2736 3509/3078/2724
f 3511/3079/2725 3523/3091/2737 3522/3089/2735 3510/3077/2723
f 3512/3080/2726 3524/3092/2738 3523/3091/2737 3511/3079/2725
f 3513/3081/2727 3525/3093/2739 3524/3092/2738 3512/3080/2726
f 3514/3082/2728 3526/3094/2740 3525/3093/2739 3513/3081/2727
f 3515/3083/2729 3527/3095/2741 3526/3094/2740 3514/3082/2728
f 3516/3084/2730 3528/3096/2742 3527/3095/2741 3515/3083/2729
f 3517/3085/2731 3529/3097/2743 3528/3096/2742 3516/3084/2730
f 3518/3086/2732 3530/3098/2744 3529/3097/2743 3517/3085/2731
f 3519/3087/2733 3531/3099/2745 3530/3098/2744 3518/3086/2732
f 3520/3088/2734 3532/3100/2746 3531/3099/2745 3519/3087/2733
f 3522/3089/2735 3534/1421/2747 3533/1422/2748 3521/3090/2736
f 3523/3091/2737 3535/1423/2749 3534/1421/2747 3522/3089/2735
f 3524/3092/2738 3536/1424/2750 3535/1423/2749 3523/3091/2737
f 3525/3093/2739 3537/1425/2751 3536/1424/2750 3524/3092/2738
f 3526/3094/2740 3538/1426/2752 3537/1425/2751 3525/3093/2739
f 3527/3095/2741 3539/1427/2753 3538/1426/2752 3526/3094/2740
f 3528/3096/2742 3540/1428/2754 3539/1427/2753 3527/3095/2741
f 3529/3097/2743 3541/1429/2755 3540/1428/2754 3528/3096/2742
f 3530/3098/2744 3542/1430/2756 3541/1429/2755 3529/3097/2743
f 3531/3099/2745 3543/1431/2757 3542/1430/2756 3530/3098/2744
f 3532/3100/2746 3544/1432/2758 3543/1431/2757 3531/3099/2745
f 3534/1421/2747 3546/3101/2759 3545/3102/2760 3533/1422/2748
f 3535/1423/2749 3547/3103/2761 3546/3101/2759 3534/1421/2747
f 3536/1424/2750 3548/3104/2762 3547/3103/2761 3535/1423/2749
f 3537/1425/2751 3549/3105/2763 3548/3104/2762 3536/1424/2750
f 3538/1426/2752 3550/3106/2764 3549/3105/2763 3537/1425/2751
f 3539/1427/2753 3551/3107/2765 3550/3106/2764 3538/1426/2752
f 3540/1428/2754 3552/3108/2766 3551/3107/2765 3539/1427/2753
f 3541/1429/2755 3553/3109/2767 3552/3108/2766 3540/1428/2754
f 3542/1430/2756 3554/3110/2768 3553/3109/2767 3541/1429/2755
f 3543/1431/2757 3555/3111/2769 3554/3110/2768 3542/1430/2756
f 3544/1432/2758 3556/3112/2770 3555/3111/2769 3543/1431/2757
f 3546/3101/2759 3558/3113/2771 3557/3114/2772 3545/3102/2760
f 3547/3103/2761 3559/3115/2773 3558/3113/2771 3546/3101/2759
f 3548/3104/2762 3560/3116/2774 3559/3115/2773 3547/3103/2761
f 3549/3105/2763 3561/3117/2775 3560/3116/2774 3548/3104/2762
f 3550/3106/2764 3562/3118/2776 3561/3117/2775 3549/3105/2763
f 3551/3107/2765 3563/3119/2777 3562/3118/2776 3550/3106/2764
f 3552/3108/2766 3564/3120/2778 3563/3119/2777 3551/3107/2765
f 3553/3109/2767 3565/3121/2779 3564/3120/2778 3552/3108/2766
f 3554/3110/2768 3566/3122/2780 3565/3121/2779 3553/3109/2767
f 3555/3111/2769 3567/3123/2781 3566/3122/2780 3554/3110/2768
f 3556/3112/2770 3568/3124/2782 3567/3123/2781 3555/3111/2769
f 3558/3113/2771 3570/3125/2783 3569/3126/2784 3557/3114/2772
f 3559/3115/2773 3571/3127/2785 3570/3125/2783 3558/3113/2771
f 3560/3116/2774 3572/3128/2786 3571/3127/2785 3559/3115/2773
f 3561/3117/2775 3573/3129/2787 3572/3128/2786 3560/3116/2774
f 3562/3118/2776 3574/3130/2788 3573/3129/2787 3561/3117/2775
f 3563/3119/2777 3575/3131/2789 3574/3130/2788 3562/3118/2776
f 3564/3120/2778 3576/3132/2790 3575/3131/2789 3563/3119/2777
f 3565/3121/2779 3577/3133/2791 3576/3132/2790 3564/3120/2778
f 3566/3122/2780 3578/3134/2792 3577/3133/2791 3565/3121/2779
f 3567/3123/2781 3579/3135/2793 3578/3134/2792 3566/3122/2780
f 3568/3124/2782 3580/3136/2794 3579/3135/2793 3567/3123/2781
f 3570/3125/2783 3582/3137/2795 3581/3138/2796 3569/3126/2784
f 3571/3127/2785 3583/3139/2797 3582/3137/2795 3570/3125/2783
f 3572/3128/2786 3584/3140/2798 3583/3139/2797 3571/3127/2785
f 3573/3129/2787 3585/3141/2799 3584/3140/2798 3572/3128/2786
f 3574/3130/2788 3586/3142/2800 3585/3141/2799 3573/3129/2787
f 3575/3131/2789 3587/3143/2801 3586/3142/2800 3574/3130/2788
f 3576/3132/2790 3588/3144/2802 3587/3143/2801 3575/3131/2789
f 3577/3133/2791 3589/3145/2803 3588/3144/2802 3576/3132/2790
f 3578/3134/2792 3590/3146/2804 3589/3145/2803 3577/3133/2791
f 3579/3135/2793 3591/3147/2805 3590/3146/2804 3578/3134/2792
f 3580/3136/2794 3592/3148/2806 3591/3147/2805 3579/3135/2793
f 3582/3137/2795 3594/3149/2807 3593/3150/2808 3581/3138/2796
f 3583/3139/2797 3595/3151/2809 3594/3149/2807 3582/3137/2795
f 3584/3140/2798 3596/3152/2810 3595/3151/2809 3583/3139/2797
f 3585/3141/2799 3597/3153/2811 3596/3152/2810 3584/3140/2798
f 3586/3142/2800 3598/3154/2812 3597/3153/2811 3585/3141/2799
f 3587/3143/2801 3599/3155/2813 3598/3154/2812 3586/3142/2800
f 3588/3144/2802 3600/3156/2814 3599/3155/2813 3587/3143/2801
f 3589/3145/2803 3601/3157/2815 3600/3156/2814 3588/3144/2802
f 3590/3146/2804 3602/3158/2816 3601/3157/2815 3589/3145/2803
f 3591/3147/2805 3603/3159/2817 3602/3158/2816 3590/3146/2804
f 3592/3148/2806 3604/3160/2818 3603/3159/2817 3591/3147/2805
f 3594/3149/2807 3606/3161/2819 3605/3162/2820 3593/3150/2808
f 3595/3151/2809 3607/3163/2821 3606/3161/2819 3594/3149/2807
f 3596/3152/2810 3608/3164/2822 3607/3163/2821 3595/3151/2809
f 3597/3153/2811 3609/3165/2823 3608/3164/2822 3596/3152/2810
f 3598/3154/2812 3610/3166/2824 3609/3165/2823 3597/3153/2811
f 3599/3155/2813 3611/3167/2825 3610/3166/2824 3598/3154/2812
f 3600/3156/2814 3612/3168/2826 3611/3167/2825 3599/3155/2813
f 3601/3157/2815 3613/3169/2827 3612/3168/2826 3600/3156/2814
f 3602/3158/2816 3614/3170/2828 3613/3169/2827 3601/3157/2815
f 3603/3159/2817 3615/3171/2829 3614/3170/2828 3602/3158/2816
f 3604/3160/2818 3616/3172/2830 3615/3171/2829 3603/3159/2817
f 3606/3161/2819 3618/3173/2831 3617/3174/2832 3605/3162/2820
f 3607/3163/2821 3619/3175/2833 3618/3173/2831 3606/3161/2819
f 3608/3164/2822 3620/3176/2834 3619/3175/2833 3607/3163/2821
f 3609/3165/2823 3621/3177/2835 3620/3176/2834 3608/3164/2822
f 3610/3166/2824 3622/3178/2836 3621/3177/2835 3609/3165/2823
f 3611/3167/2825 3623/3179/2837 3622/3178/2836 3610/3166/2824
f 3612/3168/2826 3624/3180/2838 3623/3179/2837 3611/3167/2825
f 3613/3169/2827 3625/3181/2839 3624/3180/2838 3612/3168/2826
f 3614/3170/2828 3626/3182/2840 3625/3181/2839 3613/3169/2827
f 3615/3171/2829 3627/3183/2841 3626/3182/2840 3614/3170/2828
f 3616/3172/2830 3628/3184/2842 3627/3183/2841 3615/3171/2829
f 3618/3173/2831 3630/3185/2843 3629/3186/2844 3617/3174/2832
f 3619/3175/2833 3631/3187/2845 3630/3185/2843 3618/3173/2831
f 3620/3176/2834 3632/3188/2846 3631/3187/2845 3619/3175/2833
f 3621/3177/2835 3633/3189/2847 3632/3188/2846 3620/3176/2834
f 3622/3178/2836 3634/3190/2848 3633/3189/2847 3621/3177/2835
f 3623/3179/2837 3635/3191/2849 3634/3190/2848 3622/3178/2836
f 3624/3180/2838 3636/3192/2850 3635/3191/2849 3623/3179/2837
f 3625/3181/2839 3637/3193/2851 3636/3192/2850 3624/3180/2838
f 3626/3182/2840 3638/3194/2852 3637/3193/2851 3625/3181/2839
f 3627/3183/2841 3639/3195/2853 3638/3194/2852 3626/3182/2840
f 3628/3184/2842 3640/3196/2854 3639/3195/2853 3627/3183/2841
f 3630/3185/2843 3642/3197/2855 3641/3198/2856 3629/3186/2844
f 3631/3187/2845 3643/3199/2857 3642/3197/2855 3630/3185/2843
f 3632/3188/2846 3644/3200/2858 3643/3199/2857 3631/3187/2845
f 3633/3189/2847 3645/3201/2859 3644/3200/2858 3632/3188/2846
f 3634/3190/2848 3646/3202/2860 3645/3201/2859 3633/3189/2847
f 3635/3191/2849 3647/3203/2861 3646/3202/2860 3634/3190/2848
f 3636/3192/2850 3648/3204/2862 3647/3203/2861 3635/3191/2849
f 3637/3193/2851 3649/3205/2863 3648/3204/2862 3636/3192/2850
f 3638/3194/2852 3650/3206/2864 3649/3205/2863 3637/3193/2851
f 3639/3195/2853 3651/3207/2865 3650/3206/2864 3638/3194/2852
f 3640/3196/2854 3652/3208/2866 3651/3207/2865 3639/3195/2853
f 3642/3197/2855 3654/3209/2867 3653/3210/2868 3641/3198/2856
f 3643/3199/2857 3655/3211/2869 3654/3209/2867 3642/3197/2855
f 3644/3200/2858 3656/3212/2870 3655/3211/2869 3643/3199/2857
f 3645/3201/2859 3657/3213/2871 3656/3212/2870 3644/3200/2858
f 3646/3202/2860 3658/3214/2872 3657/3213/2871 3645/3201/2859
f 3647/3203/2861 3659/3215/2873 3658/3214/2872 3646/3202/2860
f 3648/3204/2862 3660/3216/2874 3659/3215/2873 3647/3203/2861
f 3649/3205/2863 3661/3217/2875 3660/3216/2874 3648/3204/2862
f 3650/3206/2864 3662/3218/2876 3661/3217/2875 3649/3205/2863
f 3651/3207/2865 3663/3219/2877 3662/3218/2876 3650/3206/2864
f 3652/3208/2866 3664/3220/2878 3663/3219/2877 3651/3207/2865
f 3654/3209/2867 3666/3221/780 3665/3222/781 3653/3210/2868
f 3655/3211/2869 3667/3223/782 3666/3221/780 3654/3209/2867
f 3656/3212/2870 3668/3224/783 3667/3223/782 3655/3211/2869
f 3657/3213/2871 3669/3225/784 3668/3224/783 3656/3212/2870
f 3658/3214/2872 3670/3226/785 3669/3225/784 3657/3213/2871
f 3659/3215/2873 3671/3227/786 3670/3226/785 3658/3214/2872
f 3660/3216/2874 3672/3228/787 3671/3227/786 3659/3215/2873
f 3661/3217/2875 3673/3229/788 3672/3228/787 3660/3216/2874
f 3662/3218/2876 3674/3230/789 3673/3229/788 3661/3217/2875
f 3663/3219/2877 3675/3231/790 3674/3230/789 3662/3218/2876
f 3664/3220/2878 3676/3232/791 3675/3231/790 3663/3219/2877
f 3666/3221/780 3678/3233/1117 3677/3234/1105 3665/3222/781
f 3667/3223/782 3679/3235/1118 3678/3233/1117 3666/3221/780
f 3668/3224/783 3680/3236/1119 3679/3235/1118 3667/3223/782
f 3669/3225/784 3681/3237/1120 3680/3236/1119 3668/3224/783
f 3670/3226/785 3682/3238/1121 3681/3237/1120 3669/3225/784
f 3671/3227/786 3683/3239/1122 3682/3238/1121 3670/3226/785
f 3672/3228/787 3684/3240/1123 3683/3239/1122 3671/3227/786
f 3673/3229/788 3685/3241/1124 3684/3240/1123 3672/3228/787
f 3674/3230/789 3686/3242/1125 3685/3241/1124 3673/3229/788
f 3675/3231/790 3687/3243/1126 3686/3242/1125 3674/3230/789
f 3676/3232/791 3688/3244/1115 3687/3243/1126 3675/3231/790
f 3678/3233/1117 3690/1195/2879 3689/264/2880 3677/3234/1105
f 3679/3235/1118 3691/1196/2881 3690/1195/2879 3678/3233/1117
f 3680/3236/1119 3692/1197/2882 3691/1196/2881 3679/3235/1118
f 3681/3237/1120 3693/1198/2883 3692/1197/2882 3680/3236/1119
f 3682/3238/1121 3694/1199/2884 3693/1198/2883 3681/3237/1120
f 3683/3239/1122 3695/1200/2885 3694/1199/2884 3682/3238/1121
f 3684/3240/1123 3696/1201/2886 3695/1200/2885 3683/3239/1122
f 3685/3241/1124 3697/1202/2887 3696/1201/2886 3684/3240/1123
f 3686/3242/1125 3698/1203/2888 3697/1202/2887 3685/3241/1124
f 3687/3243/1126 3699/1204/2889 3698/1203/2888 3686/3242/1125
f 3688/3244/1115 3700/1205/2890 3699/1204/2889 3687/3243/1126
f 3690/1195/2879 3702/3245/2891 3701/3246/2892 3689/264/2880
f 3691/1196/2881 3703/3247/2893 3702/3245/2891 3690/1195/2879
f 3692/1197/2882 3704/3248/2894 3703/3247/2893 3691/1196/2881
f 3693/1198/2883 3705/3249/2895 3704/3248/2894 3692/1197/2882
f 3694/1199/2884 3706/3250/2896 3705/3249/2895 3693/1198/2883
f 3695/1200/2885 3707/3251/2897 3706/3250/2896 3694/1199/2884
f 3696/1201/2886 3708/3252/2898 3707/3251/2897 3695/1200/2885
f 3697/1202/2887 3709/3253/2899 3708/3252/2898 3696/1201/2886
f 3698/1203/2888 3710/3254/2900 3709/3253/2899 3697/1202/2887
f 3699/1204/2889 3711/3255/2901 3710/3254/2900 3698/1203/2888
f 3700/1205/2890 3712/3256/2902 3711/3255/2901 3699/1204/2889
f 3702/3245/2891 3714/3257/2903 3713/3258/2904 3701/3246/2892
f 3703/3247/2893 3715/3259/2905 3714/3257/2903 3702/3245/2891
f 3704/3248/2894 3716/3260/2906 3715/3259/2905 3703/3247/2893
f 3705/3249/2895 3717/3261/2907 3716/3260/2906 3704/3248/2894
f 3706/3250/2896 3718/3262/2908 3717/3261/2907 3705/3249/2895
f 3707/3251/2897 3719/3263/2909 3718/3262/2908 3706/3250/2896
f 3708/3252/2898 3720/3264/2910 3719/3263/2909 3707/3251/2897
f 3709/3253/2899 3721/3265/2911 3720/3264/2910 3708/3252/2898
f 3710/3254/2900 3722/3266/2912 3721/3265/2911 3709/3253/2899
f 3711/3255/2901 3723/3267/2913 3722/3266/2912 3710/3254/2900
f 3712/3256/2902 3724/3268/2914 3723/3267/2913 3711/3255/2901
f 3714/3257/2903 3726/3269/2915 3725/3270/2916 3713/3258/2904
f 3715/3259/2905 3727/3271/2917 3726/3269/2915 3714/3257/2903
f 3716/3260/2906 3728/3272/2918 3727/3271/2917 3715/3259/2905
f 3717/3261/2907 3729/3273/2919 3728/3272/2918 3716/3260/2906
f 3718/3262/2908 3730/3274/2920 3729/3273/2919 3717/3261/2907
f 3719/3263/2909 3731/3275/2921 3730/3274/2920 3718/3262/2908
f 3720/3264/2910 3732/3276/2922 3731/3275/2921 3719/3263/2909
f 3721/3265/2911 3733/3277/2923 3732/3276/2922 3720/3264/2910
f 3722/3266/2912 3734/3278/2924 3733/3277/2923 3721/3265/2911
f 3723/3267/2913 3735/3279/2925 3734/3278/2924 3722/3266/2912
f 3724/3268/2914 3736/3280/2926 3735/3279/2925 3723/3267/2913
f 3726/3269/2915 3738/3281/2927 3737/3282/2928 3725/3270/2916
f 3727/3271/2917 3739/3283/2929 3738/3281/2927 3726/3269/2915
f 3728/3272/2918 3740/3284/2930 3739/3283/2929 3727/3271/2917
f 3729/3273/2919 3741/3285/2931 3740/3284/2930 3728/3272/2918
f 3730/3274/2920 3742/3286/2932 3741/3285/2931 3729/3273/2919
f 3731/3275/2921 3743/3287/2933 3742/3286/2932 3730/3274/2920
f 3732/3276/2922 3744/3288/2934 3743/3287/2933 3731/3275/2921
f 3733/3277/2923 3745/3289/2935 3744/3288/2934 3732/3276/2922
f 3734/3278/2924 3746/3290/2936 3745/3289/2935 3733/3277/2923
f 3735/3279/2925 3747/3291/2937 3746/3290/2936 3734/3278/2924
f 3736/3280/2926 3748/3292/2938 3747/3291/2937 3735/3279/2925
f 3738/3281/2927 3750/3293/2939 3749/3294/2940 3737/3282/2928
f 3739/3283/2929 3751/3295/2941 3750/3293/2939 3738/3281/2927
f 3740/3284/2930 3752/3296/2942 3751/3295/2941 3739/3283/2929
f 3741/3285/2931 3753/3297/2943 3752/3296/2942 3740/3284/2930
f 3742/3286/2932 3754/3298/2944 3753/3297/2943 3741/3285/2931
f 3743/3287/2933 3755/3299/2945 3754/3298/2944 3742/3286/2932
f 3744/3288/2934 3756/3300/2946 3755/3299/2945 3743/3287/2933
f 3745/3289/2935 3757/3301/2947 3756/3300/2946 3744/3288/2934
f 3746/3290/2936 3758/3302/2948 3757/3301/2947 3745/3289/2935
f 3747/3291/2937 3759/3303/2949 3758/3302/2948 3746/3290/2936
f 3748/3292/2938 3760/3304/2950 3759/3303/2949 3747/3291/2937
f 3750/3293/2939 3762/3305/2951 3761/3306/2952 3749/3294/2940
f 3751/3295/2941 3763/3307/2953 3762/3305/2951 3750/3293/2939
f 3752/3296/2942 3764/3308/2954 3763/3307/2953 3751/3295/2941
f 3753/3297/2943 3765/3309/2955 3764/3308/2954 3752/3296/2942
f 3754/3298/2944 3766/3310/2956 3765/3309/2955 3753/3297/2943
f 3755/3299/2945 3767/3311/2957 3766/3310/2956 3754/3298/2944
f 3756/3300/2946 3768/3312/2958 3767/3311/2957 3755/3299/2945
f 3757/3301/2947 3769/3313/2959 3768/3312/2958 3756/3300/2946
f 3758/3302/2948 3770/3314/2960 3769/3313/2959 3757/3301/2947
f 3759/3303/2949 3771/3315/2961 3770/3314/2960 3758/3302/2948
f 3760/3304/2950 3772/3316/2962 3771/3315/2961 3759/3303/2949
f 3762/3305/2951 3774/3317/2963 3773/3318/2964 3761/3306/2952
f 3763/3307/2953 3775/3319/2965 3774/3317/2963 3762/3305/2951
f 3764/3308/2954 3776/3320/2966 3775/3319/2965 3763/3307/2953
f 3765/3309/2955 3777/3321/2967 3776/3320/2966 3764/3308/2954
f 3766/3310/2956 3778/3322/2968 3777/3321/2967 3765/3309/2955
f 3767/3311/2957 3779/3323/2969 3778/3322/2968 3766/3310/2956
f 3768/3312/2958 3780/3324/2970 3779/3323/2969 3767/3311/2957
f 3769/3313/2959 3781/3325/2971 3780/3324/2970 3768/3312/2958
f 3770/3314/2960 3782/3326/2972 3781/3325/2971 3769/3313/2959
f 3771/3315/2961 3783/3327/2973 3782/3326/2972 3770/3314/2960
f 3772/3316/2962 3784/3328/2974 3783/3327/2973 3771/3315/2961
f 3774/3317/2963 3786/3329/2975 3785/3330/2976 3773/3318/2964
f 3775/3319/2965 3787/3331/2977 3786/3329/2975 3774/3317/2963
f 3776/3320/2966 3788/3332/2978 3787/3331/2977 3775/3319/2965
f 3777/3321/2967 3789/3333/2979 3788/3332/2978 3776/3320/2966
f 3778/3322/2968 3790/3334/2980 3789/3333/2979 3777/3321/2967
f 3779/3323/2969 3791/3335/2981 3790/3334/2980 3778/3322/2968
f 3780/3324/2970 3792/3336/2982 3791/3335/2981 3779/3323/2969
f 3781/3325/2971 3793/3337/2983 3792/3336/2982 3780/3324/2970
f 3782/3326/2972 3794/3338/2984 3793/3337/2983 3781/3325/2971
f 3783/3327/2973 3795/3339/2985 3794/3338/2984 3782/3326/2972
f 3784/3328/2974 3796/3340/2986 3795/3339/2985 3783/3327/2973
f 3786/3329/2975 3798/3341/2987 3797/3342/2988 3785/3330/2976
f 3787/3331/2977 3799/3343/2989 3798/3341/2987 3786/3329/2975
f 3788/3332/2978 3800/3344/2990 3799/3343/2989 3787/3331/2977
f 3789/3333/2979 3801/3345/2991 3800/3344/2990 3788/3332/2978
f 3790/3334/2980 3802/3346/2992 3801/3345/2991 3789/3333/2979
f 3791/3335/2981 3803/3347/2993 3802/3346/2992 3790/3334/2980
f 3792/3336/2982 3804/3348/2994 3803/3347/2993 3791/3335/2981
f 3793/3337/2983 3805/3349/2995 3804/3348/2994 3792/3336/2982
f 3794/3338/2984 3806/3350/2996 3805/3349/2995 3793/3337/2983
f 3795/3339/2985 3807/3351/2997 3806/3350/2996 3794/3338/2984
f 3796/3340/2986 3808/3352/2998 3807/3351/2997 3795/3339/2985
f 3798/3341/2987 3810/3353/2999 3809/3354/3000 3797/3342/2988
f 3799/3343/2989 3811/3355/3001 3810/3353/2999 3798/3341/2987
f 3800/3344/2990 3812/3356/3002 3811/3355/3001 3799/3343/2989
f 3801/3345/2991 3813/3357/3003 3812/3356/3002 3800/3344/2990
f 3802/3346/2992 3814/3358/3004 3813/3357/3003 3801/3345/2991
f 3803/3347/2993 3815/3359/3005 3814/3358/3004 3802/3346/2992
f 3804/3348/2994 3816/3360/3006 3815/3359/3005 3803/3347/2993
f 3805/3349/2995 3817/3361/3007 3816/3360/3006 3804/3348/2994
f 3806/3350/2996 3818/3362/3008 3817/3361/3007 3805/3349/2995
f 3807/3351/2997 3819/3363/3009 3818/3362/3008 3806/3350/2996
f 3808/3352/2998 3820/3364/3010 3819/3363/3009 3807/3351/2997
f 3810/3353/2999 3822/3365/3011 3821/3366/3012 3809/3354/3000
f 3811/3355/3001 3823/3367/3013 3822/3365/3011 3810/3353/2999
f 3812/3356/3002 3824/3368/3014 3823/3367/3013 3811/3355/3001
f 3813/3357/3003 3825/3369/3015 3824/3368/3014 3812/3356/3002
f 3814/3358/3004 3826/3370/3016 3825/3369/3015 3813/3357/3003
f 3815/3359/3005 3827/3371/3017 3826/3370/3016 3814/3358/3004
f 3816/3360/3006 3828/3372/3018 3827/3371/3017 3815/3359/3005
f 3817/3361/3007 3829/3373/3019 3828/3372/3018 3816/3360/3006
f 3818/3362/3008 3830/3374/3020 3829/3373/3019 3817/3361/3007
f 3819/3363/3009 3831/3375/3021 3830/3374/3020 3818/3362/3008
f 3820/3364/3010 3832/3376/3022 3831/3375/3021 3819/3363/3009
f 3822/3365/3011 3834/3377/3023 3833/3378/3024 3821/3366/3012
f 3823/3367/3013 3835/3379/3025 3834/3377/3023 3822/3365/3011
f 3824/3368/3014 3836/3380/3026 3835/3379/3025 3823/3367/3013
f 3825/3369/3015 3837/3381/3027 3836/3380/3026 3824/3368/3014
f 3826/3370/3016 3838/3382/3028 3837/3381/3027 3825/3369/3015
f 3827/3371/3017 3839/3383/3029 3838/3382/3028 3826/3370/3016
f 3828/3372/3018 3840/3384/3030 3839/3383/3029 3827/3371/3017
f 3829/3373/3019 3841/3385/3031 3840/3384/3030 3828/3372/3018
f 3830/3374/3020 3842/3386/3032 3841/3385/3031 3829/3373/3019
f 3831/3375/3021 3843/3387/3033 3842/3386/3032 3830/3374/3020
f 3832/3376/3022 3844/3388/3034 3843/3387/3033 3831/3375/3021
f 3834/3377/3023 3846/1457/3035 3845/1458/1884 3833/3378/3024
f 3835/3379/3025 3847/1459/3036 3846/1457/3035 3834/3377/3023
f 3836/3380/3026 3848/1460/3037 3847/1459/3036 3835/3379/3025
f 3837/3381/3027 3849/1461/3038 3848/1460/3037 3836/3380/3026
f 3838/3382/3028 3850/1462/3039 3849/1461/3038 3837/3381/3027
f 3839/3383/3029 3851/1463/3040 3850/1462/3039 3838/3382/3028
f 3840/3384/3030 3852/1464/3041 3851/1463/3040 3839/3383/3029
f 3841/3385/3031 3853/1465/3042 3852/1464/3041 3840/3384/3030
f 3842/3386/3032 3854/1466/3043 3853/1465/3042 3841/3385/3031
f 3843/3387/3033 3855/1467/3044 3854/1466/3043 3842/3386/3032
f 3844/3388/3034 3856/1468/314 3855/1467/3044 3843/3387/3033
f 3846/1457/3035 3858/3389/3045 3857/3390/3046 3845/1458/1884
f 3847/1459/3036 3859/3391/3047 3858/3389/3045 3846/1457/3035
f 3848/1460/3037 3860/3392/3048 3859/3391/3047 3847/1459/3036
f 3849/1461/3038 3861/3393/3049 3860/3392/3048 3848/1460/3037
f 3850/1462/3039 3862/3394/3050 3861/3393/3049 3849/1461/3038
f 3851/1463/3040 3863/3395/3051 3862/3394/3050 3850/1462/3039
f 3852/1464/3041 3864/3396/3052 3863/3395/3051 3851/1463/3040
f 3853/1465/3042 3865/3397/3053 3864/3396/3052 3852/1464/3041
f 3854/1466/3043 3866/3398/3054 3865/3397/3053 3853/1465/3042
f 3855/1467/3044 3867/3399/3055 3866/3398/3054 3854/1466/3043
f 3856/1468/314 3868/3400/3056 3867/3399/3055 3855/1467/3044
f 3858/3389/3045 3870/3401/3057 3869/3402/3058 3857/3390/3046
f 3859/3391/3047 3871/3403/3059 3870/3401/3057 3858/3389/3045
f 3860/3392/3048 3872/3404/3060 3871/3403/3059 3859/3391/3047
f 3861/3393/3049 3873/3405/3061 3872/3404/3060 3860/3392/3048
f 3862/3394/3050 3874/3406/3062 3873/3405/3061 3861/3393/3049
f 3863/3395/3051 3875/3407/3063 3874/3406/3062 3862/3394/3050
f 3864/3396/3052 3876/3408/3064 3875/3407/3063 3863/3395/3051
f 3865/3397/3053 3877/3409/3065 3876/3408/3064 3864/3396/3052
f 3866/3398/3054 3878/3410/3066 3877/3409/3065 3865/3397/3053
f 3867/3399/3055 3879/3411/3067 3878/3410/3066 3866/3398/3054
f 3868/3400/3056 3880/3412/3068 3879/3411/3067 3867/3399/3055
f 3870/3401/3057 3882/3413/3069 3881/3414/3070 3869/3402/3058
f 3871/3403/3059 3883/3415/3071 3882/3413/3069 3870/3401/3057
f 3872/3404/3060 3884/3416/3072 3883/3415/3071 3871/3403/3059
f 3873/3405/3061 3885/3417/3073 3884/3416/3072 3872/3404/3060
f 3874/3406/3062 3886/3418/3074 3885/3417/3073 3873/3405/3061
f 3875/3407/3063 3887/3419/3075 3886/3418/3074 3874/3406/3062
f 3876/3408/3064 3888/3420/3076 3887/3419/3075 3875/3407/3063
f 3877/3409/3065 3889/3421/3077 3888/3420/3076 3876/3408/3064
f 3878/3410/3066 3890/3422/3078 3889/3421/3077 3877/3409/3065
f 3879/3411/3067 3891/3423/3079 3890/3422/3078 3878/3410/3066
f 3880/3412/3068 3892/3424/3080 3891/3423/3079 3879/3411/3067
f 3882/3413/3069 3894/3425/3081 3893/3426/3082 3881/3414/3070
f 3883/3415/3071 3895/3427/3083 3894/3425/3081 3882/3413/3069
f 3884/3416/3072 3896/3428/3084 3895/3427/3083 3883/3415/3071
f 3885/3417/3073 3897/3429/3085 3896/3428/3084 3884/3416/3072
f 3886/3418/3074 3898/3430/3086 3897/3429/3085 3885/3417/3073
f 3887/3419/3075 3899/3431/3087 3898/3430/3086 3886/3418/3074
f 3888/3420/3076 3900/3432/3088 3899/3431/3087 3887/3419/3075
f 3889/3421/3077 3901/3433/3089 3900/3432/3088 3888/3420/3076
f 3890/3422/3078 3902/3434/3090 3901/3433/3089 3889/3421/3077
f 3891/3423/3079 3903/3435/3091 3902/3434/3090 3890/3422/3078
f 3892/3424/3080 3904/3436/3092 3903/3435/3091 3891/3423/3079
f 3894/3425/3081 3906/3437/3093 3905/3438/3094 3893/3426/3082
f 3895/3427/3083 3907/3439/3095 3906/3437/3093 3894/3425/3081
f 3896/3428/3084 3908/3440/3096 3907/3439/3095 3895/3427/3083
f 3897/3429/3085 3909/3441/3097 3908/3440/3096 3896/3428/3084
f 3898/3430/3086 3910/3442/3098 3909/3441/3097 3897/3429/3085
f 3899/3431/3087 3911/3443/3099 3910/3442/3098 3898/3430/3086
f 3900/3432/3088 3912/3444/3100 3911/3443/3099 3899/3431/3087
f 3901/3433/3089 3913/3445/3101 3912/3444/3100 3900/3432/3088
f 3902/3434/3090 3914/3446/3102 3913/3445/3101 3901/3433/3089
f 3903/3435/3091 3915/3447/3103 3914/3446/3102 3902/3434/3090
f 3904/3436/3092 3916/3448/3104 3915/3447/3103 3903/3435/3091
f 3906/3437/3093 3918/3449/3105 3917/3450/3106 3905/3438/3094
f 3907/3439/3095 3919/3451/3107 3918/3449/3105 3906/3437/3093
f 3908/3440/3096 3920/3452/3108 3919/3451/3107 3907/3439/3095
f 3909/3441/3097 3921/3453/3109 3920/3452/3108 3908/3440/3096
f 3910/3442/3098 3922/3454/3110 3921/3453/3109 3909/3441/3097
f 3911/3443/3099 3923/3455/3111 3922/3454/3110 3910/3442/3098
f 3912/3444/3100 3924/3456/3112 3923/3455/3111 3911/3443/3099
f 3913/3445/3101 3925/3457/3113 3924/3456/3112 3912/3444/3100
f 3914/3446/3102 3926/3458/3114 3925/3457/3113 3913/3445/3101
f 3915/3447/3103 3927/3459/3115 3926/3458/3114 3914/3446/3102
f 3916/3448/3104 3928/3460/3116 3927/3459/3115 3915/3447/3103
f 3918/3449/3105 3930/3461/3117 3929/3462/3118 3917/3450/3106
f 3919/3451/3107 3931/3463/3119 3930/3461/3117 3918/3449/3105
f 3920/3452/3108 3932/3464/3120 3931/3463/3119 3919/3451/3107
f 3921/3453/3109 3933/3465/3121 3932/3464/3120 3920/3452/3108
f 3922/3454/3110 3934/3466/3122 3933/3465/3121 3921/3453/3109
f 3923/3455/3111 3935/3467/3123 3934/3466/3122 3922/3454/3110
f 3924/3456/3112 3936/3468/3124 3935/3467/3123 3923/3455/3111
f 3925/3457/3113 3937/3469/3125 3936/3468/3124 3924/3456/3112
f 3926/3458/3114 3938/3470/3126 3937/3469/3125 3925/3457/3113
f 3927/3459/3115 3939/3471/3127 3938/3470/3126 3926/3458/3114
f 3928/3460/3116 3940/3472/3128 3939/3471/3127 3927/3459/3115
f 3930/3461/3117 3942/3473/3129 3941/3474/3130 3929/3462/3118
f 3931/3463/3119 3943/3475/3131 3942/3473/3129 3930/3461/3117
f 3932/3464/3120 3944/3476/3132 3943/3475/3131 3931/3463/3119
f 3933/3465/3121 3945/3477/3133 3944/3476/3132 3932/3464/3120
f 3934/3466/3122 3946/3478/3134 3945/3477/3133 3933/3465/3121
f 3935/3467/3123 3947/3479/3135 3946/3478/3134 3934/3466/3122
f 3936/3468/3124 3948/3480/3136 3947/3479/3135 3935/3467/3123
f 3937/3469/3125 3949/3481/3137 3948/3480/3136 3936/3468/3124
f 3938/3470/3126 3950/3482/3138 3949/3481/3137 3937/3469/3125
f 3939/3471/3127 3951/3483/3139 3950/3482/3138 3938/3470/3126
f 3940/3472/3128 3952/3484/3140 3951/3483/3139 3939/3471/3127
f 3942/3473/3129 3954/3485/3141 3953/3486/3142 3941/3474/3130
f 3943/3475/3131 3955/3487/3143 3954/3485/3141 3942/3473/3129
f 3944/3476/3132 3956/3488/3144 3955/3487/3143 3943/3475/3131
f 3945/3477/3133 3957/3489/3145 3956/3488/3144 3944/3476/3132
f 3946/3478/3134 3958/3490/3146 3957/3489/3145 3945/3477/3133
f 3947/3479/3135 3959/3491/3147 3958/3490/3146 3946/3478/3134
f 3948/3480/3136 3960/3492/3148 3959/3491/3147 3947/3479/3135
f 3949/3481/3137 3961/3493/3149 3960/3492/3148 3948/3480/3136
f 3950/3482/3138 3962/3494/3150 3961/3493/3149 3949/3481/3137
f 3951/3483/3139 3963/3495/3151 3962/3494/3150 3950/3482/3138
f 3952/3484/3140 3964/3496/3152 3963/3495/3151 3951/3483/3139
f 3954/3485/3141 3966/3497/3153 3965/3498/3154 3953/3486/3142
f 3955/3487/3143 3967/3499/3155 3966/3497/3153 3954/3485/3141
f 3956/3488/3144 3968/3500/3156 3967/3499/3155 3955/3487/3143
f 3957/3489/3145 3969/3501/3157 3968/3500/3156 3956/3488/3144
f 3958/3490/3146 3970/3502/3158 3969/3501/3157 3957/3489/3145
f 3959/3491/3147 3971/3503/3159 3970/3502/3158 3958/3490/3146
f 3960/3492/3148 3972/3504/3160 3971/3503/3159 3959/3491/3147
f 3961/3493/3149 3973/3505/3161 3972/3504/3160 3960/3492/3148
f 3962/3494/3150 3974/3506/3162 3973/3505/3161 3961/3493/3149
f 3963/3495/3151 3975/3507/3163 3974/3506/3162 3962/3494/3150
f 3964/3496/3152 3976/3508/3164 3975/3507/3163 3963/3495/3151
f 3966/3497/3153 3978/3509/3165 3977/3510/3166 3965/3498/3154
f 3967/3499/3155 3979/3511/3167 3978/3509/3165 3966/3497/3153
f 3968/3500/3156 3980/3512/3168 3979/3511/3167 3967/3499/3155
f 3969/3501/3157 3981/3513/3169 3980/3512/3168 3968/3500/3156
f 3970/3502/3158 3982/3514/3170 3981/3513/3169 3969/3501/3157
f 3971/3503/3159 3983/3515/3171 3982/3514/3170 3970/3502/3158
f 3972/3504/3160 3984/3516/3172 3983/3515/3171 3971/3503/3159
f 3973/3505/3161 3985/3517/3173 3984/3516/3172 3972/3504/3160
f 3974/3506/3162 3986/3518/3174 3985/3517/3173 3973/3505/3161
f 3975/3507/3163 3987/3519/3175 3986/3518/3174 3974/3506/3162
f 3976/3508/3164 3988/3520/3176 3987/3519/3175 3975/3507/3163
f 3978/3509/3165 3990/3521/3177 3989/3522/3178 3977/3510/3166
f 3979/3511/3167 3991/3523/3179 3990/3521/3177 3978/3509/3165
f 3980/3512/3168 3992/3524/3180 3991/3523/3179 3979/3511/3167
f 3981/3513/3169 3993/3525/3181 3992/3524/3180 3980/3512/3168
f 3982/3514/3170 3994/3526/3182 3993/3525/3181 3981/3513/3169
f 3983/3515/3171 3995/3527/3183 3994/3526/3182 3982/3514/3170
f 3984/3516/3172 3996/3528/3184 3995/3527/3183 3983/3515/3171
f 3985/3517/3173 3997/3529/3185 3996/3528/3184 3984/3516/3172
f 3986/3518/3174 3998/3530/3186 3997/3529/3185 3985/3517/3173
f 3987/3519/3175 3999/3531/3187 3998/3530/3186 3986/3518/3174
f 3988/3520/3176 4000/3532/3188 3999/3531/3187 3987/3519/3175
f 3990/3521/3177 4002/1302/3189 4001/240/3190 3989/3522/3178
f 3991/3523/3179 4003/1303/3191 4002/1302/3189 3990/3521/3177
f 3992/3524/3180 4004/1304/3192 4003/1303/3191 3991/3523/3179
f 3993/3525/3181 4005/1305/3193 4004/1304/3192 3992/3524/3180
f 3994/3526/3182 4006/1306/3194 4005/1305/3193 3993/3525/3181
f 3995/3527/3183 4007/1307/3195 4006/1306/3194 3994/3526/3182
f 3996/3528/3184 4008/1308/3196 4007/1307/3195 3995/3527/3183
f 3997/3529/3185 4009/1309/3197 4008/1308/3196 3996/3528/3184
f 3998/3530/3186 4010/1310/3198 4009/1309/3197 3997/3529/3185
f 3999/3531/3187 4011/1311/3199 4010/1310/3198 3998/3530/3186
f 4000/3532/3188 4012/1312/3200 4011/1311/3199 3999/3531/3187
f 4002/1302/3189 4014/3533/3201 4013/3534/3202 4001/240/3190
f 4003/1303/3191 4015/3535/3203 4014/3533/3201 4002/1302/3189
f 4004/1304/3192 4016/3536/3204 4015/3535/3203 4003/1303/3191
f 4005/1305/3193 4017/3537/3205 4016/3536/3204 4004/1304/3192
f 4006/1306/3194 4018/3538/3206 4017/3537/3205 4005/1305/3193
f 4007/1307/3195 4019/3539/3207 4018/3538/3206 4006/1306/3194
f 4008/1308/3196 4020/3540/3208 4019/3539/3207 4007/1307/3195
f 4009/1309/3197 4021/3541/3209 4020/3540/3208 4008/1308/3196
f 4010/1310/3198 4022/3542/3210 4021/3541/3209 4009/1309/3197
f 4011/1311/3199 4023/3543/3211 4022/3542/3210 4010/1310/3198
f 4012/1312/3200 4024/3544/3212 4023/3543/3211 4011/1311/3199
f 4014/3533/3201 4026/3545/3213 4025/3546/3214 4013/3534/3202
f 4015/3535/3203 4027/3547/3215 4026/3545/3213 4014/3533/3201
f 4016/3536/3204 4028/3548/3216 4027/3547/3215 4015/3535/3203
f 4017/3537/3205 4029/3549/3217 4028/3548/3216 4016/3536/3204
f 4018/3538/3206 4030/3550/3218 4029/3549/3217 4017/3537/3205
f 4019/3539/3207 4031/3551/3219 4030/3550/3218 4018/3538/3206
f 4020/3540/3208 4032/3552/3220 4031/3551/3219 4019/3539/3207
f 4021/3541/3209 4033/3553/3221 4032/3552/3220 4020/3540/3208
f 4022/3542/3210 4034/3554/3222 4033/3553/3221 4021/3541/3209
f 4023/3543/3211 4035/3555/3223 4034/3554/3222 4022/3542/3210
f 4024/3544/3212 4036/3556/3224 4035/3555/3223 4023/3543/3211
f 4026/3545/3213 4038/3557/3225 4037/3558/3226 4025/3546/3214
f 4027/3547/3215 4039/3559/3227 4038/3557/3225 4026/3545/3213
f 4028/3548/3216 4040/3560/3228 4039/3559/3227 4027/3547/3215
f 4029/3549/3217 4041/3561/3229 4040/3560/3228 4028/3548/3216
f 4030/3550/3218 4042/3562/3230 4041/3561/3229 4029/3549/3217
f 4031/3551/3219 4043/3563/3231 4042/3562/3230 4030/3550/3218
f 4032/3552/3220 4044/3564/3232 4043/3563/3231 4031/3551/3219
f 4033/3553/3221 4045/3565/3233 4044/3564/3232 4032/3552/3220
f 4034/3554/3222 4046/3566/3234 4045/3565/3233 4033/3553/3221
f 4035/3555/3223 4047/3567/3235 4046/3566/3234 4034/3554/3222
f 4036/3556/3224 4048/3568/3236 4047/3567/3235 4035/3555/3223
f 4038/3557/3225 4050/3569/3237 4049/3570/3238 4037/3558/3226
f 4039/3559/3227 4051/3571/3239 4050/3569/3237 4038/3557/3225
f 4040/3560/3228 4052/3572/3240 4051/3571/3239 4039/3559/3227
f 4041/3561/3229 4053/3573/3241 4052/3572/3240 4040/3560/3228
f 4042/3562/3230 4054/3574/3242 4053/3573/3241 4041/3561/3229
f 4043/3563/3231 4055/3575/3243 4054/3574/3242 4042/3562/3230
f 4044/3564/3232 4056/3576/3244 4055/3575/3243 4043/3563/3231
f 4045/3565/3233 4057/3577/3245 4056/3576/3244 4044/3564/3232
f 4046/3566/3234 4058/3578/3246 4057/3577/3245 4045/3565/3233
f 4047/3567/3235 4059/3579/3247 4058/3578/3246 4046/3566/3234
f 4048/3568/3236 4060/3580/3248 4059/3579/3247 4047/3567/3235
f 4050/3569/3237 4062/3581/3249 4061/3582/3250 4049/3570/3238
f 4051/3571/3239 4063/3583/3251 4062/3581/3249 4050/3569/3237
f 4052/3572/3240 4064/3584/3252 4063/3583/3251 4051/3571/3239
f 4053/3573/3241 4065/3585/3253 4064/3584/3252 4052/3572/3240
f 4054/3574/3242 4066/3586/3254 4065/3585/3253 4053/3573/3241
f 4055/3575/3243 4067/3587/3255 4066/3586/3254 4054/3574/3242
f 4056/3576/3244 4068/3588/3256 4067/3587/3255 4055/3575/3243
f 4057/3577/3245 4069/3589/3257 4068/3588/3256 4056/3576/3244
f 4058/3578/3246 4070/3590/3258 4069/3589/3257 4057/3577/3245
f 4059/3579/3247 4071/3591/3259 4070/3590/3258 4058/3578/3246
f 4060/3580/3248 4072/3592/3260 4071/3591/3259 4059/3579/3247
f 4062/3581/3249 4074/3593/3261 4073/3594/3262 4061/3582/3250
f 4063/3583/3251 4075/3595/3263 4074/3593/3261 4062/3581/3249
f 4064/3584/3252 4076/3596/3264 4075/3595/3263 4063/3583/3251
f 4065/3585/3253 4077/3597/3265 4076/3596/3264 4064/3584/3252
f 4066/3586/3254 4078/3598/3266 4077/3597/3265 4065/3585/3253
f 4067/3587/3255 4079/3599/3267 4078/3598/3266 4066/3586/3254
f 4068/3588/3256 4080/3600/3268 4079/3599/3267 4067/3587/3255
f 4069/3589/3257 4081/3601/3269 4080/3600/3268 4068/3588/3256
f 4070/3590/3258 4082/3602/3270 4081/3601/3269 4069/3589/3257
f 4071/3591/3259 4083/3603/3271 4082/3602/3270 4070/3590/3258
f 4072/3592/3260 4084/3604/3272 4083/3603/3271 4071/3591/3259
f 4074/3593/3261 4086/3605/3273 4085/3606/3274 4073/3594/3262
f 4075/3595/3263 4087/3607/3275 4086/3605/3273 4074/3593/3261
f 4076/3596/3264 4088/3608/3276 4087/3607/3275 4075/3595/3263
f 4077/3597/3265 4089/3609/3277 4088/3608/3276 4076/3596/3264
f 4078/3598/3266 4090/3610/3278 4089/3609/3277 4077/3597/3265
f 4079/3599/3267 4091/3611/3279 4090/3610/3278 4078/3598/3266
f 4080/3600/3268 4092/3612/3280 4091/3611/3279 4079/3599/3267
f 4081/3601/3269 4093/3613/3281 4092/3612/3280 4080/3600/3268
f 4082/3602/3270 4094/3614/3282 4093/3613/3281 4081/3601/3269
f 4083/3603/3271 4095/3615/3283 4094/3614/3282 4082/3602/3270
f 4084/3604/3272 4096/3616/3284 4095/3615/3283 4083/3603/3271
f 4086/3605/3273 4098/3617/3285 4097/3618/3286 4085/3606/3274
f 4087/3607/3275 4099/3619/3287 4098/3617/3285 4086/3605/3273
f 4088/3608/3276 4100/3620/3288 4099/3619/3287 4087/3607/3275
f 4089/3609/3277 4101/3621/3289 4100/3620/3288 4088/3608/3276
f 4090/3610/3278 4102/3622/3290 4101/3621/3289 4089/3609/3277
f 4091/3611/3279 4103/3623/3291 4102/3622/3290 4090/3610/3278
f 4092/3612/3280 4104/3624/3292 4103/3623/3291 4091/3611/3279
f 4093/3613/3281 4105/3625/3293 4104/3624/3292 4092/3612/3280
f 4094/3614/3282 4106/3626/3294 4105/3625/3293 4093/3613/3281
f 4095/3615/3283 4107/3627/3295 4106/3626/3294 4094/3614/3282
f 4096/3616/3284 4108/3628/3296 4107/3627/3295 4095/3615/3283
f 4098/3617/3285 4110/3629/3297 4109/3630/3298 4097/3618/3286
f 4099/3619/3287 4111/3631/3299 4110/3629/3297 4098/3617/3285
f 4100/3620/3288 4112/3632/3300 4111/3631/3299 4099/3619/3287
f 4101/3621/3289 4113/3633/3301 4112/3632/3300 4100/3620/3288
f 4102/3622/3290 4114/3634/3302 4113/3633/3301 4101/3621/3289
f 4103/3623/3291 4115/3635/3303 4114/3634/3302 4102/3622/3290
f 4104/3624/3292 4116/3636/3304 4115/3635/3303 4103/3623/3291
f 4105/3625/3293 4117/3637/3305 4116/3636/3304 4104/3624/3292
f 4106/3626/3294 4118/3638/3306 4117/3637/3305 4105/3625/3293
f 4107/3627/3295 4119/3639/3307 4118/3638/3306 4106/3626/3294
f 4108/3628/3296 4120/3640/3308 4119/3639/3307 4107/3627/3295
f 4110/3629/3297 4122/3641/3309 4121/3642/3310 4109/3630/3298
f 4111/3631/3299 4123/3643/3311 4122/3641/3309 4110/3629/3297
f 4112/3632/3300 4124/3644/3312 4123/3643/3311 4111/3631/3299
f 4113/3633/3301 4125/3645/3313 4124/3644/3312 4112/3632/3300
f 4114/3634/3302 4126/3646/3314 4125/3645/3313 4113/3633/3301
f 4115/3635/3303 4127/3647/3315 4126/3646/3314 4114/3634/3302
f 4116/3636/3304 4128/3648/3316 4127/3647/3315 4115/3635/3303
f 4117/3637/3305 4129/3649/3317 4128/3648/3316 4116/3636/3304
f 4118/3638/3306 4130/3650/3318 4129/3649/3317 4117/3637/3305
f 4119/3639/3307 4131/3651/3319 4130/3650/3318 4118/3638/3306
f 4120/3640/3308 4132/3652/3320 4131/3651/3319 4119/3639/3307
f 4122/3641/3309 4134/3653/3321 4133/3654/3322 4121/3642/3310
f 4123/3643/3311 4135/3655/3323 4134/3653/3321 4122/3641/3309
f 4124/3644/3312 4136/3656/3324 4135/3655/3323 4123/3643/3311
f 4125/3645/3313 4137/3657/3325 4136/3656/3324 4124/3644/3312
f 4126/3646/3314 4138/3658/3326 4137/3657/3325 4125/3645/3313
f 4127/3647/3315 4139/3659/3327 4138/3658/3326 4126/3646/3314
f 4128/3648/3316 4140/3660/3328 4139/3659/3327 4127/3647/3315
f 4129/3649/3317 4141/3661/3329 4140/3660/3328 4128/3648/3316
f 4130/3650/3318 4142/3662/3330 4141/3661/3329 4129/3649/3317
f 4131/3651/3319 4143/3663/3331 4142/3662/3330 4130/3650/3318
f 4132/3652/3320 4144/3664/3332 4143/3663/3331 4131/3651/3319
f 4134/3653/3321 4146/3665/3333 4145/3666/3334 4133/3654/3322
f 4135/3655/3323 4147/3667/3335 4146/3665/3333 4134/3653/3321
f 4136/3656/3324 4148/3668/3336 4147/3667/3335 4135/3655/3323
f 4137/3657/3325 4149/3669/3337 4148/3668/3336 4136/3656/3324
f 4138/3658/3326 4150/3670/3338 4149/3669/3337 4137/3657/3325
f 4139/3659/3327 4151/3671/3339 4150/3670/3338 4138/3658/3326
f 4140/3660/3328 4152/3672/3340 4151/3671/3339 4139/3659/3327
f 4141/3661/3329 4153/3673/3341 4152/3672/3340 4140/3660/3328
f 4142/3662/3330 4154/3674/3342 4153/3673/3341 4141/3661/3329
f 4143/3663/3331 4155/3675/3343 4154/3674/3342 4142/3662/3330
f 4144/3664/3332 4156/3676/3344 4155/3675/3343 4143/3663/3331
f 4146/3665/3333 4158/1493/3345 4157/1494/3346 4145/3666/3334
f 4147/3667/3335 4159/1495/3347 4158/1493/3345 4146/3665/3333
f 4148/3668/3336 4160/1496/3348 4159/1495/3347 4147/3667/3335
f 4149/3669/3337 4161/1497/3349 4160/1496/3348 4148/3668/3336
f 4150/3670/3338 4162/1498/3350 4161/1497/3349 4149/3669/3337
f 4151/3671/3339 4163/1499/3351 4162/1498/3350 4150/3670/3338
f 4152/3672/3340 4164/1500/3352 4163/1499/3351 4151/3671/3339
f 4153/3673/3341 4165/1501/3353 4164/1500/3352 4152/3672/3340
f 4154/3674/3342 4166/1502/3354 4165/1501/3353 4153/3673/3341
f 4155/3675/3343 4167/1503/3355 4166/1502/3354 4154/3674/3342
f 4156/3676/3344 4168/1504/3356 4167/1503/3355 4155/3675/3343
f 4158/1493/3345 4170/3677/3357 4169/3678/3358 4157/1494/3346
f 4159/1495/3347 4171/3679/3359 4170/3677/3357 4158/1493/3345
f 4160/1496/3348 4172/3680/3360 4171/3679/3359 4159/1495/3347
f 4161/1497/3349 4173/3681/3361 4172/3680/3360 4160/1496/3348
f 4162/1498/3350 4174/3682/3362 4173/3681/3361 4161/1497/3349
f 4163/1499/3351 4175/3683/3363 4174/3682/3362 4162/1498/3350
f 4164/1500/3352 4176/3684/3364 4175/3683/3363 4163/1499/3351
f 4165/1501/3353 4177/3685/3365 4176/3684/3364 4164/1500/3352
f 4166/1502/3354 4178/3686/3366 4177/3685/3365 4165/1501/3353
f 4167/1503/3355 4179/3687/3367 4178/3686/3366 4166/1502/3354
f 4168/1504/3356 4180/3688/3368 4179/3687/3367 4167/1503/3355
f 4170/3677/3357 4182/3689/3369 4181/3690/3370 4169/3678/3358
f 4171/3679/3359 4183/3691/3371 4182/3689/3369 4170/3677/3357
f 4172/3680/3360 4184/3692/3372 4183/3691/3371 4171/3679/3359
f 4173/3681/3361 4185/3693/3373 4184/3692/3372 4172/3680/3360
f 4174/3682/3362 4186/3694/3374 4185/3693/3373 4173/3681/3361
f 4175/3683/3363 4187/3695/3375 4186/3694/3374 4174/3682/3362
f 4176/3684/3364 4188/3696/3376 4187/3695/3375 4175/3683/3363
f 4177/3685/3365 4189/3697/3377 4188/3696/3376 4176/3684/3364
f 4178/3686/3366 4190/3698/3378 4189/3697/3377 4177/3685/3365
f 4179/3687/3367 4191/3699/3379 4190/3698/3378 4178/3686/3366
f 4180/3688/3368 4192/3700/3380 4191/3699/3379 4179/3687/3367
f 4182/3689/3369 4194/3701/3381 4193/3702/3382 4181/3690/3370
f 4183/3691/3371 4195/3703/3383 4194/3701/3381 4182/3689/3369
f 4184/3692/3372 4196/3704/3384 4195/3703/3383 4183/3691/3371
f 4185/3693/3373 4197/3705/3385 4196/3704/3384 4184/3692/3372
f 4186/3694/3374 4198/3706/3386 4197/3705/3385 4185/3693/3373
f 4187/3695/3375 4199/3707/3387 4198/3706/3386 4186/3694/3374
f 4188/3696/3376 4200/3708/3388 4199/3707/3387 4187/3695/3375
f 4189/3697/3377 4201/3709/3389 4200/3708/3388 4188/3696/3376
f 4190/3698/3378 4202/3710/3390 4201/3709/3389 4189/3697/3377
f 4191/3699/3379 4203/3711/3391 4202/3710/3390 4190/3698/3378
f 4192/3700/3380 4204/3712/3392 4203/3711/3391 4191/3699/3379
f 4194/3701/3381 4206/3713/3393 4205/3714/3394 4193/3702/3382
f 4195/3703/3383 4207/3715/3395 4206/3713/3393 4194/3701/3381
f 4196/3704/3384 4208/3716/3396 4207/3715/3395 4195/3703/3383
f 4197/3705/3385 4209/3717/3397 4208/3716/3396 4196/3704/3384
f 4198/3706/3386 4210/3718/3398 4209/3717/3397 4197/3705/3385
f 4199/3707/3387 4211/3719/3399 4210/3718/3398 4198/3706/3386
f 4200/3708/3388 4212/3720/3400 4211/3719/3399 4199/3707/3387
f 4201/3709/3389 4213/3721/3401 4212/3720/3400 4200/3708/3388
f 4202/3710/3390 4214/3722/3402 4213/3721/3401 4201/3709/3389
f 4203/3711/3391 4215/3723/3403 4214/3722/3402 4202/3710/3390
f 4204/3712/3392 4216/3724/3404 4215/3723/3403 4203/3711/3391
f 4206/3713/3393 4218/3725/3405 4217/3726/3406 4205/3714/3394
f 4207/3715/3395 4219/3727/3407 4218/3725/3405 4206/3713/3393
f 4208/3716/3396 4220/3728/3408 4219/3727/3407 4207/3715/3395
f 4209/3717/3397 4221/3729/3409 4220/3728/3408 4208/3716/3396
f 4210/3718/3398 4222/3730/3410 4221/3729/3409 4209/3717/3397
f 4211/3719/3399 4223/3731/3411 4222/3730/3410 4210/3718/3398
f 4212/3720/3400 4224/3732/3412 4223/3731/3411 4211/3719/3399
f 4213/3721/3401 4225/3733/3413 4224/3732/3412 4212/3720/3400
f 4214/3722/3402 4226/3734/3414 4225/3733/3413 4213/3721/3401
f 4215/3723/3403 4227/3735/3415 4226/3734/3414 4214/3722/3402
f 4216/3724/3404 4228/3736/3416 4227/3735/3415 4215/3723/3403
f 4218/3725/3405 4230/3737/3417 4229/3738/3418 4217/3726/3406
f 4219/3727/3407 4231/3739/3419 4230/3737/3417 4218/3725/3405
f 4220/3728/3408 4232/3740/3420 4231/3739/3419 4219/3727/3407
f 4221/3729/3409 4233/3741/3421 4232/3740/3420 4220/3728/3408
f 4222/3730/3410 4234/3742/3422 4233/3741/3421 4221/3729/3409
f 4223/3731/3411 4235/3743/3423 4234/3742/3422 4222/3730/3410
f 4224/3732/3412 4236/3744/3424 4235/3743/3423 4223/3731/3411
f 4225/3733/3413 4237/3745/3425 4236/3744/3424 4224/3732/3412
f 4226/3734/3414 4238/3746/3426 4237/3745/3425 4225/3733/3413
f 4227/3735/3415 4239/3747/3427 4238/3746/3426 4226/3734/3414
f 4228/3736/3416 4240/3748/3428 4239/3747/3427 4227/3735/3415
f 4230/3737/3417 4242/3749/3429 4241/3750/3430 4229/3738/3418
f 4231/3739/3419 4243/3751/3431 4242/3749/3429 4230/3737/3417
f 4232/3740/3420 4244/3752/3432 4243/3751/3431 4231/3739/3419
f 4233/3741/3421 4245/3753/3433 4244/3752/3432 4232/3740/3420
f 4234/3742/3422 4246/3754/3434 4245/3753/3433 4233/3741/3421
f 4235/3743/3423 4247/3755/3435 4246/3754/3434 4234/3742/3422
f 4236/3744/3424 4248/3756/3436 4247/3755/3435 4235/3743/3423
f 4237/3745/3425 4249/3757/3437 4248/3756/3436 4236/3744/3424
f 4238/3746/3426 4250/3758/3438 4249/3757/3437 4237/3745/3425
f 4239/3747/3427 4251/3759/3439 4250/3758/3438 4238/3746/3426
f 4240/3748/3428 4252/3760/3440 4251/3759/3439 4239/3747/3427
f 4242/3749/3429 4254/3761/3441 4253/3762/3442 4241/3750/3430
f 4243/3751/3431 4255/3763/3443 4254/3761/3441 4242/3749/3429
f 4244/3752/3432 4256/3764/3444 4255/3763/3443 4243/3751/3431
f 4245/3753/3433 4257/3765/3445 4256/3764/3444 4244/3752/3432
f 4246/3754/3434 4258/3766/3446 4257/3765/3445 4245/3753/3433
f 4247/3755/3435 4259/3767/3447 4258/3766/3446 4246/3754/3434
f 4248/3756/3436 4260/3768/3448 4259/3767/3447 4247/3755/3435
f 4249/3757/3437 4261/3769/3449 4260/3768/3448 4248/3756/3436
f 4250/3758/3438 4262/3770/3450 4261/3769/3449 4249/3757/3437
f 4251/3759/3439 4263/3771/3451 4262/3770/3450 4250/3758/3438
f 4252/3760/3440 4264/3772/3452 4263/3771/3451 4251/3759/3439
f 4254/3761/3441 4266/3773/3453 4265/3774/3454 4253/3762/3442
f 4255/3763/3443 4267/3775/3455 4266/3773/3453 4254/3761/3441
f 4256/3764/3444 4268/3776/3456 4267/3775/3455 4255/3763/3443
f 4257/3765/3445 4269/3777/3457 4268/3776/3456 4256/3764/3444
f 4258/3766/3446 4270/3778/3458 4269/3777/3457 4257/3765/3445
f 4259/3767/3447 4271/3779/3459 4270/3778/3458 4258/3766/3446
f 4260/3768/3448 4272/3780/3460 4271/3779/3459 4259/3767/3447
f 4261/3769/3449 4273/3781/3461 4272/3780/3460 4260/3768/3448
f 4262/3770/3450 4274/3782/3462 4273/3781/3461 4261/3769/3449
f 4263/3771/3451 4275/3783/3463 4274/3782/3462 4262/3770/3450
f 4264/3772/3452 4276/3784/3464 4275/3783/3463 4263/3771/3451
f 4266/3773/3453 4278/3785/780 4277/3786/781 4265/3774/3454
f 4267/3775/3455 4279/3787/782 4278/3785/780 4266/3773/3453
f 4268/3776/3456 4280/3788/783 4279/3787/782 4267/3775/3455
f 4269/3777/3457 4281/3789/784 4280/3788/783 4268/3776/3456
f 4270/3778/3458 4282/3790/785 4281/3789/784 4269/3777/3457
f 4271/3779/3459 4283/3791/786 4282/3790/785 4270/3778/3458
f 4272/3780/3460 4284/3792/787 4283/3791/786 4271/3779/3459
f 4273/3781/3461 4285/3793/788 4284/3792/787 4272/3780/3460
f 4274/3782/3462 4286/3794/789 4285/3793/788 4273/3781/3461
f 4275/3783/3463 4287/3795/790 4286/3794/789 4274/3782/3462
f 4276/3784/3464 4288/3796/791 4287/3795/790 4275/3783/3463
f 4278/3785/780 4290/3797/1117 4289/3798/1105 4277/3786/781
f 4279/3787/782 4291/3799/1118 4290/3797/1117 4278/3785/780
f 4280/3788/783 4292/3800/1119 4291/3799/1118 4279/3787/782
f 4281/3789/784 4293/3801/1120 4292/3800/1119 4280/3788/783
f 4282/3790/785 4294/3802/1121 4293/3801/1120 4281/3789/784
f 4283/3791/786 4295/3803/1122 4294/3802/1121 4282/3790/785
f 4284/3792/787 4296/3804/1123 4295/3803/1122 4283/3791/786
f 4285/3793/788 4297/3805/1124 4296/3804/1123 4284/3792/787
f 4286/3794/789 4298/3806/1125 4297/3805/1124 4285/3793/788
f 4287/3795/790 4299/3807/1126 4298/3806/1125 4286/3794/789
f 4288/3796/791 4300/3808/1115 4299/3807/1126 4287/3795/790
f 4290/3797/1117 4302/3809/3465 4301/3810/3466 4289/3798/1105
f 4291/3799/1118 4303/3811/3467 4302/3809/3465 4290/3797/1117
f 4292/3800/1119 4304/3812/3468 4303/3811/3467 4291/3799/1118
f 4293/3801/1120 4305/3813/3469 4304/3812/3468 4292/3800/1119
f 4294/3802/1121 4306/3814/3470 4305/3813/3469 4293/3801/1120
f 4295/3803/1122 4307/3815/3471 4306/3814/3470 4294/3802/1121
f 4296/3804/1123 4308/3816/3472 4307/3815/3471 4295/3803/1122
f 4297/3805/1124 4309/3817/3473 4308/3816/3472 4296/3804/1123
f 4298/3806/1125 4310/3818/3474 4309/3817/3473 4297/3805/1124
f 4299/3807/1126 4311/3819/3475 4310/3818/3474 4298/3806/1125
f 4300/3808/1115 4312/3820/3476 4311/3819/3475 4299/3807/1126
f 4302/3809/3465 3378/1088/2591 3377/4/2594 4301/3810/3466
f 4303/3811/3467 3379/1089/2595 3378/1088/2591 4302/3809/3465
f 4304/3812/3468 3380/1090/2597 3379/1089/2595 4303/3811/3467
f 4305/3813/3469 3381/1091/2599 3380/1090/2597 4304/3812/3468
f 4306/3814/3470 3382/1092/2601 3381/1091/2599 4305/3813/3469
f 4307/3815/3471 3383/1093/2603 3382/1092/2601 4306/3814/3470
f 4308/3816/3472 3384/1094/2605 3383/1093/2603 4307/3815/3471
f 4309/3817/3473 3385/1095/2607 3384/1094/2605 4308/3816/3472
f 4310/3818/3474 3386/1096/2609 3385/1095/2607 4309/3817/3473
f 4311/3819/3475 3387/1097/2611 3386/1096/2609 4310/3818/3474
f 4312/3820/3476 3388/1098/2613 3387/1097/2611 4311/3819/3475
f 4314/285/1117 4326/1421/758 4325/1422/747 4313/7/1105
f 4315/288/1118 4327/1423/759 4326/1421/758 4314/285/1117
f 4316/290/1119 4328/1424/760 4327/1423/759 4315/288/1118
f 4317/292/1120 4329/1425/761 4328/1424/760 4316/290/1119
f 4318/294/1121 4330/1426/762 4329/1425/761 4317/292/1120
f 4319/296/1122 4331/1427/763 4330/1426/762 4318/294/1121
f 4320/298/1123 4332/1428/764 4331/1427/763 4319/296/1122
f 4321/300/1124 4333/1429/765 4332/1428/764 4320/298/1123
f 4322/302/1125 4334/1430/766 4333/1429/765 4321/300/1124
f 4323/304/1126 4335/1431/767 4334/1430/766 4322/302/1125
f 4324/306/1115 4336/1432/757 4335/1431/767 4323/304/1126
f 4326/1421/758 4338/1195/768 4337/264/769 4325/1422/747
f 4327/1423/759 4339/1196/770 4338/1195/768 4326/1421/758
f 4328/1424/760 4340/1197/771 4339/1196/770 4327/1423/759
f 4329/1425/761 4341/1198/772 4340/1197/771 4328/1424/760
f 4330/1426/762 4342/1199/773 4341/1198/772 4329/1425/761
f 4331/1427/763 4343/1200/774 4342/1199/773 4330/1426/762
f 4332/1428/764 4344/1201/775 4343/1200/774 4331/1427/763
f 4333/1429/765 4345/1202/776 4344/1201/775 4332/1428/764
f 4334/1430/766 4346/1203/777 4345/1202/776 4333/1429/765
f 4335/1431/767 4347/1204/778 4346/1203/777 4334/1430/766
f 4336/1432/757 4348/1205/779 4347/1204/778 4335/1431/767
f 4338/1195/768 4350/1457/780 4349/1458/781 4337/264/769
f 4339/1196/770 4351/1459/782 4350/1457/780 4338/1195/768
f 4340/1197/771 4352/1460/783 4351/1459/782 4339/1196/770
f 4341/1198/772 4353/1461/784 4352/1460/783 4340/1197/771
f 4342/1199/773 4354/1462/785 4353/1461/784 4341/1198/772
f 4343/1200/774 4355/1463/786 4354/1462/785 4342/1199/773
f 4344/1201/775 4356/1464/787 4355/1463/786 4343/1200/774
f 4345/1202/776 4357/1465/788 4356/1464/787 4344/1201/775
f 4346/1203/777 4358/1466/789 4357/1465/788 4345/1202/776
f 4347/1204/778 4359/1467/790 4358/1466/789 4346/1203/777
f 4348/1205/779 4360/1468/791 4359/1467/790 4347/1204/778
f 4350/1457/780 4362/1302/1117 4361/240/1105 4349/1458/781
f 4351/1459/782 4363/1303/1118 4362/1302/1117 4350/1457/780
f 4352/1460/783 4364/1304/1119 4363/1303/1118 4351/1459/782
f 4353/1461/784 4365/1305/1120 4364/1304/1119 4352/1460/783
f 4354/1462/785 4366/1306/1121 4365/1305/1120 4353/1461/784
f 4355/1463/786 4367/1307/1122 4366/1306/1121 4354/1462/785
f 4356/1464/787 4368/1308/1123 4367/1307/1122 4355/1463/786
f 4357/1465/788 4369/1309/1124 4368/1308/1123 4356/1464/787
f 4358/1466/789 4370/1310/1125 4369/1309/1124 4357/1465/788
f 4359/1467/790 4371/1311/1126 4370/1310/1125 4358/1466/789
f 4360/1468/791 4372/1312/1115 4371/1311/1126 4359/1467/790
f 4362/1302/1117 4374/1493/1104 4373/1494/1105 4361/240/1105
f 4363/1303/1118 4375/1495/1106 4374/1493/1104 4362/1302/1117
f 4364/1304/1119 4376/1496/1107 4375/1495/1106 4363/1303/1118
f 4365/1305/1120 4377/1497/1108 4376/1496/1107 4364/1304/1119
f 4366/1306/1121 4378/1498/1109 4377/1497/1108 4365/1305/1120
f 4367/1307/1122 4379/1499/1110 4378/1498/1109 4366/1306/1121
f 4368/1308/1123 4380/1500/1111 4379/1499/1110 4367/1307/1122
f 4369/1309/1124 4381/1501/1112 4380/1500/1111 4368/1308/1123
f 4370/1310/1125 4382/1502/1113 4381/1501/1112 4369/1309/1124
f 4371/1311/1126 4383/1503/1114 4382/1502/1113 4370/1310/1125
f 4372/1312/1115 4384/1504/1115 4383/1503/1114 4371/1311/1126
f 4374/1493/1104 4314/1088/1117 4313/4/1105 4373/1494/1105
f 4375/1495/1106 4315/1089/1118 4314/1088/1117 4374/1493/1104
f 4376/1496/1107 4316/1090/1119 4315/1089/1118 4375/1495/1106
f 4377/1497/1108 4317/1091/1120 4316/1090/1119 4376/1496/1107
f 4378/1498/1109 4318/1092/1121 4317/1091/1120 4377/1497/1108
f 4379/1499/1110 4319/1093/1122 4318/1092/1121 4378/1498/1109
f 4380/1500/1111 4320/1094/1123 4319/1093/1122 4379/1499/1110
f 4381/1501/1112 4321/1095/1124 4320/1094/1123 4380/1500/1111
f 4382/1502/1113 4322/1096/1125 4321/1095/1124 4381/1501/1112
f 4383/1503/1114 4323/1097/1126 4322/1096/1125 4382/1502/1113
f 4384/1504/1115 4324/1098/1115 4323/1097/1126 4383/1503/1114
f 4386/285/746 4398/3821/758 4397/3822/747 4385/7/747
f 4387/288/748 4399/3823/759 4398/3821/758 4386/285/746
f 4388/290/749 4400/3824/760 4399/3823/759 4387/288/748
f 4389/292/750 4401/3825/761 4400/3824/760 4388/290/749
f 4390/294/751 4402/3826/762 4401/3825/761 4389/292/750
f 4391/296/752 4403/3827/763 4402/3826/762 4390/294/751
f 4392/298/753 4404/3828/764 4403/3827/763 4391/296/752
f 4393/300/3477 4405/3829/765 4404/3828/764 4392/298/753
f 4394/302/755 4406/3830/766 4405/3829/765 4393/300/3477
f 4395/304/756 4407/3831/767 4406/3830/766 4394/302/755
f 4396/306/757 4408/3832/757 4407/3831/767 4395/304/756
f 4398/3821/758 4410/1433/768 4409/1434/769 4397/3822/747
f 4399/3823/759 4411/1435/770 4410/1433/768 4398/3821/758
f 4400/3824/760 4412/1436/771 4411/1435/770 4399/3823/759
f 4401/3825/761 4413/1437/772 4412/1436/771 4400/3824/760
f 4402/3826/762 4414/1438/773 4413/1437/772 4401/3825/761
f 4403/3827/763 4415/1439/774 4414/1438/773 4402/3826/762
f 4404/3828/764 4416/1440/775 4415/1439/774 4403/3827/763
f 4405/3829/765 4417/1441/776 4416/1440/775 4404/3828/764
f 4406/3830/766 4418/1442/777 4417/1441/776 4405/3829/765
f 4407/3831/767 4419/1443/778 4418/1442/777 4406/3830/766
f 4408/3832/757 4420/1444/779 4419/1443/778 4407/3831/767
f 4410/1433/768 4422/3833/3478 4421/3834/769 4409/1434/769
f 4411/1435/770 4423/3835/3479 4422/3833/3478 4410/1433/768
f 4412/1436/771 4424/3836/3480 4423/3835/3479 4411/1435/770
f 4413/1437/772 4425/3837/3481 4424/3836/3480 4412/1436/771
f 4414/1438/773 4426/3838/3482 4425/3837/3481 4413/1437/772
f 4415/1439/774 4427/3839/3483 4426/3838/3482 4414/1438/773
f 4416/1440/775 4428/3840/3484 4427/3839/3483 4415/1439/774
f 4417/1441/776 4429/3841/3485 4428/3840/3484 4416/1440/775
f 4418/1442/777 4430/3842/3486 4429/3841/3485 4417/1441/776
f 4419/1443/778 4431/3843/3487 4430/3842/3486 4418/1442/777
f 4420/1444/779 4432/3844/779 4431/3843/3487 4419/1443/778
f 4422/3833/3478 4434/1457/768 4433/1458/769 4421/3834/769
f 4423/3835/3479 4435/1459/770 4434/1457/768 4422/3833/3478
f 4424/3836/3480 4436/1460/771 4435/1459/770 4423/3835/3479
f 4425/3837/3481 4437/1461/772 4436/1460/771 4424/3836/3480
f 4426/3838/3482 4438/1462/773 4437/1461/772 4425/3837/3481
f 4427/3839/3483 4439/1463/774 4438/1462/773 4426/3838/3482
f 4428/3840/3484 4440/1464/775 4439/1463/774 4427/3839/3483
f 4429/3841/3485 4441/1465/776 4440/1464/775 4428/3840/3484
f 4430/3842/3486 4442/1466/777 4441/1465/776 4429/3841/3485
f 4431/3843/3487 4443/1467/778 4442/1466/777 4430/3842/3486
f 4432/3844/779 4444/1468/779 4443/1467/778 4431/3843/3487
f 4434/1457/768 4446/3845/780 4445/3846/781 4433/1458/769
f 4435/1459/770 4447/3847/782 4446/3845/780 4434/1457/768
f 4436/1460/771 4448/3848/783 4447/3847/782 4435/1459/770
f 4437/1461/772 4449/3849/784 4448/3848/783 4436/1460/771
f 4438/1462/773 4450/3850/785 4449/3849/784 4437/1461/772
f 4439/1463/774 4451/3851/786 4450/3850/785 4438/1462/773
f 4440/1464/775 4452/3852/787 4451/3851/786 4439/1463/774
f 4441/1465/776 4453/3853/788 4452/3852/787 4440/1464/775
f 4442/1466/777 4454/3854/789 4453/3853/788 4441/1465/776
f 4443/1467/778 4455/3855/790 4454/3854/789 4442/1466/777
f 4444/1468/779 4456/3856/791 4455/3855/790 4443/1467/778
f 4446/3845/780 4458/1481/1117 4457/1482/1105 4445/3846/781
f 4447/3847/782 4459/1483/1118 4458/1481/1117 4446/3845/780
f 4448/3848/783 4460/1484/1119 4459/1483/1118 4447/3847/782
f 4449/3849/784 4461/1485/1120 4460/1484/1119 4448/3848/783
f 4450/3850/785 4462/1486/1121 4461/1485/1120 4449/3849/784
f 4451/3851/786 4463/1487/1122 4462/1486/1121 4450/3850/785
f 4452/3852/787 4464/1488/1123 4463/1487/1122 4451/3851/786
f 4453/3853/788 4465/1489/1124 4464/1488/1123 4452/3852/787
f 4454/3854/789 4466/1490/1125 4465/1489/1124 4453/3853/788
f 4455/3855/790 4467/1491/1126 4466/1490/1125 4454/3854/789
f 4456/3856/791 4468/1492/1115 4467/1491/1126 4455/3855/790
f 4458/1481/1117 4470/3857/758 4469/3858/747 4457/1482/1105
f 4459/1483/1118 4471/3859/759 4470/3857/758 4458/1481/1117
f 4460/1484/1119 4472/3860/760 4471/3859/759 4459/1483/1118
f 4461/1485/1120 4473/3861/761 4472/3860/760 4460/1484/1119
f 4462/1486/1121 4474/3862/762 4473/3861/761 4461/1485/1120
f 4463/1487/1122 4475/3863/763 4474/3862/762 4462/1486/1121
f 4464/1488/1123 4476/3864/764 4475/3863/763 4463/1487/1122
f 4465/1489/1124 4477/3865/765 4476/3864/764 4464/1488/1123
f 4466/1490/1125 4478/3866/766 4477/3865/765 4465/1489/1124
f 4467/1491/1126 4479/3867/767 4478/3866/766 4466/1490/1125
f 4468/1492/1115 4480/3868/757 4479/3867/767 4467/1491/1126
f 4470/3857/758 4386/1088/746 4385/4/747 4469/3858/747
f 4471/3859/759 4387/1089/748 4386/1088/746 4470/3857/758
f 4472/3860/760 4388/1090/749 4387/1089/748 4471/3859/759
f 4473/3861/761 4389/1091/750 4388/1090/749 4472/3860/760
f 4474/3862/762 4390/1092/751 4389/1091/750 4473/3861/761
f 4475/3863/763 4391/1093/752 4390/1092/751 4474/3862/762
f 4476/3864/764 4392/1094/753 4391/1093/752 4475/3863/763
f 4477/3865/765 4393/1095/3477 4392/1094/753 4476/3864/764
f 4478/3866/766 4394/1096/755 4393/1095/3477 4477/3865/765
f 4479/3867/767 4395/1097/756 4394/1096/755 4478/3866/766
f 4480/3868/757 4396/1098/757 4395/1097/756 4479/3867/767
