# Blender 4.4.1
# www.blender.org
mtllib titleFont.mtl
o テキスト.002
v -8.931233 -3.027193 -0.561020
v -8.927422 -3.045719 -0.561020
v -8.921282 -3.063304 -0.561020
v -8.912986 -3.079775 -0.561020
v -8.902709 -3.094957 -0.561020
v -8.890624 -3.108678 -0.561020
v -8.876903 -3.120763 -0.561020
v -8.861720 -3.131040 -0.561020
v -8.845250 -3.139335 -0.561020
v -8.827664 -3.145475 -0.561020
v -8.809137 -3.149286 -0.561020
v -8.789843 -3.150595 -0.561020
v -8.770550 -3.149286 -0.561020
v -8.752023 -3.145475 -0.561020
v -8.734437 -3.139335 -0.561020
v -8.717967 -3.131040 -0.561020
v -8.702785 -3.120763 -0.561020
v -8.689064 -3.108678 -0.561020
v -8.676978 -3.094957 -0.561020
v -8.666701 -3.079775 -0.561020
v -8.658405 -3.063304 -0.561020
v -8.652266 -3.045719 -0.561020
v -8.648455 -3.027193 -0.561020
v -8.647145 -3.007898 -0.561020
v -8.648452 -2.988603 -0.561020
v -8.652264 -2.970077 -0.561020
v -8.658403 -2.952491 -0.561020
v -8.666699 -2.936021 -0.561020
v -8.676976 -2.920839 -0.561020
v -8.689061 -2.907118 -0.561020
v -8.702783 -2.895032 -0.561020
v -8.717965 -2.884756 -0.561020
v -8.734435 -2.876460 -0.561020
v -8.752021 -2.870321 -0.561020
v -8.770548 -2.866509 -0.561020
v -8.789843 -2.865201 -0.561020
v -8.809135 -2.866509 -0.561020
v -8.827662 -2.870320 -0.561020
v -8.845248 -2.876460 -0.561020
v -8.861718 -2.884755 -0.561020
v -8.876901 -2.895032 -0.561020
v -8.890621 -2.907118 -0.561020
v -8.902707 -2.920838 -0.561020
v -8.912984 -2.936021 -0.561020
v -8.921280 -2.952491 -0.561020
v -8.927420 -2.970077 -0.561020
v -8.931231 -2.988603 -0.561020
v -8.932540 -3.007898 -0.561020
v -8.809070 -1.488224 -0.561021
v -8.828709 -1.495517 -0.561021
v -8.846400 -1.507682 -0.561021
v -8.862159 -1.524728 -0.561021
v -8.876002 -1.546663 -0.561020
v -8.887946 -1.573494 -0.561020
v -8.898007 -1.605231 -0.561020
v -8.906202 -1.641881 -0.561020
v -8.912547 -1.683453 -0.561020
v -8.917059 -1.729954 -0.561020
v -8.919753 -1.781395 -0.561020
v -8.920648 -1.837781 -0.561020
v -8.920549 -1.863545 -0.561020
v -8.920252 -1.888507 -0.561020
v -8.919757 -1.912660 -0.561020
v -8.919063 -1.935996 -0.561020
v -8.918171 -1.958505 -0.561020
v -8.917081 -1.980181 -0.561020
v -8.915793 -2.001014 -0.561020
v -8.914307 -2.020997 -0.561020
v -8.912621 -2.040121 -0.561020
v -8.910739 -2.058378 -0.561020
v -8.908657 -2.075760 -0.561020
v -8.906378 -2.092258 -0.561020
v -8.846921 -2.501323 -0.561020
v -8.843344 -2.526254 -0.561020
v -8.839709 -2.548757 -0.561020
v -8.835958 -2.568881 -0.561020
v -8.832035 -2.586677 -0.561020
v -8.827880 -2.602194 -0.561020
v -8.823436 -2.615481 -0.561020
v -8.818645 -2.626587 -0.561020
v -8.813449 -2.635564 -0.561020
v -8.807792 -2.642459 -0.561020
v -8.801613 -2.647323 -0.561020
v -8.794856 -2.650205 -0.561020
v -8.787464 -2.651155 -0.561020
v -8.780071 -2.650205 -0.561020
v -8.773314 -2.647323 -0.561020
v -8.767137 -2.642459 -0.561020
v -8.761478 -2.635564 -0.561020
v -8.756284 -2.626587 -0.561020
v -8.751493 -2.615481 -0.561020
v -8.747047 -2.602194 -0.561020
v -8.742892 -2.586677 -0.561020
v -8.738969 -2.568881 -0.561020
v -8.735219 -2.548757 -0.561020
v -8.731584 -2.526254 -0.561020
v -8.728007 -2.501323 -0.561020
v -8.668550 -2.092258 -0.561020
v -8.666270 -2.075760 -0.561020
v -8.664189 -2.058378 -0.561020
v -8.662307 -2.040121 -0.561020
v -8.660622 -2.020997 -0.561020
v -8.659135 -2.001014 -0.561020
v -8.657846 -1.980181 -0.561020
v -8.656756 -1.958505 -0.561021
v -8.655866 -1.935996 -0.561021
v -8.655171 -1.912660 -0.561021
v -8.654675 -1.888507 -0.561021
v -8.654379 -1.863545 -0.561021
v -8.654280 -1.837781 -0.561021
v -8.655173 -1.781395 -0.561021
v -8.657868 -1.729955 -0.561021
v -8.662379 -1.683453 -0.561021
v -8.668724 -1.641881 -0.561021
v -8.676919 -1.605231 -0.561021
v -8.686980 -1.573494 -0.561021
v -8.698924 -1.546663 -0.561021
v -8.712768 -1.524728 -0.561021
v -8.728526 -1.507683 -0.561021
v -8.746218 -1.495517 -0.561021
v -8.765859 -1.488224 -0.561021
v -8.787464 -1.485795 -0.561021
v -8.286715 -3.027193 -0.561020
v -8.282904 -3.045719 -0.561020
v -8.276764 -3.063304 -0.561020
v -8.268469 -3.079775 -0.561020
v -8.258192 -3.094957 -0.561020
v -8.246106 -3.108678 -0.561020
v -8.232386 -3.120763 -0.561020
v -8.217204 -3.131040 -0.561020
v -8.200733 -3.139335 -0.561020
v -8.183148 -3.145475 -0.561020
v -8.164621 -3.149286 -0.561020
v -8.145327 -3.150595 -0.561020
v -8.126032 -3.149286 -0.561020
v -8.107505 -3.145475 -0.561020
v -8.089920 -3.139335 -0.561020
v -8.073449 -3.131040 -0.561020
v -8.058268 -3.120763 -0.561021
v -8.044547 -3.108678 -0.561021
v -8.032461 -3.094957 -0.561021
v -8.022184 -3.079775 -0.561021
v -8.013889 -3.063304 -0.561021
v -8.007750 -3.045719 -0.561021
v -8.003939 -3.027193 -0.561021
v -8.002630 -3.007898 -0.561021
v -8.003939 -2.988603 -0.561021
v -8.007751 -2.970077 -0.561021
v -8.013890 -2.952491 -0.561021
v -8.022185 -2.936021 -0.561021
v -8.032462 -2.920839 -0.561021
v -8.044547 -2.907118 -0.561021
v -8.058268 -2.895032 -0.561021
v -8.073450 -2.884756 -0.561021
v -8.089920 -2.876460 -0.561021
v -8.107506 -2.870321 -0.561021
v -8.126032 -2.866509 -0.561021
v -8.145327 -2.865201 -0.561021
v -8.164623 -2.866509 -0.561021
v -8.183149 -2.870320 -0.561021
v -8.200734 -2.876460 -0.561020
v -8.217205 -2.884755 -0.561020
v -8.232388 -2.895032 -0.561020
v -8.246107 -2.907118 -0.561020
v -8.258193 -2.920838 -0.561020
v -8.268470 -2.936021 -0.561020
v -8.276765 -2.952491 -0.561020
v -8.282905 -2.970077 -0.561020
v -8.286716 -2.988603 -0.561020
v -8.288024 -3.007898 -0.561020
v -8.164554 -1.488224 -0.561021
v -8.184194 -1.495517 -0.561021
v -8.201885 -1.507682 -0.561021
v -8.217644 -1.524728 -0.561021
v -8.231486 -1.546663 -0.561021
v -8.243430 -1.573494 -0.561021
v -8.253491 -1.605231 -0.561021
v -8.261686 -1.641881 -0.561021
v -8.268031 -1.683453 -0.561021
v -8.272543 -1.729954 -0.561021
v -8.275238 -1.781395 -0.561021
v -8.276133 -1.837781 -0.561021
v -8.276033 -1.863545 -0.561021
v -8.275737 -1.888507 -0.561021
v -8.275241 -1.912660 -0.561021
v -8.274548 -1.935996 -0.561021
v -8.273655 -1.958505 -0.561021
v -8.272566 -1.980181 -0.561021
v -8.271277 -2.001014 -0.561021
v -8.269791 -2.020997 -0.561021
v -8.268106 -2.040121 -0.561021
v -8.266223 -2.058378 -0.561021
v -8.264142 -2.075760 -0.561021
v -8.261863 -2.092258 -0.561021
v -8.202406 -2.501323 -0.561021
v -8.198828 -2.526254 -0.561021
v -8.195193 -2.548757 -0.561021
v -8.191443 -2.568881 -0.561021
v -8.187519 -2.586677 -0.561021
v -8.183364 -2.602194 -0.561021
v -8.178920 -2.615481 -0.561021
v -8.174129 -2.626587 -0.561021
v -8.168933 -2.635564 -0.561021
v -8.163276 -2.642459 -0.561021
v -8.157097 -2.647323 -0.561021
v -8.150341 -2.650205 -0.561021
v -8.142949 -2.651155 -0.561021
v -8.135555 -2.650205 -0.561021
v -8.128799 -2.647323 -0.561021
v -8.122621 -2.642459 -0.561021
v -8.116963 -2.635564 -0.561021
v -8.111768 -2.626587 -0.561021
v -8.106977 -2.615481 -0.561021
v -8.102532 -2.602194 -0.561021
v -8.098377 -2.586677 -0.561021
v -8.094453 -2.568881 -0.561021
v -8.090703 -2.548757 -0.561021
v -8.087069 -2.526254 -0.561021
v -8.083491 -2.501323 -0.561021
v -8.024035 -2.092258 -0.561021
v -8.021754 -2.075760 -0.561021
v -8.019673 -2.058378 -0.561021
v -8.017791 -2.040121 -0.561021
v -8.016107 -2.020997 -0.561021
v -8.014620 -2.001014 -0.561021
v -8.013332 -1.980181 -0.561021
v -8.012242 -1.958505 -0.561021
v -8.011350 -1.935996 -0.561021
v -8.010656 -1.912660 -0.561021
v -8.010161 -1.888507 -0.561021
v -8.009864 -1.863545 -0.561021
v -8.009765 -1.837781 -0.561021
v -8.010659 -1.781395 -0.561021
v -8.013354 -1.729955 -0.561021
v -8.017866 -1.683453 -0.561021
v -8.024211 -1.641881 -0.561021
v -8.032406 -1.605231 -0.561021
v -8.042466 -1.573494 -0.561021
v -8.054410 -1.546663 -0.561021
v -8.068254 -1.524728 -0.561021
v -8.084012 -1.507683 -0.561021
v -8.101703 -1.495517 -0.561021
v -8.121344 -1.488224 -0.561021
v -8.142949 -1.485795 -0.561021
v -6.076014 -2.111284 -0.561021
v -6.162189 -2.111284 -0.561021
v -6.269899 -2.111284 -0.561021
v -6.393763 -2.111284 -0.561021
v -6.528395 -2.111284 -0.561021
v -6.668411 -2.111284 -0.561021
v -6.808427 -2.111284 -0.561021
v -6.943059 -2.111284 -0.561021
v -7.066923 -2.111284 -0.561021
v -7.174634 -2.111284 -0.561021
v -7.260809 -2.111284 -0.561021
v -7.320062 -2.111284 -0.561021
v -7.349097 -2.111141 -0.561021
v -7.376745 -2.110734 -0.561021
v -7.403005 -2.110095 -0.561021
v -7.427877 -2.109258 -0.561021
v -7.451364 -2.108256 -0.561021
v -7.473462 -2.107122 -0.561021
v -7.494172 -2.105889 -0.561021
v -7.513496 -2.104590 -0.561021
v -7.531432 -2.103257 -0.561021
v -7.547981 -2.101925 -0.561021
v -7.563143 -2.100626 -0.561021
v -7.576917 -2.099393 -0.561021
v -7.576917 -2.332465 -0.561021
v -7.563962 -2.331731 -0.561021
v -7.548984 -2.330758 -0.561021
v -7.532139 -2.329603 -0.561021
v -7.513584 -2.328325 -0.561021
v -7.493478 -2.326980 -0.561021
v -7.471975 -2.325627 -0.561021
v -7.449234 -2.324324 -0.561021
v -7.425412 -2.323128 -0.561021
v -7.400663 -2.322097 -0.561021
v -7.375148 -2.321289 -0.561021
v -7.349021 -2.320762 -0.561021
v -7.322440 -2.320573 -0.561021
v -7.262686 -2.320573 -0.561021
v -7.176176 -2.320573 -0.561021
v -7.068261 -2.320573 -0.561021
v -6.944293 -2.320573 -0.561021
v -6.809623 -2.320573 -0.561021
v -6.669601 -2.320573 -0.561021
v -6.529579 -2.320573 -0.561021
v -6.394909 -2.320573 -0.561021
v -6.270941 -2.320573 -0.561021
v -6.163026 -2.320573 -0.561021
v -6.076515 -2.320573 -0.561021
v -6.016761 -2.320573 -0.561021
v -5.984186 -2.320671 -0.561021
v -5.951975 -2.320959 -0.561021
v -5.920292 -2.321428 -0.561021
v -5.889303 -2.322071 -0.561021
v -5.859172 -2.322879 -0.561021
v -5.830066 -2.323843 -0.561021
v -5.802148 -2.324957 -0.561021
v -5.775585 -2.326210 -0.561021
v -5.750542 -2.327597 -0.561021
v -5.727183 -2.329106 -0.561021
v -5.705674 -2.330732 -0.561021
v -5.686179 -2.332465 -0.561021
v -5.686179 -2.099393 -0.561021
v -5.705129 -2.100626 -0.561021
v -5.726192 -2.101925 -0.561021
v -5.749204 -2.103257 -0.561021
v -5.773999 -2.104589 -0.561021
v -5.800414 -2.105889 -0.561021
v -5.828281 -2.107122 -0.561021
v -5.857437 -2.108256 -0.561021
v -5.887717 -2.109258 -0.561021
v -5.918954 -2.110095 -0.561021
v -5.950984 -2.110734 -0.561021
v -5.983641 -2.111141 -0.561021
v -6.016761 -2.111284 -0.561021
v -4.478010 -2.922279 -0.561021
v -4.487567 -2.867178 -0.561021
v -4.498181 -2.803134 -0.561021
v -4.509522 -2.732203 -0.561021
v -4.521259 -2.656440 -0.561021
v -4.533063 -2.577903 -0.561021
v -4.544601 -2.498647 -0.561021
v -4.555547 -2.420730 -0.561021
v -4.565566 -2.346206 -0.561021
v -4.574330 -2.277132 -0.561021
v -4.581510 -2.215565 -0.561021
v -4.586773 -2.163561 -0.561021
v -4.589789 -2.123175 -0.561021
v -4.545205 -2.123175 -0.561021
v -4.487193 -2.123175 -0.561021
v -4.418777 -2.123175 -0.561021
v -4.342977 -2.123175 -0.561021
v -4.262816 -2.123175 -0.561021
v -4.181319 -2.123175 -0.561021
v -4.101506 -2.123175 -0.561021
v -4.026400 -2.123175 -0.561021
v -3.959023 -2.123175 -0.561021
v -3.902399 -2.123175 -0.561021
v -3.859549 -2.123175 -0.561021
v -3.833495 -2.123175 -0.561021
v -3.816398 -2.123271 -0.561021
v -3.799582 -2.123539 -0.561021
v -3.783030 -2.123956 -0.561021
v -3.766727 -2.124497 -0.561021
v -3.750654 -2.125137 -0.561021
v -3.734796 -2.125851 -0.561021
v -3.719136 -2.126615 -0.561021
v -3.703658 -2.127403 -0.561021
v -3.688345 -2.128192 -0.561021
v -3.673181 -2.128956 -0.561021
v -3.658149 -2.129670 -0.561021
v -3.643232 -2.130310 -0.561021
v -3.643232 -1.930534 -0.561021
v -3.657784 -1.932314 -0.561021
v -3.672839 -1.934069 -0.561021
v -3.688308 -1.935774 -0.561021
v -3.704098 -1.937405 -0.561021
v -3.720120 -1.938937 -0.561021
v -3.736282 -1.940345 -0.561021
v -3.752494 -1.941604 -0.561021
v -3.768664 -1.942690 -0.561021
v -3.784703 -1.943578 -0.561021
v -3.800518 -1.944242 -0.561021
v -3.816020 -1.944659 -0.561021
v -3.831117 -1.944804 -0.561021
v -3.862329 -1.944804 -0.561021
v -3.907794 -1.944804 -0.561021
v -3.964821 -1.944804 -0.561021
v -4.030716 -1.944804 -0.561021
v -4.102789 -1.944804 -0.561021
v -4.178347 -1.944804 -0.561021
v -4.254697 -1.944804 -0.561021
v -4.329147 -1.944804 -0.561021
v -4.399007 -1.944804 -0.561021
v -4.461582 -1.944804 -0.561021
v -4.514183 -1.944804 -0.561021
v -4.554115 -1.944804 -0.561021
v -4.564039 -1.944658 -0.561021
v -4.574650 -1.944232 -0.561021
v -4.585738 -1.943541 -0.561021
v -4.597100 -1.942602 -0.561021
v -4.608528 -1.941432 -0.561021
v -4.619815 -1.940048 -0.561021
v -4.630755 -1.938465 -0.561021
v -4.641143 -1.936700 -0.561021
v -4.650770 -1.934771 -0.561021
v -4.659431 -1.932692 -0.561021
v -4.666921 -1.930482 -0.561021
v -4.673030 -1.928156 -0.561021
v -4.818105 -1.997126 -0.561021
v -4.816324 -2.003210 -0.561021
v -4.814560 -2.009524 -0.561021
v -4.812828 -2.016004 -0.561021
v -4.811146 -2.022583 -0.561021
v -4.809530 -2.029195 -0.561021
v -4.807997 -2.035774 -0.561021
v -4.806562 -2.042253 -0.561021
v -4.805244 -2.048568 -0.561021
v -4.804058 -2.054651 -0.561021
v -4.803020 -2.060437 -0.561021
v -4.802148 -2.065860 -0.561021
v -4.801457 -2.070853 -0.561021
v -4.795710 -2.117446 -0.561021
v -4.788178 -2.175046 -0.561021
v -4.779161 -2.241681 -0.561021
v -4.768954 -2.315376 -0.561021
v -4.757855 -2.394158 -0.561021
v -4.746162 -2.476054 -0.561021
v -4.734172 -2.559089 -0.561021
v -4.722181 -2.641289 -0.561021
v -4.710488 -2.720683 -0.561021
v -4.699389 -2.795294 -0.561021
v -4.689182 -2.863151 -0.561021
v -4.680164 -2.922279 -0.561021
v -4.913237 -2.922279 -0.561021
v -4.926971 -2.922230 -0.561021
v -4.941854 -2.922081 -0.561021
v -4.957644 -2.921834 -0.561021
v -4.974104 -2.921487 -0.561021
v -4.990993 -2.921041 -0.561021
v -5.008071 -2.920496 -0.561021
v -5.025101 -2.919852 -0.561021
v -5.041841 -2.919108 -0.561021
v -5.058052 -2.918266 -0.561021
v -5.073496 -2.917325 -0.561021
v -5.087932 -2.916284 -0.561021
v -5.101121 -2.915145 -0.561021
v -5.101121 -3.107786 -0.561021
v -5.089525 -3.107193 -0.561021
v -5.076336 -3.106608 -0.561021
v -5.061843 -3.106039 -0.561021
v -5.046332 -3.105495 -0.561021
v -5.030096 -3.104985 -0.561021
v -5.013422 -3.104516 -0.561021
v -4.996600 -3.104096 -0.561021
v -4.979918 -3.103734 -0.561021
v -4.963664 -3.103438 -0.561021
v -4.948129 -3.103216 -0.561021
v -4.933601 -3.103077 -0.561021
v -4.920371 -3.103029 -0.561021
v -4.868475 -3.103029 -0.561021
v -4.784852 -3.103029 -0.561021
v -4.675927 -3.103029 -0.561021
v -4.548125 -3.103029 -0.561021
v -4.407870 -3.103029 -0.561021
v -4.261586 -3.103029 -0.561021
v -4.115699 -3.103029 -0.561021
v -3.976633 -3.103029 -0.561021
v -3.850812 -3.103029 -0.561021
v -3.744662 -3.103029 -0.561021
v -3.664606 -3.103029 -0.561021
v -3.617071 -3.103029 -0.561021
v -3.599017 -3.103079 -0.561021
v -3.581640 -3.103227 -0.561021
v -3.564823 -3.103475 -0.561021
v -3.548453 -3.103822 -0.561021
v -3.532413 -3.104268 -0.561021
v -3.516588 -3.104813 -0.561021
v -3.500862 -3.105457 -0.561021
v -3.485120 -3.106200 -0.561021
v -3.469246 -3.107043 -0.561021
v -3.453123 -3.107984 -0.561021
v -3.436638 -3.109025 -0.561021
v -3.419673 -3.110164 -0.561021
v -3.419673 -2.912766 -0.561021
v -3.434185 -2.913953 -0.561021
v -3.449159 -2.915123 -0.561021
v -3.464564 -2.916260 -0.561021
v -3.480364 -2.917347 -0.561021
v -3.496527 -2.918368 -0.561021
v -3.513021 -2.919307 -0.561021
v -3.529812 -2.920146 -0.561021
v -3.546868 -2.920870 -0.561021
v -3.564154 -2.921462 -0.561021
v -3.581639 -2.921905 -0.561021
v -3.599289 -2.922183 -0.561021
v -3.617071 -2.922279 -0.561021
v -1.821465 -2.051827 -0.561021
v -1.821465 -1.618979 -0.561021
v -1.760885 -1.624585 -0.561021
v -1.699512 -1.629538 -0.561021
v -1.637743 -1.633880 -0.561021
v -1.575973 -1.637653 -0.561021
v -1.514600 -1.640897 -0.561021
v -1.454020 -1.643654 -0.561021
v -1.394629 -1.645964 -0.561021
v -1.336823 -1.647871 -0.561021
v -1.281000 -1.649413 -0.561021
v -1.227554 -1.650634 -0.561021
v -1.176884 -1.651574 -0.561021
v -1.129384 -1.652275 -0.561021
v -1.081818 -1.476282 -0.561021
v -1.130607 -1.477715 -0.561021
v -1.185935 -1.478429 -0.561021
v -1.246812 -1.478400 -0.561021
v -1.312248 -1.477603 -0.561021
v -1.381252 -1.476013 -0.561021
v -1.452831 -1.473606 -0.561021
v -1.525997 -1.470357 -0.561021
v -1.599756 -1.466240 -0.561021
v -1.673120 -1.461232 -0.561021
v -1.745096 -1.455307 -0.561021
v -1.814694 -1.448440 -0.561021
v -1.880923 -1.440607 -0.561021
v -1.936234 -1.432352 -0.561021
v -1.993428 -1.423123 -0.561021
v -2.051713 -1.413034 -0.561021
v -2.110295 -1.402202 -0.561021
v -2.168381 -1.390743 -0.561021
v -2.225179 -1.378772 -0.561021
v -2.279896 -1.366404 -0.561021
v -2.331739 -1.353756 -0.561021
v -2.379916 -1.340942 -0.561021
v -2.423634 -1.328079 -0.561021
v -2.462099 -1.315282 -0.561021
v -2.494520 -1.302667 -0.561021
v -2.620569 -1.466769 -0.561021
v -2.607593 -1.470286 -0.561021
v -2.594848 -1.473705 -0.561021
v -2.582368 -1.477025 -0.561021
v -2.570184 -1.480246 -0.561021
v -2.558332 -1.483367 -0.561021
v -2.546842 -1.486390 -0.561021
v -2.535749 -1.489313 -0.561021
v -2.525085 -1.492137 -0.561021
v -2.514884 -1.494862 -0.561021
v -2.505178 -1.497488 -0.561021
v -2.496001 -1.500015 -0.561021
v -2.487385 -1.502443 -0.561021
v -2.456363 -1.510263 -0.561021
v -2.422929 -1.518232 -0.561021
v -2.387348 -1.526300 -0.561021
v -2.349885 -1.534418 -0.561021
v -2.310803 -1.542535 -0.561021
v -2.270366 -1.550603 -0.561021
v -2.228840 -1.558572 -0.561021
v -2.186488 -1.566392 -0.561021
v -2.143574 -1.574014 -0.561021
v -2.100363 -1.581389 -0.561021
v -2.057119 -1.588466 -0.561021
v -2.014107 -1.595196 -0.561021
v -2.014107 -2.051827 -0.561021
v -2.670513 -2.051827 -0.561021
v -2.684247 -2.051731 -0.561021
v -2.699130 -2.051453 -0.561021
v -2.714920 -2.051009 -0.561021
v -2.731380 -2.050418 -0.561021
v -2.748269 -2.049694 -0.561021
v -2.765347 -2.048854 -0.561021
v -2.782377 -2.047915 -0.561021
v -2.799117 -2.046894 -0.561021
v -2.815329 -2.045807 -0.561021
v -2.830772 -2.044670 -0.561021
v -2.845209 -2.043500 -0.561021
v -2.858398 -2.042314 -0.561021
v -2.858398 -2.239712 -0.561021
v -2.844940 -2.238525 -0.561021
v -2.830795 -2.237355 -0.561021
v -2.816072 -2.236218 -0.561021
v -2.800879 -2.235131 -0.561021
v -2.785323 -2.234110 -0.561021
v -2.769510 -2.233171 -0.561021
v -2.753549 -2.232332 -0.561021
v -2.737546 -2.231608 -0.561021
v -2.721610 -2.231016 -0.561021
v -2.705846 -2.230573 -0.561021
v -2.690364 -2.230295 -0.561021
v -2.675270 -2.230198 -0.561021
v -2.011728 -2.230198 -0.561021
v -2.002065 -2.338690 -0.561021
v -1.985952 -2.441921 -0.561021
v -1.963084 -2.540082 -0.561021
v -1.933156 -2.633362 -0.561021
v -1.895862 -2.721951 -0.561021
v -1.850896 -2.806041 -0.561021
v -1.797953 -2.885819 -0.561021
v -1.736727 -2.961477 -0.561021
v -1.666914 -3.033204 -0.561021
v -1.588206 -3.101190 -0.561021
v -1.500299 -3.165626 -0.561021
v -1.402887 -3.226700 -0.561021
v -1.215003 -3.095894 -0.561021
v -1.305234 -3.050520 -0.561021
v -1.388067 -3.001049 -0.561021
v -1.463533 -2.947251 -0.561021
v -1.531667 -2.888895 -0.561021
v -1.592500 -2.825750 -0.561021
v -1.646067 -2.757583 -0.561021
v -1.692399 -2.684165 -0.561021
v -1.731531 -2.605263 -0.561021
v -1.763495 -2.520647 -0.561021
v -1.788324 -2.430084 -0.561021
v -1.806051 -2.333345 -0.561021
v -1.816709 -2.230198 -0.561021
v -1.110358 -2.230198 -0.561021
v -1.091249 -2.230295 -0.561021
v -1.072041 -2.230573 -0.561021
v -1.052833 -2.231016 -0.561021
v -1.033724 -2.231608 -0.561021
v -1.014813 -2.232332 -0.561021
v -0.996200 -2.233171 -0.561021
v -0.977983 -2.234110 -0.561021
v -0.960262 -2.235131 -0.561021
v -0.943135 -2.236218 -0.561021
v -0.926701 -2.237355 -0.561021
v -0.911061 -2.238525 -0.561021
v -0.896312 -2.239712 -0.561021
v -0.896312 -2.042314 -0.561021
v -0.910558 -2.043500 -0.561021
v -0.925853 -2.044670 -0.561021
v -0.942057 -2.045807 -0.561021
v -0.959028 -2.046894 -0.561021
v -0.976627 -2.047915 -0.561021
v -0.994714 -2.048854 -0.561021
v -1.013147 -2.049694 -0.561021
v -1.031786 -2.050418 -0.561021
v -1.050492 -2.051009 -0.561021
v -1.069123 -2.051453 -0.561021
v -1.087540 -2.051731 -0.561021
v -1.105601 -2.051827 -0.561021
v 0.969359 -1.852304 -0.561021
v 0.936003 -1.789665 -0.561021
v 0.897064 -1.727191 -0.561021
v 0.852873 -1.666104 -0.561021
v 0.803760 -1.607627 -0.561021
v 0.750056 -1.552981 -0.561021
v 0.692091 -1.503390 -0.561021
v 0.630195 -1.460074 -0.561021
v 0.564698 -1.424257 -0.561021
v 0.495932 -1.397160 -0.561021
v 0.424225 -1.380005 -0.561021
v 0.349909 -1.374015 -0.561021
v 0.272793 -1.380528 -0.561021
v 0.199912 -1.399758 -0.561021
v 0.131739 -1.431243 -0.561021
v 0.068743 -1.474520 -0.561021
v 0.011396 -1.529127 -0.561021
v -0.039832 -1.594602 -0.561021
v -0.084470 -1.670481 -0.561021
v -0.122048 -1.756303 -0.561021
v -0.152094 -1.851605 -0.561021
v -0.174139 -1.955925 -0.561021
v -0.187711 -2.068800 -0.561021
v -0.192340 -2.189767 -0.561021
v -0.183856 -2.347438 -0.561021
v -0.158956 -2.490301 -0.561021
v -0.118464 -2.619011 -0.561021
v -0.063208 -2.734219 -0.561021
v 0.005988 -2.836577 -0.561021
v 0.088298 -2.926739 -0.561021
v 0.182895 -3.005356 -0.561021
v 0.288955 -3.073081 -0.561021
v 0.405650 -3.130565 -0.561021
v 0.532157 -3.178463 -0.561021
v 0.667647 -3.217425 -0.561021
v 0.811297 -3.248105 -0.561021
v 0.923076 -3.076868 -0.561021
v 0.796552 -3.054873 -0.561021
v 0.675701 -3.026362 -0.561021
v 0.561540 -2.990469 -0.561021
v 0.455082 -2.946326 -0.561021
v 0.357346 -2.893067 -0.561021
v 0.269345 -2.829823 -0.561021
v 0.192096 -2.755729 -0.561021
v 0.126615 -2.669917 -0.561021
v 0.073917 -2.571519 -0.561021
v 0.035018 -2.459670 -0.561021
v 0.010934 -2.333501 -0.561021
v 0.002680 -2.192146 -0.561021
v 0.005351 -2.100480 -0.561021
v 0.013349 -2.013752 -0.561021
v 0.026649 -1.932541 -0.561021
v 0.045225 -1.857424 -0.561021
v 0.069053 -1.788980 -0.561021
v 0.098108 -1.727785 -0.561021
v 0.132367 -1.674420 -0.561021
v 0.171802 -1.629461 -0.561021
v 0.216391 -1.593487 -0.561021
v 0.266108 -1.567075 -0.561021
v 0.320928 -1.550804 -0.561021
v 0.380827 -1.545252 -0.561021
v 0.454572 -1.553949 -0.561021
v 0.526640 -1.578757 -0.561021
v 0.596248 -1.617753 -0.561021
v 0.662610 -1.669011 -0.561021
v 0.724942 -1.730608 -0.561021
v 0.782460 -1.800620 -0.561021
v 0.834379 -1.877123 -0.561021
v 0.879915 -1.958193 -0.561021
v 0.918283 -2.041905 -0.561021
v 0.948698 -2.126336 -0.561021
v 0.970376 -2.209560 -0.561021
v 0.982533 -2.289655 -0.561021
v 0.985210 -2.312625 -0.561021
v 0.987301 -2.335272 -0.561021
v 0.988814 -2.357771 -0.561021
v 0.989756 -2.380295 -0.561021
v 0.990138 -2.403016 -0.561021
v 0.989966 -2.426110 -0.561021
v 0.989249 -2.449748 -0.561021
v 0.987995 -2.474105 -0.561021
v 0.986212 -2.499353 -0.561021
v 0.983910 -2.525667 -0.561021
v 0.981095 -2.553220 -0.561021
v 0.977777 -2.582185 -0.561021
v 1.160905 -2.596454 -0.561021
v 1.163918 -2.572981 -0.561021
v 1.166972 -2.547799 -0.561021
v 1.170009 -2.520981 -0.561021
v 1.172972 -2.492603 -0.561021
v 1.175804 -2.462738 -0.561021
v 1.178445 -2.431461 -0.561021
v 1.180838 -2.398846 -0.561021
v 1.182926 -2.364968 -0.561021
v 1.184651 -2.329901 -0.561021
v 1.185954 -2.293718 -0.561021
v 1.186778 -2.256496 -0.561021
v 1.187066 -2.218307 -0.561021
v 1.186160 -2.159409 -0.561021
v 1.183587 -2.096332 -0.561021
v 1.179560 -2.030051 -0.561021
v 1.174294 -1.961540 -0.561021
v 1.168004 -1.891774 -0.561021
v 1.160905 -1.821728 -0.561021
v 1.153211 -1.752375 -0.561021
v 1.145138 -1.684690 -0.561021
v 1.136899 -1.619648 -0.561021
v 1.128710 -1.558223 -0.561021
v 1.120785 -1.501389 -0.561021
v 1.113339 -1.450121 -0.561021
v 1.111057 -1.432334 -0.561021
v 1.108957 -1.414655 -0.561021
v 1.107022 -1.397092 -0.561021
v 1.105235 -1.379653 -0.561021
v 1.103581 -1.362346 -0.561021
v 1.102042 -1.345179 -0.561021
v 1.100603 -1.328161 -0.561021
v 1.099246 -1.311299 -0.561021
v 1.097955 -1.294603 -0.561021
v 1.096713 -1.278080 -0.561021
v 1.095505 -1.261739 -0.561021
v 1.094313 -1.245588 -0.561021
v 0.885024 -1.252723 -0.561021
v 0.897442 -1.299024 -0.561021
v 0.909654 -1.350420 -0.561021
v 0.921553 -1.405862 -0.561021
v 0.933030 -1.464302 -0.561021
v 0.943979 -1.524691 -0.561021
v 0.954291 -1.585980 -0.561021
v 0.963861 -1.647121 -0.561021
v 0.972580 -1.707064 -0.561021
v 0.980341 -1.764760 -0.561021
v 0.987037 -1.819162 -0.561021
v 0.992560 -1.869220 -0.561021
v 0.996803 -1.913886 -0.561021
v 2.121732 -1.618979 -0.561022
v 2.131031 -1.592622 -0.561022
v 2.141023 -1.564895 -0.561022
v 2.151609 -1.536111 -0.561022
v 2.162692 -1.506583 -0.561022
v 2.174170 -1.476626 -0.561022
v 2.185946 -1.446553 -0.561022
v 2.197920 -1.416679 -0.561022
v 2.209993 -1.387316 -0.561022
v 2.222066 -1.358780 -0.561022
v 2.234040 -1.331383 -0.561022
v 2.245816 -1.305439 -0.561022
v 2.257295 -1.281262 -0.561022
v 2.140759 -1.245588 -0.561022
v 2.129641 -1.268261 -0.561022
v 2.117812 -1.293198 -0.561022
v 2.105456 -1.319984 -0.561022
v 2.092752 -1.348207 -0.561022
v 2.079884 -1.377453 -0.561022
v 2.067032 -1.407311 -0.561022
v 2.054378 -1.437368 -0.561022
v 2.042104 -1.467209 -0.561022
v 2.030391 -1.496423 -0.561022
v 2.019422 -1.524596 -0.561021
v 2.009377 -1.551316 -0.561021
v 2.000440 -1.576170 -0.561021
v 1.879147 -1.542874 -0.561021
v 1.888948 -1.516066 -0.561021
v 1.899285 -1.488151 -0.561021
v 1.910102 -1.459411 -0.561021
v 1.921340 -1.430125 -0.561021
v 1.932941 -1.400576 -0.561021
v 1.944847 -1.371043 -0.561021
v 1.957001 -1.341807 -0.561022
v 1.969346 -1.313149 -0.561022
v 1.981822 -1.285350 -0.561022
v 1.994373 -1.258691 -0.561022
v 2.006940 -1.233452 -0.561022
v 2.019466 -1.209914 -0.561022
v 1.902930 -1.171861 -0.561022
v 1.891264 -1.194988 -0.561022
v 1.878971 -1.220121 -0.561021
v 1.866215 -1.246889 -0.561021
v 1.853162 -1.274920 -0.561021
v 1.839977 -1.303844 -0.561021
v 1.826825 -1.333287 -0.561021
v 1.813871 -1.362880 -0.561021
v 1.801280 -1.392249 -0.561021
v 1.789218 -1.421024 -0.561021
v 1.777850 -1.448832 -0.561021
v 1.767340 -1.475303 -0.561021
v 1.757854 -1.500065 -0.561021
v 2.806783 -2.678881 -0.561022
v 2.847352 -2.683493 -0.561022
v 2.885311 -2.691028 -0.561022
v 2.920396 -2.701363 -0.561022
v 2.952343 -2.714374 -0.561022
v 2.980888 -2.729936 -0.561022
v 3.005766 -2.747926 -0.561022
v 3.026714 -2.768219 -0.561022
v 3.043467 -2.790693 -0.561022
v 3.055760 -2.815224 -0.561022
v 3.063330 -2.841686 -0.561022
v 3.065912 -2.869957 -0.561022
v 3.063473 -2.899087 -0.561022
v 3.056310 -2.925814 -0.561022
v 3.044656 -2.950113 -0.561022
v 3.028740 -2.971959 -0.561022
v 3.008794 -2.991328 -0.561022
v 2.985050 -3.008195 -0.561022
v 2.957738 -3.022535 -0.561022
v 2.927090 -3.034323 -0.561022
v 2.893337 -3.043535 -0.561022
v 2.856711 -3.050145 -0.561022
v 2.817441 -3.054130 -0.561022
v 2.775761 -3.055464 -0.561021
v 2.728693 -3.053406 -0.561021
v 2.687192 -3.047327 -0.561021
v 2.650975 -3.037366 -0.561021
v 2.619763 -3.023665 -0.561021
v 2.593274 -3.006363 -0.561021
v 2.571228 -2.985601 -0.561021
v 2.553344 -2.961520 -0.561021
v 2.539341 -2.934259 -0.561021
v 2.528939 -2.903959 -0.561021
v 2.521857 -2.870761 -0.561021
v 2.517813 -2.834805 -0.561021
v 2.516528 -2.796230 -0.561021
v 2.518906 -2.715369 -0.561021
v 2.538078 -2.709124 -0.561021
v 2.557531 -2.703466 -0.561021
v 2.577249 -2.698386 -0.561021
v 2.597213 -2.693876 -0.561021
v 2.617409 -2.689927 -0.561022
v 2.637820 -2.686532 -0.561022
v 2.658429 -2.683681 -0.561022
v 2.679220 -2.681368 -0.561022
v 2.700176 -2.679583 -0.561022
v 2.721281 -2.678318 -0.561022
v 2.742517 -2.677565 -0.561022
v 2.763869 -2.677316 -0.561022
v 2.363032 -1.483785 -0.561022
v 2.363943 -1.502619 -0.561022
v 2.364689 -1.523104 -0.561022
v 2.365286 -1.545076 -0.561022
v 2.365752 -1.568369 -0.561022
v 2.366101 -1.592818 -0.561022
v 2.366352 -1.618258 -0.561022
v 2.366520 -1.644524 -0.561022
v 2.366621 -1.671450 -0.561022
v 2.366674 -1.698872 -0.561022
v 2.366693 -1.726624 -0.561022
v 2.366696 -1.754541 -0.561022
v 2.330531 -1.751421 -0.561022
v 2.294598 -1.748012 -0.561022
v 2.258930 -1.744322 -0.561022
v 2.223558 -1.740360 -0.561022
v 2.188517 -1.736133 -0.561022
v 2.153839 -1.731650 -0.561022
v 2.119558 -1.726920 -0.561021
v 2.085706 -1.721950 -0.561021
v 2.052316 -1.716749 -0.561021
v 2.019422 -1.711325 -0.561021
v 1.987056 -1.705686 -0.561021
v 1.955252 -1.699841 -0.561021
v 1.955252 -1.882969 -0.561021
v 1.988101 -1.888172 -0.561021
v 2.021239 -1.893087 -0.561021
v 2.054657 -1.897721 -0.561021
v 2.088348 -1.902083 -0.561021
v 2.122303 -1.906180 -0.561021
v 2.156515 -1.910022 -0.561021
v 2.190974 -1.913615 -0.561021
v 2.225672 -1.916969 -0.561021
v 2.260602 -1.920092 -0.561022
v 2.295755 -1.922992 -0.561022
v 2.331122 -1.925677 -0.561022
v 2.366696 -1.928156 -0.561022
v 2.365816 -1.988137 -0.561022
v 2.364416 -2.047896 -0.561022
v 2.362571 -2.107308 -0.561022
v 2.360353 -2.166249 -0.561022
v 2.357839 -2.224595 -0.561021
v 2.355102 -2.282223 -0.561021
v 2.352215 -2.339009 -0.561021
v 2.349255 -2.394829 -0.561021
v 2.346294 -2.449558 -0.561021
v 2.343408 -2.503073 -0.561021
v 2.340671 -2.555251 -0.561021
v 2.338156 -2.605968 -0.561021
v 2.290832 -2.625857 -0.561021
v 2.245150 -2.647356 -0.561021
v 2.201070 -2.670293 -0.561021
v 2.158552 -2.694493 -0.561021
v 2.117552 -2.719782 -0.561021
v 2.078031 -2.745989 -0.561021
v 2.039947 -2.772939 -0.561021
v 2.003258 -2.800458 -0.561021
v 1.967924 -2.828374 -0.561021
v 1.933903 -2.856513 -0.561021
v 1.901153 -2.884702 -0.561021
v 1.869634 -2.912766 -0.561021
v 1.971900 -3.072112 -0.561021
v 2.001630 -3.044519 -0.561021
v 2.031368 -3.017653 -0.561021
v 2.061123 -2.991547 -0.561021
v 2.090903 -2.966234 -0.561021
v 2.120715 -2.941746 -0.561021
v 2.150569 -2.918118 -0.561021
v 2.180472 -2.895381 -0.561021
v 2.210433 -2.873569 -0.561021
v 2.240461 -2.852715 -0.561021
v 2.270562 -2.832851 -0.561021
v 2.300746 -2.814013 -0.561021
v 2.331021 -2.796230 -0.561021
v 2.331021 -2.843796 -0.561021
v 2.332985 -2.892391 -0.561021
v 2.339202 -2.940227 -0.561021
v 2.350159 -2.986642 -0.561021
v 2.366343 -3.030976 -0.561021
v 2.388242 -3.072568 -0.561021
v 2.416342 -3.110759 -0.561021
v 2.451132 -3.144886 -0.561021
v 2.493097 -3.174290 -0.561021
v 2.542726 -3.198309 -0.561021
v 2.600505 -3.216284 -0.561021
v 2.666923 -3.227553 -0.561021
v 2.742465 -3.231457 -0.561021
v 2.819098 -3.228759 -0.561021
v 2.889588 -3.220776 -0.561022
v 2.953835 -3.207674 -0.561022
v 3.011740 -3.189616 -0.561022
v 3.063203 -3.166770 -0.561022
v 3.108126 -3.139298 -0.561022
v 3.146410 -3.107368 -0.561022
v 3.177955 -3.071143 -0.561022
v 3.202663 -3.030789 -0.561022
v 3.220434 -2.986471 -0.561022
v 3.231169 -2.938355 -0.561022
v 3.234770 -2.886605 -0.561022
v 3.231127 -2.838119 -0.561022
v 3.220291 -2.791639 -0.561022
v 3.202403 -2.747587 -0.561022
v 3.177603 -2.706384 -0.561022
v 3.146032 -2.668451 -0.561022
v 3.107829 -2.634210 -0.561022
v 3.063136 -2.604081 -0.561022
v 3.012092 -2.578485 -0.561022
v 2.954838 -2.557844 -0.561022
v 2.891515 -2.542580 -0.561022
v 2.822263 -2.533112 -0.561022
v 2.747221 -2.529862 -0.561022
v 2.727700 -2.530011 -0.561022
v 2.708376 -2.530457 -0.561022
v 2.689250 -2.531200 -0.561022
v 2.670323 -2.532241 -0.561022
v 2.651594 -2.533578 -0.561022
v 2.633064 -2.535213 -0.561022
v 2.614731 -2.537146 -0.561022
v 2.596597 -2.539376 -0.561022
v 2.578660 -2.541902 -0.561022
v 2.560922 -2.544727 -0.561022
v 2.543383 -2.547848 -0.561021
v 2.526041 -2.551267 -0.561021
v 2.527962 -2.504494 -0.561022
v 2.530115 -2.455937 -0.561022
v 2.532433 -2.405894 -0.561022
v 2.534849 -2.354662 -0.561022
v 2.537299 -2.302538 -0.561022
v 2.539716 -2.249819 -0.561022
v 2.542034 -2.196803 -0.561022
v 2.544186 -2.143787 -0.561022
v 2.546108 -2.091069 -0.561022
v 2.547732 -2.038944 -0.561022
v 2.548992 -1.987712 -0.561022
v 2.549824 -1.937669 -0.561022
v 2.778139 -1.942426 -0.561022
v 2.811798 -1.942327 -0.561022
v 2.845061 -1.942029 -0.561022
v 2.878027 -1.941534 -0.561022
v 2.910794 -1.940840 -0.561022
v 2.943463 -1.939948 -0.561022
v 2.976131 -1.938858 -0.561022
v 3.008899 -1.937570 -0.561022
v 3.041864 -1.936084 -0.561022
v 3.075128 -1.934399 -0.561022
v 3.108787 -1.932516 -0.561022
v 3.142942 -1.930435 -0.561022
v 3.177691 -1.928156 -0.561022
v 3.177691 -1.749785 -0.561022
v 3.143939 -1.752657 -0.561022
v 3.110427 -1.755323 -0.561022
v 3.077097 -1.757774 -0.561022
v 3.043890 -1.760002 -0.561022
v 3.010750 -1.761999 -0.561022
v 2.977618 -1.763757 -0.561022
v 2.944436 -1.765267 -0.561022
v 2.911147 -1.766521 -0.561022
v 2.877692 -1.767510 -0.561022
v 2.844015 -1.768227 -0.561022
v 2.810057 -1.768664 -0.561022
v 2.775761 -1.768811 -0.561022
v 2.549824 -1.764054 -0.561022
v 2.549824 -1.469147 -0.561022
v 2.549920 -1.458570 -0.561022
v 2.550198 -1.447159 -0.561022
v 2.550641 -1.435071 -0.561022
v 2.551233 -1.422462 -0.561022
v 2.551957 -1.409490 -0.561022
v 2.552796 -1.396312 -0.561022
v 2.553735 -1.383084 -0.561022
v 2.554756 -1.369964 -0.561022
v 2.555844 -1.357107 -0.561022
v 2.556981 -1.344672 -0.561022
v 2.558150 -1.332815 -0.561022
v 2.559337 -1.321693 -0.561022
v 2.345291 -1.321693 -0.561022
v 2.347572 -1.334131 -0.561022
v 2.349663 -1.346478 -0.561022
v 2.351572 -1.358742 -0.561022
v 2.353307 -1.370932 -0.561022
v 2.354877 -1.383057 -0.561022
v 2.356291 -1.395123 -0.561022
v 2.357556 -1.407139 -0.561022
v 2.358680 -1.419115 -0.561022
v 2.359673 -1.431057 -0.561022
v 2.360541 -1.442975 -0.561022
v 2.361294 -1.454876 -0.561022
v 2.361939 -1.466769 -0.561022
v 3.572927 -1.557966 -0.561022
v 3.585919 -1.627149 -0.561022
v 3.599242 -1.703631 -0.561022
v 3.612565 -1.785811 -0.561022
v 3.625558 -1.872087 -0.561022
v 3.637890 -1.960857 -0.561022
v 3.649230 -2.050519 -0.561022
v 3.659250 -2.139471 -0.561022
v 3.667618 -2.226111 -0.561022
v 3.674004 -2.308836 -0.561022
v 3.678078 -2.386045 -0.561022
v 3.679509 -2.456136 -0.561022
v 3.679360 -2.484942 -0.561022
v 3.678904 -2.513170 -0.561022
v 3.678135 -2.540936 -0.561022
v 3.677043 -2.568355 -0.561022
v 3.675621 -2.595543 -0.561022
v 3.673861 -2.622615 -0.561022
v 3.671754 -2.649688 -0.561022
v 3.669291 -2.676876 -0.561022
v 3.666466 -2.704295 -0.561022
v 3.663269 -2.732061 -0.561022
v 3.659692 -2.760289 -0.561022
v 3.655726 -2.789095 -0.561022
v 3.645838 -2.761052 -0.561022
v 3.635280 -2.731818 -0.561022
v 3.624177 -2.701694 -0.561022
v 3.612653 -2.670974 -0.561022
v 3.600832 -2.639957 -0.561022
v 3.588838 -2.608940 -0.561022
v 3.576793 -2.578221 -0.561022
v 3.564824 -2.548096 -0.561022
v 3.553052 -2.518863 -0.561022
v 3.541602 -2.490819 -0.561022
v 3.530598 -2.464261 -0.561022
v 3.520164 -2.439487 -0.561022
v 3.422655 -2.515593 -0.561022
v 3.437515 -2.558182 -0.561022
v 3.453341 -2.603413 -0.561022
v 3.469811 -2.650560 -0.561022
v 3.486604 -2.698897 -0.561022
v 3.503397 -2.747696 -0.561022
v 3.519867 -2.796230 -0.561022
v 3.535693 -2.843774 -0.561022
v 3.550553 -2.889600 -0.561022
v 3.564125 -2.932982 -0.561022
v 3.576087 -2.973192 -0.561022
v 3.586116 -3.009505 -0.561022
v 3.593891 -3.041194 -0.561022
v 3.595577 -3.049749 -0.561022
v 3.597073 -3.058701 -0.561022
v 3.598387 -3.067949 -0.561022
v 3.599528 -3.077396 -0.561022
v 3.600504 -3.086943 -0.561022
v 3.601323 -3.096489 -0.561022
v 3.601994 -3.105936 -0.561022
v 3.602524 -3.115185 -0.561022
v 3.602921 -3.124136 -0.561022
v 3.603195 -3.132692 -0.561022
v 3.603353 -3.140751 -0.561022
v 3.603404 -3.148217 -0.561022
v 3.602809 -3.153851 -0.561022
v 3.602215 -3.159998 -0.561022
v 3.601620 -3.166574 -0.561022
v 3.601026 -3.173497 -0.561022
v 3.600431 -3.180684 -0.561022
v 3.599837 -3.188053 -0.561022
v 3.599242 -3.195521 -0.561022
v 3.598648 -3.203005 -0.561022
v 3.598053 -3.210424 -0.561022
v 3.597459 -3.217693 -0.561022
v 3.596864 -3.224732 -0.561022
v 3.596269 -3.231457 -0.561022
v 3.762750 -3.243348 -0.561022
v 3.774520 -3.198719 -0.561022
v 3.785960 -3.150506 -0.561022
v 3.796938 -3.098793 -0.561022
v 3.807320 -3.043660 -0.561022
v 3.816977 -2.985191 -0.561022
v 3.825774 -2.923468 -0.561022
v 3.833581 -2.858575 -0.561022
v 3.840264 -2.790593 -0.561022
v 3.845692 -2.719605 -0.561022
v 3.849733 -2.645694 -0.561022
v 3.852255 -2.568942 -0.561022
v 3.853124 -2.489431 -0.561022
v 3.851517 -2.400060 -0.561022
v 3.847003 -2.307592 -0.561022
v 3.840044 -2.213290 -0.561022
v 3.831103 -2.118419 -0.561022
v 3.820643 -2.024241 -0.561022
v 3.809126 -1.932021 -0.561022
v 3.797014 -1.843021 -0.561022
v 3.784771 -1.758505 -0.561022
v 3.772857 -1.679737 -0.561022
v 3.761737 -1.607979 -0.561022
v 3.751871 -1.544496 -0.561022
v 3.743723 -1.490551 -0.561022
v 3.741944 -1.476691 -0.561022
v 3.740189 -1.462507 -0.561022
v 3.738484 -1.448077 -0.561022
v 3.736853 -1.433473 -0.561022
v 3.735321 -1.418769 -0.561022
v 3.733913 -1.404041 -0.561022
v 3.732653 -1.389363 -0.561022
v 3.731568 -1.374808 -0.561022
v 3.730680 -1.360452 -0.561022
v 3.730015 -1.346368 -0.561022
v 3.729598 -1.332631 -0.561022
v 3.729453 -1.319315 -0.561022
v 3.520164 -1.338341 -0.561022
v 3.523821 -1.349152 -0.561022
v 3.527619 -1.361210 -0.561022
v 3.531498 -1.374275 -0.561022
v 3.535403 -1.388109 -0.561022
v 3.539275 -1.402471 -0.561022
v 3.543055 -1.417122 -0.561022
v 3.546687 -1.431822 -0.561022
v 3.550113 -1.446333 -0.561022
v 3.553275 -1.460414 -0.561022
v 3.556114 -1.473826 -0.561022
v 3.558573 -1.486330 -0.561022
v 3.560595 -1.497686 -0.561022
v 5.536950 -1.247966 -0.561022
v 5.540067 -1.264343 -0.561022
v 5.543447 -1.283652 -0.561022
v 5.547059 -1.305751 -0.561022
v 5.550868 -1.330502 -0.561022
v 5.554843 -1.357762 -0.561022
v 5.558950 -1.387393 -0.561022
v 5.563156 -1.419254 -0.561022
v 5.567428 -1.453204 -0.561022
v 5.571733 -1.489102 -0.561022
v 5.576038 -1.526809 -0.561022
v 5.580310 -1.566185 -0.561022
v 5.584517 -1.607087 -0.561022
v 5.572625 -1.602331 -0.561022
v 5.501276 -1.685571 -0.561022
v 5.509195 -1.696704 -0.561022
v 5.517462 -1.708638 -0.561022
v 5.526025 -1.721282 -0.561022
v 5.534837 -1.734546 -0.561022
v 5.543846 -1.748338 -0.561022
v 5.553004 -1.762568 -0.561022
v 5.562262 -1.777145 -0.561022
v 5.571568 -1.791977 -0.561022
v 5.580874 -1.806975 -0.561022
v 5.590132 -1.822047 -0.561022
v 5.599290 -1.837103 -0.561022
v 5.608299 -1.852051 -0.561022
v 5.620191 -2.006639 -0.561022
v 5.554621 -1.955279 -0.561022
v 5.488845 -1.909295 -0.561022
v 5.423053 -1.868513 -0.561022
v 5.357433 -1.832760 -0.561022
v 5.292178 -1.801863 -0.561022
v 5.227476 -1.775648 -0.561022
v 5.163517 -1.753942 -0.561022
v 5.100491 -1.736572 -0.561022
v 5.038588 -1.723363 -0.561022
v 4.977998 -1.714143 -0.561022
v 4.918911 -1.708738 -0.561022
v 4.861517 -1.706975 -0.561022
v 4.780357 -1.711775 -0.561022
v 4.701567 -1.725947 -0.561022
v 4.626030 -1.749153 -0.561022
v 4.554630 -1.781055 -0.561022
v 4.488252 -1.821314 -0.561022
v 4.427777 -1.869591 -0.561022
v 4.374091 -1.925548 -0.561022
v 4.328076 -1.988846 -0.561022
v 4.290617 -2.059148 -0.561022
v 4.262597 -2.136113 -0.561022
v 4.244899 -2.219404 -0.561022
v 4.238406 -2.308682 -0.561022
v 4.245039 -2.423480 -0.561022
v 4.265702 -2.529037 -0.561022
v 4.299759 -2.625626 -0.561022
v 4.346574 -2.713519 -0.561022
v 4.405513 -2.792989 -0.561022
v 4.475938 -2.864309 -0.561022
v 4.557214 -2.927750 -0.561022
v 4.648705 -2.983586 -0.561022
v 4.749775 -3.032089 -0.561022
v 4.859789 -3.073532 -0.561022
v 4.978110 -3.108186 -0.561022
v 5.104102 -3.136325 -0.561022
v 5.192100 -2.957954 -0.561022
v 5.092646 -2.940907 -0.561022
v 4.996000 -2.918095 -0.561022
v 4.903286 -2.889206 -0.561022
v 4.815625 -2.853926 -0.561022
v 4.734141 -2.811940 -0.561022
v 4.659957 -2.762934 -0.561022
v 4.594197 -2.706596 -0.561022
v 4.537982 -2.642611 -0.561022
v 4.492437 -2.570665 -0.561022
v 4.458684 -2.490444 -0.561022
v 4.437846 -2.401636 -0.561022
v 4.431047 -2.303925 -0.561022
v 4.434084 -2.257126 -0.561022
v 4.443247 -2.208981 -0.561022
v 4.458621 -2.160522 -0.561022
v 4.480287 -2.112782 -0.561022
v 4.508328 -2.066792 -0.561022
v 4.542827 -2.023585 -0.561022
v 4.583866 -1.984193 -0.561022
v 4.631528 -1.949649 -0.561022
v 4.685895 -1.920984 -0.561022
v 4.747051 -1.899231 -0.561022
v 4.815078 -1.885423 -0.561022
v 4.890057 -1.880590 -0.561022
v 4.958525 -1.883421 -0.561022
v 5.025961 -1.891744 -0.561022
v 5.092322 -1.905302 -0.561022
v 5.157570 -1.923840 -0.561022
v 5.221662 -1.947101 -0.561022
v 5.284554 -1.974830 -0.561022
v 5.346210 -2.006770 -0.561022
v 5.406585 -2.042666 -0.561022
v 5.465639 -2.082262 -0.561022
v 5.523331 -2.125300 -0.561022
v 5.579618 -2.171527 -0.561022
v 5.634460 -2.220685 -0.561022
v 5.635600 -2.245555 -0.561022
v 5.636641 -2.270211 -0.561022
v 5.637582 -2.294635 -0.561022
v 5.638424 -2.318811 -0.561022
v 5.639168 -2.342724 -0.561022
v 5.639812 -2.366355 -0.561022
v 5.640356 -2.389689 -0.561022
v 5.640802 -2.412710 -0.561022
v 5.641150 -2.435400 -0.561022
v 5.641397 -2.457743 -0.561022
v 5.641545 -2.479723 -0.561022
v 5.641595 -2.501323 -0.561022
v 5.641635 -2.554022 -0.561022
v 5.641716 -2.604228 -0.561022
v 5.641781 -2.652418 -0.561022
v 5.641771 -2.699073 -0.561022
v 5.641630 -2.744671 -0.561022
v 5.641298 -2.789690 -0.561022
v 5.640718 -2.834610 -0.561022
v 5.639833 -2.879911 -0.561022
v 5.638585 -2.926070 -0.561022
v 5.636915 -2.973567 -0.561022
v 5.634767 -3.022881 -0.561022
v 5.632082 -3.074490 -0.561022
v 5.631439 -3.085520 -0.561022
v 5.630706 -3.097127 -0.561022
v 5.629889 -3.109198 -0.561022
v 5.628999 -3.121615 -0.561022
v 5.628042 -3.134264 -0.561022
v 5.627028 -3.147027 -0.561022
v 5.625964 -3.159791 -0.561022
v 5.624859 -3.172440 -0.561022
v 5.623721 -3.184857 -0.561022
v 5.622558 -3.196928 -0.561022
v 5.621378 -3.208535 -0.561022
v 5.620191 -3.219565 -0.561022
v 5.827102 -3.219565 -0.561022
v 5.825962 -3.210536 -0.561022
v 5.824922 -3.200253 -0.561022
v 5.823980 -3.188945 -0.561022
v 5.823137 -3.176844 -0.561022
v 5.822394 -3.164182 -0.561022
v 5.821750 -3.151189 -0.561022
v 5.821205 -3.138098 -0.561022
v 5.820760 -3.125138 -0.561022
v 5.820413 -3.112542 -0.561022
v 5.820165 -3.100541 -0.561022
v 5.820016 -3.089365 -0.561022
v 5.819966 -3.079246 -0.561022
v 5.819417 -3.024255 -0.561022
v 5.818942 -2.972873 -0.561022
v 5.818517 -2.924249 -0.561022
v 5.818116 -2.877532 -0.561022
v 5.817717 -2.831873 -0.561022
v 5.817291 -2.786420 -0.561022
v 5.816816 -2.740323 -0.561022
v 5.816267 -2.692731 -0.561022
v 5.815619 -2.642794 -0.561022
v 5.814847 -2.589661 -0.561022
v 5.813926 -2.532481 -0.561022
v 5.812832 -2.470405 -0.561022
v 5.810453 -2.377652 -0.561022
v 5.840382 -2.422078 -0.561022
v 5.871705 -2.468280 -0.561022
v 5.904136 -2.515853 -0.561022
v 5.937384 -2.564392 -0.561022
v 5.971159 -2.613492 -0.561022
v 6.005176 -2.662749 -0.561022
v 6.039142 -2.711759 -0.561022
v 6.072769 -2.760116 -0.561022
v 6.105769 -2.807416 -0.561022
v 6.137853 -2.853254 -0.561022
v 6.168731 -2.897226 -0.561022
v 6.198113 -2.938927 -0.561022
v 6.317028 -2.774826 -0.561022
v 6.280979 -2.729169 -0.561022
v 6.240108 -2.676336 -0.561022
v 6.195438 -2.617673 -0.561022
v 6.147994 -2.554526 -0.561022
v 6.098799 -2.488241 -0.561022
v 6.048876 -2.420164 -0.561022
v 5.999251 -2.351641 -0.561022
v 5.950949 -2.284018 -0.561022
v 5.904990 -2.218641 -0.561022
v 5.862401 -2.156857 -0.561022
v 5.824205 -2.100011 -0.561022
v 5.791427 -2.049448 -0.561022
v 5.774779 -1.818755 -0.561022
v 6.240923 -1.882969 -0.561022
v 6.259950 -1.685571 -0.561022
v 6.247005 -1.686069 -0.561022
v 6.234294 -1.686386 -0.561022
v 6.221747 -1.686537 -0.561022
v 6.209300 -1.686540 -0.561022
v 6.196886 -1.686410 -0.561022
v 6.184439 -1.686165 -0.561022
v 6.171892 -1.685821 -0.561022
v 6.159180 -1.685395 -0.561022
v 6.146237 -1.684902 -0.561022
v 6.132997 -1.684360 -0.561022
v 6.119393 -1.683784 -0.561022
v 6.105361 -1.683193 -0.561022
v 6.084496 -1.681761 -0.561022
v 6.061329 -1.679867 -0.561022
v 6.036130 -1.677544 -0.561022
v 6.009171 -1.674825 -0.561022
v 5.980727 -1.671742 -0.561022
v 5.951069 -1.668328 -0.561022
v 5.920469 -1.664618 -0.561022
v 5.889201 -1.660643 -0.561022
v 5.857535 -1.656437 -0.561022
v 5.825747 -1.652033 -0.561022
v 5.794106 -1.647463 -0.561022
v 5.762888 -1.642762 -0.561022
v 5.750997 -1.416825 -0.561022
v 5.751002 -1.403506 -0.561022
v 5.751040 -1.389750 -0.561022
v 5.751145 -1.375613 -0.561022
v 5.751348 -1.361155 -0.561022
v 5.751684 -1.346433 -0.561022
v 5.752185 -1.331504 -0.561022
v 5.752885 -1.316426 -0.561022
v 5.753815 -1.301257 -0.561022
v 5.755010 -1.286056 -0.561022
v 5.756501 -1.270879 -0.561022
v 5.758324 -1.255785 -0.561022
v 5.760509 -1.240831 -0.561022
v 7.444335 -2.610724 -0.561022
v 7.406355 -2.576831 -0.561022
v 7.367624 -2.539750 -0.561022
v 7.328579 -2.500059 -0.561022
v 7.289659 -2.458338 -0.561022
v 7.251299 -2.415162 -0.561022
v 7.213939 -2.371112 -0.561022
v 7.178015 -2.326764 -0.561022
v 7.143967 -2.282697 -0.561022
v 7.112229 -2.239489 -0.561022
v 7.083243 -2.197717 -0.561022
v 7.057444 -2.157961 -0.561022
v 7.035271 -2.120797 -0.561022
v 7.755891 -2.263494 -0.561022
v 7.731724 -2.350472 -0.561022
v 7.707037 -2.439267 -0.561022
v 7.682201 -2.528524 -0.561022
v 7.657588 -2.616890 -0.561022
v 7.633570 -2.703009 -0.561022
v 7.610518 -2.785528 -0.561022
v 7.588804 -2.863092 -0.561022
v 7.568799 -2.934347 -0.561022
v 7.550876 -2.997939 -0.561022
v 7.535404 -3.052513 -0.561022
v 7.522757 -3.096714 -0.561022
v 7.513306 -3.129190 -0.561022
v 7.509551 -3.141047 -0.561022
v 7.505466 -3.153887 -0.561022
v 7.501118 -3.167503 -0.561022
v 7.496570 -3.181689 -0.561022
v 7.491890 -3.196238 -0.561022
v 7.487144 -3.210944 -0.561022
v 7.482399 -3.225600 -0.561022
v 7.477719 -3.240001 -0.561022
v 7.473172 -3.253939 -0.561022
v 7.468823 -3.267208 -0.561022
v 7.464738 -3.279602 -0.561022
v 7.460984 -3.290914 -0.561022
v 7.663137 -3.343236 -0.561022
v 7.665020 -3.329964 -0.561022
v 7.667101 -3.316337 -0.561022
v 7.669381 -3.302396 -0.561022
v 7.671858 -3.288183 -0.561022
v 7.674534 -3.273738 -0.561022
v 7.677407 -3.259104 -0.561022
v 7.680480 -3.244321 -0.561022
v 7.683750 -3.229431 -0.561022
v 7.687219 -3.214474 -0.561022
v 7.690885 -3.199493 -0.561022
v 7.694750 -3.184528 -0.561022
v 7.698812 -3.169621 -0.561022
v 7.936641 -2.301547 -0.561022
v 8.419433 -2.399057 -0.561022
v 8.466998 -2.218307 -0.561022
v 8.450488 -2.217020 -0.561022
v 8.434209 -2.215543 -0.561022
v 8.418095 -2.213885 -0.561022
v 8.402080 -2.212053 -0.561022
v 8.386098 -2.210056 -0.561022
v 8.370083 -2.207902 -0.561022
v 8.353970 -2.205599 -0.561022
v 8.337690 -2.203156 -0.561022
v 8.321180 -2.200581 -0.561022
v 8.304372 -2.197882 -0.561022
v 8.287201 -2.195068 -0.561022
v 8.269601 -2.192146 -0.561022
v 7.979450 -2.139823 -0.561022
v 8.057934 -1.866321 -0.561022
v 8.062144 -1.851704 -0.561022
v 8.066455 -1.837583 -0.561022
v 8.070865 -1.823957 -0.561022
v 8.075374 -1.810827 -0.561022
v 8.079982 -1.798193 -0.561022
v 8.084688 -1.786053 -0.561022
v 8.089495 -1.774410 -0.561022
v 8.094400 -1.763262 -0.561022
v 8.099404 -1.752609 -0.561022
v 8.104508 -1.742452 -0.561022
v 8.109711 -1.732790 -0.561022
v 8.115012 -1.723624 -0.561022
v 7.910480 -1.673679 -0.561022
v 7.908597 -1.684032 -0.561022
v 7.906526 -1.694864 -0.561022
v 7.904273 -1.706158 -0.561022
v 7.901847 -1.717898 -0.561022
v 7.899255 -1.730067 -0.561022
v 7.896506 -1.742650 -0.561022
v 7.893609 -1.755628 -0.561022
v 7.890572 -1.768987 -0.561022
v 7.887403 -1.782709 -0.561022
v 7.884109 -1.796778 -0.561022
v 7.880700 -1.811177 -0.561022
v 7.877184 -1.825890 -0.561022
v 7.798700 -2.106528 -0.561022
v 7.713655 -2.090219 -0.561022
v 7.627100 -2.073573 -0.561022
v 7.540396 -2.056844 -0.561022
v 7.454906 -2.040288 -0.561022
v 7.371992 -2.024161 -0.561022
v 7.293017 -2.008720 -0.561022
v 7.219344 -1.994221 -0.561022
v 7.152335 -1.980919 -0.561022
v 7.093352 -1.969070 -0.561022
v 7.043760 -1.958931 -0.561022
v 7.004919 -1.950757 -0.561022
v 6.978191 -1.944804 -0.561022
v 6.970873 -1.942971 -0.561022
v 6.963240 -1.941038 -0.561022
v 6.955376 -1.939007 -0.561022
v 6.947363 -1.936876 -0.561022
v 6.939283 -1.934647 -0.561022
v 6.931221 -1.932318 -0.561022
v 6.923258 -1.929890 -0.561022
v 6.915476 -1.927363 -0.561022
v 6.907958 -1.924737 -0.561022
v 6.900787 -1.922012 -0.561022
v 6.894046 -1.919188 -0.561022
v 6.887816 -1.916265 -0.561022
v 6.768903 -1.999505 -0.561022
v 6.796764 -2.052592 -0.561022
v 6.829879 -2.110073 -0.561022
v 6.867453 -2.170890 -0.561022
v 6.908692 -2.233986 -0.561022
v 6.952806 -2.298304 -0.561022
v 6.999002 -2.362788 -0.561022
v 7.046485 -2.426379 -0.561022
v 7.094463 -2.488022 -0.561022
v 7.142144 -2.546659 -0.561022
v 7.188736 -2.601233 -0.561022
v 7.233444 -2.650687 -0.561022
v 7.275477 -2.693964 -0.561022
v 10.681510 -2.770069 -0.561022
v 10.592041 -2.770069 -0.561022
v 10.474496 -2.770069 -0.561022
v 10.335892 -2.770069 -0.561022
v 10.183249 -2.770069 -0.561022
v 10.023586 -2.770069 -0.561022
v 9.863925 -2.770069 -0.561022
v 9.711282 -2.770069 -0.561022
v 9.572678 -2.770069 -0.561022
v 9.455132 -2.770069 -0.561022
v 9.365663 -2.770069 -0.561022
v 9.311290 -2.770069 -0.561022
v 9.293362 -2.769971 -0.561022
v 9.275275 -2.769684 -0.561022
v 9.257072 -2.769215 -0.561022
v 9.238796 -2.768572 -0.561022
v 9.220487 -2.767764 -0.561022
v 9.202187 -2.766799 -0.561022
v 9.183934 -2.765686 -0.561022
v 9.165774 -2.764432 -0.561022
v 9.147745 -2.763046 -0.561022
v 9.129890 -2.761536 -0.561022
v 9.112250 -2.759911 -0.561022
v 9.094866 -2.758178 -0.561022
v 9.094866 -2.986493 -0.561022
v 9.112886 -2.984760 -0.561022
v 9.131212 -2.983135 -0.561022
v 9.149753 -2.981625 -0.561022
v 9.168417 -2.980239 -0.561022
v 9.187114 -2.978985 -0.561022
v 9.205753 -2.977872 -0.561022
v 9.224244 -2.976907 -0.561022
v 9.242496 -2.976099 -0.561022
v 9.260416 -2.975456 -0.561022
v 9.277917 -2.974987 -0.561022
v 9.294905 -2.974699 -0.561022
v 9.311290 -2.974602 -0.561022
v 9.365662 -2.974602 -0.561022
v 9.455131 -2.974602 -0.561022
v 9.572677 -2.974602 -0.561022
v 9.711281 -2.974602 -0.561022
v 9.863924 -2.974602 -0.561022
v 10.023585 -2.974602 -0.561022
v 10.183248 -2.974602 -0.561022
v 10.335890 -2.974602 -0.561022
v 10.474494 -2.974602 -0.561022
v 10.592040 -2.974602 -0.561022
v 10.681509 -2.974602 -0.561022
v 10.735883 -2.974602 -0.561022
v 10.757238 -2.974745 -0.561022
v 10.778494 -2.975152 -0.561022
v 10.799650 -2.975791 -0.561022
v 10.820709 -2.976628 -0.561022
v 10.841667 -2.977630 -0.561022
v 10.862527 -2.978764 -0.561022
v 10.883287 -2.979997 -0.561022
v 10.903949 -2.981296 -0.561022
v 10.924511 -2.982628 -0.561022
v 10.944974 -2.983961 -0.561022
v 10.965339 -2.985260 -0.561022
v 10.985602 -2.986493 -0.561022
v 10.985602 -2.758178 -0.561022
v 10.965339 -2.759411 -0.561022
v 10.944974 -2.760710 -0.561022
v 10.924511 -2.762043 -0.561022
v 10.903949 -2.763375 -0.561022
v 10.883287 -2.764674 -0.561022
v 10.862527 -2.765907 -0.561022
v 10.841667 -2.767041 -0.561022
v 10.820709 -2.768043 -0.561022
v 10.799650 -2.768880 -0.561022
v 10.778494 -2.769519 -0.561022
v 10.757238 -2.769926 -0.561022
v 10.735883 -2.770069 -0.561022
v 10.496433 -1.590440 -0.561022
v 10.426618 -1.590440 -0.561022
v 10.340419 -1.590440 -0.561022
v 10.242081 -1.590440 -0.561022
v 10.135848 -1.590440 -0.561022
v 10.025965 -1.590440 -0.561022
v 9.916677 -1.590440 -0.561022
v 9.812227 -1.590440 -0.561022
v 9.716862 -1.590440 -0.561022
v 9.634825 -1.590440 -0.561022
v 9.570360 -1.590440 -0.561022
v 9.527714 -1.590440 -0.561022
v 9.506367 -1.590389 -0.561022
v 9.485168 -1.590230 -0.561022
v 9.464169 -1.589957 -0.561022
v 9.443417 -1.589559 -0.561022
v 9.422961 -1.589029 -0.561022
v 9.402854 -1.588359 -0.561022
v 9.383142 -1.587540 -0.561022
v 9.363876 -1.586564 -0.561022
v 9.345106 -1.585423 -0.561022
v 9.326880 -1.584108 -0.561022
v 9.309250 -1.582612 -0.561022
v 9.292264 -1.580926 -0.561022
v 9.292264 -1.794972 -0.561022
v 9.309385 -1.793832 -0.561022
v 9.327375 -1.792792 -0.561022
v 9.346108 -1.791851 -0.561022
v 9.365461 -1.791008 -0.561022
v 9.385309 -1.790265 -0.561022
v 9.405529 -1.789621 -0.561022
v 9.425997 -1.789076 -0.561022
v 9.446588 -1.788630 -0.561022
v 9.467178 -1.788283 -0.561022
v 9.487646 -1.788035 -0.561022
v 9.507866 -1.787887 -0.561022
v 9.527714 -1.787837 -0.561022
v 9.569997 -1.787837 -0.561022
v 9.635486 -1.787837 -0.561022
v 9.719538 -1.787837 -0.561022
v 9.817513 -1.787837 -0.561022
v 9.924769 -1.787837 -0.561022
v 10.036667 -1.787837 -0.561022
v 10.148564 -1.787837 -0.561022
v 10.255821 -1.787837 -0.561022
v 10.353796 -1.787837 -0.561022
v 10.437848 -1.787837 -0.561022
v 10.503337 -1.787837 -0.561022
v 10.545620 -1.787837 -0.561022
v 10.566331 -1.787932 -0.561022
v 10.586844 -1.788201 -0.561022
v 10.607159 -1.788618 -0.561022
v 10.627275 -1.789158 -0.561022
v 10.647193 -1.789798 -0.561022
v 10.666913 -1.790513 -0.561022
v 10.686435 -1.791277 -0.561022
v 10.705757 -1.792065 -0.561022
v 10.724883 -1.792854 -0.561022
v 10.743811 -1.793618 -0.561022
v 10.762540 -1.794332 -0.561022
v 10.781070 -1.794972 -0.561022
v 10.781070 -1.580926 -0.561022
v 10.761951 -1.582113 -0.561022
v 10.742657 -1.583283 -0.561022
v 10.723213 -1.584419 -0.561022
v 10.703646 -1.585507 -0.561022
v 10.683979 -1.586528 -0.561022
v 10.664239 -1.587467 -0.561022
v 10.644448 -1.588306 -0.561022
v 10.624633 -1.589030 -0.561022
v 10.604817 -1.589622 -0.561022
v 10.585028 -1.590065 -0.561022
v 10.565287 -1.590343 -0.561022
v 10.545620 -1.590440 -0.561022
v -3.655004 0.540236 -0.561021
v -3.651192 0.521709 -0.561021
v -3.645053 0.504124 -0.561021
v -3.636758 0.487654 -0.561021
v -3.626481 0.472471 -0.561021
v -3.614395 0.458751 -0.561021
v -3.600675 0.446665 -0.561021
v -3.585492 0.436388 -0.561021
v -3.569022 0.428093 -0.561021
v -3.551437 0.421953 -0.561021
v -3.532910 0.418142 -0.561021
v -3.513616 0.416834 -0.561021
v -3.494321 0.418143 -0.561021
v -3.475794 0.421953 -0.561021
v -3.458209 0.428093 -0.561021
v -3.441739 0.436388 -0.561021
v -3.426556 0.446665 -0.561021
v -3.412836 0.458751 -0.561021
v -3.400750 0.472471 -0.561021
v -3.390473 0.487654 -0.561021
v -3.382178 0.504124 -0.561021
v -3.376038 0.521709 -0.561021
v -3.372227 0.540236 -0.561021
v -3.370919 0.559531 -0.561021
v -3.372227 0.578825 -0.561021
v -3.376038 0.597352 -0.561021
v -3.382178 0.614937 -0.561021
v -3.390473 0.631408 -0.561021
v -3.400750 0.646590 -0.561021
v -3.412836 0.660311 -0.561021
v -3.426556 0.672396 -0.561021
v -3.441739 0.682673 -0.561021
v -3.458209 0.690968 -0.561021
v -3.475794 0.697108 -0.561021
v -3.494321 0.700919 -0.561021
v -3.513616 0.702228 -0.561021
v -3.532910 0.700919 -0.561021
v -3.551437 0.697108 -0.561021
v -3.569022 0.690968 -0.561021
v -3.585492 0.682673 -0.561021
v -3.600675 0.672396 -0.561021
v -3.614395 0.660311 -0.561021
v -3.626481 0.646590 -0.561021
v -3.636758 0.631408 -0.561021
v -3.645053 0.614937 -0.561021
v -3.651192 0.597352 -0.561021
v -3.655004 0.578825 -0.561021
v -3.656313 0.559531 -0.561021
v -3.532843 2.079204 -0.561021
v -3.552483 2.071911 -0.561021
v -3.570174 2.059746 -0.561021
v -3.585933 2.042700 -0.561021
v -3.599776 2.020766 -0.561021
v -3.611720 1.993934 -0.561021
v -3.621781 1.962198 -0.561021
v -3.629976 1.925548 -0.561021
v -3.636320 1.883976 -0.561021
v -3.640832 1.837474 -0.561021
v -3.643527 1.786034 -0.561021
v -3.644421 1.729647 -0.561021
v -3.644323 1.703884 -0.561021
v -3.644025 1.678922 -0.561021
v -3.643530 1.654769 -0.561021
v -3.642836 1.631433 -0.561021
v -3.641944 1.608923 -0.561021
v -3.640854 1.587248 -0.561021
v -3.639565 1.566414 -0.561021
v -3.638079 1.546431 -0.561021
v -3.636394 1.527307 -0.561021
v -3.634512 1.509050 -0.561021
v -3.632430 1.491669 -0.561021
v -3.630152 1.475171 -0.561021
v -3.570694 1.066105 -0.561021
v -3.567117 1.041175 -0.561021
v -3.563483 1.018672 -0.561021
v -3.559732 0.998548 -0.561021
v -3.555808 0.980752 -0.561021
v -3.551653 0.965235 -0.561021
v -3.547209 0.951948 -0.561021
v -3.542418 0.940841 -0.561021
v -3.537222 0.931865 -0.561021
v -3.531564 0.924969 -0.561021
v -3.525386 0.920105 -0.561021
v -3.518629 0.917223 -0.561021
v -3.511237 0.916274 -0.561021
v -3.503845 0.917223 -0.561021
v -3.497089 0.920105 -0.561021
v -3.490911 0.924969 -0.561021
v -3.485253 0.931864 -0.561021
v -3.480057 0.940840 -0.561021
v -3.475266 0.951947 -0.561021
v -3.470822 0.965235 -0.561021
v -3.466666 0.980751 -0.561021
v -3.462743 0.998547 -0.561021
v -3.458992 1.018672 -0.561021
v -3.455357 1.041175 -0.561021
v -3.451780 1.066105 -0.561021
v -3.392323 1.475171 -0.561021
v -3.390044 1.491668 -0.561021
v -3.387964 1.509050 -0.561021
v -3.386081 1.527307 -0.561021
v -3.384396 1.546431 -0.561021
v -3.382910 1.566414 -0.561021
v -3.381621 1.587247 -0.561021
v -3.380531 1.608923 -0.561021
v -3.379639 1.631433 -0.561021
v -3.378946 1.654768 -0.561021
v -3.378450 1.678921 -0.561021
v -3.378153 1.703884 -0.561021
v -3.378053 1.729647 -0.561021
v -3.378947 1.786034 -0.561021
v -3.381643 1.837474 -0.561021
v -3.386154 1.883976 -0.561021
v -3.392499 1.925548 -0.561021
v -3.400694 1.962198 -0.561021
v -3.410754 1.993934 -0.561021
v -3.422698 2.020766 -0.561021
v -3.436541 2.042700 -0.561021
v -3.452300 2.059746 -0.561021
v -3.469991 2.071911 -0.561021
v -3.489632 2.079204 -0.561021
v -3.511237 2.081633 -0.561021
v -1.533786 1.715124 -0.561021
v -1.567143 1.777763 -0.561021
v -1.606082 1.840237 -0.561021
v -1.650273 1.901324 -0.561021
v -1.699386 1.959801 -0.561021
v -1.753090 2.014447 -0.561021
v -1.811055 2.064039 -0.561021
v -1.872951 2.107354 -0.561021
v -1.938447 2.143172 -0.561021
v -2.007214 2.170269 -0.561021
v -2.078920 2.187423 -0.561021
v -2.153236 2.193413 -0.561021
v -2.230353 2.186900 -0.561021
v -2.303233 2.167670 -0.561021
v -2.371407 2.136185 -0.561021
v -2.434402 2.092908 -0.561021
v -2.491750 2.038301 -0.561021
v -2.542978 1.972826 -0.561021
v -2.587616 1.896947 -0.561021
v -2.625194 1.811125 -0.561021
v -2.655240 1.715823 -0.561021
v -2.677285 1.611504 -0.561021
v -2.690857 1.498629 -0.561021
v -2.695485 1.377661 -0.561021
v -2.687002 1.219991 -0.561021
v -2.662101 1.077127 -0.561021
v -2.621610 0.948418 -0.561021
v -2.566353 0.833210 -0.561021
v -2.497157 0.730851 -0.561021
v -2.414848 0.640690 -0.561021
v -2.320250 0.562073 -0.561021
v -2.214191 0.494348 -0.561021
v -2.097495 0.436863 -0.561021
v -1.970989 0.388966 -0.561021
v -1.835498 0.350003 -0.561021
v -1.691849 0.319324 -0.561021
v -1.580069 0.490560 -0.561021
v -1.706593 0.512556 -0.561021
v -1.827444 0.541066 -0.561021
v -1.941606 0.576959 -0.561021
v -2.048063 0.621102 -0.561021
v -2.145800 0.674362 -0.561021
v -2.233801 0.737605 -0.561021
v -2.311049 0.811699 -0.561021
v -2.376531 0.897512 -0.561021
v -2.429229 0.995909 -0.561021
v -2.468128 1.107759 -0.561021
v -2.492212 1.233928 -0.561021
v -2.500466 1.375283 -0.561021
v -2.497795 1.466949 -0.561021
v -2.489797 1.553676 -0.561021
v -2.476497 1.634887 -0.561021
v -2.457921 1.710005 -0.561021
v -2.434093 1.778449 -0.561021
v -2.405037 1.839643 -0.561021
v -2.370779 1.893009 -0.561021
v -2.331343 1.937968 -0.561021
v -2.286755 1.973942 -0.561021
v -2.237038 2.000354 -0.561021
v -2.182218 2.016624 -0.561021
v -2.122319 2.022177 -0.561021
v -2.048573 2.013479 -0.561021
v -1.976505 1.988671 -0.561021
v -1.906897 1.949676 -0.561021
v -1.840535 1.898417 -0.561021
v -1.778203 1.836820 -0.561021
v -1.720685 1.766808 -0.561021
v -1.668766 1.690305 -0.561021
v -1.623230 1.609236 -0.561021
v -1.584863 1.525524 -0.561021
v -1.554447 1.441093 -0.561021
v -1.532769 1.357868 -0.561021
v -1.520612 1.277773 -0.561021
v -1.517935 1.254803 -0.561021
v -1.515845 1.232156 -0.561021
v -1.514332 1.209657 -0.561021
v -1.513389 1.187134 -0.561021
v -1.513008 1.164412 -0.561021
v -1.513180 1.141319 -0.561021
v -1.513897 1.117681 -0.561021
v -1.515151 1.093324 -0.561021
v -1.516933 1.068075 -0.561021
v -1.519236 1.041761 -0.561021
v -1.522050 1.014209 -0.561021
v -1.525369 0.985244 -0.561021
v -1.342241 0.970974 -0.561021
v -1.339228 0.994448 -0.561021
v -1.336174 1.019630 -0.561021
v -1.333136 1.046448 -0.561021
v -1.330173 1.074826 -0.561021
v -1.327342 1.104691 -0.561021
v -1.324701 1.135968 -0.561021
v -1.322307 1.168583 -0.561021
v -1.320220 1.202461 -0.561021
v -1.318495 1.237528 -0.561021
v -1.317192 1.273710 -0.561021
v -1.316367 1.310933 -0.561021
v -1.316080 1.349122 -0.561021
v -1.316985 1.408020 -0.561021
v -1.319559 1.471097 -0.561021
v -1.323586 1.537378 -0.561021
v -1.328852 1.605888 -0.561021
v -1.335142 1.675654 -0.561021
v -1.342241 1.745701 -0.561021
v -1.349935 1.815053 -0.561021
v -1.358008 1.882738 -0.561021
v -1.366247 1.947781 -0.561021
v -1.374436 2.009206 -0.561021
v -1.382361 2.066040 -0.561021
v -1.389807 2.117308 -0.561021
v -1.392088 2.135094 -0.561021
v -1.394189 2.152773 -0.561021
v -1.396124 2.170336 -0.561021
v -1.397910 2.187776 -0.561021
v -1.399565 2.205083 -0.561021
v -1.401103 2.222250 -0.561021
v -1.402543 2.239268 -0.561021
v -1.403900 2.256130 -0.561021
v -1.405191 2.272825 -0.561021
v -1.406433 2.289348 -0.561021
v -1.407641 2.305689 -0.561021
v -1.408833 2.321841 -0.561021
v -1.618122 2.314706 -0.561021
v -1.605703 2.268405 -0.561021
v -1.593491 2.217009 -0.561021
v -1.581593 2.161567 -0.561021
v -1.570116 2.103127 -0.561021
v -1.559167 2.042738 -0.561021
v -1.548854 1.981448 -0.561021
v -1.539285 1.920308 -0.561021
v -1.530566 1.860365 -0.561021
v -1.522804 1.802668 -0.561021
v -1.516109 1.748266 -0.561021
v -1.510586 1.698208 -0.561021
v -1.506343 1.653542 -0.561021
v 0.071048 1.913975 -0.561021
v 0.056136 1.830812 -0.561021
v 0.039952 1.748971 -0.561021
v 0.022455 1.668517 -0.561021
v 0.003603 1.589516 -0.561021
v -0.016644 1.512034 -0.561021
v -0.038328 1.436138 -0.561021
v -0.061490 1.361894 -0.561021
v -0.086172 1.289367 -0.561021
v -0.112414 1.218624 -0.561021
v -0.140258 1.149731 -0.561021
v -0.169746 1.082754 -0.561021
v -0.201250 1.148005 -0.561021
v -0.231515 1.215321 -0.561021
v -0.260492 1.284685 -0.561021
v -0.288132 1.356080 -0.561021
v -0.314384 1.429490 -0.561021
v -0.339199 1.504899 -0.561021
v -0.362527 1.582290 -0.561021
v -0.384320 1.661646 -0.561021
v -0.404527 1.742951 -0.561021
v -0.423100 1.826188 -0.561021
v -0.439987 1.911341 -0.561021
v -0.455140 1.998394 -0.561021
v 0.084731 1.998394 -0.561021
v -0.533624 2.174387 -0.561021
v -0.643025 2.145848 -0.561021
v -0.626092 2.020040 -0.561021
v -0.606260 1.898263 -0.561021
v -0.583605 1.780483 -0.561021
v -0.558199 1.666667 -0.561021
v -0.530118 1.556781 -0.561021
v -0.499436 1.450793 -0.561021
v -0.466227 1.348670 -0.561021
v -0.430565 1.250379 -0.561021
v -0.392524 1.155886 -0.561021
v -0.352180 1.065158 -0.561021
v -0.309607 0.978164 -0.561021
v -0.264877 0.894869 -0.561021
v -0.295897 0.843444 -0.561021
v -0.328321 0.793836 -0.561021
v -0.362164 0.746077 -0.561021
v -0.397445 0.700202 -0.561021
v -0.434179 0.656242 -0.561021
v -0.472383 0.614231 -0.561021
v -0.512073 0.574202 -0.561021
v -0.553267 0.536188 -0.561021
v -0.595979 0.500222 -0.561021
v -0.640228 0.466337 -0.561021
v -0.686029 0.434566 -0.561021
v -0.733400 0.404942 -0.561021
v -0.723018 0.396549 -0.561021
v -0.712182 0.386951 -0.561021
v -0.701033 0.376328 -0.561021
v -0.689710 0.364863 -0.561021
v -0.678354 0.352738 -0.561021
v -0.667105 0.340134 -0.561021
v -0.656104 0.327232 -0.561021
v -0.645491 0.314215 -0.561021
v -0.635407 0.301264 -0.561021
v -0.625991 0.288560 -0.561021
v -0.617385 0.276286 -0.561021
v -0.609729 0.264623 -0.561021
v -0.565232 0.294597 -0.561021
v -0.522107 0.326238 -0.561021
v -0.480335 0.359532 -0.561021
v -0.439902 0.394460 -0.561021
v -0.400789 0.431007 -0.561021
v -0.362982 0.469156 -0.561021
v -0.326462 0.508890 -0.561021
v -0.291215 0.550194 -0.561021
v -0.257222 0.593050 -0.561021
v -0.224469 0.637442 -0.561021
v -0.192937 0.683353 -0.561021
v -0.162611 0.730767 -0.561021
v -0.128183 0.681118 -0.561021
v -0.092705 0.633235 -0.561021
v -0.056220 0.587104 -0.561021
v -0.018769 0.542706 -0.561021
v 0.019607 0.500026 -0.561021
v 0.058867 0.459048 -0.561021
v 0.098969 0.419754 -0.561021
v 0.139871 0.382128 -0.561021
v 0.181534 0.346154 -0.561021
v 0.223915 0.311815 -0.561021
v 0.266974 0.279094 -0.561021
v 0.310668 0.247975 -0.561021
v 0.317684 0.259000 -0.561021
v 0.325576 0.270569 -0.561021
v 0.334228 0.282535 -0.561021
v 0.343523 0.294749 -0.561021
v 0.353347 0.307061 -0.561021
v 0.363585 0.319324 -0.561021
v 0.374119 0.331389 -0.561021
v 0.384835 0.343107 -0.561021
v 0.395617 0.354329 -0.561021
v 0.406350 0.364908 -0.561021
v 0.416917 0.374693 -0.561021
v 0.427204 0.383538 -0.561021
v 0.381179 0.413906 -0.561021
v 0.335882 0.446728 -0.561021
v 0.291344 0.481976 -0.561021
v 0.247599 0.519629 -0.561021
v 0.204680 0.559659 -0.561021
v 0.162619 0.602043 -0.561021
v 0.121451 0.646755 -0.561021
v 0.081207 0.693772 -0.561021
v 0.041921 0.743068 -0.561021
v 0.003627 0.794618 -0.561021
v -0.033644 0.848397 -0.561021
v -0.069858 0.904382 -0.561021
v -0.033478 0.981364 -0.561021
v 0.000797 1.061227 -0.561021
v 0.033040 1.143882 -0.561021
v 0.063326 1.229238 -0.561021
v 0.091729 1.317203 -0.561021
v 0.118324 1.407686 -0.561021
v 0.143184 1.500598 -0.561021
v 0.166385 1.595846 -0.561021
v 0.188000 1.693341 -0.561021
v 0.208104 1.792991 -0.561021
v 0.226771 1.894706 -0.561021
v 0.244076 1.998394 -0.561021
v 0.362990 1.998394 -0.561022
v 0.362990 2.169630 -0.561022
v -0.502706 2.169630 -0.561021
v 1.292900 2.162495 -0.561022
v 1.452245 2.162495 -0.561022
v 1.452245 2.324219 -0.561022
v 0.372503 2.324219 -0.561022
v 0.372503 2.162495 -0.561022
v 0.546118 2.162495 -0.561022
v 0.546118 0.890113 -0.561021
v 0.343964 0.923409 -0.561021
v 0.334451 0.771198 -0.561021
v 0.546118 0.730767 -0.561021
v 0.546118 0.252732 -0.561021
v 0.719733 0.252732 -0.561021
v 0.719733 0.699850 -0.561021
v 1.435597 0.576179 -0.561022
v 1.476028 0.747415 -0.561022
v 1.292900 0.773576 -0.561022
v 0.719733 1.829535 -0.561022
v 0.719733 2.162495 -0.561022
v 1.121663 2.162495 -0.561022
v 1.121663 1.829535 -0.561022
v 0.719733 1.330095 -0.561022
v 0.719733 1.674947 -0.561022
v 1.121663 1.674947 -0.561022
v 1.121663 1.330095 -0.561022
v 0.719733 0.861573 -0.561021
v 0.719733 1.173128 -0.561022
v 1.121663 1.173128 -0.561022
v 1.121663 0.799737 -0.561022
v 2.477286 2.045959 -0.561022
v 3.062344 2.045959 -0.561022
v 3.062344 2.205304 -0.561022
v 2.477286 2.205304 -0.561022
v 2.477286 2.433620 -0.561022
v 2.303671 2.433620 -0.561022
v 2.303671 2.205304 -0.561022
v 1.697208 2.205304 -0.561022
v 1.697208 2.045959 -0.561022
v 2.303671 2.045959 -0.561022
v 2.303671 1.831913 -0.561022
v 1.759044 1.831913 -0.561022
v 1.759044 0.982866 -0.561022
v 2.303671 0.982866 -0.561022
v 2.303671 0.756929 -0.561022
v 1.663912 0.756929 -0.561022
v 1.663912 0.595205 -0.561022
v 2.303671 0.595205 -0.561022
v 2.303671 0.245597 -0.561022
v 2.477286 0.245597 -0.561022
v 2.477286 0.595205 -0.561022
v 3.133693 0.595205 -0.561022
v 3.133693 0.756929 -0.561022
v 2.477286 0.756929 -0.561022
v 2.477286 0.982866 -0.561022
v 3.002887 0.982866 -0.561022
v 3.002887 1.831913 -0.561022
v 2.477286 1.831913 -0.561022
v 2.467773 1.125563 -0.561022
v 2.467773 1.344365 -0.561022
v 2.836407 1.344365 -0.561022
v 2.836407 1.125563 -0.561022
v 1.930280 1.125563 -0.561022
v 1.930280 1.344365 -0.561022
v 2.313184 1.344365 -0.561022
v 2.313184 1.125563 -0.561022
v 2.467773 1.475171 -0.561022
v 2.467773 1.691595 -0.561022
v 2.836407 1.691595 -0.561022
v 2.836407 1.475171 -0.561022
v 1.930280 1.475171 -0.561022
v 1.930280 1.691595 -0.561022
v 2.313184 1.691595 -0.561022
v 2.313184 1.475171 -0.561022
v 3.186015 2.340866 -0.561022
v 3.067101 2.269518 -0.561022
v 3.085271 2.219237 -0.561022
v 3.104053 2.167329 -0.561022
v 3.123362 2.114149 -0.561022
v 3.143118 2.060053 -0.561022
v 3.163237 2.005395 -0.561022
v 3.183637 1.950531 -0.561022
v 3.204235 1.895815 -0.561022
v 3.224948 1.841603 -0.561022
v 3.245695 1.788250 -0.561022
v 3.266392 1.736110 -0.561022
v 3.286957 1.685540 -0.561022
v 3.307308 1.636894 -0.561022
v 3.266125 1.588088 -0.561022
v 3.230344 1.540364 -0.561022
v 3.199616 1.493713 -0.561022
v 3.173595 1.448128 -0.561022
v 3.151935 1.403600 -0.561022
v 3.134287 1.360121 -0.561022
v 3.120307 1.317682 -0.561022
v 3.109646 1.276275 -0.561022
v 3.101958 1.235893 -0.561022
v 3.096895 1.196526 -0.561022
v 3.094112 1.158166 -0.561022
v 3.093262 1.120806 -0.561022
v 3.093862 1.089308 -0.561022
v 3.095684 1.059081 -0.561022
v 3.098762 1.030209 -0.561022
v 3.103127 1.002773 -0.561022
v 3.108814 0.976857 -0.561022
v 3.115856 0.952543 -0.561022
v 3.124284 0.929913 -0.561022
v 3.134133 0.909051 -0.561022
v 3.145436 0.890038 -0.561022
v 3.158224 0.872958 -0.561022
v 3.172533 0.857893 -0.561022
v 3.188393 0.844925 -0.561022
v 3.196913 0.839176 -0.561022
v 3.205812 0.833815 -0.561022
v 3.215075 0.828834 -0.561022
v 3.224684 0.824225 -0.561022
v 3.234624 0.819979 -0.561022
v 3.244878 0.816088 -0.561022
v 3.255429 0.812544 -0.561022
v 3.266260 0.809339 -0.561022
v 3.277356 0.806463 -0.561022
v 3.288700 0.803910 -0.561022
v 3.300275 0.801671 -0.561022
v 3.312064 0.799737 -0.561022
v 3.324740 0.798647 -0.561022
v 3.337763 0.797755 -0.561022
v 3.351083 0.797062 -0.561022
v 3.364651 0.796566 -0.561022
v 3.378417 0.796269 -0.561022
v 3.392331 0.796170 -0.561022
v 3.406345 0.796269 -0.561022
v 3.420408 0.796566 -0.561022
v 3.434472 0.797062 -0.561022
v 3.448485 0.797755 -0.561022
v 3.462400 0.798647 -0.561022
v 3.476166 0.799737 -0.561022
v 3.476508 0.810957 -0.561022
v 3.477520 0.823102 -0.561022
v 3.479176 0.836006 -0.561022
v 3.481451 0.849505 -0.561022
v 3.484321 0.863434 -0.561022
v 3.487760 0.877626 -0.561022
v 3.491745 0.891918 -0.561022
v 3.496249 0.906144 -0.561022
v 3.501249 0.920138 -0.561022
v 3.506720 0.933736 -0.561022
v 3.512637 0.946773 -0.561022
v 3.518975 0.959083 -0.561022
v 3.505996 0.957944 -0.561022
v 3.493232 0.956913 -0.561022
v 3.480699 0.955998 -0.561022
v 3.468414 0.955206 -0.561022
v 3.456393 0.954547 -0.561022
v 3.444653 0.954028 -0.561022
v 3.433211 0.953658 -0.561022
v 3.422082 0.953445 -0.561022
v 3.411283 0.953397 -0.561022
v 3.400831 0.953522 -0.561022
v 3.390743 0.953829 -0.561022
v 3.381035 0.954326 -0.561022
v 3.373952 0.955021 -0.561022
v 3.366985 0.955923 -0.561022
v 3.360150 0.957039 -0.561022
v 3.353464 0.958378 -0.561022
v 3.346943 0.959949 -0.561022
v 3.340604 0.961758 -0.561022
v 3.334462 0.963816 -0.561022
v 3.328536 0.966129 -0.561022
v 3.322841 0.968707 -0.561022
v 3.317393 0.971558 -0.561022
v 3.312210 0.974689 -0.561022
v 3.307308 0.978109 -0.561022
v 3.298285 0.985424 -0.561022
v 3.290219 0.994217 -0.561022
v 3.283079 1.004382 -0.561022
v 3.276830 1.015809 -0.561022
v 3.271441 1.028393 -0.561022
v 3.266877 1.042026 -0.561022
v 3.263106 1.056599 -0.561022
v 3.260094 1.072007 -0.561022
v 3.257810 1.088142 -0.561022
v 3.256218 1.104896 -0.561022
v 3.255288 1.122162 -0.561022
v 3.254985 1.139832 -0.561022
v 3.255973 1.172627 -0.561022
v 3.259125 1.206776 -0.561022
v 3.264721 1.242247 -0.561022
v 3.273043 1.279006 -0.561022
v 3.284370 1.317020 -0.561022
v 3.298984 1.356256 -0.561022
v 3.317165 1.396682 -0.561022
v 3.339194 1.438263 -0.561022
v 3.365353 1.480968 -0.561022
v 3.395921 1.524762 -0.561022
v 3.431179 1.569614 -0.561022
v 3.471409 1.615489 -0.561022
v 3.453630 1.660276 -0.561022
v 3.435999 1.706426 -0.561022
v 3.418567 1.753616 -0.561022
v 3.401382 1.801524 -0.561022
v 3.384495 1.849829 -0.561022
v 3.367954 1.898208 -0.561022
v 3.351810 1.946340 -0.561022
v 3.336111 1.993901 -0.561022
v 3.320909 2.040571 -0.561022
v 3.306251 2.086027 -0.561022
v 3.292187 2.129947 -0.561022
v 3.278768 2.172009 -0.561022
v 3.592702 2.172009 -0.561022
v 3.592702 0.247975 -0.561022
v 3.752047 0.247975 -0.561022
v 3.752047 2.333732 -0.561022
v 3.214555 2.333732 -0.561022
v -8.931233 -3.027193 0.216913
v -8.927422 -3.045719 0.216913
v -8.921282 -3.063304 0.216913
v -8.912986 -3.079775 0.216913
v -8.902709 -3.094957 0.216913
v -8.890624 -3.108678 0.216913
v -8.876903 -3.120763 0.216913
v -8.861720 -3.131040 0.216913
v -8.845250 -3.139335 0.216913
v -8.827664 -3.145475 0.216913
v -8.809137 -3.149286 0.216913
v -8.789843 -3.150595 0.216913
v -8.770550 -3.149286 0.216913
v -8.752023 -3.145475 0.216913
v -8.734437 -3.139335 0.216913
v -8.717967 -3.131040 0.216913
v -8.702785 -3.120763 0.216913
v -8.689064 -3.108678 0.216913
v -8.676978 -3.094957 0.216913
v -8.666701 -3.079775 0.216913
v -8.658405 -3.063304 0.216913
v -8.652266 -3.045719 0.216913
v -8.648455 -3.027193 0.216913
v -8.647145 -3.007898 0.216913
v -8.648452 -2.988603 0.216913
v -8.652264 -2.970077 0.216913
v -8.658403 -2.952491 0.216913
v -8.666699 -2.936021 0.216913
v -8.676976 -2.920839 0.216913
v -8.689061 -2.907118 0.216913
v -8.702783 -2.895032 0.216913
v -8.717965 -2.884756 0.216913
v -8.734435 -2.876460 0.216913
v -8.752021 -2.870321 0.216913
v -8.770548 -2.866509 0.216913
v -8.789843 -2.865201 0.216913
v -8.809135 -2.866509 0.216913
v -8.827662 -2.870320 0.216913
v -8.845248 -2.876460 0.216913
v -8.861718 -2.884755 0.216913
v -8.876901 -2.895032 0.216913
v -8.890621 -2.907118 0.216913
v -8.902707 -2.920838 0.216913
v -8.912984 -2.936021 0.216913
v -8.921280 -2.952491 0.216913
v -8.927420 -2.970077 0.216913
v -8.931231 -2.988603 0.216913
v -8.932540 -3.007898 0.216913
v -8.809070 -1.488224 0.216913
v -8.828709 -1.495517 0.216913
v -8.846400 -1.507682 0.216913
v -8.862159 -1.524728 0.216913
v -8.876002 -1.546663 0.216913
v -8.887946 -1.573494 0.216913
v -8.898007 -1.605231 0.216913
v -8.906202 -1.641881 0.216913
v -8.912547 -1.683453 0.216913
v -8.917059 -1.729954 0.216913
v -8.919753 -1.781394 0.216913
v -8.920648 -1.837781 0.216913
v -8.920549 -1.863544 0.216913
v -8.920252 -1.888507 0.216913
v -8.919757 -1.912660 0.216913
v -8.919063 -1.935996 0.216913
v -8.918171 -1.958505 0.216913
v -8.917081 -1.980181 0.216913
v -8.915793 -2.001014 0.216913
v -8.914307 -2.020997 0.216913
v -8.912621 -2.040121 0.216913
v -8.910739 -2.058378 0.216913
v -8.908657 -2.075760 0.216913
v -8.906378 -2.092258 0.216913
v -8.846921 -2.501323 0.216913
v -8.843344 -2.526254 0.216913
v -8.839709 -2.548757 0.216913
v -8.835958 -2.568881 0.216913
v -8.832035 -2.586677 0.216913
v -8.827880 -2.602194 0.216913
v -8.823436 -2.615481 0.216913
v -8.818645 -2.626587 0.216913
v -8.813449 -2.635564 0.216913
v -8.807792 -2.642459 0.216913
v -8.801613 -2.647323 0.216913
v -8.794856 -2.650205 0.216913
v -8.787464 -2.651155 0.216913
v -8.780071 -2.650205 0.216913
v -8.773314 -2.647323 0.216913
v -8.767137 -2.642459 0.216913
v -8.761478 -2.635564 0.216913
v -8.756284 -2.626587 0.216913
v -8.751493 -2.615481 0.216913
v -8.747047 -2.602194 0.216913
v -8.742892 -2.586677 0.216913
v -8.738969 -2.568881 0.216913
v -8.735219 -2.548757 0.216913
v -8.731584 -2.526254 0.216913
v -8.728007 -2.501323 0.216913
v -8.668550 -2.092258 0.216913
v -8.666270 -2.075760 0.216913
v -8.664189 -2.058378 0.216913
v -8.662307 -2.040121 0.216913
v -8.660622 -2.020997 0.216913
v -8.659135 -2.001014 0.216913
v -8.657846 -1.980181 0.216913
v -8.656756 -1.958505 0.216913
v -8.655866 -1.935996 0.216913
v -8.655171 -1.912660 0.216913
v -8.654675 -1.888507 0.216913
v -8.654379 -1.863544 0.216913
v -8.654280 -1.837781 0.216913
v -8.655173 -1.781395 0.216913
v -8.657868 -1.729955 0.216913
v -8.662379 -1.683453 0.216913
v -8.668724 -1.641881 0.216913
v -8.676919 -1.605231 0.216913
v -8.686980 -1.573494 0.216913
v -8.698924 -1.546663 0.216913
v -8.712768 -1.524728 0.216913
v -8.728526 -1.507683 0.216913
v -8.746218 -1.495517 0.216913
v -8.765859 -1.488224 0.216913
v -8.787464 -1.485795 0.216913
v -8.286715 -3.027193 0.216913
v -8.282904 -3.045719 0.216913
v -8.276764 -3.063304 0.216913
v -8.268469 -3.079775 0.216913
v -8.258192 -3.094957 0.216913
v -8.246106 -3.108678 0.216913
v -8.232386 -3.120763 0.216913
v -8.217204 -3.131040 0.216913
v -8.200733 -3.139335 0.216913
v -8.183148 -3.145475 0.216913
v -8.164621 -3.149286 0.216913
v -8.145327 -3.150595 0.216913
v -8.126032 -3.149286 0.216913
v -8.107505 -3.145475 0.216913
v -8.089920 -3.139335 0.216913
v -8.073449 -3.131040 0.216913
v -8.058268 -3.120763 0.216913
v -8.044547 -3.108678 0.216913
v -8.032461 -3.094957 0.216913
v -8.022184 -3.079775 0.216913
v -8.013889 -3.063304 0.216913
v -8.007750 -3.045719 0.216913
v -8.003939 -3.027193 0.216913
v -8.002630 -3.007898 0.216913
v -8.003939 -2.988603 0.216913
v -8.007751 -2.970077 0.216913
v -8.013890 -2.952491 0.216913
v -8.022185 -2.936021 0.216913
v -8.032462 -2.920839 0.216913
v -8.044547 -2.907118 0.216913
v -8.058268 -2.895032 0.216913
v -8.073450 -2.884756 0.216913
v -8.089920 -2.876460 0.216913
v -8.107506 -2.870321 0.216913
v -8.126032 -2.866509 0.216913
v -8.145327 -2.865201 0.216913
v -8.164623 -2.866509 0.216913
v -8.183149 -2.870320 0.216913
v -8.200734 -2.876460 0.216913
v -8.217205 -2.884755 0.216913
v -8.232388 -2.895032 0.216913
v -8.246107 -2.907118 0.216913
v -8.258193 -2.920838 0.216913
v -8.268470 -2.936021 0.216913
v -8.276765 -2.952491 0.216913
v -8.282905 -2.970077 0.216913
v -8.286716 -2.988603 0.216913
v -8.288024 -3.007898 0.216913
v -8.164554 -1.488224 0.216912
v -8.184194 -1.495517 0.216912
v -8.201885 -1.507682 0.216912
v -8.217644 -1.524728 0.216912
v -8.231486 -1.546663 0.216912
v -8.243430 -1.573494 0.216912
v -8.253491 -1.605231 0.216912
v -8.261686 -1.641881 0.216912
v -8.268031 -1.683453 0.216912
v -8.272543 -1.729954 0.216912
v -8.275238 -1.781394 0.216912
v -8.276133 -1.837781 0.216912
v -8.276033 -1.863544 0.216912
v -8.275737 -1.888507 0.216912
v -8.275241 -1.912660 0.216912
v -8.274548 -1.935996 0.216912
v -8.273655 -1.958505 0.216912
v -8.272566 -1.980181 0.216912
v -8.271277 -2.001014 0.216912
v -8.269791 -2.020997 0.216912
v -8.268106 -2.040121 0.216912
v -8.266223 -2.058378 0.216912
v -8.264142 -2.075760 0.216913
v -8.261863 -2.092258 0.216913
v -8.202406 -2.501323 0.216913
v -8.198828 -2.526254 0.216913
v -8.195193 -2.548757 0.216913
v -8.191443 -2.568881 0.216913
v -8.187519 -2.586677 0.216913
v -8.183364 -2.602194 0.216913
v -8.178920 -2.615481 0.216913
v -8.174129 -2.626587 0.216913
v -8.168933 -2.635564 0.216913
v -8.163276 -2.642459 0.216913
v -8.157097 -2.647323 0.216913
v -8.150341 -2.650205 0.216913
v -8.142949 -2.651155 0.216913
v -8.135555 -2.650205 0.216913
v -8.128799 -2.647323 0.216913
v -8.122621 -2.642459 0.216913
v -8.116963 -2.635564 0.216913
v -8.111768 -2.626587 0.216913
v -8.106977 -2.615481 0.216913
v -8.102532 -2.602194 0.216913
v -8.098377 -2.586677 0.216913
v -8.094453 -2.568881 0.216913
v -8.090703 -2.548757 0.216913
v -8.087069 -2.526254 0.216913
v -8.083491 -2.501323 0.216913
v -8.024035 -2.092258 0.216912
v -8.021754 -2.075760 0.216912
v -8.019673 -2.058378 0.216912
v -8.017791 -2.040121 0.216912
v -8.016107 -2.020997 0.216912
v -8.014620 -2.001014 0.216912
v -8.013332 -1.980181 0.216912
v -8.012242 -1.958505 0.216912
v -8.011350 -1.935996 0.216912
v -8.010656 -1.912660 0.216912
v -8.010161 -1.888507 0.216912
v -8.009864 -1.863544 0.216912
v -8.009765 -1.837781 0.216912
v -8.010659 -1.781395 0.216912
v -8.013354 -1.729955 0.216912
v -8.017866 -1.683453 0.216912
v -8.024211 -1.641881 0.216912
v -8.032406 -1.605231 0.216912
v -8.042466 -1.573494 0.216912
v -8.054410 -1.546663 0.216912
v -8.068254 -1.524728 0.216912
v -8.084012 -1.507683 0.216912
v -8.101703 -1.495517 0.216912
v -8.121344 -1.488224 0.216912
v -8.142949 -1.485795 0.216912
v -6.076014 -2.111284 0.216912
v -6.162189 -2.111284 0.216912
v -6.269899 -2.111284 0.216912
v -6.393763 -2.111284 0.216912
v -6.528395 -2.111284 0.216912
v -6.668411 -2.111284 0.216912
v -6.808427 -2.111284 0.216912
v -6.943059 -2.111284 0.216912
v -7.066923 -2.111284 0.216912
v -7.174634 -2.111284 0.216912
v -7.260809 -2.111284 0.216912
v -7.320062 -2.111284 0.216912
v -7.349097 -2.111141 0.216912
v -7.376745 -2.110734 0.216912
v -7.403005 -2.110095 0.216912
v -7.427877 -2.109258 0.216912
v -7.451364 -2.108256 0.216912
v -7.473462 -2.107122 0.216912
v -7.494172 -2.105889 0.216912
v -7.513496 -2.104589 0.216912
v -7.531432 -2.103257 0.216912
v -7.547981 -2.101925 0.216912
v -7.563143 -2.100626 0.216912
v -7.576917 -2.099393 0.216912
v -7.576917 -2.332465 0.216912
v -7.563962 -2.331731 0.216912
v -7.548984 -2.330758 0.216912
v -7.532139 -2.329603 0.216912
v -7.513584 -2.328325 0.216912
v -7.493478 -2.326980 0.216912
v -7.471975 -2.325627 0.216912
v -7.449234 -2.324324 0.216912
v -7.425412 -2.323128 0.216912
v -7.400663 -2.322097 0.216912
v -7.375148 -2.321289 0.216912
v -7.349021 -2.320762 0.216912
v -7.322440 -2.320573 0.216912
v -7.262686 -2.320573 0.216912
v -7.176176 -2.320573 0.216912
v -7.068261 -2.320573 0.216912
v -6.944293 -2.320573 0.216912
v -6.809623 -2.320573 0.216912
v -6.669601 -2.320573 0.216912
v -6.529579 -2.320573 0.216912
v -6.394909 -2.320573 0.216912
v -6.270941 -2.320573 0.216912
v -6.163026 -2.320573 0.216912
v -6.076515 -2.320573 0.216912
v -6.016761 -2.320573 0.216912
v -5.984186 -2.320671 0.216912
v -5.951975 -2.320959 0.216912
v -5.920292 -2.321428 0.216912
v -5.889303 -2.322071 0.216912
v -5.859172 -2.322878 0.216912
v -5.830066 -2.323843 0.216912
v -5.802148 -2.324957 0.216912
v -5.775585 -2.326210 0.216912
v -5.750542 -2.327596 0.216912
v -5.727183 -2.329106 0.216912
v -5.705674 -2.330732 0.216912
v -5.686179 -2.332465 0.216912
v -5.686179 -2.099393 0.216912
v -5.705129 -2.100626 0.216912
v -5.726192 -2.101925 0.216912
v -5.749204 -2.103257 0.216912
v -5.773999 -2.104589 0.216912
v -5.800414 -2.105889 0.216912
v -5.828281 -2.107122 0.216912
v -5.857437 -2.108256 0.216912
v -5.887717 -2.109258 0.216912
v -5.918954 -2.110095 0.216912
v -5.950984 -2.110734 0.216912
v -5.983641 -2.111141 0.216912
v -6.016761 -2.111284 0.216912
v -4.478010 -2.922279 0.216912
v -4.487567 -2.867178 0.216912
v -4.498181 -2.803134 0.216912
v -4.509522 -2.732203 0.216912
v -4.521259 -2.656440 0.216912
v -4.533063 -2.577903 0.216912
v -4.544601 -2.498647 0.216912
v -4.555547 -2.420730 0.216912
v -4.565566 -2.346206 0.216912
v -4.574330 -2.277132 0.216912
v -4.581510 -2.215565 0.216912
v -4.586773 -2.163561 0.216912
v -4.589789 -2.123175 0.216912
v -4.545205 -2.123175 0.216912
v -4.487193 -2.123175 0.216912
v -4.418777 -2.123175 0.216912
v -4.342977 -2.123175 0.216912
v -4.262816 -2.123175 0.216912
v -4.181319 -2.123175 0.216912
v -4.101506 -2.123175 0.216912
v -4.026400 -2.123175 0.216912
v -3.959023 -2.123175 0.216912
v -3.902399 -2.123175 0.216912
v -3.859549 -2.123175 0.216912
v -3.833495 -2.123175 0.216912
v -3.816398 -2.123271 0.216912
v -3.799582 -2.123539 0.216912
v -3.783030 -2.123956 0.216912
v -3.766727 -2.124497 0.216912
v -3.750654 -2.125137 0.216912
v -3.734796 -2.125851 0.216912
v -3.719136 -2.126615 0.216912
v -3.703658 -2.127403 0.216912
v -3.688345 -2.128192 0.216912
v -3.673181 -2.128956 0.216912
v -3.658149 -2.129670 0.216912
v -3.643232 -2.130310 0.216912
v -3.643232 -1.930534 0.216912
v -3.657784 -1.932314 0.216912
v -3.672839 -1.934069 0.216912
v -3.688308 -1.935774 0.216912
v -3.704098 -1.937405 0.216912
v -3.720120 -1.938937 0.216912
v -3.736282 -1.940345 0.216912
v -3.752494 -1.941604 0.216912
v -3.768664 -1.942690 0.216912
v -3.784703 -1.943578 0.216912
v -3.800518 -1.944242 0.216912
v -3.816020 -1.944659 0.216912
v -3.831117 -1.944804 0.216912
v -3.862329 -1.944804 0.216912
v -3.907794 -1.944804 0.216912
v -3.964821 -1.944804 0.216912
v -4.030716 -1.944804 0.216912
v -4.102789 -1.944804 0.216912
v -4.178347 -1.944804 0.216912
v -4.254697 -1.944804 0.216912
v -4.329147 -1.944804 0.216912
v -4.399007 -1.944804 0.216912
v -4.461582 -1.944804 0.216912
v -4.514183 -1.944804 0.216912
v -4.554115 -1.944804 0.216912
v -4.564039 -1.944658 0.216912
v -4.574650 -1.944231 0.216912
v -4.585738 -1.943541 0.216912
v -4.597100 -1.942602 0.216912
v -4.608528 -1.941432 0.216912
v -4.619815 -1.940047 0.216912
v -4.630755 -1.938465 0.216912
v -4.641143 -1.936700 0.216912
v -4.650770 -1.934771 0.216912
v -4.659431 -1.932692 0.216912
v -4.666921 -1.930482 0.216912
v -4.673030 -1.928156 0.216912
v -4.818105 -1.997126 0.216912
v -4.816324 -2.003210 0.216912
v -4.814560 -2.009524 0.216912
v -4.812828 -2.016004 0.216912
v -4.811146 -2.022583 0.216912
v -4.809530 -2.029195 0.216912
v -4.807997 -2.035774 0.216912
v -4.806562 -2.042253 0.216912
v -4.805244 -2.048568 0.216912
v -4.804058 -2.054651 0.216912
v -4.803020 -2.060437 0.216912
v -4.802148 -2.065860 0.216912
v -4.801457 -2.070853 0.216912
v -4.795710 -2.117446 0.216912
v -4.788178 -2.175046 0.216912
v -4.779161 -2.241681 0.216912
v -4.768954 -2.315376 0.216912
v -4.757855 -2.394158 0.216912
v -4.746162 -2.476054 0.216912
v -4.734172 -2.559089 0.216912
v -4.722181 -2.641289 0.216912
v -4.710488 -2.720683 0.216912
v -4.699389 -2.795294 0.216912
v -4.689182 -2.863151 0.216912
v -4.680164 -2.922279 0.216912
v -4.913237 -2.922279 0.216912
v -4.926971 -2.922230 0.216912
v -4.941854 -2.922081 0.216912
v -4.957644 -2.921834 0.216912
v -4.974104 -2.921487 0.216912
v -4.990993 -2.921041 0.216912
v -5.008071 -2.920496 0.216912
v -5.025101 -2.919852 0.216912
v -5.041841 -2.919108 0.216912
v -5.058052 -2.918266 0.216912
v -5.073496 -2.917325 0.216912
v -5.087932 -2.916284 0.216912
v -5.101121 -2.915145 0.216912
v -5.101121 -3.107786 0.216912
v -5.089525 -3.107193 0.216912
v -5.076336 -3.106608 0.216912
v -5.061843 -3.106039 0.216912
v -5.046332 -3.105495 0.216912
v -5.030096 -3.104985 0.216912
v -5.013422 -3.104516 0.216912
v -4.996600 -3.104096 0.216912
v -4.979918 -3.103734 0.216912
v -4.963664 -3.103438 0.216912
v -4.948129 -3.103216 0.216912
v -4.933601 -3.103077 0.216912
v -4.920371 -3.103029 0.216912
v -4.868475 -3.103029 0.216912
v -4.784852 -3.103029 0.216912
v -4.675927 -3.103029 0.216912
v -4.548125 -3.103029 0.216912
v -4.407870 -3.103029 0.216912
v -4.261586 -3.103029 0.216912
v -4.115699 -3.103029 0.216912
v -3.976633 -3.103029 0.216912
v -3.850812 -3.103029 0.216912
v -3.744662 -3.103029 0.216912
v -3.664606 -3.103029 0.216912
v -3.617071 -3.103029 0.216912
v -3.599017 -3.103079 0.216912
v -3.581640 -3.103227 0.216912
v -3.564823 -3.103475 0.216912
v -3.548453 -3.103822 0.216912
v -3.532413 -3.104268 0.216912
v -3.516588 -3.104813 0.216912
v -3.500862 -3.105457 0.216912
v -3.485120 -3.106200 0.216912
v -3.469246 -3.107043 0.216912
v -3.453123 -3.107984 0.216912
v -3.436638 -3.109025 0.216912
v -3.419673 -3.110164 0.216912
v -3.419673 -2.912766 0.216912
v -3.434185 -2.913953 0.216912
v -3.449159 -2.915123 0.216912
v -3.464564 -2.916260 0.216912
v -3.480364 -2.917347 0.216912
v -3.496527 -2.918368 0.216912
v -3.513021 -2.919307 0.216912
v -3.529812 -2.920146 0.216912
v -3.546868 -2.920870 0.216912
v -3.564154 -2.921462 0.216912
v -3.581639 -2.921905 0.216912
v -3.599289 -2.922183 0.216912
v -3.617071 -2.922279 0.216912
v -1.821465 -2.051827 0.216912
v -1.821465 -1.618979 0.216912
v -1.760885 -1.624585 0.216912
v -1.699512 -1.629538 0.216912
v -1.637743 -1.633880 0.216912
v -1.575973 -1.637653 0.216912
v -1.514600 -1.640897 0.216912
v -1.454020 -1.643654 0.216912
v -1.394629 -1.645964 0.216912
v -1.336823 -1.647871 0.216912
v -1.281000 -1.649413 0.216912
v -1.227554 -1.650634 0.216912
v -1.176884 -1.651574 0.216912
v -1.129384 -1.652275 0.216912
v -1.081818 -1.476282 0.216912
v -1.130607 -1.477714 0.216912
v -1.185935 -1.478429 0.216912
v -1.246812 -1.478400 0.216912
v -1.312248 -1.477603 0.216912
v -1.381252 -1.476013 0.216912
v -1.452831 -1.473606 0.216912
v -1.525997 -1.470357 0.216912
v -1.599756 -1.466240 0.216912
v -1.673120 -1.461232 0.216912
v -1.745096 -1.455307 0.216912
v -1.814694 -1.448440 0.216912
v -1.880923 -1.440607 0.216912
v -1.936234 -1.432352 0.216912
v -1.993428 -1.423123 0.216912
v -2.051713 -1.413034 0.216912
v -2.110295 -1.402202 0.216912
v -2.168381 -1.390743 0.216912
v -2.225179 -1.378772 0.216912
v -2.279896 -1.366404 0.216912
v -2.331739 -1.353756 0.216912
v -2.379916 -1.340942 0.216912
v -2.423634 -1.328079 0.216912
v -2.462099 -1.315282 0.216912
v -2.494520 -1.302667 0.216912
v -2.620569 -1.466769 0.216912
v -2.607593 -1.470286 0.216912
v -2.594848 -1.473705 0.216912
v -2.582368 -1.477025 0.216912
v -2.570184 -1.480246 0.216912
v -2.558332 -1.483367 0.216912
v -2.546842 -1.486389 0.216912
v -2.535749 -1.489313 0.216912
v -2.525085 -1.492137 0.216912
v -2.514884 -1.494862 0.216912
v -2.505178 -1.497488 0.216912
v -2.496001 -1.500015 0.216912
v -2.487385 -1.502443 0.216912
v -2.456363 -1.510263 0.216912
v -2.422929 -1.518232 0.216912
v -2.387348 -1.526300 0.216912
v -2.349885 -1.534418 0.216912
v -2.310803 -1.542535 0.216912
v -2.270366 -1.550603 0.216912
v -2.228840 -1.558572 0.216912
v -2.186488 -1.566392 0.216912
v -2.143574 -1.574014 0.216912
v -2.100363 -1.581389 0.216912
v -2.057119 -1.588466 0.216912
v -2.014107 -1.595196 0.216912
v -2.014107 -2.051827 0.216912
v -2.670513 -2.051827 0.216912
v -2.684247 -2.051731 0.216912
v -2.699130 -2.051452 0.216912
v -2.714920 -2.051009 0.216912
v -2.731380 -2.050417 0.216912
v -2.748269 -2.049694 0.216912
v -2.765347 -2.048854 0.216912
v -2.782377 -2.047915 0.216912
v -2.799117 -2.046894 0.216912
v -2.815329 -2.045807 0.216912
v -2.830772 -2.044670 0.216912
v -2.845209 -2.043500 0.216912
v -2.858398 -2.042314 0.216912
v -2.858398 -2.239712 0.216912
v -2.844940 -2.238525 0.216912
v -2.830795 -2.237355 0.216912
v -2.816072 -2.236218 0.216912
v -2.800879 -2.235131 0.216912
v -2.785323 -2.234110 0.216912
v -2.769510 -2.233171 0.216912
v -2.753549 -2.232332 0.216912
v -2.737546 -2.231608 0.216912
v -2.721610 -2.231016 0.216912
v -2.705846 -2.230573 0.216912
v -2.690364 -2.230295 0.216912
v -2.675270 -2.230198 0.216912
v -2.011728 -2.230198 0.216912
v -2.002065 -2.338690 0.216912
v -1.985952 -2.441921 0.216912
v -1.963084 -2.540082 0.216912
v -1.933156 -2.633362 0.216912
v -1.895862 -2.721951 0.216912
v -1.850896 -2.806041 0.216912
v -1.797953 -2.885819 0.216912
v -1.736727 -2.961477 0.216912
v -1.666914 -3.033204 0.216912
v -1.588206 -3.101190 0.216912
v -1.500299 -3.165626 0.216912
v -1.402887 -3.226700 0.216912
v -1.215003 -3.095894 0.216912
v -1.305234 -3.050520 0.216912
v -1.388067 -3.001049 0.216912
v -1.463533 -2.947251 0.216912
v -1.531667 -2.888895 0.216912
v -1.592500 -2.825750 0.216912
v -1.646067 -2.757583 0.216912
v -1.692399 -2.684165 0.216912
v -1.731531 -2.605263 0.216912
v -1.763495 -2.520647 0.216912
v -1.788324 -2.430084 0.216912
v -1.806051 -2.333345 0.216912
v -1.816709 -2.230198 0.216912
v -1.110358 -2.230198 0.216912
v -1.091249 -2.230295 0.216912
v -1.072041 -2.230573 0.216912
v -1.052833 -2.231016 0.216912
v -1.033724 -2.231608 0.216912
v -1.014813 -2.232332 0.216912
v -0.996200 -2.233171 0.216912
v -0.977983 -2.234110 0.216912
v -0.960262 -2.235131 0.216912
v -0.943135 -2.236218 0.216912
v -0.926701 -2.237355 0.216912
v -0.911061 -2.238525 0.216912
v -0.896312 -2.239712 0.216912
v -0.896312 -2.042314 0.216912
v -0.910558 -2.043500 0.216912
v -0.925853 -2.044670 0.216912
v -0.942057 -2.045807 0.216912
v -0.959028 -2.046894 0.216912
v -0.976627 -2.047915 0.216912
v -0.994714 -2.048854 0.216912
v -1.013147 -2.049694 0.216912
v -1.031786 -2.050417 0.216912
v -1.050492 -2.051009 0.216912
v -1.069123 -2.051453 0.216912
v -1.087540 -2.051731 0.216912
v -1.105601 -2.051827 0.216912
v 0.969359 -1.852304 0.216912
v 0.936003 -1.789665 0.216912
v 0.897064 -1.727191 0.216912
v 0.852873 -1.666104 0.216912
v 0.803760 -1.607627 0.216912
v 0.750056 -1.552981 0.216912
v 0.692091 -1.503390 0.216912
v 0.630195 -1.460074 0.216912
v 0.564698 -1.424257 0.216912
v 0.495932 -1.397160 0.216912
v 0.424225 -1.380005 0.216912
v 0.349910 -1.374015 0.216912
v 0.272793 -1.380528 0.216912
v 0.199913 -1.399758 0.216912
v 0.131739 -1.431243 0.216912
v 0.068743 -1.474520 0.216912
v 0.011396 -1.529127 0.216912
v -0.039832 -1.594601 0.216912
v -0.084470 -1.670481 0.216912
v -0.122048 -1.756303 0.216912
v -0.152094 -1.851605 0.216912
v -0.174139 -1.955925 0.216912
v -0.187711 -2.068800 0.216912
v -0.192340 -2.189767 0.216912
v -0.183856 -2.347438 0.216912
v -0.158956 -2.490301 0.216912
v -0.118464 -2.619011 0.216912
v -0.063208 -2.734219 0.216912
v 0.005988 -2.836577 0.216912
v 0.088298 -2.926739 0.216912
v 0.182896 -3.005356 0.216912
v 0.288955 -3.073081 0.216912
v 0.405651 -3.130565 0.216912
v 0.532157 -3.178463 0.216912
v 0.667647 -3.217425 0.216912
v 0.811297 -3.248105 0.216912
v 0.923076 -3.076868 0.216912
v 0.796552 -3.054873 0.216912
v 0.675702 -3.026362 0.216912
v 0.561540 -2.990469 0.216912
v 0.455083 -2.946326 0.216912
v 0.357346 -2.893067 0.216912
v 0.269345 -2.829823 0.216912
v 0.192096 -2.755729 0.216912
v 0.126615 -2.669917 0.216912
v 0.073917 -2.571519 0.216912
v 0.035018 -2.459670 0.216912
v 0.010934 -2.333501 0.216912
v 0.002680 -2.192146 0.216912
v 0.005351 -2.100480 0.216912
v 0.013349 -2.013752 0.216912
v 0.026649 -1.932541 0.216912
v 0.045225 -1.857424 0.216912
v 0.069053 -1.788980 0.216912
v 0.098109 -1.727785 0.216912
v 0.132367 -1.674420 0.216912
v 0.171802 -1.629461 0.216912
v 0.216391 -1.593487 0.216912
v 0.266108 -1.567075 0.216912
v 0.320928 -1.550804 0.216912
v 0.380827 -1.545252 0.216912
v 0.454572 -1.553949 0.216912
v 0.526640 -1.578757 0.216912
v 0.596248 -1.617753 0.216912
v 0.662610 -1.669011 0.216912
v 0.724942 -1.730608 0.216912
v 0.782460 -1.800620 0.216912
v 0.834379 -1.877123 0.216912
v 0.879915 -1.958193 0.216912
v 0.918283 -2.041905 0.216912
v 0.948698 -2.126335 0.216912
v 0.970376 -2.209560 0.216912
v 0.982534 -2.289655 0.216912
v 0.985210 -2.312625 0.216912
v 0.987301 -2.335272 0.216912
v 0.988814 -2.357771 0.216912
v 0.989756 -2.380295 0.216912
v 0.990138 -2.403016 0.216912
v 0.989966 -2.426110 0.216912
v 0.989249 -2.449748 0.216912
v 0.987995 -2.474105 0.216912
v 0.986212 -2.499353 0.216912
v 0.983910 -2.525667 0.216912
v 0.981095 -2.553220 0.216912
v 0.977777 -2.582185 0.216912
v 1.160905 -2.596454 0.216912
v 1.163918 -2.572981 0.216912
v 1.166972 -2.547799 0.216912
v 1.170009 -2.520981 0.216912
v 1.172973 -2.492603 0.216912
v 1.175804 -2.462738 0.216912
v 1.178445 -2.431461 0.216912
v 1.180838 -2.398846 0.216912
v 1.182926 -2.364968 0.216912
v 1.184651 -2.329901 0.216912
v 1.185954 -2.293718 0.216912
v 1.186778 -2.256496 0.216912
v 1.187066 -2.218307 0.216912
v 1.186160 -2.159409 0.216912
v 1.183587 -2.096332 0.216912
v 1.179560 -2.030051 0.216912
v 1.174294 -1.961540 0.216912
v 1.168004 -1.891774 0.216912
v 1.160905 -1.821728 0.216912
v 1.153211 -1.752375 0.216912
v 1.145138 -1.684690 0.216912
v 1.136899 -1.619648 0.216912
v 1.128710 -1.558223 0.216912
v 1.120785 -1.501389 0.216912
v 1.113339 -1.450121 0.216912
v 1.111057 -1.432334 0.216912
v 1.108957 -1.414655 0.216912
v 1.107022 -1.397092 0.216912
v 1.105235 -1.379653 0.216912
v 1.103581 -1.362346 0.216912
v 1.102042 -1.345179 0.216912
v 1.100603 -1.328161 0.216912
v 1.099246 -1.311299 0.216912
v 1.097955 -1.294603 0.216912
v 1.096713 -1.278080 0.216912
v 1.095505 -1.261739 0.216912
v 1.094313 -1.245588 0.216912
v 0.885024 -1.252723 0.216912
v 0.897442 -1.299024 0.216912
v 0.909654 -1.350420 0.216912
v 0.921553 -1.405862 0.216912
v 0.933030 -1.464302 0.216912
v 0.943979 -1.524691 0.216912
v 0.954291 -1.585980 0.216912
v 0.963861 -1.647120 0.216912
v 0.972580 -1.707064 0.216912
v 0.980341 -1.764760 0.216912
v 0.987037 -1.819162 0.216912
v 0.992560 -1.869220 0.216912
v 0.996803 -1.913886 0.216912
v 2.121732 -1.618979 0.216912
v 2.131031 -1.592622 0.216912
v 2.141023 -1.564895 0.216912
v 2.151609 -1.536110 0.216912
v 2.162692 -1.506583 0.216912
v 2.174170 -1.476626 0.216912
v 2.185946 -1.446553 0.216912
v 2.197920 -1.416679 0.216912
v 2.209993 -1.387316 0.216912
v 2.222066 -1.358780 0.216912
v 2.234040 -1.331383 0.216912
v 2.245816 -1.305439 0.216912
v 2.257295 -1.281262 0.216912
v 2.140759 -1.245588 0.216912
v 2.129641 -1.268261 0.216912
v 2.117812 -1.293198 0.216912
v 2.105456 -1.319984 0.216912
v 2.092752 -1.348207 0.216912
v 2.079884 -1.377453 0.216912
v 2.067032 -1.407311 0.216912
v 2.054378 -1.437368 0.216912
v 2.042104 -1.467209 0.216912
v 2.030391 -1.496423 0.216912
v 2.019422 -1.524596 0.216912
v 2.009377 -1.551316 0.216912
v 2.000440 -1.576170 0.216912
v 1.879147 -1.542874 0.216912
v 1.888948 -1.516066 0.216912
v 1.899285 -1.488151 0.216912
v 1.910102 -1.459411 0.216912
v 1.921340 -1.430125 0.216912
v 1.932941 -1.400576 0.216912
v 1.944847 -1.371043 0.216912
v 1.957002 -1.341807 0.216912
v 1.969346 -1.313149 0.216912
v 1.981822 -1.285350 0.216912
v 1.994373 -1.258691 0.216912
v 2.006940 -1.233452 0.216912
v 2.019466 -1.209914 0.216912
v 1.902930 -1.171861 0.216912
v 1.891264 -1.194988 0.216912
v 1.878971 -1.220121 0.216912
v 1.866215 -1.246889 0.216912
v 1.853162 -1.274920 0.216912
v 1.839977 -1.303844 0.216912
v 1.826825 -1.333287 0.216912
v 1.813871 -1.362880 0.216912
v 1.801280 -1.392249 0.216912
v 1.789218 -1.421024 0.216912
v 1.777850 -1.448832 0.216912
v 1.767340 -1.475303 0.216912
v 1.757854 -1.500064 0.216912
v 2.806783 -2.678881 0.216912
v 2.847352 -2.683493 0.216912
v 2.885311 -2.691028 0.216912
v 2.920396 -2.701363 0.216912
v 2.952343 -2.714374 0.216912
v 2.980888 -2.729936 0.216912
v 3.005766 -2.747926 0.216912
v 3.026714 -2.768219 0.216912
v 3.043467 -2.790693 0.216912
v 3.055760 -2.815224 0.216912
v 3.063330 -2.841686 0.216912
v 3.065912 -2.869957 0.216912
v 3.063473 -2.899087 0.216912
v 3.056310 -2.925814 0.216912
v 3.044656 -2.950113 0.216912
v 3.028740 -2.971959 0.216912
v 3.008794 -2.991328 0.216912
v 2.985050 -3.008195 0.216912
v 2.957738 -3.022535 0.216912
v 2.927090 -3.034323 0.216912
v 2.893337 -3.043535 0.216912
v 2.856711 -3.050145 0.216912
v 2.817441 -3.054130 0.216912
v 2.775761 -3.055464 0.216912
v 2.728693 -3.053406 0.216912
v 2.687192 -3.047327 0.216912
v 2.650975 -3.037366 0.216912
v 2.619763 -3.023665 0.216912
v 2.593274 -3.006363 0.216912
v 2.571228 -2.985601 0.216912
v 2.553344 -2.961520 0.216912
v 2.539341 -2.934259 0.216912
v 2.528939 -2.903959 0.216912
v 2.521857 -2.870761 0.216912
v 2.517813 -2.834805 0.216912
v 2.516528 -2.796230 0.216912
v 2.518906 -2.715369 0.216912
v 2.538078 -2.709124 0.216912
v 2.557531 -2.703466 0.216912
v 2.577249 -2.698386 0.216912
v 2.597213 -2.693876 0.216912
v 2.617409 -2.689927 0.216912
v 2.637820 -2.686532 0.216912
v 2.658429 -2.683681 0.216912
v 2.679220 -2.681368 0.216912
v 2.700176 -2.679583 0.216912
v 2.721281 -2.678318 0.216912
v 2.742517 -2.677565 0.216912
v 2.763869 -2.677316 0.216912
v 2.363032 -1.483785 0.216912
v 2.363943 -1.502619 0.216912
v 2.364689 -1.523104 0.216912
v 2.365286 -1.545076 0.216912
v 2.365752 -1.568369 0.216912
v 2.366101 -1.592818 0.216912
v 2.366352 -1.618258 0.216912
v 2.366520 -1.644523 0.216912
v 2.366621 -1.671450 0.216912
v 2.366674 -1.698872 0.216912
v 2.366693 -1.726624 0.216912
v 2.366696 -1.754541 0.216912
v 2.330531 -1.751421 0.216912
v 2.294598 -1.748012 0.216912
v 2.258930 -1.744322 0.216912
v 2.223558 -1.740360 0.216912
v 2.188517 -1.736133 0.216912
v 2.153839 -1.731650 0.216912
v 2.119558 -1.726920 0.216912
v 2.085706 -1.721950 0.216912
v 2.052316 -1.716749 0.216912
v 2.019422 -1.711325 0.216912
v 1.987056 -1.705686 0.216912
v 1.955252 -1.699841 0.216912
v 1.955252 -1.882969 0.216912
v 1.988101 -1.888172 0.216912
v 2.021239 -1.893087 0.216912
v 2.054657 -1.897721 0.216912
v 2.088348 -1.902083 0.216912
v 2.122303 -1.906180 0.216912
v 2.156515 -1.910022 0.216912
v 2.190974 -1.913615 0.216912
v 2.225672 -1.916969 0.216912
v 2.260602 -1.920092 0.216912
v 2.295755 -1.922992 0.216912
v 2.331122 -1.925677 0.216912
v 2.366696 -1.928156 0.216912
v 2.365816 -1.988137 0.216912
v 2.364416 -2.047896 0.216912
v 2.362571 -2.107308 0.216912
v 2.360353 -2.166249 0.216912
v 2.357839 -2.224595 0.216912
v 2.355102 -2.282223 0.216912
v 2.352215 -2.339009 0.216912
v 2.349255 -2.394829 0.216912
v 2.346294 -2.449558 0.216912
v 2.343408 -2.503073 0.216912
v 2.340671 -2.555251 0.216912
v 2.338156 -2.605968 0.216912
v 2.290832 -2.625857 0.216912
v 2.245150 -2.647356 0.216912
v 2.201070 -2.670293 0.216912
v 2.158552 -2.694493 0.216912
v 2.117552 -2.719782 0.216912
v 2.078031 -2.745989 0.216912
v 2.039947 -2.772939 0.216912
v 2.003258 -2.800458 0.216912
v 1.967924 -2.828374 0.216912
v 1.933903 -2.856513 0.216912
v 1.901153 -2.884702 0.216912
v 1.869634 -2.912766 0.216912
v 1.971900 -3.072112 0.216912
v 2.001630 -3.044519 0.216912
v 2.031369 -3.017653 0.216912
v 2.061123 -2.991547 0.216912
v 2.090903 -2.966234 0.216912
v 2.120715 -2.941746 0.216912
v 2.150569 -2.918118 0.216912
v 2.180472 -2.895381 0.216912
v 2.210433 -2.873569 0.216912
v 2.240461 -2.852715 0.216912
v 2.270562 -2.832851 0.216912
v 2.300746 -2.814013 0.216912
v 2.331021 -2.796230 0.216912
v 2.331021 -2.843796 0.216912
v 2.332985 -2.892391 0.216912
v 2.339202 -2.940227 0.216912
v 2.350159 -2.986642 0.216912
v 2.366343 -3.030976 0.216912
v 2.388242 -3.072568 0.216912
v 2.416342 -3.110759 0.216912
v 2.451132 -3.144886 0.216912
v 2.493097 -3.174290 0.216912
v 2.542726 -3.198309 0.216912
v 2.600505 -3.216284 0.216912
v 2.666923 -3.227553 0.216912
v 2.742465 -3.231457 0.216912
v 2.819098 -3.228759 0.216912
v 2.889588 -3.220776 0.216912
v 2.953835 -3.207674 0.216912
v 3.011740 -3.189616 0.216912
v 3.063203 -3.166770 0.216912
v 3.108126 -3.139298 0.216912
v 3.146410 -3.107368 0.216912
v 3.177955 -3.071143 0.216912
v 3.202663 -3.030789 0.216912
v 3.220434 -2.986471 0.216912
v 3.231169 -2.938355 0.216912
v 3.234770 -2.886605 0.216912
v 3.231127 -2.838119 0.216912
v 3.220291 -2.791639 0.216912
v 3.202403 -2.747587 0.216912
v 3.177603 -2.706384 0.216912
v 3.146032 -2.668451 0.216912
v 3.107829 -2.634210 0.216912
v 3.063136 -2.604081 0.216912
v 3.012092 -2.578485 0.216912
v 2.954838 -2.557844 0.216912
v 2.891515 -2.542580 0.216912
v 2.822263 -2.533112 0.216912
v 2.747221 -2.529862 0.216912
v 2.727700 -2.530011 0.216912
v 2.708376 -2.530457 0.216912
v 2.689250 -2.531200 0.216912
v 2.670323 -2.532241 0.216912
v 2.651594 -2.533578 0.216912
v 2.633064 -2.535213 0.216912
v 2.614731 -2.537146 0.216912
v 2.596597 -2.539376 0.216912
v 2.578660 -2.541902 0.216912
v 2.560922 -2.544727 0.216912
v 2.543383 -2.547848 0.216912
v 2.526041 -2.551267 0.216912
v 2.527962 -2.504494 0.216912
v 2.530115 -2.455937 0.216912
v 2.532433 -2.405894 0.216912
v 2.534849 -2.354662 0.216912
v 2.537299 -2.302538 0.216912
v 2.539716 -2.249819 0.216912
v 2.542034 -2.196803 0.216912
v 2.544186 -2.143787 0.216912
v 2.546108 -2.091069 0.216912
v 2.547732 -2.038944 0.216912
v 2.548992 -1.987712 0.216912
v 2.549824 -1.937669 0.216912
v 2.778139 -1.942426 0.216912
v 2.811798 -1.942327 0.216912
v 2.845061 -1.942029 0.216912
v 2.878027 -1.941534 0.216912
v 2.910794 -1.940840 0.216912
v 2.943463 -1.939948 0.216911
v 2.976131 -1.938858 0.216911
v 3.008899 -1.937570 0.216911
v 3.041864 -1.936084 0.216911
v 3.075128 -1.934399 0.216911
v 3.108787 -1.932516 0.216911
v 3.142942 -1.930435 0.216911
v 3.177691 -1.928156 0.216911
v 3.177691 -1.749784 0.216911
v 3.143939 -1.752657 0.216911
v 3.110427 -1.755323 0.216911
v 3.077097 -1.757774 0.216911
v 3.043890 -1.760002 0.216911
v 3.010750 -1.761999 0.216911
v 2.977618 -1.763757 0.216911
v 2.944436 -1.765267 0.216911
v 2.911147 -1.766521 0.216911
v 2.877692 -1.767510 0.216911
v 2.844015 -1.768227 0.216911
v 2.810057 -1.768664 0.216912
v 2.775761 -1.768811 0.216912
v 2.549824 -1.764054 0.216912
v 2.549824 -1.469147 0.216912
v 2.549920 -1.458570 0.216912
v 2.550198 -1.447159 0.216912
v 2.550641 -1.435071 0.216912
v 2.551233 -1.422462 0.216912
v 2.551957 -1.409490 0.216912
v 2.552796 -1.396312 0.216912
v 2.553735 -1.383084 0.216912
v 2.554756 -1.369964 0.216912
v 2.555844 -1.357107 0.216912
v 2.556981 -1.344672 0.216912
v 2.558150 -1.332815 0.216912
v 2.559337 -1.321693 0.216912
v 2.345291 -1.321693 0.216912
v 2.347572 -1.334131 0.216912
v 2.349663 -1.346478 0.216912
v 2.351572 -1.358742 0.216912
v 2.353307 -1.370932 0.216912
v 2.354877 -1.383057 0.216912
v 2.356291 -1.395123 0.216912
v 2.357556 -1.407139 0.216912
v 2.358680 -1.419115 0.216912
v 2.359673 -1.431057 0.216912
v 2.360541 -1.442975 0.216912
v 2.361294 -1.454876 0.216912
v 2.361939 -1.466769 0.216912
v 3.572927 -1.557966 0.216911
v 3.585919 -1.627149 0.216911
v 3.599242 -1.703631 0.216911
v 3.612565 -1.785811 0.216911
v 3.625558 -1.872087 0.216911
v 3.637890 -1.960857 0.216911
v 3.649230 -2.050519 0.216911
v 3.659250 -2.139471 0.216911
v 3.667618 -2.226110 0.216911
v 3.674004 -2.308836 0.216911
v 3.678078 -2.386045 0.216911
v 3.679509 -2.456136 0.216911
v 3.679360 -2.484942 0.216911
v 3.678904 -2.513170 0.216911
v 3.678135 -2.540936 0.216911
v 3.677043 -2.568355 0.216911
v 3.675621 -2.595543 0.216911
v 3.673861 -2.622615 0.216911
v 3.671754 -2.649688 0.216911
v 3.669291 -2.676876 0.216911
v 3.666466 -2.704295 0.216911
v 3.663269 -2.732061 0.216911
v 3.659692 -2.760289 0.216911
v 3.655726 -2.789095 0.216911
v 3.645838 -2.761052 0.216911
v 3.635280 -2.731818 0.216911
v 3.624177 -2.701694 0.216911
v 3.612653 -2.670974 0.216911
v 3.600832 -2.639957 0.216911
v 3.588838 -2.608940 0.216911
v 3.576793 -2.578221 0.216911
v 3.564824 -2.548096 0.216911
v 3.553052 -2.518863 0.216911
v 3.541602 -2.490819 0.216911
v 3.530598 -2.464261 0.216911
v 3.520164 -2.439487 0.216911
v 3.422655 -2.515593 0.216911
v 3.437515 -2.558182 0.216911
v 3.453341 -2.603413 0.216911
v 3.469811 -2.650560 0.216911
v 3.486604 -2.698897 0.216911
v 3.503397 -2.747696 0.216911
v 3.519867 -2.796230 0.216911
v 3.535693 -2.843774 0.216911
v 3.550553 -2.889600 0.216911
v 3.564125 -2.932982 0.216911
v 3.576087 -2.973192 0.216911
v 3.586116 -3.009505 0.216911
v 3.593891 -3.041194 0.216911
v 3.595577 -3.049749 0.216911
v 3.597073 -3.058701 0.216911
v 3.598387 -3.067949 0.216911
v 3.599528 -3.077396 0.216911
v 3.600504 -3.086943 0.216911
v 3.601323 -3.096489 0.216911
v 3.601994 -3.105936 0.216911
v 3.602524 -3.115185 0.216911
v 3.602921 -3.124136 0.216911
v 3.603195 -3.132692 0.216911
v 3.603353 -3.140751 0.216911
v 3.603404 -3.148217 0.216911
v 3.602809 -3.153851 0.216911
v 3.602215 -3.159998 0.216911
v 3.601620 -3.166574 0.216911
v 3.601026 -3.173497 0.216911
v 3.600431 -3.180684 0.216911
v 3.599837 -3.188053 0.216911
v 3.599242 -3.195521 0.216911
v 3.598648 -3.203005 0.216911
v 3.598053 -3.210424 0.216911
v 3.597459 -3.217693 0.216911
v 3.596864 -3.224732 0.216911
v 3.596269 -3.231457 0.216911
v 3.762750 -3.243348 0.216911
v 3.774520 -3.198719 0.216911
v 3.785960 -3.150506 0.216911
v 3.796938 -3.098793 0.216911
v 3.807320 -3.043660 0.216911
v 3.816977 -2.985191 0.216911
v 3.825774 -2.923468 0.216911
v 3.833581 -2.858575 0.216911
v 3.840264 -2.790593 0.216911
v 3.845692 -2.719605 0.216911
v 3.849733 -2.645694 0.216911
v 3.852255 -2.568942 0.216911
v 3.853124 -2.489431 0.216911
v 3.851517 -2.400060 0.216911
v 3.847003 -2.307592 0.216911
v 3.840044 -2.213290 0.216911
v 3.831103 -2.118419 0.216911
v 3.820643 -2.024241 0.216911
v 3.809126 -1.932021 0.216911
v 3.797014 -1.843021 0.216911
v 3.784771 -1.758505 0.216911
v 3.772857 -1.679737 0.216911
v 3.761737 -1.607979 0.216911
v 3.751871 -1.544496 0.216911
v 3.743723 -1.490551 0.216911
v 3.741944 -1.476691 0.216911
v 3.740189 -1.462507 0.216911
v 3.738484 -1.448077 0.216911
v 3.736853 -1.433473 0.216911
v 3.735321 -1.418769 0.216911
v 3.733913 -1.404041 0.216911
v 3.732653 -1.389363 0.216911
v 3.731568 -1.374808 0.216911
v 3.730680 -1.360452 0.216911
v 3.730015 -1.346368 0.216911
v 3.729598 -1.332631 0.216911
v 3.729453 -1.319315 0.216911
v 3.520164 -1.338341 0.216911
v 3.523821 -1.349152 0.216911
v 3.527619 -1.361210 0.216911
v 3.531498 -1.374275 0.216911
v 3.535403 -1.388109 0.216911
v 3.539275 -1.402471 0.216911
v 3.543055 -1.417122 0.216911
v 3.546687 -1.431822 0.216911
v 3.550113 -1.446333 0.216911
v 3.553275 -1.460414 0.216911
v 3.556114 -1.473826 0.216911
v 3.558573 -1.486330 0.216911
v 3.560595 -1.497686 0.216911
v 5.536950 -1.247966 0.216911
v 5.540067 -1.264343 0.216911
v 5.543447 -1.283652 0.216911
v 5.547059 -1.305751 0.216911
v 5.550868 -1.330502 0.216911
v 5.554843 -1.357762 0.216911
v 5.558950 -1.387393 0.216911
v 5.563156 -1.419254 0.216911
v 5.567428 -1.453204 0.216911
v 5.571733 -1.489102 0.216911
v 5.576038 -1.526809 0.216911
v 5.580310 -1.566185 0.216911
v 5.584517 -1.607087 0.216911
v 5.572625 -1.602331 0.216911
v 5.501276 -1.685571 0.216911
v 5.509195 -1.696704 0.216911
v 5.517462 -1.708638 0.216911
v 5.526025 -1.721282 0.216911
v 5.534837 -1.734546 0.216911
v 5.543846 -1.748338 0.216911
v 5.553004 -1.762568 0.216911
v 5.562262 -1.777144 0.216911
v 5.571568 -1.791977 0.216911
v 5.580874 -1.806975 0.216911
v 5.590132 -1.822047 0.216911
v 5.599290 -1.837103 0.216911
v 5.608299 -1.852051 0.216911
v 5.620191 -2.006639 0.216911
v 5.554621 -1.955279 0.216911
v 5.488845 -1.909295 0.216911
v 5.423053 -1.868513 0.216911
v 5.357433 -1.832760 0.216911
v 5.292178 -1.801863 0.216911
v 5.227476 -1.775648 0.216911
v 5.163517 -1.753942 0.216911
v 5.100491 -1.736572 0.216911
v 5.038588 -1.723363 0.216911
v 4.977998 -1.714143 0.216911
v 4.918911 -1.708738 0.216911
v 4.861517 -1.706975 0.216911
v 4.780357 -1.711775 0.216911
v 4.701567 -1.725947 0.216911
v 4.626030 -1.749153 0.216911
v 4.554630 -1.781055 0.216911
v 4.488252 -1.821313 0.216911
v 4.427777 -1.869591 0.216911
v 4.374091 -1.925548 0.216911
v 4.328076 -1.988846 0.216911
v 4.290617 -2.059148 0.216911
v 4.262597 -2.136113 0.216911
v 4.244899 -2.219404 0.216911
v 4.238406 -2.308682 0.216911
v 4.245039 -2.423479 0.216911
v 4.265702 -2.529037 0.216911
v 4.299759 -2.625626 0.216911
v 4.346574 -2.713519 0.216911
v 4.405513 -2.792989 0.216911
v 4.475938 -2.864309 0.216911
v 4.557214 -2.927750 0.216911
v 4.648705 -2.983586 0.216911
v 4.749775 -3.032089 0.216911
v 4.859789 -3.073532 0.216911
v 4.978110 -3.108186 0.216911
v 5.104102 -3.136325 0.216911
v 5.192100 -2.957954 0.216911
v 5.092646 -2.940907 0.216911
v 4.996000 -2.918095 0.216911
v 4.903286 -2.889206 0.216911
v 4.815625 -2.853926 0.216911
v 4.734141 -2.811940 0.216911
v 4.659957 -2.762934 0.216911
v 4.594197 -2.706596 0.216911
v 4.537982 -2.642611 0.216911
v 4.492437 -2.570665 0.216911
v 4.458684 -2.490444 0.216911
v 4.437846 -2.401636 0.216911
v 4.431047 -2.303925 0.216911
v 4.434084 -2.257126 0.216911
v 4.443247 -2.208981 0.216911
v 4.458621 -2.160522 0.216911
v 4.480287 -2.112782 0.216911
v 4.508328 -2.066792 0.216911
v 4.542827 -2.023585 0.216911
v 4.583866 -1.984193 0.216911
v 4.631528 -1.949649 0.216911
v 4.685895 -1.920984 0.216911
v 4.747051 -1.899231 0.216911
v 4.815078 -1.885422 0.216911
v 4.890057 -1.880590 0.216911
v 4.958525 -1.883421 0.216911
v 5.025961 -1.891744 0.216911
v 5.092322 -1.905302 0.216911
v 5.157570 -1.923840 0.216911
v 5.221662 -1.947101 0.216911
v 5.284554 -1.974830 0.216911
v 5.346210 -2.006770 0.216911
v 5.406585 -2.042666 0.216911
v 5.465639 -2.082262 0.216911
v 5.523331 -2.125300 0.216911
v 5.579618 -2.171527 0.216911
v 5.634460 -2.220685 0.216911
v 5.635600 -2.245555 0.216911
v 5.636641 -2.270211 0.216911
v 5.637582 -2.294635 0.216911
v 5.638424 -2.318811 0.216911
v 5.639168 -2.342724 0.216911
v 5.639812 -2.366355 0.216911
v 5.640356 -2.389689 0.216911
v 5.640802 -2.412710 0.216911
v 5.641150 -2.435400 0.216911
v 5.641397 -2.457743 0.216911
v 5.641545 -2.479723 0.216911
v 5.641595 -2.501323 0.216911
v 5.641635 -2.554022 0.216911
v 5.641716 -2.604228 0.216911
v 5.641781 -2.652418 0.216911
v 5.641771 -2.699073 0.216911
v 5.641630 -2.744671 0.216911
v 5.641298 -2.789690 0.216911
v 5.640718 -2.834610 0.216911
v 5.639833 -2.879911 0.216911
v 5.638585 -2.926070 0.216911
v 5.636915 -2.973567 0.216911
v 5.634767 -3.022881 0.216911
v 5.632082 -3.074490 0.216911
v 5.631439 -3.085520 0.216911
v 5.630706 -3.097127 0.216911
v 5.629889 -3.109198 0.216911
v 5.628999 -3.121615 0.216911
v 5.628042 -3.134264 0.216911
v 5.627028 -3.147027 0.216911
v 5.625964 -3.159791 0.216911
v 5.624859 -3.172440 0.216911
v 5.623721 -3.184857 0.216911
v 5.622558 -3.196928 0.216911
v 5.621378 -3.208535 0.216911
v 5.620191 -3.219565 0.216911
v 5.827102 -3.219565 0.216911
v 5.825962 -3.210536 0.216911
v 5.824922 -3.200253 0.216911
v 5.823980 -3.188945 0.216911
v 5.823137 -3.176844 0.216911
v 5.822394 -3.164182 0.216911
v 5.821750 -3.151189 0.216911
v 5.821205 -3.138098 0.216911
v 5.820760 -3.125138 0.216911
v 5.820413 -3.112542 0.216911
v 5.820165 -3.100541 0.216911
v 5.820016 -3.089365 0.216911
v 5.819966 -3.079246 0.216911
v 5.819417 -3.024255 0.216911
v 5.818942 -2.972873 0.216911
v 5.818517 -2.924249 0.216911
v 5.818116 -2.877532 0.216911
v 5.817717 -2.831873 0.216911
v 5.817291 -2.786420 0.216911
v 5.816816 -2.740323 0.216911
v 5.816267 -2.692731 0.216911
v 5.815619 -2.642794 0.216911
v 5.814847 -2.589661 0.216911
v 5.813926 -2.532481 0.216911
v 5.812832 -2.470405 0.216911
v 5.810453 -2.377652 0.216911
v 5.840382 -2.422078 0.216911
v 5.871705 -2.468280 0.216911
v 5.904136 -2.515853 0.216911
v 5.937384 -2.564392 0.216911
v 5.971159 -2.613492 0.216911
v 6.005176 -2.662749 0.216911
v 6.039142 -2.711759 0.216911
v 6.072769 -2.760116 0.216911
v 6.105769 -2.807416 0.216911
v 6.137853 -2.853254 0.216911
v 6.168731 -2.897226 0.216911
v 6.198113 -2.938927 0.216911
v 6.317028 -2.774826 0.216911
v 6.280979 -2.729169 0.216911
v 6.240108 -2.676336 0.216911
v 6.195438 -2.617673 0.216911
v 6.147994 -2.554526 0.216911
v 6.098799 -2.488241 0.216911
v 6.048876 -2.420164 0.216911
v 5.999251 -2.351641 0.216911
v 5.950949 -2.284018 0.216911
v 5.904990 -2.218641 0.216911
v 5.862401 -2.156857 0.216911
v 5.824205 -2.100011 0.216911
v 5.791427 -2.049448 0.216911
v 5.774779 -1.818755 0.216911
v 6.240923 -1.882969 0.216911
v 6.259950 -1.685571 0.216911
v 6.247005 -1.686069 0.216911
v 6.234294 -1.686386 0.216911
v 6.221747 -1.686537 0.216911
v 6.209300 -1.686540 0.216911
v 6.196886 -1.686410 0.216911
v 6.184439 -1.686165 0.216911
v 6.171892 -1.685821 0.216911
v 6.159180 -1.685395 0.216911
v 6.146237 -1.684902 0.216911
v 6.132997 -1.684360 0.216911
v 6.119393 -1.683784 0.216911
v 6.105361 -1.683192 0.216911
v 6.084496 -1.681761 0.216911
v 6.061329 -1.679867 0.216911
v 6.036130 -1.677544 0.216911
v 6.009171 -1.674824 0.216911
v 5.980727 -1.671741 0.216911
v 5.951069 -1.668328 0.216911
v 5.920469 -1.664618 0.216911
v 5.889201 -1.660643 0.216911
v 5.857535 -1.656437 0.216911
v 5.825747 -1.652033 0.216911
v 5.794106 -1.647463 0.216911
v 5.762888 -1.642762 0.216911
v 5.750997 -1.416825 0.216911
v 5.751002 -1.403506 0.216911
v 5.751040 -1.389750 0.216911
v 5.751145 -1.375613 0.216911
v 5.751348 -1.361155 0.216911
v 5.751684 -1.346433 0.216911
v 5.752185 -1.331504 0.216911
v 5.752885 -1.316426 0.216911
v 5.753815 -1.301257 0.216911
v 5.755010 -1.286056 0.216911
v 5.756501 -1.270879 0.216911
v 5.758324 -1.255785 0.216911
v 5.760509 -1.240831 0.216911
v 7.444335 -2.610724 0.216911
v 7.406355 -2.576831 0.216911
v 7.367624 -2.539750 0.216911
v 7.328579 -2.500059 0.216911
v 7.289659 -2.458338 0.216911
v 7.251299 -2.415162 0.216911
v 7.213939 -2.371112 0.216911
v 7.178015 -2.326764 0.216911
v 7.143967 -2.282697 0.216911
v 7.112229 -2.239488 0.216911
v 7.083243 -2.197717 0.216911
v 7.057444 -2.157961 0.216911
v 7.035271 -2.120797 0.216911
v 7.755891 -2.263494 0.216911
v 7.731724 -2.350472 0.216911
v 7.707037 -2.439267 0.216911
v 7.682201 -2.528524 0.216911
v 7.657588 -2.616890 0.216911
v 7.633570 -2.703009 0.216911
v 7.610518 -2.785528 0.216911
v 7.588804 -2.863092 0.216911
v 7.568799 -2.934347 0.216911
v 7.550876 -2.997939 0.216911
v 7.535404 -3.052513 0.216911
v 7.522757 -3.096714 0.216911
v 7.513306 -3.129190 0.216911
v 7.509551 -3.141047 0.216911
v 7.505466 -3.153887 0.216911
v 7.501118 -3.167503 0.216911
v 7.496570 -3.181689 0.216911
v 7.491890 -3.196238 0.216911
v 7.487144 -3.210944 0.216911
v 7.482399 -3.225600 0.216911
v 7.477719 -3.240001 0.216911
v 7.473172 -3.253939 0.216911
v 7.468823 -3.267208 0.216911
v 7.464738 -3.279602 0.216911
v 7.460984 -3.290914 0.216911
v 7.663137 -3.343236 0.216911
v 7.665020 -3.329964 0.216911
v 7.667101 -3.316337 0.216911
v 7.669381 -3.302396 0.216911
v 7.671858 -3.288183 0.216911
v 7.674534 -3.273738 0.216911
v 7.677407 -3.259104 0.216911
v 7.680480 -3.244321 0.216911
v 7.683750 -3.229431 0.216911
v 7.687219 -3.214474 0.216911
v 7.690885 -3.199493 0.216911
v 7.694750 -3.184528 0.216911
v 7.698812 -3.169621 0.216911
v 7.936641 -2.301547 0.216911
v 8.419433 -2.399057 0.216911
v 8.466998 -2.218307 0.216911
v 8.450488 -2.217020 0.216911
v 8.434209 -2.215543 0.216911
v 8.418095 -2.213885 0.216911
v 8.402080 -2.212053 0.216911
v 8.386098 -2.210056 0.216911
v 8.370083 -2.207902 0.216911
v 8.353970 -2.205599 0.216911
v 8.337690 -2.203156 0.216911
v 8.321180 -2.200581 0.216911
v 8.304372 -2.197882 0.216911
v 8.287201 -2.195068 0.216911
v 8.269601 -2.192146 0.216911
v 7.979450 -2.139823 0.216911
v 8.057934 -1.866321 0.216911
v 8.062144 -1.851704 0.216911
v 8.066455 -1.837583 0.216911
v 8.070865 -1.823957 0.216911
v 8.075374 -1.810827 0.216911
v 8.079982 -1.798193 0.216911
v 8.084688 -1.786053 0.216911
v 8.089495 -1.774410 0.216911
v 8.094400 -1.763262 0.216911
v 8.099404 -1.752609 0.216911
v 8.104508 -1.742452 0.216911
v 8.109711 -1.732790 0.216911
v 8.115012 -1.723623 0.216911
v 7.910480 -1.673679 0.216911
v 7.908597 -1.684032 0.216911
v 7.906526 -1.694864 0.216911
v 7.904273 -1.706158 0.216911
v 7.901847 -1.717898 0.216911
v 7.899255 -1.730067 0.216911
v 7.896506 -1.742650 0.216911
v 7.893609 -1.755628 0.216911
v 7.890572 -1.768987 0.216911
v 7.887403 -1.782709 0.216911
v 7.884109 -1.796778 0.216911
v 7.880700 -1.811177 0.216911
v 7.877184 -1.825890 0.216911
v 7.798700 -2.106528 0.216911
v 7.713655 -2.090219 0.216911
v 7.627100 -2.073573 0.216911
v 7.540396 -2.056844 0.216911
v 7.454906 -2.040288 0.216911
v 7.371992 -2.024161 0.216911
v 7.293017 -2.008720 0.216911
v 7.219344 -1.994221 0.216911
v 7.152335 -1.980919 0.216911
v 7.093352 -1.969070 0.216911
v 7.043760 -1.958931 0.216911
v 7.004919 -1.950757 0.216911
v 6.978191 -1.944804 0.216911
v 6.970873 -1.942971 0.216911
v 6.963240 -1.941038 0.216911
v 6.955376 -1.939007 0.216911
v 6.947363 -1.936876 0.216911
v 6.939283 -1.934647 0.216911
v 6.931221 -1.932318 0.216911
v 6.923258 -1.929890 0.216911
v 6.915476 -1.927363 0.216911
v 6.907958 -1.924737 0.216911
v 6.900787 -1.922012 0.216911
v 6.894046 -1.919188 0.216911
v 6.887816 -1.916265 0.216911
v 6.768903 -1.999505 0.216911
v 6.796764 -2.052592 0.216911
v 6.829879 -2.110073 0.216911
v 6.867453 -2.170890 0.216911
v 6.908692 -2.233986 0.216911
v 6.952806 -2.298304 0.216911
v 6.999002 -2.362788 0.216911
v 7.046485 -2.426379 0.216911
v 7.094463 -2.488022 0.216911
v 7.142144 -2.546659 0.216911
v 7.188736 -2.601233 0.216911
v 7.233444 -2.650687 0.216911
v 7.275477 -2.693964 0.216911
v 10.681510 -2.770069 0.216911
v 10.592041 -2.770069 0.216911
v 10.474496 -2.770069 0.216911
v 10.335892 -2.770069 0.216911
v 10.183249 -2.770069 0.216911
v 10.023586 -2.770069 0.216911
v 9.863925 -2.770069 0.216911
v 9.711282 -2.770069 0.216911
v 9.572678 -2.770069 0.216911
v 9.455132 -2.770069 0.216911
v 9.365663 -2.770069 0.216911
v 9.311290 -2.770069 0.216911
v 9.293362 -2.769971 0.216911
v 9.275275 -2.769684 0.216911
v 9.257072 -2.769215 0.216911
v 9.238796 -2.768572 0.216911
v 9.220487 -2.767764 0.216911
v 9.202187 -2.766799 0.216911
v 9.183934 -2.765686 0.216911
v 9.165774 -2.764432 0.216911
v 9.147745 -2.763046 0.216911
v 9.129890 -2.761536 0.216911
v 9.112250 -2.759911 0.216911
v 9.094866 -2.758178 0.216911
v 9.094866 -2.986493 0.216911
v 9.112886 -2.984760 0.216911
v 9.131212 -2.983135 0.216911
v 9.149753 -2.981625 0.216911
v 9.168417 -2.980239 0.216911
v 9.187114 -2.978985 0.216911
v 9.205753 -2.977872 0.216911
v 9.224244 -2.976907 0.216911
v 9.242496 -2.976099 0.216911
v 9.260416 -2.975456 0.216911
v 9.277917 -2.974987 0.216911
v 9.294905 -2.974699 0.216911
v 9.311290 -2.974602 0.216911
v 9.365662 -2.974602 0.216911
v 9.455131 -2.974602 0.216911
v 9.572677 -2.974602 0.216911
v 9.711281 -2.974602 0.216911
v 9.863924 -2.974602 0.216911
v 10.023585 -2.974602 0.216911
v 10.183248 -2.974602 0.216911
v 10.335890 -2.974602 0.216911
v 10.474494 -2.974602 0.216911
v 10.592040 -2.974602 0.216911
v 10.681509 -2.974602 0.216911
v 10.735883 -2.974602 0.216911
v 10.757238 -2.974745 0.216911
v 10.778494 -2.975152 0.216911
v 10.799650 -2.975791 0.216911
v 10.820709 -2.976628 0.216911
v 10.841667 -2.977630 0.216911
v 10.862527 -2.978764 0.216911
v 10.883287 -2.979997 0.216911
v 10.903949 -2.981296 0.216911
v 10.924511 -2.982628 0.216911
v 10.944974 -2.983961 0.216911
v 10.965339 -2.985260 0.216911
v 10.985602 -2.986493 0.216911
v 10.985602 -2.758178 0.216911
v 10.965339 -2.759411 0.216911
v 10.944974 -2.760710 0.216911
v 10.924511 -2.762043 0.216911
v 10.903949 -2.763375 0.216911
v 10.883287 -2.764674 0.216911
v 10.862527 -2.765907 0.216911
v 10.841667 -2.767041 0.216911
v 10.820709 -2.768043 0.216911
v 10.799650 -2.768880 0.216911
v 10.778494 -2.769519 0.216911
v 10.757238 -2.769926 0.216911
v 10.735883 -2.770069 0.216911
v 10.496433 -1.590439 0.216911
v 10.426618 -1.590439 0.216911
v 10.340419 -1.590439 0.216911
v 10.242081 -1.590439 0.216911
v 10.135848 -1.590439 0.216911
v 10.025965 -1.590439 0.216911
v 9.916677 -1.590439 0.216911
v 9.812227 -1.590439 0.216911
v 9.716862 -1.590439 0.216911
v 9.634825 -1.590439 0.216911
v 9.570360 -1.590439 0.216911
v 9.527714 -1.590439 0.216911
v 9.506367 -1.590389 0.216911
v 9.485168 -1.590230 0.216911
v 9.464169 -1.589956 0.216911
v 9.443417 -1.589559 0.216911
v 9.422961 -1.589029 0.216911
v 9.402854 -1.588359 0.216911
v 9.383142 -1.587540 0.216911
v 9.363876 -1.586564 0.216911
v 9.345106 -1.585423 0.216911
v 9.326880 -1.584108 0.216911
v 9.309250 -1.582612 0.216911
v 9.292264 -1.580926 0.216911
v 9.292264 -1.794972 0.216911
v 9.309385 -1.793832 0.216911
v 9.327375 -1.792792 0.216911
v 9.346108 -1.791850 0.216911
v 9.365461 -1.791008 0.216911
v 9.385309 -1.790265 0.216911
v 9.405529 -1.789621 0.216911
v 9.425997 -1.789076 0.216911
v 9.446588 -1.788630 0.216911
v 9.467178 -1.788283 0.216911
v 9.487646 -1.788035 0.216911
v 9.507866 -1.787887 0.216911
v 9.527714 -1.787837 0.216911
v 9.569997 -1.787837 0.216911
v 9.635486 -1.787837 0.216911
v 9.719538 -1.787837 0.216911
v 9.817513 -1.787837 0.216911
v 9.924769 -1.787837 0.216911
v 10.036667 -1.787837 0.216911
v 10.148564 -1.787837 0.216911
v 10.255821 -1.787837 0.216911
v 10.353796 -1.787837 0.216911
v 10.437848 -1.787837 0.216911
v 10.503337 -1.787837 0.216911
v 10.545620 -1.787837 0.216911
v 10.566331 -1.787932 0.216911
v 10.586844 -1.788200 0.216911
v 10.607159 -1.788618 0.216911
v 10.627275 -1.789158 0.216911
v 10.647193 -1.789798 0.216911
v 10.666913 -1.790513 0.216911
v 10.686435 -1.791277 0.216911
v 10.705757 -1.792065 0.216911
v 10.724883 -1.792854 0.216911
v 10.743811 -1.793618 0.216911
v 10.762540 -1.794332 0.216911
v 10.781070 -1.794972 0.216911
v 10.781070 -1.580926 0.216911
v 10.761951 -1.582113 0.216911
v 10.742657 -1.583282 0.216911
v 10.723213 -1.584419 0.216911
v 10.703646 -1.585507 0.216911
v 10.683979 -1.586528 0.216911
v 10.664239 -1.587467 0.216911
v 10.644448 -1.588306 0.216911
v 10.624633 -1.589030 0.216911
v 10.604817 -1.589622 0.216911
v 10.585028 -1.590065 0.216911
v 10.565287 -1.590343 0.216911
v 10.545620 -1.590439 0.216911
v -3.655004 0.540236 0.216912
v -3.651192 0.521709 0.216912
v -3.645053 0.504124 0.216912
v -3.636758 0.487654 0.216912
v -3.626481 0.472471 0.216912
v -3.614395 0.458751 0.216912
v -3.600675 0.446665 0.216912
v -3.585492 0.436388 0.216912
v -3.569022 0.428093 0.216912
v -3.551437 0.421953 0.216912
v -3.532910 0.418142 0.216912
v -3.513616 0.416834 0.216912
v -3.494321 0.418143 0.216912
v -3.475794 0.421953 0.216912
v -3.458209 0.428093 0.216912
v -3.441739 0.436388 0.216912
v -3.426556 0.446665 0.216912
v -3.412836 0.458751 0.216912
v -3.400750 0.472471 0.216912
v -3.390473 0.487654 0.216912
v -3.382178 0.504124 0.216912
v -3.376038 0.521709 0.216912
v -3.372227 0.540236 0.216912
v -3.370919 0.559531 0.216912
v -3.372227 0.578825 0.216912
v -3.376038 0.597352 0.216912
v -3.382178 0.614937 0.216912
v -3.390473 0.631408 0.216912
v -3.400750 0.646590 0.216912
v -3.412836 0.660311 0.216912
v -3.426556 0.672396 0.216912
v -3.441739 0.682673 0.216912
v -3.458209 0.690968 0.216912
v -3.475794 0.697108 0.216912
v -3.494321 0.700919 0.216912
v -3.513616 0.702228 0.216912
v -3.532910 0.700919 0.216912
v -3.551437 0.697108 0.216912
v -3.569022 0.690968 0.216912
v -3.585492 0.682673 0.216912
v -3.600675 0.672396 0.216912
v -3.614395 0.660311 0.216912
v -3.626481 0.646590 0.216912
v -3.636758 0.631408 0.216912
v -3.645053 0.614937 0.216912
v -3.651192 0.597352 0.216912
v -3.655004 0.578825 0.216912
v -3.656313 0.559531 0.216912
v -3.532843 2.079204 0.216912
v -3.552483 2.071911 0.216912
v -3.570174 2.059746 0.216912
v -3.585933 2.042700 0.216912
v -3.599776 2.020766 0.216912
v -3.611720 1.993934 0.216912
v -3.621781 1.962198 0.216912
v -3.629976 1.925548 0.216912
v -3.636320 1.883976 0.216912
v -3.640832 1.837474 0.216912
v -3.643527 1.786034 0.216912
v -3.644421 1.729647 0.216912
v -3.644323 1.703884 0.216912
v -3.644025 1.678922 0.216912
v -3.643530 1.654769 0.216912
v -3.642836 1.631433 0.216912
v -3.641944 1.608923 0.216912
v -3.640854 1.587248 0.216912
v -3.639565 1.566414 0.216912
v -3.638079 1.546431 0.216912
v -3.636394 1.527307 0.216912
v -3.634512 1.509050 0.216912
v -3.632430 1.491669 0.216912
v -3.630152 1.475171 0.216912
v -3.570694 1.066105 0.216912
v -3.567117 1.041175 0.216912
v -3.563483 1.018672 0.216912
v -3.559732 0.998548 0.216912
v -3.555808 0.980752 0.216912
v -3.551653 0.965235 0.216912
v -3.547209 0.951948 0.216912
v -3.542418 0.940841 0.216912
v -3.537222 0.931865 0.216912
v -3.531564 0.924969 0.216912
v -3.525386 0.920105 0.216912
v -3.518629 0.917223 0.216912
v -3.511237 0.916274 0.216912
v -3.503845 0.917223 0.216912
v -3.497089 0.920105 0.216912
v -3.490911 0.924969 0.216912
v -3.485253 0.931864 0.216912
v -3.480057 0.940840 0.216912
v -3.475266 0.951947 0.216912
v -3.470822 0.965235 0.216912
v -3.466666 0.980751 0.216912
v -3.462743 0.998547 0.216912
v -3.458992 1.018672 0.216912
v -3.455357 1.041175 0.216912
v -3.451780 1.066105 0.216912
v -3.392323 1.475171 0.216912
v -3.390044 1.491668 0.216912
v -3.387964 1.509050 0.216912
v -3.386081 1.527307 0.216912
v -3.384396 1.546431 0.216912
v -3.382910 1.566414 0.216912
v -3.381621 1.587247 0.216912
v -3.380531 1.608923 0.216912
v -3.379639 1.631433 0.216912
v -3.378946 1.654768 0.216912
v -3.378450 1.678921 0.216912
v -3.378153 1.703884 0.216912
v -3.378053 1.729647 0.216912
v -3.378947 1.786034 0.216912
v -3.381643 1.837474 0.216912
v -3.386154 1.883976 0.216912
v -3.392499 1.925548 0.216912
v -3.400694 1.962198 0.216912
v -3.410754 1.993934 0.216912
v -3.422698 2.020766 0.216912
v -3.436541 2.042700 0.216912
v -3.452300 2.059746 0.216912
v -3.469991 2.071911 0.216912
v -3.489632 2.079204 0.216912
v -3.511237 2.081633 0.216912
v -1.533786 1.715124 0.216912
v -1.567143 1.777763 0.216912
v -1.606082 1.840237 0.216912
v -1.650273 1.901324 0.216912
v -1.699386 1.959801 0.216912
v -1.753090 2.014447 0.216912
v -1.811055 2.064039 0.216912
v -1.872951 2.107354 0.216912
v -1.938447 2.143172 0.216912
v -2.007214 2.170269 0.216912
v -2.078920 2.187423 0.216912
v -2.153236 2.193413 0.216912
v -2.230353 2.186900 0.216912
v -2.303233 2.167670 0.216912
v -2.371407 2.136185 0.216912
v -2.434402 2.092908 0.216912
v -2.491750 2.038301 0.216912
v -2.542978 1.972826 0.216912
v -2.587616 1.896947 0.216912
v -2.625194 1.811125 0.216912
v -2.655240 1.715823 0.216912
v -2.677285 1.611504 0.216912
v -2.690857 1.498629 0.216912
v -2.695485 1.377661 0.216912
v -2.687002 1.219991 0.216912
v -2.662101 1.077127 0.216912
v -2.621610 0.948418 0.216912
v -2.566353 0.833210 0.216912
v -2.497157 0.730851 0.216912
v -2.414848 0.640690 0.216912
v -2.320250 0.562073 0.216912
v -2.214191 0.494348 0.216912
v -2.097495 0.436863 0.216912
v -1.970989 0.388966 0.216912
v -1.835498 0.350003 0.216912
v -1.691849 0.319324 0.216912
v -1.580069 0.490560 0.216912
v -1.706593 0.512556 0.216912
v -1.827444 0.541066 0.216912
v -1.941606 0.576959 0.216912
v -2.048063 0.621102 0.216912
v -2.145800 0.674362 0.216912
v -2.233801 0.737605 0.216912
v -2.311049 0.811699 0.216912
v -2.376531 0.897512 0.216912
v -2.429229 0.995909 0.216912
v -2.468128 1.107759 0.216912
v -2.492212 1.233928 0.216912
v -2.500466 1.375283 0.216912
v -2.497795 1.466949 0.216912
v -2.489797 1.553676 0.216912
v -2.476497 1.634887 0.216912
v -2.457921 1.710005 0.216912
v -2.434093 1.778449 0.216912
v -2.405037 1.839643 0.216912
v -2.370779 1.893009 0.216912
v -2.331343 1.937968 0.216912
v -2.286755 1.973942 0.216912
v -2.237038 2.000354 0.216912
v -2.182218 2.016624 0.216912
v -2.122319 2.022177 0.216912
v -2.048573 2.013479 0.216912
v -1.976505 1.988671 0.216912
v -1.906897 1.949676 0.216912
v -1.840535 1.898417 0.216912
v -1.778203 1.836820 0.216912
v -1.720685 1.766808 0.216912
v -1.668766 1.690305 0.216912
v -1.623230 1.609236 0.216912
v -1.584863 1.525524 0.216912
v -1.554447 1.441093 0.216912
v -1.532769 1.357868 0.216912
v -1.520612 1.277773 0.216912
v -1.517935 1.254803 0.216912
v -1.515845 1.232156 0.216912
v -1.514332 1.209657 0.216912
v -1.513389 1.187134 0.216912
v -1.513008 1.164412 0.216912
v -1.513180 1.141319 0.216912
v -1.513897 1.117681 0.216912
v -1.515151 1.093324 0.216912
v -1.516933 1.068075 0.216912
v -1.519236 1.041761 0.216912
v -1.522050 1.014209 0.216912
v -1.525369 0.985244 0.216912
v -1.342241 0.970974 0.216912
v -1.339228 0.994448 0.216912
v -1.336174 1.019630 0.216912
v -1.333136 1.046448 0.216912
v -1.330173 1.074826 0.216912
v -1.327342 1.104691 0.216912
v -1.324701 1.135968 0.216912
v -1.322307 1.168583 0.216912
v -1.320220 1.202461 0.216912
v -1.318495 1.237528 0.216912
v -1.317192 1.273710 0.216912
v -1.316367 1.310933 0.216912
v -1.316080 1.349122 0.216912
v -1.316985 1.408020 0.216912
v -1.319559 1.471097 0.216912
v -1.323586 1.537378 0.216912
v -1.328852 1.605888 0.216912
v -1.335142 1.675654 0.216912
v -1.342241 1.745701 0.216912
v -1.349935 1.815053 0.216912
v -1.358008 1.882738 0.216912
v -1.366247 1.947781 0.216912
v -1.374436 2.009206 0.216912
v -1.382361 2.066040 0.216912
v -1.389807 2.117308 0.216912
v -1.392088 2.135094 0.216912
v -1.394189 2.152773 0.216912
v -1.396124 2.170336 0.216912
v -1.397910 2.187776 0.216912
v -1.399565 2.205083 0.216912
v -1.401103 2.222250 0.216912
v -1.402543 2.239268 0.216912
v -1.403900 2.256130 0.216912
v -1.405191 2.272825 0.216912
v -1.406433 2.289348 0.216912
v -1.407641 2.305689 0.216912
v -1.408833 2.321841 0.216912
v -1.618122 2.314706 0.216912
v -1.605703 2.268405 0.216912
v -1.593491 2.217009 0.216912
v -1.581593 2.161567 0.216912
v -1.570116 2.103127 0.216912
v -1.559167 2.042738 0.216912
v -1.548854 1.981448 0.216912
v -1.539285 1.920308 0.216912
v -1.530566 1.860365 0.216912
v -1.522804 1.802668 0.216912
v -1.516109 1.748266 0.216912
v -1.510586 1.698208 0.216912
v -1.506343 1.653542 0.216912
v 0.071049 1.913975 0.216912
v 0.056136 1.830812 0.216912
v 0.039952 1.748971 0.216912
v 0.022455 1.668517 0.216912
v 0.003603 1.589516 0.216912
v -0.016644 1.512034 0.216912
v -0.038328 1.436138 0.216912
v -0.061490 1.361894 0.216912
v -0.086172 1.289367 0.216912
v -0.112414 1.218624 0.216912
v -0.140258 1.149731 0.216912
v -0.169746 1.082754 0.216912
v -0.201250 1.148005 0.216912
v -0.231515 1.215321 0.216912
v -0.260492 1.284685 0.216912
v -0.288132 1.356080 0.216912
v -0.314384 1.429490 0.216912
v -0.339199 1.504899 0.216912
v -0.362527 1.582290 0.216912
v -0.384320 1.661646 0.216912
v -0.404527 1.742951 0.216912
v -0.423100 1.826188 0.216912
v -0.439987 1.911341 0.216912
v -0.455140 1.998394 0.216912
v 0.084731 1.998394 0.216912
v -0.533624 2.174387 0.216912
v -0.643025 2.145848 0.216912
v -0.626092 2.020040 0.216912
v -0.606260 1.898263 0.216912
v -0.583605 1.780483 0.216912
v -0.558199 1.666667 0.216912
v -0.530118 1.556781 0.216912
v -0.499436 1.450793 0.216912
v -0.466227 1.348670 0.216912
v -0.430565 1.250379 0.216912
v -0.392524 1.155886 0.216912
v -0.352180 1.065158 0.216912
v -0.309607 0.978164 0.216912
v -0.264877 0.894869 0.216912
v -0.295897 0.843444 0.216912
v -0.328321 0.793836 0.216912
v -0.362164 0.746077 0.216912
v -0.397445 0.700202 0.216912
v -0.434179 0.656242 0.216912
v -0.472383 0.614231 0.216912
v -0.512073 0.574202 0.216912
v -0.553267 0.536188 0.216912
v -0.595979 0.500222 0.216912
v -0.640228 0.466337 0.216912
v -0.686029 0.434566 0.216912
v -0.733400 0.404942 0.216912
v -0.723018 0.396549 0.216912
v -0.712182 0.386951 0.216912
v -0.701033 0.376328 0.216912
v -0.689710 0.364863 0.216912
v -0.678354 0.352738 0.216912
v -0.667105 0.340134 0.216912
v -0.656104 0.327232 0.216912
v -0.645491 0.314215 0.216912
v -0.635407 0.301264 0.216912
v -0.625991 0.288560 0.216912
v -0.617385 0.276286 0.216912
v -0.609729 0.264623 0.216912
v -0.565232 0.294597 0.216912
v -0.522107 0.326238 0.216912
v -0.480335 0.359532 0.216912
v -0.439902 0.394460 0.216912
v -0.400789 0.431007 0.216912
v -0.362982 0.469156 0.216912
v -0.326462 0.508890 0.216912
v -0.291215 0.550194 0.216912
v -0.257222 0.593050 0.216912
v -0.224469 0.637442 0.216912
v -0.192937 0.683353 0.216912
v -0.162611 0.730767 0.216912
v -0.128183 0.681118 0.216912
v -0.092705 0.633235 0.216912
v -0.056220 0.587104 0.216912
v -0.018769 0.542706 0.216912
v 0.019607 0.500026 0.216912
v 0.058867 0.459048 0.216912
v 0.098969 0.419754 0.216912
v 0.139872 0.382128 0.216912
v 0.181534 0.346154 0.216912
v 0.223915 0.311815 0.216912
v 0.266974 0.279094 0.216912
v 0.310668 0.247975 0.216912
v 0.317684 0.259000 0.216912
v 0.325576 0.270569 0.216912
v 0.334228 0.282535 0.216912
v 0.343523 0.294749 0.216912
v 0.353348 0.307061 0.216912
v 0.363585 0.319324 0.216912
v 0.374119 0.331389 0.216912
v 0.384835 0.343107 0.216912
v 0.395617 0.354329 0.216912
v 0.406350 0.364908 0.216912
v 0.416917 0.374693 0.216912
v 0.427204 0.383538 0.216912
v 0.381179 0.413906 0.216912
v 0.335882 0.446728 0.216912
v 0.291344 0.481976 0.216912
v 0.247599 0.519629 0.216912
v 0.204680 0.559659 0.216912
v 0.162619 0.602043 0.216912
v 0.121451 0.646755 0.216912
v 0.081207 0.693772 0.216912
v 0.041921 0.743068 0.216912
v 0.003627 0.794618 0.216912
v -0.033644 0.848397 0.216912
v -0.069858 0.904382 0.216912
v -0.033478 0.981364 0.216912
v 0.000797 1.061227 0.216912
v 0.033040 1.143882 0.216912
v 0.063326 1.229238 0.216912
v 0.091729 1.317203 0.216912
v 0.118324 1.407686 0.216912
v 0.143184 1.500598 0.216912
v 0.166385 1.595846 0.216912
v 0.188000 1.693341 0.216912
v 0.208104 1.792991 0.216912
v 0.226771 1.894706 0.216912
v 0.244076 1.998394 0.216912
v 0.362990 1.998394 0.216912
v 0.362990 2.169630 0.216912
v -0.502706 2.169630 0.216912
v 1.292900 2.162495 0.216911
v 1.452245 2.162495 0.216911
v 1.452245 2.324219 0.216911
v 0.372503 2.324219 0.216912
v 0.372503 2.162495 0.216912
v 0.546118 2.162495 0.216912
v 0.546118 0.890113 0.216912
v 0.343964 0.923409 0.216912
v 0.334451 0.771198 0.216912
v 0.546118 0.730767 0.216912
v 0.546118 0.252732 0.216912
v 0.719733 0.252732 0.216912
v 0.719733 0.699850 0.216912
v 1.435597 0.576179 0.216912
v 1.476028 0.747415 0.216912
v 1.292900 0.773576 0.216912
v 0.719733 1.829535 0.216912
v 0.719733 2.162495 0.216912
v 1.121663 2.162495 0.216911
v 1.121663 1.829535 0.216911
v 0.719733 1.330095 0.216912
v 0.719733 1.674947 0.216912
v 1.121663 1.674947 0.216911
v 1.121663 1.330095 0.216912
v 0.719733 0.861573 0.216912
v 0.719733 1.173128 0.216912
v 1.121663 1.173128 0.216912
v 1.121663 0.799737 0.216912
v 2.477286 2.045959 0.216911
v 3.062344 2.045959 0.216911
v 3.062344 2.205304 0.216911
v 2.477286 2.205304 0.216911
v 2.477286 2.433620 0.216911
v 2.303671 2.433620 0.216911
v 2.303671 2.205304 0.216911
v 1.697208 2.205304 0.216911
v 1.697208 2.045959 0.216911
v 2.303671 2.045959 0.216911
v 2.303671 1.831913 0.216911
v 1.759044 1.831913 0.216911
v 1.759044 0.982866 0.216911
v 2.303671 0.982866 0.216911
v 2.303671 0.756929 0.216911
v 1.663912 0.756929 0.216911
v 1.663912 0.595205 0.216911
v 2.303671 0.595205 0.216911
v 2.303671 0.245597 0.216911
v 2.477286 0.245597 0.216911
v 2.477286 0.595205 0.216911
v 3.133693 0.595205 0.216911
v 3.133693 0.756929 0.216911
v 2.477286 0.756929 0.216911
v 2.477286 0.982866 0.216911
v 3.002887 0.982866 0.216911
v 3.002887 1.831913 0.216911
v 2.477286 1.831913 0.216911
v 2.467773 1.125563 0.216911
v 2.467773 1.344365 0.216911
v 2.836407 1.344365 0.216911
v 2.836407 1.125563 0.216911
v 1.930280 1.125563 0.216911
v 1.930280 1.344365 0.216911
v 2.313184 1.344365 0.216911
v 2.313184 1.125563 0.216911
v 2.467773 1.475171 0.216911
v 2.467773 1.691595 0.216911
v 2.836407 1.691595 0.216911
v 2.836407 1.475171 0.216911
v 1.930280 1.475171 0.216911
v 1.930280 1.691595 0.216911
v 2.313184 1.691595 0.216911
v 2.313184 1.475171 0.216911
v 3.186015 2.340866 0.216911
v 3.067101 2.269518 0.216911
v 3.085271 2.219237 0.216911
v 3.104053 2.167329 0.216911
v 3.123362 2.114149 0.216911
v 3.143118 2.060053 0.216911
v 3.163237 2.005395 0.216911
v 3.183637 1.950531 0.216911
v 3.204235 1.895815 0.216911
v 3.224948 1.841603 0.216911
v 3.245695 1.788250 0.216911
v 3.266392 1.736110 0.216911
v 3.286957 1.685540 0.216911
v 3.307308 1.636894 0.216911
v 3.266125 1.588088 0.216911
v 3.230344 1.540364 0.216911
v 3.199616 1.493713 0.216911
v 3.173595 1.448128 0.216911
v 3.151935 1.403600 0.216911
v 3.134287 1.360121 0.216911
v 3.120307 1.317682 0.216911
v 3.109646 1.276275 0.216911
v 3.101958 1.235893 0.216911
v 3.096895 1.196526 0.216911
v 3.094112 1.158166 0.216911
v 3.093262 1.120806 0.216911
v 3.093862 1.089308 0.216911
v 3.095684 1.059081 0.216911
v 3.098762 1.030209 0.216911
v 3.103127 1.002773 0.216911
v 3.108814 0.976857 0.216911
v 3.115856 0.952543 0.216911
v 3.124284 0.929913 0.216911
v 3.134133 0.909051 0.216911
v 3.145436 0.890038 0.216911
v 3.158224 0.872958 0.216911
v 3.172533 0.857893 0.216911
v 3.188393 0.844925 0.216911
v 3.196913 0.839176 0.216911
v 3.205812 0.833815 0.216911
v 3.215075 0.828834 0.216911
v 3.224684 0.824225 0.216911
v 3.234624 0.819979 0.216911
v 3.244878 0.816088 0.216911
v 3.255429 0.812544 0.216911
v 3.266260 0.809339 0.216911
v 3.277356 0.806463 0.216911
v 3.288700 0.803910 0.216911
v 3.300275 0.801671 0.216911
v 3.312064 0.799737 0.216911
v 3.324740 0.798647 0.216911
v 3.337763 0.797755 0.216911
v 3.351083 0.797062 0.216911
v 3.364651 0.796566 0.216911
v 3.378417 0.796269 0.216911
v 3.392331 0.796170 0.216911
v 3.406345 0.796269 0.216911
v 3.420408 0.796566 0.216911
v 3.434472 0.797062 0.216911
v 3.448485 0.797755 0.216911
v 3.462400 0.798647 0.216911
v 3.476166 0.799737 0.216911
v 3.476508 0.810957 0.216911
v 3.477520 0.823102 0.216911
v 3.479176 0.836006 0.216911
v 3.481451 0.849505 0.216911
v 3.484321 0.863434 0.216911
v 3.487760 0.877626 0.216911
v 3.491745 0.891918 0.216911
v 3.496249 0.906144 0.216911
v 3.501249 0.920138 0.216911
v 3.506720 0.933736 0.216911
v 3.512637 0.946773 0.216911
v 3.518975 0.959083 0.216911
v 3.505996 0.957944 0.216911
v 3.493232 0.956913 0.216911
v 3.480699 0.955998 0.216911
v 3.468414 0.955206 0.216911
v 3.456393 0.954547 0.216911
v 3.444653 0.954028 0.216911
v 3.433211 0.953658 0.216911
v 3.422082 0.953445 0.216911
v 3.411283 0.953397 0.216911
v 3.400831 0.953522 0.216911
v 3.390743 0.953829 0.216911
v 3.381035 0.954326 0.216911
v 3.373952 0.955021 0.216911
v 3.366985 0.955923 0.216911
v 3.360150 0.957039 0.216911
v 3.353464 0.958378 0.216911
v 3.346943 0.959949 0.216911
v 3.340604 0.961758 0.216911
v 3.334462 0.963816 0.216911
v 3.328536 0.966129 0.216911
v 3.322841 0.968707 0.216911
v 3.317393 0.971558 0.216911
v 3.312210 0.974689 0.216911
v 3.307308 0.978109 0.216911
v 3.298285 0.985424 0.216911
v 3.290219 0.994217 0.216911
v 3.283079 1.004382 0.216911
v 3.276830 1.015809 0.216911
v 3.271441 1.028393 0.216911
v 3.266877 1.042026 0.216911
v 3.263106 1.056599 0.216911
v 3.260094 1.072007 0.216911
v 3.257810 1.088142 0.216911
v 3.256218 1.104896 0.216911
v 3.255288 1.122162 0.216911
v 3.254985 1.139832 0.216911
v 3.255973 1.172627 0.216911
v 3.259125 1.206776 0.216911
v 3.264721 1.242247 0.216911
v 3.273043 1.279006 0.216911
v 3.284370 1.317020 0.216911
v 3.298984 1.356256 0.216911
v 3.317165 1.396682 0.216911
v 3.339194 1.438263 0.216911
v 3.365353 1.480968 0.216911
v 3.395921 1.524762 0.216911
v 3.431179 1.569614 0.216911
v 3.471409 1.615489 0.216911
v 3.453630 1.660276 0.216911
v 3.435999 1.706426 0.216911
v 3.418567 1.753616 0.216911
v 3.401382 1.801524 0.216911
v 3.384495 1.849829 0.216911
v 3.367954 1.898208 0.216911
v 3.351810 1.946340 0.216911
v 3.336111 1.993901 0.216911
v 3.320909 2.040571 0.216911
v 3.306251 2.086027 0.216911
v 3.292187 2.129947 0.216911
v 3.278768 2.172009 0.216911
v 3.592702 2.172009 0.216911
v 3.592702 0.247975 0.216911
v 3.752047 0.247975 0.216911
v 3.752047 2.333732 0.216911
v 3.214555 2.333732 0.216911
v 2.477286 2.045959 0.216911
v 2.477286 2.045959 -0.561022
v 3.062344 2.045959 0.216911
v 3.062344 2.045959 -0.561022
v 3.062344 2.205304 0.216911
v 3.062344 2.205304 -0.561022
v 2.477286 2.205304 0.216911
v 2.477286 2.205304 -0.561022
v 2.477286 2.433620 0.216911
v 2.477286 2.433620 -0.561022
v 2.303671 2.433620 0.216911
v 2.303671 2.433620 -0.561022
v 2.303671 2.205304 0.216911
v 2.303671 2.205304 -0.561022
v 1.697208 2.205304 0.216911
v 1.697208 2.205304 -0.561022
v 1.697208 2.045959 0.216911
v 1.697208 2.045959 -0.561022
v 2.303671 2.045959 0.216911
v 2.303671 2.045959 -0.561022
v 2.303671 1.831913 0.216911
v 2.303671 1.831913 -0.561022
v 1.759044 1.831913 0.216911
v 1.759044 1.831913 -0.561022
v 1.759044 0.982866 0.216911
v 1.759044 0.982866 -0.561022
v 2.303671 0.982866 0.216911
v 2.303671 0.982866 -0.561022
v 2.303671 0.756929 0.216911
v 2.303671 0.756929 -0.561022
v 1.663912 0.756929 0.216911
v 1.663912 0.756929 -0.561022
v 1.663912 0.595205 0.216911
v 1.663912 0.595205 -0.561022
v 2.303671 0.595205 0.216911
v 2.303671 0.595205 -0.561022
v 2.303671 0.245597 0.216911
v 2.303671 0.245597 -0.561022
v 2.477286 0.245597 0.216911
v 2.477286 0.245597 -0.561022
v 2.477286 0.595205 0.216911
v 2.477286 0.595205 -0.561022
v 3.133693 0.595205 0.216911
v 3.133693 0.595205 -0.561022
v 3.133693 0.756929 0.216911
v 3.133693 0.756929 -0.561022
v 2.477286 0.756929 0.216911
v 2.477286 0.756929 -0.561022
v 2.477286 0.982866 0.216911
v 2.477286 0.982866 -0.561022
v 3.002887 0.982866 0.216911
v 3.002887 0.982866 -0.561022
v 3.002887 1.831913 0.216911
v 3.002887 1.831913 -0.561022
v 2.477286 1.831913 0.216911
v 2.477286 1.831913 -0.561022
v 2.467773 1.125563 0.216911
v 2.467773 1.125563 -0.561022
v 2.467773 1.344365 0.216911
v 2.467773 1.344365 -0.561022
v 2.836407 1.344365 0.216911
v 2.836407 1.344365 -0.561022
v 2.836407 1.125563 0.216911
v 2.836407 1.125563 -0.561022
v 1.930280 1.125563 0.216911
v 1.930280 1.125563 -0.561022
v 1.930280 1.344365 0.216911
v 1.930280 1.344365 -0.561022
v 2.313184 1.344365 0.216911
v 2.313184 1.344365 -0.561022
v 2.313184 1.125563 0.216911
v 2.313184 1.125563 -0.561022
v 2.467773 1.475171 0.216911
v 2.467773 1.475171 -0.561022
v 2.467773 1.691595 0.216911
v 2.467773 1.691595 -0.561022
v 2.836407 1.691595 0.216911
v 2.836407 1.691595 -0.561022
v 2.836407 1.475171 0.216911
v 2.836407 1.475171 -0.561022
v 1.930280 1.475171 0.216911
v 1.930280 1.475171 -0.561022
v 1.930280 1.691595 0.216911
v 1.930280 1.691595 -0.561022
v 2.313184 1.691595 0.216911
v 2.313184 1.691595 -0.561022
v 2.313184 1.475171 0.216911
v 2.313184 1.475171 -0.561022
v 3.186015 2.340866 0.216911
v 3.186015 2.340866 -0.561022
v 3.067101 2.269518 0.216911
v 3.067101 2.269518 -0.561022
v 3.085271 2.219237 0.216911
v 3.085271 2.219237 -0.561022
v 3.104053 2.167329 0.216911
v 3.104053 2.167329 -0.561022
v 3.123362 2.114149 0.216911
v 3.123362 2.114149 -0.561022
v 3.143118 2.060053 0.216911
v 3.143118 2.060053 -0.561022
v 3.163237 2.005395 0.216911
v 3.163237 2.005395 -0.561022
v 3.183637 1.950531 0.216911
v 3.183637 1.950531 -0.561022
v 3.204235 1.895815 0.216911
v 3.204235 1.895815 -0.561022
v 3.224948 1.841603 0.216911
v 3.224948 1.841603 -0.561022
v 3.245695 1.788250 0.216911
v 3.245695 1.788250 -0.561022
v 3.266392 1.736110 0.216911
v 3.266392 1.736110 -0.561022
v 3.286957 1.685540 0.216911
v 3.286957 1.685540 -0.561022
v 3.307308 1.636894 0.216911
v 3.307308 1.636894 -0.561022
v 3.266125 1.588088 0.216911
v 3.266125 1.588088 -0.561022
v 3.230344 1.540364 0.216911
v 3.230344 1.540364 -0.561022
v 3.199616 1.493713 0.216911
v 3.199616 1.493713 -0.561022
v 3.173595 1.448128 0.216911
v 3.173595 1.448128 -0.561022
v 3.151935 1.403600 0.216911
v 3.151935 1.403600 -0.561022
v 3.134287 1.360121 0.216911
v 3.134287 1.360121 -0.561022
v 3.120307 1.317682 0.216911
v 3.120307 1.317682 -0.561022
v 3.109646 1.276275 0.216911
v 3.109646 1.276275 -0.561022
v 3.101958 1.235893 0.216911
v 3.101958 1.235893 -0.561022
v 3.096895 1.196526 0.216911
v 3.096895 1.196526 -0.561022
v 3.094112 1.158166 0.216911
v 3.094112 1.158166 -0.561022
v 3.093262 1.120806 0.216911
v 3.093262 1.120806 -0.561022
v 3.093862 1.089308 0.216911
v 3.093862 1.089308 -0.561022
v 3.095684 1.059081 0.216911
v 3.095684 1.059081 -0.561022
v 3.098762 1.030209 0.216911
v 3.098762 1.030209 -0.561022
v 3.103127 1.002773 0.216911
v 3.103127 1.002773 -0.561022
v 3.108814 0.976857 0.216911
v 3.108814 0.976857 -0.561022
v 3.115856 0.952543 0.216911
v 3.115856 0.952543 -0.561022
v 3.124284 0.929913 0.216911
v 3.124284 0.929913 -0.561022
v 3.134133 0.909051 0.216911
v 3.134133 0.909051 -0.561022
v 3.145436 0.890038 0.216911
v 3.145436 0.890038 -0.561022
v 3.158224 0.872958 0.216911
v 3.158224 0.872958 -0.561022
v 3.172533 0.857893 0.216911
v 3.172533 0.857893 -0.561022
v 3.188393 0.844925 0.216911
v 3.188393 0.844925 -0.561022
v 3.196913 0.839176 0.216911
v 3.196913 0.839176 -0.561022
v 3.205812 0.833815 0.216911
v 3.205812 0.833815 -0.561022
v 3.215075 0.828834 0.216911
v 3.215075 0.828834 -0.561022
v 3.224684 0.824225 0.216911
v 3.224684 0.824225 -0.561022
v 3.234624 0.819979 0.216911
v 3.234624 0.819979 -0.561022
v 3.244878 0.816088 0.216911
v 3.244878 0.816088 -0.561022
v 3.255429 0.812544 0.216911
v 3.255429 0.812544 -0.561022
v 3.266260 0.809339 0.216911
v 3.266260 0.809339 -0.561022
v 3.277356 0.806463 0.216911
v 3.277356 0.806463 -0.561022
v 3.288700 0.803910 0.216911
v 3.288700 0.803910 -0.561022
v 3.300275 0.801671 0.216911
v 3.300275 0.801671 -0.561022
v 3.312064 0.799737 0.216911
v 3.312064 0.799737 -0.561022
v 3.324740 0.798647 0.216911
v 3.324740 0.798647 -0.561022
v 3.337763 0.797755 0.216911
v 3.337763 0.797755 -0.561022
v 3.351083 0.797062 0.216911
v 3.351083 0.797062 -0.561022
v 3.364651 0.796566 0.216911
v 3.364651 0.796566 -0.561022
v 3.378417 0.796269 0.216911
v 3.378417 0.796269 -0.561022
v 3.392331 0.796170 0.216911
v 3.392331 0.796170 -0.561022
v 3.406345 0.796269 0.216911
v 3.406345 0.796269 -0.561022
v 3.420408 0.796566 0.216911
v 3.420408 0.796566 -0.561022
v 3.434472 0.797062 0.216911
v 3.434472 0.797062 -0.561022
v 3.448485 0.797755 0.216911
v 3.448485 0.797755 -0.561022
v 3.462400 0.798647 0.216911
v 3.462400 0.798647 -0.561022
v 3.476166 0.799737 0.216911
v 3.476166 0.799737 -0.561022
v 3.476508 0.810957 0.216911
v 3.476508 0.810957 -0.561022
v 3.477520 0.823102 0.216911
v 3.477520 0.823102 -0.561022
v 3.479176 0.836006 0.216911
v 3.479176 0.836006 -0.561022
v 3.481451 0.849505 0.216911
v 3.481451 0.849505 -0.561022
v 3.484321 0.863434 0.216911
v 3.484321 0.863434 -0.561022
v 3.487760 0.877626 0.216911
v 3.487760 0.877626 -0.561022
v 3.491745 0.891918 0.216911
v 3.491745 0.891918 -0.561022
v 3.496249 0.906144 0.216911
v 3.496249 0.906144 -0.561022
v 3.501249 0.920138 0.216911
v 3.501249 0.920138 -0.561022
v 3.506720 0.933736 0.216911
v 3.506720 0.933736 -0.561022
v 3.512637 0.946773 0.216911
v 3.512637 0.946773 -0.561022
v 3.518975 0.959083 0.216911
v 3.518975 0.959083 -0.561022
v 3.505996 0.957944 0.216911
v 3.505996 0.957944 -0.561022
v 3.493232 0.956913 0.216911
v 3.493232 0.956913 -0.561022
v 3.480699 0.955998 0.216911
v 3.480699 0.955998 -0.561022
v 3.468414 0.955206 0.216911
v 3.468414 0.955206 -0.561022
v 3.456393 0.954547 0.216911
v 3.456393 0.954547 -0.561022
v 3.444653 0.954028 0.216911
v 3.444653 0.954028 -0.561022
v 3.433211 0.953658 0.216911
v 3.433211 0.953658 -0.561022
v 3.422082 0.953445 0.216911
v 3.422082 0.953445 -0.561022
v 3.411283 0.953397 0.216911
v 3.411283 0.953397 -0.561022
v 3.400831 0.953522 0.216911
v 3.400831 0.953522 -0.561022
v 3.390743 0.953829 0.216911
v 3.390743 0.953829 -0.561022
v 3.381035 0.954326 0.216911
v 3.381035 0.954326 -0.561022
v 3.373952 0.955021 0.216911
v 3.373952 0.955021 -0.561022
v 3.366985 0.955923 0.216911
v 3.366985 0.955923 -0.561022
v 3.360150 0.957039 0.216911
v 3.360150 0.957039 -0.561022
v 3.353464 0.958378 0.216911
v 3.353464 0.958378 -0.561022
v 3.346943 0.959949 0.216911
v 3.346943 0.959949 -0.561022
v 3.340604 0.961758 0.216911
v 3.340604 0.961758 -0.561022
v 3.334462 0.963816 0.216911
v 3.334462 0.963816 -0.561022
v 3.328536 0.966129 0.216911
v 3.328536 0.966129 -0.561022
v 3.322841 0.968707 0.216911
v 3.322841 0.968707 -0.561022
v 3.317393 0.971558 0.216911
v 3.317393 0.971558 -0.561022
v 3.312210 0.974689 0.216911
v 3.312210 0.974689 -0.561022
v 3.307308 0.978109 0.216911
v 3.307308 0.978109 -0.561022
v 3.298285 0.985424 0.216911
v 3.298285 0.985424 -0.561022
v 3.290219 0.994217 0.216911
v 3.290219 0.994217 -0.561022
v 3.283079 1.004382 0.216911
v 3.283079 1.004382 -0.561022
v 3.276830 1.015809 0.216911
v 3.276830 1.015809 -0.561022
v 3.271441 1.028393 0.216911
v 3.271441 1.028393 -0.561022
v 3.266877 1.042026 0.216911
v 3.266877 1.042026 -0.561022
v 3.263106 1.056599 0.216911
v 3.263106 1.056599 -0.561022
v 3.260094 1.072007 0.216911
v 3.260094 1.072007 -0.561022
v 3.257810 1.088142 0.216911
v 3.257810 1.088142 -0.561022
v 3.256218 1.104896 0.216911
v 3.256218 1.104896 -0.561022
v 3.255288 1.122162 0.216911
v 3.255288 1.122162 -0.561022
v 3.254985 1.139832 0.216911
v 3.254985 1.139832 -0.561022
v 3.255973 1.172627 0.216911
v 3.255973 1.172627 -0.561022
v 3.259125 1.206776 0.216911
v 3.259125 1.206776 -0.561022
v 3.264721 1.242247 0.216911
v 3.264721 1.242247 -0.561022
v 3.273043 1.279006 0.216911
v 3.273043 1.279006 -0.561022
v 3.284370 1.317020 0.216911
v 3.284370 1.317020 -0.561022
v 3.298984 1.356256 0.216911
v 3.298984 1.356256 -0.561022
v 3.317165 1.396682 0.216911
v 3.317165 1.396682 -0.561022
v 3.339194 1.438263 0.216911
v 3.339194 1.438263 -0.561022
v 3.365353 1.480968 0.216911
v 3.365353 1.480968 -0.561022
v 3.395921 1.524762 0.216911
v 3.395921 1.524762 -0.561022
v 3.431179 1.569614 0.216911
v 3.431179 1.569614 -0.561022
v 3.471409 1.615489 0.216911
v 3.471409 1.615489 -0.561022
v 3.453630 1.660276 0.216911
v 3.453630 1.660276 -0.561022
v 3.435999 1.706426 0.216911
v 3.435999 1.706426 -0.561022
v 3.418567 1.753616 0.216911
v 3.418567 1.753616 -0.561022
v 3.401382 1.801524 0.216911
v 3.401382 1.801524 -0.561022
v 3.384495 1.849829 0.216911
v 3.384495 1.849829 -0.561022
v 3.367954 1.898208 0.216911
v 3.367954 1.898208 -0.561022
v 3.351810 1.946340 0.216911
v 3.351810 1.946340 -0.561022
v 3.336111 1.993901 0.216911
v 3.336111 1.993901 -0.561022
v 3.320909 2.040571 0.216911
v 3.320909 2.040571 -0.561022
v 3.306251 2.086027 0.216911
v 3.306251 2.086027 -0.561022
v 3.292187 2.129947 0.216911
v 3.292187 2.129947 -0.561022
v 3.278768 2.172009 0.216911
v 3.278768 2.172009 -0.561022
v 3.592702 2.172009 0.216911
v 3.592702 2.172009 -0.561022
v 3.592702 0.247975 0.216911
v 3.592702 0.247975 -0.561022
v 3.752047 0.247975 0.216911
v 3.752047 0.247975 -0.561022
v 3.752047 2.333732 0.216911
v 3.752047 2.333732 -0.561022
v 3.214555 2.333732 0.216911
v 3.214555 2.333732 -0.561022
v 0.071049 1.913975 0.216912
v 0.071048 1.913975 -0.561021
v 0.056136 1.830812 0.216912
v 0.056136 1.830812 -0.561021
v 0.039952 1.748971 0.216912
v 0.039952 1.748971 -0.561021
v 0.022455 1.668517 0.216912
v 0.022455 1.668517 -0.561021
v 0.003603 1.589516 0.216912
v 0.003603 1.589516 -0.561021
v -0.016644 1.512034 0.216912
v -0.016644 1.512034 -0.561021
v -0.038328 1.436138 0.216912
v -0.038328 1.436138 -0.561021
v -0.061490 1.361894 0.216912
v -0.061490 1.361894 -0.561021
v -0.086172 1.289367 0.216912
v -0.086172 1.289367 -0.561021
v -0.112414 1.218624 0.216912
v -0.112414 1.218624 -0.561021
v -0.140258 1.149731 0.216912
v -0.140258 1.149731 -0.561021
v -0.169746 1.082754 0.216912
v -0.169746 1.082754 -0.561021
v -0.201250 1.148005 0.216912
v -0.201250 1.148005 -0.561021
v -0.231515 1.215321 0.216912
v -0.231515 1.215321 -0.561021
v -0.260492 1.284685 0.216912
v -0.260492 1.284685 -0.561021
v -0.288132 1.356080 0.216912
v -0.288132 1.356080 -0.561021
v -0.314384 1.429490 0.216912
v -0.314384 1.429490 -0.561021
v -0.339199 1.504899 0.216912
v -0.339199 1.504899 -0.561021
v -0.362527 1.582290 0.216912
v -0.362527 1.582290 -0.561021
v -0.384320 1.661646 0.216912
v -0.384320 1.661646 -0.561021
v -0.404527 1.742951 0.216912
v -0.404527 1.742951 -0.561021
v -0.423100 1.826188 0.216912
v -0.423100 1.826188 -0.561021
v -0.439987 1.911341 0.216912
v -0.439987 1.911341 -0.561021
v -0.455140 1.998394 0.216912
v -0.455140 1.998394 -0.561021
v 0.084731 1.998394 0.216912
v 0.084731 1.998394 -0.561021
v -0.533624 2.174387 0.216912
v -0.533624 2.174387 -0.561021
v -0.643025 2.145848 0.216912
v -0.643025 2.145848 -0.561021
v -0.626092 2.020040 0.216912
v -0.626092 2.020040 -0.561021
v -0.606260 1.898263 0.216912
v -0.606260 1.898263 -0.561021
v -0.583605 1.780483 0.216912
v -0.583605 1.780483 -0.561021
v -0.558199 1.666667 0.216912
v -0.558199 1.666667 -0.561021
v -0.530118 1.556781 0.216912
v -0.530118 1.556781 -0.561021
v -0.499436 1.450793 0.216912
v -0.499436 1.450793 -0.561021
v -0.466227 1.348670 0.216912
v -0.466227 1.348670 -0.561021
v -0.430565 1.250379 0.216912
v -0.430565 1.250379 -0.561021
v -0.392524 1.155886 0.216912
v -0.392524 1.155886 -0.561021
v -0.352180 1.065158 0.216912
v -0.352180 1.065158 -0.561021
v -0.309607 0.978164 0.216912
v -0.309607 0.978164 -0.561021
v -0.264877 0.894869 0.216912
v -0.264877 0.894869 -0.561021
v -0.295897 0.843444 0.216912
v -0.295897 0.843444 -0.561021
v -0.328321 0.793836 0.216912
v -0.328321 0.793836 -0.561021
v -0.362164 0.746077 0.216912
v -0.362164 0.746077 -0.561021
v -0.397445 0.700202 0.216912
v -0.397445 0.700202 -0.561021
v -0.434179 0.656242 0.216912
v -0.434179 0.656242 -0.561021
v -0.472383 0.614231 0.216912
v -0.472383 0.614231 -0.561021
v -0.512073 0.574202 0.216912
v -0.512073 0.574202 -0.561021
v -0.553267 0.536188 0.216912
v -0.553267 0.536188 -0.561021
v -0.595979 0.500222 0.216912
v -0.595979 0.500222 -0.561021
v -0.640228 0.466337 0.216912
v -0.640228 0.466337 -0.561021
v -0.686029 0.434566 0.216912
v -0.686029 0.434566 -0.561021
v -0.733400 0.404942 0.216912
v -0.733400 0.404942 -0.561021
v -0.723018 0.396549 0.216912
v -0.723018 0.396549 -0.561021
v -0.712182 0.386951 0.216912
v -0.712182 0.386951 -0.561021
v -0.701033 0.376328 0.216912
v -0.701033 0.376328 -0.561021
v -0.689710 0.364863 0.216912
v -0.689710 0.364863 -0.561021
v -0.678354 0.352738 0.216912
v -0.678354 0.352738 -0.561021
v -0.667105 0.340134 0.216912
v -0.667105 0.340134 -0.561021
v -0.656104 0.327232 0.216912
v -0.656104 0.327232 -0.561021
v -0.645491 0.314215 0.216912
v -0.645491 0.314215 -0.561021
v -0.635407 0.301264 0.216912
v -0.635407 0.301264 -0.561021
v -0.625991 0.288560 0.216912
v -0.625991 0.288560 -0.561021
v -0.617385 0.276286 0.216912
v -0.617385 0.276286 -0.561021
v -0.609729 0.264623 0.216912
v -0.609729 0.264623 -0.561021
v -0.565232 0.294597 0.216912
v -0.565232 0.294597 -0.561021
v -0.522107 0.326238 0.216912
v -0.522107 0.326238 -0.561021
v -0.480335 0.359532 0.216912
v -0.480335 0.359532 -0.561021
v -0.439902 0.394460 0.216912
v -0.439902 0.394460 -0.561021
v -0.400789 0.431007 0.216912
v -0.400789 0.431007 -0.561021
v -0.362982 0.469156 0.216912
v -0.362982 0.469156 -0.561021
v -0.326462 0.508890 0.216912
v -0.326462 0.508890 -0.561021
v -0.291215 0.550194 0.216912
v -0.291215 0.550194 -0.561021
v -0.257222 0.593050 0.216912
v -0.257222 0.593050 -0.561021
v -0.224469 0.637442 0.216912
v -0.224469 0.637442 -0.561021
v -0.192937 0.683353 0.216912
v -0.192937 0.683353 -0.561021
v -0.162611 0.730767 0.216912
v -0.162611 0.730767 -0.561021
v -0.128183 0.681118 0.216912
v -0.128183 0.681118 -0.561021
v -0.092705 0.633235 0.216912
v -0.092705 0.633235 -0.561021
v -0.056220 0.587104 0.216912
v -0.056220 0.587104 -0.561021
v -0.018769 0.542706 0.216912
v -0.018769 0.542706 -0.561021
v 0.019607 0.500026 0.216912
v 0.019607 0.500026 -0.561021
v 0.058867 0.459048 0.216912
v 0.058867 0.459048 -0.561021
v 0.098969 0.419754 0.216912
v 0.098969 0.419754 -0.561021
v 0.139872 0.382128 0.216912
v 0.139871 0.382128 -0.561021
v 0.181534 0.346154 0.216912
v 0.181534 0.346154 -0.561021
v 0.223915 0.311815 0.216912
v 0.223915 0.311815 -0.561021
v 0.266974 0.279094 0.216912
v 0.266974 0.279094 -0.561021
v 0.310668 0.247975 0.216912
v 0.310668 0.247975 -0.561021
v 0.317684 0.259000 0.216912
v 0.317684 0.259000 -0.561021
v 0.325576 0.270569 0.216912
v 0.325576 0.270569 -0.561021
v 0.334228 0.282535 0.216912
v 0.334228 0.282535 -0.561021
v 0.343523 0.294749 0.216912
v 0.343523 0.294749 -0.561021
v 0.353348 0.307061 0.216912
v 0.353347 0.307061 -0.561021
v 0.363585 0.319324 0.216912
v 0.363585 0.319324 -0.561021
v 0.374119 0.331389 0.216912
v 0.374119 0.331389 -0.561021
v 0.384835 0.343107 0.216912
v 0.384835 0.343107 -0.561021
v 0.395617 0.354329 0.216912
v 0.395617 0.354329 -0.561021
v 0.406350 0.364908 0.216912
v 0.406350 0.364908 -0.561021
v 0.416917 0.374693 0.216912
v 0.416917 0.374693 -0.561021
v 0.427204 0.383538 0.216912
v 0.427204 0.383538 -0.561021
v 0.381179 0.413906 0.216912
v 0.381179 0.413906 -0.561021
v 0.335882 0.446728 0.216912
v 0.335882 0.446728 -0.561021
v 0.291344 0.481976 0.216912
v 0.291344 0.481976 -0.561021
v 0.247599 0.519629 0.216912
v 0.247599 0.519629 -0.561021
v 0.204680 0.559659 0.216912
v 0.204680 0.559659 -0.561021
v 0.162619 0.602043 0.216912
v 0.162619 0.602043 -0.561021
v 0.121451 0.646755 0.216912
v 0.121451 0.646755 -0.561021
v 0.081207 0.693772 0.216912
v 0.081207 0.693772 -0.561021
v 0.041921 0.743068 0.216912
v 0.041921 0.743068 -0.561021
v 0.003627 0.794618 0.216912
v 0.003627 0.794618 -0.561021
v -0.033644 0.848397 0.216912
v -0.033644 0.848397 -0.561021
v -0.069858 0.904382 0.216912
v -0.069858 0.904382 -0.561021
v -0.033478 0.981364 0.216912
v -0.033478 0.981364 -0.561021
v 0.000797 1.061227 0.216912
v 0.000797 1.061227 -0.561021
v 0.033040 1.143882 0.216912
v 0.033040 1.143882 -0.561021
v 0.063326 1.229238 0.216912
v 0.063326 1.229238 -0.561021
v 0.091729 1.317203 0.216912
v 0.091729 1.317203 -0.561021
v 0.118324 1.407686 0.216912
v 0.118324 1.407686 -0.561021
v 0.143184 1.500598 0.216912
v 0.143184 1.500598 -0.561021
v 0.166385 1.595846 0.216912
v 0.166385 1.595846 -0.561021
v 0.188000 1.693341 0.216912
v 0.188000 1.693341 -0.561021
v 0.208104 1.792991 0.216912
v 0.208104 1.792991 -0.561021
v 0.226771 1.894706 0.216912
v 0.226771 1.894706 -0.561021
v 0.244076 1.998394 0.216912
v 0.244076 1.998394 -0.561021
v 0.362990 1.998394 0.216912
v 0.362990 1.998394 -0.561022
v 0.362990 2.169630 0.216912
v 0.362990 2.169630 -0.561022
v -0.502706 2.169630 0.216912
v -0.502706 2.169630 -0.561021
v 1.292900 2.162495 0.216911
v 1.292900 2.162495 -0.561022
v 1.452245 2.162495 0.216911
v 1.452245 2.162495 -0.561022
v 1.452245 2.324219 0.216911
v 1.452245 2.324219 -0.561022
v 0.372503 2.324219 0.216912
v 0.372503 2.324219 -0.561022
v 0.372503 2.162495 0.216912
v 0.372503 2.162495 -0.561022
v 0.546118 2.162495 0.216912
v 0.546118 2.162495 -0.561022
v 0.546118 0.890113 0.216912
v 0.546118 0.890113 -0.561021
v 0.343964 0.923409 0.216912
v 0.343964 0.923409 -0.561021
v 0.334451 0.771198 0.216912
v 0.334451 0.771198 -0.561021
v 0.546118 0.730767 0.216912
v 0.546118 0.730767 -0.561021
v 0.546118 0.252732 0.216912
v 0.546118 0.252732 -0.561021
v 0.719733 0.252732 0.216912
v 0.719733 0.252732 -0.561021
v 0.719733 0.699850 0.216912
v 0.719733 0.699850 -0.561021
v 1.435597 0.576179 0.216912
v 1.435597 0.576179 -0.561022
v 1.476028 0.747415 0.216912
v 1.476028 0.747415 -0.561022
v 1.292900 0.773576 0.216912
v 1.292900 0.773576 -0.561022
v 0.719733 1.829535 0.216912
v 0.719733 1.829535 -0.561022
v 0.719733 2.162495 0.216912
v 0.719733 2.162495 -0.561022
v 1.121663 2.162495 0.216911
v 1.121663 2.162495 -0.561022
v 1.121663 1.829535 0.216911
v 1.121663 1.829535 -0.561022
v 0.719733 1.330095 0.216912
v 0.719733 1.330095 -0.561022
v 0.719733 1.674947 0.216912
v 0.719733 1.674947 -0.561022
v 1.121663 1.674947 0.216911
v 1.121663 1.674947 -0.561022
v 1.121663 1.330095 0.216912
v 1.121663 1.330095 -0.561022
v 0.719733 0.861573 0.216912
v 0.719733 0.861573 -0.561021
v 0.719733 1.173128 0.216912
v 0.719733 1.173128 -0.561022
v 1.121663 1.173128 0.216912
v 1.121663 1.173128 -0.561022
v 1.121663 0.799737 0.216912
v 1.121663 0.799737 -0.561022
v -1.533786 1.715124 0.216912
v -1.533786 1.715124 -0.561021
v -1.567143 1.777763 0.216912
v -1.567143 1.777763 -0.561021
v -1.606082 1.840237 0.216912
v -1.606082 1.840237 -0.561021
v -1.650273 1.901324 0.216912
v -1.650273 1.901324 -0.561021
v -1.699386 1.959801 0.216912
v -1.699386 1.959801 -0.561021
v -1.753090 2.014447 0.216912
v -1.753090 2.014447 -0.561021
v -1.811055 2.064039 0.216912
v -1.811055 2.064039 -0.561021
v -1.872951 2.107354 0.216912
v -1.872951 2.107354 -0.561021
v -1.938447 2.143172 0.216912
v -1.938447 2.143172 -0.561021
v -2.007214 2.170269 0.216912
v -2.007214 2.170269 -0.561021
v -2.078920 2.187423 0.216912
v -2.078920 2.187423 -0.561021
v -2.153236 2.193413 0.216912
v -2.153236 2.193413 -0.561021
v -2.230353 2.186900 0.216912
v -2.230353 2.186900 -0.561021
v -2.303233 2.167670 0.216912
v -2.303233 2.167670 -0.561021
v -2.371407 2.136185 0.216912
v -2.371407 2.136185 -0.561021
v -2.434402 2.092908 0.216912
v -2.434402 2.092908 -0.561021
v -2.491750 2.038301 0.216912
v -2.491750 2.038301 -0.561021
v -2.542978 1.972826 0.216912
v -2.542978 1.972826 -0.561021
v -2.587616 1.896947 0.216912
v -2.587616 1.896947 -0.561021
v -2.625194 1.811125 0.216912
v -2.625194 1.811125 -0.561021
v -2.655240 1.715823 0.216912
v -2.655240 1.715823 -0.561021
v -2.677285 1.611504 0.216912
v -2.677285 1.611504 -0.561021
v -2.690857 1.498629 0.216912
v -2.690857 1.498629 -0.561021
v -2.695485 1.377661 0.216912
v -2.695485 1.377661 -0.561021
v -2.687002 1.219991 0.216912
v -2.687002 1.219991 -0.561021
v -2.662101 1.077127 0.216912
v -2.662101 1.077127 -0.561021
v -2.621610 0.948418 0.216912
v -2.621610 0.948418 -0.561021
v -2.566353 0.833210 0.216912
v -2.566353 0.833210 -0.561021
v -2.497157 0.730851 0.216912
v -2.497157 0.730851 -0.561021
v -2.414848 0.640690 0.216912
v -2.414848 0.640690 -0.561021
v -2.320250 0.562073 0.216912
v -2.320250 0.562073 -0.561021
v -2.214191 0.494348 0.216912
v -2.214191 0.494348 -0.561021
v -2.097495 0.436863 0.216912
v -2.097495 0.436863 -0.561021
v -1.970989 0.388966 0.216912
v -1.970989 0.388966 -0.561021
v -1.835498 0.350003 0.216912
v -1.835498 0.350003 -0.561021
v -1.691849 0.319324 0.216912
v -1.691849 0.319324 -0.561021
v -1.580069 0.490560 0.216912
v -1.580069 0.490560 -0.561021
v -1.706593 0.512556 0.216912
v -1.706593 0.512556 -0.561021
v -1.827444 0.541066 0.216912
v -1.827444 0.541066 -0.561021
v -1.941606 0.576959 0.216912
v -1.941606 0.576959 -0.561021
v -2.048063 0.621102 0.216912
v -2.048063 0.621102 -0.561021
v -2.145800 0.674362 0.216912
v -2.145800 0.674362 -0.561021
v -2.233801 0.737605 0.216912
v -2.233801 0.737605 -0.561021
v -2.311049 0.811699 0.216912
v -2.311049 0.811699 -0.561021
v -2.376531 0.897512 0.216912
v -2.376531 0.897512 -0.561021
v -2.429229 0.995909 0.216912
v -2.429229 0.995909 -0.561021
v -2.468128 1.107759 0.216912
v -2.468128 1.107759 -0.561021
v -2.492212 1.233928 0.216912
v -2.492212 1.233928 -0.561021
v -2.500466 1.375283 0.216912
v -2.500466 1.375283 -0.561021
v -2.497795 1.466949 0.216912
v -2.497795 1.466949 -0.561021
v -2.489797 1.553676 0.216912
v -2.489797 1.553676 -0.561021
v -2.476497 1.634887 0.216912
v -2.476497 1.634887 -0.561021
v -2.457921 1.710005 0.216912
v -2.457921 1.710005 -0.561021
v -2.434093 1.778449 0.216912
v -2.434093 1.778449 -0.561021
v -2.405037 1.839643 0.216912
v -2.405037 1.839643 -0.561021
v -2.370779 1.893009 0.216912
v -2.370779 1.893009 -0.561021
v -2.331343 1.937968 0.216912
v -2.331343 1.937968 -0.561021
v -2.286755 1.973942 0.216912
v -2.286755 1.973942 -0.561021
v -2.237038 2.000354 0.216912
v -2.237038 2.000354 -0.561021
v -2.182218 2.016624 0.216912
v -2.182218 2.016624 -0.561021
v -2.122319 2.022177 0.216912
v -2.122319 2.022177 -0.561021
v -2.048573 2.013479 0.216912
v -2.048573 2.013479 -0.561021
v -1.976505 1.988671 0.216912
v -1.976505 1.988671 -0.561021
v -1.906897 1.949676 0.216912
v -1.906897 1.949676 -0.561021
v -1.840535 1.898417 0.216912
v -1.840535 1.898417 -0.561021
v -1.778203 1.836820 0.216912
v -1.778203 1.836820 -0.561021
v -1.720685 1.766808 0.216912
v -1.720685 1.766808 -0.561021
v -1.668766 1.690305 0.216912
v -1.668766 1.690305 -0.561021
v -1.623230 1.609236 0.216912
v -1.623230 1.609236 -0.561021
v -1.584863 1.525524 0.216912
v -1.584863 1.525524 -0.561021
v -1.554447 1.441093 0.216912
v -1.554447 1.441093 -0.561021
v -1.532769 1.357868 0.216912
v -1.532769 1.357868 -0.561021
v -1.520612 1.277773 0.216912
v -1.520612 1.277773 -0.561021
v -1.517935 1.254803 0.216912
v -1.517935 1.254803 -0.561021
v -1.515845 1.232156 0.216912
v -1.515845 1.232156 -0.561021
v -1.514332 1.209657 0.216912
v -1.514332 1.209657 -0.561021
v -1.513389 1.187134 0.216912
v -1.513389 1.187134 -0.561021
v -1.513008 1.164412 0.216912
v -1.513008 1.164412 -0.561021
v -1.513180 1.141319 0.216912
v -1.513180 1.141319 -0.561021
v -1.513897 1.117681 0.216912
v -1.513897 1.117681 -0.561021
v -1.515151 1.093324 0.216912
v -1.515151 1.093324 -0.561021
v -1.516933 1.068075 0.216912
v -1.516933 1.068075 -0.561021
v -1.519236 1.041761 0.216912
v -1.519236 1.041761 -0.561021
v -1.522050 1.014209 0.216912
v -1.522050 1.014209 -0.561021
v -1.525369 0.985244 0.216912
v -1.525369 0.985244 -0.561021
v -1.342241 0.970974 0.216912
v -1.342241 0.970974 -0.561021
v -1.339228 0.994448 0.216912
v -1.339228 0.994448 -0.561021
v -1.336174 1.019630 0.216912
v -1.336174 1.019630 -0.561021
v -1.333136 1.046448 0.216912
v -1.333136 1.046448 -0.561021
v -1.330173 1.074826 0.216912
v -1.330173 1.074826 -0.561021
v -1.327342 1.104691 0.216912
v -1.327342 1.104691 -0.561021
v -1.324701 1.135968 0.216912
v -1.324701 1.135968 -0.561021
v -1.322307 1.168583 0.216912
v -1.322307 1.168583 -0.561021
v -1.320220 1.202461 0.216912
v -1.320220 1.202461 -0.561021
v -1.318495 1.237528 0.216912
v -1.318495 1.237528 -0.561021
v -1.317192 1.273710 0.216912
v -1.317192 1.273710 -0.561021
v -1.316367 1.310933 0.216912
v -1.316367 1.310933 -0.561021
v -1.316080 1.349122 0.216912
v -1.316080 1.349122 -0.561021
v -1.316985 1.408020 0.216912
v -1.316985 1.408020 -0.561021
v -1.319559 1.471097 0.216912
v -1.319559 1.471097 -0.561021
v -1.323586 1.537378 0.216912
v -1.323586 1.537378 -0.561021
v -1.328852 1.605888 0.216912
v -1.328852 1.605888 -0.561021
v -1.335142 1.675654 0.216912
v -1.335142 1.675654 -0.561021
v -1.342241 1.745701 0.216912
v -1.342241 1.745701 -0.561021
v -1.349935 1.815053 0.216912
v -1.349935 1.815053 -0.561021
v -1.358008 1.882738 0.216912
v -1.358008 1.882738 -0.561021
v -1.366247 1.947781 0.216912
v -1.366247 1.947781 -0.561021
v -1.374436 2.009206 0.216912
v -1.374436 2.009206 -0.561021
v -1.382361 2.066040 0.216912
v -1.382361 2.066040 -0.561021
v -1.389807 2.117308 0.216912
v -1.389807 2.117308 -0.561021
v -1.392088 2.135094 0.216912
v -1.392088 2.135094 -0.561021
v -1.394189 2.152773 0.216912
v -1.394189 2.152773 -0.561021
v -1.396124 2.170336 0.216912
v -1.396124 2.170336 -0.561021
v -1.397910 2.187776 0.216912
v -1.397910 2.187776 -0.561021
v -1.399565 2.205083 0.216912
v -1.399565 2.205083 -0.561021
v -1.401103 2.222250 0.216912
v -1.401103 2.222250 -0.561021
v -1.402543 2.239268 0.216912
v -1.402543 2.239268 -0.561021
v -1.403900 2.256130 0.216912
v -1.403900 2.256130 -0.561021
v -1.405191 2.272825 0.216912
v -1.405191 2.272825 -0.561021
v -1.406433 2.289348 0.216912
v -1.406433 2.289348 -0.561021
v -1.407641 2.305689 0.216912
v -1.407641 2.305689 -0.561021
v -1.408833 2.321841 0.216912
v -1.408833 2.321841 -0.561021
v -1.618122 2.314706 0.216912
v -1.618122 2.314706 -0.561021
v -1.605703 2.268405 0.216912
v -1.605703 2.268405 -0.561021
v -1.593491 2.217009 0.216912
v -1.593491 2.217009 -0.561021
v -1.581593 2.161567 0.216912
v -1.581593 2.161567 -0.561021
v -1.570116 2.103127 0.216912
v -1.570116 2.103127 -0.561021
v -1.559167 2.042738 0.216912
v -1.559167 2.042738 -0.561021
v -1.548854 1.981448 0.216912
v -1.548854 1.981448 -0.561021
v -1.539285 1.920308 0.216912
v -1.539285 1.920308 -0.561021
v -1.530566 1.860365 0.216912
v -1.530566 1.860365 -0.561021
v -1.522804 1.802668 0.216912
v -1.522804 1.802668 -0.561021
v -1.516109 1.748266 0.216912
v -1.516109 1.748266 -0.561021
v -1.510586 1.698208 0.216912
v -1.510586 1.698208 -0.561021
v -1.506343 1.653542 0.216912
v -1.506343 1.653542 -0.561021
v -3.532843 2.079204 0.216912
v -3.532843 2.079204 -0.561021
v -3.552483 2.071911 0.216912
v -3.552483 2.071911 -0.561021
v -3.570174 2.059746 0.216912
v -3.570174 2.059746 -0.561021
v -3.585933 2.042700 0.216912
v -3.585933 2.042700 -0.561021
v -3.599776 2.020766 0.216912
v -3.599776 2.020766 -0.561021
v -3.611720 1.993934 0.216912
v -3.611720 1.993934 -0.561021
v -3.621781 1.962198 0.216912
v -3.621781 1.962198 -0.561021
v -3.629976 1.925548 0.216912
v -3.629976 1.925548 -0.561021
v -3.636320 1.883976 0.216912
v -3.636320 1.883976 -0.561021
v -3.640832 1.837474 0.216912
v -3.640832 1.837474 -0.561021
v -3.643527 1.786034 0.216912
v -3.643527 1.786034 -0.561021
v -3.644421 1.729647 0.216912
v -3.644421 1.729647 -0.561021
v -3.644323 1.703884 0.216912
v -3.644323 1.703884 -0.561021
v -3.644025 1.678922 0.216912
v -3.644025 1.678922 -0.561021
v -3.643530 1.654769 0.216912
v -3.643530 1.654769 -0.561021
v -3.642836 1.631433 0.216912
v -3.642836 1.631433 -0.561021
v -3.641944 1.608923 0.216912
v -3.641944 1.608923 -0.561021
v -3.640854 1.587248 0.216912
v -3.640854 1.587248 -0.561021
v -3.639565 1.566414 0.216912
v -3.639565 1.566414 -0.561021
v -3.638079 1.546431 0.216912
v -3.638079 1.546431 -0.561021
v -3.636394 1.527307 0.216912
v -3.636394 1.527307 -0.561021
v -3.634512 1.509050 0.216912
v -3.634512 1.509050 -0.561021
v -3.632430 1.491669 0.216912
v -3.632430 1.491669 -0.561021
v -3.630152 1.475171 0.216912
v -3.630152 1.475171 -0.561021
v -3.570694 1.066105 0.216912
v -3.570694 1.066105 -0.561021
v -3.567117 1.041175 0.216912
v -3.567117 1.041175 -0.561021
v -3.563483 1.018672 0.216912
v -3.563483 1.018672 -0.561021
v -3.559732 0.998548 0.216912
v -3.559732 0.998548 -0.561021
v -3.555808 0.980752 0.216912
v -3.555808 0.980752 -0.561021
v -3.551653 0.965235 0.216912
v -3.551653 0.965235 -0.561021
v -3.547209 0.951948 0.216912
v -3.547209 0.951948 -0.561021
v -3.542418 0.940841 0.216912
v -3.542418 0.940841 -0.561021
v -3.537222 0.931865 0.216912
v -3.537222 0.931865 -0.561021
v -3.531564 0.924969 0.216912
v -3.531564 0.924969 -0.561021
v -3.525386 0.920105 0.216912
v -3.525386 0.920105 -0.561021
v -3.518629 0.917223 0.216912
v -3.518629 0.917223 -0.561021
v -3.511237 0.916274 0.216912
v -3.511237 0.916274 -0.561021
v -3.503845 0.917223 0.216912
v -3.503845 0.917223 -0.561021
v -3.497089 0.920105 0.216912
v -3.497089 0.920105 -0.561021
v -3.490911 0.924969 0.216912
v -3.490911 0.924969 -0.561021
v -3.485253 0.931864 0.216912
v -3.485253 0.931864 -0.561021
v -3.480057 0.940840 0.216912
v -3.480057 0.940840 -0.561021
v -3.475266 0.951947 0.216912
v -3.475266 0.951947 -0.561021
v -3.470822 0.965235 0.216912
v -3.470822 0.965235 -0.561021
v -3.466666 0.980751 0.216912
v -3.466666 0.980751 -0.561021
v -3.462743 0.998547 0.216912
v -3.462743 0.998547 -0.561021
v -3.458992 1.018672 0.216912
v -3.458992 1.018672 -0.561021
v -3.455357 1.041175 0.216912
v -3.455357 1.041175 -0.561021
v -3.451780 1.066105 0.216912
v -3.451780 1.066105 -0.561021
v -3.392323 1.475171 0.216912
v -3.392323 1.475171 -0.561021
v -3.390044 1.491668 0.216912
v -3.390044 1.491668 -0.561021
v -3.387964 1.509050 0.216912
v -3.387964 1.509050 -0.561021
v -3.386081 1.527307 0.216912
v -3.386081 1.527307 -0.561021
v -3.384396 1.546431 0.216912
v -3.384396 1.546431 -0.561021
v -3.382910 1.566414 0.216912
v -3.382910 1.566414 -0.561021
v -3.381621 1.587247 0.216912
v -3.381621 1.587247 -0.561021
v -3.380531 1.608923 0.216912
v -3.380531 1.608923 -0.561021
v -3.379639 1.631433 0.216912
v -3.379639 1.631433 -0.561021
v -3.378946 1.654768 0.216912
v -3.378946 1.654768 -0.561021
v -3.378450 1.678921 0.216912
v -3.378450 1.678921 -0.561021
v -3.378153 1.703884 0.216912
v -3.378153 1.703884 -0.561021
v -3.378053 1.729647 0.216912
v -3.378053 1.729647 -0.561021
v -3.378947 1.786034 0.216912
v -3.378947 1.786034 -0.561021
v -3.381643 1.837474 0.216912
v -3.381643 1.837474 -0.561021
v -3.386154 1.883976 0.216912
v -3.386154 1.883976 -0.561021
v -3.392499 1.925548 0.216912
v -3.392499 1.925548 -0.561021
v -3.400694 1.962198 0.216912
v -3.400694 1.962198 -0.561021
v -3.410754 1.993934 0.216912
v -3.410754 1.993934 -0.561021
v -3.422698 2.020766 0.216912
v -3.422698 2.020766 -0.561021
v -3.436541 2.042700 0.216912
v -3.436541 2.042700 -0.561021
v -3.452300 2.059746 0.216912
v -3.452300 2.059746 -0.561021
v -3.469991 2.071911 0.216912
v -3.469991 2.071911 -0.561021
v -3.489632 2.079204 0.216912
v -3.489632 2.079204 -0.561021
v -3.511237 2.081633 0.216912
v -3.511237 2.081633 -0.561021
v -3.655004 0.540236 0.216912
v -3.655004 0.540236 -0.561021
v -3.651192 0.521709 0.216912
v -3.651192 0.521709 -0.561021
v -3.645053 0.504124 0.216912
v -3.645053 0.504124 -0.561021
v -3.636758 0.487654 0.216912
v -3.636758 0.487654 -0.561021
v -3.626481 0.472471 0.216912
v -3.626481 0.472471 -0.561021
v -3.614395 0.458751 0.216912
v -3.614395 0.458751 -0.561021
v -3.600675 0.446665 0.216912
v -3.600675 0.446665 -0.561021
v -3.585492 0.436388 0.216912
v -3.585492 0.436388 -0.561021
v -3.569022 0.428093 0.216912
v -3.569022 0.428093 -0.561021
v -3.551437 0.421953 0.216912
v -3.551437 0.421953 -0.561021
v -3.532910 0.418142 0.216912
v -3.532910 0.418142 -0.561021
v -3.513616 0.416834 0.216912
v -3.513616 0.416834 -0.561021
v -3.494321 0.418143 0.216912
v -3.494321 0.418143 -0.561021
v -3.475794 0.421953 0.216912
v -3.475794 0.421953 -0.561021
v -3.458209 0.428093 0.216912
v -3.458209 0.428093 -0.561021
v -3.441739 0.436388 0.216912
v -3.441739 0.436388 -0.561021
v -3.426556 0.446665 0.216912
v -3.426556 0.446665 -0.561021
v -3.412836 0.458751 0.216912
v -3.412836 0.458751 -0.561021
v -3.400750 0.472471 0.216912
v -3.400750 0.472471 -0.561021
v -3.390473 0.487654 0.216912
v -3.390473 0.487654 -0.561021
v -3.382178 0.504124 0.216912
v -3.382178 0.504124 -0.561021
v -3.376038 0.521709 0.216912
v -3.376038 0.521709 -0.561021
v -3.372227 0.540236 0.216912
v -3.372227 0.540236 -0.561021
v -3.370919 0.559531 0.216912
v -3.370919 0.559531 -0.561021
v -3.372227 0.578825 0.216912
v -3.372227 0.578825 -0.561021
v -3.376038 0.597352 0.216912
v -3.376038 0.597352 -0.561021
v -3.382178 0.614937 0.216912
v -3.382178 0.614937 -0.561021
v -3.390473 0.631408 0.216912
v -3.390473 0.631408 -0.561021
v -3.400750 0.646590 0.216912
v -3.400750 0.646590 -0.561021
v -3.412836 0.660311 0.216912
v -3.412836 0.660311 -0.561021
v -3.426556 0.672396 0.216912
v -3.426556 0.672396 -0.561021
v -3.441739 0.682673 0.216912
v -3.441739 0.682673 -0.561021
v -3.458209 0.690968 0.216912
v -3.458209 0.690968 -0.561021
v -3.475794 0.697108 0.216912
v -3.475794 0.697108 -0.561021
v -3.494321 0.700919 0.216912
v -3.494321 0.700919 -0.561021
v -3.513616 0.702228 0.216912
v -3.513616 0.702228 -0.561021
v -3.532910 0.700919 0.216912
v -3.532910 0.700919 -0.561021
v -3.551437 0.697108 0.216912
v -3.551437 0.697108 -0.561021
v -3.569022 0.690968 0.216912
v -3.569022 0.690968 -0.561021
v -3.585492 0.682673 0.216912
v -3.585492 0.682673 -0.561021
v -3.600675 0.672396 0.216912
v -3.600675 0.672396 -0.561021
v -3.614395 0.660311 0.216912
v -3.614395 0.660311 -0.561021
v -3.626481 0.646590 0.216912
v -3.626481 0.646590 -0.561021
v -3.636758 0.631408 0.216912
v -3.636758 0.631408 -0.561021
v -3.645053 0.614937 0.216912
v -3.645053 0.614937 -0.561021
v -3.651192 0.597352 0.216912
v -3.651192 0.597352 -0.561021
v -3.655004 0.578825 0.216912
v -3.655004 0.578825 -0.561021
v -3.656313 0.559531 0.216912
v -3.656313 0.559531 -0.561021
v 10.496433 -1.590439 0.216911
v 10.496433 -1.590440 -0.561022
v 10.426618 -1.590439 0.216911
v 10.426618 -1.590440 -0.561022
v 10.340419 -1.590439 0.216911
v 10.340419 -1.590440 -0.561022
v 10.242081 -1.590439 0.216911
v 10.242081 -1.590440 -0.561022
v 10.135848 -1.590439 0.216911
v 10.135848 -1.590440 -0.561022
v 10.025965 -1.590439 0.216911
v 10.025965 -1.590440 -0.561022
v 9.916677 -1.590439 0.216911
v 9.916677 -1.590440 -0.561022
v 9.812227 -1.590439 0.216911
v 9.812227 -1.590440 -0.561022
v 9.716862 -1.590439 0.216911
v 9.716862 -1.590440 -0.561022
v 9.634825 -1.590439 0.216911
v 9.634825 -1.590440 -0.561022
v 9.570360 -1.590439 0.216911
v 9.570360 -1.590440 -0.561022
v 9.527714 -1.590439 0.216911
v 9.527714 -1.590440 -0.561022
v 9.506367 -1.590389 0.216911
v 9.506367 -1.590389 -0.561022
v 9.485168 -1.590230 0.216911
v 9.485168 -1.590230 -0.561022
v 9.464169 -1.589956 0.216911
v 9.464169 -1.589957 -0.561022
v 9.443417 -1.589559 0.216911
v 9.443417 -1.589559 -0.561022
v 9.422961 -1.589029 0.216911
v 9.422961 -1.589029 -0.561022
v 9.402854 -1.588359 0.216911
v 9.402854 -1.588359 -0.561022
v 9.383142 -1.587540 0.216911
v 9.383142 -1.587540 -0.561022
v 9.363876 -1.586564 0.216911
v 9.363876 -1.586564 -0.561022
v 9.345106 -1.585423 0.216911
v 9.345106 -1.585423 -0.561022
v 9.326880 -1.584108 0.216911
v 9.326880 -1.584108 -0.561022
v 9.309250 -1.582612 0.216911
v 9.309250 -1.582612 -0.561022
v 9.292264 -1.580926 0.216911
v 9.292264 -1.580926 -0.561022
v 9.292264 -1.794972 0.216911
v 9.292264 -1.794972 -0.561022
v 9.309385 -1.793832 0.216911
v 9.309385 -1.793832 -0.561022
v 9.327375 -1.792792 0.216911
v 9.327375 -1.792792 -0.561022
v 9.346108 -1.791850 0.216911
v 9.346108 -1.791851 -0.561022
v 9.365461 -1.791008 0.216911
v 9.365461 -1.791008 -0.561022
v 9.385309 -1.790265 0.216911
v 9.385309 -1.790265 -0.561022
v 9.405529 -1.789621 0.216911
v 9.405529 -1.789621 -0.561022
v 9.425997 -1.789076 0.216911
v 9.425997 -1.789076 -0.561022
v 9.446588 -1.788630 0.216911
v 9.446588 -1.788630 -0.561022
v 9.467178 -1.788283 0.216911
v 9.467178 -1.788283 -0.561022
v 9.487646 -1.788035 0.216911
v 9.487646 -1.788035 -0.561022
v 9.507866 -1.787887 0.216911
v 9.507866 -1.787887 -0.561022
v 9.527714 -1.787837 0.216911
v 9.527714 -1.787837 -0.561022
v 9.569997 -1.787837 0.216911
v 9.569997 -1.787837 -0.561022
v 9.635486 -1.787837 0.216911
v 9.635486 -1.787837 -0.561022
v 9.719538 -1.787837 0.216911
v 9.719538 -1.787837 -0.561022
v 9.817513 -1.787837 0.216911
v 9.817513 -1.787837 -0.561022
v 9.924769 -1.787837 0.216911
v 9.924769 -1.787837 -0.561022
v 10.036667 -1.787837 0.216911
v 10.036667 -1.787837 -0.561022
v 10.148564 -1.787837 0.216911
v 10.148564 -1.787837 -0.561022
v 10.255821 -1.787837 0.216911
v 10.255821 -1.787837 -0.561022
v 10.353796 -1.787837 0.216911
v 10.353796 -1.787837 -0.561022
v 10.437848 -1.787837 0.216911
v 10.437848 -1.787837 -0.561022
v 10.503337 -1.787837 0.216911
v 10.503337 -1.787837 -0.561022
v 10.545620 -1.787837 0.216911
v 10.545620 -1.787837 -0.561022
v 10.566331 -1.787932 0.216911
v 10.566331 -1.787932 -0.561022
v 10.586844 -1.788200 0.216911
v 10.586844 -1.788201 -0.561022
v 10.607159 -1.788618 0.216911
v 10.607159 -1.788618 -0.561022
v 10.627275 -1.789158 0.216911
v 10.627275 -1.789158 -0.561022
v 10.647193 -1.789798 0.216911
v 10.647193 -1.789798 -0.561022
v 10.666913 -1.790513 0.216911
v 10.666913 -1.790513 -0.561022
v 10.686435 -1.791277 0.216911
v 10.686435 -1.791277 -0.561022
v 10.705757 -1.792065 0.216911
v 10.705757 -1.792065 -0.561022
v 10.724883 -1.792854 0.216911
v 10.724883 -1.792854 -0.561022
v 10.743811 -1.793618 0.216911
v 10.743811 -1.793618 -0.561022
v 10.762540 -1.794332 0.216911
v 10.762540 -1.794332 -0.561022
v 10.781070 -1.794972 0.216911
v 10.781070 -1.794972 -0.561022
v 10.781070 -1.580926 0.216911
v 10.781070 -1.580926 -0.561022
v 10.761951 -1.582113 0.216911
v 10.761951 -1.582113 -0.561022
v 10.742657 -1.583282 0.216911
v 10.742657 -1.583283 -0.561022
v 10.723213 -1.584419 0.216911
v 10.723213 -1.584419 -0.561022
v 10.703646 -1.585507 0.216911
v 10.703646 -1.585507 -0.561022
v 10.683979 -1.586528 0.216911
v 10.683979 -1.586528 -0.561022
v 10.664239 -1.587467 0.216911
v 10.664239 -1.587467 -0.561022
v 10.644448 -1.588306 0.216911
v 10.644448 -1.588306 -0.561022
v 10.624633 -1.589030 0.216911
v 10.624633 -1.589030 -0.561022
v 10.604817 -1.589622 0.216911
v 10.604817 -1.589622 -0.561022
v 10.585028 -1.590065 0.216911
v 10.585028 -1.590065 -0.561022
v 10.565287 -1.590343 0.216911
v 10.565287 -1.590343 -0.561022
v 10.545620 -1.590439 0.216911
v 10.545620 -1.590440 -0.561022
v 10.681510 -2.770069 0.216911
v 10.681510 -2.770069 -0.561022
v 10.592041 -2.770069 0.216911
v 10.592041 -2.770069 -0.561022
v 10.474496 -2.770069 0.216911
v 10.474496 -2.770069 -0.561022
v 10.335892 -2.770069 0.216911
v 10.335892 -2.770069 -0.561022
v 10.183249 -2.770069 0.216911
v 10.183249 -2.770069 -0.561022
v 10.023586 -2.770069 0.216911
v 10.023586 -2.770069 -0.561022
v 9.863925 -2.770069 0.216911
v 9.863925 -2.770069 -0.561022
v 9.711282 -2.770069 0.216911
v 9.711282 -2.770069 -0.561022
v 9.572678 -2.770069 0.216911
v 9.572678 -2.770069 -0.561022
v 9.455132 -2.770069 0.216911
v 9.455132 -2.770069 -0.561022
v 9.365663 -2.770069 0.216911
v 9.365663 -2.770069 -0.561022
v 9.311290 -2.770069 0.216911
v 9.311290 -2.770069 -0.561022
v 9.293362 -2.769971 0.216911
v 9.293362 -2.769971 -0.561022
v 9.275275 -2.769684 0.216911
v 9.275275 -2.769684 -0.561022
v 9.257072 -2.769215 0.216911
v 9.257072 -2.769215 -0.561022
v 9.238796 -2.768572 0.216911
v 9.238796 -2.768572 -0.561022
v 9.220487 -2.767764 0.216911
v 9.220487 -2.767764 -0.561022
v 9.202187 -2.766799 0.216911
v 9.202187 -2.766799 -0.561022
v 9.183934 -2.765686 0.216911
v 9.183934 -2.765686 -0.561022
v 9.165774 -2.764432 0.216911
v 9.165774 -2.764432 -0.561022
v 9.147745 -2.763046 0.216911
v 9.147745 -2.763046 -0.561022
v 9.129890 -2.761536 0.216911
v 9.129890 -2.761536 -0.561022
v 9.112250 -2.759911 0.216911
v 9.112250 -2.759911 -0.561022
v 9.094866 -2.758178 0.216911
v 9.094866 -2.758178 -0.561022
v 9.094866 -2.986493 0.216911
v 9.094866 -2.986493 -0.561022
v 9.112886 -2.984760 0.216911
v 9.112886 -2.984760 -0.561022
v 9.131212 -2.983135 0.216911
v 9.131212 -2.983135 -0.561022
v 9.149753 -2.981625 0.216911
v 9.149753 -2.981625 -0.561022
v 9.168417 -2.980239 0.216911
v 9.168417 -2.980239 -0.561022
v 9.187114 -2.978985 0.216911
v 9.187114 -2.978985 -0.561022
v 9.205753 -2.977872 0.216911
v 9.205753 -2.977872 -0.561022
v 9.224244 -2.976907 0.216911
v 9.224244 -2.976907 -0.561022
v 9.242496 -2.976099 0.216911
v 9.242496 -2.976099 -0.561022
v 9.260416 -2.975456 0.216911
v 9.260416 -2.975456 -0.561022
v 9.277917 -2.974987 0.216911
v 9.277917 -2.974987 -0.561022
v 9.294905 -2.974699 0.216911
v 9.294905 -2.974699 -0.561022
v 9.311290 -2.974602 0.216911
v 9.311290 -2.974602 -0.561022
v 9.365662 -2.974602 0.216911
v 9.365662 -2.974602 -0.561022
v 9.455131 -2.974602 0.216911
v 9.455131 -2.974602 -0.561022
v 9.572677 -2.974602 0.216911
v 9.572677 -2.974602 -0.561022
v 9.711281 -2.974602 0.216911
v 9.711281 -2.974602 -0.561022
v 9.863924 -2.974602 0.216911
v 9.863924 -2.974602 -0.561022
v 10.023585 -2.974602 0.216911
v 10.023585 -2.974602 -0.561022
v 10.183248 -2.974602 0.216911
v 10.183248 -2.974602 -0.561022
v 10.335890 -2.974602 0.216911
v 10.335890 -2.974602 -0.561022
v 10.474494 -2.974602 0.216911
v 10.474494 -2.974602 -0.561022
v 10.592040 -2.974602 0.216911
v 10.592040 -2.974602 -0.561022
v 10.681509 -2.974602 0.216911
v 10.681509 -2.974602 -0.561022
v 10.735883 -2.974602 0.216911
v 10.735883 -2.974602 -0.561022
v 10.757238 -2.974745 0.216911
v 10.757238 -2.974745 -0.561022
v 10.778494 -2.975152 0.216911
v 10.778494 -2.975152 -0.561022
v 10.799650 -2.975791 0.216911
v 10.799650 -2.975791 -0.561022
v 10.820709 -2.976628 0.216911
v 10.820709 -2.976628 -0.561022
v 10.841667 -2.977630 0.216911
v 10.841667 -2.977630 -0.561022
v 10.862527 -2.978764 0.216911
v 10.862527 -2.978764 -0.561022
v 10.883287 -2.979997 0.216911
v 10.883287 -2.979997 -0.561022
v 10.903949 -2.981296 0.216911
v 10.903949 -2.981296 -0.561022
v 10.924511 -2.982628 0.216911
v 10.924511 -2.982628 -0.561022
v 10.944974 -2.983961 0.216911
v 10.944974 -2.983961 -0.561022
v 10.965339 -2.985260 0.216911
v 10.965339 -2.985260 -0.561022
v 10.985602 -2.986493 0.216911
v 10.985602 -2.986493 -0.561022
v 10.985602 -2.758178 0.216911
v 10.985602 -2.758178 -0.561022
v 10.965339 -2.759411 0.216911
v 10.965339 -2.759411 -0.561022
v 10.944974 -2.760710 0.216911
v 10.944974 -2.760710 -0.561022
v 10.924511 -2.762043 0.216911
v 10.924511 -2.762043 -0.561022
v 10.903949 -2.763375 0.216911
v 10.903949 -2.763375 -0.561022
v 10.883287 -2.764674 0.216911
v 10.883287 -2.764674 -0.561022
v 10.862527 -2.765907 0.216911
v 10.862527 -2.765907 -0.561022
v 10.841667 -2.767041 0.216911
v 10.841667 -2.767041 -0.561022
v 10.820709 -2.768043 0.216911
v 10.820709 -2.768043 -0.561022
v 10.799650 -2.768880 0.216911
v 10.799650 -2.768880 -0.561022
v 10.778494 -2.769519 0.216911
v 10.778494 -2.769519 -0.561022
v 10.757238 -2.769926 0.216911
v 10.757238 -2.769926 -0.561022
v 10.735883 -2.770069 0.216911
v 10.735883 -2.770069 -0.561022
v 7.444335 -2.610724 0.216911
v 7.444335 -2.610724 -0.561022
v 7.406355 -2.576831 0.216911
v 7.406355 -2.576831 -0.561022
v 7.367624 -2.539750 0.216911
v 7.367624 -2.539750 -0.561022
v 7.328579 -2.500059 0.216911
v 7.328579 -2.500059 -0.561022
v 7.289659 -2.458338 0.216911
v 7.289659 -2.458338 -0.561022
v 7.251299 -2.415162 0.216911
v 7.251299 -2.415162 -0.561022
v 7.213939 -2.371112 0.216911
v 7.213939 -2.371112 -0.561022
v 7.178015 -2.326764 0.216911
v 7.178015 -2.326764 -0.561022
v 7.143967 -2.282697 0.216911
v 7.143967 -2.282697 -0.561022
v 7.112229 -2.239488 0.216911
v 7.112229 -2.239489 -0.561022
v 7.083243 -2.197717 0.216911
v 7.083243 -2.197717 -0.561022
v 7.057444 -2.157961 0.216911
v 7.057444 -2.157961 -0.561022
v 7.035271 -2.120797 0.216911
v 7.035271 -2.120797 -0.561022
v 7.755891 -2.263494 0.216911
v 7.755891 -2.263494 -0.561022
v 7.731724 -2.350472 0.216911
v 7.731724 -2.350472 -0.561022
v 7.707037 -2.439267 0.216911
v 7.707037 -2.439267 -0.561022
v 7.682201 -2.528524 0.216911
v 7.682201 -2.528524 -0.561022
v 7.657588 -2.616890 0.216911
v 7.657588 -2.616890 -0.561022
v 7.633570 -2.703009 0.216911
v 7.633570 -2.703009 -0.561022
v 7.610518 -2.785528 0.216911
v 7.610518 -2.785528 -0.561022
v 7.588804 -2.863092 0.216911
v 7.588804 -2.863092 -0.561022
v 7.568799 -2.934347 0.216911
v 7.568799 -2.934347 -0.561022
v 7.550876 -2.997939 0.216911
v 7.550876 -2.997939 -0.561022
v 7.535404 -3.052513 0.216911
v 7.535404 -3.052513 -0.561022
v 7.522757 -3.096714 0.216911
v 7.522757 -3.096714 -0.561022
v 7.513306 -3.129190 0.216911
v 7.513306 -3.129190 -0.561022
v 7.509551 -3.141047 0.216911
v 7.509551 -3.141047 -0.561022
v 7.505466 -3.153887 0.216911
v 7.505466 -3.153887 -0.561022
v 7.501118 -3.167503 0.216911
v 7.501118 -3.167503 -0.561022
v 7.496570 -3.181689 0.216911
v 7.496570 -3.181689 -0.561022
v 7.491890 -3.196238 0.216911
v 7.491890 -3.196238 -0.561022
v 7.487144 -3.210944 0.216911
v 7.487144 -3.210944 -0.561022
v 7.482399 -3.225600 0.216911
v 7.482399 -3.225600 -0.561022
v 7.477719 -3.240001 0.216911
v 7.477719 -3.240001 -0.561022
v 7.473172 -3.253939 0.216911
v 7.473172 -3.253939 -0.561022
v 7.468823 -3.267208 0.216911
v 7.468823 -3.267208 -0.561022
v 7.464738 -3.279602 0.216911
v 7.464738 -3.279602 -0.561022
v 7.460984 -3.290914 0.216911
v 7.460984 -3.290914 -0.561022
v 7.663137 -3.343236 0.216911
v 7.663137 -3.343236 -0.561022
v 7.665020 -3.329964 0.216911
v 7.665020 -3.329964 -0.561022
v 7.667101 -3.316337 0.216911
v 7.667101 -3.316337 -0.561022
v 7.669381 -3.302396 0.216911
v 7.669381 -3.302396 -0.561022
v 7.671858 -3.288183 0.216911
v 7.671858 -3.288183 -0.561022
v 7.674534 -3.273738 0.216911
v 7.674534 -3.273738 -0.561022
v 7.677407 -3.259104 0.216911
v 7.677407 -3.259104 -0.561022
v 7.680480 -3.244321 0.216911
v 7.680480 -3.244321 -0.561022
v 7.683750 -3.229431 0.216911
v 7.683750 -3.229431 -0.561022
v 7.687219 -3.214474 0.216911
v 7.687219 -3.214474 -0.561022
v 7.690885 -3.199493 0.216911
v 7.690885 -3.199493 -0.561022
v 7.694750 -3.184528 0.216911
v 7.694750 -3.184528 -0.561022
v 7.698812 -3.169621 0.216911
v 7.698812 -3.169621 -0.561022
v 7.936641 -2.301547 0.216911
v 7.936641 -2.301547 -0.561022
v 8.419433 -2.399057 0.216911
v 8.419433 -2.399057 -0.561022
v 8.466998 -2.218307 0.216911
v 8.466998 -2.218307 -0.561022
v 8.450488 -2.217020 0.216911
v 8.450488 -2.217020 -0.561022
v 8.434209 -2.215543 0.216911
v 8.434209 -2.215543 -0.561022
v 8.418095 -2.213885 0.216911
v 8.418095 -2.213885 -0.561022
v 8.402080 -2.212053 0.216911
v 8.402080 -2.212053 -0.561022
v 8.386098 -2.210056 0.216911
v 8.386098 -2.210056 -0.561022
v 8.370083 -2.207902 0.216911
v 8.370083 -2.207902 -0.561022
v 8.353970 -2.205599 0.216911
v 8.353970 -2.205599 -0.561022
v 8.337690 -2.203156 0.216911
v 8.337690 -2.203156 -0.561022
v 8.321180 -2.200581 0.216911
v 8.321180 -2.200581 -0.561022
v 8.304372 -2.197882 0.216911
v 8.304372 -2.197882 -0.561022
v 8.287201 -2.195068 0.216911
v 8.287201 -2.195068 -0.561022
v 8.269601 -2.192146 0.216911
v 8.269601 -2.192146 -0.561022
v 7.979450 -2.139823 0.216911
v 7.979450 -2.139823 -0.561022
v 8.057934 -1.866321 0.216911
v 8.057934 -1.866321 -0.561022
v 8.062144 -1.851704 0.216911
v 8.062144 -1.851704 -0.561022
v 8.066455 -1.837583 0.216911
v 8.066455 -1.837583 -0.561022
v 8.070865 -1.823957 0.216911
v 8.070865 -1.823957 -0.561022
v 8.075374 -1.810827 0.216911
v 8.075374 -1.810827 -0.561022
v 8.079982 -1.798193 0.216911
v 8.079982 -1.798193 -0.561022
v 8.084688 -1.786053 0.216911
v 8.084688 -1.786053 -0.561022
v 8.089495 -1.774410 0.216911
v 8.089495 -1.774410 -0.561022
v 8.094400 -1.763262 0.216911
v 8.094400 -1.763262 -0.561022
v 8.099404 -1.752609 0.216911
v 8.099404 -1.752609 -0.561022
v 8.104508 -1.742452 0.216911
v 8.104508 -1.742452 -0.561022
v 8.109711 -1.732790 0.216911
v 8.109711 -1.732790 -0.561022
v 8.115012 -1.723623 0.216911
v 8.115012 -1.723624 -0.561022
v 7.910480 -1.673679 0.216911
v 7.910480 -1.673679 -0.561022
v 7.908597 -1.684032 0.216911
v 7.908597 -1.684032 -0.561022
v 7.906526 -1.694864 0.216911
v 7.906526 -1.694864 -0.561022
v 7.904273 -1.706158 0.216911
v 7.904273 -1.706158 -0.561022
v 7.901847 -1.717898 0.216911
v 7.901847 -1.717898 -0.561022
v 7.899255 -1.730067 0.216911
v 7.899255 -1.730067 -0.561022
v 7.896506 -1.742650 0.216911
v 7.896506 -1.742650 -0.561022
v 7.893609 -1.755628 0.216911
v 7.893609 -1.755628 -0.561022
v 7.890572 -1.768987 0.216911
v 7.890572 -1.768987 -0.561022
v 7.887403 -1.782709 0.216911
v 7.887403 -1.782709 -0.561022
v 7.884109 -1.796778 0.216911
v 7.884109 -1.796778 -0.561022
v 7.880700 -1.811177 0.216911
v 7.880700 -1.811177 -0.561022
v 7.877184 -1.825890 0.216911
v 7.877184 -1.825890 -0.561022
v 7.798700 -2.106528 0.216911
v 7.798700 -2.106528 -0.561022
v 7.713655 -2.090219 0.216911
v 7.713655 -2.090219 -0.561022
v 7.627100 -2.073573 0.216911
v 7.627100 -2.073573 -0.561022
v 7.540396 -2.056844 0.216911
v 7.540396 -2.056844 -0.561022
v 7.454906 -2.040288 0.216911
v 7.454906 -2.040288 -0.561022
v 7.371992 -2.024161 0.216911
v 7.371992 -2.024161 -0.561022
v 7.293017 -2.008720 0.216911
v 7.293017 -2.008720 -0.561022
v 7.219344 -1.994221 0.216911
v 7.219344 -1.994221 -0.561022
v 7.152335 -1.980919 0.216911
v 7.152335 -1.980919 -0.561022
v 7.093352 -1.969070 0.216911
v 7.093352 -1.969070 -0.561022
v 7.043760 -1.958931 0.216911
v 7.043760 -1.958931 -0.561022
v 7.004919 -1.950757 0.216911
v 7.004919 -1.950757 -0.561022
v 6.978191 -1.944804 0.216911
v 6.978191 -1.944804 -0.561022
v 6.970873 -1.942971 0.216911
v 6.970873 -1.942971 -0.561022
v 6.963240 -1.941038 0.216911
v 6.963240 -1.941038 -0.561022
v 6.955376 -1.939007 0.216911
v 6.955376 -1.939007 -0.561022
v 6.947363 -1.936876 0.216911
v 6.947363 -1.936876 -0.561022
v 6.939283 -1.934647 0.216911
v 6.939283 -1.934647 -0.561022
v 6.931221 -1.932318 0.216911
v 6.931221 -1.932318 -0.561022
v 6.923258 -1.929890 0.216911
v 6.923258 -1.929890 -0.561022
v 6.915476 -1.927363 0.216911
v 6.915476 -1.927363 -0.561022
v 6.907958 -1.924737 0.216911
v 6.907958 -1.924737 -0.561022
v 6.900787 -1.922012 0.216911
v 6.900787 -1.922012 -0.561022
v 6.894046 -1.919188 0.216911
v 6.894046 -1.919188 -0.561022
v 6.887816 -1.916265 0.216911
v 6.887816 -1.916265 -0.561022
v 6.768903 -1.999505 0.216911
v 6.768903 -1.999505 -0.561022
v 6.796764 -2.052592 0.216911
v 6.796764 -2.052592 -0.561022
v 6.829879 -2.110073 0.216911
v 6.829879 -2.110073 -0.561022
v 6.867453 -2.170890 0.216911
v 6.867453 -2.170890 -0.561022
v 6.908692 -2.233986 0.216911
v 6.908692 -2.233986 -0.561022
v 6.952806 -2.298304 0.216911
v 6.952806 -2.298304 -0.561022
v 6.999002 -2.362788 0.216911
v 6.999002 -2.362788 -0.561022
v 7.046485 -2.426379 0.216911
v 7.046485 -2.426379 -0.561022
v 7.094463 -2.488022 0.216911
v 7.094463 -2.488022 -0.561022
v 7.142144 -2.546659 0.216911
v 7.142144 -2.546659 -0.561022
v 7.188736 -2.601233 0.216911
v 7.188736 -2.601233 -0.561022
v 7.233444 -2.650687 0.216911
v 7.233444 -2.650687 -0.561022
v 7.275477 -2.693964 0.216911
v 7.275477 -2.693964 -0.561022
v 5.536950 -1.247966 0.216911
v 5.536950 -1.247966 -0.561022
v 5.540067 -1.264343 0.216911
v 5.540067 -1.264343 -0.561022
v 5.543447 -1.283652 0.216911
v 5.543447 -1.283652 -0.561022
v 5.547059 -1.305751 0.216911
v 5.547059 -1.305751 -0.561022
v 5.550868 -1.330502 0.216911
v 5.550868 -1.330502 -0.561022
v 5.554843 -1.357762 0.216911
v 5.554843 -1.357762 -0.561022
v 5.558950 -1.387393 0.216911
v 5.558950 -1.387393 -0.561022
v 5.563156 -1.419254 0.216911
v 5.563156 -1.419254 -0.561022
v 5.567428 -1.453204 0.216911
v 5.567428 -1.453204 -0.561022
v 5.571733 -1.489102 0.216911
v 5.571733 -1.489102 -0.561022
v 5.576038 -1.526809 0.216911
v 5.576038 -1.526809 -0.561022
v 5.580310 -1.566185 0.216911
v 5.580310 -1.566185 -0.561022
v 5.584517 -1.607087 0.216911
v 5.584517 -1.607087 -0.561022
v 5.572625 -1.602331 0.216911
v 5.572625 -1.602331 -0.561022
v 5.501276 -1.685571 0.216911
v 5.501276 -1.685571 -0.561022
v 5.509195 -1.696704 0.216911
v 5.509195 -1.696704 -0.561022
v 5.517462 -1.708638 0.216911
v 5.517462 -1.708638 -0.561022
v 5.526025 -1.721282 0.216911
v 5.526025 -1.721282 -0.561022
v 5.534837 -1.734546 0.216911
v 5.534837 -1.734546 -0.561022
v 5.543846 -1.748338 0.216911
v 5.543846 -1.748338 -0.561022
v 5.553004 -1.762568 0.216911
v 5.553004 -1.762568 -0.561022
v 5.562262 -1.777144 0.216911
v 5.562262 -1.777145 -0.561022
v 5.571568 -1.791977 0.216911
v 5.571568 -1.791977 -0.561022
v 5.580874 -1.806975 0.216911
v 5.580874 -1.806975 -0.561022
v 5.590132 -1.822047 0.216911
v 5.590132 -1.822047 -0.561022
v 5.599290 -1.837103 0.216911
v 5.599290 -1.837103 -0.561022
v 5.608299 -1.852051 0.216911
v 5.608299 -1.852051 -0.561022
v 5.620191 -2.006639 0.216911
v 5.620191 -2.006639 -0.561022
v 5.554621 -1.955279 0.216911
v 5.554621 -1.955279 -0.561022
v 5.488845 -1.909295 0.216911
v 5.488845 -1.909295 -0.561022
v 5.423053 -1.868513 0.216911
v 5.423053 -1.868513 -0.561022
v 5.357433 -1.832760 0.216911
v 5.357433 -1.832760 -0.561022
v 5.292178 -1.801863 0.216911
v 5.292178 -1.801863 -0.561022
v 5.227476 -1.775648 0.216911
v 5.227476 -1.775648 -0.561022
v 5.163517 -1.753942 0.216911
v 5.163517 -1.753942 -0.561022
v 5.100491 -1.736572 0.216911
v 5.100491 -1.736572 -0.561022
v 5.038588 -1.723363 0.216911
v 5.038588 -1.723363 -0.561022
v 4.977998 -1.714143 0.216911
v 4.977998 -1.714143 -0.561022
v 4.918911 -1.708738 0.216911
v 4.918911 -1.708738 -0.561022
v 4.861517 -1.706975 0.216911
v 4.861517 -1.706975 -0.561022
v 4.780357 -1.711775 0.216911
v 4.780357 -1.711775 -0.561022
v 4.701567 -1.725947 0.216911
v 4.701567 -1.725947 -0.561022
v 4.626030 -1.749153 0.216911
v 4.626030 -1.749153 -0.561022
v 4.554630 -1.781055 0.216911
v 4.554630 -1.781055 -0.561022
v 4.488252 -1.821313 0.216911
v 4.488252 -1.821314 -0.561022
v 4.427777 -1.869591 0.216911
v 4.427777 -1.869591 -0.561022
v 4.374091 -1.925548 0.216911
v 4.374091 -1.925548 -0.561022
v 4.328076 -1.988846 0.216911
v 4.328076 -1.988846 -0.561022
v 4.290617 -2.059148 0.216911
v 4.290617 -2.059148 -0.561022
v 4.262597 -2.136113 0.216911
v 4.262597 -2.136113 -0.561022
v 4.244899 -2.219404 0.216911
v 4.244899 -2.219404 -0.561022
v 4.238406 -2.308682 0.216911
v 4.238406 -2.308682 -0.561022
v 4.245039 -2.423479 0.216911
v 4.245039 -2.423480 -0.561022
v 4.265702 -2.529037 0.216911
v 4.265702 -2.529037 -0.561022
v 4.299759 -2.625626 0.216911
v 4.299759 -2.625626 -0.561022
v 4.346574 -2.713519 0.216911
v 4.346574 -2.713519 -0.561022
v 4.405513 -2.792989 0.216911
v 4.405513 -2.792989 -0.561022
v 4.475938 -2.864309 0.216911
v 4.475938 -2.864309 -0.561022
v 4.557214 -2.927750 0.216911
v 4.557214 -2.927750 -0.561022
v 4.648705 -2.983586 0.216911
v 4.648705 -2.983586 -0.561022
v 4.749775 -3.032089 0.216911
v 4.749775 -3.032089 -0.561022
v 4.859789 -3.073532 0.216911
v 4.859789 -3.073532 -0.561022
v 4.978110 -3.108186 0.216911
v 4.978110 -3.108186 -0.561022
v 5.104102 -3.136325 0.216911
v 5.104102 -3.136325 -0.561022
v 5.192100 -2.957954 0.216911
v 5.192100 -2.957954 -0.561022
v 5.092646 -2.940907 0.216911
v 5.092646 -2.940907 -0.561022
v 4.996000 -2.918095 0.216911
v 4.996000 -2.918095 -0.561022
v 4.903286 -2.889206 0.216911
v 4.903286 -2.889206 -0.561022
v 4.815625 -2.853926 0.216911
v 4.815625 -2.853926 -0.561022
v 4.734141 -2.811940 0.216911
v 4.734141 -2.811940 -0.561022
v 4.659957 -2.762934 0.216911
v 4.659957 -2.762934 -0.561022
v 4.594197 -2.706596 0.216911
v 4.594197 -2.706596 -0.561022
v 4.537982 -2.642611 0.216911
v 4.537982 -2.642611 -0.561022
v 4.492437 -2.570665 0.216911
v 4.492437 -2.570665 -0.561022
v 4.458684 -2.490444 0.216911
v 4.458684 -2.490444 -0.561022
v 4.437846 -2.401636 0.216911
v 4.437846 -2.401636 -0.561022
v 4.431047 -2.303925 0.216911
v 4.431047 -2.303925 -0.561022
v 4.434084 -2.257126 0.216911
v 4.434084 -2.257126 -0.561022
v 4.443247 -2.208981 0.216911
v 4.443247 -2.208981 -0.561022
v 4.458621 -2.160522 0.216911
v 4.458621 -2.160522 -0.561022
v 4.480287 -2.112782 0.216911
v 4.480287 -2.112782 -0.561022
v 4.508328 -2.066792 0.216911
v 4.508328 -2.066792 -0.561022
v 4.542827 -2.023585 0.216911
v 4.542827 -2.023585 -0.561022
v 4.583866 -1.984193 0.216911
v 4.583866 -1.984193 -0.561022
v 4.631528 -1.949649 0.216911
v 4.631528 -1.949649 -0.561022
v 4.685895 -1.920984 0.216911
v 4.685895 -1.920984 -0.561022
v 4.747051 -1.899231 0.216911
v 4.747051 -1.899231 -0.561022
v 4.815078 -1.885422 0.216911
v 4.815078 -1.885423 -0.561022
v 4.890057 -1.880590 0.216911
v 4.890057 -1.880590 -0.561022
v 4.958525 -1.883421 0.216911
v 4.958525 -1.883421 -0.561022
v 5.025961 -1.891744 0.216911
v 5.025961 -1.891744 -0.561022
v 5.092322 -1.905302 0.216911
v 5.092322 -1.905302 -0.561022
v 5.157570 -1.923840 0.216911
v 5.157570 -1.923840 -0.561022
v 5.221662 -1.947101 0.216911
v 5.221662 -1.947101 -0.561022
v 5.284554 -1.974830 0.216911
v 5.284554 -1.974830 -0.561022
v 5.346210 -2.006770 0.216911
v 5.346210 -2.006770 -0.561022
v 5.406585 -2.042666 0.216911
v 5.406585 -2.042666 -0.561022
v 5.465639 -2.082262 0.216911
v 5.465639 -2.082262 -0.561022
v 5.523331 -2.125300 0.216911
v 5.523331 -2.125300 -0.561022
v 5.579618 -2.171527 0.216911
v 5.579618 -2.171527 -0.561022
v 5.634460 -2.220685 0.216911
v 5.634460 -2.220685 -0.561022
v 5.635600 -2.245555 0.216911
v 5.635600 -2.245555 -0.561022
v 5.636641 -2.270211 0.216911
v 5.636641 -2.270211 -0.561022
v 5.637582 -2.294635 0.216911
v 5.637582 -2.294635 -0.561022
v 5.638424 -2.318811 0.216911
v 5.638424 -2.318811 -0.561022
v 5.639168 -2.342724 0.216911
v 5.639168 -2.342724 -0.561022
v 5.639812 -2.366355 0.216911
v 5.639812 -2.366355 -0.561022
v 5.640356 -2.389689 0.216911
v 5.640356 -2.389689 -0.561022
v 5.640802 -2.412710 0.216911
v 5.640802 -2.412710 -0.561022
v 5.641150 -2.435400 0.216911
v 5.641150 -2.435400 -0.561022
v 5.641397 -2.457743 0.216911
v 5.641397 -2.457743 -0.561022
v 5.641545 -2.479723 0.216911
v 5.641545 -2.479723 -0.561022
v 5.641595 -2.501323 0.216911
v 5.641595 -2.501323 -0.561022
v 5.641635 -2.554022 0.216911
v 5.641635 -2.554022 -0.561022
v 5.641716 -2.604228 0.216911
v 5.641716 -2.604228 -0.561022
v 5.641781 -2.652418 0.216911
v 5.641781 -2.652418 -0.561022
v 5.641771 -2.699073 0.216911
v 5.641771 -2.699073 -0.561022
v 5.641630 -2.744671 0.216911
v 5.641630 -2.744671 -0.561022
v 5.641298 -2.789690 0.216911
v 5.641298 -2.789690 -0.561022
v 5.640718 -2.834610 0.216911
v 5.640718 -2.834610 -0.561022
v 5.639833 -2.879911 0.216911
v 5.639833 -2.879911 -0.561022
v 5.638585 -2.926070 0.216911
v 5.638585 -2.926070 -0.561022
v 5.636915 -2.973567 0.216911
v 5.636915 -2.973567 -0.561022
v 5.634767 -3.022881 0.216911
v 5.634767 -3.022881 -0.561022
v 5.632082 -3.074490 0.216911
v 5.632082 -3.074490 -0.561022
v 5.631439 -3.085520 0.216911
v 5.631439 -3.085520 -0.561022
v 5.630706 -3.097127 0.216911
v 5.630706 -3.097127 -0.561022
v 5.629889 -3.109198 0.216911
v 5.629889 -3.109198 -0.561022
v 5.628999 -3.121615 0.216911
v 5.628999 -3.121615 -0.561022
v 5.628042 -3.134264 0.216911
v 5.628042 -3.134264 -0.561022
v 5.627028 -3.147027 0.216911
v 5.627028 -3.147027 -0.561022
v 5.625964 -3.159791 0.216911
v 5.625964 -3.159791 -0.561022
v 5.624859 -3.172440 0.216911
v 5.624859 -3.172440 -0.561022
v 5.623721 -3.184857 0.216911
v 5.623721 -3.184857 -0.561022
v 5.622558 -3.196928 0.216911
v 5.622558 -3.196928 -0.561022
v 5.621378 -3.208535 0.216911
v 5.621378 -3.208535 -0.561022
v 5.620191 -3.219565 0.216911
v 5.620191 -3.219565 -0.561022
v 5.827102 -3.219565 0.216911
v 5.827102 -3.219565 -0.561022
v 5.825962 -3.210536 0.216911
v 5.825962 -3.210536 -0.561022
v 5.824922 -3.200253 0.216911
v 5.824922 -3.200253 -0.561022
v 5.823980 -3.188945 0.216911
v 5.823980 -3.188945 -0.561022
v 5.823137 -3.176844 0.216911
v 5.823137 -3.176844 -0.561022
v 5.822394 -3.164182 0.216911
v 5.822394 -3.164182 -0.561022
v 5.821750 -3.151189 0.216911
v 5.821750 -3.151189 -0.561022
v 5.821205 -3.138098 0.216911
v 5.821205 -3.138098 -0.561022
v 5.820760 -3.125138 0.216911
v 5.820760 -3.125138 -0.561022
v 5.820413 -3.112542 0.216911
v 5.820413 -3.112542 -0.561022
v 5.820165 -3.100541 0.216911
v 5.820165 -3.100541 -0.561022
v 5.820016 -3.089365 0.216911
v 5.820016 -3.089365 -0.561022
v 5.819966 -3.079246 0.216911
v 5.819966 -3.079246 -0.561022
v 5.819417 -3.024255 0.216911
v 5.819417 -3.024255 -0.561022
v 5.818942 -2.972873 0.216911
v 5.818942 -2.972873 -0.561022
v 5.818517 -2.924249 0.216911
v 5.818517 -2.924249 -0.561022
v 5.818116 -2.877532 0.216911
v 5.818116 -2.877532 -0.561022
v 5.817717 -2.831873 0.216911
v 5.817717 -2.831873 -0.561022
v 5.817291 -2.786420 0.216911
v 5.817291 -2.786420 -0.561022
v 5.816816 -2.740323 0.216911
v 5.816816 -2.740323 -0.561022
v 5.816267 -2.692731 0.216911
v 5.816267 -2.692731 -0.561022
v 5.815619 -2.642794 0.216911
v 5.815619 -2.642794 -0.561022
v 5.814847 -2.589661 0.216911
v 5.814847 -2.589661 -0.561022
v 5.813926 -2.532481 0.216911
v 5.813926 -2.532481 -0.561022
v 5.812832 -2.470405 0.216911
v 5.812832 -2.470405 -0.561022
v 5.810453 -2.377652 0.216911
v 5.810453 -2.377652 -0.561022
v 5.840382 -2.422078 0.216911
v 5.840382 -2.422078 -0.561022
v 5.871705 -2.468280 0.216911
v 5.871705 -2.468280 -0.561022
v 5.904136 -2.515853 0.216911
v 5.904136 -2.515853 -0.561022
v 5.937384 -2.564392 0.216911
v 5.937384 -2.564392 -0.561022
v 5.971159 -2.613492 0.216911
v 5.971159 -2.613492 -0.561022
v 6.005176 -2.662749 0.216911
v 6.005176 -2.662749 -0.561022
v 6.039142 -2.711759 0.216911
v 6.039142 -2.711759 -0.561022
v 6.072769 -2.760116 0.216911
v 6.072769 -2.760116 -0.561022
v 6.105769 -2.807416 0.216911
v 6.105769 -2.807416 -0.561022
v 6.137853 -2.853254 0.216911
v 6.137853 -2.853254 -0.561022
v 6.168731 -2.897226 0.216911
v 6.168731 -2.897226 -0.561022
v 6.198113 -2.938927 0.216911
v 6.198113 -2.938927 -0.561022
v 6.317028 -2.774826 0.216911
v 6.317028 -2.774826 -0.561022
v 6.280979 -2.729169 0.216911
v 6.280979 -2.729169 -0.561022
v 6.240108 -2.676336 0.216911
v 6.240108 -2.676336 -0.561022
v 6.195438 -2.617673 0.216911
v 6.195438 -2.617673 -0.561022
v 6.147994 -2.554526 0.216911
v 6.147994 -2.554526 -0.561022
v 6.098799 -2.488241 0.216911
v 6.098799 -2.488241 -0.561022
v 6.048876 -2.420164 0.216911
v 6.048876 -2.420164 -0.561022
v 5.999251 -2.351641 0.216911
v 5.999251 -2.351641 -0.561022
v 5.950949 -2.284018 0.216911
v 5.950949 -2.284018 -0.561022
v 5.904990 -2.218641 0.216911
v 5.904990 -2.218641 -0.561022
v 5.862401 -2.156857 0.216911
v 5.862401 -2.156857 -0.561022
v 5.824205 -2.100011 0.216911
v 5.824205 -2.100011 -0.561022
v 5.791427 -2.049448 0.216911
v 5.791427 -2.049448 -0.561022
v 5.774779 -1.818755 0.216911
v 5.774779 -1.818755 -0.561022
v 6.240923 -1.882969 0.216911
v 6.240923 -1.882969 -0.561022
v 6.259950 -1.685571 0.216911
v 6.259950 -1.685571 -0.561022
v 6.247005 -1.686069 0.216911
v 6.247005 -1.686069 -0.561022
v 6.234294 -1.686386 0.216911
v 6.234294 -1.686386 -0.561022
v 6.221747 -1.686537 0.216911
v 6.221747 -1.686537 -0.561022
v 6.209300 -1.686540 0.216911
v 6.209300 -1.686540 -0.561022
v 6.196886 -1.686410 0.216911
v 6.196886 -1.686410 -0.561022
v 6.184439 -1.686165 0.216911
v 6.184439 -1.686165 -0.561022
v 6.171892 -1.685821 0.216911
v 6.171892 -1.685821 -0.561022
v 6.159180 -1.685395 0.216911
v 6.159180 -1.685395 -0.561022
v 6.146237 -1.684902 0.216911
v 6.146237 -1.684902 -0.561022
v 6.132997 -1.684360 0.216911
v 6.132997 -1.684360 -0.561022
v 6.119393 -1.683784 0.216911
v 6.119393 -1.683784 -0.561022
v 6.105361 -1.683192 0.216911
v 6.105361 -1.683193 -0.561022
v 6.084496 -1.681761 0.216911
v 6.084496 -1.681761 -0.561022
v 6.061329 -1.679867 0.216911
v 6.061329 -1.679867 -0.561022
v 6.036130 -1.677544 0.216911
v 6.036130 -1.677544 -0.561022
v 6.009171 -1.674824 0.216911
v 6.009171 -1.674825 -0.561022
v 5.980727 -1.671741 0.216911
v 5.980727 -1.671742 -0.561022
v 5.951069 -1.668328 0.216911
v 5.951069 -1.668328 -0.561022
v 5.920469 -1.664618 0.216911
v 5.920469 -1.664618 -0.561022
v 5.889201 -1.660643 0.216911
v 5.889201 -1.660643 -0.561022
v 5.857535 -1.656437 0.216911
v 5.857535 -1.656437 -0.561022
v 5.825747 -1.652033 0.216911
v 5.825747 -1.652033 -0.561022
v 5.794106 -1.647463 0.216911
v 5.794106 -1.647463 -0.561022
v 5.762888 -1.642762 0.216911
v 5.762888 -1.642762 -0.561022
v 5.750997 -1.416825 0.216911
v 5.750997 -1.416825 -0.561022
v 5.751002 -1.403506 0.216911
v 5.751002 -1.403506 -0.561022
v 5.751040 -1.389750 0.216911
v 5.751040 -1.389750 -0.561022
v 5.751145 -1.375613 0.216911
v 5.751145 -1.375613 -0.561022
v 5.751348 -1.361155 0.216911
v 5.751348 -1.361155 -0.561022
v 5.751684 -1.346433 0.216911
v 5.751684 -1.346433 -0.561022
v 5.752185 -1.331504 0.216911
v 5.752185 -1.331504 -0.561022
v 5.752885 -1.316426 0.216911
v 5.752885 -1.316426 -0.561022
v 5.753815 -1.301257 0.216911
v 5.753815 -1.301257 -0.561022
v 5.755010 -1.286056 0.216911
v 5.755010 -1.286056 -0.561022
v 5.756501 -1.270879 0.216911
v 5.756501 -1.270879 -0.561022
v 5.758324 -1.255785 0.216911
v 5.758324 -1.255785 -0.561022
v 5.760509 -1.240831 0.216911
v 5.760509 -1.240831 -0.561022
v 3.572927 -1.557966 0.216911
v 3.572927 -1.557966 -0.561022
v 3.585919 -1.627149 0.216911
v 3.585919 -1.627149 -0.561022
v 3.599242 -1.703631 0.216911
v 3.599242 -1.703631 -0.561022
v 3.612565 -1.785811 0.216911
v 3.612565 -1.785811 -0.561022
v 3.625558 -1.872087 0.216911
v 3.625558 -1.872087 -0.561022
v 3.637890 -1.960857 0.216911
v 3.637890 -1.960857 -0.561022
v 3.649230 -2.050519 0.216911
v 3.649230 -2.050519 -0.561022
v 3.659250 -2.139471 0.216911
v 3.659250 -2.139471 -0.561022
v 3.667618 -2.226110 0.216911
v 3.667618 -2.226111 -0.561022
v 3.674004 -2.308836 0.216911
v 3.674004 -2.308836 -0.561022
v 3.678078 -2.386045 0.216911
v 3.678078 -2.386045 -0.561022
v 3.679509 -2.456136 0.216911
v 3.679509 -2.456136 -0.561022
v 3.679360 -2.484942 0.216911
v 3.679360 -2.484942 -0.561022
v 3.678904 -2.513170 0.216911
v 3.678904 -2.513170 -0.561022
v 3.678135 -2.540936 0.216911
v 3.678135 -2.540936 -0.561022
v 3.677043 -2.568355 0.216911
v 3.677043 -2.568355 -0.561022
v 3.675621 -2.595543 0.216911
v 3.675621 -2.595543 -0.561022
v 3.673861 -2.622615 0.216911
v 3.673861 -2.622615 -0.561022
v 3.671754 -2.649688 0.216911
v 3.671754 -2.649688 -0.561022
v 3.669291 -2.676876 0.216911
v 3.669291 -2.676876 -0.561022
v 3.666466 -2.704295 0.216911
v 3.666466 -2.704295 -0.561022
v 3.663269 -2.732061 0.216911
v 3.663269 -2.732061 -0.561022
v 3.659692 -2.760289 0.216911
v 3.659692 -2.760289 -0.561022
v 3.655726 -2.789095 0.216911
v 3.655726 -2.789095 -0.561022
v 3.645838 -2.761052 0.216911
v 3.645838 -2.761052 -0.561022
v 3.635280 -2.731818 0.216911
v 3.635280 -2.731818 -0.561022
v 3.624177 -2.701694 0.216911
v 3.624177 -2.701694 -0.561022
v 3.612653 -2.670974 0.216911
v 3.612653 -2.670974 -0.561022
v 3.600832 -2.639957 0.216911
v 3.600832 -2.639957 -0.561022
v 3.588838 -2.608940 0.216911
v 3.588838 -2.608940 -0.561022
v 3.576793 -2.578221 0.216911
v 3.576793 -2.578221 -0.561022
v 3.564824 -2.548096 0.216911
v 3.564824 -2.548096 -0.561022
v 3.553052 -2.518863 0.216911
v 3.553052 -2.518863 -0.561022
v 3.541602 -2.490819 0.216911
v 3.541602 -2.490819 -0.561022
v 3.530598 -2.464261 0.216911
v 3.530598 -2.464261 -0.561022
v 3.520164 -2.439487 0.216911
v 3.520164 -2.439487 -0.561022
v 3.422655 -2.515593 0.216911
v 3.422655 -2.515593 -0.561022
v 3.437515 -2.558182 0.216911
v 3.437515 -2.558182 -0.561022
v 3.453341 -2.603413 0.216911
v 3.453341 -2.603413 -0.561022
v 3.469811 -2.650560 0.216911
v 3.469811 -2.650560 -0.561022
v 3.486604 -2.698897 0.216911
v 3.486604 -2.698897 -0.561022
v 3.503397 -2.747696 0.216911
v 3.503397 -2.747696 -0.561022
v 3.519867 -2.796230 0.216911
v 3.519867 -2.796230 -0.561022
v 3.535693 -2.843774 0.216911
v 3.535693 -2.843774 -0.561022
v 3.550553 -2.889600 0.216911
v 3.550553 -2.889600 -0.561022
v 3.564125 -2.932982 0.216911
v 3.564125 -2.932982 -0.561022
v 3.576087 -2.973192 0.216911
v 3.576087 -2.973192 -0.561022
v 3.586116 -3.009505 0.216911
v 3.586116 -3.009505 -0.561022
v 3.593891 -3.041194 0.216911
v 3.593891 -3.041194 -0.561022
v 3.595577 -3.049749 0.216911
v 3.595577 -3.049749 -0.561022
v 3.597073 -3.058701 0.216911
v 3.597073 -3.058701 -0.561022
v 3.598387 -3.067949 0.216911
v 3.598387 -3.067949 -0.561022
v 3.599528 -3.077396 0.216911
v 3.599528 -3.077396 -0.561022
v 3.600504 -3.086943 0.216911
v 3.600504 -3.086943 -0.561022
v 3.601323 -3.096489 0.216911
v 3.601323 -3.096489 -0.561022
v 3.601994 -3.105936 0.216911
v 3.601994 -3.105936 -0.561022
v 3.602524 -3.115185 0.216911
v 3.602524 -3.115185 -0.561022
v 3.602921 -3.124136 0.216911
v 3.602921 -3.124136 -0.561022
v 3.603195 -3.132692 0.216911
v 3.603195 -3.132692 -0.561022
v 3.603353 -3.140751 0.216911
v 3.603353 -3.140751 -0.561022
v 3.603404 -3.148217 0.216911
v 3.603404 -3.148217 -0.561022
v 3.602809 -3.153851 0.216911
v 3.602809 -3.153851 -0.561022
v 3.602215 -3.159998 0.216911
v 3.602215 -3.159998 -0.561022
v 3.601620 -3.166574 0.216911
v 3.601620 -3.166574 -0.561022
v 3.601026 -3.173497 0.216911
v 3.601026 -3.173497 -0.561022
v 3.600431 -3.180684 0.216911
v 3.600431 -3.180684 -0.561022
v 3.599837 -3.188053 0.216911
v 3.599837 -3.188053 -0.561022
v 3.599242 -3.195521 0.216911
v 3.599242 -3.195521 -0.561022
v 3.598648 -3.203005 0.216911
v 3.598648 -3.203005 -0.561022
v 3.598053 -3.210424 0.216911
v 3.598053 -3.210424 -0.561022
v 3.597459 -3.217693 0.216911
v 3.597459 -3.217693 -0.561022
v 3.596864 -3.224732 0.216911
v 3.596864 -3.224732 -0.561022
v 3.596269 -3.231457 0.216911
v 3.596269 -3.231457 -0.561022
v 3.762750 -3.243348 0.216911
v 3.762750 -3.243348 -0.561022
v 3.774520 -3.198719 0.216911
v 3.774520 -3.198719 -0.561022
v 3.785960 -3.150506 0.216911
v 3.785960 -3.150506 -0.561022
v 3.796938 -3.098793 0.216911
v 3.796938 -3.098793 -0.561022
v 3.807320 -3.043660 0.216911
v 3.807320 -3.043660 -0.561022
v 3.816977 -2.985191 0.216911
v 3.816977 -2.985191 -0.561022
v 3.825774 -2.923468 0.216911
v 3.825774 -2.923468 -0.561022
v 3.833581 -2.858575 0.216911
v 3.833581 -2.858575 -0.561022
v 3.840264 -2.790593 0.216911
v 3.840264 -2.790593 -0.561022
v 3.845692 -2.719605 0.216911
v 3.845692 -2.719605 -0.561022
v 3.849733 -2.645694 0.216911
v 3.849733 -2.645694 -0.561022
v 3.852255 -2.568942 0.216911
v 3.852255 -2.568942 -0.561022
v 3.853124 -2.489431 0.216911
v 3.853124 -2.489431 -0.561022
v 3.851517 -2.400060 0.216911
v 3.851517 -2.400060 -0.561022
v 3.847003 -2.307592 0.216911
v 3.847003 -2.307592 -0.561022
v 3.840044 -2.213290 0.216911
v 3.840044 -2.213290 -0.561022
v 3.831103 -2.118419 0.216911
v 3.831103 -2.118419 -0.561022
v 3.820643 -2.024241 0.216911
v 3.820643 -2.024241 -0.561022
v 3.809126 -1.932021 0.216911
v 3.809126 -1.932021 -0.561022
v 3.797014 -1.843021 0.216911
v 3.797014 -1.843021 -0.561022
v 3.784771 -1.758505 0.216911
v 3.784771 -1.758505 -0.561022
v 3.772857 -1.679737 0.216911
v 3.772857 -1.679737 -0.561022
v 3.761737 -1.607979 0.216911
v 3.761737 -1.607979 -0.561022
v 3.751871 -1.544496 0.216911
v 3.751871 -1.544496 -0.561022
v 3.743723 -1.490551 0.216911
v 3.743723 -1.490551 -0.561022
v 3.741944 -1.476691 0.216911
v 3.741944 -1.476691 -0.561022
v 3.740189 -1.462507 0.216911
v 3.740189 -1.462507 -0.561022
v 3.738484 -1.448077 0.216911
v 3.738484 -1.448077 -0.561022
v 3.736853 -1.433473 0.216911
v 3.736853 -1.433473 -0.561022
v 3.735321 -1.418769 0.216911
v 3.735321 -1.418769 -0.561022
v 3.733913 -1.404041 0.216911
v 3.733913 -1.404041 -0.561022
v 3.732653 -1.389363 0.216911
v 3.732653 -1.389363 -0.561022
v 3.731568 -1.374808 0.216911
v 3.731568 -1.374808 -0.561022
v 3.730680 -1.360452 0.216911
v 3.730680 -1.360452 -0.561022
v 3.730015 -1.346368 0.216911
v 3.730015 -1.346368 -0.561022
v 3.729598 -1.332631 0.216911
v 3.729598 -1.332631 -0.561022
v 3.729453 -1.319315 0.216911
v 3.729453 -1.319315 -0.561022
v 3.520164 -1.338341 0.216911
v 3.520164 -1.338341 -0.561022
v 3.523821 -1.349152 0.216911
v 3.523821 -1.349152 -0.561022
v 3.527619 -1.361210 0.216911
v 3.527619 -1.361210 -0.561022
v 3.531498 -1.374275 0.216911
v 3.531498 -1.374275 -0.561022
v 3.535403 -1.388109 0.216911
v 3.535403 -1.388109 -0.561022
v 3.539275 -1.402471 0.216911
v 3.539275 -1.402471 -0.561022
v 3.543055 -1.417122 0.216911
v 3.543055 -1.417122 -0.561022
v 3.546687 -1.431822 0.216911
v 3.546687 -1.431822 -0.561022
v 3.550113 -1.446333 0.216911
v 3.550113 -1.446333 -0.561022
v 3.553275 -1.460414 0.216911
v 3.553275 -1.460414 -0.561022
v 3.556114 -1.473826 0.216911
v 3.556114 -1.473826 -0.561022
v 3.558573 -1.486330 0.216911
v 3.558573 -1.486330 -0.561022
v 3.560595 -1.497686 0.216911
v 3.560595 -1.497686 -0.561022
v 2.121732 -1.618979 0.216912
v 2.121732 -1.618979 -0.561022
v 2.131031 -1.592622 0.216912
v 2.131031 -1.592622 -0.561022
v 2.141023 -1.564895 0.216912
v 2.141023 -1.564895 -0.561022
v 2.151609 -1.536110 0.216912
v 2.151609 -1.536111 -0.561022
v 2.162692 -1.506583 0.216912
v 2.162692 -1.506583 -0.561022
v 2.174170 -1.476626 0.216912
v 2.174170 -1.476626 -0.561022
v 2.185946 -1.446553 0.216912
v 2.185946 -1.446553 -0.561022
v 2.197920 -1.416679 0.216912
v 2.197920 -1.416679 -0.561022
v 2.209993 -1.387316 0.216912
v 2.209993 -1.387316 -0.561022
v 2.222066 -1.358780 0.216912
v 2.222066 -1.358780 -0.561022
v 2.234040 -1.331383 0.216912
v 2.234040 -1.331383 -0.561022
v 2.245816 -1.305439 0.216912
v 2.245816 -1.305439 -0.561022
v 2.257295 -1.281262 0.216912
v 2.257295 -1.281262 -0.561022
v 2.140759 -1.245588 0.216912
v 2.140759 -1.245588 -0.561022
v 2.129641 -1.268261 0.216912
v 2.129641 -1.268261 -0.561022
v 2.117812 -1.293198 0.216912
v 2.117812 -1.293198 -0.561022
v 2.105456 -1.319984 0.216912
v 2.105456 -1.319984 -0.561022
v 2.092752 -1.348207 0.216912
v 2.092752 -1.348207 -0.561022
v 2.079884 -1.377453 0.216912
v 2.079884 -1.377453 -0.561022
v 2.067032 -1.407311 0.216912
v 2.067032 -1.407311 -0.561022
v 2.054378 -1.437368 0.216912
v 2.054378 -1.437368 -0.561022
v 2.042104 -1.467209 0.216912
v 2.042104 -1.467209 -0.561022
v 2.030391 -1.496423 0.216912
v 2.030391 -1.496423 -0.561022
v 2.019422 -1.524596 0.216912
v 2.019422 -1.524596 -0.561021
v 2.009377 -1.551316 0.216912
v 2.009377 -1.551316 -0.561021
v 2.000440 -1.576170 0.216912
v 2.000440 -1.576170 -0.561021
v 1.879147 -1.542874 0.216912
v 1.879147 -1.542874 -0.561021
v 1.888948 -1.516066 0.216912
v 1.888948 -1.516066 -0.561021
v 1.899285 -1.488151 0.216912
v 1.899285 -1.488151 -0.561021
v 1.910102 -1.459411 0.216912
v 1.910102 -1.459411 -0.561021
v 1.921340 -1.430125 0.216912
v 1.921340 -1.430125 -0.561021
v 1.932941 -1.400576 0.216912
v 1.932941 -1.400576 -0.561021
v 1.944847 -1.371043 0.216912
v 1.944847 -1.371043 -0.561021
v 1.957002 -1.341807 0.216912
v 1.957001 -1.341807 -0.561022
v 1.969346 -1.313149 0.216912
v 1.969346 -1.313149 -0.561022
v 1.981822 -1.285350 0.216912
v 1.981822 -1.285350 -0.561022
v 1.994373 -1.258691 0.216912
v 1.994373 -1.258691 -0.561022
v 2.006940 -1.233452 0.216912
v 2.006940 -1.233452 -0.561022
v 2.019466 -1.209914 0.216912
v 2.019466 -1.209914 -0.561022
v 1.902930 -1.171861 0.216912
v 1.902930 -1.171861 -0.561022
v 1.891264 -1.194988 0.216912
v 1.891264 -1.194988 -0.561022
v 1.878971 -1.220121 0.216912
v 1.878971 -1.220121 -0.561021
v 1.866215 -1.246889 0.216912
v 1.866215 -1.246889 -0.561021
v 1.853162 -1.274920 0.216912
v 1.853162 -1.274920 -0.561021
v 1.839977 -1.303844 0.216912
v 1.839977 -1.303844 -0.561021
v 1.826825 -1.333287 0.216912
v 1.826825 -1.333287 -0.561021
v 1.813871 -1.362880 0.216912
v 1.813871 -1.362880 -0.561021
v 1.801280 -1.392249 0.216912
v 1.801280 -1.392249 -0.561021
v 1.789218 -1.421024 0.216912
v 1.789218 -1.421024 -0.561021
v 1.777850 -1.448832 0.216912
v 1.777850 -1.448832 -0.561021
v 1.767340 -1.475303 0.216912
v 1.767340 -1.475303 -0.561021
v 1.757854 -1.500064 0.216912
v 1.757854 -1.500065 -0.561021
v 2.806783 -2.678881 0.216912
v 2.806783 -2.678881 -0.561022
v 2.847352 -2.683493 0.216912
v 2.847352 -2.683493 -0.561022
v 2.885311 -2.691028 0.216912
v 2.885311 -2.691028 -0.561022
v 2.920396 -2.701363 0.216912
v 2.920396 -2.701363 -0.561022
v 2.952343 -2.714374 0.216912
v 2.952343 -2.714374 -0.561022
v 2.980888 -2.729936 0.216912
v 2.980888 -2.729936 -0.561022
v 3.005766 -2.747926 0.216912
v 3.005766 -2.747926 -0.561022
v 3.026714 -2.768219 0.216912
v 3.026714 -2.768219 -0.561022
v 3.043467 -2.790693 0.216912
v 3.043467 -2.790693 -0.561022
v 3.055760 -2.815224 0.216912
v 3.055760 -2.815224 -0.561022
v 3.063330 -2.841686 0.216912
v 3.063330 -2.841686 -0.561022
v 3.065912 -2.869957 0.216912
v 3.065912 -2.869957 -0.561022
v 3.063473 -2.899087 0.216912
v 3.063473 -2.899087 -0.561022
v 3.056310 -2.925814 0.216912
v 3.056310 -2.925814 -0.561022
v 3.044656 -2.950113 0.216912
v 3.044656 -2.950113 -0.561022
v 3.028740 -2.971959 0.216912
v 3.028740 -2.971959 -0.561022
v 3.008794 -2.991328 0.216912
v 3.008794 -2.991328 -0.561022
v 2.985050 -3.008195 0.216912
v 2.985050 -3.008195 -0.561022
v 2.957738 -3.022535 0.216912
v 2.957738 -3.022535 -0.561022
v 2.927090 -3.034323 0.216912
v 2.927090 -3.034323 -0.561022
v 2.893337 -3.043535 0.216912
v 2.893337 -3.043535 -0.561022
v 2.856711 -3.050145 0.216912
v 2.856711 -3.050145 -0.561022
v 2.817441 -3.054130 0.216912
v 2.817441 -3.054130 -0.561022
v 2.775761 -3.055464 0.216912
v 2.775761 -3.055464 -0.561021
v 2.728693 -3.053406 0.216912
v 2.728693 -3.053406 -0.561021
v 2.687192 -3.047327 0.216912
v 2.687192 -3.047327 -0.561021
v 2.650975 -3.037366 0.216912
v 2.650975 -3.037366 -0.561021
v 2.619763 -3.023665 0.216912
v 2.619763 -3.023665 -0.561021
v 2.593274 -3.006363 0.216912
v 2.593274 -3.006363 -0.561021
v 2.571228 -2.985601 0.216912
v 2.571228 -2.985601 -0.561021
v 2.553344 -2.961520 0.216912
v 2.553344 -2.961520 -0.561021
v 2.539341 -2.934259 0.216912
v 2.539341 -2.934259 -0.561021
v 2.528939 -2.903959 0.216912
v 2.528939 -2.903959 -0.561021
v 2.521857 -2.870761 0.216912
v 2.521857 -2.870761 -0.561021
v 2.517813 -2.834805 0.216912
v 2.517813 -2.834805 -0.561021
v 2.516528 -2.796230 0.216912
v 2.516528 -2.796230 -0.561021
v 2.518906 -2.715369 0.216912
v 2.518906 -2.715369 -0.561021
v 2.538078 -2.709124 0.216912
v 2.538078 -2.709124 -0.561021
v 2.557531 -2.703466 0.216912
v 2.557531 -2.703466 -0.561021
v 2.577249 -2.698386 0.216912
v 2.577249 -2.698386 -0.561021
v 2.597213 -2.693876 0.216912
v 2.597213 -2.693876 -0.561021
v 2.617409 -2.689927 0.216912
v 2.617409 -2.689927 -0.561022
v 2.637820 -2.686532 0.216912
v 2.637820 -2.686532 -0.561022
v 2.658429 -2.683681 0.216912
v 2.658429 -2.683681 -0.561022
v 2.679220 -2.681368 0.216912
v 2.679220 -2.681368 -0.561022
v 2.700176 -2.679583 0.216912
v 2.700176 -2.679583 -0.561022
v 2.721281 -2.678318 0.216912
v 2.721281 -2.678318 -0.561022
v 2.742517 -2.677565 0.216912
v 2.742517 -2.677565 -0.561022
v 2.763869 -2.677316 0.216912
v 2.763869 -2.677316 -0.561022
v 2.363032 -1.483785 0.216912
v 2.363032 -1.483785 -0.561022
v 2.363943 -1.502619 0.216912
v 2.363943 -1.502619 -0.561022
v 2.364689 -1.523104 0.216912
v 2.364689 -1.523104 -0.561022
v 2.365286 -1.545076 0.216912
v 2.365286 -1.545076 -0.561022
v 2.365752 -1.568369 0.216912
v 2.365752 -1.568369 -0.561022
v 2.366101 -1.592818 0.216912
v 2.366101 -1.592818 -0.561022
v 2.366352 -1.618258 0.216912
v 2.366352 -1.618258 -0.561022
v 2.366520 -1.644523 0.216912
v 2.366520 -1.644524 -0.561022
v 2.366621 -1.671450 0.216912
v 2.366621 -1.671450 -0.561022
v 2.366674 -1.698872 0.216912
v 2.366674 -1.698872 -0.561022
v 2.366693 -1.726624 0.216912
v 2.366693 -1.726624 -0.561022
v 2.366696 -1.754541 0.216912
v 2.366696 -1.754541 -0.561022
v 2.330531 -1.751421 0.216912
v 2.330531 -1.751421 -0.561022
v 2.294598 -1.748012 0.216912
v 2.294598 -1.748012 -0.561022
v 2.258930 -1.744322 0.216912
v 2.258930 -1.744322 -0.561022
v 2.223558 -1.740360 0.216912
v 2.223558 -1.740360 -0.561022
v 2.188517 -1.736133 0.216912
v 2.188517 -1.736133 -0.561022
v 2.153839 -1.731650 0.216912
v 2.153839 -1.731650 -0.561022
v 2.119558 -1.726920 0.216912
v 2.119558 -1.726920 -0.561021
v 2.085706 -1.721950 0.216912
v 2.085706 -1.721950 -0.561021
v 2.052316 -1.716749 0.216912
v 2.052316 -1.716749 -0.561021
v 2.019422 -1.711325 0.216912
v 2.019422 -1.711325 -0.561021
v 1.987056 -1.705686 0.216912
v 1.987056 -1.705686 -0.561021
v 1.955252 -1.699841 0.216912
v 1.955252 -1.699841 -0.561021
v 1.955252 -1.882969 0.216912
v 1.955252 -1.882969 -0.561021
v 1.988101 -1.888172 0.216912
v 1.988101 -1.888172 -0.561021
v 2.021239 -1.893087 0.216912
v 2.021239 -1.893087 -0.561021
v 2.054657 -1.897721 0.216912
v 2.054657 -1.897721 -0.561021
v 2.088348 -1.902083 0.216912
v 2.088348 -1.902083 -0.561021
v 2.122303 -1.906180 0.216912
v 2.122303 -1.906180 -0.561021
v 2.156515 -1.910022 0.216912
v 2.156515 -1.910022 -0.561021
v 2.190974 -1.913615 0.216912
v 2.190974 -1.913615 -0.561021
v 2.225672 -1.916969 0.216912
v 2.225672 -1.916969 -0.561021
v 2.260602 -1.920092 0.216912
v 2.260602 -1.920092 -0.561022
v 2.295755 -1.922992 0.216912
v 2.295755 -1.922992 -0.561022
v 2.331122 -1.925677 0.216912
v 2.331122 -1.925677 -0.561022
v 2.366696 -1.928156 0.216912
v 2.366696 -1.928156 -0.561022
v 2.365816 -1.988137 0.216912
v 2.365816 -1.988137 -0.561022
v 2.364416 -2.047896 0.216912
v 2.364416 -2.047896 -0.561022
v 2.362571 -2.107308 0.216912
v 2.362571 -2.107308 -0.561022
v 2.360353 -2.166249 0.216912
v 2.360353 -2.166249 -0.561022
v 2.357839 -2.224595 0.216912
v 2.357839 -2.224595 -0.561021
v 2.355102 -2.282223 0.216912
v 2.355102 -2.282223 -0.561021
v 2.352215 -2.339009 0.216912
v 2.352215 -2.339009 -0.561021
v 2.349255 -2.394829 0.216912
v 2.349255 -2.394829 -0.561021
v 2.346294 -2.449558 0.216912
v 2.346294 -2.449558 -0.561021
v 2.343408 -2.503073 0.216912
v 2.343408 -2.503073 -0.561021
v 2.340671 -2.555251 0.216912
v 2.340671 -2.555251 -0.561021
v 2.338156 -2.605968 0.216912
v 2.338156 -2.605968 -0.561021
v 2.290832 -2.625857 0.216912
v 2.290832 -2.625857 -0.561021
v 2.245150 -2.647356 0.216912
v 2.245150 -2.647356 -0.561021
v 2.201070 -2.670293 0.216912
v 2.201070 -2.670293 -0.561021
v 2.158552 -2.694493 0.216912
v 2.158552 -2.694493 -0.561021
v 2.117552 -2.719782 0.216912
v 2.117552 -2.719782 -0.561021
v 2.078031 -2.745989 0.216912
v 2.078031 -2.745989 -0.561021
v 2.039947 -2.772939 0.216912
v 2.039947 -2.772939 -0.561021
v 2.003258 -2.800458 0.216912
v 2.003258 -2.800458 -0.561021
v 1.967924 -2.828374 0.216912
v 1.967924 -2.828374 -0.561021
v 1.933903 -2.856513 0.216912
v 1.933903 -2.856513 -0.561021
v 1.901153 -2.884702 0.216912
v 1.901153 -2.884702 -0.561021
v 1.869634 -2.912766 0.216912
v 1.869634 -2.912766 -0.561021
v 1.971900 -3.072112 0.216912
v 1.971900 -3.072112 -0.561021
v 2.001630 -3.044519 0.216912
v 2.001630 -3.044519 -0.561021
v 2.031369 -3.017653 0.216912
v 2.031368 -3.017653 -0.561021
v 2.061123 -2.991547 0.216912
v 2.061123 -2.991547 -0.561021
v 2.090903 -2.966234 0.216912
v 2.090903 -2.966234 -0.561021
v 2.120715 -2.941746 0.216912
v 2.120715 -2.941746 -0.561021
v 2.150569 -2.918118 0.216912
v 2.150569 -2.918118 -0.561021
v 2.180472 -2.895381 0.216912
v 2.180472 -2.895381 -0.561021
v 2.210433 -2.873569 0.216912
v 2.210433 -2.873569 -0.561021
v 2.240461 -2.852715 0.216912
v 2.240461 -2.852715 -0.561021
v 2.270562 -2.832851 0.216912
v 2.270562 -2.832851 -0.561021
v 2.300746 -2.814013 0.216912
v 2.300746 -2.814013 -0.561021
v 2.331021 -2.796230 0.216912
v 2.331021 -2.796230 -0.561021
v 2.331021 -2.843796 0.216912
v 2.331021 -2.843796 -0.561021
v 2.332985 -2.892391 0.216912
v 2.332985 -2.892391 -0.561021
v 2.339202 -2.940227 0.216912
v 2.339202 -2.940227 -0.561021
v 2.350159 -2.986642 0.216912
v 2.350159 -2.986642 -0.561021
v 2.366343 -3.030976 0.216912
v 2.366343 -3.030976 -0.561021
v 2.388242 -3.072568 0.216912
v 2.388242 -3.072568 -0.561021
v 2.416342 -3.110759 0.216912
v 2.416342 -3.110759 -0.561021
v 2.451132 -3.144886 0.216912
v 2.451132 -3.144886 -0.561021
v 2.493097 -3.174290 0.216912
v 2.493097 -3.174290 -0.561021
v 2.542726 -3.198309 0.216912
v 2.542726 -3.198309 -0.561021
v 2.600505 -3.216284 0.216912
v 2.600505 -3.216284 -0.561021
v 2.666923 -3.227553 0.216912
v 2.666923 -3.227553 -0.561021
v 2.742465 -3.231457 0.216912
v 2.742465 -3.231457 -0.561021
v 2.819098 -3.228759 0.216912
v 2.819098 -3.228759 -0.561021
v 2.889588 -3.220776 0.216912
v 2.889588 -3.220776 -0.561022
v 2.953835 -3.207674 0.216912
v 2.953835 -3.207674 -0.561022
v 3.011740 -3.189616 0.216912
v 3.011740 -3.189616 -0.561022
v 3.063203 -3.166770 0.216912
v 3.063203 -3.166770 -0.561022
v 3.108126 -3.139298 0.216912
v 3.108126 -3.139298 -0.561022
v 3.146410 -3.107368 0.216912
v 3.146410 -3.107368 -0.561022
v 3.177955 -3.071143 0.216912
v 3.177955 -3.071143 -0.561022
v 3.202663 -3.030789 0.216912
v 3.202663 -3.030789 -0.561022
v 3.220434 -2.986471 0.216912
v 3.220434 -2.986471 -0.561022
v 3.231169 -2.938355 0.216912
v 3.231169 -2.938355 -0.561022
v 3.234770 -2.886605 0.216912
v 3.234770 -2.886605 -0.561022
v 3.231127 -2.838119 0.216912
v 3.231127 -2.838119 -0.561022
v 3.220291 -2.791639 0.216912
v 3.220291 -2.791639 -0.561022
v 3.202403 -2.747587 0.216912
v 3.202403 -2.747587 -0.561022
v 3.177603 -2.706384 0.216912
v 3.177603 -2.706384 -0.561022
v 3.146032 -2.668451 0.216912
v 3.146032 -2.668451 -0.561022
v 3.107829 -2.634210 0.216912
v 3.107829 -2.634210 -0.561022
v 3.063136 -2.604081 0.216912
v 3.063136 -2.604081 -0.561022
v 3.012092 -2.578485 0.216912
v 3.012092 -2.578485 -0.561022
v 2.954838 -2.557844 0.216912
v 2.954838 -2.557844 -0.561022
v 2.891515 -2.542580 0.216912
v 2.891515 -2.542580 -0.561022
v 2.822263 -2.533112 0.216912
v 2.822263 -2.533112 -0.561022
v 2.747221 -2.529862 0.216912
v 2.747221 -2.529862 -0.561022
v 2.727700 -2.530011 0.216912
v 2.727700 -2.530011 -0.561022
v 2.708376 -2.530457 0.216912
v 2.708376 -2.530457 -0.561022
v 2.689250 -2.531200 0.216912
v 2.689250 -2.531200 -0.561022
v 2.670323 -2.532241 0.216912
v 2.670323 -2.532241 -0.561022
v 2.651594 -2.533578 0.216912
v 2.651594 -2.533578 -0.561022
v 2.633064 -2.535213 0.216912
v 2.633064 -2.535213 -0.561022
v 2.614731 -2.537146 0.216912
v 2.614731 -2.537146 -0.561022
v 2.596597 -2.539376 0.216912
v 2.596597 -2.539376 -0.561022
v 2.578660 -2.541902 0.216912
v 2.578660 -2.541902 -0.561022
v 2.560922 -2.544727 0.216912
v 2.560922 -2.544727 -0.561022
v 2.543383 -2.547848 0.216912
v 2.543383 -2.547848 -0.561021
v 2.526041 -2.551267 0.216912
v 2.526041 -2.551267 -0.561021
v 2.527962 -2.504494 0.216912
v 2.527962 -2.504494 -0.561022
v 2.530115 -2.455937 0.216912
v 2.530115 -2.455937 -0.561022
v 2.532433 -2.405894 0.216912
v 2.532433 -2.405894 -0.561022
v 2.534849 -2.354662 0.216912
v 2.534849 -2.354662 -0.561022
v 2.537299 -2.302538 0.216912
v 2.537299 -2.302538 -0.561022
v 2.539716 -2.249819 0.216912
v 2.539716 -2.249819 -0.561022
v 2.542034 -2.196803 0.216912
v 2.542034 -2.196803 -0.561022
v 2.544186 -2.143787 0.216912
v 2.544186 -2.143787 -0.561022
v 2.546108 -2.091069 0.216912
v 2.546108 -2.091069 -0.561022
v 2.547732 -2.038944 0.216912
v 2.547732 -2.038944 -0.561022
v 2.548992 -1.987712 0.216912
v 2.548992 -1.987712 -0.561022
v 2.549824 -1.937669 0.216912
v 2.549824 -1.937669 -0.561022
v 2.778139 -1.942426 0.216912
v 2.778139 -1.942426 -0.561022
v 2.811798 -1.942327 0.216912
v 2.811798 -1.942327 -0.561022
v 2.845061 -1.942029 0.216912
v 2.845061 -1.942029 -0.561022
v 2.878027 -1.941534 0.216912
v 2.878027 -1.941534 -0.561022
v 2.910794 -1.940840 0.216912
v 2.910794 -1.940840 -0.561022
v 2.943463 -1.939948 0.216911
v 2.943463 -1.939948 -0.561022
v 2.976131 -1.938858 0.216911
v 2.976131 -1.938858 -0.561022
v 3.008899 -1.937570 0.216911
v 3.008899 -1.937570 -0.561022
v 3.041864 -1.936084 0.216911
v 3.041864 -1.936084 -0.561022
v 3.075128 -1.934399 0.216911
v 3.075128 -1.934399 -0.561022
v 3.108787 -1.932516 0.216911
v 3.108787 -1.932516 -0.561022
v 3.142942 -1.930435 0.216911
v 3.142942 -1.930435 -0.561022
v 3.177691 -1.928156 0.216911
v 3.177691 -1.928156 -0.561022
v 3.177691 -1.749784 0.216911
v 3.177691 -1.749785 -0.561022
v 3.143939 -1.752657 0.216911
v 3.143939 -1.752657 -0.561022
v 3.110427 -1.755323 0.216911
v 3.110427 -1.755323 -0.561022
v 3.077097 -1.757774 0.216911
v 3.077097 -1.757774 -0.561022
v 3.043890 -1.760002 0.216911
v 3.043890 -1.760002 -0.561022
v 3.010750 -1.761999 0.216911
v 3.010750 -1.761999 -0.561022
v 2.977618 -1.763757 0.216911
v 2.977618 -1.763757 -0.561022
v 2.944436 -1.765267 0.216911
v 2.944436 -1.765267 -0.561022
v 2.911147 -1.766521 0.216911
v 2.911147 -1.766521 -0.561022
v 2.877692 -1.767510 0.216911
v 2.877692 -1.767510 -0.561022
v 2.844015 -1.768227 0.216911
v 2.844015 -1.768227 -0.561022
v 2.810057 -1.768664 0.216912
v 2.810057 -1.768664 -0.561022
v 2.775761 -1.768811 0.216912
v 2.775761 -1.768811 -0.561022
v 2.549824 -1.764054 0.216912
v 2.549824 -1.764054 -0.561022
v 2.549824 -1.469147 0.216912
v 2.549824 -1.469147 -0.561022
v 2.549920 -1.458570 0.216912
v 2.549920 -1.458570 -0.561022
v 2.550198 -1.447159 0.216912
v 2.550198 -1.447159 -0.561022
v 2.550641 -1.435071 0.216912
v 2.550641 -1.435071 -0.561022
v 2.551233 -1.422462 0.216912
v 2.551233 -1.422462 -0.561022
v 2.551957 -1.409490 0.216912
v 2.551957 -1.409490 -0.561022
v 2.552796 -1.396312 0.216912
v 2.552796 -1.396312 -0.561022
v 2.553735 -1.383084 0.216912
v 2.553735 -1.383084 -0.561022
v 2.554756 -1.369964 0.216912
v 2.554756 -1.369964 -0.561022
v 2.555844 -1.357107 0.216912
v 2.555844 -1.357107 -0.561022
v 2.556981 -1.344672 0.216912
v 2.556981 -1.344672 -0.561022
v 2.558150 -1.332815 0.216912
v 2.558150 -1.332815 -0.561022
v 2.559337 -1.321693 0.216912
v 2.559337 -1.321693 -0.561022
v 2.345291 -1.321693 0.216912
v 2.345291 -1.321693 -0.561022
v 2.347572 -1.334131 0.216912
v 2.347572 -1.334131 -0.561022
v 2.349663 -1.346478 0.216912
v 2.349663 -1.346478 -0.561022
v 2.351572 -1.358742 0.216912
v 2.351572 -1.358742 -0.561022
v 2.353307 -1.370932 0.216912
v 2.353307 -1.370932 -0.561022
v 2.354877 -1.383057 0.216912
v 2.354877 -1.383057 -0.561022
v 2.356291 -1.395123 0.216912
v 2.356291 -1.395123 -0.561022
v 2.357556 -1.407139 0.216912
v 2.357556 -1.407139 -0.561022
v 2.358680 -1.419115 0.216912
v 2.358680 -1.419115 -0.561022
v 2.359673 -1.431057 0.216912
v 2.359673 -1.431057 -0.561022
v 2.360541 -1.442975 0.216912
v 2.360541 -1.442975 -0.561022
v 2.361294 -1.454876 0.216912
v 2.361294 -1.454876 -0.561022
v 2.361939 -1.466769 0.216912
v 2.361939 -1.466769 -0.561022
v 0.969359 -1.852304 0.216912
v 0.969359 -1.852304 -0.561021
v 0.936003 -1.789665 0.216912
v 0.936003 -1.789665 -0.561021
v 0.897064 -1.727191 0.216912
v 0.897064 -1.727191 -0.561021
v 0.852873 -1.666104 0.216912
v 0.852873 -1.666104 -0.561021
v 0.803760 -1.607627 0.216912
v 0.803760 -1.607627 -0.561021
v 0.750056 -1.552981 0.216912
v 0.750056 -1.552981 -0.561021
v 0.692091 -1.503390 0.216912
v 0.692091 -1.503390 -0.561021
v 0.630195 -1.460074 0.216912
v 0.630195 -1.460074 -0.561021
v 0.564698 -1.424257 0.216912
v 0.564698 -1.424257 -0.561021
v 0.495932 -1.397160 0.216912
v 0.495932 -1.397160 -0.561021
v 0.424225 -1.380005 0.216912
v 0.424225 -1.380005 -0.561021
v 0.349910 -1.374015 0.216912
v 0.349909 -1.374015 -0.561021
v 0.272793 -1.380528 0.216912
v 0.272793 -1.380528 -0.561021
v 0.199913 -1.399758 0.216912
v 0.199912 -1.399758 -0.561021
v 0.131739 -1.431243 0.216912
v 0.131739 -1.431243 -0.561021
v 0.068743 -1.474520 0.216912
v 0.068743 -1.474520 -0.561021
v 0.011396 -1.529127 0.216912
v 0.011396 -1.529127 -0.561021
v -0.039832 -1.594601 0.216912
v -0.039832 -1.594602 -0.561021
v -0.084470 -1.670481 0.216912
v -0.084470 -1.670481 -0.561021
v -0.122048 -1.756303 0.216912
v -0.122048 -1.756303 -0.561021
v -0.152094 -1.851605 0.216912
v -0.152094 -1.851605 -0.561021
v -0.174139 -1.955925 0.216912
v -0.174139 -1.955925 -0.561021
v -0.187711 -2.068800 0.216912
v -0.187711 -2.068800 -0.561021
v -0.192340 -2.189767 0.216912
v -0.192340 -2.189767 -0.561021
v -0.183856 -2.347438 0.216912
v -0.183856 -2.347438 -0.561021
v -0.158956 -2.490301 0.216912
v -0.158956 -2.490301 -0.561021
v -0.118464 -2.619011 0.216912
v -0.118464 -2.619011 -0.561021
v -0.063208 -2.734219 0.216912
v -0.063208 -2.734219 -0.561021
v 0.005988 -2.836577 0.216912
v 0.005988 -2.836577 -0.561021
v 0.088298 -2.926739 0.216912
v 0.088298 -2.926739 -0.561021
v 0.182896 -3.005356 0.216912
v 0.182895 -3.005356 -0.561021
v 0.288955 -3.073081 0.216912
v 0.288955 -3.073081 -0.561021
v 0.405651 -3.130565 0.216912
v 0.405650 -3.130565 -0.561021
v 0.532157 -3.178463 0.216912
v 0.532157 -3.178463 -0.561021
v 0.667647 -3.217425 0.216912
v 0.667647 -3.217425 -0.561021
v 0.811297 -3.248105 0.216912
v 0.811297 -3.248105 -0.561021
v 0.923076 -3.076868 0.216912
v 0.923076 -3.076868 -0.561021
v 0.796552 -3.054873 0.216912
v 0.796552 -3.054873 -0.561021
v 0.675702 -3.026362 0.216912
v 0.675701 -3.026362 -0.561021
v 0.561540 -2.990469 0.216912
v 0.561540 -2.990469 -0.561021
v 0.455083 -2.946326 0.216912
v 0.455082 -2.946326 -0.561021
v 0.357346 -2.893067 0.216912
v 0.357346 -2.893067 -0.561021
v 0.269345 -2.829823 0.216912
v 0.269345 -2.829823 -0.561021
v 0.192096 -2.755729 0.216912
v 0.192096 -2.755729 -0.561021
v 0.126615 -2.669917 0.216912
v 0.126615 -2.669917 -0.561021
v 0.073917 -2.571519 0.216912
v 0.073917 -2.571519 -0.561021
v 0.035018 -2.459670 0.216912
v 0.035018 -2.459670 -0.561021
v 0.010934 -2.333501 0.216912
v 0.010934 -2.333501 -0.561021
v 0.002680 -2.192146 0.216912
v 0.002680 -2.192146 -0.561021
v 0.005351 -2.100480 0.216912
v 0.005351 -2.100480 -0.561021
v 0.013349 -2.013752 0.216912
v 0.013349 -2.013752 -0.561021
v 0.026649 -1.932541 0.216912
v 0.026649 -1.932541 -0.561021
v 0.045225 -1.857424 0.216912
v 0.045225 -1.857424 -0.561021
v 0.069053 -1.788980 0.216912
v 0.069053 -1.788980 -0.561021
v 0.098109 -1.727785 0.216912
v 0.098108 -1.727785 -0.561021
v 0.132367 -1.674420 0.216912
v 0.132367 -1.674420 -0.561021
v 0.171802 -1.629461 0.216912
v 0.171802 -1.629461 -0.561021
v 0.216391 -1.593487 0.216912
v 0.216391 -1.593487 -0.561021
v 0.266108 -1.567075 0.216912
v 0.266108 -1.567075 -0.561021
v 0.320928 -1.550804 0.216912
v 0.320928 -1.550804 -0.561021
v 0.380827 -1.545252 0.216912
v 0.380827 -1.545252 -0.561021
v 0.454572 -1.553949 0.216912
v 0.454572 -1.553949 -0.561021
v 0.526640 -1.578757 0.216912
v 0.526640 -1.578757 -0.561021
v 0.596248 -1.617753 0.216912
v 0.596248 -1.617753 -0.561021
v 0.662610 -1.669011 0.216912
v 0.662610 -1.669011 -0.561021
v 0.724942 -1.730608 0.216912
v 0.724942 -1.730608 -0.561021
v 0.782460 -1.800620 0.216912
v 0.782460 -1.800620 -0.561021
v 0.834379 -1.877123 0.216912
v 0.834379 -1.877123 -0.561021
v 0.879915 -1.958193 0.216912
v 0.879915 -1.958193 -0.561021
v 0.918283 -2.041905 0.216912
v 0.918283 -2.041905 -0.561021
v 0.948698 -2.126335 0.216912
v 0.948698 -2.126336 -0.561021
v 0.970376 -2.209560 0.216912
v 0.970376 -2.209560 -0.561021
v 0.982534 -2.289655 0.216912
v 0.982533 -2.289655 -0.561021
v 0.985210 -2.312625 0.216912
v 0.985210 -2.312625 -0.561021
v 0.987301 -2.335272 0.216912
v 0.987301 -2.335272 -0.561021
v 0.988814 -2.357771 0.216912
v 0.988814 -2.357771 -0.561021
v 0.989756 -2.380295 0.216912
v 0.989756 -2.380295 -0.561021
v 0.990138 -2.403016 0.216912
v 0.990138 -2.403016 -0.561021
v 0.989966 -2.426110 0.216912
v 0.989966 -2.426110 -0.561021
v 0.989249 -2.449748 0.216912
v 0.989249 -2.449748 -0.561021
v 0.987995 -2.474105 0.216912
v 0.987995 -2.474105 -0.561021
v 0.986212 -2.499353 0.216912
v 0.986212 -2.499353 -0.561021
v 0.983910 -2.525667 0.216912
v 0.983910 -2.525667 -0.561021
v 0.981095 -2.553220 0.216912
v 0.981095 -2.553220 -0.561021
v 0.977777 -2.582185 0.216912
v 0.977777 -2.582185 -0.561021
v 1.160905 -2.596454 0.216912
v 1.160905 -2.596454 -0.561021
v 1.163918 -2.572981 0.216912
v 1.163918 -2.572981 -0.561021
v 1.166972 -2.547799 0.216912
v 1.166972 -2.547799 -0.561021
v 1.170009 -2.520981 0.216912
v 1.170009 -2.520981 -0.561021
v 1.172973 -2.492603 0.216912
v 1.172972 -2.492603 -0.561021
v 1.175804 -2.462738 0.216912
v 1.175804 -2.462738 -0.561021
v 1.178445 -2.431461 0.216912
v 1.178445 -2.431461 -0.561021
v 1.180838 -2.398846 0.216912
v 1.180838 -2.398846 -0.561021
v 1.182926 -2.364968 0.216912
v 1.182926 -2.364968 -0.561021
v 1.184651 -2.329901 0.216912
v 1.184651 -2.329901 -0.561021
v 1.185954 -2.293718 0.216912
v 1.185954 -2.293718 -0.561021
v 1.186778 -2.256496 0.216912
v 1.186778 -2.256496 -0.561021
v 1.187066 -2.218307 0.216912
v 1.187066 -2.218307 -0.561021
v 1.186160 -2.159409 0.216912
v 1.186160 -2.159409 -0.561021
v 1.183587 -2.096332 0.216912
v 1.183587 -2.096332 -0.561021
v 1.179560 -2.030051 0.216912
v 1.179560 -2.030051 -0.561021
v 1.174294 -1.961540 0.216912
v 1.174294 -1.961540 -0.561021
v 1.168004 -1.891774 0.216912
v 1.168004 -1.891774 -0.561021
v 1.160905 -1.821728 0.216912
v 1.160905 -1.821728 -0.561021
v 1.153211 -1.752375 0.216912
v 1.153211 -1.752375 -0.561021
v 1.145138 -1.684690 0.216912
v 1.145138 -1.684690 -0.561021
v 1.136899 -1.619648 0.216912
v 1.136899 -1.619648 -0.561021
v 1.128710 -1.558223 0.216912
v 1.128710 -1.558223 -0.561021
v 1.120785 -1.501389 0.216912
v 1.120785 -1.501389 -0.561021
v 1.113339 -1.450121 0.216912
v 1.113339 -1.450121 -0.561021
v 1.111057 -1.432334 0.216912
v 1.111057 -1.432334 -0.561021
v 1.108957 -1.414655 0.216912
v 1.108957 -1.414655 -0.561021
v 1.107022 -1.397092 0.216912
v 1.107022 -1.397092 -0.561021
v 1.105235 -1.379653 0.216912
v 1.105235 -1.379653 -0.561021
v 1.103581 -1.362346 0.216912
v 1.103581 -1.362346 -0.561021
v 1.102042 -1.345179 0.216912
v 1.102042 -1.345179 -0.561021
v 1.100603 -1.328161 0.216912
v 1.100603 -1.328161 -0.561021
v 1.099246 -1.311299 0.216912
v 1.099246 -1.311299 -0.561021
v 1.097955 -1.294603 0.216912
v 1.097955 -1.294603 -0.561021
v 1.096713 -1.278080 0.216912
v 1.096713 -1.278080 -0.561021
v 1.095505 -1.261739 0.216912
v 1.095505 -1.261739 -0.561021
v 1.094313 -1.245588 0.216912
v 1.094313 -1.245588 -0.561021
v 0.885024 -1.252723 0.216912
v 0.885024 -1.252723 -0.561021
v 0.897442 -1.299024 0.216912
v 0.897442 -1.299024 -0.561021
v 0.909654 -1.350420 0.216912
v 0.909654 -1.350420 -0.561021
v 0.921553 -1.405862 0.216912
v 0.921553 -1.405862 -0.561021
v 0.933030 -1.464302 0.216912
v 0.933030 -1.464302 -0.561021
v 0.943979 -1.524691 0.216912
v 0.943979 -1.524691 -0.561021
v 0.954291 -1.585980 0.216912
v 0.954291 -1.585980 -0.561021
v 0.963861 -1.647120 0.216912
v 0.963861 -1.647121 -0.561021
v 0.972580 -1.707064 0.216912
v 0.972580 -1.707064 -0.561021
v 0.980341 -1.764760 0.216912
v 0.980341 -1.764760 -0.561021
v 0.987037 -1.819162 0.216912
v 0.987037 -1.819162 -0.561021
v 0.992560 -1.869220 0.216912
v 0.992560 -1.869220 -0.561021
v 0.996803 -1.913886 0.216912
v 0.996803 -1.913886 -0.561021
v -1.821465 -2.051827 0.216912
v -1.821465 -2.051827 -0.561021
v -1.821465 -1.618979 0.216912
v -1.821465 -1.618979 -0.561021
v -1.760885 -1.624585 0.216912
v -1.760885 -1.624585 -0.561021
v -1.699512 -1.629538 0.216912
v -1.699512 -1.629538 -0.561021
v -1.637743 -1.633880 0.216912
v -1.637743 -1.633880 -0.561021
v -1.575973 -1.637653 0.216912
v -1.575973 -1.637653 -0.561021
v -1.514600 -1.640897 0.216912
v -1.514600 -1.640897 -0.561021
v -1.454020 -1.643654 0.216912
v -1.454020 -1.643654 -0.561021
v -1.394629 -1.645964 0.216912
v -1.394629 -1.645964 -0.561021
v -1.336823 -1.647871 0.216912
v -1.336823 -1.647871 -0.561021
v -1.281000 -1.649413 0.216912
v -1.281000 -1.649413 -0.561021
v -1.227554 -1.650634 0.216912
v -1.227554 -1.650634 -0.561021
v -1.176884 -1.651574 0.216912
v -1.176884 -1.651574 -0.561021
v -1.129384 -1.652275 0.216912
v -1.129384 -1.652275 -0.561021
v -1.081818 -1.476282 0.216912
v -1.081818 -1.476282 -0.561021
v -1.130607 -1.477714 0.216912
v -1.130607 -1.477715 -0.561021
v -1.185935 -1.478429 0.216912
v -1.185935 -1.478429 -0.561021
v -1.246812 -1.478400 0.216912
v -1.246812 -1.478400 -0.561021
v -1.312248 -1.477603 0.216912
v -1.312248 -1.477603 -0.561021
v -1.381252 -1.476013 0.216912
v -1.381252 -1.476013 -0.561021
v -1.452831 -1.473606 0.216912
v -1.452831 -1.473606 -0.561021
v -1.525997 -1.470357 0.216912
v -1.525997 -1.470357 -0.561021
v -1.599756 -1.466240 0.216912
v -1.599756 -1.466240 -0.561021
v -1.673120 -1.461232 0.216912
v -1.673120 -1.461232 -0.561021
v -1.745096 -1.455307 0.216912
v -1.745096 -1.455307 -0.561021
v -1.814694 -1.448440 0.216912
v -1.814694 -1.448440 -0.561021
v -1.880923 -1.440607 0.216912
v -1.880923 -1.440607 -0.561021
v -1.936234 -1.432352 0.216912
v -1.936234 -1.432352 -0.561021
v -1.993428 -1.423123 0.216912
v -1.993428 -1.423123 -0.561021
v -2.051713 -1.413034 0.216912
v -2.051713 -1.413034 -0.561021
v -2.110295 -1.402202 0.216912
v -2.110295 -1.402202 -0.561021
v -2.168381 -1.390743 0.216912
v -2.168381 -1.390743 -0.561021
v -2.225179 -1.378772 0.216912
v -2.225179 -1.378772 -0.561021
v -2.279896 -1.366404 0.216912
v -2.279896 -1.366404 -0.561021
v -2.331739 -1.353756 0.216912
v -2.331739 -1.353756 -0.561021
v -2.379916 -1.340942 0.216912
v -2.379916 -1.340942 -0.561021
v -2.423634 -1.328079 0.216912
v -2.423634 -1.328079 -0.561021
v -2.462099 -1.315282 0.216912
v -2.462099 -1.315282 -0.561021
v -2.494520 -1.302667 0.216912
v -2.494520 -1.302667 -0.561021
v -2.620569 -1.466769 0.216912
v -2.620569 -1.466769 -0.561021
v -2.607593 -1.470286 0.216912
v -2.607593 -1.470286 -0.561021
v -2.594848 -1.473705 0.216912
v -2.594848 -1.473705 -0.561021
v -2.582368 -1.477025 0.216912
v -2.582368 -1.477025 -0.561021
v -2.570184 -1.480246 0.216912
v -2.570184 -1.480246 -0.561021
v -2.558332 -1.483367 0.216912
v -2.558332 -1.483367 -0.561021
v -2.546842 -1.486389 0.216912
v -2.546842 -1.486390 -0.561021
v -2.535749 -1.489313 0.216912
v -2.535749 -1.489313 -0.561021
v -2.525085 -1.492137 0.216912
v -2.525085 -1.492137 -0.561021
v -2.514884 -1.494862 0.216912
v -2.514884 -1.494862 -0.561021
v -2.505178 -1.497488 0.216912
v -2.505178 -1.497488 -0.561021
v -2.496001 -1.500015 0.216912
v -2.496001 -1.500015 -0.561021
v -2.487385 -1.502443 0.216912
v -2.487385 -1.502443 -0.561021
v -2.456363 -1.510263 0.216912
v -2.456363 -1.510263 -0.561021
v -2.422929 -1.518232 0.216912
v -2.422929 -1.518232 -0.561021
v -2.387348 -1.526300 0.216912
v -2.387348 -1.526300 -0.561021
v -2.349885 -1.534418 0.216912
v -2.349885 -1.534418 -0.561021
v -2.310803 -1.542535 0.216912
v -2.310803 -1.542535 -0.561021
v -2.270366 -1.550603 0.216912
v -2.270366 -1.550603 -0.561021
v -2.228840 -1.558572 0.216912
v -2.228840 -1.558572 -0.561021
v -2.186488 -1.566392 0.216912
v -2.186488 -1.566392 -0.561021
v -2.143574 -1.574014 0.216912
v -2.143574 -1.574014 -0.561021
v -2.100363 -1.581389 0.216912
v -2.100363 -1.581389 -0.561021
v -2.057119 -1.588466 0.216912
v -2.057119 -1.588466 -0.561021
v -2.014107 -1.595196 0.216912
v -2.014107 -1.595196 -0.561021
v -2.014107 -2.051827 0.216912
v -2.014107 -2.051827 -0.561021
v -2.670513 -2.051827 0.216912
v -2.670513 -2.051827 -0.561021
v -2.684247 -2.051731 0.216912
v -2.684247 -2.051731 -0.561021
v -2.699130 -2.051452 0.216912
v -2.699130 -2.051453 -0.561021
v -2.714920 -2.051009 0.216912
v -2.714920 -2.051009 -0.561021
v -2.731380 -2.050417 0.216912
v -2.731380 -2.050418 -0.561021
v -2.748269 -2.049694 0.216912
v -2.748269 -2.049694 -0.561021
v -2.765347 -2.048854 0.216912
v -2.765347 -2.048854 -0.561021
v -2.782377 -2.047915 0.216912
v -2.782377 -2.047915 -0.561021
v -2.799117 -2.046894 0.216912
v -2.799117 -2.046894 -0.561021
v -2.815329 -2.045807 0.216912
v -2.815329 -2.045807 -0.561021
v -2.830772 -2.044670 0.216912
v -2.830772 -2.044670 -0.561021
v -2.845209 -2.043500 0.216912
v -2.845209 -2.043500 -0.561021
v -2.858398 -2.042314 0.216912
v -2.858398 -2.042314 -0.561021
v -2.858398 -2.239712 0.216912
v -2.858398 -2.239712 -0.561021
v -2.844940 -2.238525 0.216912
v -2.844940 -2.238525 -0.561021
v -2.830795 -2.237355 0.216912
v -2.830795 -2.237355 -0.561021
v -2.816072 -2.236218 0.216912
v -2.816072 -2.236218 -0.561021
v -2.800879 -2.235131 0.216912
v -2.800879 -2.235131 -0.561021
v -2.785323 -2.234110 0.216912
v -2.785323 -2.234110 -0.561021
v -2.769510 -2.233171 0.216912
v -2.769510 -2.233171 -0.561021
v -2.753549 -2.232332 0.216912
v -2.753549 -2.232332 -0.561021
v -2.737546 -2.231608 0.216912
v -2.737546 -2.231608 -0.561021
v -2.721610 -2.231016 0.216912
v -2.721610 -2.231016 -0.561021
v -2.705846 -2.230573 0.216912
v -2.705846 -2.230573 -0.561021
v -2.690364 -2.230295 0.216912
v -2.690364 -2.230295 -0.561021
v -2.675270 -2.230198 0.216912
v -2.675270 -2.230198 -0.561021
v -2.011728 -2.230198 0.216912
v -2.011728 -2.230198 -0.561021
v -2.002065 -2.338690 0.216912
v -2.002065 -2.338690 -0.561021
v -1.985952 -2.441921 0.216912
v -1.985952 -2.441921 -0.561021
v -1.963084 -2.540082 0.216912
v -1.963084 -2.540082 -0.561021
v -1.933156 -2.633362 0.216912
v -1.933156 -2.633362 -0.561021
v -1.895862 -2.721951 0.216912
v -1.895862 -2.721951 -0.561021
v -1.850896 -2.806041 0.216912
v -1.850896 -2.806041 -0.561021
v -1.797953 -2.885819 0.216912
v -1.797953 -2.885819 -0.561021
v -1.736727 -2.961477 0.216912
v -1.736727 -2.961477 -0.561021
v -1.666914 -3.033204 0.216912
v -1.666914 -3.033204 -0.561021
v -1.588206 -3.101190 0.216912
v -1.588206 -3.101190 -0.561021
v -1.500299 -3.165626 0.216912
v -1.500299 -3.165626 -0.561021
v -1.402887 -3.226700 0.216912
v -1.402887 -3.226700 -0.561021
v -1.215003 -3.095894 0.216912
v -1.215003 -3.095894 -0.561021
v -1.305234 -3.050520 0.216912
v -1.305234 -3.050520 -0.561021
v -1.388067 -3.001049 0.216912
v -1.388067 -3.001049 -0.561021
v -1.463533 -2.947251 0.216912
v -1.463533 -2.947251 -0.561021
v -1.531667 -2.888895 0.216912
v -1.531667 -2.888895 -0.561021
v -1.592500 -2.825750 0.216912
v -1.592500 -2.825750 -0.561021
v -1.646067 -2.757583 0.216912
v -1.646067 -2.757583 -0.561021
v -1.692399 -2.684165 0.216912
v -1.692399 -2.684165 -0.561021
v -1.731531 -2.605263 0.216912
v -1.731531 -2.605263 -0.561021
v -1.763495 -2.520647 0.216912
v -1.763495 -2.520647 -0.561021
v -1.788324 -2.430084 0.216912
v -1.788324 -2.430084 -0.561021
v -1.806051 -2.333345 0.216912
v -1.806051 -2.333345 -0.561021
v -1.816709 -2.230198 0.216912
v -1.816709 -2.230198 -0.561021
v -1.110358 -2.230198 0.216912
v -1.110358 -2.230198 -0.561021
v -1.091249 -2.230295 0.216912
v -1.091249 -2.230295 -0.561021
v -1.072041 -2.230573 0.216912
v -1.072041 -2.230573 -0.561021
v -1.052833 -2.231016 0.216912
v -1.052833 -2.231016 -0.561021
v -1.033724 -2.231608 0.216912
v -1.033724 -2.231608 -0.561021
v -1.014813 -2.232332 0.216912
v -1.014813 -2.232332 -0.561021
v -0.996200 -2.233171 0.216912
v -0.996200 -2.233171 -0.561021
v -0.977983 -2.234110 0.216912
v -0.977983 -2.234110 -0.561021
v -0.960262 -2.235131 0.216912
v -0.960262 -2.235131 -0.561021
v -0.943135 -2.236218 0.216912
v -0.943135 -2.236218 -0.561021
v -0.926701 -2.237355 0.216912
v -0.926701 -2.237355 -0.561021
v -0.911061 -2.238525 0.216912
v -0.911061 -2.238525 -0.561021
v -0.896312 -2.239712 0.216912
v -0.896312 -2.239712 -0.561021
v -0.896312 -2.042314 0.216912
v -0.896312 -2.042314 -0.561021
v -0.910558 -2.043500 0.216912
v -0.910558 -2.043500 -0.561021
v -0.925853 -2.044670 0.216912
v -0.925853 -2.044670 -0.561021
v -0.942057 -2.045807 0.216912
v -0.942057 -2.045807 -0.561021
v -0.959028 -2.046894 0.216912
v -0.959028 -2.046894 -0.561021
v -0.976627 -2.047915 0.216912
v -0.976627 -2.047915 -0.561021
v -0.994714 -2.048854 0.216912
v -0.994714 -2.048854 -0.561021
v -1.013147 -2.049694 0.216912
v -1.013147 -2.049694 -0.561021
v -1.031786 -2.050417 0.216912
v -1.031786 -2.050418 -0.561021
v -1.050492 -2.051009 0.216912
v -1.050492 -2.051009 -0.561021
v -1.069123 -2.051453 0.216912
v -1.069123 -2.051453 -0.561021
v -1.087540 -2.051731 0.216912
v -1.087540 -2.051731 -0.561021
v -1.105601 -2.051827 0.216912
v -1.105601 -2.051827 -0.561021
v -4.478010 -2.922279 0.216912
v -4.478010 -2.922279 -0.561021
v -4.487567 -2.867178 0.216912
v -4.487567 -2.867178 -0.561021
v -4.498181 -2.803134 0.216912
v -4.498181 -2.803134 -0.561021
v -4.509522 -2.732203 0.216912
v -4.509522 -2.732203 -0.561021
v -4.521259 -2.656440 0.216912
v -4.521259 -2.656440 -0.561021
v -4.533063 -2.577903 0.216912
v -4.533063 -2.577903 -0.561021
v -4.544601 -2.498647 0.216912
v -4.544601 -2.498647 -0.561021
v -4.555547 -2.420730 0.216912
v -4.555547 -2.420730 -0.561021
v -4.565566 -2.346206 0.216912
v -4.565566 -2.346206 -0.561021
v -4.574330 -2.277132 0.216912
v -4.574330 -2.277132 -0.561021
v -4.581510 -2.215565 0.216912
v -4.581510 -2.215565 -0.561021
v -4.586773 -2.163561 0.216912
v -4.586773 -2.163561 -0.561021
v -4.589789 -2.123175 0.216912
v -4.589789 -2.123175 -0.561021
v -4.545205 -2.123175 0.216912
v -4.545205 -2.123175 -0.561021
v -4.487193 -2.123175 0.216912
v -4.487193 -2.123175 -0.561021
v -4.418777 -2.123175 0.216912
v -4.418777 -2.123175 -0.561021
v -4.342977 -2.123175 0.216912
v -4.342977 -2.123175 -0.561021
v -4.262816 -2.123175 0.216912
v -4.262816 -2.123175 -0.561021
v -4.181319 -2.123175 0.216912
v -4.181319 -2.123175 -0.561021
v -4.101506 -2.123175 0.216912
v -4.101506 -2.123175 -0.561021
v -4.026400 -2.123175 0.216912
v -4.026400 -2.123175 -0.561021
v -3.959023 -2.123175 0.216912
v -3.959023 -2.123175 -0.561021
v -3.902399 -2.123175 0.216912
v -3.902399 -2.123175 -0.561021
v -3.859549 -2.123175 0.216912
v -3.859549 -2.123175 -0.561021
v -3.833495 -2.123175 0.216912
v -3.833495 -2.123175 -0.561021
v -3.816398 -2.123271 0.216912
v -3.816398 -2.123271 -0.561021
v -3.799582 -2.123539 0.216912
v -3.799582 -2.123539 -0.561021
v -3.783030 -2.123956 0.216912
v -3.783030 -2.123956 -0.561021
v -3.766727 -2.124497 0.216912
v -3.766727 -2.124497 -0.561021
v -3.750654 -2.125137 0.216912
v -3.750654 -2.125137 -0.561021
v -3.734796 -2.125851 0.216912
v -3.734796 -2.125851 -0.561021
v -3.719136 -2.126615 0.216912
v -3.719136 -2.126615 -0.561021
v -3.703658 -2.127403 0.216912
v -3.703658 -2.127403 -0.561021
v -3.688345 -2.128192 0.216912
v -3.688345 -2.128192 -0.561021
v -3.673181 -2.128956 0.216912
v -3.673181 -2.128956 -0.561021
v -3.658149 -2.129670 0.216912
v -3.658149 -2.129670 -0.561021
v -3.643232 -2.130310 0.216912
v -3.643232 -2.130310 -0.561021
v -3.643232 -1.930534 0.216912
v -3.643232 -1.930534 -0.561021
v -3.657784 -1.932314 0.216912
v -3.657784 -1.932314 -0.561021
v -3.672839 -1.934069 0.216912
v -3.672839 -1.934069 -0.561021
v -3.688308 -1.935774 0.216912
v -3.688308 -1.935774 -0.561021
v -3.704098 -1.937405 0.216912
v -3.704098 -1.937405 -0.561021
v -3.720120 -1.938937 0.216912
v -3.720120 -1.938937 -0.561021
v -3.736282 -1.940345 0.216912
v -3.736282 -1.940345 -0.561021
v -3.752494 -1.941604 0.216912
v -3.752494 -1.941604 -0.561021
v -3.768664 -1.942690 0.216912
v -3.768664 -1.942690 -0.561021
v -3.784703 -1.943578 0.216912
v -3.784703 -1.943578 -0.561021
v -3.800518 -1.944242 0.216912
v -3.800518 -1.944242 -0.561021
v -3.816020 -1.944659 0.216912
v -3.816020 -1.944659 -0.561021
v -3.831117 -1.944804 0.216912
v -3.831117 -1.944804 -0.561021
v -3.862329 -1.944804 0.216912
v -3.862329 -1.944804 -0.561021
v -3.907794 -1.944804 0.216912
v -3.907794 -1.944804 -0.561021
v -3.964821 -1.944804 0.216912
v -3.964821 -1.944804 -0.561021
v -4.030716 -1.944804 0.216912
v -4.030716 -1.944804 -0.561021
v -4.102789 -1.944804 0.216912
v -4.102789 -1.944804 -0.561021
v -4.178347 -1.944804 0.216912
v -4.178347 -1.944804 -0.561021
v -4.254697 -1.944804 0.216912
v -4.254697 -1.944804 -0.561021
v -4.329147 -1.944804 0.216912
v -4.329147 -1.944804 -0.561021
v -4.399007 -1.944804 0.216912
v -4.399007 -1.944804 -0.561021
v -4.461582 -1.944804 0.216912
v -4.461582 -1.944804 -0.561021
v -4.514183 -1.944804 0.216912
v -4.514183 -1.944804 -0.561021
v -4.554115 -1.944804 0.216912
v -4.554115 -1.944804 -0.561021
v -4.564039 -1.944658 0.216912
v -4.564039 -1.944658 -0.561021
v -4.574650 -1.944231 0.216912
v -4.574650 -1.944232 -0.561021
v -4.585738 -1.943541 0.216912
v -4.585738 -1.943541 -0.561021
v -4.597100 -1.942602 0.216912
v -4.597100 -1.942602 -0.561021
v -4.608528 -1.941432 0.216912
v -4.608528 -1.941432 -0.561021
v -4.619815 -1.940047 0.216912
v -4.619815 -1.940048 -0.561021
v -4.630755 -1.938465 0.216912
v -4.630755 -1.938465 -0.561021
v -4.641143 -1.936700 0.216912
v -4.641143 -1.936700 -0.561021
v -4.650770 -1.934771 0.216912
v -4.650770 -1.934771 -0.561021
v -4.659431 -1.932692 0.216912
v -4.659431 -1.932692 -0.561021
v -4.666921 -1.930482 0.216912
v -4.666921 -1.930482 -0.561021
v -4.673030 -1.928156 0.216912
v -4.673030 -1.928156 -0.561021
v -4.818105 -1.997126 0.216912
v -4.818105 -1.997126 -0.561021
v -4.816324 -2.003210 0.216912
v -4.816324 -2.003210 -0.561021
v -4.814560 -2.009524 0.216912
v -4.814560 -2.009524 -0.561021
v -4.812828 -2.016004 0.216912
v -4.812828 -2.016004 -0.561021
v -4.811146 -2.022583 0.216912
v -4.811146 -2.022583 -0.561021
v -4.809530 -2.029195 0.216912
v -4.809530 -2.029195 -0.561021
v -4.807997 -2.035774 0.216912
v -4.807997 -2.035774 -0.561021
v -4.806562 -2.042253 0.216912
v -4.806562 -2.042253 -0.561021
v -4.805244 -2.048568 0.216912
v -4.805244 -2.048568 -0.561021
v -4.804058 -2.054651 0.216912
v -4.804058 -2.054651 -0.561021
v -4.803020 -2.060437 0.216912
v -4.803020 -2.060437 -0.561021
v -4.802148 -2.065860 0.216912
v -4.802148 -2.065860 -0.561021
v -4.801457 -2.070853 0.216912
v -4.801457 -2.070853 -0.561021
v -4.795710 -2.117446 0.216912
v -4.795710 -2.117446 -0.561021
v -4.788178 -2.175046 0.216912
v -4.788178 -2.175046 -0.561021
v -4.779161 -2.241681 0.216912
v -4.779161 -2.241681 -0.561021
v -4.768954 -2.315376 0.216912
v -4.768954 -2.315376 -0.561021
v -4.757855 -2.394158 0.216912
v -4.757855 -2.394158 -0.561021
v -4.746162 -2.476054 0.216912
v -4.746162 -2.476054 -0.561021
v -4.734172 -2.559089 0.216912
v -4.734172 -2.559089 -0.561021
v -4.722181 -2.641289 0.216912
v -4.722181 -2.641289 -0.561021
v -4.710488 -2.720683 0.216912
v -4.710488 -2.720683 -0.561021
v -4.699389 -2.795294 0.216912
v -4.699389 -2.795294 -0.561021
v -4.689182 -2.863151 0.216912
v -4.689182 -2.863151 -0.561021
v -4.680164 -2.922279 0.216912
v -4.680164 -2.922279 -0.561021
v -4.913237 -2.922279 0.216912
v -4.913237 -2.922279 -0.561021
v -4.926971 -2.922230 0.216912
v -4.926971 -2.922230 -0.561021
v -4.941854 -2.922081 0.216912
v -4.941854 -2.922081 -0.561021
v -4.957644 -2.921834 0.216912
v -4.957644 -2.921834 -0.561021
v -4.974104 -2.921487 0.216912
v -4.974104 -2.921487 -0.561021
v -4.990993 -2.921041 0.216912
v -4.990993 -2.921041 -0.561021
v -5.008071 -2.920496 0.216912
v -5.008071 -2.920496 -0.561021
v -5.025101 -2.919852 0.216912
v -5.025101 -2.919852 -0.561021
v -5.041841 -2.919108 0.216912
v -5.041841 -2.919108 -0.561021
v -5.058052 -2.918266 0.216912
v -5.058052 -2.918266 -0.561021
v -5.073496 -2.917325 0.216912
v -5.073496 -2.917325 -0.561021
v -5.087932 -2.916284 0.216912
v -5.087932 -2.916284 -0.561021
v -5.101121 -2.915145 0.216912
v -5.101121 -2.915145 -0.561021
v -5.101121 -3.107786 0.216912
v -5.101121 -3.107786 -0.561021
v -5.089525 -3.107193 0.216912
v -5.089525 -3.107193 -0.561021
v -5.076336 -3.106608 0.216912
v -5.076336 -3.106608 -0.561021
v -5.061843 -3.106039 0.216912
v -5.061843 -3.106039 -0.561021
v -5.046332 -3.105495 0.216912
v -5.046332 -3.105495 -0.561021
v -5.030096 -3.104985 0.216912
v -5.030096 -3.104985 -0.561021
v -5.013422 -3.104516 0.216912
v -5.013422 -3.104516 -0.561021
v -4.996600 -3.104096 0.216912
v -4.996600 -3.104096 -0.561021
v -4.979918 -3.103734 0.216912
v -4.979918 -3.103734 -0.561021
v -4.963664 -3.103438 0.216912
v -4.963664 -3.103438 -0.561021
v -4.948129 -3.103216 0.216912
v -4.948129 -3.103216 -0.561021
v -4.933601 -3.103077 0.216912
v -4.933601 -3.103077 -0.561021
v -4.920371 -3.103029 0.216912
v -4.920371 -3.103029 -0.561021
v -4.868475 -3.103029 0.216912
v -4.868475 -3.103029 -0.561021
v -4.784852 -3.103029 0.216912
v -4.784852 -3.103029 -0.561021
v -4.675927 -3.103029 0.216912
v -4.675927 -3.103029 -0.561021
v -4.548125 -3.103029 0.216912
v -4.548125 -3.103029 -0.561021
v -4.407870 -3.103029 0.216912
v -4.407870 -3.103029 -0.561021
v -4.261586 -3.103029 0.216912
v -4.261586 -3.103029 -0.561021
v -4.115699 -3.103029 0.216912
v -4.115699 -3.103029 -0.561021
v -3.976633 -3.103029 0.216912
v -3.976633 -3.103029 -0.561021
v -3.850812 -3.103029 0.216912
v -3.850812 -3.103029 -0.561021
v -3.744662 -3.103029 0.216912
v -3.744662 -3.103029 -0.561021
v -3.664606 -3.103029 0.216912
v -3.664606 -3.103029 -0.561021
v -3.617071 -3.103029 0.216912
v -3.617071 -3.103029 -0.561021
v -3.599017 -3.103079 0.216912
v -3.599017 -3.103079 -0.561021
v -3.581640 -3.103227 0.216912
v -3.581640 -3.103227 -0.561021
v -3.564823 -3.103475 0.216912
v -3.564823 -3.103475 -0.561021
v -3.548453 -3.103822 0.216912
v -3.548453 -3.103822 -0.561021
v -3.532413 -3.104268 0.216912
v -3.532413 -3.104268 -0.561021
v -3.516588 -3.104813 0.216912
v -3.516588 -3.104813 -0.561021
v -3.500862 -3.105457 0.216912
v -3.500862 -3.105457 -0.561021
v -3.485120 -3.106200 0.216912
v -3.485120 -3.106200 -0.561021
v -3.469246 -3.107043 0.216912
v -3.469246 -3.107043 -0.561021
v -3.453123 -3.107984 0.216912
v -3.453123 -3.107984 -0.561021
v -3.436638 -3.109025 0.216912
v -3.436638 -3.109025 -0.561021
v -3.419673 -3.110164 0.216912
v -3.419673 -3.110164 -0.561021
v -3.419673 -2.912766 0.216912
v -3.419673 -2.912766 -0.561021
v -3.434185 -2.913953 0.216912
v -3.434185 -2.913953 -0.561021
v -3.449159 -2.915123 0.216912
v -3.449159 -2.915123 -0.561021
v -3.464564 -2.916260 0.216912
v -3.464564 -2.916260 -0.561021
v -3.480364 -2.917347 0.216912
v -3.480364 -2.917347 -0.561021
v -3.496527 -2.918368 0.216912
v -3.496527 -2.918368 -0.561021
v -3.513021 -2.919307 0.216912
v -3.513021 -2.919307 -0.561021
v -3.529812 -2.920146 0.216912
v -3.529812 -2.920146 -0.561021
v -3.546868 -2.920870 0.216912
v -3.546868 -2.920870 -0.561021
v -3.564154 -2.921462 0.216912
v -3.564154 -2.921462 -0.561021
v -3.581639 -2.921905 0.216912
v -3.581639 -2.921905 -0.561021
v -3.599289 -2.922183 0.216912
v -3.599289 -2.922183 -0.561021
v -3.617071 -2.922279 0.216912
v -3.617071 -2.922279 -0.561021
v -6.076014 -2.111284 0.216912
v -6.076014 -2.111284 -0.561021
v -6.162189 -2.111284 0.216912
v -6.162189 -2.111284 -0.561021
v -6.269899 -2.111284 0.216912
v -6.269899 -2.111284 -0.561021
v -6.393763 -2.111284 0.216912
v -6.393763 -2.111284 -0.561021
v -6.528395 -2.111284 0.216912
v -6.528395 -2.111284 -0.561021
v -6.668411 -2.111284 0.216912
v -6.668411 -2.111284 -0.561021
v -6.808427 -2.111284 0.216912
v -6.808427 -2.111284 -0.561021
v -6.943059 -2.111284 0.216912
v -6.943059 -2.111284 -0.561021
v -7.066923 -2.111284 0.216912
v -7.066923 -2.111284 -0.561021
v -7.174634 -2.111284 0.216912
v -7.174634 -2.111284 -0.561021
v -7.260809 -2.111284 0.216912
v -7.260809 -2.111284 -0.561021
v -7.320062 -2.111284 0.216912
v -7.320062 -2.111284 -0.561021
v -7.349097 -2.111141 0.216912
v -7.349097 -2.111141 -0.561021
v -7.376745 -2.110734 0.216912
v -7.376745 -2.110734 -0.561021
v -7.403005 -2.110095 0.216912
v -7.403005 -2.110095 -0.561021
v -7.427877 -2.109258 0.216912
v -7.427877 -2.109258 -0.561021
v -7.451364 -2.108256 0.216912
v -7.451364 -2.108256 -0.561021
v -7.473462 -2.107122 0.216912
v -7.473462 -2.107122 -0.561021
v -7.494172 -2.105889 0.216912
v -7.494172 -2.105889 -0.561021
v -7.513496 -2.104589 0.216912
v -7.513496 -2.104590 -0.561021
v -7.531432 -2.103257 0.216912
v -7.531432 -2.103257 -0.561021
v -7.547981 -2.101925 0.216912
v -7.547981 -2.101925 -0.561021
v -7.563143 -2.100626 0.216912
v -7.563143 -2.100626 -0.561021
v -7.576917 -2.099393 0.216912
v -7.576917 -2.099393 -0.561021
v -7.576917 -2.332465 0.216912
v -7.576917 -2.332465 -0.561021
v -7.563962 -2.331731 0.216912
v -7.563962 -2.331731 -0.561021
v -7.548984 -2.330758 0.216912
v -7.548984 -2.330758 -0.561021
v -7.532139 -2.329603 0.216912
v -7.532139 -2.329603 -0.561021
v -7.513584 -2.328325 0.216912
v -7.513584 -2.328325 -0.561021
v -7.493478 -2.326980 0.216912
v -7.493478 -2.326980 -0.561021
v -7.471975 -2.325627 0.216912
v -7.471975 -2.325627 -0.561021
v -7.449234 -2.324324 0.216912
v -7.449234 -2.324324 -0.561021
v -7.425412 -2.323128 0.216912
v -7.425412 -2.323128 -0.561021
v -7.400663 -2.322097 0.216912
v -7.400663 -2.322097 -0.561021
v -7.375148 -2.321289 0.216912
v -7.375148 -2.321289 -0.561021
v -7.349021 -2.320762 0.216912
v -7.349021 -2.320762 -0.561021
v -7.322440 -2.320573 0.216912
v -7.322440 -2.320573 -0.561021
v -7.262686 -2.320573 0.216912
v -7.262686 -2.320573 -0.561021
v -7.176176 -2.320573 0.216912
v -7.176176 -2.320573 -0.561021
v -7.068261 -2.320573 0.216912
v -7.068261 -2.320573 -0.561021
v -6.944293 -2.320573 0.216912
v -6.944293 -2.320573 -0.561021
v -6.809623 -2.320573 0.216912
v -6.809623 -2.320573 -0.561021
v -6.669601 -2.320573 0.216912
v -6.669601 -2.320573 -0.561021
v -6.529579 -2.320573 0.216912
v -6.529579 -2.320573 -0.561021
v -6.394909 -2.320573 0.216912
v -6.394909 -2.320573 -0.561021
v -6.270941 -2.320573 0.216912
v -6.270941 -2.320573 -0.561021
v -6.163026 -2.320573 0.216912
v -6.163026 -2.320573 -0.561021
v -6.076515 -2.320573 0.216912
v -6.076515 -2.320573 -0.561021
v -6.016761 -2.320573 0.216912
v -6.016761 -2.320573 -0.561021
v -5.984186 -2.320671 0.216912
v -5.984186 -2.320671 -0.561021
v -5.951975 -2.320959 0.216912
v -5.951975 -2.320959 -0.561021
v -5.920292 -2.321428 0.216912
v -5.920292 -2.321428 -0.561021
v -5.889303 -2.322071 0.216912
v -5.889303 -2.322071 -0.561021
v -5.859172 -2.322878 0.216912
v -5.859172 -2.322879 -0.561021
v -5.830066 -2.323843 0.216912
v -5.830066 -2.323843 -0.561021
v -5.802148 -2.324957 0.216912
v -5.802148 -2.324957 -0.561021
v -5.775585 -2.326210 0.216912
v -5.775585 -2.326210 -0.561021
v -5.750542 -2.327596 0.216912
v -5.750542 -2.327597 -0.561021
v -5.727183 -2.329106 0.216912
v -5.727183 -2.329106 -0.561021
v -5.705674 -2.330732 0.216912
v -5.705674 -2.330732 -0.561021
v -5.686179 -2.332465 0.216912
v -5.686179 -2.332465 -0.561021
v -5.686179 -2.099393 0.216912
v -5.686179 -2.099393 -0.561021
v -5.705129 -2.100626 0.216912
v -5.705129 -2.100626 -0.561021
v -5.726192 -2.101925 0.216912
v -5.726192 -2.101925 -0.561021
v -5.749204 -2.103257 0.216912
v -5.749204 -2.103257 -0.561021
v -5.773999 -2.104589 0.216912
v -5.773999 -2.104589 -0.561021
v -5.800414 -2.105889 0.216912
v -5.800414 -2.105889 -0.561021
v -5.828281 -2.107122 0.216912
v -5.828281 -2.107122 -0.561021
v -5.857437 -2.108256 0.216912
v -5.857437 -2.108256 -0.561021
v -5.887717 -2.109258 0.216912
v -5.887717 -2.109258 -0.561021
v -5.918954 -2.110095 0.216912
v -5.918954 -2.110095 -0.561021
v -5.950984 -2.110734 0.216912
v -5.950984 -2.110734 -0.561021
v -5.983641 -2.111141 0.216912
v -5.983641 -2.111141 -0.561021
v -6.016761 -2.111284 0.216912
v -6.016761 -2.111284 -0.561021
v -8.164554 -1.488224 0.216912
v -8.164554 -1.488224 -0.561021
v -8.184194 -1.495517 0.216912
v -8.184194 -1.495517 -0.561021
v -8.201885 -1.507682 0.216912
v -8.201885 -1.507682 -0.561021
v -8.217644 -1.524728 0.216912
v -8.217644 -1.524728 -0.561021
v -8.231486 -1.546663 0.216912
v -8.231486 -1.546663 -0.561021
v -8.243430 -1.573494 0.216912
v -8.243430 -1.573494 -0.561021
v -8.253491 -1.605231 0.216912
v -8.253491 -1.605231 -0.561021
v -8.261686 -1.641881 0.216912
v -8.261686 -1.641881 -0.561021
v -8.268031 -1.683453 0.216912
v -8.268031 -1.683453 -0.561021
v -8.272543 -1.729954 0.216912
v -8.272543 -1.729954 -0.561021
v -8.275238 -1.781394 0.216912
v -8.275238 -1.781395 -0.561021
v -8.276133 -1.837781 0.216912
v -8.276133 -1.837781 -0.561021
v -8.276033 -1.863544 0.216912
v -8.276033 -1.863545 -0.561021
v -8.275737 -1.888507 0.216912
v -8.275737 -1.888507 -0.561021
v -8.275241 -1.912660 0.216912
v -8.275241 -1.912660 -0.561021
v -8.274548 -1.935996 0.216912
v -8.274548 -1.935996 -0.561021
v -8.273655 -1.958505 0.216912
v -8.273655 -1.958505 -0.561021
v -8.272566 -1.980181 0.216912
v -8.272566 -1.980181 -0.561021
v -8.271277 -2.001014 0.216912
v -8.271277 -2.001014 -0.561021
v -8.269791 -2.020997 0.216912
v -8.269791 -2.020997 -0.561021
v -8.268106 -2.040121 0.216912
v -8.268106 -2.040121 -0.561021
v -8.266223 -2.058378 0.216912
v -8.266223 -2.058378 -0.561021
v -8.264142 -2.075760 0.216913
v -8.264142 -2.075760 -0.561021
v -8.261863 -2.092258 0.216913
v -8.261863 -2.092258 -0.561021
v -8.202406 -2.501323 0.216913
v -8.202406 -2.501323 -0.561021
v -8.198828 -2.526254 0.216913
v -8.198828 -2.526254 -0.561021
v -8.195193 -2.548757 0.216913
v -8.195193 -2.548757 -0.561021
v -8.191443 -2.568881 0.216913
v -8.191443 -2.568881 -0.561021
v -8.187519 -2.586677 0.216913
v -8.187519 -2.586677 -0.561021
v -8.183364 -2.602194 0.216913
v -8.183364 -2.602194 -0.561021
v -8.178920 -2.615481 0.216913
v -8.178920 -2.615481 -0.561021
v -8.174129 -2.626587 0.216913
v -8.174129 -2.626587 -0.561021
v -8.168933 -2.635564 0.216913
v -8.168933 -2.635564 -0.561021
v -8.163276 -2.642459 0.216913
v -8.163276 -2.642459 -0.561021
v -8.157097 -2.647323 0.216913
v -8.157097 -2.647323 -0.561021
v -8.150341 -2.650205 0.216913
v -8.150341 -2.650205 -0.561021
v -8.142949 -2.651155 0.216913
v -8.142949 -2.651155 -0.561021
v -8.135555 -2.650205 0.216913
v -8.135555 -2.650205 -0.561021
v -8.128799 -2.647323 0.216913
v -8.128799 -2.647323 -0.561021
v -8.122621 -2.642459 0.216913
v -8.122621 -2.642459 -0.561021
v -8.116963 -2.635564 0.216913
v -8.116963 -2.635564 -0.561021
v -8.111768 -2.626587 0.216913
v -8.111768 -2.626587 -0.561021
v -8.106977 -2.615481 0.216913
v -8.106977 -2.615481 -0.561021
v -8.102532 -2.602194 0.216913
v -8.102532 -2.602194 -0.561021
v -8.098377 -2.586677 0.216913
v -8.098377 -2.586677 -0.561021
v -8.094453 -2.568881 0.216913
v -8.094453 -2.568881 -0.561021
v -8.090703 -2.548757 0.216913
v -8.090703 -2.548757 -0.561021
v -8.087069 -2.526254 0.216913
v -8.087069 -2.526254 -0.561021
v -8.083491 -2.501323 0.216913
v -8.083491 -2.501323 -0.561021
v -8.024035 -2.092258 0.216912
v -8.024035 -2.092258 -0.561021
v -8.021754 -2.075760 0.216912
v -8.021754 -2.075760 -0.561021
v -8.019673 -2.058378 0.216912
v -8.019673 -2.058378 -0.561021
v -8.017791 -2.040121 0.216912
v -8.017791 -2.040121 -0.561021
v -8.016107 -2.020997 0.216912
v -8.016107 -2.020997 -0.561021
v -8.014620 -2.001014 0.216912
v -8.014620 -2.001014 -0.561021
v -8.013332 -1.980181 0.216912
v -8.013332 -1.980181 -0.561021
v -8.012242 -1.958505 0.216912
v -8.012242 -1.958505 -0.561021
v -8.011350 -1.935996 0.216912
v -8.011350 -1.935996 -0.561021
v -8.010656 -1.912660 0.216912
v -8.010656 -1.912660 -0.561021
v -8.010161 -1.888507 0.216912
v -8.010161 -1.888507 -0.561021
v -8.009864 -1.863544 0.216912
v -8.009864 -1.863545 -0.561021
v -8.009765 -1.837781 0.216912
v -8.009765 -1.837781 -0.561021
v -8.010659 -1.781395 0.216912
v -8.010659 -1.781395 -0.561021
v -8.013354 -1.729955 0.216912
v -8.013354 -1.729955 -0.561021
v -8.017866 -1.683453 0.216912
v -8.017866 -1.683453 -0.561021
v -8.024211 -1.641881 0.216912
v -8.024211 -1.641881 -0.561021
v -8.032406 -1.605231 0.216912
v -8.032406 -1.605231 -0.561021
v -8.042466 -1.573494 0.216912
v -8.042466 -1.573494 -0.561021
v -8.054410 -1.546663 0.216912
v -8.054410 -1.546663 -0.561021
v -8.068254 -1.524728 0.216912
v -8.068254 -1.524728 -0.561021
v -8.084012 -1.507683 0.216912
v -8.084012 -1.507683 -0.561021
v -8.101703 -1.495517 0.216912
v -8.101703 -1.495517 -0.561021
v -8.121344 -1.488224 0.216912
v -8.121344 -1.488224 -0.561021
v -8.142949 -1.485795 0.216912
v -8.142949 -1.485795 -0.561021
v -8.286715 -3.027193 0.216913
v -8.286715 -3.027193 -0.561020
v -8.282904 -3.045719 0.216913
v -8.282904 -3.045719 -0.561020
v -8.276764 -3.063304 0.216913
v -8.276764 -3.063304 -0.561020
v -8.268469 -3.079775 0.216913
v -8.268469 -3.079775 -0.561020
v -8.258192 -3.094957 0.216913
v -8.258192 -3.094957 -0.561020
v -8.246106 -3.108678 0.216913
v -8.246106 -3.108678 -0.561020
v -8.232386 -3.120763 0.216913
v -8.232386 -3.120763 -0.561020
v -8.217204 -3.131040 0.216913
v -8.217204 -3.131040 -0.561020
v -8.200733 -3.139335 0.216913
v -8.200733 -3.139335 -0.561020
v -8.183148 -3.145475 0.216913
v -8.183148 -3.145475 -0.561020
v -8.164621 -3.149286 0.216913
v -8.164621 -3.149286 -0.561020
v -8.145327 -3.150595 0.216913
v -8.145327 -3.150595 -0.561020
v -8.126032 -3.149286 0.216913
v -8.126032 -3.149286 -0.561020
v -8.107505 -3.145475 0.216913
v -8.107505 -3.145475 -0.561020
v -8.089920 -3.139335 0.216913
v -8.089920 -3.139335 -0.561020
v -8.073449 -3.131040 0.216913
v -8.073449 -3.131040 -0.561020
v -8.058268 -3.120763 0.216913
v -8.058268 -3.120763 -0.561021
v -8.044547 -3.108678 0.216913
v -8.044547 -3.108678 -0.561021
v -8.032461 -3.094957 0.216913
v -8.032461 -3.094957 -0.561021
v -8.022184 -3.079775 0.216913
v -8.022184 -3.079775 -0.561021
v -8.013889 -3.063304 0.216913
v -8.013889 -3.063304 -0.561021
v -8.007750 -3.045719 0.216913
v -8.007750 -3.045719 -0.561021
v -8.003939 -3.027193 0.216913
v -8.003939 -3.027193 -0.561021
v -8.002630 -3.007898 0.216913
v -8.002630 -3.007898 -0.561021
v -8.003939 -2.988603 0.216913
v -8.003939 -2.988603 -0.561021
v -8.007751 -2.970077 0.216913
v -8.007751 -2.970077 -0.561021
v -8.013890 -2.952491 0.216913
v -8.013890 -2.952491 -0.561021
v -8.022185 -2.936021 0.216913
v -8.022185 -2.936021 -0.561021
v -8.032462 -2.920839 0.216913
v -8.032462 -2.920839 -0.561021
v -8.044547 -2.907118 0.216913
v -8.044547 -2.907118 -0.561021
v -8.058268 -2.895032 0.216913
v -8.058268 -2.895032 -0.561021
v -8.073450 -2.884756 0.216913
v -8.073450 -2.884756 -0.561021
v -8.089920 -2.876460 0.216913
v -8.089920 -2.876460 -0.561021
v -8.107506 -2.870321 0.216913
v -8.107506 -2.870321 -0.561021
v -8.126032 -2.866509 0.216913
v -8.126032 -2.866509 -0.561021
v -8.145327 -2.865201 0.216913
v -8.145327 -2.865201 -0.561021
v -8.164623 -2.866509 0.216913
v -8.164623 -2.866509 -0.561021
v -8.183149 -2.870320 0.216913
v -8.183149 -2.870320 -0.561021
v -8.200734 -2.876460 0.216913
v -8.200734 -2.876460 -0.561020
v -8.217205 -2.884755 0.216913
v -8.217205 -2.884755 -0.561020
v -8.232388 -2.895032 0.216913
v -8.232388 -2.895032 -0.561020
v -8.246107 -2.907118 0.216913
v -8.246107 -2.907118 -0.561020
v -8.258193 -2.920838 0.216913
v -8.258193 -2.920838 -0.561020
v -8.268470 -2.936021 0.216913
v -8.268470 -2.936021 -0.561020
v -8.276765 -2.952491 0.216913
v -8.276765 -2.952491 -0.561020
v -8.282905 -2.970077 0.216913
v -8.282905 -2.970077 -0.561020
v -8.286716 -2.988603 0.216913
v -8.286716 -2.988603 -0.561020
v -8.288024 -3.007898 0.216913
v -8.288024 -3.007898 -0.561020
v -8.809070 -1.488224 0.216913
v -8.809070 -1.488224 -0.561021
v -8.828709 -1.495517 0.216913
v -8.828709 -1.495517 -0.561021
v -8.846400 -1.507682 0.216913
v -8.846400 -1.507682 -0.561021
v -8.862159 -1.524728 0.216913
v -8.862159 -1.524728 -0.561021
v -8.876002 -1.546663 0.216913
v -8.876002 -1.546663 -0.561020
v -8.887946 -1.573494 0.216913
v -8.887946 -1.573494 -0.561020
v -8.898007 -1.605231 0.216913
v -8.898007 -1.605231 -0.561020
v -8.906202 -1.641881 0.216913
v -8.906202 -1.641881 -0.561020
v -8.912547 -1.683453 0.216913
v -8.912547 -1.683453 -0.561020
v -8.917059 -1.729954 0.216913
v -8.917059 -1.729954 -0.561020
v -8.919753 -1.781394 0.216913
v -8.919753 -1.781395 -0.561020
v -8.920648 -1.837781 0.216913
v -8.920648 -1.837781 -0.561020
v -8.920549 -1.863544 0.216913
v -8.920549 -1.863545 -0.561020
v -8.920252 -1.888507 0.216913
v -8.920252 -1.888507 -0.561020
v -8.919757 -1.912660 0.216913
v -8.919757 -1.912660 -0.561020
v -8.919063 -1.935996 0.216913
v -8.919063 -1.935996 -0.561020
v -8.918171 -1.958505 0.216913
v -8.918171 -1.958505 -0.561020
v -8.917081 -1.980181 0.216913
v -8.917081 -1.980181 -0.561020
v -8.915793 -2.001014 0.216913
v -8.915793 -2.001014 -0.561020
v -8.914307 -2.020997 0.216913
v -8.914307 -2.020997 -0.561020
v -8.912621 -2.040121 0.216913
v -8.912621 -2.040121 -0.561020
v -8.910739 -2.058378 0.216913
v -8.910739 -2.058378 -0.561020
v -8.908657 -2.075760 0.216913
v -8.908657 -2.075760 -0.561020
v -8.906378 -2.092258 0.216913
v -8.906378 -2.092258 -0.561020
v -8.846921 -2.501323 0.216913
v -8.846921 -2.501323 -0.561020
v -8.843344 -2.526254 0.216913
v -8.843344 -2.526254 -0.561020
v -8.839709 -2.548757 0.216913
v -8.839709 -2.548757 -0.561020
v -8.835958 -2.568881 0.216913
v -8.835958 -2.568881 -0.561020
v -8.832035 -2.586677 0.216913
v -8.832035 -2.586677 -0.561020
v -8.827880 -2.602194 0.216913
v -8.827880 -2.602194 -0.561020
v -8.823436 -2.615481 0.216913
v -8.823436 -2.615481 -0.561020
v -8.818645 -2.626587 0.216913
v -8.818645 -2.626587 -0.561020
v -8.813449 -2.635564 0.216913
v -8.813449 -2.635564 -0.561020
v -8.807792 -2.642459 0.216913
v -8.807792 -2.642459 -0.561020
v -8.801613 -2.647323 0.216913
v -8.801613 -2.647323 -0.561020
v -8.794856 -2.650205 0.216913
v -8.794856 -2.650205 -0.561020
v -8.787464 -2.651155 0.216913
v -8.787464 -2.651155 -0.561020
v -8.780071 -2.650205 0.216913
v -8.780071 -2.650205 -0.561020
v -8.773314 -2.647323 0.216913
v -8.773314 -2.647323 -0.561020
v -8.767137 -2.642459 0.216913
v -8.767137 -2.642459 -0.561020
v -8.761478 -2.635564 0.216913
v -8.761478 -2.635564 -0.561020
v -8.756284 -2.626587 0.216913
v -8.756284 -2.626587 -0.561020
v -8.751493 -2.615481 0.216913
v -8.751493 -2.615481 -0.561020
v -8.747047 -2.602194 0.216913
v -8.747047 -2.602194 -0.561020
v -8.742892 -2.586677 0.216913
v -8.742892 -2.586677 -0.561020
v -8.738969 -2.568881 0.216913
v -8.738969 -2.568881 -0.561020
v -8.735219 -2.548757 0.216913
v -8.735219 -2.548757 -0.561020
v -8.731584 -2.526254 0.216913
v -8.731584 -2.526254 -0.561020
v -8.728007 -2.501323 0.216913
v -8.728007 -2.501323 -0.561020
v -8.668550 -2.092258 0.216913
v -8.668550 -2.092258 -0.561020
v -8.666270 -2.075760 0.216913
v -8.666270 -2.075760 -0.561020
v -8.664189 -2.058378 0.216913
v -8.664189 -2.058378 -0.561020
v -8.662307 -2.040121 0.216913
v -8.662307 -2.040121 -0.561020
v -8.660622 -2.020997 0.216913
v -8.660622 -2.020997 -0.561020
v -8.659135 -2.001014 0.216913
v -8.659135 -2.001014 -0.561020
v -8.657846 -1.980181 0.216913
v -8.657846 -1.980181 -0.561020
v -8.656756 -1.958505 0.216913
v -8.656756 -1.958505 -0.561021
v -8.655866 -1.935996 0.216913
v -8.655866 -1.935996 -0.561021
v -8.655171 -1.912660 0.216913
v -8.655171 -1.912660 -0.561021
v -8.654675 -1.888507 0.216913
v -8.654675 -1.888507 -0.561021
v -8.654379 -1.863544 0.216913
v -8.654379 -1.863545 -0.561021
v -8.654280 -1.837781 0.216913
v -8.654280 -1.837781 -0.561021
v -8.655173 -1.781395 0.216913
v -8.655173 -1.781395 -0.561021
v -8.657868 -1.729955 0.216913
v -8.657868 -1.729955 -0.561021
v -8.662379 -1.683453 0.216913
v -8.662379 -1.683453 -0.561021
v -8.668724 -1.641881 0.216913
v -8.668724 -1.641881 -0.561021
v -8.676919 -1.605231 0.216913
v -8.676919 -1.605231 -0.561021
v -8.686980 -1.573494 0.216913
v -8.686980 -1.573494 -0.561021
v -8.698924 -1.546663 0.216913
v -8.698924 -1.546663 -0.561021
v -8.712768 -1.524728 0.216913
v -8.712768 -1.524728 -0.561021
v -8.728526 -1.507683 0.216913
v -8.728526 -1.507683 -0.561021
v -8.746218 -1.495517 0.216913
v -8.746218 -1.495517 -0.561021
v -8.765859 -1.488224 0.216913
v -8.765859 -1.488224 -0.561021
v -8.787464 -1.485795 0.216913
v -8.787464 -1.485795 -0.561021
v -8.931233 -3.027193 0.216913
v -8.931233 -3.027193 -0.561020
v -8.927422 -3.045719 0.216913
v -8.927422 -3.045719 -0.561020
v -8.921282 -3.063304 0.216913
v -8.921282 -3.063304 -0.561020
v -8.912986 -3.079775 0.216913
v -8.912986 -3.079775 -0.561020
v -8.902709 -3.094957 0.216913
v -8.902709 -3.094957 -0.561020
v -8.890624 -3.108678 0.216913
v -8.890624 -3.108678 -0.561020
v -8.876903 -3.120763 0.216913
v -8.876903 -3.120763 -0.561020
v -8.861720 -3.131040 0.216913
v -8.861720 -3.131040 -0.561020
v -8.845250 -3.139335 0.216913
v -8.845250 -3.139335 -0.561020
v -8.827664 -3.145475 0.216913
v -8.827664 -3.145475 -0.561020
v -8.809137 -3.149286 0.216913
v -8.809137 -3.149286 -0.561020
v -8.789843 -3.150595 0.216913
v -8.789843 -3.150595 -0.561020
v -8.770550 -3.149286 0.216913
v -8.770550 -3.149286 -0.561020
v -8.752023 -3.145475 0.216913
v -8.752023 -3.145475 -0.561020
v -8.734437 -3.139335 0.216913
v -8.734437 -3.139335 -0.561020
v -8.717967 -3.131040 0.216913
v -8.717967 -3.131040 -0.561020
v -8.702785 -3.120763 0.216913
v -8.702785 -3.120763 -0.561020
v -8.689064 -3.108678 0.216913
v -8.689064 -3.108678 -0.561020
v -8.676978 -3.094957 0.216913
v -8.676978 -3.094957 -0.561020
v -8.666701 -3.079775 0.216913
v -8.666701 -3.079775 -0.561020
v -8.658405 -3.063304 0.216913
v -8.658405 -3.063304 -0.561020
v -8.652266 -3.045719 0.216913
v -8.652266 -3.045719 -0.561020
v -8.648455 -3.027193 0.216913
v -8.648455 -3.027193 -0.561020
v -8.647145 -3.007898 0.216913
v -8.647145 -3.007898 -0.561020
v -8.648452 -2.988603 0.216913
v -8.648452 -2.988603 -0.561020
v -8.652264 -2.970077 0.216913
v -8.652264 -2.970077 -0.561020
v -8.658403 -2.952491 0.216913
v -8.658403 -2.952491 -0.561020
v -8.666699 -2.936021 0.216913
v -8.666699 -2.936021 -0.561020
v -8.676976 -2.920839 0.216913
v -8.676976 -2.920839 -0.561020
v -8.689061 -2.907118 0.216913
v -8.689061 -2.907118 -0.561020
v -8.702783 -2.895032 0.216913
v -8.702783 -2.895032 -0.561020
v -8.717965 -2.884756 0.216913
v -8.717965 -2.884756 -0.561020
v -8.734435 -2.876460 0.216913
v -8.734435 -2.876460 -0.561020
v -8.752021 -2.870321 0.216913
v -8.752021 -2.870321 -0.561020
v -8.770548 -2.866509 0.216913
v -8.770548 -2.866509 -0.561020
v -8.789843 -2.865201 0.216913
v -8.789843 -2.865201 -0.561020
v -8.809135 -2.866509 0.216913
v -8.809135 -2.866509 -0.561020
v -8.827662 -2.870320 0.216913
v -8.827662 -2.870320 -0.561020
v -8.845248 -2.876460 0.216913
v -8.845248 -2.876460 -0.561020
v -8.861718 -2.884755 0.216913
v -8.861718 -2.884755 -0.561020
v -8.876901 -2.895032 0.216913
v -8.876901 -2.895032 -0.561020
v -8.890621 -2.907118 0.216913
v -8.890621 -2.907118 -0.561020
v -8.902707 -2.920838 0.216913
v -8.902707 -2.920838 -0.561020
v -8.912984 -2.936021 0.216913
v -8.912984 -2.936021 -0.561020
v -8.921280 -2.952491 0.216913
v -8.921280 -2.952491 -0.561020
v -8.927420 -2.970077 0.216913
v -8.927420 -2.970077 -0.561020
v -8.931231 -2.988603 0.216913
v -8.931231 -2.988603 -0.561020
v -8.932540 -3.007898 0.216913
v -8.932540 -3.007898 -0.561020
vn -0.0000 -0.0000 -1.0000
vn -0.0006 -0.0000 -1.0000
vn 0.0002 -0.0000 -1.0000
vn 0.0014 -0.0000 -1.0000
vn 0.0001 -0.0000 -1.0000
vn -0.0000 -0.0000 1.0000
vn -0.0006 -0.0000 1.0000
vn 0.0002 -0.0000 1.0000
vn 0.0014 -0.0000 1.0000
vn 0.0001 -0.0000 1.0000
vn 0.7071 -0.7071 -0.0000
vn 0.7071 0.7071 -0.0000
vn -0.7071 0.7071 -0.0000
vn -0.7071 -0.7071 -0.0000
vn -0.1472 0.9891 -0.0000
vn -0.9422 0.3352 -0.0000
vn -0.9404 -0.3400 -0.0000
vn -0.9401 -0.3408 -0.0000
vn -0.9396 -0.3422 -0.0000
vn -0.9389 -0.3442 -0.0000
vn -0.9379 -0.3470 -0.0000
vn -0.9366 -0.3504 -0.0000
vn -0.9350 -0.3546 -0.0000
vn -0.9331 -0.3597 -0.0000
vn -0.9307 -0.3657 -0.0000
vn -0.9279 -0.3728 -0.0000
vn -0.9244 -0.3813 -0.0000
vn -0.9884 0.1517 -0.0000
vn -0.7825 0.6226 -0.0000
vn -0.8180 0.5752 -0.0000
vn -0.8522 0.5232 -0.0000
vn -0.8843 0.4668 -0.0000
vn -0.9134 0.4070 -0.0000
vn -0.9387 0.3447 -0.0000
vn -0.9596 0.2813 -0.0000
vn -0.9759 0.2183 -0.0000
vn -0.9875 0.1574 -0.0000
vn -0.9950 0.1000 -0.0000
vn -0.9989 0.0476 -0.0000
vn -1.0000 0.0019 -0.0000
vn -0.9992 -0.0396 -0.0000
vn -0.9965 -0.0831 -0.0000
vn -0.9913 -0.1316 -0.0000
vn -0.9826 -0.1858 -0.0000
vn -0.9692 -0.2464 -0.0000
vn -0.9495 -0.3138 -0.0000
vn -0.9215 -0.3883 -0.0000
vn -0.8829 -0.4695 -0.0000
vn -0.8312 -0.5560 -0.0000
vn -0.7641 -0.6451 -0.0000
vn -0.6804 -0.7329 -0.0000
vn -0.5968 -0.8024 -0.0000
vn -0.5379 -0.8430 -0.0000
vn -0.4949 -0.8689 -0.0000
vn -0.4532 -0.8914 -0.0000
vn -0.4127 -0.9108 -0.0000
vn -0.3739 -0.9275 -0.0000
vn -0.3367 -0.9416 -0.0000
vn -0.3011 -0.9536 -0.0000
vn -0.2673 -0.9636 -0.0000
vn -0.2352 -0.9719 -0.0000
vn -0.2048 -0.9788 -0.0000
vn -0.1759 -0.9844 -0.0000
vn -0.1239 -0.9923 -0.0000
vn -0.0770 -0.9970 -0.0000
vn -0.0602 -0.9982 -0.0000
vn -0.0443 -0.9990 -0.0000
vn -0.0291 -0.9996 -0.0000
vn -0.0144 -0.9999 -0.0000
vn -0.0000 -1.0000 -0.0000
vn 0.0141 -0.9999 -0.0000
vn 0.0282 -0.9996 -0.0000
vn 0.0423 -0.9991 -0.0000
vn 0.0567 -0.9984 -0.0000
vn 0.0715 -0.9974 -0.0000
vn 0.7240 -0.6898 -0.0000
vn 0.9984 -0.0568 -0.0000
vn 0.9945 -0.1052 -0.0000
vn 0.9892 -0.1468 -0.0000
vn 0.9829 -0.1840 -0.0000
vn 0.9758 -0.2187 -0.0000
vn 0.9677 -0.2521 -0.0000
vn 0.9584 -0.2853 -0.0000
vn 0.9477 -0.3192 -0.0000
vn 0.9349 -0.3549 -0.0000
vn 0.9194 -0.3934 -0.0000
vn 0.9001 -0.4357 -0.0000
vn 0.8301 0.5575 -0.0000
vn -0.0840 0.9965 -0.0000
vn -0.0767 0.9971 -0.0000
vn -0.0686 0.9976 -0.0000
vn -0.0595 0.9982 -0.0000
vn -0.0495 0.9988 -0.0000
vn -0.0382 0.9993 -0.0000
vn -0.0257 0.9997 -0.0000
vn -0.0118 0.9999 -0.0000
vn 0.0038 1.0000 -0.0000
vn 0.0212 0.9998 -0.0000
vn 0.0408 0.9992 -0.0000
vn 0.0744 0.9972 -0.0000
vn 0.1130 0.9936 -0.0000
vn 0.1448 0.9895 -0.0000
vn 0.1788 0.9839 -0.0000
vn 0.2153 0.9766 -0.0000
vn 0.2544 0.9671 -0.0000
vn 0.2962 0.9551 -0.0000
vn 0.3408 0.9402 -0.0000
vn 0.3881 0.9216 -0.0000
vn 0.4382 0.8989 -0.0000
vn 0.4906 0.8714 -0.0000
vn 0.5449 0.8385 -0.0000
vn 0.6014 0.7990 -0.0000
vn 0.6852 0.7283 -0.0000
vn 0.7793 0.6267 -0.0000
vn 0.8492 0.5281 -0.0000
vn 0.8993 0.4372 -0.0000
vn 0.9345 0.3559 -0.0000
vn 0.9588 0.2842 -0.0000
vn 0.9752 0.2213 -0.0000
vn 0.9861 0.1661 -0.0000
vn 0.9931 0.1174 -0.0000
vn 0.9972 0.0742 -0.0000
vn 0.9994 0.0355 -0.0000
vn 1.0000 -0.0065 -0.0000
vn 0.9981 -0.0610 -0.0000
vn 0.9923 -0.1239 -0.0000
vn 0.9821 -0.1884 -0.0000
vn 0.9674 -0.2533 -0.0000
vn 0.9483 -0.3175 -0.0000
vn 0.9251 -0.3798 -0.0000
vn 0.8983 -0.4394 -0.0000
vn 0.8686 -0.4955 -0.0000
vn 0.8367 -0.5476 -0.0000
vn 0.8034 -0.5954 -0.0000
vn 0.7693 -0.6389 -0.0000
vn 0.9854 -0.1702 -0.0000
vn 0.9318 0.3629 -0.0000
vn 0.9361 0.3517 -0.0000
vn 0.9397 0.3421 -0.0000
vn 0.9426 0.3338 -0.0000
vn 0.9451 0.3268 -0.0000
vn 0.9472 0.3208 -0.0000
vn 0.9489 0.3157 -0.0000
vn 0.9502 0.3116 -0.0000
vn 0.9513 0.3083 -0.0000
vn 0.9521 0.3059 -0.0000
vn 0.9525 0.3044 -0.0000
vn 0.8074 -0.5899 -0.0000
vn 0.1222 0.9925 -0.0000
vn -0.9857 0.1683 -0.0000
vn -0.9827 0.1853 -0.0000
vn -0.9791 0.2033 -0.0000
vn -0.9750 0.2223 -0.0000
vn -0.9702 0.2425 -0.0000
vn -0.9646 0.2638 -0.0000
vn -0.9581 0.2863 -0.0000
vn -0.9507 0.3100 -0.0000
vn -0.9422 0.3350 -0.0000
vn -0.9325 0.3613 -0.0000
vn -0.9213 0.3889 -0.0000
vn -0.0175 0.9998 -0.0000
vn 0.9064 0.4225 -0.0000
vn 0.9175 0.3978 -0.0000
vn 0.9277 0.3733 -0.0000
vn 0.9372 0.3489 -0.0000
vn 0.9458 0.3247 -0.0000
vn 0.9537 0.3006 -0.0000
vn 0.9609 0.2767 -0.0000
vn 0.9675 0.2530 -0.0000
vn 0.9733 0.2295 -0.0000
vn 0.9785 0.2062 -0.0000
vn 0.9831 0.1830 -0.0000
vn 0.7653 -0.6436 -0.0000
vn -0.7616 -0.6481 -0.0000
vn -0.0512 0.9987 -0.0000
vn -0.8304 0.5571 -0.0000
vn -0.9891 -0.1471 -0.0000
vn -0.9846 -0.1748 -0.0000
vn -0.9791 -0.2034 -0.0000
vn -0.9725 -0.2328 -0.0000
vn -0.9648 -0.2629 -0.0000
vn -0.9559 -0.2937 -0.0000
vn -0.9456 -0.3252 -0.0000
vn -0.9340 -0.3573 -0.0000
vn -0.9208 -0.3899 -0.0000
vn -0.9061 -0.4230 -0.0000
vn -0.8898 -0.4564 -0.0000
vn -0.9997 0.0250 -0.0000
vn -0.8468 0.5319 -0.0000
vn -0.8266 0.5627 -0.0000
vn -0.8045 0.5940 -0.0000
vn -0.7802 0.6256 -0.0000
vn -0.7538 0.6572 -0.0000
vn -0.7251 0.6886 -0.0000
vn -0.6943 0.7197 -0.0000
vn -0.6613 0.7501 -0.0000
vn -0.6262 0.7796 -0.0000
vn -0.5891 0.8080 -0.0000
vn -0.5503 0.8350 -0.0000
vn -0.9982 0.0605 -0.0000
vn -0.6460 -0.7633 -0.0000
vn -0.6765 -0.7364 -0.0000
vn -0.7007 -0.7134 -0.0000
vn -0.7208 -0.6932 -0.0000
vn -0.7380 -0.6748 -0.0000
vn -0.7536 -0.6574 -0.0000
vn -0.7680 -0.6404 -0.0000
vn -0.7821 -0.6232 -0.0000
vn -0.7963 -0.6050 -0.0000
vn -0.8112 -0.5848 -0.0000
vn -0.8275 -0.5615 -0.0000
vn -0.1972 -0.9804 -0.0000
vn 0.5752 -0.8180 -0.0000
vn 0.6075 -0.7943 -0.0000
vn 0.6386 -0.7695 -0.0000
vn 0.6684 -0.7438 -0.0000
vn 0.6966 -0.7174 -0.0000
vn 0.7234 -0.6904 -0.0000
vn 0.7486 -0.6630 -0.0000
vn 0.7722 -0.6354 -0.0000
vn 0.7942 -0.6077 -0.0000
vn 0.8146 -0.5800 -0.0000
vn 0.8335 -0.5525 -0.0000
vn 0.0186 -0.9998 -0.0000
vn -0.8127 -0.5827 -0.0000
vn -0.7940 -0.6079 -0.0000
vn -0.7745 -0.6326 -0.0000
vn -0.7541 -0.6568 -0.0000
vn -0.7329 -0.6803 -0.0000
vn -0.7111 -0.7031 -0.0000
vn -0.6885 -0.7252 -0.0000
vn -0.6654 -0.7465 -0.0000
vn -0.6416 -0.7670 -0.0000
vn -0.6174 -0.7867 -0.0000
vn -0.5926 -0.8055 -0.0000
vn 0.1914 -0.9815 -0.0000
vn 0.8350 -0.5503 -0.0000
vn 0.8183 -0.5748 -0.0000
vn 0.8031 -0.5958 -0.0000
vn 0.7888 -0.6147 -0.0000
vn 0.7747 -0.6323 -0.0000
vn 0.7605 -0.6493 -0.0000
vn 0.7457 -0.6663 -0.0000
vn 0.7296 -0.6839 -0.0000
vn 0.7116 -0.7026 -0.0000
vn 0.6908 -0.7231 -0.0000
vn 0.6658 -0.7461 -0.0000
vn 0.9980 0.0634 -0.0000
vn 0.5689 0.8224 -0.0000
vn 0.6038 0.7971 -0.0000
vn 0.6366 0.7712 -0.0000
vn 0.6673 0.7448 -0.0000
vn 0.6961 0.7180 -0.0000
vn 0.7229 0.6910 -0.0000
vn 0.7478 0.6639 -0.0000
vn 0.7710 0.6368 -0.0000
vn 0.7925 0.6099 -0.0000
vn 0.8124 0.5830 -0.0000
vn 0.8309 0.5564 -0.0000
vn 0.9978 0.0663 -0.0000
vn 0.9117 -0.4109 -0.0000
vn 0.9254 -0.3790 -0.0000
vn 0.9371 -0.3489 -0.0000
vn 0.9471 -0.3209 -0.0000
vn 0.9556 -0.2947 -0.0000
vn 0.9628 -0.2703 -0.0000
vn 0.9689 -0.2476 -0.0000
vn 0.9740 -0.2266 -0.0000
vn 0.9783 -0.2071 -0.0000
vn 0.9819 -0.1891 -0.0000
vn 0.9850 -0.1726 -0.0000
vn 0.6463 -0.7631 -0.0000
vn 0.0762 0.9971 -0.0000
vn -0.6471 0.7624 -0.0000
vn -0.6230 0.7822 -0.0000
vn -0.7901 -0.6130 -0.0000
vn -0.7706 -0.6373 -0.0000
vn 0.6441 -0.7649 -0.0000
vn 0.5513 -0.8343 -0.0000
vn 0.8262 0.5634 -0.0000
vn 0.7555 0.6552 -0.0000
vn 0.7590 0.6511 -0.0000
vn -0.6511 0.7590 -0.0000
vn 0.8986 0.4388 -0.0000
vn 0.8662 0.4998 -0.0000
vn 0.8299 0.5579 -0.0000
vn 0.7885 0.6150 -0.0000
vn 0.7401 0.6725 -0.0000
vn 0.6823 0.7311 -0.0000
vn 0.6124 0.7905 -0.0000
vn 0.5274 0.8496 -0.0000
vn 0.4240 0.9056 -0.0000
vn 0.3004 0.9538 -0.0000
vn 0.1570 0.9876 -0.0000
vn -0.0019 1.0000 -0.0000
vn -0.1703 0.9854 -0.0000
vn -0.3385 0.9410 -0.0000
vn -0.4945 0.8692 -0.0000
vn -0.6299 0.7767 -0.0000
vn -0.7406 0.6720 -0.0000
vn -0.8266 0.5629 -0.0000
vn -0.8906 0.4549 -0.0000
vn -0.9362 0.3514 -0.0000
vn -0.9672 0.2540 -0.0000
vn -0.9866 0.1632 -0.0000
vn -0.9969 0.0789 -0.0000
vn -1.0000 -0.0078 -0.0000
vn -0.9936 -0.1129 -0.0000
vn -0.9717 -0.2364 -0.0000
vn -0.9301 -0.3672 -0.0000
vn -0.8674 -0.4976 -0.0000
vn -0.7856 -0.6188 -0.0000
vn -0.6905 -0.7234 -0.0000
vn -0.5898 -0.8075 -0.0000
vn -0.4908 -0.8713 -0.0000
vn -0.3985 -0.9172 -0.0000
vn -0.3155 -0.9489 -0.0000
vn -0.2428 -0.9701 -0.0000
vn 0.3811 -0.9245 -0.0000
vn 0.9171 0.3988 -0.0000
vn 0.2005 0.9797 -0.0000
vn 0.2649 0.9643 -0.0000
vn 0.3418 0.9398 -0.0000
vn 0.4314 0.9022 -0.0000
vn 0.5321 0.8467 -0.0000
vn 0.6395 0.7688 -0.0000
vn 0.7458 0.6661 -0.0000
vn 0.8410 0.5411 -0.0000
vn 0.9158 0.4015 -0.0000
vn 0.9660 0.2587 -0.0000
vn 0.9924 0.1232 -0.0000
vn 0.9999 0.0146 -0.0000
vn 0.9982 -0.0605 -0.0000
vn 0.9919 -0.1268 -0.0000
vn 0.9796 -0.2010 -0.0000
vn 0.9586 -0.2847 -0.0000
vn 0.9252 -0.3794 -0.0000
vn 0.8742 -0.4856 -0.0000
vn 0.7989 -0.6015 -0.0000
vn 0.6924 -0.7215 -0.0000
vn 0.5510 -0.8345 -0.0000
vn 0.3787 -0.9255 -0.0000
vn 0.1893 -0.9819 -0.0000
vn -0.0125 -0.9999 -0.0000
vn -0.2226 -0.9749 -0.0000
vn -0.4088 -0.9126 -0.0000
vn -0.5515 -0.8342 -0.0000
vn -0.6583 -0.7527 -0.0000
vn -0.7388 -0.6739 -0.0000
vn -0.8009 -0.5988 -0.0000
vn -0.8504 -0.5261 -0.0000
vn -0.8912 -0.4536 -0.0000
vn -0.9258 -0.3781 -0.0000
vn -0.9552 -0.2958 -0.0000
vn -0.9795 -0.2013 -0.0000
vn -0.9911 -0.1329 -0.0000
vn -0.9946 -0.1038 -0.0000
vn -0.9968 -0.0795 -0.0000
vn -0.9985 -0.0545 -0.0000
vn -0.9996 -0.0293 -0.0000
vn -1.0000 -0.0047 -0.0000
vn -0.9998 0.0189 -0.0000
vn -0.9992 0.0409 -0.0000
vn -0.9981 0.0609 -0.0000
vn -0.9969 0.0788 -0.0000
vn -0.9955 0.0944 -0.0000
vn -0.9942 0.1077 -0.0000
vn -0.7716 -0.6361 -0.0000
vn 0.6309 -0.7759 -0.0000
vn 0.9923 -0.1238 -0.0000
vn 0.9932 -0.1165 -0.0000
vn 0.9941 -0.1082 -0.0000
vn 0.9951 -0.0991 -0.0000
vn 0.9960 -0.0893 -0.0000
vn 0.9969 -0.0787 -0.0000
vn 0.9977 -0.0674 -0.0000
vn 0.9985 -0.0553 -0.0000
vn 0.9991 -0.0426 -0.0000
vn 0.9996 -0.0291 -0.0000
vn 0.9999 -0.0148 -0.0000
vn 1.0000 0.0039 -0.0000
vn 0.9996 0.0281 -0.0000
vn 0.9987 0.0507 -0.0000
vn 0.9976 0.0686 -0.0000
vn 0.9965 0.0832 -0.0000
vn 0.9954 0.0953 -0.0000
vn 0.9944 0.1055 -0.0000
vn 0.9934 0.1144 -0.0000
vn 0.9925 0.1221 -0.0000
vn 0.9917 0.1289 -0.0000
vn 0.9908 0.1351 -0.0000
vn 0.9900 0.1409 -0.0000
vn 0.9908 0.1355 -0.0000
vn 0.9925 0.1226 -0.0000
vn 0.9935 0.1137 -0.0000
vn 0.9944 0.1057 -0.0000
vn 0.9951 0.0985 -0.0000
vn 0.9957 0.0922 -0.0000
vn 0.9962 0.0868 -0.0000
vn 0.9966 0.0823 -0.0000
vn 0.9969 0.0787 -0.0000
vn 0.9971 0.0760 -0.0000
vn 0.9972 0.0743 -0.0000
vn 0.9973 0.0737 -0.0000
vn 0.6680 0.7442 -0.0000
vn -0.8037 0.5951 -0.0000
vn -0.9695 -0.2451 -0.0000
vn -0.9754 -0.2205 -0.0000
vn -0.9826 -0.1856 -0.0000
vn -0.9851 -0.1722 -0.0000
vn -0.9871 -0.1603 -0.0000
vn -0.9888 -0.1493 -0.0000
vn -0.9903 -0.1386 -0.0000
vn -0.9918 -0.1277 -0.0000
vn -0.9933 -0.1159 -0.0000
vn -0.9948 -0.1021 -0.0000
vn -0.2542 0.9672 -0.0000
vn -0.2316 0.9728 -0.0000
vn -0.4609 0.8875 -0.0000
vn -0.6545 0.7561 -0.0000
vn -0.7933 0.6088 -0.0000
vn -0.8819 0.4714 -0.0000
vn -0.9349 0.3550 -0.0000
vn -0.9655 0.2604 -0.0000
vn -0.9828 0.1847 -0.0000
vn -0.9923 0.1238 -0.0000
vn -0.9972 0.0745 -0.0000
vn -0.9994 0.0341 -0.0000
vn -1.0000 0.0060 -0.0000
vn -1.0000 -0.0079 -0.0000
vn -0.9999 -0.0162 -0.0000
vn -0.9997 -0.0251 -0.0000
vn -0.9994 -0.0347 -0.0000
vn -0.9990 -0.0449 -0.0000
vn -0.9984 -0.0560 -0.0000
vn -0.9977 -0.0680 -0.0000
vn -0.9967 -0.0810 -0.0000
vn -0.9955 -0.0952 -0.0000
vn -0.9938 -0.1107 -0.0000
vn -0.9918 -0.1279 -0.0000
vn -0.9901 -0.1403 -0.0000
vn -0.9897 -0.1429 -0.0000
vn -0.9886 -0.1508 -0.0000
vn -0.9852 -0.1713 -0.0000
vn -0.9799 -0.1993 -0.0000
vn -0.9715 -0.2371 -0.0000
vn -0.9576 -0.2881 -0.0000
vn -0.9341 -0.3570 -0.0000
vn -0.8934 -0.4493 -0.0000
vn -0.8220 -0.5695 -0.0000
vn -0.6999 -0.7142 -0.0000
vn -0.5099 -0.8602 -0.0000
vn -0.2624 -0.9650 -0.0000
vn 0.2624 -0.9650 -0.0000
vn 0.5099 -0.8602 -0.0000
vn 0.6999 -0.7142 -0.0000
vn 0.8220 -0.5695 -0.0000
vn 0.8934 -0.4493 -0.0000
vn 0.9341 -0.3570 -0.0000
vn 0.9576 -0.2881 -0.0000
vn 0.9715 -0.2371 -0.0000
vn 0.9799 -0.1993 -0.0000
vn 0.9852 -0.1714 -0.0000
vn 0.9886 -0.1507 -0.0000
vn 0.9897 -0.1429 -0.0000
vn 0.9901 -0.1403 -0.0000
vn 0.9918 -0.1279 -0.0000
vn 0.9938 -0.1107 -0.0000
vn 0.9955 -0.0952 -0.0000
vn 0.9967 -0.0810 -0.0000
vn 0.9977 -0.0680 -0.0000
vn 0.9984 -0.0560 -0.0000
vn 0.9990 -0.0449 -0.0000
vn 0.9994 -0.0347 -0.0000
vn 0.9997 -0.0251 -0.0000
vn 0.9999 -0.0162 -0.0000
vn 1.0000 -0.0079 -0.0000
vn 1.0000 0.0060 -0.0000
vn 0.9994 0.0341 -0.0000
vn 0.9972 0.0745 -0.0000
vn 0.9923 0.1238 -0.0000
vn 0.9828 0.1846 -0.0000
vn 0.9655 0.2604 -0.0000
vn 0.9349 0.3550 -0.0000
vn 0.8819 0.4714 -0.0000
vn 0.7933 0.6088 -0.0000
vn 0.6545 0.7561 -0.0000
vn 0.4609 0.8875 -0.0000
vn 0.2316 0.9728 -0.0000
vn -0.0000 1.0000 -0.0000
vn -0.9909 -0.1349 -0.0000
vn -0.9639 -0.2661 -0.0000
vn -0.9206 -0.3905 -0.0000
vn -0.8624 -0.5062 -0.0000
vn -0.7909 -0.6120 -0.0000
vn -0.6120 -0.7909 -0.0000
vn -0.5062 -0.8624 -0.0000
vn -0.3906 -0.9206 -0.0000
vn -0.2661 -0.9639 -0.0000
vn -0.1349 -0.9909 -0.0000
vn 0.1349 -0.9909 -0.0000
vn 0.2661 -0.9639 -0.0000
vn 0.3906 -0.9206 -0.0000
vn 0.5062 -0.8624 -0.0000
vn 0.6120 -0.7909 -0.0000
vn 0.7909 -0.6120 -0.0000
vn 0.8624 -0.5062 -0.0000
vn 0.9206 -0.3906 -0.0000
vn 0.9639 -0.2661 -0.0000
vn 0.9909 -0.1349 -0.0000
vn 1.0000 -0.0000 -0.0000
vn 0.9909 0.1349 -0.0000
vn 0.9639 0.2661 -0.0000
vn 0.9206 0.3906 -0.0000
vn 0.8624 0.5062 -0.0000
vn 0.7909 0.6120 -0.0000
vn 0.6120 0.7909 -0.0000
vn 0.5062 0.8624 -0.0000
vn 0.3906 0.9206 -0.0000
vn 0.2661 0.9639 -0.0000
vn 0.1349 0.9909 -0.0000
vn -0.1349 0.9909 -0.0000
vn -0.2661 0.9639 -0.0000
vn -0.3906 0.9206 -0.0000
vn -0.5062 0.8624 -0.0000
vn -0.6120 0.7909 -0.0000
vn -0.7909 0.6120 -0.0000
vn -0.8624 0.5062 -0.0000
vn -0.9206 0.3905 -0.0000
vn -0.9639 0.2661 -0.0000
vn -0.9909 0.1349 -0.0000
vn -1.0000 -0.0000 -0.0000
vn 0.0012 1.0000 -0.0000
vn 0.0049 1.0000 -0.0000
vn 0.0103 0.9999 -0.0000
vn 0.0161 0.9999 -0.0000
vn 0.0225 0.9997 -0.0000
vn 0.0296 0.9996 -0.0000
vn 0.0374 0.9993 -0.0000
vn 0.0460 0.9989 -0.0000
vn 0.0556 0.9985 -0.0000
vn 0.0663 0.9978 -0.0000
vn 0.0782 0.9969 -0.0000
vn 0.0917 0.9958 -0.0000
vn -0.6713 0.7412 -0.0000
vn -0.6832 -0.7302 -0.0000
vn 0.0621 -0.9981 -0.0000
vn 0.0540 -0.9985 -0.0000
vn 0.0468 -0.9989 -0.0000
vn 0.0405 -0.9992 -0.0000
vn 0.0346 -0.9994 -0.0000
vn 0.0292 -0.9996 -0.0000
vn 0.0241 -0.9997 -0.0000
vn 0.0192 -0.9998 -0.0000
vn 0.0145 -0.9999 -0.0000
vn 0.0097 -1.0000 -0.0000
vn 0.0049 -1.0000 -0.0000
vn 0.0012 -1.0000 -0.0000
vn -0.0023 -1.0000 -0.0000
vn -0.0088 -1.0000 -0.0000
vn -0.0168 -0.9999 -0.0000
vn -0.0237 -0.9997 -0.0000
vn -0.0295 -0.9996 -0.0000
vn -0.0342 -0.9994 -0.0000
vn -0.0376 -0.9993 -0.0000
vn -0.0399 -0.9992 -0.0000
vn -0.0410 -0.9992 -0.0000
vn -0.0408 -0.9992 -0.0000
vn -0.0392 -0.9992 -0.0000
vn -0.0363 -0.9993 -0.0000
vn 0.6948 -0.7192 -0.0000
vn 0.6849 0.7287 -0.0000
vn -0.0612 0.9981 -0.0000
vn -0.0594 0.9982 -0.0000
vn -0.0569 0.9984 -0.0000
vn -0.0537 0.9986 -0.0000
vn -0.0497 0.9988 -0.0000
vn -0.0449 0.9990 -0.0000
vn -0.0394 0.9992 -0.0000
vn -0.0332 0.9994 -0.0000
vn -0.0261 0.9997 -0.0000
vn -0.0182 0.9998 -0.0000
vn -0.0095 1.0000 -0.0000
vn -0.0024 1.0000 -0.0000
vn 0.0027 1.0000 -0.0000
vn 0.0107 0.9999 -0.0000
vn 0.0208 0.9998 -0.0000
vn 0.0305 0.9995 -0.0000
vn 0.0396 0.9992 -0.0000
vn 0.0484 0.9988 -0.0000
vn 0.0568 0.9984 -0.0000
vn 0.0649 0.9979 -0.0000
vn 0.0728 0.9973 -0.0000
vn 0.0805 0.9968 -0.0000
vn 0.0880 0.9961 -0.0000
vn 0.0955 0.9954 -0.0000
vn -0.6711 0.7413 -0.0000
vn -0.6724 -0.7402 -0.0000
vn 0.0920 -0.9958 -0.0000
vn 0.0848 -0.9964 -0.0000
vn 0.0776 -0.9970 -0.0000
vn 0.0705 -0.9975 -0.0000
vn 0.0633 -0.9980 -0.0000
vn 0.0559 -0.9984 -0.0000
vn 0.0482 -0.9988 -0.0000
vn 0.0400 -0.9992 -0.0000
vn 0.0313 -0.9995 -0.0000
vn 0.0219 -0.9998 -0.0000
vn 0.0114 -0.9999 -0.0000
vn 0.0030 -1.0000 -0.0000
vn -0.0033 -1.0000 -0.0000
vn -0.0129 -0.9999 -0.0000
vn -0.0247 -0.9997 -0.0000
vn -0.0349 -0.9994 -0.0000
vn -0.0437 -0.9990 -0.0000
vn -0.0510 -0.9987 -0.0000
vn -0.0568 -0.9984 -0.0000
vn -0.0610 -0.9981 -0.0000
vn -0.0637 -0.9980 -0.0000
vn -0.0648 -0.9979 -0.0000
vn -0.0643 -0.9979 -0.0000
vn -0.0622 -0.9981 -0.0000
vn 0.6853 -0.7283 -0.0000
vn 0.6853 0.7283 -0.0000
vn -0.0622 0.9981 -0.0000
vn -0.0643 0.9979 -0.0000
vn -0.0648 0.9979 -0.0000
vn -0.0637 0.9980 -0.0000
vn -0.0610 0.9981 -0.0000
vn -0.0568 0.9984 -0.0000
vn -0.0510 0.9987 -0.0000
vn -0.0437 0.9990 -0.0000
vn -0.0349 0.9994 -0.0000
vn -0.0247 0.9997 -0.0000
vn -0.0129 0.9999 -0.0000
vn -0.0034 1.0000 -0.0000
vn 0.6788 0.7343 -0.0000
vn 0.7023 0.7119 -0.0000
vn 0.7221 0.6918 -0.0000
vn 0.7395 0.6732 -0.0000
vn 0.7552 0.6555 -0.0000
vn 0.7699 0.6382 -0.0000
vn 0.7842 0.6205 -0.0000
vn 0.7987 0.6017 -0.0000
vn 0.8138 0.5811 -0.0000
vn 0.8303 0.5573 -0.0000
vn 0.8490 0.5285 -0.0000
vn 0.8173 -0.5763 -0.0000
vn -0.8514 -0.5245 -0.0000
vn -0.9635 0.2678 -0.0000
vn -0.9634 0.2680 -0.0000
vn -0.9634 0.2682 -0.0000
vn -0.9633 0.2685 -0.0000
vn -0.9632 0.2688 -0.0000
vn -0.9630 0.2693 -0.0000
vn -0.9629 0.2699 -0.0000
vn -0.9626 0.2708 -0.0000
vn -0.9623 0.2720 -0.0000
vn -0.9618 0.2739 -0.0000
vn -0.9608 0.2773 -0.0000
vn -0.9568 0.2907 -0.0000
vn -0.9531 0.3025 -0.0000
vn -0.9528 0.3037 -0.0000
vn -0.9524 0.3048 -0.0000
vn -0.9521 0.3057 -0.0000
vn -0.9518 0.3067 -0.0000
vn -0.9515 0.3076 -0.0000
vn -0.9512 0.3085 -0.0000
vn -0.9509 0.3096 -0.0000
vn -0.9505 0.3108 -0.0000
vn -0.9500 0.3123 -0.0000
vn -0.9494 0.3140 -0.0000
vn -0.8783 -0.4782 -0.0000
vn 0.5550 -0.8319 -0.0000
vn 0.9893 -0.1457 -0.0000
vn 0.9877 -0.1562 -0.0000
vn 0.9860 -0.1665 -0.0000
vn 0.9842 -0.1769 -0.0000
vn 0.9823 -0.1874 -0.0000
vn 0.9802 -0.1981 -0.0000
vn 0.9779 -0.2090 -0.0000
vn 0.9755 -0.2202 -0.0000
vn 0.9728 -0.2318 -0.0000
vn 0.9698 -0.2439 -0.0000
vn 0.9665 -0.2565 -0.0000
vn 0.9646 -0.2636 -0.0000
vn 0.5244 -0.8515 -0.0000
vn 0.5287 -0.8488 -0.0000
vn 0.8151 0.5793 -0.0000
vn 0.0840 0.9965 -0.0000
vn 0.0964 0.9953 -0.0000
vn 0.1080 0.9941 -0.0000
vn 0.1188 0.9929 -0.0000
vn 0.1286 0.9917 -0.0000
vn 0.1374 0.9905 -0.0000
vn 0.1449 0.9894 -0.0000
vn 0.1513 0.9885 -0.0000
vn 0.1563 0.9877 -0.0000
vn 0.1602 0.9871 -0.0000
vn 0.1628 0.9867 -0.0000
vn 0.1706 0.9853 -0.0000
vn 0.8491 0.5282 -0.0000
vn 0.9611 -0.2763 -0.0000
vn 0.9587 -0.2844 -0.0000
vn 0.9540 -0.2999 -0.0000
vn 0.9486 -0.3164 -0.0000
vn 0.9427 -0.3337 -0.0000
vn 0.9360 -0.3521 -0.0000
vn 0.9284 -0.3715 -0.0000
vn 0.9199 -0.3922 -0.0000
vn 0.9103 -0.4140 -0.0000
vn 0.8994 -0.4371 -0.0000
vn 0.8871 -0.4616 -0.0000
vn 0.8732 -0.4874 -0.0000
vn 0.9197 0.3926 -0.0000
vn -0.5444 0.8388 -0.0000
vn -0.9830 0.1834 -0.0000
vn -0.9814 0.1917 -0.0000
vn -0.9800 0.1990 -0.0000
vn -0.9787 0.2054 -0.0000
vn -0.9775 0.2108 -0.0000
vn -0.9765 0.2156 -0.0000
vn -0.9755 0.2198 -0.0000
vn -0.9747 0.2234 -0.0000
vn -0.9740 0.2265 -0.0000
vn -0.9734 0.2292 -0.0000
vn -0.9729 0.2314 -0.0000
vn -0.9680 0.2509 -0.0000
vn -0.5264 0.8503 -0.0000
vn 0.1886 0.9821 -0.0000
vn 0.1892 0.9819 -0.0000
vn 0.1898 0.9818 -0.0000
vn 0.1905 0.9817 -0.0000
vn 0.1914 0.9815 -0.0000
vn 0.1925 0.9813 -0.0000
vn 0.1939 0.9810 -0.0000
vn 0.1958 0.9806 -0.0000
vn 0.1986 0.9801 -0.0000
vn 0.2031 0.9792 -0.0000
vn 0.2117 0.9773 -0.0000
vn 0.2302 0.9731 -0.0000
vn 0.2442 0.9697 -0.0000
vn 0.2478 0.9688 -0.0000
vn 0.2535 0.9673 -0.0000
vn 0.2615 0.9652 -0.0000
vn 0.2718 0.9624 -0.0000
vn 0.2846 0.9587 -0.0000
vn 0.3003 0.9539 -0.0000
vn 0.3193 0.9476 -0.0000
vn 0.3425 0.9395 -0.0000
vn 0.3709 0.9287 -0.0000
vn 0.4057 0.9140 -0.0000
vn -0.0859 0.9963 -0.0000
vn -0.9717 0.2361 -0.0000
vn -0.8761 -0.4820 -0.0000
vn -0.8587 -0.5125 -0.0000
vn -0.8440 -0.5364 -0.0000
vn -0.8309 -0.5564 -0.0000
vn -0.8188 -0.5740 -0.0000
vn -0.8071 -0.5904 -0.0000
vn -0.7952 -0.6063 -0.0000
vn -0.7825 -0.6226 -0.0000
vn -0.7683 -0.6401 -0.0000
vn -0.7512 -0.6600 -0.0000
vn -0.7297 -0.6838 -0.0000
vn -0.1702 -0.9854 -0.0000
vn -0.7804 0.6252 -0.0000
vn -0.9837 -0.1797 -0.0000
vn -0.9860 -0.1669 -0.0000
vn -0.9876 -0.1567 -0.0000
vn -0.9890 -0.1482 -0.0000
vn -0.9900 -0.1408 -0.0000
vn -0.9910 -0.1341 -0.0000
vn -0.9925 -0.1220 -0.0000
vn -0.9932 -0.1163 -0.0000
vn -0.9939 -0.1107 -0.0000
vn -0.9945 -0.1051 -0.0000
vn -0.6023 0.7983 -0.0000
vn -0.2385 0.9711 -0.0000
vn -0.9990 0.0452 -0.0000
vn -0.8185 -0.5745 -0.0000
vn -0.8250 -0.5651 -0.0000
vn -0.8305 -0.5571 -0.0000
vn -0.8351 -0.5501 -0.0000
vn -0.8391 -0.5440 -0.0000
vn -0.8425 -0.5386 -0.0000
vn -0.8456 -0.5338 -0.0000
vn -0.8484 -0.5294 -0.0000
vn -0.8509 -0.5253 -0.0000
vn -0.8532 -0.5215 -0.0000
vn -0.8554 -0.5179 -0.0000
vn -0.9525 -0.3047 -0.0000
vn -0.4720 0.8816 -0.0000
vn 0.5950 0.8037 -0.0000
vn 0.5501 0.8351 -0.0000
vn 0.5028 0.8644 -0.0000
vn 0.4534 0.8913 -0.0000
vn 0.4019 0.9157 -0.0000
vn 0.3486 0.9373 -0.0000
vn 0.2937 0.9559 -0.0000
vn 0.2373 0.9714 -0.0000
vn 0.1796 0.9837 -0.0000
vn 0.1208 0.9927 -0.0000
vn 0.0609 0.9981 -0.0000
vn -0.0142 0.9999 -0.0000
vn -0.1182 0.9930 -0.0000
vn -0.2358 0.9718 -0.0000
vn -0.3515 0.9362 -0.0000
vn -0.4642 0.8857 -0.0000
vn -0.5724 0.8200 -0.0000
vn -0.6742 0.7385 -0.0000
vn -0.7670 0.6416 -0.0000
vn -0.8477 0.5304 -0.0000
vn -0.9133 0.4072 -0.0000
vn -0.9613 0.2756 -0.0000
vn -0.9901 0.1405 -0.0000
vn -1.0000 0.0074 -0.0000
vn -0.9921 -0.1252 -0.0000
vn -0.9648 -0.2630 -0.0000
vn -0.9154 -0.4025 -0.0000
vn -0.8452 -0.5344 -0.0000
vn -0.7593 -0.6508 -0.0000
vn -0.6648 -0.7470 -0.0000
vn -0.5691 -0.8223 -0.0000
vn -0.4774 -0.8787 -0.0000
vn -0.3930 -0.9196 -0.0000
vn -0.3170 -0.9484 -0.0000
vn -0.2497 -0.9683 -0.0000
vn 0.4317 -0.9020 -0.0000
vn 0.8909 0.4541 -0.0000
vn 0.1994 0.9799 -0.0000
vn 0.2638 0.9646 -0.0000
vn 0.3357 0.9420 -0.0000
vn 0.4162 0.9093 -0.0000
vn 0.5053 0.8629 -0.0000
vn 0.6021 0.7984 -0.0000
vn 0.7027 0.7115 -0.0000
vn 0.8005 0.5993 -0.0000
vn 0.8864 0.4629 -0.0000
vn 0.9510 0.3092 -0.0000
vn 0.9888 0.1494 -0.0000
vn 1.0000 0.0023 -0.0000
vn 0.9920 -0.1261 -0.0000
vn 0.9695 -0.2451 -0.0000
vn 0.9335 -0.3585 -0.0000
vn 0.8838 -0.4678 -0.0000
vn 0.8193 -0.5734 -0.0000
vn 0.7386 -0.6742 -0.0000
vn 0.6412 -0.7674 -0.0000
vn 0.5279 -0.8493 -0.0000
vn 0.4018 -0.9157 -0.0000
vn 0.2677 -0.9635 -0.0000
vn 0.1319 -0.9913 -0.0000
vn 0.0115 -0.9999 -0.0000
vn -0.0820 -0.9966 -0.0000
vn -0.1615 -0.9869 -0.0000
vn -0.2369 -0.9715 -0.0000
vn -0.3074 -0.9516 -0.0000
vn -0.3725 -0.9280 -0.0000
vn -0.4319 -0.9019 -0.0000
vn -0.4857 -0.8741 -0.0000
vn -0.5342 -0.8454 -0.0000
vn -0.5776 -0.8163 -0.0000
vn -0.6165 -0.7874 -0.0000
vn -0.6512 -0.7589 -0.0000
vn -0.9035 -0.4286 -0.0000
vn -0.9990 -0.0440 -0.0000
vn -0.9992 -0.0403 -0.0000
vn -0.9993 -0.0367 -0.0000
vn -0.9995 -0.0329 -0.0000
vn -0.9996 -0.0292 -0.0000
vn -0.9997 -0.0253 -0.0000
vn -0.9998 -0.0214 -0.0000
vn -0.9998 -0.0173 -0.0000
vn -0.9999 -0.0132 -0.0000
vn -1.0000 -0.0089 -0.0000
vn -1.0000 -0.0045 -0.0000
vn -1.0000 -0.0015 -0.0000
vn -1.0000 -0.0012 -0.0000
vn -1.0000 -0.0006 -0.0000
vn -1.0000 0.0017 -0.0000
vn -1.0000 0.0052 -0.0000
vn -0.9999 0.0101 -0.0000
vn -0.9999 0.0162 -0.0000
vn -0.9997 0.0233 -0.0000
vn -0.9995 0.0311 -0.0000
vn -0.9992 0.0393 -0.0000
vn -0.9989 0.0477 -0.0000
vn -0.9985 0.0551 -0.0000
vn -0.9982 0.0606 -0.0000
vn -0.9979 0.0653 -0.0000
vn -0.9976 0.0695 -0.0000
vn -0.9973 0.0735 -0.0000
vn -0.9970 0.0773 -0.0000
vn -0.9967 0.0812 -0.0000
vn -0.9964 0.0851 -0.0000
vn -0.9960 0.0892 -0.0000
vn -0.9956 0.0936 -0.0000
vn -0.9951 0.0985 -0.0000
vn -0.9946 0.1041 -0.0000
vn -0.7440 -0.6682 -0.0000
vn 0.7501 -0.6613 -0.0000
vn 0.9936 0.1130 -0.0000
vn 0.9958 0.0918 -0.0000
vn 0.9971 0.0762 -0.0000
vn 0.9979 0.0640 -0.0000
vn 0.9985 0.0541 -0.0000
vn 0.9990 0.0456 -0.0000
vn 0.9993 0.0380 -0.0000
vn 0.9995 0.0309 -0.0000
vn 0.9997 0.0241 -0.0000
vn 0.9999 0.0170 -0.0000
vn 1.0000 0.0091 -0.0000
vn 1.0000 0.0074 -0.0000
vn 1.0000 0.0096 -0.0000
vn 1.0000 0.0090 -0.0000
vn 1.0000 0.0087 -0.0000
vn 1.0000 0.0098 -0.0000
vn 0.9999 0.0109 -0.0000
vn 0.9999 0.0123 -0.0000
vn 0.9999 0.0138 -0.0000
vn 0.9999 0.0153 -0.0000
vn 0.9999 0.0169 -0.0000
vn 0.9998 0.0216 -0.0000
vn 0.3043 -0.9526 -0.0000
vn -0.8285 -0.5599 -0.0000
vn -0.8270 -0.5622 -0.0000
vn -0.8256 -0.5642 -0.0000
vn -0.8245 -0.5659 -0.0000
vn -0.8234 -0.5675 -0.0000
vn -0.8224 -0.5689 -0.0000
vn -0.8215 -0.5703 -0.0000
vn -0.8206 -0.5716 -0.0000
vn -0.8197 -0.5728 -0.0000
vn -0.8179 -0.5753 -0.0000
vn -0.0066 -1.0000 -0.0000
vn 0.9998 0.0206 -0.0000
vn 0.7879 0.6158 -0.0000
vn 0.7933 0.6089 -0.0000
vn 0.7975 0.6033 -0.0000
vn 0.8013 0.5983 -0.0000
vn 0.8047 0.5937 -0.0000
vn 0.8082 0.5890 -0.0000
vn 0.8118 0.5839 -0.0000
vn 0.8159 0.5782 -0.0000
vn 0.8207 0.5713 -0.0000
vn 0.8267 0.5626 -0.0000
vn 0.8346 0.5509 -0.0000
vn 0.9481 0.3180 -0.0000
vn 0.6838 -0.7297 -0.0000
vn 0.6201 -0.7845 -0.0000
vn 0.7272 0.6864 -0.0000
vn -0.0317 0.9995 -0.0000
vn -0.0185 0.9998 -0.0000
vn -0.0061 1.0000 -0.0000
vn 0.0051 1.0000 -0.0000
vn 0.0150 0.9999 -0.0000
vn 0.0235 0.9997 -0.0000
vn 0.0358 0.9994 -0.0000
vn 0.0395 0.9992 -0.0000
vn 0.0416 0.9991 -0.0000
vn 0.0422 0.9991 -0.0000
vn 0.0553 0.9985 -0.0000
vn 0.0750 0.9972 -0.0000
vn 0.0866 0.9962 -0.0000
vn 0.0961 0.9954 -0.0000
vn 0.1041 0.9946 -0.0000
vn 0.1110 0.9938 -0.0000
vn 0.1174 0.9931 -0.0000
vn 0.1232 0.9924 -0.0000
vn 0.1289 0.9917 -0.0000
vn 0.1345 0.9909 -0.0000
vn 0.1401 0.9901 -0.0000
vn 0.1459 0.9893 -0.0000
vn 0.7405 0.6720 -0.0000
vn 0.9997 0.0261 -0.0000
vn 1.0000 -0.0016 -0.0000
vn 1.0000 -0.0051 -0.0000
vn 0.9999 -0.0107 -0.0000
vn 0.9998 -0.0184 -0.0000
vn 0.9996 -0.0282 -0.0000
vn 0.9992 -0.0399 -0.0000
vn 0.9986 -0.0538 -0.0000
vn 0.9976 -0.0698 -0.0000
vn 0.9961 -0.0881 -0.0000
vn 0.9941 -0.1088 -0.0000
vn 0.9912 -0.1322 -0.0000
vn 0.7460 0.6660 -0.0000
vn -0.9813 -0.1925 -0.0000
vn -0.9840 -0.1781 -0.0000
vn -0.9862 -0.1658 -0.0000
vn -0.9880 -0.1545 -0.0000
vn -0.9897 -0.1433 -0.0000
vn -0.9913 -0.1315 -0.0000
vn -0.9929 -0.1187 -0.0000
vn -0.9946 -0.1040 -0.0000
vn -0.9962 -0.0866 -0.0000
vn -0.9979 -0.0648 -0.0000
vn -0.9993 -0.0366 -0.0000
vn -1.0000 -0.0076 -0.0000
vn -0.9999 0.0107 -0.0000
vn -0.9998 0.0219 -0.0000
vn -0.9994 0.0337 -0.0000
vn -0.9989 0.0460 -0.0000
vn -0.9983 0.0586 -0.0000
vn -0.9975 0.0712 -0.0000
vn -0.9965 0.0839 -0.0000
vn -0.9953 0.0964 -0.0000
vn -0.9941 0.1085 -0.0000
vn -0.9928 0.1201 -0.0000
vn -0.9914 0.1310 -0.0000
vn -0.1009 0.9949 -0.0000
vn 0.9418 0.3361 -0.0000
vn 0.9394 0.3428 -0.0000
vn 0.9373 0.3485 -0.0000
vn 0.9354 0.3537 -0.0000
vn 0.9336 0.3584 -0.0000
vn 0.9302 0.3671 -0.0000
vn 0.9285 0.3714 -0.0000
vn 0.9267 0.3758 -0.0000
vn 0.9248 0.3804 -0.0000
vn 0.9227 0.3855 -0.0000
vn 0.2520 0.9677 -0.0000
vn -0.9593 0.2823 -0.0000
vn -0.9440 -0.3299 -0.0000
vn -0.9440 -0.3300 -0.0000
vn -0.9443 -0.3290 -0.0000
vn -0.9451 -0.3268 -0.0000
vn -0.9463 -0.3234 -0.0000
vn -0.9479 -0.3186 -0.0000
vn -0.9500 -0.3122 -0.0000
vn -0.9528 -0.3035 -0.0000
vn -0.9565 -0.2919 -0.0000
vn -0.9612 -0.2757 -0.0000
vn -0.9677 -0.2523 -0.0000
vn -0.9764 -0.2159 -0.0000
vn -0.9838 -0.1791 -0.0000
vn -0.9883 -0.1528 -0.0000
vn -0.9915 -0.1303 -0.0000
vn -0.9938 -0.1108 -0.0000
vn -0.9956 -0.0936 -0.0000
vn -0.9969 -0.0781 -0.0000
vn -0.9980 -0.0640 -0.0000
vn -0.9987 -0.0508 -0.0000
vn -0.9993 -0.0382 -0.0000
vn -0.9997 -0.0258 -0.0000
vn -0.9988 0.0492 -0.0000
vn -0.9949 0.1007 -0.0000
vn -0.9957 0.0932 -0.0000
vn -0.9961 0.0878 -0.0000
vn -0.9965 0.0840 -0.0000
vn -0.9967 0.0814 -0.0000
vn -0.9968 0.0799 -0.0000
vn -0.9969 0.0793 -0.0000
vn -0.9968 0.0795 -0.0000
vn -0.9967 0.0807 -0.0000
vn -0.9966 0.0828 -0.0000
vn -0.9963 0.0861 -0.0000
vn -0.7612 -0.6485 -0.0000
vn 0.5817 -0.8134 -0.0000
vn 0.9700 -0.2430 -0.0000
vn 0.9757 -0.2193 -0.0000
vn 0.9805 -0.1964 -0.0000
vn 0.9847 -0.1740 -0.0000
vn 0.9884 -0.1520 -0.0000
vn 0.9915 -0.1303 -0.0000
vn 0.9941 -0.1086 -0.0000
vn 0.9962 -0.0870 -0.0000
vn 0.9979 -0.0654 -0.0000
vn 0.9990 -0.0437 -0.0000
vn 0.9998 -0.0219 -0.0000
vn 1.0000 0.0035 -0.0000
vn 0.9994 0.0334 -0.0000
vn 0.9981 0.0612 -0.0000
vn 0.9965 0.0837 -0.0000
vn 0.9948 0.1021 -0.0000
vn 0.9931 0.1172 -0.0000
vn 0.9916 0.1294 -0.0000
vn 0.9903 0.1391 -0.0000
vn 0.9892 0.1465 -0.0000
vn 0.9885 0.1513 -0.0000
vn 0.9882 0.1534 -0.0000
vn 0.9885 0.1515 -0.0000
vn 0.9904 0.1383 -0.0000
vn 0.9921 0.1251 -0.0000
vn 0.9928 0.1201 -0.0000
vn 0.9935 0.1142 -0.0000
vn 0.9942 0.1073 -0.0000
vn 0.9950 0.0994 -0.0000
vn 0.9959 0.0903 -0.0000
vn 0.9968 0.0799 -0.0000
vn 0.9977 0.0681 -0.0000
vn 0.9985 0.0544 -0.0000
vn 0.9992 0.0387 -0.0000
vn 0.6703 0.7421 -0.0000
vn -0.8381 0.5455 -0.0000
vn -0.9506 -0.3104 -0.0000
vn -0.9563 -0.2925 -0.0000
vn -0.9605 -0.2782 -0.0000
vn -0.9640 -0.2660 -0.0000
vn -0.9669 -0.2551 -0.0000
vn -0.9696 -0.2449 -0.0000
vn -0.9720 -0.2348 -0.0000
vn -0.9745 -0.2244 -0.0000
vn -0.9770 -0.2131 -0.0000
vn -0.9798 -0.2001 -0.0000
vn -0.9829 -0.1841 -0.0000
vn -0.9822 -0.1879 -0.0000
vn 0.4315 -0.9021 -0.0000
vn 0.9419 -0.3359 -0.0000
vn 0.9397 -0.3421 -0.0000
vn 0.9374 -0.3483 -0.0000
vn 0.9350 -0.3546 -0.0000
vn 0.9325 -0.3612 -0.0000
vn 0.9297 -0.3683 -0.0000
vn 0.9266 -0.3762 -0.0000
vn 0.9229 -0.3850 -0.0000
vn 0.9187 -0.3951 -0.0000
vn 0.9135 -0.4069 -0.0000
vn 0.9070 -0.4211 -0.0000
vn 0.9150 0.4034 -0.0000
vn -0.3976 0.9176 -0.0000
vn -0.9007 0.4344 -0.0000
vn -0.9058 0.4237 -0.0000
vn -0.9100 0.4147 -0.0000
vn -0.9136 0.4066 -0.0000
vn -0.9169 0.3991 -0.0000
vn -0.9201 0.3917 -0.0000
vn -0.9232 0.3842 -0.0000
vn -0.9265 0.3763 -0.0000
vn -0.9300 0.3675 -0.0000
vn -0.9340 0.3574 -0.0000
vn -0.9385 0.3451 -0.0000
vn -0.9034 -0.4288 -0.0000
vn 0.4264 -0.9045 -0.0000
vn 0.9385 -0.3453 -0.0000
vn 0.9368 -0.3498 -0.0000
vn 0.9348 -0.3552 -0.0000
vn 0.9322 -0.3619 -0.0000
vn 0.9292 -0.3697 -0.0000
vn 0.9254 -0.3789 -0.0000
vn 0.9209 -0.3898 -0.0000
vn 0.9154 -0.4025 -0.0000
vn 0.9086 -0.4177 -0.0000
vn 0.9000 -0.4359 -0.0000
vn 0.8891 -0.4578 -0.0000
vn 0.9275 0.3738 -0.0000
vn -0.3839 0.9234 -0.0000
vn -0.8956 0.4449 -0.0000
vn -0.9005 0.4348 -0.0000
vn -0.9046 0.4262 -0.0000
vn -0.9082 0.4185 -0.0000
vn -0.9115 0.4113 -0.0000
vn -0.9146 0.4044 -0.0000
vn -0.9176 0.3975 -0.0000
vn -0.9207 0.3903 -0.0000
vn -0.9240 0.3825 -0.0000
vn -0.9275 0.3737 -0.0000
vn -0.9316 0.3634 -0.0000
vn -0.9078 -0.4194 -0.0000
vn -0.0748 -0.9972 -0.0000
vn -0.1540 -0.9881 -0.0000
vn -0.2389 -0.9710 -0.0000
vn -0.3303 -0.9439 -0.0000
vn -0.4286 -0.9035 -0.0000
vn -0.5334 -0.8459 -0.0000
vn -0.6425 -0.7663 -0.0000
vn -0.7512 -0.6601 -0.0000
vn -0.8512 -0.5249 -0.0000
vn -0.9318 -0.3631 -0.0000
vn -0.9830 -0.1838 -0.0000
vn -1.0000 -0.0038 -0.0000
vn -0.9851 0.1718 -0.0000
vn -0.9378 0.3471 -0.0000
vn -0.8585 0.5128 -0.0000
vn -0.7552 0.6555 -0.0000
vn -0.6398 0.7686 -0.0000
vn -0.5232 0.8522 -0.0000
vn -0.4126 0.9109 -0.0000
vn -0.3115 0.9502 -0.0000
vn -0.2207 0.9754 -0.0000
vn -0.1394 0.9902 -0.0000
vn -0.0665 0.9978 -0.0000
vn 0.0059 1.0000 -0.0000
vn 0.0944 0.9955 -0.0000
vn 0.2054 0.9787 -0.0000
vn 0.3344 0.9424 -0.0000
vn 0.4760 0.8794 -0.0000
vn 0.6186 0.7857 -0.0000
vn 0.7471 0.6647 -0.0000
vn 0.8490 0.5283 -0.0000
vn 0.9200 0.3918 -0.0000
vn 0.9637 0.2672 -0.0000
vn 0.9871 0.1604 -0.0000
vn 0.9974 0.0726 -0.0000
vn 1.0000 0.0020 -0.0000
vn 0.8005 -0.5993 -0.0000
vn 0.2945 -0.9556 -0.0000
vn 0.2644 -0.9644 -0.0000
vn 0.2350 -0.9720 -0.0000
vn 0.2061 -0.9785 -0.0000
vn 0.1780 -0.9840 -0.0000
vn 0.1506 -0.9886 -0.0000
vn 0.1238 -0.9923 -0.0000
vn 0.0977 -0.9952 -0.0000
vn 0.0724 -0.9974 -0.0000
vn 0.0476 -0.9989 -0.0000
vn 0.0235 -0.9997 -0.0000
vn -0.0124 -0.9999 -0.0000
vn -0.9984 -0.0562 -0.0000
vn -0.9991 -0.0424 -0.0000
vn -0.9995 -0.0318 -0.0000
vn -0.9997 -0.0236 -0.0000
vn -0.9999 -0.0171 -0.0000
vn -0.9999 -0.0121 -0.0000
vn -1.0000 -0.0081 -0.0000
vn -1.0000 -0.0051 -0.0000
vn -1.0000 -0.0028 -0.0000
vn -1.0000 -0.0013 -0.0000
vn -1.0000 -0.0004 -0.0000
vn -0.6761 0.7368 -0.0000
vn 0.0902 0.9959 -0.0000
vn 0.0987 0.9951 -0.0000
vn 0.1071 0.9942 -0.0000
vn 0.1155 0.9933 -0.0000
vn 0.1240 0.9923 -0.0000
vn 0.1324 0.9912 -0.0000
vn 0.1410 0.9900 -0.0000
vn 0.1496 0.9887 -0.0000
vn 0.1583 0.9874 -0.0000
vn 0.1672 0.9859 -0.0000
vn 0.1762 0.9844 -0.0000
vn -0.6400 0.7684 -0.0000
vn -0.7604 -0.6494 -0.0000
vn -0.1516 -0.9884 -0.0000
vn -0.1420 -0.9899 -0.0000
vn -0.1329 -0.9911 -0.0000
vn -0.1241 -0.9923 -0.0000
vn -0.1157 -0.9933 -0.0000
vn -0.1077 -0.9942 -0.0000
vn -0.1000 -0.9950 -0.0000
vn -0.0926 -0.9957 -0.0000
vn -0.0856 -0.9963 -0.0000
vn -0.0790 -0.9969 -0.0000
vn -0.0726 -0.9974 -0.0000
vn -0.7363 -0.6767 -0.0000
vn -0.9998 0.0190 -0.0000
vn -0.9996 0.0272 -0.0000
vn -0.9994 0.0343 -0.0000
vn -0.9992 0.0403 -0.0000
vn -0.9990 0.0453 -0.0000
vn -0.9988 0.0491 -0.0000
vn -0.9987 0.0519 -0.0000
vn -0.9986 0.0535 -0.0000
vn -0.9985 0.0539 -0.0000
vn -0.9986 0.0531 -0.0000
vn -0.9987 0.0510 -0.0000
vn -0.8189 0.5739 -0.0000
vn -0.4067 0.9135 -0.0000
vn -0.4438 0.8961 -0.0000
vn -0.4782 0.8782 -0.0000
vn -0.5099 0.8602 -0.0000
vn -0.5389 0.8424 -0.0000
vn -0.5652 0.8250 -0.0000
vn -0.5889 0.8082 -0.0000
vn -0.6100 0.7924 -0.0000
vn -0.6287 0.7777 -0.0000
vn -0.6449 0.7643 -0.0000
vn -0.6587 0.7524 -0.0000
vn -0.9907 0.1359 -0.0000
vn -0.1257 -0.9921 -0.0000
vn 0.6753 -0.7375 -0.0000
vn 0.6650 -0.7469 -0.0000
vn 0.6536 -0.7568 -0.0000
vn 0.6277 -0.7785 -0.0000
vn 0.6130 -0.7901 -0.0000
vn 0.5969 -0.8023 -0.0000
vn 0.5795 -0.8150 -0.0000
vn 0.5606 -0.8281 -0.0000
vn 0.5402 -0.8416 -0.0000
vn 0.5180 -0.8554 -0.0000
vn -0.4968 -0.8679 -0.0000
vn -0.9998 -0.0202 -0.0000
vn -0.9964 -0.0847 -0.0000
vn -0.9837 -0.1796 -0.0000
vn -0.9580 -0.2868 -0.0000
vn -0.9142 -0.4053 -0.0000
vn -0.8475 -0.5308 -0.0000
vn -0.7553 -0.6554 -0.0000
vn -0.6392 -0.7690 -0.0000
vn -0.5064 -0.8623 -0.0000
vn -0.3674 -0.9301 -0.0000
vn -0.2327 -0.9726 -0.0000
vn -0.1096 -0.9940 -0.0000
vn -0.0082 -1.0000 -0.0000
vn 0.0739 -0.9973 -0.0000
vn 0.1563 -0.9877 -0.0000
vn 0.2491 -0.9685 -0.0000
vn 0.3523 -0.9359 -0.0000
vn 0.4647 -0.8855 -0.0000
vn 0.5827 -0.8127 -0.0000
vn 0.6995 -0.7146 -0.0000
vn 0.8063 -0.5915 -0.0000
vn 0.8937 -0.4488 -0.0000
vn 0.9552 -0.2959 -0.0000
vn 0.9896 -0.1440 -0.0000
vn 1.0000 0.0028 -0.0000
vn 0.9885 0.1514 -0.0000
vn 0.9531 0.3026 -0.0000
vn 0.8944 0.4473 -0.0000
vn 0.8151 0.5794 -0.0000
vn 0.7199 0.6940 -0.0000
vn 0.6147 0.7888 -0.0000
vn 0.5046 0.8633 -0.0000
vn 0.3944 0.9189 -0.0000
vn 0.2872 0.9579 -0.0000
vn 0.1851 0.9827 -0.0000
vn 0.0895 0.9960 -0.0000
vn 0.0178 0.9998 -0.0000
vn -0.0153 0.9999 -0.0000
vn -0.0310 0.9995 -0.0000
vn -0.0469 0.9989 -0.0000
vn -0.0631 0.9980 -0.0000
vn -0.0796 0.9968 -0.0000
vn -0.0964 0.9953 -0.0000
vn -0.1134 0.9935 -0.0000
vn -0.1308 0.9914 -0.0000
vn -0.1484 0.9889 -0.0000
vn -0.1662 0.9861 -0.0000
vn -0.1843 0.9829 -0.0000
vn 0.6508 0.7593 -0.0000
vn 0.9991 -0.0427 -0.0000
vn 0.9990 -0.0453 -0.0000
vn 0.9989 -0.0467 -0.0000
vn 0.9989 -0.0470 -0.0000
vn 0.9989 -0.0464 -0.0000
vn 0.9990 -0.0447 -0.0000
vn 0.9991 -0.0421 -0.0000
vn 0.9993 -0.0385 -0.0000
vn 0.9994 -0.0338 -0.0000
vn 0.9996 -0.0279 -0.0000
vn 0.9998 -0.0206 -0.0000
vn 0.6937 -0.7202 -0.0000
vn -0.0089 -1.0000 -0.0000
vn 0.0059 -1.0000 -0.0000
vn 0.0120 -0.9999 -0.0000
vn 0.0181 -0.9998 -0.0000
vn 0.0242 -0.9997 -0.0000
vn 0.0303 -0.9995 -0.0000
vn 0.0363 -0.9993 -0.0000
vn 0.0422 -0.9991 -0.0000
vn 0.0478 -0.9989 -0.0000
vn 0.0532 -0.9986 -0.0000
vn 0.0583 -0.9983 -0.0000
vn 0.0631 -0.9980 -0.0000
vn 0.7299 -0.6836 -0.0000
vn 0.6765 0.7365 -0.0000
vn -0.0820 0.9966 -0.0000
vn -0.0763 0.9971 -0.0000
vn -0.0701 0.9975 -0.0000
vn -0.0636 0.9980 -0.0000
vn -0.0566 0.9984 -0.0000
vn -0.0492 0.9988 -0.0000
vn -0.0415 0.9991 -0.0000
vn -0.0336 0.9994 -0.0000
vn -0.0254 0.9997 -0.0000
vn -0.0171 0.9999 -0.0000
vn -0.0086 1.0000 -0.0000
vn 0.0084 1.0000 -0.0000
vn 0.7145 0.6996 -0.0000
vn 1.0000 -0.0045 -0.0000
vn 0.9999 -0.0167 -0.0000
vn 0.9995 -0.0305 -0.0000
vn 0.9991 -0.0418 -0.0000
vn 0.9987 -0.0513 -0.0000
vn 0.9982 -0.0597 -0.0000
vn 0.9977 -0.0672 -0.0000
vn 0.9972 -0.0742 -0.0000
vn 0.9967 -0.0809 -0.0000
vn 0.9962 -0.0877 -0.0000
vn 0.9955 -0.0946 -0.0000
vn 0.9948 -0.1021 -0.0000
vn 0.7437 0.6686 -0.0000
vn -0.7682 0.6402 -0.0000
vn -0.9848 -0.1737 -0.0000
vn -0.9871 -0.1604 -0.0000
vn -0.9891 -0.1474 -0.0000
vn -0.9909 -0.1347 -0.0000
vn -0.9925 -0.1224 -0.0000
vn -0.9939 -0.1105 -0.0000
vn -0.9951 -0.0991 -0.0000
vn -0.9961 -0.0881 -0.0000
vn -0.9970 -0.0777 -0.0000
vn -0.9977 -0.0679 -0.0000
vn -0.9983 -0.0587 -0.0000
vn -0.9982 -0.0591 -0.0000
vn -0.3984 -0.9172 -0.0000
vn 0.6737 -0.7390 -0.0000
vn -0.0863 -0.9963 -0.0000
vn -0.0753 -0.9972 -0.0000
vn -0.0655 -0.9978 -0.0000
vn -0.0569 -0.9984 -0.0000
vn -0.0491 -0.9988 -0.0000
vn -0.0422 -0.9991 -0.0000
vn -0.0359 -0.9994 -0.0000
vn -0.0303 -0.9995 -0.0000
vn -0.0252 -0.9997 -0.0000
vn -0.0207 -0.9998 -0.0000
vn -0.0166 -0.9999 -0.0000
vn 0.6020 -0.7985 -0.0000
vn 0.7850 0.6195 -0.0000
vn -0.0211 0.9998 -0.0000
vn -0.0062 1.0000 -0.0000
vn 0.0063 1.0000 -0.0000
vn 0.0176 0.9998 -0.0000
vn 0.0283 0.9996 -0.0000
vn 0.0390 0.9992 -0.0000
vn 0.0500 0.9987 -0.0000
vn 0.0619 0.9981 -0.0000
vn 0.0751 0.9972 -0.0000
vn 0.0901 0.9959 -0.0000
vn 0.1078 0.9942 -0.0000
vn 0.1325 0.9912 -0.0000
vn 0.1535 0.9882 -0.0000
vn 0.1649 0.9863 -0.0000
vn 0.1877 0.9822 -0.0000
vn 0.1999 0.9798 -0.0000
vn 0.2134 0.9770 -0.0000
vn 0.2288 0.9735 -0.0000
vn 0.2470 0.9690 -0.0000
vn 0.2697 0.9630 -0.0000
vn 0.2990 0.9542 -0.0000
vn 0.3393 0.9407 -0.0000
vn -0.2690 0.9631 -0.0000
vn -0.9475 -0.3198 -0.0000
vn -0.2604 -0.9655 -0.0000
vn -0.2581 -0.9661 -0.0000
vn -0.2563 -0.9666 -0.0000
vn -0.2551 -0.9669 -0.0000
vn -0.2545 -0.9671 -0.0000
vn -0.2546 -0.9670 -0.0000
vn -0.2554 -0.9668 -0.0000
vn -0.2570 -0.9664 -0.0000
vn -0.2596 -0.9657 -0.0000
vn -0.2633 -0.9647 -0.0000
vn -0.2683 -0.9633 -0.0000
vn -0.2579 -0.9662 -0.0000
vn -0.2382 -0.9712 -0.0000
vn -0.2265 -0.9740 -0.0000
vn -0.2165 -0.9763 -0.0000
vn -0.2076 -0.9782 -0.0000
vn -0.1995 -0.9799 -0.0000
vn -0.1921 -0.9814 -0.0000
vn -0.1850 -0.9827 -0.0000
vn -0.1782 -0.9840 -0.0000
vn -0.1716 -0.9852 -0.0000
vn -0.1649 -0.9863 -0.0000
vn -0.1580 -0.9874 -0.0000
vn -0.7598 -0.6502 -0.0000
vn 0.0035 1.0000 -0.0000
vn 0.0128 0.9999 -0.0000
vn 0.0234 0.9997 -0.0000
vn 0.0320 0.9995 -0.0000
vn 0.0394 0.9992 -0.0000
vn 0.0521 0.9986 -0.0000
vn 0.0580 0.9983 -0.0000
vn 0.0639 0.9980 -0.0000
vn 0.0702 0.9975 -0.0000
vn 0.0771 0.9970 -0.0000
vn 0.0852 0.9964 -0.0000
vn -0.6747 0.7381 -0.0000
vn -0.6753 -0.7375 -0.0000
vn 0.0851 -0.9964 -0.0000
vn 0.0797 -0.9968 -0.0000
vn 0.0742 -0.9972 -0.0000
vn 0.0684 -0.9977 -0.0000
vn 0.0624 -0.9981 -0.0000
vn 0.0489 -0.9988 -0.0000
vn 0.0412 -0.9992 -0.0000
vn 0.0326 -0.9995 -0.0000
vn 0.0230 -0.9997 -0.0000
vn 0.0122 -0.9999 -0.0000
vn 0.0032 -1.0000 -0.0000
vn -0.6750 -0.7378 -0.0000
vn -0.9926 -0.1215 -0.0000
vn -0.9817 -0.1907 -0.0000
vn -0.9639 -0.2664 -0.0000
vn -0.9378 -0.3471 -0.0000
vn -0.9027 -0.4302 -0.0000
vn -0.8585 -0.5128 -0.0000
vn -0.8062 -0.5917 -0.0000
vn -0.7478 -0.6640 -0.0000
vn -0.6858 -0.7278 -0.0000
vn -0.6229 -0.7823 -0.0000
vn -0.5616 -0.8274 -0.0000
vn 0.9975 0.0711 -0.0000
vn 0.4813 0.8765 -0.0000
vn 0.5471 0.8371 -0.0000
vn 0.6161 0.7877 -0.0000
vn 0.6861 0.7275 -0.0000
vn 0.7542 0.6567 -0.0000
vn 0.8171 0.5765 -0.0000
vn 0.8719 0.4896 -0.0000
vn 0.9168 0.3993 -0.0000
vn 0.9749 0.2225 -0.0000
vn 0.9899 0.1416 -0.0000
vn 0.7426 -0.6698 -0.0000
vn -0.0025 -1.0000 -0.0000
vn -0.0098 -1.0000 -0.0000
vn -0.0188 -0.9998 -0.0000
vn -0.0270 -0.9996 -0.0000
vn -0.0346 -0.9994 -0.0000
vn -0.0417 -0.9991 -0.0000
vn -0.0483 -0.9988 -0.0000
vn -0.0545 -0.9985 -0.0000
vn -0.0604 -0.9982 -0.0000
vn -0.0662 -0.9978 -0.0000
vn -0.0718 -0.9974 -0.0000
vn -0.0774 -0.9970 -0.0000
vn 0.6782 -0.7349 -0.0000
vn 0.6771 0.7359 -0.0000
vn -0.0731 0.9973 -0.0000
vn -0.0670 0.9978 -0.0000
vn -0.0609 0.9981 -0.0000
vn -0.0549 0.9985 -0.0000
vn -0.0487 0.9988 -0.0000
vn -0.0422 0.9991 -0.0000
vn -0.0352 0.9994 -0.0000
vn -0.0277 0.9996 -0.0000
vn -0.0194 0.9998 -0.0000
vn -0.0102 0.9999 -0.0000
vn -0.0027 1.0000 -0.0000
vn 0.6439 0.7651 -0.0000
vn 0.9859 0.1672 -0.0000
vn 0.9870 0.1607 -0.0000
vn 0.9878 0.1555 -0.0000
vn 0.9886 0.1509 -0.0000
vn 0.9892 0.1463 -0.0000
vn 0.9907 0.1362 -0.0000
vn 0.9916 0.1296 -0.0000
vn 0.9927 0.1209 -0.0000
vn 0.9941 0.1083 -0.0000
vn 0.9962 0.0876 -0.0000
vn 0.7330 -0.6803 -0.0000
vn -0.0028 -1.0000 -0.0000
vn -0.0108 -0.9999 -0.0000
vn -0.0206 -0.9998 -0.0000
vn -0.0292 -0.9996 -0.0000
vn -0.0365 -0.9993 -0.0000
vn -0.0424 -0.9991 -0.0000
vn -0.0469 -0.9989 -0.0000
vn -0.0498 -0.9988 -0.0000
vn -0.0512 -0.9987 -0.0000
vn -0.0509 -0.9987 -0.0000
vn -0.0489 -0.9988 -0.0000
vn -0.0452 -0.9990 -0.0000
vn 0.6918 -0.7221 -0.0000
vn 0.6628 0.7488 -0.0000
vn -0.1186 0.9929 -0.0000
vn -0.1127 0.9936 -0.0000
vn -0.1062 0.9943 -0.0000
vn -0.0990 0.9951 -0.0000
vn -0.0910 0.9959 -0.0000
vn -0.0821 0.9966 -0.0000
vn -0.0722 0.9974 -0.0000
vn -0.0611 0.9981 -0.0000
vn -0.0486 0.9988 -0.0000
vn -0.0344 0.9994 -0.0000
vn -0.0048 1.0000 -0.0000
vn 0.0073 1.0000 -0.0000
vn 0.0274 0.9996 -0.0000
vn 0.0512 0.9987 -0.0000
vn 0.0723 0.9974 -0.0000
vn 0.0921 0.9958 -0.0000
vn 0.1118 0.9937 -0.0000
vn 0.1553 0.9879 -0.0000
vn 0.1820 0.9833 -0.0000
vn 0.2150 0.9766 -0.0000
vn 0.2583 0.9661 -0.0000
vn 0.3197 0.9475 -0.0000
vn -0.0400 0.9992 -0.0000
vn -0.9126 0.4088 -0.0000
vn -0.9614 -0.2751 -0.0000
vn -0.9646 -0.2637 -0.0000
vn -0.9675 -0.2529 -0.0000
vn -0.9701 -0.2425 -0.0000
vn -0.9727 -0.2322 -0.0000
vn -0.9752 -0.2215 -0.0000
vn -0.9777 -0.2102 -0.0000
vn -0.9802 -0.1979 -0.0000
vn -0.9829 -0.1840 -0.0000
vn -0.9858 -0.1677 -0.0000
vn -0.9890 -0.1479 -0.0000
vn -0.9916 -0.1297 -0.0000
vn -0.9920 -0.1260 -0.0000
vn -0.9913 -0.1319 -0.0000
vn -0.9908 -0.1357 -0.0000
vn -0.9904 -0.1383 -0.0000
vn -0.9901 -0.1404 -0.0000
vn -0.9898 -0.1421 -0.0000
vn -0.9896 -0.1436 -0.0000
vn -0.9894 -0.1450 -0.0000
vn -0.9892 -0.1464 -0.0000
vn -0.9887 -0.1498 -0.0000
vn -0.7585 0.6516 -0.0000
vn 0.0018 1.0000 -0.0000
vn 0.0068 1.0000 -0.0000
vn 0.0184 0.9998 -0.0000
vn 0.0237 0.9997 -0.0000
vn 0.0291 0.9996 -0.0000
vn 0.0348 0.9994 -0.0000
vn 0.0411 0.9992 -0.0000
vn 0.0481 0.9988 -0.0000
vn 0.0564 0.9984 -0.0000
vn 0.0664 0.9978 -0.0000
vn 0.0790 0.9969 -0.0000
vn -0.6760 0.7369 -0.0000
vn -0.6888 -0.7249 -0.0000
vn 0.0477 -0.9989 -0.0000
vn 0.0417 -0.9991 -0.0000
vn 0.0371 -0.9993 -0.0000
vn 0.0332 -0.9994 -0.0000
vn 0.0298 -0.9996 -0.0000
vn 0.0265 -0.9996 -0.0000
vn 0.0233 -0.9997 -0.0000
vn 0.0199 -0.9998 -0.0000
vn 0.0162 -0.9999 -0.0000
vn 0.0119 -0.9999 -0.0000
vn 0.0066 -1.0000 -0.0000
vn 0.0018 -1.0000 -0.0000
vn -0.0014 -1.0000 -0.0000
vn -0.0056 -1.0000 -0.0000
vn -0.0116 -0.9999 -0.0000
vn -0.0180 -0.9998 -0.0000
vn -0.0245 -0.9997 -0.0000
vn -0.0311 -0.9995 -0.0000
vn -0.0377 -0.9993 -0.0000
vn -0.0440 -0.9990 -0.0000
vn -0.0501 -0.9987 -0.0000
vn -0.0556 -0.9985 -0.0000
vn -0.0606 -0.9982 -0.0000
vn -0.0650 -0.9979 -0.0000
vn 0.6830 -0.7304 -0.0000
vn 0.6777 0.7354 -0.0000
vn -0.0797 0.9968 -0.0000
vn -0.0757 0.9971 -0.0000
vn -0.0711 0.9975 -0.0000
vn -0.0659 0.9978 -0.0000
vn -0.0599 0.9982 -0.0000
vn -0.0534 0.9986 -0.0000
vn -0.0462 0.9989 -0.0000
vn -0.0383 0.9993 -0.0000
vn -0.0298 0.9996 -0.0000
vn -0.0205 0.9998 -0.0000
vn -0.0106 0.9999 -0.0000
vn 0.0025 1.0000 -0.0000
vn 0.0098 1.0000 -0.0000
vn 0.0195 0.9998 -0.0000
vn 0.0290 0.9996 -0.0000
vn 0.0381 0.9993 -0.0000
vn 0.0469 0.9989 -0.0000
vn 0.0633 0.9980 -0.0000
vn 0.0706 0.9975 -0.0000
vn 0.0772 0.9970 -0.0000
vn 0.0828 0.9966 -0.0000
vn 0.0873 0.9962 -0.0000
vn -0.6748 0.7380 -0.0000
vn -0.6868 -0.7268 -0.0000
vn 0.0607 -0.9982 -0.0000
vn 0.0666 -0.9978 -0.0000
vn 0.0686 -0.9976 -0.0000
vn 0.0677 -0.9977 -0.0000
vn 0.0648 -0.9979 -0.0000
vn 0.0600 -0.9982 -0.0000
vn 0.0537 -0.9986 -0.0000
vn 0.0459 -0.9989 -0.0000
vn 0.0366 -0.9993 -0.0000
vn 0.0259 -0.9997 -0.0000
vn 0.0136 -0.9999 -0.0000
vn 0.0035 -1.0000 -0.0000
vn -0.0015 -1.0000 -0.0000
vn -0.0060 -1.0000 -0.0000
vn -0.0119 -0.9999 -0.0000
vn -0.0178 -0.9998 -0.0000
vn -0.0238 -0.9997 -0.0000
vn -0.0300 -0.9996 -0.0000
vn -0.0435 -0.9991 -0.0000
vn -0.0599 -0.9982 -0.0000
vn -0.0699 -0.9976 -0.0000
vn -0.0819 -0.9966 -0.0000
vn 0.6751 -0.7377 -0.0000
vn 0.6838 0.7297 -0.0000
vn -0.0633 0.9980 -0.0000
vn -0.0597 0.9982 -0.0000
vn -0.0557 0.9984 -0.0000
vn -0.0514 0.9987 -0.0000
vn -0.0467 0.9989 -0.0000
vn -0.0360 0.9994 -0.0000
vn -0.0299 0.9996 -0.0000
vn -0.0234 0.9997 -0.0000
vn -0.0162 0.9999 -0.0000
vn -0.0084 1.0000 -0.0000
vn -0.0022 1.0000 -0.0000
vn -0.9828 0.1846 -0.0000
vn -0.9994 -0.0346 -0.0000
vn -0.9715 -0.2370 -0.0000
vn 0.9341 -0.3569 -0.0000
vn 0.9852 -0.1713 -0.0000
vn 0.9901 -0.1404 -0.0000
vn 0.9939 -0.1107 -0.0000
vn 0.9977 -0.0679 -0.0000
vn 0.9994 -0.0346 -0.0000
vn -0.9206 -0.3906 -0.0000
vn -0.2662 -0.9639 -0.0000
vn 0.9206 0.3905 -0.0000
vn 0.6120 0.7908 -0.0000
vn -0.6120 0.7908 -0.0000
vn -0.9655 0.2605 -0.0000
vn -0.9886 -0.1507 -0.0000
vn 0.2623 -0.9650 -0.0000
vn 0.9715 -0.2370 -0.0000
vn 0.9828 0.1847 -0.0000
vn 0.9655 0.2605 -0.0000
vn -0.9909 -0.1348 -0.0000
vn -0.9639 -0.2662 -0.0000
vn 0.9639 -0.2662 -0.0000
vn 1.0000 -0.0001 -0.0000
vn 0.9909 0.1348 -0.0000
vn 0.9639 0.2662 -0.0000
vn -0.9206 0.3906 -0.0000
vn -0.9639 0.2662 -0.0000
vn -1.0000 0.0001 -0.0000
vt 0.991736 0.000000
vt 0.396694 0.000000
vt 1.000000 0.000000
vt 0.404959 0.000000
vt 0.983471 0.000000
vt 0.413223 0.000000
vt 0.975207 0.000000
vt 0.421488 0.000000
vt 0.966942 0.000000
vt 0.429752 0.000000
vt 0.958678 0.000000
vt 0.438017 0.000000
vt 0.950413 0.000000
vt 0.446281 0.000000
vt 0.942149 0.000000
vt 0.454545 0.000000
vt 0.933884 0.000000
vt 0.462810 0.000000
vt 0.925620 0.000000
vt 0.471074 0.000000
vt 0.917355 0.000000
vt 0.479339 0.000000
vt 0.909091 0.000000
vt 0.487603 0.000000
vt 0.900826 0.000000
vt 0.892562 0.000000
vt 0.495868 0.000000
vt 0.884298 0.000000
vt 0.504132 0.000000
vt 0.876033 0.000000
vt 0.512397 0.000000
vt 0.867769 0.000000
vt 0.520661 0.000000
vt 0.859504 0.000000
vt 0.528926 0.000000
vt 0.851240 0.000000
vt 0.537190 0.000000
vt 0.842975 0.000000
vt 0.545455 0.000000
vt 0.834711 0.000000
vt 0.553719 0.000000
vt 0.826446 0.000000
vt 0.561983 0.000000
vt 0.818182 0.000000
vt 0.570248 0.000000
vt 0.809917 0.000000
vt 0.578512 0.000000
vt 0.801653 0.000000
vt 0.586777 0.000000
vt 0.793388 0.000000
vt 0.595041 0.000000
vt 0.785124 0.000000
vt 0.603306 0.000000
vt 0.611570 0.000000
vt 0.776860 0.000000
vt 0.768595 0.000000
vt 0.619835 0.000000
vt 0.760331 0.000000
vt 0.628099 0.000000
vt 0.752066 0.000000
vt 0.636364 0.000000
vt 0.743802 0.000000
vt 0.644628 0.000000
vt 0.735537 0.000000
vt 0.652893 0.000000
vt 0.727273 0.000000
vt 0.661157 0.000000
vt 0.719008 0.000000
vt 0.669421 0.000000
vt 0.710744 0.000000
vt 0.677686 0.000000
vt 0.702479 0.000000
vt 0.685950 0.000000
vt 0.694215 0.000000
vt 0.280992 0.000000
vt 0.297521 0.000000
vt 0.289256 0.000000
vt 0.305785 0.000000
vt 0.272727 0.000000
vt 0.314050 0.000000
vt 0.264463 0.000000
vt 0.322314 0.000000
vt 0.256198 0.000000
vt 0.330579 0.000000
vt 0.247934 0.000000
vt 0.338843 0.000000
vt 0.239669 0.000000
vt 0.347107 0.000000
vt 0.231405 0.000000
vt 0.355372 0.000000
vt 0.223140 0.000000
vt 0.363636 0.000000
vt 0.214876 0.000000
vt 0.371901 0.000000
vt 0.206612 0.000000
vt 0.380165 0.000000
vt 0.198347 0.000000
vt 0.388430 0.000000
vt 0.190083 0.000000
vt 0.181818 0.000000
vt 0.000000 0.000000
vt 0.173554 0.000000
vt 0.008264 0.000000
vt 0.165289 0.000000
vt 0.016529 0.000000
vt 0.157025 0.000000
vt 0.024793 0.000000
vt 0.148760 0.000000
vt 0.033058 0.000000
vt 0.140496 0.000000
vt 0.041322 0.000000
vt 0.132231 0.000000
vt 0.049587 0.000000
vt 0.123967 0.000000
vt 0.057851 0.000000
vt 0.115702 0.000000
vt 0.066116 0.000000
vt 0.107438 0.000000
vt 0.074380 0.000000
vt 0.099174 0.000000
vt 0.082645 0.000000
vt 0.090909 0.000000
vt 0.821918 0.000000
vt 0.849315 0.000000
vt 0.835616 0.000000
vt 0.301370 0.000000
vt 0.328767 0.000000
vt 0.315068 0.000000
vt 0.863014 0.000000
vt 0.287671 0.000000
vt 0.876712 0.000000
vt 0.273973 0.000000
vt 0.890411 0.000000
vt 0.260274 0.000000
vt 0.904110 0.000000
vt 0.246575 0.000000
vt 0.917808 0.000000
vt 0.232877 0.000000
vt 0.931507 0.000000
vt 0.219178 0.000000
vt 0.945205 0.000000
vt 0.205479 0.000000
vt 0.958904 0.000000
vt 0.191781 0.000000
vt 0.972603 0.000000
vt 0.178082 0.000000
vt 0.986301 0.000000
vt 0.164384 0.000000
vt 0.150685 0.000000
vt 0.013699 0.000000
vt 0.027397 0.000000
vt 0.041096 0.000000
vt 0.054795 0.000000
vt 0.068493 0.000000
vt 0.082192 0.000000
vt 0.095890 0.000000
vt 0.109589 0.000000
vt 0.123288 0.000000
vt 0.136986 0.000000
vt 0.808219 0.000000
vt 0.794521 0.000000
vt 0.780822 0.000000
vt 0.767123 0.000000
vt 0.753425 0.000000
vt 0.739726 0.000000
vt 0.726027 0.000000
vt 0.712329 0.000000
vt 0.698630 0.000000
vt 0.684932 0.000000
vt 0.671233 0.000000
vt 0.657534 0.000000
vt 0.643836 0.000000
vt 0.630137 0.000000
vt 0.616438 0.000000
vt 0.589041 0.000000
vt 0.547945 0.000000
vt 0.506849 0.000000
vt 0.493151 0.000000
vt 0.479452 0.000000
vt 0.465753 0.000000
vt 0.452055 0.000000
vt 0.438356 0.000000
vt 0.424658 0.000000
vt 0.410959 0.000000
vt 0.397260 0.000000
vt 0.602740 0.000000
vt 0.575342 0.000000
vt 0.561644 0.000000
vt 0.534247 0.000000
vt 0.520548 0.000000
vt 0.383562 0.000000
vt 0.369863 0.000000
vt 0.356164 0.000000
vt 0.342466 0.000000
vt 0.447205 0.000000
vt 0.459627 0.000000
vt 0.453416 0.000000
vt 0.440994 0.000000
vt 0.223602 0.000000
vt 0.236025 0.000000
vt 0.229814 0.000000
vt 0.242236 0.000000
vt 0.434783 0.000000
vt 0.248447 0.000000
vt 0.428571 0.000000
vt 0.254658 0.000000
vt 0.422360 0.000000
vt 0.260870 0.000000
vt 0.416149 0.000000
vt 0.267081 0.000000
vt 0.409938 0.000000
vt 0.273292 0.000000
vt 0.403727 0.000000
vt 0.279503 0.000000
vt 0.397516 0.000000
vt 0.285714 0.000000
vt 0.391304 0.000000
vt 0.291925 0.000000
vt 0.385093 0.000000
vt 0.298137 0.000000
vt 0.378882 0.000000
vt 0.304348 0.000000
vt 0.310559 0.000000
vt 0.316770 0.000000
vt 0.322981 0.000000
vt 0.329193 0.000000
vt 0.335404 0.000000
vt 0.341615 0.000000
vt 0.347826 0.000000
vt 0.354037 0.000000
vt 0.360248 0.000000
vt 0.366460 0.000000
vt 0.372671 0.000000
vt 0.465839 0.000000
vt 0.472050 0.000000
vt 0.478261 0.000000
vt 0.484472 0.000000
vt 0.490683 0.000000
vt 0.496894 0.000000
vt 0.503106 0.000000
vt 0.509317 0.000000
vt 0.515528 0.000000
vt 0.521739 0.000000
vt 0.527950 0.000000
vt 0.534162 0.000000
vt 0.186335 0.000000
vt 0.180124 0.000000
vt 0.173913 0.000000
vt 0.167702 0.000000
vt 0.161491 0.000000
vt 0.155280 0.000000
vt 0.540373 0.000000
vt 0.149068 0.000000
vt 0.142857 0.000000
vt 0.136646 0.000000
vt 0.130435 0.000000
vt 0.124224 0.000000
vt 0.118012 0.000000
vt 0.111801 0.000000
vt 0.105590 0.000000
vt 0.099379 0.000000
vt 0.093168 0.000000
vt 0.086957 0.000000
vt 0.080745 0.000000
vt 0.074534 0.000000
vt 0.546584 0.000000
vt 0.068323 0.000000
vt 0.192547 0.000000
vt 0.198758 0.000000
vt 0.204969 0.000000
vt 0.211180 0.000000
vt 0.217391 0.000000
vt 0.062112 0.000000
vt 0.552795 0.000000
vt 0.055901 0.000000
vt 0.559006 0.000000
vt 0.049689 0.000000
vt 0.565217 0.000000
vt 0.043478 0.000000
vt 0.571429 0.000000
vt 0.037267 0.000000
vt 0.577640 0.000000
vt 0.031056 0.000000
vt 0.583851 0.000000
vt 0.024845 0.000000
vt 0.590062 0.000000
vt 0.018634 0.000000
vt 0.596273 0.000000
vt 0.012422 0.000000
vt 0.602484 0.000000
vt 0.006211 0.000000
vt 0.608696 0.000000
vt 0.919255 0.000000
vt 0.931677 0.000000
vt 0.925466 0.000000
vt 0.937888 0.000000
vt 0.944099 0.000000
vt 0.683230 0.000000
vt 0.695652 0.000000
vt 0.689441 0.000000
vt 0.950311 0.000000
vt 0.677019 0.000000
vt 0.670807 0.000000
vt 0.956522 0.000000
vt 0.664596 0.000000
vt 0.962733 0.000000
vt 0.658385 0.000000
vt 0.968944 0.000000
vt 0.652174 0.000000
vt 0.975155 0.000000
vt 0.645963 0.000000
vt 0.981366 0.000000
vt 0.639752 0.000000
vt 0.987578 0.000000
vt 0.633540 0.000000
vt 0.627329 0.000000
vt 0.993789 0.000000
vt 0.621118 0.000000
vt 0.614907 0.000000
vt 0.913043 0.000000
vt 0.906832 0.000000
vt 0.900621 0.000000
vt 0.894410 0.000000
vt 0.888199 0.000000
vt 0.881988 0.000000
vt 0.875776 0.000000
vt 0.869565 0.000000
vt 0.863354 0.000000
vt 0.857143 0.000000
vt 0.850932 0.000000
vt 0.844720 0.000000
vt 0.838509 0.000000
vt 0.832298 0.000000
vt 0.813665 0.000000
vt 0.807453 0.000000
vt 0.801242 0.000000
vt 0.795031 0.000000
vt 0.782609 0.000000
vt 0.776398 0.000000
vt 0.770186 0.000000
vt 0.763975 0.000000
vt 0.757764 0.000000
vt 0.751553 0.000000
vt 0.745342 0.000000
vt 0.739130 0.000000
vt 0.732919 0.000000
vt 0.726708 0.000000
vt 0.720497 0.000000
vt 0.714286 0.000000
vt 0.708075 0.000000
vt 0.701863 0.000000
vt 0.826087 0.000000
vt 0.819876 0.000000
vt 0.788820 0.000000
vt 0.260563 0.000000
vt 0.274648 0.000000
vt 0.267606 0.000000
vt 0.253521 0.000000
vt 0.246479 0.000000
vt 0.239437 0.000000
vt 0.232394 0.000000
vt 0.225352 0.000000
vt 0.218310 0.000000
vt 0.211268 0.000000
vt 0.204225 0.000000
vt 0.197183 0.000000
vt 0.190141 0.000000
vt 0.183099 0.000000
vt 0.176056 0.000000
vt 0.169014 0.000000
vt 0.161972 0.000000
vt 0.154930 0.000000
vt 0.147887 0.000000
vt 0.281690 0.000000
vt 0.288732 0.000000
vt 0.140845 0.000000
vt 0.133803 0.000000
vt 0.295775 0.000000
vt 0.126761 0.000000
vt 0.091549 0.000000
vt 0.105634 0.000000
vt 0.098592 0.000000
vt 0.302817 0.000000
vt 0.119718 0.000000
vt 0.112676 0.000000
vt 0.309859 0.000000
vt 0.316901 0.000000
vt 0.323944 0.000000
vt 0.330986 0.000000
vt 0.338028 0.000000
vt 0.345070 0.000000
vt 0.352113 0.000000
vt 0.359155 0.000000
vt 0.366197 0.000000
vt 0.373239 0.000000
vt 0.380282 0.000000
vt 0.387324 0.000000
vt 0.394366 0.000000
vt 0.401408 0.000000
vt 0.408451 0.000000
vt 0.415493 0.000000
vt 0.422535 0.000000
vt 0.429577 0.000000
vt 0.436620 0.000000
vt 0.443662 0.000000
vt 0.007042 0.000000
vt 0.450704 0.000000
vt 0.014085 0.000000
vt 0.021127 0.000000
vt 0.028169 0.000000
vt 0.035211 0.000000
vt 0.042254 0.000000
vt 0.049296 0.000000
vt 0.056338 0.000000
vt 0.063380 0.000000
vt 0.070423 0.000000
vt 0.077465 0.000000
vt 0.084507 0.000000
vt 0.908451 0.000000
vt 0.922535 0.000000
vt 0.915493 0.000000
vt 0.535211 0.000000
vt 0.549296 0.000000
vt 0.542253 0.000000
vt 0.528169 0.000000
vt 0.929577 0.000000
vt 0.521127 0.000000
vt 0.936620 0.000000
vt 0.514085 0.000000
vt 0.943662 0.000000
vt 0.507042 0.000000
vt 0.950704 0.000000
vt 0.500000 0.000000
vt 0.957747 0.000000
vt 0.492958 0.000000
vt 0.964789 0.000000
vt 0.485915 0.000000
vt 0.971831 0.000000
vt 0.478873 0.000000
vt 0.978873 0.000000
vt 0.471831 0.000000
vt 0.985915 0.000000
vt 0.464789 0.000000
vt 0.992958 0.000000
vt 0.457746 0.000000
vt 0.901408 0.000000
vt 0.894366 0.000000
vt 0.887324 0.000000
vt 0.880282 0.000000
vt 0.873239 0.000000
vt 0.866197 0.000000
vt 0.859155 0.000000
vt 0.852113 0.000000
vt 0.845070 0.000000
vt 0.838028 0.000000
vt 0.830986 0.000000
vt 0.823944 0.000000
vt 0.816901 0.000000
vt 0.640845 0.000000
vt 0.633803 0.000000
vt 0.626761 0.000000
vt 0.619718 0.000000
vt 0.612676 0.000000
vt 0.605634 0.000000
vt 0.598592 0.000000
vt 0.591549 0.000000
vt 0.584507 0.000000
vt 0.577465 0.000000
vt 0.570423 0.000000
vt 0.563380 0.000000
vt 0.556338 0.000000
vt 0.809859 0.000000
vt 0.647887 0.000000
vt 0.802817 0.000000
vt 0.654930 0.000000
vt 0.795775 0.000000
vt 0.661972 0.000000
vt 0.788732 0.000000
vt 0.669014 0.000000
vt 0.781690 0.000000
vt 0.676056 0.000000
vt 0.774648 0.000000
vt 0.683099 0.000000
vt 0.767606 0.000000
vt 0.690141 0.000000
vt 0.760563 0.000000
vt 0.697183 0.000000
vt 0.753521 0.000000
vt 0.746479 0.000000
vt 0.704225 0.000000
vt 0.739437 0.000000
vt 0.711268 0.000000
vt 0.732394 0.000000
vt 0.725352 0.000000
vt 0.718310 0.000000
vt 0.895522 0.000000
vt 0.910448 0.000000
vt 0.902985 0.000000
vt 0.917910 0.000000
vt 0.888060 0.000000
vt 0.880597 0.000000
vt 0.873134 0.000000
vt 0.925373 0.000000
vt 0.865672 0.000000
vt 0.858209 0.000000
vt 0.850746 0.000000
vt 0.932836 0.000000
vt 0.843284 0.000000
vt 0.074627 0.000000
vt 0.089552 0.000000
vt 0.082090 0.000000
vt 0.835821 0.000000
vt 0.067164 0.000000
vt 0.097015 0.000000
vt 0.828358 0.000000
vt 0.059701 0.000000
vt 0.104478 0.000000
vt 0.940298 0.000000
vt 0.820895 0.000000
vt 0.052239 0.000000
vt 0.111940 0.000000
vt 0.813433 0.000000
vt 0.805970 0.000000
vt 0.044776 0.000000
vt 0.947761 0.000000
vt 0.119403 0.000000
vt 0.798507 0.000000
vt 0.037313 0.000000
vt 0.955224 0.000000
vt 0.447761 0.000000
vt 0.440298 0.000000
vt 0.126866 0.000000
vt 0.455224 0.000000
vt 0.432836 0.000000
vt 0.029851 0.000000
vt 0.462687 0.000000
vt 0.791045 0.000000
vt 0.425373 0.000000
vt 0.470149 0.000000
vt 0.962687 0.000000
vt 0.417910 0.000000
vt 0.134328 0.000000
vt 0.022388 0.000000
vt 0.477612 0.000000
vt 0.783582 0.000000
vt 0.410448 0.000000
vt 0.970149 0.000000
vt 0.014925 0.000000
vt 0.485075 0.000000
vt 0.141791 0.000000
vt 0.402985 0.000000
vt 0.776119 0.000000
vt 0.977612 0.000000
vt 0.007463 0.000000
vt 0.395522 0.000000
vt 0.492537 0.000000
vt 0.768657 0.000000
vt 0.149254 0.000000
vt 0.985075 0.000000
vt 0.388060 0.000000
vt 0.992537 0.000000
vt 0.761194 0.000000
vt 0.156716 0.000000
vt 0.380597 0.000000
vt 0.507463 0.000000
vt 0.753731 0.000000
vt 0.373134 0.000000
vt 0.164179 0.000000
vt 0.514925 0.000000
vt 0.746269 0.000000
vt 0.365672 0.000000
vt 0.738806 0.000000
vt 0.522388 0.000000
vt 0.171642 0.000000
vt 0.731343 0.000000
vt 0.358209 0.000000
vt 0.529851 0.000000
vt 0.723881 0.000000
vt 0.179104 0.000000
vt 0.350746 0.000000
vt 0.537313 0.000000
vt 0.716418 0.000000
vt 0.708955 0.000000
vt 0.544776 0.000000
vt 0.701493 0.000000
vt 0.552239 0.000000
vt 0.694030 0.000000
vt 0.343284 0.000000
vt 0.559702 0.000000
vt 0.186567 0.000000
vt 0.567164 0.000000
vt 0.686567 0.000000
vt 0.574627 0.000000
vt 0.679105 0.000000
vt 0.582090 0.000000
vt 0.589552 0.000000
vt 0.671642 0.000000
vt 0.597015 0.000000
vt 0.335821 0.000000
vt 0.664179 0.000000
vt 0.604478 0.000000
vt 0.194030 0.000000
vt 0.656716 0.000000
vt 0.611940 0.000000
vt 0.649254 0.000000
vt 0.619403 0.000000
vt 0.641791 0.000000
vt 0.626866 0.000000
vt 0.328358 0.000000
vt 0.634328 0.000000
vt 0.201493 0.000000
vt 0.320896 0.000000
vt 0.208955 0.000000
vt 0.313433 0.000000
vt 0.305970 0.000000
vt 0.216418 0.000000
vt 0.298507 0.000000
vt 0.223881 0.000000
vt 0.291045 0.000000
vt 0.283582 0.000000
vt 0.231343 0.000000
vt 0.276119 0.000000
vt 0.268657 0.000000
vt 0.238806 0.000000
vt 0.261194 0.000000
vt 0.246269 0.000000
vt 0.253731 0.000000
vt 0.965937 0.000000
vt 0.970803 0.000000
vt 0.968370 0.000000
vt 0.963504 0.000000
vt 0.973236 0.000000
vt 0.961071 0.000000
vt 0.975669 0.000000
vt 0.958637 0.000000
vt 0.978102 0.000000
vt 0.980535 0.000000
vt 0.956204 0.000000
vt 0.982968 0.000000
vt 0.953771 0.000000
vt 0.985401 0.000000
vt 0.951338 0.000000
vt 0.987835 0.000000
vt 0.948905 0.000000
vt 0.990268 0.000000
vt 0.946472 0.000000
vt 0.992701 0.000000
vt 0.944039 0.000000
vt 0.995134 0.000000
vt 0.941606 0.000000
vt 0.997567 0.000000
vt 0.939173 0.000000
vt 0.936740 0.000000
vt 0.703163 0.000000
vt 0.934307 0.000000
vt 0.705596 0.000000
vt 0.931874 0.000000
vt 0.708029 0.000000
vt 0.929440 0.000000
vt 0.710462 0.000000
vt 0.927007 0.000000
vt 0.712895 0.000000
vt 0.924574 0.000000
vt 0.715328 0.000000
vt 0.922141 0.000000
vt 0.717762 0.000000
vt 0.919708 0.000000
vt 0.720195 0.000000
vt 0.917275 0.000000
vt 0.722628 0.000000
vt 0.914842 0.000000
vt 0.725061 0.000000
vt 0.912409 0.000000
vt 0.727494 0.000000
vt 0.729927 0.000000
vt 0.909976 0.000000
vt 0.785888 0.000000
vt 0.790754 0.000000
vt 0.788321 0.000000
vt 0.732360 0.000000
vt 0.783455 0.000000
vt 0.734793 0.000000
vt 0.907543 0.000000
vt 0.781022 0.000000
vt 0.737226 0.000000
vt 0.793187 0.000000
vt 0.778589 0.000000
vt 0.739659 0.000000
vt 0.776156 0.000000
vt 0.795620 0.000000
vt 0.742092 0.000000
vt 0.905109 0.000000
vt 0.773723 0.000000
vt 0.744526 0.000000
vt 0.798054 0.000000
vt 0.771290 0.000000
vt 0.746959 0.000000
vt 0.768856 0.000000
vt 0.902676 0.000000
vt 0.749392 0.000000
vt 0.800487 0.000000
vt 0.766423 0.000000
vt 0.751825 0.000000
vt 0.802920 0.000000
vt 0.763990 0.000000
vt 0.754258 0.000000
vt 0.900243 0.000000
vt 0.761557 0.000000
vt 0.756691 0.000000
vt 0.805353 0.000000
vt 0.759124 0.000000
vt 0.897810 0.000000
vt 0.807786 0.000000
vt 0.810219 0.000000
vt 0.895377 0.000000
vt 0.812652 0.000000
vt 0.892944 0.000000
vt 0.815085 0.000000
vt 0.817518 0.000000
vt 0.890511 0.000000
vt 0.819951 0.000000
vt 0.822384 0.000000
vt 0.888078 0.000000
vt 0.824818 0.000000
vt 0.827251 0.000000
vt 0.829684 0.000000
vt 0.832117 0.000000
vt 0.834550 0.000000
vt 0.836983 0.000000
vt 0.885645 0.000000
vt 0.839416 0.000000
vt 0.841849 0.000000
vt 0.844282 0.000000
vt 0.846715 0.000000
vt 0.849148 0.000000
vt 0.851582 0.000000
vt 0.883212 0.000000
vt 0.854015 0.000000
vt 0.856448 0.000000
vt 0.858881 0.000000
vt 0.861314 0.000000
vt 0.863747 0.000000
vt 0.866180 0.000000
vt 0.868613 0.000000
vt 0.880779 0.000000
vt 0.871046 0.000000
vt 0.873479 0.000000
vt 0.875912 0.000000
vt 0.878345 0.000000
vt 0.092457 0.000000
vt 0.097324 0.000000
vt 0.094891 0.000000
vt 0.099757 0.000000
vt 0.090024 0.000000
vt 0.102190 0.000000
vt 0.087591 0.000000
vt 0.029197 0.000000
vt 0.034063 0.000000
vt 0.031630 0.000000
vt 0.104623 0.000000
vt 0.085158 0.000000
vt 0.036496 0.000000
vt 0.107056 0.000000
vt 0.026764 0.000000
vt 0.082725 0.000000
vt 0.038929 0.000000
vt 0.109489 0.000000
vt 0.024331 0.000000
vt 0.080292 0.000000
vt 0.041363 0.000000
vt 0.666667 0.000000
vt 0.671533 0.000000
vt 0.669100 0.000000
vt 0.673966 0.000000
vt 0.021898 0.000000
vt 0.664234 0.000000
vt 0.111922 0.000000
vt 0.676399 0.000000
vt 0.077859 0.000000
vt 0.661801 0.000000
vt 0.678832 0.000000
vt 0.043796 0.000000
vt 0.659367 0.000000
vt 0.681265 0.000000
vt 0.019465 0.000000
vt 0.114355 0.000000
vt 0.656934 0.000000
vt 0.683698 0.000000
vt 0.075426 0.000000
vt 0.046229 0.000000
vt 0.686131 0.000000
vt 0.654501 0.000000
vt 0.017032 0.000000
vt 0.116788 0.000000
vt 0.688564 0.000000
vt 0.652068 0.000000
vt 0.072993 0.000000
vt 0.690998 0.000000
vt 0.048662 0.000000
vt 0.649635 0.000000
vt 0.014599 0.000000
vt 0.693431 0.000000
vt 0.119221 0.000000
vt 0.647202 0.000000
vt 0.070560 0.000000
vt 0.695864 0.000000
vt 0.644769 0.000000
vt 0.051095 0.000000
vt 0.698297 0.000000
vt 0.012165 0.000000
vt 0.642336 0.000000
vt 0.121655 0.000000
vt 0.700730 0.000000
vt 0.639903 0.000000
vt 0.068127 0.000000
vt 0.245742 0.000000
vt 0.053528 0.000000
vt 0.637470 0.000000
vt 0.124088 0.000000
vt 0.009732 0.000000
vt 0.248175 0.000000
vt 0.065693 0.000000
vt 0.055961 0.000000
vt 0.063260 0.000000
vt 0.250608 0.000000
vt 0.007299 0.000000
vt 0.253041 0.000000
vt 0.058394 0.000000
vt 0.004866 0.000000
vt 0.255474 0.000000
vt 0.060827 0.000000
vt 0.002433 0.000000
vt 0.257908 0.000000
vt 0.260341 0.000000
vt 0.262774 0.000000
vt 0.265207 0.000000
vt 0.267640 0.000000
vt 0.270073 0.000000
vt 0.299270 0.000000
vt 0.304136 0.000000
vt 0.301703 0.000000
vt 0.296837 0.000000
vt 0.294404 0.000000
vt 0.291971 0.000000
vt 0.289538 0.000000
vt 0.272506 0.000000
vt 0.287105 0.000000
vt 0.284672 0.000000
vt 0.282238 0.000000
vt 0.279805 0.000000
vt 0.277372 0.000000
vt 0.274939 0.000000
vt 0.603406 0.000000
vt 0.608272 0.000000
vt 0.605839 0.000000
vt 0.610706 0.000000
vt 0.613139 0.000000
vt 0.615572 0.000000
vt 0.618005 0.000000
vt 0.620438 0.000000
vt 0.622871 0.000000
vt 0.635036 0.000000
vt 0.625304 0.000000
vt 0.627737 0.000000
vt 0.630170 0.000000
vt 0.632603 0.000000
vt 0.306569 0.000000
vt 0.309002 0.000000
vt 0.311436 0.000000
vt 0.313869 0.000000
vt 0.316302 0.000000
vt 0.318735 0.000000
vt 0.321168 0.000000
vt 0.323601 0.000000
vt 0.326034 0.000000
vt 0.328467 0.000000
vt 0.330900 0.000000
vt 0.333333 0.000000
vt 0.600973 0.000000
vt 0.571776 0.000000
vt 0.335766 0.000000
vt 0.598540 0.000000
vt 0.596107 0.000000
vt 0.593674 0.000000
vt 0.591241 0.000000
vt 0.588808 0.000000
vt 0.574209 0.000000
vt 0.569343 0.000000
vt 0.586375 0.000000
vt 0.583942 0.000000
vt 0.581509 0.000000
vt 0.579075 0.000000
vt 0.576642 0.000000
vt 0.566910 0.000000
vt 0.338200 0.000000
vt 0.564477 0.000000
vt 0.340633 0.000000
vt 0.562044 0.000000
vt 0.343066 0.000000
vt 0.559611 0.000000
vt 0.345499 0.000000
vt 0.557178 0.000000
vt 0.347932 0.000000
vt 0.554745 0.000000
vt 0.350365 0.000000
vt 0.552311 0.000000
vt 0.352798 0.000000
vt 0.549878 0.000000
vt 0.355231 0.000000
vt 0.547445 0.000000
vt 0.357664 0.000000
vt 0.545012 0.000000
vt 0.360097 0.000000
vt 0.542579 0.000000
vt 0.510949 0.000000
vt 0.515815 0.000000
vt 0.513382 0.000000
vt 0.518248 0.000000
vt 0.520681 0.000000
vt 0.523114 0.000000
vt 0.525547 0.000000
vt 0.508516 0.000000
vt 0.527981 0.000000
vt 0.530414 0.000000
vt 0.532847 0.000000
vt 0.535280 0.000000
vt 0.537713 0.000000
vt 0.506083 0.000000
vt 0.540146 0.000000
vt 0.362530 0.000000
vt 0.503650 0.000000
vt 0.501217 0.000000
vt 0.498783 0.000000
vt 0.364964 0.000000
vt 0.367397 0.000000
vt 0.496350 0.000000
vt 0.369830 0.000000
vt 0.493917 0.000000
vt 0.126521 0.000000
vt 0.243309 0.000000
vt 0.240876 0.000000
vt 0.372263 0.000000
vt 0.238443 0.000000
vt 0.236010 0.000000
vt 0.128954 0.000000
vt 0.233577 0.000000
vt 0.231144 0.000000
vt 0.131387 0.000000
vt 0.228710 0.000000
vt 0.226277 0.000000
vt 0.223844 0.000000
vt 0.133820 0.000000
vt 0.221411 0.000000
vt 0.374696 0.000000
vt 0.218978 0.000000
vt 0.136253 0.000000
vt 0.216545 0.000000
vt 0.491484 0.000000
vt 0.214112 0.000000
vt 0.138686 0.000000
vt 0.211679 0.000000
vt 0.377129 0.000000
vt 0.141119 0.000000
vt 0.379562 0.000000
vt 0.489051 0.000000
vt 0.143552 0.000000
vt 0.145985 0.000000
vt 0.423358 0.000000
vt 0.381995 0.000000
vt 0.148418 0.000000
vt 0.486618 0.000000
vt 0.209246 0.000000
vt 0.425791 0.000000
vt 0.420925 0.000000
vt 0.384428 0.000000
vt 0.418491 0.000000
vt 0.150852 0.000000
vt 0.386861 0.000000
vt 0.416058 0.000000
vt 0.206813 0.000000
vt 0.484185 0.000000
vt 0.153285 0.000000
vt 0.428224 0.000000
vt 0.413625 0.000000
vt 0.389294 0.000000
vt 0.155718 0.000000
vt 0.204380 0.000000
vt 0.411192 0.000000
vt 0.391728 0.000000
vt 0.481752 0.000000
vt 0.430657 0.000000
vt 0.408759 0.000000
vt 0.158151 0.000000
vt 0.201946 0.000000
vt 0.406326 0.000000
vt 0.403893 0.000000
vt 0.401460 0.000000
vt 0.399027 0.000000
vt 0.396594 0.000000
vt 0.394161 0.000000
vt 0.160584 0.000000
vt 0.199513 0.000000
vt 0.479319 0.000000
vt 0.433090 0.000000
vt 0.163017 0.000000
vt 0.197080 0.000000
vt 0.165450 0.000000
vt 0.194647 0.000000
vt 0.476886 0.000000
vt 0.435523 0.000000
vt 0.167883 0.000000
vt 0.192214 0.000000
vt 0.170316 0.000000
vt 0.172749 0.000000
vt 0.189781 0.000000
vt 0.474453 0.000000
vt 0.437956 0.000000
vt 0.175182 0.000000
vt 0.187348 0.000000
vt 0.177616 0.000000
vt 0.184915 0.000000
vt 0.180049 0.000000
vt 0.182482 0.000000
vt 0.472019 0.000000
vt 0.440389 0.000000
vt 0.469586 0.000000
vt 0.442822 0.000000
vt 0.467153 0.000000
vt 0.445255 0.000000
vt 0.464720 0.000000
vt 0.447689 0.000000
vt 0.462287 0.000000
vt 0.450122 0.000000
vt 0.459854 0.000000
vt 0.452555 0.000000
vt 0.457421 0.000000
vt 0.454988 0.000000
vt 0.995595 0.000000
vt 0.004405 0.000000
vt 0.991189 0.000000
vt 0.008811 0.000000
vt 0.986784 0.000000
vt 0.013216 0.000000
vt 0.982379 0.000000
vt 0.977974 0.000000
vt 0.017621 0.000000
vt 0.973568 0.000000
vt 0.022026 0.000000
vt 0.969163 0.000000
vt 0.964758 0.000000
vt 0.026432 0.000000
vt 0.960352 0.000000
vt 0.955947 0.000000
vt 0.030837 0.000000
vt 0.951542 0.000000
vt 0.947137 0.000000
vt 0.942731 0.000000
vt 0.035242 0.000000
vt 0.039648 0.000000
vt 0.044053 0.000000
vt 0.048458 0.000000
vt 0.052863 0.000000
vt 0.061674 0.000000
vt 0.057269 0.000000
vt 0.938326 0.000000
vt 0.933921 0.000000
vt 0.929515 0.000000
vt 0.925110 0.000000
vt 0.920705 0.000000
vt 0.916300 0.000000
vt 0.911894 0.000000
vt 0.907489 0.000000
vt 0.903084 0.000000
vt 0.898678 0.000000
vt 0.894273 0.000000
vt 0.889868 0.000000
vt 0.885463 0.000000
vt 0.881057 0.000000
vt 0.876652 0.000000
vt 0.872247 0.000000
vt 0.867841 0.000000
vt 0.832599 0.000000
vt 0.841410 0.000000
vt 0.837004 0.000000
vt 0.066079 0.000000
vt 0.863436 0.000000
vt 0.845815 0.000000
vt 0.859031 0.000000
vt 0.850220 0.000000
vt 0.854626 0.000000
vt 0.070485 0.000000
vt 0.167401 0.000000
vt 0.176211 0.000000
vt 0.171806 0.000000
vt 0.074890 0.000000
vt 0.162996 0.000000
vt 0.180617 0.000000
vt 0.158590 0.000000
vt 0.079295 0.000000
vt 0.154185 0.000000
vt 0.185022 0.000000
vt 0.083700 0.000000
vt 0.149780 0.000000
vt 0.088106 0.000000
vt 0.189427 0.000000
vt 0.145374 0.000000
vt 0.092511 0.000000
vt 0.140969 0.000000
vt 0.828194 0.000000
vt 0.096916 0.000000
vt 0.193833 0.000000
vt 0.101322 0.000000
vt 0.136564 0.000000
vt 0.105727 0.000000
vt 0.823789 0.000000
vt 0.198238 0.000000
vt 0.110132 0.000000
vt 0.132159 0.000000
vt 0.114537 0.000000
vt 0.118943 0.000000
vt 0.127753 0.000000
vt 0.392070 0.000000
vt 0.387665 0.000000
vt 0.383260 0.000000
vt 0.202643 0.000000
vt 0.396476 0.000000
vt 0.378855 0.000000
vt 0.400881 0.000000
vt 0.374449 0.000000
vt 0.405286 0.000000
vt 0.123348 0.000000
vt 0.370044 0.000000
vt 0.409692 0.000000
vt 0.207048 0.000000
vt 0.414097 0.000000
vt 0.365639 0.000000
vt 0.418502 0.000000
vt 0.361233 0.000000
vt 0.211454 0.000000
vt 0.422908 0.000000
vt 0.356828 0.000000
vt 0.427313 0.000000
vt 0.819383 0.000000
vt 0.215859 0.000000
vt 0.352423 0.000000
vt 0.431718 0.000000
vt 0.814978 0.000000
vt 0.348018 0.000000
vt 0.436123 0.000000
vt 0.220264 0.000000
vt 0.810573 0.000000
vt 0.343612 0.000000
vt 0.440529 0.000000
vt 0.339207 0.000000
vt 0.806167 0.000000
vt 0.224670 0.000000
vt 0.444934 0.000000
vt 0.449339 0.000000
vt 0.334802 0.000000
vt 0.453745 0.000000
vt 0.801762 0.000000
vt 0.458150 0.000000
vt 0.330396 0.000000
vt 0.229075 0.000000
vt 0.462555 0.000000
vt 0.466960 0.000000
vt 0.797357 0.000000
vt 0.713656 0.000000
vt 0.471366 0.000000
vt 0.718062 0.000000
vt 0.709251 0.000000
vt 0.475771 0.000000
vt 0.325991 0.000000
vt 0.480176 0.000000
vt 0.792952 0.000000
vt 0.722467 0.000000
vt 0.233480 0.000000
vt 0.484582 0.000000
vt 0.488987 0.000000
vt 0.726872 0.000000
vt 0.704846 0.000000
vt 0.493392 0.000000
vt 0.788546 0.000000
vt 0.321586 0.000000
vt 0.497797 0.000000
vt 0.731278 0.000000
vt 0.237885 0.000000
vt 0.700441 0.000000
vt 0.502203 0.000000
vt 0.784141 0.000000
vt 0.735683 0.000000
vt 0.317181 0.000000
vt 0.696035 0.000000
vt 0.506608 0.000000
vt 0.740088 0.000000
vt 0.779736 0.000000
vt 0.242291 0.000000
vt 0.312775 0.000000
vt 0.691630 0.000000
vt 0.511013 0.000000
vt 0.744493 0.000000
vt 0.775330 0.000000
vt 0.687225 0.000000
vt 0.515419 0.000000
vt 0.308370 0.000000
vt 0.748899 0.000000
vt 0.246696 0.000000
vt 0.770925 0.000000
vt 0.682819 0.000000
vt 0.519824 0.000000
vt 0.753304 0.000000
vt 0.303965 0.000000
vt 0.766520 0.000000
vt 0.678414 0.000000
vt 0.524229 0.000000
vt 0.251101 0.000000
vt 0.757709 0.000000
vt 0.299559 0.000000
vt 0.674009 0.000000
vt 0.528634 0.000000
vt 0.762115 0.000000
vt 0.295154 0.000000
vt 0.255507 0.000000
vt 0.669604 0.000000
vt 0.533040 0.000000
vt 0.290749 0.000000
vt 0.286344 0.000000
vt 0.665198 0.000000
vt 0.537445 0.000000
vt 0.259912 0.000000
vt 0.281938 0.000000
vt 0.277533 0.000000
vt 0.660793 0.000000
vt 0.541850 0.000000
vt 0.264317 0.000000
vt 0.546256 0.000000
vt 0.656388 0.000000
vt 0.268722 0.000000
vt 0.273128 0.000000
vt 0.550661 0.000000
vt 0.651982 0.000000
vt 0.555066 0.000000
vt 0.647577 0.000000
vt 0.559471 0.000000
vt 0.643172 0.000000
vt 0.563877 0.000000
vt 0.638767 0.000000
vt 0.568282 0.000000
vt 0.634361 0.000000
vt 0.572687 0.000000
vt 0.629956 0.000000
vt 0.577093 0.000000
vt 0.625551 0.000000
vt 0.581498 0.000000
vt 0.621145 0.000000
vt 0.585903 0.000000
vt 0.616740 0.000000
vt 0.590308 0.000000
vt 0.612335 0.000000
vt 0.594714 0.000000
vt 0.607930 0.000000
vt 0.599119 0.000000
vt 0.603524 0.000000
vt 0.607692 0.000000
vt 0.623077 0.000000
vt 0.615385 0.000000
vt 0.630769 0.000000
vt 0.638462 0.000000
vt 0.646154 0.000000
vt 0.653846 0.000000
vt 0.600000 0.000000
vt 0.661538 0.000000
vt 0.592308 0.000000
vt 0.584615 0.000000
vt 0.669231 0.000000
vt 0.576923 0.000000
vt 0.676923 0.000000
vt 0.569231 0.000000
vt 0.684615 0.000000
vt 0.561538 0.000000
vt 0.692308 0.000000
vt 0.553846 0.000000
vt 0.700000 0.000000
vt 0.546154 0.000000
vt 0.538462 0.000000
vt 0.707692 0.000000
vt 0.530769 0.000000
vt 0.715385 0.000000
vt 0.523077 0.000000
vt 0.515385 0.000000
vt 0.507692 0.000000
vt 0.892308 0.000000
vt 0.907692 0.000000
vt 0.900000 0.000000
vt 0.884615 0.000000
vt 0.876923 0.000000
vt 0.869231 0.000000
vt 0.861538 0.000000
vt 0.853846 0.000000
vt 0.846154 0.000000
vt 0.838462 0.000000
vt 0.830769 0.000000
vt 0.823077 0.000000
vt 0.815385 0.000000
vt 0.807692 0.000000
vt 0.800000 0.000000
vt 0.792308 0.000000
vt 0.784615 0.000000
vt 0.776923 0.000000
vt 0.769231 0.000000
vt 0.761538 0.000000
vt 0.915385 0.000000
vt 0.753846 0.000000
vt 0.746154 0.000000
vt 0.738462 0.000000
vt 0.923077 0.000000
vt 0.730769 0.000000
vt 0.723077 0.000000
vt 0.092308 0.000000
vt 0.930769 0.000000
vt 0.100000 0.000000
vt 0.084615 0.000000
vt 0.076923 0.000000
vt 0.938462 0.000000
vt 0.492308 0.000000
vt 0.484615 0.000000
vt 0.069231 0.000000
vt 0.476923 0.000000
vt 0.469231 0.000000
vt 0.461538 0.000000
vt 0.453846 0.000000
vt 0.446154 0.000000
vt 0.438462 0.000000
vt 0.430769 0.000000
vt 0.423077 0.000000
vt 0.415385 0.000000
vt 0.407692 0.000000
vt 0.400000 0.000000
vt 0.946154 0.000000
vt 0.061538 0.000000
vt 0.392308 0.000000
vt 0.107692 0.000000
vt 0.053846 0.000000
vt 0.953846 0.000000
vt 0.384615 0.000000
vt 0.046154 0.000000
vt 0.115385 0.000000
vt 0.961538 0.000000
vt 0.038462 0.000000
vt 0.030769 0.000000
vt 0.969231 0.000000
vt 0.123077 0.000000
vt 0.023077 0.000000
vt 0.976923 0.000000
vt 0.015385 0.000000
vt 0.130769 0.000000
vt 0.007692 0.000000
vt 0.984615 0.000000
vt 0.992308 0.000000
vt 0.138462 0.000000
vt 0.146154 0.000000
vt 0.153846 0.000000
vt 0.161538 0.000000
vt 0.169231 0.000000
vt 0.176923 0.000000
vt 0.184615 0.000000
vt 0.192308 0.000000
vt 0.200000 0.000000
vt 0.207692 0.000000
vt 0.215385 0.000000
vt 0.223077 0.000000
vt 0.376923 0.000000
vt 0.230769 0.000000
vt 0.369231 0.000000
vt 0.238462 0.000000
vt 0.361538 0.000000
vt 0.246154 0.000000
vt 0.353846 0.000000
vt 0.253846 0.000000
vt 0.346154 0.000000
vt 0.261538 0.000000
vt 0.338462 0.000000
vt 0.269231 0.000000
vt 0.330769 0.000000
vt 0.276923 0.000000
vt 0.323077 0.000000
vt 0.284615 0.000000
vt 0.315385 0.000000
vt 0.307692 0.000000
vt 0.300000 0.000000
vt 0.292308 0.000000
vt 0.911565 0.000000
vt 0.925170 0.000000
vt 0.918367 0.000000
vt 0.653061 0.000000
vt 0.659864 0.000000
vt 0.931973 0.000000
vt 0.646259 0.000000
vt 0.938776 0.000000
vt 0.639456 0.000000
vt 0.945578 0.000000
vt 0.632653 0.000000
vt 0.952381 0.000000
vt 0.959184 0.000000
vt 0.625850 0.000000
vt 0.965986 0.000000
vt 0.619048 0.000000
vt 0.972789 0.000000
vt 0.612245 0.000000
vt 0.605442 0.000000
vt 0.979592 0.000000
vt 0.598639 0.000000
vt 0.986395 0.000000
vt 0.591837 0.000000
vt 0.993197 0.000000
vt 0.585034 0.000000
vt 0.578231 0.000000
vt 0.503401 0.000000
vt 0.510204 0.000000
vt 0.517007 0.000000
vt 0.523810 0.000000
vt 0.530612 0.000000
vt 0.537415 0.000000
vt 0.544218 0.000000
vt 0.551020 0.000000
vt 0.557823 0.000000
vt 0.564626 0.000000
vt 0.870748 0.000000
vt 0.863946 0.000000
vt 0.850340 0.000000
vt 0.843537 0.000000
vt 0.836735 0.000000
vt 0.829932 0.000000
vt 0.823129 0.000000
vt 0.816327 0.000000
vt 0.809524 0.000000
vt 0.795918 0.000000
vt 0.789116 0.000000
vt 0.782313 0.000000
vt 0.775510 0.000000
vt 0.761905 0.000000
vt 0.755102 0.000000
vt 0.748299 0.000000
vt 0.741497 0.000000
vt 0.734694 0.000000
vt 0.727891 0.000000
vt 0.721088 0.000000
vt 0.707483 0.000000
vt 0.700680 0.000000
vt 0.693878 0.000000
vt 0.687075 0.000000
vt 0.680272 0.000000
vt 0.673469 0.000000
vt 0.802721 0.000000
vt 0.768707 0.000000
vt 0.877551 0.000000
vt 0.884354 0.000000
vt 0.891156 0.000000
vt 0.897959 0.000000
vt 0.904762 0.000000
vt 0.408163 0.000000
vt 0.421769 0.000000
vt 0.414966 0.000000
vt 0.149660 0.000000
vt 0.163265 0.000000
vt 0.156463 0.000000
vt 0.435374 0.000000
vt 0.136054 0.000000
vt 0.442177 0.000000
vt 0.129252 0.000000
vt 0.448980 0.000000
vt 0.122449 0.000000
vt 0.455782 0.000000
vt 0.115646 0.000000
vt 0.462585 0.000000
vt 0.108844 0.000000
vt 0.469388 0.000000
vt 0.102041 0.000000
vt 0.476190 0.000000
vt 0.095238 0.000000
vt 0.482993 0.000000
vt 0.088435 0.000000
vt 0.489796 0.000000
vt 0.081633 0.000000
vt 0.496599 0.000000
vt 0.074830 0.000000
vt 0.006803 0.000000
vt 0.013605 0.000000
vt 0.020408 0.000000
vt 0.027211 0.000000
vt 0.034014 0.000000
vt 0.040816 0.000000
vt 0.047619 0.000000
vt 0.054422 0.000000
vt 0.061224 0.000000
vt 0.068027 0.000000
vt 0.380952 0.000000
vt 0.374150 0.000000
vt 0.367347 0.000000
vt 0.360544 0.000000
vt 0.353741 0.000000
vt 0.346939 0.000000
vt 0.340136 0.000000
vt 0.326531 0.000000
vt 0.319728 0.000000
vt 0.312925 0.000000
vt 0.306122 0.000000
vt 0.299320 0.000000
vt 0.292517 0.000000
vt 0.278912 0.000000
vt 0.272109 0.000000
vt 0.265306 0.000000
vt 0.258503 0.000000
vt 0.251701 0.000000
vt 0.244898 0.000000
vt 0.238095 0.000000
vt 0.231293 0.000000
vt 0.224490 0.000000
vt 0.217687 0.000000
vt 0.210884 0.000000
vt 0.204082 0.000000
vt 0.197279 0.000000
vt 0.190476 0.000000
vt 0.183673 0.000000
vt 0.176871 0.000000
vt 0.170068 0.000000
vt 0.387755 0.000000
vt 0.394558 0.000000
vt 0.401361 0.000000
vt 0.830065 0.000000
vt 0.843137 0.000000
vt 0.836601 0.000000
vt 0.849673 0.000000
vt 0.816993 0.000000
vt 0.169935 0.000000
vt 0.163399 0.000000
vt 0.803922 0.000000
vt 0.810458 0.000000
vt 0.823529 0.000000
vt 0.921569 0.000000
vt 0.941176 0.000000
vt 0.947712 0.000000
vt 0.934641 0.000000
vt 0.928105 0.000000
vt 0.856209 0.000000
vt 0.862745 0.000000
vt 0.176471 0.000000
vt 0.797386 0.000000
vt 0.156863 0.000000
vt 0.150327 0.000000
vt 0.183007 0.000000
vt 0.790850 0.000000
vt 0.143791 0.000000
vt 0.006536 0.000000
vt 0.137255 0.000000
vt 0.189542 0.000000
vt 0.784314 0.000000
vt 0.013072 0.000000
vt 0.967320 0.000000
vt 0.960784 0.000000
vt 0.130719 0.000000
vt 0.777778 0.000000
vt 0.196078 0.000000
vt 0.019608 0.000000
vt 0.124183 0.000000
vt 0.771242 0.000000
vt 0.973856 0.000000
vt 0.954248 0.000000
vt 0.026144 0.000000
vt 0.202614 0.000000
vt 0.117647 0.000000
vt 0.764706 0.000000
vt 0.032680 0.000000
vt 0.111111 0.000000
vt 0.209150 0.000000
vt 0.039216 0.000000
vt 0.104575 0.000000
vt 0.758170 0.000000
vt 0.215686 0.000000
vt 0.045752 0.000000
vt 0.098039 0.000000
vt 0.751634 0.000000
vt 0.052288 0.000000
vt 0.091503 0.000000
vt 0.222222 0.000000
vt 0.993464 0.000000
vt 0.986928 0.000000
vt 0.745098 0.000000
vt 0.058824 0.000000
vt 0.084967 0.000000
vt 0.228758 0.000000
vt 0.738562 0.000000
vt 0.065359 0.000000
vt 0.078431 0.000000
vt 0.980392 0.000000
vt 0.235294 0.000000
vt 0.071895 0.000000
vt 0.732026 0.000000
vt 0.241830 0.000000
vt 0.725490 0.000000
vt 0.718954 0.000000
vt 0.248366 0.000000
vt 0.875817 0.000000
vt 0.869281 0.000000
vt 0.712418 0.000000
vt 0.254902 0.000000
vt 0.705882 0.000000
vt 0.261438 0.000000
vt 0.699346 0.000000
vt 0.267974 0.000000
vt 0.915033 0.000000
vt 0.882353 0.000000
vt 0.908497 0.000000
vt 0.483660 0.000000
vt 0.274510 0.000000
vt 0.692810 0.000000
vt 0.901961 0.000000
vt 0.888889 0.000000
vt 0.490196 0.000000
vt 0.477124 0.000000
vt 0.281046 0.000000
vt 0.895425 0.000000
vt 0.686275 0.000000
vt 0.470588 0.000000
vt 0.496732 0.000000
vt 0.287582 0.000000
vt 0.679739 0.000000
vt 0.464052 0.000000
vt 0.503268 0.000000
vt 0.294118 0.000000
vt 0.673203 0.000000
vt 0.457516 0.000000
vt 0.509804 0.000000
vt 0.300654 0.000000
vt 0.450980 0.000000
vt 0.516340 0.000000
vt 0.307190 0.000000
vt 0.660131 0.000000
vt 0.444444 0.000000
vt 0.313726 0.000000
vt 0.522876 0.000000
vt 0.653595 0.000000
vt 0.437909 0.000000
vt 0.320261 0.000000
vt 0.529412 0.000000
vt 0.647059 0.000000
vt 0.326797 0.000000
vt 0.431373 0.000000
vt 0.535948 0.000000
vt 0.640523 0.000000
vt 0.339869 0.000000
vt 0.424837 0.000000
vt 0.346405 0.000000
vt 0.633987 0.000000
vt 0.542484 0.000000
vt 0.352941 0.000000
vt 0.627451 0.000000
vt 0.620915 0.000000
vt 0.359477 0.000000
vt 0.418301 0.000000
vt 0.614379 0.000000
vt 0.366013 0.000000
vt 0.549020 0.000000
vt 0.607843 0.000000
vt 0.372549 0.000000
vt 0.601307 0.000000
vt 0.379085 0.000000
vt 0.411765 0.000000
vt 0.594771 0.000000
vt 0.385621 0.000000
vt 0.555556 0.000000
vt 0.588235 0.000000
vt 0.392157 0.000000
vt 0.581699 0.000000
vt 0.405229 0.000000
vt 0.398693 0.000000
vt 0.575163 0.000000
vt 0.568627 0.000000
vt 0.562092 0.000000
vt 0.016484 0.000000
vt 0.027473 0.000000
vt 0.021978 0.000000
vt 0.032967 0.000000
vt 0.247253 0.000000
vt 0.241758 0.000000
vt 0.989011 0.000000
vt 0.978022 0.000000
vt 0.994505 0.000000
vt 0.252747 0.000000
vt 0.972527 0.000000
vt 0.258242 0.000000
vt 0.005495 0.000000
vt 0.010989 0.000000
vt 0.043956 0.000000
vt 0.983516 0.000000
vt 0.967033 0.000000
vt 0.263736 0.000000
vt 0.956044 0.000000
vt 0.274725 0.000000
vt 0.148352 0.000000
vt 0.049451 0.000000
vt 0.054945 0.000000
vt 0.950549 0.000000
vt 0.280220 0.000000
vt 0.945055 0.000000
vt 0.939560 0.000000
vt 0.934066 0.000000
vt 0.291209 0.000000
vt 0.928571 0.000000
vt 0.296703 0.000000
vt 0.137363 0.000000
vt 0.208791 0.000000
vt 0.060440 0.000000
vt 0.203297 0.000000
vt 0.225275 0.000000
vt 0.065934 0.000000
vt 0.302198 0.000000
vt 0.917582 0.000000
vt 0.912088 0.000000
vt 0.214286 0.000000
vt 0.197802 0.000000
vt 0.236264 0.000000
vt 0.219780 0.000000
vt 0.313187 0.000000
vt 0.906593 0.000000
vt 0.318681 0.000000
vt 0.901099 0.000000
vt 0.324176 0.000000
vt 0.895604 0.000000
vt 0.329670 0.000000
vt 0.890110 0.000000
vt 0.335165 0.000000
vt 0.164835 0.000000
vt 0.159341 0.000000
vt 0.186813 0.000000
vt 0.181319 0.000000
vt 0.340659 0.000000
vt 0.879121 0.000000
vt 0.873626 0.000000
vt 0.351648 0.000000
vt 0.868132 0.000000
vt 0.170330 0.000000
vt 0.175824 0.000000
vt 0.357143 0.000000
vt 0.862637 0.000000
vt 0.362637 0.000000
vt 0.851648 0.000000
vt 0.368132 0.000000
vt 0.373626 0.000000
vt 0.840659 0.000000
vt 0.379121 0.000000
vt 0.835165 0.000000
vt 0.829670 0.000000
vt 0.824176 0.000000
vt 0.390110 0.000000
vt 0.818681 0.000000
vt 0.813187 0.000000
vt 0.395604 0.000000
vt 0.802198 0.000000
vt 0.401099 0.000000
vt 0.796703 0.000000
vt 0.791209 0.000000
vt 0.785714 0.000000
vt 0.406593 0.000000
vt 0.780220 0.000000
vt 0.774725 0.000000
vt 0.131868 0.000000
vt 0.126374 0.000000
vt 0.071429 0.000000
vt 0.412088 0.000000
vt 0.763736 0.000000
vt 0.758242 0.000000
vt 0.752747 0.000000
vt 0.747253 0.000000
vt 0.741758 0.000000
vt 0.736264 0.000000
vt 0.637363 0.000000
vt 0.648352 0.000000
vt 0.642857 0.000000
vt 0.725275 0.000000
vt 0.719780 0.000000
vt 0.659341 0.000000
vt 0.664835 0.000000
vt 0.670330 0.000000
vt 0.708791 0.000000
vt 0.675824 0.000000
vt 0.703297 0.000000
vt 0.681319 0.000000
vt 0.697802 0.000000
vt 0.686813 0.000000
vt 0.417582 0.000000
vt 0.631868 0.000000
vt 0.626374 0.000000
vt 0.620879 0.000000
vt 0.609890 0.000000
vt 0.434066 0.000000
vt 0.604396 0.000000
vt 0.439560 0.000000
vt 0.598901 0.000000
vt 0.445055 0.000000
vt 0.593407 0.000000
vt 0.450549 0.000000
vt 0.456044 0.000000
vt 0.587912 0.000000
vt 0.467033 0.000000
vt 0.472527 0.000000
vt 0.582418 0.000000
vt 0.478022 0.000000
vt 0.483516 0.000000
vt 0.489011 0.000000
vt 0.494505 0.000000
vt 0.505495 0.000000
vt 0.510989 0.000000
vt 0.516484 0.000000
vt 0.565934 0.000000
vt 0.521978 0.000000
vt 0.560440 0.000000
vt 0.527473 0.000000
vt 0.554945 0.000000
vt 0.532967 0.000000
vt 0.549451 0.000000
vt 0.543956 0.000000
vt 0.120879 0.000000
vt 0.082418 0.000000
vt 0.087912 0.000000
vt 0.109890 0.000000
vt 0.104396 0.000000
vt 0.093407 0.000000
vt 0.098901 0.000000
vt 0.000000 1.000000
vt 0.035714 1.000000
vt 0.035714 0.000000
vt 0.071429 1.000000
vt 0.107143 1.000000
vt 0.107143 0.000000
vt 0.142857 1.000000
vt 0.178571 1.000000
vt 0.178571 0.000000
vt 0.214286 1.000000
vt 0.250000 1.000000
vt 0.250000 0.000000
vt 0.285714 1.000000
vt 0.321429 1.000000
vt 0.321429 0.000000
vt 0.357143 1.000000
vt 0.392857 1.000000
vt 0.392857 0.000000
vt 0.428571 1.000000
vt 0.464286 1.000000
vt 0.464286 0.000000
vt 0.500000 1.000000
vt 0.535714 1.000000
vt 0.535714 0.000000
vt 0.571429 1.000000
vt 0.607143 1.000000
vt 0.607143 0.000000
vt 0.642857 1.000000
vt 0.678571 1.000000
vt 0.678571 0.000000
vt 0.714286 1.000000
vt 0.750000 1.000000
vt 0.750000 0.000000
vt 0.785714 1.000000
vt 0.821429 1.000000
vt 0.821429 0.000000
vt 0.857143 1.000000
vt 0.892857 1.000000
vt 0.892857 0.000000
vt 0.928571 1.000000
vt 0.964286 1.000000
vt 0.964286 0.000000
vt 1.000000 1.000000
vt 0.007194 1.000000
vt 0.007194 0.000000
vt 0.014388 1.000000
vt 0.014388 0.000000
vt 0.021583 1.000000
vt 0.021583 0.000000
vt 0.028777 1.000000
vt 0.028777 0.000000
vt 0.035971 1.000000
vt 0.035971 0.000000
vt 0.043165 1.000000
vt 0.043165 0.000000
vt 0.050360 1.000000
vt 0.050360 0.000000
vt 0.057554 1.000000
vt 0.057554 0.000000
vt 0.064748 1.000000
vt 0.064748 0.000000
vt 0.071942 1.000000
vt 0.071942 0.000000
vt 0.079137 1.000000
vt 0.079137 0.000000
vt 0.086331 1.000000
vt 0.086331 0.000000
vt 0.093525 1.000000
vt 0.093525 0.000000
vt 0.100719 1.000000
vt 0.100719 0.000000
vt 0.107914 1.000000
vt 0.107914 0.000000
vt 0.115108 1.000000
vt 0.115108 0.000000
vt 0.122302 1.000000
vt 0.122302 0.000000
vt 0.129496 1.000000
vt 0.129496 0.000000
vt 0.136691 1.000000
vt 0.136691 0.000000
vt 0.143885 1.000000
vt 0.143885 0.000000
vt 0.151079 1.000000
vt 0.151079 0.000000
vt 0.158273 1.000000
vt 0.158273 0.000000
vt 0.165468 1.000000
vt 0.165468 0.000000
vt 0.172662 1.000000
vt 0.172662 0.000000
vt 0.179856 1.000000
vt 0.179856 0.000000
vt 0.187050 1.000000
vt 0.187050 0.000000
vt 0.194245 1.000000
vt 0.194245 0.000000
vt 0.201439 1.000000
vt 0.201439 0.000000
vt 0.208633 1.000000
vt 0.208633 0.000000
vt 0.215827 1.000000
vt 0.215827 0.000000
vt 0.223022 1.000000
vt 0.223022 0.000000
vt 0.230216 1.000000
vt 0.230216 0.000000
vt 0.237410 1.000000
vt 0.237410 0.000000
vt 0.244604 1.000000
vt 0.244604 0.000000
vt 0.251799 1.000000
vt 0.251799 0.000000
vt 0.258993 1.000000
vt 0.258993 0.000000
vt 0.266187 1.000000
vt 0.266187 0.000000
vt 0.273381 1.000000
vt 0.273381 0.000000
vt 0.280576 1.000000
vt 0.280576 0.000000
vt 0.287770 1.000000
vt 0.287770 0.000000
vt 0.294964 1.000000
vt 0.294964 0.000000
vt 0.302158 1.000000
vt 0.302158 0.000000
vt 0.309353 1.000000
vt 0.309353 0.000000
vt 0.316547 1.000000
vt 0.316547 0.000000
vt 0.323741 1.000000
vt 0.323741 0.000000
vt 0.330935 1.000000
vt 0.330935 0.000000
vt 0.338129 1.000000
vt 0.338129 0.000000
vt 0.345324 1.000000
vt 0.345324 0.000000
vt 0.352518 1.000000
vt 0.352518 0.000000
vt 0.359712 1.000000
vt 0.359712 0.000000
vt 0.366906 1.000000
vt 0.366906 0.000000
vt 0.374101 1.000000
vt 0.374101 0.000000
vt 0.381295 1.000000
vt 0.381295 0.000000
vt 0.388489 1.000000
vt 0.388489 0.000000
vt 0.395683 1.000000
vt 0.395683 0.000000
vt 0.402878 1.000000
vt 0.402878 0.000000
vt 0.410072 1.000000
vt 0.410072 0.000000
vt 0.417266 1.000000
vt 0.417266 0.000000
vt 0.424460 1.000000
vt 0.424460 0.000000
vt 0.431655 1.000000
vt 0.431655 0.000000
vt 0.438849 1.000000
vt 0.438849 0.000000
vt 0.446043 1.000000
vt 0.446043 0.000000
vt 0.453237 1.000000
vt 0.453237 0.000000
vt 0.460432 1.000000
vt 0.460432 0.000000
vt 0.467626 1.000000
vt 0.467626 0.000000
vt 0.474820 1.000000
vt 0.474820 0.000000
vt 0.482014 1.000000
vt 0.482014 0.000000
vt 0.489209 1.000000
vt 0.489209 0.000000
vt 0.496403 1.000000
vt 0.496403 0.000000
vt 0.503597 1.000000
vt 0.503597 0.000000
vt 0.510791 1.000000
vt 0.510791 0.000000
vt 0.517986 1.000000
vt 0.517986 0.000000
vt 0.525180 1.000000
vt 0.525180 0.000000
vt 0.532374 1.000000
vt 0.532374 0.000000
vt 0.539568 1.000000
vt 0.539568 0.000000
vt 0.546763 1.000000
vt 0.546763 0.000000
vt 0.553957 1.000000
vt 0.553957 0.000000
vt 0.561151 1.000000
vt 0.561151 0.000000
vt 0.568345 1.000000
vt 0.568345 0.000000
vt 0.575540 1.000000
vt 0.575540 0.000000
vt 0.582734 1.000000
vt 0.582734 0.000000
vt 0.589928 1.000000
vt 0.589928 0.000000
vt 0.597122 1.000000
vt 0.597122 0.000000
vt 0.604317 1.000000
vt 0.604317 0.000000
vt 0.611511 1.000000
vt 0.611511 0.000000
vt 0.618705 1.000000
vt 0.618705 0.000000
vt 0.625899 1.000000
vt 0.625899 0.000000
vt 0.633094 1.000000
vt 0.633094 0.000000
vt 0.640288 1.000000
vt 0.640288 0.000000
vt 0.647482 1.000000
vt 0.647482 0.000000
vt 0.654676 1.000000
vt 0.654676 0.000000
vt 0.661870 1.000000
vt 0.661870 0.000000
vt 0.669065 1.000000
vt 0.669065 0.000000
vt 0.676259 1.000000
vt 0.676259 0.000000
vt 0.683453 1.000000
vt 0.683453 0.000000
vt 0.690647 1.000000
vt 0.690647 0.000000
vt 0.697842 1.000000
vt 0.697842 0.000000
vt 0.705036 1.000000
vt 0.705036 0.000000
vt 0.712230 1.000000
vt 0.712230 0.000000
vt 0.719424 1.000000
vt 0.719424 0.000000
vt 0.726619 1.000000
vt 0.726619 0.000000
vt 0.733813 1.000000
vt 0.733813 0.000000
vt 0.741007 1.000000
vt 0.741007 0.000000
vt 0.748201 1.000000
vt 0.748201 0.000000
vt 0.755396 1.000000
vt 0.755396 0.000000
vt 0.762590 1.000000
vt 0.762590 0.000000
vt 0.769784 1.000000
vt 0.769784 0.000000
vt 0.776978 1.000000
vt 0.776978 0.000000
vt 0.784173 1.000000
vt 0.784173 0.000000
vt 0.791367 1.000000
vt 0.791367 0.000000
vt 0.798561 1.000000
vt 0.798561 0.000000
vt 0.805755 1.000000
vt 0.805755 0.000000
vt 0.812950 1.000000
vt 0.812950 0.000000
vt 0.820144 1.000000
vt 0.820144 0.000000
vt 0.827338 1.000000
vt 0.827338 0.000000
vt 0.834532 1.000000
vt 0.834532 0.000000
vt 0.841727 1.000000
vt 0.841727 0.000000
vt 0.848921 1.000000
vt 0.848921 0.000000
vt 0.856115 1.000000
vt 0.856115 0.000000
vt 0.863309 1.000000
vt 0.863309 0.000000
vt 0.870504 1.000000
vt 0.870504 0.000000
vt 0.877698 1.000000
vt 0.877698 0.000000
vt 0.884892 1.000000
vt 0.884892 0.000000
vt 0.892086 1.000000
vt 0.892086 0.000000
vt 0.899281 1.000000
vt 0.899281 0.000000
vt 0.906475 1.000000
vt 0.906475 0.000000
vt 0.913669 1.000000
vt 0.913669 0.000000
vt 0.920863 1.000000
vt 0.920863 0.000000
vt 0.928058 1.000000
vt 0.928058 0.000000
vt 0.935252 1.000000
vt 0.935252 0.000000
vt 0.942446 1.000000
vt 0.942446 0.000000
vt 0.949640 1.000000
vt 0.949640 0.000000
vt 0.956835 1.000000
vt 0.956835 0.000000
vt 0.964029 1.000000
vt 0.964029 0.000000
vt 0.971223 1.000000
vt 0.971223 0.000000
vt 0.978417 1.000000
vt 0.978417 0.000000
vt 0.985611 1.000000
vt 0.985611 0.000000
vt 0.992806 1.000000
vt 0.992806 0.000000
vt 0.040000 1.000000
vt 0.040000 0.000000
vt 0.080000 1.000000
vt 0.080000 0.000000
vt 0.120000 1.000000
vt 0.120000 0.000000
vt 0.160000 1.000000
vt 0.160000 0.000000
vt 0.200000 1.000000
vt 0.240000 1.000000
vt 0.240000 0.000000
vt 0.280000 1.000000
vt 0.280000 0.000000
vt 0.320000 1.000000
vt 0.320000 0.000000
vt 0.360000 1.000000
vt 0.360000 0.000000
vt 0.400000 1.000000
vt 0.440000 1.000000
vt 0.440000 0.000000
vt 0.480000 1.000000
vt 0.480000 0.000000
vt 0.520000 1.000000
vt 0.520000 0.000000
vt 0.560000 1.000000
vt 0.560000 0.000000
vt 0.600000 1.000000
vt 0.640000 1.000000
vt 0.640000 0.000000
vt 0.680000 1.000000
vt 0.680000 0.000000
vt 0.720000 1.000000
vt 0.720000 0.000000
vt 0.760000 1.000000
vt 0.760000 0.000000
vt 0.800000 1.000000
vt 0.840000 1.000000
vt 0.840000 0.000000
vt 0.880000 1.000000
vt 0.880000 0.000000
vt 0.920000 1.000000
vt 0.920000 0.000000
vt 0.960000 1.000000
vt 0.960000 0.000000
vt 0.009901 1.000000
vt 0.009901 0.000000
vt 0.019802 1.000000
vt 0.019802 0.000000
vt 0.029703 1.000000
vt 0.029703 0.000000
vt 0.039604 1.000000
vt 0.039604 0.000000
vt 0.049505 1.000000
vt 0.049505 0.000000
vt 0.059406 1.000000
vt 0.059406 0.000000
vt 0.069307 1.000000
vt 0.069307 0.000000
vt 0.079208 1.000000
vt 0.079208 0.000000
vt 0.089109 1.000000
vt 0.089109 0.000000
vt 0.099010 1.000000
vt 0.099010 0.000000
vt 0.108911 1.000000
vt 0.108911 0.000000
vt 0.118812 1.000000
vt 0.118812 0.000000
vt 0.128713 1.000000
vt 0.128713 0.000000
vt 0.138614 1.000000
vt 0.138614 0.000000
vt 0.148515 1.000000
vt 0.148515 0.000000
vt 0.158416 1.000000
vt 0.158416 0.000000
vt 0.168317 1.000000
vt 0.168317 0.000000
vt 0.178218 1.000000
vt 0.178218 0.000000
vt 0.188119 1.000000
vt 0.188119 0.000000
vt 0.198020 1.000000
vt 0.198020 0.000000
vt 0.207921 1.000000
vt 0.207921 0.000000
vt 0.217822 1.000000
vt 0.217822 0.000000
vt 0.227723 1.000000
vt 0.227723 0.000000
vt 0.237624 1.000000
vt 0.237624 0.000000
vt 0.247525 1.000000
vt 0.247525 0.000000
vt 0.257426 1.000000
vt 0.257426 0.000000
vt 0.267327 1.000000
vt 0.267327 0.000000
vt 0.277228 1.000000
vt 0.277228 0.000000
vt 0.287129 1.000000
vt 0.287129 0.000000
vt 0.297030 1.000000
vt 0.297030 0.000000
vt 0.306931 1.000000
vt 0.306931 0.000000
vt 0.316832 1.000000
vt 0.316832 0.000000
vt 0.326733 1.000000
vt 0.326733 0.000000
vt 0.336634 1.000000
vt 0.336634 0.000000
vt 0.346535 1.000000
vt 0.346535 0.000000
vt 0.356436 1.000000
vt 0.356436 0.000000
vt 0.366337 1.000000
vt 0.366337 0.000000
vt 0.376238 1.000000
vt 0.376238 0.000000
vt 0.386139 1.000000
vt 0.386139 0.000000
vt 0.396040 1.000000
vt 0.396040 0.000000
vt 0.405941 1.000000
vt 0.405941 0.000000
vt 0.415842 1.000000
vt 0.415842 0.000000
vt 0.425743 1.000000
vt 0.425743 0.000000
vt 0.435644 1.000000
vt 0.435644 0.000000
vt 0.445545 1.000000
vt 0.445545 0.000000
vt 0.455446 1.000000
vt 0.455446 0.000000
vt 0.465347 1.000000
vt 0.465347 0.000000
vt 0.475248 1.000000
vt 0.475248 0.000000
vt 0.485149 1.000000
vt 0.485149 0.000000
vt 0.495050 1.000000
vt 0.495050 0.000000
vt 0.504951 1.000000
vt 0.504951 0.000000
vt 0.514852 1.000000
vt 0.514852 0.000000
vt 0.524752 1.000000
vt 0.524752 0.000000
vt 0.534653 1.000000
vt 0.534653 0.000000
vt 0.544554 1.000000
vt 0.544554 0.000000
vt 0.554455 1.000000
vt 0.554455 0.000000
vt 0.564356 1.000000
vt 0.564356 0.000000
vt 0.574257 1.000000
vt 0.574257 0.000000
vt 0.584158 1.000000
vt 0.584158 0.000000
vt 0.594059 1.000000
vt 0.594059 0.000000
vt 0.603960 1.000000
vt 0.603960 0.000000
vt 0.613861 1.000000
vt 0.613861 0.000000
vt 0.623762 1.000000
vt 0.623762 0.000000
vt 0.633663 1.000000
vt 0.633663 0.000000
vt 0.643564 1.000000
vt 0.643564 0.000000
vt 0.653465 1.000000
vt 0.653465 0.000000
vt 0.663366 1.000000
vt 0.663366 0.000000
vt 0.673267 1.000000
vt 0.673267 0.000000
vt 0.683168 1.000000
vt 0.683168 0.000000
vt 0.693069 1.000000
vt 0.693069 0.000000
vt 0.702970 1.000000
vt 0.702970 0.000000
vt 0.712871 1.000000
vt 0.712871 0.000000
vt 0.722772 1.000000
vt 0.722772 0.000000
vt 0.732673 1.000000
vt 0.732673 0.000000
vt 0.742574 1.000000
vt 0.742574 0.000000
vt 0.752475 1.000000
vt 0.752475 0.000000
vt 0.762376 1.000000
vt 0.762376 0.000000
vt 0.772277 1.000000
vt 0.772277 0.000000
vt 0.782178 1.000000
vt 0.782178 0.000000
vt 0.792079 1.000000
vt 0.792079 0.000000
vt 0.801980 1.000000
vt 0.801980 0.000000
vt 0.811881 1.000000
vt 0.811881 0.000000
vt 0.821782 1.000000
vt 0.821782 0.000000
vt 0.831683 1.000000
vt 0.831683 0.000000
vt 0.841584 1.000000
vt 0.841584 0.000000
vt 0.851485 1.000000
vt 0.851485 0.000000
vt 0.861386 1.000000
vt 0.861386 0.000000
vt 0.871287 1.000000
vt 0.871287 0.000000
vt 0.881188 1.000000
vt 0.881188 0.000000
vt 0.891089 1.000000
vt 0.891089 0.000000
vt 0.900990 1.000000
vt 0.900990 0.000000
vt 0.910891 1.000000
vt 0.910891 0.000000
vt 0.920792 1.000000
vt 0.920792 0.000000
vt 0.930693 1.000000
vt 0.930693 0.000000
vt 0.940594 1.000000
vt 0.940594 0.000000
vt 0.950495 1.000000
vt 0.950495 0.000000
vt 0.960396 1.000000
vt 0.960396 0.000000
vt 0.970297 1.000000
vt 0.970297 0.000000
vt 0.980198 1.000000
vt 0.980198 0.000000
vt 0.990099 1.000000
vt 0.990099 0.000000
vt 0.062500 1.000000
vt 0.062500 0.000000
vt 0.125000 1.000000
vt 0.125000 0.000000
vt 0.187500 1.000000
vt 0.187500 0.000000
vt 0.312500 1.000000
vt 0.312500 0.000000
vt 0.375000 1.000000
vt 0.375000 0.000000
vt 0.437500 1.000000
vt 0.437500 0.000000
vt 0.562500 1.000000
vt 0.562500 0.000000
vt 0.625000 1.000000
vt 0.625000 0.000000
vt 0.687500 1.000000
vt 0.687500 0.000000
vt 0.812500 1.000000
vt 0.812500 0.000000
vt 0.875000 1.000000
vt 0.875000 0.000000
vt 0.937500 1.000000
vt 0.937500 0.000000
vt 0.007407 1.000000
vt 0.007407 0.000000
vt 0.014815 1.000000
vt 0.014815 0.000000
vt 0.022222 1.000000
vt 0.022222 0.000000
vt 0.029630 1.000000
vt 0.029630 0.000000
vt 0.037037 1.000000
vt 0.037037 0.000000
vt 0.044444 1.000000
vt 0.044444 0.000000
vt 0.051852 1.000000
vt 0.051852 0.000000
vt 0.059259 1.000000
vt 0.059259 0.000000
vt 0.066667 1.000000
vt 0.066667 0.000000
vt 0.074074 1.000000
vt 0.074074 0.000000
vt 0.081481 1.000000
vt 0.081481 0.000000
vt 0.088889 1.000000
vt 0.088889 0.000000
vt 0.096296 1.000000
vt 0.096296 0.000000
vt 0.103704 1.000000
vt 0.103704 0.000000
vt 0.111111 1.000000
vt 0.118519 1.000000
vt 0.118519 0.000000
vt 0.125926 1.000000
vt 0.125926 0.000000
vt 0.133333 1.000000
vt 0.133333 0.000000
vt 0.140741 1.000000
vt 0.140741 0.000000
vt 0.148148 1.000000
vt 0.148148 0.000000
vt 0.155556 1.000000
vt 0.155556 0.000000
vt 0.162963 1.000000
vt 0.162963 0.000000
vt 0.170370 1.000000
vt 0.170370 0.000000
vt 0.177778 1.000000
vt 0.177778 0.000000
vt 0.185185 1.000000
vt 0.185185 0.000000
vt 0.192593 1.000000
vt 0.192593 0.000000
vt 0.207407 1.000000
vt 0.207407 0.000000
vt 0.214815 1.000000
vt 0.214815 0.000000
vt 0.222222 1.000000
vt 0.229630 1.000000
vt 0.229630 0.000000
vt 0.237037 1.000000
vt 0.237037 0.000000
vt 0.244444 1.000000
vt 0.244444 0.000000
vt 0.251852 1.000000
vt 0.251852 0.000000
vt 0.259259 1.000000
vt 0.259259 0.000000
vt 0.266667 1.000000
vt 0.266667 0.000000
vt 0.274074 1.000000
vt 0.274074 0.000000
vt 0.281481 1.000000
vt 0.281481 0.000000
vt 0.288889 1.000000
vt 0.288889 0.000000
vt 0.296296 1.000000
vt 0.296296 0.000000
vt 0.303704 1.000000
vt 0.303704 0.000000
vt 0.311111 1.000000
vt 0.311111 0.000000
vt 0.318519 1.000000
vt 0.318519 0.000000
vt 0.325926 1.000000
vt 0.325926 0.000000
vt 0.333333 1.000000
vt 0.340741 1.000000
vt 0.340741 0.000000
vt 0.348148 1.000000
vt 0.348148 0.000000
vt 0.355556 1.000000
vt 0.355556 0.000000
vt 0.362963 1.000000
vt 0.362963 0.000000
vt 0.370370 1.000000
vt 0.370370 0.000000
vt 0.377778 1.000000
vt 0.377778 0.000000
vt 0.385185 1.000000
vt 0.385185 0.000000
vt 0.392593 1.000000
vt 0.392593 0.000000
vt 0.407407 1.000000
vt 0.407407 0.000000
vt 0.414815 1.000000
vt 0.414815 0.000000
vt 0.422222 1.000000
vt 0.422222 0.000000
vt 0.429630 1.000000
vt 0.429630 0.000000
vt 0.437037 1.000000
vt 0.437037 0.000000
vt 0.444444 1.000000
vt 0.451852 1.000000
vt 0.451852 0.000000
vt 0.459259 1.000000
vt 0.459259 0.000000
vt 0.466667 1.000000
vt 0.466667 0.000000
vt 0.474074 1.000000
vt 0.474074 0.000000
vt 0.481481 1.000000
vt 0.481481 0.000000
vt 0.488889 1.000000
vt 0.488889 0.000000
vt 0.496296 1.000000
vt 0.496296 0.000000
vt 0.503704 1.000000
vt 0.503704 0.000000
vt 0.511111 1.000000
vt 0.511111 0.000000
vt 0.518519 1.000000
vt 0.518519 0.000000
vt 0.525926 1.000000
vt 0.525926 0.000000
vt 0.533333 1.000000
vt 0.533333 0.000000
vt 0.540741 1.000000
vt 0.540741 0.000000
vt 0.548148 1.000000
vt 0.548148 0.000000
vt 0.555556 1.000000
vt 0.562963 1.000000
vt 0.562963 0.000000
vt 0.570370 1.000000
vt 0.570370 0.000000
vt 0.577778 1.000000
vt 0.577778 0.000000
vt 0.585185 1.000000
vt 0.585185 0.000000
vt 0.592593 1.000000
vt 0.592593 0.000000
vt 0.607407 1.000000
vt 0.607407 0.000000
vt 0.614815 1.000000
vt 0.614815 0.000000
vt 0.622222 1.000000
vt 0.622222 0.000000
vt 0.629630 1.000000
vt 0.629630 0.000000
vt 0.637037 1.000000
vt 0.637037 0.000000
vt 0.644444 1.000000
vt 0.644444 0.000000
vt 0.651852 1.000000
vt 0.651852 0.000000
vt 0.659259 1.000000
vt 0.659259 0.000000
vt 0.666667 1.000000
vt 0.674074 1.000000
vt 0.674074 0.000000
vt 0.681481 1.000000
vt 0.681481 0.000000
vt 0.688889 1.000000
vt 0.688889 0.000000
vt 0.696296 1.000000
vt 0.696296 0.000000
vt 0.703704 1.000000
vt 0.703704 0.000000
vt 0.711111 1.000000
vt 0.711111 0.000000
vt 0.718518 1.000000
vt 0.718518 0.000000
vt 0.725926 1.000000
vt 0.725926 0.000000
vt 0.733333 1.000000
vt 0.733333 0.000000
vt 0.740741 1.000000
vt 0.740741 0.000000
vt 0.748148 1.000000
vt 0.748148 0.000000
vt 0.755556 1.000000
vt 0.755556 0.000000
vt 0.762963 1.000000
vt 0.762963 0.000000
vt 0.770370 1.000000
vt 0.770370 0.000000
vt 0.777778 1.000000
vt 0.785185 1.000000
vt 0.785185 0.000000
vt 0.792593 1.000000
vt 0.792593 0.000000
vt 0.807407 1.000000
vt 0.807407 0.000000
vt 0.814815 1.000000
vt 0.814815 0.000000
vt 0.822222 1.000000
vt 0.822222 0.000000
vt 0.829630 1.000000
vt 0.829630 0.000000
vt 0.837037 1.000000
vt 0.837037 0.000000
vt 0.844444 1.000000
vt 0.844444 0.000000
vt 0.851852 1.000000
vt 0.851852 0.000000
vt 0.859259 1.000000
vt 0.859259 0.000000
vt 0.866667 1.000000
vt 0.866667 0.000000
vt 0.874074 1.000000
vt 0.874074 0.000000
vt 0.881481 1.000000
vt 0.881481 0.000000
vt 0.888889 1.000000
vt 0.896296 1.000000
vt 0.896296 0.000000
vt 0.903704 1.000000
vt 0.903704 0.000000
vt 0.911111 1.000000
vt 0.911111 0.000000
vt 0.918519 1.000000
vt 0.918519 0.000000
vt 0.925926 1.000000
vt 0.925926 0.000000
vt 0.933333 1.000000
vt 0.933333 0.000000
vt 0.940741 1.000000
vt 0.940741 0.000000
vt 0.948148 1.000000
vt 0.948148 0.000000
vt 0.955556 1.000000
vt 0.955556 0.000000
vt 0.962963 1.000000
vt 0.962963 0.000000
vt 0.970370 1.000000
vt 0.970370 0.000000
vt 0.977778 1.000000
vt 0.977778 0.000000
vt 0.985185 1.000000
vt 0.985185 0.000000
vt 0.992593 1.000000
vt 0.992593 0.000000
vt 0.013514 1.000000
vt 0.013514 0.000000
vt 0.027027 1.000000
vt 0.027027 0.000000
vt 0.040541 1.000000
vt 0.040541 0.000000
vt 0.054054 1.000000
vt 0.054054 0.000000
vt 0.067568 1.000000
vt 0.067568 0.000000
vt 0.081081 1.000000
vt 0.081081 0.000000
vt 0.094595 1.000000
vt 0.094595 0.000000
vt 0.108108 1.000000
vt 0.108108 0.000000
vt 0.121622 1.000000
vt 0.121622 0.000000
vt 0.135135 1.000000
vt 0.135135 0.000000
vt 0.148649 1.000000
vt 0.148649 0.000000
vt 0.162162 1.000000
vt 0.162162 0.000000
vt 0.175676 1.000000
vt 0.175676 0.000000
vt 0.189189 1.000000
vt 0.189189 0.000000
vt 0.202703 1.000000
vt 0.202703 0.000000
vt 0.216216 1.000000
vt 0.216216 0.000000
vt 0.229730 1.000000
vt 0.229730 0.000000
vt 0.243243 1.000000
vt 0.243243 0.000000
vt 0.256757 1.000000
vt 0.256757 0.000000
vt 0.270270 1.000000
vt 0.270270 0.000000
vt 0.283784 1.000000
vt 0.283784 0.000000
vt 0.297297 1.000000
vt 0.297297 0.000000
vt 0.310811 1.000000
vt 0.310811 0.000000
vt 0.324324 1.000000
vt 0.324324 0.000000
vt 0.337838 1.000000
vt 0.337838 0.000000
vt 0.351351 1.000000
vt 0.351351 0.000000
vt 0.364865 1.000000
vt 0.364865 0.000000
vt 0.378378 1.000000
vt 0.378378 0.000000
vt 0.391892 1.000000
vt 0.391892 0.000000
vt 0.405405 1.000000
vt 0.405405 0.000000
vt 0.418919 1.000000
vt 0.418919 0.000000
vt 0.432432 1.000000
vt 0.432432 0.000000
vt 0.445946 1.000000
vt 0.445946 0.000000
vt 0.459459 1.000000
vt 0.459459 0.000000
vt 0.472973 1.000000
vt 0.472973 0.000000
vt 0.486486 1.000000
vt 0.486486 0.000000
vt 0.513514 1.000000
vt 0.513514 0.000000
vt 0.527027 1.000000
vt 0.527027 0.000000
vt 0.540541 1.000000
vt 0.540541 0.000000
vt 0.554054 1.000000
vt 0.554054 0.000000
vt 0.567568 1.000000
vt 0.567568 0.000000
vt 0.581081 1.000000
vt 0.581081 0.000000
vt 0.594595 1.000000
vt 0.594595 0.000000
vt 0.608108 1.000000
vt 0.608108 0.000000
vt 0.621622 1.000000
vt 0.621622 0.000000
vt 0.635135 1.000000
vt 0.635135 0.000000
vt 0.648649 1.000000
vt 0.648649 0.000000
vt 0.662162 1.000000
vt 0.662162 0.000000
vt 0.675676 1.000000
vt 0.675676 0.000000
vt 0.689189 1.000000
vt 0.689189 0.000000
vt 0.702703 1.000000
vt 0.702703 0.000000
vt 0.716216 1.000000
vt 0.716216 0.000000
vt 0.729730 1.000000
vt 0.729730 0.000000
vt 0.743243 1.000000
vt 0.743243 0.000000
vt 0.756757 1.000000
vt 0.756757 0.000000
vt 0.770270 1.000000
vt 0.770270 0.000000
vt 0.783784 1.000000
vt 0.783784 0.000000
vt 0.797297 1.000000
vt 0.797297 0.000000
vt 0.810811 1.000000
vt 0.810811 0.000000
vt 0.824324 1.000000
vt 0.824324 0.000000
vt 0.837838 1.000000
vt 0.837838 0.000000
vt 0.851351 1.000000
vt 0.851351 0.000000
vt 0.864865 1.000000
vt 0.864865 0.000000
vt 0.878378 1.000000
vt 0.878378 0.000000
vt 0.891892 1.000000
vt 0.891892 0.000000
vt 0.905405 1.000000
vt 0.905405 0.000000
vt 0.918919 1.000000
vt 0.918919 0.000000
vt 0.932432 1.000000
vt 0.932432 0.000000
vt 0.945946 1.000000
vt 0.945946 0.000000
vt 0.959459 1.000000
vt 0.959459 0.000000
vt 0.972973 1.000000
vt 0.972973 0.000000
vt 0.986486 1.000000
vt 0.986486 0.000000
vt 0.020833 1.000000
vt 0.020833 0.000000
vt 0.041667 1.000000
vt 0.041667 0.000000
vt 0.083333 1.000000
vt 0.083333 0.000000
vt 0.104167 1.000000
vt 0.104167 0.000000
vt 0.145833 1.000000
vt 0.145833 0.000000
vt 0.166667 1.000000
vt 0.166667 0.000000
vt 0.208333 1.000000
vt 0.208333 0.000000
vt 0.229167 1.000000
vt 0.229167 0.000000
vt 0.270833 1.000000
vt 0.270833 0.000000
vt 0.291667 1.000000
vt 0.291667 0.000000
vt 0.354167 1.000000
vt 0.354167 0.000000
vt 0.395833 1.000000
vt 0.395833 0.000000
vt 0.416667 1.000000
vt 0.416667 0.000000
vt 0.458333 1.000000
vt 0.458333 0.000000
vt 0.479167 1.000000
vt 0.479167 0.000000
vt 0.520833 1.000000
vt 0.520833 0.000000
vt 0.541667 1.000000
vt 0.541667 0.000000
vt 0.583333 1.000000
vt 0.583333 0.000000
vt 0.604167 1.000000
vt 0.604167 0.000000
vt 0.645833 1.000000
vt 0.645833 0.000000
vt 0.708333 1.000000
vt 0.708333 0.000000
vt 0.729167 1.000000
vt 0.729167 0.000000
vt 0.770833 1.000000
vt 0.770833 0.000000
vt 0.791667 1.000000
vt 0.791667 0.000000
vt 0.833333 1.000000
vt 0.833333 0.000000
vt 0.854167 1.000000
vt 0.854167 0.000000
vt 0.895833 1.000000
vt 0.895833 0.000000
vt 0.916667 1.000000
vt 0.916667 0.000000
vt 0.958333 1.000000
vt 0.958333 0.000000
vt 0.979167 1.000000
vt 0.979167 0.000000
vt 0.007634 1.000000
vt 0.007634 0.000000
vt 0.015267 1.000000
vt 0.015267 0.000000
vt 0.022901 1.000000
vt 0.022901 0.000000
vt 0.030534 1.000000
vt 0.030534 0.000000
vt 0.038168 1.000000
vt 0.038168 0.000000
vt 0.045802 1.000000
vt 0.045802 0.000000
vt 0.053435 1.000000
vt 0.053435 0.000000
vt 0.061069 1.000000
vt 0.061069 0.000000
vt 0.068702 1.000000
vt 0.068702 0.000000
vt 0.076336 1.000000
vt 0.076336 0.000000
vt 0.083969 1.000000
vt 0.083969 0.000000
vt 0.091603 1.000000
vt 0.091603 0.000000
vt 0.099237 1.000000
vt 0.099237 0.000000
vt 0.106870 1.000000
vt 0.106870 0.000000
vt 0.114504 1.000000
vt 0.114504 0.000000
vt 0.122137 1.000000
vt 0.122137 0.000000
vt 0.129771 1.000000
vt 0.129771 0.000000
vt 0.137405 1.000000
vt 0.137405 0.000000
vt 0.145038 1.000000
vt 0.145038 0.000000
vt 0.152672 1.000000
vt 0.152672 0.000000
vt 0.160305 1.000000
vt 0.160305 0.000000
vt 0.167939 1.000000
vt 0.167939 0.000000
vt 0.175573 1.000000
vt 0.175573 0.000000
vt 0.183206 1.000000
vt 0.183206 0.000000
vt 0.190840 1.000000
vt 0.190840 0.000000
vt 0.198473 1.000000
vt 0.198473 0.000000
vt 0.206107 1.000000
vt 0.206107 0.000000
vt 0.213740 1.000000
vt 0.213740 0.000000
vt 0.221374 1.000000
vt 0.221374 0.000000
vt 0.229008 1.000000
vt 0.229008 0.000000
vt 0.236641 1.000000
vt 0.236641 0.000000
vt 0.244275 1.000000
vt 0.244275 0.000000
vt 0.251908 1.000000
vt 0.251908 0.000000
vt 0.259542 1.000000
vt 0.259542 0.000000
vt 0.267176 1.000000
vt 0.267176 0.000000
vt 0.274809 1.000000
vt 0.274809 0.000000
vt 0.282443 1.000000
vt 0.282443 0.000000
vt 0.290076 1.000000
vt 0.290076 0.000000
vt 0.297710 1.000000
vt 0.297710 0.000000
vt 0.305344 1.000000
vt 0.305344 0.000000
vt 0.312977 1.000000
vt 0.312977 0.000000
vt 0.320611 1.000000
vt 0.320611 0.000000
vt 0.328244 1.000000
vt 0.328244 0.000000
vt 0.335878 1.000000
vt 0.335878 0.000000
vt 0.343511 1.000000
vt 0.343511 0.000000
vt 0.351145 1.000000
vt 0.351145 0.000000
vt 0.358779 1.000000
vt 0.358779 0.000000
vt 0.366412 1.000000
vt 0.366412 0.000000
vt 0.374046 1.000000
vt 0.374046 0.000000
vt 0.381679 1.000000
vt 0.381679 0.000000
vt 0.389313 1.000000
vt 0.389313 0.000000
vt 0.396947 1.000000
vt 0.396947 0.000000
vt 0.404580 1.000000
vt 0.404580 0.000000
vt 0.412214 1.000000
vt 0.412214 0.000000
vt 0.419847 1.000000
vt 0.419847 0.000000
vt 0.427481 1.000000
vt 0.427481 0.000000
vt 0.435115 1.000000
vt 0.435115 0.000000
vt 0.442748 1.000000
vt 0.442748 0.000000
vt 0.450382 1.000000
vt 0.450382 0.000000
vt 0.458015 1.000000
vt 0.458015 0.000000
vt 0.465649 1.000000
vt 0.465649 0.000000
vt 0.473282 1.000000
vt 0.473282 0.000000
vt 0.480916 1.000000
vt 0.480916 0.000000
vt 0.488550 1.000000
vt 0.488550 0.000000
vt 0.496183 1.000000
vt 0.496183 0.000000
vt 0.503817 1.000000
vt 0.503817 0.000000
vt 0.511450 1.000000
vt 0.511450 0.000000
vt 0.519084 1.000000
vt 0.519084 0.000000
vt 0.526718 1.000000
vt 0.526718 0.000000
vt 0.534351 1.000000
vt 0.534351 0.000000
vt 0.541985 1.000000
vt 0.541985 0.000000
vt 0.549618 1.000000
vt 0.549618 0.000000
vt 0.557252 1.000000
vt 0.557252 0.000000
vt 0.564885 1.000000
vt 0.564885 0.000000
vt 0.572519 1.000000
vt 0.572519 0.000000
vt 0.580153 1.000000
vt 0.580153 0.000000
vt 0.587786 1.000000
vt 0.587786 0.000000
vt 0.595420 1.000000
vt 0.595420 0.000000
vt 0.603053 1.000000
vt 0.603053 0.000000
vt 0.610687 1.000000
vt 0.610687 0.000000
vt 0.618321 1.000000
vt 0.618321 0.000000
vt 0.625954 1.000000
vt 0.625954 0.000000
vt 0.633588 1.000000
vt 0.633588 0.000000
vt 0.641221 1.000000
vt 0.641221 0.000000
vt 0.648855 1.000000
vt 0.648855 0.000000
vt 0.656489 1.000000
vt 0.656489 0.000000
vt 0.664122 1.000000
vt 0.664122 0.000000
vt 0.671756 1.000000
vt 0.671756 0.000000
vt 0.679389 1.000000
vt 0.679389 0.000000
vt 0.687023 1.000000
vt 0.687023 0.000000
vt 0.694656 1.000000
vt 0.694656 0.000000
vt 0.702290 1.000000
vt 0.702290 0.000000
vt 0.709924 1.000000
vt 0.709924 0.000000
vt 0.717557 1.000000
vt 0.717557 0.000000
vt 0.725191 1.000000
vt 0.725191 0.000000
vt 0.732824 1.000000
vt 0.732824 0.000000
vt 0.740458 1.000000
vt 0.740458 0.000000
vt 0.748092 1.000000
vt 0.748092 0.000000
vt 0.755725 1.000000
vt 0.755725 0.000000
vt 0.763359 1.000000
vt 0.763359 0.000000
vt 0.770992 1.000000
vt 0.770992 0.000000
vt 0.778626 1.000000
vt 0.778626 0.000000
vt 0.786260 1.000000
vt 0.786260 0.000000
vt 0.793893 1.000000
vt 0.793893 0.000000
vt 0.801527 1.000000
vt 0.801527 0.000000
vt 0.809160 1.000000
vt 0.809160 0.000000
vt 0.816794 1.000000
vt 0.816794 0.000000
vt 0.824427 1.000000
vt 0.824427 0.000000
vt 0.832061 1.000000
vt 0.832061 0.000000
vt 0.839695 1.000000
vt 0.839695 0.000000
vt 0.847328 1.000000
vt 0.847328 0.000000
vt 0.854962 1.000000
vt 0.854962 0.000000
vt 0.862595 1.000000
vt 0.862595 0.000000
vt 0.870229 1.000000
vt 0.870229 0.000000
vt 0.877863 1.000000
vt 0.877863 0.000000
vt 0.885496 1.000000
vt 0.885496 0.000000
vt 0.893130 1.000000
vt 0.893130 0.000000
vt 0.900763 1.000000
vt 0.900763 0.000000
vt 0.908397 1.000000
vt 0.908397 0.000000
vt 0.916031 1.000000
vt 0.916031 0.000000
vt 0.923664 1.000000
vt 0.923664 0.000000
vt 0.931298 1.000000
vt 0.931298 0.000000
vt 0.938931 1.000000
vt 0.938931 0.000000
vt 0.946565 1.000000
vt 0.946565 0.000000
vt 0.954198 1.000000
vt 0.954198 0.000000
vt 0.961832 1.000000
vt 0.961832 0.000000
vt 0.969466 1.000000
vt 0.969466 0.000000
vt 0.977099 1.000000
vt 0.977099 0.000000
vt 0.984733 1.000000
vt 0.984733 0.000000
vt 0.992366 1.000000
vt 0.992366 0.000000
vt 0.004386 1.000000
vt 0.004386 0.000000
vt 0.008772 1.000000
vt 0.008772 0.000000
vt 0.013158 1.000000
vt 0.013158 0.000000
vt 0.017544 1.000000
vt 0.017544 0.000000
vt 0.021930 1.000000
vt 0.021930 0.000000
vt 0.026316 1.000000
vt 0.026316 0.000000
vt 0.030702 1.000000
vt 0.030702 0.000000
vt 0.035088 1.000000
vt 0.035088 0.000000
vt 0.039474 1.000000
vt 0.039474 0.000000
vt 0.043860 1.000000
vt 0.043860 0.000000
vt 0.048246 1.000000
vt 0.048246 0.000000
vt 0.052632 1.000000
vt 0.052632 0.000000
vt 0.057018 1.000000
vt 0.057018 0.000000
vt 0.061404 1.000000
vt 0.061404 0.000000
vt 0.065789 1.000000
vt 0.065789 0.000000
vt 0.070175 1.000000
vt 0.070175 0.000000
vt 0.074561 1.000000
vt 0.074561 0.000000
vt 0.078947 1.000000
vt 0.078947 0.000000
vt 0.087719 1.000000
vt 0.087719 0.000000
vt 0.092105 1.000000
vt 0.092105 0.000000
vt 0.096491 1.000000
vt 0.096491 0.000000
vt 0.100877 1.000000
vt 0.100877 0.000000
vt 0.105263 1.000000
vt 0.105263 0.000000
vt 0.109649 1.000000
vt 0.109649 0.000000
vt 0.114035 1.000000
vt 0.114035 0.000000
vt 0.118421 1.000000
vt 0.118421 0.000000
vt 0.122807 1.000000
vt 0.122807 0.000000
vt 0.127193 1.000000
vt 0.127193 0.000000
vt 0.131579 1.000000
vt 0.131579 0.000000
vt 0.135965 1.000000
vt 0.135965 0.000000
vt 0.140351 1.000000
vt 0.140351 0.000000
vt 0.144737 1.000000
vt 0.144737 0.000000
vt 0.149123 1.000000
vt 0.149123 0.000000
vt 0.153509 1.000000
vt 0.153509 0.000000
vt 0.157895 1.000000
vt 0.157895 0.000000
vt 0.162281 1.000000
vt 0.162281 0.000000
vt 0.171053 1.000000
vt 0.171053 0.000000
vt 0.175439 1.000000
vt 0.175439 0.000000
vt 0.179825 1.000000
vt 0.179825 0.000000
vt 0.184211 1.000000
vt 0.184211 0.000000
vt 0.188596 1.000000
vt 0.188596 0.000000
vt 0.192982 1.000000
vt 0.192982 0.000000
vt 0.197368 1.000000
vt 0.197368 0.000000
vt 0.201754 1.000000
vt 0.201754 0.000000
vt 0.206140 1.000000
vt 0.206140 0.000000
vt 0.210526 1.000000
vt 0.210526 0.000000
vt 0.214912 1.000000
vt 0.214912 0.000000
vt 0.219298 1.000000
vt 0.219298 0.000000
vt 0.223684 1.000000
vt 0.223684 0.000000
vt 0.228070 1.000000
vt 0.228070 0.000000
vt 0.232456 1.000000
vt 0.232456 0.000000
vt 0.236842 1.000000
vt 0.236842 0.000000
vt 0.241228 1.000000
vt 0.241228 0.000000
vt 0.245614 1.000000
vt 0.245614 0.000000
vt 0.254386 1.000000
vt 0.254386 0.000000
vt 0.258772 1.000000
vt 0.258772 0.000000
vt 0.263158 1.000000
vt 0.263158 0.000000
vt 0.267544 1.000000
vt 0.267544 0.000000
vt 0.271930 1.000000
vt 0.271930 0.000000
vt 0.276316 1.000000
vt 0.276316 0.000000
vt 0.280702 1.000000
vt 0.280702 0.000000
vt 0.285088 1.000000
vt 0.285088 0.000000
vt 0.289474 1.000000
vt 0.289474 0.000000
vt 0.293860 1.000000
vt 0.293860 0.000000
vt 0.298246 1.000000
vt 0.298246 0.000000
vt 0.302632 1.000000
vt 0.302632 0.000000
vt 0.307018 1.000000
vt 0.307018 0.000000
vt 0.311404 1.000000
vt 0.311404 0.000000
vt 0.315789 1.000000
vt 0.315789 0.000000
vt 0.320175 1.000000
vt 0.320175 0.000000
vt 0.324561 1.000000
vt 0.324561 0.000000
vt 0.328947 1.000000
vt 0.328947 0.000000
vt 0.337719 1.000000
vt 0.337719 0.000000
vt 0.342105 1.000000
vt 0.342105 0.000000
vt 0.346491 1.000000
vt 0.346491 0.000000
vt 0.350877 1.000000
vt 0.350877 0.000000
vt 0.355263 1.000000
vt 0.355263 0.000000
vt 0.359649 1.000000
vt 0.359649 0.000000
vt 0.364035 1.000000
vt 0.364035 0.000000
vt 0.368421 1.000000
vt 0.368421 0.000000
vt 0.372807 1.000000
vt 0.372807 0.000000
vt 0.377193 1.000000
vt 0.377193 0.000000
vt 0.381579 1.000000
vt 0.381579 0.000000
vt 0.385965 1.000000
vt 0.385965 0.000000
vt 0.390351 1.000000
vt 0.390351 0.000000
vt 0.394737 1.000000
vt 0.394737 0.000000
vt 0.399123 1.000000
vt 0.399123 0.000000
vt 0.403509 1.000000
vt 0.403509 0.000000
vt 0.407895 1.000000
vt 0.407895 0.000000
vt 0.412281 1.000000
vt 0.412281 0.000000
vt 0.421053 1.000000
vt 0.421053 0.000000
vt 0.425439 1.000000
vt 0.425439 0.000000
vt 0.429825 1.000000
vt 0.429825 0.000000
vt 0.434211 1.000000
vt 0.434211 0.000000
vt 0.438596 1.000000
vt 0.438596 0.000000
vt 0.442982 1.000000
vt 0.442982 0.000000
vt 0.447368 1.000000
vt 0.447368 0.000000
vt 0.451754 1.000000
vt 0.451754 0.000000
vt 0.456140 1.000000
vt 0.456140 0.000000
vt 0.460526 1.000000
vt 0.460526 0.000000
vt 0.464912 1.000000
vt 0.464912 0.000000
vt 0.469298 1.000000
vt 0.469298 0.000000
vt 0.473684 1.000000
vt 0.473684 0.000000
vt 0.478070 1.000000
vt 0.478070 0.000000
vt 0.482456 1.000000
vt 0.482456 0.000000
vt 0.486842 1.000000
vt 0.486842 0.000000
vt 0.491228 1.000000
vt 0.491228 0.000000
vt 0.495614 1.000000
vt 0.495614 0.000000
vt 0.504386 1.000000
vt 0.504386 0.000000
vt 0.508772 1.000000
vt 0.508772 0.000000
vt 0.513158 1.000000
vt 0.513158 0.000000
vt 0.517544 1.000000
vt 0.517544 0.000000
vt 0.521930 1.000000
vt 0.521930 0.000000
vt 0.526316 1.000000
vt 0.526316 0.000000
vt 0.530702 1.000000
vt 0.530702 0.000000
vt 0.535088 1.000000
vt 0.535088 0.000000
vt 0.539474 1.000000
vt 0.539474 0.000000
vt 0.543860 1.000000
vt 0.543860 0.000000
vt 0.548246 1.000000
vt 0.548246 0.000000
vt 0.552632 1.000000
vt 0.552632 0.000000
vt 0.557018 1.000000
vt 0.557018 0.000000
vt 0.561404 1.000000
vt 0.561404 0.000000
vt 0.565789 1.000000
vt 0.565789 0.000000
vt 0.570175 1.000000
vt 0.570175 0.000000
vt 0.574561 1.000000
vt 0.574561 0.000000
vt 0.578947 1.000000
vt 0.578947 0.000000
vt 0.587719 1.000000
vt 0.587719 0.000000
vt 0.592105 1.000000
vt 0.592105 0.000000
vt 0.596491 1.000000
vt 0.596491 0.000000
vt 0.600877 1.000000
vt 0.600877 0.000000
vt 0.605263 1.000000
vt 0.605263 0.000000
vt 0.609649 1.000000
vt 0.609649 0.000000
vt 0.614035 1.000000
vt 0.614035 0.000000
vt 0.618421 1.000000
vt 0.618421 0.000000
vt 0.622807 1.000000
vt 0.622807 0.000000
vt 0.627193 1.000000
vt 0.627193 0.000000
vt 0.631579 1.000000
vt 0.631579 0.000000
vt 0.635965 1.000000
vt 0.635965 0.000000
vt 0.640351 1.000000
vt 0.640351 0.000000
vt 0.644737 1.000000
vt 0.644737 0.000000
vt 0.649123 1.000000
vt 0.649123 0.000000
vt 0.653509 1.000000
vt 0.653509 0.000000
vt 0.657895 1.000000
vt 0.657895 0.000000
vt 0.662281 1.000000
vt 0.662281 0.000000
vt 0.671053 1.000000
vt 0.671053 0.000000
vt 0.675439 1.000000
vt 0.675439 0.000000
vt 0.679825 1.000000
vt 0.679825 0.000000
vt 0.684211 1.000000
vt 0.684211 0.000000
vt 0.688596 1.000000
vt 0.688596 0.000000
vt 0.692982 1.000000
vt 0.692982 0.000000
vt 0.697368 1.000000
vt 0.697368 0.000000
vt 0.701754 1.000000
vt 0.701754 0.000000
vt 0.706140 1.000000
vt 0.706140 0.000000
vt 0.710526 1.000000
vt 0.710526 0.000000
vt 0.714912 1.000000
vt 0.714912 0.000000
vt 0.719298 1.000000
vt 0.719298 0.000000
vt 0.723684 1.000000
vt 0.723684 0.000000
vt 0.728070 1.000000
vt 0.728070 0.000000
vt 0.732456 1.000000
vt 0.732456 0.000000
vt 0.736842 1.000000
vt 0.736842 0.000000
vt 0.741228 1.000000
vt 0.741228 0.000000
vt 0.745614 1.000000
vt 0.745614 0.000000
vt 0.754386 1.000000
vt 0.754386 0.000000
vt 0.758772 1.000000
vt 0.758772 0.000000
vt 0.763158 1.000000
vt 0.763158 0.000000
vt 0.767544 1.000000
vt 0.767544 0.000000
vt 0.771930 1.000000
vt 0.771930 0.000000
vt 0.776316 1.000000
vt 0.776316 0.000000
vt 0.780702 1.000000
vt 0.780702 0.000000
vt 0.785088 1.000000
vt 0.785088 0.000000
vt 0.789474 1.000000
vt 0.789474 0.000000
vt 0.793860 1.000000
vt 0.793860 0.000000
vt 0.798246 1.000000
vt 0.798246 0.000000
vt 0.802632 1.000000
vt 0.802632 0.000000
vt 0.807018 1.000000
vt 0.807018 0.000000
vt 0.811404 1.000000
vt 0.811404 0.000000
vt 0.815789 1.000000
vt 0.815789 0.000000
vt 0.820175 1.000000
vt 0.820175 0.000000
vt 0.824561 1.000000
vt 0.824561 0.000000
vt 0.828947 1.000000
vt 0.828947 0.000000
vt 0.837719 1.000000
vt 0.837719 0.000000
vt 0.842105 1.000000
vt 0.842105 0.000000
vt 0.846491 1.000000
vt 0.846491 0.000000
vt 0.850877 1.000000
vt 0.850877 0.000000
vt 0.855263 1.000000
vt 0.855263 0.000000
vt 0.859649 1.000000
vt 0.859649 0.000000
vt 0.864035 1.000000
vt 0.864035 0.000000
vt 0.868421 1.000000
vt 0.868421 0.000000
vt 0.872807 1.000000
vt 0.872807 0.000000
vt 0.877193 1.000000
vt 0.877193 0.000000
vt 0.881579 1.000000
vt 0.881579 0.000000
vt 0.885965 1.000000
vt 0.885965 0.000000
vt 0.890351 1.000000
vt 0.890351 0.000000
vt 0.894737 1.000000
vt 0.894737 0.000000
vt 0.899123 1.000000
vt 0.899123 0.000000
vt 0.903509 1.000000
vt 0.903509 0.000000
vt 0.907895 1.000000
vt 0.907895 0.000000
vt 0.912281 1.000000
vt 0.912281 0.000000
vt 0.921053 1.000000
vt 0.921053 0.000000
vt 0.925439 1.000000
vt 0.925439 0.000000
vt 0.929825 1.000000
vt 0.929825 0.000000
vt 0.934211 1.000000
vt 0.934211 0.000000
vt 0.938596 1.000000
vt 0.938596 0.000000
vt 0.942982 1.000000
vt 0.942982 0.000000
vt 0.947368 1.000000
vt 0.947368 0.000000
vt 0.951754 1.000000
vt 0.951754 0.000000
vt 0.956140 1.000000
vt 0.956140 0.000000
vt 0.960526 1.000000
vt 0.960526 0.000000
vt 0.964912 1.000000
vt 0.964912 0.000000
vt 0.969298 1.000000
vt 0.969298 0.000000
vt 0.973684 1.000000
vt 0.973684 0.000000
vt 0.978070 1.000000
vt 0.978070 0.000000
vt 0.982456 1.000000
vt 0.982456 0.000000
vt 0.986842 1.000000
vt 0.986842 0.000000
vt 0.991228 1.000000
vt 0.991228 0.000000
vt 0.995614 1.000000
vt 0.995614 0.000000
vt 0.008130 1.000000
vt 0.008130 0.000000
vt 0.016260 1.000000
vt 0.016260 0.000000
vt 0.024390 1.000000
vt 0.024390 0.000000
vt 0.032520 1.000000
vt 0.032520 0.000000
vt 0.040650 1.000000
vt 0.040650 0.000000
vt 0.048780 1.000000
vt 0.048780 0.000000
vt 0.056911 1.000000
vt 0.056911 0.000000
vt 0.065041 1.000000
vt 0.065041 0.000000
vt 0.073171 1.000000
vt 0.073171 0.000000
vt 0.081301 1.000000
vt 0.081301 0.000000
vt 0.089431 1.000000
vt 0.089431 0.000000
vt 0.097561 1.000000
vt 0.097561 0.000000
vt 0.105691 1.000000
vt 0.105691 0.000000
vt 0.113821 1.000000
vt 0.113821 0.000000
vt 0.121951 1.000000
vt 0.121951 0.000000
vt 0.130081 1.000000
vt 0.130081 0.000000
vt 0.138211 1.000000
vt 0.138211 0.000000
vt 0.146341 1.000000
vt 0.146341 0.000000
vt 0.154472 1.000000
vt 0.154472 0.000000
vt 0.162602 1.000000
vt 0.162602 0.000000
vt 0.170732 1.000000
vt 0.170732 0.000000
vt 0.178862 1.000000
vt 0.178862 0.000000
vt 0.186992 1.000000
vt 0.186992 0.000000
vt 0.195122 1.000000
vt 0.195122 0.000000
vt 0.203252 1.000000
vt 0.203252 0.000000
vt 0.211382 1.000000
vt 0.211382 0.000000
vt 0.219512 1.000000
vt 0.219512 0.000000
vt 0.227642 1.000000
vt 0.227642 0.000000
vt 0.235772 1.000000
vt 0.235772 0.000000
vt 0.243902 1.000000
vt 0.243902 0.000000
vt 0.252033 1.000000
vt 0.252033 0.000000
vt 0.260163 1.000000
vt 0.260163 0.000000
vt 0.268293 1.000000
vt 0.268293 0.000000
vt 0.276423 1.000000
vt 0.276423 0.000000
vt 0.284553 1.000000
vt 0.284553 0.000000
vt 0.292683 1.000000
vt 0.292683 0.000000
vt 0.300813 1.000000
vt 0.300813 0.000000
vt 0.308943 1.000000
vt 0.308943 0.000000
vt 0.317073 1.000000
vt 0.317073 0.000000
vt 0.325203 1.000000
vt 0.325203 0.000000
vt 0.341463 1.000000
vt 0.341463 0.000000
vt 0.349593 1.000000
vt 0.349593 0.000000
vt 0.357724 1.000000
vt 0.357724 0.000000
vt 0.365854 1.000000
vt 0.365854 0.000000
vt 0.373984 1.000000
vt 0.373984 0.000000
vt 0.382114 1.000000
vt 0.382114 0.000000
vt 0.390244 1.000000
vt 0.390244 0.000000
vt 0.398374 1.000000
vt 0.398374 0.000000
vt 0.406504 1.000000
vt 0.406504 0.000000
vt 0.414634 1.000000
vt 0.414634 0.000000
vt 0.422764 1.000000
vt 0.422764 0.000000
vt 0.430894 1.000000
vt 0.430894 0.000000
vt 0.439024 1.000000
vt 0.439024 0.000000
vt 0.447154 1.000000
vt 0.447154 0.000000
vt 0.455285 1.000000
vt 0.455285 0.000000
vt 0.463415 1.000000
vt 0.463415 0.000000
vt 0.471545 1.000000
vt 0.471545 0.000000
vt 0.479675 1.000000
vt 0.479675 0.000000
vt 0.487805 1.000000
vt 0.487805 0.000000
vt 0.495935 1.000000
vt 0.495935 0.000000
vt 0.504065 1.000000
vt 0.504065 0.000000
vt 0.512195 1.000000
vt 0.512195 0.000000
vt 0.520325 1.000000
vt 0.520325 0.000000
vt 0.528455 1.000000
vt 0.528455 0.000000
vt 0.536585 1.000000
vt 0.536585 0.000000
vt 0.544715 1.000000
vt 0.544715 0.000000
vt 0.552846 1.000000
vt 0.552846 0.000000
vt 0.560976 1.000000
vt 0.560976 0.000000
vt 0.569106 1.000000
vt 0.569106 0.000000
vt 0.577236 1.000000
vt 0.577236 0.000000
vt 0.585366 1.000000
vt 0.585366 0.000000
vt 0.593496 1.000000
vt 0.593496 0.000000
vt 0.601626 1.000000
vt 0.601626 0.000000
vt 0.609756 1.000000
vt 0.609756 0.000000
vt 0.617886 1.000000
vt 0.617886 0.000000
vt 0.626016 1.000000
vt 0.626016 0.000000
vt 0.634146 1.000000
vt 0.634146 0.000000
vt 0.642276 1.000000
vt 0.642276 0.000000
vt 0.650406 1.000000
vt 0.650406 0.000000
vt 0.658537 1.000000
vt 0.658537 0.000000
vt 0.674797 1.000000
vt 0.674797 0.000000
vt 0.682927 1.000000
vt 0.682927 0.000000
vt 0.691057 1.000000
vt 0.691057 0.000000
vt 0.699187 1.000000
vt 0.699187 0.000000
vt 0.707317 1.000000
vt 0.707317 0.000000
vt 0.715447 1.000000
vt 0.715447 0.000000
vt 0.723577 1.000000
vt 0.723577 0.000000
vt 0.731707 1.000000
vt 0.731707 0.000000
vt 0.739837 1.000000
vt 0.739837 0.000000
vt 0.747967 1.000000
vt 0.747967 0.000000
vt 0.756098 1.000000
vt 0.756098 0.000000
vt 0.764228 1.000000
vt 0.764228 0.000000
vt 0.772358 1.000000
vt 0.772358 0.000000
vt 0.780488 1.000000
vt 0.780488 0.000000
vt 0.788618 1.000000
vt 0.788618 0.000000
vt 0.796748 1.000000
vt 0.796748 0.000000
vt 0.804878 1.000000
vt 0.804878 0.000000
vt 0.813008 1.000000
vt 0.813008 0.000000
vt 0.821138 1.000000
vt 0.821138 0.000000
vt 0.829268 1.000000
vt 0.829268 0.000000
vt 0.837398 1.000000
vt 0.837398 0.000000
vt 0.845528 1.000000
vt 0.845528 0.000000
vt 0.853659 1.000000
vt 0.853659 0.000000
vt 0.861789 1.000000
vt 0.861789 0.000000
vt 0.869919 1.000000
vt 0.869919 0.000000
vt 0.878049 1.000000
vt 0.878049 0.000000
vt 0.886179 1.000000
vt 0.886179 0.000000
vt 0.894309 1.000000
vt 0.894309 0.000000
vt 0.902439 1.000000
vt 0.902439 0.000000
vt 0.910569 1.000000
vt 0.910569 0.000000
vt 0.918699 1.000000
vt 0.918699 0.000000
vt 0.926829 1.000000
vt 0.926829 0.000000
vt 0.934959 1.000000
vt 0.934959 0.000000
vt 0.943089 1.000000
vt 0.943089 0.000000
vt 0.951219 1.000000
vt 0.951219 0.000000
vt 0.959350 1.000000
vt 0.959350 0.000000
vt 0.967480 1.000000
vt 0.967480 0.000000
vt 0.975610 1.000000
vt 0.975610 0.000000
vt 0.983740 1.000000
vt 0.983740 0.000000
vt 0.991870 1.000000
vt 0.991870 0.000000
vt 0.038462 1.000000
vt 0.076923 1.000000
vt 0.115385 1.000000
vt 0.153846 1.000000
vt 0.192308 1.000000
vt 0.230769 1.000000
vt 0.269231 1.000000
vt 0.307692 1.000000
vt 0.346154 1.000000
vt 0.384615 1.000000
vt 0.423077 1.000000
vt 0.461538 1.000000
vt 0.538462 1.000000
vt 0.576923 1.000000
vt 0.615385 1.000000
vt 0.653846 1.000000
vt 0.692308 1.000000
vt 0.730769 1.000000
vt 0.769231 1.000000
vt 0.807692 1.000000
vt 0.846154 1.000000
vt 0.884615 1.000000
vt 0.923077 1.000000
vt 0.961538 1.000000
vt 0.020408 1.000000
vt 0.040816 1.000000
vt 0.061224 1.000000
vt 0.081633 1.000000
vt 0.102041 1.000000
vt 0.122449 1.000000
vt 0.163265 1.000000
vt 0.183673 1.000000
vt 0.204082 1.000000
vt 0.224490 1.000000
vt 0.244898 1.000000
vt 0.265306 1.000000
vt 0.306122 1.000000
vt 0.326531 1.000000
vt 0.346939 1.000000
vt 0.367347 1.000000
vt 0.387755 1.000000
vt 0.408163 1.000000
vt 0.448980 1.000000
vt 0.469388 1.000000
vt 0.489796 1.000000
vt 0.510204 1.000000
vt 0.530612 1.000000
vt 0.551020 1.000000
vt 0.591837 1.000000
vt 0.612245 1.000000
vt 0.632653 1.000000
vt 0.653061 1.000000
vt 0.673469 1.000000
vt 0.693878 1.000000
vt 0.734694 1.000000
vt 0.755102 1.000000
vt 0.775510 1.000000
vt 0.795918 1.000000
vt 0.816327 1.000000
vt 0.836735 1.000000
vt 0.877551 1.000000
vt 0.897959 1.000000
vt 0.918367 1.000000
vt 0.938776 1.000000
vt 0.959184 1.000000
vt 0.979592 1.000000
vt 0.005319 1.000000
vt 0.005319 0.000000
vt 0.010638 1.000000
vt 0.010638 0.000000
vt 0.015957 1.000000
vt 0.015957 0.000000
vt 0.021277 1.000000
vt 0.021277 0.000000
vt 0.026596 1.000000
vt 0.026596 0.000000
vt 0.031915 1.000000
vt 0.031915 0.000000
vt 0.037234 1.000000
vt 0.037234 0.000000
vt 0.042553 1.000000
vt 0.042553 0.000000
vt 0.047872 1.000000
vt 0.047872 0.000000
vt 0.053191 1.000000
vt 0.053191 0.000000
vt 0.058511 1.000000
vt 0.058511 0.000000
vt 0.063830 1.000000
vt 0.063830 0.000000
vt 0.069149 1.000000
vt 0.069149 0.000000
vt 0.074468 1.000000
vt 0.074468 0.000000
vt 0.079787 1.000000
vt 0.079787 0.000000
vt 0.085106 1.000000
vt 0.085106 0.000000
vt 0.090426 1.000000
vt 0.090426 0.000000
vt 0.095745 1.000000
vt 0.095745 0.000000
vt 0.101064 1.000000
vt 0.101064 0.000000
vt 0.106383 1.000000
vt 0.106383 0.000000
vt 0.111702 1.000000
vt 0.111702 0.000000
vt 0.117021 1.000000
vt 0.117021 0.000000
vt 0.122340 1.000000
vt 0.122340 0.000000
vt 0.127660 1.000000
vt 0.127660 0.000000
vt 0.132979 1.000000
vt 0.132979 0.000000
vt 0.138298 1.000000
vt 0.138298 0.000000
vt 0.143617 1.000000
vt 0.143617 0.000000
vt 0.148936 1.000000
vt 0.148936 0.000000
vt 0.154255 1.000000
vt 0.154255 0.000000
vt 0.159574 1.000000
vt 0.159574 0.000000
vt 0.164894 1.000000
vt 0.164894 0.000000
vt 0.170213 1.000000
vt 0.170213 0.000000
vt 0.175532 1.000000
vt 0.175532 0.000000
vt 0.180851 1.000000
vt 0.180851 0.000000
vt 0.186170 1.000000
vt 0.186170 0.000000
vt 0.191489 1.000000
vt 0.191489 0.000000
vt 0.196809 1.000000
vt 0.196809 0.000000
vt 0.202128 1.000000
vt 0.202128 0.000000
vt 0.207447 1.000000
vt 0.207447 0.000000
vt 0.212766 1.000000
vt 0.212766 0.000000
vt 0.218085 1.000000
vt 0.218085 0.000000
vt 0.223404 1.000000
vt 0.223404 0.000000
vt 0.228723 1.000000
vt 0.228723 0.000000
vt 0.234043 1.000000
vt 0.234043 0.000000
vt 0.239362 1.000000
vt 0.239362 0.000000
vt 0.244681 1.000000
vt 0.244681 0.000000
vt 0.255319 1.000000
vt 0.255319 0.000000
vt 0.260638 1.000000
vt 0.260638 0.000000
vt 0.265957 1.000000
vt 0.265957 0.000000
vt 0.271277 1.000000
vt 0.271277 0.000000
vt 0.276596 1.000000
vt 0.276596 0.000000
vt 0.281915 1.000000
vt 0.281915 0.000000
vt 0.287234 1.000000
vt 0.287234 0.000000
vt 0.292553 1.000000
vt 0.292553 0.000000
vt 0.297872 1.000000
vt 0.297872 0.000000
vt 0.303191 1.000000
vt 0.303191 0.000000
vt 0.308511 1.000000
vt 0.308511 0.000000
vt 0.313830 1.000000
vt 0.313830 0.000000
vt 0.319149 1.000000
vt 0.319149 0.000000
vt 0.324468 1.000000
vt 0.324468 0.000000
vt 0.329787 1.000000
vt 0.329787 0.000000
vt 0.335106 1.000000
vt 0.335106 0.000000
vt 0.340426 1.000000
vt 0.340426 0.000000
vt 0.345745 1.000000
vt 0.345745 0.000000
vt 0.351064 1.000000
vt 0.351064 0.000000
vt 0.356383 1.000000
vt 0.356383 0.000000
vt 0.361702 1.000000
vt 0.361702 0.000000
vt 0.367021 1.000000
vt 0.367021 0.000000
vt 0.372340 1.000000
vt 0.372340 0.000000
vt 0.377660 1.000000
vt 0.377660 0.000000
vt 0.382979 1.000000
vt 0.382979 0.000000
vt 0.388298 1.000000
vt 0.388298 0.000000
vt 0.393617 1.000000
vt 0.393617 0.000000
vt 0.398936 1.000000
vt 0.398936 0.000000
vt 0.404255 1.000000
vt 0.404255 0.000000
vt 0.409574 1.000000
vt 0.409574 0.000000
vt 0.414894 1.000000
vt 0.414894 0.000000
vt 0.420213 1.000000
vt 0.420213 0.000000
vt 0.425532 1.000000
vt 0.425532 0.000000
vt 0.430851 1.000000
vt 0.430851 0.000000
vt 0.436170 1.000000
vt 0.436170 0.000000
vt 0.441489 1.000000
vt 0.441489 0.000000
vt 0.446809 1.000000
vt 0.446809 0.000000
vt 0.452128 1.000000
vt 0.452128 0.000000
vt 0.457447 1.000000
vt 0.457447 0.000000
vt 0.462766 1.000000
vt 0.462766 0.000000
vt 0.468085 1.000000
vt 0.468085 0.000000
vt 0.473404 1.000000
vt 0.473404 0.000000
vt 0.478723 1.000000
vt 0.478723 0.000000
vt 0.484043 1.000000
vt 0.484043 0.000000
vt 0.489362 1.000000
vt 0.489362 0.000000
vt 0.494681 1.000000
vt 0.494681 0.000000
vt 0.505319 1.000000
vt 0.505319 0.000000
vt 0.510638 1.000000
vt 0.510638 0.000000
vt 0.515957 1.000000
vt 0.515957 0.000000
vt 0.521277 1.000000
vt 0.521277 0.000000
vt 0.526596 1.000000
vt 0.526596 0.000000
vt 0.531915 1.000000
vt 0.531915 0.000000
vt 0.537234 1.000000
vt 0.537234 0.000000
vt 0.542553 1.000000
vt 0.542553 0.000000
vt 0.547872 1.000000
vt 0.547872 0.000000
vt 0.553191 1.000000
vt 0.553191 0.000000
vt 0.558511 1.000000
vt 0.558511 0.000000
vt 0.563830 1.000000
vt 0.563830 0.000000
vt 0.569149 1.000000
vt 0.569149 0.000000
vt 0.574468 1.000000
vt 0.574468 0.000000
vt 0.579787 1.000000
vt 0.579787 0.000000
vt 0.585106 1.000000
vt 0.585106 0.000000
vt 0.590426 1.000000
vt 0.590426 0.000000
vt 0.595745 1.000000
vt 0.595745 0.000000
vt 0.601064 1.000000
vt 0.601064 0.000000
vt 0.606383 1.000000
vt 0.606383 0.000000
vt 0.611702 1.000000
vt 0.611702 0.000000
vt 0.617021 1.000000
vt 0.617021 0.000000
vt 0.622340 1.000000
vt 0.622340 0.000000
vt 0.627660 1.000000
vt 0.627660 0.000000
vt 0.632979 1.000000
vt 0.632979 0.000000
vt 0.638298 1.000000
vt 0.638298 0.000000
vt 0.643617 1.000000
vt 0.643617 0.000000
vt 0.648936 1.000000
vt 0.648936 0.000000
vt 0.654255 1.000000
vt 0.654255 0.000000
vt 0.659574 1.000000
vt 0.659574 0.000000
vt 0.664894 1.000000
vt 0.664894 0.000000
vt 0.670213 1.000000
vt 0.670213 0.000000
vt 0.675532 1.000000
vt 0.675532 0.000000
vt 0.680851 1.000000
vt 0.680851 0.000000
vt 0.686170 1.000000
vt 0.686170 0.000000
vt 0.691489 1.000000
vt 0.691489 0.000000
vt 0.696809 1.000000
vt 0.696809 0.000000
vt 0.702128 1.000000
vt 0.702128 0.000000
vt 0.707447 1.000000
vt 0.707447 0.000000
vt 0.712766 1.000000
vt 0.712766 0.000000
vt 0.718085 1.000000
vt 0.718085 0.000000
vt 0.723404 1.000000
vt 0.723404 0.000000
vt 0.728723 1.000000
vt 0.728723 0.000000
vt 0.734043 1.000000
vt 0.734043 0.000000
vt 0.739362 1.000000
vt 0.739362 0.000000
vt 0.744681 1.000000
vt 0.744681 0.000000
vt 0.755319 1.000000
vt 0.755319 0.000000
vt 0.760638 1.000000
vt 0.760638 0.000000
vt 0.765957 1.000000
vt 0.765957 0.000000
vt 0.771277 1.000000
vt 0.771277 0.000000
vt 0.776596 1.000000
vt 0.776596 0.000000
vt 0.781915 1.000000
vt 0.781915 0.000000
vt 0.787234 1.000000
vt 0.787234 0.000000
vt 0.792553 1.000000
vt 0.792553 0.000000
vt 0.797872 1.000000
vt 0.797872 0.000000
vt 0.803191 1.000000
vt 0.803191 0.000000
vt 0.808511 1.000000
vt 0.808511 0.000000
vt 0.813830 1.000000
vt 0.813830 0.000000
vt 0.819149 1.000000
vt 0.819149 0.000000
vt 0.824468 1.000000
vt 0.824468 0.000000
vt 0.829787 1.000000
vt 0.829787 0.000000
vt 0.835106 1.000000
vt 0.835106 0.000000
vt 0.840426 1.000000
vt 0.840426 0.000000
vt 0.845745 1.000000
vt 0.845745 0.000000
vt 0.851064 1.000000
vt 0.851064 0.000000
vt 0.856383 1.000000
vt 0.856383 0.000000
vt 0.861702 1.000000
vt 0.861702 0.000000
vt 0.867021 1.000000
vt 0.867021 0.000000
vt 0.872340 1.000000
vt 0.872340 0.000000
vt 0.877660 1.000000
vt 0.877660 0.000000
vt 0.882979 1.000000
vt 0.882979 0.000000
vt 0.888298 1.000000
vt 0.888298 0.000000
vt 0.893617 1.000000
vt 0.893617 0.000000
vt 0.898936 1.000000
vt 0.898936 0.000000
vt 0.904255 1.000000
vt 0.904255 0.000000
vt 0.909574 1.000000
vt 0.909574 0.000000
vt 0.914894 1.000000
vt 0.914894 0.000000
vt 0.920213 1.000000
vt 0.920213 0.000000
vt 0.925532 1.000000
vt 0.925532 0.000000
vt 0.930851 1.000000
vt 0.930851 0.000000
vt 0.936170 1.000000
vt 0.936170 0.000000
vt 0.941489 1.000000
vt 0.941489 0.000000
vt 0.946809 1.000000
vt 0.946809 0.000000
vt 0.952128 1.000000
vt 0.952128 0.000000
vt 0.957447 1.000000
vt 0.957447 0.000000
vt 0.962766 1.000000
vt 0.962766 0.000000
vt 0.968085 1.000000
vt 0.968085 0.000000
vt 0.973404 1.000000
vt 0.973404 0.000000
vt 0.978723 1.000000
vt 0.978723 0.000000
vt 0.984043 1.000000
vt 0.984043 0.000000
vt 0.989362 1.000000
vt 0.989362 0.000000
vt 0.994681 1.000000
vt 0.994681 0.000000
vt 0.006993 1.000000
vt 0.006993 0.000000
vt 0.013986 1.000000
vt 0.013986 0.000000
vt 0.020979 1.000000
vt 0.020979 0.000000
vt 0.027972 1.000000
vt 0.027972 0.000000
vt 0.034965 1.000000
vt 0.034965 0.000000
vt 0.041958 1.000000
vt 0.041958 0.000000
vt 0.048951 1.000000
vt 0.048951 0.000000
vt 0.055944 1.000000
vt 0.055944 0.000000
vt 0.062937 1.000000
vt 0.062937 0.000000
vt 0.069930 1.000000
vt 0.069930 0.000000
vt 0.083916 1.000000
vt 0.083916 0.000000
vt 0.090909 1.000000
vt 0.097902 1.000000
vt 0.097902 0.000000
vt 0.104895 1.000000
vt 0.104895 0.000000
vt 0.111888 1.000000
vt 0.111888 0.000000
vt 0.118881 1.000000
vt 0.118881 0.000000
vt 0.125874 1.000000
vt 0.125874 0.000000
vt 0.132867 1.000000
vt 0.132867 0.000000
vt 0.139860 1.000000
vt 0.139860 0.000000
vt 0.146853 1.000000
vt 0.146853 0.000000
vt 0.160839 1.000000
vt 0.160839 0.000000
vt 0.167832 1.000000
vt 0.167832 0.000000
vt 0.174825 1.000000
vt 0.174825 0.000000
vt 0.181818 1.000000
vt 0.188811 1.000000
vt 0.188811 0.000000
vt 0.195804 1.000000
vt 0.195804 0.000000
vt 0.202797 1.000000
vt 0.202797 0.000000
vt 0.209790 1.000000
vt 0.209790 0.000000
vt 0.216783 1.000000
vt 0.216783 0.000000
vt 0.223776 1.000000
vt 0.223776 0.000000
vt 0.237762 1.000000
vt 0.237762 0.000000
vt 0.244755 1.000000
vt 0.244755 0.000000
vt 0.251748 1.000000
vt 0.251748 0.000000
vt 0.258741 1.000000
vt 0.258741 0.000000
vt 0.265734 1.000000
vt 0.265734 0.000000
vt 0.272727 1.000000
vt 0.279720 1.000000
vt 0.279720 0.000000
vt 0.286713 1.000000
vt 0.286713 0.000000
vt 0.293706 1.000000
vt 0.293706 0.000000
vt 0.300699 1.000000
vt 0.300699 0.000000
vt 0.314685 1.000000
vt 0.314685 0.000000
vt 0.321678 1.000000
vt 0.321678 0.000000
vt 0.328671 1.000000
vt 0.328671 0.000000
vt 0.335664 1.000000
vt 0.335664 0.000000
vt 0.342657 1.000000
vt 0.342657 0.000000
vt 0.349650 1.000000
vt 0.349650 0.000000
vt 0.356643 1.000000
vt 0.356643 0.000000
vt 0.363636 1.000000
vt 0.370629 1.000000
vt 0.370629 0.000000
vt 0.377622 1.000000
vt 0.377622 0.000000
vt 0.391608 1.000000
vt 0.391608 0.000000
vt 0.398601 1.000000
vt 0.398601 0.000000
vt 0.405594 1.000000
vt 0.405594 0.000000
vt 0.412587 1.000000
vt 0.412587 0.000000
vt 0.419580 1.000000
vt 0.419580 0.000000
vt 0.426573 1.000000
vt 0.426573 0.000000
vt 0.433566 1.000000
vt 0.433566 0.000000
vt 0.440559 1.000000
vt 0.440559 0.000000
vt 0.447552 1.000000
vt 0.447552 0.000000
vt 0.454545 1.000000
vt 0.468531 1.000000
vt 0.468531 0.000000
vt 0.475524 1.000000
vt 0.475524 0.000000
vt 0.482517 1.000000
vt 0.482517 0.000000
vt 0.489510 1.000000
vt 0.489510 0.000000
vt 0.496504 1.000000
vt 0.496504 0.000000
vt 0.503497 1.000000
vt 0.503497 0.000000
vt 0.510490 1.000000
vt 0.510490 0.000000
vt 0.517483 1.000000
vt 0.517483 0.000000
vt 0.524476 1.000000
vt 0.524476 0.000000
vt 0.531469 1.000000
vt 0.531469 0.000000
vt 0.545455 1.000000
vt 0.552448 1.000000
vt 0.552448 0.000000
vt 0.559441 1.000000
vt 0.559441 0.000000
vt 0.566434 1.000000
vt 0.566434 0.000000
vt 0.573427 1.000000
vt 0.573427 0.000000
vt 0.580420 1.000000
vt 0.580420 0.000000
vt 0.587413 1.000000
vt 0.587413 0.000000
vt 0.594406 1.000000
vt 0.594406 0.000000
vt 0.601399 1.000000
vt 0.601399 0.000000
vt 0.608392 1.000000
vt 0.608392 0.000000
vt 0.622378 1.000000
vt 0.622378 0.000000
vt 0.629371 1.000000
vt 0.629371 0.000000
vt 0.636364 1.000000
vt 0.643357 1.000000
vt 0.643357 0.000000
vt 0.650350 1.000000
vt 0.650350 0.000000
vt 0.657343 1.000000
vt 0.657343 0.000000
vt 0.664336 1.000000
vt 0.664336 0.000000
vt 0.671329 1.000000
vt 0.671329 0.000000
vt 0.678322 1.000000
vt 0.678322 0.000000
vt 0.685315 1.000000
vt 0.685315 0.000000
vt 0.699301 1.000000
vt 0.699301 0.000000
vt 0.706294 1.000000
vt 0.706294 0.000000
vt 0.713287 1.000000
vt 0.713287 0.000000
vt 0.720280 1.000000
vt 0.720280 0.000000
vt 0.727273 1.000000
vt 0.734266 1.000000
vt 0.734266 0.000000
vt 0.741259 1.000000
vt 0.741259 0.000000
vt 0.748252 1.000000
vt 0.748252 0.000000
vt 0.755245 1.000000
vt 0.755245 0.000000
vt 0.762238 1.000000
vt 0.762238 0.000000
vt 0.776224 1.000000
vt 0.776224 0.000000
vt 0.783217 1.000000
vt 0.783217 0.000000
vt 0.790210 1.000000
vt 0.790210 0.000000
vt 0.797203 1.000000
vt 0.797203 0.000000
vt 0.804196 1.000000
vt 0.804196 0.000000
vt 0.811189 1.000000
vt 0.811189 0.000000
vt 0.818182 1.000000
vt 0.825175 1.000000
vt 0.825175 0.000000
vt 0.832168 1.000000
vt 0.832168 0.000000
vt 0.839161 1.000000
vt 0.839161 0.000000
vt 0.853147 1.000000
vt 0.853147 0.000000
vt 0.860140 1.000000
vt 0.860140 0.000000
vt 0.867133 1.000000
vt 0.867133 0.000000
vt 0.874126 1.000000
vt 0.874126 0.000000
vt 0.881119 1.000000
vt 0.881119 0.000000
vt 0.888112 1.000000
vt 0.888112 0.000000
vt 0.895105 1.000000
vt 0.895105 0.000000
vt 0.902098 1.000000
vt 0.902098 0.000000
vt 0.909091 1.000000
vt 0.916084 1.000000
vt 0.916084 0.000000
vt 0.930070 1.000000
vt 0.930070 0.000000
vt 0.937063 1.000000
vt 0.937063 0.000000
vt 0.944056 1.000000
vt 0.944056 0.000000
vt 0.951049 1.000000
vt 0.951049 0.000000
vt 0.958042 1.000000
vt 0.958042 0.000000
vt 0.965035 1.000000
vt 0.965035 0.000000
vt 0.972028 1.000000
vt 0.972028 0.000000
vt 0.979021 1.000000
vt 0.979021 0.000000
vt 0.986014 1.000000
vt 0.986014 0.000000
vt 0.993007 1.000000
vt 0.993007 0.000000
vt 0.006173 1.000000
vt 0.006173 0.000000
vt 0.012346 1.000000
vt 0.012346 0.000000
vt 0.018519 1.000000
vt 0.018519 0.000000
vt 0.024691 1.000000
vt 0.024691 0.000000
vt 0.030864 1.000000
vt 0.030864 0.000000
vt 0.043210 1.000000
vt 0.043210 0.000000
vt 0.049383 1.000000
vt 0.049383 0.000000
vt 0.055556 1.000000
vt 0.055556 0.000000
vt 0.061728 1.000000
vt 0.061728 0.000000
vt 0.067901 1.000000
vt 0.067901 0.000000
vt 0.080247 1.000000
vt 0.080247 0.000000
vt 0.086420 1.000000
vt 0.086420 0.000000
vt 0.092593 1.000000
vt 0.092593 0.000000
vt 0.098765 1.000000
vt 0.098765 0.000000
vt 0.104938 1.000000
vt 0.104938 0.000000
vt 0.117284 1.000000
vt 0.117284 0.000000
vt 0.123457 1.000000
vt 0.123457 0.000000
vt 0.129630 1.000000
vt 0.129630 0.000000
vt 0.135802 1.000000
vt 0.135802 0.000000
vt 0.141975 1.000000
vt 0.141975 0.000000
vt 0.154321 1.000000
vt 0.154321 0.000000
vt 0.160494 1.000000
vt 0.160494 0.000000
vt 0.172840 1.000000
vt 0.172840 0.000000
vt 0.179012 1.000000
vt 0.179012 0.000000
vt 0.191358 1.000000
vt 0.191358 0.000000
vt 0.197531 1.000000
vt 0.197531 0.000000
vt 0.203704 1.000000
vt 0.203704 0.000000
vt 0.209877 1.000000
vt 0.209877 0.000000
vt 0.216049 1.000000
vt 0.216049 0.000000
vt 0.228395 1.000000
vt 0.228395 0.000000
vt 0.234568 1.000000
vt 0.234568 0.000000
vt 0.240741 1.000000
vt 0.240741 0.000000
vt 0.246914 1.000000
vt 0.246914 0.000000
vt 0.253086 1.000000
vt 0.253086 0.000000
vt 0.265432 1.000000
vt 0.265432 0.000000
vt 0.271605 1.000000
vt 0.271605 0.000000
vt 0.277778 1.000000
vt 0.277778 0.000000
vt 0.283951 1.000000
vt 0.283951 0.000000
vt 0.290123 1.000000
vt 0.290123 0.000000
vt 0.302469 1.000000
vt 0.302469 0.000000
vt 0.308642 1.000000
vt 0.308642 0.000000
vt 0.314815 1.000000
vt 0.314815 0.000000
vt 0.320988 1.000000
vt 0.320988 0.000000
vt 0.327161 1.000000
vt 0.327161 0.000000
vt 0.339506 1.000000
vt 0.339506 0.000000
vt 0.345679 1.000000
vt 0.345679 0.000000
vt 0.351852 1.000000
vt 0.351852 0.000000
vt 0.358025 1.000000
vt 0.358025 0.000000
vt 0.364198 1.000000
vt 0.364198 0.000000
vt 0.376543 1.000000
vt 0.376543 0.000000
vt 0.382716 1.000000
vt 0.382716 0.000000
vt 0.388889 1.000000
vt 0.388889 0.000000
vt 0.395062 1.000000
vt 0.395062 0.000000
vt 0.401235 1.000000
vt 0.401235 0.000000
vt 0.413580 1.000000
vt 0.413580 0.000000
vt 0.419753 1.000000
vt 0.419753 0.000000
vt 0.425926 1.000000
vt 0.425926 0.000000
vt 0.432099 1.000000
vt 0.432099 0.000000
vt 0.438272 1.000000
vt 0.438272 0.000000
vt 0.450617 1.000000
vt 0.450617 0.000000
vt 0.456790 1.000000
vt 0.456790 0.000000
vt 0.462963 1.000000
vt 0.462963 0.000000
vt 0.469136 1.000000
vt 0.469136 0.000000
vt 0.475309 1.000000
vt 0.475309 0.000000
vt 0.487654 1.000000
vt 0.487654 0.000000
vt 0.493827 1.000000
vt 0.493827 0.000000
vt 0.506173 1.000000
vt 0.506173 0.000000
vt 0.512346 1.000000
vt 0.512346 0.000000
vt 0.524691 1.000000
vt 0.524691 0.000000
vt 0.530864 1.000000
vt 0.530864 0.000000
vt 0.537037 1.000000
vt 0.537037 0.000000
vt 0.543210 1.000000
vt 0.543210 0.000000
vt 0.549383 1.000000
vt 0.549383 0.000000
vt 0.561728 1.000000
vt 0.561728 0.000000
vt 0.567901 1.000000
vt 0.567901 0.000000
vt 0.574074 1.000000
vt 0.574074 0.000000
vt 0.580247 1.000000
vt 0.580247 0.000000
vt 0.586420 1.000000
vt 0.586420 0.000000
vt 0.598765 1.000000
vt 0.598765 0.000000
vt 0.604938 1.000000
vt 0.604938 0.000000
vt 0.611111 1.000000
vt 0.611111 0.000000
vt 0.617284 1.000000
vt 0.617284 0.000000
vt 0.623457 1.000000
vt 0.623457 0.000000
vt 0.635802 1.000000
vt 0.635802 0.000000
vt 0.641975 1.000000
vt 0.641975 0.000000
vt 0.648148 1.000000
vt 0.648148 0.000000
vt 0.654321 1.000000
vt 0.654321 0.000000
vt 0.660494 1.000000
vt 0.660494 0.000000
vt 0.672840 1.000000
vt 0.672840 0.000000
vt 0.679012 1.000000
vt 0.679012 0.000000
vt 0.685185 1.000000
vt 0.685185 0.000000
vt 0.691358 1.000000
vt 0.691358 0.000000
vt 0.697531 1.000000
vt 0.697531 0.000000
vt 0.709877 1.000000
vt 0.709877 0.000000
vt 0.716049 1.000000
vt 0.716049 0.000000
vt 0.722222 1.000000
vt 0.722222 0.000000
vt 0.728395 1.000000
vt 0.728395 0.000000
vt 0.734568 1.000000
vt 0.734568 0.000000
vt 0.746914 1.000000
vt 0.746914 0.000000
vt 0.753086 1.000000
vt 0.753086 0.000000
vt 0.759259 1.000000
vt 0.759259 0.000000
vt 0.765432 1.000000
vt 0.765432 0.000000
vt 0.771605 1.000000
vt 0.771605 0.000000
vt 0.783951 1.000000
vt 0.783951 0.000000
vt 0.790123 1.000000
vt 0.790123 0.000000
vt 0.796296 1.000000
vt 0.796296 0.000000
vt 0.802469 1.000000
vt 0.802469 0.000000
vt 0.808642 1.000000
vt 0.808642 0.000000
vt 0.820988 1.000000
vt 0.820988 0.000000
vt 0.827160 1.000000
vt 0.827160 0.000000
vt 0.839506 1.000000
vt 0.839506 0.000000
vt 0.845679 1.000000
vt 0.845679 0.000000
vt 0.858025 1.000000
vt 0.858025 0.000000
vt 0.864198 1.000000
vt 0.864198 0.000000
vt 0.870370 1.000000
vt 0.870370 0.000000
vt 0.876543 1.000000
vt 0.876543 0.000000
vt 0.882716 1.000000
vt 0.882716 0.000000
vt 0.895062 1.000000
vt 0.895062 0.000000
vt 0.901235 1.000000
vt 0.901235 0.000000
vt 0.907407 1.000000
vt 0.907407 0.000000
vt 0.913580 1.000000
vt 0.913580 0.000000
vt 0.919753 1.000000
vt 0.919753 0.000000
vt 0.932099 1.000000
vt 0.932099 0.000000
vt 0.938272 1.000000
vt 0.938272 0.000000
vt 0.944444 1.000000
vt 0.944444 0.000000
vt 0.950617 1.000000
vt 0.950617 0.000000
vt 0.956790 1.000000
vt 0.956790 0.000000
vt 0.969136 1.000000
vt 0.969136 0.000000
vt 0.975309 1.000000
vt 0.975309 0.000000
vt 0.981481 1.000000
vt 0.981481 0.000000
vt 0.987654 1.000000
vt 0.987654 0.000000
vt 0.993827 1.000000
vt 0.993827 0.000000
s 0
f 121/1/1 49/2/1 122/3/1
f 121/1/1 50/4/1 49/2/1
f 120/5/1 50/4/1 121/1/1
f 120/5/1 51/6/1 50/4/1
f 119/7/1 51/6/1 120/5/1
f 119/7/1 52/8/1 51/6/1
f 118/9/1 52/8/1 119/7/1
f 118/9/1 53/10/1 52/8/1
f 117/11/1 53/10/1 118/9/1
f 117/11/1 54/12/1 53/10/1
f 116/13/1 54/12/1 117/11/1
f 116/13/1 55/14/1 54/12/1
f 115/15/1 55/14/1 116/13/1
f 115/15/1 56/16/1 55/14/1
f 114/17/1 56/16/1 115/15/1
f 114/17/1 57/18/1 56/16/1
f 113/19/1 57/18/1 114/17/1
f 113/19/1 58/20/1 57/18/1
f 112/21/1 58/20/1 113/19/1
f 112/21/1 59/22/1 58/20/1
f 111/23/1 59/22/1 112/21/1
f 111/23/1 60/24/1 59/22/1
f 110/25/1 60/24/1 111/23/1
f 109/26/1 60/24/1 110/25/1
f 109/26/1 61/27/1 60/24/1
f 108/28/1 61/27/1 109/26/1
f 108/28/1 62/29/1 61/27/1
f 107/30/1 62/29/1 108/28/1
f 107/30/1 63/31/1 62/29/1
f 106/32/1 63/31/1 107/30/1
f 106/32/1 64/33/1 63/31/1
f 105/34/1 64/33/1 106/32/1
f 105/34/1 65/35/1 64/33/1
f 104/36/1 65/35/1 105/34/1
f 104/36/1 66/37/1 65/35/1
f 103/38/1 66/37/1 104/36/1
f 103/38/1 67/39/1 66/37/1
f 102/40/1 67/39/1 103/38/1
f 102/40/1 68/41/1 67/39/1
f 101/42/1 68/41/1 102/40/1
f 101/42/1 69/43/1 68/41/1
f 100/44/1 69/43/1 101/42/1
f 100/44/1 70/45/1 69/43/1
f 99/46/1 70/45/1 100/44/1
f 99/46/1 71/47/1 70/45/1
f 98/48/1 71/47/1 99/46/1
f 98/48/1 72/49/1 71/47/1
f 97/50/1 72/49/1 98/48/1
f 97/50/1 73/51/1 72/49/1
f 96/52/1 73/51/1 97/50/1
f 96/52/1 74/53/1 73/51/1
f 96/52/1 75/54/1 74/53/1
f 95/55/1 75/54/1 96/52/1
f 94/56/1 75/54/1 95/55/1
f 94/56/1 76/57/1 75/54/1
f 93/58/1 76/57/1 94/56/1
f 93/58/1 77/59/1 76/57/1
f 92/60/1 77/59/1 93/58/1
f 92/60/1 78/61/1 77/59/1
f 91/62/1 78/61/1 92/60/1
f 91/62/1 79/63/1 78/61/1
f 90/64/1 79/63/1 91/62/1
f 90/64/1 80/65/1 79/63/1
f 89/66/1 80/65/1 90/64/1
f 89/66/1 81/67/1 80/65/1
f 88/68/1 81/67/1 89/66/1
f 88/68/1 82/69/1 81/67/1
f 87/70/1 82/69/1 88/68/1
f 87/70/1 83/71/1 82/69/1
f 86/72/1 83/71/1 87/70/1
f 86/72/1 84/73/1 83/71/1
f 86/72/1 85/74/1 84/73/1
f 35/75/1 37/76/1 36/77/1
f 35/75/1 38/78/1 37/76/1
f 34/79/1 38/78/1 35/75/1
f 34/79/1 39/80/1 38/78/1
f 33/81/1 39/80/1 34/79/1
f 33/81/1 40/82/1 39/80/1
f 32/83/1 40/82/1 33/81/1
f 32/83/1 41/84/1 40/82/1
f 31/85/1 41/84/1 32/83/1
f 31/85/1 42/86/1 41/84/1
f 30/87/1 42/86/1 31/85/1
f 30/87/1 43/88/1 42/86/1
f 29/89/1 43/88/1 30/87/1
f 29/89/1 44/90/1 43/88/1
f 28/91/1 44/90/1 29/89/1
f 28/91/1 45/92/1 44/90/1
f 27/93/1 45/92/1 28/91/1
f 27/93/1 46/94/1 45/92/1
f 26/95/1 46/94/1 27/93/1
f 26/95/1 47/96/1 46/94/1
f 25/97/1 47/96/1 26/95/1
f 25/97/1 48/98/1 47/96/1
f 24/99/1 48/98/1 25/97/1
f 23/100/1 48/98/1 24/99/1
f 23/100/1 1/101/1 48/98/1
f 22/102/1 1/101/1 23/100/1
f 22/102/1 2/103/1 1/101/1
f 21/104/1 2/103/1 22/102/1
f 21/104/1 3/105/1 2/103/1
f 20/106/1 3/105/1 21/104/1
f 20/106/1 4/107/1 3/105/1
f 19/108/1 4/107/1 20/106/1
f 19/108/1 5/109/1 4/107/1
f 18/110/1 5/109/1 19/108/1
f 18/110/1 6/111/1 5/109/1
f 17/112/1 6/111/1 18/110/1
f 17/112/1 7/113/1 6/111/1
f 16/114/1 7/113/1 17/112/1
f 16/114/1 8/115/1 7/113/1
f 15/116/1 8/115/1 16/114/1
f 15/116/1 9/117/1 8/115/1
f 14/118/1 9/117/1 15/116/1
f 14/118/1 10/119/1 9/117/1
f 13/120/1 10/119/1 14/118/1
f 13/120/1 11/121/1 10/119/1
f 12/122/1 11/121/1 13/120/1
f 243/1/1 171/2/1 244/3/1
f 243/1/1 172/4/1 171/2/1
f 242/5/1 172/4/1 243/1/1
f 242/5/1 173/6/1 172/4/1
f 241/7/1 173/6/1 242/5/1
f 241/7/1 174/8/1 173/6/1
f 240/9/1 174/8/1 241/7/1
f 240/9/1 175/10/1 174/8/1
f 239/11/1 175/10/1 240/9/1
f 239/11/1 176/12/1 175/10/1
f 238/13/1 176/12/1 239/11/1
f 238/13/1 177/14/1 176/12/1
f 237/15/1 177/14/1 238/13/1
f 237/15/1 178/16/1 177/14/1
f 236/17/1 178/16/1 237/15/1
f 236/17/1 179/18/1 178/16/1
f 235/19/1 179/18/1 236/17/1
f 235/19/1 180/20/1 179/18/1
f 234/21/1 180/20/1 235/19/1
f 234/21/1 181/22/1 180/20/1
f 233/23/1 181/22/1 234/21/1
f 233/23/1 182/24/1 181/22/1
f 232/25/1 182/24/1 233/23/1
f 231/26/1 182/24/1 232/25/1
f 231/26/1 183/27/1 182/24/1
f 230/28/1 183/27/1 231/26/1
f 230/28/1 184/29/1 183/27/1
f 229/30/1 184/29/1 230/28/1
f 229/30/1 185/31/1 184/29/1
f 228/32/1 185/31/1 229/30/1
f 228/32/1 186/33/1 185/31/1
f 227/34/1 186/33/1 228/32/1
f 227/34/1 187/35/1 186/33/1
f 226/36/1 187/35/1 227/34/1
f 226/36/1 188/37/1 187/35/1
f 225/38/1 188/37/1 226/36/1
f 225/38/1 189/39/1 188/37/1
f 224/40/1 189/39/1 225/38/1
f 224/40/1 190/41/1 189/39/1
f 223/42/1 190/41/1 224/40/1
f 223/42/1 191/43/1 190/41/1
f 222/44/1 191/43/1 223/42/1
f 222/44/1 192/45/1 191/43/1
f 221/46/1 192/45/1 222/44/1
f 221/46/1 193/47/1 192/45/1
f 220/48/1 193/47/1 221/46/1
f 220/48/1 194/49/1 193/47/1
f 219/50/1 194/49/1 220/48/1
f 219/50/1 195/51/1 194/49/1
f 218/52/1 195/51/1 219/50/1
f 218/52/1 196/53/1 195/51/1
f 218/52/1 197/54/1 196/53/1
f 217/55/1 197/54/1 218/52/1
f 216/56/1 197/54/1 217/55/1
f 216/56/1 198/57/1 197/54/1
f 215/58/1 198/57/1 216/56/1
f 215/58/1 199/59/1 198/57/1
f 214/60/1 199/59/1 215/58/1
f 214/60/1 200/61/1 199/59/1
f 213/62/1 200/61/1 214/60/1
f 213/62/1 201/63/1 200/61/1
f 212/64/1 201/63/1 213/62/1
f 212/64/1 202/65/1 201/63/1
f 211/66/1 202/65/1 212/64/1
f 211/66/1 203/67/1 202/65/1
f 210/68/1 203/67/1 211/66/1
f 210/68/1 204/69/1 203/67/1
f 209/70/1 204/69/1 210/68/1
f 209/70/1 205/71/1 204/69/1
f 208/72/1 205/71/1 209/70/1
f 208/72/1 206/73/1 205/71/1
f 208/72/1 207/74/1 206/73/1
f 157/75/1 159/76/1 158/77/1
f 157/75/1 160/78/1 159/76/1
f 156/79/1 160/78/1 157/75/1
f 156/79/1 161/80/1 160/78/1
f 155/81/1 161/80/1 156/79/1
f 155/81/1 162/82/1 161/80/1
f 154/83/1 162/82/1 155/81/1
f 154/83/1 163/84/1 162/82/1
f 153/85/1 163/84/1 154/83/1
f 153/85/1 164/86/1 163/84/1
f 152/87/1 164/86/1 153/85/1
f 152/87/1 165/88/1 164/86/1
f 151/89/1 165/88/1 152/87/1
f 151/89/1 166/90/1 165/88/1
f 150/91/1 166/90/1 151/89/1
f 150/91/1 167/92/1 166/90/1
f 149/93/1 167/92/1 150/91/1
f 149/93/1 168/94/1 167/92/1
f 148/95/1 168/94/1 149/93/1
f 148/95/1 169/96/1 168/94/1
f 147/97/1 169/96/1 148/95/1
f 147/97/1 170/98/1 169/96/1
f 146/99/1 170/98/1 147/97/1
f 145/100/1 170/98/1 146/99/1
f 145/100/1 123/101/1 170/98/1
f 144/102/1 123/101/1 145/100/1
f 144/102/1 124/103/1 123/101/1
f 143/104/1 124/103/1 144/102/1
f 143/104/1 125/105/1 124/103/1
f 142/106/1 125/105/1 143/104/1
f 142/106/1 126/107/1 125/105/1
f 141/108/1 126/107/1 142/106/1
f 141/108/1 127/109/1 126/107/1
f 140/110/1 127/109/1 141/108/1
f 140/110/1 128/111/1 127/109/1
f 139/112/1 128/111/1 140/110/1
f 139/112/1 129/113/1 128/111/1
f 138/114/1 129/113/1 139/112/1
f 138/114/1 130/115/1 129/113/1
f 137/116/1 130/115/1 138/114/1
f 137/116/1 131/117/1 130/115/1
f 136/118/1 131/117/1 137/116/1
f 136/118/1 132/119/1 131/117/1
f 135/120/1 132/119/1 136/118/1
f 135/120/1 133/121/1 132/119/1
f 134/122/1 133/121/1 135/120/1
f 305/123/1 307/124/1 306/125/1
f 267/126/1 269/127/1 268/128/1
f 305/123/1 308/129/1 307/124/1
f 266/130/1 269/127/1 267/126/1
f 305/123/1 309/131/1 308/129/1
f 265/132/1 269/127/1 266/130/1
f 305/123/1 310/133/1 309/131/1
f 264/134/1 269/127/1 265/132/1
f 305/123/1 311/135/1 310/133/1
f 263/136/1 269/127/1 264/134/1
f 305/123/1 312/137/1 311/135/1
f 262/138/1 269/127/1 263/136/1
f 305/123/1 313/139/1 312/137/1
f 261/140/1 269/127/1 262/138/1
f 305/123/1 314/141/1 313/139/1
f 260/142/1 269/127/1 261/140/1
f 305/123/1 315/143/1 314/141/1
f 259/144/1 269/127/1 260/142/1
f 305/123/1 316/145/1 315/143/1
f 258/146/1 269/127/1 259/144/1
f 305/123/1 317/147/1 316/145/1
f 257/148/1 269/127/1 258/146/1
f 305/123/1 318/3/1 317/147/1
f 256/149/1 269/127/1 257/148/1
f 305/123/1 245/101/1 318/3/1
f 305/123/1 246/150/1 245/101/1
f 305/123/1 247/151/1 246/150/1
f 305/123/1 248/152/1 247/151/1
f 305/123/1 249/153/1 248/152/1
f 305/123/1 250/154/1 249/153/1
f 305/123/1 251/155/1 250/154/1
f 305/123/1 252/156/1 251/155/1
f 305/123/1 253/157/1 252/156/1
f 305/123/1 254/158/1 253/157/1
f 305/123/1 255/159/1 254/158/1
f 305/123/1 256/149/1 255/159/1
f 305/123/1 304/160/1 256/149/1
f 304/160/1 303/161/1 256/149/1
f 303/161/1 302/162/1 256/149/1
f 302/162/1 301/163/1 256/149/1
f 301/163/1 300/164/1 256/149/1
f 300/164/1 299/165/1 256/149/1
f 299/165/1 298/166/1 256/149/1
f 298/166/1 297/167/1 256/149/1
f 297/167/1 296/168/1 256/149/1
f 296/168/1 295/169/1 256/149/1
f 295/169/1 294/170/1 256/149/1
f 294/170/1 293/171/1 256/149/1
f 293/171/1 292/172/1 256/149/1
f 292/172/1 291/173/1 256/149/1
f 291/173/1 290/174/1 256/149/1
f 290/174/1 288/175/1 256/149/1
f 288/175/1 285/176/1 256/149/1
f 285/176/1 282/177/1 256/149/1
f 282/177/1 281/178/1 256/149/1
f 281/178/1 280/179/1 256/149/1
f 280/179/1 279/180/1 256/149/1
f 279/180/1 278/181/1 256/149/1
f 278/181/1 277/182/1 256/149/1
f 277/182/1 276/183/1 256/149/1
f 276/183/1 275/184/1 256/149/1
f 275/184/1 274/185/1 256/149/1
f 274/185/1 269/127/1 256/149/1
f 289/186/1 288/175/1 290/174/1
f 287/187/1 285/176/1 288/175/1
f 286/188/1 285/176/1 287/187/1
f 284/189/1 282/177/1 285/176/1
f 283/190/1 282/177/1 284/189/1
f 273/191/1 269/127/1 274/185/1
f 272/192/1 269/127/1 273/191/1
f 271/193/1 269/127/1 272/192/1
f 270/194/1 269/127/1 271/193/1
f 391/195/1 393/196/1 392/197/1
f 390/198/1 393/196/1 391/195/1
f 355/199/1 357/200/1 356/201/1
f 355/199/1 358/202/1 357/200/1
f 389/203/1 393/196/1 390/198/1
f 355/199/1 359/204/1 358/202/1
f 388/205/1 393/196/1 389/203/1
f 355/199/1 360/206/1 359/204/1
f 387/207/1 393/196/1 388/205/1
f 355/199/1 361/208/1 360/206/1
f 386/209/1 393/196/1 387/207/1
f 355/199/1 362/210/1 361/208/1
f 385/211/1 393/196/1 386/209/1
f 355/199/1 363/212/1 362/210/1
f 384/213/1 393/196/1 385/211/1
f 355/199/1 364/214/1 363/212/1
f 383/215/1 393/196/1 384/213/1
f 355/199/1 365/216/1 364/214/1
f 382/217/1 393/196/1 383/215/1
f 355/199/1 366/218/1 365/216/1
f 381/219/1 393/196/1 382/217/1
f 355/199/1 367/220/1 366/218/1
f 380/221/1 393/196/1 381/219/1
f 355/199/1 368/222/1 367/220/1
f 355/199/1 369/223/1 368/222/1
f 355/199/1 370/224/1 369/223/1
f 355/199/1 371/225/1 370/224/1
f 355/199/1 372/226/1 371/225/1
f 355/199/1 373/227/1 372/226/1
f 355/199/1 374/228/1 373/227/1
f 355/199/1 375/229/1 374/228/1
f 355/199/1 376/230/1 375/229/1
f 355/199/1 377/231/1 376/230/1
f 355/199/1 378/232/1 377/231/1
f 355/199/1 379/233/1 378/232/1
f 355/199/1 380/221/1 379/233/1
f 355/199/1 393/196/1 380/221/1
f 355/199/1 394/234/1 393/196/1
f 355/199/1 395/235/1 394/234/1
f 355/199/1 396/236/1 395/235/1
f 355/199/1 397/237/1 396/236/1
f 355/199/1 398/238/1 397/237/1
f 355/199/1 399/239/1 398/238/1
f 355/199/1 400/240/1 399/239/1
f 355/199/1 401/241/1 400/240/1
f 355/199/1 402/242/1 401/241/1
f 355/199/1 403/243/1 402/242/1
f 355/199/1 404/244/1 403/243/1
f 355/199/1 405/245/1 404/244/1
f 355/199/1 349/246/1 405/245/1
f 349/246/1 348/247/1 405/245/1
f 348/247/1 347/248/1 405/245/1
f 347/248/1 346/249/1 405/245/1
f 346/249/1 345/250/1 405/245/1
f 345/250/1 344/251/1 405/245/1
f 344/251/1 406/252/1 405/245/1
f 344/251/1 343/253/1 406/252/1
f 343/253/1 342/254/1 406/252/1
f 342/254/1 341/255/1 406/252/1
f 341/255/1 340/256/1 406/252/1
f 340/256/1 339/257/1 406/252/1
f 339/257/1 338/258/1 406/252/1
f 338/258/1 337/259/1 406/252/1
f 337/259/1 336/260/1 406/252/1
f 336/260/1 335/261/1 406/252/1
f 335/261/1 334/262/1 406/252/1
f 334/262/1 333/263/1 406/252/1
f 333/263/1 332/264/1 406/252/1
f 332/264/1 331/265/1 406/252/1
f 331/265/1 407/266/1 406/252/1
f 330/267/1 407/266/1 331/265/1
f 355/199/2 350/268/2 349/246/2
f 355/199/1 351/269/1 350/268/1
f 355/199/1 352/270/1 351/269/1
f 355/199/1 353/271/1 352/270/1
f 355/199/1 354/272/1 353/271/1
f 329/273/1 407/266/1 330/267/1
f 329/273/1 408/274/1 407/266/1
f 328/275/1 408/274/1 329/273/1
f 328/275/1 409/276/1 408/274/1
f 327/277/1 409/276/1 328/275/1
f 327/277/1 410/278/1 409/276/1
f 326/279/1 410/278/1 327/277/1
f 326/279/1 411/280/1 410/278/1
f 325/281/1 411/280/1 326/279/1
f 325/281/1 412/282/1 411/280/1
f 324/283/1 412/282/1 325/281/1
f 324/283/1 413/284/1 412/282/1
f 323/285/1 413/284/1 324/283/1
f 323/285/1 414/286/1 413/284/1
f 322/287/1 414/286/1 323/285/1
f 322/287/1 415/288/1 414/286/1
f 321/289/1 415/288/1 322/287/1
f 321/289/1 416/290/1 415/288/1
f 320/291/1 416/290/1 321/289/1
f 320/291/1 417/292/1 416/290/1
f 319/101/1 417/292/1 320/291/1
f 467/293/1 469/294/1 468/295/1
f 467/293/1 470/296/1 469/294/1
f 467/293/1 471/297/1 470/296/1
f 429/298/1 431/299/1 430/300/1
f 467/293/1 472/301/1 471/297/1
f 428/302/1 431/299/1 429/298/1
f 427/303/1 431/299/1 428/302/1
f 467/293/1 473/304/1 472/301/1
f 426/305/1 431/299/1 427/303/1
f 467/293/1 474/306/1 473/304/1
f 425/307/1 431/299/1 426/305/1
f 467/293/1 475/308/1 474/306/1
f 424/309/1 431/299/1 425/307/1
f 467/293/1 476/310/1 475/308/1
f 423/311/1 431/299/1 424/309/1
f 467/293/1 477/312/1 476/310/1
f 422/313/1 431/299/1 423/311/1
f 467/293/1 478/314/1 477/312/1
f 421/315/1 431/299/1 422/313/1
f 420/316/1 431/299/1 421/315/1
f 467/293/1 479/317/1 478/314/1
f 419/318/1 431/299/1 420/316/1
f 467/293/1 480/3/1 479/317/1
f 418/319/1 431/299/1 419/318/1
f 467/293/1 319/101/1 480/3/1
f 467/293/1 417/292/1 319/101/1
f 467/293/1 418/319/1 417/292/1
f 467/293/1 466/320/1 418/319/1
f 466/320/1 465/321/1 418/319/1
f 465/321/1 464/322/1 418/319/1
f 464/322/1 463/323/1 418/319/1
f 463/323/1 462/324/1 418/319/1
f 462/324/1 461/325/1 418/319/1
f 461/325/1 460/326/1 418/319/1
f 460/326/1 459/327/1 418/319/1
f 459/327/1 458/328/1 418/319/1
f 458/328/1 457/329/1 418/319/1
f 457/329/1 456/330/1 418/319/1
f 456/330/1 455/331/1 418/319/1
f 455/331/1 454/332/1 418/319/1
f 454/332/1 453/333/1 418/319/1
f 453/333/1 450/334/1 418/319/1
f 450/334/1 449/335/1 418/319/1
f 449/335/1 448/336/1 418/319/1
f 448/336/1 447/337/1 418/319/1
f 447/337/1 445/338/1 418/319/1
f 445/338/1 444/339/1 418/319/1
f 444/339/1 443/340/1 418/319/1
f 443/340/1 442/341/1 418/319/1
f 442/341/1 441/342/1 418/319/1
f 441/342/1 440/343/1 418/319/1
f 440/343/1 439/344/1 418/319/1
f 439/344/1 438/345/1 418/319/1
f 438/345/1 437/346/1 418/319/1
f 437/346/1 436/347/1 418/319/1
f 436/347/1 435/348/1 418/319/1
f 435/348/1 434/349/1 418/319/1
f 434/349/1 433/350/1 418/319/1
f 433/350/1 432/351/1 418/319/1
f 432/351/1 431/299/1 418/319/1
f 452/352/1 450/334/1 453/333/1
f 451/353/1 450/334/1 452/352/1
f 446/354/1 445/338/1 447/337/1
f 518/355/1 520/356/1 519/357/1
f 517/358/1 520/356/1 518/355/1
f 516/359/1 520/356/1 517/358/1
f 515/360/1 520/356/1 516/359/1
f 514/361/1 520/356/1 515/360/1
f 513/362/1 520/356/1 514/361/1
f 512/363/1 520/356/1 513/362/1
f 511/364/1 520/356/1 512/363/1
f 510/365/1 520/356/1 511/364/1
f 509/366/1 520/356/1 510/365/1
f 508/367/1 520/356/1 509/366/1
f 507/368/1 520/356/1 508/367/1
f 506/369/1 520/356/1 507/368/1
f 505/370/1 520/356/1 506/369/1
f 504/371/1 520/356/1 505/370/1
f 503/372/1 520/356/1 504/371/1
f 502/373/1 520/356/1 503/372/1
f 502/373/1 521/374/1 520/356/1
f 502/373/1 522/375/1 521/374/1
f 501/376/1 522/375/1 502/373/1
f 500/377/1 522/375/1 501/376/1
f 500/377/1 523/378/1 522/375/1
f 499/379/1 523/378/1 500/377/1
f 494/380/1 496/381/1 495/382/1
f 499/379/1 524/383/1 523/378/1
f 498/384/1 524/383/1 499/379/1
f 494/380/1 497/385/1 496/381/1
f 497/385/1 524/383/1 498/384/1
f 494/380/1 524/383/1 497/385/1
f 494/380/1 525/386/1 524/383/1
f 494/380/1 526/387/1 525/386/1
f 494/380/1 527/388/1 526/387/1
f 494/380/1 528/389/1 527/388/1
f 494/380/1 529/390/1 528/389/1
f 494/380/1 530/391/1 529/390/1
f 494/380/1 531/392/1 530/391/1
f 494/380/1 532/393/1 531/392/1
f 494/380/1 533/394/1 532/393/1
f 494/380/1 534/395/1 533/394/1
f 494/380/1 535/396/1 534/395/1
f 494/380/1 536/397/1 535/396/1
f 494/380/1 537/398/1 536/397/1
f 494/380/1 538/399/1 537/398/1
f 494/380/1 539/400/1 538/399/1
f 494/380/1 540/401/1 539/400/1
f 494/380/1 541/402/1 540/401/1
f 494/380/1 542/403/1 541/402/1
f 494/380/1 543/404/1 542/403/1
f 494/380/1 544/405/1 543/404/1
f 494/380/1 482/406/1 544/405/1
f 482/406/1 545/407/1 544/405/1
f 494/380/1 483/408/1 482/406/1
f 481/101/1 545/407/1 482/406/1
f 494/380/1 484/409/1 483/408/1
f 494/380/1 485/410/1 484/409/1
f 494/380/1 486/411/1 485/410/1
f 494/380/1 487/412/1 486/411/1
f 494/380/1 488/413/1 487/412/1
f 494/380/1 489/414/1 488/413/1
f 494/380/1 490/415/1 489/414/1
f 494/380/1 491/416/1 490/415/1
f 494/380/1 492/417/1 491/416/1
f 494/380/1 493/418/1 492/417/1
f 610/419/1 612/420/1 611/421/1
f 557/422/1 559/423/1 558/424/1
f 556/425/1 559/423/1 557/422/1
f 610/419/1 613/426/1 612/420/1
f 555/427/1 559/423/1 556/425/1
f 610/419/1 614/428/1 613/426/1
f 554/429/1 559/423/1 555/427/1
f 610/419/1 615/430/1 614/428/1
f 553/431/1 559/423/1 554/429/1
f 610/419/1 616/432/1 615/430/1
f 552/433/1 559/423/1 553/431/1
f 610/419/1 617/434/1 616/432/1
f 551/435/1 559/423/1 552/433/1
f 610/419/1 618/436/1 617/434/1
f 550/437/1 559/423/1 551/435/1
f 610/419/1 619/438/1 618/436/1
f 549/439/1 559/423/1 550/437/1
f 610/419/1 620/440/1 619/438/1
f 548/441/1 559/423/1 549/439/1
f 610/419/1 621/442/1 620/440/1
f 547/443/1 559/423/1 548/441/1
f 610/419/1 622/444/1 621/442/1
f 546/445/1 559/423/1 547/443/1
f 610/419/1 623/3/1 622/444/1
f 610/419/1 481/101/1 623/3/1
f 610/419/1 545/407/1 481/101/1
f 610/419/1 546/445/1 545/407/1
f 610/419/1 609/446/1 546/445/1
f 609/446/1 608/447/1 546/445/1
f 608/447/1 607/448/1 546/445/1
f 607/448/1 606/449/1 546/445/1
f 606/449/1 605/450/1 546/445/1
f 605/450/1 604/451/1 546/445/1
f 604/451/1 603/452/1 546/445/1
f 603/452/1 602/453/1 546/445/1
f 602/453/1 601/454/1 546/445/1
f 601/454/1 600/455/1 546/445/1
f 600/455/1 599/456/1 546/445/1
f 599/456/1 598/457/1 546/445/1
f 598/457/1 597/458/1 546/445/1
f 597/458/1 572/459/1 546/445/1
f 572/459/1 571/460/1 546/445/1
f 571/460/1 570/461/1 546/445/1
f 570/461/1 569/462/1 546/445/1
f 569/462/1 568/463/1 546/445/1
f 568/463/1 567/464/1 546/445/1
f 567/464/1 566/465/1 546/445/1
f 566/465/1 565/466/1 546/445/1
f 565/466/1 564/467/1 546/445/1
f 564/467/1 563/468/1 546/445/1
f 563/468/1 562/469/1 546/445/1
f 562/469/1 561/470/1 546/445/1
f 561/470/1 560/471/1 546/445/1
f 560/471/1 559/423/1 546/445/1
f 596/472/1 572/459/1 597/458/1
f 596/472/1 573/473/1 572/459/1
f 595/474/1 573/473/1 596/472/1
f 595/474/1 574/475/1 573/473/1
f 594/476/1 574/475/1 595/474/1
f 594/476/1 575/477/1 574/475/1
f 593/478/1 575/477/1 594/476/1
f 593/478/1 576/479/1 575/477/1
f 592/480/1 576/479/1 593/478/1
f 592/480/1 577/481/1 576/479/1
f 591/482/1 577/481/1 592/480/1
f 591/482/1 578/483/1 577/481/1
f 590/484/1 578/483/1 591/482/1
f 590/484/1 579/485/1 578/483/1
f 589/486/1 579/485/1 590/484/1
f 589/486/1 580/487/1 579/485/1
f 588/488/1 580/487/1 589/486/1
f 587/489/1 580/487/1 588/488/1
f 587/489/1 581/490/1 580/487/1
f 586/491/1 581/490/1 587/489/1
f 586/491/1 582/492/1 581/490/1
f 585/493/1 582/492/1 586/491/1
f 584/494/1 582/492/1 585/493/1
f 584/494/1 583/495/1 582/492/1
f 744/496/1 746/497/1 745/498/1
f 744/496/1 747/499/1 746/497/1
f 743/500/1 747/499/1 744/496/1
f 742/501/1 747/499/1 743/500/1
f 741/502/1 747/499/1 742/501/1
f 741/502/1 748/503/1 747/499/1
f 740/504/1 748/503/1 741/502/1
f 739/505/1 748/503/1 740/504/1
f 738/506/1 748/503/1 739/505/1
f 738/506/1 749/507/1 748/503/1
f 737/508/1 749/507/1 738/506/1
f 634/509/1 636/510/1 635/511/1
f 736/512/1 749/507/1 737/508/1
f 633/513/1 636/510/1 634/509/1
f 633/513/1 637/514/1 636/510/1
f 735/515/1 749/507/1 736/512/1
f 632/516/1 637/514/1 633/513/1
f 632/516/1 638/517/1 637/514/1
f 735/515/1 750/518/1 749/507/1
f 734/519/1 750/518/1 735/515/1
f 631/520/1 638/517/1 632/516/1
f 631/520/1 639/521/1 638/517/1
f 733/522/1 750/518/1 734/519/1
f 732/523/1 750/518/1 733/522/1
f 630/524/1 639/521/1 631/520/1
f 732/523/1 751/525/1 750/518/1
f 630/524/1 640/526/1 639/521/1
f 731/527/1 751/525/1 732/523/1
f 629/528/1 640/526/1 630/524/1
f 731/527/1 752/529/1 751/525/1
f 629/528/1 684/530/1 640/526/1
f 684/530/1 683/531/1 640/526/1
f 683/531/1 641/532/1 640/526/1
f 629/528/1 685/533/1 684/530/1
f 682/534/1 641/532/1 683/531/1
f 628/535/1 685/533/1 629/528/1
f 628/535/1 686/536/1 685/533/1
f 730/537/1 752/529/1 731/527/1
f 681/538/1 641/532/1 682/534/1
f 628/535/1 687/539/1 686/536/1
f 730/537/1 753/540/1 752/529/1
f 680/541/1 641/532/1 681/538/1
f 680/541/1 642/542/1 641/532/1
f 627/543/1 687/539/1 628/535/1
f 627/543/1 688/544/1 687/539/1
f 729/545/1 753/540/1 730/537/1
f 679/546/1 642/542/1 680/541/1
f 729/545/1 754/547/1 753/540/1
f 626/548/1 688/544/1 627/543/1
f 626/548/1 689/549/1 688/544/1
f 679/546/1 643/550/1 642/542/1
f 678/551/1 643/550/1 679/546/1
f 728/552/1 754/547/1 729/545/1
f 728/552/1 755/553/1 754/547/1
f 625/554/1 689/549/1 626/548/1
f 677/555/1 643/550/1 678/551/1
f 625/554/1 690/556/1 689/549/1
f 727/557/1 755/553/1 728/552/1
f 677/555/1 644/558/1 643/550/1
f 727/557/1 756/559/1 755/553/1
f 676/560/1 644/558/1 677/555/1
f 624/101/1 690/556/1 625/554/1
f 624/101/1 691/433/1 690/556/1
f 727/557/1 757/561/1 756/559/1
f 726/562/1 757/561/1 727/557/1
f 676/560/1 645/563/1 644/558/1
f 758/3/1 691/433/1 624/101/1
f 675/564/1 645/563/1 676/560/1
f 726/562/1 758/3/1 757/561/1
f 758/3/1 692/565/1 691/433/1
f 725/566/1 758/3/1 726/562/1
f 725/566/1 692/565/1 758/3/1
f 674/567/1 645/563/1 675/564/1
f 674/567/1 646/568/1 645/563/1
f 725/566/1 693/569/1 692/565/1
f 724/570/1 693/569/1 725/566/1
f 673/571/1 646/568/1 674/567/1
f 723/572/1 693/569/1 724/570/1
f 723/572/1 694/573/1 693/569/1
f 673/571/1 647/574/1 646/568/1
f 722/575/1 694/573/1 723/572/1
f 672/576/1 647/574/1 673/571/1
f 722/575/1 695/577/1 694/573/1
f 721/578/1 695/577/1 722/575/1
f 672/576/1 648/579/1 647/574/1
f 671/580/1 648/579/1 672/576/1
f 721/578/1 696/581/1 695/577/1
f 720/582/1 696/581/1 721/578/1
f 719/583/1 696/581/1 720/582/1
f 719/583/1 697/584/1 696/581/1
f 718/585/1 697/584/1 719/583/1
f 718/585/1 698/586/1 697/584/1
f 717/587/1 698/586/1 718/585/1
f 670/588/1 648/579/1 671/580/1
f 717/587/1 699/589/1 698/586/1
f 670/588/1 649/590/1 648/579/1
f 717/587/1 700/591/1 699/589/1
f 716/592/1 700/591/1 717/587/1
f 716/592/1 701/593/1 700/591/1
f 715/594/1 701/593/1 716/592/1
f 715/594/1 702/595/1 701/593/1
f 715/594/1 703/596/1 702/595/1
f 714/597/1 703/596/1 715/594/1
f 714/597/1 704/598/1 703/596/1
f 669/599/1 649/590/1 670/588/1
f 713/600/1 704/598/1 714/597/1
f 713/600/1 705/601/1 704/598/1
f 669/599/1 650/602/1 649/590/1
f 712/603/1 705/601/1 713/600/1
f 712/603/1 706/604/1 705/601/1
f 711/605/1 706/604/1 712/603/1
f 711/605/1 707/606/1 706/604/1
f 710/607/1 707/606/1 711/605/1
f 710/607/1 708/608/1 707/606/1
f 668/609/1 650/602/1 669/599/1
f 709/610/1 708/608/1 710/607/1
f 668/609/1 651/611/1 650/602/1
f 667/612/1 651/611/1 668/609/1
f 667/612/1 652/613/1 651/611/1
f 666/614/1 652/613/1 667/612/1
f 665/615/1 652/613/1 666/614/1
f 665/615/1 653/616/1 652/613/1
f 664/617/1 653/616/1 665/615/1
f 664/617/1 654/618/1 653/616/1
f 663/619/1 654/618/1 664/617/1
f 662/620/1 654/618/1 663/619/1
f 662/620/1 655/621/1 654/618/1
f 661/622/1 655/621/1 662/620/1
f 660/623/1 655/621/1 661/622/1
f 660/623/1 656/624/1 655/621/1
f 659/625/1 656/624/1 660/623/1
f 659/625/1 657/626/1 656/624/1
f 659/625/1 658/627/1 657/626/1
f 1156/628/1 1158/629/1 1157/630/1
f 1155/631/1 1158/629/1 1156/628/1
f 1155/631/1 1159/632/1 1158/629/1
f 1154/633/1 1159/632/1 1155/631/1
f 1154/633/1 1160/634/1 1159/632/1
f 1153/635/1 1160/634/1 1154/633/1
f 1153/635/1 1161/636/1 1160/634/1
f 1153/635/1 1162/637/1 1161/636/1
f 1152/638/1 1162/637/1 1153/635/1
f 1152/638/1 1163/639/1 1162/637/1
f 1151/640/1 1163/639/1 1152/638/1
f 1151/640/1 1164/641/1 1163/639/1
f 1150/642/1 1164/641/1 1151/640/1
f 1150/642/1 1165/643/1 1164/641/1
f 1149/644/1 1165/643/1 1150/642/1
f 1149/644/1 1166/645/1 1165/643/1
f 1148/646/1 1166/645/1 1149/644/1
f 1148/646/1 1167/647/1 1166/645/1
f 1147/648/1 1167/647/1 1148/646/1
f 1147/648/1 1168/649/1 1167/647/1
f 1146/650/1 1168/649/1 1147/648/1
f 1146/650/1 1169/651/1 1168/649/1
f 1145/652/1 1169/651/1 1146/650/1
f 1145/652/1 1170/3/1 1169/651/1
f 1144/653/1 1170/3/1 1145/652/1
f 1144/653/1 1048/654/1 1170/3/1
f 1143/655/1 1048/654/1 1144/653/1
f 1143/655/1 1049/656/1 1048/654/1
f 1142/657/1 1049/656/1 1143/655/1
f 1142/657/1 1050/658/1 1049/656/1
f 1141/659/1 1050/658/1 1142/657/1
f 1141/659/1 1051/660/1 1050/658/1
f 1140/661/1 1051/660/1 1141/659/1
f 1140/661/1 1052/662/1 1051/660/1
f 1139/663/1 1052/662/1 1140/661/1
f 1139/663/1 1053/664/1 1052/662/1
f 1138/665/1 1053/664/1 1139/663/1
f 1138/665/1 1054/666/1 1053/664/1
f 1137/667/1 1054/666/1 1138/665/1
f 1137/667/1 1055/668/1 1054/666/1
f 1136/669/1 1055/668/1 1137/667/1
f 1136/669/1 1056/670/1 1055/668/1
f 1135/671/1 1056/670/1 1136/669/1
f 1135/671/1 1057/672/1 1056/670/1
f 1134/673/1 1057/672/1 1135/671/1
f 1134/673/1 1058/674/1 1057/672/1
f 1134/673/1 1059/675/1 1058/674/1
f 1133/676/1 1059/675/1 1134/673/1
f 1082/677/1 1084/678/1 1083/679/1
f 1133/676/1 1060/680/1 1059/675/1
f 1081/681/1 1084/678/1 1082/677/1
f 1133/676/1 1061/682/1 1060/680/1
f 1132/683/1 1061/682/1 1133/676/1
f 1080/684/1 1084/678/1 1081/681/1
f 1132/683/1 1062/685/1 1061/682/1
f 1080/684/1 1085/686/1 1084/678/1
f 1079/687/1 1085/686/1 1080/684/1
f 1132/683/1 1063/688/1 1062/685/1
f 1078/689/1 1085/686/1 1079/687/1
f 1078/689/1 1086/690/1 1085/686/1
f 1132/683/1 1064/691/1 1063/688/1
f 1131/692/1 1064/691/1 1132/683/1
f 1077/693/1 1086/690/1 1078/689/1
f 1131/692/1 1065/694/1 1064/691/1
f 1077/693/1 1087/695/1 1086/690/1
f 1076/696/1 1087/695/1 1077/693/1
f 1131/692/1 1066/697/1 1065/694/1
f 1075/698/1 1087/695/1 1076/696/1
f 1130/699/1 1066/697/1 1131/692/1
f 1130/699/1 1067/700/1 1066/697/1
f 1075/698/1 1088/701/1 1087/695/1
f 1074/702/1 1088/701/1 1075/698/1
f 1130/699/1 1068/703/1 1067/700/1
f 1074/702/1 1089/704/1 1088/701/1
f 1073/705/1 1089/704/1 1074/702/1
f 1130/699/1 1069/706/1 1068/703/1
f 1129/707/1 1069/706/1 1130/699/1
f 1072/708/1 1089/704/1 1073/705/1
f 1129/707/1 1070/709/1 1069/706/1
f 1072/708/1 1090/710/1 1089/704/1
f 1129/707/1 1071/711/1 1070/709/1
f 1071/711/1 1090/710/1 1072/708/1
f 1129/707/1 1090/710/1 1071/711/1
f 1128/712/1 1090/710/1 1129/707/1
f 1128/712/1 1091/713/1 1090/710/1
f 1128/712/1 1092/714/1 1091/713/1
f 1127/715/1 1092/714/1 1128/712/1
f 1127/715/1 1093/716/1 1092/714/1
f 1126/717/1 1093/716/1 1127/715/1
f 1126/717/1 1094/718/1 1093/716/1
f 1126/717/1 1095/719/1 1094/718/1
f 1125/720/1 1095/719/1 1126/717/1
f 1125/720/1 1096/721/1 1095/719/1
f 1125/720/1 1097/722/1 1096/721/1
f 1124/723/1 1097/722/1 1125/720/1
f 1124/723/1 1098/724/1 1097/722/1
f 1124/723/1 1099/725/1 1098/724/1
f 1124/723/1 1100/726/1 1099/725/1
f 1124/723/1 1101/727/1 1100/726/1
f 1124/723/1 1102/728/1 1101/727/1
f 1124/723/1 1103/729/1 1102/728/1
f 1123/730/1 1103/729/1 1124/723/1
f 1123/730/1 1104/731/1 1103/729/1
f 1123/730/1 1105/732/1 1104/731/1
f 1123/730/1 1106/733/1 1105/732/1
f 1123/730/1 1107/734/1 1106/733/1
f 1123/730/1 1108/735/1 1107/734/1
f 1123/730/1 1109/736/1 1108/735/1
f 1122/737/1 1109/736/1 1123/730/1
f 1122/737/1 1110/738/1 1109/736/1
f 1122/737/1 1111/739/1 1110/738/1
f 1122/737/1 1112/740/1 1111/739/1
f 1122/737/1 1113/741/1 1112/740/1
f 1122/737/1 1114/742/1 1113/741/1
f 1122/737/1 1115/743/1 1114/742/1
f 1122/737/1 1116/744/1 1115/743/1
f 1121/745/1 1116/744/1 1122/737/1
f 1121/745/1 1117/746/1 1116/744/1
f 1121/745/1 1118/747/1 1117/746/1
f 1121/745/1 1119/748/1 1118/747/1
f 1121/745/1 1120/749/1 1119/748/1
f 797/750/1 799/751/1 798/752/1
f 797/750/1 800/753/1 799/751/1
f 796/754/1 800/753/1 797/750/1
f 796/754/1 801/755/1 800/753/1
f 795/756/1 801/755/1 796/754/1
f 771/757/1 773/758/1 772/759/1
f 795/756/1 802/760/1 801/755/1
f 794/761/1 802/760/1 795/756/1
f 771/757/1 774/762/1 773/758/1
f 794/761/1 803/763/1 802/760/1
f 770/764/1 774/762/1 771/757/1
f 793/765/1 803/763/1 794/761/1
f 770/764/1 775/766/1 774/762/1
f 793/765/1 804/767/1 803/763/1
f 769/768/1 775/766/1 770/764/1
f 792/769/1 804/767/1 793/765/1
f 769/768/1 776/770/1 775/766/1
f 1033/771/1 1035/772/1 1034/773/1
f 1033/771/1 1036/774/1 1035/772/1
f 768/775/1 776/770/1 769/768/1
f 1032/776/1 1036/774/1 1033/771/1
f 792/769/1 805/777/1 804/767/1
f 1032/776/1 1037/778/1 1036/774/1
f 791/779/1 805/777/1 792/769/1
f 1031/780/1 1037/778/1 1032/776/1
f 1031/780/1 1038/781/1 1037/778/1
f 768/775/1 777/782/1 776/770/1
f 1030/783/1 1038/781/1 1031/780/1
f 1030/783/1 1039/784/1 1038/781/1
f 767/785/1 777/782/1 768/775/1
f 791/779/1 806/786/1 805/777/1
f 1029/787/1 1039/784/1 1030/783/1
f 1029/787/1 1040/788/1 1039/784/1
f 790/789/1 806/786/1 791/779/1
f 767/785/1 778/790/1 777/782/1
f 1029/787/1 1041/791/1 1040/788/1
f 1028/792/1 1041/791/1 1029/787/1
f 766/793/1 778/790/1 767/785/1
f 790/789/1 807/794/1 806/786/1
f 1028/792/1 1042/795/1 1041/791/1
f 1027/796/1 1042/795/1 1028/792/1
f 789/797/1 807/794/1 790/789/1
f 1027/796/1 1043/798/1 1042/795/1
f 766/793/1 779/799/1 778/790/1
f 1026/800/1 1043/798/1 1027/796/1
f 765/801/1 779/799/1 766/793/1
f 1026/800/1 1044/802/1 1043/798/1
f 789/797/1 808/803/1 807/794/1
f 1025/804/1 1044/802/1 1026/800/1
f 788/805/1 808/803/1 789/797/1
f 1025/804/1 1045/806/1 1044/802/1
f 1024/807/1 1045/806/1 1025/804/1
f 765/801/1 780/808/1 779/799/1
f 1024/807/1 1046/809/1 1045/806/1
f 764/810/1 780/808/1 765/801/1
f 1023/811/1 1046/809/1 1024/807/1
f 788/805/1 809/812/1 808/803/1
f 1023/811/1 1047/813/1 1046/809/1
f 1022/814/1 1047/813/1 1023/811/1
f 787/815/1 809/812/1 788/805/1
f 1022/814/1 860/816/1 1047/813/1
f 764/810/1 781/817/1 780/808/1
f 1021/818/1 860/816/1 1022/814/1
f 787/815/1 810/819/1 809/812/1
f 763/820/1 781/817/1 764/810/1
f 1021/818/1 861/821/1 860/816/1
f 786/822/1 810/819/1 787/815/1
f 763/820/1 782/823/1 781/817/1
f 786/822/1 785/824/1 810/819/1
f 1021/818/1 862/825/1 861/821/1
f 762/826/1 782/823/1 763/820/1
f 1021/818/1 863/827/1 862/825/1
f 762/826/1 783/828/1 782/823/1
f 761/829/1 783/828/1 762/826/1
f 1021/818/1 864/830/1 863/827/1
f 761/829/1 784/831/1 783/828/1
f 760/832/1 784/831/1 761/829/1
f 1021/818/1 865/833/1 864/830/1
f 760/832/1 759/101/1 784/831/1
f 1021/818/1 866/834/1 865/833/1
f 1021/818/1 867/835/1 866/834/1
f 1021/818/1 868/836/1 867/835/1
f 1021/818/1 869/837/1 868/836/1
f 1021/818/1 870/838/1 869/837/1
f 882/839/1 884/840/1 883/841/1
f 881/842/1 884/840/1 882/839/1
f 880/843/1 884/840/1 881/842/1
f 879/844/1 884/840/1 880/843/1
f 878/845/1 884/840/1 879/844/1
f 1021/818/1 871/846/1 870/838/1
f 877/847/1 884/840/1 878/845/1
f 876/848/1 884/840/1 877/847/1
f 875/849/1 884/840/1 876/848/1
f 874/850/1 884/840/1 875/849/1
f 873/851/1 884/840/1 874/850/1
f 872/852/1 884/840/1 873/851/1
f 1007/853/1 1009/854/1 1008/855/1
f 871/846/1 884/840/1 872/852/1
f 1007/853/1 1010/856/1 1009/854/1
f 1021/818/1 884/840/1 871/846/1
f 1007/853/1 1011/857/1 1010/856/1
f 1007/853/1 1012/858/1 1011/857/1
f 1007/853/1 1013/859/1 1012/858/1
f 1007/853/1 1014/860/1 1013/859/1
f 1007/853/1 1015/861/1 1014/860/1
f 1020/862/1 884/840/1 1021/818/1
f 1007/853/1 1016/863/1 1015/861/1
f 1007/853/1 1017/864/1 1016/863/1
f 1007/853/1 1018/865/1 1017/864/1
f 1007/853/1 1019/866/1 1018/865/1
f 1007/853/1 1020/862/1 1019/866/1
f 1007/853/1 884/840/1 1020/862/1
f 1007/853/1 885/867/1 884/840/1
f 1007/853/1 886/868/1 885/867/1
f 1007/853/1 887/869/1 886/868/1
f 1007/853/1 888/870/1 887/869/1
f 1007/853/1 889/871/1 888/870/1
f 1007/853/1 890/872/1 889/871/1
f 1007/853/1 891/873/1 890/872/1
f 1007/853/1 892/874/1 891/873/1
f 1007/853/1 893/875/1 892/874/1
f 1007/853/1 894/876/1 893/875/1
f 1007/853/1 895/877/1 894/876/1
f 1007/853/1 896/878/1 895/877/1
f 1006/879/1 896/878/1 1007/853/1
f 1006/879/1 994/880/1 896/878/1
f 994/880/1 897/881/1 896/878/1
f 1005/882/1 994/880/1 1006/879/1
f 1004/883/1 994/880/1 1005/882/1
f 1003/884/1 994/880/1 1004/883/1
f 1002/885/1 994/880/1 1003/884/1
f 1001/886/1 994/880/1 1002/885/1
f 1001/886/1 995/887/1 994/880/1
f 993/888/1 897/881/1 994/880/1
f 1000/889/1 995/887/1 1001/886/1
f 999/890/1 995/887/1 1000/889/1
f 998/891/1 995/887/1 999/890/1
f 997/892/1 995/887/1 998/891/1
f 996/893/1 995/887/1 997/892/1
f 992/894/1 897/881/1 993/888/1
f 992/894/1 898/895/1 897/881/1
f 991/896/1 898/895/1 992/894/1
f 991/896/1 899/897/1 898/895/1
f 990/898/1 899/897/1 991/896/1
f 990/898/1 900/899/1 899/897/1
f 989/900/1 900/899/1 990/898/1
f 989/900/1 901/901/1 900/899/1
f 988/902/1 901/901/1 989/900/1
f 988/902/1 902/903/1 901/901/1
f 987/904/1 902/903/1 988/902/1
f 987/904/1 903/905/1 902/903/1
f 986/906/1 903/905/1 987/904/1
f 986/906/1 904/907/1 903/905/1
f 985/908/1 904/907/1 986/906/1
f 985/908/1 905/909/1 904/907/1
f 984/910/1 905/909/1 985/908/1
f 984/910/1 906/911/1 905/909/1
f 983/912/1 906/911/1 984/910/1
f 983/912/1 907/913/1 906/911/1
f 982/914/1 907/913/1 983/912/1
f 969/915/1 971/916/1 970/917/1
f 969/915/1 972/918/1 971/916/1
f 969/915/1 973/919/1 972/918/1
f 969/915/1 974/920/1 973/919/1
f 969/915/1 975/921/1 974/920/1
f 968/922/1 975/921/1 969/915/1
f 968/922/1 976/923/1 975/921/1
f 968/922/1 977/924/1 976/923/1
f 968/922/1 978/925/1 977/924/1
f 968/922/1 979/926/1 978/925/1
f 968/922/1 980/927/1 979/926/1
f 967/928/1 980/927/1 968/922/1
f 967/928/1 981/929/1 980/927/1
f 967/928/1 982/914/1 981/929/1
f 967/928/1 907/913/1 982/914/1
f 967/928/1 908/930/1 907/913/1
f 966/931/1 908/930/1 967/928/1
f 965/932/1 908/930/1 966/931/1
f 964/933/1 908/930/1 965/932/1
f 964/933/1 909/934/1 908/930/1
f 964/933/1 910/935/1 909/934/1
f 963/936/1 910/935/1 964/933/1
f 963/936/1 911/937/1 910/935/1
f 962/938/1 811/939/1 963/936/1
f 811/939/1 859/940/1 963/936/1
f 859/940/1 911/937/1 963/936/1
f 859/940/1 858/941/1 911/937/1
f 858/941/1 912/942/1 911/937/1
f 857/943/1 912/942/1 858/941/1
f 856/944/1 912/942/1 857/943/1
f 962/938/1 812/945/1 811/939/1
f 855/946/1 912/942/1 856/944/1
f 854/947/1 912/942/1 855/946/1
f 962/938/1 813/948/1 812/945/1
f 853/949/1 912/942/1 854/947/1
f 852/950/1 912/942/1 853/949/1
f 851/951/1 912/942/1 852/950/1
f 962/938/1 814/952/1 813/948/1
f 850/953/1 912/942/1 851/951/1
f 850/953/1 913/954/1 912/942/1
f 849/955/1 913/954/1 850/953/1
f 962/938/1 815/956/1 814/952/1
f 848/957/1 913/954/1 849/955/1
f 961/958/1 815/956/1 962/938/1
f 847/959/1 913/954/1 848/957/1
f 961/958/1 816/960/1 815/956/1
f 846/961/1 913/954/1 847/959/1
f 846/961/1 914/962/1 913/954/1
f 961/958/1 817/963/1 816/960/1
f 846/961/1 915/964/1 914/962/1
f 960/965/1 817/963/1 961/958/1
f 960/965/1 818/966/1 817/963/1
f 960/965/1 819/967/1 818/966/1
f 846/961/1 933/968/1 915/964/1
f 933/968/1 916/969/1 915/964/1
f 960/965/1 820/970/1 819/967/1
f 959/971/1 820/970/1 960/965/1
f 845/972/1 933/968/1 846/961/1
f 845/972/1 934/973/1 933/968/1
f 932/974/1 916/969/1 933/968/1
f 932/974/1 917/975/1 916/969/1
f 931/976/1 917/975/1 932/974/1
f 959/971/1 821/977/1 820/970/1
f 931/976/1 918/978/1 917/975/1
f 930/979/1 918/978/1 931/976/1
f 844/980/1 934/973/1 845/972/1
f 958/981/1 821/977/1 959/971/1
f 958/981/1 822/982/1 821/977/1
f 844/980/1 935/983/1 934/973/1
f 929/984/1 918/978/1 930/979/1
f 929/984/1 919/985/1 918/978/1
f 958/981/1 823/986/1 822/982/1
f 843/987/1 935/983/1 844/980/1
f 928/988/1 919/985/1 929/984/1
f 928/988/1 920/989/1 919/985/1
f 957/990/1 823/986/1 958/981/1
f 843/987/1 936/991/1 935/983/1
f 927/992/1 920/989/1 928/988/1
f 957/990/1 824/993/1 823/986/1
f 842/994/1 936/991/1 843/987/1
f 927/992/1 926/995/1 920/989/1
f 926/995/1 925/996/1 920/989/1
f 925/996/1 924/997/1 920/989/1
f 924/997/1 923/998/1 920/989/1
f 923/998/1 922/999/1 920/989/1
f 922/999/1 921/1000/1 920/989/1
f 957/990/1 825/1001/1 824/993/1
f 841/1002/1 936/991/1 842/994/1
f 956/1003/1 825/1001/1 957/990/1
f 841/1002/1 937/1004/1 936/991/1
f 956/1003/1 826/1005/1 825/1001/1
f 840/1006/1 937/1004/1 841/1002/1
f 956/1003/1 827/1007/1 826/1005/1
f 839/1008/1 937/1004/1 840/1006/1
f 955/1009/1 827/1007/1 956/1003/1
f 839/1008/1 938/1010/1 937/1004/1
f 955/1009/1 828/1011/1 827/1007/1
f 838/1012/1 938/1010/1 839/1008/1
f 955/1009/1 829/1013/1 828/1011/1
f 955/1009/1 830/1014/1 829/1013/1
f 837/1015/1 938/1010/1 838/1012/1
f 954/1016/1 830/1014/1 955/1009/1
f 837/1015/1 939/1017/1 938/1010/1
f 954/1016/1 831/1018/1 830/1014/1
f 836/1019/1 939/1017/1 837/1015/1
f 954/1016/1 832/1020/1 831/1018/1
f 835/1021/1 939/1017/1 836/1019/1
f 954/1016/1 833/1022/1 832/1020/1
f 834/1023/1 939/1017/1 835/1021/1
f 954/1016/1 834/1023/1 833/1022/1
f 954/1016/1 939/1017/1 834/1023/1
f 953/1024/1 939/1017/1 954/1016/1
f 953/1024/1 940/1025/1 939/1017/1
f 952/1026/1 940/1025/1 953/1024/1
f 952/1026/1 941/1027/1 940/1025/1
f 951/1028/1 941/1027/1 952/1026/1
f 951/1028/1 942/1029/1 941/1027/1
f 950/1030/1 942/1029/1 951/1028/1
f 950/1030/1 943/1031/1 942/1029/1
f 949/1032/1 943/1031/1 950/1030/1
f 949/1032/1 944/1033/1 943/1031/1
f 948/1034/1 944/1033/1 949/1032/1
f 948/1034/1 945/1035/1 944/1033/1
f 947/1036/1 945/1035/1 948/1034/1
f 947/1036/1 946/1037/1 945/1035/1
f 1397/1038/1 1171/101/1 1398/3/1
f 1397/1038/1 1172/1039/1 1171/101/1
f 1396/1040/1 1172/1039/1 1397/1038/1
f 1396/1040/1 1173/1041/1 1172/1039/1
f 1395/1042/1 1173/1041/1 1396/1040/1
f 1395/1042/1 1174/1043/1 1173/1041/1
f 1394/1044/1 1174/1043/1 1395/1042/1
f 1393/1045/1 1174/1043/1 1394/1044/1
f 1393/1045/1 1175/1046/1 1174/1043/1
f 1392/1047/1 1175/1046/1 1393/1045/1
f 1392/1047/1 1176/1048/1 1175/1046/1
f 1391/1049/1 1176/1048/1 1392/1047/1
f 1390/1050/1 1176/1048/1 1391/1049/1
f 1390/1050/1 1177/1051/1 1176/1048/1
f 1389/1052/1 1177/1051/1 1390/1050/1
f 1388/1053/1 1177/1051/1 1389/1052/1
f 1388/1053/1 1178/1054/1 1177/1051/1
f 1387/1055/1 1178/1054/1 1388/1053/1
f 1386/1056/1 1178/1054/1 1387/1055/1
f 1385/1057/1 1178/1054/1 1386/1056/1
f 1385/1057/1 1179/1058/1 1178/1054/1
f 1385/1057/1 1180/1059/1 1179/1058/1
f 1385/1057/1 1181/1060/1 1180/1059/1
f 1385/1057/1 1182/1061/1 1181/1060/1
f 1385/1057/1 1183/1062/1 1182/1061/1
f 1183/1062/1 1185/1063/1 1184/1064/1
f 1385/1057/1 1185/1063/1 1183/1062/1
f 1384/1065/1 1185/1063/1 1385/1057/1
f 1383/1066/1 1185/1063/1 1384/1065/1
f 1382/1067/1 1185/1063/1 1383/1066/1
f 1381/1068/1 1185/1063/1 1382/1067/1
f 1380/1069/1 1185/1063/1 1381/1068/1
f 1379/1070/1 1185/1063/1 1380/1069/1
f 1378/1071/1 1185/1063/1 1379/1070/1
f 1377/1072/1 1185/1063/1 1378/1071/1
f 1376/1073/1 1185/1063/1 1377/1072/1
f 1375/1074/1 1185/1063/1 1376/1073/1
f 1374/1075/1 1185/1063/1 1375/1074/1
f 1373/1076/1 1185/1063/1 1374/1075/1
f 1372/1077/1 1185/1063/1 1373/1076/1
f 1371/1078/1 1185/1063/1 1372/1077/1
f 1370/1079/1 1185/1063/1 1371/1078/1
f 1369/1080/1 1185/1063/1 1370/1079/1
f 1368/1081/1 1185/1063/1 1369/1080/1
f 1360/1082/1 1362/1083/1 1361/1084/1
f 1368/1081/1 1186/1085/1 1185/1063/1
f 1367/1086/1 1186/1085/1 1368/1081/1
f 1360/1082/1 1363/1087/1 1362/1083/1
f 1366/1088/1 1186/1085/1 1367/1086/1
f 1360/1082/1 1364/1089/1 1363/1087/1
f 1365/1090/1 1186/1085/1 1366/1088/1
f 1360/1082/1 1365/1090/1 1364/1089/1
f 1360/1082/1 1186/1085/1 1365/1090/1
f 1360/1082/1 1187/1091/1 1186/1085/1
f 1209/1092/1 1211/1093/1 1210/1094/1
f 1360/1082/1 1188/1095/1 1187/1091/1
f 1208/1096/1 1211/1093/1 1209/1092/1
f 1208/1096/1 1212/1097/1 1211/1093/1
f 1207/1098/1 1212/1097/1 1208/1096/1
f 1360/1082/1 1189/1099/1 1188/1095/1
f 1206/1100/1 1212/1097/1 1207/1098/1
f 1206/1100/1 1213/1101/1 1212/1097/1
f 1360/1082/1 1190/1102/1 1189/1099/1
f 1205/1103/1 1213/1101/1 1206/1100/1
f 1360/1082/1 1191/1104/1 1190/1102/1
f 1205/1103/1 1214/1105/1 1213/1101/1
f 1204/1106/1 1214/1105/1 1205/1103/1
f 1360/1082/1 1192/1107/1 1191/1104/1
f 1203/1108/1 1214/1105/1 1204/1106/1
f 1360/1082/1 1359/1109/1 1192/1107/1
f 1359/1109/1 1193/1110/1 1192/1107/1
f 1203/1108/1 1215/1111/1 1214/1105/1
f 1359/1109/1 1194/1112/1 1193/1110/1
f 1202/1113/1 1215/1111/1 1203/1108/1
f 1359/1109/1 1195/1114/1 1194/1112/1
f 1358/1115/1 1195/1114/1 1359/1109/1
f 1202/1113/1 1216/1116/1 1215/1111/1
f 1358/1115/1 1196/1117/1 1195/1114/1
f 1201/1118/1 1216/1116/1 1202/1113/1
f 1358/1115/1 1197/1119/1 1196/1117/1
f 1358/1115/1 1198/1120/1 1197/1119/1
f 1200/1121/1 1260/1122/1 1201/1118/1
f 1260/1122/1 1259/1123/1 1201/1118/1
f 1259/1123/1 1216/1116/1 1201/1118/1
f 1259/1123/1 1258/1124/1 1216/1116/1
f 1258/1124/1 1217/1125/1 1216/1116/1
f 1200/1121/1 1261/1126/1 1260/1122/1
f 1257/1127/1 1217/1125/1 1258/1124/1
f 1200/1121/1 1262/1128/1 1261/1126/1
f 1256/1129/1 1217/1125/1 1257/1127/1
f 1200/1121/1 1263/1130/1 1262/1128/1
f 1199/1131/1 1263/1130/1 1200/1121/1
f 1255/1132/1 1217/1125/1 1256/1129/1
f 1199/1131/1 1264/1133/1 1263/1130/1
f 1255/1132/1 1218/1134/1 1217/1125/1
f 1199/1131/1 1265/1135/1 1264/1133/1
f 1254/1136/1 1218/1134/1 1255/1132/1
f 1198/1120/1 1265/1135/1 1199/1131/1
f 1198/1120/1 1266/1137/1 1265/1135/1
f 1253/1138/1 1218/1134/1 1254/1136/1
f 1253/1138/1 1219/1139/1 1218/1134/1
f 1358/1115/1 1266/1137/1 1198/1120/1
f 1358/1115/1 1267/1140/1 1266/1137/1
f 1252/1141/1 1219/1139/1 1253/1138/1
f 1358/1115/1 1268/1142/1 1267/1140/1
f 1357/1143/1 1268/1142/1 1358/1115/1
f 1252/1141/1 1220/1144/1 1219/1139/1
f 1251/1145/1 1220/1144/1 1252/1141/1
f 1357/1143/1 1269/1146/1 1268/1142/1
f 1356/1147/1 1269/1146/1 1357/1143/1
f 1250/1148/1 1220/1144/1 1251/1145/1
f 1356/1147/1 1270/1149/1 1269/1146/1
f 1250/1148/1 1221/1150/1 1220/1144/1
f 1355/1151/1 1270/1149/1 1356/1147/1
f 1249/1152/1 1221/1150/1 1250/1148/1
f 1355/1151/1 1271/1153/1 1270/1149/1
f 1248/1154/1 1221/1150/1 1249/1152/1
f 1354/1155/1 1271/1153/1 1355/1151/1
f 1248/1154/1 1222/1156/1 1221/1150/1
f 1354/1155/1 1272/1157/1 1271/1153/1
f 1354/1155/1 1273/1158/1 1272/1157/1
f 1247/1159/1 1222/1156/1 1248/1154/1
f 1354/1155/1 1274/1160/1 1273/1158/1
f 1353/1161/1 1274/1160/1 1354/1155/1
f 1353/1161/1 1275/1162/1 1274/1160/1
f 1246/1163/1 1222/1156/1 1247/1159/1
f 1246/1163/1 1223/1164/1 1222/1156/1
f 1353/1161/1 1276/1165/1 1275/1162/1
f 1353/1161/1 1277/1166/1 1276/1165/1
f 1352/1167/1 1333/1168/1 1353/1161/1
f 1333/1168/1 1277/1166/1 1353/1161/1
f 1333/1168/1 1278/1169/1 1277/1166/1
f 1352/1167/1 1334/1170/1 1333/1168/1
f 1332/1171/1 1278/1169/1 1333/1168/1
f 1332/1171/1 1279/1172/1 1278/1169/1
f 1245/1173/1 1223/1164/1 1246/1163/1
f 1332/1171/1 1280/1174/1 1279/1172/1
f 1351/1175/1 1334/1170/1 1352/1167/1
f 1351/1175/1 1335/1176/1 1334/1170/1
f 1245/1173/1 1224/1177/1 1223/1164/1
f 1332/1171/1 1281/1178/1 1280/1174/1
f 1332/1171/1 1282/1179/1 1281/1178/1
f 1351/1175/1 1336/1180/1 1335/1176/1
f 1331/1181/1 1282/1179/1 1332/1171/1
f 1331/1181/1 1283/1182/1 1282/1179/1
f 1350/1183/1 1336/1180/1 1351/1175/1
f 1244/1184/1 1224/1177/1 1245/1173/1
f 1331/1181/1 1284/1185/1 1283/1182/1
f 1350/1183/1 1337/1186/1 1336/1180/1
f 1244/1184/1 1225/1187/1 1224/1177/1
f 1330/1188/1 1284/1185/1 1331/1181/1
f 1330/1188/1 1285/1189/1 1284/1185/1
f 1349/1190/1 1337/1186/1 1350/1183/1
f 1349/1190/1 1338/1191/1 1337/1186/1
f 1243/1192/1 1225/1187/1 1244/1184/1
f 1329/1193/1 1285/1189/1 1330/1188/1
f 1329/1193/1 1286/1194/1 1285/1189/1
f 1349/1190/1 1339/1195/1 1338/1191/1
f 1348/1196/1 1339/1195/1 1349/1190/1
f 1243/1192/1 1226/1197/1 1225/1187/1
f 1242/1198/1 1226/1197/1 1243/1192/1
f 1328/1199/1 1286/1194/1 1329/1193/1
f 1328/1199/1 1287/1200/1 1286/1194/1
f 1348/1196/1 1340/1201/1 1339/1195/1
f 1347/1202/1 1340/1201/1 1348/1196/1
f 1327/1203/1 1287/1200/1 1328/1199/1
f 1327/1203/1 1288/1204/1 1287/1200/1
f 1241/1205/1 1226/1197/1 1242/1198/1
f 1347/1202/1 1341/1206/1 1340/1201/1
f 1241/1205/1 1227/1207/1 1226/1197/1
f 1346/1208/1 1341/1206/1 1347/1202/1
f 1326/1209/1 1288/1204/1 1327/1203/1
f 1326/1209/1 1289/1210/1 1288/1204/1
f 1346/1208/1 1342/1211/1 1341/1206/1
f 1240/1212/1 1227/1207/1 1241/1205/1
f 1345/1213/1 1342/1211/1 1346/1208/1
f 1325/1214/1 1289/1210/1 1326/1209/1
f 1325/1214/1 1290/1215/1 1289/1210/1
f 1240/1212/1 1228/1216/1 1227/1207/1
f 1345/1213/3 1343/1217/3 1342/1211/3
f 1239/1218/1 1228/1216/1 1240/1212/1
f 1324/1219/1 1290/1215/1 1325/1214/1
f 1324/1219/1 1291/1220/1 1290/1215/1
f 1345/1213/1 1344/1221/1 1343/1217/1
f 1238/1222/1 1228/1216/1 1239/1218/1
f 1238/1222/1 1229/1223/1 1228/1216/1
f 1323/1224/1 1291/1220/1 1324/1219/1
f 1323/1224/1 1292/1225/1 1291/1220/1
f 1237/1226/1 1229/1223/1 1238/1222/1
f 1236/1227/1 1229/1223/1 1237/1226/1
f 1322/1228/1 1292/1225/1 1323/1224/1
f 1322/1228/1 1293/1229/1 1292/1225/1
f 1236/1227/1 1230/1230/1 1229/1223/1
f 1235/1231/1 1230/1230/1 1236/1227/1
f 1234/1232/1 1230/1230/1 1235/1231/1
f 1321/1233/1 1293/1229/1 1322/1228/1
f 1321/1233/1 1294/1234/1 1293/1229/1
f 1234/1232/1 1231/1235/1 1230/1230/1
f 1321/1233/1 1295/1236/1 1294/1234/1
f 1320/1237/1 1295/1236/1 1321/1233/1
f 1234/1232/1 1232/1238/1 1231/1235/1
f 1234/1232/1 1233/1239/1 1232/1238/1
f 1320/1237/1 1296/1240/1 1295/1236/1
f 1319/1241/1 1296/1240/1 1320/1237/1
f 1319/1241/1 1297/1242/1 1296/1240/1
f 1318/1243/1 1297/1242/1 1319/1241/1
f 1318/1243/1 1298/1244/1 1297/1242/1
f 1317/1245/1 1298/1244/1 1318/1243/1
f 1317/1245/1 1299/1246/1 1298/1244/1
f 1316/1247/1 1299/1246/1 1317/1245/1
f 1316/1247/1 1300/1248/1 1299/1246/1
f 1315/1249/1 1300/1248/1 1316/1247/1
f 1315/1249/1 1301/1250/1 1300/1248/1
f 1314/1251/1 1301/1250/1 1315/1249/1
f 1314/1251/1 1302/1252/1 1301/1250/1
f 1313/1253/1 1302/1252/1 1314/1251/1
f 1313/1253/1 1303/1254/1 1302/1252/1
f 1312/1255/1 1303/1254/1 1313/1253/1
f 1312/1255/1 1304/1256/1 1303/1254/1
f 1311/1257/1 1304/1256/1 1312/1255/1
f 1311/1257/1 1305/1258/1 1304/1256/1
f 1310/1259/1 1305/1258/1 1311/1257/1
f 1310/1259/1 1306/1260/1 1305/1258/1
f 1309/1261/1 1306/1260/1 1310/1259/1
f 1309/1261/1 1307/1262/1 1306/1260/1
f 1308/1263/1 1307/1262/1 1309/1261/1
f 1478/1264/1 1480/1265/1 1479/1266/1
f 1478/1264/1 1481/1267/1 1480/1265/1
f 1478/1264/1 1482/1268/1 1481/1267/1
f 1478/1264/1 1483/1269/1 1482/1268/1
f 1478/1264/1 1484/1270/1 1483/1269/1
f 1477/1271/1 1484/1270/1 1478/1264/1
f 1477/1271/1 1485/1272/1 1484/1270/1
f 1476/1273/1 1485/1272/1 1477/1271/1
f 1475/1274/1 1485/1272/1 1476/1273/1
f 1475/1274/1 1486/1275/1 1485/1272/1
f 1474/1276/1 1486/1275/1 1475/1274/1
f 1474/1276/1 1487/1277/1 1486/1275/1
f 1473/1278/1 1487/1277/1 1474/1276/1
f 1473/1278/1 1488/1279/1 1487/1277/1
f 1472/1280/1 1488/1279/1 1473/1278/1
f 1472/1280/1 1489/1281/1 1488/1279/1
f 1471/1282/1 1489/1281/1 1472/1280/1
f 1471/1282/1 1490/1283/1 1489/1281/1
f 1470/1284/1 1490/1283/1 1471/1282/1
f 1469/1285/1 1490/1283/1 1470/1284/1
f 1469/1285/1 1491/1286/1 1490/1283/1
f 1468/1287/1 1491/1286/1 1469/1285/1
f 1468/1287/1 1492/1288/1 1491/1286/1
f 1467/1289/1 1492/1288/1 1468/1287/1
f 1466/1290/1 1492/1288/1 1467/1289/1
f 1465/1291/1 1492/1288/1 1466/1290/1
f 1515/1292/1 1517/1293/1 1516/1294/1
f 1514/1295/1 1517/1293/1 1515/1292/1
f 1513/1296/1 1517/1293/1 1514/1295/1
f 1512/1297/1 1517/1293/1 1513/1296/1
f 1511/1298/1 1517/1293/1 1512/1297/1
f 1510/1299/1 1517/1293/1 1511/1298/1
f 1509/1300/1 1517/1293/1 1510/1299/1
f 1508/1301/1 1517/1293/1 1509/1300/1
f 1507/1302/1 1517/1293/1 1508/1301/1
f 1506/1303/1 1517/1293/1 1507/1302/1
f 1505/1304/1 1517/1293/1 1506/1303/1
f 1504/1305/1 1517/1293/1 1505/1304/1
f 1503/1306/1 1517/1293/1 1504/1305/1
f 1502/1307/1 1517/1293/1 1503/1306/1
f 1501/1308/1 1517/1293/1 1502/1307/1
f 1500/1309/1 1517/1293/1 1501/1308/1
f 1499/1310/1 1517/1293/1 1500/1309/1
f 1498/1311/1 1517/1293/1 1499/1310/1
f 1498/1311/1 1518/1312/1 1517/1293/1
f 1497/1313/1 1518/1312/1 1498/1311/1
f 1496/1314/1 1518/1312/1 1497/1313/1
f 1495/1315/1 1518/1312/1 1496/1314/1
f 1495/1315/1 1519/1316/1 1518/1312/1
f 1494/1317/1 1519/1316/1 1495/1315/1
f 1493/1318/1 1519/1316/1 1494/1317/1
f 1492/1288/1 1519/1316/1 1493/1318/1
f 1465/1291/1 1519/1316/1 1492/1288/1
f 1465/1291/1 1411/1319/1 1519/1316/1
f 1411/1319/1 1520/1320/1 1519/1316/1
f 1465/1291/1 1412/1321/1 1411/1319/1
f 1410/1322/1 1520/1320/1 1411/1319/1
f 1464/433/1 1412/1321/1 1465/1291/1
f 1409/1323/1 1520/1320/1 1410/1322/1
f 1409/1323/1 1521/1324/1 1520/1320/1
f 1463/1325/1 1412/1321/1 1464/433/1
f 1462/1326/1 1412/1321/1 1463/1325/1
f 1408/1327/1 1521/1324/1 1409/1323/1
f 1461/1328/1 1412/1321/1 1462/1326/1
f 1460/1329/1 1412/1321/1 1461/1328/1
f 1459/1330/1 1412/1321/1 1460/1329/1
f 1458/1331/1 1412/1321/1 1459/1330/1
f 1457/1332/1 1412/1321/1 1458/1331/1
f 1456/1333/1 1412/1321/1 1457/1332/1
f 1455/1334/1 1412/1321/1 1456/1333/1
f 1454/1335/1 1412/1321/1 1455/1334/1
f 1453/1336/1 1412/1321/1 1454/1335/1
f 1452/1337/1 1412/1321/1 1453/1336/1
f 1451/1338/1 1412/1321/1 1452/1337/1
f 1408/1327/1 1522/1339/1 1521/1324/1
f 1407/1340/1 1522/1339/1 1408/1327/1
f 1451/1338/1 1450/1341/1 1412/1321/1
f 1450/1341/1 1413/1342/1 1412/1321/1
f 1406/1343/1 1522/1339/1 1407/1340/1
f 1406/1343/1 1523/1344/1 1522/1339/1
f 1449/1345/1 1413/1342/1 1450/1341/1
f 1405/1346/1 1523/1344/1 1406/1343/1
f 1449/1345/1 1414/1347/1 1413/1342/1
f 1405/1346/1 1524/1348/1 1523/1344/1
f 1404/1349/1 1524/1348/1 1405/1346/1
f 1403/1350/1 1524/1348/1 1404/1349/1
f 1403/1350/1 1525/1351/1 1524/1348/1
f 1449/1345/1 1415/1352/1 1414/1347/1
f 1402/1353/1 1525/1351/1 1403/1350/1
f 1402/1353/1 1526/1354/1 1525/1351/1
f 1401/1355/1 1526/1354/1 1402/1353/1
f 1449/1345/1 1416/1356/1 1415/1352/1
f 1400/1357/1 1526/1354/1 1401/1355/1
f 1400/1357/1 1527/1358/1 1526/1354/1
f 1399/101/1 1527/1358/1 1400/1357/1
f 1399/101/1 1528/1359/1 1527/1358/1
f 1529/3/1 1528/1359/1 1399/101/1
f 1449/1345/1 1417/1360/1 1416/1356/1
f 1449/1345/1 1418/1361/1 1417/1360/1
f 1449/1345/1 1419/1362/1 1418/1361/1
f 1449/1345/1 1420/1363/1 1419/1362/1
f 1449/1345/1 1421/1364/1 1420/1363/1
f 1449/1345/1 1422/1365/1 1421/1364/1
f 1449/1345/1 1423/1366/1 1422/1365/1
f 1449/1345/1 1424/1367/1 1423/1366/1
f 1449/1345/1 1425/1368/1 1424/1367/1
f 1449/1345/1 1426/1369/1 1425/1368/1
f 1449/1345/1 1427/1370/1 1426/1369/1
f 1449/1345/1 1428/1371/1 1427/1370/1
f 1448/1372/1 1428/1371/1 1449/1345/1
f 1448/1372/1 1429/1373/1 1428/1371/1
f 1447/1374/1 1429/1373/1 1448/1372/1
f 1447/1374/1 1430/1375/1 1429/1373/1
f 1446/1376/1 1430/1375/1 1447/1374/1
f 1446/1376/1 1431/1377/1 1430/1375/1
f 1445/1378/1 1431/1377/1 1446/1376/1
f 1445/1378/1 1432/1379/1 1431/1377/1
f 1444/1380/1 1432/1379/1 1445/1378/1
f 1444/1380/1 1433/1381/1 1432/1379/1
f 1443/1382/1 1433/1381/1 1444/1380/1
f 1443/1382/1 1434/1383/1 1433/1381/1
f 1442/1384/1 1434/1383/1 1443/1382/1
f 1442/1384/1 1435/1385/1 1434/1383/1
f 1441/1386/1 1435/1385/1 1442/1384/1
f 1441/1386/1 1436/1387/1 1435/1385/1
f 1440/1388/1 1436/1387/1 1441/1386/1
f 1440/1388/1 1439/1389/1 1436/1387/1
f 1439/1389/1 1438/1390/1 1436/1387/1
f 1438/1390/1 1437/1391/1 1436/1387/1
f 1664/1392/1 1666/1393/1 1665/1394/1
f 1626/1395/1 1628/771/1 1627/1396/1
f 1664/1392/1 1667/1397/1 1666/1393/1
f 1625/1398/1 1628/771/1 1626/1395/1
f 1664/1392/1 1668/1399/1 1667/1397/1
f 1624/1400/1 1628/771/1 1625/1398/1
f 1664/1392/1 1669/1401/1 1668/1399/1
f 1623/1402/1 1628/771/1 1624/1400/1
f 1664/1392/1 1670/1403/1 1669/1401/1
f 1664/1392/1 1671/1404/1 1670/1403/1
f 1622/1405/1 1628/771/1 1623/1402/1
f 1664/1392/1 1672/1406/1 1671/1404/1
f 1621/1407/1 1628/771/1 1622/1405/1
f 1664/1392/1 1673/1408/1 1672/1406/1
f 1620/1409/1 1628/771/1 1621/1407/1
f 1619/1410/1 1628/771/1 1620/1409/1
f 1664/1392/1 1674/1411/1 1673/1408/1
f 1618/1412/1 1628/771/1 1619/1410/1
f 1664/1392/1 1675/1413/1 1674/1411/1
f 1617/1414/1 1628/771/1 1618/1412/1
f 1664/1392/1 1676/1415/1 1675/1413/1
f 1616/1416/1 1628/771/1 1617/1414/1
f 1664/1392/1 1677/3/1 1676/1415/1
f 1615/1417/1 1628/771/1 1616/1416/1
f 1664/1392/1 1604/1418/1 1677/3/1
f 1664/1392/1 1605/1419/1 1604/1418/1
f 1664/1392/1 1606/1420/1 1605/1419/1
f 1664/1392/1 1607/1421/1 1606/1420/1
f 1664/1392/1 1608/1422/1 1607/1421/1
f 1664/1392/1 1609/1423/1 1608/1422/1
f 1664/1392/1 1610/1424/1 1609/1423/1
f 1664/1392/1 1611/1425/1 1610/1424/1
f 1664/1392/1 1612/1426/1 1611/1425/1
f 1664/1392/1 1613/1427/1 1612/1426/1
f 1664/1392/1 1614/280/1 1613/1427/1
f 1664/1392/1 1615/1417/1 1614/280/1
f 1664/1392/1 1658/1428/1 1615/1417/1
f 1658/1428/1 1657/1429/1 1615/1417/1
f 1657/1429/1 1656/329/1 1615/1417/1
f 1656/329/1 1655/1430/1 1615/1417/1
f 1655/1430/1 1654/1431/1 1615/1417/1
f 1654/1431/1 1653/1432/1 1615/1417/1
f 1653/1432/1 1652/1433/1 1615/1417/1
f 1652/1433/1 1651/1434/1 1615/1417/1
f 1651/1434/1 1650/1435/1 1615/1417/1
f 1650/1435/1 1649/1436/1 1615/1417/1
f 1649/1436/1 1647/1437/1 1615/1417/1
f 1647/1437/1 1646/1438/1 1615/1417/1
f 1646/1438/1 1645/1439/1 1615/1417/1
f 1645/1439/1 1644/1440/1 1615/1417/1
f 1644/1440/1 1642/1441/1 1615/1417/1
f 1642/1441/1 1641/1442/1 1615/1417/1
f 1641/1442/1 1640/1443/1 1615/1417/1
f 1640/1443/1 1639/1444/1 1615/1417/1
f 1639/1444/1 1638/1445/1 1615/1417/1
f 1638/1445/1 1637/1446/1 1615/1417/1
f 1637/1446/1 1636/1447/1 1615/1417/1
f 1636/1447/1 1635/349/1 1615/1417/1
f 1635/349/1 1634/1448/1 1615/1417/1
f 1634/1448/1 1633/1449/1 1615/1417/1
f 1633/1449/1 1632/1450/1 1615/1417/1
f 1632/1450/1 1631/1451/1 1615/1417/1
f 1631/1451/1 1630/1452/1 1615/1417/1
f 1630/1452/1 1629/1453/1 1615/1417/1
f 1629/1453/1 1628/771/1 1615/1417/1
f 1648/1454/1 1647/1437/1 1649/1436/1
f 1643/1455/1 1642/1441/1 1644/1440/1
f 1664/1392/4 1659/1456/4 1658/1428/4
f 1664/1392/1 1660/1457/1 1659/1456/1
f 1664/1392/1 1661/1458/1 1660/1457/1
f 1664/1392/1 1662/1459/1 1661/1458/1
f 1664/1392/1 1663/1460/1 1662/1459/1
f 1590/1461/1 1592/1462/1 1591/1463/1
f 1552/1464/1 1554/1465/1 1553/1466/1
f 1590/1461/1 1593/205/1 1592/1462/1
f 1551/254/1 1554/1465/1 1552/1464/1
f 1590/1461/1 1594/1467/1 1593/205/1
f 1550/1468/1 1554/1465/1 1551/254/1
f 1590/1461/1 1595/1469/1 1594/1467/1
f 1549/1470/1 1554/1465/1 1550/1468/1
f 1590/1461/1 1596/1471/1 1595/1469/1
f 1548/1472/1 1554/1465/1 1549/1470/1
f 1590/1461/1 1597/1473/1 1596/1471/1
f 1547/1474/1 1554/1465/1 1548/1472/1
f 1590/1461/1 1598/1475/1 1597/1473/1
f 1546/1476/1 1554/1465/1 1547/1474/1
f 1590/1461/1 1599/1477/1 1598/1475/1
f 1545/1478/1 1554/1465/1 1546/1476/1
f 1590/1461/1 1600/1479/1 1599/1477/1
f 1544/1480/1 1554/1465/1 1545/1478/1
f 1590/1461/1 1601/1481/1 1600/1479/1
f 1543/1482/1 1554/1465/1 1544/1480/1
f 1590/1461/1 1602/1483/1 1601/1481/1
f 1542/1484/1 1554/1465/1 1543/1482/1
f 1590/1461/1 1603/1485/1 1602/1483/1
f 1541/1486/1 1554/1465/1 1542/1484/1
f 1590/1461/1 1530/101/1 1603/1485/1
f 1590/1461/1 1531/1487/1 1530/101/1
f 1590/1461/1 1532/1488/1 1531/1487/1
f 1590/1461/1 1533/1489/1 1532/1488/1
f 1590/1461/1 1534/1490/1 1533/1489/1
f 1590/1461/1 1535/1491/1 1534/1490/1
f 1590/1461/1 1536/1492/1 1535/1491/1
f 1590/1461/1 1537/1493/1 1536/1492/1
f 1590/1461/1 1538/1494/1 1537/1493/1
f 1590/1461/1 1539/1495/1 1538/1494/1
f 1590/1461/1 1540/1496/1 1539/1495/1
f 1590/1461/1 1541/1486/1 1540/1496/1
f 1590/1461/1 1586/1497/1 1541/1486/1
f 1586/1497/1 1585/1498/1 1541/1486/1
f 1585/1498/1 1584/1499/1 1541/1486/1
f 1584/1499/1 1583/1500/1 1541/1486/1
f 1583/1500/1 1582/1501/1 1541/1486/1
f 1582/1501/1 1581/1502/1 1541/1486/1
f 1581/1502/1 1580/1503/1 1541/1486/1
f 1580/1503/1 1579/878/1 1541/1486/1
f 1579/878/1 1578/1504/1 1541/1486/1
f 1578/1504/1 1577/1505/1 1541/1486/1
f 1577/1505/1 1576/1506/1 1541/1486/1
f 1576/1506/1 1575/1507/1 1541/1486/1
f 1575/1507/1 1574/1508/1 1541/1486/1
f 1574/1508/1 1573/1509/1 1541/1486/1
f 1573/1509/1 1572/216/1 1541/1486/1
f 1572/216/1 1571/1510/1 1541/1486/1
f 1571/1510/1 1570/1511/1 1541/1486/1
f 1570/1511/1 1569/1512/1 1541/1486/1
f 1569/1512/1 1568/1513/1 1541/1486/1
f 1568/1513/1 1567/1514/1 1541/1486/1
f 1567/1514/1 1566/1515/1 1541/1486/1
f 1566/1515/1 1565/1516/1 1541/1486/1
f 1565/1516/1 1564/1517/1 1541/1486/1
f 1564/1517/1 1563/1518/1 1541/1486/1
f 1563/1518/1 1562/1519/1 1541/1486/1
f 1562/1519/1 1561/1520/1 1541/1486/1
f 1561/1520/1 1560/1521/1 1541/1486/1
f 1560/1521/1 1559/1522/1 1541/1486/1
f 1559/1522/1 1558/1523/1 1541/1486/1
f 1558/1523/1 1557/1524/1 1541/1486/1
f 1557/1524/1 1556/1525/1 1541/1486/1
f 1556/1525/1 1555/1526/1 1541/1486/1
f 1555/1526/1 1554/1465/1 1541/1486/1
f 1590/1461/5 1587/1527/5 1586/1497/5
f 1590/1461/1 1588/1528/1 1587/1527/1
f 1590/1461/1 1589/1529/1 1588/1528/1
f 1798/1/1 1726/2/1 1799/3/1
f 1797/5/1 1726/2/1 1798/1/1
f 1797/5/1 1727/4/1 1726/2/1
f 1796/7/1 1727/4/1 1797/5/1
f 1796/7/1 1728/6/1 1727/4/1
f 1795/9/1 1728/6/1 1796/7/1
f 1795/9/1 1729/8/1 1728/6/1
f 1794/11/1 1729/8/1 1795/9/1
f 1794/11/1 1730/10/1 1729/8/1
f 1793/13/1 1730/10/1 1794/11/1
f 1793/13/1 1731/12/1 1730/10/1
f 1792/15/1 1731/12/1 1793/13/1
f 1792/15/1 1732/14/1 1731/12/1
f 1791/17/1 1732/14/1 1792/15/1
f 1791/17/1 1733/16/1 1732/14/1
f 1790/19/1 1733/16/1 1791/17/1
f 1790/19/1 1734/18/1 1733/16/1
f 1789/21/1 1734/18/1 1790/19/1
f 1789/21/1 1735/20/1 1734/18/1
f 1788/23/1 1735/20/1 1789/21/1
f 1788/23/1 1736/22/1 1735/20/1
f 1787/25/1 1736/22/1 1788/23/1
f 1787/25/1 1737/24/1 1736/22/1
f 1786/26/1 1737/24/1 1787/25/1
f 1786/26/1 1738/27/1 1737/24/1
f 1786/26/1 1739/29/1 1738/27/1
f 1785/28/1 1739/29/1 1786/26/1
f 1785/28/1 1740/31/1 1739/29/1
f 1784/30/1 1740/31/1 1785/28/1
f 1784/30/1 1741/33/1 1740/31/1
f 1783/32/1 1741/33/1 1784/30/1
f 1783/32/1 1742/35/1 1741/33/1
f 1782/34/1 1742/35/1 1783/32/1
f 1782/34/1 1743/37/1 1742/35/1
f 1781/36/1 1743/37/1 1782/34/1
f 1781/36/1 1744/39/1 1743/37/1
f 1780/38/1 1744/39/1 1781/36/1
f 1780/38/1 1745/41/1 1744/39/1
f 1779/40/1 1745/41/1 1780/38/1
f 1779/40/1 1746/43/1 1745/41/1
f 1778/42/1 1746/43/1 1779/40/1
f 1778/42/1 1747/45/1 1746/43/1
f 1777/44/1 1747/45/1 1778/42/1
f 1777/44/1 1748/47/1 1747/45/1
f 1776/46/1 1748/47/1 1777/44/1
f 1776/46/1 1749/49/1 1748/47/1
f 1775/48/1 1749/49/1 1776/46/1
f 1774/50/1 1749/49/1 1775/48/1
f 1774/50/1 1750/51/1 1749/49/1
f 1773/52/1 1750/51/1 1774/50/1
f 1773/52/1 1751/53/1 1750/51/1
f 1773/52/1 1752/54/1 1751/53/1
f 1772/55/1 1752/54/1 1773/52/1
f 1772/55/1 1753/57/1 1752/54/1
f 1771/56/1 1753/57/1 1772/55/1
f 1771/56/1 1754/59/1 1753/57/1
f 1770/58/1 1754/59/1 1771/56/1
f 1770/58/1 1755/61/1 1754/59/1
f 1769/60/1 1755/61/1 1770/58/1
f 1769/60/1 1756/63/1 1755/61/1
f 1768/62/1 1756/63/1 1769/60/1
f 1768/62/1 1757/65/1 1756/63/1
f 1767/64/1 1757/65/1 1768/62/1
f 1767/64/1 1758/67/1 1757/65/1
f 1766/66/1 1758/67/1 1767/64/1
f 1766/66/1 1759/69/1 1758/67/1
f 1765/68/1 1759/69/1 1766/66/1
f 1765/68/1 1760/71/1 1759/69/1
f 1764/70/1 1760/71/1 1765/68/1
f 1764/70/1 1761/73/1 1760/71/1
f 1763/72/1 1761/73/1 1764/70/1
f 1763/72/1 1762/74/1 1761/73/1
f 1712/75/1 1714/76/1 1713/77/1
f 1711/79/1 1714/76/1 1712/75/1
f 1711/79/1 1715/78/1 1714/76/1
f 1710/81/1 1715/78/1 1711/79/1
f 1710/81/1 1716/80/1 1715/78/1
f 1709/83/1 1716/80/1 1710/81/1
f 1709/83/1 1717/82/1 1716/80/1
f 1708/85/1 1717/82/1 1709/83/1
f 1708/85/1 1718/84/1 1717/82/1
f 1707/87/1 1718/84/1 1708/85/1
f 1707/87/1 1719/86/1 1718/84/1
f 1706/89/1 1719/86/1 1707/87/1
f 1706/89/1 1720/88/1 1719/86/1
f 1705/91/1 1720/88/1 1706/89/1
f 1705/91/1 1721/90/1 1720/88/1
f 1704/93/1 1721/90/1 1705/91/1
f 1704/93/1 1722/92/1 1721/90/1
f 1703/95/1 1722/92/1 1704/93/1
f 1703/95/1 1723/94/1 1722/92/1
f 1702/97/1 1723/94/1 1703/95/1
f 1702/97/1 1724/96/1 1723/94/1
f 1701/99/1 1724/96/1 1702/97/1
f 1701/99/1 1725/98/1 1724/96/1
f 1700/100/1 1725/98/1 1701/99/1
f 1700/100/1 1678/101/1 1725/98/1
f 1699/102/1 1678/101/1 1700/100/1
f 1699/102/1 1679/103/1 1678/101/1
f 1698/104/1 1679/103/1 1699/102/1
f 1698/104/1 1680/105/1 1679/103/1
f 1697/106/1 1680/105/1 1698/104/1
f 1697/106/1 1681/107/1 1680/105/1
f 1696/108/1 1681/107/1 1697/106/1
f 1696/108/1 1682/109/1 1681/107/1
f 1695/110/1 1682/109/1 1696/108/1
f 1695/110/1 1683/111/1 1682/109/1
f 1694/112/1 1683/111/1 1695/110/1
f 1694/112/1 1684/113/1 1683/111/1
f 1693/114/1 1684/113/1 1694/112/1
f 1693/114/1 1685/115/1 1684/113/1
f 1692/116/1 1685/115/1 1693/114/1
f 1692/116/1 1686/117/1 1685/115/1
f 1691/118/1 1686/117/1 1692/116/1
f 1691/118/1 1687/119/1 1686/117/1
f 1690/120/1 1687/119/1 1691/118/1
f 1690/120/1 1688/121/1 1687/119/1
f 1689/122/1 1688/121/1 1690/120/1
f 1920/496/1 1922/497/1 1921/498/1
f 1920/496/1 1923/499/1 1922/497/1
f 1919/500/1 1923/499/1 1920/496/1
f 1918/501/1 1923/499/1 1919/500/1
f 1917/502/1 1923/499/1 1918/501/1
f 1917/502/1 1924/503/1 1923/499/1
f 1916/504/1 1924/503/1 1917/502/1
f 1915/505/1 1924/503/1 1916/504/1
f 1914/506/1 1924/503/1 1915/505/1
f 1914/506/1 1925/507/1 1924/503/1
f 1913/508/1 1925/507/1 1914/506/1
f 1810/509/1 1812/510/1 1811/511/1
f 1912/512/1 1925/507/1 1913/508/1
f 1809/513/1 1812/510/1 1810/509/1
f 1809/513/1 1813/514/1 1812/510/1
f 1911/515/1 1925/507/1 1912/512/1
f 1808/516/1 1813/514/1 1809/513/1
f 1808/516/1 1814/517/1 1813/514/1
f 1911/515/1 1926/518/1 1925/507/1
f 1910/519/1 1926/518/1 1911/515/1
f 1807/520/1 1814/517/1 1808/516/1
f 1807/520/1 1815/521/1 1814/517/1
f 1909/522/1 1926/518/1 1910/519/1
f 1908/523/1 1926/518/1 1909/522/1
f 1806/524/1 1815/521/1 1807/520/1
f 1908/523/1 1927/525/1 1926/518/1
f 1806/524/1 1816/526/1 1815/521/1
f 1907/527/1 1927/525/1 1908/523/1
f 1805/528/1 1816/526/1 1806/524/1
f 1907/527/1 1928/529/1 1927/525/1
f 1805/528/1 1860/530/1 1816/526/1
f 1860/530/1 1859/531/1 1816/526/1
f 1859/531/1 1817/532/1 1816/526/1
f 1805/528/1 1861/533/1 1860/530/1
f 1858/534/1 1817/532/1 1859/531/1
f 1804/535/1 1861/533/1 1805/528/1
f 1804/535/1 1862/536/1 1861/533/1
f 1906/537/1 1928/529/1 1907/527/1
f 1857/538/1 1817/532/1 1858/534/1
f 1804/535/1 1863/539/1 1862/536/1
f 1906/537/1 1929/540/1 1928/529/1
f 1856/541/1 1817/532/1 1857/538/1
f 1856/541/1 1818/542/1 1817/532/1
f 1803/543/1 1863/539/1 1804/535/1
f 1803/543/1 1864/544/1 1863/539/1
f 1905/545/1 1929/540/1 1906/537/1
f 1855/546/1 1818/542/1 1856/541/1
f 1905/545/1 1930/547/1 1929/540/1
f 1802/548/1 1864/544/1 1803/543/1
f 1802/548/1 1865/549/1 1864/544/1
f 1855/546/1 1819/550/1 1818/542/1
f 1854/551/1 1819/550/1 1855/546/1
f 1904/552/1 1930/547/1 1905/545/1
f 1904/552/1 1931/553/1 1930/547/1
f 1801/554/1 1865/549/1 1802/548/1
f 1853/555/1 1819/550/1 1854/551/1
f 1801/554/1 1866/556/1 1865/549/1
f 1903/557/1 1931/553/1 1904/552/1
f 1853/555/1 1820/558/1 1819/550/1
f 1903/557/1 1932/559/1 1931/553/1
f 1852/560/1 1820/558/1 1853/555/1
f 1800/101/1 1866/556/1 1801/554/1
f 1800/101/1 1867/433/1 1866/556/1
f 1903/557/1 1933/561/1 1932/559/1
f 1902/562/1 1933/561/1 1903/557/1
f 1852/560/1 1821/563/1 1820/558/1
f 1934/3/1 1867/433/1 1800/101/1
f 1851/564/1 1821/563/1 1852/560/1
f 1902/562/1 1934/3/1 1933/561/1
f 1934/3/1 1868/565/1 1867/433/1
f 1901/566/1 1934/3/1 1902/562/1
f 1901/566/1 1868/565/1 1934/3/1
f 1850/567/1 1821/563/1 1851/564/1
f 1850/567/1 1822/568/1 1821/563/1
f 1901/566/1 1869/569/1 1868/565/1
f 1900/570/1 1869/569/1 1901/566/1
f 1849/571/1 1822/568/1 1850/567/1
f 1899/572/1 1869/569/1 1900/570/1
f 1899/572/1 1870/573/1 1869/569/1
f 1849/571/1 1823/574/1 1822/568/1
f 1898/575/1 1870/573/1 1899/572/1
f 1848/576/1 1823/574/1 1849/571/1
f 1898/575/1 1871/577/1 1870/573/1
f 1897/578/1 1871/577/1 1898/575/1
f 1848/576/1 1824/579/1 1823/574/1
f 1847/580/1 1824/579/1 1848/576/1
f 1897/578/1 1872/581/1 1871/577/1
f 1896/582/1 1872/581/1 1897/578/1
f 1895/583/1 1872/581/1 1896/582/1
f 1895/583/1 1873/584/1 1872/581/1
f 1894/585/1 1873/584/1 1895/583/1
f 1894/585/1 1874/586/1 1873/584/1
f 1893/587/1 1874/586/1 1894/585/1
f 1846/588/1 1824/579/1 1847/580/1
f 1893/587/1 1875/589/1 1874/586/1
f 1846/588/1 1825/590/1 1824/579/1
f 1893/587/1 1876/591/1 1875/589/1
f 1892/592/1 1876/591/1 1893/587/1
f 1892/592/1 1877/593/1 1876/591/1
f 1891/594/1 1877/593/1 1892/592/1
f 1891/594/1 1878/595/1 1877/593/1
f 1891/594/1 1879/596/1 1878/595/1
f 1890/597/1 1879/596/1 1891/594/1
f 1890/597/1 1880/598/1 1879/596/1
f 1845/599/1 1825/590/1 1846/588/1
f 1889/600/1 1880/598/1 1890/597/1
f 1889/600/1 1881/601/1 1880/598/1
f 1845/599/1 1826/602/1 1825/590/1
f 1888/603/1 1881/601/1 1889/600/1
f 1888/603/1 1882/604/1 1881/601/1
f 1887/605/1 1882/604/1 1888/603/1
f 1887/605/1 1883/606/1 1882/604/1
f 1886/607/1 1883/606/1 1887/605/1
f 1886/607/1 1884/608/1 1883/606/1
f 1844/609/1 1826/602/1 1845/599/1
f 1885/610/1 1884/608/1 1886/607/1
f 1844/609/1 1827/611/1 1826/602/1
f 1843/612/1 1827/611/1 1844/609/1
f 1843/612/1 1828/613/1 1827/611/1
f 1842/614/1 1828/613/1 1843/612/1
f 1841/615/1 1828/613/1 1842/614/1
f 1841/615/1 1829/616/1 1828/613/1
f 1840/617/1 1829/616/1 1841/615/1
f 1840/617/1 1830/618/1 1829/616/1
f 1839/619/1 1830/618/1 1840/617/1
f 1838/620/1 1830/618/1 1839/619/1
f 1838/620/1 1831/621/1 1830/618/1
f 1837/622/1 1831/621/1 1838/620/1
f 1836/623/1 1831/621/1 1837/622/1
f 1836/623/1 1832/624/1 1831/621/1
f 1835/625/1 1832/624/1 1836/623/1
f 1835/625/1 1833/626/1 1832/624/1
f 1835/625/1 1834/627/1 1833/626/1
f 2062/1530/1 2064/1531/1 2063/1532/1
f 2062/1530/1 2065/1533/1 2064/1531/1
f 2060/1534/1 1961/1535/1 1960/1536/1
f 2058/1537/1 2060/1534/1 2059/1538/1
f 2058/1537/1 1961/1535/1 2060/1534/1
f 2061/1539/1 2065/1533/1 2062/1530/1
f 2076/1540/1 2079/1541/1 2061/1539/1
f 2079/1541/1 2065/1533/1 2061/1539/1
f 2076/1540/1 2080/1542/1 2079/1541/1
f 2078/1543/1 2065/1533/1 2079/1541/1
f 2077/1544/1 2066/1545/1 2078/1543/1
f 2066/1545/1 2065/1533/1 2078/1543/1
f 2077/1544/1 2067/1546/1 2066/1545/1
f 2058/1537/1 1962/1547/1 1961/1535/1
f 2058/1537/1 2057/1548/1 1962/1547/1
f 2057/1548/1 1959/1549/1 1962/1547/1
f 1959/1549/1 1958/1550/1 1962/1547/1
f 1958/1550/1 1963/1551/1 1962/1547/1
f 2056/1552/1 1959/1549/1 2057/1548/1
f 2056/1552/1 1935/101/1 1959/1549/1
f 1957/1553/1 1963/1551/1 1958/1550/1
f 2056/1552/1 1936/1554/1 1935/101/1
f 1956/1555/1 1963/1551/1 1957/1553/1
f 1956/1555/1 1964/1556/1 1963/1551/1
f 2055/1557/1 1936/1554/1 2056/1552/1
f 2055/1557/1 1937/1558/1 1936/1554/1
f 2076/1540/1 2083/1559/1 2080/1542/1
f 2083/1559/1 2077/1544/1 2080/1542/1
f 2083/1559/1 2082/1560/1 2077/1544/1
f 2082/1560/1 2067/1546/1 2077/1544/1
f 1955/1561/1 1964/1556/1 1956/1555/1
f 2054/1562/1 1937/1558/1 2055/1557/1
f 1955/1561/1 1965/1563/1 1964/1556/1
f 2054/1562/1 1938/1564/1 1937/1558/1
f 1954/1565/1 1965/1563/1 1955/1561/1
f 2053/1566/1 1938/1564/1 2054/1562/1
f 2076/1540/1 2084/1567/1 2083/1559/1
f 2081/1568/1 2067/1546/1 2082/1560/1
f 2053/1566/1 1939/1569/1 1938/1564/1
f 1954/1565/1 1966/1570/1 1965/1563/1
f 1953/1571/1 1966/1570/1 1954/1565/1
f 2052/1572/1 1939/1569/1 2053/1566/1
f 2052/1572/1 1940/1573/1 1939/1569/1
f 1952/1574/1 1966/1570/1 1953/1571/1
f 1952/1574/1 1967/1575/1 1966/1570/1
f 2052/1572/1 1941/1576/1 1940/1573/1
f 1951/1577/1 1967/1575/1 1952/1574/1
f 2051/1578/1 1941/1576/1 2052/1572/1
f 1951/1577/1 1968/1579/1 1967/1575/1
f 2051/1578/1 1942/1580/1 1941/1576/1
f 1950/1581/1 1968/1579/1 1951/1577/1
f 2050/1582/1 1942/1580/1 2051/1578/1
f 2050/1582/1 1943/1583/1 1942/1580/1
f 1949/1584/1 1968/1579/1 1950/1581/1
f 1949/1584/1 1969/1585/1 1968/1579/1
f 2076/1540/1 2087/1586/1 2084/1567/1
f 2087/1586/1 2081/1568/1 2084/1567/1
f 2087/1586/1 2086/1587/1 2081/1568/1
f 2086/1587/1 2067/1546/1 2081/1568/1
f 2049/1588/1 1943/1583/1 2050/1582/1
f 2049/1588/1 1944/1589/1 1943/1583/1
f 1948/1590/1 1969/1585/1 1949/1584/1
f 1948/1590/1 1970/1591/1 1969/1585/1
f 2048/1592/1 1944/1589/1 2049/1588/1
f 2048/1592/1 1945/1593/1 1944/1589/1
f 1947/1594/1 1970/1591/1 1948/1590/1
f 2076/1540/1 2088/3/1 2087/1586/1
f 2085/1595/1 2067/1546/1 2086/1587/1
f 1947/1594/1 1971/1596/1 1970/1591/1
f 2048/1592/1 1946/1597/1 1945/1593/1
f 1946/1597/1 1971/1596/1 1947/1594/1
f 2047/1598/1 1946/1597/1 2048/1592/1
f 2047/1598/1 1971/1596/1 1946/1597/1
f 2047/1598/1 1972/1599/1 1971/1596/1
f 2046/1600/1 1972/1599/1 2047/1598/1
f 2045/1601/1 1972/1599/1 2046/1600/1
f 2045/1601/1 1973/1602/1 1972/1599/1
f 2067/1546/1 2069/1603/1 2068/1604/1
f 2044/1605/1 1973/1602/1 2045/1601/1
f 2044/1605/1 1974/1606/1 1973/1602/1
f 2085/1595/1 2069/1603/1 2067/1546/1
f 2088/3/1 2069/1603/1 2085/1595/1
f 2043/1607/1 1974/1606/1 2044/1605/1
f 2043/1607/1 1975/1608/1 1974/1606/1
f 2076/1540/1 2069/1603/1 2088/3/1
f 2042/1609/1 1975/1608/1 2043/1607/1
f 2042/1609/1 1976/1610/1 1975/1608/1
f 2075/1611/1 2069/1603/1 2076/1540/1
f 2075/1611/1 2070/1612/1 2069/1603/1
f 2074/1613/1 2070/1612/1 2075/1611/1
f 2042/1609/1 2009/1614/1 1976/1610/1
f 2009/1614/1 1977/1615/1 1976/1610/1
f 2041/1616/1 2009/1614/1 2042/1609/1
f 2074/1613/1 2073/1617/1 2070/1612/1
f 2073/1617/1 2071/1618/1 2070/1612/1
f 2041/1616/1 2010/1619/1 2009/1614/1
f 2008/1620/1 1977/1615/1 2009/1614/1
f 2008/1620/1 1978/1621/1 1977/1615/1
f 2072/1622/1 2071/1618/1 2073/1617/1
f 2040/1623/1 2010/1619/1 2041/1616/1
f 2007/1624/1 1978/1621/1 2008/1620/1
f 2040/1623/1 2011/1625/1 2010/1619/1
f 2007/1624/1 1979/1626/1 1978/1621/1
f 2039/1627/1 2011/1625/1 2040/1623/1
f 2006/1628/1 1979/1626/1 2007/1624/1
f 2039/1627/1 2012/1629/1 2011/1625/1
f 2006/1628/1 1980/1630/1 1979/1626/1
f 2038/1631/1 2012/1629/1 2039/1627/1
f 2005/1632/1 1980/1630/1 2006/1628/1
f 2038/1631/1 2013/1633/1 2012/1629/1
f 2005/1632/1 1981/1634/1 1980/1630/1
f 2037/771/1 2013/1633/1 2038/1631/1
f 2004/1635/1 1981/1634/1 2005/1632/1
f 2037/771/1 2014/1636/1 2013/1633/1
f 2004/1635/1 1982/1637/1 1981/1634/1
f 2036/1638/1 2014/1636/1 2037/771/1
f 2003/1639/1 1982/1637/1 2004/1635/1
f 2003/1639/1 1983/1640/1 1982/1637/1
f 2036/1638/1 2015/1641/1 2014/1636/1
f 2035/1642/1 2015/1641/1 2036/1638/1
f 2002/1643/1 1983/1640/1 2003/1639/1
f 2002/1643/1 1984/1644/1 1983/1640/1
f 2035/1642/1 2016/1645/1 2015/1641/1
f 2034/1646/1 2016/1645/1 2035/1642/1
f 2002/1643/1 1985/1647/1 1984/1644/1
f 2001/1648/1 1985/1647/1 2002/1643/1
f 2034/1646/1 2017/1649/1 2016/1645/1
f 2033/1650/1 2017/1649/1 2034/1646/1
f 2001/1648/1 1986/878/1 1985/1647/1
f 2001/1648/1 1987/1651/1 1986/878/1
f 2000/1652/1 1987/1651/1 2001/1648/1
f 2000/1652/1 1988/1653/1 1987/1651/1
f 2032/1654/1 2017/1649/1 2033/1650/1
f 2032/1654/1 2018/1655/1 2017/1649/1
f 2000/1652/1 1989/1656/1 1988/1653/1
f 2031/1657/1 2018/1655/1 2032/1654/1
f 2030/1658/1 2018/1655/1 2031/1657/1
f 2000/1652/1 1990/1659/1 1989/1656/1
f 1999/1660/1 1990/1659/1 2000/1652/1
f 2029/1661/1 2018/1655/1 2030/1658/1
f 1999/1660/1 1991/1662/1 1990/1659/1
f 2029/1661/1 2019/1663/1 2018/1655/1
f 2028/1664/1 2019/1663/1 2029/1661/1
f 1999/1660/1 1992/1665/1 1991/1662/1
f 2027/1666/1 2019/1663/1 2028/1664/1
f 1999/1660/1 1993/1667/1 1992/1665/1
f 1998/1668/1 1993/1667/1 1999/1660/1
f 2026/1669/1 2019/1663/1 2027/1666/1
f 1998/1668/1 1994/1670/1 1993/1667/1
f 2026/1669/1 2020/1671/1 2019/1663/1
f 2025/1672/1 2020/1671/1 2026/1669/1
f 1998/1668/1 1995/1673/1 1994/1670/1
f 2024/1674/1 2020/1671/1 2025/1672/1
f 1997/1675/1 1996/1676/1 1998/1668/1
f 1996/1676/1 1995/1673/1 1998/1668/1
f 2023/1677/1 2020/1671/1 2024/1674/1
f 2023/1677/1 2022/1678/1 2020/1671/1
f 2022/1678/1 2021/1679/1 2020/1671/1
f 2092/1680/1 2094/1681/1 2093/1682/1
f 2092/1680/1 2095/1683/1 2094/1681/1
f 2271/3/1 2134/1684/1 2133/1685/1
f 2269/1686/1 2267/1687/1 2270/1688/1
f 2267/1687/1 2271/3/1 2270/1688/1
f 2267/1687/1 2134/1684/1 2271/3/1
f 2267/1687/1 2135/1689/1 2134/1684/1
f 2267/1687/1 2266/1690/1 2135/1689/1
f 2266/1690/1 2136/1691/1 2135/1689/1
f 2090/1692/1 2092/1680/1 2091/1693/1
f 2090/1692/1 2095/1683/1 2092/1680/1
f 2090/1692/1 2096/1349/1 2095/1683/1
f 2090/1692/1 2097/1694/1 2096/1349/1
f 2269/1686/1 2268/1695/1 2267/1687/1
f 2265/1696/1 2136/1691/1 2266/1690/1
f 2265/1696/1 2137/1697/1 2136/1691/1
f 2264/1348/1 2137/1697/1 2265/1696/1
f 2264/1348/1 2138/1383/1 2137/1697/1
f 2263/1698/1 2138/1383/1 2264/1348/1
f 2263/1698/1 2139/1699/1 2138/1383/1
f 2089/101/1 2097/1694/1 2090/1692/1
f 2116/1700/1 2098/1701/1 2089/101/1
f 2098/1701/1 2097/1694/1 2089/101/1
f 2116/1700/1 2099/1702/1 2098/1701/1
f 2262/1703/1 2139/1699/1 2263/1698/1
f 2262/1703/1 2140/1704/1 2139/1699/1
f 2261/1705/1 2140/1704/1 2262/1703/1
f 2261/1705/1 2141/216/1 2140/1704/1
f 2260/1706/1 2141/216/1 2261/1705/1
f 2259/1707/1 2141/216/1 2260/1706/1
f 2259/1707/1 2142/1708/1 2141/216/1
f 2258/1709/1 2142/1708/1 2259/1707/1
f 2258/1709/1 2143/1710/1 2142/1708/1
f 2114/1711/1 2127/1712/1 2115/254/1
f 2127/1712/1 2116/1700/1 2115/254/1
f 2127/1712/1 2099/1702/1 2116/1700/1
f 2127/1712/1 2100/1713/1 2099/1702/1
f 2127/1712/1 2126/1714/1 2100/1713/1
f 2126/1714/1 2131/1373/1 2100/1713/1
f 2131/1373/1 2130/1715/1 2100/1713/1
f 2130/1715/1 2101/1716/1 2100/1713/1
f 2257/1316/1 2143/1710/1 2258/1709/1
f 2257/1316/1 2144/1717/1 2143/1710/1
f 2256/1718/1 2144/1717/1 2257/1316/1
f 2256/1718/1 2145/1389/1 2144/1717/1
f 2255/1719/1 2145/1389/1 2256/1718/1
f 2114/1711/1 2128/1720/1 2127/1712/1
f 2125/1721/1 2131/1373/1 2126/1714/1
f 2125/1721/1 2132/1722/1 2131/1373/1
f 2129/1723/1 2101/1716/1 2130/1715/1
f 2255/1719/1 2146/1724/1 2145/1389/1
f 2254/1725/1 2146/1724/1 2255/1719/1
f 2254/1725/1 2147/1726/1 2146/1724/1
f 2253/1727/1 2147/1726/1 2254/1725/1
f 2253/1727/1 2148/1728/1 2147/1726/1
f 2252/1729/1 2148/1728/1 2253/1727/1
f 2252/1729/1 2149/1730/1 2148/1728/1
f 2251/1731/1 2149/1730/1 2252/1729/1
f 2251/1731/1 2150/1732/1 2149/1730/1
f 2250/1295/1 2150/1732/1 2251/1731/1
f 2114/1711/1 2119/1733/1 2128/1720/1
f 2119/1733/1 2125/1721/1 2128/1720/1
f 2119/1733/1 2132/1722/1 2125/1721/1
f 2119/1733/1 2129/1723/1 2132/1722/1
f 2119/1733/1 2118/1734/1 2129/1723/1
f 2118/1734/1 2123/1735/1 2129/1723/1
f 2123/1735/1 2122/1736/1 2129/1723/1
f 2122/1736/1 2101/1716/1 2129/1723/1
f 2250/1295/1 2151/1737/1 2150/1732/1
f 2249/1738/1 2151/1737/1 2250/1295/1
f 2249/1738/1 2152/1380/1 2151/1737/1
f 2248/1739/1 2152/1380/1 2249/1738/1
f 2248/1739/1 2153/1740/1 2152/1380/1
f 2247/1741/1 2153/1740/1 2248/1739/1
f 2114/1711/1 2120/1742/1 2119/1733/1
f 2117/1362/1 2123/1735/1 2118/1734/1
f 2117/1362/1 2124/1367/1 2123/1735/1
f 2121/1743/1 2101/1716/1 2122/1736/1
f 2247/1741/1 2154/1744/1 2153/1740/1
f 2246/1745/1 2154/1744/1 2247/1741/1
f 2245/329/1 2154/1744/1 2246/1745/1
f 2245/329/1 2155/1746/1 2154/1744/1
f 2244/1747/1 2155/1746/1 2245/329/1
f 2244/1747/1 2156/1748/1 2155/1746/1
f 2243/1300/1 2156/1748/1 2244/1747/1
f 2243/1300/1 2157/1749/1 2156/1748/1
f 2242/1750/1 2157/1749/1 2243/1300/1
f 2242/1750/1 2158/1751/1 2157/1749/1
f 2241/1752/1 2158/1751/1 2242/1750/1
f 2114/1711/1 2117/1362/1 2120/1742/1
f 2114/1711/1 2124/1367/1 2117/1362/1
f 2114/1711/1 2121/1743/1 2124/1367/1
f 2114/1711/1 2101/1716/1 2121/1743/1
f 2240/1753/1 2158/1751/1 2241/1752/1
f 2240/1753/1 2159/1345/1 2158/1751/1
f 2239/1754/1 2159/1345/1 2240/1753/1
f 2239/1754/1 2160/1755/1 2159/1345/1
f 2238/1756/1 2160/1755/1 2239/1754/1
f 2237/1757/1 2160/1755/1 2238/1756/1
f 2237/1757/1 2161/1758/1 2160/1755/1
f 2236/1305/1 2161/1758/1 2237/1757/1
f 2235/1759/1 2161/1758/1 2236/1305/1
f 2235/1759/1 2162/1760/1 2161/1758/1
f 2234/1761/1 2162/1760/1 2235/1759/1
f 2233/1762/1 2162/1760/1 2234/1761/1
f 2232/1763/1 2162/1760/1 2233/1762/1
f 2232/1763/1 2163/1764/1 2162/1760/1
f 2231/1765/1 2163/1764/1 2232/1763/1
f 2230/1766/1 2163/1764/1 2231/1765/1
f 2113/1767/1 2101/1716/1 2114/1711/1
f 2112/1768/1 2102/1769/1 2113/1767/1
f 2102/1769/6 2101/1716/6 2113/1767/6
f 2112/1768/1 2103/1323/1 2102/1769/1
f 2229/1310/1 2163/1764/1 2230/1766/1
f 2229/1310/1 2164/1770/1 2163/1764/1
f 2228/1771/1 2164/1770/1 2229/1310/1
f 2227/1772/1 2164/1770/1 2228/1771/1
f 2226/1773/1 2164/1770/1 2227/1772/1
f 2225/1774/1 2164/1770/1 2226/1773/1
f 2224/1775/1 2164/1770/1 2225/1774/1
f 2223/1776/1 2164/1770/1 2224/1775/1
f 2222/1317/1 2164/1770/1 2223/1776/1
f 2205/1777/1 2207/1778/1 2206/1779/1
f 2221/1780/1 2164/1770/1 2222/1317/1
f 2205/1777/1 2208/1270/1 2207/1778/1
f 2220/1781/1 2164/1770/1 2221/1780/1
f 2205/1777/1 2209/1782/1 2208/1270/1
f 2205/1777/1 2210/1783/1 2209/1782/1
f 2219/349/1 2164/1770/1 2220/1781/1
f 2205/1777/1 2211/1784/1 2210/1783/1
f 2218/1785/1 2164/1770/1 2219/349/1
f 2205/1777/1 2212/1786/1 2211/1784/1
f 2217/1787/1 2164/1770/1 2218/1785/1
f 2205/1777/1 2213/1788/1 2212/1786/1
f 2216/1789/1 2164/1770/1 2217/1787/1
f 2205/1777/1 2214/1790/1 2213/1788/1
f 2215/1281/1 2164/1770/1 2216/1789/1
f 2205/1777/1 2215/1281/1 2214/1790/1
f 2205/1777/1 2164/1770/1 2215/1281/1
f 2205/1777/1 2165/1791/1 2164/1770/1
f 2204/1792/1 2165/1791/1 2205/1777/1
f 2203/1793/1 2165/1791/1 2204/1792/1
f 2203/1793/1 2166/1335/1 2165/1791/1
f 2202/1794/1 2166/1335/1 2203/1793/1
f 2202/1794/1 2167/205/1 2166/1335/1
f 2201/1266/1 2167/205/1 2202/1794/1
f 2200/1795/1 2167/205/1 2201/1266/1
f 2200/1795/1 2168/1796/1 2167/205/1
f 2199/1797/1 2168/1796/1 2200/1795/1
f 2199/1797/1 2169/1798/1 2168/1796/1
f 2198/1799/1 2169/1798/1 2199/1797/1
f 2198/1799/1 2170/1800/1 2169/1798/1
f 2197/1801/1 2170/1800/1 2198/1799/1
f 2197/1801/1 2171/1802/1 2170/1800/1
f 2197/1801/1 2172/1803/1 2171/1802/1
f 2196/1804/1 2172/1803/1 2197/1801/1
f 2196/1804/1 2173/1330/1 2172/1803/1
f 2196/1804/1 2174/1805/1 2173/1330/1
f 2196/1804/1 2175/1806/1 2174/1805/1
f 2195/1807/1 2175/1806/1 2196/1804/1
f 2195/1807/1 2176/1808/1 2175/1806/1
f 2195/1807/1 2177/1809/1 2176/1808/1
f 2195/1807/1 2178/1810/1 2177/1809/1
f 2194/1276/1 2178/1810/1 2195/1807/1
f 2194/1276/1 2179/1811/1 2178/1810/1
f 2194/1276/1 2180/433/1 2179/1811/1
f 2194/1276/1 2181/1812/1 2180/433/1
f 2194/1276/1 2182/1813/1 2181/1812/1
f 2193/280/1 2182/1813/1 2194/1276/1
f 2193/280/1 2183/1814/1 2182/1813/1
f 2192/1815/1 2183/1814/1 2193/280/1
f 2192/1815/1 2184/1816/1 2183/1814/1
f 2191/1817/1 2184/1816/1 2192/1815/1
f 2191/1817/1 2185/1818/1 2184/1816/1
f 2190/1819/1 2185/1818/1 2191/1817/1
f 2190/1819/1 2186/1820/1 2185/1818/1
f 2189/1821/1 2186/1820/1 2190/1819/1
f 2189/1821/1 2187/1285/1 2186/1820/1
f 2188/1822/1 2187/1285/1 2189/1821/1
f 2110/1347/1 2112/1768/1 2111/1823/1
f 2110/1347/1 2103/1323/1 2112/1768/1
f 2110/1347/1 2104/1824/1 2103/1323/1
f 2110/1347/1 2105/1825/1 2104/1824/1
f 2109/1826/1 2105/1825/1 2110/1347/1
f 2108/1827/1 2106/1828/1 2109/1826/1
f 2106/1828/1 2105/1825/1 2109/1826/1
f 2108/1827/1 2107/1829/1 2106/1828/1
f 2392/1/6 2393/3/6 2320/2/6
f 2392/1/6 2320/2/6 2321/4/6
f 2391/5/6 2392/1/6 2321/4/6
f 2391/5/6 2321/4/6 2322/6/6
f 2390/7/6 2391/5/6 2322/6/6
f 2390/7/6 2322/6/6 2323/8/6
f 2389/9/6 2390/7/6 2323/8/6
f 2389/9/6 2323/8/6 2324/10/6
f 2388/11/6 2389/9/6 2324/10/6
f 2388/11/6 2324/10/6 2325/12/6
f 2387/13/6 2388/11/6 2325/12/6
f 2387/13/6 2325/12/6 2326/14/6
f 2386/15/6 2387/13/6 2326/14/6
f 2386/15/6 2326/14/6 2327/16/6
f 2385/17/6 2386/15/6 2327/16/6
f 2385/17/6 2327/16/6 2328/18/6
f 2384/19/6 2385/17/6 2328/18/6
f 2384/19/6 2328/18/6 2329/20/6
f 2383/21/6 2384/19/6 2329/20/6
f 2383/21/6 2329/20/6 2330/22/6
f 2382/23/6 2383/21/6 2330/22/6
f 2382/23/6 2330/22/6 2331/24/6
f 2381/25/6 2382/23/6 2331/24/6
f 2380/26/6 2381/25/6 2331/24/6
f 2380/26/6 2331/24/6 2332/27/6
f 2379/28/6 2380/26/6 2332/27/6
f 2379/28/6 2332/27/6 2333/29/6
f 2378/30/6 2379/28/6 2333/29/6
f 2378/30/6 2333/29/6 2334/31/6
f 2377/32/6 2378/30/6 2334/31/6
f 2377/32/6 2334/31/6 2335/33/6
f 2376/34/6 2377/32/6 2335/33/6
f 2376/34/6 2335/33/6 2336/35/6
f 2375/36/6 2376/34/6 2336/35/6
f 2375/36/6 2336/35/6 2337/37/6
f 2374/38/6 2375/36/6 2337/37/6
f 2374/38/6 2337/37/6 2338/39/6
f 2373/40/6 2374/38/6 2338/39/6
f 2373/40/6 2338/39/6 2339/41/6
f 2372/42/6 2373/40/6 2339/41/6
f 2372/42/6 2339/41/6 2340/43/6
f 2371/44/6 2372/42/6 2340/43/6
f 2371/44/6 2340/43/6 2341/45/6
f 2370/46/6 2371/44/6 2341/45/6
f 2370/46/6 2341/45/6 2342/47/6
f 2369/48/6 2370/46/6 2342/47/6
f 2369/48/6 2342/47/6 2343/49/6
f 2368/50/6 2369/48/6 2343/49/6
f 2368/50/6 2343/49/6 2344/51/6
f 2367/52/6 2368/50/6 2344/51/6
f 2367/52/6 2344/51/6 2345/53/6
f 2367/52/6 2345/53/6 2346/54/6
f 2366/55/6 2367/52/6 2346/54/6
f 2365/56/6 2366/55/6 2346/54/6
f 2365/56/6 2346/54/6 2347/57/6
f 2364/58/6 2365/56/6 2347/57/6
f 2364/58/6 2347/57/6 2348/59/6
f 2363/60/6 2364/58/6 2348/59/6
f 2363/60/6 2348/59/6 2349/61/6
f 2362/62/6 2363/60/6 2349/61/6
f 2362/62/6 2349/61/6 2350/63/6
f 2361/64/6 2362/62/6 2350/63/6
f 2361/64/6 2350/63/6 2351/65/6
f 2360/66/6 2361/64/6 2351/65/6
f 2360/66/6 2351/65/6 2352/67/6
f 2359/68/6 2360/66/6 2352/67/6
f 2359/68/6 2352/67/6 2353/69/6
f 2358/70/6 2359/68/6 2353/69/6
f 2358/70/6 2353/69/6 2354/71/6
f 2357/72/6 2358/70/6 2354/71/6
f 2357/72/6 2354/71/6 2355/73/6
f 2357/72/6 2355/73/6 2356/74/6
f 2306/75/6 2307/77/6 2308/76/6
f 2306/75/6 2308/76/6 2309/78/6
f 2305/79/6 2306/75/6 2309/78/6
f 2305/79/6 2309/78/6 2310/80/6
f 2304/81/6 2305/79/6 2310/80/6
f 2304/81/6 2310/80/6 2311/82/6
f 2303/83/6 2304/81/6 2311/82/6
f 2303/83/6 2311/82/6 2312/84/6
f 2302/85/6 2303/83/6 2312/84/6
f 2302/85/6 2312/84/6 2313/86/6
f 2301/87/6 2302/85/6 2313/86/6
f 2301/87/6 2313/86/6 2314/88/6
f 2300/89/6 2301/87/6 2314/88/6
f 2300/89/6 2314/88/6 2315/90/6
f 2299/91/6 2300/89/6 2315/90/6
f 2299/91/6 2315/90/6 2316/92/6
f 2298/93/6 2299/91/6 2316/92/6
f 2298/93/6 2316/92/6 2317/94/6
f 2297/95/6 2298/93/6 2317/94/6
f 2297/95/6 2317/94/6 2318/96/6
f 2296/97/6 2297/95/6 2318/96/6
f 2296/97/6 2318/96/6 2319/98/6
f 2295/99/6 2296/97/6 2319/98/6
f 2294/100/6 2295/99/6 2319/98/6
f 2294/100/6 2319/98/6 2272/101/6
f 2293/102/6 2294/100/6 2272/101/6
f 2293/102/6 2272/101/6 2273/103/6
f 2292/104/6 2293/102/6 2273/103/6
f 2292/104/6 2273/103/6 2274/105/6
f 2291/106/6 2292/104/6 2274/105/6
f 2291/106/6 2274/105/6 2275/107/6
f 2290/108/6 2291/106/6 2275/107/6
f 2290/108/6 2275/107/6 2276/109/6
f 2289/110/6 2290/108/6 2276/109/6
f 2289/110/6 2276/109/6 2277/111/6
f 2288/112/6 2289/110/6 2277/111/6
f 2288/112/6 2277/111/6 2278/113/6
f 2287/114/6 2288/112/6 2278/113/6
f 2287/114/6 2278/113/6 2279/115/6
f 2286/116/6 2287/114/6 2279/115/6
f 2286/116/6 2279/115/6 2280/117/6
f 2285/118/6 2286/116/6 2280/117/6
f 2285/118/6 2280/117/6 2281/119/6
f 2284/120/6 2285/118/6 2281/119/6
f 2284/120/6 2281/119/6 2282/121/6
f 2283/122/6 2284/120/6 2282/121/6
f 2514/1/6 2515/3/6 2442/2/6
f 2514/1/6 2442/2/6 2443/4/6
f 2513/5/6 2514/1/6 2443/4/6
f 2513/5/6 2443/4/6 2444/6/6
f 2512/7/6 2513/5/6 2444/6/6
f 2512/7/6 2444/6/6 2445/8/6
f 2511/9/6 2512/7/6 2445/8/6
f 2511/9/6 2445/8/6 2446/10/6
f 2510/11/6 2511/9/6 2446/10/6
f 2510/11/6 2446/10/6 2447/12/6
f 2509/13/6 2510/11/6 2447/12/6
f 2509/13/6 2447/12/6 2448/14/6
f 2508/15/6 2509/13/6 2448/14/6
f 2508/15/6 2448/14/6 2449/16/6
f 2507/17/6 2508/15/6 2449/16/6
f 2507/17/6 2449/16/6 2450/18/6
f 2506/19/6 2507/17/6 2450/18/6
f 2506/19/6 2450/18/6 2451/20/6
f 2505/21/6 2506/19/6 2451/20/6
f 2505/21/6 2451/20/6 2452/22/6
f 2504/23/6 2505/21/6 2452/22/6
f 2504/23/6 2452/22/6 2453/24/6
f 2503/25/6 2504/23/6 2453/24/6
f 2502/26/6 2503/25/6 2453/24/6
f 2502/26/6 2453/24/6 2454/27/6
f 2501/28/6 2502/26/6 2454/27/6
f 2501/28/6 2454/27/6 2455/29/6
f 2500/30/6 2501/28/6 2455/29/6
f 2500/30/6 2455/29/6 2456/31/6
f 2499/32/6 2500/30/6 2456/31/6
f 2499/32/6 2456/31/6 2457/33/6
f 2498/34/6 2499/32/6 2457/33/6
f 2498/34/6 2457/33/6 2458/35/6
f 2497/36/6 2498/34/6 2458/35/6
f 2497/36/6 2458/35/6 2459/37/6
f 2496/38/6 2497/36/6 2459/37/6
f 2496/38/6 2459/37/6 2460/39/6
f 2495/40/6 2496/38/6 2460/39/6
f 2495/40/6 2460/39/6 2461/41/6
f 2494/42/6 2495/40/6 2461/41/6
f 2494/42/6 2461/41/6 2462/43/6
f 2493/44/6 2494/42/6 2462/43/6
f 2493/44/6 2462/43/6 2463/45/6
f 2492/46/6 2493/44/6 2463/45/6
f 2492/46/6 2463/45/6 2464/47/6
f 2491/48/6 2492/46/6 2464/47/6
f 2491/48/6 2464/47/6 2465/49/6
f 2490/50/6 2491/48/6 2465/49/6
f 2490/50/6 2465/49/6 2466/51/6
f 2489/52/6 2490/50/6 2466/51/6
f 2489/52/6 2466/51/6 2467/53/6
f 2489/52/6 2467/53/6 2468/54/6
f 2488/55/6 2489/52/6 2468/54/6
f 2487/56/6 2488/55/6 2468/54/6
f 2487/56/6 2468/54/6 2469/57/6
f 2486/58/6 2487/56/6 2469/57/6
f 2486/58/6 2469/57/6 2470/59/6
f 2485/60/6 2486/58/6 2470/59/6
f 2485/60/6 2470/59/6 2471/61/6
f 2484/62/6 2485/60/6 2471/61/6
f 2484/62/6 2471/61/6 2472/63/6
f 2483/64/6 2484/62/6 2472/63/6
f 2483/64/6 2472/63/6 2473/65/6
f 2482/66/6 2483/64/6 2473/65/6
f 2482/66/6 2473/65/6 2474/67/6
f 2481/68/6 2482/66/6 2474/67/6
f 2481/68/6 2474/67/6 2475/69/6
f 2480/70/6 2481/68/6 2475/69/6
f 2480/70/6 2475/69/6 2476/71/6
f 2479/72/6 2480/70/6 2476/71/6
f 2479/72/6 2476/71/6 2477/73/6
f 2479/72/6 2477/73/6 2478/74/6
f 2428/75/6 2429/77/6 2430/76/6
f 2428/75/6 2430/76/6 2431/78/6
f 2427/79/6 2428/75/6 2431/78/6
f 2427/79/6 2431/78/6 2432/80/6
f 2426/81/6 2427/79/6 2432/80/6
f 2426/81/6 2432/80/6 2433/82/6
f 2425/83/6 2426/81/6 2433/82/6
f 2425/83/6 2433/82/6 2434/84/6
f 2424/85/6 2425/83/6 2434/84/6
f 2424/85/6 2434/84/6 2435/86/6
f 2423/87/6 2424/85/6 2435/86/6
f 2423/87/6 2435/86/6 2436/88/6
f 2422/89/6 2423/87/6 2436/88/6
f 2422/89/6 2436/88/6 2437/90/6
f 2421/91/6 2422/89/6 2437/90/6
f 2421/91/6 2437/90/6 2438/92/6
f 2420/93/6 2421/91/6 2438/92/6
f 2420/93/6 2438/92/6 2439/94/6
f 2419/95/6 2420/93/6 2439/94/6
f 2419/95/6 2439/94/6 2440/96/6
f 2418/97/6 2419/95/6 2440/96/6
f 2418/97/6 2440/96/6 2441/98/6
f 2417/99/6 2418/97/6 2441/98/6
f 2416/100/6 2417/99/6 2441/98/6
f 2416/100/6 2441/98/6 2394/101/6
f 2415/102/6 2416/100/6 2394/101/6
f 2415/102/6 2394/101/6 2395/103/6
f 2414/104/6 2415/102/6 2395/103/6
f 2414/104/6 2395/103/6 2396/105/6
f 2413/106/6 2414/104/6 2396/105/6
f 2413/106/6 2396/105/6 2397/107/6
f 2412/108/6 2413/106/6 2397/107/6
f 2412/108/6 2397/107/6 2398/109/6
f 2411/110/6 2412/108/6 2398/109/6
f 2411/110/6 2398/109/6 2399/111/6
f 2410/112/6 2411/110/6 2399/111/6
f 2410/112/6 2399/111/6 2400/113/6
f 2409/114/6 2410/112/6 2400/113/6
f 2409/114/6 2400/113/6 2401/115/6
f 2408/116/6 2409/114/6 2401/115/6
f 2408/116/6 2401/115/6 2402/117/6
f 2407/118/6 2408/116/6 2402/117/6
f 2407/118/6 2402/117/6 2403/119/6
f 2406/120/6 2407/118/6 2403/119/6
f 2406/120/6 2403/119/6 2404/121/6
f 2405/122/6 2406/120/6 2404/121/6
f 2576/123/6 2577/125/6 2578/124/6
f 2538/126/6 2539/128/6 2540/127/6
f 2576/123/6 2578/124/6 2579/129/6
f 2537/130/6 2538/126/6 2540/127/6
f 2576/123/6 2579/129/6 2580/131/6
f 2536/132/6 2537/130/6 2540/127/6
f 2576/123/6 2580/131/6 2581/133/6
f 2535/134/6 2536/132/6 2540/127/6
f 2576/123/6 2581/133/6 2582/135/6
f 2534/136/6 2535/134/6 2540/127/6
f 2576/123/6 2582/135/6 2583/137/6
f 2533/138/6 2534/136/6 2540/127/6
f 2576/123/6 2583/137/6 2584/139/6
f 2532/140/6 2533/138/6 2540/127/6
f 2576/123/6 2584/139/6 2585/141/6
f 2531/142/6 2532/140/6 2540/127/6
f 2576/123/6 2585/141/6 2586/143/6
f 2530/144/6 2531/142/6 2540/127/6
f 2576/123/6 2586/143/6 2587/145/6
f 2529/146/6 2530/144/6 2540/127/6
f 2576/123/6 2587/145/6 2588/147/6
f 2528/148/6 2529/146/6 2540/127/6
f 2576/123/6 2588/147/6 2589/3/6
f 2527/149/6 2528/148/6 2540/127/6
f 2576/123/6 2589/3/6 2516/101/6
f 2576/123/6 2516/101/6 2517/150/6
f 2576/123/6 2517/150/6 2518/151/6
f 2576/123/6 2518/151/6 2519/152/6
f 2576/123/6 2519/152/6 2520/153/6
f 2576/123/6 2520/153/6 2521/154/6
f 2576/123/6 2521/154/6 2522/155/6
f 2576/123/6 2522/155/6 2523/156/6
f 2576/123/6 2523/156/6 2524/157/6
f 2576/123/6 2524/157/6 2525/158/6
f 2576/123/6 2525/158/6 2526/159/6
f 2576/123/6 2526/159/6 2527/149/6
f 2576/123/6 2527/149/6 2575/160/6
f 2575/160/6 2527/149/6 2574/161/6
f 2574/161/6 2527/149/6 2573/162/6
f 2573/162/6 2527/149/6 2572/163/6
f 2572/163/6 2527/149/6 2571/164/6
f 2571/164/6 2527/149/6 2570/165/6
f 2570/165/6 2527/149/6 2569/166/6
f 2569/166/6 2527/149/6 2568/167/6
f 2568/167/6 2527/149/6 2567/168/6
f 2567/168/6 2527/149/6 2566/169/6
f 2566/169/6 2527/149/6 2565/170/6
f 2565/170/6 2527/149/6 2564/171/6
f 2564/171/6 2527/149/6 2563/172/6
f 2563/172/6 2527/149/6 2562/173/6
f 2562/173/6 2527/149/6 2561/174/6
f 2561/174/6 2527/149/6 2559/175/6
f 2559/175/6 2527/149/6 2556/176/6
f 2556/176/6 2527/149/6 2553/177/6
f 2553/177/6 2527/149/6 2552/178/6
f 2552/178/6 2527/149/6 2551/179/6
f 2551/179/6 2527/149/6 2550/180/6
f 2550/180/6 2527/149/6 2549/181/6
f 2549/181/6 2527/149/6 2548/182/6
f 2548/182/6 2527/149/6 2547/183/6
f 2547/183/6 2527/149/6 2546/184/6
f 2546/184/6 2527/149/6 2545/185/6
f 2545/185/6 2527/149/6 2540/127/6
f 2560/186/1 2561/174/1 2559/175/1
f 2558/187/1 2559/175/1 2556/176/1
f 2557/188/1 2558/187/1 2556/176/1
f 2555/189/1 2556/176/1 2553/177/1
f 2554/190/1 2555/189/1 2553/177/1
f 2544/191/6 2545/185/6 2540/127/6
f 2543/192/6 2544/191/6 2540/127/6
f 2542/193/6 2543/192/6 2540/127/6
f 2541/194/6 2542/193/6 2540/127/6
f 2662/195/6 2663/197/6 2664/196/6
f 2661/198/6 2662/195/6 2664/196/6
f 2626/199/6 2627/201/6 2628/200/6
f 2626/199/6 2628/200/6 2629/202/6
f 2660/203/6 2661/198/6 2664/196/6
f 2626/199/6 2629/202/6 2630/204/6
f 2659/205/6 2660/203/6 2664/196/6
f 2626/199/6 2630/204/6 2631/206/6
f 2658/207/6 2659/205/6 2664/196/6
f 2626/199/6 2631/206/6 2632/208/6
f 2657/209/6 2658/207/6 2664/196/6
f 2626/199/6 2632/208/6 2633/210/6
f 2656/211/6 2657/209/6 2664/196/6
f 2626/199/6 2633/210/6 2634/212/6
f 2655/213/6 2656/211/6 2664/196/6
f 2626/199/6 2634/212/6 2635/214/6
f 2654/215/6 2655/213/6 2664/196/6
f 2626/199/6 2635/214/6 2636/216/6
f 2653/217/6 2654/215/6 2664/196/6
f 2626/199/6 2636/216/6 2637/218/6
f 2652/219/6 2653/217/6 2664/196/6
f 2626/199/6 2637/218/6 2638/220/6
f 2651/221/6 2652/219/6 2664/196/6
f 2626/199/6 2638/220/6 2639/222/6
f 2626/199/6 2639/222/6 2640/223/6
f 2626/199/6 2640/223/6 2641/224/6
f 2626/199/6 2641/224/6 2642/225/6
f 2626/199/6 2642/225/6 2643/226/6
f 2626/199/6 2643/226/6 2644/227/6
f 2626/199/6 2644/227/6 2645/228/6
f 2626/199/6 2645/228/6 2646/229/6
f 2626/199/6 2646/229/6 2647/230/6
f 2626/199/6 2647/230/6 2648/231/6
f 2626/199/6 2648/231/6 2649/232/6
f 2626/199/6 2649/232/6 2650/233/6
f 2626/199/6 2650/233/6 2651/221/6
f 2626/199/6 2651/221/6 2664/196/6
f 2626/199/6 2664/196/6 2665/234/6
f 2626/199/6 2665/234/6 2666/235/6
f 2626/199/6 2666/235/6 2667/236/6
f 2626/199/6 2667/236/6 2668/237/6
f 2626/199/6 2668/237/6 2669/238/6
f 2626/199/6 2669/238/6 2670/239/6
f 2626/199/6 2670/239/6 2671/240/6
f 2626/199/6 2671/240/6 2672/241/6
f 2626/199/6 2672/241/6 2673/242/6
f 2626/199/6 2673/242/6 2674/243/6
f 2626/199/6 2674/243/6 2675/244/6
f 2626/199/6 2675/244/6 2676/245/6
f 2626/199/6 2676/245/6 2620/246/6
f 2620/246/6 2676/245/6 2619/247/6
f 2619/247/6 2676/245/6 2618/248/6
f 2618/248/6 2676/245/6 2617/249/6
f 2617/249/6 2676/245/6 2616/250/6
f 2616/250/6 2676/245/6 2615/251/6
f 2615/251/6 2676/245/6 2677/252/6
f 2615/251/6 2677/252/6 2614/253/6
f 2614/253/6 2677/252/6 2613/254/6
f 2613/254/6 2677/252/6 2612/255/6
f 2612/255/6 2677/252/6 2611/256/6
f 2611/256/6 2677/252/6 2610/257/6
f 2610/257/6 2677/252/6 2609/258/6
f 2609/258/6 2677/252/6 2608/259/6
f 2608/259/6 2677/252/6 2607/260/6
f 2607/260/6 2677/252/6 2606/261/6
f 2606/261/6 2677/252/6 2605/262/6
f 2605/262/6 2677/252/6 2604/263/6
f 2604/263/6 2677/252/6 2603/264/6
f 2603/264/6 2677/252/6 2602/265/6
f 2602/265/6 2677/252/6 2678/266/6
f 2601/267/6 2602/265/6 2678/266/6
f 2626/199/7 2620/246/7 2621/268/7
f 2626/199/6 2621/268/6 2622/269/6
f 2626/199/6 2622/269/6 2623/270/6
f 2626/199/6 2623/270/6 2624/271/6
f 2626/199/6 2624/271/6 2625/272/6
f 2600/273/6 2601/267/6 2678/266/6
f 2600/273/6 2678/266/6 2679/274/6
f 2599/275/6 2600/273/6 2679/274/6
f 2599/275/6 2679/274/6 2680/276/6
f 2598/277/6 2599/275/6 2680/276/6
f 2598/277/6 2680/276/6 2681/278/6
f 2597/279/6 2598/277/6 2681/278/6
f 2597/279/6 2681/278/6 2682/280/6
f 2596/281/6 2597/279/6 2682/280/6
f 2596/281/6 2682/280/6 2683/282/6
f 2595/283/6 2596/281/6 2683/282/6
f 2595/283/6 2683/282/6 2684/284/6
f 2594/285/6 2595/283/6 2684/284/6
f 2594/285/6 2684/284/6 2685/286/6
f 2593/287/6 2594/285/6 2685/286/6
f 2593/287/6 2685/286/6 2686/288/6
f 2592/289/6 2593/287/6 2686/288/6
f 2592/289/6 2686/288/6 2687/290/6
f 2591/291/6 2592/289/6 2687/290/6
f 2591/291/6 2687/290/6 2688/292/6
f 2590/101/6 2591/291/6 2688/292/6
f 2738/293/6 2739/295/6 2740/294/6
f 2738/293/6 2740/294/6 2741/296/6
f 2738/293/6 2741/296/6 2742/297/6
f 2700/298/6 2701/300/6 2702/299/6
f 2738/293/6 2742/297/6 2743/301/6
f 2699/302/6 2700/298/6 2702/299/6
f 2698/303/6 2699/302/6 2702/299/6
f 2738/293/6 2743/301/6 2744/304/6
f 2697/305/6 2698/303/6 2702/299/6
f 2738/293/6 2744/304/6 2745/306/6
f 2696/307/6 2697/305/6 2702/299/6
f 2738/293/6 2745/306/6 2746/308/6
f 2695/309/6 2696/307/6 2702/299/6
f 2738/293/6 2746/308/6 2747/310/6
f 2694/311/6 2695/309/6 2702/299/6
f 2738/293/6 2747/310/6 2748/312/6
f 2693/313/6 2694/311/6 2702/299/6
f 2738/293/6 2748/312/6 2749/314/6
f 2692/315/6 2693/313/6 2702/299/6
f 2691/316/6 2692/315/6 2702/299/6
f 2738/293/6 2749/314/6 2750/317/6
f 2690/318/6 2691/316/6 2702/299/6
f 2738/293/6 2750/317/6 2751/3/6
f 2689/319/6 2690/318/6 2702/299/6
f 2738/293/6 2751/3/6 2590/101/6
f 2738/293/6 2590/101/6 2688/292/6
f 2738/293/6 2688/292/6 2689/319/6
f 2738/293/6 2689/319/6 2737/320/6
f 2737/320/6 2689/319/6 2736/321/6
f 2736/321/6 2689/319/6 2735/322/6
f 2735/322/6 2689/319/6 2734/323/6
f 2734/323/6 2689/319/6 2733/324/6
f 2733/324/6 2689/319/6 2732/325/6
f 2732/325/6 2689/319/6 2731/326/6
f 2731/326/6 2689/319/6 2730/327/6
f 2730/327/6 2689/319/6 2729/328/6
f 2729/328/6 2689/319/6 2728/329/6
f 2728/329/6 2689/319/6 2727/330/6
f 2727/330/6 2689/319/6 2726/331/6
f 2726/331/6 2689/319/6 2725/332/6
f 2725/332/6 2689/319/6 2724/333/6
f 2724/333/6 2689/319/6 2721/334/6
f 2721/334/6 2689/319/6 2720/335/6
f 2720/335/6 2689/319/6 2719/336/6
f 2719/336/6 2689/319/6 2718/337/6
f 2718/337/6 2689/319/6 2716/338/6
f 2716/338/6 2689/319/6 2715/339/6
f 2715/339/6 2689/319/6 2714/340/6
f 2714/340/6 2689/319/6 2713/341/6
f 2713/341/6 2689/319/6 2712/342/6
f 2712/342/6 2689/319/6 2711/343/6
f 2711/343/6 2689/319/6 2710/344/6
f 2710/344/6 2689/319/6 2709/345/6
f 2709/345/6 2689/319/6 2708/346/6
f 2708/346/6 2689/319/6 2707/347/6
f 2707/347/6 2689/319/6 2706/348/6
f 2706/348/6 2689/319/6 2705/349/6
f 2705/349/6 2689/319/6 2704/350/6
f 2704/350/6 2689/319/6 2703/351/6
f 2703/351/6 2689/319/6 2702/299/6
f 2723/352/1 2724/333/1 2721/334/1
f 2722/353/1 2723/352/1 2721/334/1
f 2717/354/1 2718/337/1 2716/338/1
f 2789/355/6 2790/357/6 2791/356/6
f 2788/358/6 2789/355/6 2791/356/6
f 2787/359/6 2788/358/6 2791/356/6
f 2786/360/6 2787/359/6 2791/356/6
f 2785/361/6 2786/360/6 2791/356/6
f 2784/362/6 2785/361/6 2791/356/6
f 2783/363/6 2784/362/6 2791/356/6
f 2782/364/6 2783/363/6 2791/356/6
f 2781/365/6 2782/364/6 2791/356/6
f 2780/366/6 2781/365/6 2791/356/6
f 2779/367/6 2780/366/6 2791/356/6
f 2778/368/6 2779/367/6 2791/356/6
f 2777/369/6 2778/368/6 2791/356/6
f 2776/370/6 2777/369/6 2791/356/6
f 2775/371/6 2776/370/6 2791/356/6
f 2774/372/6 2775/371/6 2791/356/6
f 2773/373/6 2774/372/6 2791/356/6
f 2773/373/6 2791/356/6 2792/374/6
f 2773/373/6 2792/374/6 2793/375/6
f 2772/376/6 2773/373/6 2793/375/6
f 2771/377/6 2772/376/6 2793/375/6
f 2771/377/6 2793/375/6 2794/378/6
f 2770/379/6 2771/377/6 2794/378/6
f 2765/380/6 2766/382/6 2767/381/6
f 2770/379/6 2794/378/6 2795/383/6
f 2769/384/6 2770/379/6 2795/383/6
f 2765/380/6 2767/381/6 2768/385/6
f 2768/385/6 2769/384/6 2795/383/6
f 2765/380/6 2768/385/6 2795/383/6
f 2765/380/6 2795/383/6 2796/386/6
f 2765/380/6 2796/386/6 2797/387/6
f 2765/380/6 2797/387/6 2798/388/6
f 2765/380/6 2798/388/6 2799/389/6
f 2765/380/6 2799/389/6 2800/390/6
f 2765/380/6 2800/390/6 2801/391/6
f 2765/380/6 2801/391/6 2802/392/6
f 2765/380/6 2802/392/6 2803/393/6
f 2765/380/6 2803/393/6 2804/394/6
f 2765/380/6 2804/394/6 2805/395/6
f 2765/380/6 2805/395/6 2806/396/6
f 2765/380/6 2806/396/6 2807/397/6
f 2765/380/6 2807/397/6 2808/398/6
f 2765/380/6 2808/398/6 2809/399/6
f 2765/380/6 2809/399/6 2810/400/6
f 2765/380/6 2810/400/6 2811/401/6
f 2765/380/6 2811/401/6 2812/402/6
f 2765/380/6 2812/402/6 2813/403/6
f 2765/380/6 2813/403/6 2814/404/6
f 2765/380/6 2814/404/6 2815/405/6
f 2765/380/6 2815/405/6 2753/406/6
f 2753/406/6 2815/405/6 2816/407/6
f 2765/380/6 2753/406/6 2754/408/6
f 2752/101/6 2753/406/6 2816/407/6
f 2765/380/6 2754/408/6 2755/409/6
f 2765/380/6 2755/409/6 2756/410/6
f 2765/380/6 2756/410/6 2757/411/6
f 2765/380/6 2757/411/6 2758/412/6
f 2765/380/6 2758/412/6 2759/413/6
f 2765/380/6 2759/413/6 2760/414/6
f 2765/380/6 2760/414/6 2761/415/6
f 2765/380/6 2761/415/6 2762/416/6
f 2765/380/6 2762/416/6 2763/417/6
f 2765/380/6 2763/417/6 2764/418/6
f 2881/419/6 2882/421/6 2883/420/6
f 2828/422/6 2829/424/6 2830/423/6
f 2827/425/6 2828/422/6 2830/423/6
f 2881/419/6 2883/420/6 2884/426/6
f 2826/427/6 2827/425/6 2830/423/6
f 2881/419/6 2884/426/6 2885/428/6
f 2825/429/6 2826/427/6 2830/423/6
f 2881/419/6 2885/428/6 2886/430/6
f 2824/431/6 2825/429/6 2830/423/6
f 2881/419/6 2886/430/6 2887/432/6
f 2823/433/6 2824/431/6 2830/423/6
f 2881/419/6 2887/432/6 2888/434/6
f 2822/435/6 2823/433/6 2830/423/6
f 2881/419/6 2888/434/6 2889/436/6
f 2821/437/6 2822/435/6 2830/423/6
f 2881/419/6 2889/436/6 2890/438/6
f 2820/439/6 2821/437/6 2830/423/6
f 2881/419/6 2890/438/6 2891/440/6
f 2819/441/6 2820/439/6 2830/423/6
f 2881/419/6 2891/440/6 2892/442/6
f 2818/443/6 2819/441/6 2830/423/6
f 2881/419/6 2892/442/6 2893/444/6
f 2817/445/6 2818/443/6 2830/423/6
f 2881/419/6 2893/444/6 2894/3/6
f 2881/419/6 2894/3/6 2752/101/6
f 2881/419/6 2752/101/6 2816/407/6
f 2881/419/6 2816/407/6 2817/445/6
f 2881/419/6 2817/445/6 2880/446/6
f 2880/446/6 2817/445/6 2879/447/6
f 2879/447/6 2817/445/6 2878/448/6
f 2878/448/6 2817/445/6 2877/449/6
f 2877/449/6 2817/445/6 2876/450/6
f 2876/450/6 2817/445/6 2875/451/6
f 2875/451/6 2817/445/6 2874/452/6
f 2874/452/6 2817/445/6 2873/453/6
f 2873/453/6 2817/445/6 2872/454/6
f 2872/454/6 2817/445/6 2871/455/6
f 2871/455/6 2817/445/6 2870/456/6
f 2870/456/6 2817/445/6 2869/457/6
f 2869/457/6 2817/445/6 2868/458/6
f 2868/458/6 2817/445/6 2843/459/6
f 2843/459/6 2817/445/6 2842/460/6
f 2842/460/6 2817/445/6 2841/461/6
f 2841/461/6 2817/445/6 2840/462/6
f 2840/462/6 2817/445/6 2839/463/6
f 2839/463/6 2817/445/6 2838/464/6
f 2838/464/6 2817/445/6 2837/465/6
f 2837/465/6 2817/445/6 2836/466/6
f 2836/466/6 2817/445/6 2835/467/6
f 2835/467/6 2817/445/6 2834/468/6
f 2834/468/6 2817/445/6 2833/469/6
f 2833/469/6 2817/445/6 2832/470/6
f 2832/470/6 2817/445/6 2831/471/6
f 2831/471/6 2817/445/6 2830/423/6
f 2867/472/6 2868/458/6 2843/459/6
f 2867/472/6 2843/459/6 2844/473/6
f 2866/474/6 2867/472/6 2844/473/6
f 2866/474/6 2844/473/6 2845/475/6
f 2865/476/6 2866/474/6 2845/475/6
f 2865/476/6 2845/475/6 2846/477/6
f 2864/478/6 2865/476/6 2846/477/6
f 2864/478/6 2846/477/6 2847/479/6
f 2863/480/6 2864/478/6 2847/479/6
f 2863/480/6 2847/479/6 2848/481/6
f 2862/482/6 2863/480/6 2848/481/6
f 2862/482/6 2848/481/6 2849/483/6
f 2861/484/6 2862/482/6 2849/483/6
f 2861/484/6 2849/483/6 2850/485/6
f 2860/486/6 2861/484/6 2850/485/6
f 2860/486/6 2850/485/6 2851/487/6
f 2859/488/6 2860/486/6 2851/487/6
f 2858/489/6 2859/488/6 2851/487/6
f 2858/489/6 2851/487/6 2852/490/6
f 2857/491/6 2858/489/6 2852/490/6
f 2857/491/6 2852/490/6 2853/492/6
f 2856/493/6 2857/491/6 2853/492/6
f 2855/494/6 2856/493/6 2853/492/6
f 2855/494/6 2853/492/6 2854/495/6
f 3015/496/6 3016/498/6 3017/497/6
f 3015/496/6 3017/497/6 3018/499/6
f 3014/500/6 3015/496/6 3018/499/6
f 3013/501/6 3014/500/6 3018/499/6
f 3012/502/6 3013/501/6 3018/499/6
f 3012/502/6 3018/499/6 3019/503/6
f 3011/504/6 3012/502/6 3019/503/6
f 3010/505/6 3011/504/6 3019/503/6
f 3009/506/6 3010/505/6 3019/503/6
f 3009/506/6 3019/503/6 3020/507/6
f 3008/508/6 3009/506/6 3020/507/6
f 2905/509/6 2906/511/6 2907/510/6
f 3007/512/6 3008/508/6 3020/507/6
f 2904/513/6 2905/509/6 2907/510/6
f 2904/513/6 2907/510/6 2908/514/6
f 3006/515/6 3007/512/6 3020/507/6
f 2903/516/6 2904/513/6 2908/514/6
f 2903/516/6 2908/514/6 2909/517/6
f 3006/515/6 3020/507/6 3021/518/6
f 3005/519/6 3006/515/6 3021/518/6
f 2902/520/6 2903/516/6 2909/517/6
f 2902/520/6 2909/517/6 2910/521/6
f 3004/522/6 3005/519/6 3021/518/6
f 3003/523/6 3004/522/6 3021/518/6
f 2901/524/6 2902/520/6 2910/521/6
f 3003/523/6 3021/518/6 3022/525/6
f 2901/524/6 2910/521/6 2911/526/6
f 3002/527/6 3003/523/6 3022/525/6
f 2900/528/6 2901/524/6 2911/526/6
f 3002/527/6 3022/525/6 3023/529/6
f 2900/528/6 2911/526/6 2955/530/6
f 2955/530/6 2911/526/6 2954/531/6
f 2954/531/6 2911/526/6 2912/532/6
f 2900/528/6 2955/530/6 2956/533/6
f 2953/534/6 2954/531/6 2912/532/6
f 2899/535/6 2900/528/6 2956/533/6
f 2899/535/6 2956/533/6 2957/536/6
f 3001/537/6 3002/527/6 3023/529/6
f 2952/538/6 2953/534/6 2912/532/6
f 2899/535/6 2957/536/6 2958/539/6
f 3001/537/6 3023/529/6 3024/540/6
f 2951/541/6 2952/538/6 2912/532/6
f 2951/541/6 2912/532/6 2913/542/6
f 2898/543/6 2899/535/6 2958/539/6
f 2898/543/6 2958/539/6 2959/544/6
f 3000/545/6 3001/537/6 3024/540/6
f 2950/546/6 2951/541/6 2913/542/6
f 3000/545/6 3024/540/6 3025/547/6
f 2897/548/6 2898/543/6 2959/544/6
f 2897/548/6 2959/544/6 2960/549/6
f 2950/546/6 2913/542/6 2914/550/6
f 2949/551/6 2950/546/6 2914/550/6
f 2999/552/6 3000/545/6 3025/547/6
f 2999/552/6 3025/547/6 3026/553/6
f 2896/554/6 2897/548/6 2960/549/6
f 2948/555/6 2949/551/6 2914/550/6
f 2896/554/6 2960/549/6 2961/556/6
f 2998/557/6 2999/552/6 3026/553/6
f 2948/555/6 2914/550/6 2915/558/6
f 2998/557/6 3026/553/6 3027/559/6
f 2947/560/6 2948/555/6 2915/558/6
f 2895/101/6 2896/554/6 2961/556/6
f 2895/101/6 2961/556/6 2962/433/6
f 2998/557/6 3027/559/6 3028/561/6
f 2997/562/6 2998/557/6 3028/561/6
f 2947/560/6 2915/558/6 2916/563/6
f 3029/3/6 2895/101/6 2962/433/6
f 2946/564/6 2947/560/6 2916/563/6
f 2997/562/6 3028/561/6 3029/3/6
f 3029/3/6 2962/433/6 2963/565/6
f 2996/566/6 2997/562/6 3029/3/6
f 2996/566/6 3029/3/6 2963/565/6
f 2945/567/6 2946/564/6 2916/563/6
f 2945/567/6 2916/563/6 2917/568/6
f 2996/566/6 2963/565/6 2964/569/6
f 2995/570/6 2996/566/6 2964/569/6
f 2944/571/6 2945/567/6 2917/568/6
f 2994/572/6 2995/570/6 2964/569/6
f 2994/572/6 2964/569/6 2965/573/6
f 2944/571/6 2917/568/6 2918/574/6
f 2993/575/6 2994/572/6 2965/573/6
f 2943/576/6 2944/571/6 2918/574/6
f 2993/575/6 2965/573/6 2966/577/6
f 2992/578/6 2993/575/6 2966/577/6
f 2943/576/6 2918/574/6 2919/579/6
f 2942/580/6 2943/576/6 2919/579/6
f 2992/578/6 2966/577/6 2967/581/6
f 2991/582/6 2992/578/6 2967/581/6
f 2990/583/6 2991/582/6 2967/581/6
f 2990/583/6 2967/581/6 2968/584/6
f 2989/585/6 2990/583/6 2968/584/6
f 2989/585/6 2968/584/6 2969/586/6
f 2988/587/6 2989/585/6 2969/586/6
f 2941/588/6 2942/580/6 2919/579/6
f 2988/587/6 2969/586/6 2970/589/6
f 2941/588/6 2919/579/6 2920/590/6
f 2988/587/6 2970/589/6 2971/591/6
f 2987/592/6 2988/587/6 2971/591/6
f 2987/592/6 2971/591/6 2972/593/6
f 2986/594/6 2987/592/6 2972/593/6
f 2986/594/6 2972/593/6 2973/595/6
f 2986/594/6 2973/595/6 2974/596/6
f 2985/597/6 2986/594/6 2974/596/6
f 2985/597/6 2974/596/6 2975/598/6
f 2940/599/6 2941/588/6 2920/590/6
f 2984/600/6 2985/597/6 2975/598/6
f 2984/600/6 2975/598/6 2976/601/6
f 2940/599/6 2920/590/6 2921/602/6
f 2983/603/6 2984/600/6 2976/601/6
f 2983/603/6 2976/601/6 2977/604/6
f 2982/605/6 2983/603/6 2977/604/6
f 2982/605/6 2977/604/6 2978/606/6
f 2981/607/6 2982/605/6 2978/606/6
f 2981/607/6 2978/606/6 2979/608/6
f 2939/609/6 2940/599/6 2921/602/6
f 2980/610/6 2981/607/6 2979/608/6
f 2939/609/6 2921/602/6 2922/611/6
f 2938/612/6 2939/609/6 2922/611/6
f 2938/612/6 2922/611/6 2923/613/6
f 2937/614/6 2938/612/6 2923/613/6
f 2936/615/6 2937/614/6 2923/613/6
f 2936/615/6 2923/613/6 2924/616/6
f 2935/617/6 2936/615/6 2924/616/6
f 2935/617/6 2924/616/6 2925/618/6
f 2934/619/6 2935/617/6 2925/618/6
f 2933/620/6 2934/619/6 2925/618/6
f 2933/620/6 2925/618/6 2926/621/6
f 2932/622/6 2933/620/6 2926/621/6
f 2931/623/6 2932/622/6 2926/621/6
f 2931/623/6 2926/621/6 2927/624/6
f 2930/625/6 2931/623/6 2927/624/6
f 2930/625/6 2927/624/6 2928/626/6
f 2930/625/6 2928/626/6 2929/627/6
f 3427/628/6 3428/630/6 3429/629/6
f 3426/631/6 3427/628/6 3429/629/6
f 3426/631/6 3429/629/6 3430/632/6
f 3425/633/6 3426/631/6 3430/632/6
f 3425/633/6 3430/632/6 3431/634/6
f 3424/635/6 3425/633/6 3431/634/6
f 3424/635/6 3431/634/6 3432/636/6
f 3424/635/6 3432/636/6 3433/637/6
f 3423/638/6 3424/635/6 3433/637/6
f 3423/638/6 3433/637/6 3434/639/6
f 3422/640/6 3423/638/6 3434/639/6
f 3422/640/6 3434/639/6 3435/641/6
f 3421/642/6 3422/640/6 3435/641/6
f 3421/642/6 3435/641/6 3436/643/6
f 3420/644/6 3421/642/6 3436/643/6
f 3420/644/6 3436/643/6 3437/645/6
f 3419/646/6 3420/644/6 3437/645/6
f 3419/646/6 3437/645/6 3438/647/6
f 3418/648/6 3419/646/6 3438/647/6
f 3418/648/6 3438/647/6 3439/649/6
f 3417/650/6 3418/648/6 3439/649/6
f 3417/650/6 3439/649/6 3440/651/6
f 3416/652/6 3417/650/6 3440/651/6
f 3416/652/6 3440/651/6 3441/3/6
f 3415/653/6 3416/652/6 3441/3/6
f 3415/653/6 3441/3/6 3319/654/6
f 3414/655/6 3415/653/6 3319/654/6
f 3414/655/6 3319/654/6 3320/656/6
f 3413/657/6 3414/655/6 3320/656/6
f 3413/657/6 3320/656/6 3321/658/6
f 3412/659/6 3413/657/6 3321/658/6
f 3412/659/6 3321/658/6 3322/660/6
f 3411/661/6 3412/659/6 3322/660/6
f 3411/661/6 3322/660/6 3323/662/6
f 3410/663/6 3411/661/6 3323/662/6
f 3410/663/6 3323/662/6 3324/664/6
f 3409/665/6 3410/663/6 3324/664/6
f 3409/665/6 3324/664/6 3325/666/6
f 3408/667/6 3409/665/6 3325/666/6
f 3408/667/6 3325/666/6 3326/668/6
f 3407/669/6 3408/667/6 3326/668/6
f 3407/669/6 3326/668/6 3327/670/6
f 3406/671/6 3407/669/6 3327/670/6
f 3406/671/6 3327/670/6 3328/672/6
f 3405/673/6 3406/671/6 3328/672/6
f 3405/673/6 3328/672/6 3329/674/6
f 3405/673/6 3329/674/6 3330/675/6
f 3404/676/6 3405/673/6 3330/675/6
f 3353/677/6 3354/679/6 3355/678/6
f 3404/676/6 3330/675/6 3331/680/6
f 3352/681/6 3353/677/6 3355/678/6
f 3404/676/6 3331/680/6 3332/682/6
f 3403/683/6 3404/676/6 3332/682/6
f 3351/684/6 3352/681/6 3355/678/6
f 3403/683/6 3332/682/6 3333/685/6
f 3351/684/6 3355/678/6 3356/686/6
f 3350/687/6 3351/684/6 3356/686/6
f 3403/683/6 3333/685/6 3334/688/6
f 3349/689/6 3350/687/6 3356/686/6
f 3349/689/6 3356/686/6 3357/690/6
f 3403/683/6 3334/688/6 3335/691/6
f 3402/692/6 3403/683/6 3335/691/6
f 3348/693/6 3349/689/6 3357/690/6
f 3402/692/6 3335/691/6 3336/694/6
f 3348/693/6 3357/690/6 3358/695/6
f 3347/696/6 3348/693/6 3358/695/6
f 3402/692/6 3336/694/6 3337/697/6
f 3346/698/6 3347/696/6 3358/695/6
f 3401/699/6 3402/692/6 3337/697/6
f 3401/699/6 3337/697/6 3338/700/6
f 3346/698/6 3358/695/6 3359/701/6
f 3345/702/6 3346/698/6 3359/701/6
f 3401/699/6 3338/700/6 3339/703/6
f 3345/702/6 3359/701/6 3360/704/6
f 3344/705/6 3345/702/6 3360/704/6
f 3401/699/6 3339/703/6 3340/706/6
f 3400/707/6 3401/699/6 3340/706/6
f 3343/708/6 3344/705/6 3360/704/6
f 3400/707/6 3340/706/6 3341/709/6
f 3343/708/6 3360/704/6 3361/710/6
f 3400/707/6 3341/709/6 3342/711/6
f 3342/711/6 3343/708/6 3361/710/6
f 3400/707/6 3342/711/6 3361/710/6
f 3399/712/6 3400/707/6 3361/710/6
f 3399/712/6 3361/710/6 3362/713/6
f 3399/712/6 3362/713/6 3363/714/6
f 3398/715/6 3399/712/6 3363/714/6
f 3398/715/6 3363/714/6 3364/716/6
f 3397/717/6 3398/715/6 3364/716/6
f 3397/717/6 3364/716/6 3365/718/6
f 3397/717/6 3365/718/6 3366/719/6
f 3396/720/6 3397/717/6 3366/719/6
f 3396/720/6 3366/719/6 3367/721/6
f 3396/720/6 3367/721/6 3368/722/6
f 3395/723/6 3396/720/6 3368/722/6
f 3395/723/6 3368/722/6 3369/724/6
f 3395/723/6 3369/724/6 3370/725/6
f 3395/723/6 3370/725/6 3371/726/6
f 3395/723/6 3371/726/6 3372/727/6
f 3395/723/6 3372/727/6 3373/728/6
f 3395/723/6 3373/728/6 3374/729/6
f 3394/730/6 3395/723/6 3374/729/6
f 3394/730/6 3374/729/6 3375/731/6
f 3394/730/6 3375/731/6 3376/732/6
f 3394/730/6 3376/732/6 3377/733/6
f 3394/730/6 3377/733/6 3378/734/6
f 3394/730/6 3378/734/6 3379/735/6
f 3394/730/6 3379/735/6 3380/736/6
f 3393/737/6 3394/730/6 3380/736/6
f 3393/737/6 3380/736/6 3381/738/6
f 3393/737/6 3381/738/6 3382/739/6
f 3393/737/6 3382/739/6 3383/740/6
f 3393/737/6 3383/740/6 3384/741/6
f 3393/737/6 3384/741/6 3385/742/6
f 3393/737/6 3385/742/6 3386/743/6
f 3393/737/6 3386/743/6 3387/744/6
f 3392/745/6 3393/737/6 3387/744/6
f 3392/745/6 3387/744/6 3388/746/6
f 3392/745/6 3388/746/6 3389/747/6
f 3392/745/6 3389/747/6 3390/748/6
f 3392/745/6 3390/748/6 3391/749/6
f 3068/750/6 3069/752/6 3070/751/6
f 3068/750/6 3070/751/6 3071/753/6
f 3067/754/6 3068/750/6 3071/753/6
f 3067/754/6 3071/753/6 3072/755/6
f 3066/756/6 3067/754/6 3072/755/6
f 3042/757/6 3043/759/6 3044/758/6
f 3066/756/6 3072/755/6 3073/760/6
f 3065/761/6 3066/756/6 3073/760/6
f 3042/757/6 3044/758/6 3045/762/6
f 3065/761/6 3073/760/6 3074/763/6
f 3041/764/6 3042/757/6 3045/762/6
f 3064/765/6 3065/761/6 3074/763/6
f 3041/764/6 3045/762/6 3046/766/6
f 3064/765/6 3074/763/6 3075/767/6
f 3040/768/6 3041/764/6 3046/766/6
f 3063/769/6 3064/765/6 3075/767/6
f 3040/768/6 3046/766/6 3047/770/6
f 3304/771/6 3305/773/6 3306/772/6
f 3304/771/6 3306/772/6 3307/774/6
f 3039/775/6 3040/768/6 3047/770/6
f 3303/776/6 3304/771/6 3307/774/6
f 3063/769/6 3075/767/6 3076/777/6
f 3303/776/6 3307/774/6 3308/778/6
f 3062/779/6 3063/769/6 3076/777/6
f 3302/780/6 3303/776/6 3308/778/6
f 3302/780/6 3308/778/6 3309/781/6
f 3039/775/6 3047/770/6 3048/782/6
f 3301/783/6 3302/780/6 3309/781/6
f 3301/783/6 3309/781/6 3310/784/6
f 3038/785/6 3039/775/6 3048/782/6
f 3062/779/6 3076/777/6 3077/786/6
f 3300/787/6 3301/783/6 3310/784/6
f 3300/787/6 3310/784/6 3311/788/6
f 3061/789/6 3062/779/6 3077/786/6
f 3038/785/6 3048/782/6 3049/790/6
f 3300/787/6 3311/788/6 3312/791/6
f 3299/792/6 3300/787/6 3312/791/6
f 3037/793/6 3038/785/6 3049/790/6
f 3061/789/6 3077/786/6 3078/794/6
f 3299/792/6 3312/791/6 3313/795/6
f 3298/796/6 3299/792/6 3313/795/6
f 3060/797/6 3061/789/6 3078/794/6
f 3298/796/6 3313/795/6 3314/798/6
f 3037/793/6 3049/790/6 3050/799/6
f 3297/800/6 3298/796/6 3314/798/6
f 3036/801/6 3037/793/6 3050/799/6
f 3297/800/6 3314/798/6 3315/802/6
f 3060/797/6 3078/794/6 3079/803/6
f 3296/804/6 3297/800/6 3315/802/6
f 3059/805/6 3060/797/6 3079/803/6
f 3296/804/6 3315/802/6 3316/806/6
f 3295/807/6 3296/804/6 3316/806/6
f 3036/801/6 3050/799/6 3051/808/6
f 3295/807/6 3316/806/6 3317/809/6
f 3035/810/6 3036/801/6 3051/808/6
f 3294/811/6 3295/807/6 3317/809/6
f 3059/805/6 3079/803/6 3080/812/6
f 3294/811/6 3317/809/6 3318/813/6
f 3293/814/6 3294/811/6 3318/813/6
f 3058/815/6 3059/805/6 3080/812/6
f 3293/814/6 3318/813/6 3131/816/6
f 3035/810/6 3051/808/6 3052/817/6
f 3292/818/6 3293/814/6 3131/816/6
f 3058/815/6 3080/812/6 3081/819/6
f 3034/820/6 3035/810/6 3052/817/6
f 3292/818/6 3131/816/6 3132/821/6
f 3057/822/6 3058/815/6 3081/819/6
f 3034/820/6 3052/817/6 3053/823/6
f 3057/822/6 3081/819/6 3056/824/6
f 3292/818/6 3132/821/6 3133/825/6
f 3033/826/6 3034/820/6 3053/823/6
f 3292/818/6 3133/825/6 3134/827/6
f 3033/826/6 3053/823/6 3054/828/6
f 3032/829/6 3033/826/6 3054/828/6
f 3292/818/6 3134/827/6 3135/830/6
f 3032/829/6 3054/828/6 3055/831/6
f 3031/832/6 3032/829/6 3055/831/6
f 3292/818/6 3135/830/6 3136/833/6
f 3031/832/6 3055/831/6 3030/101/6
f 3292/818/6 3136/833/6 3137/834/6
f 3292/818/6 3137/834/6 3138/835/6
f 3292/818/6 3138/835/6 3139/836/6
f 3292/818/6 3139/836/6 3140/837/6
f 3292/818/6 3140/837/6 3141/838/6
f 3153/839/6 3154/841/6 3155/840/6
f 3152/842/6 3153/839/6 3155/840/6
f 3151/843/6 3152/842/6 3155/840/6
f 3150/844/6 3151/843/6 3155/840/6
f 3149/845/6 3150/844/6 3155/840/6
f 3292/818/6 3141/838/6 3142/846/6
f 3148/847/6 3149/845/6 3155/840/6
f 3147/848/6 3148/847/6 3155/840/6
f 3146/849/6 3147/848/6 3155/840/6
f 3145/850/6 3146/849/6 3155/840/6
f 3144/851/6 3145/850/6 3155/840/6
f 3143/852/6 3144/851/6 3155/840/6
f 3278/853/6 3279/855/6 3280/854/6
f 3142/846/6 3143/852/6 3155/840/6
f 3278/853/6 3280/854/6 3281/856/6
f 3292/818/6 3142/846/6 3155/840/6
f 3278/853/6 3281/856/6 3282/857/6
f 3278/853/6 3282/857/6 3283/858/6
f 3278/853/6 3283/858/6 3284/859/6
f 3278/853/6 3284/859/6 3285/860/6
f 3278/853/6 3285/860/6 3286/861/6
f 3291/862/6 3292/818/6 3155/840/6
f 3278/853/6 3286/861/6 3287/863/6
f 3278/853/6 3287/863/6 3288/864/6
f 3278/853/6 3288/864/6 3289/865/6
f 3278/853/6 3289/865/6 3290/866/6
f 3278/853/6 3290/866/6 3291/862/6
f 3278/853/6 3291/862/6 3155/840/6
f 3278/853/6 3155/840/6 3156/867/6
f 3278/853/6 3156/867/6 3157/868/6
f 3278/853/6 3157/868/6 3158/869/6
f 3278/853/6 3158/869/6 3159/870/6
f 3278/853/6 3159/870/6 3160/871/6
f 3278/853/6 3160/871/6 3161/872/6
f 3278/853/6 3161/872/6 3162/873/6
f 3278/853/6 3162/873/6 3163/874/6
f 3278/853/6 3163/874/6 3164/875/6
f 3278/853/6 3164/875/6 3165/876/6
f 3278/853/6 3165/876/6 3166/877/6
f 3278/853/6 3166/877/6 3167/878/6
f 3277/879/6 3278/853/6 3167/878/6
f 3277/879/6 3167/878/6 3265/880/6
f 3265/880/6 3167/878/6 3168/881/6
f 3276/882/6 3277/879/6 3265/880/6
f 3275/883/6 3276/882/6 3265/880/6
f 3274/884/6 3275/883/6 3265/880/6
f 3273/885/6 3274/884/6 3265/880/6
f 3272/886/6 3273/885/6 3265/880/6
f 3272/886/6 3265/880/6 3266/887/6
f 3264/888/6 3265/880/6 3168/881/6
f 3271/889/6 3272/886/6 3266/887/6
f 3270/890/6 3271/889/6 3266/887/6
f 3269/891/6 3270/890/6 3266/887/6
f 3268/892/6 3269/891/6 3266/887/6
f 3267/893/6 3268/892/6 3266/887/6
f 3263/894/6 3264/888/6 3168/881/6
f 3263/894/6 3168/881/6 3169/895/6
f 3262/896/6 3263/894/6 3169/895/6
f 3262/896/6 3169/895/6 3170/897/6
f 3261/898/6 3262/896/6 3170/897/6
f 3261/898/6 3170/897/6 3171/899/6
f 3260/900/6 3261/898/6 3171/899/6
f 3260/900/6 3171/899/6 3172/901/6
f 3259/902/6 3260/900/6 3172/901/6
f 3259/902/6 3172/901/6 3173/903/6
f 3258/904/6 3259/902/6 3173/903/6
f 3258/904/6 3173/903/6 3174/905/6
f 3257/906/6 3258/904/6 3174/905/6
f 3257/906/6 3174/905/6 3175/907/6
f 3256/908/6 3257/906/6 3175/907/6
f 3256/908/6 3175/907/6 3176/909/6
f 3255/910/6 3256/908/6 3176/909/6
f 3255/910/6 3176/909/6 3177/911/6
f 3254/912/6 3255/910/6 3177/911/6
f 3254/912/6 3177/911/6 3178/913/6
f 3253/914/6 3254/912/6 3178/913/6
f 3240/915/6 3241/917/6 3242/916/6
f 3240/915/6 3242/916/6 3243/918/6
f 3240/915/6 3243/918/6 3244/919/6
f 3240/915/6 3244/919/6 3245/920/6
f 3240/915/6 3245/920/6 3246/921/6
f 3239/922/6 3240/915/6 3246/921/6
f 3239/922/6 3246/921/6 3247/923/6
f 3239/922/6 3247/923/6 3248/924/6
f 3239/922/6 3248/924/6 3249/925/6
f 3239/922/6 3249/925/6 3250/926/6
f 3239/922/6 3250/926/6 3251/927/6
f 3238/928/6 3239/922/6 3251/927/6
f 3238/928/6 3251/927/6 3252/929/6
f 3238/928/6 3252/929/6 3253/914/6
f 3238/928/6 3253/914/6 3178/913/6
f 3238/928/6 3178/913/6 3179/930/6
f 3237/931/6 3238/928/6 3179/930/6
f 3236/932/6 3237/931/6 3179/930/6
f 3235/933/6 3236/932/6 3179/930/6
f 3235/933/6 3179/930/6 3180/934/6
f 3235/933/6 3180/934/6 3181/935/6
f 3234/936/6 3235/933/6 3181/935/6
f 3234/936/6 3181/935/6 3182/937/6
f 3233/938/6 3234/936/6 3082/939/6
f 3082/939/6 3234/936/6 3130/940/6
f 3130/940/6 3234/936/6 3182/937/6
f 3130/940/6 3182/937/6 3129/941/6
f 3129/941/6 3182/937/6 3183/942/6
f 3128/943/6 3129/941/6 3183/942/6
f 3127/944/6 3128/943/6 3183/942/6
f 3233/938/6 3082/939/6 3083/945/6
f 3126/946/6 3127/944/6 3183/942/6
f 3125/947/6 3126/946/6 3183/942/6
f 3233/938/6 3083/945/6 3084/948/6
f 3124/949/6 3125/947/6 3183/942/6
f 3123/950/6 3124/949/6 3183/942/6
f 3122/951/6 3123/950/6 3183/942/6
f 3233/938/6 3084/948/6 3085/952/6
f 3121/953/6 3122/951/6 3183/942/6
f 3121/953/6 3183/942/6 3184/954/6
f 3120/955/6 3121/953/6 3184/954/6
f 3233/938/6 3085/952/6 3086/956/6
f 3119/957/6 3120/955/6 3184/954/6
f 3232/958/6 3233/938/6 3086/956/6
f 3118/959/6 3119/957/6 3184/954/6
f 3232/958/6 3086/956/6 3087/960/6
f 3117/961/6 3118/959/6 3184/954/6
f 3117/961/6 3184/954/6 3185/962/6
f 3232/958/6 3087/960/6 3088/963/6
f 3117/961/6 3185/962/6 3186/964/6
f 3231/965/6 3232/958/6 3088/963/6
f 3231/965/6 3088/963/6 3089/966/6
f 3231/965/6 3089/966/6 3090/967/6
f 3117/961/6 3186/964/6 3204/968/6
f 3204/968/6 3186/964/6 3187/969/6
f 3231/965/6 3090/967/6 3091/970/6
f 3230/971/6 3231/965/6 3091/970/6
f 3116/972/6 3117/961/6 3204/968/6
f 3116/972/6 3204/968/6 3205/973/6
f 3203/974/6 3204/968/6 3187/969/6
f 3203/974/6 3187/969/6 3188/975/6
f 3202/976/6 3203/974/6 3188/975/6
f 3230/971/6 3091/970/6 3092/977/6
f 3202/976/6 3188/975/6 3189/978/6
f 3201/979/6 3202/976/6 3189/978/6
f 3115/980/6 3116/972/6 3205/973/6
f 3229/981/6 3230/971/6 3092/977/6
f 3229/981/6 3092/977/6 3093/982/6
f 3115/980/6 3205/973/6 3206/983/6
f 3200/984/6 3201/979/6 3189/978/6
f 3200/984/6 3189/978/6 3190/985/6
f 3229/981/6 3093/982/6 3094/986/6
f 3114/987/6 3115/980/6 3206/983/6
f 3199/988/6 3200/984/6 3190/985/6
f 3199/988/6 3190/985/6 3191/989/6
f 3228/990/6 3229/981/6 3094/986/6
f 3114/987/6 3206/983/6 3207/991/6
f 3198/992/6 3199/988/6 3191/989/6
f 3228/990/6 3094/986/6 3095/993/6
f 3113/994/6 3114/987/6 3207/991/6
f 3198/992/6 3191/989/6 3197/995/6
f 3197/995/6 3191/989/6 3196/996/6
f 3196/996/6 3191/989/6 3195/997/6
f 3195/997/6 3191/989/6 3194/998/6
f 3194/998/6 3191/989/6 3193/999/6
f 3193/999/6 3191/989/6 3192/1000/6
f 3228/990/6 3095/993/6 3096/1001/6
f 3112/1002/6 3113/994/6 3207/991/6
f 3227/1003/6 3228/990/6 3096/1001/6
f 3112/1002/6 3207/991/6 3208/1004/6
f 3227/1003/6 3096/1001/6 3097/1005/6
f 3111/1006/6 3112/1002/6 3208/1004/6
f 3227/1003/6 3097/1005/6 3098/1007/6
f 3110/1008/6 3111/1006/6 3208/1004/6
f 3226/1009/6 3227/1003/6 3098/1007/6
f 3110/1008/6 3208/1004/6 3209/1010/6
f 3226/1009/6 3098/1007/6 3099/1011/6
f 3109/1012/6 3110/1008/6 3209/1010/6
f 3226/1009/6 3099/1011/6 3100/1013/6
f 3226/1009/6 3100/1013/6 3101/1014/6
f 3108/1015/6 3109/1012/6 3209/1010/6
f 3225/1016/6 3226/1009/6 3101/1014/6
f 3108/1015/6 3209/1010/6 3210/1017/6
f 3225/1016/6 3101/1014/6 3102/1018/6
f 3107/1019/6 3108/1015/6 3210/1017/6
f 3225/1016/6 3102/1018/6 3103/1020/6
f 3106/1021/6 3107/1019/6 3210/1017/6
f 3225/1016/6 3103/1020/6 3104/1022/6
f 3105/1023/6 3106/1021/6 3210/1017/6
f 3225/1016/6 3104/1022/6 3105/1023/6
f 3225/1016/6 3105/1023/6 3210/1017/6
f 3224/1024/6 3225/1016/6 3210/1017/6
f 3224/1024/6 3210/1017/6 3211/1025/6
f 3223/1026/6 3224/1024/6 3211/1025/6
f 3223/1026/6 3211/1025/6 3212/1027/6
f 3222/1028/6 3223/1026/6 3212/1027/6
f 3222/1028/6 3212/1027/6 3213/1029/6
f 3221/1030/6 3222/1028/6 3213/1029/6
f 3221/1030/6 3213/1029/6 3214/1031/6
f 3220/1032/6 3221/1030/6 3214/1031/6
f 3220/1032/6 3214/1031/6 3215/1033/6
f 3219/1034/6 3220/1032/6 3215/1033/6
f 3219/1034/6 3215/1033/6 3216/1035/6
f 3218/1036/6 3219/1034/6 3216/1035/6
f 3218/1036/6 3216/1035/6 3217/1037/6
f 3668/1038/6 3669/3/6 3442/101/6
f 3668/1038/6 3442/101/6 3443/1039/6
f 3667/1040/6 3668/1038/6 3443/1039/6
f 3667/1040/6 3443/1039/6 3444/1041/6
f 3666/1042/6 3667/1040/6 3444/1041/6
f 3666/1042/6 3444/1041/6 3445/1043/6
f 3665/1044/6 3666/1042/6 3445/1043/6
f 3664/1045/6 3665/1044/6 3445/1043/6
f 3664/1045/6 3445/1043/6 3446/1046/6
f 3663/1047/6 3664/1045/6 3446/1046/6
f 3663/1047/6 3446/1046/6 3447/1048/6
f 3662/1049/6 3663/1047/6 3447/1048/6
f 3661/1050/6 3662/1049/6 3447/1048/6
f 3661/1050/6 3447/1048/6 3448/1051/6
f 3660/1052/6 3661/1050/6 3448/1051/6
f 3659/1053/6 3660/1052/6 3448/1051/6
f 3659/1053/6 3448/1051/6 3449/1054/6
f 3658/1055/6 3659/1053/6 3449/1054/6
f 3657/1056/6 3658/1055/6 3449/1054/6
f 3656/1057/6 3657/1056/6 3449/1054/6
f 3656/1057/6 3449/1054/6 3450/1058/6
f 3656/1057/6 3450/1058/6 3451/1059/6
f 3656/1057/6 3451/1059/6 3452/1060/6
f 3656/1057/6 3452/1060/6 3453/1061/6
f 3656/1057/6 3453/1061/6 3454/1062/6
f 3454/1062/6 3455/1064/6 3456/1063/6
f 3656/1057/6 3454/1062/6 3456/1063/6
f 3655/1065/6 3656/1057/6 3456/1063/6
f 3654/1066/6 3655/1065/6 3456/1063/6
f 3653/1067/6 3654/1066/6 3456/1063/6
f 3652/1068/6 3653/1067/6 3456/1063/6
f 3651/1069/6 3652/1068/6 3456/1063/6
f 3650/1070/6 3651/1069/6 3456/1063/6
f 3649/1071/6 3650/1070/6 3456/1063/6
f 3648/1072/6 3649/1071/6 3456/1063/6
f 3647/1073/6 3648/1072/6 3456/1063/6
f 3646/1074/6 3647/1073/6 3456/1063/6
f 3645/1075/6 3646/1074/6 3456/1063/6
f 3644/1076/6 3645/1075/6 3456/1063/6
f 3643/1077/6 3644/1076/6 3456/1063/6
f 3642/1078/6 3643/1077/6 3456/1063/6
f 3641/1079/6 3642/1078/6 3456/1063/6
f 3640/1080/6 3641/1079/6 3456/1063/6
f 3639/1081/6 3640/1080/6 3456/1063/6
f 3631/1082/6 3632/1084/6 3633/1083/6
f 3639/1081/6 3456/1063/6 3457/1085/6
f 3638/1086/6 3639/1081/6 3457/1085/6
f 3631/1082/6 3633/1083/6 3634/1087/6
f 3637/1088/6 3638/1086/6 3457/1085/6
f 3631/1082/6 3634/1087/6 3635/1089/6
f 3636/1090/6 3637/1088/6 3457/1085/6
f 3631/1082/6 3635/1089/6 3636/1090/6
f 3631/1082/6 3636/1090/6 3457/1085/6
f 3631/1082/6 3457/1085/6 3458/1091/6
f 3480/1092/6 3481/1094/6 3482/1093/6
f 3631/1082/6 3458/1091/6 3459/1095/6
f 3479/1096/6 3480/1092/6 3482/1093/6
f 3479/1096/6 3482/1093/6 3483/1097/6
f 3478/1098/6 3479/1096/6 3483/1097/6
f 3631/1082/6 3459/1095/6 3460/1099/6
f 3477/1100/6 3478/1098/6 3483/1097/6
f 3477/1100/6 3483/1097/6 3484/1101/6
f 3631/1082/6 3460/1099/6 3461/1102/6
f 3476/1103/6 3477/1100/6 3484/1101/6
f 3631/1082/6 3461/1102/6 3462/1104/6
f 3476/1103/6 3484/1101/6 3485/1105/6
f 3475/1106/6 3476/1103/6 3485/1105/6
f 3631/1082/6 3462/1104/6 3463/1107/6
f 3474/1108/6 3475/1106/6 3485/1105/6
f 3631/1082/6 3463/1107/6 3630/1109/6
f 3630/1109/6 3463/1107/6 3464/1110/6
f 3474/1108/6 3485/1105/6 3486/1111/6
f 3630/1109/6 3464/1110/6 3465/1112/6
f 3473/1113/6 3474/1108/6 3486/1111/6
f 3630/1109/6 3465/1112/6 3466/1114/6
f 3629/1115/6 3630/1109/6 3466/1114/6
f 3473/1113/6 3486/1111/6 3487/1116/6
f 3629/1115/6 3466/1114/6 3467/1117/6
f 3472/1118/6 3473/1113/6 3487/1116/6
f 3629/1115/6 3467/1117/6 3468/1119/6
f 3629/1115/6 3468/1119/6 3469/1120/6
f 3471/1121/6 3472/1118/6 3531/1122/6
f 3531/1122/6 3472/1118/6 3530/1123/6
f 3530/1123/6 3472/1118/6 3487/1116/6
f 3530/1123/6 3487/1116/6 3529/1124/6
f 3529/1124/6 3487/1116/6 3488/1125/6
f 3471/1121/6 3531/1122/6 3532/1126/6
f 3528/1127/6 3529/1124/6 3488/1125/6
f 3471/1121/6 3532/1126/6 3533/1128/6
f 3527/1129/6 3528/1127/6 3488/1125/6
f 3471/1121/6 3533/1128/6 3534/1130/6
f 3470/1131/6 3471/1121/6 3534/1130/6
f 3526/1132/6 3527/1129/6 3488/1125/6
f 3470/1131/6 3534/1130/6 3535/1133/6
f 3526/1132/6 3488/1125/6 3489/1134/6
f 3470/1131/6 3535/1133/6 3536/1135/6
f 3525/1136/6 3526/1132/6 3489/1134/6
f 3469/1120/6 3470/1131/6 3536/1135/6
f 3469/1120/6 3536/1135/6 3537/1137/6
f 3524/1138/6 3525/1136/6 3489/1134/6
f 3524/1138/6 3489/1134/6 3490/1139/6
f 3629/1115/6 3469/1120/6 3537/1137/6
f 3629/1115/6 3537/1137/6 3538/1140/6
f 3523/1141/6 3524/1138/6 3490/1139/6
f 3629/1115/6 3538/1140/6 3539/1142/6
f 3628/1143/6 3629/1115/6 3539/1142/6
f 3523/1141/6 3490/1139/6 3491/1144/6
f 3522/1145/6 3523/1141/6 3491/1144/6
f 3628/1143/6 3539/1142/6 3540/1146/6
f 3627/1147/6 3628/1143/6 3540/1146/6
f 3521/1148/6 3522/1145/6 3491/1144/6
f 3627/1147/6 3540/1146/6 3541/1149/6
f 3521/1148/6 3491/1144/6 3492/1150/6
f 3626/1151/6 3627/1147/6 3541/1149/6
f 3520/1152/6 3521/1148/6 3492/1150/6
f 3626/1151/6 3541/1149/6 3542/1153/6
f 3519/1154/6 3520/1152/6 3492/1150/6
f 3625/1155/6 3626/1151/6 3542/1153/6
f 3519/1154/6 3492/1150/6 3493/1156/6
f 3625/1155/6 3542/1153/6 3543/1157/6
f 3625/1155/6 3543/1157/6 3544/1158/6
f 3518/1159/6 3519/1154/6 3493/1156/6
f 3625/1155/6 3544/1158/6 3545/1160/6
f 3624/1161/6 3625/1155/6 3545/1160/6
f 3624/1161/6 3545/1160/6 3546/1162/6
f 3517/1163/6 3518/1159/6 3493/1156/6
f 3517/1163/6 3493/1156/6 3494/1164/6
f 3624/1161/6 3546/1162/6 3547/1165/6
f 3624/1161/6 3547/1165/6 3548/1166/6
f 3623/1167/6 3624/1161/6 3604/1168/6
f 3604/1168/6 3624/1161/6 3548/1166/6
f 3604/1168/6 3548/1166/6 3549/1169/6
f 3623/1167/6 3604/1168/6 3605/1170/6
f 3603/1171/6 3604/1168/6 3549/1169/6
f 3603/1171/6 3549/1169/6 3550/1172/6
f 3516/1173/6 3517/1163/6 3494/1164/6
f 3603/1171/6 3550/1172/6 3551/1174/6
f 3622/1175/6 3623/1167/6 3605/1170/6
f 3622/1175/6 3605/1170/6 3606/1176/6
f 3516/1173/6 3494/1164/6 3495/1177/6
f 3603/1171/6 3551/1174/6 3552/1178/6
f 3603/1171/6 3552/1178/6 3553/1179/6
f 3622/1175/6 3606/1176/6 3607/1180/6
f 3602/1181/6 3603/1171/6 3553/1179/6
f 3602/1181/6 3553/1179/6 3554/1182/6
f 3621/1183/6 3622/1175/6 3607/1180/6
f 3515/1184/6 3516/1173/6 3495/1177/6
f 3602/1181/6 3554/1182/6 3555/1185/6
f 3621/1183/6 3607/1180/6 3608/1186/6
f 3515/1184/6 3495/1177/6 3496/1187/6
f 3601/1188/6 3602/1181/6 3555/1185/6
f 3601/1188/6 3555/1185/6 3556/1189/6
f 3620/1190/6 3621/1183/6 3608/1186/6
f 3620/1190/6 3608/1186/6 3609/1191/6
f 3514/1192/6 3515/1184/6 3496/1187/6
f 3600/1193/6 3601/1188/6 3556/1189/6
f 3600/1193/6 3556/1189/6 3557/1194/6
f 3620/1190/6 3609/1191/6 3610/1195/6
f 3619/1196/6 3620/1190/6 3610/1195/6
f 3514/1192/6 3496/1187/6 3497/1197/6
f 3513/1198/6 3514/1192/6 3497/1197/6
f 3599/1199/6 3600/1193/6 3557/1194/6
f 3599/1199/6 3557/1194/6 3558/1200/6
f 3619/1196/6 3610/1195/6 3611/1201/6
f 3618/1202/6 3619/1196/6 3611/1201/6
f 3598/1203/6 3599/1199/6 3558/1200/6
f 3598/1203/6 3558/1200/6 3559/1204/6
f 3512/1205/6 3513/1198/6 3497/1197/6
f 3618/1202/6 3611/1201/6 3612/1206/6
f 3512/1205/6 3497/1197/6 3498/1207/6
f 3617/1208/6 3618/1202/6 3612/1206/6
f 3597/1209/6 3598/1203/6 3559/1204/6
f 3597/1209/6 3559/1204/6 3560/1210/6
f 3617/1208/6 3612/1206/6 3613/1211/6
f 3511/1212/6 3512/1205/6 3498/1207/6
f 3616/1213/6 3617/1208/6 3613/1211/6
f 3596/1214/6 3597/1209/6 3560/1210/6
f 3596/1214/6 3560/1210/6 3561/1215/6
f 3511/1212/6 3498/1207/6 3499/1216/6
f 3616/1213/8 3613/1211/8 3614/1217/8
f 3510/1218/6 3511/1212/6 3499/1216/6
f 3595/1219/6 3596/1214/6 3561/1215/6
f 3595/1219/6 3561/1215/6 3562/1220/6
f 3616/1213/6 3614/1217/6 3615/1221/6
f 3509/1222/6 3510/1218/6 3499/1216/6
f 3509/1222/6 3499/1216/6 3500/1223/6
f 3594/1224/6 3595/1219/6 3562/1220/6
f 3594/1224/6 3562/1220/6 3563/1225/6
f 3508/1226/6 3509/1222/6 3500/1223/6
f 3507/1227/6 3508/1226/6 3500/1223/6
f 3593/1228/6 3594/1224/6 3563/1225/6
f 3593/1228/6 3563/1225/6 3564/1229/6
f 3507/1227/6 3500/1223/6 3501/1230/6
f 3506/1231/6 3507/1227/6 3501/1230/6
f 3505/1232/6 3506/1231/6 3501/1230/6
f 3592/1233/6 3593/1228/6 3564/1229/6
f 3592/1233/6 3564/1229/6 3565/1234/6
f 3505/1232/6 3501/1230/6 3502/1235/6
f 3592/1233/6 3565/1234/6 3566/1236/6
f 3591/1237/6 3592/1233/6 3566/1236/6
f 3505/1232/6 3502/1235/6 3503/1238/6
f 3505/1232/6 3503/1238/6 3504/1239/6
f 3591/1237/6 3566/1236/6 3567/1240/6
f 3590/1241/6 3591/1237/6 3567/1240/6
f 3590/1241/6 3567/1240/6 3568/1242/6
f 3589/1243/6 3590/1241/6 3568/1242/6
f 3589/1243/6 3568/1242/6 3569/1244/6
f 3588/1245/6 3589/1243/6 3569/1244/6
f 3588/1245/6 3569/1244/6 3570/1246/6
f 3587/1247/6 3588/1245/6 3570/1246/6
f 3587/1247/6 3570/1246/6 3571/1248/6
f 3586/1249/6 3587/1247/6 3571/1248/6
f 3586/1249/6 3571/1248/6 3572/1250/6
f 3585/1251/6 3586/1249/6 3572/1250/6
f 3585/1251/6 3572/1250/6 3573/1252/6
f 3584/1253/6 3585/1251/6 3573/1252/6
f 3584/1253/6 3573/1252/6 3574/1254/6
f 3583/1255/6 3584/1253/6 3574/1254/6
f 3583/1255/6 3574/1254/6 3575/1256/6
f 3582/1257/6 3583/1255/6 3575/1256/6
f 3582/1257/6 3575/1256/6 3576/1258/6
f 3581/1259/6 3582/1257/6 3576/1258/6
f 3581/1259/6 3576/1258/6 3577/1260/6
f 3580/1261/6 3581/1259/6 3577/1260/6
f 3580/1261/6 3577/1260/6 3578/1262/6
f 3579/1263/6 3580/1261/6 3578/1262/6
f 3749/1264/6 3750/1266/6 3751/1265/6
f 3749/1264/6 3751/1265/6 3752/1267/6
f 3749/1264/6 3752/1267/6 3753/1268/6
f 3749/1264/6 3753/1268/6 3754/1269/6
f 3749/1264/6 3754/1269/6 3755/1270/6
f 3748/1271/6 3749/1264/6 3755/1270/6
f 3748/1271/6 3755/1270/6 3756/1272/6
f 3747/1273/6 3748/1271/6 3756/1272/6
f 3746/1274/6 3747/1273/6 3756/1272/6
f 3746/1274/6 3756/1272/6 3757/1275/6
f 3745/1276/6 3746/1274/6 3757/1275/6
f 3745/1276/6 3757/1275/6 3758/1277/6
f 3744/1278/6 3745/1276/6 3758/1277/6
f 3744/1278/6 3758/1277/6 3759/1279/6
f 3743/1280/6 3744/1278/6 3759/1279/6
f 3743/1280/6 3759/1279/6 3760/1281/6
f 3742/1282/6 3743/1280/6 3760/1281/6
f 3742/1282/6 3760/1281/6 3761/1283/6
f 3741/1284/6 3742/1282/6 3761/1283/6
f 3740/1285/6 3741/1284/6 3761/1283/6
f 3740/1285/6 3761/1283/6 3762/1286/6
f 3739/1287/6 3740/1285/6 3762/1286/6
f 3739/1287/6 3762/1286/6 3763/1288/6
f 3738/1289/6 3739/1287/6 3763/1288/6
f 3737/1290/6 3738/1289/6 3763/1288/6
f 3736/1291/6 3737/1290/6 3763/1288/6
f 3786/1292/6 3787/1294/6 3788/1293/6
f 3785/1295/6 3786/1292/6 3788/1293/6
f 3784/1296/6 3785/1295/6 3788/1293/6
f 3783/1297/6 3784/1296/6 3788/1293/6
f 3782/1298/6 3783/1297/6 3788/1293/6
f 3781/1299/6 3782/1298/6 3788/1293/6
f 3780/1300/6 3781/1299/6 3788/1293/6
f 3779/1301/6 3780/1300/6 3788/1293/6
f 3778/1302/6 3779/1301/6 3788/1293/6
f 3777/1303/6 3778/1302/6 3788/1293/6
f 3776/1304/6 3777/1303/6 3788/1293/6
f 3775/1305/6 3776/1304/6 3788/1293/6
f 3774/1306/6 3775/1305/6 3788/1293/6
f 3773/1307/6 3774/1306/6 3788/1293/6
f 3772/1308/6 3773/1307/6 3788/1293/6
f 3771/1309/6 3772/1308/6 3788/1293/6
f 3770/1310/6 3771/1309/6 3788/1293/6
f 3769/1311/6 3770/1310/6 3788/1293/6
f 3769/1311/6 3788/1293/6 3789/1312/6
f 3768/1313/6 3769/1311/6 3789/1312/6
f 3767/1314/6 3768/1313/6 3789/1312/6
f 3766/1315/6 3767/1314/6 3789/1312/6
f 3766/1315/6 3789/1312/6 3790/1316/6
f 3765/1317/6 3766/1315/6 3790/1316/6
f 3764/1318/6 3765/1317/6 3790/1316/6
f 3763/1288/6 3764/1318/6 3790/1316/6
f 3736/1291/6 3763/1288/6 3790/1316/6
f 3736/1291/6 3790/1316/6 3682/1319/6
f 3682/1319/6 3790/1316/6 3791/1320/6
f 3736/1291/6 3682/1319/6 3683/1321/6
f 3681/1322/6 3682/1319/6 3791/1320/6
f 3735/433/6 3736/1291/6 3683/1321/6
f 3680/1323/6 3681/1322/6 3791/1320/6
f 3680/1323/6 3791/1320/6 3792/1324/6
f 3734/1325/6 3735/433/6 3683/1321/6
f 3733/1326/6 3734/1325/6 3683/1321/6
f 3679/1327/6 3680/1323/6 3792/1324/6
f 3732/1328/6 3733/1326/6 3683/1321/6
f 3731/1329/6 3732/1328/6 3683/1321/6
f 3730/1330/6 3731/1329/6 3683/1321/6
f 3729/1331/6 3730/1330/6 3683/1321/6
f 3728/1332/6 3729/1331/6 3683/1321/6
f 3727/1333/6 3728/1332/6 3683/1321/6
f 3726/1334/6 3727/1333/6 3683/1321/6
f 3725/1335/6 3726/1334/6 3683/1321/6
f 3724/1336/6 3725/1335/6 3683/1321/6
f 3723/1337/6 3724/1336/6 3683/1321/6
f 3722/1338/6 3723/1337/6 3683/1321/6
f 3679/1327/6 3792/1324/6 3793/1339/6
f 3678/1340/6 3679/1327/6 3793/1339/6
f 3722/1338/6 3683/1321/6 3721/1341/6
f 3721/1341/6 3683/1321/6 3684/1342/6
f 3677/1343/6 3678/1340/6 3793/1339/6
f 3677/1343/6 3793/1339/6 3794/1344/6
f 3720/1345/6 3721/1341/6 3684/1342/6
f 3676/1346/6 3677/1343/6 3794/1344/6
f 3720/1345/6 3684/1342/6 3685/1347/6
f 3676/1346/6 3794/1344/6 3795/1348/6
f 3675/1349/6 3676/1346/6 3795/1348/6
f 3674/1350/6 3675/1349/6 3795/1348/6
f 3674/1350/6 3795/1348/6 3796/1351/6
f 3720/1345/6 3685/1347/6 3686/1352/6
f 3673/1353/6 3674/1350/6 3796/1351/6
f 3673/1353/6 3796/1351/6 3797/1354/6
f 3672/1355/6 3673/1353/6 3797/1354/6
f 3720/1345/6 3686/1352/6 3687/1356/6
f 3671/1357/6 3672/1355/6 3797/1354/6
f 3671/1357/6 3797/1354/6 3798/1358/6
f 3670/101/6 3671/1357/6 3798/1358/6
f 3670/101/6 3798/1358/6 3799/1359/6
f 3800/3/6 3670/101/6 3799/1359/6
f 3720/1345/6 3687/1356/6 3688/1360/6
f 3720/1345/6 3688/1360/6 3689/1361/6
f 3720/1345/6 3689/1361/6 3690/1362/6
f 3720/1345/6 3690/1362/6 3691/1363/6
f 3720/1345/6 3691/1363/6 3692/1364/6
f 3720/1345/6 3692/1364/6 3693/1365/6
f 3720/1345/6 3693/1365/6 3694/1366/6
f 3720/1345/6 3694/1366/6 3695/1367/6
f 3720/1345/6 3695/1367/6 3696/1368/6
f 3720/1345/6 3696/1368/6 3697/1369/6
f 3720/1345/6 3697/1369/6 3698/1370/6
f 3720/1345/6 3698/1370/6 3699/1371/6
f 3719/1372/6 3720/1345/6 3699/1371/6
f 3719/1372/6 3699/1371/6 3700/1373/6
f 3718/1374/6 3719/1372/6 3700/1373/6
f 3718/1374/6 3700/1373/6 3701/1375/6
f 3717/1376/6 3718/1374/6 3701/1375/6
f 3717/1376/6 3701/1375/6 3702/1377/6
f 3716/1378/6 3717/1376/6 3702/1377/6
f 3716/1378/6 3702/1377/6 3703/1379/6
f 3715/1380/6 3716/1378/6 3703/1379/6
f 3715/1380/6 3703/1379/6 3704/1381/6
f 3714/1382/6 3715/1380/6 3704/1381/6
f 3714/1382/6 3704/1381/6 3705/1383/6
f 3713/1384/6 3714/1382/6 3705/1383/6
f 3713/1384/6 3705/1383/6 3706/1385/6
f 3712/1386/6 3713/1384/6 3706/1385/6
f 3712/1386/6 3706/1385/6 3707/1387/6
f 3711/1388/6 3712/1386/6 3707/1387/6
f 3711/1388/6 3707/1387/6 3710/1389/6
f 3710/1389/6 3707/1387/6 3709/1390/6
f 3709/1390/6 3707/1387/6 3708/1391/6
f 3935/1392/6 3936/1394/6 3937/1393/6
f 3897/1395/6 3898/1396/6 3899/771/6
f 3935/1392/6 3937/1393/6 3938/1397/6
f 3896/1398/6 3897/1395/6 3899/771/6
f 3935/1392/6 3938/1397/6 3939/1399/6
f 3895/1400/6 3896/1398/6 3899/771/6
f 3935/1392/6 3939/1399/6 3940/1401/6
f 3894/1402/6 3895/1400/6 3899/771/6
f 3935/1392/6 3940/1401/6 3941/1403/6
f 3935/1392/6 3941/1403/6 3942/1404/6
f 3893/1405/6 3894/1402/6 3899/771/6
f 3935/1392/6 3942/1404/6 3943/1406/6
f 3892/1407/6 3893/1405/6 3899/771/6
f 3935/1392/6 3943/1406/6 3944/1408/6
f 3891/1409/6 3892/1407/6 3899/771/6
f 3890/1410/6 3891/1409/6 3899/771/6
f 3935/1392/6 3944/1408/6 3945/1411/6
f 3889/1412/6 3890/1410/6 3899/771/6
f 3935/1392/6 3945/1411/6 3946/1413/6
f 3888/1414/6 3889/1412/6 3899/771/6
f 3935/1392/6 3946/1413/6 3947/1415/6
f 3887/1416/6 3888/1414/6 3899/771/6
f 3935/1392/6 3947/1415/6 3948/3/6
f 3886/1417/6 3887/1416/6 3899/771/6
f 3935/1392/6 3948/3/6 3875/1418/6
f 3935/1392/6 3875/1418/6 3876/1419/6
f 3935/1392/6 3876/1419/6 3877/1420/6
f 3935/1392/6 3877/1420/6 3878/1421/6
f 3935/1392/6 3878/1421/6 3879/1422/6
f 3935/1392/6 3879/1422/6 3880/1423/6
f 3935/1392/6 3880/1423/6 3881/1424/6
f 3935/1392/6 3881/1424/6 3882/1425/6
f 3935/1392/6 3882/1425/6 3883/1426/6
f 3935/1392/6 3883/1426/6 3884/1427/6
f 3935/1392/6 3884/1427/6 3885/280/6
f 3935/1392/6 3885/280/6 3886/1417/6
f 3935/1392/6 3886/1417/6 3929/1428/6
f 3929/1428/6 3886/1417/6 3928/1429/6
f 3928/1429/6 3886/1417/6 3927/329/6
f 3927/329/6 3886/1417/6 3926/1430/6
f 3926/1430/6 3886/1417/6 3925/1431/6
f 3925/1431/6 3886/1417/6 3924/1432/6
f 3924/1432/6 3886/1417/6 3923/1433/6
f 3923/1433/6 3886/1417/6 3922/1434/6
f 3922/1434/6 3886/1417/6 3921/1435/6
f 3921/1435/6 3886/1417/6 3920/1436/6
f 3920/1436/6 3886/1417/6 3918/1437/6
f 3918/1437/6 3886/1417/6 3917/1438/6
f 3917/1438/6 3886/1417/6 3916/1439/6
f 3916/1439/6 3886/1417/6 3915/1440/6
f 3915/1440/6 3886/1417/6 3913/1441/6
f 3913/1441/6 3886/1417/6 3912/1442/6
f 3912/1442/6 3886/1417/6 3911/1443/6
f 3911/1443/6 3886/1417/6 3910/1444/6
f 3910/1444/6 3886/1417/6 3909/1445/6
f 3909/1445/6 3886/1417/6 3908/1446/6
f 3908/1446/6 3886/1417/6 3907/1447/6
f 3907/1447/6 3886/1417/6 3906/349/6
f 3906/349/6 3886/1417/6 3905/1448/6
f 3905/1448/6 3886/1417/6 3904/1449/6
f 3904/1449/6 3886/1417/6 3903/1450/6
f 3903/1450/6 3886/1417/6 3902/1451/6
f 3902/1451/6 3886/1417/6 3901/1452/6
f 3901/1452/6 3886/1417/6 3900/1453/6
f 3900/1453/6 3886/1417/6 3899/771/6
f 3919/1454/1 3920/1436/1 3918/1437/1
f 3914/1455/1 3915/1440/1 3913/1441/1
f 3935/1392/9 3929/1428/9 3930/1456/9
f 3935/1392/6 3930/1456/6 3931/1457/6
f 3935/1392/6 3931/1457/6 3932/1458/6
f 3935/1392/6 3932/1458/6 3933/1459/6
f 3935/1392/6 3933/1459/6 3934/1460/6
f 3861/1461/6 3862/1463/6 3863/1462/6
f 3823/1464/6 3824/1466/6 3825/1465/6
f 3861/1461/6 3863/1462/6 3864/205/6
f 3822/254/6 3823/1464/6 3825/1465/6
f 3861/1461/6 3864/205/6 3865/1467/6
f 3821/1468/6 3822/254/6 3825/1465/6
f 3861/1461/6 3865/1467/6 3866/1469/6
f 3820/1470/6 3821/1468/6 3825/1465/6
f 3861/1461/6 3866/1469/6 3867/1471/6
f 3819/1472/6 3820/1470/6 3825/1465/6
f 3861/1461/6 3867/1471/6 3868/1473/6
f 3818/1474/6 3819/1472/6 3825/1465/6
f 3861/1461/6 3868/1473/6 3869/1475/6
f 3817/1476/6 3818/1474/6 3825/1465/6
f 3861/1461/6 3869/1475/6 3870/1477/6
f 3816/1478/6 3817/1476/6 3825/1465/6
f 3861/1461/6 3870/1477/6 3871/1479/6
f 3815/1480/6 3816/1478/6 3825/1465/6
f 3861/1461/6 3871/1479/6 3872/1481/6
f 3814/1482/6 3815/1480/6 3825/1465/6
f 3861/1461/6 3872/1481/6 3873/1483/6
f 3813/1484/6 3814/1482/6 3825/1465/6
f 3861/1461/6 3873/1483/6 3874/1485/6
f 3812/1486/6 3813/1484/6 3825/1465/6
f 3861/1461/6 3874/1485/6 3801/101/6
f 3861/1461/6 3801/101/6 3802/1487/6
f 3861/1461/6 3802/1487/6 3803/1488/6
f 3861/1461/6 3803/1488/6 3804/1489/6
f 3861/1461/6 3804/1489/6 3805/1490/6
f 3861/1461/6 3805/1490/6 3806/1491/6
f 3861/1461/6 3806/1491/6 3807/1492/6
f 3861/1461/6 3807/1492/6 3808/1493/6
f 3861/1461/6 3808/1493/6 3809/1494/6
f 3861/1461/6 3809/1494/6 3810/1495/6
f 3861/1461/6 3810/1495/6 3811/1496/6
f 3861/1461/6 3811/1496/6 3812/1486/6
f 3861/1461/6 3812/1486/6 3857/1497/6
f 3857/1497/6 3812/1486/6 3856/1498/6
f 3856/1498/6 3812/1486/6 3855/1499/6
f 3855/1499/6 3812/1486/6 3854/1500/6
f 3854/1500/6 3812/1486/6 3853/1501/6
f 3853/1501/6 3812/1486/6 3852/1502/6
f 3852/1502/6 3812/1486/6 3851/1503/6
f 3851/1503/6 3812/1486/6 3850/878/6
f 3850/878/6 3812/1486/6 3849/1504/6
f 3849/1504/6 3812/1486/6 3848/1505/6
f 3848/1505/6 3812/1486/6 3847/1506/6
f 3847/1506/6 3812/1486/6 3846/1507/6
f 3846/1507/6 3812/1486/6 3845/1508/6
f 3845/1508/6 3812/1486/6 3844/1509/6
f 3844/1509/6 3812/1486/6 3843/216/6
f 3843/216/6 3812/1486/6 3842/1510/6
f 3842/1510/6 3812/1486/6 3841/1511/6
f 3841/1511/6 3812/1486/6 3840/1512/6
f 3840/1512/6 3812/1486/6 3839/1513/6
f 3839/1513/6 3812/1486/6 3838/1514/6
f 3838/1514/6 3812/1486/6 3837/1515/6
f 3837/1515/6 3812/1486/6 3836/1516/6
f 3836/1516/6 3812/1486/6 3835/1517/6
f 3835/1517/6 3812/1486/6 3834/1518/6
f 3834/1518/6 3812/1486/6 3833/1519/6
f 3833/1519/6 3812/1486/6 3832/1520/6
f 3832/1520/6 3812/1486/6 3831/1521/6
f 3831/1521/6 3812/1486/6 3830/1522/6
f 3830/1522/6 3812/1486/6 3829/1523/6
f 3829/1523/6 3812/1486/6 3828/1524/6
f 3828/1524/6 3812/1486/6 3827/1525/6
f 3827/1525/6 3812/1486/6 3826/1526/6
f 3826/1526/6 3812/1486/6 3825/1465/6
f 3861/1461/10 3857/1497/10 3858/1527/10
f 3861/1461/6 3858/1527/6 3859/1528/6
f 3861/1461/6 3859/1528/6 3860/1529/6
f 4069/1/6 4070/3/6 3997/2/6
f 4068/5/6 4069/1/6 3997/2/6
f 4068/5/6 3997/2/6 3998/4/6
f 4067/7/6 4068/5/6 3998/4/6
f 4067/7/6 3998/4/6 3999/6/6
f 4066/9/6 4067/7/6 3999/6/6
f 4066/9/6 3999/6/6 4000/8/6
f 4065/11/6 4066/9/6 4000/8/6
f 4065/11/6 4000/8/6 4001/10/6
f 4064/13/6 4065/11/6 4001/10/6
f 4064/13/6 4001/10/6 4002/12/6
f 4063/15/6 4064/13/6 4002/12/6
f 4063/15/6 4002/12/6 4003/14/6
f 4062/17/6 4063/15/6 4003/14/6
f 4062/17/6 4003/14/6 4004/16/6
f 4061/19/6 4062/17/6 4004/16/6
f 4061/19/6 4004/16/6 4005/18/6
f 4060/21/6 4061/19/6 4005/18/6
f 4060/21/6 4005/18/6 4006/20/6
f 4059/23/6 4060/21/6 4006/20/6
f 4059/23/6 4006/20/6 4007/22/6
f 4058/25/6 4059/23/6 4007/22/6
f 4058/25/6 4007/22/6 4008/24/6
f 4057/26/6 4058/25/6 4008/24/6
f 4057/26/6 4008/24/6 4009/27/6
f 4057/26/6 4009/27/6 4010/29/6
f 4056/28/6 4057/26/6 4010/29/6
f 4056/28/6 4010/29/6 4011/31/6
f 4055/30/6 4056/28/6 4011/31/6
f 4055/30/6 4011/31/6 4012/33/6
f 4054/32/6 4055/30/6 4012/33/6
f 4054/32/6 4012/33/6 4013/35/6
f 4053/34/6 4054/32/6 4013/35/6
f 4053/34/6 4013/35/6 4014/37/6
f 4052/36/6 4053/34/6 4014/37/6
f 4052/36/6 4014/37/6 4015/39/6
f 4051/38/6 4052/36/6 4015/39/6
f 4051/38/6 4015/39/6 4016/41/6
f 4050/40/6 4051/38/6 4016/41/6
f 4050/40/6 4016/41/6 4017/43/6
f 4049/42/6 4050/40/6 4017/43/6
f 4049/42/6 4017/43/6 4018/45/6
f 4048/44/6 4049/42/6 4018/45/6
f 4048/44/6 4018/45/6 4019/47/6
f 4047/46/6 4048/44/6 4019/47/6
f 4047/46/6 4019/47/6 4020/49/6
f 4046/48/6 4047/46/6 4020/49/6
f 4045/50/6 4046/48/6 4020/49/6
f 4045/50/6 4020/49/6 4021/51/6
f 4044/52/6 4045/50/6 4021/51/6
f 4044/52/6 4021/51/6 4022/53/6
f 4044/52/6 4022/53/6 4023/54/6
f 4043/55/6 4044/52/6 4023/54/6
f 4043/55/6 4023/54/6 4024/57/6
f 4042/56/6 4043/55/6 4024/57/6
f 4042/56/6 4024/57/6 4025/59/6
f 4041/58/6 4042/56/6 4025/59/6
f 4041/58/6 4025/59/6 4026/61/6
f 4040/60/6 4041/58/6 4026/61/6
f 4040/60/6 4026/61/6 4027/63/6
f 4039/62/6 4040/60/6 4027/63/6
f 4039/62/6 4027/63/6 4028/65/6
f 4038/64/6 4039/62/6 4028/65/6
f 4038/64/6 4028/65/6 4029/67/6
f 4037/66/6 4038/64/6 4029/67/6
f 4037/66/6 4029/67/6 4030/69/6
f 4036/68/6 4037/66/6 4030/69/6
f 4036/68/6 4030/69/6 4031/71/6
f 4035/70/6 4036/68/6 4031/71/6
f 4035/70/6 4031/71/6 4032/73/6
f 4034/72/6 4035/70/6 4032/73/6
f 4034/72/6 4032/73/6 4033/74/6
f 3983/75/6 3984/77/6 3985/76/6
f 3982/79/6 3983/75/6 3985/76/6
f 3982/79/6 3985/76/6 3986/78/6
f 3981/81/6 3982/79/6 3986/78/6
f 3981/81/6 3986/78/6 3987/80/6
f 3980/83/6 3981/81/6 3987/80/6
f 3980/83/6 3987/80/6 3988/82/6
f 3979/85/6 3980/83/6 3988/82/6
f 3979/85/6 3988/82/6 3989/84/6
f 3978/87/6 3979/85/6 3989/84/6
f 3978/87/6 3989/84/6 3990/86/6
f 3977/89/6 3978/87/6 3990/86/6
f 3977/89/6 3990/86/6 3991/88/6
f 3976/91/6 3977/89/6 3991/88/6
f 3976/91/6 3991/88/6 3992/90/6
f 3975/93/6 3976/91/6 3992/90/6
f 3975/93/6 3992/90/6 3993/92/6
f 3974/95/6 3975/93/6 3993/92/6
f 3974/95/6 3993/92/6 3994/94/6
f 3973/97/6 3974/95/6 3994/94/6
f 3973/97/6 3994/94/6 3995/96/6
f 3972/99/6 3973/97/6 3995/96/6
f 3972/99/6 3995/96/6 3996/98/6
f 3971/100/6 3972/99/6 3996/98/6
f 3971/100/6 3996/98/6 3949/101/6
f 3970/102/6 3971/100/6 3949/101/6
f 3970/102/6 3949/101/6 3950/103/6
f 3969/104/6 3970/102/6 3950/103/6
f 3969/104/6 3950/103/6 3951/105/6
f 3968/106/6 3969/104/6 3951/105/6
f 3968/106/6 3951/105/6 3952/107/6
f 3967/108/6 3968/106/6 3952/107/6
f 3967/108/6 3952/107/6 3953/109/6
f 3966/110/6 3967/108/6 3953/109/6
f 3966/110/6 3953/109/6 3954/111/6
f 3965/112/6 3966/110/6 3954/111/6
f 3965/112/6 3954/111/6 3955/113/6
f 3964/114/6 3965/112/6 3955/113/6
f 3964/114/6 3955/113/6 3956/115/6
f 3963/116/6 3964/114/6 3956/115/6
f 3963/116/6 3956/115/6 3957/117/6
f 3962/118/6 3963/116/6 3957/117/6
f 3962/118/6 3957/117/6 3958/119/6
f 3961/120/6 3962/118/6 3958/119/6
f 3961/120/6 3958/119/6 3959/121/6
f 3960/122/6 3961/120/6 3959/121/6
f 4191/496/6 4192/498/6 4193/497/6
f 4191/496/6 4193/497/6 4194/499/6
f 4190/500/6 4191/496/6 4194/499/6
f 4189/501/6 4190/500/6 4194/499/6
f 4188/502/6 4189/501/6 4194/499/6
f 4188/502/6 4194/499/6 4195/503/6
f 4187/504/6 4188/502/6 4195/503/6
f 4186/505/6 4187/504/6 4195/503/6
f 4185/506/6 4186/505/6 4195/503/6
f 4185/506/6 4195/503/6 4196/507/6
f 4184/508/6 4185/506/6 4196/507/6
f 4081/509/6 4082/511/6 4083/510/6
f 4183/512/6 4184/508/6 4196/507/6
f 4080/513/6 4081/509/6 4083/510/6
f 4080/513/6 4083/510/6 4084/514/6
f 4182/515/6 4183/512/6 4196/507/6
f 4079/516/6 4080/513/6 4084/514/6
f 4079/516/6 4084/514/6 4085/517/6
f 4182/515/6 4196/507/6 4197/518/6
f 4181/519/6 4182/515/6 4197/518/6
f 4078/520/6 4079/516/6 4085/517/6
f 4078/520/6 4085/517/6 4086/521/6
f 4180/522/6 4181/519/6 4197/518/6
f 4179/523/6 4180/522/6 4197/518/6
f 4077/524/6 4078/520/6 4086/521/6
f 4179/523/6 4197/518/6 4198/525/6
f 4077/524/6 4086/521/6 4087/526/6
f 4178/527/6 4179/523/6 4198/525/6
f 4076/528/6 4077/524/6 4087/526/6
f 4178/527/6 4198/525/6 4199/529/6
f 4076/528/6 4087/526/6 4131/530/6
f 4131/530/6 4087/526/6 4130/531/6
f 4130/531/6 4087/526/6 4088/532/6
f 4076/528/6 4131/530/6 4132/533/6
f 4129/534/6 4130/531/6 4088/532/6
f 4075/535/6 4076/528/6 4132/533/6
f 4075/535/6 4132/533/6 4133/536/6
f 4177/537/6 4178/527/6 4199/529/6
f 4128/538/6 4129/534/6 4088/532/6
f 4075/535/6 4133/536/6 4134/539/6
f 4177/537/6 4199/529/6 4200/540/6
f 4127/541/6 4128/538/6 4088/532/6
f 4127/541/6 4088/532/6 4089/542/6
f 4074/543/6 4075/535/6 4134/539/6
f 4074/543/6 4134/539/6 4135/544/6
f 4176/545/6 4177/537/6 4200/540/6
f 4126/546/6 4127/541/6 4089/542/6
f 4176/545/6 4200/540/6 4201/547/6
f 4073/548/6 4074/543/6 4135/544/6
f 4073/548/6 4135/544/6 4136/549/6
f 4126/546/6 4089/542/6 4090/550/6
f 4125/551/6 4126/546/6 4090/550/6
f 4175/552/6 4176/545/6 4201/547/6
f 4175/552/6 4201/547/6 4202/553/6
f 4072/554/6 4073/548/6 4136/549/6
f 4124/555/6 4125/551/6 4090/550/6
f 4072/554/6 4136/549/6 4137/556/6
f 4174/557/6 4175/552/6 4202/553/6
f 4124/555/6 4090/550/6 4091/558/6
f 4174/557/6 4202/553/6 4203/559/6
f 4123/560/6 4124/555/6 4091/558/6
f 4071/101/6 4072/554/6 4137/556/6
f 4071/101/6 4137/556/6 4138/433/6
f 4174/557/6 4203/559/6 4204/561/6
f 4173/562/6 4174/557/6 4204/561/6
f 4123/560/6 4091/558/6 4092/563/6
f 4205/3/6 4071/101/6 4138/433/6
f 4122/564/6 4123/560/6 4092/563/6
f 4173/562/6 4204/561/6 4205/3/6
f 4205/3/6 4138/433/6 4139/565/6
f 4172/566/6 4173/562/6 4205/3/6
f 4172/566/6 4205/3/6 4139/565/6
f 4121/567/6 4122/564/6 4092/563/6
f 4121/567/6 4092/563/6 4093/568/6
f 4172/566/6 4139/565/6 4140/569/6
f 4171/570/6 4172/566/6 4140/569/6
f 4120/571/6 4121/567/6 4093/568/6
f 4170/572/6 4171/570/6 4140/569/6
f 4170/572/6 4140/569/6 4141/573/6
f 4120/571/6 4093/568/6 4094/574/6
f 4169/575/6 4170/572/6 4141/573/6
f 4119/576/6 4120/571/6 4094/574/6
f 4169/575/6 4141/573/6 4142/577/6
f 4168/578/6 4169/575/6 4142/577/6
f 4119/576/6 4094/574/6 4095/579/6
f 4118/580/6 4119/576/6 4095/579/6
f 4168/578/6 4142/577/6 4143/581/6
f 4167/582/6 4168/578/6 4143/581/6
f 4166/583/6 4167/582/6 4143/581/6
f 4166/583/6 4143/581/6 4144/584/6
f 4165/585/6 4166/583/6 4144/584/6
f 4165/585/6 4144/584/6 4145/586/6
f 4164/587/6 4165/585/6 4145/586/6
f 4117/588/6 4118/580/6 4095/579/6
f 4164/587/6 4145/586/6 4146/589/6
f 4117/588/6 4095/579/6 4096/590/6
f 4164/587/6 4146/589/6 4147/591/6
f 4163/592/6 4164/587/6 4147/591/6
f 4163/592/6 4147/591/6 4148/593/6
f 4162/594/6 4163/592/6 4148/593/6
f 4162/594/6 4148/593/6 4149/595/6
f 4162/594/6 4149/595/6 4150/596/6
f 4161/597/6 4162/594/6 4150/596/6
f 4161/597/6 4150/596/6 4151/598/6
f 4116/599/6 4117/588/6 4096/590/6
f 4160/600/6 4161/597/6 4151/598/6
f 4160/600/6 4151/598/6 4152/601/6
f 4116/599/6 4096/590/6 4097/602/6
f 4159/603/6 4160/600/6 4152/601/6
f 4159/603/6 4152/601/6 4153/604/6
f 4158/605/6 4159/603/6 4153/604/6
f 4158/605/6 4153/604/6 4154/606/6
f 4157/607/6 4158/605/6 4154/606/6
f 4157/607/6 4154/606/6 4155/608/6
f 4115/609/6 4116/599/6 4097/602/6
f 4156/610/6 4157/607/6 4155/608/6
f 4115/609/6 4097/602/6 4098/611/6
f 4114/612/6 4115/609/6 4098/611/6
f 4114/612/6 4098/611/6 4099/613/6
f 4113/614/6 4114/612/6 4099/613/6
f 4112/615/6 4113/614/6 4099/613/6
f 4112/615/6 4099/613/6 4100/616/6
f 4111/617/6 4112/615/6 4100/616/6
f 4111/617/6 4100/616/6 4101/618/6
f 4110/619/6 4111/617/6 4101/618/6
f 4109/620/6 4110/619/6 4101/618/6
f 4109/620/6 4101/618/6 4102/621/6
f 4108/622/6 4109/620/6 4102/621/6
f 4107/623/6 4108/622/6 4102/621/6
f 4107/623/6 4102/621/6 4103/624/6
f 4106/625/6 4107/623/6 4103/624/6
f 4106/625/6 4103/624/6 4104/626/6
f 4106/625/6 4104/626/6 4105/627/6
f 4333/1530/6 4334/1532/6 4335/1531/6
f 4333/1530/6 4335/1531/6 4336/1533/6
f 4331/1534/6 4231/1536/6 4232/1535/6
f 4329/1537/6 4330/1538/6 4331/1534/6
f 4329/1537/6 4331/1534/6 4232/1535/6
f 4332/1539/1 4333/1530/1 4336/1533/1
f 4347/1540/6 4332/1539/6 4350/1541/6
f 4350/1541/1 4332/1539/1 4336/1533/1
f 4347/1540/6 4350/1541/6 4351/1542/6
f 4349/1543/6 4350/1541/6 4336/1533/6
f 4348/1544/6 4349/1543/6 4337/1545/6
f 4337/1545/1 4349/1543/1 4336/1533/1
f 4348/1544/6 4337/1545/6 4338/1546/6
f 4329/1537/6 4232/1535/6 4233/1547/6
f 4329/1537/6 4233/1547/6 4328/1548/6
f 4328/1548/6 4233/1547/6 4230/1549/6
f 4230/1549/6 4233/1547/6 4229/1550/6
f 4229/1550/6 4233/1547/6 4234/1551/6
f 4327/1552/6 4328/1548/6 4230/1549/6
f 4327/1552/6 4230/1549/6 4206/101/6
f 4228/1553/6 4229/1550/6 4234/1551/6
f 4327/1552/6 4206/101/6 4207/1554/6
f 4227/1555/6 4228/1553/6 4234/1551/6
f 4227/1555/6 4234/1551/6 4235/1556/6
f 4326/1557/6 4327/1552/6 4207/1554/6
f 4326/1557/6 4207/1554/6 4208/1558/6
f 4347/1540/6 4351/1542/6 4354/1559/6
f 4354/1559/6 4351/1542/6 4348/1544/6
f 4354/1559/6 4348/1544/6 4353/1560/6
f 4353/1560/6 4348/1544/6 4338/1546/6
f 4226/1561/6 4227/1555/6 4235/1556/6
f 4325/1562/6 4326/1557/6 4208/1558/6
f 4226/1561/6 4235/1556/6 4236/1563/6
f 4325/1562/6 4208/1558/6 4209/1564/6
f 4225/1565/6 4226/1561/6 4236/1563/6
f 4324/1566/6 4325/1562/6 4209/1564/6
f 4347/1540/6 4354/1559/6 4355/1567/6
f 4352/1568/6 4353/1560/6 4338/1546/6
f 4324/1566/6 4209/1564/6 4210/1569/6
f 4225/1565/6 4236/1563/6 4237/1570/6
f 4224/1571/6 4225/1565/6 4237/1570/6
f 4323/1572/6 4324/1566/6 4210/1569/6
f 4323/1572/6 4210/1569/6 4211/1573/6
f 4223/1574/6 4224/1571/6 4237/1570/6
f 4223/1574/6 4237/1570/6 4238/1575/6
f 4323/1572/6 4211/1573/6 4212/1576/6
f 4222/1577/6 4223/1574/6 4238/1575/6
f 4322/1578/6 4323/1572/6 4212/1576/6
f 4222/1577/6 4238/1575/6 4239/1579/6
f 4322/1578/6 4212/1576/6 4213/1580/6
f 4221/1581/6 4222/1577/6 4239/1579/6
f 4321/1582/6 4322/1578/6 4213/1580/6
f 4321/1582/6 4213/1580/6 4214/1583/6
f 4220/1584/6 4221/1581/6 4239/1579/6
f 4220/1584/6 4239/1579/6 4240/1585/6
f 4347/1540/6 4355/1567/6 4358/1586/6
f 4358/1586/6 4355/1567/6 4352/1568/6
f 4358/1586/6 4352/1568/6 4357/1587/6
f 4357/1587/6 4352/1568/6 4338/1546/6
f 4320/1588/6 4321/1582/6 4214/1583/6
f 4320/1588/6 4214/1583/6 4215/1589/6
f 4219/1590/6 4220/1584/6 4240/1585/6
f 4219/1590/6 4240/1585/6 4241/1591/6
f 4319/1592/6 4320/1588/6 4215/1589/6
f 4319/1592/6 4215/1589/6 4216/1593/6
f 4218/1594/6 4219/1590/6 4241/1591/6
f 4347/1540/6 4358/1586/6 4359/3/6
f 4356/1595/6 4357/1587/6 4338/1546/6
f 4218/1594/6 4241/1591/6 4242/1596/6
f 4319/1592/6 4216/1593/6 4217/1597/6
f 4217/1597/6 4218/1594/6 4242/1596/6
f 4318/1598/6 4319/1592/6 4217/1597/6
f 4318/1598/6 4217/1597/6 4242/1596/6
f 4318/1598/6 4242/1596/6 4243/1599/6
f 4317/1600/6 4318/1598/6 4243/1599/6
f 4316/1601/6 4317/1600/6 4243/1599/6
f 4316/1601/6 4243/1599/6 4244/1602/6
f 4338/1546/6 4339/1604/6 4340/1603/6
f 4315/1605/6 4316/1601/6 4244/1602/6
f 4315/1605/6 4244/1602/6 4245/1606/6
f 4356/1595/6 4338/1546/6 4340/1603/6
f 4359/3/6 4356/1595/6 4340/1603/6
f 4314/1607/6 4315/1605/6 4245/1606/6
f 4314/1607/6 4245/1606/6 4246/1608/6
f 4347/1540/6 4359/3/6 4340/1603/6
f 4313/1609/6 4314/1607/6 4246/1608/6
f 4313/1609/6 4246/1608/6 4247/1610/6
f 4346/1611/6 4347/1540/6 4340/1603/6
f 4346/1611/6 4340/1603/6 4341/1612/6
f 4345/1613/6 4346/1611/6 4341/1612/6
f 4313/1609/6 4247/1610/6 4280/1614/6
f 4280/1614/6 4247/1610/6 4248/1615/6
f 4312/1616/6 4313/1609/6 4280/1614/6
f 4345/1613/6 4341/1612/6 4344/1617/6
f 4344/1617/6 4341/1612/6 4342/1618/6
f 4312/1616/6 4280/1614/6 4281/1619/6
f 4279/1620/6 4280/1614/6 4248/1615/6
f 4279/1620/6 4248/1615/6 4249/1621/6
f 4343/1622/6 4344/1617/6 4342/1618/6
f 4311/1623/6 4312/1616/6 4281/1619/6
f 4278/1624/6 4279/1620/6 4249/1621/6
f 4311/1623/6 4281/1619/6 4282/1625/6
f 4278/1624/6 4249/1621/6 4250/1626/6
f 4310/1627/6 4311/1623/6 4282/1625/6
f 4277/1628/6 4278/1624/6 4250/1626/6
f 4310/1627/6 4282/1625/6 4283/1629/6
f 4277/1628/6 4250/1626/6 4251/1630/6
f 4309/1631/6 4310/1627/6 4283/1629/6
f 4276/1632/6 4277/1628/6 4251/1630/6
f 4309/1631/6 4283/1629/6 4284/1633/6
f 4276/1632/6 4251/1630/6 4252/1634/6
f 4308/771/6 4309/1631/6 4284/1633/6
f 4275/1635/6 4276/1632/6 4252/1634/6
f 4308/771/6 4284/1633/6 4285/1636/6
f 4275/1635/6 4252/1634/6 4253/1637/6
f 4307/1638/6 4308/771/6 4285/1636/6
f 4274/1639/6 4275/1635/6 4253/1637/6
f 4274/1639/6 4253/1637/6 4254/1640/6
f 4307/1638/6 4285/1636/6 4286/1641/6
f 4306/1642/6 4307/1638/6 4286/1641/6
f 4273/1643/6 4274/1639/6 4254/1640/6
f 4273/1643/6 4254/1640/6 4255/1644/6
f 4306/1642/6 4286/1641/6 4287/1645/6
f 4305/1646/6 4306/1642/6 4287/1645/6
f 4273/1643/6 4255/1644/6 4256/1647/6
f 4272/1648/6 4273/1643/6 4256/1647/6
f 4305/1646/6 4287/1645/6 4288/1649/6
f 4304/1650/6 4305/1646/6 4288/1649/6
f 4272/1648/6 4256/1647/6 4257/878/6
f 4272/1648/6 4257/878/6 4258/1651/6
f 4271/1652/6 4272/1648/6 4258/1651/6
f 4271/1652/6 4258/1651/6 4259/1653/6
f 4303/1654/6 4304/1650/6 4288/1649/6
f 4303/1654/6 4288/1649/6 4289/1655/6
f 4271/1652/6 4259/1653/6 4260/1656/6
f 4302/1657/6 4303/1654/6 4289/1655/6
f 4301/1658/6 4302/1657/6 4289/1655/6
f 4271/1652/6 4260/1656/6 4261/1659/6
f 4270/1660/6 4271/1652/6 4261/1659/6
f 4300/1661/6 4301/1658/6 4289/1655/6
f 4270/1660/6 4261/1659/6 4262/1662/6
f 4300/1661/6 4289/1655/6 4290/1663/6
f 4299/1664/6 4300/1661/6 4290/1663/6
f 4270/1660/6 4262/1662/6 4263/1665/6
f 4298/1666/6 4299/1664/6 4290/1663/6
f 4270/1660/6 4263/1665/6 4264/1667/6
f 4269/1668/6 4270/1660/6 4264/1667/6
f 4297/1669/6 4298/1666/6 4290/1663/6
f 4269/1668/6 4264/1667/6 4265/1670/6
f 4297/1669/6 4290/1663/6 4291/1671/6
f 4296/1672/6 4297/1669/6 4291/1671/6
f 4269/1668/6 4265/1670/6 4266/1673/6
f 4295/1674/6 4296/1672/6 4291/1671/6
f 4268/1675/6 4269/1668/6 4267/1676/6
f 4267/1676/6 4269/1668/6 4266/1673/6
f 4294/1677/6 4295/1674/6 4291/1671/6
f 4294/1677/6 4291/1671/6 4293/1678/6
f 4293/1678/6 4291/1671/6 4292/1679/6
f 4363/1680/6 4364/1682/6 4365/1681/6
f 4363/1680/6 4365/1681/6 4366/1683/6
f 4542/3/6 4404/1685/6 4405/1684/6
f 4540/1686/6 4541/1688/6 4538/1687/6
f 4538/1687/6 4541/1688/6 4542/3/6
f 4538/1687/6 4542/3/6 4405/1684/6
f 4538/1687/6 4405/1684/6 4406/1689/6
f 4538/1687/6 4406/1689/6 4537/1690/6
f 4537/1690/6 4406/1689/6 4407/1691/6
f 4361/1692/6 4362/1693/6 4363/1680/6
f 4361/1692/6 4363/1680/6 4366/1683/6
f 4361/1692/6 4366/1683/6 4367/1349/6
f 4361/1692/6 4367/1349/6 4368/1694/6
f 4540/1686/6 4538/1687/6 4539/1695/6
f 4536/1696/6 4537/1690/6 4407/1691/6
f 4536/1696/6 4407/1691/6 4408/1697/6
f 4535/1348/6 4536/1696/6 4408/1697/6
f 4535/1348/6 4408/1697/6 4409/1383/6
f 4534/1698/6 4535/1348/6 4409/1383/6
f 4534/1698/6 4409/1383/6 4410/1699/6
f 4360/101/1 4361/1692/1 4368/1694/1
f 4387/1700/6 4360/101/6 4369/1701/6
f 4369/1701/1 4360/101/1 4368/1694/1
f 4387/1700/6 4369/1701/6 4370/1702/6
f 4533/1703/6 4534/1698/6 4410/1699/6
f 4533/1703/6 4410/1699/6 4411/1704/6
f 4532/1705/6 4533/1703/6 4411/1704/6
f 4532/1705/6 4411/1704/6 4412/216/6
f 4531/1706/6 4532/1705/6 4412/216/6
f 4530/1707/6 4531/1706/6 4412/216/6
f 4530/1707/6 4412/216/6 4413/1708/6
f 4529/1709/6 4530/1707/6 4413/1708/6
f 4529/1709/6 4413/1708/6 4414/1710/6
f 4385/1711/6 4386/254/6 4398/1712/6
f 4398/1712/6 4386/254/6 4387/1700/6
f 4398/1712/6 4387/1700/6 4370/1702/6
f 4398/1712/6 4370/1702/6 4371/1713/6
f 4398/1712/6 4371/1713/6 4397/1714/6
f 4397/1714/6 4371/1713/6 4402/1373/6
f 4402/1373/6 4371/1713/6 4401/1715/6
f 4401/1715/6 4371/1713/6 4372/1716/6
f 4528/1316/6 4529/1709/6 4414/1710/6
f 4528/1316/6 4414/1710/6 4415/1717/6
f 4527/1718/6 4528/1316/6 4415/1717/6
f 4527/1718/6 4415/1717/6 4416/1389/6
f 4526/1719/6 4527/1718/6 4416/1389/6
f 4385/1711/6 4398/1712/6 4399/1720/6
f 4396/1721/6 4397/1714/6 4402/1373/6
f 4396/1721/6 4402/1373/6 4403/1722/6
f 4400/1723/6 4401/1715/6 4372/1716/6
f 4526/1719/6 4416/1389/6 4417/1724/6
f 4525/1725/6 4526/1719/6 4417/1724/6
f 4525/1725/6 4417/1724/6 4418/1726/6
f 4524/1727/6 4525/1725/6 4418/1726/6
f 4524/1727/6 4418/1726/6 4419/1728/6
f 4523/1729/6 4524/1727/6 4419/1728/6
f 4523/1729/6 4419/1728/6 4420/1730/6
f 4522/1731/6 4523/1729/6 4420/1730/6
f 4522/1731/6 4420/1730/6 4421/1732/6
f 4521/1295/6 4522/1731/6 4421/1732/6
f 4385/1711/6 4399/1720/6 4390/1733/6
f 4390/1733/6 4399/1720/6 4396/1721/6
f 4390/1733/6 4396/1721/6 4403/1722/6
f 4390/1733/6 4403/1722/6 4400/1723/6
f 4390/1733/6 4400/1723/6 4389/1734/6
f 4389/1734/6 4400/1723/6 4394/1735/6
f 4394/1735/6 4400/1723/6 4393/1736/6
f 4393/1736/6 4400/1723/6 4372/1716/6
f 4521/1295/6 4421/1732/6 4422/1737/6
f 4520/1738/6 4521/1295/6 4422/1737/6
f 4520/1738/6 4422/1737/6 4423/1380/6
f 4519/1739/6 4520/1738/6 4423/1380/6
f 4519/1739/6 4423/1380/6 4424/1740/6
f 4518/1741/6 4519/1739/6 4424/1740/6
f 4385/1711/6 4390/1733/6 4391/1742/6
f 4388/1362/6 4389/1734/6 4394/1735/6
f 4388/1362/6 4394/1735/6 4395/1367/6
f 4392/1743/6 4393/1736/6 4372/1716/6
f 4518/1741/6 4424/1740/6 4425/1744/6
f 4517/1745/6 4518/1741/6 4425/1744/6
f 4516/329/6 4517/1745/6 4425/1744/6
f 4516/329/6 4425/1744/6 4426/1746/6
f 4515/1747/6 4516/329/6 4426/1746/6
f 4515/1747/6 4426/1746/6 4427/1748/6
f 4514/1300/6 4515/1747/6 4427/1748/6
f 4514/1300/6 4427/1748/6 4428/1749/6
f 4513/1750/6 4514/1300/6 4428/1749/6
f 4513/1750/6 4428/1749/6 4429/1751/6
f 4512/1752/6 4513/1750/6 4429/1751/6
f 4385/1711/6 4391/1742/6 4388/1362/6
f 4385/1711/6 4388/1362/6 4395/1367/6
f 4385/1711/6 4395/1367/6 4392/1743/6
f 4385/1711/6 4392/1743/6 4372/1716/6
f 4511/1753/6 4512/1752/6 4429/1751/6
f 4511/1753/6 4429/1751/6 4430/1345/6
f 4510/1754/6 4511/1753/6 4430/1345/6
f 4510/1754/6 4430/1345/6 4431/1755/6
f 4509/1756/6 4510/1754/6 4431/1755/6
f 4508/1757/6 4509/1756/6 4431/1755/6
f 4508/1757/6 4431/1755/6 4432/1758/6
f 4507/1305/6 4508/1757/6 4432/1758/6
f 4506/1759/6 4507/1305/6 4432/1758/6
f 4506/1759/6 4432/1758/6 4433/1760/6
f 4505/1761/6 4506/1759/6 4433/1760/6
f 4504/1762/6 4505/1761/6 4433/1760/6
f 4503/1763/6 4504/1762/6 4433/1760/6
f 4503/1763/6 4433/1760/6 4434/1764/6
f 4502/1765/6 4503/1763/6 4434/1764/6
f 4501/1766/6 4502/1765/6 4434/1764/6
f 4384/1767/6 4385/1711/6 4372/1716/6
f 4383/1768/6 4384/1767/6 4373/1769/6
f 4373/1769/1 4384/1767/1 4372/1716/1
f 4383/1768/6 4373/1769/6 4374/1323/6
f 4500/1310/6 4501/1766/6 4434/1764/6
f 4500/1310/6 4434/1764/6 4435/1770/6
f 4499/1771/6 4500/1310/6 4435/1770/6
f 4498/1772/6 4499/1771/6 4435/1770/6
f 4497/1773/6 4498/1772/6 4435/1770/6
f 4496/1774/6 4497/1773/6 4435/1770/6
f 4495/1775/6 4496/1774/6 4435/1770/6
f 4494/1776/6 4495/1775/6 4435/1770/6
f 4493/1317/6 4494/1776/6 4435/1770/6
f 4476/1777/6 4477/1779/6 4478/1778/6
f 4492/1780/6 4493/1317/6 4435/1770/6
f 4476/1777/6 4478/1778/6 4479/1270/6
f 4491/1781/6 4492/1780/6 4435/1770/6
f 4476/1777/6 4479/1270/6 4480/1782/6
f 4476/1777/6 4480/1782/6 4481/1783/6
f 4490/349/6 4491/1781/6 4435/1770/6
f 4476/1777/6 4481/1783/6 4482/1784/6
f 4489/1785/6 4490/349/6 4435/1770/6
f 4476/1777/6 4482/1784/6 4483/1786/6
f 4488/1787/6 4489/1785/6 4435/1770/6
f 4476/1777/6 4483/1786/6 4484/1788/6
f 4487/1789/6 4488/1787/6 4435/1770/6
f 4476/1777/6 4484/1788/6 4485/1790/6
f 4486/1281/6 4487/1789/6 4435/1770/6
f 4476/1777/6 4485/1790/6 4486/1281/6
f 4476/1777/6 4486/1281/6 4435/1770/6
f 4476/1777/6 4435/1770/6 4436/1791/6
f 4475/1792/6 4476/1777/6 4436/1791/6
f 4474/1793/6 4475/1792/6 4436/1791/6
f 4474/1793/6 4436/1791/6 4437/1335/6
f 4473/1794/6 4474/1793/6 4437/1335/6
f 4473/1794/6 4437/1335/6 4438/205/6
f 4472/1266/6 4473/1794/6 4438/205/6
f 4471/1795/6 4472/1266/6 4438/205/6
f 4471/1795/6 4438/205/6 4439/1796/6
f 4470/1797/6 4471/1795/6 4439/1796/6
f 4470/1797/6 4439/1796/6 4440/1798/6
f 4469/1799/6 4470/1797/6 4440/1798/6
f 4469/1799/6 4440/1798/6 4441/1800/6
f 4468/1801/6 4469/1799/6 4441/1800/6
f 4468/1801/6 4441/1800/6 4442/1802/6
f 4468/1801/6 4442/1802/6 4443/1803/6
f 4467/1804/6 4468/1801/6 4443/1803/6
f 4467/1804/6 4443/1803/6 4444/1330/6
f 4467/1804/6 4444/1330/6 4445/1805/6
f 4467/1804/6 4445/1805/6 4446/1806/6
f 4466/1807/6 4467/1804/6 4446/1806/6
f 4466/1807/6 4446/1806/6 4447/1808/6
f 4466/1807/6 4447/1808/6 4448/1809/6
f 4466/1807/6 4448/1809/6 4449/1810/6
f 4465/1276/6 4466/1807/6 4449/1810/6
f 4465/1276/6 4449/1810/6 4450/1811/6
f 4465/1276/6 4450/1811/6 4451/433/6
f 4465/1276/6 4451/433/6 4452/1812/6
f 4465/1276/6 4452/1812/6 4453/1813/6
f 4464/280/6 4465/1276/6 4453/1813/6
f 4464/280/6 4453/1813/6 4454/1814/6
f 4463/1815/6 4464/280/6 4454/1814/6
f 4463/1815/6 4454/1814/6 4455/1816/6
f 4462/1817/6 4463/1815/6 4455/1816/6
f 4462/1817/6 4455/1816/6 4456/1818/6
f 4461/1819/6 4462/1817/6 4456/1818/6
f 4461/1819/6 4456/1818/6 4457/1820/6
f 4460/1821/6 4461/1819/6 4457/1820/6
f 4460/1821/6 4457/1820/6 4458/1285/6
f 4459/1822/6 4460/1821/6 4458/1285/6
f 4381/1347/6 4382/1823/6 4383/1768/6
f 4381/1347/6 4383/1768/6 4374/1323/6
f 4381/1347/6 4374/1323/6 4375/1824/6
f 4381/1347/6 4375/1824/6 4376/1825/6
f 4380/1826/6 4381/1347/6 4376/1825/6
f 4379/1827/6 4380/1826/6 4377/1828/6
f 4377/1828/1 4380/1826/1 4376/1825/1
f 4379/1827/6 4377/1828/6 4378/1829/6
s 1
f 4544/1830/11 4546/1831/11 4545/1832/11 4543/101/11
f 4546/1831/11 4548/1833/12 4547/1769/12 4545/1832/11
f 4548/1833/12 4550/1834/12 4549/1835/12 4547/1769/12
f 4550/1834/12 4552/1836/12 4551/254/12 4549/1835/12
f 4552/1836/12 4554/1837/13 4553/1838/13 4551/254/12
f 4554/1837/13 4556/1839/13 4555/1720/13 4553/1838/13
f 4556/1839/13 4558/1840/13 4557/1841/13 4555/1720/13
f 4558/1840/13 4560/1842/14 4559/216/14 4557/1841/13
f 4560/1842/14 4562/1843/14 4561/1844/14 4559/216/14
f 4562/1843/14 4564/1845/13 4563/1744/13 4561/1844/14
f 4564/1845/13 4566/1846/13 4565/1847/13 4563/1744/13
f 4566/1846/13 4568/1848/14 4567/205/14 4565/1847/13
f 4568/1848/14 4570/1849/14 4569/1850/14 4567/205/14
f 4570/1849/14 4572/1851/13 4571/433/13 4569/1850/14
f 4572/1851/13 4574/1852/13 4573/1853/13 4571/433/13
f 4574/1852/13 4576/1854/14 4575/280/14 4573/1853/13
f 4576/1854/14 4578/1855/14 4577/1856/14 4575/280/14
f 4578/1855/14 4580/1857/14 4579/1779/14 4577/1856/14
f 4580/1857/14 4582/1858/11 4581/1859/11 4579/1779/14
f 4582/1858/11 4584/1860/11 4583/349/11 4581/1859/11
f 4584/1860/11 4586/1861/11 4585/1862/11 4583/349/11
f 4586/1861/11 4588/1863/12 4587/1763/12 4585/1862/11
f 4588/1863/12 4590/1864/12 4589/1865/12 4587/1763/12
f 4590/1864/12 4592/1866/11 4591/329/11 4589/1865/12
f 4592/1866/11 4594/1867/11 4593/1868/11 4591/329/11
f 4594/1867/11 4596/1869/12 4595/1709/12 4593/1868/11
f 4596/1869/12 4598/1870/12 4597/1871/12 4595/1709/12
f 4598/1870/12 4544/1872/11 4543/3/11 4597/1871/12
f 4600/1830/12 4602/1840/11 4601/1841/11 4599/101/12
f 4602/1840/11 4604/1851/14 4603/433/14 4601/1841/11
f 4604/1851/14 4606/1861/13 4605/1862/13 4603/433/14
f 4606/1861/13 4600/1872/12 4599/3/12 4605/1862/13
f 4608/1830/12 4610/1840/11 4609/1841/11 4607/101/12
f 4610/1840/11 4612/1851/14 4611/433/14 4609/1841/11
f 4612/1851/14 4614/1861/13 4613/1862/13 4611/433/14
f 4614/1861/13 4608/1872/12 4607/3/12 4613/1862/13
f 4616/1830/12 4618/1840/11 4617/1841/11 4615/101/12
f 4618/1840/11 4620/1851/14 4619/433/14 4617/1841/11
f 4620/1851/14 4622/1861/13 4621/1862/13 4619/433/14
f 4622/1861/13 4616/1872/12 4615/3/12 4621/1862/13
f 4624/1830/12 4626/1840/11 4625/1841/11 4623/101/12
f 4626/1840/11 4628/1851/14 4627/433/14 4625/1841/11
f 4628/1851/14 4630/1861/13 4629/1862/13 4627/433/14
f 4630/1861/13 4624/1872/12 4623/3/12 4629/1862/13
f 4632/1830/15 4634/1873/16 4633/1874/16 4631/101/15
f 4634/1873/16 4636/1875/17 4635/1876/17 4633/1874/16
f 4636/1875/17 4638/1877/18 4637/1878/18 4635/1876/17
f 4638/1877/18 4640/1879/19 4639/1880/19 4637/1878/18
f 4640/1879/19 4642/1881/20 4641/1882/20 4639/1880/19
f 4642/1881/20 4644/1883/21 4643/1884/21 4641/1882/20
f 4644/1883/21 4646/1885/22 4645/1886/22 4643/1884/21
f 4646/1885/22 4648/1887/23 4647/1888/23 4645/1886/22
f 4648/1887/23 4650/1889/24 4649/1890/24 4647/1888/23
f 4650/1889/24 4652/1891/25 4651/1892/25 4649/1890/24
f 4652/1891/25 4654/1893/26 4653/1894/26 4651/1892/25
f 4654/1893/26 4656/1895/27 4655/1896/27 4653/1894/26
f 4656/1895/27 4658/1897/28 4657/1898/28 4655/1896/27
f 4658/1897/28 4660/1899/29 4659/1900/29 4657/1898/28
f 4660/1899/29 4662/1901/30 4661/1902/30 4659/1900/29
f 4662/1901/30 4664/1903/31 4663/1904/31 4661/1902/30
f 4664/1903/31 4666/1905/32 4665/1906/32 4663/1904/31
f 4666/1905/32 4668/1907/33 4667/1908/33 4665/1906/32
f 4668/1907/33 4670/1909/34 4669/1910/34 4667/1908/33
f 4670/1909/34 4672/1911/35 4671/1912/35 4669/1910/34
f 4672/1911/35 4674/1913/36 4673/1914/36 4671/1912/35
f 4674/1913/36 4676/1915/37 4675/1916/37 4673/1914/36
f 4676/1915/37 4678/1917/38 4677/1918/38 4675/1916/37
f 4678/1917/38 4680/1919/39 4679/1920/39 4677/1918/38
f 4680/1919/39 4682/1921/40 4681/1922/40 4679/1920/39
f 4682/1921/40 4684/1923/41 4683/1924/41 4681/1922/40
f 4684/1923/41 4686/1925/42 4685/1926/42 4683/1924/41
f 4686/1925/42 4688/1927/43 4687/1928/43 4685/1926/42
f 4688/1927/43 4690/1929/44 4689/1930/44 4687/1928/43
f 4690/1929/44 4692/1931/45 4691/1932/45 4689/1930/44
f 4692/1931/45 4694/1933/46 4693/1934/46 4691/1932/45
f 4694/1933/46 4696/1935/47 4695/1936/47 4693/1934/46
f 4696/1935/47 4698/1937/48 4697/1938/48 4695/1936/47
f 4698/1937/48 4700/1939/49 4699/1940/49 4697/1938/48
f 4700/1939/49 4702/1941/50 4701/1942/50 4699/1940/49
f 4702/1941/50 4704/1943/51 4703/1944/51 4701/1942/50
f 4704/1943/51 4706/1945/52 4705/1946/52 4703/1944/51
f 4706/1945/52 4708/1947/53 4707/1948/53 4705/1946/52
f 4708/1947/53 4710/1949/54 4709/1950/54 4707/1948/53
f 4710/1949/54 4712/1951/55 4711/1952/55 4709/1950/54
f 4712/1951/55 4714/1953/56 4713/1954/56 4711/1952/55
f 4714/1953/56 4716/1955/57 4715/1956/57 4713/1954/56
f 4716/1955/57 4718/1957/58 4717/1958/58 4715/1956/57
f 4718/1957/58 4720/1959/59 4719/1960/59 4717/1958/58
f 4720/1959/59 4722/1961/60 4721/1962/60 4719/1960/59
f 4722/1961/60 4724/1963/61 4723/1964/61 4721/1962/60
f 4724/1963/61 4726/1965/62 4725/1966/62 4723/1964/61
f 4726/1965/62 4728/1967/63 4727/1968/63 4725/1966/62
f 4728/1967/63 4730/1969/64 4729/1970/64 4727/1968/63
f 4730/1969/64 4732/1971/65 4731/1972/65 4729/1970/64
f 4732/1971/65 4734/1973/66 4733/1974/66 4731/1972/65
f 4734/1973/66 4736/1975/67 4735/1976/67 4733/1974/66
f 4736/1975/67 4738/1977/68 4737/1978/68 4735/1976/67
f 4738/1977/68 4740/1979/69 4739/1980/69 4737/1978/68
f 4740/1979/69 4742/1981/70 4741/1982/70 4739/1980/69
f 4742/1981/70 4744/1983/71 4743/1984/71 4741/1982/70
f 4744/1983/71 4746/1985/72 4745/1986/72 4743/1984/71
f 4746/1985/72 4748/1987/73 4747/1988/73 4745/1986/72
f 4748/1987/73 4750/1989/74 4749/1990/74 4747/1988/73
f 4750/1989/74 4752/1991/75 4751/1992/75 4749/1990/74
f 4752/1991/75 4754/1993/76 4753/1994/76 4751/1992/75
f 4754/1993/76 4756/1995/77 4755/1996/77 4753/1994/76
f 4756/1995/77 4758/1997/78 4757/1998/78 4755/1996/77
f 4758/1997/78 4760/1999/79 4759/2000/79 4757/1998/78
f 4760/1999/79 4762/2001/80 4761/2002/80 4759/2000/79
f 4762/2001/80 4764/2003/81 4763/2004/81 4761/2002/80
f 4764/2003/81 4766/2005/82 4765/2006/82 4763/2004/81
f 4766/2005/82 4768/2007/83 4767/2008/83 4765/2006/82
f 4768/2007/83 4770/2009/84 4769/2010/84 4767/2008/83
f 4770/2009/84 4772/2011/85 4771/2012/85 4769/2010/84
f 4772/2011/85 4774/2013/86 4773/2014/86 4771/2012/85
f 4774/2013/86 4776/2015/87 4775/2016/87 4773/2014/86
f 4776/2015/87 4778/2017/88 4777/2018/88 4775/2016/87
f 4778/2017/88 4780/2019/89 4779/2020/89 4777/2018/88
f 4780/2019/89 4782/2021/90 4781/2022/90 4779/2020/89
f 4782/2021/90 4784/2023/91 4783/2024/91 4781/2022/90
f 4784/2023/91 4786/2025/92 4785/2026/92 4783/2024/91
f 4786/2025/92 4788/2027/93 4787/2028/93 4785/2026/92
f 4788/2027/93 4790/2029/94 4789/2030/94 4787/2028/93
f 4790/2029/94 4792/2031/95 4791/2032/95 4789/2030/94
f 4792/2031/95 4794/2033/96 4793/2034/96 4791/2032/95
f 4794/2033/96 4796/2035/97 4795/2036/97 4793/2034/96
f 4796/2035/97 4798/2037/98 4797/2038/98 4795/2036/97
f 4798/2037/98 4800/2039/99 4799/2040/99 4797/2038/98
f 4800/2039/99 4802/2041/100 4801/2042/100 4799/2040/99
f 4802/2041/100 4804/2043/101 4803/2044/101 4801/2042/100
f 4804/2043/101 4806/2045/102 4805/2046/102 4803/2044/101
f 4806/2045/102 4808/2047/103 4807/2048/103 4805/2046/102
f 4808/2047/103 4810/2049/104 4809/2050/104 4807/2048/103
f 4810/2049/104 4812/2051/105 4811/2052/105 4809/2050/104
f 4812/2051/105 4814/2053/106 4813/2054/106 4811/2052/105
f 4814/2053/106 4816/2055/107 4815/2056/107 4813/2054/106
f 4816/2055/107 4818/2057/108 4817/2058/108 4815/2056/107
f 4818/2057/108 4820/2059/109 4819/2060/109 4817/2058/108
f 4820/2059/109 4822/2061/110 4821/2062/110 4819/2060/109
f 4822/2061/110 4824/2063/111 4823/2064/111 4821/2062/110
f 4824/2063/111 4826/2065/112 4825/2066/112 4823/2064/111
f 4826/2065/112 4828/2067/113 4827/2068/113 4825/2066/112
f 4828/2067/113 4830/2069/114 4829/2070/114 4827/2068/113
f 4830/2069/114 4832/2071/115 4831/2072/115 4829/2070/114
f 4832/2071/115 4834/2073/116 4833/2074/116 4831/2072/115
f 4834/2073/116 4836/2075/117 4835/2076/117 4833/2074/116
f 4836/2075/117 4838/2077/118 4837/2078/118 4835/2076/117
f 4838/2077/118 4840/2079/119 4839/2080/119 4837/2078/118
f 4840/2079/119 4842/2081/120 4841/2082/120 4839/2080/119
f 4842/2081/120 4844/2083/121 4843/2084/121 4841/2082/120
f 4844/2083/121 4846/2085/122 4845/2086/122 4843/2084/121
f 4846/2085/122 4848/2087/123 4847/2088/123 4845/2086/122
f 4848/2087/123 4850/2089/124 4849/2090/124 4847/2088/123
f 4850/2089/124 4852/2091/125 4851/2092/125 4849/2090/124
f 4852/2091/125 4854/2093/126 4853/2094/126 4851/2092/125
f 4854/2093/126 4856/2095/127 4855/2096/127 4853/2094/126
f 4856/2095/127 4858/2097/128 4857/2098/128 4855/2096/127
f 4858/2097/128 4860/2099/129 4859/2100/129 4857/2098/128
f 4860/2099/129 4862/2101/130 4861/2102/130 4859/2100/129
f 4862/2101/130 4864/2103/131 4863/2104/131 4861/2102/130
f 4864/2103/131 4866/2105/132 4865/2106/132 4863/2104/131
f 4866/2105/132 4868/2107/133 4867/2108/133 4865/2106/132
f 4868/2107/133 4870/2109/134 4869/2110/134 4867/2108/133
f 4870/2109/134 4872/2111/135 4871/2112/135 4869/2110/134
f 4872/2111/135 4874/2113/136 4873/2114/136 4871/2112/135
f 4874/2113/136 4876/2115/137 4875/2116/137 4873/2114/136
f 4876/2115/137 4878/2117/138 4877/2118/138 4875/2116/137
f 4878/2117/138 4880/2119/139 4879/2120/139 4877/2118/138
f 4880/2119/139 4882/2121/140 4881/2122/140 4879/2120/139
f 4882/2121/140 4884/2123/141 4883/2124/141 4881/2122/140
f 4884/2123/141 4886/2125/142 4885/2126/142 4883/2124/141
f 4886/2125/142 4888/2127/143 4887/2128/143 4885/2126/142
f 4888/2127/143 4890/2129/144 4889/2130/144 4887/2128/143
f 4890/2129/144 4892/2131/145 4891/2132/145 4889/2130/144
f 4892/2131/145 4894/2133/146 4893/2134/146 4891/2132/145
f 4894/2133/146 4896/2135/147 4895/2136/147 4893/2134/146
f 4896/2135/147 4898/2137/148 4897/2138/148 4895/2136/147
f 4898/2137/148 4900/2139/14 4899/2140/14 4897/2138/148
f 4900/2139/14 4902/2141/14 4901/2142/14 4899/2140/14
f 4902/2141/14 4904/2143/11 4903/2144/11 4901/2142/14
f 4904/2143/11 4906/2145/12 4905/2146/12 4903/2144/11
f 4906/2145/12 4908/2147/149 4907/2148/149 4905/2146/12
f 4908/2147/149 4632/1872/15 4631/3/15 4907/2148/149
f 4910/1830/150 4912/2149/151 4911/2150/151 4909/101/150
f 4912/2149/151 4914/2151/152 4913/2152/152 4911/2150/151
f 4914/2151/152 4916/2153/153 4915/2154/153 4913/2152/152
f 4916/2153/153 4918/2155/154 4917/2156/154 4915/2154/153
f 4918/2155/154 4920/2157/155 4919/1368/155 4917/2156/154
f 4920/2157/155 4922/2158/156 4921/2159/156 4919/1368/155
f 4922/2158/156 4924/2160/157 4923/2161/157 4921/2159/156
f 4924/2160/157 4926/2162/158 4925/2163/158 4923/2161/157
f 4926/2162/158 4928/2164/159 4927/2165/159 4925/2163/158
f 4928/2164/159 4930/2166/160 4929/1338/160 4927/2165/159
f 4930/2166/160 4932/2167/161 4931/2168/161 4929/1338/160
f 4932/2167/161 4934/2169/162 4933/2170/162 4931/2168/161
f 4934/2169/162 4936/2171/163 4935/2172/163 4933/2170/162
f 4936/2171/163 4938/2173/164 4937/2174/164 4935/2172/163
f 4938/2173/164 4940/2175/165 4939/1271/165 4937/2174/164
f 4940/2175/165 4942/2176/166 4941/2177/166 4939/1271/165
f 4942/2176/166 4944/2178/167 4943/2179/167 4941/2177/166
f 4944/2178/167 4946/2180/168 4945/2181/168 4943/2179/167
f 4946/2180/168 4948/2182/169 4947/2183/169 4945/2181/168
f 4948/2182/169 4950/2184/170 4949/1306/170 4947/2183/169
f 4950/2184/170 4952/2185/171 4951/2186/171 4949/1306/170
f 4952/2185/171 4954/2187/172 4953/2188/172 4951/2186/171
f 4954/2187/172 4956/2189/173 4955/2190/173 4953/2188/172
f 4956/2189/173 4958/2191/174 4957/2192/174 4955/2190/173
f 4958/2191/174 4910/1872/150 4909/3/150 4957/2192/174
f 4960/1830/175 4962/2193/176 4961/2194/176 4959/101/175
f 4962/2193/176 4964/2195/177 4963/2196/177 4961/2194/176
f 4964/2195/177 4966/2197/178 4965/2198/178 4963/2196/177
f 4966/2197/178 4968/2199/179 4967/2200/179 4965/2198/178
f 4968/2199/179 4970/2201/180 4969/2202/180 4967/2200/179
f 4970/2201/180 4972/2203/181 4971/2204/181 4969/2202/180
f 4972/2203/181 4974/2205/182 4973/2206/182 4971/2204/181
f 4974/2205/182 4976/2207/183 4975/2208/183 4973/2206/182
f 4976/2207/183 4978/2209/184 4977/2210/184 4975/2208/183
f 4978/2209/184 4980/2211/185 4979/2212/185 4977/2210/184
f 4980/2211/185 4982/2213/186 4981/2214/186 4979/2212/185
f 4982/2213/186 4984/2215/187 4983/2216/187 4981/2214/186
f 4984/2215/187 4986/2217/188 4985/2218/188 4983/2216/187
f 4986/2217/188 4988/2219/189 4987/2220/189 4985/2218/188
f 4988/2219/189 4990/2221/190 4989/2222/190 4987/2220/189
f 4990/2221/190 4992/2223/191 4991/2224/191 4989/2222/190
f 4992/2223/191 4994/2225/192 4993/2226/192 4991/2224/191
f 4994/2225/192 4996/2227/193 4995/2228/193 4993/2226/192
f 4996/2227/193 4998/2229/194 4997/2230/194 4995/2228/193
f 4998/2229/194 5000/2231/195 4999/2232/195 4997/2230/194
f 5000/2231/195 5002/2233/196 5001/2234/196 4999/2232/195
f 5002/2233/196 5004/2235/197 5003/2236/197 5001/2234/196
f 5004/2235/197 5006/2237/198 5005/2238/198 5003/2236/197
f 5006/2237/198 5008/2239/199 5007/2240/199 5005/2238/198
f 5008/2239/199 5010/2241/200 5009/2242/200 5007/2240/199
f 5010/2241/200 5012/2243/201 5011/2244/201 5009/2242/200
f 5012/2243/201 5014/2245/202 5013/2246/202 5011/2244/201
f 5014/2245/202 5016/2247/203 5015/2248/203 5013/2246/202
f 5016/2247/203 5018/2249/204 5017/2250/204 5015/2248/203
f 5018/2249/204 5020/2251/205 5019/2252/205 5017/2250/204
f 5020/2251/205 5022/2253/206 5021/2254/206 5019/2252/205
f 5022/2253/206 5024/2255/207 5023/2256/207 5021/2254/206
f 5024/2255/207 5026/2257/208 5025/2258/208 5023/2256/207
f 5026/2257/208 5028/2259/209 5027/2260/209 5025/2258/208
f 5028/2259/209 5030/2261/210 5029/2262/210 5027/2260/209
f 5030/2261/210 5032/2263/211 5031/2264/211 5029/2262/210
f 5032/2263/211 5034/2265/212 5033/2266/212 5031/2264/211
f 5034/2265/212 5036/2267/213 5035/2268/213 5033/2266/212
f 5036/2267/213 5038/2269/214 5037/2270/214 5035/2268/213
f 5038/2269/214 5040/2271/215 5039/2272/215 5037/2270/214
f 5040/2271/215 5042/2273/216 5041/2274/216 5039/2272/215
f 5042/2273/216 5044/2275/217 5043/2276/217 5041/2274/216
f 5044/2275/217 5046/2277/218 5045/2278/218 5043/2276/217
f 5046/2277/218 5048/2279/219 5047/2280/219 5045/2278/218
f 5048/2279/219 5050/2281/220 5049/2282/220 5047/2280/219
f 5050/2281/220 5052/2283/221 5051/2284/221 5049/2282/220
f 5052/2283/221 5054/2285/222 5053/2286/222 5051/2284/221
f 5054/2285/222 5056/2287/223 5055/2288/223 5053/2286/222
f 5056/2287/223 5058/2289/224 5057/2290/224 5055/2288/223
f 5058/2289/224 5060/2291/225 5059/2292/225 5057/2290/224
f 5060/2291/225 5062/2293/226 5061/2294/226 5059/2292/225
f 5062/2293/226 5064/2295/227 5063/2296/227 5061/2294/226
f 5064/2295/227 5066/2297/228 5065/2298/228 5063/2296/227
f 5066/2297/228 5068/2299/229 5067/2300/229 5065/2298/228
f 5068/2299/229 5070/2301/230 5069/2302/230 5067/2300/229
f 5070/2301/230 5072/2303/231 5071/2304/231 5069/2302/230
f 5072/2303/231 5074/2305/232 5073/2306/232 5071/2304/231
f 5074/2305/232 5076/2307/233 5075/2308/233 5073/2306/232
f 5076/2307/233 5078/2309/234 5077/2310/234 5075/2308/233
f 5078/2309/234 5080/2311/235 5079/2312/235 5077/2310/234
f 5080/2311/235 5082/2313/236 5081/2314/236 5079/2312/235
f 5082/2313/236 5084/2315/237 5083/2316/237 5081/2314/236
f 5084/2315/237 5086/2317/238 5085/2318/238 5083/2316/237
f 5086/2317/238 5088/2319/239 5087/2320/239 5085/2318/238
f 5088/2319/239 5090/2321/240 5089/2322/240 5087/2320/239
f 5090/2321/240 5092/2323/241 5091/2324/241 5089/2322/240
f 5092/2323/241 5094/2325/242 5093/2326/242 5091/2324/241
f 5094/2325/242 5096/2327/243 5095/2328/243 5093/2326/242
f 5096/2327/243 5098/2329/244 5097/2330/244 5095/2328/243
f 5098/2329/244 5100/2331/245 5099/2332/245 5097/2330/244
f 5100/2331/245 5102/2333/246 5101/2334/246 5099/2332/245
f 5102/2333/246 5104/2335/247 5103/2336/247 5101/2334/246
f 5104/2335/247 5106/2337/248 5105/2338/248 5103/2336/247
f 5106/2337/248 5108/2339/249 5107/2340/249 5105/2338/248
f 5108/2339/249 5110/2341/250 5109/2342/250 5107/2340/249
f 5110/2341/250 5112/2343/251 5111/2344/251 5109/2342/250
f 5112/2343/251 5114/2345/252 5113/2346/252 5111/2344/251
f 5114/2345/252 5116/2347/253 5115/2348/253 5113/2346/252
f 5116/2347/253 5118/2349/254 5117/2350/254 5115/2348/253
f 5118/2349/254 5120/2351/255 5119/2352/255 5117/2350/254
f 5120/2351/255 5122/2353/256 5121/2354/256 5119/2352/255
f 5122/2353/256 5124/2355/257 5123/2356/257 5121/2354/256
f 5124/2355/257 5126/2357/258 5125/2358/258 5123/2356/257
f 5126/2357/258 5128/2359/259 5127/2360/259 5125/2358/258
f 5128/2359/259 5130/2361/260 5129/2362/260 5127/2360/259
f 5130/2361/260 5132/2363/261 5131/2364/261 5129/2362/260
f 5132/2363/261 5134/2365/262 5133/2366/262 5131/2364/261
f 5134/2365/262 5136/2367/263 5135/2368/263 5133/2366/262
f 5136/2367/263 5138/2369/264 5137/2370/264 5135/2368/263
f 5138/2369/264 5140/2371/265 5139/2372/265 5137/2370/264
f 5140/2371/265 5142/2373/266 5141/2374/266 5139/2372/265
f 5142/2373/266 5144/2375/267 5143/2376/267 5141/2374/266
f 5144/2375/267 5146/2377/268 5145/2378/268 5143/2376/267
f 5146/2377/268 5148/2379/269 5147/2380/269 5145/2378/268
f 5148/2379/269 5150/2381/270 5149/2382/270 5147/2380/269
f 5150/2381/270 5152/2383/271 5151/2384/271 5149/2382/270
f 5152/2383/271 5154/2385/272 5153/2386/272 5151/2384/271
f 5154/2385/272 5156/2387/11 5155/2388/11 5153/2386/272
f 5156/2387/11 5158/2389/12 5157/2390/12 5155/2388/11
f 5158/2389/12 5160/2391/273 5159/2392/273 5157/2390/12
f 5160/2391/273 4960/1872/175 4959/3/175 5159/2392/273
f 5162/1830/11 5164/2393/11 5163/2394/11 5161/101/11
f 5164/2393/11 5166/2395/12 5165/2396/12 5163/2394/11
f 5166/2395/12 5168/2397/13 5167/2398/13 5165/2396/12
f 5168/2397/13 5170/1840/14 5169/1841/14 5167/2398/13
f 5170/1840/14 5172/2399/14 5171/2400/14 5169/1841/14
f 5172/2399/14 5174/2401/274 5173/2402/274 5171/2400/14
f 5174/2401/274 5176/2403/275 5175/2404/275 5173/2402/274
f 5176/2403/275 5178/1851/276 5177/433/276 5175/2404/275
f 5178/1851/276 5180/2405/277 5179/2406/277 5177/433/276
f 5180/2405/277 5182/2407/14 5181/2408/14 5179/2406/277
f 5182/2407/14 5184/2409/11 5183/2410/11 5181/2408/14
f 5184/2409/11 5186/1861/278 5185/1862/278 5183/2410/11
f 5186/1861/278 5188/2411/279 5187/2412/279 5185/1862/278
f 5188/2411/279 5190/2413/280 5189/2414/280 5187/2412/279
f 5190/2413/280 5192/2415/281 5191/2416/281 5189/2414/280
f 5192/2415/281 5162/1872/11 5161/3/11 5191/2416/281
f 5194/1830/12 5196/1840/11 5195/1841/11 5193/101/12
f 5196/1840/11 5198/1851/14 5197/433/14 5195/1841/11
f 5198/1851/14 5200/1861/13 5199/1862/13 5197/433/14
f 5200/1861/13 5194/1872/12 5193/3/12 5199/1862/13
f 5202/1830/12 5204/1840/11 5203/1841/11 5201/101/12
f 5204/1840/11 5206/1851/14 5205/433/14 5203/1841/11
f 5206/1851/14 5208/1861/13 5207/1862/13 5205/433/14
f 5208/1861/13 5202/1872/12 5201/3/12 5207/1862/13
f 5210/1830/282 5212/1840/11 5211/1841/11 5209/101/282
f 5212/1840/11 5214/1851/14 5213/433/14 5211/1841/11
f 5214/1851/14 5216/1861/283 5215/1862/283 5213/433/14
f 5216/1861/283 5210/1872/282 5209/3/282 5215/1862/283
f 5218/1830/284 5220/2417/285 5219/2418/285 5217/101/284
f 5220/2417/285 5222/2419/286 5221/2420/286 5219/2418/285
f 5222/2419/286 5224/2421/287 5223/2422/287 5221/2420/286
f 5224/2421/287 5226/2423/288 5225/2424/288 5223/2422/287
f 5226/2423/288 5228/2425/289 5227/2426/289 5225/2424/288
f 5228/2425/289 5230/2427/290 5229/2428/290 5227/2426/289
f 5230/2427/290 5232/2429/291 5231/2430/291 5229/2428/290
f 5232/2429/291 5234/2431/292 5233/2432/292 5231/2430/291
f 5234/2431/292 5236/2433/293 5235/2434/293 5233/2432/292
f 5236/2433/293 5238/2435/294 5237/2436/294 5235/2434/293
f 5238/2435/294 5240/2437/295 5239/2438/295 5237/2436/294
f 5240/2437/295 5242/2439/296 5241/2440/296 5239/2438/295
f 5242/2439/296 5244/2441/297 5243/2442/297 5241/2440/296
f 5244/2441/297 5246/2443/298 5245/2444/298 5243/2442/297
f 5246/2443/298 5248/2445/299 5247/1574/299 5245/2444/298
f 5248/2445/299 5250/2446/300 5249/2447/300 5247/1574/299
f 5250/2446/300 5252/2448/301 5251/2449/301 5249/2447/300
f 5252/2448/301 5254/2450/302 5253/2451/302 5251/2449/301
f 5254/2450/302 5256/2452/303 5255/2453/303 5253/2451/302
f 5256/2452/303 5258/2454/304 5257/2455/304 5255/2453/303
f 5258/2454/304 5260/2456/305 5259/2457/305 5257/2455/304
f 5260/2456/305 5262/2458/306 5261/2459/306 5259/2457/305
f 5262/2458/306 5264/2460/307 5263/2461/307 5261/2459/306
f 5264/2460/307 5266/2462/308 5265/2463/308 5263/2461/307
f 5266/2462/308 5268/2464/309 5267/2465/309 5265/2463/308
f 5268/2464/309 5270/2466/310 5269/2467/310 5267/2465/309
f 5270/2466/310 5272/2157/311 5271/1368/311 5269/2467/310
f 5272/2157/311 5274/2468/312 5273/2469/312 5271/1368/311
f 5274/2468/312 5276/2470/313 5275/2471/313 5273/2469/312
f 5276/2470/313 5278/2472/314 5277/1585/314 5275/2471/313
f 5278/2472/314 5280/2473/315 5279/2474/315 5277/1585/314
f 5280/2473/315 5282/2475/316 5281/2476/316 5279/2474/315
f 5282/2475/316 5284/2477/317 5283/2478/317 5281/2476/316
f 5284/2477/317 5286/2479/318 5285/2480/318 5283/2478/317
f 5286/2479/318 5288/2481/319 5287/2482/319 5285/2480/318
f 5288/2481/319 5290/2483/320 5289/2484/320 5287/2482/319
f 5290/2483/320 5292/2485/321 5291/2486/321 5289/2484/320
f 5292/2485/321 5294/2487/322 5293/2488/322 5291/2486/321
f 5294/2487/322 5296/2489/323 5295/2490/323 5293/2488/322
f 5296/2489/323 5298/2491/324 5297/2492/324 5295/2490/323
f 5298/2491/324 5300/2493/325 5299/2494/325 5297/2492/324
f 5300/2493/325 5302/2495/326 5301/2496/326 5299/2494/325
f 5302/2495/326 5304/2497/327 5303/2498/327 5301/2496/326
f 5304/2497/327 5306/2499/328 5305/2500/328 5303/2498/327
f 5306/2499/328 5308/2501/329 5307/878/329 5305/2500/328
f 5308/2501/329 5310/2502/330 5309/2503/330 5307/878/329
f 5310/2502/330 5312/2504/331 5311/2505/331 5309/2503/330
f 5312/2504/331 5314/2506/332 5313/2507/332 5311/2505/331
f 5314/2506/332 5316/2508/333 5315/2509/333 5313/2507/332
f 5316/2508/333 5318/2510/334 5317/2511/334 5315/2509/333
f 5318/2510/334 5320/2512/335 5319/2513/335 5317/2511/334
f 5320/2512/335 5322/2514/336 5321/2515/336 5319/2513/335
f 5322/2514/336 5324/2516/337 5323/2517/337 5321/2515/336
f 5324/2516/337 5326/2166/338 5325/1338/338 5323/2517/337
f 5326/2166/338 5328/2518/339 5327/2519/339 5325/1338/338
f 5328/2518/339 5330/2520/340 5329/2521/340 5327/2519/339
f 5330/2520/340 5332/2522/341 5331/2523/341 5329/2521/340
f 5332/2522/341 5334/2524/342 5333/2525/342 5331/2523/341
f 5334/2524/342 5336/2526/343 5335/2527/343 5333/2525/342
f 5336/2526/343 5338/2528/344 5337/1639/344 5335/2527/343
f 5338/2528/344 5340/2529/345 5339/2530/345 5337/1639/344
f 5340/2529/345 5342/2531/346 5341/2532/346 5339/2530/345
f 5342/2531/346 5344/2533/347 5343/2534/347 5341/2532/346
f 5344/2533/347 5346/2535/348 5345/2536/348 5343/2534/347
f 5346/2535/348 5348/2537/349 5347/2538/349 5345/2536/348
f 5348/2537/349 5350/2539/350 5349/2540/350 5347/2538/349
f 5350/2539/350 5352/2541/351 5351/2542/351 5349/2540/350
f 5352/2541/351 5354/2543/352 5353/2544/352 5351/2542/351
f 5354/2543/352 5356/2545/353 5355/2546/353 5353/2544/352
f 5356/2545/353 5358/2547/354 5357/2548/354 5355/2546/353
f 5358/2547/354 5360/2549/355 5359/2550/355 5357/2548/354
f 5360/2549/355 5362/2551/356 5361/2552/356 5359/2550/355
f 5362/2551/356 5364/2553/357 5363/2554/357 5361/2552/356
f 5364/2553/357 5366/2555/358 5365/2556/358 5363/2554/357
f 5366/2555/358 5368/2557/359 5367/1671/359 5365/2556/358
f 5368/2557/359 5370/2558/360 5369/2559/360 5367/1671/359
f 5370/2558/360 5372/2560/361 5371/2561/361 5369/2559/360
f 5372/2560/361 5374/2562/362 5373/2563/362 5371/2561/361
f 5374/2562/362 5376/2564/363 5375/2565/363 5373/2563/362
f 5376/2564/363 5378/2566/364 5377/2567/364 5375/2565/363
f 5378/2566/364 5380/2175/365 5379/1271/365 5377/2567/364
f 5380/2175/365 5382/2568/366 5381/2569/366 5379/1271/365
f 5382/2568/366 5384/2570/367 5383/2571/367 5381/2569/366
f 5384/2570/367 5386/2572/368 5385/2573/368 5383/2571/367
f 5386/2572/368 5388/2574/369 5387/2575/369 5385/2573/368
f 5388/2574/369 5390/2576/370 5389/2577/370 5387/2575/369
f 5390/2576/370 5392/2578/371 5391/2579/371 5389/2577/370
f 5392/2578/371 5394/2580/372 5393/2581/372 5391/2579/371
f 5394/2580/372 5396/2582/373 5395/2583/373 5393/2581/372
f 5396/2582/373 5398/2584/374 5397/771/374 5395/2583/373
f 5398/2584/374 5400/2585/375 5399/2586/375 5397/771/374
f 5400/2585/375 5402/2587/376 5401/2588/376 5399/2586/375
f 5402/2587/376 5404/2589/377 5403/2590/377 5401/2588/376
f 5404/2589/377 5406/2591/378 5405/2592/378 5403/2590/377
f 5406/2591/378 5408/2593/379 5407/2594/379 5405/2592/378
f 5408/2593/379 5410/2595/380 5409/2596/380 5407/2594/379
f 5410/2595/380 5412/2597/381 5411/2598/381 5409/2596/380
f 5412/2597/381 5414/2599/382 5413/2600/382 5411/2598/381
f 5414/2599/382 5416/2601/383 5415/2602/383 5413/2600/382
f 5416/2601/383 5418/2603/384 5417/2604/384 5415/2602/383
f 5418/2603/384 5420/2605/385 5419/2606/385 5417/2604/384
f 5420/2605/385 5422/2607/386 5421/2608/386 5419/2606/385
f 5422/2607/386 5424/2609/387 5423/2610/387 5421/2608/386
f 5424/2609/387 5426/2611/388 5425/2612/388 5423/2610/387
f 5426/2611/388 5428/2613/389 5427/1562/389 5425/2612/388
f 5428/2613/389 5430/2614/390 5429/2615/390 5427/1562/389
f 5430/2614/390 5432/2616/391 5431/2617/391 5429/2615/390
f 5432/2616/391 5434/2184/392 5433/1306/392 5431/2617/391
f 5434/2184/392 5436/2618/393 5435/2619/393 5433/1306/392
f 5436/2618/393 5438/2620/394 5437/2621/394 5435/2619/393
f 5438/2620/394 5440/2622/395 5439/2623/395 5437/2621/394
f 5440/2622/395 5442/2624/396 5441/2625/396 5439/2623/395
f 5442/2624/396 5444/2626/397 5443/2627/397 5441/2625/396
f 5444/2626/397 5446/2628/398 5445/2629/398 5443/2627/397
f 5446/2628/398 5448/2630/399 5447/2631/399 5445/2629/398
f 5448/2630/399 5450/2632/400 5449/2633/400 5447/2631/399
f 5450/2632/400 5452/2634/401 5451/2635/401 5449/2633/400
f 5452/2634/401 5454/2636/402 5453/2637/402 5451/2635/401
f 5454/2636/402 5456/2638/403 5455/2639/403 5453/2637/402
f 5456/2638/403 5458/2640/404 5457/1618/404 5455/2639/403
f 5458/2640/404 5460/2641/405 5459/2642/405 5457/1618/404
f 5460/2641/405 5462/2643/406 5461/2644/406 5459/2642/405
f 5462/2643/406 5464/2645/407 5463/2646/407 5461/2644/406
f 5464/2645/407 5466/2647/408 5465/2648/408 5463/2646/407
f 5466/2647/408 5468/2649/355 5467/2650/355 5465/2648/408
f 5468/2649/355 5470/2651/409 5469/2652/409 5467/2650/355
f 5470/2651/409 5472/2653/410 5471/2654/410 5469/2652/409
f 5472/2653/410 5474/2655/411 5473/2656/411 5471/2654/410
f 5474/2655/411 5476/2657/412 5475/2658/412 5473/2656/411
f 5476/2657/412 5478/2659/413 5477/2660/413 5475/2658/412
f 5478/2659/413 5480/2661/414 5479/2662/414 5477/2660/413
f 5480/2661/414 5482/2663/415 5481/2664/415 5479/2662/414
f 5482/2663/415 5484/2665/416 5483/2666/416 5481/2664/415
f 5484/2665/416 5486/2667/417 5485/2668/417 5483/2666/416
f 5486/2667/417 5218/1872/284 5217/3/284 5485/2668/417
f 5488/1830/418 5490/2669/419 5489/2670/419 5487/101/418
f 5490/2669/419 5492/2671/420 5491/2672/420 5489/2670/419
f 5492/2671/420 5494/2673/421 5493/2674/421 5491/2672/420
f 5494/2673/421 5496/2675/422 5495/2676/422 5493/2674/421
f 5496/2675/422 5498/2677/423 5497/2678/423 5495/2676/422
f 5498/2677/423 5500/2679/424 5499/2680/424 5497/2678/423
f 5500/2679/424 5502/2681/425 5501/2682/425 5499/2680/424
f 5502/2681/425 5504/2683/426 5503/2684/426 5501/2682/425
f 5504/2683/426 5506/2685/427 5505/2686/427 5503/2684/426
f 5506/2685/427 5508/2687/428 5507/2688/428 5505/2686/427
f 5508/2687/428 5510/2689/429 5509/2690/429 5507/2688/428
f 5510/2689/429 5512/2691/430 5511/2692/430 5509/2690/429
f 5512/2691/430 5514/2693/431 5513/2694/431 5511/2692/430
f 5514/2693/431 5516/2695/432 5515/2696/432 5513/2694/431
f 5516/2695/432 5518/2697/433 5517/2698/433 5515/2696/432
f 5518/2697/433 5520/2699/434 5519/2700/434 5517/2698/433
f 5520/2699/434 5522/2701/435 5521/2702/435 5519/2700/434
f 5522/2701/435 5524/2703/436 5523/2704/436 5521/2702/435
f 5524/2703/436 5526/2705/437 5525/2706/437 5523/2704/436
f 5526/2705/437 5528/2707/438 5527/2708/438 5525/2706/437
f 5528/2707/438 5530/2709/439 5529/2710/439 5527/2708/438
f 5530/2709/439 5532/2711/440 5531/2712/440 5529/2710/439
f 5532/2711/440 5534/2713/441 5533/2714/441 5531/2712/440
f 5534/2713/441 5536/2715/442 5535/2716/442 5533/2714/441
f 5536/2715/442 5538/2717/443 5537/2718/443 5535/2716/442
f 5538/2717/443 5540/2719/444 5539/2720/444 5537/2718/443
f 5540/2719/444 5542/2721/445 5541/2722/445 5539/2720/444
f 5542/2721/445 5544/2723/446 5543/2724/446 5541/2722/445
f 5544/2723/446 5546/2725/447 5545/2726/447 5543/2724/446
f 5546/2725/447 5548/2727/448 5547/2728/448 5545/2726/447
f 5548/2727/448 5550/2729/449 5549/2730/449 5547/2728/448
f 5550/2729/449 5552/2731/450 5551/2732/450 5549/2730/449
f 5552/2731/450 5554/2733/451 5553/2734/451 5551/2732/450
f 5554/2733/451 5556/2735/452 5555/2736/452 5553/2734/451
f 5556/2735/452 5558/2737/453 5557/2738/453 5555/2736/452
f 5558/2737/453 5560/2739/70 5559/2740/70 5557/2738/453
f 5560/2739/70 5562/1851/454 5561/433/454 5559/2740/70
f 5562/1851/454 5564/2741/455 5563/2742/455 5561/433/454
f 5564/2741/455 5566/2743/456 5565/2744/456 5563/2742/455
f 5566/2743/456 5568/2745/457 5567/2746/457 5565/2744/456
f 5568/2745/457 5570/2747/458 5569/2748/458 5567/2746/457
f 5570/2747/458 5572/2749/459 5571/2750/459 5569/2748/458
f 5572/2749/459 5574/2751/460 5573/2752/460 5571/2750/459
f 5574/2751/460 5576/2753/461 5575/2754/461 5573/2752/460
f 5576/2753/461 5578/2755/462 5577/2756/462 5575/2754/461
f 5578/2755/462 5580/2757/463 5579/2758/463 5577/2756/462
f 5580/2757/463 5582/2759/464 5581/2760/464 5579/2758/463
f 5582/2759/464 5584/2761/465 5583/2762/465 5581/2760/464
f 5584/2761/465 5586/2763/466 5585/2764/466 5583/2762/465
f 5586/2763/466 5588/2765/467 5587/2766/467 5585/2764/466
f 5588/2765/467 5590/2767/468 5589/2768/468 5587/2766/467
f 5590/2767/468 5592/2769/469 5591/2770/469 5589/2768/468
f 5592/2769/469 5594/2771/470 5593/2772/470 5591/2770/469
f 5594/2771/470 5596/2773/471 5595/2774/471 5593/2772/470
f 5596/2773/471 5598/2775/472 5597/2776/472 5595/2774/471
f 5598/2775/472 5600/2777/473 5599/2778/473 5597/2776/472
f 5600/2777/473 5602/2779/474 5601/2780/474 5599/2778/473
f 5602/2779/474 5604/2781/475 5603/2782/475 5601/2780/474
f 5604/2781/475 5606/2783/476 5605/2784/476 5603/2782/475
f 5606/2783/476 5608/2785/477 5607/2786/477 5605/2784/476
f 5608/2785/477 5610/2787/478 5609/2788/478 5607/2786/477
f 5610/2787/478 5612/2789/479 5611/2790/479 5609/2788/478
f 5612/2789/479 5614/2791/480 5613/2792/480 5611/2790/479
f 5614/2791/480 5616/2793/481 5615/2794/481 5613/2792/480
f 5616/2793/481 5618/2795/482 5617/2796/482 5615/2794/481
f 5618/2795/482 5620/2797/483 5619/2798/483 5617/2796/482
f 5620/2797/483 5622/2799/484 5621/2800/484 5619/2798/483
f 5622/2799/484 5624/2801/485 5623/2802/485 5621/2800/484
f 5624/2801/485 5626/2803/486 5625/2804/486 5623/2802/485
f 5626/2803/486 5628/2805/487 5627/2806/487 5625/2804/486
f 5628/2805/487 5630/2807/488 5629/2808/488 5627/2806/487
f 5630/2807/488 5632/2809/489 5631/2810/489 5629/2808/488
f 5632/2809/489 5634/2811/490 5633/2812/490 5631/2810/489
f 5634/2811/490 5488/1872/418 5487/3/418 5633/2812/490
f 5636/1830/491 5638/2813/492 5637/2814/492 5635/101/491
f 5638/2813/492 5640/2815/493 5639/2816/493 5637/2814/492
f 5640/2815/493 5642/2393/494 5641/2394/494 5639/2816/493
f 5642/2393/494 5644/2817/495 5643/2818/495 5641/2394/494
f 5644/2817/495 5646/2819/14 5645/2820/14 5643/2818/495
f 5646/2819/14 5648/2395/496 5647/2396/496 5645/2820/14
f 5648/2395/496 5650/2821/497 5649/2822/497 5647/2396/496
f 5650/2821/497 5652/2823/498 5651/2824/498 5649/2822/497
f 5652/2823/498 5654/2397/499 5653/2398/499 5651/2824/498
f 5654/2397/499 5656/2825/500 5655/2826/500 5653/2398/499
f 5656/2825/500 5658/2827/70 5657/2828/70 5655/2826/500
f 5658/2827/70 5660/1840/501 5659/1841/501 5657/2828/70
f 5660/1840/501 5662/2829/502 5661/2830/502 5659/1841/501
f 5662/2829/502 5664/2831/503 5663/2832/503 5661/2830/502
f 5664/2831/503 5666/2399/504 5665/2400/504 5663/2832/503
f 5666/2399/504 5668/2501/505 5667/878/505 5665/2400/504
f 5668/2501/505 5670/2833/11 5669/2834/11 5667/878/505
f 5670/2833/11 5672/2401/506 5671/2402/506 5669/2834/11
f 5672/2401/506 5674/2835/507 5673/2836/507 5671/2402/506
f 5674/2835/507 5676/2837/508 5675/2838/508 5673/2836/507
f 5676/2837/508 5678/2403/509 5677/2404/509 5675/2838/508
f 5678/2403/509 5680/2839/510 5679/2840/510 5677/2404/509
f 5680/2839/510 5682/2841/511 5681/2842/511 5679/2840/510
f 5682/2841/511 5684/1851/512 5683/433/512 5681/2842/511
f 5684/1851/512 5686/2843/513 5685/2844/513 5683/433/512
f 5686/2843/513 5688/2845/514 5687/2846/514 5685/2844/513
f 5688/2845/514 5690/2405/515 5689/2406/515 5687/2846/514
f 5690/2405/515 5692/2847/516 5691/2848/516 5689/2406/515
f 5692/2847/516 5694/2849/12 5693/2850/12 5691/2848/516
f 5694/2849/12 5696/2407/517 5695/2408/517 5693/2850/12
f 5696/2407/517 5698/2851/518 5697/2852/518 5695/2408/517
f 5698/2851/518 5700/2584/519 5699/771/519 5697/2852/518
f 5700/2584/519 5702/2409/520 5701/2410/520 5699/771/519
f 5702/2409/520 5704/2853/521 5703/2854/521 5701/2410/520
f 5704/2853/521 5706/2855/490 5705/2856/490 5703/2854/521
f 5706/2855/490 5708/1861/522 5707/1862/522 5705/2856/490
f 5708/1861/522 5710/2857/523 5709/2858/523 5707/1862/522
f 5710/2857/523 5712/2859/524 5711/2860/524 5709/2858/523
f 5712/2859/524 5714/2411/525 5713/2412/525 5711/2860/524
f 5714/2411/525 5716/2861/526 5715/2862/526 5713/2412/525
f 5716/2861/526 5718/2863/13 5717/2864/13 5715/2862/526
f 5718/2863/13 5720/2413/527 5719/2414/527 5717/2864/13
f 5720/2413/527 5722/2865/528 5721/2866/528 5719/2414/527
f 5722/2865/528 5724/2867/529 5723/2868/529 5721/2866/528
f 5724/2867/529 5726/2415/530 5725/2416/530 5723/2868/529
f 5726/2415/530 5728/2869/531 5727/2870/531 5725/2416/530
f 5728/2869/531 5730/2871/532 5729/2872/532 5727/2870/531
f 5730/2871/532 5636/1872/491 5635/3/491 5729/2872/532
f 5732/1830/490 5734/2669/490 5733/2670/490 5731/101/490
f 5734/2669/490 5736/2671/490 5735/2672/490 5733/2670/490
f 5736/2671/490 5738/2673/490 5737/2674/490 5735/2672/490
f 5738/2673/490 5740/2675/490 5739/2676/490 5737/2674/490
f 5740/2675/490 5742/2677/490 5741/2678/490 5739/2676/490
f 5742/2677/490 5744/2679/490 5743/2680/490 5741/2678/490
f 5744/2679/490 5746/2681/490 5745/2682/490 5743/2680/490
f 5746/2681/490 5748/2683/490 5747/2684/490 5745/2682/490
f 5748/2683/490 5750/2685/490 5749/2686/490 5747/2684/490
f 5750/2685/490 5752/2687/490 5751/2688/490 5749/2686/490
f 5752/2687/490 5754/2689/533 5753/2690/533 5751/2688/490
f 5754/2689/533 5756/2691/534 5755/2692/534 5753/2690/533
f 5756/2691/534 5758/2693/535 5757/2694/535 5755/2692/534
f 5758/2693/535 5760/2695/536 5759/2696/536 5757/2694/535
f 5760/2695/536 5762/2697/537 5761/2698/537 5759/2696/536
f 5762/2697/537 5764/2699/538 5763/2700/538 5761/2698/537
f 5764/2699/538 5766/2701/539 5765/2702/539 5763/2700/538
f 5766/2701/539 5768/2703/540 5767/2704/540 5765/2702/539
f 5768/2703/540 5770/2705/541 5769/2706/541 5767/2704/540
f 5770/2705/541 5772/2707/542 5771/2708/542 5769/2706/541
f 5772/2707/542 5774/2709/543 5773/2710/543 5771/2708/542
f 5774/2709/543 5776/2711/544 5775/2712/544 5773/2710/543
f 5776/2711/544 5778/2713/545 5777/2714/545 5775/2712/544
f 5778/2713/545 5780/2715/546 5779/2716/546 5777/2714/545
f 5780/2715/546 5782/2717/547 5781/2718/547 5779/2716/546
f 5782/2717/547 5784/2719/548 5783/2720/548 5781/2718/547
f 5784/2719/548 5786/2721/549 5785/2722/549 5783/2720/548
f 5786/2721/549 5788/2723/550 5787/2724/550 5785/2722/549
f 5788/2723/550 5790/2725/551 5789/2726/551 5787/2724/550
f 5790/2725/551 5792/2727/552 5791/2728/552 5789/2726/551
f 5792/2727/552 5794/2729/553 5793/2730/553 5791/2728/552
f 5794/2729/553 5796/2731/554 5795/2732/554 5793/2730/553
f 5796/2731/554 5798/2733/555 5797/2734/555 5795/2732/554
f 5798/2733/555 5800/2735/556 5799/2736/556 5797/2734/555
f 5800/2735/556 5802/2737/557 5801/2738/557 5799/2736/556
f 5802/2737/557 5804/2739/558 5803/2740/558 5801/2738/557
f 5804/2739/558 5806/1851/70 5805/433/70 5803/2740/558
f 5806/1851/70 5808/2741/70 5807/2742/70 5805/433/70
f 5808/2741/70 5810/2743/70 5809/2744/70 5807/2742/70
f 5810/2743/70 5812/2745/70 5811/2746/70 5809/2744/70
f 5812/2745/70 5814/2747/70 5813/2748/70 5811/2746/70
f 5814/2747/70 5816/2749/70 5815/2750/70 5813/2748/70
f 5816/2749/70 5818/2751/70 5817/2752/70 5815/2750/70
f 5818/2751/70 5820/2753/70 5819/2754/70 5817/2752/70
f 5820/2753/70 5822/2755/70 5821/2756/70 5819/2754/70
f 5822/2755/70 5824/2757/70 5823/2758/70 5821/2756/70
f 5824/2757/70 5826/2759/70 5825/2760/70 5823/2758/70
f 5826/2759/70 5828/2761/559 5827/2762/559 5825/2760/70
f 5828/2761/559 5830/2763/560 5829/2764/560 5827/2762/559
f 5830/2763/560 5832/2765/561 5831/2766/561 5829/2764/560
f 5832/2765/561 5834/2767/562 5833/2768/562 5831/2766/561
f 5834/2767/562 5836/2769/563 5835/2770/563 5833/2768/562
f 5836/2769/563 5838/2771/564 5837/2772/564 5835/2770/563
f 5838/2771/564 5840/2773/565 5839/2774/565 5837/2772/564
f 5840/2773/565 5842/2775/566 5841/2776/566 5839/2774/565
f 5842/2775/566 5844/2777/567 5843/2778/567 5841/2776/566
f 5844/2777/567 5846/2779/568 5845/2780/568 5843/2778/567
f 5846/2779/568 5848/2781/569 5847/2782/569 5845/2780/568
f 5848/2781/569 5850/2783/570 5849/2784/570 5847/2782/569
f 5850/2783/570 5852/2785/571 5851/2786/571 5849/2784/570
f 5852/2785/571 5854/2787/572 5853/2788/572 5851/2786/571
f 5854/2787/572 5856/2789/573 5855/2790/573 5853/2788/572
f 5856/2789/573 5858/2791/574 5857/2792/574 5855/2790/573
f 5858/2791/574 5860/2793/575 5859/2794/575 5857/2792/574
f 5860/2793/575 5862/2795/576 5861/2796/576 5859/2794/575
f 5862/2795/576 5864/2797/577 5863/2798/577 5861/2796/576
f 5864/2797/577 5866/2799/578 5865/2800/578 5863/2798/577
f 5866/2799/578 5868/2801/579 5867/2802/579 5865/2800/578
f 5868/2801/579 5870/2803/580 5869/2804/580 5867/2802/579
f 5870/2803/580 5872/2805/581 5871/2806/581 5869/2804/580
f 5872/2805/581 5874/2807/582 5873/2808/582 5871/2806/581
f 5874/2807/582 5876/2809/583 5875/2810/583 5873/2808/582
f 5876/2809/583 5878/2811/584 5877/2812/584 5875/2810/583
f 5878/2811/584 5732/1872/490 5731/3/490 5877/2812/584
f 5880/1830/490 5882/2669/490 5881/2670/490 5879/101/490
f 5882/2669/490 5884/2671/490 5883/2672/490 5881/2670/490
f 5884/2671/490 5886/2673/490 5885/2674/490 5883/2672/490
f 5886/2673/490 5888/2675/490 5887/2676/490 5885/2674/490
f 5888/2675/490 5890/2677/490 5889/2678/490 5887/2676/490
f 5890/2677/490 5892/2679/490 5891/2680/490 5889/2678/490
f 5892/2679/490 5894/2681/490 5893/2682/490 5891/2680/490
f 5894/2681/490 5896/2683/490 5895/2684/490 5893/2682/490
f 5896/2683/490 5898/2685/490 5897/2686/490 5895/2684/490
f 5898/2685/490 5900/2687/490 5899/2688/490 5897/2686/490
f 5900/2687/490 5902/2689/585 5901/2690/585 5899/2688/490
f 5902/2689/585 5904/2691/586 5903/2692/586 5901/2690/585
f 5904/2691/586 5906/2693/587 5905/2694/587 5903/2692/586
f 5906/2693/587 5908/2695/588 5907/2696/588 5905/2694/587
f 5908/2695/588 5910/2697/589 5909/2698/589 5907/2696/588
f 5910/2697/589 5912/2699/590 5911/2700/590 5909/2698/589
f 5912/2699/590 5914/2701/591 5913/2702/591 5911/2700/590
f 5914/2701/591 5916/2703/592 5915/2704/592 5913/2702/591
f 5916/2703/592 5918/2705/593 5917/2706/593 5915/2704/592
f 5918/2705/593 5920/2707/594 5919/2708/594 5917/2706/593
f 5920/2707/594 5922/2709/595 5921/2710/595 5919/2708/594
f 5922/2709/595 5924/2711/596 5923/2712/596 5921/2710/595
f 5924/2711/596 5926/2713/597 5925/2714/597 5923/2712/596
f 5926/2713/597 5928/2715/598 5927/2716/598 5925/2714/597
f 5928/2715/598 5930/2717/599 5929/2718/599 5927/2716/598
f 5930/2717/599 5932/2719/600 5931/2720/600 5929/2718/599
f 5932/2719/600 5934/2721/601 5933/2722/601 5931/2720/600
f 5934/2721/601 5936/2723/602 5935/2724/602 5933/2722/601
f 5936/2723/602 5938/2725/603 5937/2726/603 5935/2724/602
f 5938/2725/603 5940/2727/604 5939/2728/604 5937/2726/603
f 5940/2727/604 5942/2729/605 5941/2730/605 5939/2728/604
f 5942/2729/605 5944/2731/606 5943/2732/606 5941/2730/605
f 5944/2731/606 5946/2733/607 5945/2734/607 5943/2732/606
f 5946/2733/607 5948/2735/608 5947/2736/608 5945/2734/607
f 5948/2735/608 5950/2737/609 5949/2738/609 5947/2736/608
f 5950/2737/609 5952/2739/610 5951/2740/610 5949/2738/609
f 5952/2739/610 5954/1851/70 5953/433/70 5951/2740/610
f 5954/1851/70 5956/2741/70 5955/2742/70 5953/433/70
f 5956/2741/70 5958/2743/70 5957/2744/70 5955/2742/70
f 5958/2743/70 5960/2745/70 5959/2746/70 5957/2744/70
f 5960/2745/70 5962/2747/70 5961/2748/70 5959/2746/70
f 5962/2747/70 5964/2749/70 5963/2750/70 5961/2748/70
f 5964/2749/70 5966/2751/70 5965/2752/70 5963/2750/70
f 5966/2751/70 5968/2753/70 5967/2754/70 5965/2752/70
f 5968/2753/70 5970/2755/70 5969/2756/70 5967/2754/70
f 5970/2755/70 5972/2757/70 5971/2758/70 5969/2756/70
f 5972/2757/70 5974/2759/70 5973/2760/70 5971/2758/70
f 5974/2759/70 5976/2761/611 5975/2762/611 5973/2760/70
f 5976/2761/611 5978/2763/612 5977/2764/612 5975/2762/611
f 5978/2763/612 5980/2765/613 5979/2766/613 5977/2764/612
f 5980/2765/613 5982/2767/614 5981/2768/614 5979/2766/613
f 5982/2767/614 5984/2769/615 5983/2770/615 5981/2768/614
f 5984/2769/615 5986/2771/616 5985/2772/616 5983/2770/615
f 5986/2771/616 5988/2773/617 5987/2774/617 5985/2772/616
f 5988/2773/617 5990/2775/618 5989/2776/618 5987/2774/617
f 5990/2775/618 5992/2777/619 5991/2778/619 5989/2776/618
f 5992/2777/619 5994/2779/620 5993/2780/620 5991/2778/619
f 5994/2779/620 5996/2781/621 5995/2782/621 5993/2780/620
f 5996/2781/621 5998/2783/622 5997/2784/622 5995/2782/621
f 5998/2783/622 6000/2785/623 5999/2786/623 5997/2784/622
f 6000/2785/623 6002/2787/624 6001/2788/624 5999/2786/623
f 6002/2787/624 6004/2789/625 6003/2790/625 6001/2788/624
f 6004/2789/625 6006/2791/626 6005/2792/626 6003/2790/625
f 6006/2791/626 6008/2793/627 6007/2794/627 6005/2792/626
f 6008/2793/627 6010/2795/628 6009/2796/628 6007/2794/627
f 6010/2795/628 6012/2797/629 6011/2798/629 6009/2796/628
f 6012/2797/629 6014/2799/630 6013/2800/630 6011/2798/629
f 6014/2799/630 6016/2801/631 6015/2802/631 6013/2800/630
f 6016/2801/631 6018/2803/632 6017/2804/632 6015/2802/631
f 6018/2803/632 6020/2805/633 6019/2806/633 6017/2804/632
f 6020/2805/633 6022/2807/634 6021/2808/634 6019/2806/633
f 6022/2807/634 6024/2809/635 6023/2810/635 6021/2808/634
f 6024/2809/635 6026/2811/636 6025/2812/636 6023/2810/635
f 6026/2811/636 5880/1872/490 5879/3/490 6025/2812/636
f 6028/1830/510 6030/2873/637 6029/2874/637 6027/101/510
f 6030/2873/637 6032/2875/638 6031/2876/638 6029/2874/637
f 6032/2875/638 6034/2877/639 6033/2878/639 6031/2876/638
f 6034/2877/639 6036/2879/640 6035/2880/640 6033/2878/639
f 6036/2879/640 6038/2881/641 6037/2882/641 6035/2880/640
f 6038/2881/641 6040/2883/642 6039/2884/642 6037/2882/641
f 6040/2883/642 6042/2885/643 6041/2886/643 6039/2884/642
f 6042/2885/643 6044/2887/644 6043/2888/644 6041/2886/643
f 6044/2887/644 6046/2889/645 6045/2890/645 6043/2888/644
f 6046/2889/645 6048/2891/646 6047/2892/646 6045/2890/645
f 6048/2891/646 6050/2893/647 6049/2894/647 6047/2892/646
f 6050/2893/647 6052/2895/648 6051/2896/648 6049/2894/647
f 6052/2895/648 6054/2897/649 6053/2898/649 6051/2896/648
f 6054/2897/649 6056/2899/650 6055/2900/650 6053/2898/649
f 6056/2899/650 6058/2901/651 6057/2902/651 6055/2900/650
f 6058/2901/651 6060/2903/652 6059/2904/652 6057/2902/651
f 6060/2903/652 6062/2905/653 6061/2906/653 6059/2904/652
f 6062/2905/653 6064/2907/654 6063/2908/654 6061/2906/653
f 6064/2907/654 6066/2909/655 6065/2910/655 6063/2908/654
f 6066/2909/655 6068/2911/656 6067/2912/656 6065/2910/655
f 6068/2911/656 6070/2913/657 6069/2914/657 6067/2912/656
f 6070/2913/657 6072/2915/658 6071/2916/658 6069/2914/657
f 6072/2915/658 6074/2917/659 6073/2918/659 6071/2916/658
f 6074/2917/659 6076/2919/660 6075/2920/660 6073/2918/659
f 6076/2919/660 6078/2921/661 6077/2922/661 6075/2920/660
f 6078/2921/661 6080/2923/662 6079/2924/662 6077/2922/661
f 6080/2923/662 6082/2925/663 6081/2926/663 6079/2924/662
f 6082/2925/663 6084/2927/664 6083/2928/664 6081/2926/663
f 6084/2927/664 6086/2929/665 6085/2930/665 6083/2928/664
f 6086/2929/665 6088/2931/666 6087/2932/666 6085/2930/665
f 6088/2931/666 6090/2933/667 6089/2934/667 6087/2932/666
f 6090/2933/667 6092/2935/668 6091/2936/668 6089/2934/667
f 6092/2935/668 6094/2937/669 6093/2938/669 6091/2936/668
f 6094/2937/669 6096/2939/670 6095/2940/670 6093/2938/669
f 6096/2939/670 6098/2941/671 6097/2942/671 6095/2940/670
f 6098/2941/671 6100/2943/672 6099/2944/672 6097/2942/671
f 6100/2943/672 6102/2945/673 6101/2946/673 6099/2944/672
f 6102/2945/673 6104/2947/674 6103/2948/674 6101/2946/673
f 6104/2947/674 6106/2949/675 6105/2950/675 6103/2948/674
f 6106/2949/675 6108/2951/676 6107/2952/676 6105/2950/675
f 6108/2951/676 6110/2953/677 6109/2954/677 6107/2952/676
f 6110/2953/677 6112/2955/678 6111/2956/678 6109/2954/677
f 6112/2955/678 6114/2957/679 6113/2958/679 6111/2956/678
f 6114/2957/679 6116/2959/680 6115/2960/680 6113/2958/679
f 6116/2959/680 6118/2961/681 6117/2962/681 6115/2960/680
f 6118/2961/681 6120/2963/682 6119/2964/682 6117/2962/681
f 6120/2963/682 6122/2965/683 6121/2966/683 6119/2964/682
f 6122/2965/683 6124/2967/684 6123/2968/684 6121/2966/683
f 6124/2967/684 6126/2969/685 6125/2970/685 6123/2968/684
f 6126/2969/685 6128/2971/686 6127/2972/686 6125/2970/685
f 6128/2971/686 6130/2973/687 6129/2974/687 6127/2972/686
f 6130/2973/687 6132/2975/688 6131/2976/688 6129/2974/687
f 6132/2975/688 6134/2977/689 6133/2978/689 6131/2976/688
f 6134/2977/689 6136/2979/690 6135/2980/690 6133/2978/689
f 6136/2979/690 6138/2981/691 6137/2982/691 6135/2980/690
f 6138/2981/691 6140/2983/692 6139/2984/692 6137/2982/691
f 6140/2983/692 6142/2985/693 6141/2986/693 6139/2984/692
f 6142/2985/693 6144/2987/694 6143/2988/694 6141/2986/693
f 6144/2987/694 6146/2989/695 6145/2990/695 6143/2988/694
f 6146/2989/695 6148/2991/696 6147/2992/696 6145/2990/695
f 6148/2991/696 6150/2993/697 6149/2994/697 6147/2992/696
f 6150/2993/697 6152/2995/698 6151/2996/698 6149/2994/697
f 6152/2995/698 6154/2997/699 6153/2998/699 6151/2996/698
f 6154/2997/699 6156/2999/700 6155/3000/700 6153/2998/699
f 6156/2999/700 6158/3001/701 6157/3002/701 6155/3000/700
f 6158/3001/701 6160/3003/702 6159/3004/702 6157/3002/701
f 6160/3003/702 6162/3005/703 6161/3006/703 6159/3004/702
f 6162/3005/703 6164/3007/704 6163/3008/704 6161/3006/703
f 6164/3007/704 6166/3009/705 6165/3010/705 6163/3008/704
f 6166/3009/705 6168/3011/706 6167/3012/706 6165/3010/705
f 6168/3011/706 6170/3013/707 6169/3014/707 6167/3012/706
f 6170/3013/707 6172/3015/708 6171/3016/708 6169/3014/707
f 6172/3015/708 6174/3017/709 6173/3018/709 6171/3016/708
f 6174/3017/709 6176/3019/710 6175/3020/710 6173/3018/709
f 6176/3019/710 6178/3021/711 6177/3022/711 6175/3020/710
f 6178/3021/711 6180/3023/712 6179/3024/712 6177/3022/711
f 6180/3023/712 6182/3025/713 6181/3026/713 6179/3024/712
f 6182/3025/713 6184/3027/714 6183/3028/714 6181/3026/713
f 6184/3027/714 6186/3029/715 6185/3030/715 6183/3028/714
f 6186/3029/715 6188/3031/716 6187/3032/716 6185/3030/715
f 6188/3031/716 6190/3033/717 6189/3034/717 6187/3032/716
f 6190/3033/717 6192/3035/718 6191/3036/718 6189/3034/717
f 6192/3035/718 6194/3037/719 6193/3038/719 6191/3036/718
f 6194/3037/719 6196/3039/720 6195/3040/720 6193/3038/719
f 6196/3039/720 6198/3041/721 6197/3042/721 6195/3040/720
f 6198/3041/721 6200/3043/722 6199/3044/722 6197/3042/721
f 6200/3043/722 6202/3045/723 6201/3046/723 6199/3044/722
f 6202/3045/723 6204/3047/724 6203/3048/724 6201/3046/723
f 6204/3047/724 6206/3049/725 6205/3050/725 6203/3048/724
f 6206/3049/725 6208/3051/726 6207/3052/726 6205/3050/725
f 6208/3051/726 6210/3053/727 6209/3054/727 6207/3052/726
f 6210/3053/727 6212/3055/728 6211/3056/728 6209/3054/727
f 6212/3055/728 6214/3057/729 6213/3058/729 6211/3056/728
f 6214/3057/729 6216/3059/730 6215/3060/730 6213/3058/729
f 6216/3059/730 6218/3061/731 6217/3062/731 6215/3060/730
f 6218/3061/731 6220/3063/732 6219/3064/732 6217/3062/731
f 6220/3063/732 6222/3065/733 6221/3066/733 6219/3064/732
f 6222/3065/733 6224/3067/734 6223/3068/734 6221/3066/733
f 6224/3067/734 6226/3069/735 6225/3070/735 6223/3068/734
f 6226/3069/735 6228/3071/736 6227/3072/736 6225/3070/735
f 6228/3071/736 6230/3073/737 6229/3074/737 6227/3072/736
f 6230/3073/737 6232/3075/738 6231/3076/738 6229/3074/737
f 6232/3075/738 6234/3077/739 6233/3078/739 6231/3076/738
f 6234/3077/739 6236/3079/740 6235/3080/740 6233/3078/739
f 6236/3079/740 6238/3081/741 6237/3082/741 6235/3080/740
f 6238/3081/741 6240/3083/742 6239/3084/742 6237/3082/741
f 6240/3083/742 6242/3085/743 6241/3086/743 6239/3084/742
f 6242/3085/743 6244/3087/744 6243/3088/744 6241/3086/743
f 6244/3087/744 6246/3089/745 6245/3090/745 6243/3088/744
f 6246/3089/745 6248/3091/746 6247/3092/746 6245/3090/745
f 6248/3091/746 6250/3093/747 6249/3094/747 6247/3092/746
f 6250/3093/747 6252/3095/748 6251/3096/748 6249/3094/747
f 6252/3095/748 6254/3097/749 6253/3098/749 6251/3096/748
f 6254/3097/749 6256/3099/750 6255/3100/750 6253/3098/749
f 6256/3099/750 6258/3101/751 6257/3102/751 6255/3100/750
f 6258/3101/751 6260/3103/752 6259/3104/752 6257/3102/751
f 6260/3103/752 6262/3105/753 6261/3106/753 6259/3104/752
f 6262/3105/753 6264/3107/754 6263/3108/754 6261/3106/753
f 6264/3107/754 6266/3109/755 6265/3110/755 6263/3108/754
f 6266/3109/755 6268/3111/756 6267/3112/756 6265/3110/755
f 6268/3111/756 6270/3113/757 6269/3114/757 6267/3112/756
f 6270/3113/757 6272/3115/758 6271/3116/758 6269/3114/757
f 6272/3115/758 6274/3117/759 6273/3118/759 6271/3116/758
f 6274/3117/759 6276/3119/760 6275/3120/760 6273/3118/759
f 6276/3119/760 6278/3121/761 6277/3122/761 6275/3120/760
f 6278/3121/761 6280/3123/762 6279/3124/762 6277/3122/761
f 6280/3123/762 6282/3125/763 6281/3126/763 6279/3124/762
f 6282/3125/763 6284/3127/764 6283/3128/764 6281/3126/763
f 6284/3127/764 6286/3129/765 6285/3130/765 6283/3128/764
f 6286/3129/765 6288/3131/766 6287/3132/766 6285/3130/765
f 6288/3131/766 6028/1872/510 6027/3/510 6287/3132/766
f 6290/1830/767 6292/3133/768 6291/3134/768 6289/101/767
f 6292/3133/768 6294/3135/769 6293/3136/769 6291/3134/768
f 6294/3135/769 6296/3137/770 6295/3138/770 6293/3136/769
f 6296/3137/770 6298/3139/771 6297/3140/771 6295/3138/770
f 6298/3139/771 6300/3141/772 6299/3142/772 6297/3140/771
f 6300/3141/772 6302/3143/773 6301/3144/773 6299/3142/772
f 6302/3143/773 6304/3145/440 6303/3146/440 6301/3144/773
f 6304/3145/440 6306/3147/774 6305/3148/774 6303/3146/440
f 6306/3147/774 6308/3149/775 6307/3150/775 6305/3148/774
f 6308/3149/775 6310/3151/776 6309/3152/776 6307/3150/775
f 6310/3151/776 6312/3153/777 6311/3154/777 6309/3152/776
f 6312/3153/777 6314/3155/778 6313/3156/778 6311/3154/777
f 6314/3155/778 6316/3157/779 6315/3158/779 6313/3156/778
f 6316/3157/779 6318/3159/780 6317/3160/780 6315/3158/779
f 6318/3159/780 6320/3161/781 6319/3162/781 6317/3160/780
f 6320/3161/781 6322/3163/782 6321/3164/782 6319/3162/781
f 6322/3163/782 6324/3165/783 6323/3166/783 6321/3164/782
f 6324/3165/783 6326/3167/784 6325/3168/784 6323/3166/783
f 6326/3167/784 6328/2817/785 6327/2818/785 6325/3168/784
f 6328/2817/785 6330/3169/786 6329/3170/786 6327/2818/785
f 6330/3169/786 6332/3171/787 6331/3172/787 6329/3170/786
f 6332/3171/787 6334/3173/788 6333/3174/788 6331/3172/787
f 6334/3173/788 6336/3175/789 6335/3176/789 6333/3174/788
f 6336/3175/789 6338/3177/790 6337/3178/790 6335/3176/789
f 6338/3177/790 6340/3179/791 6339/3180/791 6337/3178/790
f 6340/3179/791 6342/3181/792 6341/3182/792 6339/3180/791
f 6342/3181/792 6344/3183/793 6343/3184/793 6341/3182/792
f 6344/3183/793 6346/3185/794 6345/3186/794 6343/3184/793
f 6346/3185/794 6348/3187/795 6347/3188/795 6345/3186/794
f 6348/3187/795 6350/3189/796 6349/3190/796 6347/3188/795
f 6350/3189/796 6352/3191/797 6351/3192/797 6349/3190/796
f 6352/3191/797 6354/3193/798 6353/3194/798 6351/3192/797
f 6354/3193/798 6356/3195/799 6355/3196/799 6353/3194/798
f 6356/3195/799 6358/3197/800 6357/3198/800 6355/3196/799
f 6358/3197/800 6360/3199/801 6359/3200/801 6357/3198/800
f 6360/3199/801 6362/3201/802 6361/3202/802 6359/3200/801
f 6362/3201/802 6364/3203/803 6363/3204/803 6361/3202/802
f 6364/3203/803 6366/2823/804 6365/2824/804 6363/3204/803
f 6366/2823/804 6368/3205/805 6367/3206/805 6365/2824/804
f 6368/3205/805 6370/3207/806 6369/3208/806 6367/3206/805
f 6370/3207/806 6372/3209/807 6371/3210/807 6369/3208/806
f 6372/3209/807 6374/3211/808 6373/3212/808 6371/3210/807
f 6374/3211/808 6376/3213/809 6375/3214/809 6373/3212/808
f 6376/3213/809 6378/3215/810 6377/3216/810 6375/3214/809
f 6378/3215/810 6380/3217/811 6379/3218/811 6377/3216/810
f 6380/3217/811 6382/3219/812 6381/3220/812 6379/3218/811
f 6382/3219/812 6384/3221/813 6383/3222/813 6381/3220/812
f 6384/3221/813 6386/3223/814 6385/3224/814 6383/3222/813
f 6386/3223/814 6388/3225/815 6387/3226/815 6385/3224/814
f 6388/3225/815 6390/3227/816 6389/3228/816 6387/3226/815
f 6390/3227/816 6392/3229/817 6391/3230/817 6389/3228/816
f 6392/3229/817 6394/3231/818 6393/3232/818 6391/3230/817
f 6394/3231/818 6396/3233/819 6395/3234/819 6393/3232/818
f 6396/3233/819 6398/3235/820 6397/3236/820 6395/3234/819
f 6398/3235/820 6400/3237/821 6399/3238/821 6397/3236/820
f 6400/3237/821 6402/3239/822 6401/3240/822 6399/3238/821
f 6402/3239/822 6404/1840/823 6403/1841/823 6401/3240/822
f 6404/1840/823 6406/3241/824 6405/3242/824 6403/1841/823
f 6406/3241/824 6408/3243/825 6407/3244/825 6405/3242/824
f 6408/3243/825 6410/3245/826 6409/3246/826 6407/3244/825
f 6410/3245/826 6412/3247/827 6411/3248/827 6409/3246/826
f 6412/3247/827 6414/3249/828 6413/3250/828 6411/3248/827
f 6414/3249/828 6416/3251/829 6415/3252/829 6413/3250/828
f 6416/3251/829 6418/3253/830 6417/3254/830 6415/3252/829
f 6418/3253/830 6420/3255/831 6419/3256/831 6417/3254/830
f 6420/3255/831 6422/3257/832 6421/3258/832 6419/3256/831
f 6422/3257/832 6424/3259/833 6423/3260/833 6421/3258/832
f 6424/3259/833 6426/3261/834 6425/3262/834 6423/3260/833
f 6426/3261/834 6428/3263/835 6427/3264/835 6425/3262/834
f 6428/3263/835 6430/3265/836 6429/3266/836 6427/3264/835
f 6430/3265/836 6432/3267/837 6431/3268/837 6429/3266/836
f 6432/3267/837 6434/3269/838 6433/3270/838 6431/3268/837
f 6434/3269/838 6436/3271/839 6435/3272/839 6433/3270/838
f 6436/3271/839 6438/3273/840 6437/3274/840 6435/3272/839
f 6438/3273/840 6440/3275/841 6439/3276/841 6437/3274/840
f 6440/3275/841 6442/2501/842 6441/878/842 6439/3276/841
f 6442/2501/842 6444/3277/843 6443/3278/843 6441/878/842
f 6444/3277/843 6446/3279/844 6445/3280/844 6443/3278/843
f 6446/3279/844 6448/3281/845 6447/3282/845 6445/3280/844
f 6448/3281/845 6450/3283/846 6449/3284/846 6447/3282/845
f 6450/3283/846 6452/3285/847 6451/3286/847 6449/3284/846
f 6452/3285/847 6454/3287/848 6453/3288/848 6451/3286/847
f 6454/3287/848 6456/3289/849 6455/3290/849 6453/3288/848
f 6456/3289/849 6458/3291/850 6457/3292/850 6455/3290/849
f 6458/3291/850 6460/3293/851 6459/3294/851 6457/3292/850
f 6460/3293/851 6462/3295/852 6461/3296/852 6459/3294/851
f 6462/3295/852 6464/3297/853 6463/3298/853 6461/3296/852
f 6464/3297/853 6466/3299/854 6465/3300/854 6463/3298/853
f 6466/3299/854 6468/3301/855 6467/3302/855 6465/3300/854
f 6468/3301/855 6470/3303/856 6469/3304/856 6467/3302/855
f 6470/3303/856 6472/3305/857 6471/3306/857 6469/3304/856
f 6472/3305/857 6474/3307/858 6473/3308/858 6471/3306/857
f 6474/3307/858 6476/3309/859 6475/3310/859 6473/3308/858
f 6476/3309/859 6478/3311/860 6477/3312/860 6475/3310/859
f 6478/3311/860 6480/2837/861 6479/2838/861 6477/3312/860
f 6480/2837/861 6482/3313/862 6481/3314/862 6479/2838/861
f 6482/3313/862 6484/3315/863 6483/3316/863 6481/3314/862
f 6484/3315/863 6486/3317/864 6485/3318/864 6483/3316/863
f 6486/3317/864 6488/3319/865 6487/3320/865 6485/3318/864
f 6488/3319/865 6490/3321/866 6489/3322/866 6487/3320/865
f 6490/3321/866 6492/3323/867 6491/3324/867 6489/3322/866
f 6492/3323/867 6494/3325/868 6493/3326/868 6491/3324/867
f 6494/3325/868 6496/3327/869 6495/3328/869 6493/3326/868
f 6496/3327/869 6498/3329/870 6497/3330/870 6495/3328/869
f 6498/3329/870 6500/3331/871 6499/3332/871 6497/3330/870
f 6500/3331/871 6502/3333/872 6501/3334/872 6499/3332/871
f 6502/3333/872 6504/3335/873 6503/3336/873 6501/3334/872
f 6504/3335/873 6506/3337/874 6505/3338/874 6503/3336/873
f 6506/3337/874 6508/3339/875 6507/3340/875 6505/3338/874
f 6508/3339/875 6510/3341/876 6509/3342/876 6507/3340/875
f 6510/3341/876 6512/3343/877 6511/3344/877 6509/3342/876
f 6512/3343/877 6514/3345/878 6513/3346/878 6511/3344/877
f 6514/3345/878 6516/3347/879 6515/3348/879 6513/3346/878
f 6516/3347/879 6518/1851/878 6517/433/878 6515/3348/879
f 6518/1851/878 6520/3349/880 6519/3350/880 6517/433/878
f 6520/3349/880 6522/3351/881 6521/3352/881 6519/3350/880
f 6522/3351/881 6524/3353/882 6523/3354/882 6521/3352/881
f 6524/3353/882 6526/3355/883 6525/3356/883 6523/3354/882
f 6526/3355/883 6528/3357/884 6527/3358/884 6525/3356/883
f 6528/3357/884 6530/3359/885 6529/3360/885 6527/3358/884
f 6530/3359/885 6532/3361/886 6531/3362/886 6529/3360/885
f 6532/3361/886 6534/3363/887 6533/3364/887 6531/3362/886
f 6534/3363/887 6536/3365/888 6535/3366/888 6533/3364/887
f 6536/3365/888 6538/3367/889 6537/3368/889 6535/3366/888
f 6538/3367/889 6540/3369/890 6539/3370/890 6537/3368/889
f 6540/3369/890 6542/3371/891 6541/3372/891 6539/3370/890
f 6542/3371/891 6544/3373/892 6543/3374/892 6541/3372/891
f 6544/3373/892 6546/3375/893 6545/3376/893 6543/3374/892
f 6546/3375/893 6548/3377/894 6547/3378/894 6545/3376/893
f 6548/3377/894 6550/3379/895 6549/3380/895 6547/3378/894
f 6550/3379/895 6552/3381/896 6551/3382/896 6549/3380/895
f 6552/3381/896 6554/3383/897 6553/3384/897 6551/3382/896
f 6554/3383/897 6556/2847/898 6555/2848/898 6553/3384/897
f 6556/2847/898 6558/3385/899 6557/3386/899 6555/2848/898
f 6558/3385/899 6560/3387/900 6559/3388/900 6557/3386/899
f 6560/3387/900 6562/3389/901 6561/3390/901 6559/3388/900
f 6562/3389/901 6564/3391/902 6563/3392/902 6561/3390/901
f 6564/3391/902 6566/3393/903 6565/3394/903 6563/3392/902
f 6566/3393/903 6568/3395/904 6567/3396/904 6565/3394/903
f 6568/3395/904 6570/3397/905 6569/3398/905 6567/3396/904
f 6570/3397/905 6572/3399/906 6571/3400/906 6569/3398/905
f 6572/3399/906 6574/3401/907 6573/3402/907 6571/3400/906
f 6574/3401/907 6576/3403/908 6575/3404/908 6573/3402/907
f 6576/3403/908 6578/3405/909 6577/3406/909 6575/3404/908
f 6578/3405/909 6580/3407/910 6579/3408/910 6577/3406/909
f 6580/3407/910 6582/3409/911 6581/3410/911 6579/3408/910
f 6582/3409/911 6584/3411/912 6583/3412/912 6581/3410/911
f 6584/3411/912 6586/3413/913 6585/3414/913 6583/3412/912
f 6586/3413/913 6588/3415/914 6587/3416/914 6585/3414/913
f 6588/3415/914 6590/3417/915 6589/3418/915 6587/3416/914
f 6590/3417/915 6592/3419/916 6591/3420/916 6589/3418/915
f 6592/3419/916 6594/2584/917 6593/771/917 6591/3420/916
f 6594/2584/917 6596/3421/917 6595/3422/917 6593/771/917
f 6596/3421/917 6598/3423/913 6597/3424/913 6595/3422/917
f 6598/3423/913 6600/3425/918 6599/3426/918 6597/3424/913
f 6600/3425/918 6602/3427/919 6601/3428/919 6599/3426/918
f 6602/3427/919 6604/3429/920 6603/3430/920 6601/3428/919
f 6604/3429/920 6606/3431/921 6605/3432/921 6603/3430/920
f 6606/3431/921 6608/3433/922 6607/3434/922 6605/3432/921
f 6608/3433/922 6610/3435/923 6609/3436/923 6607/3434/922
f 6610/3435/923 6612/3437/924 6611/3438/924 6609/3436/923
f 6612/3437/924 6614/3439/925 6613/3440/925 6611/3438/924
f 6614/3439/925 6616/3441/926 6615/3442/926 6613/3440/925
f 6616/3441/926 6618/3443/927 6617/3444/927 6615/3442/926
f 6618/3443/927 6620/3445/928 6619/3446/928 6617/3444/927
f 6620/3445/928 6622/3447/929 6621/3448/929 6619/3446/928
f 6622/3447/929 6624/3449/930 6623/3450/930 6621/3448/929
f 6624/3449/930 6626/3451/931 6625/3452/931 6623/3450/930
f 6626/3451/931 6628/3453/932 6627/3454/932 6625/3452/931
f 6628/3453/932 6630/3455/933 6629/3456/933 6627/3454/932
f 6630/3455/933 6632/1861/934 6631/1862/934 6629/3456/933
f 6632/1861/934 6634/3457/759 6633/3458/759 6631/1862/934
f 6634/3457/759 6636/3459/935 6635/3460/935 6633/3458/759
f 6636/3459/935 6638/3461/936 6637/3462/936 6635/3460/935
f 6638/3461/936 6640/3463/937 6639/3464/937 6637/3462/936
f 6640/3463/937 6642/3465/938 6641/3466/938 6639/3464/937
f 6642/3465/938 6644/3467/939 6643/3468/939 6641/3466/938
f 6644/3467/939 6646/3469/940 6645/3470/940 6643/3468/939
f 6646/3469/940 6648/3471/941 6647/3472/941 6645/3470/940
f 6648/3471/941 6650/3473/942 6649/3474/942 6647/3472/941
f 6650/3473/942 6652/3475/943 6651/3476/943 6649/3474/942
f 6652/3475/943 6654/3477/944 6653/3478/944 6651/3476/943
f 6654/3477/944 6656/3479/945 6655/3480/945 6653/3478/944
f 6656/3479/945 6658/3481/946 6657/3482/946 6655/3480/945
f 6658/3481/946 6660/3483/947 6659/3484/947 6657/3482/946
f 6660/3483/947 6662/3485/948 6661/3486/948 6659/3484/947
f 6662/3485/948 6664/3487/949 6663/3488/949 6661/3486/948
f 6664/3487/949 6666/3489/950 6665/3490/950 6663/3488/949
f 6666/3489/950 6668/3491/951 6667/3492/951 6665/3490/950
f 6668/3491/951 6670/2861/952 6669/2862/952 6667/3492/951
f 6670/2861/952 6672/3493/953 6671/3494/953 6669/2862/952
f 6672/3493/953 6674/3495/954 6673/3496/954 6671/3494/953
f 6674/3495/954 6676/3497/955 6675/3498/955 6673/3496/954
f 6676/3497/955 6678/3499/956 6677/3500/956 6675/3498/955
f 6678/3499/956 6680/3501/957 6679/3502/957 6677/3500/956
f 6680/3501/957 6682/3503/958 6681/3504/958 6679/3502/957
f 6682/3503/958 6684/3505/588 6683/3506/588 6681/3504/958
f 6684/3505/588 6686/3507/959 6685/3508/959 6683/3506/588
f 6686/3507/959 6688/3509/960 6687/3510/960 6685/3508/959
f 6688/3509/960 6690/3511/961 6689/3512/961 6687/3510/960
f 6690/3511/961 6692/3513/962 6691/3514/962 6689/3512/961
f 6692/3513/962 6694/3515/963 6693/3516/963 6691/3514/962
f 6694/3515/963 6696/3517/964 6695/3518/964 6693/3516/963
f 6696/3517/964 6698/3519/965 6697/3520/965 6695/3518/964
f 6698/3519/965 6700/3521/966 6699/3522/966 6697/3520/965
f 6700/3521/966 6702/3523/967 6701/3524/967 6699/3522/966
f 6702/3523/967 6704/3525/968 6703/3526/968 6701/3524/967
f 6704/3525/968 6706/3527/969 6705/3528/969 6703/3526/968
f 6706/3527/969 6708/2867/970 6707/2868/970 6705/3528/969
f 6708/2867/970 6710/3529/971 6709/3530/971 6707/2868/970
f 6710/3529/971 6712/3531/972 6711/3532/972 6709/3530/971
f 6712/3531/972 6714/3533/973 6713/3534/973 6711/3532/972
f 6714/3533/973 6716/3535/974 6715/3536/974 6713/3534/973
f 6716/3535/974 6718/3537/975 6717/3538/975 6715/3536/974
f 6718/3537/975 6720/3539/976 6719/3540/976 6717/3538/975
f 6720/3539/976 6722/3541/977 6721/3542/977 6719/3540/976
f 6722/3541/977 6724/3543/978 6723/3544/978 6721/3542/977
f 6724/3543/978 6726/3545/979 6725/3546/979 6723/3544/978
f 6726/3545/979 6728/3547/980 6727/3548/980 6725/3546/979
f 6728/3547/980 6730/3549/981 6729/3550/981 6727/3548/980
f 6730/3549/981 6732/3551/982 6731/3552/982 6729/3550/981
f 6732/3551/982 6734/3553/983 6733/3554/983 6731/3552/982
f 6734/3553/983 6736/3555/984 6735/3556/984 6733/3554/983
f 6736/3555/984 6738/3557/985 6737/3558/985 6735/3556/984
f 6738/3557/985 6740/3559/986 6739/3560/986 6737/3558/985
f 6740/3559/986 6742/3561/987 6741/3562/987 6739/3560/986
f 6742/3561/987 6744/3563/988 6743/3564/988 6741/3562/987
f 6744/3563/988 6290/1872/767 6289/3/767 6743/3564/988
f 6746/1830/989 6748/3565/990 6747/3566/990 6745/101/989
f 6748/3565/990 6750/3567/991 6749/3568/991 6747/3566/990
f 6750/3567/991 6752/3569/992 6751/3570/992 6749/3568/991
f 6752/3569/992 6754/3571/993 6753/3572/993 6751/3570/992
f 6754/3571/993 6756/3573/994 6755/3574/994 6753/3572/993
f 6756/3573/994 6758/3575/995 6757/3576/995 6755/3574/994
f 6758/3575/995 6760/3577/996 6759/3578/996 6757/3576/995
f 6760/3577/996 6762/3579/997 6761/3580/997 6759/3578/996
f 6762/3579/997 6764/3581/998 6763/3582/998 6761/3580/997
f 6764/3581/998 6766/3583/999 6765/3584/999 6763/3582/998
f 6766/3583/999 6768/3585/1000 6767/3586/1000 6765/3584/999
f 6768/3585/1000 6770/3587/1001 6769/3588/1001 6767/3586/1000
f 6770/3587/1001 6772/3589/1002 6771/3590/1002 6769/3588/1001
f 6772/3589/1002 6774/3591/1003 6773/3592/1003 6771/3590/1002
f 6774/3591/1003 6776/3593/1004 6775/3594/1004 6773/3592/1003
f 6776/3593/1004 6778/3595/1005 6777/3596/1005 6775/3594/1004
f 6778/3595/1005 6780/3597/1006 6779/3598/1006 6777/3596/1005
f 6780/3597/1006 6782/3599/1007 6781/3600/1007 6779/3598/1006
f 6782/3599/1007 6784/3601/1008 6783/3602/1008 6781/3600/1007
f 6784/3601/1008 6786/3603/1009 6785/3604/1009 6783/3602/1008
f 6786/3603/1009 6788/3605/1010 6787/3606/1010 6785/3604/1009
f 6788/3605/1010 6790/3607/1011 6789/3608/1011 6787/3606/1010
f 6790/3607/1011 6792/3609/1012 6791/3610/1012 6789/3608/1011
f 6792/3609/1012 6794/3611/1013 6793/3612/1013 6791/3610/1012
f 6794/3611/1013 6796/3613/1014 6795/3614/1014 6793/3612/1013
f 6796/3613/1014 6798/3615/1015 6797/3616/1015 6795/3614/1014
f 6798/3615/1015 6800/3617/1016 6799/3618/1016 6797/3616/1015
f 6800/3617/1016 6802/3619/1017 6801/3620/1017 6799/3618/1016
f 6802/3619/1017 6804/3621/137 6803/3622/137 6801/3620/1017
f 6804/3621/137 6806/3623/1018 6805/3624/1018 6803/3622/137
f 6806/3623/1018 6808/3625/1019 6807/3626/1019 6805/3624/1018
f 6808/3625/1019 6810/3627/1020 6809/3628/1020 6807/3626/1019
f 6810/3627/1020 6812/3629/1021 6811/3630/1021 6809/3628/1020
f 6812/3629/1021 6814/3631/1022 6813/3632/1022 6811/3630/1021
f 6814/3631/1022 6816/3633/1023 6815/3634/1023 6813/3632/1022
f 6816/3633/1023 6818/3635/1024 6817/3636/1024 6815/3634/1023
f 6818/3635/1024 6820/3637/1025 6819/3638/1025 6817/3636/1024
f 6820/3637/1025 6822/3639/1026 6821/3640/1026 6819/3638/1025
f 6822/3639/1026 6824/3641/1027 6823/3642/1027 6821/3640/1026
f 6824/3641/1027 6826/3643/1028 6825/3644/1028 6823/3642/1027
f 6826/3643/1028 6828/2501/1029 6827/878/1029 6825/3644/1028
f 6828/2501/1029 6830/3645/1030 6829/3646/1030 6827/878/1029
f 6830/3645/1030 6832/3647/1031 6831/3648/1031 6829/3646/1030
f 6832/3647/1031 6834/3649/1032 6833/3650/1032 6831/3648/1031
f 6834/3649/1032 6836/3651/1033 6835/3652/1033 6833/3650/1032
f 6836/3651/1033 6838/3653/1034 6837/3654/1034 6835/3652/1033
f 6838/3653/1034 6840/3655/1035 6839/3656/1035 6837/3654/1034
f 6840/3655/1035 6842/3657/1036 6841/3658/1036 6839/3656/1035
f 6842/3657/1036 6844/3659/1037 6843/3660/1037 6841/3658/1036
f 6844/3659/1037 6846/3661/1038 6845/3662/1038 6843/3660/1037
f 6846/3661/1038 6848/3663/1039 6847/3664/1039 6845/3662/1038
f 6848/3663/1039 6850/3665/1040 6849/3666/1040 6847/3664/1039
f 6850/3665/1040 6852/3667/1041 6851/3668/1041 6849/3666/1040
f 6852/3667/1041 6854/3669/1042 6853/3670/1042 6851/3668/1041
f 6854/3669/1042 6856/3671/1043 6855/3672/1043 6853/3670/1042
f 6856/3671/1043 6858/3673/1044 6857/3674/1044 6855/3672/1043
f 6858/3673/1044 6860/3675/1045 6859/3676/1045 6857/3674/1044
f 6860/3675/1045 6862/3677/1046 6861/3678/1046 6859/3676/1045
f 6862/3677/1046 6864/3679/875 6863/3680/875 6861/3678/1046
f 6864/3679/875 6866/3681/1047 6865/3682/1047 6863/3680/875
f 6866/3681/1047 6868/3683/1048 6867/3684/1048 6865/3682/1047
f 6868/3683/1048 6870/3685/1049 6869/3686/1049 6867/3684/1048
f 6870/3685/1049 6872/3687/1050 6871/3688/1050 6869/3686/1049
f 6872/3687/1050 6874/3689/1051 6873/3690/1051 6871/3688/1050
f 6874/3689/1051 6876/3691/1052 6875/3692/1052 6873/3690/1051
f 6876/3691/1052 6878/3693/1053 6877/3694/1053 6875/3692/1052
f 6878/3693/1053 6880/3695/1054 6879/3696/1054 6877/3694/1053
f 6880/3695/1054 6882/3697/1055 6881/3698/1055 6879/3696/1054
f 6882/3697/1055 6884/3699/1056 6883/3700/1056 6881/3698/1055
f 6884/3699/1056 6886/3701/1057 6885/3702/1057 6883/3700/1056
f 6886/3701/1057 6888/3703/1058 6887/3704/1058 6885/3702/1057
f 6888/3703/1058 6890/3705/1059 6889/3706/1059 6887/3704/1058
f 6890/3705/1059 6892/3707/1060 6891/3708/1060 6889/3706/1059
f 6892/3707/1060 6894/3709/1061 6893/3710/1061 6891/3708/1060
f 6894/3709/1061 6896/3711/1062 6895/3712/1062 6893/3710/1061
f 6896/3711/1062 6898/3713/1063 6897/3714/1063 6895/3712/1062
f 6898/3713/1063 6900/3715/1064 6899/3716/1064 6897/3714/1063
f 6900/3715/1064 6902/3717/1065 6901/3718/1065 6899/3716/1064
f 6902/3717/1065 6904/3719/1066 6903/3720/1066 6901/3718/1065
f 6904/3719/1066 6906/3721/1067 6905/3722/1067 6903/3720/1066
f 6906/3721/1067 6908/3723/1068 6907/3724/1068 6905/3722/1067
f 6908/3723/1068 6910/2584/1069 6909/771/1069 6907/3724/1068
f 6910/2584/1069 6912/3725/1070 6911/3726/1070 6909/771/1069
f 6912/3725/1070 6914/3727/1071 6913/3728/1071 6911/3726/1070
f 6914/3727/1071 6916/3729/1072 6915/3730/1072 6913/3728/1071
f 6916/3729/1072 6918/3731/1073 6917/3732/1073 6915/3730/1072
f 6918/3731/1073 6920/3733/1074 6919/3734/1074 6917/3732/1073
f 6920/3733/1074 6922/3735/1075 6921/3736/1075 6919/3734/1074
f 6922/3735/1075 6924/3737/1076 6923/3738/1076 6921/3736/1075
f 6924/3737/1076 6926/3739/1077 6925/3740/1077 6923/3738/1076
f 6926/3739/1077 6928/3741/1078 6927/3742/1078 6925/3740/1077
f 6928/3741/1078 6930/3743/1079 6929/3744/1079 6927/3742/1078
f 6930/3743/1079 6932/3745/1080 6931/3746/1080 6929/3744/1079
f 6932/3745/1080 6934/3747/1081 6933/3748/1081 6931/3746/1080
f 6934/3747/1081 6936/3749/1082 6935/3750/1082 6933/3748/1081
f 6936/3749/1082 6938/3751/1083 6937/3752/1083 6935/3750/1082
f 6938/3751/1083 6940/3753/1084 6939/3754/1084 6937/3752/1083
f 6940/3753/1084 6942/3755/1085 6941/3756/1085 6939/3754/1084
f 6942/3755/1085 6944/3757/1086 6943/3758/1086 6941/3756/1085
f 6944/3757/1086 6946/3759/1087 6945/3760/1087 6943/3758/1086
f 6946/3759/1087 6948/3761/1088 6947/3762/1088 6945/3760/1087
f 6948/3761/1088 6950/3763/1089 6949/3764/1089 6947/3762/1088
f 6950/3763/1089 6952/3765/1090 6951/3766/1090 6949/3764/1089
f 6952/3765/1090 6954/3767/1091 6953/3768/1091 6951/3766/1090
f 6954/3767/1091 6956/3769/1092 6955/3770/1092 6953/3768/1091
f 6956/3769/1092 6958/3771/1093 6957/3772/1093 6955/3770/1092
f 6958/3771/1093 6960/3773/1094 6959/3774/1094 6957/3772/1093
f 6960/3773/1094 6962/3775/937 6961/3776/937 6959/3774/1094
f 6962/3775/937 6964/3777/1095 6963/3778/1095 6961/3776/937
f 6964/3777/1095 6966/3779/1096 6965/3780/1096 6963/3778/1095
f 6966/3779/1096 6968/3781/1097 6967/3782/1097 6965/3780/1096
f 6968/3781/1097 6970/3783/1098 6969/3784/1098 6967/3782/1097
f 6970/3783/1098 6972/3785/1099 6971/3786/1099 6969/3784/1098
f 6972/3785/1099 6974/3787/1100 6973/3788/1100 6971/3786/1099
f 6974/3787/1100 6976/3789/1101 6975/3790/1101 6973/3788/1100
f 6976/3789/1101 6978/3791/1102 6977/3792/1102 6975/3790/1101
f 6978/3791/1102 6980/3793/1103 6979/3794/1103 6977/3792/1102
f 6980/3793/1103 6982/3795/1104 6981/3796/1104 6979/3794/1103
f 6982/3795/1104 6984/3797/1105 6983/3798/1105 6981/3796/1104
f 6984/3797/1105 6986/3799/1106 6985/3800/1106 6983/3798/1105
f 6986/3799/1106 6988/3801/1107 6987/3802/1107 6985/3800/1106
f 6988/3801/1107 6990/3803/1108 6989/3804/1108 6987/3802/1107
f 6990/3803/1108 6746/1872/989 6745/3/989 6989/3804/1108
f 6992/1830/1109 6994/3805/1110 6993/1349/1110 6991/101/1109
f 6994/3805/1110 6996/3806/1111 6995/1323/1111 6993/1349/1110
f 6996/3806/1111 6998/3807/1112 6997/1347/1112 6995/1323/1111
f 6998/3807/1112 7000/3808/1113 6999/1362/1113 6997/1347/1112
f 7000/3808/1113 7002/3809/1114 7001/1367/1114 6999/1362/1113
f 7002/3809/1114 7004/3810/1115 7003/1373/1115 7001/1367/1114
f 7004/3810/1115 7006/3811/1116 7005/1383/1116 7003/1373/1115
f 7006/3811/1116 7008/3812/1117 7007/1389/1117 7005/1383/1116
f 7008/3812/1117 7010/3813/1118 7009/1380/1118 7007/1389/1117
f 7010/3813/1118 7012/3814/1119 7011/1345/1119 7009/1380/1118
f 7012/3814/1119 7014/3815/1120 7013/1335/1120 7011/1345/1119
f 7014/3815/1120 7016/3816/1121 7015/1330/1121 7013/1335/1120
f 7016/3816/1121 7018/1851/1122 7017/433/1122 7015/1330/1121
f 7018/1851/1122 7020/3817/1123 7019/1285/1123 7017/433/1122
f 7020/3817/1123 7022/3818/1124 7021/1276/1124 7019/1285/1123
f 7022/3818/1124 7024/3819/1125 7023/1266/1125 7021/1276/1124
f 7024/3819/1125 7026/3820/1126 7025/1270/1126 7023/1266/1125
f 7026/3820/1126 7028/3821/1127 7027/1281/1127 7025/1270/1126
f 7028/3821/1127 7030/3822/1128 7029/1317/1128 7027/1281/1127
f 7030/3822/1128 7032/3823/1129 7031/1310/1129 7029/1317/1128
f 7032/3823/1129 7034/3824/1130 7033/1305/1130 7031/1310/1129
f 7034/3824/1130 7036/3825/1131 7035/1300/1131 7033/1305/1130
f 7036/3825/1131 7038/3826/1132 7037/1295/1132 7035/1300/1131
f 7038/3826/1132 7040/3827/1133 7039/1316/1133 7037/1295/1132
f 7040/3827/1133 7042/3828/1134 7041/1348/1134 7039/1316/1133
f 7042/3828/1134 6992/1872/1109 6991/3/1109 7041/1348/1134
f 7044/1830/1135 7046/3805/1136 7045/1349/1136 7043/101/1135
f 7046/3805/1136 7048/3806/1137 7047/1323/1137 7045/1349/1136
f 7048/3806/1137 7050/3807/1138 7049/1347/1138 7047/1323/1137
f 7050/3807/1138 7052/3808/1139 7051/1362/1139 7049/1347/1138
f 7052/3808/1139 7054/3809/1140 7053/1367/1140 7051/1362/1139
f 7054/3809/1140 7056/3810/1141 7055/1373/1141 7053/1367/1140
f 7056/3810/1141 7058/3811/1142 7057/1383/1142 7055/1373/1141
f 7058/3811/1142 7060/3812/1143 7059/1389/1143 7057/1383/1142
f 7060/3812/1143 7062/3813/1144 7061/1380/1144 7059/1389/1143
f 7062/3813/1144 7064/3814/1145 7063/1345/1145 7061/1380/1144
f 7064/3814/1145 7066/3815/1146 7065/1335/1146 7063/1345/1145
f 7066/3815/1146 7068/3816/1147 7067/1330/1147 7065/1335/1146
f 7068/3816/1147 7070/1851/1148 7069/433/1148 7067/1330/1147
f 7070/1851/1148 7072/3817/1149 7071/1285/1149 7069/433/1148
f 7072/3817/1149 7074/3818/1150 7073/1276/1150 7071/1285/1149
f 7074/3818/1150 7076/3819/1151 7075/1266/1151 7073/1276/1150
f 7076/3819/1151 7078/3820/1152 7077/1270/1152 7075/1266/1151
f 7078/3820/1152 7080/3821/1153 7079/1281/1153 7077/1270/1152
f 7080/3821/1153 7082/3822/1154 7081/1317/1154 7079/1281/1153
f 7082/3822/1154 7084/3823/1155 7083/1310/1155 7081/1317/1154
f 7084/3823/1155 7086/3824/1156 7085/1305/1156 7083/1310/1155
f 7086/3824/1156 7088/3825/1157 7087/1300/1157 7085/1305/1156
f 7088/3825/1157 7090/3826/1158 7089/1295/1158 7087/1300/1157
f 7090/3826/1158 7092/3827/1159 7091/1316/1159 7089/1295/1158
f 7092/3827/1159 7094/3828/1160 7093/1348/1160 7091/1316/1159
f 7094/3828/1160 7044/1872/1135 7043/3/1135 7093/1348/1160
f 7096/1830/1161 7098/3829/1162 7097/1489/1162 7095/101/1161
f 7098/3829/1162 7100/3830/1163 7099/1492/1163 7097/1489/1162
f 7100/3830/1163 7102/3831/1164 7101/1495/1164 7099/1492/1163
f 7102/3831/1164 7104/3832/1165 7103/1484/1165 7101/1495/1164
f 7104/3832/1165 7106/3833/1166 7105/1478/1166 7103/1484/1165
f 7106/3833/1166 7108/3834/1167 7107/1472/1167 7105/1478/1166
f 7108/3834/1167 7110/1836/1168 7109/254/1168 7107/1472/1167
f 7110/1836/1168 7112/3835/1169 7111/1465/1169 7109/254/1168
f 7112/3835/1169 7114/3836/1170 7113/1524/1170 7111/1465/1169
f 7114/3836/1170 7116/3837/1171 7115/1521/1171 7113/1524/1170
f 7116/3837/1171 7118/3838/1172 7117/1518/1172 7115/1521/1171
f 7118/3838/1172 7120/3839/1173 7119/1515/1173 7117/1518/1172
f 7120/3839/1173 7122/3840/1174 7121/1512/1174 7119/1515/1173
f 7122/3840/1174 7124/1842/1175 7123/216/1175 7121/1512/1174
f 7124/1842/1175 7126/3841/1176 7125/1507/1176 7123/216/1175
f 7126/3841/1176 7128/3842/1177 7127/1504/1177 7125/1507/1176
f 7128/3842/1177 7130/3843/1178 7129/1502/1178 7127/1504/1177
f 7130/3843/1178 7132/3844/1179 7131/1499/1179 7129/1502/1178
f 7132/3844/1179 7134/3845/1180 7133/1527/1180 7131/1499/1179
f 7134/3845/1180 7136/3846/1181 7135/1461/1181 7133/1527/1180
f 7136/3846/1181 7138/1848/1182 7137/205/1182 7135/1461/1181
f 7138/1848/1182 7140/3847/1183 7139/1471/1183 7137/205/1182
f 7140/3847/1183 7142/3848/1184 7141/1477/1184 7139/1471/1183
f 7142/3848/1184 7144/3849/1185 7143/1483/1185 7141/1477/1184
f 7144/3849/1185 7146/3850/1186 7145/1419/1186 7143/1483/1185
f 7146/3850/1186 7148/3851/1187 7147/1422/1187 7145/1419/1186
f 7148/3851/1187 7150/3852/1188 7149/1425/1188 7147/1422/1187
f 7150/3852/1188 7152/1854/1189 7151/280/1189 7149/1425/1188
f 7152/1854/1189 7154/3853/1190 7153/1414/1190 7151/280/1189
f 7154/3853/1190 7156/3854/1191 7155/1409/1191 7153/1414/1190
f 7156/3854/1191 7158/3855/1192 7157/1402/1192 7155/1409/1191
f 7158/3855/1192 7160/3856/1193 7159/1395/1193 7157/1402/1192
f 7160/3856/1193 7162/3857/1194 7161/1453/1194 7159/1395/1193
f 7162/3857/1194 7164/3858/1195 7163/1450/1195 7161/1453/1194
f 7164/3858/1195 7166/1860/1196 7165/349/1196 7163/1450/1195
f 7166/1860/1196 7168/3859/1197 7167/1445/1197 7165/349/1196
f 7168/3859/1197 7170/3860/1198 7169/1442/1198 7167/1445/1197
f 7170/3860/1198 7172/3861/1199 7171/1440/1199 7169/1442/1198
f 7172/3861/1199 7174/3862/1200 7173/1437/1200 7171/1440/1199
f 7174/3862/1200 7176/3863/1201 7175/1435/1201 7173/1437/1200
f 7176/3863/1201 7178/3864/1202 7177/1432/1202 7175/1435/1201
f 7178/3864/1202 7180/1866/1203 7179/329/1203 7177/1432/1202
f 7180/1866/1203 7182/3865/1204 7181/1456/1204 7179/329/1203
f 7182/3865/1204 7184/3866/1205 7183/1459/1205 7181/1456/1204
f 7184/3866/1205 7186/3867/1206 7185/1394/1206 7183/1459/1205
f 7186/3867/1206 7188/3868/1207 7187/1399/1207 7185/1394/1206
f 7188/3868/1207 7190/3869/1208 7189/1404/1208 7187/1399/1207
f 7190/3869/1208 7192/3870/1209 7191/1411/1209 7189/1404/1208
f 7192/3870/1209 7096/1872/1161 7095/3/1161 7191/1411/1209
f 7194/1830/1210 7196/3871/1211 7195/3872/1211 7193/101/1210
f 7196/3871/1211 7198/3873/1212 7197/3874/1212 7195/3872/1211
f 7198/3873/1212 7200/3875/1213 7199/3876/1213 7197/3874/1212
f 7200/3875/1213 7202/3877/1214 7201/3878/1214 7199/3876/1213
f 7202/3877/1214 7204/3879/1215 7203/3880/1215 7201/3878/1214
f 7204/3879/1215 7206/3881/1216 7205/3882/1216 7203/3880/1215
f 7206/3881/1216 7208/3883/1217 7207/3884/1217 7205/3882/1216
f 7208/3883/1217 7210/3885/1218 7209/3886/1218 7207/3884/1217
f 7210/3885/1218 7212/3887/1219 7211/3888/1219 7209/3886/1218
f 7212/3887/1219 7214/3889/1220 7213/3890/1220 7211/3888/1219
f 7214/3889/1220 7216/3891/1221 7215/3892/1221 7213/3890/1220
f 7216/3891/1221 7218/3893/1222 7217/3894/1222 7215/3892/1221
f 7218/3893/1222 7220/3895/1223 7219/3896/1223 7217/3894/1222
f 7220/3895/1223 7222/3897/1224 7221/3898/1224 7219/3896/1223
f 7222/3897/1224 7224/3899/1225 7223/3900/1225 7221/3898/1224
f 7224/3899/1225 7226/3901/1226 7225/3902/1226 7223/3900/1225
f 7226/3901/1226 7228/3903/1227 7227/3904/1227 7225/3902/1226
f 7228/3903/1227 7230/3905/1228 7229/3906/1228 7227/3904/1227
f 7230/3905/1228 7232/3907/1229 7231/3908/1229 7229/3906/1228
f 7232/3907/1229 7234/3909/1230 7233/3910/1230 7231/3908/1229
f 7234/3909/1230 7236/3911/1231 7235/3912/1231 7233/3910/1230
f 7236/3911/1231 7238/3913/1232 7237/3914/1232 7235/3912/1231
f 7238/3913/1232 7240/3915/1233 7239/3916/1233 7237/3914/1232
f 7240/3915/1233 7242/3917/1234 7241/3918/1234 7239/3916/1233
f 7242/3917/1234 7244/3919/1235 7243/3920/1235 7241/3918/1234
f 7244/3919/1235 7246/3921/1236 7245/3922/1236 7243/3920/1235
f 7246/3921/1236 7248/3923/1237 7247/3924/1237 7245/3922/1236
f 7248/3923/1237 7250/3925/1238 7249/3926/1238 7247/3924/1237
f 7250/3925/1238 7252/3927/1239 7251/3928/1239 7249/3926/1238
f 7252/3927/1239 7254/3929/1240 7253/3930/1240 7251/3928/1239
f 7254/3929/1240 7256/3931/1241 7255/3932/1241 7253/3930/1240
f 7256/3931/1241 7258/3933/1242 7257/3934/1242 7255/3932/1241
f 7258/3933/1242 7260/3935/1243 7259/3936/1243 7257/3934/1242
f 7260/3935/1243 7262/3937/1244 7261/3938/1244 7259/3936/1243
f 7262/3937/1244 7264/3939/1245 7263/3940/1245 7261/3938/1244
f 7264/3939/1245 7266/3941/1246 7265/3942/1246 7263/3940/1245
f 7266/3941/1246 7268/3943/1247 7267/3944/1247 7265/3942/1246
f 7268/3943/1247 7270/3945/1248 7269/3946/1248 7267/3944/1247
f 7270/3945/1248 7272/3947/1249 7271/3948/1249 7269/3946/1248
f 7272/3947/1249 7274/3949/1250 7273/3950/1250 7271/3948/1249
f 7274/3949/1250 7276/3951/1251 7275/3952/1251 7273/3950/1250
f 7276/3951/1251 7278/3953/1252 7277/3954/1252 7275/3952/1251
f 7278/3953/1252 7280/3955/1253 7279/3956/1253 7277/3954/1252
f 7280/3955/1253 7282/3957/1254 7281/3958/1254 7279/3956/1253
f 7282/3957/1254 7284/3959/1255 7283/3960/1255 7281/3958/1254
f 7284/3959/1255 7286/3961/1256 7285/3962/1256 7283/3960/1255
f 7286/3961/1256 7288/1840/1257 7287/1841/1257 7285/3962/1256
f 7288/1840/1257 7290/3963/1258 7289/3964/1258 7287/1841/1257
f 7290/3963/1258 7292/3965/1259 7291/3966/1259 7289/3964/1258
f 7292/3965/1259 7294/3967/1260 7293/3968/1260 7291/3966/1259
f 7294/3967/1260 7296/3969/1261 7295/3970/1261 7293/3968/1260
f 7296/3969/1261 7298/3971/1262 7297/3972/1262 7295/3970/1261
f 7298/3971/1262 7300/3973/1263 7299/3974/1263 7297/3972/1262
f 7300/3973/1263 7302/3975/1264 7301/3976/1264 7299/3974/1263
f 7302/3975/1264 7304/3977/1265 7303/3978/1265 7301/3976/1264
f 7304/3977/1265 7306/3979/1266 7305/3980/1266 7303/3978/1265
f 7306/3979/1266 7308/3981/1267 7307/3982/1267 7305/3980/1266
f 7308/3981/1267 7310/3983/1268 7309/3984/1268 7307/3982/1267
f 7310/3983/1268 7312/3985/1269 7311/3986/1269 7309/3984/1268
f 7312/3985/1269 7314/3987/1270 7313/3988/1270 7311/3986/1269
f 7314/3987/1270 7316/3989/1271 7315/3990/1271 7313/3988/1270
f 7316/3989/1271 7318/3991/1272 7317/3992/1272 7315/3990/1271
f 7318/3991/1272 7320/3993/1273 7319/3994/1273 7317/3992/1272
f 7320/3993/1273 7322/3995/1274 7321/3996/1274 7319/3994/1273
f 7322/3995/1274 7324/3997/849 7323/3998/849 7321/3996/1274
f 7324/3997/849 7326/3999/1275 7325/4000/1275 7323/3998/849
f 7326/3999/1275 7328/4001/1276 7327/4002/1276 7325/4000/1275
f 7328/4001/1276 7330/4003/1277 7329/4004/1277 7327/4002/1276
f 7330/4003/1277 7332/4005/1278 7331/4006/1278 7329/4004/1277
f 7332/4005/1278 7334/4007/1279 7333/4008/1279 7331/4006/1278
f 7334/4007/1279 7336/4009/1280 7335/4010/1280 7333/4008/1279
f 7336/4009/1280 7338/4011/1281 7337/4012/1281 7335/4010/1280
f 7338/4011/1281 7340/4013/1282 7339/4014/1282 7337/4012/1281
f 7340/4013/1282 7342/4015/1283 7341/4016/1283 7339/4014/1282
f 7342/4015/1283 7344/4017/1284 7343/4018/1284 7341/4016/1283
f 7344/4017/1284 7346/4019/1285 7345/4020/1285 7343/4018/1284
f 7346/4019/1285 7348/4021/1286 7347/4022/1286 7345/4020/1285
f 7348/4021/1286 7350/4023/1287 7349/4024/1287 7347/4022/1286
f 7350/4023/1287 7352/4025/1288 7351/4026/1288 7349/4024/1287
f 7352/4025/1288 7354/4027/1289 7353/4028/1289 7351/4026/1288
f 7354/4027/1289 7356/4029/1290 7355/4030/1290 7353/4028/1289
f 7356/4029/1290 7358/4031/1291 7357/4032/1291 7355/4030/1290
f 7358/4031/1291 7360/4033/1292 7359/4034/1292 7357/4032/1291
f 7360/4033/1292 7362/4035/1293 7361/4036/1293 7359/4034/1292
f 7362/4035/1293 7364/4037/1294 7363/4038/1294 7361/4036/1293
f 7364/4037/1294 7366/4039/1295 7365/4040/1295 7363/4038/1294
f 7366/4039/1295 7368/4041/1296 7367/4042/1296 7365/4040/1295
f 7368/4041/1296 7370/4043/1297 7369/4044/1297 7367/4042/1296
f 7370/4043/1297 7372/4045/1298 7371/4046/1298 7369/4044/1297
f 7372/4045/1298 7374/4047/1299 7373/4048/1299 7371/4046/1298
f 7374/4047/1299 7376/4049/1300 7375/4050/1300 7373/4048/1299
f 7376/4049/1300 7378/4051/1301 7377/4052/1301 7375/4050/1300
f 7378/4051/1301 7380/4053/1302 7379/4054/1302 7377/4052/1301
f 7380/4053/1302 7382/1851/1303 7381/433/1303 7379/4054/1302
f 7382/1851/1303 7384/4055/1304 7383/4056/1304 7381/433/1303
f 7384/4055/1304 7386/4057/1305 7385/4058/1305 7383/4056/1304
f 7386/4057/1305 7388/4059/1306 7387/4060/1306 7385/4058/1305
f 7388/4059/1306 7390/4061/1307 7389/4062/1307 7387/4060/1306
f 7390/4061/1307 7392/4063/1308 7391/4064/1308 7389/4062/1307
f 7392/4063/1308 7394/4065/1309 7393/4066/1309 7391/4064/1308
f 7394/4065/1309 7396/4067/1310 7395/4068/1310 7393/4066/1309
f 7396/4067/1310 7398/4069/1311 7397/4070/1311 7395/4068/1310
f 7398/4069/1311 7400/4071/1312 7399/4072/1312 7397/4070/1311
f 7400/4071/1312 7402/4073/1313 7401/4074/1313 7399/4072/1312
f 7402/4073/1313 7404/4075/1314 7403/4076/1314 7401/4074/1313
f 7404/4075/1314 7406/4077/1315 7405/4078/1315 7403/4076/1314
f 7406/4077/1315 7408/4079/1316 7407/4080/1316 7405/4078/1315
f 7408/4079/1316 7410/4081/1317 7409/4082/1317 7407/4080/1316
f 7410/4081/1317 7412/4083/1318 7411/4084/1318 7409/4082/1317
f 7412/4083/1318 7414/4085/1319 7413/4086/1319 7411/4084/1318
f 7414/4085/1319 7416/4087/1320 7415/4088/1320 7413/4086/1319
f 7416/4087/1320 7418/4089/1321 7417/4090/1321 7415/4088/1320
f 7418/4089/1321 7420/4091/1322 7419/4092/1322 7417/4090/1321
f 7420/4091/1322 7422/4093/1323 7421/4094/1323 7419/4092/1322
f 7422/4093/1323 7424/4095/1324 7423/4096/1324 7421/4094/1323
f 7424/4095/1324 7426/4097/1325 7425/4098/1325 7423/4096/1324
f 7426/4097/1325 7428/4099/1326 7427/4100/1326 7425/4098/1325
f 7428/4099/1326 7430/4101/1327 7429/4102/1327 7427/4100/1326
f 7430/4101/1327 7432/4103/1328 7431/4104/1328 7429/4102/1327
f 7432/4103/1328 7434/4105/1329 7433/4106/1329 7431/4104/1328
f 7434/4105/1329 7436/4107/1330 7435/4108/1330 7433/4106/1329
f 7436/4107/1330 7438/4109/1331 7437/4110/1331 7435/4108/1330
f 7438/4109/1331 7440/4111/1332 7439/4112/1332 7437/4110/1331
f 7440/4111/1332 7442/4113/1333 7441/4114/1333 7439/4112/1332
f 7442/4113/1333 7444/4115/1334 7443/4116/1334 7441/4114/1333
f 7444/4115/1334 7446/4117/1335 7445/4118/1335 7443/4116/1334
f 7446/4117/1335 7448/4119/1336 7447/4120/1336 7445/4118/1335
f 7448/4119/1336 7450/4121/1337 7449/4122/1337 7447/4120/1336
f 7450/4121/1337 7452/4123/1338 7451/4124/1338 7449/4122/1337
f 7452/4123/1338 7454/4125/1339 7453/4126/1339 7451/4124/1338
f 7454/4125/1339 7456/4127/1340 7455/4128/1340 7453/4126/1339
f 7456/4127/1340 7458/4129/1341 7457/4130/1341 7455/4128/1340
f 7458/4129/1341 7460/4131/1342 7459/4132/1342 7457/4130/1341
f 7460/4131/1342 7462/4133/1343 7461/4134/1343 7459/4132/1342
f 7462/4133/1343 7464/4135/1344 7463/4136/1344 7461/4134/1343
f 7464/4135/1344 7466/4137/1345 7465/4138/1345 7463/4136/1344
f 7466/4137/1345 7468/4139/1346 7467/4140/1346 7465/4138/1345
f 7468/4139/1346 7470/4141/1347 7469/4142/1347 7467/4140/1346
f 7470/4141/1347 7472/4143/1348 7471/4144/1348 7469/4142/1347
f 7472/4143/1348 7474/4145/1349 7473/4146/1349 7471/4144/1348
f 7474/4145/1349 7476/1861/1350 7475/1862/1350 7473/4146/1349
f 7476/1861/1350 7478/4147/1351 7477/4148/1351 7475/1862/1350
f 7478/4147/1351 7480/4149/1352 7479/4150/1352 7477/4148/1351
f 7480/4149/1352 7482/4151/1353 7481/4152/1353 7479/4150/1352
f 7482/4151/1353 7484/4153/1354 7483/4154/1354 7481/4152/1353
f 7484/4153/1354 7486/4155/1355 7485/4156/1355 7483/4154/1354
f 7486/4155/1355 7488/4157/1356 7487/4158/1356 7485/4156/1355
f 7488/4157/1356 7490/4159/1357 7489/4160/1357 7487/4158/1356
f 7490/4159/1357 7492/4161/1358 7491/4162/1358 7489/4160/1357
f 7492/4161/1358 7494/4163/1359 7493/4164/1359 7491/4162/1358
f 7494/4163/1359 7496/4165/1360 7495/4166/1360 7493/4164/1359
f 7496/4165/1360 7498/4167/1361 7497/4168/1361 7495/4166/1360
f 7498/4167/1361 7500/4169/1362 7499/4170/1362 7497/4168/1361
f 7500/4169/1362 7502/4171/1363 7501/4172/1363 7499/4170/1362
f 7502/4171/1363 7504/4173/1364 7503/4174/1364 7501/4172/1363
f 7504/4173/1364 7506/4175/1365 7505/4176/1365 7503/4174/1364
f 7506/4175/1365 7508/4177/1366 7507/4178/1366 7505/4176/1365
f 7508/4177/1366 7510/4179/1367 7509/4180/1367 7507/4178/1366
f 7510/4179/1367 7512/4181/1368 7511/4182/1368 7509/4180/1367
f 7512/4181/1368 7514/4183/1369 7513/4184/1369 7511/4182/1368
f 7514/4183/1369 7516/4185/1370 7515/4186/1370 7513/4184/1369
f 7516/4185/1370 7518/4187/1371 7517/4188/1371 7515/4186/1370
f 7518/4187/1371 7520/4189/1372 7519/4190/1372 7517/4188/1371
f 7520/4189/1372 7522/4191/1373 7521/4192/1373 7519/4190/1372
f 7522/4191/1373 7524/4193/1374 7523/4194/1374 7521/4192/1373
f 7524/4193/1374 7526/4195/1375 7525/4196/1375 7523/4194/1374
f 7526/4195/1375 7528/4197/1376 7527/4198/1376 7525/4196/1375
f 7528/4197/1376 7530/4199/1377 7529/4200/1377 7527/4198/1376
f 7530/4199/1377 7532/4201/1378 7531/4202/1378 7529/4200/1377
f 7532/4201/1378 7534/4203/1379 7533/4204/1379 7531/4202/1378
f 7534/4203/1379 7536/4205/1380 7535/4206/1380 7533/4204/1379
f 7536/4205/1380 7538/4207/1381 7537/4208/1381 7535/4206/1380
f 7538/4207/1381 7540/4209/1382 7539/4210/1382 7537/4208/1381
f 7540/4209/1382 7542/4211/1383 7541/4212/1383 7539/4210/1382
f 7542/4211/1383 7544/4213/1384 7543/4214/1384 7541/4212/1383
f 7544/4213/1384 7546/4215/1385 7545/4216/1385 7543/4214/1384
f 7546/4215/1385 7548/4217/1386 7547/4218/1386 7545/4216/1385
f 7548/4217/1386 7550/4219/1387 7549/4220/1387 7547/4218/1386
f 7550/4219/1387 7552/4221/1388 7551/4222/1388 7549/4220/1387
f 7552/4221/1388 7554/4223/1389 7553/4224/1389 7551/4222/1388
f 7554/4223/1389 7556/4225/1390 7555/4226/1390 7553/4224/1389
f 7556/4225/1390 7558/4227/1391 7557/4228/1391 7555/4226/1390
f 7558/4227/1391 7560/4229/1392 7559/4230/1392 7557/4228/1391
f 7560/4229/1392 7562/4231/1393 7561/4232/1393 7559/4230/1392
f 7562/4231/1393 7564/4233/1394 7563/4234/1394 7561/4232/1393
f 7564/4233/1394 7566/4235/1395 7565/4236/1395 7563/4234/1394
f 7566/4235/1395 7568/4237/1396 7567/4238/1396 7565/4236/1395
f 7568/4237/1396 7194/1872/1210 7193/3/1210 7567/4238/1396
f 7570/1830/284 7572/2417/285 7571/2418/285 7569/101/284
f 7572/2417/285 7574/2419/286 7573/2420/286 7571/2418/285
f 7574/2419/286 7576/2421/287 7575/2422/287 7573/2420/286
f 7576/2421/287 7578/2423/288 7577/2424/288 7575/2422/287
f 7578/2423/288 7580/2425/289 7579/2426/289 7577/2424/288
f 7580/2425/289 7582/2427/290 7581/2428/290 7579/2426/289
f 7582/2427/290 7584/2429/291 7583/2430/291 7581/2428/290
f 7584/2429/291 7586/2431/292 7585/2432/292 7583/2430/291
f 7586/2431/292 7588/2433/293 7587/2434/293 7585/2432/292
f 7588/2433/293 7590/2435/294 7589/2436/294 7587/2434/293
f 7590/2435/294 7592/2437/295 7591/2438/295 7589/2436/294
f 7592/2437/295 7594/2439/296 7593/2440/296 7591/2438/295
f 7594/2439/296 7596/2441/297 7595/2442/297 7593/2440/296
f 7596/2441/297 7598/2443/298 7597/2444/298 7595/2442/297
f 7598/2443/298 7600/2445/299 7599/1574/299 7597/2444/298
f 7600/2445/299 7602/2446/300 7601/2447/300 7599/1574/299
f 7602/2446/300 7604/2448/301 7603/2449/301 7601/2447/300
f 7604/2448/301 7606/2450/302 7605/2451/302 7603/2449/301
f 7606/2450/302 7608/2452/303 7607/2453/303 7605/2451/302
f 7608/2452/303 7610/2454/304 7609/2455/304 7607/2453/303
f 7610/2454/304 7612/2456/305 7611/2457/305 7609/2455/304
f 7612/2456/305 7614/2458/306 7613/2459/306 7611/2457/305
f 7614/2458/306 7616/2460/307 7615/2461/307 7613/2459/306
f 7616/2460/307 7618/2462/308 7617/2463/308 7615/2461/307
f 7618/2462/308 7620/2464/309 7619/2465/309 7617/2463/308
f 7620/2464/309 7622/2466/310 7621/2467/310 7619/2465/309
f 7622/2466/310 7624/2157/311 7623/1368/311 7621/2467/310
f 7624/2157/311 7626/2468/312 7625/2469/312 7623/1368/311
f 7626/2468/312 7628/2470/313 7627/2471/313 7625/2469/312
f 7628/2470/313 7630/2472/314 7629/1585/314 7627/2471/313
f 7630/2472/314 7632/2473/315 7631/2474/315 7629/1585/314
f 7632/2473/315 7634/2475/1397 7633/2476/1397 7631/2474/315
f 7634/2475/1397 7636/2477/317 7635/2478/317 7633/2476/1397
f 7636/2477/317 7638/2479/318 7637/2480/318 7635/2478/317
f 7638/2479/318 7640/2481/319 7639/2482/319 7637/2480/318
f 7640/2481/319 7642/2483/320 7641/2484/320 7639/2482/319
f 7642/2483/320 7644/2485/321 7643/2486/321 7641/2484/320
f 7644/2485/321 7646/2487/322 7645/2488/322 7643/2486/321
f 7646/2487/322 7648/2489/323 7647/2490/323 7645/2488/322
f 7648/2489/323 7650/2491/324 7649/2492/324 7647/2490/323
f 7650/2491/324 7652/2493/325 7651/2494/325 7649/2492/324
f 7652/2493/325 7654/2495/326 7653/2496/326 7651/2494/325
f 7654/2495/326 7656/2497/327 7655/2498/327 7653/2496/326
f 7656/2497/327 7658/2499/328 7657/2500/328 7655/2498/327
f 7658/2499/328 7660/2501/329 7659/878/329 7657/2500/328
f 7660/2501/329 7662/2502/330 7661/2503/330 7659/878/329
f 7662/2502/330 7664/2504/331 7663/2505/331 7661/2503/330
f 7664/2504/331 7666/2506/332 7665/2507/332 7663/2505/331
f 7666/2506/332 7668/2508/333 7667/2509/333 7665/2507/332
f 7668/2508/333 7670/2510/334 7669/2511/334 7667/2509/333
f 7670/2510/334 7672/2512/335 7671/2513/335 7669/2511/334
f 7672/2512/335 7674/2514/336 7673/2515/336 7671/2513/335
f 7674/2514/336 7676/2516/337 7675/2517/337 7673/2515/336
f 7676/2516/337 7678/2166/338 7677/1338/338 7675/2517/337
f 7678/2166/338 7680/2518/339 7679/2519/339 7677/1338/338
f 7680/2518/339 7682/2520/340 7681/2521/340 7679/2519/339
f 7682/2520/340 7684/2522/341 7683/2523/341 7681/2521/340
f 7684/2522/341 7686/2524/342 7685/2525/342 7683/2523/341
f 7686/2524/342 7688/2526/343 7687/2527/343 7685/2525/342
f 7688/2526/343 7690/2528/344 7689/1639/344 7687/2527/343
f 7690/2528/344 7692/2529/345 7691/2530/345 7689/1639/344
f 7692/2529/345 7694/2531/346 7693/2532/346 7691/2530/345
f 7694/2531/346 7696/2533/347 7695/2534/347 7693/2532/346
f 7696/2533/347 7698/2535/348 7697/2536/348 7695/2534/347
f 7698/2535/348 7700/2537/349 7699/2538/349 7697/2536/348
f 7700/2537/349 7702/2539/350 7701/2540/350 7699/2538/349
f 7702/2539/350 7704/2541/351 7703/2542/351 7701/2540/350
f 7704/2541/351 7706/2543/352 7705/2544/352 7703/2542/351
f 7706/2543/352 7708/2545/353 7707/2546/353 7705/2544/352
f 7708/2545/353 7710/2547/354 7709/2548/354 7707/2546/353
f 7710/2547/354 7712/2549/355 7711/2550/355 7709/2548/354
f 7712/2549/355 7714/2551/356 7713/2552/356 7711/2550/355
f 7714/2551/356 7716/2553/357 7715/2554/357 7713/2552/356
f 7716/2553/357 7718/2555/358 7717/2556/358 7715/2554/357
f 7718/2555/358 7720/2557/359 7719/1671/359 7717/2556/358
f 7720/2557/359 7722/2558/360 7721/2559/360 7719/1671/359
f 7722/2558/360 7724/2560/361 7723/2561/361 7721/2559/360
f 7724/2560/361 7726/2562/362 7725/2563/362 7723/2561/361
f 7726/2562/362 7728/2564/363 7727/2565/363 7725/2563/362
f 7728/2564/363 7730/2566/364 7729/2567/364 7727/2565/363
f 7730/2566/364 7732/2175/365 7731/1271/365 7729/2567/364
f 7732/2175/365 7734/2568/366 7733/2569/366 7731/1271/365
f 7734/2568/366 7736/2570/367 7735/2571/367 7733/2569/366
f 7736/2570/367 7738/2572/368 7737/2573/368 7735/2571/367
f 7738/2572/368 7740/2574/369 7739/2575/369 7737/2573/368
f 7740/2574/369 7742/2576/126 7741/2577/126 7739/2575/369
f 7742/2576/126 7744/2578/371 7743/2579/371 7741/2577/126
f 7744/2578/371 7746/2580/372 7745/2581/372 7743/2579/371
f 7746/2580/372 7748/2582/373 7747/2583/373 7745/2581/372
f 7748/2582/373 7750/2584/374 7749/771/374 7747/2583/373
f 7750/2584/374 7752/2585/375 7751/2586/375 7749/771/374
f 7752/2585/375 7754/2587/376 7753/2588/376 7751/2586/375
f 7754/2587/376 7756/2589/377 7755/2590/377 7753/2588/376
f 7756/2589/377 7758/2591/378 7757/2592/378 7755/2590/377
f 7758/2591/378 7760/2593/379 7759/2594/379 7757/2592/378
f 7760/2593/379 7762/2595/380 7761/2596/380 7759/2594/379
f 7762/2595/380 7764/2597/381 7763/2598/381 7761/2596/380
f 7764/2597/381 7766/2599/382 7765/2600/382 7763/2598/381
f 7766/2599/382 7768/2601/383 7767/2602/383 7765/2600/382
f 7768/2601/383 7770/2603/384 7769/2604/384 7767/2602/383
f 7770/2603/384 7772/2605/385 7771/2606/385 7769/2604/384
f 7772/2605/385 7774/2607/386 7773/2608/386 7771/2606/385
f 7774/2607/386 7776/2609/387 7775/2610/387 7773/2608/386
f 7776/2609/387 7778/2611/388 7777/2612/388 7775/2610/387
f 7778/2611/388 7780/2613/389 7779/1562/389 7777/2612/388
f 7780/2613/389 7782/2614/390 7781/2615/390 7779/1562/389
f 7782/2614/390 7784/2616/391 7783/2617/391 7781/2615/390
f 7784/2616/391 7786/2184/392 7785/1306/392 7783/2617/391
f 7786/2184/392 7788/2618/393 7787/2619/393 7785/1306/392
f 7788/2618/393 7790/2620/394 7789/2621/394 7787/2619/393
f 7790/2620/394 7792/2622/395 7791/2623/395 7789/2621/394
f 7792/2622/395 7794/2624/396 7793/2625/396 7791/2623/395
f 7794/2624/396 7796/2626/397 7795/2627/397 7793/2625/396
f 7796/2626/397 7798/2628/398 7797/2629/398 7795/2627/397
f 7798/2628/398 7800/2630/399 7799/2631/399 7797/2629/398
f 7800/2630/399 7802/2632/400 7801/2633/400 7799/2631/399
f 7802/2632/400 7804/2634/401 7803/2635/401 7801/2633/400
f 7804/2634/401 7806/2636/402 7805/2637/402 7803/2635/401
f 7806/2636/402 7808/2638/403 7807/2639/403 7805/2637/402
f 7808/2638/403 7810/2640/404 7809/1618/404 7807/2639/403
f 7810/2640/404 7812/2641/405 7811/2642/405 7809/1618/404
f 7812/2641/405 7814/2643/406 7813/2644/406 7811/2642/405
f 7814/2643/406 7816/2645/407 7815/2646/407 7813/2644/406
f 7816/2645/407 7818/2647/408 7817/2648/408 7815/2646/407
f 7818/2647/408 7820/2649/355 7819/2650/355 7817/2648/408
f 7820/2649/355 7822/2651/409 7821/2652/409 7819/2650/355
f 7822/2651/409 7824/2653/410 7823/2654/410 7821/2652/409
f 7824/2653/410 7826/2655/411 7825/2656/411 7823/2654/410
f 7826/2655/411 7828/2657/412 7827/2658/412 7825/2656/411
f 7828/2657/412 7830/2659/413 7829/2660/413 7827/2658/412
f 7830/2659/413 7832/2661/414 7831/2662/414 7829/2660/413
f 7832/2661/414 7834/2663/415 7833/2664/415 7831/2662/414
f 7834/2663/415 7836/2665/416 7835/2666/416 7833/2664/415
f 7836/2665/416 7838/2667/417 7837/2668/417 7835/2666/416
f 7838/2667/417 7570/1872/284 7569/3/284 7837/2668/417
f 7840/1830/12 7842/4239/1398 7841/4240/1398 7839/101/12
f 7842/4239/1398 7844/4241/1399 7843/4242/1399 7841/4240/1398
f 7844/4241/1399 7846/4243/1400 7845/4244/1400 7843/4242/1399
f 7846/4243/1400 7848/4245/1401 7847/4246/1401 7845/4244/1400
f 7848/4245/1401 7850/4247/1402 7849/4248/1402 7847/4246/1401
f 7850/4247/1402 7852/4249/1403 7851/4250/1403 7849/4248/1402
f 7852/4249/1403 7854/4251/1404 7853/4252/1404 7851/4250/1403
f 7854/4251/1404 7856/4253/1405 7855/4254/1405 7853/4252/1404
f 7856/4253/1405 7858/4255/1406 7857/4256/1406 7855/4254/1405
f 7858/4255/1406 7860/4257/1407 7859/4258/1407 7857/4256/1406
f 7860/4257/1407 7862/3806/1408 7861/1323/1408 7859/4258/1407
f 7862/3806/1408 7864/4259/1409 7863/4260/1409 7861/1323/1408
f 7864/4259/1409 7866/4261/1410 7865/122/1410 7863/4260/1409
f 7866/4261/1410 7868/4262/1411 7867/4263/1411 7865/122/1410
f 7868/4262/1411 7870/4264/1412 7869/4265/1412 7867/4263/1411
f 7870/4264/1412 7872/4266/1413 7871/4267/1413 7869/4265/1412
f 7872/4266/1413 7874/4268/1414 7873/4269/1414 7871/4267/1413
f 7874/4268/1414 7876/4270/1415 7875/4271/1415 7873/4269/1414
f 7876/4270/1415 7878/4272/1416 7877/4273/1416 7875/4271/1415
f 7878/4272/1416 7880/4274/1417 7879/4275/1417 7877/4273/1416
f 7880/4274/1417 7882/4276/1418 7881/4277/1418 7879/4275/1417
f 7882/4276/1418 7884/3808/1419 7883/1362/1419 7881/4277/1418
f 7884/3808/1419 7886/4278/1420 7885/4279/1420 7883/1362/1419
f 7886/4278/1420 7888/4280/1421 7887/4281/1421 7885/4279/1420
f 7888/4280/1421 7890/4282/1422 7889/4283/1422 7887/4281/1421
f 7890/4282/1422 7892/4284/1423 7891/100/1423 7889/4283/1422
f 7892/4284/1423 7894/4285/1424 7893/4286/1424 7891/100/1423
f 7894/4285/1424 7896/4287/1425 7895/4288/1425 7893/4286/1424
f 7896/4287/1425 7898/4289/1232 7897/4290/1232 7895/4288/1425
f 7898/4289/1232 7900/4291/1426 7899/4292/1426 7897/4290/1232
f 7900/4291/1426 7902/4293/1427 7901/4294/1427 7899/4292/1426
f 7902/4293/1427 7904/4295/1428 7903/4296/1428 7901/4294/1427
f 7904/4295/1428 7906/3810/1429 7905/1373/1429 7903/4296/1428
f 7906/3810/1429 7908/4297/1430 7907/4298/1430 7905/1373/1429
f 7908/4297/1430 7910/4299/1431 7909/4300/1431 7907/4298/1430
f 7910/4299/1431 7912/4301/1432 7911/4302/1432 7909/4300/1431
f 7912/4301/1432 7914/4303/1433 7913/4304/1433 7911/4302/1432
f 7914/4303/1433 7916/4305/1434 7915/4306/1434 7913/4304/1433
f 7916/4305/1434 7918/4307/1435 7917/79/1435 7915/4306/1434
f 7918/4307/1435 7920/4308/1436 7919/4309/1436 7917/79/1435
f 7920/4308/1436 7922/4310/1437 7921/4311/1437 7919/4309/1436
f 7922/4310/1437 7924/4312/1438 7923/4313/1438 7921/4311/1437
f 7924/4312/1438 7926/4314/1439 7925/4315/1439 7923/4313/1438
f 7926/4314/1439 7928/3812/1440 7927/1389/1440 7925/4315/1439
f 7928/3812/1440 7930/4316/1441 7929/4317/1441 7927/1389/1440
f 7930/4316/1441 7932/4318/1442 7931/4319/1442 7929/4317/1441
f 7932/4318/1442 7934/4320/1443 7933/4321/1443 7931/4319/1442
f 7934/4320/1443 7936/4322/1444 7935/4323/1444 7933/4321/1443
f 7936/4322/1444 7938/4324/1445 7937/4325/1445 7935/4323/1444
f 7938/4324/1445 7940/4326/1446 7939/4327/1446 7937/4325/1445
f 7940/4326/1446 7942/4328/1447 7941/4329/1447 7939/4327/1446
f 7942/4328/1447 7944/4330/1448 7943/92/1448 7941/4329/1447
f 7944/4330/1448 7946/4331/1449 7945/4332/1449 7943/92/1448
f 7946/4331/1449 7948/4333/1450 7947/4334/1450 7945/4332/1449
f 7948/4333/1450 7950/3814/1451 7949/1345/1451 7947/4334/1450
f 7950/3814/1451 7952/4335/1452 7951/4336/1452 7949/1345/1451
f 7952/4335/1452 7954/4337/1453 7953/4338/1453 7951/4336/1452
f 7954/4337/1453 7956/4339/1454 7955/4340/1454 7953/4338/1453
f 7956/4339/1454 7958/4341/1455 7957/4342/1455 7955/4340/1454
f 7958/4341/1455 7960/4343/1456 7959/4344/1456 7957/4342/1455
f 7960/4343/1456 7962/4345/1457 7961/4346/1457 7959/4344/1456
f 7962/4345/1457 7964/4347/1458 7963/4348/1458 7961/4346/1457
f 7964/4347/1458 7966/4349/1459 7965/4350/1459 7963/4348/1458
f 7966/4349/1459 7968/4351/13 7967/4352/13 7965/4350/1459
f 7968/4351/13 7970/4353/1460 7969/16/1460 7967/4352/13
f 7970/4353/1460 7972/3816/1461 7971/1330/1461 7969/16/1460
f 7972/3816/1461 7974/4354/1462 7973/4355/1462 7971/1330/1461
f 7974/4354/1462 7976/4356/1463 7975/4357/1463 7973/4355/1462
f 7976/4356/1463 7978/4358/1464 7977/4359/1464 7975/4357/1463
f 7978/4358/1464 7980/4360/540 7979/4361/540 7977/4359/1464
f 7980/4360/540 7982/4362/1465 7981/4363/1465 7979/4361/540
f 7982/4362/1465 7984/4364/1466 7983/4365/1466 7981/4363/1465
f 7984/4364/1466 7986/4366/1467 7985/4367/1467 7983/4365/1466
f 7986/4366/1467 7988/4368/1468 7987/4369/1468 7985/4367/1467
f 7988/4368/1468 7990/4370/1469 7989/4371/1469 7987/4369/1468
f 7990/4370/1469 7992/4372/1470 7991/4373/1470 7989/4371/1469
f 7992/4372/1470 7994/3817/1471 7993/1285/1471 7991/4373/1470
f 7994/3817/1471 7996/4374/1472 7995/39/1472 7993/1285/1471
f 7996/4374/1472 7998/4375/1473 7997/4376/1473 7995/39/1472
f 7998/4375/1473 8000/4377/1474 7999/4378/1474 7997/4376/1473
f 8000/4377/1474 8002/4379/1475 8001/4380/1475 7999/4378/1474
f 8002/4379/1475 8004/4381/1476 8003/4382/1476 8001/4380/1475
f 8004/4381/1476 8006/4383/1477 8005/4384/1477 8003/4382/1476
f 8006/4383/1477 8008/4385/604 8007/4386/604 8005/4384/1477
f 8008/4385/604 8010/4387/1478 8009/4388/1478 8007/4386/604
f 8010/4387/1478 8012/4389/1479 8011/4390/1479 8009/4388/1478
f 8012/4389/1479 8014/4391/1480 8013/4392/1480 8011/4390/1479
f 8014/4391/1480 8016/3819/1481 8015/1266/1481 8013/4392/1480
f 8016/3819/1481 8018/4393/1482 8017/4394/1482 8015/1266/1481
f 8018/4393/1482 8020/4395/1483 8019/4396/1483 8017/4394/1482
f 8020/4395/1483 8022/4397/1484 8021/61/1484 8019/4396/1483
f 8022/4397/1484 8024/4398/1485 8023/4399/1485 8021/61/1484
f 8024/4398/1485 8026/4400/1486 8025/4401/1486 8023/4399/1485
f 8026/4400/1486 8028/4402/1487 8027/4403/1487 8025/4401/1486
f 8028/4402/1487 8030/4404/1488 8029/4405/1488 8027/4403/1487
f 8030/4404/1488 8032/4406/1489 8031/4407/1489 8029/4405/1488
f 8032/4406/1489 8034/4408/1490 8033/4409/1490 8031/4407/1489
f 8034/4408/1490 8036/4410/1491 8035/4411/1491 8033/4409/1490
f 8036/4410/1491 8038/3821/1492 8037/1281/1492 8035/4411/1491
f 8038/3821/1492 8040/4412/1493 8039/4413/1493 8037/1281/1492
f 8040/4412/1493 8042/4414/1494 8041/4415/1494 8039/4413/1493
f 8042/4414/1494 8044/4416/1495 8043/4417/1495 8041/4415/1494
f 8044/4416/1495 8046/4418/553 8045/4419/553 8043/4417/1495
f 8046/4418/553 8048/4420/1496 8047/66/1496 8045/4419/553
f 8048/4420/1496 8050/4421/1497 8049/4422/1497 8047/66/1496
f 8050/4421/1497 8052/4423/1498 8051/4424/1498 8049/4422/1497
f 8052/4423/1498 8054/4425/1499 8053/4426/1499 8051/4424/1498
f 8054/4425/1499 8056/4427/1500 8055/4428/1500 8053/4426/1499
f 8056/4427/1500 8058/4429/1501 8057/4430/1501 8055/4428/1500
f 8058/4429/1501 8060/3823/1502 8059/1310/1502 8057/4430/1501
f 8060/3823/1502 8062/4431/1503 8061/4432/1503 8059/1310/1502
f 8062/4431/1503 8064/4433/1504 8063/4434/1504 8061/4432/1503
f 8064/4433/1504 8066/4435/840 8065/4436/840 8063/4434/1504
f 8066/4435/840 8068/4437/1505 8067/4438/1505 8065/4436/840
f 8068/4437/1505 8070/4439/1506 8069/4440/1506 8067/4438/1505
f 8070/4439/1506 8072/4441/1507 8071/4442/1507 8069/4440/1506
f 8072/4441/1507 8074/4443/1508 8073/44/1508 8071/4442/1507
f 8074/4443/1508 8076/4444/1509 8075/4445/1509 8073/44/1508
f 8076/4444/1509 8078/4446/1510 8077/4447/1510 8075/4445/1509
f 8078/4446/1510 8080/4448/1511 8079/4449/1511 8077/4447/1510
f 8080/4448/1511 8082/3825/1512 8081/1300/1512 8079/4449/1511
f 8082/3825/1512 8084/4450/1513 8083/4451/1513 8081/1300/1512
f 8084/4450/1513 8086/4452/1514 8085/4453/1514 8083/4451/1513
f 8086/4452/1514 8088/4454/1515 8087/4455/1515 8085/4453/1514
f 8088/4454/1515 8090/4456/1516 8089/4457/1516 8087/4455/1515
f 8090/4456/1516 8092/4458/1517 8091/4459/1517 8089/4457/1516
f 8092/4458/1517 8094/4460/1518 8093/4461/1518 8091/4459/1517
f 8094/4460/1518 8096/4462/1519 8095/4463/1519 8093/4461/1518
f 8096/4462/1519 8098/4464/1520 8097/4465/1520 8095/4463/1519
f 8098/4464/1520 8100/4466/1521 8099/23/1521 8097/4465/1520
f 8100/4466/1521 8102/4467/1324 8101/4468/1324 8099/23/1521
f 8102/4467/1324 8104/3827/1522 8103/1316/1522 8101/4468/1324
f 8104/3827/1522 8106/4469/1523 8105/4470/1523 8103/1316/1522
f 8106/4469/1523 8108/4471/1524 8107/4472/1524 8105/4470/1523
f 8108/4471/1524 8110/4473/1525 8109/4474/1525 8107/4472/1524
f 8110/4473/1525 8112/4475/1526 8111/4476/1526 8109/4474/1525
f 8112/4475/1526 8114/4477/1527 8113/4478/1527 8111/4476/1526
f 8114/4477/1527 8116/4479/1528 8115/4480/1528 8113/4478/1527
f 8116/4479/1528 8118/4481/1529 8117/4482/1529 8115/4480/1528
f 8118/4481/1529 8120/4483/1530 8119/4484/1530 8117/4482/1529
f 8120/4483/1530 8122/4485/1531 8121/4486/1531 8119/4484/1530
f 8122/4485/1531 8124/4487/1532 8123/4488/1532 8121/4486/1531
f 8124/4487/1532 7840/1872/12 7839/3/12 8123/4488/1532
f 8126/1830/1533 8128/4489/1534 8127/4490/1534 8125/101/1533
f 8128/4489/1534 8130/4491/1535 8129/4492/1535 8127/4490/1534
f 8130/4491/1535 8132/4493/1536 8131/4494/1536 8129/4492/1535
f 8132/4493/1536 8134/4495/1537 8133/4496/1537 8131/4494/1536
f 8134/4495/1537 8136/4497/1538 8135/4498/1538 8133/4496/1537
f 8136/4497/1538 8138/2425/1506 8137/2426/1506 8135/4498/1538
f 8138/2425/1506 8140/4499/1539 8139/4500/1539 8137/2426/1506
f 8140/4499/1539 8142/4501/1540 8141/4502/1540 8139/4500/1539
f 8142/4501/1540 8144/4503/1541 8143/4504/1541 8141/4502/1540
f 8144/4503/1541 8146/4505/1542 8145/4506/1542 8143/4504/1541
f 8146/4505/1542 8148/4507/1543 8147/4508/1543 8145/4506/1542
f 8148/4507/1543 8150/2435/1544 8149/2436/1544 8147/4508/1543
f 8150/2435/1544 8152/4509/70 8151/4510/70 8149/2436/1544
f 8152/4509/70 8154/4511/70 8153/4512/70 8151/4510/70
f 8154/4511/70 8156/4513/70 8155/4514/70 8153/4512/70
f 8156/4513/70 8158/4515/70 8157/4516/70 8155/4514/70
f 8158/4515/70 8160/4517/70 8159/4518/70 8157/4516/70
f 8160/4517/70 8162/2445/70 8161/1574/70 8159/4518/70
f 8162/2445/70 8164/4519/70 8163/4520/70 8161/1574/70
f 8164/4519/70 8166/4521/70 8165/4522/70 8163/4520/70
f 8166/4521/70 8168/4523/70 8167/4524/70 8165/4522/70
f 8168/4523/70 8170/4525/70 8169/4526/70 8167/4524/70
f 8170/4525/70 8172/4527/70 8171/4528/70 8169/4526/70
f 8172/4527/70 8174/2454/1545 8173/2455/1545 8171/4528/70
f 8174/2454/1545 8176/4529/1546 8175/4530/1546 8173/2455/1545
f 8176/4529/1546 8178/4531/1547 8177/4532/1547 8175/4530/1546
f 8178/4531/1547 8180/2823/1548 8179/2824/1548 8177/4532/1547
f 8180/2823/1548 8182/4533/1549 8181/4534/1549 8179/2824/1548
f 8182/4533/1549 8184/4535/1550 8183/4536/1550 8181/4534/1549
f 8184/4535/1550 8186/2464/1551 8185/2465/1551 8183/4536/1550
f 8186/2464/1551 8188/4537/1552 8187/4538/1552 8185/2465/1551
f 8188/4537/1552 8190/4539/1553 8189/4540/1553 8187/4538/1552
f 8190/4539/1553 8192/4541/1554 8191/4542/1554 8189/4540/1553
f 8192/4541/1554 8194/4543/1555 8193/4544/1555 8191/4542/1554
f 8194/4543/1555 8196/4545/1556 8195/4546/1556 8193/4544/1555
f 8196/4545/1556 8198/2472/1557 8197/1585/1557 8195/4546/1556
f 8198/2472/1557 8200/4547/1558 8199/4548/1558 8197/1585/1557
f 8200/4547/1558 8202/4549/1559 8201/4550/1559 8199/4548/1558
f 8202/4549/1559 8204/4551/1560 8203/4552/1560 8201/4550/1559
f 8204/4551/1560 8206/4553/1561 8205/4554/1561 8203/4552/1560
f 8206/4553/1561 8208/4555/1562 8207/4556/1562 8205/4554/1561
f 8208/4555/1562 8210/2481/1563 8209/2482/1563 8207/4556/1562
f 8210/2481/1563 8212/4557/1564 8211/4558/1564 8209/2482/1563
f 8212/4557/1564 8214/4559/1565 8213/4560/1565 8211/4558/1564
f 8214/4559/1565 8216/4561/1566 8215/4562/1566 8213/4560/1565
f 8216/4561/1566 8218/4563/1567 8217/4564/1567 8215/4562/1566
f 8218/4563/1567 8220/4565/1568 8219/4566/1568 8217/4564/1567
f 8220/4565/1568 8222/2491/582 8221/2492/582 8219/4566/1568
f 8222/2491/582 8224/4567/1569 8223/4568/1569 8221/2492/582
f 8224/4567/1569 8226/4569/490 8225/4570/490 8223/4568/1569
f 8226/4569/490 8228/4571/490 8227/4572/490 8225/4570/490
f 8228/4571/490 8230/4573/490 8229/4574/490 8227/4572/490
f 8230/4573/490 8232/4575/490 8231/4576/490 8229/4574/490
f 8232/4575/490 8234/2501/490 8233/878/490 8231/4576/490
f 8234/2501/490 8236/4577/490 8235/4578/490 8233/878/490
f 8236/4577/490 8238/4579/490 8237/4580/490 8235/4578/490
f 8238/4579/490 8240/4581/490 8239/4582/490 8237/4580/490
f 8240/4581/490 8242/4583/490 8241/4584/490 8239/4582/490
f 8242/4583/490 8244/4585/490 8243/4586/490 8241/4584/490
f 8244/4585/490 8246/2510/490 8245/2511/490 8243/4586/490
f 8246/2510/490 8248/4587/1570 8247/4588/1570 8245/2511/490
f 8248/4587/1570 8250/4589/1571 8249/4590/1571 8247/4588/1570
f 8250/4589/1571 8252/4591/1572 8251/4592/1572 8249/4590/1571
f 8252/4591/1572 8254/4593/1573 8253/4594/1573 8251/4592/1572
f 8254/4593/1573 8256/4595/1574 8255/4596/1574 8253/4594/1573
f 8256/4595/1574 8258/2518/1575 8257/2519/1575 8255/4596/1574
f 8258/2518/1575 8260/4597/1423 8259/4598/1423 8257/2519/1575
f 8260/4597/1423 8262/4599/1576 8261/4600/1576 8259/4598/1423
f 8262/4599/1576 8264/4601/1577 8263/4602/1577 8261/4600/1576
f 8264/4601/1577 8266/4603/1578 8265/4604/1578 8263/4602/1577
f 8266/4603/1578 8268/4605/1579 8267/4606/1579 8265/4604/1578
f 8268/4605/1579 8270/2528/1580 8269/1639/1580 8267/4606/1579
f 8270/2528/1580 8272/4607/1581 8271/4608/1581 8269/1639/1580
f 8272/4607/1581 8274/4609/1582 8273/4610/1582 8271/4608/1581
f 8274/4609/1582 8276/4611/1583 8275/4612/1583 8273/4610/1582
f 8276/4611/1583 8278/4613/1584 8277/4614/1584 8275/4612/1583
f 8278/4613/1584 8280/4615/1585 8279/4616/1585 8277/4614/1584
f 8280/4615/1585 8282/2537/1586 8281/2538/1586 8279/4616/1585
f 8282/2537/1586 8284/4617/1587 8283/4618/1587 8281/2538/1586
f 8284/4617/1587 8286/4619/1588 8285/4620/1588 8283/4618/1587
f 8286/4619/1588 8288/1851/1589 8287/433/1589 8285/4620/1588
f 8288/1851/1589 8290/4621/1590 8289/4622/1590 8287/433/1589
f 8290/4621/1590 8292/4623/1591 8291/4624/1591 8289/4622/1590
f 8292/4623/1591 8294/2547/1592 8293/2548/1592 8291/4624/1591
f 8294/2547/1592 8296/4625/1593 8295/4626/1593 8293/2548/1592
f 8296/4625/1593 8298/4627/1594 8297/4628/1594 8295/4626/1593
f 8298/4627/1594 8300/4629/1595 8299/4630/1595 8297/4628/1594
f 8300/4629/1595 8302/4631/1596 8301/4632/1596 8299/4630/1595
f 8302/4631/1596 8304/4633/1597 8303/4634/1597 8301/4632/1596
f 8304/4633/1597 8306/2557/1598 8305/1671/1598 8303/4634/1597
f 8306/2557/1598 8308/4635/1599 8307/4636/1599 8305/1671/1598
f 8308/4635/1599 8310/4637/1600 8309/4638/1600 8307/4636/1599
f 8310/4637/1600 8312/4639/1601 8311/4640/1601 8309/4638/1600
f 8312/4639/1601 8314/4641/1602 8313/4642/1602 8311/4640/1601
f 8314/4641/1602 8316/4643/1603 8315/4644/1603 8313/4642/1602
f 8316/4643/1603 8318/2566/1593 8317/2567/1593 8315/4644/1603
f 8318/2566/1593 8320/4645/1604 8319/4646/1604 8317/2567/1593
f 8320/4645/1604 8322/4647/1605 8321/4648/1605 8319/4646/1604
f 8322/4647/1605 8324/4649/1606 8323/4650/1606 8321/4648/1605
f 8324/4649/1606 8326/4651/1607 8325/4652/1607 8323/4650/1606
f 8326/4651/1607 8328/4653/1461 8327/4654/1461 8325/4652/1607
f 8328/4653/1461 8330/2574/1608 8329/2575/1608 8327/4654/1461
f 8330/2574/1608 8332/4655/1609 8331/4656/1609 8329/2575/1608
f 8332/4655/1609 8334/4657/1610 8333/4658/1610 8331/4656/1609
f 8334/4657/1610 8336/4659/1611 8335/4660/1611 8333/4658/1610
f 8336/4659/1611 8338/4661/1612 8337/4662/1612 8335/4660/1611
f 8338/4661/1612 8340/4663/1613 8339/4664/1613 8337/4662/1612
f 8340/4663/1613 8342/2584/1614 8341/771/1614 8339/4664/1613
f 8342/2584/1614 8344/4665/1615 8343/4666/1615 8341/771/1614
f 8344/4665/1615 8346/4667/1616 8345/4668/1616 8343/4666/1615
f 8346/4667/1616 8348/4669/1617 8347/4670/1617 8345/4668/1616
f 8348/4669/1617 8350/4671/1618 8349/4672/1618 8347/4670/1617
f 8350/4671/1618 8352/4673/1619 8351/4674/1619 8349/4672/1618
f 8352/4673/1619 8354/2593/1620 8353/2594/1620 8351/4674/1619
f 8354/2593/1620 8356/4675/1621 8355/4676/1621 8353/2594/1620
f 8356/4675/1621 8358/4677/1622 8357/4678/1622 8355/4676/1621
f 8358/4677/1622 8360/4679/1623 8359/4680/1623 8357/4678/1622
f 8360/4679/1623 8362/4681/1624 8361/4682/1624 8359/4680/1623
f 8362/4681/1624 8364/4683/1625 8363/4684/1625 8361/4682/1624
f 8364/4683/1625 8366/2603/1626 8365/2604/1626 8363/4684/1625
f 8366/2603/1626 8368/4685/1627 8367/4686/1627 8365/2604/1626
f 8368/4685/1627 8370/4687/1628 8369/4688/1628 8367/4686/1627
f 8370/4687/1628 8372/4689/1629 8371/4690/1629 8369/4688/1628
f 8372/4689/1629 8374/4691/1630 8373/4692/1630 8371/4690/1629
f 8374/4691/1630 8376/4693/70 8375/4694/70 8373/4692/1630
f 8376/4693/70 8378/2613/70 8377/1562/70 8375/4694/70
f 8378/2613/70 8380/4695/70 8379/4696/70 8377/1562/70
f 8380/4695/70 8382/4697/70 8381/4698/70 8379/4696/70
f 8382/4697/70 8384/4699/70 8383/4700/70 8381/4698/70
f 8384/4699/70 8386/4701/70 8385/4702/70 8383/4700/70
f 8386/4701/70 8388/4703/70 8387/4704/70 8385/4702/70
f 8388/4703/70 8390/2620/70 8389/2621/70 8387/4704/70
f 8390/2620/70 8392/4705/70 8391/4706/70 8389/2621/70
f 8392/4705/70 8394/4707/70 8393/4708/70 8391/4706/70
f 8394/4707/70 8396/2861/70 8395/2862/70 8393/4708/70
f 8396/2861/70 8398/4709/1631 8397/4710/1631 8395/2862/70
f 8398/4709/1631 8400/4711/1632 8399/4712/1632 8397/4710/1631
f 8400/4711/1632 8402/2630/1633 8401/2631/1633 8399/4712/1632
f 8402/2630/1633 8404/4713/1634 8403/4714/1634 8401/2631/1633
f 8404/4713/1634 8406/4715/1635 8405/4716/1635 8403/4714/1634
f 8406/4715/1635 8408/4717/1636 8407/4718/1636 8405/4716/1635
f 8408/4717/1636 8410/4719/1637 8409/4720/1637 8407/4718/1636
f 8410/4719/1637 8412/4721/1638 8411/4722/1638 8409/4720/1637
f 8412/4721/1638 8414/2640/1639 8413/1618/1639 8411/4722/1638
f 8414/2640/1639 8416/4723/1640 8415/4724/1640 8413/1618/1639
f 8416/4723/1640 8418/4725/1641 8417/4726/1641 8415/4724/1640
f 8418/4725/1641 8420/4727/1642 8419/4728/1642 8417/4726/1641
f 8420/4727/1642 8422/4729/1643 8421/4730/1643 8419/4728/1642
f 8422/4729/1643 8424/4731/1644 8423/4732/1644 8421/4730/1643
f 8424/4731/1644 8426/2649/1645 8425/2650/1645 8423/4732/1644
f 8426/2649/1645 8428/4733/1646 8427/4734/1646 8425/2650/1645
f 8428/4733/1646 8430/4735/1647 8429/4736/1647 8427/4734/1646
f 8430/4735/1647 8432/4737/1648 8431/4738/1648 8429/4736/1647
f 8432/4737/1648 8434/4739/1649 8433/4740/1649 8431/4738/1648
f 8434/4739/1649 8436/4741/1650 8435/4742/1650 8433/4740/1649
f 8436/4741/1650 8438/2659/1651 8437/2660/1651 8435/4742/1650
f 8438/2659/1651 8440/4743/1652 8439/4744/1652 8437/2660/1651
f 8440/4743/1652 8442/4745/1653 8441/4746/1653 8439/4744/1652
f 8442/4745/1653 8444/4747/1654 8443/4748/1654 8441/4746/1653
f 8444/4747/1654 8446/4749/1655 8445/4750/1655 8443/4748/1654
f 8446/4749/1655 8448/4751/1532 8447/4752/1532 8445/4750/1655
f 8448/4751/1532 8126/1872/1533 8125/3/1533 8447/4752/1532
f 8450/1830/490 8452/2669/490 8451/2670/490 8449/101/490
f 8452/2669/490 8454/2671/490 8453/2672/490 8451/2670/490
f 8454/2671/490 8456/2673/490 8455/2674/490 8453/2672/490
f 8456/2673/490 8458/2675/490 8457/2676/490 8455/2674/490
f 8458/2675/490 8460/2677/490 8459/2678/490 8457/2676/490
f 8460/2677/490 8462/2679/490 8461/2680/490 8459/2678/490
f 8462/2679/490 8464/2681/490 8463/2682/490 8461/2680/490
f 8464/2681/490 8466/2683/490 8465/2684/490 8463/2682/490
f 8466/2683/490 8468/2685/490 8467/2686/490 8465/2684/490
f 8468/2685/490 8470/2687/490 8469/2688/490 8467/2686/490
f 8470/2687/490 8472/2689/1656 8471/2690/1656 8469/2688/490
f 8472/2689/1656 8474/2691/1657 8473/2692/1657 8471/2690/1656
f 8474/2691/1657 8476/2693/1658 8475/2694/1658 8473/2692/1657
f 8476/2693/1658 8478/2695/1659 8477/2696/1659 8475/2694/1658
f 8478/2695/1659 8480/2697/1660 8479/2698/1660 8477/2696/1659
f 8480/2697/1660 8482/2699/1661 8481/2700/1661 8479/2698/1660
f 8482/2699/1661 8484/2701/963 8483/2702/963 8481/2700/1661
f 8484/2701/963 8486/2703/1662 8485/2704/1662 8483/2702/963
f 8486/2703/1662 8488/2705/1663 8487/2706/1663 8485/2704/1662
f 8488/2705/1663 8490/2707/1664 8489/2708/1664 8487/2706/1663
f 8490/2707/1664 8492/2709/1665 8491/2710/1665 8489/2708/1664
f 8492/2709/1665 8494/2711/1666 8493/2712/1666 8491/2710/1665
f 8494/2711/1666 8496/2713/1667 8495/2714/1667 8493/2712/1666
f 8496/2713/1667 8498/2715/1668 8497/2716/1668 8495/2714/1667
f 8498/2715/1668 8500/2717/1669 8499/2718/1669 8497/2716/1668
f 8500/2717/1669 8502/2719/1670 8501/2720/1670 8499/2718/1669
f 8502/2719/1670 8504/2721/1671 8503/2722/1671 8501/2720/1670
f 8504/2721/1671 8506/2723/1672 8505/2724/1672 8503/2722/1671
f 8506/2723/1672 8508/2725/1673 8507/2726/1673 8505/2724/1672
f 8508/2725/1673 8510/2727/1674 8509/2728/1674 8507/2726/1673
f 8510/2727/1674 8512/2729/1675 8511/2730/1675 8509/2728/1674
f 8512/2729/1675 8514/2731/1676 8513/2732/1676 8511/2730/1675
f 8514/2731/1676 8516/2733/1677 8515/2734/1677 8513/2732/1676
f 8516/2733/1677 8518/2735/1678 8517/2736/1678 8515/2734/1677
f 8518/2735/1678 8520/2737/1679 8519/2738/1679 8517/2736/1678
f 8520/2737/1679 8522/2739/1680 8521/2740/1680 8519/2738/1679
f 8522/2739/1680 8524/1851/70 8523/433/70 8521/2740/1680
f 8524/1851/70 8526/2741/70 8525/2742/70 8523/433/70
f 8526/2741/70 8528/2743/70 8527/2744/70 8525/2742/70
f 8528/2743/70 8530/2745/70 8529/2746/70 8527/2744/70
f 8530/2745/70 8532/2747/70 8531/2748/70 8529/2746/70
f 8532/2747/70 8534/2749/70 8533/2750/70 8531/2748/70
f 8534/2749/70 8536/2751/70 8535/2752/70 8533/2750/70
f 8536/2751/70 8538/2753/70 8537/2754/70 8535/2752/70
f 8538/2753/70 8540/2755/70 8539/2756/70 8537/2754/70
f 8540/2755/70 8542/2757/70 8541/2758/70 8539/2756/70
f 8542/2757/70 8544/2759/70 8543/2760/70 8541/2758/70
f 8544/2759/70 8546/2761/1681 8545/2762/1681 8543/2760/70
f 8546/2761/1681 8548/2763/1682 8547/2764/1682 8545/2762/1681
f 8548/2763/1682 8550/2765/1683 8549/2766/1683 8547/2764/1682
f 8550/2765/1683 8552/2767/1684 8551/2768/1684 8549/2766/1683
f 8552/2767/1684 8554/2769/1685 8553/2770/1685 8551/2768/1684
f 8554/2769/1685 8556/2771/1686 8555/2772/1686 8553/2770/1685
f 8556/2771/1686 8558/2773/1549 8557/2774/1549 8555/2772/1686
f 8558/2773/1549 8560/2775/1687 8559/2776/1687 8557/2774/1549
f 8560/2775/1687 8562/2777/1553 8561/2778/1553 8559/2776/1687
f 8562/2777/1553 8564/2779/1688 8563/2780/1688 8561/2778/1553
f 8564/2779/1688 8566/2781/1689 8565/2782/1689 8563/2780/1688
f 8566/2781/1689 8568/2783/1690 8567/2784/1690 8565/2782/1689
f 8568/2783/1690 8570/2785/1691 8569/2786/1691 8567/2784/1690
f 8570/2785/1691 8572/2787/1692 8571/2788/1692 8569/2786/1691
f 8572/2787/1692 8574/2789/1693 8573/2790/1693 8571/2788/1692
f 8574/2789/1693 8576/2791/1694 8575/2792/1694 8573/2790/1693
f 8576/2791/1694 8578/2793/1695 8577/2794/1695 8575/2792/1694
f 8578/2793/1695 8580/2795/1696 8579/2796/1696 8577/2794/1695
f 8580/2795/1696 8582/2797/1697 8581/2798/1697 8579/2796/1696
f 8582/2797/1697 8584/2799/1364 8583/2800/1364 8581/2798/1697
f 8584/2799/1364 8586/2801/1698 8585/2802/1698 8583/2800/1364
f 8586/2801/1698 8588/2803/1699 8587/2804/1699 8585/2802/1698
f 8588/2803/1699 8590/2805/1700 8589/2806/1700 8587/2804/1699
f 8590/2805/1700 8592/2807/1701 8591/2808/1701 8589/2806/1700
f 8592/2807/1701 8594/2809/1702 8593/2810/1702 8591/2808/1701
f 8594/2809/1702 8596/2811/1703 8595/2812/1703 8593/2810/1702
f 8596/2811/1703 8450/1872/490 8449/3/490 8595/2812/1703
f 8598/1830/418 8600/2669/419 8599/2670/419 8597/101/418
f 8600/2669/419 8602/2671/420 8601/2672/420 8599/2670/419
f 8602/2671/420 8604/2673/421 8603/2674/421 8601/2672/420
f 8604/2673/421 8606/2675/422 8605/2676/422 8603/2674/421
f 8606/2675/422 8608/2677/423 8607/2678/423 8605/2676/422
f 8608/2677/423 8610/2679/424 8609/2680/424 8607/2678/423
f 8610/2679/424 8612/2681/1704 8611/2682/1704 8609/2680/424
f 8612/2681/1704 8614/2683/426 8613/2684/426 8611/2682/1704
f 8614/2683/426 8616/2685/427 8615/2686/427 8613/2684/426
f 8616/2685/427 8618/2687/428 8617/2688/428 8615/2686/427
f 8618/2687/428 8620/2689/429 8619/2690/429 8617/2688/428
f 8620/2689/429 8622/2691/430 8621/2692/430 8619/2690/429
f 8622/2691/430 8624/2693/431 8623/2694/431 8621/2692/430
f 8624/2693/431 8626/2695/432 8625/2696/432 8623/2694/431
f 8626/2695/432 8628/2697/1705 8627/2698/1705 8625/2696/432
f 8628/2697/1705 8630/2699/434 8629/2700/434 8627/2698/1705
f 8630/2699/434 8632/2701/435 8631/2702/435 8629/2700/434
f 8632/2701/435 8634/2703/1394 8633/2704/1394 8631/2702/435
f 8634/2703/1394 8636/2705/437 8635/2706/437 8633/2704/1394
f 8636/2705/437 8638/2707/438 8637/2708/438 8635/2706/437
f 8638/2707/438 8640/2709/439 8639/2710/439 8637/2708/438
f 8640/2709/439 8642/2711/440 8641/2712/440 8639/2710/439
f 8642/2711/440 8644/2713/1599 8643/2714/1599 8641/2712/440
f 8644/2713/1599 8646/2715/442 8645/2716/442 8643/2714/1599
f 8646/2715/442 8648/2717/443 8647/2718/443 8645/2716/442
f 8648/2717/443 8650/2719/444 8649/2720/444 8647/2718/443
f 8650/2719/444 8652/2721/445 8651/2722/445 8649/2720/444
f 8652/2721/445 8654/2723/1706 8653/2724/1706 8651/2722/445
f 8654/2723/1706 8656/2725/447 8655/2726/447 8653/2724/1706
f 8656/2725/447 8658/2727/448 8657/2728/448 8655/2726/447
f 8658/2727/448 8660/2729/449 8659/2730/449 8657/2728/448
f 8660/2729/449 8662/2731/450 8661/2732/450 8659/2730/449
f 8662/2731/450 8664/2733/451 8663/2734/451 8661/2732/450
f 8664/2733/451 8666/2735/452 8665/2736/452 8663/2734/451
f 8666/2735/452 8668/2737/453 8667/2738/453 8665/2736/452
f 8668/2737/453 8670/2739/70 8669/2740/70 8667/2738/453
f 8670/2739/70 8672/1851/454 8671/433/454 8669/2740/70
f 8672/1851/454 8674/2741/455 8673/2742/455 8671/433/454
f 8674/2741/455 8676/2743/456 8675/2744/456 8673/2742/455
f 8676/2743/456 8678/2745/457 8677/2746/457 8675/2744/456
f 8678/2745/457 8680/2747/458 8679/2748/458 8677/2746/457
f 8680/2747/458 8682/2749/1707 8681/2750/1707 8679/2748/458
f 8682/2749/1707 8684/2751/460 8683/2752/460 8681/2750/1707
f 8684/2751/460 8686/2753/461 8685/2754/461 8683/2752/460
f 8686/2753/461 8688/2755/462 8687/2756/462 8685/2754/461
f 8688/2755/462 8690/2757/1708 8689/2758/1708 8687/2756/462
f 8690/2757/1708 8692/2759/464 8691/2760/464 8689/2758/1708
f 8692/2759/464 8694/2761/465 8693/2762/465 8691/2760/464
f 8694/2761/465 8696/2763/1709 8695/2764/1709 8693/2762/465
f 8696/2763/1709 8698/2765/467 8697/2766/467 8695/2764/1709
f 8698/2765/467 8700/2767/1710 8699/2768/1710 8697/2766/467
f 8700/2767/1710 8702/2769/469 8701/2770/469 8699/2768/1710
f 8702/2769/469 8704/2771/470 8703/2772/470 8701/2770/469
f 8704/2771/470 8706/2773/1711 8705/2774/1711 8703/2772/470
f 8706/2773/1711 8708/2775/472 8707/2776/472 8705/2774/1711
f 8708/2775/472 8710/2777/473 8709/2778/473 8707/2776/472
f 8710/2777/473 8712/2779/1712 8711/2780/1712 8709/2778/473
f 8712/2779/1712 8714/2781/475 8713/2782/475 8711/2780/1712
f 8714/2781/475 8716/2783/476 8715/2784/476 8713/2782/475
f 8716/2783/476 8718/2785/477 8717/2786/477 8715/2784/476
f 8718/2785/477 8720/2787/478 8719/2788/478 8717/2786/477
f 8720/2787/478 8722/2789/479 8721/2790/479 8719/2788/478
f 8722/2789/479 8724/2791/480 8723/2792/480 8721/2790/479
f 8724/2791/480 8726/2793/481 8725/2794/481 8723/2792/480
f 8726/2793/481 8728/2795/482 8727/2796/482 8725/2794/481
f 8728/2795/482 8730/2797/483 8729/2798/483 8727/2796/482
f 8730/2797/483 8732/2799/484 8731/2800/484 8729/2798/483
f 8732/2799/484 8734/2801/485 8733/2802/485 8731/2800/484
f 8734/2801/485 8736/2803/486 8735/2804/486 8733/2802/485
f 8736/2803/486 8738/2805/487 8737/2806/487 8735/2804/486
f 8738/2805/487 8740/2807/488 8739/2808/488 8737/2806/487
f 8740/2807/488 8742/2809/489 8741/2810/489 8739/2808/488
f 8742/2809/489 8744/2811/490 8743/2812/490 8741/2810/489
f 8744/2811/490 8598/1872/418 8597/3/418 8743/2812/490
f 8746/1830/491 8748/2813/492 8747/2814/492 8745/101/491
f 8748/2813/492 8750/2815/1713 8749/2816/1713 8747/2814/492
f 8750/2815/1713 8752/2393/494 8751/2394/494 8749/2816/1713
f 8752/2393/494 8754/2817/495 8753/2818/495 8751/2394/494
f 8754/2817/495 8756/2819/14 8755/2820/14 8753/2818/495
f 8756/2819/14 8758/2395/496 8757/2396/496 8755/2820/14
f 8758/2395/496 8760/2821/497 8759/2822/497 8757/2396/496
f 8760/2821/497 8762/2823/498 8761/2824/498 8759/2822/497
f 8762/2823/498 8764/2397/1714 8763/2398/1714 8761/2824/498
f 8764/2397/1714 8766/2825/500 8765/2826/500 8763/2398/1714
f 8766/2825/500 8768/2827/70 8767/2828/70 8765/2826/500
f 8768/2827/70 8770/1840/501 8769/1841/501 8767/2828/70
f 8770/1840/501 8772/2829/502 8771/2830/502 8769/1841/501
f 8772/2829/502 8774/2831/503 8773/2832/503 8771/2830/502
f 8774/2831/503 8776/2399/504 8775/2400/504 8773/2832/503
f 8776/2399/504 8778/2501/505 8777/878/505 8775/2400/504
f 8778/2501/505 8780/2833/11 8779/2834/11 8777/878/505
f 8780/2833/11 8782/2401/506 8781/2402/506 8779/2834/11
f 8782/2401/506 8784/2835/507 8783/2836/507 8781/2402/506
f 8784/2835/507 8786/2837/508 8785/2838/508 8783/2836/507
f 8786/2837/508 8788/2403/509 8787/2404/509 8785/2838/508
f 8788/2403/509 8790/2839/510 8789/2840/510 8787/2404/509
f 8790/2839/510 8792/2841/511 8791/2842/511 8789/2840/510
f 8792/2841/511 8794/1851/512 8793/433/512 8791/2842/511
f 8794/1851/512 8796/2843/513 8795/2844/513 8793/433/512
f 8796/2843/513 8798/2845/1715 8797/2846/1715 8795/2844/513
f 8798/2845/1715 8800/2405/515 8799/2406/515 8797/2846/1715
f 8800/2405/515 8802/2847/516 8801/2848/516 8799/2406/515
f 8802/2847/516 8804/2849/12 8803/2850/12 8801/2848/516
f 8804/2849/12 8806/2407/1716 8805/2408/1716 8803/2850/12
f 8806/2407/1716 8808/2851/518 8807/2852/518 8805/2408/1716
f 8808/2851/518 8810/2584/519 8809/771/519 8807/2852/518
f 8810/2584/519 8812/2409/520 8811/2410/520 8809/771/519
f 8812/2409/520 8814/2853/521 8813/2854/521 8811/2410/520
f 8814/2853/521 8816/2855/490 8815/2856/490 8813/2854/521
f 8816/2855/490 8818/1861/522 8817/1862/522 8815/2856/490
f 8818/1861/522 8820/2857/523 8819/2858/523 8817/1862/522
f 8820/2857/523 8822/2859/524 8821/2860/524 8819/2858/523
f 8822/2859/524 8824/2411/525 8823/2412/525 8821/2860/524
f 8824/2411/525 8826/2861/1717 8825/2862/1717 8823/2412/525
f 8826/2861/1717 8828/2863/13 8827/2864/13 8825/2862/1717
f 8828/2863/13 8830/2413/527 8829/2414/527 8827/2864/13
f 8830/2413/527 8832/2865/528 8831/2866/528 8829/2414/527
f 8832/2865/528 8834/2867/529 8833/2868/529 8831/2866/528
f 8834/2867/529 8836/2415/530 8835/2416/530 8833/2868/529
f 8836/2415/530 8838/2869/531 8837/2870/531 8835/2416/530
f 8838/2869/531 8840/2871/532 8839/2872/532 8837/2870/531
f 8840/2871/532 8746/1872/491 8745/3/491 8839/2872/532
f 8842/1830/418 8844/2669/419 8843/2670/419 8841/101/418
f 8844/2669/419 8846/2671/420 8845/2672/420 8843/2670/419
f 8846/2671/420 8848/2673/421 8847/2674/421 8845/2672/420
f 8848/2673/421 8850/2675/422 8849/2676/422 8847/2674/421
f 8850/2675/422 8852/2677/423 8851/2678/423 8849/2676/422
f 8852/2677/423 8854/2679/1718 8853/2680/1718 8851/2678/423
f 8854/2679/1718 8856/2681/425 8855/2682/425 8853/2680/1718
f 8856/2681/425 8858/2683/426 8857/2684/426 8855/2682/425
f 8858/2683/426 8860/2685/427 8859/2686/427 8857/2684/426
f 8860/2685/427 8862/2687/428 8861/2688/428 8859/2686/427
f 8862/2687/428 8864/2689/429 8863/2690/429 8861/2688/428
f 8864/2689/429 8866/2691/430 8865/2692/430 8863/2690/429
f 8866/2691/430 8868/2693/431 8867/2694/431 8865/2692/430
f 8868/2693/431 8870/2695/432 8869/2696/432 8867/2694/431
f 8870/2695/432 8872/2697/433 8871/2698/433 8869/2696/432
f 8872/2697/433 8874/2699/434 8873/2700/434 8871/2698/433
f 8874/2699/434 8876/2701/435 8875/2702/435 8873/2700/434
f 8876/2701/435 8878/2703/436 8877/2704/436 8875/2702/435
f 8878/2703/436 8880/2705/437 8879/2706/437 8877/2704/436
f 8880/2705/437 8882/2707/438 8881/2708/438 8879/2706/437
f 8882/2707/438 8884/2709/776 8883/2710/776 8881/2708/438
f 8884/2709/776 8886/2711/440 8885/2712/440 8883/2710/776
f 8886/2711/440 8888/2713/1599 8887/2714/1599 8885/2712/440
f 8888/2713/1599 8890/2715/442 8889/2716/442 8887/2714/1599
f 8890/2715/442 8892/2717/1719 8891/2718/1719 8889/2716/442
f 8892/2717/1719 8894/2719/444 8893/2720/444 8891/2718/1719
f 8894/2719/444 8896/2721/445 8895/2722/445 8893/2720/444
f 8896/2721/445 8898/2723/446 8897/2724/446 8895/2722/445
f 8898/2723/446 8900/2725/447 8899/2726/447 8897/2724/446
f 8900/2725/447 8902/2727/448 8901/2728/448 8899/2726/447
f 8902/2727/448 8904/2729/449 8903/2730/449 8901/2728/448
f 8904/2729/449 8906/2731/450 8905/2732/450 8903/2730/449
f 8906/2731/450 8908/2733/451 8907/2734/451 8905/2732/450
f 8908/2733/451 8910/2735/452 8909/2736/452 8907/2734/451
f 8910/2735/452 8912/2737/453 8911/2738/453 8909/2736/452
f 8912/2737/453 8914/2739/70 8913/2740/70 8911/2738/453
f 8914/2739/70 8916/1851/1720 8915/433/1720 8913/2740/70
f 8916/1851/1720 8918/2741/455 8917/2742/455 8915/433/1720
f 8918/2741/455 8920/2743/456 8919/2744/456 8917/2742/455
f 8920/2743/456 8922/2745/457 8921/2746/457 8919/2744/456
f 8922/2745/457 8924/2747/458 8923/2748/458 8921/2746/457
f 8924/2747/458 8926/2749/459 8925/2750/459 8923/2748/458
f 8926/2749/459 8928/2751/460 8927/2752/460 8925/2750/459
f 8928/2751/460 8930/2753/1721 8929/2754/1721 8927/2752/460
f 8930/2753/1721 8932/2755/462 8931/2756/462 8929/2754/1721
f 8932/2755/462 8934/2757/1708 8933/2758/1708 8931/2756/462
f 8934/2757/1708 8936/2759/464 8935/2760/464 8933/2758/1708
f 8936/2759/464 8938/2761/465 8937/2762/465 8935/2760/464
f 8938/2761/465 8940/2763/1709 8939/2764/1709 8937/2762/465
f 8940/2763/1709 8942/2765/467 8941/2766/467 8939/2764/1709
f 8942/2765/467 8944/2767/1710 8943/2768/1710 8941/2766/467
f 8944/2767/1710 8946/2769/469 8945/2770/469 8943/2768/1710
f 8946/2769/469 8948/2771/470 8947/2772/470 8945/2770/469
f 8948/2771/470 8950/2773/471 8949/2774/471 8947/2772/470
f 8950/2773/471 8952/2775/472 8951/2776/472 8949/2774/471
f 8952/2775/472 8954/2777/473 8953/2778/473 8951/2776/472
f 8954/2777/473 8956/2779/1712 8955/2780/1712 8953/2778/473
f 8956/2779/1712 8958/2781/475 8957/2782/475 8955/2780/1712
f 8958/2781/475 8960/2783/476 8959/2784/476 8957/2782/475
f 8960/2783/476 8962/2785/477 8961/2786/477 8959/2784/476
f 8962/2785/477 8964/2787/478 8963/2788/478 8961/2786/477
f 8964/2787/478 8966/2789/479 8965/2790/479 8963/2788/478
f 8966/2789/479 8968/2791/480 8967/2792/480 8965/2790/479
f 8968/2791/480 8970/2793/481 8969/2794/481 8967/2792/480
f 8970/2793/481 8972/2795/1722 8971/2796/1722 8969/2794/481
f 8972/2795/1722 8974/2797/1723 8973/2798/1723 8971/2796/1722
f 8974/2797/1723 8976/2799/484 8975/2800/484 8973/2798/1723
f 8976/2799/484 8978/2801/485 8977/2802/485 8975/2800/484
f 8978/2801/485 8980/2803/486 8979/2804/486 8977/2802/485
f 8980/2803/486 8982/2805/487 8981/2806/487 8979/2804/486
f 8982/2805/487 8984/2807/488 8983/2808/488 8981/2806/487
f 8984/2807/488 8986/2809/489 8985/2810/489 8983/2808/488
f 8986/2809/489 8988/2811/490 8987/2812/490 8985/2810/489
f 8988/2811/490 8842/1872/418 8841/3/418 8987/2812/490
f 8990/1830/1724 8992/2813/1725 8991/2814/1725 8989/101/1724
f 8992/2813/1725 8994/2815/1713 8993/2816/1713 8991/2814/1725
f 8994/2815/1713 8996/2393/494 8995/2394/494 8993/2816/1713
f 8996/2393/494 8998/2817/495 8997/2818/495 8995/2394/494
f 8998/2817/495 9000/2819/14 8999/2820/14 8997/2818/495
f 9000/2819/14 9002/2395/496 9001/2396/496 8999/2820/14
f 9002/2395/496 9004/2821/497 9003/2822/497 9001/2396/496
f 9004/2821/497 9006/2823/498 9005/2824/498 9003/2822/497
f 9006/2823/498 9008/2397/499 9007/2398/499 9005/2824/498
f 9008/2397/499 9010/2825/500 9009/2826/500 9007/2398/499
f 9010/2825/500 9012/2827/70 9011/2828/70 9009/2826/500
f 9012/2827/70 9014/1840/501 9013/1841/501 9011/2828/70
f 9014/1840/501 9016/2829/502 9015/2830/502 9013/1841/501
f 9016/2829/502 9018/2831/503 9017/2832/503 9015/2830/502
f 9018/2831/503 9020/2399/504 9019/2400/504 9017/2832/503
f 9020/2399/504 9022/2501/505 9021/878/505 9019/2400/504
f 9022/2501/505 9024/2833/11 9023/2834/11 9021/878/505
f 9024/2833/11 9026/2401/506 9025/2402/506 9023/2834/11
f 9026/2401/506 9028/2835/507 9027/2836/507 9025/2402/506
f 9028/2835/507 9030/2837/508 9029/2838/508 9027/2836/507
f 9030/2837/508 9032/2403/1726 9031/2404/1726 9029/2838/508
f 9032/2403/1726 9034/2839/510 9033/2840/510 9031/2404/1726
f 9034/2839/510 9036/2841/1727 9035/2842/1727 9033/2840/510
f 9036/2841/1727 9038/1851/1728 9037/433/1728 9035/2842/1727
f 9038/1851/1728 9040/2843/1729 9039/2844/1729 9037/433/1728
f 9040/2843/1729 9042/2845/514 9041/2846/514 9039/2844/1729
f 9042/2845/514 9044/2405/515 9043/2406/515 9041/2846/514
f 9044/2405/515 9046/2847/516 9045/2848/516 9043/2406/515
f 9046/2847/516 9048/2849/12 9047/2850/12 9045/2848/516
f 9048/2849/12 9050/2407/517 9049/2408/517 9047/2850/12
f 9050/2407/517 9052/2851/518 9051/2852/518 9049/2408/517
f 9052/2851/518 9054/2584/519 9053/771/519 9051/2852/518
f 9054/2584/519 9056/2409/520 9055/2410/520 9053/771/519
f 9056/2409/520 9058/2853/521 9057/2854/521 9055/2410/520
f 9058/2853/521 9060/2855/490 9059/2856/490 9057/2854/521
f 9060/2855/490 9062/1861/522 9061/1862/522 9059/2856/490
f 9062/1861/522 9064/2857/523 9063/2858/523 9061/1862/522
f 9064/2857/523 9066/2859/524 9065/2860/524 9063/2858/523
f 9066/2859/524 9068/2411/525 9067/2412/525 9065/2860/524
f 9068/2411/525 9070/2861/526 9069/2862/526 9067/2412/525
f 9070/2861/526 9072/2863/13 9071/2864/13 9069/2862/526
f 9072/2863/13 9074/2413/527 9073/2414/527 9071/2864/13
f 9074/2413/527 9076/2865/528 9075/2866/528 9073/2414/527
f 9076/2865/528 9078/2867/1730 9077/2868/1730 9075/2866/528
f 9078/2867/1730 9080/2415/1731 9079/2416/1731 9077/2868/1730
f 9080/2415/1731 9082/2869/531 9081/2870/531 9079/2416/1731
f 9082/2869/531 9084/2871/1732 9083/2872/1732 9081/2870/531
f 9084/2871/1732 8990/1872/1724 8989/3/1724 9083/2872/1732
