# Blender 4.4.1
# www.blender.org
mtllib GameClearFont.mtl
o テキスト.002
v -15.650615 -0.849596 -1.183018
v -15.642803 -0.881629 -1.183018
v -15.630218 -0.912034 -1.183018
v -15.613214 -0.940512 -1.183018
v -15.592148 -0.966762 -1.183018
v -15.567374 -0.990485 -1.183018
v -15.539249 -1.011381 -1.183018
v -15.508128 -1.029150 -1.183018
v -15.474366 -1.043492 -1.183018
v -15.438319 -1.054108 -1.183018
v -15.400342 -1.060697 -1.183018
v -15.360791 -1.062960 -1.183018
v -15.321239 -1.060697 -1.183018
v -15.283261 -1.054108 -1.183018
v -15.247214 -1.043492 -1.183018
v -15.213452 -1.029150 -1.183018
v -15.182331 -1.011381 -1.183018
v -15.154206 -0.990485 -1.183018
v -15.129433 -0.966762 -1.183018
v -15.108367 -0.940512 -1.183018
v -15.091364 -0.912034 -1.183018
v -15.078778 -0.881629 -1.183018
v -15.070966 -0.849596 -1.183018
v -15.068283 -0.816236 -1.183018
v -15.070967 -0.782876 -1.183018
v -15.078779 -0.750843 -1.183018
v -15.091365 -0.720438 -1.183018
v -15.108368 -0.691960 -1.183018
v -15.129435 -0.665710 -1.183018
v -15.154208 -0.641987 -1.183018
v -15.182333 -0.621091 -1.183018
v -15.213454 -0.603322 -1.183018
v -15.247216 -0.588980 -1.183018
v -15.283263 -0.578364 -1.183018
v -15.321239 -0.571774 -1.183018
v -15.360791 -0.569511 -1.183018
v -15.400345 -0.571774 -1.183018
v -15.438321 -0.578364 -1.183018
v -15.474368 -0.588980 -1.183018
v -15.508130 -0.603322 -1.183018
v -15.539251 -0.621091 -1.183018
v -15.567376 -0.641987 -1.183018
v -15.592150 -0.665710 -1.183018
v -15.613216 -0.691960 -1.183018
v -15.630219 -0.720438 -1.183018
v -15.642805 -0.750843 -1.183018
v -15.650618 -0.782876 -1.183018
v -15.653299 -0.816236 -1.183018
v -15.400203 1.811289 -1.183018
v -15.440462 1.798679 -1.183018
v -15.476727 1.777645 -1.183018
v -15.509030 1.748173 -1.183018
v -15.537406 1.710248 -1.183018
v -15.561889 1.663857 -1.183018
v -15.582512 1.608984 -1.183018
v -15.599310 1.545616 -1.183018
v -15.612316 1.473738 -1.183018
v -15.621565 1.393335 -1.183018
v -15.627090 1.304395 -1.183018
v -15.628923 1.206903 -1.183018
v -15.628720 1.162358 -1.183018
v -15.628111 1.119198 -1.183018
v -15.627095 1.077437 -1.183018
v -15.625673 1.037090 -1.183018
v -15.623845 0.998170 -1.183018
v -15.621612 0.960692 -1.183018
v -15.618971 0.924672 -1.183018
v -15.615924 0.890121 -1.183018
v -15.612471 0.857055 -1.183018
v -15.608611 0.825489 -1.183018
v -15.604345 0.795436 -1.183018
v -15.599672 0.766911 -1.183018
v -15.477795 0.059635 -1.183018
v -15.470461 0.016530 -1.183018
v -15.463010 -0.022377 -1.183018
v -15.455322 -0.057173 -1.183018
v -15.447279 -0.087943 -1.183018
v -15.438762 -0.114771 -1.183018
v -15.429651 -0.137744 -1.183018
v -15.419831 -0.156949 -1.183018
v -15.409181 -0.172469 -1.183018
v -15.397583 -0.184391 -1.183018
v -15.384918 -0.192801 -1.183018
v -15.371069 -0.197783 -1.183018
v -15.355916 -0.199426 -1.183018
v -15.340760 -0.197784 -1.183018
v -15.326912 -0.192801 -1.183018
v -15.314247 -0.184391 -1.183018
v -15.302649 -0.172469 -1.183018
v -15.291999 -0.156949 -1.183018
v -15.282179 -0.137745 -1.183018
v -15.273068 -0.114771 -1.183018
v -15.264550 -0.087943 -1.183018
v -15.256507 -0.057174 -1.183018
v -15.248819 -0.022378 -1.183018
v -15.241369 0.016529 -1.183018
v -15.234037 0.059635 -1.183018
v -15.112160 0.766911 -1.183018
v -15.107486 0.795435 -1.183018
v -15.103220 0.825489 -1.183018
v -15.099361 0.857055 -1.183018
v -15.095908 0.890121 -1.183018
v -15.092862 0.924671 -1.183018
v -15.090220 0.960692 -1.183018
v -15.087987 0.998169 -1.183018
v -15.086159 1.037089 -1.183018
v -15.084737 1.077436 -1.183018
v -15.083721 1.119197 -1.183018
v -15.083112 1.162357 -1.183018
v -15.082909 1.206903 -1.183018
v -15.084742 1.304395 -1.183018
v -15.090266 1.393335 -1.183018
v -15.099515 1.473738 -1.183018
v -15.112521 1.545616 -1.183018
v -15.129319 1.608984 -1.183018
v -15.149942 1.663857 -1.183018
v -15.174425 1.710248 -1.183018
v -15.202801 1.748173 -1.183018
v -15.235105 1.777645 -1.183018
v -15.271369 1.798679 -1.183018
v -15.311628 1.811289 -1.183018
v -15.355916 1.815489 -1.183018
v -14.329454 -0.849596 -1.183018
v -14.321642 -0.881629 -1.183018
v -14.309056 -0.912034 -1.183018
v -14.292053 -0.940512 -1.183018
v -14.270988 -0.966762 -1.183018
v -14.246213 -0.990485 -1.183018
v -14.218089 -1.011381 -1.183018
v -14.186968 -1.029150 -1.183018
v -14.153206 -1.043492 -1.183018
v -14.117158 -1.054108 -1.183018
v -14.079182 -1.060697 -1.183018
v -14.039630 -1.062960 -1.183018
v -14.000077 -1.060697 -1.183018
v -13.962101 -1.054108 -1.183018
v -13.926054 -1.043492 -1.183018
v -13.892292 -1.029150 -1.183018
v -13.861171 -1.011381 -1.183018
v -13.833046 -0.990485 -1.183018
v -13.808272 -0.966762 -1.183018
v -13.787207 -0.940512 -1.183018
v -13.770203 -0.912034 -1.183018
v -13.757617 -0.881629 -1.183018
v -13.749805 -0.849596 -1.183018
v -13.747123 -0.816236 -1.183018
v -13.749806 -0.782876 -1.183018
v -13.757618 -0.750843 -1.183018
v -13.770204 -0.720438 -1.183018
v -13.787208 -0.691960 -1.183018
v -13.808273 -0.665710 -1.183018
v -13.833047 -0.641987 -1.183018
v -13.861172 -0.621091 -1.183018
v -13.892293 -0.603322 -1.183018
v -13.926055 -0.588980 -1.183018
v -13.962102 -0.578364 -1.183018
v -14.000079 -0.571774 -1.183018
v -14.039630 -0.569511 -1.183018
v -14.079185 -0.571774 -1.183018
v -14.117161 -0.578364 -1.183018
v -14.153208 -0.588980 -1.183018
v -14.186970 -0.603322 -1.183018
v -14.218091 -0.621091 -1.183018
v -14.246216 -0.641987 -1.183018
v -14.270989 -0.665710 -1.183018
v -14.292055 -0.691960 -1.183018
v -14.309059 -0.720438 -1.183018
v -14.321645 -0.750843 -1.183018
v -14.329456 -0.782876 -1.183018
v -14.332139 -0.816236 -1.183018
v -14.079042 1.811289 -1.183018
v -14.119302 1.798679 -1.183018
v -14.155566 1.777645 -1.183018
v -14.187869 1.748173 -1.183018
v -14.216246 1.710248 -1.183018
v -14.240728 1.663857 -1.183018
v -14.261352 1.608984 -1.183018
v -14.278150 1.545616 -1.183018
v -14.291156 1.473738 -1.183018
v -14.300405 1.393335 -1.183018
v -14.305929 1.304395 -1.183018
v -14.307763 1.206903 -1.183018
v -14.307560 1.162358 -1.183018
v -14.306951 1.119198 -1.183018
v -14.305935 1.077437 -1.183018
v -14.304513 1.037090 -1.183018
v -14.302685 0.998170 -1.183018
v -14.300451 0.960692 -1.183018
v -14.297810 0.924672 -1.183018
v -14.294764 0.890121 -1.183018
v -14.291310 0.857055 -1.183018
v -14.287450 0.825489 -1.183018
v -14.283184 0.795436 -1.183018
v -14.278512 0.766911 -1.183018
v -14.156634 0.059635 -1.183018
v -14.149300 0.016530 -1.183018
v -14.141850 -0.022377 -1.183018
v -14.134162 -0.057173 -1.183018
v -14.126119 -0.087943 -1.183018
v -14.117601 -0.114771 -1.183018
v -14.108491 -0.137744 -1.183018
v -14.098671 -0.156949 -1.183018
v -14.088020 -0.172469 -1.183018
v -14.076423 -0.184391 -1.183018
v -14.063758 -0.192801 -1.183018
v -14.049909 -0.197783 -1.183018
v -14.034756 -0.199426 -1.183018
v -14.019600 -0.197784 -1.183018
v -14.005751 -0.192801 -1.183018
v -13.993086 -0.184391 -1.183018
v -13.981488 -0.172469 -1.183018
v -13.970839 -0.156949 -1.183018
v -13.961018 -0.137745 -1.183018
v -13.951907 -0.114771 -1.183018
v -13.943390 -0.087943 -1.183018
v -13.935347 -0.057174 -1.183018
v -13.927659 -0.022378 -1.183018
v -13.920209 0.016529 -1.183018
v -13.912877 0.059635 -1.183018
v -13.790999 0.766911 -1.183018
v -13.786325 0.795435 -1.183018
v -13.782060 0.825489 -1.183018
v -13.778201 0.857055 -1.183018
v -13.774748 0.890121 -1.183018
v -13.771701 0.924671 -1.183018
v -13.769060 0.960692 -1.183018
v -13.766827 0.998169 -1.183018
v -13.764998 1.037089 -1.183018
v -13.763577 1.077436 -1.183018
v -13.762561 1.119197 -1.183018
v -13.761951 1.162357 -1.183018
v -13.761748 1.206903 -1.183018
v -13.763581 1.304395 -1.183018
v -13.769106 1.393335 -1.183018
v -13.778355 1.473738 -1.183018
v -13.791361 1.545616 -1.183018
v -13.808159 1.608984 -1.183018
v -13.828781 1.663857 -1.183018
v -13.853265 1.710248 -1.183018
v -13.881640 1.748173 -1.183018
v -13.913944 1.777645 -1.183018
v -13.950209 1.798679 -1.183018
v -13.990468 1.811289 -1.183018
v -14.034756 1.815489 -1.183018
v -11.808756 1.772294 -1.183018
v -11.960432 1.753998 -1.183018
v -12.100394 1.723995 -1.183018
v -12.228067 1.682684 -1.183018
v -12.342875 1.630465 -1.183018
v -12.444243 1.567737 -1.183018
v -12.531595 1.494900 -1.183018
v -12.604355 1.412354 -1.183018
v -12.661948 1.320498 -1.183018
v -12.703799 1.219734 -1.183018
v -12.729332 1.110459 -1.183018
v -12.737970 0.993075 -1.183018
v -12.733831 0.913599 -1.183018
v -12.721517 0.837692 -1.183018
v -12.701178 0.765498 -1.183018
v -12.672968 0.697158 -1.183018
v -12.637040 0.632817 -1.183018
v -12.593545 0.572616 -1.183018
v -12.542635 0.516698 -1.183018
v -12.484463 0.465207 -1.183018
v -12.419182 0.418285 -1.183018
v -12.346944 0.376074 -1.183018
v -12.267900 0.338718 -1.183018
v -12.182204 0.306359 -1.183018
v -12.255439 0.262326 -1.183018
v -12.324441 0.214523 -1.183018
v -12.389854 0.162951 -1.183018
v -12.452322 0.107609 -1.183018
v -12.512488 0.048498 -1.183018
v -12.570996 -0.014382 -1.183018
v -12.628489 -0.081032 -1.183018
v -12.685607 -0.151452 -1.183018
v -12.742997 -0.225640 -1.183018
v -12.801301 -0.303598 -1.183018
v -12.861163 -0.385325 -1.183018
v -12.923225 -0.470822 -1.183018
v -12.957470 -0.517240 -1.183018
v -12.989987 -0.560488 -1.183018
v -13.021489 -0.601509 -1.183018
v -13.052688 -0.641244 -1.183018
v -13.084291 -0.680637 -1.183018
v -13.117011 -0.720630 -1.183018
v -13.151561 -0.762165 -1.183018
v -13.188649 -0.806184 -1.183018
v -13.228988 -0.853630 -1.183018
v -13.273287 -0.905445 -1.183018
v -13.322258 -0.962571 -1.183018
v -13.376613 -1.025951 -1.183018
v -12.806222 -1.025951 -1.183018
v -12.367460 -0.450262 -1.183018
v -12.262582 -0.316705 -1.183018
v -12.166676 -0.202852 -1.183018
v -12.078760 -0.107161 -1.183018
v -11.997852 -0.028089 -1.183018
v -11.922971 0.035905 -1.183018
v -11.853133 0.086364 -1.183018
v -11.787359 0.124828 -1.183018
v -11.724665 0.152842 -1.183018
v -11.664069 0.171946 -1.183018
v -11.604592 0.183682 -1.183018
v -11.545250 0.189594 -1.183018
v -11.485061 0.191221 -1.183018
v -11.285180 0.191221 -1.183018
v -11.285180 -1.025951 -1.183018
v -10.807417 -1.025951 -1.183018
v -10.807417 1.778480 -1.183019
v -11.645941 1.778480 -1.183018
v -11.592313 0.553083 -1.183018
v -11.712791 0.557588 -1.183018
v -11.818780 0.570616 -1.183018
v -11.911024 0.591441 -1.183018
v -11.990268 0.619333 -1.183018
v -12.057256 0.653564 -1.183018
v -12.112734 0.693408 -1.183018
v -12.157445 0.738133 -1.183018
v -12.192135 0.787014 -1.183018
v -12.217549 0.839322 -1.183018
v -12.234432 0.894328 -1.183018
v -12.243527 0.951304 -1.183018
v -12.245582 1.009523 -1.183018
v -12.240547 1.073141 -1.183018
v -12.227659 1.132276 -1.183018
v -12.206579 1.186728 -1.183018
v -12.176967 1.236296 -1.183018
v -12.138485 1.280781 -1.183018
v -12.090795 1.319984 -1.183018
v -12.033557 1.353704 -1.183018
v -11.966434 1.381742 -1.183018
v -11.889087 1.403896 -1.183018
v -11.801177 1.419969 -1.183018
v -11.702365 1.429759 -1.183018
v -11.592313 1.433066 -1.183018
v -11.285180 1.433066 -1.183018
v -11.285180 0.553083 -1.183018
v -9.944520 -1.025951 -1.183019
v -9.500883 -0.199426 -1.183019
v -8.087093 -0.199426 -1.183019
v -7.667832 -1.025951 -1.183019
v -7.180319 -1.025951 -1.183019
v -8.608733 1.794929 -1.183019
v -8.945117 1.794929 -1.183019
v -10.432033 -1.025951 -1.183018
v -9.305877 0.162437 -1.183019
v -8.769612 1.178118 -1.183019
v -8.272348 0.162437 -1.183019
v -5.586150 1.416618 -1.183019
v -5.586150 0.569531 -1.183019
v -6.946313 0.569531 -1.183019
v -6.946313 0.207669 -1.183019
v -5.586150 0.207669 -1.183019
v -5.586150 -0.664089 -1.183019
v -7.038940 -0.664089 -1.183019
v -7.038940 -1.025951 -1.183019
v -5.108387 -1.025951 -1.183019
v -5.108387 1.778480 -1.183019
v -6.995064 1.778480 -1.183019
v -6.995064 1.416618 -1.183019
v -4.694000 -0.664089 -1.183019
v -4.694000 -1.025951 -1.183019
v -2.714696 -1.025951 -1.183019
v -2.714696 1.778480 -1.183019
v -3.192459 1.778480 -1.183019
v -3.192459 -0.664089 -1.183019
v -1.999217 1.201517 -1.183019
v -1.900120 1.245034 -1.183019
v -1.802818 1.284068 -1.183019
v -1.706988 1.318690 -1.183019
v -1.612310 1.348971 -1.183019
v -1.518461 1.374983 -1.183019
v -1.425119 1.396798 -1.183019
v -1.331964 1.414486 -1.183019
v -1.238674 1.428119 -1.183019
v -1.144926 1.437769 -1.183019
v -1.050400 1.443506 -1.183019
v -0.954773 1.445403 -1.183019
v -0.768920 1.436064 -1.183019
v -0.592479 1.408736 -1.183019
v -0.426735 1.364446 -1.183019
v -0.272977 1.304221 -1.183019
v -0.132490 1.229090 -1.183020
v -0.006560 1.140081 -1.183020
v 0.103526 1.038222 -1.183020
v 0.196480 0.924540 -1.183020
v 0.271018 0.800065 -1.183020
v 0.325852 0.665823 -1.183020
v 0.359696 0.522842 -1.183020
v 0.371263 0.372152 -1.183020
v 0.360057 0.219032 -1.183020
v 0.327116 0.074807 -1.183019
v 0.273456 -0.059680 -1.183019
v 0.200092 -0.183587 -1.183019
v 0.108040 -0.296071 -1.183019
v -0.001685 -0.396291 -1.183019
v -0.128066 -0.483403 -1.183019
v -0.270088 -0.556566 -1.183019
v -0.426735 -0.614937 -1.183019
v -0.596993 -0.657674 -1.183019
v -0.779844 -0.683934 -1.183019
v -0.974274 -0.692874 -1.183019
v -1.068792 -0.690571 -1.183019
v -1.164494 -0.683698 -1.183019
v -1.261145 -0.672314 -1.183019
v -1.358507 -0.656475 -1.183019
v -1.456342 -0.636238 -1.183019
v -1.554415 -0.611660 -1.183019
v -1.652487 -0.582799 -1.183019
v -1.750323 -0.549713 -1.183019
v -1.847685 -0.512457 -1.183019
v -1.944335 -0.471089 -1.183019
v -2.040038 -0.425665 -1.183019
v -2.134556 -0.376245 -1.183019
v -2.134556 -0.816236 -1.183019
v -2.052209 -0.851324 -1.183019
v -1.968169 -0.884484 -1.183019
v -1.881963 -0.915504 -1.183019
v -1.793116 -0.944167 -1.183019
v -1.701154 -0.970260 -1.183019
v -1.605603 -0.993569 -1.183019
v -1.505991 -1.013879 -1.183019
v -1.401841 -1.030977 -1.183019
v -1.292681 -1.044648 -1.183019
v -1.178036 -1.054678 -1.183019
v -1.057433 -1.060854 -1.183019
v -0.930398 -1.062960 -1.183019
v -0.632924 -1.046681 -1.183019
v -0.364160 -1.000233 -1.183019
v -0.123563 -0.927198 -1.183019
v 0.089408 -0.831162 -1.183019
v 0.275295 -0.715707 -1.183019
v 0.434640 -0.584418 -1.183019
v 0.567984 -0.440879 -1.183019
v 0.675869 -0.288673 -1.183020
v 0.758836 -0.131384 -1.183020
v 0.817428 0.027405 -1.183020
v 0.852186 0.184108 -1.183020
v 0.863651 0.335144 -1.183020
v 0.847980 0.543946 -1.183020
v 0.802058 0.741782 -1.183020
v 0.727529 0.927282 -1.183020
v 0.626034 1.099075 -1.183020
v 0.499216 1.255790 -1.183020
v 0.348716 1.396058 -1.183020
v 0.176176 1.518506 -1.183020
v -0.016761 1.621764 -1.183020
v -0.228455 1.704463 -1.183020
v -0.457261 1.765230 -1.183019
v -0.701540 1.802695 -1.183019
v -0.959648 1.815489 -1.183019
v -1.045124 1.814021 -1.183019
v -1.131158 1.809568 -1.183019
v -1.218107 1.802060 -1.183019
v -1.306325 1.791425 -1.183019
v -1.396168 1.777593 -1.183019
v -1.487991 1.760490 -1.183019
v -1.582150 1.740047 -1.183019
v -1.679001 1.716190 -1.183019
v -1.778899 1.688850 -1.183019
v -1.882200 1.657955 -1.183019
v -1.989258 1.623433 -1.183019
v -2.100430 1.585213 -1.183019
v -2.100430 1.153445 -1.183019
v 4.047114 1.416618 -1.183020
v 4.047114 0.569531 -1.183020
v 2.686952 0.569531 -1.183020
v 2.686952 0.207669 -1.183020
v 4.047114 0.207669 -1.183020
v 4.047114 -0.664089 -1.183020
v 2.594324 -0.664089 -1.183020
v 2.594324 -1.025951 -1.183020
v 4.524877 -1.025951 -1.183020
v 4.524877 1.778480 -1.183020
v 2.638200 1.778480 -1.183020
v 2.638200 1.416618 -1.183020
v 5.719285 -1.025951 -1.183020
v 5.719285 1.157557 -1.183020
v 5.729036 1.157557 -1.183020
v 6.752813 0.071971 -1.183020
v 6.830815 0.071971 -1.183020
v 7.854593 1.157557 -1.183020
v 7.864344 1.157557 -1.183020
v 7.864344 -1.025951 -1.183020
v 8.342107 -1.025951 -1.183020
v 8.342107 1.778480 -1.183020
v 7.893595 1.778480 -1.183020
v 6.791814 0.627100 -1.183020
v 5.685159 1.778480 -1.183020
v 5.241522 1.778480 -1.183020
v 5.241522 -1.025951 -1.183020
v 9.185505 -1.025951 -1.183020
v 9.629142 -0.199426 -1.183020
v 11.042931 -0.199426 -1.183020
v 11.462193 -1.025951 -1.183020
v 11.949705 -1.025951 -1.183020
v 10.521292 1.794929 -1.183020
v 10.184907 1.794929 -1.183020
v 8.697991 -1.025951 -1.183020
v 9.824147 0.162437 -1.183020
v 10.360413 1.178118 -1.183020
v 10.857676 0.162437 -1.183020
v 12.385628 -0.871768 -1.183020
v 12.492107 -0.906853 -1.183020
v 12.596421 -0.938056 -1.183020
v 12.699211 -0.965488 -1.183020
v 12.801122 -0.989266 -1.183020
v 12.902795 -1.009503 -1.183021
v 13.004873 -1.026313 -1.183021
v 13.108002 -1.039811 -1.183021
v 13.212822 -1.050110 -1.183021
v 13.319979 -1.057325 -1.183021
v 13.430115 -1.061570 -1.183021
v 13.543874 -1.062960 -1.183021
v 13.792734 -1.050672 -1.183021
v 14.028747 -1.014682 -1.183021
v 14.250236 -0.956304 -1.183021
v 14.455524 -0.876851 -1.183021
v 14.642938 -0.777638 -1.183021
v 14.810801 -0.659977 -1.183021
v 14.957436 -0.525183 -1.183021
v 15.081167 -0.374569 -1.183021
v 15.180320 -0.209449 -1.183021
v 15.253219 -0.031136 -1.183021
v 15.298186 0.159058 -1.183021
v 15.313547 0.359816 -1.183021
v 15.297806 0.562085 -1.183021
v 15.251797 0.754631 -1.183021
v 15.177349 0.935955 -1.183021
v 15.076292 1.104557 -1.183021
v 14.950453 1.258938 -1.183021
v 14.801660 1.397599 -1.183021
v 14.631741 1.519041 -1.183021
v 14.442525 1.621764 -1.183021
v 14.235840 1.704270 -1.183021
v 14.013514 1.765059 -1.183021
v 13.777373 1.802631 -1.183021
v 13.529249 1.815489 -1.183021
v 13.433971 1.814330 -1.183021
v 13.342300 1.810673 -1.183021
v 13.252965 1.804245 -1.183021
v 13.164696 1.794777 -1.183021
v 13.076224 1.781995 -1.183021
v 12.986280 1.765630 -1.183021
v 12.893594 1.745410 -1.183021
v 12.796895 1.721064 -1.183021
v 12.694916 1.692319 -1.183021
v 12.586385 1.658906 -1.183021
v 12.470033 1.620553 -1.183021
v 12.344592 1.576989 -1.183021
v 12.344592 1.169894 -1.183021
v 12.442389 1.213323 -1.183021
v 12.540726 1.253126 -1.183021
v 12.639537 1.289273 -1.183021
v 12.738755 1.321736 -1.183021
v 12.838311 1.350487 -1.183021
v 12.938139 1.375497 -1.183021
v 13.038169 1.396738 -1.183021
v 13.138334 1.414181 -1.183021
v 13.238568 1.427798 -1.183021
v 13.338802 1.437559 -1.183021
v 13.438968 1.443437 -1.183021
v 13.538999 1.445403 -1.183021
v 13.715794 1.435909 -1.183021
v 13.884499 1.408167 -1.183021
v 14.043726 1.363291 -1.183021
v 14.192084 1.302395 -1.183021
v 14.328188 1.226593 -1.183021
v 14.450647 1.136998 -1.183021
v 14.558075 1.034725 -1.183021
v 14.649084 0.920886 -1.183021
v 14.722284 0.796595 -1.183021
v 14.776290 0.662967 -1.183021
v 14.809710 0.521115 -1.183021
v 14.821158 0.372152 -1.183021
v 14.809767 0.219896 -1.183021
v 14.776335 0.076235 -1.183021
v 14.721980 -0.057945 -1.183021
v 14.647820 -0.181759 -1.183021
v 14.554973 -0.294322 -1.183021
v 14.444554 -0.394749 -1.183021
v 14.317682 -0.482154 -1.183021
v 14.175475 -0.555653 -1.183021
v 14.019047 -0.614359 -1.183021
v 13.849518 -0.657388 -1.183021
v 13.668004 -0.683855 -1.183021
v 13.475622 -0.692874 -1.183021
v 13.411524 -0.691868 -1.183021
v 13.348372 -0.688934 -1.183021
v 13.286101 -0.684200 -1.183021
v 13.224644 -0.677796 -1.183021
v 13.163930 -0.669851 -1.183021
v 13.103894 -0.660491 -1.183021
v 13.044467 -0.649848 -1.183021
v 12.985581 -0.638046 -1.183021
v 12.927170 -0.625217 -1.183021
v 12.869164 -0.611489 -1.183021
v 12.811498 -0.596990 -1.183021
v 12.754103 -0.581848 -1.183021
v 12.754103 -0.006158 -1.183021
v 13.392745 -0.006158 -1.183021
v 13.392745 0.355704 -1.183021
v 12.276339 0.355704 -1.183021
v 12.276339 -0.832684 -1.183020
v -15.650615 -0.849596 -0.405085
v -15.642803 -0.881629 -0.405085
v -15.630218 -0.912034 -0.405085
v -15.613214 -0.940512 -0.405085
v -15.592148 -0.966762 -0.405085
v -15.567374 -0.990485 -0.405085
v -15.539249 -1.011381 -0.405085
v -15.508128 -1.029150 -0.405085
v -15.474366 -1.043492 -0.405085
v -15.438319 -1.054108 -0.405085
v -15.400342 -1.060697 -0.405085
v -15.360791 -1.062960 -0.405085
v -15.321239 -1.060697 -0.405085
v -15.283261 -1.054108 -0.405085
v -15.247214 -1.043492 -0.405085
v -15.213452 -1.029150 -0.405085
v -15.182331 -1.011381 -0.405085
v -15.154206 -0.990485 -0.405085
v -15.129433 -0.966762 -0.405085
v -15.108367 -0.940512 -0.405085
v -15.091364 -0.912034 -0.405085
v -15.078778 -0.881629 -0.405085
v -15.070966 -0.849596 -0.405085
v -15.068283 -0.816236 -0.405085
v -15.070967 -0.782876 -0.405085
v -15.078779 -0.750843 -0.405085
v -15.091365 -0.720438 -0.405085
v -15.108368 -0.691960 -0.405085
v -15.129435 -0.665710 -0.405085
v -15.154208 -0.641987 -0.405085
v -15.182333 -0.621091 -0.405085
v -15.213454 -0.603322 -0.405085
v -15.247216 -0.588980 -0.405085
v -15.283263 -0.578364 -0.405085
v -15.321239 -0.571774 -0.405085
v -15.360791 -0.569511 -0.405085
v -15.400345 -0.571774 -0.405085
v -15.438321 -0.578364 -0.405085
v -15.474368 -0.588980 -0.405085
v -15.508130 -0.603322 -0.405085
v -15.539251 -0.621091 -0.405085
v -15.567376 -0.641987 -0.405085
v -15.592150 -0.665710 -0.405085
v -15.613216 -0.691960 -0.405085
v -15.630219 -0.720438 -0.405085
v -15.642805 -0.750843 -0.405085
v -15.650618 -0.782876 -0.405085
v -15.653299 -0.816236 -0.405085
v -15.400203 1.811289 -0.405085
v -15.440462 1.798679 -0.405085
v -15.476727 1.777645 -0.405085
v -15.509030 1.748173 -0.405085
v -15.537406 1.710248 -0.405085
v -15.561889 1.663857 -0.405085
v -15.582512 1.608984 -0.405085
v -15.599310 1.545616 -0.405085
v -15.612316 1.473738 -0.405085
v -15.621565 1.393335 -0.405085
v -15.627090 1.304395 -0.405085
v -15.628923 1.206903 -0.405085
v -15.628720 1.162358 -0.405085
v -15.628111 1.119198 -0.405085
v -15.627095 1.077437 -0.405085
v -15.625673 1.037090 -0.405085
v -15.623845 0.998170 -0.405085
v -15.621612 0.960692 -0.405085
v -15.618971 0.924672 -0.405085
v -15.615924 0.890121 -0.405085
v -15.612471 0.857055 -0.405085
v -15.608611 0.825489 -0.405085
v -15.604345 0.795436 -0.405085
v -15.599672 0.766911 -0.405085
v -15.477795 0.059635 -0.405085
v -15.470461 0.016530 -0.405085
v -15.463010 -0.022377 -0.405085
v -15.455322 -0.057173 -0.405085
v -15.447279 -0.087943 -0.405085
v -15.438762 -0.114771 -0.405085
v -15.429651 -0.137744 -0.405085
v -15.419831 -0.156949 -0.405085
v -15.409181 -0.172469 -0.405085
v -15.397583 -0.184391 -0.405085
v -15.384918 -0.192801 -0.405085
v -15.371069 -0.197783 -0.405085
v -15.355916 -0.199426 -0.405085
v -15.340760 -0.197784 -0.405085
v -15.326912 -0.192801 -0.405085
v -15.314247 -0.184391 -0.405085
v -15.302649 -0.172469 -0.405085
v -15.291999 -0.156949 -0.405085
v -15.282179 -0.137745 -0.405085
v -15.273068 -0.114771 -0.405085
v -15.264550 -0.087943 -0.405085
v -15.256507 -0.057174 -0.405085
v -15.248819 -0.022378 -0.405085
v -15.241369 0.016529 -0.405085
v -15.234037 0.059635 -0.405085
v -15.112160 0.766911 -0.405085
v -15.107486 0.795435 -0.405085
v -15.103220 0.825489 -0.405085
v -15.099361 0.857055 -0.405085
v -15.095908 0.890121 -0.405085
v -15.092862 0.924671 -0.405085
v -15.090220 0.960692 -0.405085
v -15.087987 0.998169 -0.405085
v -15.086159 1.037089 -0.405085
v -15.084737 1.077436 -0.405085
v -15.083721 1.119197 -0.405085
v -15.083112 1.162357 -0.405085
v -15.082909 1.206903 -0.405085
v -15.084742 1.304395 -0.405085
v -15.090266 1.393335 -0.405085
v -15.099515 1.473738 -0.405085
v -15.112521 1.545616 -0.405085
v -15.129319 1.608984 -0.405085
v -15.149942 1.663857 -0.405085
v -15.174425 1.710248 -0.405085
v -15.202801 1.748173 -0.405085
v -15.235105 1.777645 -0.405085
v -15.271369 1.798679 -0.405085
v -15.311628 1.811289 -0.405085
v -15.355916 1.815489 -0.405085
v -14.329454 -0.849596 -0.405085
v -14.321642 -0.881629 -0.405085
v -14.309056 -0.912034 -0.405085
v -14.292053 -0.940512 -0.405085
v -14.270988 -0.966762 -0.405085
v -14.246213 -0.990485 -0.405085
v -14.218089 -1.011381 -0.405085
v -14.186968 -1.029150 -0.405085
v -14.153206 -1.043492 -0.405085
v -14.117158 -1.054108 -0.405085
v -14.079182 -1.060697 -0.405085
v -14.039630 -1.062960 -0.405085
v -14.000077 -1.060697 -0.405085
v -13.962101 -1.054108 -0.405085
v -13.926054 -1.043492 -0.405085
v -13.892292 -1.029150 -0.405085
v -13.861171 -1.011381 -0.405085
v -13.833046 -0.990485 -0.405085
v -13.808272 -0.966762 -0.405085
v -13.787207 -0.940512 -0.405085
v -13.770203 -0.912034 -0.405085
v -13.757617 -0.881629 -0.405085
v -13.749805 -0.849596 -0.405085
v -13.747123 -0.816236 -0.405085
v -13.749806 -0.782876 -0.405085
v -13.757618 -0.750843 -0.405085
v -13.770204 -0.720438 -0.405085
v -13.787208 -0.691960 -0.405085
v -13.808273 -0.665710 -0.405085
v -13.833047 -0.641987 -0.405085
v -13.861172 -0.621091 -0.405085
v -13.892293 -0.603322 -0.405085
v -13.926055 -0.588980 -0.405085
v -13.962102 -0.578364 -0.405085
v -14.000079 -0.571774 -0.405085
v -14.039630 -0.569511 -0.405085
v -14.079185 -0.571774 -0.405085
v -14.117161 -0.578364 -0.405085
v -14.153208 -0.588980 -0.405085
v -14.186970 -0.603322 -0.405085
v -14.218091 -0.621091 -0.405085
v -14.246216 -0.641987 -0.405085
v -14.270989 -0.665710 -0.405085
v -14.292055 -0.691960 -0.405085
v -14.309059 -0.720438 -0.405085
v -14.321645 -0.750843 -0.405085
v -14.329456 -0.782876 -0.405085
v -14.332139 -0.816236 -0.405085
v -14.079042 1.811289 -0.405085
v -14.119302 1.798679 -0.405085
v -14.155566 1.777645 -0.405085
v -14.187869 1.748173 -0.405085
v -14.216246 1.710248 -0.405085
v -14.240728 1.663857 -0.405085
v -14.261352 1.608984 -0.405085
v -14.278150 1.545616 -0.405085
v -14.291156 1.473738 -0.405085
v -14.300405 1.393335 -0.405085
v -14.305929 1.304395 -0.405085
v -14.307763 1.206903 -0.405085
v -14.307560 1.162358 -0.405085
v -14.306951 1.119198 -0.405085
v -14.305935 1.077437 -0.405085
v -14.304513 1.037090 -0.405085
v -14.302685 0.998170 -0.405085
v -14.300451 0.960692 -0.405085
v -14.297810 0.924672 -0.405085
v -14.294764 0.890121 -0.405085
v -14.291310 0.857055 -0.405085
v -14.287450 0.825489 -0.405085
v -14.283184 0.795436 -0.405085
v -14.278512 0.766911 -0.405085
v -14.156634 0.059635 -0.405085
v -14.149300 0.016530 -0.405085
v -14.141850 -0.022377 -0.405085
v -14.134162 -0.057173 -0.405085
v -14.126119 -0.087943 -0.405085
v -14.117601 -0.114771 -0.405085
v -14.108491 -0.137744 -0.405085
v -14.098671 -0.156949 -0.405085
v -14.088020 -0.172469 -0.405085
v -14.076423 -0.184391 -0.405085
v -14.063758 -0.192801 -0.405085
v -14.049909 -0.197783 -0.405085
v -14.034756 -0.199426 -0.405085
v -14.019600 -0.197784 -0.405085
v -14.005751 -0.192801 -0.405085
v -13.993086 -0.184391 -0.405085
v -13.981488 -0.172469 -0.405085
v -13.970839 -0.156949 -0.405085
v -13.961018 -0.137745 -0.405085
v -13.951907 -0.114771 -0.405085
v -13.943390 -0.087943 -0.405085
v -13.935347 -0.057174 -0.405085
v -13.927659 -0.022378 -0.405085
v -13.920209 0.016529 -0.405085
v -13.912877 0.059635 -0.405085
v -13.790999 0.766911 -0.405085
v -13.786325 0.795435 -0.405085
v -13.782060 0.825489 -0.405085
v -13.778201 0.857055 -0.405085
v -13.774748 0.890121 -0.405085
v -13.771701 0.924671 -0.405085
v -13.769060 0.960692 -0.405085
v -13.766827 0.998169 -0.405085
v -13.764998 1.037089 -0.405085
v -13.763577 1.077436 -0.405085
v -13.762561 1.119197 -0.405085
v -13.761951 1.162357 -0.405085
v -13.761748 1.206903 -0.405085
v -13.763581 1.304395 -0.405085
v -13.769106 1.393335 -0.405085
v -13.778355 1.473738 -0.405085
v -13.791361 1.545616 -0.405085
v -13.808159 1.608984 -0.405085
v -13.828781 1.663857 -0.405085
v -13.853265 1.710248 -0.405085
v -13.881640 1.748173 -0.405085
v -13.913944 1.777645 -0.405085
v -13.950209 1.798679 -0.405085
v -13.990468 1.811289 -0.405085
v -14.034756 1.815489 -0.405085
v -11.808756 1.772294 -0.405085
v -11.960432 1.753998 -0.405085
v -12.100394 1.723995 -0.405085
v -12.228067 1.682684 -0.405085
v -12.342875 1.630465 -0.405085
v -12.444243 1.567737 -0.405085
v -12.531595 1.494900 -0.405085
v -12.604355 1.412354 -0.405085
v -12.661948 1.320498 -0.405085
v -12.703799 1.219734 -0.405085
v -12.729332 1.110459 -0.405085
v -12.737970 0.993075 -0.405085
v -12.733831 0.913599 -0.405085
v -12.721517 0.837692 -0.405085
v -12.701178 0.765498 -0.405085
v -12.672968 0.697158 -0.405085
v -12.637040 0.632817 -0.405085
v -12.593545 0.572616 -0.405085
v -12.542635 0.516698 -0.405085
v -12.484463 0.465207 -0.405085
v -12.419182 0.418285 -0.405085
v -12.346944 0.376074 -0.405085
v -12.267900 0.338718 -0.405085
v -12.182204 0.306359 -0.405085
v -12.255439 0.262326 -0.405085
v -12.324441 0.214523 -0.405085
v -12.389854 0.162951 -0.405085
v -12.452322 0.107609 -0.405085
v -12.512488 0.048498 -0.405085
v -12.570996 -0.014382 -0.405085
v -12.628489 -0.081032 -0.405085
v -12.685607 -0.151452 -0.405085
v -12.742997 -0.225640 -0.405085
v -12.801301 -0.303598 -0.405085
v -12.861163 -0.385325 -0.405085
v -12.923225 -0.470822 -0.405085
v -12.957470 -0.517240 -0.405085
v -12.989987 -0.560488 -0.405085
v -13.021489 -0.601509 -0.405085
v -13.052688 -0.641244 -0.405085
v -13.084291 -0.680637 -0.405085
v -13.117011 -0.720630 -0.405085
v -13.151561 -0.762165 -0.405085
v -13.188649 -0.806184 -0.405085
v -13.228988 -0.853630 -0.405085
v -13.273287 -0.905445 -0.405085
v -13.322258 -0.962571 -0.405085
v -13.376613 -1.025951 -0.405085
v -12.806222 -1.025951 -0.405085
v -12.367460 -0.450262 -0.405085
v -12.262582 -0.316705 -0.405085
v -12.166676 -0.202852 -0.405085
v -12.078760 -0.107161 -0.405085
v -11.997852 -0.028089 -0.405085
v -11.922971 0.035905 -0.405085
v -11.853133 0.086364 -0.405085
v -11.787359 0.124828 -0.405085
v -11.724665 0.152842 -0.405085
v -11.664069 0.171946 -0.405085
v -11.604592 0.183682 -0.405085
v -11.545250 0.189594 -0.405085
v -11.485061 0.191221 -0.405085
v -11.285180 0.191221 -0.405085
v -11.285180 -1.025951 -0.405085
v -10.807417 -1.025951 -0.405085
v -10.807417 1.778480 -0.405086
v -11.645941 1.778480 -0.405085
v -11.592313 0.553083 -0.405085
v -11.712791 0.557588 -0.405085
v -11.818780 0.570616 -0.405085
v -11.911024 0.591441 -0.405085
v -11.990268 0.619333 -0.405085
v -12.057256 0.653564 -0.405085
v -12.112734 0.693408 -0.405085
v -12.157445 0.738133 -0.405085
v -12.192135 0.787014 -0.405085
v -12.217549 0.839322 -0.405085
v -12.234432 0.894328 -0.405085
v -12.243527 0.951304 -0.405085
v -12.245582 1.009523 -0.405085
v -12.240547 1.073141 -0.405085
v -12.227659 1.132276 -0.405085
v -12.206579 1.186728 -0.405085
v -12.176967 1.236296 -0.405085
v -12.138485 1.280781 -0.405085
v -12.090795 1.319984 -0.405085
v -12.033557 1.353704 -0.405085
v -11.966434 1.381742 -0.405085
v -11.889087 1.403896 -0.405085
v -11.801177 1.419969 -0.405085
v -11.702365 1.429759 -0.405085
v -11.592313 1.433066 -0.405085
v -11.285180 1.433066 -0.405085
v -11.285180 0.553083 -0.405085
v -9.944520 -1.025951 -0.405085
v -9.500883 -0.199426 -0.405086
v -8.087093 -0.199426 -0.405086
v -7.667832 -1.025951 -0.405086
v -7.180319 -1.025951 -0.405086
v -8.608733 1.794929 -0.405086
v -8.945117 1.794929 -0.405086
v -10.432033 -1.025951 -0.405085
v -9.305877 0.162437 -0.405086
v -8.769612 1.178118 -0.405086
v -8.272348 0.162437 -0.405086
v -5.586150 1.416618 -0.405086
v -5.586150 0.569531 -0.405086
v -6.946313 0.569531 -0.405086
v -6.946313 0.207669 -0.405086
v -5.586150 0.207669 -0.405086
v -5.586150 -0.664089 -0.405086
v -7.038940 -0.664089 -0.405086
v -7.038940 -1.025951 -0.405086
v -5.108387 -1.025951 -0.405086
v -5.108387 1.778480 -0.405086
v -6.995064 1.778480 -0.405086
v -6.995064 1.416618 -0.405086
v -4.694000 -0.664089 -0.405086
v -4.694000 -1.025951 -0.405086
v -2.714696 -1.025951 -0.405086
v -2.714696 1.778480 -0.405086
v -3.192459 1.778480 -0.405086
v -3.192459 -0.664089 -0.405086
v -1.999217 1.201517 -0.405086
v -1.900120 1.245034 -0.405086
v -1.802818 1.284068 -0.405086
v -1.706988 1.318690 -0.405086
v -1.612310 1.348971 -0.405086
v -1.518461 1.374983 -0.405086
v -1.425119 1.396798 -0.405086
v -1.331964 1.414486 -0.405086
v -1.238674 1.428119 -0.405086
v -1.144926 1.437769 -0.405086
v -1.050400 1.443506 -0.405086
v -0.954773 1.445403 -0.405086
v -0.768920 1.436064 -0.405086
v -0.592479 1.408736 -0.405086
v -0.426735 1.364446 -0.405086
v -0.272977 1.304221 -0.405086
v -0.132489 1.229090 -0.405086
v -0.006560 1.140081 -0.405086
v 0.103526 1.038222 -0.405086
v 0.196481 0.924540 -0.405086
v 0.271018 0.800065 -0.405086
v 0.325852 0.665823 -0.405086
v 0.359696 0.522842 -0.405086
v 0.371263 0.372152 -0.405086
v 0.360057 0.219032 -0.405086
v 0.327116 0.074807 -0.405086
v 0.273456 -0.059680 -0.405086
v 0.200092 -0.183587 -0.405086
v 0.108040 -0.296071 -0.405086
v -0.001685 -0.396291 -0.405086
v -0.128066 -0.483403 -0.405086
v -0.270088 -0.556566 -0.405086
v -0.426735 -0.614937 -0.405086
v -0.596993 -0.657674 -0.405086
v -0.779844 -0.683934 -0.405086
v -0.974274 -0.692874 -0.405086
v -1.068792 -0.690571 -0.405086
v -1.164494 -0.683698 -0.405086
v -1.261145 -0.672314 -0.405086
v -1.358507 -0.656475 -0.405086
v -1.456342 -0.636238 -0.405086
v -1.554415 -0.611660 -0.405086
v -1.652487 -0.582799 -0.405086
v -1.750323 -0.549713 -0.405086
v -1.847685 -0.512457 -0.405086
v -1.944335 -0.471089 -0.405086
v -2.040038 -0.425665 -0.405086
v -2.134556 -0.376245 -0.405086
v -2.134556 -0.816236 -0.405086
v -2.052209 -0.851324 -0.405086
v -1.968169 -0.884484 -0.405086
v -1.881963 -0.915504 -0.405086
v -1.793116 -0.944167 -0.405086
v -1.701154 -0.970260 -0.405086
v -1.605603 -0.993569 -0.405086
v -1.505991 -1.013879 -0.405086
v -1.401841 -1.030977 -0.405086
v -1.292681 -1.044648 -0.405086
v -1.178036 -1.054678 -0.405086
v -1.057433 -1.060854 -0.405086
v -0.930398 -1.062960 -0.405086
v -0.632924 -1.046681 -0.405086
v -0.364160 -1.000233 -0.405086
v -0.123563 -0.927198 -0.405086
v 0.089408 -0.831162 -0.405086
v 0.275295 -0.715707 -0.405086
v 0.434640 -0.584418 -0.405086
v 0.567984 -0.440879 -0.405086
v 0.675869 -0.288673 -0.405086
v 0.758836 -0.131384 -0.405086
v 0.817428 0.027405 -0.405086
v 0.852186 0.184108 -0.405086
v 0.863651 0.335144 -0.405086
v 0.847980 0.543946 -0.405086
v 0.802058 0.741782 -0.405086
v 0.727529 0.927282 -0.405086
v 0.626034 1.099075 -0.405086
v 0.499216 1.255790 -0.405086
v 0.348716 1.396058 -0.405086
v 0.176176 1.518506 -0.405086
v -0.016761 1.621764 -0.405086
v -0.228454 1.704463 -0.405086
v -0.457261 1.765230 -0.405086
v -0.701540 1.802695 -0.405086
v -0.959648 1.815489 -0.405086
v -1.045124 1.814021 -0.405086
v -1.131158 1.809568 -0.405086
v -1.218107 1.802060 -0.405086
v -1.306325 1.791425 -0.405086
v -1.396168 1.777593 -0.405086
v -1.487991 1.760490 -0.405086
v -1.582150 1.740047 -0.405086
v -1.679001 1.716190 -0.405086
v -1.778899 1.688850 -0.405086
v -1.882200 1.657955 -0.405086
v -1.989258 1.623433 -0.405086
v -2.100430 1.585213 -0.405086
v -2.100430 1.153445 -0.405086
v 4.047114 1.416618 -0.405087
v 4.047114 0.569531 -0.405087
v 2.686952 0.569531 -0.405087
v 2.686952 0.207669 -0.405087
v 4.047114 0.207669 -0.405087
v 4.047114 -0.664089 -0.405087
v 2.594324 -0.664089 -0.405087
v 2.594324 -1.025951 -0.405087
v 4.524877 -1.025951 -0.405087
v 4.524877 1.778480 -0.405087
v 2.638200 1.778480 -0.405087
v 2.638200 1.416618 -0.405087
v 5.719285 -1.025951 -0.405087
v 5.719285 1.157557 -0.405087
v 5.729036 1.157557 -0.405087
v 6.752813 0.071971 -0.405087
v 6.830815 0.071971 -0.405087
v 7.854593 1.157557 -0.405087
v 7.864344 1.157557 -0.405087
v 7.864344 -1.025951 -0.405087
v 8.342107 -1.025951 -0.405087
v 8.342107 1.778480 -0.405087
v 7.893595 1.778480 -0.405087
v 6.791814 0.627100 -0.405087
v 5.685159 1.778480 -0.405087
v 5.241522 1.778480 -0.405087
v 5.241522 -1.025951 -0.405087
v 9.185505 -1.025951 -0.405087
v 9.629142 -0.199426 -0.405087
v 11.042931 -0.199426 -0.405087
v 11.462193 -1.025951 -0.405087
v 11.949705 -1.025951 -0.405087
v 10.521292 1.794929 -0.405087
v 10.184907 1.794929 -0.405087
v 8.697991 -1.025951 -0.405087
v 9.824147 0.162437 -0.405087
v 10.360413 1.178118 -0.405087
v 10.857676 0.162437 -0.405087
v 12.385628 -0.871768 -0.405087
v 12.492107 -0.906853 -0.405087
v 12.596421 -0.938056 -0.405087
v 12.699211 -0.965488 -0.405087
v 12.801122 -0.989266 -0.405087
v 12.902795 -1.009503 -0.405087
v 13.004873 -1.026313 -0.405087
v 13.108002 -1.039811 -0.405087
v 13.212822 -1.050110 -0.405087
v 13.319979 -1.057325 -0.405088
v 13.430115 -1.061570 -0.405088
v 13.543874 -1.062960 -0.405088
v 13.792734 -1.050672 -0.405088
v 14.028747 -1.014682 -0.405088
v 14.250236 -0.956304 -0.405088
v 14.455524 -0.876851 -0.405088
v 14.642938 -0.777638 -0.405088
v 14.810801 -0.659977 -0.405088
v 14.957436 -0.525183 -0.405088
v 15.081167 -0.374569 -0.405088
v 15.180320 -0.209449 -0.405088
v 15.253219 -0.031136 -0.405088
v 15.298186 0.159058 -0.405088
v 15.313547 0.359816 -0.405088
v 15.297806 0.562085 -0.405088
v 15.251797 0.754631 -0.405088
v 15.177349 0.935955 -0.405088
v 15.076292 1.104557 -0.405088
v 14.950453 1.258938 -0.405088
v 14.801660 1.397599 -0.405088
v 14.631741 1.519041 -0.405088
v 14.442525 1.621764 -0.405088
v 14.235840 1.704270 -0.405088
v 14.013514 1.765059 -0.405088
v 13.777373 1.802631 -0.405088
v 13.529249 1.815489 -0.405088
v 13.433971 1.814330 -0.405088
v 13.342300 1.810673 -0.405088
v 13.252965 1.804245 -0.405088
v 13.164696 1.794777 -0.405088
v 13.076224 1.781995 -0.405088
v 12.986280 1.765630 -0.405088
v 12.893594 1.745410 -0.405088
v 12.796895 1.721064 -0.405088
v 12.694916 1.692319 -0.405088
v 12.586385 1.658906 -0.405088
v 12.470033 1.620553 -0.405088
v 12.344592 1.576989 -0.405088
v 12.344592 1.169894 -0.405088
v 12.442389 1.213323 -0.405088
v 12.540726 1.253126 -0.405088
v 12.639537 1.289273 -0.405088
v 12.738755 1.321736 -0.405088
v 12.838311 1.350487 -0.405088
v 12.938139 1.375497 -0.405088
v 13.038169 1.396738 -0.405088
v 13.138334 1.414181 -0.405088
v 13.238568 1.427798 -0.405088
v 13.338802 1.437559 -0.405088
v 13.438968 1.443437 -0.405088
v 13.538999 1.445403 -0.405088
v 13.715794 1.435909 -0.405088
v 13.884499 1.408167 -0.405088
v 14.043726 1.363291 -0.405088
v 14.192084 1.302395 -0.405088
v 14.328188 1.226593 -0.405088
v 14.450647 1.136998 -0.405088
v 14.558075 1.034725 -0.405088
v 14.649084 0.920886 -0.405088
v 14.722284 0.796595 -0.405088
v 14.776290 0.662967 -0.405088
v 14.809710 0.521115 -0.405088
v 14.821158 0.372152 -0.405088
v 14.809767 0.219896 -0.405088
v 14.776335 0.076235 -0.405088
v 14.721980 -0.057945 -0.405088
v 14.647820 -0.181759 -0.405088
v 14.554973 -0.294322 -0.405088
v 14.444554 -0.394749 -0.405088
v 14.317682 -0.482154 -0.405088
v 14.175475 -0.555653 -0.405088
v 14.019047 -0.614359 -0.405088
v 13.849518 -0.657388 -0.405088
v 13.668004 -0.683855 -0.405088
v 13.475622 -0.692874 -0.405088
v 13.411524 -0.691868 -0.405088
v 13.348372 -0.688934 -0.405088
v 13.286101 -0.684200 -0.405088
v 13.224644 -0.677796 -0.405088
v 13.163930 -0.669851 -0.405088
v 13.103894 -0.660491 -0.405088
v 13.044467 -0.649848 -0.405088
v 12.985581 -0.638046 -0.405087
v 12.927170 -0.625217 -0.405087
v 12.869164 -0.611489 -0.405087
v 12.811498 -0.596990 -0.405087
v 12.754103 -0.581848 -0.405087
v 12.754103 -0.006158 -0.405088
v 13.392745 -0.006158 -0.405088
v 13.392745 0.355704 -0.405088
v 12.276339 0.355704 -0.405087
v 12.276339 -0.832684 -0.405087
v 12.385628 -0.871768 -0.405087
v 12.385628 -0.871768 -1.183020
v 12.492107 -0.906853 -0.405087
v 12.492107 -0.906853 -1.183020
v 12.596421 -0.938056 -0.405087
v 12.596421 -0.938056 -1.183020
v 12.699211 -0.965488 -0.405087
v 12.699211 -0.965488 -1.183020
v 12.801122 -0.989266 -0.405087
v 12.801122 -0.989266 -1.183020
v 12.902795 -1.009503 -0.405087
v 12.902795 -1.009503 -1.183021
v 13.004873 -1.026313 -0.405087
v 13.004873 -1.026313 -1.183021
v 13.108002 -1.039811 -0.405087
v 13.108002 -1.039811 -1.183021
v 13.212822 -1.050110 -0.405087
v 13.212822 -1.050110 -1.183021
v 13.319979 -1.057325 -0.405088
v 13.319979 -1.057325 -1.183021
v 13.430115 -1.061570 -0.405088
v 13.430115 -1.061570 -1.183021
v 13.543874 -1.062960 -0.405088
v 13.543874 -1.062960 -1.183021
v 13.792734 -1.050672 -0.405088
v 13.792734 -1.050672 -1.183021
v 14.028747 -1.014682 -0.405088
v 14.028747 -1.014682 -1.183021
v 14.250236 -0.956304 -0.405088
v 14.250236 -0.956304 -1.183021
v 14.455524 -0.876851 -0.405088
v 14.455524 -0.876851 -1.183021
v 14.642938 -0.777638 -0.405088
v 14.642938 -0.777638 -1.183021
v 14.810801 -0.659977 -0.405088
v 14.810801 -0.659977 -1.183021
v 14.957436 -0.525183 -0.405088
v 14.957436 -0.525183 -1.183021
v 15.081167 -0.374569 -0.405088
v 15.081167 -0.374569 -1.183021
v 15.180320 -0.209449 -0.405088
v 15.180320 -0.209449 -1.183021
v 15.253219 -0.031136 -0.405088
v 15.253219 -0.031136 -1.183021
v 15.298186 0.159058 -0.405088
v 15.298186 0.159058 -1.183021
v 15.313547 0.359816 -0.405088
v 15.313547 0.359816 -1.183021
v 15.297806 0.562085 -0.405088
v 15.297806 0.562085 -1.183021
v 15.251797 0.754631 -0.405088
v 15.251797 0.754631 -1.183021
v 15.177349 0.935955 -0.405088
v 15.177349 0.935955 -1.183021
v 15.076292 1.104557 -0.405088
v 15.076292 1.104557 -1.183021
v 14.950453 1.258938 -0.405088
v 14.950453 1.258938 -1.183021
v 14.801660 1.397599 -0.405088
v 14.801660 1.397599 -1.183021
v 14.631741 1.519041 -0.405088
v 14.631741 1.519041 -1.183021
v 14.442525 1.621764 -0.405088
v 14.442525 1.621764 -1.183021
v 14.235840 1.704270 -0.405088
v 14.235840 1.704270 -1.183021
v 14.013514 1.765059 -0.405088
v 14.013514 1.765059 -1.183021
v 13.777373 1.802631 -0.405088
v 13.777373 1.802631 -1.183021
v 13.529249 1.815489 -0.405088
v 13.529249 1.815489 -1.183021
v 13.433971 1.814330 -0.405088
v 13.433971 1.814330 -1.183021
v 13.342300 1.810673 -0.405088
v 13.342300 1.810673 -1.183021
v 13.252965 1.804245 -0.405088
v 13.252965 1.804245 -1.183021
v 13.164696 1.794777 -0.405088
v 13.164696 1.794777 -1.183021
v 13.076224 1.781995 -0.405088
v 13.076224 1.781995 -1.183021
v 12.986280 1.765630 -0.405088
v 12.986280 1.765630 -1.183021
v 12.893594 1.745410 -0.405088
v 12.893594 1.745410 -1.183021
v 12.796895 1.721064 -0.405088
v 12.796895 1.721064 -1.183021
v 12.694916 1.692319 -0.405088
v 12.694916 1.692319 -1.183021
v 12.586385 1.658906 -0.405088
v 12.586385 1.658906 -1.183021
v 12.470033 1.620553 -0.405088
v 12.470033 1.620553 -1.183021
v 12.344592 1.576989 -0.405088
v 12.344592 1.576989 -1.183021
v 12.344592 1.169894 -0.405088
v 12.344592 1.169894 -1.183021
v 12.442389 1.213323 -0.405088
v 12.442389 1.213323 -1.183021
v 12.540726 1.253126 -0.405088
v 12.540726 1.253126 -1.183021
v 12.639537 1.289273 -0.405088
v 12.639537 1.289273 -1.183021
v 12.738755 1.321736 -0.405088
v 12.738755 1.321736 -1.183021
v 12.838311 1.350487 -0.405088
v 12.838311 1.350487 -1.183021
v 12.938139 1.375497 -0.405088
v 12.938139 1.375497 -1.183021
v 13.038169 1.396738 -0.405088
v 13.038169 1.396738 -1.183021
v 13.138334 1.414181 -0.405088
v 13.138334 1.414181 -1.183021
v 13.238568 1.427798 -0.405088
v 13.238568 1.427798 -1.183021
v 13.338802 1.437559 -0.405088
v 13.338802 1.437559 -1.183021
v 13.438968 1.443437 -0.405088
v 13.438968 1.443437 -1.183021
v 13.538999 1.445403 -0.405088
v 13.538999 1.445403 -1.183021
v 13.715794 1.435909 -0.405088
v 13.715794 1.435909 -1.183021
v 13.884499 1.408167 -0.405088
v 13.884499 1.408167 -1.183021
v 14.043726 1.363291 -0.405088
v 14.043726 1.363291 -1.183021
v 14.192084 1.302395 -0.405088
v 14.192084 1.302395 -1.183021
v 14.328188 1.226593 -0.405088
v 14.328188 1.226593 -1.183021
v 14.450647 1.136998 -0.405088
v 14.450647 1.136998 -1.183021
v 14.558075 1.034725 -0.405088
v 14.558075 1.034725 -1.183021
v 14.649084 0.920886 -0.405088
v 14.649084 0.920886 -1.183021
v 14.722284 0.796595 -0.405088
v 14.722284 0.796595 -1.183021
v 14.776290 0.662967 -0.405088
v 14.776290 0.662967 -1.183021
v 14.809710 0.521115 -0.405088
v 14.809710 0.521115 -1.183021
v 14.821158 0.372152 -0.405088
v 14.821158 0.372152 -1.183021
v 14.809767 0.219896 -0.405088
v 14.809767 0.219896 -1.183021
v 14.776335 0.076235 -0.405088
v 14.776335 0.076235 -1.183021
v 14.721980 -0.057945 -0.405088
v 14.721980 -0.057945 -1.183021
v 14.647820 -0.181759 -0.405088
v 14.647820 -0.181759 -1.183021
v 14.554973 -0.294322 -0.405088
v 14.554973 -0.294322 -1.183021
v 14.444554 -0.394749 -0.405088
v 14.444554 -0.394749 -1.183021
v 14.317682 -0.482154 -0.405088
v 14.317682 -0.482154 -1.183021
v 14.175475 -0.555653 -0.405088
v 14.175475 -0.555653 -1.183021
v 14.019047 -0.614359 -0.405088
v 14.019047 -0.614359 -1.183021
v 13.849518 -0.657388 -0.405088
v 13.849518 -0.657388 -1.183021
v 13.668004 -0.683855 -0.405088
v 13.668004 -0.683855 -1.183021
v 13.475622 -0.692874 -0.405088
v 13.475622 -0.692874 -1.183021
v 13.411524 -0.691868 -0.405088
v 13.411524 -0.691868 -1.183021
v 13.348372 -0.688934 -0.405088
v 13.348372 -0.688934 -1.183021
v 13.286101 -0.684200 -0.405088
v 13.286101 -0.684200 -1.183021
v 13.224644 -0.677796 -0.405088
v 13.224644 -0.677796 -1.183021
v 13.163930 -0.669851 -0.405088
v 13.163930 -0.669851 -1.183021
v 13.103894 -0.660491 -0.405088
v 13.103894 -0.660491 -1.183021
v 13.044467 -0.649848 -0.405088
v 13.044467 -0.649848 -1.183021
v 12.985581 -0.638046 -0.405087
v 12.985581 -0.638046 -1.183021
v 12.927170 -0.625217 -0.405087
v 12.927170 -0.625217 -1.183021
v 12.869164 -0.611489 -0.405087
v 12.869164 -0.611489 -1.183021
v 12.811498 -0.596990 -0.405087
v 12.811498 -0.596990 -1.183021
v 12.754103 -0.581848 -0.405087
v 12.754103 -0.581848 -1.183021
v 12.754103 -0.006158 -0.405088
v 12.754103 -0.006158 -1.183021
v 13.392745 -0.006158 -0.405088
v 13.392745 -0.006158 -1.183021
v 13.392745 0.355704 -0.405088
v 13.392745 0.355704 -1.183021
v 12.276339 0.355704 -0.405087
v 12.276339 0.355704 -1.183021
v 12.276339 -0.832684 -0.405087
v 12.276339 -0.832684 -1.183020
v 9.185505 -1.025951 -0.405087
v 9.185505 -1.025951 -1.183020
v 9.629142 -0.199426 -0.405087
v 9.629142 -0.199426 -1.183020
v 11.042931 -0.199426 -0.405087
v 11.042931 -0.199426 -1.183020
v 11.462193 -1.025951 -0.405087
v 11.462193 -1.025951 -1.183020
v 11.949705 -1.025951 -0.405087
v 11.949705 -1.025951 -1.183020
v 10.521292 1.794929 -0.405087
v 10.521292 1.794929 -1.183020
v 10.184907 1.794929 -0.405087
v 10.184907 1.794929 -1.183020
v 8.697991 -1.025951 -0.405087
v 8.697991 -1.025951 -1.183020
v 9.824147 0.162437 -0.405087
v 9.824147 0.162437 -1.183020
v 10.360413 1.178118 -0.405087
v 10.360413 1.178118 -1.183020
v 10.857676 0.162437 -0.405087
v 10.857676 0.162437 -1.183020
v 5.719285 -1.025951 -0.405087
v 5.719285 -1.025951 -1.183020
v 5.719285 1.157557 -0.405087
v 5.719285 1.157557 -1.183020
v 5.729036 1.157557 -0.405087
v 5.729036 1.157557 -1.183020
v 6.752813 0.071971 -0.405087
v 6.752813 0.071971 -1.183020
v 6.830815 0.071971 -0.405087
v 6.830815 0.071971 -1.183020
v 7.854593 1.157557 -0.405087
v 7.854593 1.157557 -1.183020
v 7.864344 1.157557 -0.405087
v 7.864344 1.157557 -1.183020
v 7.864344 -1.025951 -0.405087
v 7.864344 -1.025951 -1.183020
v 8.342107 -1.025951 -0.405087
v 8.342107 -1.025951 -1.183020
v 8.342107 1.778480 -0.405087
v 8.342107 1.778480 -1.183020
v 7.893595 1.778480 -0.405087
v 7.893595 1.778480 -1.183020
v 6.791814 0.627100 -0.405087
v 6.791814 0.627100 -1.183020
v 5.685159 1.778480 -0.405087
v 5.685159 1.778480 -1.183020
v 5.241522 1.778480 -0.405087
v 5.241522 1.778480 -1.183020
v 5.241522 -1.025951 -0.405087
v 5.241522 -1.025951 -1.183020
v 4.047114 1.416618 -0.405087
v 4.047114 1.416618 -1.183020
v 4.047114 0.569531 -0.405087
v 4.047114 0.569531 -1.183020
v 2.686952 0.569531 -0.405087
v 2.686952 0.569531 -1.183020
v 2.686952 0.207669 -0.405087
v 2.686952 0.207669 -1.183020
v 4.047114 0.207669 -0.405087
v 4.047114 0.207669 -1.183020
v 4.047114 -0.664089 -0.405087
v 4.047114 -0.664089 -1.183020
v 2.594324 -0.664089 -0.405087
v 2.594324 -0.664089 -1.183020
v 2.594324 -1.025951 -0.405087
v 2.594324 -1.025951 -1.183020
v 4.524877 -1.025951 -0.405087
v 4.524877 -1.025951 -1.183020
v 4.524877 1.778480 -0.405087
v 4.524877 1.778480 -1.183020
v 2.638200 1.778480 -0.405087
v 2.638200 1.778480 -1.183020
v 2.638200 1.416618 -0.405087
v 2.638200 1.416618 -1.183020
v -1.999217 1.201517 -0.405086
v -1.999217 1.201517 -1.183019
v -1.900120 1.245034 -0.405086
v -1.900120 1.245034 -1.183019
v -1.802818 1.284068 -0.405086
v -1.802818 1.284068 -1.183019
v -1.706988 1.318690 -0.405086
v -1.706988 1.318690 -1.183019
v -1.612310 1.348971 -0.405086
v -1.612310 1.348971 -1.183019
v -1.518461 1.374983 -0.405086
v -1.518461 1.374983 -1.183019
v -1.425119 1.396798 -0.405086
v -1.425119 1.396798 -1.183019
v -1.331964 1.414486 -0.405086
v -1.331964 1.414486 -1.183019
v -1.238674 1.428119 -0.405086
v -1.238674 1.428119 -1.183019
v -1.144926 1.437769 -0.405086
v -1.144926 1.437769 -1.183019
v -1.050400 1.443506 -0.405086
v -1.050400 1.443506 -1.183019
v -0.954773 1.445403 -0.405086
v -0.954773 1.445403 -1.183019
v -0.768920 1.436064 -0.405086
v -0.768920 1.436064 -1.183019
v -0.592479 1.408736 -0.405086
v -0.592479 1.408736 -1.183019
v -0.426735 1.364446 -0.405086
v -0.426735 1.364446 -1.183019
v -0.272977 1.304221 -0.405086
v -0.272977 1.304221 -1.183019
v -0.132489 1.229090 -0.405086
v -0.132490 1.229090 -1.183020
v -0.006560 1.140081 -0.405086
v -0.006560 1.140081 -1.183020
v 0.103526 1.038222 -0.405086
v 0.103526 1.038222 -1.183020
v 0.196481 0.924540 -0.405086
v 0.196480 0.924540 -1.183020
v 0.271018 0.800065 -0.405086
v 0.271018 0.800065 -1.183020
v 0.325852 0.665823 -0.405086
v 0.325852 0.665823 -1.183020
v 0.359696 0.522842 -0.405086
v 0.359696 0.522842 -1.183020
v 0.371263 0.372152 -0.405086
v 0.371263 0.372152 -1.183020
v 0.360057 0.219032 -0.405086
v 0.360057 0.219032 -1.183020
v 0.327116 0.074807 -0.405086
v 0.327116 0.074807 -1.183019
v 0.273456 -0.059680 -0.405086
v 0.273456 -0.059680 -1.183019
v 0.200092 -0.183587 -0.405086
v 0.200092 -0.183587 -1.183019
v 0.108040 -0.296071 -0.405086
v 0.108040 -0.296071 -1.183019
v -0.001685 -0.396291 -0.405086
v -0.001685 -0.396291 -1.183019
v -0.128066 -0.483403 -0.405086
v -0.128066 -0.483403 -1.183019
v -0.270088 -0.556566 -0.405086
v -0.270088 -0.556566 -1.183019
v -0.426735 -0.614937 -0.405086
v -0.426735 -0.614937 -1.183019
v -0.596993 -0.657674 -0.405086
v -0.596993 -0.657674 -1.183019
v -0.779844 -0.683934 -0.405086
v -0.779844 -0.683934 -1.183019
v -0.974274 -0.692874 -0.405086
v -0.974274 -0.692874 -1.183019
v -1.068792 -0.690571 -0.405086
v -1.068792 -0.690571 -1.183019
v -1.164494 -0.683698 -0.405086
v -1.164494 -0.683698 -1.183019
v -1.261145 -0.672314 -0.405086
v -1.261145 -0.672314 -1.183019
v -1.358507 -0.656475 -0.405086
v -1.358507 -0.656475 -1.183019
v -1.456342 -0.636238 -0.405086
v -1.456342 -0.636238 -1.183019
v -1.554415 -0.611660 -0.405086
v -1.554415 -0.611660 -1.183019
v -1.652487 -0.582799 -0.405086
v -1.652487 -0.582799 -1.183019
v -1.750323 -0.549713 -0.405086
v -1.750323 -0.549713 -1.183019
v -1.847685 -0.512457 -0.405086
v -1.847685 -0.512457 -1.183019
v -1.944335 -0.471089 -0.405086
v -1.944335 -0.471089 -1.183019
v -2.040038 -0.425665 -0.405086
v -2.040038 -0.425665 -1.183019
v -2.134556 -0.376245 -0.405086
v -2.134556 -0.376245 -1.183019
v -2.134556 -0.816236 -0.405086
v -2.134556 -0.816236 -1.183019
v -2.052209 -0.851324 -0.405086
v -2.052209 -0.851324 -1.183019
v -1.968169 -0.884484 -0.405086
v -1.968169 -0.884484 -1.183019
v -1.881963 -0.915504 -0.405086
v -1.881963 -0.915504 -1.183019
v -1.793116 -0.944167 -0.405086
v -1.793116 -0.944167 -1.183019
v -1.701154 -0.970260 -0.405086
v -1.701154 -0.970260 -1.183019
v -1.605603 -0.993569 -0.405086
v -1.605603 -0.993569 -1.183019
v -1.505991 -1.013879 -0.405086
v -1.505991 -1.013879 -1.183019
v -1.401841 -1.030977 -0.405086
v -1.401841 -1.030977 -1.183019
v -1.292681 -1.044648 -0.405086
v -1.292681 -1.044648 -1.183019
v -1.178036 -1.054678 -0.405086
v -1.178036 -1.054678 -1.183019
v -1.057433 -1.060854 -0.405086
v -1.057433 -1.060854 -1.183019
v -0.930398 -1.062960 -0.405086
v -0.930398 -1.062960 -1.183019
v -0.632924 -1.046681 -0.405086
v -0.632924 -1.046681 -1.183019
v -0.364160 -1.000233 -0.405086
v -0.364160 -1.000233 -1.183019
v -0.123563 -0.927198 -0.405086
v -0.123563 -0.927198 -1.183019
v 0.089408 -0.831162 -0.405086
v 0.089408 -0.831162 -1.183019
v 0.275295 -0.715707 -0.405086
v 0.275295 -0.715707 -1.183019
v 0.434640 -0.584418 -0.405086
v 0.434640 -0.584418 -1.183019
v 0.567984 -0.440879 -0.405086
v 0.567984 -0.440879 -1.183019
v 0.675869 -0.288673 -0.405086
v 0.675869 -0.288673 -1.183020
v 0.758836 -0.131384 -0.405086
v 0.758836 -0.131384 -1.183020
v 0.817428 0.027405 -0.405086
v 0.817428 0.027405 -1.183020
v 0.852186 0.184108 -0.405086
v 0.852186 0.184108 -1.183020
v 0.863651 0.335144 -0.405086
v 0.863651 0.335144 -1.183020
v 0.847980 0.543946 -0.405086
v 0.847980 0.543946 -1.183020
v 0.802058 0.741782 -0.405086
v 0.802058 0.741782 -1.183020
v 0.727529 0.927282 -0.405086
v 0.727529 0.927282 -1.183020
v 0.626034 1.099075 -0.405086
v 0.626034 1.099075 -1.183020
v 0.499216 1.255790 -0.405086
v 0.499216 1.255790 -1.183020
v 0.348716 1.396058 -0.405086
v 0.348716 1.396058 -1.183020
v 0.176176 1.518506 -0.405086
v 0.176176 1.518506 -1.183020
v -0.016761 1.621764 -0.405086
v -0.016761 1.621764 -1.183020
v -0.228454 1.704463 -0.405086
v -0.228455 1.704463 -1.183020
v -0.457261 1.765230 -0.405086
v -0.457261 1.765230 -1.183019
v -0.701540 1.802695 -0.405086
v -0.701540 1.802695 -1.183019
v -0.959648 1.815489 -0.405086
v -0.959648 1.815489 -1.183019
v -1.045124 1.814021 -0.405086
v -1.045124 1.814021 -1.183019
v -1.131158 1.809568 -0.405086
v -1.131158 1.809568 -1.183019
v -1.218107 1.802060 -0.405086
v -1.218107 1.802060 -1.183019
v -1.306325 1.791425 -0.405086
v -1.306325 1.791425 -1.183019
v -1.396168 1.777593 -0.405086
v -1.396168 1.777593 -1.183019
v -1.487991 1.760490 -0.405086
v -1.487991 1.760490 -1.183019
v -1.582150 1.740047 -0.405086
v -1.582150 1.740047 -1.183019
v -1.679001 1.716190 -0.405086
v -1.679001 1.716190 -1.183019
v -1.778899 1.688850 -0.405086
v -1.778899 1.688850 -1.183019
v -1.882200 1.657955 -0.405086
v -1.882200 1.657955 -1.183019
v -1.989258 1.623433 -0.405086
v -1.989258 1.623433 -1.183019
v -2.100430 1.585213 -0.405086
v -2.100430 1.585213 -1.183019
v -2.100430 1.153445 -0.405086
v -2.100430 1.153445 -1.183019
v -4.694000 -0.664089 -0.405086
v -4.694000 -0.664089 -1.183019
v -4.694000 -1.025951 -0.405086
v -4.694000 -1.025951 -1.183019
v -2.714696 -1.025951 -0.405086
v -2.714696 -1.025951 -1.183019
v -2.714696 1.778480 -0.405086
v -2.714696 1.778480 -1.183019
v -3.192459 1.778480 -0.405086
v -3.192459 1.778480 -1.183019
v -3.192459 -0.664089 -0.405086
v -3.192459 -0.664089 -1.183019
v -5.586150 1.416618 -0.405086
v -5.586150 1.416618 -1.183019
v -5.586150 0.569531 -0.405086
v -5.586150 0.569531 -1.183019
v -6.946313 0.569531 -0.405086
v -6.946313 0.569531 -1.183019
v -6.946313 0.207669 -0.405086
v -6.946313 0.207669 -1.183019
v -5.586150 0.207669 -0.405086
v -5.586150 0.207669 -1.183019
v -5.586150 -0.664089 -0.405086
v -5.586150 -0.664089 -1.183019
v -7.038940 -0.664089 -0.405086
v -7.038940 -0.664089 -1.183019
v -7.038940 -1.025951 -0.405086
v -7.038940 -1.025951 -1.183019
v -5.108387 -1.025951 -0.405086
v -5.108387 -1.025951 -1.183019
v -5.108387 1.778480 -0.405086
v -5.108387 1.778480 -1.183019
v -6.995064 1.778480 -0.405086
v -6.995064 1.778480 -1.183019
v -6.995064 1.416618 -0.405086
v -6.995064 1.416618 -1.183019
v -9.944520 -1.025951 -0.405085
v -9.944520 -1.025951 -1.183019
v -9.500883 -0.199426 -0.405086
v -9.500883 -0.199426 -1.183019
v -8.087093 -0.199426 -0.405086
v -8.087093 -0.199426 -1.183019
v -7.667832 -1.025951 -0.405086
v -7.667832 -1.025951 -1.183019
v -7.180319 -1.025951 -0.405086
v -7.180319 -1.025951 -1.183019
v -8.608733 1.794929 -0.405086
v -8.608733 1.794929 -1.183019
v -8.945117 1.794929 -0.405086
v -8.945117 1.794929 -1.183019
v -10.432033 -1.025951 -0.405085
v -10.432033 -1.025951 -1.183018
v -9.305877 0.162437 -0.405086
v -9.305877 0.162437 -1.183019
v -8.769612 1.178118 -0.405086
v -8.769612 1.178118 -1.183019
v -8.272348 0.162437 -0.405086
v -8.272348 0.162437 -1.183019
v -11.808756 1.772294 -0.405085
v -11.808756 1.772294 -1.183018
v -11.960432 1.753998 -0.405085
v -11.960432 1.753998 -1.183018
v -12.100394 1.723995 -0.405085
v -12.100394 1.723995 -1.183018
v -12.228067 1.682684 -0.405085
v -12.228067 1.682684 -1.183018
v -12.342875 1.630465 -0.405085
v -12.342875 1.630465 -1.183018
v -12.444243 1.567737 -0.405085
v -12.444243 1.567737 -1.183018
v -12.531595 1.494900 -0.405085
v -12.531595 1.494900 -1.183018
v -12.604355 1.412354 -0.405085
v -12.604355 1.412354 -1.183018
v -12.661948 1.320498 -0.405085
v -12.661948 1.320498 -1.183018
v -12.703799 1.219734 -0.405085
v -12.703799 1.219734 -1.183018
v -12.729332 1.110459 -0.405085
v -12.729332 1.110459 -1.183018
v -12.737970 0.993075 -0.405085
v -12.737970 0.993075 -1.183018
v -12.733831 0.913599 -0.405085
v -12.733831 0.913599 -1.183018
v -12.721517 0.837692 -0.405085
v -12.721517 0.837692 -1.183018
v -12.701178 0.765498 -0.405085
v -12.701178 0.765498 -1.183018
v -12.672968 0.697158 -0.405085
v -12.672968 0.697158 -1.183018
v -12.637040 0.632817 -0.405085
v -12.637040 0.632817 -1.183018
v -12.593545 0.572616 -0.405085
v -12.593545 0.572616 -1.183018
v -12.542635 0.516698 -0.405085
v -12.542635 0.516698 -1.183018
v -12.484463 0.465207 -0.405085
v -12.484463 0.465207 -1.183018
v -12.419182 0.418285 -0.405085
v -12.419182 0.418285 -1.183018
v -12.346944 0.376074 -0.405085
v -12.346944 0.376074 -1.183018
v -12.267900 0.338718 -0.405085
v -12.267900 0.338718 -1.183018
v -12.182204 0.306359 -0.405085
v -12.182204 0.306359 -1.183018
v -12.255439 0.262326 -0.405085
v -12.255439 0.262326 -1.183018
v -12.324441 0.214523 -0.405085
v -12.324441 0.214523 -1.183018
v -12.389854 0.162951 -0.405085
v -12.389854 0.162951 -1.183018
v -12.452322 0.107609 -0.405085
v -12.452322 0.107609 -1.183018
v -12.512488 0.048498 -0.405085
v -12.512488 0.048498 -1.183018
v -12.570996 -0.014382 -0.405085
v -12.570996 -0.014382 -1.183018
v -12.628489 -0.081032 -0.405085
v -12.628489 -0.081032 -1.183018
v -12.685607 -0.151452 -0.405085
v -12.685607 -0.151452 -1.183018
v -12.742997 -0.225640 -0.405085
v -12.742997 -0.225640 -1.183018
v -12.801301 -0.303598 -0.405085
v -12.801301 -0.303598 -1.183018
v -12.861163 -0.385325 -0.405085
v -12.861163 -0.385325 -1.183018
v -12.923225 -0.470822 -0.405085
v -12.923225 -0.470822 -1.183018
v -12.957470 -0.517240 -0.405085
v -12.957470 -0.517240 -1.183018
v -12.989987 -0.560488 -0.405085
v -12.989987 -0.560488 -1.183018
v -13.021489 -0.601509 -0.405085
v -13.021489 -0.601509 -1.183018
v -13.052688 -0.641244 -0.405085
v -13.052688 -0.641244 -1.183018
v -13.084291 -0.680637 -0.405085
v -13.084291 -0.680637 -1.183018
v -13.117011 -0.720630 -0.405085
v -13.117011 -0.720630 -1.183018
v -13.151561 -0.762165 -0.405085
v -13.151561 -0.762165 -1.183018
v -13.188649 -0.806184 -0.405085
v -13.188649 -0.806184 -1.183018
v -13.228988 -0.853630 -0.405085
v -13.228988 -0.853630 -1.183018
v -13.273287 -0.905445 -0.405085
v -13.273287 -0.905445 -1.183018
v -13.322258 -0.962571 -0.405085
v -13.322258 -0.962571 -1.183018
v -13.376613 -1.025951 -0.405085
v -13.376613 -1.025951 -1.183018
v -12.806222 -1.025951 -0.405085
v -12.806222 -1.025951 -1.183018
v -12.367460 -0.450262 -0.405085
v -12.367460 -0.450262 -1.183018
v -12.262582 -0.316705 -0.405085
v -12.262582 -0.316705 -1.183018
v -12.166676 -0.202852 -0.405085
v -12.166676 -0.202852 -1.183018
v -12.078760 -0.107161 -0.405085
v -12.078760 -0.107161 -1.183018
v -11.997852 -0.028089 -0.405085
v -11.997852 -0.028089 -1.183018
v -11.922971 0.035905 -0.405085
v -11.922971 0.035905 -1.183018
v -11.853133 0.086364 -0.405085
v -11.853133 0.086364 -1.183018
v -11.787359 0.124828 -0.405085
v -11.787359 0.124828 -1.183018
v -11.724665 0.152842 -0.405085
v -11.724665 0.152842 -1.183018
v -11.664069 0.171946 -0.405085
v -11.664069 0.171946 -1.183018
v -11.604592 0.183682 -0.405085
v -11.604592 0.183682 -1.183018
v -11.545250 0.189594 -0.405085
v -11.545250 0.189594 -1.183018
v -11.485061 0.191221 -0.405085
v -11.485061 0.191221 -1.183018
v -11.285180 0.191221 -0.405085
v -11.285180 0.191221 -1.183018
v -11.285180 -1.025951 -0.405085
v -11.285180 -1.025951 -1.183018
v -10.807417 -1.025951 -0.405085
v -10.807417 -1.025951 -1.183018
v -10.807417 1.778480 -0.405086
v -10.807417 1.778480 -1.183019
v -11.645941 1.778480 -0.405085
v -11.645941 1.778480 -1.183018
v -11.592313 0.553083 -0.405085
v -11.592313 0.553083 -1.183018
v -11.712791 0.557588 -0.405085
v -11.712791 0.557588 -1.183018
v -11.818780 0.570616 -0.405085
v -11.818780 0.570616 -1.183018
v -11.911024 0.591441 -0.405085
v -11.911024 0.591441 -1.183018
v -11.990268 0.619333 -0.405085
v -11.990268 0.619333 -1.183018
v -12.057256 0.653564 -0.405085
v -12.057256 0.653564 -1.183018
v -12.112734 0.693408 -0.405085
v -12.112734 0.693408 -1.183018
v -12.157445 0.738133 -0.405085
v -12.157445 0.738133 -1.183018
v -12.192135 0.787014 -0.405085
v -12.192135 0.787014 -1.183018
v -12.217549 0.839322 -0.405085
v -12.217549 0.839322 -1.183018
v -12.234432 0.894328 -0.405085
v -12.234432 0.894328 -1.183018
v -12.243527 0.951304 -0.405085
v -12.243527 0.951304 -1.183018
v -12.245582 1.009523 -0.405085
v -12.245582 1.009523 -1.183018
v -12.240547 1.073141 -0.405085
v -12.240547 1.073141 -1.183018
v -12.227659 1.132276 -0.405085
v -12.227659 1.132276 -1.183018
v -12.206579 1.186728 -0.405085
v -12.206579 1.186728 -1.183018
v -12.176967 1.236296 -0.405085
v -12.176967 1.236296 -1.183018
v -12.138485 1.280781 -0.405085
v -12.138485 1.280781 -1.183018
v -12.090795 1.319984 -0.405085
v -12.090795 1.319984 -1.183018
v -12.033557 1.353704 -0.405085
v -12.033557 1.353704 -1.183018
v -11.966434 1.381742 -0.405085
v -11.966434 1.381742 -1.183018
v -11.889087 1.403896 -0.405085
v -11.889087 1.403896 -1.183018
v -11.801177 1.419969 -0.405085
v -11.801177 1.419969 -1.183018
v -11.702365 1.429759 -0.405085
v -11.702365 1.429759 -1.183018
v -11.592313 1.433066 -0.405085
v -11.592313 1.433066 -1.183018
v -11.285180 1.433066 -0.405085
v -11.285180 1.433066 -1.183018
v -11.285180 0.553083 -0.405085
v -11.285180 0.553083 -1.183018
v -14.079042 1.811289 -0.405085
v -14.079042 1.811289 -1.183018
v -14.119302 1.798679 -0.405085
v -14.119302 1.798679 -1.183018
v -14.155566 1.777645 -0.405085
v -14.155566 1.777645 -1.183018
v -14.187869 1.748173 -0.405085
v -14.187869 1.748173 -1.183018
v -14.216246 1.710248 -0.405085
v -14.216246 1.710248 -1.183018
v -14.240728 1.663857 -0.405085
v -14.240728 1.663857 -1.183018
v -14.261352 1.608984 -0.405085
v -14.261352 1.608984 -1.183018
v -14.278150 1.545616 -0.405085
v -14.278150 1.545616 -1.183018
v -14.291156 1.473738 -0.405085
v -14.291156 1.473738 -1.183018
v -14.300405 1.393335 -0.405085
v -14.300405 1.393335 -1.183018
v -14.305929 1.304395 -0.405085
v -14.305929 1.304395 -1.183018
v -14.307763 1.206903 -0.405085
v -14.307763 1.206903 -1.183018
v -14.307560 1.162358 -0.405085
v -14.307560 1.162358 -1.183018
v -14.306951 1.119198 -0.405085
v -14.306951 1.119198 -1.183018
v -14.305935 1.077437 -0.405085
v -14.305935 1.077437 -1.183018
v -14.304513 1.037090 -0.405085
v -14.304513 1.037090 -1.183018
v -14.302685 0.998170 -0.405085
v -14.302685 0.998170 -1.183018
v -14.300451 0.960692 -0.405085
v -14.300451 0.960692 -1.183018
v -14.297810 0.924672 -0.405085
v -14.297810 0.924672 -1.183018
v -14.294764 0.890121 -0.405085
v -14.294764 0.890121 -1.183018
v -14.291310 0.857055 -0.405085
v -14.291310 0.857055 -1.183018
v -14.287450 0.825489 -0.405085
v -14.287450 0.825489 -1.183018
v -14.283184 0.795436 -0.405085
v -14.283184 0.795436 -1.183018
v -14.278512 0.766911 -0.405085
v -14.278512 0.766911 -1.183018
v -14.156634 0.059635 -0.405085
v -14.156634 0.059635 -1.183018
v -14.149300 0.016530 -0.405085
v -14.149300 0.016530 -1.183018
v -14.141850 -0.022377 -0.405085
v -14.141850 -0.022377 -1.183018
v -14.134162 -0.057173 -0.405085
v -14.134162 -0.057173 -1.183018
v -14.126119 -0.087943 -0.405085
v -14.126119 -0.087943 -1.183018
v -14.117601 -0.114771 -0.405085
v -14.117601 -0.114771 -1.183018
v -14.108491 -0.137744 -0.405085
v -14.108491 -0.137744 -1.183018
v -14.098671 -0.156949 -0.405085
v -14.098671 -0.156949 -1.183018
v -14.088020 -0.172469 -0.405085
v -14.088020 -0.172469 -1.183018
v -14.076423 -0.184391 -0.405085
v -14.076423 -0.184391 -1.183018
v -14.063758 -0.192801 -0.405085
v -14.063758 -0.192801 -1.183018
v -14.049909 -0.197783 -0.405085
v -14.049909 -0.197783 -1.183018
v -14.034756 -0.199426 -0.405085
v -14.034756 -0.199426 -1.183018
v -14.019600 -0.197784 -0.405085
v -14.019600 -0.197784 -1.183018
v -14.005751 -0.192801 -0.405085
v -14.005751 -0.192801 -1.183018
v -13.993086 -0.184391 -0.405085
v -13.993086 -0.184391 -1.183018
v -13.981488 -0.172469 -0.405085
v -13.981488 -0.172469 -1.183018
v -13.970839 -0.156949 -0.405085
v -13.970839 -0.156949 -1.183018
v -13.961018 -0.137745 -0.405085
v -13.961018 -0.137745 -1.183018
v -13.951907 -0.114771 -0.405085
v -13.951907 -0.114771 -1.183018
v -13.943390 -0.087943 -0.405085
v -13.943390 -0.087943 -1.183018
v -13.935347 -0.057174 -0.405085
v -13.935347 -0.057174 -1.183018
v -13.927659 -0.022378 -0.405085
v -13.927659 -0.022378 -1.183018
v -13.920209 0.016529 -0.405085
v -13.920209 0.016529 -1.183018
v -13.912877 0.059635 -0.405085
v -13.912877 0.059635 -1.183018
v -13.790999 0.766911 -0.405085
v -13.790999 0.766911 -1.183018
v -13.786325 0.795435 -0.405085
v -13.786325 0.795435 -1.183018
v -13.782060 0.825489 -0.405085
v -13.782060 0.825489 -1.183018
v -13.778201 0.857055 -0.405085
v -13.778201 0.857055 -1.183018
v -13.774748 0.890121 -0.405085
v -13.774748 0.890121 -1.183018
v -13.771701 0.924671 -0.405085
v -13.771701 0.924671 -1.183018
v -13.769060 0.960692 -0.405085
v -13.769060 0.960692 -1.183018
v -13.766827 0.998169 -0.405085
v -13.766827 0.998169 -1.183018
v -13.764998 1.037089 -0.405085
v -13.764998 1.037089 -1.183018
v -13.763577 1.077436 -0.405085
v -13.763577 1.077436 -1.183018
v -13.762561 1.119197 -0.405085
v -13.762561 1.119197 -1.183018
v -13.761951 1.162357 -0.405085
v -13.761951 1.162357 -1.183018
v -13.761748 1.206903 -0.405085
v -13.761748 1.206903 -1.183018
v -13.763581 1.304395 -0.405085
v -13.763581 1.304395 -1.183018
v -13.769106 1.393335 -0.405085
v -13.769106 1.393335 -1.183018
v -13.778355 1.473738 -0.405085
v -13.778355 1.473738 -1.183018
v -13.791361 1.545616 -0.405085
v -13.791361 1.545616 -1.183018
v -13.808159 1.608984 -0.405085
v -13.808159 1.608984 -1.183018
v -13.828781 1.663857 -0.405085
v -13.828781 1.663857 -1.183018
v -13.853265 1.710248 -0.405085
v -13.853265 1.710248 -1.183018
v -13.881640 1.748173 -0.405085
v -13.881640 1.748173 -1.183018
v -13.913944 1.777645 -0.405085
v -13.913944 1.777645 -1.183018
v -13.950209 1.798679 -0.405085
v -13.950209 1.798679 -1.183018
v -13.990468 1.811289 -0.405085
v -13.990468 1.811289 -1.183018
v -14.034756 1.815489 -0.405085
v -14.034756 1.815489 -1.183018
v -14.329454 -0.849596 -0.405085
v -14.329454 -0.849596 -1.183018
v -14.321642 -0.881629 -0.405085
v -14.321642 -0.881629 -1.183018
v -14.309056 -0.912034 -0.405085
v -14.309056 -0.912034 -1.183018
v -14.292053 -0.940512 -0.405085
v -14.292053 -0.940512 -1.183018
v -14.270988 -0.966762 -0.405085
v -14.270988 -0.966762 -1.183018
v -14.246213 -0.990485 -0.405085
v -14.246213 -0.990485 -1.183018
v -14.218089 -1.011381 -0.405085
v -14.218089 -1.011381 -1.183018
v -14.186968 -1.029150 -0.405085
v -14.186968 -1.029150 -1.183018
v -14.153206 -1.043492 -0.405085
v -14.153206 -1.043492 -1.183018
v -14.117158 -1.054108 -0.405085
v -14.117158 -1.054108 -1.183018
v -14.079182 -1.060697 -0.405085
v -14.079182 -1.060697 -1.183018
v -14.039630 -1.062960 -0.405085
v -14.039630 -1.062960 -1.183018
v -14.000077 -1.060697 -0.405085
v -14.000077 -1.060697 -1.183018
v -13.962101 -1.054108 -0.405085
v -13.962101 -1.054108 -1.183018
v -13.926054 -1.043492 -0.405085
v -13.926054 -1.043492 -1.183018
v -13.892292 -1.029150 -0.405085
v -13.892292 -1.029150 -1.183018
v -13.861171 -1.011381 -0.405085
v -13.861171 -1.011381 -1.183018
v -13.833046 -0.990485 -0.405085
v -13.833046 -0.990485 -1.183018
v -13.808272 -0.966762 -0.405085
v -13.808272 -0.966762 -1.183018
v -13.787207 -0.940512 -0.405085
v -13.787207 -0.940512 -1.183018
v -13.770203 -0.912034 -0.405085
v -13.770203 -0.912034 -1.183018
v -13.757617 -0.881629 -0.405085
v -13.757617 -0.881629 -1.183018
v -13.749805 -0.849596 -0.405085
v -13.749805 -0.849596 -1.183018
v -13.747123 -0.816236 -0.405085
v -13.747123 -0.816236 -1.183018
v -13.749806 -0.782876 -0.405085
v -13.749806 -0.782876 -1.183018
v -13.757618 -0.750843 -0.405085
v -13.757618 -0.750843 -1.183018
v -13.770204 -0.720438 -0.405085
v -13.770204 -0.720438 -1.183018
v -13.787208 -0.691960 -0.405085
v -13.787208 -0.691960 -1.183018
v -13.808273 -0.665710 -0.405085
v -13.808273 -0.665710 -1.183018
v -13.833047 -0.641987 -0.405085
v -13.833047 -0.641987 -1.183018
v -13.861172 -0.621091 -0.405085
v -13.861172 -0.621091 -1.183018
v -13.892293 -0.603322 -0.405085
v -13.892293 -0.603322 -1.183018
v -13.926055 -0.588980 -0.405085
v -13.926055 -0.588980 -1.183018
v -13.962102 -0.578364 -0.405085
v -13.962102 -0.578364 -1.183018
v -14.000079 -0.571774 -0.405085
v -14.000079 -0.571774 -1.183018
v -14.039630 -0.569511 -0.405085
v -14.039630 -0.569511 -1.183018
v -14.079185 -0.571774 -0.405085
v -14.079185 -0.571774 -1.183018
v -14.117161 -0.578364 -0.405085
v -14.117161 -0.578364 -1.183018
v -14.153208 -0.588980 -0.405085
v -14.153208 -0.588980 -1.183018
v -14.186970 -0.603322 -0.405085
v -14.186970 -0.603322 -1.183018
v -14.218091 -0.621091 -0.405085
v -14.218091 -0.621091 -1.183018
v -14.246216 -0.641987 -0.405085
v -14.246216 -0.641987 -1.183018
v -14.270989 -0.665710 -0.405085
v -14.270989 -0.665710 -1.183018
v -14.292055 -0.691960 -0.405085
v -14.292055 -0.691960 -1.183018
v -14.309059 -0.720438 -0.405085
v -14.309059 -0.720438 -1.183018
v -14.321645 -0.750843 -0.405085
v -14.321645 -0.750843 -1.183018
v -14.329456 -0.782876 -0.405085
v -14.329456 -0.782876 -1.183018
v -14.332139 -0.816236 -0.405085
v -14.332139 -0.816236 -1.183018
v -15.400203 1.811289 -0.405085
v -15.400203 1.811289 -1.183018
v -15.440462 1.798679 -0.405085
v -15.440462 1.798679 -1.183018
v -15.476727 1.777645 -0.405085
v -15.476727 1.777645 -1.183018
v -15.509030 1.748173 -0.405085
v -15.509030 1.748173 -1.183018
v -15.537406 1.710248 -0.405085
v -15.537406 1.710248 -1.183018
v -15.561889 1.663857 -0.405085
v -15.561889 1.663857 -1.183018
v -15.582512 1.608984 -0.405085
v -15.582512 1.608984 -1.183018
v -15.599310 1.545616 -0.405085
v -15.599310 1.545616 -1.183018
v -15.612316 1.473738 -0.405085
v -15.612316 1.473738 -1.183018
v -15.621565 1.393335 -0.405085
v -15.621565 1.393335 -1.183018
v -15.627090 1.304395 -0.405085
v -15.627090 1.304395 -1.183018
v -15.628923 1.206903 -0.405085
v -15.628923 1.206903 -1.183018
v -15.628720 1.162358 -0.405085
v -15.628720 1.162358 -1.183018
v -15.628111 1.119198 -0.405085
v -15.628111 1.119198 -1.183018
v -15.627095 1.077437 -0.405085
v -15.627095 1.077437 -1.183018
v -15.625673 1.037090 -0.405085
v -15.625673 1.037090 -1.183018
v -15.623845 0.998170 -0.405085
v -15.623845 0.998170 -1.183018
v -15.621612 0.960692 -0.405085
v -15.621612 0.960692 -1.183018
v -15.618971 0.924672 -0.405085
v -15.618971 0.924672 -1.183018
v -15.615924 0.890121 -0.405085
v -15.615924 0.890121 -1.183018
v -15.612471 0.857055 -0.405085
v -15.612471 0.857055 -1.183018
v -15.608611 0.825489 -0.405085
v -15.608611 0.825489 -1.183018
v -15.604345 0.795436 -0.405085
v -15.604345 0.795436 -1.183018
v -15.599672 0.766911 -0.405085
v -15.599672 0.766911 -1.183018
v -15.477795 0.059635 -0.405085
v -15.477795 0.059635 -1.183018
v -15.470461 0.016530 -0.405085
v -15.470461 0.016530 -1.183018
v -15.463010 -0.022377 -0.405085
v -15.463010 -0.022377 -1.183018
v -15.455322 -0.057173 -0.405085
v -15.455322 -0.057173 -1.183018
v -15.447279 -0.087943 -0.405085
v -15.447279 -0.087943 -1.183018
v -15.438762 -0.114771 -0.405085
v -15.438762 -0.114771 -1.183018
v -15.429651 -0.137744 -0.405085
v -15.429651 -0.137744 -1.183018
v -15.419831 -0.156949 -0.405085
v -15.419831 -0.156949 -1.183018
v -15.409181 -0.172469 -0.405085
v -15.409181 -0.172469 -1.183018
v -15.397583 -0.184391 -0.405085
v -15.397583 -0.184391 -1.183018
v -15.384918 -0.192801 -0.405085
v -15.384918 -0.192801 -1.183018
v -15.371069 -0.197783 -0.405085
v -15.371069 -0.197783 -1.183018
v -15.355916 -0.199426 -0.405085
v -15.355916 -0.199426 -1.183018
v -15.340760 -0.197784 -0.405085
v -15.340760 -0.197784 -1.183018
v -15.326912 -0.192801 -0.405085
v -15.326912 -0.192801 -1.183018
v -15.314247 -0.184391 -0.405085
v -15.314247 -0.184391 -1.183018
v -15.302649 -0.172469 -0.405085
v -15.302649 -0.172469 -1.183018
v -15.291999 -0.156949 -0.405085
v -15.291999 -0.156949 -1.183018
v -15.282179 -0.137745 -0.405085
v -15.282179 -0.137745 -1.183018
v -15.273068 -0.114771 -0.405085
v -15.273068 -0.114771 -1.183018
v -15.264550 -0.087943 -0.405085
v -15.264550 -0.087943 -1.183018
v -15.256507 -0.057174 -0.405085
v -15.256507 -0.057174 -1.183018
v -15.248819 -0.022378 -0.405085
v -15.248819 -0.022378 -1.183018
v -15.241369 0.016529 -0.405085
v -15.241369 0.016529 -1.183018
v -15.234037 0.059635 -0.405085
v -15.234037 0.059635 -1.183018
v -15.112160 0.766911 -0.405085
v -15.112160 0.766911 -1.183018
v -15.107486 0.795435 -0.405085
v -15.107486 0.795435 -1.183018
v -15.103220 0.825489 -0.405085
v -15.103220 0.825489 -1.183018
v -15.099361 0.857055 -0.405085
v -15.099361 0.857055 -1.183018
v -15.095908 0.890121 -0.405085
v -15.095908 0.890121 -1.183018
v -15.092862 0.924671 -0.405085
v -15.092862 0.924671 -1.183018
v -15.090220 0.960692 -0.405085
v -15.090220 0.960692 -1.183018
v -15.087987 0.998169 -0.405085
v -15.087987 0.998169 -1.183018
v -15.086159 1.037089 -0.405085
v -15.086159 1.037089 -1.183018
v -15.084737 1.077436 -0.405085
v -15.084737 1.077436 -1.183018
v -15.083721 1.119197 -0.405085
v -15.083721 1.119197 -1.183018
v -15.083112 1.162357 -0.405085
v -15.083112 1.162357 -1.183018
v -15.082909 1.206903 -0.405085
v -15.082909 1.206903 -1.183018
v -15.084742 1.304395 -0.405085
v -15.084742 1.304395 -1.183018
v -15.090266 1.393335 -0.405085
v -15.090266 1.393335 -1.183018
v -15.099515 1.473738 -0.405085
v -15.099515 1.473738 -1.183018
v -15.112521 1.545616 -0.405085
v -15.112521 1.545616 -1.183018
v -15.129319 1.608984 -0.405085
v -15.129319 1.608984 -1.183018
v -15.149942 1.663857 -0.405085
v -15.149942 1.663857 -1.183018
v -15.174425 1.710248 -0.405085
v -15.174425 1.710248 -1.183018
v -15.202801 1.748173 -0.405085
v -15.202801 1.748173 -1.183018
v -15.235105 1.777645 -0.405085
v -15.235105 1.777645 -1.183018
v -15.271369 1.798679 -0.405085
v -15.271369 1.798679 -1.183018
v -15.311628 1.811289 -0.405085
v -15.311628 1.811289 -1.183018
v -15.355916 1.815489 -0.405085
v -15.355916 1.815489 -1.183018
v -15.650615 -0.849596 -0.405085
v -15.650615 -0.849596 -1.183018
v -15.642803 -0.881629 -0.405085
v -15.642803 -0.881629 -1.183018
v -15.630218 -0.912034 -0.405085
v -15.630218 -0.912034 -1.183018
v -15.613214 -0.940512 -0.405085
v -15.613214 -0.940512 -1.183018
v -15.592148 -0.966762 -0.405085
v -15.592148 -0.966762 -1.183018
v -15.567374 -0.990485 -0.405085
v -15.567374 -0.990485 -1.183018
v -15.539249 -1.011381 -0.405085
v -15.539249 -1.011381 -1.183018
v -15.508128 -1.029150 -0.405085
v -15.508128 -1.029150 -1.183018
v -15.474366 -1.043492 -0.405085
v -15.474366 -1.043492 -1.183018
v -15.438319 -1.054108 -0.405085
v -15.438319 -1.054108 -1.183018
v -15.400342 -1.060697 -0.405085
v -15.400342 -1.060697 -1.183018
v -15.360791 -1.062960 -0.405085
v -15.360791 -1.062960 -1.183018
v -15.321239 -1.060697 -0.405085
v -15.321239 -1.060697 -1.183018
v -15.283261 -1.054108 -0.405085
v -15.283261 -1.054108 -1.183018
v -15.247214 -1.043492 -0.405085
v -15.247214 -1.043492 -1.183018
v -15.213452 -1.029150 -0.405085
v -15.213452 -1.029150 -1.183018
v -15.182331 -1.011381 -0.405085
v -15.182331 -1.011381 -1.183018
v -15.154206 -0.990485 -0.405085
v -15.154206 -0.990485 -1.183018
v -15.129433 -0.966762 -0.405085
v -15.129433 -0.966762 -1.183018
v -15.108367 -0.940512 -0.405085
v -15.108367 -0.940512 -1.183018
v -15.091364 -0.912034 -0.405085
v -15.091364 -0.912034 -1.183018
v -15.078778 -0.881629 -0.405085
v -15.078778 -0.881629 -1.183018
v -15.070966 -0.849596 -0.405085
v -15.070966 -0.849596 -1.183018
v -15.068283 -0.816236 -0.405085
v -15.068283 -0.816236 -1.183018
v -15.070967 -0.782876 -0.405085
v -15.070967 -0.782876 -1.183018
v -15.078779 -0.750843 -0.405085
v -15.078779 -0.750843 -1.183018
v -15.091365 -0.720438 -0.405085
v -15.091365 -0.720438 -1.183018
v -15.108368 -0.691960 -0.405085
v -15.108368 -0.691960 -1.183018
v -15.129435 -0.665710 -0.405085
v -15.129435 -0.665710 -1.183018
v -15.154208 -0.641987 -0.405085
v -15.154208 -0.641987 -1.183018
v -15.182333 -0.621091 -0.405085
v -15.182333 -0.621091 -1.183018
v -15.213454 -0.603322 -0.405085
v -15.213454 -0.603322 -1.183018
v -15.247216 -0.588980 -0.405085
v -15.247216 -0.588980 -1.183018
v -15.283263 -0.578364 -0.405085
v -15.283263 -0.578364 -1.183018
v -15.321239 -0.571774 -0.405085
v -15.321239 -0.571774 -1.183018
v -15.360791 -0.569511 -0.405085
v -15.360791 -0.569511 -1.183018
v -15.400345 -0.571774 -0.405085
v -15.400345 -0.571774 -1.183018
v -15.438321 -0.578364 -0.405085
v -15.438321 -0.578364 -1.183018
v -15.474368 -0.588980 -0.405085
v -15.474368 -0.588980 -1.183018
v -15.508130 -0.603322 -0.405085
v -15.508130 -0.603322 -1.183018
v -15.539251 -0.621091 -0.405085
v -15.539251 -0.621091 -1.183018
v -15.567376 -0.641987 -0.405085
v -15.567376 -0.641987 -1.183018
v -15.592150 -0.665710 -0.405085
v -15.592150 -0.665710 -1.183018
v -15.613216 -0.691960 -0.405085
v -15.613216 -0.691960 -1.183018
v -15.630219 -0.720438 -0.405085
v -15.630219 -0.720438 -1.183018
v -15.642805 -0.750843 -0.405085
v -15.642805 -0.750843 -1.183018
v -15.650618 -0.782876 -0.405085
v -15.650618 -0.782876 -1.183018
v -15.653299 -0.816236 -0.405085
v -15.653299 -0.816236 -1.183018
vn -0.0000 -0.0000 -1.0000
vn -0.0000 -0.0000 1.0000
vn -0.3249 -0.9458 -0.0000
vn -0.2998 -0.9540 -0.0000
vn -0.2722 -0.9622 -0.0000
vn -0.2425 -0.9701 -0.0000
vn -0.2112 -0.9774 -0.0000
vn -0.1789 -0.9839 -0.0000
vn -0.1461 -0.9893 -0.0000
vn -0.1138 -0.9935 -0.0000
vn -0.0825 -0.9966 -0.0000
vn -0.0529 -0.9986 -0.0000
vn -0.0254 -0.9997 -0.0000
vn 0.0186 -0.9998 -0.0000
vn 0.1001 -0.9950 -0.0000
vn 0.2029 -0.9792 -0.0000
vn 0.3080 -0.9514 -0.0000
vn 0.4147 -0.9100 -0.0000
vn 0.5214 -0.8533 -0.0000
vn 0.6262 -0.7797 -0.0000
vn 0.7259 -0.6878 -0.0000
vn 0.8167 -0.5770 -0.0000
vn 0.8938 -0.4486 -0.0000
vn 0.9521 -0.3057 -0.0000
vn 0.9881 -0.1539 -0.0000
vn 1.0000 0.0007 -0.0000
vn 0.9878 0.1557 -0.0000
vn 0.9515 0.3075 -0.0000
vn 0.8936 0.4488 -0.0000
vn 0.8181 0.5751 -0.0000
vn 0.7296 0.6839 -0.0000
vn 0.6324 0.7747 -0.0000
vn 0.5298 0.8481 -0.0000
vn 0.4242 0.9056 -0.0000
vn 0.3174 0.9483 -0.0000
vn 0.2105 0.9776 -0.0000
vn 0.1045 0.9945 -0.0000
vn 0.0198 0.9998 -0.0000
vn -0.0260 0.9997 -0.0000
vn -0.0558 0.9984 -0.0000
vn -0.0892 0.9960 -0.0000
vn -0.1248 0.9922 -0.0000
vn -0.1610 0.9870 -0.0000
vn -0.1961 0.9806 -0.0000
vn -0.2287 0.9735 -0.0000
vn -0.2577 0.9662 -0.0000
vn -0.2828 0.9592 -0.0000
vn -0.3037 0.9528 -0.0000
vn -0.3206 0.9472 -0.0000
vn -0.7832 0.6218 -0.0000
vn -0.4537 -0.8911 -0.0000
vn 0.3905 -0.9206 -0.0000
vn 0.3594 -0.9332 -0.0000
vn 0.3273 -0.9449 -0.0000
vn 0.2942 -0.9557 -0.0000
vn 0.2603 -0.9655 -0.0000
vn 0.2254 -0.9743 -0.0000
vn 0.1896 -0.9819 -0.0000
vn 0.1531 -0.9882 -0.0000
vn 0.1158 -0.9933 -0.0000
vn 0.0778 -0.9970 -0.0000
vn 0.0391 -0.9992 -0.0000
vn -0.0170 -0.9999 -0.0000
vn -0.1080 -0.9942 -0.0000
vn -0.2168 -0.9762 -0.0000
vn -0.3257 -0.9455 -0.0000
vn -0.4334 -0.9012 -0.0000
vn -0.5390 -0.8423 -0.0000
vn -0.6408 -0.7677 -0.0000
vn -0.7365 -0.6765 -0.0000
vn -0.8230 -0.5680 -0.0000
vn -0.8966 -0.4429 -0.0000
vn -0.9529 -0.3034 -0.0000
vn -0.9881 -0.1537 -0.0000
vn -1.0000 -0.0010 -0.0000
vn -0.9885 0.1513 -0.0000
vn -0.9532 0.3025 -0.0000
vn -0.8947 0.4466 -0.0000
vn -0.8165 0.5774 -0.0000
vn -0.7234 0.6904 -0.0000
vn -0.6209 0.7839 -0.0000
vn -0.5137 0.8580 -0.0000
vn -0.4055 0.9141 -0.0000
vn -0.2988 0.9543 -0.0000
vn -0.1952 0.9808 -0.0000
vn -0.0956 0.9954 -0.0000
vn -0.0156 0.9999 -0.0000
vn 0.0311 0.9995 -0.0000
vn 0.0611 0.9981 -0.0000
vn 0.0897 0.9960 -0.0000
vn 0.1167 0.9932 -0.0000
vn 0.1419 0.9899 -0.0000
vn 0.1652 0.9863 -0.0000
vn 0.1864 0.9825 -0.0000
vn 0.2055 0.9787 -0.0000
vn 0.2224 0.9750 -0.0000
vn 0.2371 0.9715 -0.0000
vn 0.2495 0.9684 -0.0000
vn 0.7539 0.6570 -0.0000
vn 0.6447 -0.7644 -0.0000
vn 0.6447 0.7644 -0.0000
vn -0.6447 0.7644 -0.0000
vn -0.7866 -0.6175 -0.0000
vn 0.4779 -0.8784 -0.0000
vn -0.4863 -0.8738 -0.0000
vn 0.7874 -0.6164 -0.0000
vn 0.4866 0.8736 -0.0000
vn -0.4806 0.8769 -0.0000
vn -0.7922 -0.6103 -0.0000
vn 0.7924 0.6100 -0.0000
vn -0.0115 -0.9999 -0.0000
vn -0.7835 0.6214 -0.0000
vn -0.3768 -0.9263 -0.0000
vn 0.3768 -0.9263 -0.0000
vn -0.6447 -0.7644 -0.0000
vn -0.3739 0.9275 -0.0000
vn -0.0009 1.0000 -0.0000
vn 0.3730 0.9278 -0.0000
vn 0.4156 -0.9096 -0.0000
vn 0.3872 -0.9220 -0.0000
vn 0.3561 -0.9345 -0.0000
vn 0.3222 -0.9467 -0.0000
vn 0.2859 -0.9583 -0.0000
vn 0.2473 -0.9689 -0.0000
vn 0.2071 -0.9783 -0.0000
vn 0.1656 -0.9862 -0.0000
vn 0.1235 -0.9923 -0.0000
vn 0.0815 -0.9967 -0.0000
vn 0.0402 -0.9992 -0.0000
vn -0.0152 -0.9999 -0.0000
vn -0.1016 -0.9948 -0.0000
vn -0.2057 -0.9786 -0.0000
vn -0.3116 -0.9502 -0.0000
vn -0.4184 -0.9083 -0.0000
vn -0.5249 -0.8512 -0.0000
vn -0.6290 -0.7774 -0.0000
vn -0.7279 -0.6857 -0.0000
vn -0.8178 -0.5756 -0.0000
vn -0.8941 -0.4479 -0.0000
vn -0.9521 -0.3057 -0.0000
vn -0.9880 -0.1542 -0.0000
vn -1.0000 -0.0018 -0.0000
vn -0.9889 0.1485 -0.0000
vn -0.9546 0.2980 -0.0000
vn -0.8970 0.4420 -0.0000
vn -0.8190 0.5737 -0.0000
vn -0.7254 0.6883 -0.0000
vn -0.6218 0.7832 -0.0000
vn -0.5132 0.8583 -0.0000
vn -0.4038 0.9148 -0.0000
vn -0.2964 0.9550 -0.0000
vn -0.1929 0.9812 -0.0000
vn -0.0941 0.9956 -0.0000
vn -0.0108 0.9999 -0.0000
vn 0.0480 0.9988 -0.0000
vn 0.0943 0.9955 -0.0000
vn 0.1388 0.9903 -0.0000
vn 0.1816 0.9834 -0.0000
vn 0.2228 0.9749 -0.0000
vn 0.2627 0.9649 -0.0000
vn 0.3014 0.9535 -0.0000
vn 0.3389 0.9408 -0.0000
vn 0.3755 0.9268 -0.0000
vn 0.4112 0.9116 -0.0000
vn 0.4461 0.8950 -0.0000
vn -0.4250 0.9052 -0.0000
vn -0.8079 -0.5893 -0.0000
vn -0.3795 -0.9252 -0.0000
vn -0.3528 -0.9357 -0.0000
vn -0.3228 -0.9465 -0.0000
vn -0.2900 -0.9570 -0.0000
vn -0.2550 -0.9669 -0.0000
vn -0.2184 -0.9759 -0.0000
vn -0.1809 -0.9835 -0.0000
vn -0.1431 -0.9897 -0.0000
vn -0.1057 -0.9944 -0.0000
vn -0.0691 -0.9976 -0.0000
vn -0.0339 -0.9994 -0.0000
vn 0.0190 -0.9998 -0.0000
vn 0.1125 -0.9937 -0.0000
vn 0.2305 -0.9731 -0.0000
vn 0.3510 -0.9364 -0.0000
vn 0.4698 -0.8828 -0.0000
vn 0.5824 -0.8129 -0.0000
vn 0.6852 -0.7283 -0.0000
vn 0.7755 -0.6314 -0.0000
vn 0.8517 -0.5241 -0.0000
vn 0.9131 -0.4077 -0.0000
vn 0.9593 -0.2824 -0.0000
vn 0.9892 -0.1467 -0.0000
vn 1.0000 -0.0004 -0.0000
vn 0.9885 0.1512 -0.0000
vn 0.9537 0.3008 -0.0000
vn 0.8967 0.4426 -0.0000
vn 0.8209 0.5711 -0.0000
vn 0.7308 0.6826 -0.0000
vn 0.6311 0.7757 -0.0000
vn 0.5258 0.8506 -0.0000
vn 0.4181 0.9084 -0.0000
vn 0.3104 0.9506 -0.0000
vn 0.2042 0.9789 -0.0000
vn 0.1006 0.9949 -0.0000
vn 0.0162 0.9999 -0.0000
vn -0.0344 0.9994 -0.0000
vn -0.0689 0.9976 -0.0000
vn -0.1029 0.9947 -0.0000
vn -0.1359 0.9907 -0.0000
vn -0.1676 0.9858 -0.0000
vn -0.1976 0.9803 -0.0000
vn -0.2257 0.9742 -0.0000
vn -0.2516 0.9678 -0.0000
vn -0.2753 0.9614 -0.0000
vn -0.2967 0.9550 -0.0000
vn -0.3160 0.9488 -0.0000
vn -0.7820 0.6233 -0.0000
vn -0.4422 -0.8969 -0.0000
vn -0.0789 0.9969 -0.0000
vn -0.1647 0.9863 -0.0000
vn -0.2588 0.9659 -0.0000
vn -0.3611 0.9325 -0.0000
vn -0.4705 0.8824 -0.0000
vn -0.5841 0.8117 -0.0000
vn -0.6966 0.7174 -0.0000
vn -0.8007 0.5990 -0.0000
vn -0.8881 0.4597 -0.0000
vn -0.9517 0.3071 -0.0000
vn -0.9885 0.1512 -0.0000
vn -0.9999 0.0107 -0.0000
vn -0.9943 -0.1063 -0.0000
vn -0.9763 -0.2162 -0.0000
vn -0.9449 -0.3272 -0.0000
vn -0.9001 -0.4357 -0.0000
vn -0.8430 -0.5379 -0.0000
vn -0.7759 -0.6308 -0.0000
vn -0.7018 -0.7124 -0.0000
vn -0.6237 -0.7817 -0.0000
vn -0.5444 -0.8388 -0.0000
vn -0.4661 -0.8847 -0.0000
vn -0.3904 -0.9207 -0.0000
vn -0.9931 -0.1172 -0.0000
vn -0.5425 0.8400 -0.0000
vn -0.5945 0.8041 -0.0000
vn -0.6413 0.7673 -0.0000
vn -0.6821 0.7312 -0.0000
vn -0.7166 0.6975 -0.0000
vn -0.7448 0.6673 -0.0000
vn -0.7670 0.6417 -0.0000
vn -0.7838 0.6210 -0.0000
vn -0.7959 0.6054 -0.0000
vn -0.8038 0.5949 -0.0000
vn -0.8080 0.5892 -0.0000
vn -0.8070 0.5906 -0.0000
vn -0.8020 0.5973 -0.0000
vn -0.7962 0.6050 -0.0000
vn -0.7898 0.6133 -0.0000
vn -0.7833 0.6217 -0.0000
vn -0.7770 0.6295 -0.0000
vn -0.7714 0.6364 -0.0000
vn -0.7668 0.6419 -0.0000
vn -0.7633 0.6460 -0.0000
vn -0.7610 0.6488 -0.0000
vn -0.7596 0.6503 -0.0000
vn -0.7592 0.6509 -0.0000
vn -0.8554 -0.5180 -0.0000
vn 0.4183 -0.9083 -0.0000
vn 0.7909 -0.6119 -0.0000
vn 0.7757 -0.6311 -0.0000
vn 0.7507 -0.6606 -0.0000
vn 0.7178 -0.6962 -0.0000
vn 0.6745 -0.7382 -0.0000
vn 0.6180 -0.7862 -0.0000
vn 0.5455 -0.8381 -0.0000
vn 0.4567 -0.8896 -0.0000
vn 0.3545 -0.9351 -0.0000
vn 0.2472 -0.9690 -0.0000
vn 0.1464 -0.9892 -0.0000
vn 0.0631 -0.9980 -0.0000
vn 0.0135 -0.9999 -0.0000
vn -0.0190 0.9998 -0.0000
vn 0.0187 0.9998 -0.0000
vn 0.0797 0.9968 -0.0000
vn 0.1712 0.9852 -0.0000
vn 0.2762 0.9611 -0.0000
vn 0.3938 0.9192 -0.0000
vn 0.5199 0.8542 -0.0000
vn 0.6466 0.7629 -0.0000
vn 0.7633 0.6460 -0.0000
vn 0.8599 0.5104 -0.0000
vn 0.9303 0.3669 -0.0000
vn 0.9740 0.2264 -0.0000
vn 0.9953 0.0967 -0.0000
vn 0.9998 -0.0219 -0.0000
vn 0.9892 -0.1464 -0.0000
vn 0.9575 -0.2883 -0.0000
vn 0.8984 -0.4393 -0.0000
vn 0.8098 -0.5867 -0.0000
vn 0.6973 -0.7168 -0.0000
vn 0.5722 -0.8201 -0.0000
vn 0.4469 -0.8946 -0.0000
vn 0.3306 -0.9438 -0.0000
vn 0.2277 -0.9737 -0.0000
vn 0.1392 -0.9903 -0.0000
vn 0.0643 -0.9979 -0.0000
vn 0.0150 -0.9999 -0.0000
vn -0.1969 0.9804 -0.0000
vn -0.4012 0.9160 -0.0000
vn -0.5897 0.8076 -0.0000
vn -0.7397 0.6730 -0.0000
vn -0.8447 0.5353 -0.0000
vn -0.9119 0.4105 -0.0000
vn -0.9525 0.3046 -0.0000
vn -0.9761 0.2174 -0.0000
vn -0.9892 0.1463 -0.0000
vn -0.9961 0.0882 -0.0000
vn -0.9992 0.0404 -0.0000
vn -1.0000 0.0071 -0.0000
vn -1.0000 -0.0093 -0.0000
vn -0.9998 -0.0192 -0.0000
vn -0.9996 -0.0298 -0.0000
vn -0.9992 -0.0411 -0.0000
vn -0.9986 -0.0532 -0.0000
vn -0.9978 -0.0663 -0.0000
vn -0.9968 -0.0805 -0.0000
vn -0.9954 -0.0959 -0.0000
vn -0.9936 -0.1126 -0.0000
vn -0.9914 -0.1309 -0.0000
vn -0.9885 -0.1511 -0.0000
vn -0.9862 -0.1657 -0.0000
vn -0.9857 -0.1688 -0.0000
vn -0.9840 -0.1779 -0.0000
vn -0.9794 -0.2019 -0.0000
vn -0.9721 -0.2344 -0.0000
vn -0.9606 -0.2779 -0.0000
vn -0.9419 -0.3359 -0.0000
vn -0.9109 -0.4127 -0.0000
vn -0.8589 -0.5121 -0.0000
vn -0.7727 -0.6347 -0.0000
vn -0.6371 -0.7708 -0.0000
vn -0.4472 -0.8944 -0.0000
vn -0.2235 -0.9747 -0.0000
vn -0.0000 -1.0000 -0.0000
vn 0.2235 -0.9747 -0.0000
vn 0.4472 -0.8944 -0.0000
vn 0.6371 -0.7708 -0.0000
vn 0.7727 -0.6347 -0.0000
vn 0.8589 -0.5121 -0.0000
vn 0.9109 -0.4127 -0.0000
vn 0.9419 -0.3359 -0.0000
vn 0.9606 -0.2779 -0.0000
vn 0.9721 -0.2344 -0.0000
vn 0.9794 -0.2019 -0.0000
vn 0.9840 -0.1779 -0.0000
vn 0.9857 -0.1688 -0.0000
vn 0.9862 -0.1658 -0.0000
vn 0.9885 -0.1511 -0.0000
vn 0.9914 -0.1309 -0.0000
vn 0.9936 -0.1126 -0.0000
vn 0.9954 -0.0959 -0.0000
vn 0.9968 -0.0805 -0.0000
vn 0.9978 -0.0663 -0.0000
vn 0.9986 -0.0532 -0.0000
vn 0.9992 -0.0411 -0.0000
vn 0.9996 -0.0298 -0.0000
vn 0.9998 -0.0192 -0.0000
vn 1.0000 -0.0093 -0.0000
vn 1.0000 0.0071 -0.0000
vn 0.9992 0.0404 -0.0000
vn 0.9961 0.0882 -0.0000
vn 0.9892 0.1463 -0.0000
vn 0.9761 0.2174 -0.0000
vn 0.9525 0.3046 -0.0000
vn 0.9119 0.4105 -0.0000
vn 0.8447 0.5353 -0.0000
vn 0.7397 0.6730 -0.0000
vn 0.5897 0.8076 -0.0000
vn 0.4012 0.9160 -0.0000
vn 0.1969 0.9804 -0.0000
vn -0.0000 1.0000 -0.0000
vn -0.9872 -0.1594 -0.0000
vn -0.9504 -0.3111 -0.0000
vn -0.8934 -0.4493 -0.0000
vn -0.8208 -0.5712 -0.0000
vn -0.7369 -0.6760 -0.0000
vn -0.6448 -0.7644 -0.0000
vn -0.5466 -0.8374 -0.0000
vn -0.4437 -0.8962 -0.0000
vn -0.3369 -0.9415 -0.0000
vn -0.2268 -0.9739 -0.0000
vn -0.1141 -0.9935 -0.0000
vn 0.1141 -0.9935 -0.0000
vn 0.2268 -0.9739 -0.0000
vn 0.3369 -0.9415 -0.0000
vn 0.4437 -0.8962 -0.0000
vn 0.5466 -0.8374 -0.0000
vn 0.6448 -0.7644 -0.0000
vn 0.7369 -0.6760 -0.0000
vn 0.8208 -0.5712 -0.0000
vn 0.8934 -0.4493 -0.0000
vn 0.9504 -0.3111 -0.0000
vn 0.9872 -0.1593 -0.0000
vn 1.0000 -0.0000 -0.0000
vn 0.9872 0.1593 -0.0000
vn 0.9504 0.3111 -0.0000
vn 0.8934 0.4493 -0.0000
vn 0.8208 0.5712 -0.0000
vn 0.7369 0.6760 -0.0000
vn 0.6448 0.7644 -0.0000
vn 0.5466 0.8374 -0.0000
vn 0.4437 0.8962 -0.0000
vn 0.3369 0.9415 -0.0000
vn 0.2268 0.9739 -0.0000
vn 0.1141 0.9935 -0.0000
vn -0.1141 0.9935 -0.0000
vn -0.2268 0.9739 -0.0000
vn -0.3369 0.9415 -0.0000
vn -0.4437 0.8962 -0.0000
vn -0.5466 0.8374 -0.0000
vn -0.6448 0.7644 -0.0000
vn -0.7369 0.6760 -0.0000
vn -0.8208 0.5712 -0.0000
vn -0.8934 0.4493 -0.0000
vn -0.9504 0.3111 -0.0000
vn -0.9872 0.1593 -0.0000
vn -1.0000 -0.0000 -0.0000
vn -0.9914 -0.1310 -0.0000
vn 0.9794 -0.2020 -0.0000
vn 0.9841 -0.1779 -0.0000
vn 0.9857 -0.1687 -0.0000
vn 0.9862 -0.1657 -0.0000
vt 0.991736 0.000000
vt 0.396694 0.000000
vt 1.000000 0.000000
vt 0.983471 0.000000
vt 0.404959 0.000000
vt 0.975207 0.000000
vt 0.413223 0.000000
vt 0.966942 0.000000
vt 0.421488 0.000000
vt 0.958678 0.000000
vt 0.429752 0.000000
vt 0.950413 0.000000
vt 0.438017 0.000000
vt 0.942149 0.000000
vt 0.446281 0.000000
vt 0.933884 0.000000
vt 0.454545 0.000000
vt 0.925620 0.000000
vt 0.462810 0.000000
vt 0.917355 0.000000
vt 0.471074 0.000000
vt 0.909091 0.000000
vt 0.479339 0.000000
vt 0.900826 0.000000
vt 0.487603 0.000000
vt 0.892562 0.000000
vt 0.495868 0.000000
vt 0.504132 0.000000
vt 0.884298 0.000000
vt 0.512397 0.000000
vt 0.876033 0.000000
vt 0.520661 0.000000
vt 0.867769 0.000000
vt 0.528926 0.000000
vt 0.859504 0.000000
vt 0.537190 0.000000
vt 0.851240 0.000000
vt 0.545455 0.000000
vt 0.842975 0.000000
vt 0.553719 0.000000
vt 0.834711 0.000000
vt 0.561983 0.000000
vt 0.826446 0.000000
vt 0.570248 0.000000
vt 0.818182 0.000000
vt 0.578512 0.000000
vt 0.809917 0.000000
vt 0.586777 0.000000
vt 0.801653 0.000000
vt 0.793388 0.000000
vt 0.595041 0.000000
vt 0.785124 0.000000
vt 0.603306 0.000000
vt 0.611570 0.000000
vt 0.776860 0.000000
vt 0.619835 0.000000
vt 0.768595 0.000000
vt 0.628099 0.000000
vt 0.760331 0.000000
vt 0.636364 0.000000
vt 0.752066 0.000000
vt 0.644628 0.000000
vt 0.743802 0.000000
vt 0.652893 0.000000
vt 0.735537 0.000000
vt 0.661157 0.000000
vt 0.727273 0.000000
vt 0.669421 0.000000
vt 0.719008 0.000000
vt 0.677686 0.000000
vt 0.710744 0.000000
vt 0.685950 0.000000
vt 0.702479 0.000000
vt 0.694215 0.000000
vt 0.280992 0.000000
vt 0.297521 0.000000
vt 0.289256 0.000000
vt 0.272727 0.000000
vt 0.305785 0.000000
vt 0.264463 0.000000
vt 0.314050 0.000000
vt 0.256198 0.000000
vt 0.322314 0.000000
vt 0.247934 0.000000
vt 0.330579 0.000000
vt 0.239669 0.000000
vt 0.338843 0.000000
vt 0.231405 0.000000
vt 0.347107 0.000000
vt 0.223140 0.000000
vt 0.355372 0.000000
vt 0.214876 0.000000
vt 0.363636 0.000000
vt 0.206612 0.000000
vt 0.371901 0.000000
vt 0.198347 0.000000
vt 0.380165 0.000000
vt 0.190083 0.000000
vt 0.388430 0.000000
vt 0.181818 0.000000
vt 0.000000 0.000000
vt 0.173554 0.000000
vt 0.008264 0.000000
vt 0.165289 0.000000
vt 0.016529 0.000000
vt 0.157025 0.000000
vt 0.024793 0.000000
vt 0.148760 0.000000
vt 0.033058 0.000000
vt 0.140496 0.000000
vt 0.041322 0.000000
vt 0.132231 0.000000
vt 0.049587 0.000000
vt 0.123967 0.000000
vt 0.057851 0.000000
vt 0.115702 0.000000
vt 0.066116 0.000000
vt 0.107438 0.000000
vt 0.074380 0.000000
vt 0.099174 0.000000
vt 0.082645 0.000000
vt 0.090909 0.000000
vt 0.688172 0.000000
vt 0.989247 0.000000
vt 0.698925 0.000000
vt 0.709677 0.000000
vt 0.010753 0.000000
vt 0.021505 0.000000
vt 0.032258 0.000000
vt 0.043011 0.000000
vt 0.053763 0.000000
vt 0.064516 0.000000
vt 0.978495 0.000000
vt 0.075269 0.000000
vt 0.967742 0.000000
vt 0.956989 0.000000
vt 0.946237 0.000000
vt 0.086022 0.000000
vt 0.935484 0.000000
vt 0.924731 0.000000
vt 0.913979 0.000000
vt 0.096774 0.000000
vt 0.903226 0.000000
vt 0.892473 0.000000
vt 0.881720 0.000000
vt 0.107527 0.000000
vt 0.870968 0.000000
vt 0.860215 0.000000
vt 0.118280 0.000000
vt 0.849462 0.000000
vt 0.838710 0.000000
vt 0.129032 0.000000
vt 0.827957 0.000000
vt 0.139785 0.000000
vt 0.817204 0.000000
vt 0.806452 0.000000
vt 0.150538 0.000000
vt 0.795699 0.000000
vt 0.161290 0.000000
vt 0.784946 0.000000
vt 0.172043 0.000000
vt 0.774194 0.000000
vt 0.763441 0.000000
vt 0.182796 0.000000
vt 0.752688 0.000000
vt 0.741935 0.000000
vt 0.193548 0.000000
vt 0.731183 0.000000
vt 0.720430 0.000000
vt 0.666667 0.000000
vt 0.204301 0.000000
vt 0.215054 0.000000
vt 0.225806 0.000000
vt 0.236559 0.000000
vt 0.247312 0.000000
vt 0.258065 0.000000
vt 0.268817 0.000000
vt 0.655914 0.000000
vt 0.645161 0.000000
vt 0.279570 0.000000
vt 0.677419 0.000000
vt 0.634409 0.000000
vt 0.623656 0.000000
vt 0.612903 0.000000
vt 0.290323 0.000000
vt 0.602151 0.000000
vt 0.591398 0.000000
vt 0.301075 0.000000
vt 0.580645 0.000000
vt 0.311828 0.000000
vt 0.569892 0.000000
vt 0.322581 0.000000
vt 0.559140 0.000000
vt 0.333333 0.000000
vt 0.548387 0.000000
vt 0.344086 0.000000
vt 0.537634 0.000000
vt 0.354839 0.000000
vt 0.365591 0.000000
vt 0.526882 0.000000
vt 0.376344 0.000000
vt 0.516129 0.000000
vt 0.387097 0.000000
vt 0.397849 0.000000
vt 0.408602 0.000000
vt 0.419355 0.000000
vt 0.430108 0.000000
vt 0.440860 0.000000
vt 0.451613 0.000000
vt 0.462366 0.000000
vt 0.473118 0.000000
vt 0.483871 0.000000
vt 0.494624 0.000000
vt 0.505376 0.000000
vt 0.400000 0.000000
vt 0.600000 0.000000
vt 0.500000 0.000000
vt 0.900000 0.000000
vt 0.700000 0.000000
vt 0.800000 0.000000
vt 0.200000 0.000000
vt 0.100000 0.000000
vt 0.300000 0.000000
vt 0.855670 0.000000
vt 0.876289 0.000000
vt 0.865979 0.000000
vt 0.886598 0.000000
vt 0.896907 0.000000
vt 0.845361 0.000000
vt 0.907216 0.000000
vt 0.917526 0.000000
vt 0.927835 0.000000
vt 0.835052 0.000000
vt 0.938144 0.000000
vt 0.948454 0.000000
vt 0.958763 0.000000
vt 0.824742 0.000000
vt 0.969072 0.000000
vt 0.979381 0.000000
vt 0.989691 0.000000
vt 0.814433 0.000000
vt 0.092784 0.000000
vt 0.082474 0.000000
vt 0.072165 0.000000
vt 0.061856 0.000000
vt 0.051546 0.000000
vt 0.041237 0.000000
vt 0.030928 0.000000
vt 0.020619 0.000000
vt 0.010309 0.000000
vt 0.804124 0.000000
vt 0.113402 0.000000
vt 0.103093 0.000000
vt 0.123711 0.000000
vt 0.134021 0.000000
vt 0.144330 0.000000
vt 0.793814 0.000000
vt 0.154639 0.000000
vt 0.164948 0.000000
vt 0.783505 0.000000
vt 0.175258 0.000000
vt 0.185567 0.000000
vt 0.773196 0.000000
vt 0.195876 0.000000
vt 0.762887 0.000000
vt 0.206186 0.000000
vt 0.216495 0.000000
vt 0.752577 0.000000
vt 0.226804 0.000000
vt 0.742268 0.000000
vt 0.237113 0.000000
vt 0.247423 0.000000
vt 0.731959 0.000000
vt 0.257732 0.000000
vt 0.721649 0.000000
vt 0.268041 0.000000
vt 0.711340 0.000000
vt 0.278351 0.000000
vt 0.701031 0.000000
vt 0.288660 0.000000
vt 0.690722 0.000000
vt 0.298969 0.000000
vt 0.474227 0.000000
vt 0.494845 0.000000
vt 0.484536 0.000000
vt 0.309278 0.000000
vt 0.463918 0.000000
vt 0.680412 0.000000
vt 0.453608 0.000000
vt 0.319588 0.000000
vt 0.443299 0.000000
vt 0.432990 0.000000
vt 0.329897 0.000000
vt 0.422680 0.000000
vt 0.670103 0.000000
vt 0.412371 0.000000
vt 0.340206 0.000000
vt 0.402062 0.000000
vt 0.391753 0.000000
vt 0.350515 0.000000
vt 0.381443 0.000000
vt 0.371134 0.000000
vt 0.360825 0.000000
vt 0.659794 0.000000
vt 0.505155 0.000000
vt 0.649485 0.000000
vt 0.515464 0.000000
vt 0.525773 0.000000
vt 0.536082 0.000000
vt 0.639175 0.000000
vt 0.546392 0.000000
vt 0.556701 0.000000
vt 0.567010 0.000000
vt 0.628866 0.000000
vt 0.577320 0.000000
vt 0.587629 0.000000
vt 0.597938 0.000000
vt 0.618557 0.000000
vt 0.608247 0.000000
vt 0.571429 0.000000
vt 0.714286 0.000000
vt 0.642857 0.000000
vt 0.428571 0.000000
vt 0.357143 0.000000
vt 0.785714 0.000000
vt 0.928571 0.000000
vt 0.857143 0.000000
vt 0.142857 0.000000
vt 0.071429 0.000000
vt 0.285714 0.000000
vt 0.214286 0.000000
vt 0.336634 0.000000
vt 0.356436 0.000000
vt 0.346535 0.000000
vt 0.366337 0.000000
vt 0.376238 0.000000
vt 0.386139 0.000000
vt 0.326733 0.000000
vt 0.396040 0.000000
vt 0.405941 0.000000
vt 0.415842 0.000000
vt 0.316832 0.000000
vt 0.425743 0.000000
vt 0.435644 0.000000
vt 0.306931 0.000000
vt 0.445545 0.000000
vt 0.455446 0.000000
vt 0.297030 0.000000
vt 0.465347 0.000000
vt 0.574257 0.000000
vt 0.564356 0.000000
vt 0.554455 0.000000
vt 0.544554 0.000000
vt 0.534653 0.000000
vt 0.524752 0.000000
vt 0.514852 0.000000
vt 0.504951 0.000000
vt 0.495050 0.000000
vt 0.485149 0.000000
vt 0.475248 0.000000
vt 0.287129 0.000000
vt 0.594059 0.000000
vt 0.584158 0.000000
vt 0.603960 0.000000
vt 0.613861 0.000000
vt 0.623762 0.000000
vt 0.277228 0.000000
vt 0.633663 0.000000
vt 0.643564 0.000000
vt 0.267327 0.000000
vt 0.653465 0.000000
vt 0.663366 0.000000
vt 0.257426 0.000000
vt 0.673267 0.000000
vt 0.247525 0.000000
vt 0.683168 0.000000
vt 0.693069 0.000000
vt 0.237624 0.000000
vt 0.702970 0.000000
vt 0.227723 0.000000
vt 0.712871 0.000000
vt 0.722772 0.000000
vt 0.217822 0.000000
vt 0.970297 0.000000
vt 0.990099 0.000000
vt 0.980198 0.000000
vt 0.960396 0.000000
vt 0.732673 0.000000
vt 0.207921 0.000000
vt 0.742574 0.000000
vt 0.950495 0.000000
vt 0.198020 0.000000
vt 0.752475 0.000000
vt 0.762376 0.000000
vt 0.188119 0.000000
vt 0.772277 0.000000
vt 0.178218 0.000000
vt 0.782178 0.000000
vt 0.792079 0.000000
vt 0.168317 0.000000
vt 0.801980 0.000000
vt 0.940594 0.000000
vt 0.930693 0.000000
vt 0.920792 0.000000
vt 0.811881 0.000000
vt 0.910891 0.000000
vt 0.900990 0.000000
vt 0.891089 0.000000
vt 0.821782 0.000000
vt 0.158416 0.000000
vt 0.881188 0.000000
vt 0.871287 0.000000
vt 0.861386 0.000000
vt 0.831683 0.000000
vt 0.851485 0.000000
vt 0.841584 0.000000
vt 0.148515 0.000000
vt 0.009901 0.000000
vt 0.138614 0.000000
vt 0.019802 0.000000
vt 0.029703 0.000000
vt 0.128713 0.000000
vt 0.039604 0.000000
vt 0.049505 0.000000
vt 0.059406 0.000000
vt 0.118812 0.000000
vt 0.069307 0.000000
vt 0.079208 0.000000
vt 0.089109 0.000000
vt 0.108911 0.000000
vt 0.099010 0.000000
vt 0.000000 1.000000
vt 0.009804 1.000000
vt 0.009804 0.000000
vt 0.019608 1.000000
vt 0.019608 0.000000
vt 0.029412 1.000000
vt 0.029412 0.000000
vt 0.039216 1.000000
vt 0.039216 0.000000
vt 0.049020 1.000000
vt 0.049020 0.000000
vt 0.058824 1.000000
vt 0.058824 0.000000
vt 0.068627 1.000000
vt 0.068627 0.000000
vt 0.078431 1.000000
vt 0.078431 0.000000
vt 0.088235 1.000000
vt 0.088235 0.000000
vt 0.098039 1.000000
vt 0.098039 0.000000
vt 0.107843 1.000000
vt 0.107843 0.000000
vt 0.117647 1.000000
vt 0.117647 0.000000
vt 0.127451 1.000000
vt 0.127451 0.000000
vt 0.137255 1.000000
vt 0.137255 0.000000
vt 0.147059 1.000000
vt 0.147059 0.000000
vt 0.156863 1.000000
vt 0.156863 0.000000
vt 0.166667 1.000000
vt 0.166667 0.000000
vt 0.176471 1.000000
vt 0.176471 0.000000
vt 0.186275 1.000000
vt 0.186275 0.000000
vt 0.196078 1.000000
vt 0.196078 0.000000
vt 0.205882 1.000000
vt 0.205882 0.000000
vt 0.215686 1.000000
vt 0.215686 0.000000
vt 0.225490 1.000000
vt 0.225490 0.000000
vt 0.235294 1.000000
vt 0.235294 0.000000
vt 0.245098 1.000000
vt 0.245098 0.000000
vt 0.254902 1.000000
vt 0.254902 0.000000
vt 0.264706 1.000000
vt 0.264706 0.000000
vt 0.274510 1.000000
vt 0.274510 0.000000
vt 0.284314 1.000000
vt 0.284314 0.000000
vt 0.294118 1.000000
vt 0.294118 0.000000
vt 0.303922 1.000000
vt 0.303922 0.000000
vt 0.313726 1.000000
vt 0.313726 0.000000
vt 0.323529 1.000000
vt 0.323529 0.000000
vt 0.333333 1.000000
vt 0.343137 1.000000
vt 0.343137 0.000000
vt 0.352941 1.000000
vt 0.352941 0.000000
vt 0.362745 1.000000
vt 0.362745 0.000000
vt 0.372549 1.000000
vt 0.372549 0.000000
vt 0.382353 1.000000
vt 0.382353 0.000000
vt 0.392157 1.000000
vt 0.392157 0.000000
vt 0.401961 1.000000
vt 0.401961 0.000000
vt 0.411765 1.000000
vt 0.411765 0.000000
vt 0.421569 1.000000
vt 0.421569 0.000000
vt 0.431373 1.000000
vt 0.431373 0.000000
vt 0.441176 1.000000
vt 0.441176 0.000000
vt 0.450980 1.000000
vt 0.450980 0.000000
vt 0.460784 1.000000
vt 0.460784 0.000000
vt 0.470588 1.000000
vt 0.470588 0.000000
vt 0.480392 1.000000
vt 0.480392 0.000000
vt 0.490196 1.000000
vt 0.490196 0.000000
vt 0.500000 1.000000
vt 0.509804 1.000000
vt 0.509804 0.000000
vt 0.519608 1.000000
vt 0.519608 0.000000
vt 0.529412 1.000000
vt 0.529412 0.000000
vt 0.539216 1.000000
vt 0.539216 0.000000
vt 0.549020 1.000000
vt 0.549020 0.000000
vt 0.558824 1.000000
vt 0.558824 0.000000
vt 0.568627 1.000000
vt 0.568627 0.000000
vt 0.578431 1.000000
vt 0.578431 0.000000
vt 0.588235 1.000000
vt 0.588235 0.000000
vt 0.598039 1.000000
vt 0.598039 0.000000
vt 0.607843 1.000000
vt 0.607843 0.000000
vt 0.617647 1.000000
vt 0.617647 0.000000
vt 0.627451 1.000000
vt 0.627451 0.000000
vt 0.637255 1.000000
vt 0.637255 0.000000
vt 0.647059 1.000000
vt 0.647059 0.000000
vt 0.656863 1.000000
vt 0.656863 0.000000
vt 0.666667 1.000000
vt 0.676471 1.000000
vt 0.676471 0.000000
vt 0.686275 1.000000
vt 0.686275 0.000000
vt 0.696078 1.000000
vt 0.696078 0.000000
vt 0.705882 1.000000
vt 0.705882 0.000000
vt 0.715686 1.000000
vt 0.715686 0.000000
vt 0.725490 1.000000
vt 0.725490 0.000000
vt 0.735294 1.000000
vt 0.735294 0.000000
vt 0.745098 1.000000
vt 0.745098 0.000000
vt 0.754902 1.000000
vt 0.754902 0.000000
vt 0.764706 1.000000
vt 0.764706 0.000000
vt 0.774510 1.000000
vt 0.774510 0.000000
vt 0.784314 1.000000
vt 0.784314 0.000000
vt 0.794118 1.000000
vt 0.794118 0.000000
vt 0.803922 1.000000
vt 0.803922 0.000000
vt 0.813725 1.000000
vt 0.813725 0.000000
vt 0.823529 1.000000
vt 0.823529 0.000000
vt 0.833333 1.000000
vt 0.833333 0.000000
vt 0.843137 1.000000
vt 0.843137 0.000000
vt 0.852941 1.000000
vt 0.852941 0.000000
vt 0.862745 1.000000
vt 0.862745 0.000000
vt 0.872549 1.000000
vt 0.872549 0.000000
vt 0.882353 1.000000
vt 0.882353 0.000000
vt 0.892157 1.000000
vt 0.892157 0.000000
vt 0.901961 1.000000
vt 0.901961 0.000000
vt 0.911765 1.000000
vt 0.911765 0.000000
vt 0.921569 1.000000
vt 0.921569 0.000000
vt 0.931373 1.000000
vt 0.931373 0.000000
vt 0.941176 1.000000
vt 0.941176 0.000000
vt 0.950980 1.000000
vt 0.950980 0.000000
vt 0.960784 1.000000
vt 0.960784 0.000000
vt 0.970588 1.000000
vt 0.970588 0.000000
vt 0.980392 1.000000
vt 0.980392 0.000000
vt 0.990196 1.000000
vt 0.990196 0.000000
vt 1.000000 1.000000
vt 0.125000 1.000000
vt 0.125000 0.000000
vt 0.250000 1.000000
vt 0.250000 0.000000
vt 0.375000 1.000000
vt 0.375000 0.000000
vt 0.625000 1.000000
vt 0.625000 0.000000
vt 0.750000 1.000000
vt 0.750000 0.000000
vt 0.875000 1.000000
vt 0.875000 0.000000
vt 0.066667 1.000000
vt 0.066667 0.000000
vt 0.133333 1.000000
vt 0.133333 0.000000
vt 0.200000 1.000000
vt 0.266667 1.000000
vt 0.266667 0.000000
vt 0.400000 1.000000
vt 0.466667 1.000000
vt 0.466667 0.000000
vt 0.533333 1.000000
vt 0.533333 0.000000
vt 0.600000 1.000000
vt 0.733333 1.000000
vt 0.733333 0.000000
vt 0.800000 1.000000
vt 0.866667 1.000000
vt 0.866667 0.000000
vt 0.933333 1.000000
vt 0.933333 0.000000
vt 0.083333 1.000000
vt 0.083333 0.000000
vt 0.416667 1.000000
vt 0.416667 0.000000
vt 0.583333 1.000000
vt 0.583333 0.000000
vt 0.916667 1.000000
vt 0.916667 0.000000
vt 0.010204 1.000000
vt 0.010204 0.000000
vt 0.020408 1.000000
vt 0.020408 0.000000
vt 0.030612 1.000000
vt 0.030612 0.000000
vt 0.040816 1.000000
vt 0.040816 0.000000
vt 0.051020 1.000000
vt 0.051020 0.000000
vt 0.061224 1.000000
vt 0.061224 0.000000
vt 0.071429 1.000000
vt 0.081633 1.000000
vt 0.081633 0.000000
vt 0.091837 1.000000
vt 0.091837 0.000000
vt 0.102041 1.000000
vt 0.102041 0.000000
vt 0.112245 1.000000
vt 0.112245 0.000000
vt 0.122449 1.000000
vt 0.122449 0.000000
vt 0.132653 1.000000
vt 0.132653 0.000000
vt 0.142857 1.000000
vt 0.153061 1.000000
vt 0.153061 0.000000
vt 0.163265 1.000000
vt 0.163265 0.000000
vt 0.173469 1.000000
vt 0.173469 0.000000
vt 0.183673 1.000000
vt 0.183673 0.000000
vt 0.193878 1.000000
vt 0.193878 0.000000
vt 0.204082 1.000000
vt 0.204082 0.000000
vt 0.214286 1.000000
vt 0.224490 1.000000
vt 0.224490 0.000000
vt 0.234694 1.000000
vt 0.234694 0.000000
vt 0.244898 1.000000
vt 0.244898 0.000000
vt 0.255102 1.000000
vt 0.255102 0.000000
vt 0.265306 1.000000
vt 0.265306 0.000000
vt 0.275510 1.000000
vt 0.275510 0.000000
vt 0.285714 1.000000
vt 0.295918 1.000000
vt 0.295918 0.000000
vt 0.306122 1.000000
vt 0.306122 0.000000
vt 0.316327 1.000000
vt 0.316327 0.000000
vt 0.326531 1.000000
vt 0.326531 0.000000
vt 0.336735 1.000000
vt 0.336735 0.000000
vt 0.346939 1.000000
vt 0.346939 0.000000
vt 0.357143 1.000000
vt 0.367347 1.000000
vt 0.367347 0.000000
vt 0.377551 1.000000
vt 0.377551 0.000000
vt 0.387755 1.000000
vt 0.387755 0.000000
vt 0.397959 1.000000
vt 0.397959 0.000000
vt 0.408163 1.000000
vt 0.408163 0.000000
vt 0.418367 1.000000
vt 0.418367 0.000000
vt 0.428571 1.000000
vt 0.438776 1.000000
vt 0.438776 0.000000
vt 0.448980 1.000000
vt 0.448980 0.000000
vt 0.459184 1.000000
vt 0.459184 0.000000
vt 0.469388 1.000000
vt 0.469388 0.000000
vt 0.479592 1.000000
vt 0.479592 0.000000
vt 0.489796 1.000000
vt 0.489796 0.000000
vt 0.510204 1.000000
vt 0.510204 0.000000
vt 0.520408 1.000000
vt 0.520408 0.000000
vt 0.530612 1.000000
vt 0.530612 0.000000
vt 0.540816 1.000000
vt 0.540816 0.000000
vt 0.551020 1.000000
vt 0.551020 0.000000
vt 0.561224 1.000000
vt 0.561224 0.000000
vt 0.571429 1.000000
vt 0.581633 1.000000
vt 0.581633 0.000000
vt 0.591837 1.000000
vt 0.591837 0.000000
vt 0.602041 1.000000
vt 0.602041 0.000000
vt 0.612245 1.000000
vt 0.612245 0.000000
vt 0.622449 1.000000
vt 0.622449 0.000000
vt 0.632653 1.000000
vt 0.632653 0.000000
vt 0.642857 1.000000
vt 0.653061 1.000000
vt 0.653061 0.000000
vt 0.663265 1.000000
vt 0.663265 0.000000
vt 0.673469 1.000000
vt 0.673469 0.000000
vt 0.683673 1.000000
vt 0.683673 0.000000
vt 0.693878 1.000000
vt 0.693878 0.000000
vt 0.704082 1.000000
vt 0.704082 0.000000
vt 0.714286 1.000000
vt 0.724490 1.000000
vt 0.724490 0.000000
vt 0.734694 1.000000
vt 0.734694 0.000000
vt 0.744898 1.000000
vt 0.744898 0.000000
vt 0.755102 1.000000
vt 0.755102 0.000000
vt 0.765306 1.000000
vt 0.765306 0.000000
vt 0.775510 1.000000
vt 0.775510 0.000000
vt 0.785714 1.000000
vt 0.795918 1.000000
vt 0.795918 0.000000
vt 0.806122 1.000000
vt 0.806122 0.000000
vt 0.816327 1.000000
vt 0.816327 0.000000
vt 0.826531 1.000000
vt 0.826531 0.000000
vt 0.836735 1.000000
vt 0.836735 0.000000
vt 0.846939 1.000000
vt 0.846939 0.000000
vt 0.857143 1.000000
vt 0.867347 1.000000
vt 0.867347 0.000000
vt 0.877551 1.000000
vt 0.877551 0.000000
vt 0.887755 1.000000
vt 0.887755 0.000000
vt 0.897959 1.000000
vt 0.897959 0.000000
vt 0.908163 1.000000
vt 0.908163 0.000000
vt 0.918367 1.000000
vt 0.918367 0.000000
vt 0.928571 1.000000
vt 0.938776 1.000000
vt 0.938776 0.000000
vt 0.948980 1.000000
vt 0.948980 0.000000
vt 0.959184 1.000000
vt 0.959184 0.000000
vt 0.969388 1.000000
vt 0.969388 0.000000
vt 0.979592 1.000000
vt 0.979592 0.000000
vt 0.989796 1.000000
vt 0.989796 0.000000
vt 0.014925 1.000000
vt 0.014925 0.000000
vt 0.029851 1.000000
vt 0.029851 0.000000
vt 0.044776 1.000000
vt 0.044776 0.000000
vt 0.059701 1.000000
vt 0.059701 0.000000
vt 0.074627 1.000000
vt 0.074627 0.000000
vt 0.089552 1.000000
vt 0.089552 0.000000
vt 0.104478 1.000000
vt 0.104478 0.000000
vt 0.119403 1.000000
vt 0.119403 0.000000
vt 0.134328 1.000000
vt 0.134328 0.000000
vt 0.149254 1.000000
vt 0.149254 0.000000
vt 0.164179 1.000000
vt 0.164179 0.000000
vt 0.179104 1.000000
vt 0.179104 0.000000
vt 0.194030 1.000000
vt 0.194030 0.000000
vt 0.208955 1.000000
vt 0.208955 0.000000
vt 0.223881 1.000000
vt 0.223881 0.000000
vt 0.238806 1.000000
vt 0.238806 0.000000
vt 0.253731 1.000000
vt 0.253731 0.000000
vt 0.268657 1.000000
vt 0.268657 0.000000
vt 0.283582 1.000000
vt 0.283582 0.000000
vt 0.298507 1.000000
vt 0.298507 0.000000
vt 0.313433 1.000000
vt 0.313433 0.000000
vt 0.328358 1.000000
vt 0.328358 0.000000
vt 0.343284 1.000000
vt 0.343284 0.000000
vt 0.358209 1.000000
vt 0.358209 0.000000
vt 0.373134 1.000000
vt 0.373134 0.000000
vt 0.388060 1.000000
vt 0.388060 0.000000
vt 0.402985 1.000000
vt 0.402985 0.000000
vt 0.417910 1.000000
vt 0.417910 0.000000
vt 0.432836 1.000000
vt 0.432836 0.000000
vt 0.447761 1.000000
vt 0.447761 0.000000
vt 0.462687 1.000000
vt 0.462687 0.000000
vt 0.477612 1.000000
vt 0.477612 0.000000
vt 0.492537 1.000000
vt 0.492537 0.000000
vt 0.507463 1.000000
vt 0.507463 0.000000
vt 0.522388 1.000000
vt 0.522388 0.000000
vt 0.537313 1.000000
vt 0.537313 0.000000
vt 0.552239 1.000000
vt 0.552239 0.000000
vt 0.567164 1.000000
vt 0.567164 0.000000
vt 0.582090 1.000000
vt 0.582090 0.000000
vt 0.597015 1.000000
vt 0.597015 0.000000
vt 0.611940 1.000000
vt 0.611940 0.000000
vt 0.626866 1.000000
vt 0.626866 0.000000
vt 0.641791 1.000000
vt 0.641791 0.000000
vt 0.656716 1.000000
vt 0.656716 0.000000
vt 0.671642 1.000000
vt 0.671642 0.000000
vt 0.686567 1.000000
vt 0.686567 0.000000
vt 0.701493 1.000000
vt 0.701493 0.000000
vt 0.716418 1.000000
vt 0.716418 0.000000
vt 0.731343 1.000000
vt 0.731343 0.000000
vt 0.746269 1.000000
vt 0.746269 0.000000
vt 0.761194 1.000000
vt 0.761194 0.000000
vt 0.776119 1.000000
vt 0.776119 0.000000
vt 0.791045 1.000000
vt 0.791045 0.000000
vt 0.805970 1.000000
vt 0.805970 0.000000
vt 0.820895 1.000000
vt 0.820895 0.000000
vt 0.835821 1.000000
vt 0.835821 0.000000
vt 0.850746 1.000000
vt 0.850746 0.000000
vt 0.865672 1.000000
vt 0.865672 0.000000
vt 0.880597 1.000000
vt 0.880597 0.000000
vt 0.895522 1.000000
vt 0.895522 0.000000
vt 0.910448 1.000000
vt 0.910448 0.000000
vt 0.925373 1.000000
vt 0.925373 0.000000
vt 0.940298 1.000000
vt 0.940298 0.000000
vt 0.955224 1.000000
vt 0.955224 0.000000
vt 0.970149 1.000000
vt 0.970149 0.000000
vt 0.985075 1.000000
vt 0.985075 0.000000
vt 0.037037 1.000000
vt 0.037037 0.000000
vt 0.074074 1.000000
vt 0.074074 0.000000
vt 0.111111 1.000000
vt 0.111111 0.000000
vt 0.148148 1.000000
vt 0.148148 0.000000
vt 0.185185 1.000000
vt 0.185185 0.000000
vt 0.222222 1.000000
vt 0.222222 0.000000
vt 0.259259 1.000000
vt 0.259259 0.000000
vt 0.296296 1.000000
vt 0.296296 0.000000
vt 0.370370 1.000000
vt 0.370370 0.000000
vt 0.407407 1.000000
vt 0.407407 0.000000
vt 0.444444 1.000000
vt 0.444444 0.000000
vt 0.481481 1.000000
vt 0.481481 0.000000
vt 0.518519 1.000000
vt 0.518519 0.000000
vt 0.555556 1.000000
vt 0.555556 0.000000
vt 0.592593 1.000000
vt 0.592593 0.000000
vt 0.629630 1.000000
vt 0.629630 0.000000
vt 0.703704 1.000000
vt 0.703704 0.000000
vt 0.740741 1.000000
vt 0.740741 0.000000
vt 0.777778 1.000000
vt 0.777778 0.000000
vt 0.814815 1.000000
vt 0.814815 0.000000
vt 0.851852 1.000000
vt 0.851852 0.000000
vt 0.888889 1.000000
vt 0.888889 0.000000
vt 0.925926 1.000000
vt 0.925926 0.000000
vt 0.962963 1.000000
vt 0.962963 0.000000
vt 0.013514 1.000000
vt 0.013514 0.000000
vt 0.027027 1.000000
vt 0.027027 0.000000
vt 0.040541 1.000000
vt 0.040541 0.000000
vt 0.054054 1.000000
vt 0.054054 0.000000
vt 0.067568 1.000000
vt 0.067568 0.000000
vt 0.081081 1.000000
vt 0.081081 0.000000
vt 0.094595 1.000000
vt 0.094595 0.000000
vt 0.108108 1.000000
vt 0.108108 0.000000
vt 0.121622 1.000000
vt 0.121622 0.000000
vt 0.135135 1.000000
vt 0.135135 0.000000
vt 0.148649 1.000000
vt 0.148649 0.000000
vt 0.162162 1.000000
vt 0.162162 0.000000
vt 0.175676 1.000000
vt 0.175676 0.000000
vt 0.189189 1.000000
vt 0.189189 0.000000
vt 0.202703 1.000000
vt 0.202703 0.000000
vt 0.216216 1.000000
vt 0.216216 0.000000
vt 0.229730 1.000000
vt 0.229730 0.000000
vt 0.243243 1.000000
vt 0.243243 0.000000
vt 0.256757 1.000000
vt 0.256757 0.000000
vt 0.270270 1.000000
vt 0.270270 0.000000
vt 0.283784 1.000000
vt 0.283784 0.000000
vt 0.297297 1.000000
vt 0.297297 0.000000
vt 0.310811 1.000000
vt 0.310811 0.000000
vt 0.324324 1.000000
vt 0.324324 0.000000
vt 0.337838 1.000000
vt 0.337838 0.000000
vt 0.351351 1.000000
vt 0.351351 0.000000
vt 0.364865 1.000000
vt 0.364865 0.000000
vt 0.378378 1.000000
vt 0.378378 0.000000
vt 0.391892 1.000000
vt 0.391892 0.000000
vt 0.405405 1.000000
vt 0.405405 0.000000
vt 0.418919 1.000000
vt 0.418919 0.000000
vt 0.432432 1.000000
vt 0.432432 0.000000
vt 0.445946 1.000000
vt 0.445946 0.000000
vt 0.459459 1.000000
vt 0.459459 0.000000
vt 0.472973 1.000000
vt 0.472973 0.000000
vt 0.486486 1.000000
vt 0.486486 0.000000
vt 0.513514 1.000000
vt 0.513514 0.000000
vt 0.527027 1.000000
vt 0.527027 0.000000
vt 0.540541 1.000000
vt 0.540541 0.000000
vt 0.554054 1.000000
vt 0.554054 0.000000
vt 0.567568 1.000000
vt 0.567568 0.000000
vt 0.581081 1.000000
vt 0.581081 0.000000
vt 0.594595 1.000000
vt 0.594595 0.000000
vt 0.608108 1.000000
vt 0.608108 0.000000
vt 0.621622 1.000000
vt 0.621622 0.000000
vt 0.635135 1.000000
vt 0.635135 0.000000
vt 0.648649 1.000000
vt 0.648649 0.000000
vt 0.662162 1.000000
vt 0.662162 0.000000
vt 0.675676 1.000000
vt 0.675676 0.000000
vt 0.689189 1.000000
vt 0.689189 0.000000
vt 0.702703 1.000000
vt 0.702703 0.000000
vt 0.716216 1.000000
vt 0.716216 0.000000
vt 0.729730 1.000000
vt 0.729730 0.000000
vt 0.743243 1.000000
vt 0.743243 0.000000
vt 0.756757 1.000000
vt 0.756757 0.000000
vt 0.770270 1.000000
vt 0.770270 0.000000
vt 0.783784 1.000000
vt 0.783784 0.000000
vt 0.797297 1.000000
vt 0.797297 0.000000
vt 0.810811 1.000000
vt 0.810811 0.000000
vt 0.824324 1.000000
vt 0.824324 0.000000
vt 0.837838 1.000000
vt 0.837838 0.000000
vt 0.851351 1.000000
vt 0.851351 0.000000
vt 0.864865 1.000000
vt 0.864865 0.000000
vt 0.878378 1.000000
vt 0.878378 0.000000
vt 0.891892 1.000000
vt 0.891892 0.000000
vt 0.905405 1.000000
vt 0.905405 0.000000
vt 0.918919 1.000000
vt 0.918919 0.000000
vt 0.932432 1.000000
vt 0.932432 0.000000
vt 0.945946 1.000000
vt 0.945946 0.000000
vt 0.959459 1.000000
vt 0.959459 0.000000
vt 0.972973 1.000000
vt 0.972973 0.000000
vt 0.986486 1.000000
vt 0.986486 0.000000
vt 0.020833 1.000000
vt 0.020833 0.000000
vt 0.041667 1.000000
vt 0.041667 0.000000
vt 0.062500 1.000000
vt 0.062500 0.000000
vt 0.104167 1.000000
vt 0.104167 0.000000
vt 0.145833 1.000000
vt 0.145833 0.000000
vt 0.187500 1.000000
vt 0.187500 0.000000
vt 0.208333 1.000000
vt 0.208333 0.000000
vt 0.229167 1.000000
vt 0.229167 0.000000
vt 0.270833 1.000000
vt 0.270833 0.000000
vt 0.291667 1.000000
vt 0.291667 0.000000
vt 0.312500 1.000000
vt 0.312500 0.000000
vt 0.354167 1.000000
vt 0.354167 0.000000
vt 0.395833 1.000000
vt 0.395833 0.000000
vt 0.437500 1.000000
vt 0.437500 0.000000
vt 0.458333 1.000000
vt 0.458333 0.000000
vt 0.479167 1.000000
vt 0.479167 0.000000
vt 0.520833 1.000000
vt 0.520833 0.000000
vt 0.541667 1.000000
vt 0.541667 0.000000
vt 0.562500 1.000000
vt 0.562500 0.000000
vt 0.604167 1.000000
vt 0.604167 0.000000
vt 0.645833 1.000000
vt 0.645833 0.000000
vt 0.687500 1.000000
vt 0.687500 0.000000
vt 0.708333 1.000000
vt 0.708333 0.000000
vt 0.729167 1.000000
vt 0.729167 0.000000
vt 0.770833 1.000000
vt 0.770833 0.000000
vt 0.791667 1.000000
vt 0.791667 0.000000
vt 0.812500 1.000000
vt 0.812500 0.000000
vt 0.854167 1.000000
vt 0.854167 0.000000
vt 0.895833 1.000000
vt 0.895833 0.000000
vt 0.937500 1.000000
vt 0.937500 0.000000
vt 0.958333 1.000000
vt 0.958333 0.000000
vt 0.979167 1.000000
vt 0.979167 0.000000
s 0
f 121/1/1 49/2/1 122/3/1
f 120/4/1 49/2/1 121/1/1
f 120/4/1 50/5/1 49/2/1
f 119/6/1 50/5/1 120/4/1
f 119/6/1 51/7/1 50/5/1
f 118/8/1 51/7/1 119/6/1
f 118/8/1 52/9/1 51/7/1
f 117/10/1 52/9/1 118/8/1
f 117/10/1 53/11/1 52/9/1
f 116/12/1 53/11/1 117/10/1
f 116/12/1 54/13/1 53/11/1
f 115/14/1 54/13/1 116/12/1
f 115/14/1 55/15/1 54/13/1
f 114/16/1 55/15/1 115/14/1
f 114/16/1 56/17/1 55/15/1
f 113/18/1 56/17/1 114/16/1
f 113/18/1 57/19/1 56/17/1
f 112/20/1 57/19/1 113/18/1
f 112/20/1 58/21/1 57/19/1
f 111/22/1 58/21/1 112/20/1
f 111/22/1 59/23/1 58/21/1
f 110/24/1 59/23/1 111/22/1
f 110/24/1 60/25/1 59/23/1
f 109/26/1 60/25/1 110/24/1
f 109/26/1 61/27/1 60/25/1
f 109/26/1 62/28/1 61/27/1
f 108/29/1 62/28/1 109/26/1
f 108/29/1 63/30/1 62/28/1
f 107/31/1 63/30/1 108/29/1
f 107/31/1 64/32/1 63/30/1
f 106/33/1 64/32/1 107/31/1
f 106/33/1 65/34/1 64/32/1
f 105/35/1 65/34/1 106/33/1
f 105/35/1 66/36/1 65/34/1
f 104/37/1 66/36/1 105/35/1
f 104/37/1 67/38/1 66/36/1
f 103/39/1 67/38/1 104/37/1
f 103/39/1 68/40/1 67/38/1
f 102/41/1 68/40/1 103/39/1
f 102/41/1 69/42/1 68/40/1
f 101/43/1 69/42/1 102/41/1
f 101/43/1 70/44/1 69/42/1
f 100/45/1 70/44/1 101/43/1
f 100/45/1 71/46/1 70/44/1
f 99/47/1 71/46/1 100/45/1
f 99/47/1 72/48/1 71/46/1
f 98/49/1 72/48/1 99/47/1
f 97/50/1 72/48/1 98/49/1
f 97/50/1 73/51/1 72/48/1
f 96/52/1 73/51/1 97/50/1
f 96/52/1 74/53/1 73/51/1
f 96/52/1 75/54/1 74/53/1
f 95/55/1 75/54/1 96/52/1
f 95/55/1 76/56/1 75/54/1
f 94/57/1 76/56/1 95/55/1
f 94/57/1 77/58/1 76/56/1
f 93/59/1 77/58/1 94/57/1
f 93/59/1 78/60/1 77/58/1
f 92/61/1 78/60/1 93/59/1
f 92/61/1 79/62/1 78/60/1
f 91/63/1 79/62/1 92/61/1
f 91/63/1 80/64/1 79/62/1
f 90/65/1 80/64/1 91/63/1
f 90/65/1 81/66/1 80/64/1
f 89/67/1 81/66/1 90/65/1
f 89/67/1 82/68/1 81/66/1
f 88/69/1 82/68/1 89/67/1
f 88/69/1 83/70/1 82/68/1
f 87/71/1 83/70/1 88/69/1
f 87/71/1 84/72/1 83/70/1
f 86/73/1 84/72/1 87/71/1
f 86/73/1 85/74/1 84/72/1
f 35/75/1 37/76/1 36/77/1
f 34/78/1 37/76/1 35/75/1
f 34/78/1 38/79/1 37/76/1
f 33/80/1 38/79/1 34/78/1
f 33/80/1 39/81/1 38/79/1
f 32/82/1 39/81/1 33/80/1
f 32/82/1 40/83/1 39/81/1
f 31/84/1 40/83/1 32/82/1
f 31/84/1 41/85/1 40/83/1
f 30/86/1 41/85/1 31/84/1
f 30/86/1 42/87/1 41/85/1
f 29/88/1 42/87/1 30/86/1
f 29/88/1 43/89/1 42/87/1
f 28/90/1 43/89/1 29/88/1
f 28/90/1 44/91/1 43/89/1
f 27/92/1 44/91/1 28/90/1
f 27/92/1 45/93/1 44/91/1
f 26/94/1 45/93/1 27/92/1
f 26/94/1 46/95/1 45/93/1
f 25/96/1 46/95/1 26/94/1
f 25/96/1 47/97/1 46/95/1
f 24/98/1 47/97/1 25/96/1
f 24/98/1 48/99/1 47/97/1
f 23/100/1 48/99/1 24/98/1
f 23/100/1 1/101/1 48/99/1
f 22/102/1 1/101/1 23/100/1
f 22/102/1 2/103/1 1/101/1
f 21/104/1 2/103/1 22/102/1
f 21/104/1 3/105/1 2/103/1
f 20/106/1 3/105/1 21/104/1
f 20/106/1 4/107/1 3/105/1
f 19/108/1 4/107/1 20/106/1
f 19/108/1 5/109/1 4/107/1
f 18/110/1 5/109/1 19/108/1
f 18/110/1 6/111/1 5/109/1
f 17/112/1 6/111/1 18/110/1
f 17/112/1 7/113/1 6/111/1
f 16/114/1 7/113/1 17/112/1
f 16/114/1 8/115/1 7/113/1
f 15/116/1 8/115/1 16/114/1
f 15/116/1 9/117/1 8/115/1
f 14/118/1 9/117/1 15/116/1
f 14/118/1 10/119/1 9/117/1
f 13/120/1 10/119/1 14/118/1
f 13/120/1 11/121/1 10/119/1
f 12/122/1 11/121/1 13/120/1
f 243/1/1 171/2/1 244/3/1
f 242/4/1 171/2/1 243/1/1
f 242/4/1 172/5/1 171/2/1
f 241/6/1 172/5/1 242/4/1
f 241/6/1 173/7/1 172/5/1
f 240/8/1 173/7/1 241/6/1
f 240/8/1 174/9/1 173/7/1
f 239/10/1 174/9/1 240/8/1
f 239/10/1 175/11/1 174/9/1
f 238/12/1 175/11/1 239/10/1
f 238/12/1 176/13/1 175/11/1
f 237/14/1 176/13/1 238/12/1
f 237/14/1 177/15/1 176/13/1
f 236/16/1 177/15/1 237/14/1
f 236/16/1 178/17/1 177/15/1
f 235/18/1 178/17/1 236/16/1
f 235/18/1 179/19/1 178/17/1
f 234/20/1 179/19/1 235/18/1
f 234/20/1 180/21/1 179/19/1
f 233/22/1 180/21/1 234/20/1
f 233/22/1 181/23/1 180/21/1
f 232/24/1 181/23/1 233/22/1
f 232/24/1 182/25/1 181/23/1
f 231/26/1 182/25/1 232/24/1
f 231/26/1 183/27/1 182/25/1
f 231/26/1 184/28/1 183/27/1
f 230/29/1 184/28/1 231/26/1
f 230/29/1 185/30/1 184/28/1
f 229/31/1 185/30/1 230/29/1
f 229/31/1 186/32/1 185/30/1
f 228/33/1 186/32/1 229/31/1
f 228/33/1 187/34/1 186/32/1
f 227/35/1 187/34/1 228/33/1
f 227/35/1 188/36/1 187/34/1
f 226/37/1 188/36/1 227/35/1
f 226/37/1 189/38/1 188/36/1
f 225/39/1 189/38/1 226/37/1
f 225/39/1 190/40/1 189/38/1
f 224/41/1 190/40/1 225/39/1
f 224/41/1 191/42/1 190/40/1
f 223/43/1 191/42/1 224/41/1
f 223/43/1 192/44/1 191/42/1
f 222/45/1 192/44/1 223/43/1
f 222/45/1 193/46/1 192/44/1
f 221/47/1 193/46/1 222/45/1
f 221/47/1 194/48/1 193/46/1
f 220/49/1 194/48/1 221/47/1
f 219/50/1 194/48/1 220/49/1
f 219/50/1 195/51/1 194/48/1
f 218/52/1 195/51/1 219/50/1
f 218/52/1 196/53/1 195/51/1
f 218/52/1 197/54/1 196/53/1
f 217/55/1 197/54/1 218/52/1
f 217/55/1 198/56/1 197/54/1
f 216/57/1 198/56/1 217/55/1
f 216/57/1 199/58/1 198/56/1
f 215/59/1 199/58/1 216/57/1
f 215/59/1 200/60/1 199/58/1
f 214/61/1 200/60/1 215/59/1
f 214/61/1 201/62/1 200/60/1
f 213/63/1 201/62/1 214/61/1
f 213/63/1 202/64/1 201/62/1
f 212/65/1 202/64/1 213/63/1
f 212/65/1 203/66/1 202/64/1
f 211/67/1 203/66/1 212/65/1
f 211/67/1 204/68/1 203/66/1
f 210/69/1 204/68/1 211/67/1
f 210/69/1 205/70/1 204/68/1
f 209/71/1 205/70/1 210/69/1
f 209/71/1 206/72/1 205/70/1
f 208/73/1 206/72/1 209/71/1
f 208/73/1 207/74/1 206/72/1
f 157/75/1 159/76/1 158/77/1
f 156/78/1 159/76/1 157/75/1
f 156/78/1 160/79/1 159/76/1
f 155/80/1 160/79/1 156/78/1
f 155/80/1 161/81/1 160/79/1
f 154/82/1 161/81/1 155/80/1
f 154/82/1 162/83/1 161/81/1
f 153/84/1 162/83/1 154/82/1
f 153/84/1 163/85/1 162/83/1
f 152/86/1 163/85/1 153/84/1
f 152/86/1 164/87/1 163/85/1
f 151/88/1 164/87/1 152/86/1
f 151/88/1 165/89/1 164/87/1
f 150/90/1 165/89/1 151/88/1
f 150/90/1 166/91/1 165/89/1
f 149/92/1 166/91/1 150/90/1
f 149/92/1 167/93/1 166/91/1
f 148/94/1 167/93/1 149/92/1
f 148/94/1 168/95/1 167/93/1
f 147/96/1 168/95/1 148/94/1
f 147/96/1 169/97/1 168/95/1
f 146/98/1 169/97/1 147/96/1
f 146/98/1 170/99/1 169/97/1
f 145/100/1 170/99/1 146/98/1
f 145/100/1 123/101/1 170/99/1
f 144/102/1 123/101/1 145/100/1
f 144/102/1 124/103/1 123/101/1
f 143/104/1 124/103/1 144/102/1
f 143/104/1 125/105/1 124/103/1
f 142/106/1 125/105/1 143/104/1
f 142/106/1 126/107/1 125/105/1
f 141/108/1 126/107/1 142/106/1
f 141/108/1 127/109/1 126/107/1
f 140/110/1 127/109/1 141/108/1
f 140/110/1 128/111/1 127/109/1
f 139/112/1 128/111/1 140/110/1
f 139/112/1 129/113/1 128/111/1
f 138/114/1 129/113/1 139/112/1
f 138/114/1 130/115/1 129/113/1
f 137/116/1 130/115/1 138/114/1
f 137/116/1 131/117/1 130/115/1
f 136/118/1 131/117/1 137/116/1
f 136/118/1 132/119/1 131/117/1
f 135/120/1 132/119/1 136/118/1
f 135/120/1 133/121/1 132/119/1
f 134/122/1 133/121/1 135/120/1
f 309/123/1 337/124/1 310/125/1
f 337/124/1 311/126/1 310/125/1
f 337/124/1 245/101/1 311/126/1
f 337/124/1 246/127/1 245/101/1
f 337/124/1 247/128/1 246/127/1
f 337/124/1 248/129/1 247/128/1
f 337/124/1 249/130/1 248/129/1
f 337/124/1 250/131/1 249/130/1
f 337/124/1 251/132/1 250/131/1
f 337/124/1 336/133/1 251/132/1
f 336/133/1 252/134/1 251/132/1
f 309/123/1 338/3/1 337/124/1
f 335/135/1 252/134/1 336/133/1
f 334/136/1 252/134/1 335/135/1
f 333/137/1 252/134/1 334/136/1
f 333/137/1 253/138/1 252/134/1
f 332/139/1 253/138/1 333/137/1
f 331/140/1 253/138/1 332/139/1
f 330/141/1 253/138/1 331/140/1
f 330/141/1 254/142/1 253/138/1
f 329/143/1 254/142/1 330/141/1
f 328/144/1 254/142/1 329/143/1
f 327/145/1 254/142/1 328/144/1
f 327/145/1 255/146/1 254/142/1
f 326/147/1 255/146/1 327/145/1
f 325/148/1 255/146/1 326/147/1
f 325/148/1 256/149/1 255/146/1
f 324/150/1 256/149/1 325/148/1
f 323/151/1 256/149/1 324/150/1
f 323/151/1 257/152/1 256/149/1
f 322/153/1 257/152/1 323/151/1
f 322/153/1 258/154/1 257/152/1
f 321/155/1 258/154/1 322/153/1
f 320/156/1 258/154/1 321/155/1
f 320/156/1 259/157/1 258/154/1
f 319/158/1 259/157/1 320/156/1
f 319/158/1 260/159/1 259/157/1
f 318/160/1 260/159/1 319/158/1
f 318/160/1 261/161/1 260/159/1
f 317/162/1 261/161/1 318/160/1
f 316/163/1 261/161/1 317/162/1
f 316/163/1 262/164/1 261/161/1
f 315/165/1 262/164/1 316/163/1
f 314/166/1 262/164/1 315/165/1
f 314/166/1 263/167/1 262/164/1
f 313/168/1 263/167/1 314/166/1
f 312/169/1 263/167/1 313/168/1
f 309/123/1 307/170/1 338/3/1
f 307/170/1 312/169/1 338/3/1
f 307/170/1 263/167/1 312/169/1
f 307/170/1 264/171/1 263/167/1
f 307/170/1 265/172/1 264/171/1
f 307/170/1 266/173/1 265/172/1
f 307/170/1 267/174/1 266/173/1
f 307/170/1 268/175/1 267/174/1
f 307/170/1 269/176/1 268/175/1
f 307/170/1 270/177/1 269/176/1
f 307/170/1 306/178/1 270/177/1
f 306/178/1 305/179/1 270/177/1
f 305/179/1 271/180/1 270/177/1
f 309/123/1 308/181/1 307/170/1
f 304/182/1 271/180/1 305/179/1
f 303/183/1 271/180/1 304/182/1
f 302/184/1 271/180/1 303/183/1
f 302/184/1 272/185/1 271/180/1
f 301/186/1 272/185/1 302/184/1
f 300/187/1 272/185/1 301/186/1
f 300/187/1 273/188/1 272/185/1
f 299/189/1 273/188/1 300/187/1
f 299/189/1 274/190/1 273/188/1
f 298/191/1 274/190/1 299/189/1
f 298/191/1 275/192/1 274/190/1
f 297/193/1 275/192/1 298/191/1
f 297/193/1 276/194/1 275/192/1
f 296/195/1 276/194/1 297/193/1
f 296/195/1 277/196/1 276/194/1
f 295/197/1 277/196/1 296/195/1
f 295/197/1 278/198/1 277/196/1
f 295/197/1 279/199/1 278/198/1
f 294/200/1 279/199/1 295/197/1
f 294/200/1 280/201/1 279/199/1
f 293/202/1 280/201/1 294/200/1
f 293/202/1 281/203/1 280/201/1
f 293/202/1 282/204/1 281/203/1
f 293/202/1 283/205/1 282/204/1
f 293/202/1 284/206/1 283/205/1
f 293/202/1 285/207/1 284/206/1
f 293/202/1 286/208/1 285/207/1
f 293/202/1 287/209/1 286/208/1
f 293/202/1 288/210/1 287/209/1
f 293/202/1 289/211/1 288/210/1
f 293/202/1 290/212/1 289/211/1
f 293/202/1 291/213/1 290/212/1
f 293/202/1 292/214/1 291/213/1
f 343/215/1 345/216/1 344/217/1
f 343/215/1 348/218/1 345/216/1
f 348/218/1 346/219/1 345/216/1
f 343/215/1 349/3/1 348/218/1
f 347/220/1 346/219/1 348/218/1
f 343/215/1 341/221/1 349/3/1
f 341/221/1 347/220/1 349/3/1
f 341/221/1 340/222/1 347/220/1
f 340/222/1 346/219/1 347/220/1
f 343/215/1 342/223/1 341/221/1
f 339/101/1 346/219/1 340/222/1
f 358/67/1 350/101/1 359/45/1
f 350/101/1 360/22/1 359/45/1
f 350/101/1 361/3/1 360/22/1
f 358/67/1 351/122/1 350/101/1
f 358/67/1 354/93/1 351/122/1
f 354/93/1 352/100/1 351/122/1
f 354/93/1 353/78/1 352/100/1
f 358/67/1 355/17/1 354/93/1
f 358/67/1 356/38/1 355/17/1
f 358/67/1 357/60/1 356/38/1
f 364/215/1 366/220/1 365/216/1
f 364/215/1 367/3/1 366/220/1
f 364/215/1 362/101/1 367/3/1
f 364/215/1 363/221/1 362/101/1
f 451/224/1 453/225/1 452/226/1
f 451/224/1 454/227/1 453/225/1
f 451/224/1 455/228/1 454/227/1
f 450/229/1 455/228/1 451/224/1
f 450/229/1 456/230/1 455/228/1
f 450/229/1 457/231/1 456/230/1
f 450/229/1 458/232/1 457/231/1
f 449/233/1 458/232/1 450/229/1
f 449/233/1 459/234/1 458/232/1
f 449/233/1 460/235/1 459/234/1
f 449/233/1 461/236/1 460/235/1
f 448/237/1 461/236/1 449/233/1
f 448/237/1 462/238/1 461/236/1
f 448/237/1 463/239/1 462/238/1
f 448/237/1 464/240/1 463/239/1
f 447/241/1 464/240/1 448/237/1
f 447/241/1 377/242/1 464/240/1
f 377/242/1 376/243/1 464/240/1
f 376/243/1 375/244/1 464/240/1
f 375/244/1 374/245/1 464/240/1
f 374/245/1 373/246/1 464/240/1
f 373/246/1 372/247/1 464/240/1
f 372/247/1 371/248/1 464/240/1
f 371/248/1 370/249/1 464/240/1
f 370/249/1 369/250/1 464/240/1
f 369/250/1 368/101/1 464/240/1
f 368/101/1 465/3/1 464/240/1
f 446/251/1 379/252/1 447/241/1
f 379/252/1 378/253/1 447/241/1
f 378/253/1 377/242/1 447/241/1
f 446/251/1 380/254/1 379/252/1
f 446/251/1 381/255/1 380/254/1
f 446/251/1 382/256/1 381/255/1
f 445/257/1 382/256/1 446/251/1
f 445/257/1 383/258/1 382/256/1
f 445/257/1 384/259/1 383/258/1
f 444/260/1 384/259/1 445/257/1
f 444/260/1 385/261/1 384/259/1
f 444/260/1 386/262/1 385/261/1
f 443/263/1 386/262/1 444/260/1
f 443/263/1 387/264/1 386/262/1
f 442/265/1 387/264/1 443/263/1
f 442/265/1 388/266/1 387/264/1
f 442/265/1 389/267/1 388/266/1
f 441/268/1 389/267/1 442/265/1
f 441/268/1 390/269/1 389/267/1
f 440/270/1 390/269/1 441/268/1
f 440/270/1 391/271/1 390/269/1
f 440/270/1 392/272/1 391/271/1
f 439/273/1 392/272/1 440/270/1
f 439/273/1 393/274/1 392/272/1
f 438/275/1 393/274/1 439/273/1
f 438/275/1 394/276/1 393/274/1
f 437/277/1 394/276/1 438/275/1
f 437/277/1 395/278/1 394/276/1
f 436/279/1 395/278/1 437/277/1
f 436/279/1 396/280/1 395/278/1
f 435/281/1 396/280/1 436/279/1
f 435/281/1 397/282/1 396/280/1
f 414/283/1 416/284/1 415/285/1
f 435/281/1 398/286/1 397/282/1
f 413/287/1 416/284/1 414/283/1
f 434/288/1 398/286/1 435/281/1
f 412/289/1 416/284/1 413/287/1
f 434/288/1 399/290/1 398/286/1
f 411/291/1 416/284/1 412/289/1
f 410/292/1 416/284/1 411/291/1
f 434/288/1 400/293/1 399/290/1
f 409/294/1 416/284/1 410/292/1
f 433/295/1 400/293/1 434/288/1
f 408/296/1 416/284/1 409/294/1
f 433/295/1 401/297/1 400/293/1
f 407/298/1 416/284/1 408/296/1
f 406/299/1 416/284/1 407/298/1
f 433/295/1 402/300/1 401/297/1
f 405/301/1 416/284/1 406/299/1
f 404/302/1 416/284/1 405/301/1
f 433/295/1 403/303/1 402/300/1
f 403/303/1 416/284/1 404/302/1
f 433/295/1 416/284/1 403/303/1
f 432/304/1 416/284/1 433/295/1
f 432/304/1 417/305/1 416/284/1
f 431/306/1 417/305/1 432/304/1
f 431/306/1 418/307/1 417/305/1
f 431/306/1 419/308/1 418/307/1
f 431/306/1 420/309/1 419/308/1
f 430/310/1 420/309/1 431/306/1
f 430/310/1 421/311/1 420/309/1
f 430/310/1 422/312/1 421/311/1
f 430/310/1 423/313/1 422/312/1
f 429/314/1 423/313/1 430/310/1
f 429/314/1 424/315/1 423/313/1
f 429/314/1 425/316/1 424/315/1
f 429/314/1 426/317/1 425/316/1
f 428/318/1 426/317/1 429/314/1
f 428/318/1 427/319/1 426/317/1
f 474/67/1 466/101/1 475/45/1
f 466/101/1 476/22/1 475/45/1
f 466/101/1 477/3/1 476/22/1
f 474/67/1 467/122/1 466/101/1
f 474/67/1 470/93/1 467/122/1
f 470/93/1 468/100/1 467/122/1
f 470/93/1 469/78/1 468/100/1
f 474/67/1 471/17/1 470/93/1
f 474/67/1 472/38/1 471/17/1
f 474/67/1 473/60/1 472/38/1
f 486/320/1 488/321/1 487/322/1
f 486/320/1 484/323/1 488/321/1
f 484/323/1 483/324/1 488/321/1
f 483/324/1 489/325/1 488/321/1
f 489/325/1 491/326/1 490/327/1
f 489/325/1 480/328/1 491/326/1
f 480/328/1 479/329/1 491/326/1
f 479/329/1 492/3/1 491/326/1
f 486/320/1 485/217/1 484/323/1
f 482/330/1 489/325/1 483/324/1
f 489/325/1 481/331/1 480/328/1
f 478/101/1 492/3/1 479/329/1
f 482/330/1 481/331/1 489/325/1
f 497/215/1 499/216/1 498/217/1
f 497/215/1 502/218/1 499/216/1
f 502/218/1 500/219/1 499/216/1
f 497/215/1 503/3/1 502/218/1
f 501/220/1 500/219/1 502/218/1
f 497/215/1 495/221/1 503/3/1
f 495/221/1 501/220/1 503/3/1
f 495/221/1 494/222/1 501/220/1
f 494/222/1 500/219/1 501/220/1
f 497/215/1 496/223/1 495/221/1
f 493/101/1 500/219/1 494/222/1
f 538/332/1 540/333/1 539/334/1
f 538/332/1 541/335/1 540/333/1
f 538/332/1 542/336/1 541/335/1
f 538/332/1 543/337/1 542/336/1
f 537/338/1 543/337/1 538/332/1
f 537/338/1 544/339/1 543/337/1
f 537/338/1 545/340/1 544/339/1
f 537/338/1 546/341/1 545/340/1
f 536/342/1 546/341/1 537/338/1
f 536/342/1 547/343/1 546/341/1
f 536/342/1 548/344/1 547/343/1
f 535/345/1 548/344/1 536/342/1
f 535/345/1 549/346/1 548/344/1
f 535/345/1 550/347/1 549/346/1
f 534/348/1 550/347/1 535/345/1
f 534/348/1 551/349/1 550/347/1
f 534/348/1 562/350/1 551/349/1
f 562/350/1 561/351/1 551/349/1
f 561/351/1 560/352/1 551/349/1
f 560/352/1 559/353/1 551/349/1
f 559/353/1 558/354/1 551/349/1
f 558/354/1 557/355/1 551/349/1
f 557/355/1 556/356/1 551/349/1
f 556/356/1 555/357/1 551/349/1
f 555/357/1 554/358/1 551/349/1
f 554/358/1 553/359/1 551/349/1
f 553/359/1 552/360/1 551/349/1
f 533/361/1 564/362/1 534/348/1
f 564/362/1 563/363/1 534/348/1
f 563/363/1 562/350/1 534/348/1
f 533/361/1 565/364/1 564/362/1
f 533/361/1 566/365/1 565/364/1
f 533/361/1 567/366/1 566/365/1
f 532/367/1 567/366/1 533/361/1
f 532/367/1 568/368/1 567/366/1
f 532/367/1 569/369/1 568/368/1
f 531/370/1 569/369/1 532/367/1
f 531/370/1 570/371/1 569/369/1
f 531/370/1 571/372/1 570/371/1
f 530/373/1 571/372/1 531/370/1
f 530/373/1 572/374/1 571/372/1
f 529/375/1 572/374/1 530/373/1
f 529/375/1 573/376/1 572/374/1
f 529/375/1 574/377/1 573/376/1
f 528/378/1 574/377/1 529/375/1
f 528/378/1 575/379/1 574/377/1
f 527/380/1 575/379/1 528/378/1
f 527/380/1 576/381/1 575/379/1
f 527/380/1 577/382/1 576/381/1
f 526/383/1 577/382/1 527/380/1
f 602/384/1 604/385/1 603/386/1
f 602/384/1 601/387/1 604/385/1
f 601/387/1 605/3/1 604/385/1
f 526/383/1 578/388/1 577/382/1
f 525/389/1 578/388/1 526/383/1
f 525/389/1 579/390/1 578/388/1
f 600/391/1 605/3/1 601/387/1
f 524/392/1 579/390/1 525/389/1
f 524/392/1 580/393/1 579/390/1
f 524/392/1 581/394/1 580/393/1
f 523/395/1 581/394/1 524/392/1
f 523/395/1 582/396/1 581/394/1
f 522/397/1 582/396/1 523/395/1
f 522/397/1 583/398/1 582/396/1
f 522/397/1 584/399/1 583/398/1
f 521/400/1 584/399/1 522/397/1
f 521/400/1 585/401/1 584/399/1
f 599/402/1 605/3/1 600/391/1
f 598/403/1 605/3/1 599/402/1
f 597/404/1 605/3/1 598/403/1
f 521/400/1 586/405/1 585/401/1
f 596/406/1 605/3/1 597/404/1
f 595/407/1 605/3/1 596/406/1
f 594/408/1 605/3/1 595/407/1
f 521/400/1 587/409/1 586/405/1
f 520/410/1 587/409/1 521/400/1
f 593/411/1 605/3/1 594/408/1
f 592/412/1 605/3/1 593/411/1
f 591/413/1 605/3/1 592/412/1
f 520/410/1 588/414/1 587/409/1
f 590/415/1 605/3/1 591/413/1
f 589/416/1 605/3/1 590/415/1
f 588/414/1 605/3/1 589/416/1
f 520/410/1 605/3/1 588/414/1
f 519/417/1 605/3/1 520/410/1
f 519/417/1 504/101/1 605/3/1
f 519/417/1 505/418/1 504/101/1
f 518/419/1 505/418/1 519/417/1
f 518/419/1 506/420/1 505/418/1
f 518/419/1 507/421/1 506/420/1
f 517/422/1 507/421/1 518/419/1
f 517/422/1 508/423/1 507/421/1
f 517/422/1 509/424/1 508/423/1
f 517/422/1 510/425/1 509/424/1
f 516/426/1 510/425/1 517/422/1
f 516/426/1 511/427/1 510/425/1
f 516/426/1 512/428/1 511/427/1
f 516/426/1 513/429/1 512/428/1
f 515/430/1 513/429/1 516/426/1
f 515/430/1 514/431/1 513/429/1
f 726/1/2 727/3/2 654/2/2
f 725/4/2 726/1/2 654/2/2
f 725/4/2 654/2/2 655/5/2
f 724/6/2 725/4/2 655/5/2
f 724/6/2 655/5/2 656/7/2
f 723/8/2 724/6/2 656/7/2
f 723/8/2 656/7/2 657/9/2
f 722/10/2 723/8/2 657/9/2
f 722/10/2 657/9/2 658/11/2
f 721/12/2 722/10/2 658/11/2
f 721/12/2 658/11/2 659/13/2
f 720/14/2 721/12/2 659/13/2
f 720/14/2 659/13/2 660/15/2
f 719/16/2 720/14/2 660/15/2
f 719/16/2 660/15/2 661/17/2
f 718/18/2 719/16/2 661/17/2
f 718/18/2 661/17/2 662/19/2
f 717/20/2 718/18/2 662/19/2
f 717/20/2 662/19/2 663/21/2
f 716/22/2 717/20/2 663/21/2
f 716/22/2 663/21/2 664/23/2
f 715/24/2 716/22/2 664/23/2
f 715/24/2 664/23/2 665/25/2
f 714/26/2 715/24/2 665/25/2
f 714/26/2 665/25/2 666/27/2
f 714/26/2 666/27/2 667/28/2
f 713/29/2 714/26/2 667/28/2
f 713/29/2 667/28/2 668/30/2
f 712/31/2 713/29/2 668/30/2
f 712/31/2 668/30/2 669/32/2
f 711/33/2 712/31/2 669/32/2
f 711/33/2 669/32/2 670/34/2
f 710/35/2 711/33/2 670/34/2
f 710/35/2 670/34/2 671/36/2
f 709/37/2 710/35/2 671/36/2
f 709/37/2 671/36/2 672/38/2
f 708/39/2 709/37/2 672/38/2
f 708/39/2 672/38/2 673/40/2
f 707/41/2 708/39/2 673/40/2
f 707/41/2 673/40/2 674/42/2
f 706/43/2 707/41/2 674/42/2
f 706/43/2 674/42/2 675/44/2
f 705/45/2 706/43/2 675/44/2
f 705/45/2 675/44/2 676/46/2
f 704/47/2 705/45/2 676/46/2
f 704/47/2 676/46/2 677/48/2
f 703/49/2 704/47/2 677/48/2
f 702/50/2 703/49/2 677/48/2
f 702/50/2 677/48/2 678/51/2
f 701/52/2 702/50/2 678/51/2
f 701/52/2 678/51/2 679/53/2
f 701/52/2 679/53/2 680/54/2
f 700/55/2 701/52/2 680/54/2
f 700/55/2 680/54/2 681/56/2
f 699/57/2 700/55/2 681/56/2
f 699/57/2 681/56/2 682/58/2
f 698/59/2 699/57/2 682/58/2
f 698/59/2 682/58/2 683/60/2
f 697/61/2 698/59/2 683/60/2
f 697/61/2 683/60/2 684/62/2
f 696/63/2 697/61/2 684/62/2
f 696/63/2 684/62/2 685/64/2
f 695/65/2 696/63/2 685/64/2
f 695/65/2 685/64/2 686/66/2
f 694/67/2 695/65/2 686/66/2
f 694/67/2 686/66/2 687/68/2
f 693/69/2 694/67/2 687/68/2
f 693/69/2 687/68/2 688/70/2
f 692/71/2 693/69/2 688/70/2
f 692/71/2 688/70/2 689/72/2
f 691/73/2 692/71/2 689/72/2
f 691/73/2 689/72/2 690/74/2
f 640/75/2 641/77/2 642/76/2
f 639/78/2 640/75/2 642/76/2
f 639/78/2 642/76/2 643/79/2
f 638/80/2 639/78/2 643/79/2
f 638/80/2 643/79/2 644/81/2
f 637/82/2 638/80/2 644/81/2
f 637/82/2 644/81/2 645/83/2
f 636/84/2 637/82/2 645/83/2
f 636/84/2 645/83/2 646/85/2
f 635/86/2 636/84/2 646/85/2
f 635/86/2 646/85/2 647/87/2
f 634/88/2 635/86/2 647/87/2
f 634/88/2 647/87/2 648/89/2
f 633/90/2 634/88/2 648/89/2
f 633/90/2 648/89/2 649/91/2
f 632/92/2 633/90/2 649/91/2
f 632/92/2 649/91/2 650/93/2
f 631/94/2 632/92/2 650/93/2
f 631/94/2 650/93/2 651/95/2
f 630/96/2 631/94/2 651/95/2
f 630/96/2 651/95/2 652/97/2
f 629/98/2 630/96/2 652/97/2
f 629/98/2 652/97/2 653/99/2
f 628/100/2 629/98/2 653/99/2
f 628/100/2 653/99/2 606/101/2
f 627/102/2 628/100/2 606/101/2
f 627/102/2 606/101/2 607/103/2
f 626/104/2 627/102/2 607/103/2
f 626/104/2 607/103/2 608/105/2
f 625/106/2 626/104/2 608/105/2
f 625/106/2 608/105/2 609/107/2
f 624/108/2 625/106/2 609/107/2
f 624/108/2 609/107/2 610/109/2
f 623/110/2 624/108/2 610/109/2
f 623/110/2 610/109/2 611/111/2
f 622/112/2 623/110/2 611/111/2
f 622/112/2 611/111/2 612/113/2
f 621/114/2 622/112/2 612/113/2
f 621/114/2 612/113/2 613/115/2
f 620/116/2 621/114/2 613/115/2
f 620/116/2 613/115/2 614/117/2
f 619/118/2 620/116/2 614/117/2
f 619/118/2 614/117/2 615/119/2
f 618/120/2 619/118/2 615/119/2
f 618/120/2 615/119/2 616/121/2
f 617/122/2 618/120/2 616/121/2
f 848/1/2 849/3/2 776/2/2
f 847/4/2 848/1/2 776/2/2
f 847/4/2 776/2/2 777/5/2
f 846/6/2 847/4/2 777/5/2
f 846/6/2 777/5/2 778/7/2
f 845/8/2 846/6/2 778/7/2
f 845/8/2 778/7/2 779/9/2
f 844/10/2 845/8/2 779/9/2
f 844/10/2 779/9/2 780/11/2
f 843/12/2 844/10/2 780/11/2
f 843/12/2 780/11/2 781/13/2
f 842/14/2 843/12/2 781/13/2
f 842/14/2 781/13/2 782/15/2
f 841/16/2 842/14/2 782/15/2
f 841/16/2 782/15/2 783/17/2
f 840/18/2 841/16/2 783/17/2
f 840/18/2 783/17/2 784/19/2
f 839/20/2 840/18/2 784/19/2
f 839/20/2 784/19/2 785/21/2
f 838/22/2 839/20/2 785/21/2
f 838/22/2 785/21/2 786/23/2
f 837/24/2 838/22/2 786/23/2
f 837/24/2 786/23/2 787/25/2
f 836/26/2 837/24/2 787/25/2
f 836/26/2 787/25/2 788/27/2
f 836/26/2 788/27/2 789/28/2
f 835/29/2 836/26/2 789/28/2
f 835/29/2 789/28/2 790/30/2
f 834/31/2 835/29/2 790/30/2
f 834/31/2 790/30/2 791/32/2
f 833/33/2 834/31/2 791/32/2
f 833/33/2 791/32/2 792/34/2
f 832/35/2 833/33/2 792/34/2
f 832/35/2 792/34/2 793/36/2
f 831/37/2 832/35/2 793/36/2
f 831/37/2 793/36/2 794/38/2
f 830/39/2 831/37/2 794/38/2
f 830/39/2 794/38/2 795/40/2
f 829/41/2 830/39/2 795/40/2
f 829/41/2 795/40/2 796/42/2
f 828/43/2 829/41/2 796/42/2
f 828/43/2 796/42/2 797/44/2
f 827/45/2 828/43/2 797/44/2
f 827/45/2 797/44/2 798/46/2
f 826/47/2 827/45/2 798/46/2
f 826/47/2 798/46/2 799/48/2
f 825/49/2 826/47/2 799/48/2
f 824/50/2 825/49/2 799/48/2
f 824/50/2 799/48/2 800/51/2
f 823/52/2 824/50/2 800/51/2
f 823/52/2 800/51/2 801/53/2
f 823/52/2 801/53/2 802/54/2
f 822/55/2 823/52/2 802/54/2
f 822/55/2 802/54/2 803/56/2
f 821/57/2 822/55/2 803/56/2
f 821/57/2 803/56/2 804/58/2
f 820/59/2 821/57/2 804/58/2
f 820/59/2 804/58/2 805/60/2
f 819/61/2 820/59/2 805/60/2
f 819/61/2 805/60/2 806/62/2
f 818/63/2 819/61/2 806/62/2
f 818/63/2 806/62/2 807/64/2
f 817/65/2 818/63/2 807/64/2
f 817/65/2 807/64/2 808/66/2
f 816/67/2 817/65/2 808/66/2
f 816/67/2 808/66/2 809/68/2
f 815/69/2 816/67/2 809/68/2
f 815/69/2 809/68/2 810/70/2
f 814/71/2 815/69/2 810/70/2
f 814/71/2 810/70/2 811/72/2
f 813/73/2 814/71/2 811/72/2
f 813/73/2 811/72/2 812/74/2
f 762/75/2 763/77/2 764/76/2
f 761/78/2 762/75/2 764/76/2
f 761/78/2 764/76/2 765/79/2
f 760/80/2 761/78/2 765/79/2
f 760/80/2 765/79/2 766/81/2
f 759/82/2 760/80/2 766/81/2
f 759/82/2 766/81/2 767/83/2
f 758/84/2 759/82/2 767/83/2
f 758/84/2 767/83/2 768/85/2
f 757/86/2 758/84/2 768/85/2
f 757/86/2 768/85/2 769/87/2
f 756/88/2 757/86/2 769/87/2
f 756/88/2 769/87/2 770/89/2
f 755/90/2 756/88/2 770/89/2
f 755/90/2 770/89/2 771/91/2
f 754/92/2 755/90/2 771/91/2
f 754/92/2 771/91/2 772/93/2
f 753/94/2 754/92/2 772/93/2
f 753/94/2 772/93/2 773/95/2
f 752/96/2 753/94/2 773/95/2
f 752/96/2 773/95/2 774/97/2
f 751/98/2 752/96/2 774/97/2
f 751/98/2 774/97/2 775/99/2
f 750/100/2 751/98/2 775/99/2
f 750/100/2 775/99/2 728/101/2
f 749/102/2 750/100/2 728/101/2
f 749/102/2 728/101/2 729/103/2
f 748/104/2 749/102/2 729/103/2
f 748/104/2 729/103/2 730/105/2
f 747/106/2 748/104/2 730/105/2
f 747/106/2 730/105/2 731/107/2
f 746/108/2 747/106/2 731/107/2
f 746/108/2 731/107/2 732/109/2
f 745/110/2 746/108/2 732/109/2
f 745/110/2 732/109/2 733/111/2
f 744/112/2 745/110/2 733/111/2
f 744/112/2 733/111/2 734/113/2
f 743/114/2 744/112/2 734/113/2
f 743/114/2 734/113/2 735/115/2
f 742/116/2 743/114/2 735/115/2
f 742/116/2 735/115/2 736/117/2
f 741/118/2 742/116/2 736/117/2
f 741/118/2 736/117/2 737/119/2
f 740/120/2 741/118/2 737/119/2
f 740/120/2 737/119/2 738/121/2
f 739/122/2 740/120/2 738/121/2
f 914/123/2 915/125/2 942/124/2
f 942/124/2 915/125/2 916/126/2
f 942/124/2 916/126/2 850/101/2
f 942/124/2 850/101/2 851/127/2
f 942/124/2 851/127/2 852/128/2
f 942/124/2 852/128/2 853/129/2
f 942/124/2 853/129/2 854/130/2
f 942/124/2 854/130/2 855/131/2
f 942/124/2 855/131/2 856/132/2
f 942/124/2 856/132/2 941/133/2
f 941/133/2 856/132/2 857/134/2
f 914/123/2 942/124/2 943/3/2
f 940/135/2 941/133/2 857/134/2
f 939/136/2 940/135/2 857/134/2
f 938/137/2 939/136/2 857/134/2
f 938/137/2 857/134/2 858/138/2
f 937/139/2 938/137/2 858/138/2
f 936/140/2 937/139/2 858/138/2
f 935/141/2 936/140/2 858/138/2
f 935/141/2 858/138/2 859/142/2
f 934/143/2 935/141/2 859/142/2
f 933/144/2 934/143/2 859/142/2
f 932/145/2 933/144/2 859/142/2
f 932/145/2 859/142/2 860/146/2
f 931/147/2 932/145/2 860/146/2
f 930/148/2 931/147/2 860/146/2
f 930/148/2 860/146/2 861/149/2
f 929/150/2 930/148/2 861/149/2
f 928/151/2 929/150/2 861/149/2
f 928/151/2 861/149/2 862/152/2
f 927/153/2 928/151/2 862/152/2
f 927/153/2 862/152/2 863/154/2
f 926/155/2 927/153/2 863/154/2
f 925/156/2 926/155/2 863/154/2
f 925/156/2 863/154/2 864/157/2
f 924/158/2 925/156/2 864/157/2
f 924/158/2 864/157/2 865/159/2
f 923/160/2 924/158/2 865/159/2
f 923/160/2 865/159/2 866/161/2
f 922/162/2 923/160/2 866/161/2
f 921/163/2 922/162/2 866/161/2
f 921/163/2 866/161/2 867/164/2
f 920/165/2 921/163/2 867/164/2
f 919/166/2 920/165/2 867/164/2
f 919/166/2 867/164/2 868/167/2
f 918/168/2 919/166/2 868/167/2
f 917/169/2 918/168/2 868/167/2
f 914/123/2 943/3/2 912/170/2
f 912/170/2 943/3/2 917/169/2
f 912/170/2 917/169/2 868/167/2
f 912/170/2 868/167/2 869/171/2
f 912/170/2 869/171/2 870/172/2
f 912/170/2 870/172/2 871/173/2
f 912/170/2 871/173/2 872/174/2
f 912/170/2 872/174/2 873/175/2
f 912/170/2 873/175/2 874/176/2
f 912/170/2 874/176/2 875/177/2
f 912/170/2 875/177/2 911/178/2
f 911/178/2 875/177/2 910/179/2
f 910/179/2 875/177/2 876/180/2
f 914/123/2 912/170/2 913/181/2
f 909/182/2 910/179/2 876/180/2
f 908/183/2 909/182/2 876/180/2
f 907/184/2 908/183/2 876/180/2
f 907/184/2 876/180/2 877/185/2
f 906/186/2 907/184/2 877/185/2
f 905/187/2 906/186/2 877/185/2
f 905/187/2 877/185/2 878/188/2
f 904/189/2 905/187/2 878/188/2
f 904/189/2 878/188/2 879/190/2
f 903/191/2 904/189/2 879/190/2
f 903/191/2 879/190/2 880/192/2
f 902/193/2 903/191/2 880/192/2
f 902/193/2 880/192/2 881/194/2
f 901/195/2 902/193/2 881/194/2
f 901/195/2 881/194/2 882/196/2
f 900/197/2 901/195/2 882/196/2
f 900/197/2 882/196/2 883/198/2
f 900/197/2 883/198/2 884/199/2
f 899/200/2 900/197/2 884/199/2
f 899/200/2 884/199/2 885/201/2
f 898/202/2 899/200/2 885/201/2
f 898/202/2 885/201/2 886/203/2
f 898/202/2 886/203/2 887/204/2
f 898/202/2 887/204/2 888/205/2
f 898/202/2 888/205/2 889/206/2
f 898/202/2 889/206/2 890/207/2
f 898/202/2 890/207/2 891/208/2
f 898/202/2 891/208/2 892/209/2
f 898/202/2 892/209/2 893/210/2
f 898/202/2 893/210/2 894/211/2
f 898/202/2 894/211/2 895/212/2
f 898/202/2 895/212/2 896/213/2
f 898/202/2 896/213/2 897/214/2
f 948/215/2 949/217/2 950/216/2
f 948/215/2 950/216/2 953/218/2
f 953/218/2 950/216/2 951/219/2
f 948/215/2 953/218/2 954/3/2
f 952/220/2 953/218/2 951/219/2
f 948/215/2 954/3/2 946/221/2
f 946/221/2 954/3/2 952/220/2
f 946/221/2 952/220/2 945/222/2
f 945/222/2 952/220/2 951/219/2
f 948/215/2 946/221/2 947/223/2
f 944/101/2 945/222/2 951/219/2
f 963/67/2 964/45/2 955/101/2
f 955/101/2 964/45/2 965/22/2
f 955/101/2 965/22/2 966/3/2
f 963/67/2 955/101/2 956/122/2
f 963/67/2 956/122/2 959/93/2
f 959/93/2 956/122/2 957/100/2
f 959/93/2 957/100/2 958/78/2
f 963/67/2 959/93/2 960/17/2
f 963/67/2 960/17/2 961/38/2
f 963/67/2 961/38/2 962/60/2
f 969/215/2 970/216/2 971/220/2
f 969/215/2 971/220/2 972/3/2
f 969/215/2 972/3/2 967/101/2
f 969/215/2 967/101/2 968/221/2
f 1056/224/2 1057/226/2 1058/225/2
f 1056/224/2 1058/225/2 1059/227/2
f 1056/224/2 1059/227/2 1060/228/2
f 1055/229/2 1056/224/2 1060/228/2
f 1055/229/2 1060/228/2 1061/230/2
f 1055/229/2 1061/230/2 1062/231/2
f 1055/229/2 1062/231/2 1063/232/2
f 1054/233/2 1055/229/2 1063/232/2
f 1054/233/2 1063/232/2 1064/234/2
f 1054/233/2 1064/234/2 1065/235/2
f 1054/233/2 1065/235/2 1066/236/2
f 1053/237/2 1054/233/2 1066/236/2
f 1053/237/2 1066/236/2 1067/238/2
f 1053/237/2 1067/238/2 1068/239/2
f 1053/237/2 1068/239/2 1069/240/2
f 1052/241/2 1053/237/2 1069/240/2
f 1052/241/2 1069/240/2 982/242/2
f 982/242/2 1069/240/2 981/243/2
f 981/243/2 1069/240/2 980/244/2
f 980/244/2 1069/240/2 979/245/2
f 979/245/2 1069/240/2 978/246/2
f 978/246/2 1069/240/2 977/247/2
f 977/247/2 1069/240/2 976/248/2
f 976/248/2 1069/240/2 975/249/2
f 975/249/2 1069/240/2 974/250/2
f 974/250/2 1069/240/2 973/101/2
f 973/101/2 1069/240/2 1070/3/2
f 1051/251/2 1052/241/2 984/252/2
f 984/252/2 1052/241/2 983/253/2
f 983/253/2 1052/241/2 982/242/2
f 1051/251/2 984/252/2 985/254/2
f 1051/251/2 985/254/2 986/255/2
f 1051/251/2 986/255/2 987/256/2
f 1050/257/2 1051/251/2 987/256/2
f 1050/257/2 987/256/2 988/258/2
f 1050/257/2 988/258/2 989/259/2
f 1049/260/2 1050/257/2 989/259/2
f 1049/260/2 989/259/2 990/261/2
f 1049/260/2 990/261/2 991/262/2
f 1048/263/2 1049/260/2 991/262/2
f 1048/263/2 991/262/2 992/264/2
f 1047/265/2 1048/263/2 992/264/2
f 1047/265/2 992/264/2 993/266/2
f 1047/265/2 993/266/2 994/267/2
f 1046/268/2 1047/265/2 994/267/2
f 1046/268/2 994/267/2 995/269/2
f 1045/270/2 1046/268/2 995/269/2
f 1045/270/2 995/269/2 996/271/2
f 1045/270/2 996/271/2 997/272/2
f 1044/273/2 1045/270/2 997/272/2
f 1044/273/2 997/272/2 998/274/2
f 1043/275/2 1044/273/2 998/274/2
f 1043/275/2 998/274/2 999/276/2
f 1042/277/2 1043/275/2 999/276/2
f 1042/277/2 999/276/2 1000/278/2
f 1041/279/2 1042/277/2 1000/278/2
f 1041/279/2 1000/278/2 1001/280/2
f 1040/281/2 1041/279/2 1001/280/2
f 1040/281/2 1001/280/2 1002/282/2
f 1019/283/2 1020/285/2 1021/284/2
f 1040/281/2 1002/282/2 1003/286/2
f 1018/287/2 1019/283/2 1021/284/2
f 1039/288/2 1040/281/2 1003/286/2
f 1017/289/2 1018/287/2 1021/284/2
f 1039/288/2 1003/286/2 1004/290/2
f 1016/291/2 1017/289/2 1021/284/2
f 1015/292/2 1016/291/2 1021/284/2
f 1039/288/2 1004/290/2 1005/293/2
f 1014/294/2 1015/292/2 1021/284/2
f 1038/295/2 1039/288/2 1005/293/2
f 1013/296/2 1014/294/2 1021/284/2
f 1038/295/2 1005/293/2 1006/297/2
f 1012/298/2 1013/296/2 1021/284/2
f 1011/299/2 1012/298/2 1021/284/2
f 1038/295/2 1006/297/2 1007/300/2
f 1010/301/2 1011/299/2 1021/284/2
f 1009/302/2 1010/301/2 1021/284/2
f 1038/295/2 1007/300/2 1008/303/2
f 1008/303/2 1009/302/2 1021/284/2
f 1038/295/2 1008/303/2 1021/284/2
f 1037/304/2 1038/295/2 1021/284/2
f 1037/304/2 1021/284/2 1022/305/2
f 1036/306/2 1037/304/2 1022/305/2
f 1036/306/2 1022/305/2 1023/307/2
f 1036/306/2 1023/307/2 1024/308/2
f 1036/306/2 1024/308/2 1025/309/2
f 1035/310/2 1036/306/2 1025/309/2
f 1035/310/2 1025/309/2 1026/311/2
f 1035/310/2 1026/311/2 1027/312/2
f 1035/310/2 1027/312/2 1028/313/2
f 1034/314/2 1035/310/2 1028/313/2
f 1034/314/2 1028/313/2 1029/315/2
f 1034/314/2 1029/315/2 1030/316/2
f 1034/314/2 1030/316/2 1031/317/2
f 1033/318/2 1034/314/2 1031/317/2
f 1033/318/2 1031/317/2 1032/319/2
f 1079/67/2 1080/45/2 1071/101/2
f 1071/101/2 1080/45/2 1081/22/2
f 1071/101/2 1081/22/2 1082/3/2
f 1079/67/2 1071/101/2 1072/122/2
f 1079/67/2 1072/122/2 1075/93/2
f 1075/93/2 1072/122/2 1073/100/2
f 1075/93/2 1073/100/2 1074/78/2
f 1079/67/2 1075/93/2 1076/17/2
f 1079/67/2 1076/17/2 1077/38/2
f 1079/67/2 1077/38/2 1078/60/2
f 1091/320/2 1092/322/2 1093/321/2
f 1091/320/2 1093/321/2 1089/323/2
f 1089/323/2 1093/321/2 1088/324/2
f 1088/324/2 1093/321/2 1094/325/2
f 1094/325/2 1095/327/2 1096/326/2
f 1094/325/2 1096/326/2 1085/328/2
f 1085/328/2 1096/326/2 1084/329/2
f 1084/329/2 1096/326/2 1097/3/2
f 1091/320/2 1089/323/2 1090/217/2
f 1087/330/2 1088/324/2 1094/325/2
f 1094/325/2 1085/328/2 1086/331/2
f 1083/101/2 1084/329/2 1097/3/2
f 1087/330/2 1094/325/2 1086/331/2
f 1102/215/2 1103/217/2 1104/216/2
f 1102/215/2 1104/216/2 1107/218/2
f 1107/218/2 1104/216/2 1105/219/2
f 1102/215/2 1107/218/2 1108/3/2
f 1106/220/2 1107/218/2 1105/219/2
f 1102/215/2 1108/3/2 1100/221/2
f 1100/221/2 1108/3/2 1106/220/2
f 1100/221/2 1106/220/2 1099/222/2
f 1099/222/2 1106/220/2 1105/219/2
f 1102/215/2 1100/221/2 1101/223/2
f 1098/101/2 1099/222/2 1105/219/2
f 1143/332/2 1144/334/2 1145/333/2
f 1143/332/2 1145/333/2 1146/335/2
f 1143/332/2 1146/335/2 1147/336/2
f 1143/332/2 1147/336/2 1148/337/2
f 1142/338/2 1143/332/2 1148/337/2
f 1142/338/2 1148/337/2 1149/339/2
f 1142/338/2 1149/339/2 1150/340/2
f 1142/338/2 1150/340/2 1151/341/2
f 1141/342/2 1142/338/2 1151/341/2
f 1141/342/2 1151/341/2 1152/343/2
f 1141/342/2 1152/343/2 1153/344/2
f 1140/345/2 1141/342/2 1153/344/2
f 1140/345/2 1153/344/2 1154/346/2
f 1140/345/2 1154/346/2 1155/347/2
f 1139/348/2 1140/345/2 1155/347/2
f 1139/348/2 1155/347/2 1156/349/2
f 1139/348/2 1156/349/2 1167/350/2
f 1167/350/2 1156/349/2 1166/351/2
f 1166/351/2 1156/349/2 1165/352/2
f 1165/352/2 1156/349/2 1164/353/2
f 1164/353/2 1156/349/2 1163/354/2
f 1163/354/2 1156/349/2 1162/355/2
f 1162/355/2 1156/349/2 1161/356/2
f 1161/356/2 1156/349/2 1160/357/2
f 1160/357/2 1156/349/2 1159/358/2
f 1159/358/2 1156/349/2 1158/359/2
f 1158/359/2 1156/349/2 1157/360/2
f 1138/361/2 1139/348/2 1169/362/2
f 1169/362/2 1139/348/2 1168/363/2
f 1168/363/2 1139/348/2 1167/350/2
f 1138/361/2 1169/362/2 1170/364/2
f 1138/361/2 1170/364/2 1171/365/2
f 1138/361/2 1171/365/2 1172/366/2
f 1137/367/2 1138/361/2 1172/366/2
f 1137/367/2 1172/366/2 1173/368/2
f 1137/367/2 1173/368/2 1174/369/2
f 1136/370/2 1137/367/2 1174/369/2
f 1136/370/2 1174/369/2 1175/371/2
f 1136/370/2 1175/371/2 1176/372/2
f 1135/373/2 1136/370/2 1176/372/2
f 1135/373/2 1176/372/2 1177/374/2
f 1134/375/2 1135/373/2 1177/374/2
f 1134/375/2 1177/374/2 1178/376/2
f 1134/375/2 1178/376/2 1179/377/2
f 1133/378/2 1134/375/2 1179/377/2
f 1133/378/2 1179/377/2 1180/379/2
f 1132/380/2 1133/378/2 1180/379/2
f 1132/380/2 1180/379/2 1181/381/2
f 1132/380/2 1181/381/2 1182/382/2
f 1131/383/2 1132/380/2 1182/382/2
f 1207/384/2 1208/386/2 1209/385/2
f 1207/384/2 1209/385/2 1206/387/2
f 1206/387/2 1209/385/2 1210/3/2
f 1131/383/2 1182/382/2 1183/388/2
f 1130/389/2 1131/383/2 1183/388/2
f 1130/389/2 1183/388/2 1184/390/2
f 1205/391/2 1206/387/2 1210/3/2
f 1129/392/2 1130/389/2 1184/390/2
f 1129/392/2 1184/390/2 1185/393/2
f 1129/392/2 1185/393/2 1186/394/2
f 1128/395/2 1129/392/2 1186/394/2
f 1128/395/2 1186/394/2 1187/396/2
f 1127/397/2 1128/395/2 1187/396/2
f 1127/397/2 1187/396/2 1188/398/2
f 1127/397/2 1188/398/2 1189/399/2
f 1126/400/2 1127/397/2 1189/399/2
f 1126/400/2 1189/399/2 1190/401/2
f 1204/402/2 1205/391/2 1210/3/2
f 1203/403/2 1204/402/2 1210/3/2
f 1202/404/2 1203/403/2 1210/3/2
f 1126/400/2 1190/401/2 1191/405/2
f 1201/406/2 1202/404/2 1210/3/2
f 1200/407/2 1201/406/2 1210/3/2
f 1199/408/2 1200/407/2 1210/3/2
f 1126/400/2 1191/405/2 1192/409/2
f 1125/410/2 1126/400/2 1192/409/2
f 1198/411/2 1199/408/2 1210/3/2
f 1197/412/2 1198/411/2 1210/3/2
f 1196/413/2 1197/412/2 1210/3/2
f 1125/410/2 1192/409/2 1193/414/2
f 1195/415/2 1196/413/2 1210/3/2
f 1194/416/2 1195/415/2 1210/3/2
f 1193/414/2 1194/416/2 1210/3/2
f 1125/410/2 1193/414/2 1210/3/2
f 1124/417/2 1125/410/2 1210/3/2
f 1124/417/2 1210/3/2 1109/101/2
f 1124/417/2 1109/101/2 1110/418/2
f 1123/419/2 1124/417/2 1110/418/2
f 1123/419/2 1110/418/2 1111/420/2
f 1123/419/2 1111/420/2 1112/421/2
f 1122/422/2 1123/419/2 1112/421/2
f 1122/422/2 1112/421/2 1113/423/2
f 1122/422/2 1113/423/2 1114/424/2
f 1122/422/2 1114/424/2 1115/425/2
f 1121/426/2 1122/422/2 1115/425/2
f 1121/426/2 1115/425/2 1116/427/2
f 1121/426/2 1116/427/2 1117/428/2
f 1121/426/2 1117/428/2 1118/429/2
f 1120/430/2 1121/426/2 1118/429/2
f 1120/430/2 1118/429/2 1119/431/2
s 1
f 1212/432/3 1214/433/4 1213/434/4 1211/101/3
f 1214/433/4 1216/435/5 1215/436/5 1213/434/4
f 1216/435/5 1218/437/6 1217/438/6 1215/436/5
f 1218/437/6 1220/439/7 1219/440/7 1217/438/6
f 1220/439/7 1222/441/8 1221/442/8 1219/440/7
f 1222/441/8 1224/443/9 1223/444/9 1221/442/8
f 1224/443/9 1226/445/10 1225/446/10 1223/444/9
f 1226/445/10 1228/447/11 1227/448/11 1225/446/10
f 1228/447/11 1230/449/12 1229/450/12 1227/448/11
f 1230/449/12 1232/451/13 1231/452/13 1229/450/12
f 1232/451/13 1234/453/14 1233/454/14 1231/452/13
f 1234/453/14 1236/455/15 1235/456/15 1233/454/14
f 1236/455/15 1238/457/16 1237/458/16 1235/456/15
f 1238/457/16 1240/459/17 1239/460/17 1237/458/16
f 1240/459/17 1242/461/18 1241/462/18 1239/460/17
f 1242/461/18 1244/463/19 1243/464/19 1241/462/18
f 1244/463/19 1246/465/20 1245/466/20 1243/464/19
f 1246/465/20 1248/467/21 1247/468/21 1245/466/20
f 1248/467/21 1250/469/22 1249/470/22 1247/468/21
f 1250/469/22 1252/471/23 1251/472/23 1249/470/22
f 1252/471/23 1254/473/24 1253/474/24 1251/472/23
f 1254/473/24 1256/475/25 1255/476/25 1253/474/24
f 1256/475/25 1258/477/26 1257/478/26 1255/476/25
f 1258/477/26 1260/479/27 1259/480/27 1257/478/26
f 1260/479/27 1262/481/28 1261/482/28 1259/480/27
f 1262/481/28 1264/483/29 1263/484/29 1261/482/28
f 1264/483/29 1266/485/30 1265/486/30 1263/484/29
f 1266/485/30 1268/487/31 1267/488/31 1265/486/30
f 1268/487/31 1270/489/32 1269/490/32 1267/488/31
f 1270/489/32 1272/491/33 1271/492/33 1269/490/32
f 1272/491/33 1274/493/34 1273/494/34 1271/492/33
f 1274/493/34 1276/495/35 1275/496/35 1273/494/34
f 1276/495/35 1278/497/36 1277/498/36 1275/496/35
f 1278/497/36 1280/499/37 1279/194/37 1277/498/36
f 1280/499/37 1282/500/38 1281/501/38 1279/194/37
f 1282/500/38 1284/502/39 1283/503/39 1281/501/38
f 1284/502/39 1286/504/40 1285/505/40 1283/503/39
f 1286/504/40 1288/506/41 1287/507/41 1285/505/40
f 1288/506/41 1290/508/42 1289/509/42 1287/507/41
f 1290/508/42 1292/510/43 1291/511/43 1289/509/42
f 1292/510/43 1294/512/44 1293/513/44 1291/511/43
f 1294/512/44 1296/514/45 1295/515/45 1293/513/44
f 1296/514/45 1298/516/46 1297/517/46 1295/515/45
f 1298/516/46 1300/518/47 1299/519/47 1297/517/46
f 1300/518/47 1302/520/48 1301/521/48 1299/519/47
f 1302/520/48 1304/522/49 1303/523/49 1301/521/48
f 1304/522/49 1306/524/50 1305/525/50 1303/523/49
f 1306/524/50 1308/526/51 1307/527/51 1305/525/50
f 1308/526/51 1310/528/52 1309/529/52 1307/527/51
f 1310/528/52 1312/530/53 1311/531/53 1309/529/52
f 1312/530/53 1314/532/54 1313/217/54 1311/531/53
f 1314/532/54 1316/533/55 1315/534/55 1313/217/54
f 1316/533/55 1318/535/56 1317/536/56 1315/534/55
f 1318/535/56 1320/537/57 1319/538/57 1317/536/56
f 1320/537/57 1322/539/58 1321/540/58 1319/538/57
f 1322/539/58 1324/541/59 1323/542/59 1321/540/58
f 1324/541/59 1326/543/60 1325/544/60 1323/542/59
f 1326/543/60 1328/545/61 1327/546/61 1325/544/60
f 1328/545/61 1330/547/62 1329/548/62 1327/546/61
f 1330/547/62 1332/549/63 1331/550/63 1329/548/62
f 1332/549/63 1334/551/64 1333/552/64 1331/550/63
f 1334/551/64 1336/553/65 1335/554/65 1333/552/64
f 1336/553/65 1338/555/66 1337/556/66 1335/554/65
f 1338/555/66 1340/557/67 1339/558/67 1337/556/66
f 1340/557/67 1342/559/68 1341/560/68 1339/558/67
f 1342/559/68 1344/561/69 1343/562/69 1341/560/68
f 1344/561/69 1346/563/70 1345/564/70 1343/562/69
f 1346/563/70 1348/565/71 1347/170/71 1345/564/70
f 1348/565/71 1350/566/72 1349/567/72 1347/170/71
f 1350/566/72 1352/568/73 1351/569/73 1349/567/72
f 1352/568/73 1354/570/74 1353/571/74 1351/569/73
f 1354/570/74 1356/572/75 1355/573/75 1353/571/74
f 1356/572/75 1358/574/76 1357/575/76 1355/573/75
f 1358/574/76 1360/576/77 1359/577/77 1357/575/76
f 1360/576/77 1362/578/78 1361/579/78 1359/577/77
f 1362/578/78 1364/580/79 1363/581/79 1361/579/78
f 1364/580/79 1366/582/80 1365/583/80 1363/581/79
f 1366/582/80 1368/584/81 1367/585/81 1365/583/80
f 1368/584/81 1370/586/82 1369/587/82 1367/585/81
f 1370/586/82 1372/588/83 1371/589/83 1369/587/82
f 1372/588/83 1374/590/84 1373/591/84 1371/589/83
f 1374/590/84 1376/592/85 1375/593/85 1373/591/84
f 1376/592/85 1378/594/86 1377/595/86 1375/593/85
f 1378/594/86 1380/596/87 1379/597/87 1377/595/86
f 1380/596/87 1382/598/88 1381/599/88 1379/597/87
f 1382/598/88 1384/600/89 1383/601/89 1381/599/88
f 1384/600/89 1386/602/90 1385/603/90 1383/601/89
f 1386/602/90 1388/604/91 1387/605/91 1385/603/90
f 1388/604/91 1390/606/92 1389/607/92 1387/605/91
f 1390/606/92 1392/608/93 1391/609/93 1389/607/92
f 1392/608/93 1394/610/94 1393/611/94 1391/609/93
f 1394/610/94 1396/612/95 1395/613/95 1393/611/94
f 1396/612/95 1398/614/96 1397/615/96 1395/613/95
f 1398/614/96 1400/616/97 1399/617/97 1397/615/96
f 1400/616/97 1402/618/98 1401/619/98 1399/617/97
f 1402/618/98 1404/620/99 1403/621/99 1401/619/98
f 1404/620/99 1406/622/100 1405/623/100 1403/621/99
f 1406/622/100 1408/624/100 1407/625/100 1405/623/100
f 1408/624/100 1410/626/101 1409/627/101 1407/625/100
f 1410/626/101 1412/628/102 1411/629/102 1409/627/101
f 1412/628/102 1414/630/103 1413/631/103 1411/629/102
f 1414/630/103 1212/632/3 1211/3/3 1413/631/103
f 1416/432/104 1418/633/104 1417/634/104 1415/101/104
f 1418/633/104 1420/635/105 1419/636/105 1417/634/104
f 1420/635/105 1422/637/105 1421/638/105 1419/636/105
f 1422/637/105 1424/532/106 1423/217/106 1421/638/105
f 1424/532/106 1426/639/107 1425/640/107 1423/217/106
f 1426/639/107 1428/641/108 1427/642/108 1425/640/107
f 1428/641/108 1430/643/109 1429/644/109 1427/642/108
f 1430/643/109 1416/632/104 1415/3/104 1429/644/109
f 1432/432/110 1434/499/111 1433/194/111 1431/101/110
f 1434/499/111 1436/565/112 1435/170/112 1433/194/111
f 1436/565/112 1432/632/110 1431/3/110 1435/170/112
f 1438/432/100 1440/645/100 1439/646/100 1437/101/100
f 1440/645/100 1442/647/113 1441/648/113 1439/646/100
f 1442/647/113 1444/649/113 1443/221/113 1441/648/113
f 1444/649/113 1446/650/114 1445/651/114 1443/221/113
f 1446/650/114 1448/499/114 1447/194/114 1445/651/114
f 1448/499/114 1450/652/115 1449/215/115 1447/194/114
f 1450/652/115 1452/653/115 1451/654/115 1449/215/115
f 1452/653/115 1454/655/100 1453/656/100 1451/654/115
f 1454/655/100 1456/657/101 1455/216/101 1453/656/100
f 1456/657/101 1458/565/116 1457/170/116 1455/216/101
f 1458/565/116 1460/658/117 1459/659/117 1457/170/116
f 1460/658/117 1462/660/118 1461/220/118 1459/659/117
f 1462/660/118 1464/661/102 1463/662/102 1461/220/118
f 1464/661/102 1466/663/115 1465/664/115 1463/662/102
f 1466/663/115 1438/632/100 1437/3/100 1465/664/115
f 1468/432/115 1470/665/102 1469/666/102 1467/101/115
f 1470/665/102 1472/465/102 1471/466/102 1469/666/102
f 1472/465/102 1474/635/115 1473/636/115 1471/466/102
f 1474/635/115 1476/499/115 1475/194/115 1473/636/115
f 1476/499/115 1478/667/102 1477/668/102 1475/194/115
f 1478/667/102 1480/532/102 1479/217/102 1477/668/102
f 1480/532/102 1482/669/115 1481/670/115 1479/217/102
f 1482/669/115 1484/565/100 1483/170/100 1481/670/115
f 1484/565/100 1486/641/101 1485/642/101 1483/170/100
f 1486/641/101 1488/598/102 1487/599/102 1485/642/101
f 1488/598/102 1490/671/115 1489/672/115 1487/599/102
f 1490/671/115 1468/632/115 1467/3/115 1489/672/115
f 1492/432/119 1494/673/120 1493/674/120 1491/101/119
f 1494/673/120 1496/675/121 1495/676/121 1493/674/120
f 1496/675/121 1498/677/122 1497/678/122 1495/676/121
f 1498/677/122 1500/679/123 1499/680/123 1497/678/122
f 1500/679/123 1502/681/124 1501/682/124 1499/680/123
f 1502/681/124 1504/683/125 1503/684/125 1501/682/124
f 1504/683/125 1506/685/126 1505/329/126 1503/684/125
f 1506/685/126 1508/686/127 1507/687/127 1505/329/126
f 1508/686/127 1510/688/128 1509/689/128 1507/687/127
f 1510/688/128 1512/690/129 1511/691/129 1509/689/128
f 1512/690/129 1514/692/130 1513/693/130 1511/691/129
f 1514/692/130 1516/694/131 1515/695/131 1513/693/130
f 1516/694/131 1518/696/132 1517/697/132 1515/695/131
f 1518/696/132 1520/698/133 1519/328/133 1517/697/132
f 1520/698/133 1522/699/134 1521/700/134 1519/328/133
f 1522/699/134 1524/701/135 1523/702/135 1521/700/134
f 1524/701/135 1526/703/136 1525/704/136 1523/702/135
f 1526/703/136 1528/705/137 1527/706/137 1525/704/136
f 1528/705/137 1530/707/138 1529/708/138 1527/706/137
f 1530/707/138 1532/709/139 1531/710/139 1529/708/138
f 1532/709/139 1534/711/140 1533/331/140 1531/710/139
f 1534/711/140 1536/712/141 1535/713/141 1533/331/140
f 1536/712/141 1538/714/142 1537/715/142 1535/713/141
f 1538/714/142 1540/716/143 1539/717/143 1537/715/142
f 1540/716/143 1542/718/144 1541/719/144 1539/717/143
f 1542/718/144 1544/720/145 1543/721/145 1541/719/144
f 1544/720/145 1546/722/146 1545/723/146 1543/721/145
f 1546/722/146 1548/724/147 1547/330/147 1545/723/146
f 1548/724/147 1550/725/148 1549/726/148 1547/330/147
f 1550/725/148 1552/727/149 1551/728/149 1549/726/148
f 1552/727/149 1554/729/150 1553/730/150 1551/728/149
f 1554/729/150 1556/731/151 1555/732/151 1553/730/150
f 1556/731/151 1558/733/152 1557/734/152 1555/732/151
f 1558/733/152 1560/735/153 1559/736/153 1557/734/152
f 1560/735/153 1562/737/154 1561/324/154 1559/736/153
f 1562/737/154 1564/738/155 1563/739/155 1561/324/154
f 1564/738/155 1566/740/156 1565/741/156 1563/739/155
f 1566/740/156 1568/742/157 1567/743/157 1565/741/156
f 1568/742/157 1570/744/158 1569/745/158 1567/743/157
f 1570/744/158 1572/746/159 1571/747/159 1569/745/158
f 1572/746/159 1574/748/160 1573/749/160 1571/747/159
f 1574/748/160 1576/750/161 1575/323/161 1573/749/160
f 1576/750/161 1578/751/162 1577/752/162 1575/323/161
f 1578/751/162 1580/753/163 1579/754/163 1577/752/162
f 1580/753/163 1582/755/164 1581/756/164 1579/754/163
f 1582/755/164 1584/757/165 1583/758/165 1581/756/164
f 1584/757/165 1586/759/166 1585/760/166 1583/758/165
f 1586/759/166 1588/761/167 1587/762/167 1585/760/166
f 1588/761/167 1590/532/168 1589/217/168 1587/762/167
f 1590/532/168 1592/763/169 1591/764/169 1589/217/168
f 1592/763/169 1594/765/170 1593/766/170 1591/764/169
f 1594/765/170 1596/767/171 1595/768/171 1593/766/170
f 1596/767/171 1598/769/172 1597/770/172 1595/768/171
f 1598/769/172 1600/771/173 1599/772/173 1597/770/172
f 1600/771/173 1602/773/174 1601/774/174 1599/772/173
f 1602/773/174 1604/775/175 1603/320/175 1601/774/174
f 1604/775/175 1606/776/176 1605/777/176 1603/320/175
f 1606/776/176 1608/778/177 1607/779/177 1605/777/176
f 1608/778/177 1610/780/178 1609/781/178 1607/779/177
f 1610/780/178 1612/782/179 1611/783/179 1609/781/178
f 1612/782/179 1614/784/180 1613/785/180 1611/783/179
f 1614/784/180 1616/786/181 1615/787/181 1613/785/180
f 1616/786/181 1618/788/182 1617/322/182 1615/787/181
f 1618/788/182 1620/789/183 1619/790/183 1617/322/182
f 1620/789/183 1622/791/184 1621/792/184 1619/790/183
f 1622/791/184 1624/793/185 1623/794/185 1621/792/184
f 1624/793/185 1626/795/186 1625/796/186 1623/794/185
f 1626/795/186 1628/797/187 1627/798/187 1625/796/186
f 1628/797/187 1630/799/188 1629/800/188 1627/798/187
f 1630/799/188 1632/801/189 1631/321/189 1629/800/188
f 1632/801/189 1634/802/190 1633/803/190 1631/321/189
f 1634/802/190 1636/804/191 1635/805/191 1633/803/190
f 1636/804/191 1638/806/192 1637/807/192 1635/805/191
f 1638/806/192 1640/808/193 1639/809/193 1637/807/192
f 1640/808/193 1642/810/194 1641/811/194 1639/809/193
f 1642/810/194 1644/812/195 1643/813/195 1641/811/194
f 1644/812/195 1646/814/196 1645/325/196 1643/813/195
f 1646/814/196 1648/815/197 1647/816/197 1645/325/196
f 1648/815/197 1650/817/198 1649/818/198 1647/816/197
f 1650/817/198 1652/819/199 1651/820/199 1649/818/198
f 1652/819/199 1654/821/200 1653/822/200 1651/820/199
f 1654/821/200 1656/823/201 1655/824/201 1653/822/200
f 1656/823/201 1658/825/202 1657/826/202 1655/824/201
f 1658/825/202 1660/827/203 1659/327/203 1657/826/202
f 1660/827/203 1662/828/204 1661/829/204 1659/327/203
f 1662/828/204 1664/830/205 1663/831/205 1661/829/204
f 1664/830/205 1666/832/206 1665/833/206 1663/831/205
f 1666/832/206 1668/834/207 1667/835/207 1665/833/206
f 1668/834/207 1670/836/208 1669/837/208 1667/835/207
f 1670/836/208 1672/838/209 1671/839/209 1669/837/208
f 1672/838/209 1674/840/210 1673/326/210 1671/839/209
f 1674/840/210 1676/841/211 1675/842/211 1673/326/210
f 1676/841/211 1678/843/212 1677/844/212 1675/842/211
f 1678/843/212 1680/845/213 1679/846/213 1677/844/212
f 1680/845/213 1682/847/214 1681/848/214 1679/846/213
f 1682/847/214 1684/849/215 1683/850/215 1681/848/214
f 1684/849/215 1686/851/216 1685/852/216 1683/850/215
f 1686/851/216 1492/632/119 1491/3/119 1685/852/216
f 1688/432/102 1690/465/115 1689/466/115 1687/101/102
f 1690/465/115 1692/499/100 1691/194/100 1689/466/115
f 1692/499/100 1694/532/101 1693/217/101 1691/194/100
f 1694/532/101 1696/565/102 1695/170/102 1693/217/101
f 1696/565/102 1698/598/102 1697/599/102 1695/170/102
f 1698/598/102 1688/632/102 1687/3/102 1697/599/102
f 1700/432/115 1702/665/102 1701/666/102 1699/101/115
f 1702/665/102 1704/465/102 1703/466/102 1701/666/102
f 1704/465/102 1706/635/115 1705/636/115 1703/466/102
f 1706/635/115 1708/499/115 1707/194/115 1705/636/115
f 1708/499/115 1710/667/102 1709/668/102 1707/194/115
f 1710/667/102 1712/532/102 1711/217/102 1709/668/102
f 1712/532/102 1714/669/115 1713/670/115 1711/217/102
f 1714/669/115 1716/565/100 1715/170/100 1713/670/115
f 1716/565/100 1718/641/101 1717/642/101 1715/170/100
f 1718/641/101 1720/598/102 1719/599/102 1717/642/101
f 1720/598/102 1722/671/115 1721/672/115 1719/599/102
f 1722/671/115 1700/632/115 1699/3/115 1721/672/115
f 1724/432/104 1726/633/104 1725/634/104 1723/101/104
f 1726/633/104 1728/635/105 1727/636/105 1725/634/104
f 1728/635/105 1730/637/105 1729/638/105 1727/636/105
f 1730/637/105 1732/532/106 1731/217/106 1729/638/105
f 1732/532/106 1734/639/107 1733/640/107 1731/217/106
f 1734/639/107 1736/641/108 1735/642/108 1733/640/107
f 1736/641/108 1738/643/109 1737/644/109 1735/642/108
f 1738/643/109 1724/632/104 1723/3/104 1737/644/109
f 1740/432/110 1742/499/111 1741/194/111 1739/101/110
f 1742/499/111 1744/565/112 1743/170/112 1741/194/111
f 1744/565/112 1740/632/110 1739/3/110 1743/170/112
f 1746/432/217 1748/853/218 1747/854/218 1745/101/217
f 1748/853/218 1750/855/219 1749/856/219 1747/854/218
f 1750/855/219 1752/857/220 1751/858/220 1749/856/219
f 1752/857/220 1754/859/221 1753/860/221 1751/858/220
f 1754/859/221 1756/861/222 1755/862/222 1753/860/221
f 1756/861/222 1758/863/223 1757/864/223 1755/862/222
f 1758/863/223 1760/865/224 1759/866/224 1757/864/223
f 1760/865/224 1762/867/225 1761/868/225 1759/866/224
f 1762/867/225 1764/869/226 1763/870/226 1761/868/225
f 1764/869/226 1766/871/227 1765/872/227 1763/870/226
f 1766/871/227 1768/873/228 1767/874/228 1765/872/227
f 1768/873/228 1770/875/229 1769/876/229 1767/874/228
f 1770/875/229 1772/877/230 1771/878/230 1769/876/229
f 1772/877/230 1774/879/231 1773/880/231 1771/878/230
f 1774/879/231 1776/881/232 1775/882/232 1773/880/231
f 1776/881/232 1778/883/233 1777/884/233 1775/882/232
f 1778/883/233 1780/885/234 1779/886/234 1777/884/233
f 1780/885/234 1782/887/235 1781/888/235 1779/886/234
f 1782/887/235 1784/889/236 1783/890/236 1781/888/235
f 1784/889/236 1786/891/237 1785/892/237 1783/890/236
f 1786/891/237 1788/893/238 1787/894/238 1785/892/237
f 1788/893/238 1790/895/239 1789/896/239 1787/894/238
f 1790/895/239 1792/897/240 1791/898/240 1789/896/239
f 1792/897/240 1794/899/241 1793/900/241 1791/898/240
f 1794/899/241 1796/901/242 1795/902/242 1793/900/241
f 1796/901/242 1798/903/243 1797/904/243 1795/902/242
f 1798/903/243 1800/905/244 1799/906/244 1797/904/243
f 1800/905/244 1802/907/245 1801/908/245 1799/906/244
f 1802/907/245 1804/909/246 1803/910/246 1801/908/245
f 1804/909/246 1806/911/247 1805/912/247 1803/910/246
f 1806/911/247 1808/913/248 1807/914/248 1805/912/247
f 1808/913/248 1810/915/249 1809/916/249 1807/914/248
f 1810/915/249 1812/917/250 1811/918/250 1809/916/249
f 1812/917/250 1814/919/251 1813/920/251 1811/918/250
f 1814/919/251 1816/921/252 1815/922/252 1813/920/251
f 1816/921/252 1818/923/253 1817/924/253 1815/922/252
f 1818/923/253 1820/925/254 1819/926/254 1817/924/253
f 1820/925/254 1822/927/255 1821/928/255 1819/926/254
f 1822/927/255 1824/929/256 1823/930/256 1821/928/255
f 1824/929/256 1826/931/257 1825/932/257 1823/930/256
f 1826/931/257 1828/933/258 1827/934/258 1825/932/257
f 1828/933/258 1830/935/259 1829/936/259 1827/934/258
f 1830/935/259 1832/937/260 1831/938/260 1829/936/259
f 1832/937/260 1834/939/261 1833/940/261 1831/938/260
f 1834/939/261 1836/941/262 1835/942/262 1833/940/261
f 1836/941/262 1838/943/263 1837/944/263 1835/942/262
f 1838/943/263 1840/945/264 1839/946/264 1837/944/263
f 1840/945/264 1842/947/265 1841/948/265 1839/946/264
f 1842/947/265 1844/949/266 1843/950/266 1841/948/265
f 1844/949/266 1846/951/267 1845/952/267 1843/950/266
f 1846/951/267 1848/953/268 1847/954/268 1845/952/267
f 1848/953/268 1850/955/269 1849/956/269 1847/954/268
f 1850/955/269 1852/957/270 1851/958/270 1849/956/269
f 1852/957/270 1854/959/271 1853/960/271 1851/958/270
f 1854/959/271 1856/961/272 1855/962/272 1853/960/271
f 1856/961/272 1858/963/273 1857/964/273 1855/962/272
f 1858/963/273 1860/965/274 1859/966/274 1857/964/273
f 1860/965/274 1862/967/275 1861/968/275 1859/966/274
f 1862/967/275 1864/969/276 1863/970/276 1861/968/275
f 1864/969/276 1866/971/277 1865/972/277 1863/970/276
f 1866/971/277 1868/973/278 1867/974/278 1865/972/277
f 1868/973/278 1870/975/115 1869/976/115 1867/974/278
f 1870/975/115 1872/977/115 1871/978/115 1869/976/115
f 1872/977/115 1874/979/100 1873/980/100 1871/978/115
f 1874/979/100 1876/981/101 1875/982/101 1873/980/100
f 1876/981/101 1878/983/279 1877/984/279 1875/982/101
f 1878/983/279 1746/632/217 1745/3/217 1877/984/279
f 1880/432/280 1882/985/281 1881/986/281 1879/101/280
f 1882/985/281 1884/987/282 1883/988/282 1881/986/281
f 1884/987/282 1886/989/283 1885/990/283 1883/988/282
f 1886/989/283 1888/991/284 1887/992/284 1885/990/283
f 1888/991/284 1890/993/285 1889/994/285 1887/992/284
f 1890/993/285 1892/995/286 1891/996/286 1889/994/285
f 1892/995/286 1894/997/287 1893/998/287 1891/996/286
f 1894/997/287 1896/999/288 1895/1000/288 1893/998/287
f 1896/999/288 1898/499/289 1897/194/289 1895/1000/288
f 1898/499/289 1900/1001/290 1899/1002/290 1897/194/289
f 1900/1001/290 1902/1003/291 1901/1004/291 1899/1002/290
f 1902/1003/291 1904/1005/292 1903/1006/292 1901/1004/291
f 1904/1005/292 1906/1007/293 1905/1008/293 1903/1006/292
f 1906/1007/293 1908/1009/294 1907/1010/294 1905/1008/293
f 1908/1009/294 1910/1011/295 1909/1012/295 1907/1010/294
f 1910/1011/295 1912/1013/296 1911/1014/296 1909/1012/295
f 1912/1013/296 1914/1015/297 1913/1016/297 1911/1014/296
f 1914/1015/297 1916/565/298 1915/170/298 1913/1016/297
f 1916/565/298 1918/1017/299 1917/1018/299 1915/170/298
f 1918/1017/299 1920/1019/300 1919/1020/300 1917/1018/299
f 1920/1019/300 1922/1021/301 1921/1022/301 1919/1020/300
f 1922/1021/301 1924/1023/302 1923/1024/302 1921/1022/301
f 1924/1023/302 1926/1025/303 1925/1026/303 1923/1024/302
f 1926/1025/303 1928/1027/304 1927/1028/304 1925/1026/303
f 1928/1027/304 1930/1029/115 1929/1030/115 1927/1028/304
f 1930/1029/115 1932/1031/102 1931/1032/102 1929/1030/115
f 1932/1031/102 1880/632/280 1879/3/280 1931/1032/102
f 1934/432/305 1936/1033/306 1935/1034/306 1933/101/305
f 1936/1033/306 1938/1035/307 1937/1036/307 1935/1034/306
f 1938/1035/307 1940/1037/308 1939/1038/308 1937/1036/307
f 1940/1037/308 1942/1039/309 1941/1040/309 1939/1038/308
f 1942/1039/309 1944/1041/310 1943/1042/310 1941/1040/309
f 1944/1041/310 1946/1043/311 1945/1044/311 1943/1042/310
f 1946/1043/311 1948/1045/312 1947/1046/312 1945/1044/311
f 1948/1045/312 1950/1047/313 1949/1048/313 1947/1046/312
f 1950/1047/313 1952/1049/314 1951/1050/314 1949/1048/313
f 1952/1049/314 1954/1051/315 1953/1052/315 1951/1050/314
f 1954/1051/315 1956/1053/316 1955/1054/316 1953/1052/315
f 1956/1053/316 1958/1055/317 1957/1056/317 1955/1054/316
f 1958/1055/317 1960/1057/318 1959/1058/318 1957/1056/317
f 1960/1057/318 1962/1059/319 1961/1060/319 1959/1058/318
f 1962/1059/319 1964/1061/320 1963/1062/320 1961/1060/319
f 1964/1061/320 1966/1063/321 1965/1064/321 1963/1062/320
f 1966/1063/321 1968/1065/322 1967/1066/322 1965/1064/321
f 1968/1065/322 1970/1067/323 1969/1068/323 1967/1066/322
f 1970/1067/323 1972/1069/324 1971/1070/324 1969/1068/323
f 1972/1069/324 1974/1071/325 1973/1072/325 1971/1070/324
f 1974/1071/325 1976/1073/326 1975/1074/326 1973/1072/325
f 1976/1073/326 1978/1075/327 1977/1076/327 1975/1074/326
f 1978/1075/327 1980/1077/328 1979/1078/328 1977/1076/327
f 1980/1077/328 1982/1079/329 1981/1080/329 1979/1078/328
f 1982/1079/329 1984/1081/330 1983/1082/330 1981/1080/329
f 1984/1081/330 1986/1083/331 1985/1084/331 1983/1082/330
f 1986/1083/331 1988/1085/332 1987/1086/332 1985/1084/331
f 1988/1085/332 1990/1087/333 1989/1088/333 1987/1086/332
f 1990/1087/333 1992/1089/334 1991/1090/334 1989/1088/333
f 1992/1089/334 1994/1091/335 1993/1092/335 1991/1090/334
f 1994/1091/335 1996/1093/336 1995/1094/336 1993/1092/335
f 1996/1093/336 1998/1095/337 1997/1096/337 1995/1094/336
f 1998/1095/337 2000/1097/338 1999/1098/338 1997/1096/337
f 2000/1097/338 2002/1099/339 2001/1100/339 1999/1098/338
f 2002/1099/339 2004/1101/340 2003/1102/340 2001/1100/339
f 2004/1101/340 2006/1103/341 2005/1104/341 2003/1102/340
f 2006/1103/341 2008/532/342 2007/217/342 2005/1104/341
f 2008/532/342 2010/1105/343 2009/1106/343 2007/217/342
f 2010/1105/343 2012/1107/344 2011/1108/344 2009/1106/343
f 2012/1107/344 2014/1109/345 2013/1110/345 2011/1108/344
f 2014/1109/345 2016/1111/346 2015/1112/346 2013/1110/345
f 2016/1111/346 2018/1113/347 2017/1114/347 2015/1112/346
f 2018/1113/347 2020/1115/348 2019/1116/348 2017/1114/347
f 2020/1115/348 2022/1117/349 2021/1118/349 2019/1116/348
f 2022/1117/349 2024/1119/350 2023/1120/350 2021/1118/349
f 2024/1119/350 2026/1121/351 2025/1122/351 2023/1120/350
f 2026/1121/351 2028/1123/352 2027/1124/352 2025/1122/351
f 2028/1123/352 2030/1125/353 2029/1126/353 2027/1124/352
f 2030/1125/353 2032/1127/354 2031/1128/354 2029/1126/353
f 2032/1127/354 2034/1129/355 2033/1130/355 2031/1128/354
f 2034/1129/355 2036/1131/356 2035/1132/356 2033/1130/355
f 2036/1131/356 2038/1133/357 2037/1134/357 2035/1132/356
f 2038/1133/357 2040/1135/358 2039/1136/358 2037/1134/357
f 2040/1135/358 2042/1137/359 2041/1138/359 2039/1136/358
f 2042/1137/359 2044/1139/360 2043/1140/360 2041/1138/359
f 2044/1139/360 2046/1141/361 2045/1142/361 2043/1140/360
f 2046/1141/361 2048/1143/362 2047/1144/362 2045/1142/361
f 2048/1143/362 2050/1145/363 2049/1146/363 2047/1144/362
f 2050/1145/363 2052/1147/364 2051/1148/364 2049/1146/363
f 2052/1147/364 2054/1149/365 2053/1150/365 2051/1148/364
f 2054/1149/365 2056/1151/366 2055/1152/366 2053/1150/365
f 2056/1151/366 2058/1153/367 2057/1154/367 2055/1152/366
f 2058/1153/367 2060/1155/368 2059/1156/368 2057/1154/367
f 2060/1155/368 2062/1157/369 2061/1158/369 2059/1156/368
f 2062/1157/369 2064/1159/370 2063/1160/370 2061/1158/369
f 2064/1159/370 2066/1161/371 2065/1162/371 2063/1160/370
f 2066/1161/371 2068/1163/372 2067/1164/372 2065/1162/371
f 2068/1163/372 2070/1165/373 2069/1166/373 2067/1164/372
f 2070/1165/373 2072/1167/374 2071/1168/374 2069/1166/373
f 2072/1167/374 2074/1169/375 2073/1170/375 2071/1168/374
f 2074/1169/375 2076/1171/376 2075/1172/376 2073/1170/375
f 2076/1171/376 2078/1173/377 2077/1174/377 2075/1172/376
f 2078/1173/377 2080/1175/378 2079/1176/378 2077/1174/377
f 2080/1175/378 1934/632/305 1933/3/305 2079/1176/378
f 2082/432/379 2084/1177/380 2083/1178/380 2081/101/379
f 2084/1177/380 2086/1179/381 2085/1180/381 2083/1178/380
f 2086/1179/381 2088/1181/382 2087/1182/382 2085/1180/381
f 2088/1181/382 2090/665/383 2089/666/383 2087/1182/382
f 2090/665/383 2092/1183/384 2091/1184/384 2089/666/383
f 2092/1183/384 2094/633/385 2093/634/385 2091/1184/384
f 2094/633/385 2096/1185/386 2095/1186/386 2093/634/385
f 2096/1185/386 2098/465/387 2097/466/387 2095/1186/386
f 2098/465/387 2100/1187/388 2099/1188/388 2097/466/387
f 2100/1187/388 2102/1189/389 2101/1190/389 2099/1188/388
f 2102/1189/389 2104/1191/341 2103/1192/341 2101/1190/389
f 2104/1191/341 2106/635/390 2105/636/390 2103/1192/341
f 2106/635/390 2108/1193/391 2107/1194/391 2105/636/390
f 2108/1193/391 2110/1195/392 2109/1196/392 2107/1194/391
f 2110/1195/392 2112/1197/393 2111/1198/393 2109/1196/392
f 2112/1197/393 2114/499/394 2113/194/394 2111/1198/393
f 2114/499/394 2116/1199/395 2115/1200/395 2113/194/394
f 2116/1199/395 2118/637/396 2117/638/396 2115/1200/395
f 2118/637/396 2120/1201/397 2119/1202/397 2117/638/396
f 2120/1201/397 2122/667/398 2121/668/398 2119/1202/397
f 2122/667/398 2124/1203/399 2123/1204/399 2121/668/398
f 2124/1203/399 2126/1205/400 2125/1206/400 2123/1204/399
f 2126/1205/400 2128/1207/401 2127/1208/401 2125/1206/400
f 2128/1207/401 2130/532/402 2129/217/402 2127/1208/401
f 2130/532/402 2132/1209/403 2131/1210/403 2129/217/402
f 2132/1209/403 2134/1211/404 2133/1212/404 2131/1210/403
f 2134/1211/404 2136/1213/405 2135/1214/405 2133/1212/404
f 2136/1213/405 2138/669/406 2137/670/406 2135/1214/405
f 2138/669/406 2140/1215/407 2139/1216/407 2137/670/406
f 2140/1215/407 2142/639/408 2141/640/408 2139/1216/407
f 2142/639/408 2144/1217/409 2143/1218/409 2141/640/408
f 2144/1217/409 2146/565/410 2145/170/410 2143/1218/409
f 2146/565/410 2148/1219/411 2147/1220/411 2145/170/410
f 2148/1219/411 2150/1221/412 2149/1222/412 2147/1220/411
f 2150/1221/412 2152/1223/378 2151/1224/378 2149/1222/412
f 2152/1223/378 2154/641/413 2153/642/413 2151/1224/378
f 2154/641/413 2156/1225/414 2155/1226/414 2153/642/413
f 2156/1225/414 2158/1227/415 2157/1228/415 2155/1226/414
f 2158/1227/415 2160/1229/416 2159/1230/416 2157/1228/415
f 2160/1229/416 2162/598/417 2161/599/417 2159/1230/416
f 2162/598/417 2164/1231/418 2163/1232/418 2161/599/417
f 2164/1231/418 2166/643/419 2165/644/419 2163/1232/418
f 2166/643/419 2168/1233/420 2167/1234/420 2165/644/419
f 2168/1233/420 2170/671/421 2169/672/421 2167/1234/420
f 2170/671/421 2172/1235/422 2171/1236/422 2169/672/421
f 2172/1235/422 2174/1237/423 2173/1238/423 2171/1236/422
f 2174/1237/423 2176/1239/424 2175/1240/424 2173/1238/423
f 2176/1239/424 2082/632/379 2081/3/379 2175/1240/424
f 2178/432/305 2180/1033/306 2179/1034/306 2177/101/305
f 2180/1033/306 2182/1035/307 2181/1036/307 2179/1034/306
f 2182/1035/307 2184/1037/308 2183/1038/308 2181/1036/307
f 2184/1037/308 2186/1039/309 2185/1040/309 2183/1038/308
f 2186/1039/309 2188/1041/310 2187/1042/310 2185/1040/309
f 2188/1041/310 2190/1043/311 2189/1044/311 2187/1042/310
f 2190/1043/311 2192/1045/312 2191/1046/312 2189/1044/311
f 2192/1045/312 2194/1047/313 2193/1048/313 2191/1046/312
f 2194/1047/313 2196/1049/314 2195/1050/314 2193/1048/313
f 2196/1049/314 2198/1051/315 2197/1052/315 2195/1050/314
f 2198/1051/315 2200/1053/316 2199/1054/316 2197/1052/315
f 2200/1053/316 2202/1055/317 2201/1056/317 2199/1054/316
f 2202/1055/317 2204/1057/318 2203/1058/318 2201/1056/317
f 2204/1057/318 2206/1059/319 2205/1060/319 2203/1058/318
f 2206/1059/319 2208/1061/320 2207/1062/320 2205/1060/319
f 2208/1061/320 2210/1063/321 2209/1064/321 2207/1062/320
f 2210/1063/321 2212/1065/322 2211/1066/322 2209/1064/321
f 2212/1065/322 2214/1067/323 2213/1068/323 2211/1066/322
f 2214/1067/323 2216/1069/324 2215/1070/324 2213/1068/323
f 2216/1069/324 2218/1071/325 2217/1072/325 2215/1070/324
f 2218/1071/325 2220/1073/425 2219/1074/425 2217/1072/325
f 2220/1073/425 2222/1075/327 2221/1076/327 2219/1074/425
f 2222/1075/327 2224/1077/328 2223/1078/328 2221/1076/327
f 2224/1077/328 2226/1079/329 2225/1080/329 2223/1078/328
f 2226/1079/329 2228/1081/330 2227/1082/330 2225/1080/329
f 2228/1081/330 2230/1083/331 2229/1084/331 2227/1082/330
f 2230/1083/331 2232/1085/332 2231/1086/332 2229/1084/331
f 2232/1085/332 2234/1087/333 2233/1088/333 2231/1086/332
f 2234/1087/333 2236/1089/334 2235/1090/334 2233/1088/333
f 2236/1089/334 2238/1091/335 2237/1092/335 2235/1090/334
f 2238/1091/335 2240/1093/336 2239/1094/336 2237/1092/335
f 2240/1093/336 2242/1095/337 2241/1096/337 2239/1094/336
f 2242/1095/337 2244/1097/338 2243/1098/338 2241/1096/337
f 2244/1097/338 2246/1099/339 2245/1100/339 2243/1098/338
f 2246/1099/339 2248/1101/340 2247/1102/340 2245/1100/339
f 2248/1101/340 2250/1103/341 2249/1104/341 2247/1102/340
f 2250/1103/341 2252/532/342 2251/217/342 2249/1104/341
f 2252/532/342 2254/1105/343 2253/1106/343 2251/217/342
f 2254/1105/343 2256/1107/344 2255/1108/344 2253/1106/343
f 2256/1107/344 2258/1109/345 2257/1110/345 2255/1108/344
f 2258/1109/345 2260/1111/346 2259/1112/346 2257/1110/345
f 2260/1111/346 2262/1113/347 2261/1114/347 2259/1112/346
f 2262/1113/347 2264/1115/348 2263/1116/348 2261/1114/347
f 2264/1115/348 2266/1117/349 2265/1118/349 2263/1116/348
f 2266/1117/349 2268/1119/350 2267/1120/350 2265/1118/349
f 2268/1119/350 2270/1121/426 2269/1122/426 2267/1120/350
f 2270/1121/426 2272/1123/427 2271/1124/427 2269/1122/426
f 2272/1123/427 2274/1125/428 2273/1126/428 2271/1124/427
f 2274/1125/428 2276/1127/429 2275/1128/429 2273/1126/428
f 2276/1127/429 2278/1129/355 2277/1130/355 2275/1128/429
f 2278/1129/355 2280/1131/356 2279/1132/356 2277/1130/355
f 2280/1131/356 2282/1133/357 2281/1134/357 2279/1132/356
f 2282/1133/357 2284/1135/358 2283/1136/358 2281/1134/357
f 2284/1135/358 2286/1137/359 2285/1138/359 2283/1136/358
f 2286/1137/359 2288/1139/360 2287/1140/360 2285/1138/359
f 2288/1139/360 2290/1141/361 2289/1142/361 2287/1140/360
f 2290/1141/361 2292/1143/362 2291/1144/362 2289/1142/361
f 2292/1143/362 2294/1145/363 2293/1146/363 2291/1144/362
f 2294/1145/363 2296/1147/364 2295/1148/364 2293/1146/363
f 2296/1147/364 2298/1149/365 2297/1150/365 2295/1148/364
f 2298/1149/365 2300/1151/366 2299/1152/366 2297/1150/365
f 2300/1151/366 2302/1153/367 2301/1154/367 2299/1152/366
f 2302/1153/367 2304/1155/368 2303/1156/368 2301/1154/367
f 2304/1155/368 2306/1157/369 2305/1158/369 2303/1156/368
f 2306/1157/369 2308/1159/370 2307/1160/370 2305/1158/369
f 2308/1159/370 2310/1161/371 2309/1162/371 2307/1160/370
f 2310/1161/371 2312/1163/372 2311/1164/372 2309/1162/371
f 2312/1163/372 2314/1165/373 2313/1166/373 2311/1164/372
f 2314/1165/373 2316/1167/374 2315/1168/374 2313/1166/373
f 2316/1167/374 2318/1169/375 2317/1170/375 2315/1168/374
f 2318/1169/375 2320/1171/376 2319/1172/376 2317/1170/375
f 2320/1171/376 2322/1173/377 2321/1174/377 2319/1172/376
f 2322/1173/377 2324/1175/378 2323/1176/378 2321/1174/377
f 2324/1175/378 2178/632/305 2177/3/305 2323/1176/378
f 2326/432/379 2328/1177/380 2327/1178/380 2325/101/379
f 2328/1177/380 2330/1179/381 2329/1180/381 2327/1178/380
f 2330/1179/381 2332/1181/382 2331/1182/382 2329/1180/381
f 2332/1181/382 2334/665/383 2333/666/383 2331/1182/382
f 2334/665/383 2336/1183/384 2335/1184/384 2333/666/383
f 2336/1183/384 2338/633/385 2337/634/385 2335/1184/384
f 2338/633/385 2340/1185/386 2339/1186/386 2337/634/385
f 2340/1185/386 2342/465/387 2341/466/387 2339/1186/386
f 2342/465/387 2344/1187/388 2343/1188/388 2341/466/387
f 2344/1187/388 2346/1189/389 2345/1190/389 2343/1188/388
f 2346/1189/389 2348/1191/341 2347/1192/341 2345/1190/389
f 2348/1191/341 2350/635/390 2349/636/390 2347/1192/341
f 2350/635/390 2352/1193/391 2351/1194/391 2349/636/390
f 2352/1193/391 2354/1195/392 2353/1196/392 2351/1194/391
f 2354/1195/392 2356/1197/393 2355/1198/393 2353/1196/392
f 2356/1197/393 2358/499/394 2357/194/394 2355/1198/393
f 2358/499/394 2360/1199/395 2359/1200/395 2357/194/394
f 2360/1199/395 2362/637/396 2361/638/396 2359/1200/395
f 2362/637/396 2364/1201/397 2363/1202/397 2361/638/396
f 2364/1201/397 2366/667/398 2365/668/398 2363/1202/397
f 2366/667/398 2368/1203/399 2367/1204/399 2365/668/398
f 2368/1203/399 2370/1205/400 2369/1206/400 2367/1204/399
f 2370/1205/400 2372/1207/401 2371/1208/401 2369/1206/400
f 2372/1207/401 2374/532/402 2373/217/402 2371/1208/401
f 2374/532/402 2376/1209/403 2375/1210/403 2373/217/402
f 2376/1209/403 2378/1211/404 2377/1212/404 2375/1210/403
f 2378/1211/404 2380/1213/405 2379/1214/405 2377/1212/404
f 2380/1213/405 2382/669/406 2381/670/406 2379/1214/405
f 2382/669/406 2384/1215/407 2383/1216/407 2381/670/406
f 2384/1215/407 2386/639/408 2385/640/408 2383/1216/407
f 2386/639/408 2388/1217/409 2387/1218/409 2385/640/408
f 2388/1217/409 2390/565/410 2389/170/410 2387/1218/409
f 2390/565/410 2392/1219/411 2391/1220/411 2389/170/410
f 2392/1219/411 2394/1221/412 2393/1222/412 2391/1220/411
f 2394/1221/412 2396/1223/378 2395/1224/378 2393/1222/412
f 2396/1223/378 2398/641/413 2397/642/413 2395/1224/378
f 2398/641/413 2400/1225/414 2399/1226/414 2397/642/413
f 2400/1225/414 2402/1227/415 2401/1228/415 2399/1226/414
f 2402/1227/415 2404/1229/416 2403/1230/416 2401/1228/415
f 2404/1229/416 2406/598/417 2405/599/417 2403/1230/416
f 2406/598/417 2408/1231/418 2407/1232/418 2405/599/417
f 2408/1231/418 2410/643/419 2409/644/419 2407/1232/418
f 2410/643/419 2412/1233/420 2411/1234/420 2409/644/419
f 2412/1233/420 2414/671/421 2413/672/421 2411/1234/420
f 2414/671/421 2416/1235/422 2415/1236/422 2413/672/421
f 2416/1235/422 2418/1237/423 2417/1238/423 2415/1236/422
f 2418/1237/423 2420/1239/424 2419/1240/424 2417/1238/423
f 2420/1239/424 2326/632/379 2325/3/379 2419/1240/424
