# Blender 4.4.1
# www.blender.org
mtllib ruleFont.mtl
o テキスト.007
v -4.914470 0.349888 0.022069
v -5.485608 0.349888 0.022069
v -5.485608 0.957675 0.022069
v -4.914470 0.957675 0.022069
v -4.914470 1.748716 0.022069
v -4.914470 1.165362 0.022069
v -5.485608 1.165362 0.022069
v -5.485608 1.748716 0.022069
v -5.699402 0.136093 0.022069
v -4.914470 0.136093 0.022069
v -4.914470 -0.151003 0.022069
v -4.697621 -0.151003 0.022069
v -4.697621 1.959457 0.022069
v -5.699402 1.959457 0.022069
v -6.206401 1.272259 0.022069
v -7.061581 1.272259 0.022069
v -7.061581 1.800638 0.022069
v -6.206401 1.800638 0.022069
v -7.287592 -0.361744 0.022069
v -7.286873 -0.396187 0.022069
v -7.284650 -0.427820 0.022069
v -7.280815 -0.456758 0.022069
v -7.275261 -0.483121 0.022069
v -7.267884 -0.507022 0.022069
v -7.258577 -0.528580 0.022069
v -7.247233 -0.547911 0.022069
v -7.233747 -0.565132 0.022069
v -7.218013 -0.580359 0.022069
v -7.199925 -0.593708 0.022069
v -7.179376 -0.605298 0.022069
v -7.156261 -0.615243 0.022069
v -7.129707 -0.623783 0.022069
v -7.100353 -0.631136 0.022069
v -7.068072 -0.637386 0.022069
v -7.032736 -0.642618 0.022069
v -6.994219 -0.646916 0.022069
v -6.952393 -0.650366 0.022069
v -6.907131 -0.653053 0.022069
v -6.858306 -0.655061 0.022069
v -6.805790 -0.656475 0.022069
v -6.749457 -0.657380 0.022069
v -6.689179 -0.657861 0.022069
v -6.624828 -0.658002 0.022069
v -6.621922 -0.641306 0.022069
v -6.617871 -0.623444 0.022069
v -6.612802 -0.604649 0.022069
v -6.606842 -0.585153 0.022069
v -6.600119 -0.565191 0.022069
v -6.592759 -0.544996 0.022069
v -6.584890 -0.524801 0.022069
v -6.576640 -0.504839 0.022069
v -6.568135 -0.485344 0.022069
v -6.559502 -0.466548 0.022069
v -6.550869 -0.448686 0.022069
v -6.542365 -0.431990 0.022069
v -6.591791 -0.434033 0.022069
v -6.640496 -0.435610 0.022069
v -6.688012 -0.436762 0.022069
v -6.733875 -0.437533 0.022069
v -6.777617 -0.437963 0.022069
v -6.818771 -0.438099 0.022069
v -6.856871 -0.437978 0.022069
v -6.891450 -0.437646 0.022069
v -6.922041 -0.437144 0.022069
v -6.948179 -0.436515 0.022069
v -6.969396 -0.435802 0.022069
v -6.985225 -0.435045 0.022069
v -6.998276 -0.434652 0.022069
v -7.009970 -0.433433 0.022069
v -7.020349 -0.431322 0.022069
v -7.029455 -0.428257 0.022069
v -7.037331 -0.424174 0.022069
v -7.044019 -0.419010 0.022069
v -7.049562 -0.412700 0.022069
v -7.054002 -0.405181 0.022069
v -7.057381 -0.396390 0.022069
v -7.059743 -0.386262 0.022069
v -7.061129 -0.374734 0.022069
v -7.061581 -0.361744 0.022069
v -7.061581 0.316291 0.022069
v -6.157534 0.316291 0.022069
v -6.138127 0.225362 0.022069
v -6.114775 0.134551 0.022069
v -6.087096 0.044229 0.022069
v -6.054708 -0.045237 0.022069
v -6.017231 -0.133471 0.022069
v -5.974281 -0.220105 0.022069
v -5.925477 -0.304766 0.022069
v -5.870438 -0.387082 0.022069
v -5.808781 -0.466684 0.022069
v -5.740125 -0.543200 0.022069
v -5.664088 -0.616260 0.022069
v -5.580288 -0.685490 0.022069
v -5.570858 -0.672741 0.022069
v -5.559573 -0.659091 0.022069
v -5.546739 -0.644783 0.022069
v -5.532665 -0.630062 0.022069
v -5.517657 -0.615170 0.022069
v -5.502024 -0.600354 0.022069
v -5.486072 -0.585854 0.022069
v -5.470110 -0.571918 0.022069
v -5.454445 -0.558788 0.022069
v -5.439384 -0.546707 0.022069
v -5.425236 -0.535920 0.022069
v -5.412306 -0.526671 0.022069
v -5.532615 -0.424399 0.022069
v -5.634895 -0.315266 0.022069
v -5.720590 -0.200300 0.022069
v -5.791141 -0.080530 0.022069
v -5.847991 0.043016 0.022069
v -5.892581 0.169307 0.022069
v -5.926353 0.297318 0.022069
v -5.950752 0.426017 0.022069
v -5.967218 0.554378 0.022069
v -5.977194 0.681369 0.022069
v -5.982121 0.805965 0.022069
v -5.983444 0.927133 0.022069
v -5.983444 2.014433 0.022069
v -7.287592 2.014433 0.022069
v -6.206401 0.924079 0.022069
v -6.206333 0.892526 0.022069
v -6.206105 0.860506 0.022069
v -6.205687 0.828062 0.022069
v -6.205045 0.795238 0.022069
v -6.204149 0.762073 0.022069
v -6.202966 0.728609 0.022069
v -6.201465 0.694893 0.022069
v -6.199615 0.660964 0.022069
v -6.197382 0.626866 0.022069
v -6.194736 0.592641 0.022069
v -6.191645 0.558330 0.022069
v -6.188076 0.523978 0.022069
v -7.061581 0.523978 0.022069
v -7.061581 1.064573 0.022069
v -6.206401 1.064573 0.022069
v -2.062698 2.126665 0.022069
v -2.085012 2.094012 0.022069
v -2.107221 2.060341 0.022069
v -2.129143 2.025971 0.022069
v -2.150598 1.991218 0.022069
v -2.171407 1.956403 0.022069
v -2.191388 1.921842 0.022069
v -2.210362 1.887853 0.022069
v -2.228148 1.854755 0.022069
v -2.244566 1.822866 0.022069
v -2.259436 1.792504 0.022069
v -2.272577 1.763988 0.022069
v -2.086271 1.657090 0.022069
v -2.074478 1.685907 0.022069
v -2.060649 1.717100 0.022069
v -2.045038 1.750244 0.022069
v -2.027901 1.784914 0.022069
v -2.009491 1.820688 0.022069
v -1.990062 1.857141 0.022069
v -1.969871 1.893848 0.022069
v -1.949170 1.930387 0.022069
v -1.928215 1.966329 0.022069
v -1.907260 2.001254 0.022069
v -1.886559 2.034738 0.022069
v -1.866367 2.066354 0.022069
v -2.040457 2.157981 0.022069
v -3.940176 0.728610 0.022069
v -3.940176 1.324182 0.022069
v -2.996425 1.324182 0.022069
v -2.996425 0.728610 0.022069
v -2.526077 1.040140 0.022069
v -1.649518 1.040140 0.022069
v -1.649518 1.223393 0.022069
v -2.526077 1.223393 0.022069
v -2.526077 0.640037 0.022069
v -1.649518 0.640037 0.022069
v -1.649518 0.820236 0.022069
v -2.526077 0.820236 0.022069
v -2.629920 1.437187 0.022069
v -1.524296 1.437187 0.022069
v -1.524296 1.626548 0.022069
v -2.629920 1.626548 0.022069
v -3.104192 1.565515 0.022069
v -3.090173 1.605070 0.022069
v -3.073735 1.647021 0.022069
v -3.055134 1.690913 0.022069
v -3.034624 1.736289 0.022069
v -3.012460 1.782694 0.022069
v -2.988896 1.829672 0.022069
v -2.964187 1.876767 0.022069
v -2.938586 1.923522 0.022069
v -2.912350 1.969482 0.022069
v -2.885731 2.014191 0.022069
v -2.858986 2.057192 0.022069
v -3.045293 2.136600 0.022069
v -3.072922 2.095124 0.022069
v -3.100636 2.051918 0.022069
v -3.128138 2.007418 0.022069
v -3.155131 1.962059 0.022069
v -3.181318 1.916276 0.022069
v -3.206402 1.870503 0.022069
v -3.230087 1.825176 0.022069
v -3.252074 1.780729 0.022069
v -3.272068 1.737597 0.022069
v -3.289771 1.696215 0.022069
v -3.304887 1.657017 0.022069
v -3.317117 1.620439 0.022069
v -3.121648 1.528813 0.022069
v -3.646972 1.528813 0.022069
v -3.669458 1.574026 0.022069
v -3.692474 1.622251 0.022069
v -3.715787 1.672935 0.022069
v -3.739164 1.725528 0.022069
v -3.762371 1.779478 0.022069
v -3.785175 1.834235 0.022069
v -3.807343 1.889246 0.022069
v -3.828641 1.943960 0.022069
v -3.848836 1.997827 0.022069
v -3.867696 2.050291 0.022069
v -3.884985 2.100806 0.022069
v -3.900472 2.148818 0.022069
v -4.123429 2.069409 0.022069
v -4.104737 2.023950 0.022069
v -4.085378 1.977824 0.022069
v -4.065447 1.931253 0.022069
v -4.045038 1.884459 0.022069
v -4.024247 1.837665 0.022069
v -4.003170 1.791093 0.022069
v -3.981901 1.744967 0.022069
v -3.960538 1.699510 0.022069
v -3.939175 1.654943 0.022069
v -3.917907 1.611489 0.022069
v -3.896830 1.569372 0.022069
v -3.876039 1.528813 0.022069
v -4.160080 1.528813 0.022069
v -4.160080 0.527032 0.022069
v -3.784412 0.527032 0.022069
v -3.784412 -0.328147 0.022069
v -3.784686 -0.346632 0.022069
v -3.785586 -0.362508 0.022069
v -3.787228 -0.375965 0.022069
v -3.789729 -0.387196 0.022069
v -3.793205 -0.396390 0.022069
v -3.797774 -0.403740 0.022069
v -3.803552 -0.409434 0.022069
v -3.810655 -0.413666 0.022069
v -3.819201 -0.416624 0.022069
v -3.829306 -0.418501 0.022069
v -3.841086 -0.419488 0.022069
v -3.854659 -0.419774 0.022069
v -3.864341 -0.419774 0.022069
v -3.877650 -0.419774 0.022069
v -3.893887 -0.419774 0.022069
v -3.912350 -0.419774 0.022069
v -3.932340 -0.419774 0.022069
v -3.953157 -0.419774 0.022069
v -3.974102 -0.419774 0.022069
v -3.994474 -0.419774 0.022069
v -4.013574 -0.419774 0.022069
v -4.030700 -0.419774 0.022069
v -4.045155 -0.419774 0.022069
v -4.056237 -0.419774 0.022069
v -4.071216 -0.418678 0.022069
v -4.084191 -0.414824 0.022069
v -4.095321 -0.407366 0.022069
v -4.104765 -0.395453 0.022069
v -4.112681 -0.378238 0.022069
v -4.119230 -0.354872 0.022069
v -4.124569 -0.324507 0.022069
v -4.128859 -0.286293 0.022069
v -4.132257 -0.239384 0.022069
v -4.134925 -0.182931 0.022069
v -4.137020 -0.116085 0.022069
v -4.138700 -0.037997 0.022069
v -4.150360 -0.047789 0.022069
v -4.163770 -0.057284 0.022069
v -4.178643 -0.066440 0.022069
v -4.194694 -0.075214 0.022069
v -4.211635 -0.083563 0.022069
v -4.229181 -0.091446 0.022069
v -4.247045 -0.098820 0.022069
v -4.264941 -0.105642 0.022069
v -4.282582 -0.111871 0.022069
v -4.299683 -0.117463 0.022069
v -4.315956 -0.122376 0.022069
v -4.331116 -0.126570 0.022069
v -4.325723 -0.219772 0.022069
v -4.318517 -0.301310 0.022069
v -4.309211 -0.371861 0.022069
v -4.297519 -0.432104 0.022069
v -4.283155 -0.482717 0.022069
v -4.265832 -0.524381 0.022069
v -4.245264 -0.557772 0.022069
v -4.221164 -0.583569 0.022069
v -4.193247 -0.602454 0.022069
v -4.161225 -0.615102 0.022069
v -4.124814 -0.622193 0.022069
v -4.083724 -0.624406 0.022069
v -4.069809 -0.624406 0.022069
v -4.051556 -0.624406 0.022069
v -4.029846 -0.624406 0.022069
v -4.005559 -0.624406 0.022069
v -3.979576 -0.624406 0.022069
v -3.952775 -0.624406 0.022069
v -3.926039 -0.624406 0.022069
v -3.900246 -0.624406 0.022069
v -3.876277 -0.624406 0.022069
v -3.855012 -0.624406 0.022069
v -3.837332 -0.624406 0.022069
v -3.824117 -0.624406 0.022069
v -3.776082 -0.622952 0.022069
v -3.734060 -0.618382 0.022069
v -3.697701 -0.610375 0.022069
v -3.666655 -0.598615 0.022069
v -3.640573 -0.582781 0.022069
v -3.619103 -0.562558 0.022069
v -3.601896 -0.537626 0.022069
v -3.588603 -0.507667 0.022069
v -3.578873 -0.472362 0.022069
v -3.572356 -0.431396 0.022069
v -3.568703 -0.384449 0.022069
v -3.567563 -0.331201 0.022069
v -3.567563 0.527032 0.022069
v -3.317117 0.527032 0.022069
v -3.300804 0.400295 0.022069
v -3.280270 0.276940 0.022069
v -3.254602 0.157425 0.022069
v -3.222890 0.042204 0.022069
v -3.184221 -0.068265 0.022069
v -3.137683 -0.173528 0.022069
v -3.082364 -0.273127 0.022069
v -3.017353 -0.366608 0.022069
v -2.941736 -0.453513 0.022069
v -2.854603 -0.533388 0.022069
v -2.755040 -0.605775 0.022069
v -2.642137 -0.670218 0.022069
v -2.634531 -0.656763 0.022069
v -2.625579 -0.642489 0.022069
v -2.615460 -0.627603 0.022069
v -2.604355 -0.612302 0.022069
v -2.592444 -0.596789 0.022069
v -2.579907 -0.581264 0.022069
v -2.566925 -0.565932 0.022069
v -2.553678 -0.550992 0.022069
v -2.540346 -0.536645 0.022069
v -2.527109 -0.523094 0.022069
v -2.514148 -0.510539 0.022069
v -2.501643 -0.499183 0.022069
v -2.604933 -0.444344 0.022069
v -2.695487 -0.382444 0.022069
v -2.774184 -0.313926 0.022069
v -2.841905 -0.239236 0.022069
v -2.899530 -0.158819 0.022069
v -2.947940 -0.073121 0.022069
v -2.988014 0.017413 0.022069
v -3.020633 0.112338 0.022069
v -3.046677 0.211207 0.022069
v -3.067026 0.313576 0.022069
v -3.082560 0.418999 0.022069
v -3.094160 0.527032 0.022069
v -2.785685 0.527032 0.022069
v -2.785685 1.528813 0.022069
v -3.115540 1.528813 0.022069
v -2.544402 -0.477804 0.022069
v -1.841933 -0.477804 0.022069
v -1.841933 -0.624406 0.022069
v -1.646464 -0.624406 0.022069
v -1.646464 0.414026 0.022069
v -2.544402 0.414026 0.022069
v -2.342824 -0.285388 0.022069
v -2.342824 0.221611 0.022069
v -1.841933 0.221611 0.022069
v -1.841933 -0.285388 0.022069
v 0.946900 0.044643 0.022069
v 0.896845 0.179757 0.022069
v 0.843481 0.329463 0.022069
v 0.788081 0.489476 0.022069
v 0.731918 0.655514 0.022069
v 0.676263 0.823290 0.022069
v 0.622391 0.988523 0.022069
v 0.571572 1.146924 0.022069
v 0.525080 1.294212 0.022069
v 0.484187 1.426102 0.022069
v 0.450167 1.538308 0.022069
v 0.424291 1.626548 0.022069
v 0.415625 1.660314 0.022069
v 0.407903 1.691535 0.022069
v 0.401050 1.720465 0.022069
v 0.394993 1.747359 0.022069
v 0.389657 1.772471 0.022069
v 0.384968 1.796057 0.022069
v 0.380852 1.818369 0.022069
v 0.377234 1.839664 0.022069
v 0.374040 1.860195 0.022069
v 0.371196 1.880218 0.022069
v 0.368628 1.899985 0.022069
v 0.366261 1.919752 0.022069
v 0.060840 1.858668 0.022069
v 0.068541 1.839489 0.022069
v 0.076380 1.820024 0.022069
v 0.084367 1.800113 0.022069
v 0.092513 1.779598 0.022069
v 0.100829 1.758319 0.022069
v 0.109325 1.736117 0.022069
v 0.118013 1.712835 0.022069
v 0.126901 1.688312 0.022069
v 0.136002 1.662387 0.022069
v 0.145326 1.634905 0.022069
v 0.154882 1.605704 0.022069
v 0.164683 1.574626 0.022069
v 0.191070 1.489989 0.022069
v 0.225103 1.382381 0.022069
v 0.265520 1.255939 0.022069
v 0.311059 1.114799 0.022069
v 0.360458 0.963095 0.022069
v 0.412456 0.804965 0.022069
v 0.465790 0.644546 0.022069
v 0.519198 0.485970 0.022069
v 0.571418 0.333376 0.022069
v 0.621189 0.190899 0.022069
v 0.667248 0.062676 0.022069
v 0.708333 -0.047160 0.022069
v 0.593452 -0.036048 0.022069
v 0.474191 -0.024183 0.022069
v 0.351897 -0.011703 0.022069
v 0.227917 0.001255 0.022069
v 0.103597 0.014552 0.022069
v -0.019715 0.028050 0.022069
v -0.140673 0.041612 0.022069
v -0.257929 0.055100 0.022069
v -0.370138 0.068375 0.022069
v -0.475952 0.081301 0.022069
v -0.574024 0.093740 0.022069
v -0.663008 0.105551 0.022069
v -0.632171 0.165758 0.022069
v -0.600835 0.225528 0.022069
v -0.569139 0.284557 0.022069
v -0.537220 0.342536 0.022069
v -0.505216 0.399158 0.022069
v -0.473265 0.454113 0.022069
v -0.441505 0.507097 0.022069
v -0.410074 0.557801 0.022069
v -0.379110 0.605916 0.022069
v -0.348750 0.651138 0.022069
v -0.319132 0.693156 0.022069
v -0.290394 0.731664 0.022069
v -0.519460 0.835507 0.022069
v -0.575905 0.750972 0.022069
v -0.636072 0.656044 0.022069
v -0.698848 0.552802 0.022069
v -0.763119 0.443324 0.022069
v -0.827771 0.329689 0.022069
v -0.891692 0.213975 0.022069
v -0.953768 0.098262 0.022069
v -1.012885 -0.015373 0.022069
v -1.067930 -0.124851 0.022069
v -1.117789 -0.228093 0.022069
v -1.161348 -0.323022 0.022069
v -1.197495 -0.407556 0.022069
v -0.940941 -0.523617 0.022069
v -0.930637 -0.495505 0.022069
v -0.919590 -0.466195 0.022069
v -0.907822 -0.435760 0.022069
v -0.895354 -0.404276 0.022069
v -0.882208 -0.371816 0.022069
v -0.868404 -0.338455 0.022069
v -0.853964 -0.304267 0.022069
v -0.838908 -0.269325 0.022069
v -0.823259 -0.233705 0.022069
v -0.807037 -0.197481 0.022069
v -0.790263 -0.160726 0.022069
v -0.772960 -0.123515 0.022069
v -0.644531 -0.139794 0.022069
v -0.497119 -0.157790 0.022069
v -0.334776 -0.177059 0.022069
v -0.161552 -0.197156 0.022069
v 0.018502 -0.217634 0.022069
v 0.201334 -0.238048 0.022069
v 0.382893 -0.257954 0.022069
v 0.559129 -0.276905 0.022069
v 0.725990 -0.294455 0.022069
v 0.879425 -0.310161 0.022069
v 1.015383 -0.323577 0.022069
v 1.129814 -0.334256 0.022069
v 1.149150 -0.335967 0.022069
v 1.168953 -0.338017 0.022069
v 1.189180 -0.340364 0.022069
v 1.209789 -0.342966 0.022069
v 1.230737 -0.345778 0.022069
v 1.251982 -0.348762 0.022069
v 1.273482 -0.351874 0.022069
v 1.295194 -0.355069 0.022069
v 1.317075 -0.358308 0.022069
v 1.339084 -0.361546 0.022069
v 1.361177 -0.364741 0.022069
v 1.383313 -0.367852 0.022069
v 1.429127 -0.083810 0.022069
v 1.405981 -0.084450 0.022069
v 1.382422 -0.084857 0.022069
v 1.358546 -0.085051 0.022069
v 1.334446 -0.085055 0.022069
v 1.310219 -0.084888 0.022069
v 1.285960 -0.084574 0.022069
v 1.261765 -0.084132 0.022069
v 1.237729 -0.083584 0.022069
v 1.213948 -0.082951 0.022069
v 1.190516 -0.082255 0.022069
v 1.167530 -0.081516 0.022069
v 1.145085 -0.080756 0.022069
v 0.992374 -0.071594 0.022069
v 3.897191 0.887429 0.022068
v 3.786525 0.887429 0.022068
v 3.648201 0.887429 0.022068
v 3.489135 0.887429 0.022068
v 3.316240 0.887429 0.022068
v 3.136430 0.887429 0.022068
v 2.956621 0.887429 0.022068
v 2.783726 0.887429 0.022068
v 2.624659 0.887429 0.022068
v 2.486336 0.887429 0.022068
v 2.375670 0.887429 0.022068
v 2.299577 0.887429 0.022068
v 2.262290 0.887612 0.022068
v 2.226785 0.888135 0.022068
v 2.193061 0.888956 0.022069
v 2.161119 0.890030 0.022069
v 2.130959 0.891317 0.022069
v 2.102580 0.892774 0.022069
v 2.075983 0.894357 0.022069
v 2.051167 0.896026 0.022069
v 2.028134 0.897738 0.022069
v 2.006881 0.899448 0.022069
v 1.987411 0.901116 0.022069
v 1.969722 0.902700 0.022069
v 1.969722 0.603387 0.022069
v 1.986359 0.604329 0.022069
v 2.005595 0.605579 0.022069
v 2.027227 0.607062 0.022069
v 2.051054 0.608705 0.022069
v 2.076875 0.610431 0.022069
v 2.104489 0.612168 0.022069
v 2.133693 0.613841 0.022069
v 2.164286 0.615378 0.022069
v 2.196068 0.616702 0.022069
v 2.228835 0.617739 0.022069
v 2.262387 0.618416 0.022069
v 2.296523 0.618658 0.022069
v 2.373260 0.618658 0.022068
v 2.484357 0.618658 0.022068
v 2.622942 0.618658 0.022068
v 2.782142 0.618658 0.022068
v 2.955087 0.618658 0.022068
v 3.134904 0.618658 0.022068
v 3.314720 0.618658 0.022068
v 3.487665 0.618658 0.022068
v 3.646866 0.618658 0.022068
v 3.785450 0.618658 0.022068
v 3.896547 0.618658 0.022068
v 3.973284 0.618658 0.022068
v 4.015118 0.618533 0.022068
v 4.056484 0.618163 0.022068
v 4.097171 0.617560 0.022068
v 4.136968 0.616735 0.022068
v 4.175662 0.615697 0.022068
v 4.213040 0.614458 0.022068
v 4.248892 0.613029 0.022068
v 4.283004 0.611419 0.022068
v 4.315166 0.609639 0.022068
v 4.345163 0.607700 0.022068
v 4.372786 0.605613 0.022068
v 4.397820 0.603387 0.022068
v 4.397820 0.902700 0.022068
v 4.373485 0.901117 0.022068
v 4.346435 0.899448 0.022068
v 4.316883 0.897738 0.022068
v 4.285039 0.896026 0.022068
v 4.251118 0.894358 0.022068
v 4.215330 0.892774 0.022068
v 4.177888 0.891317 0.022068
v 4.139003 0.890031 0.022068
v 4.098888 0.888956 0.022068
v 4.057756 0.888136 0.022068
v 4.015817 0.887612 0.022068
v 3.973284 0.887429 0.022068
v 5.356842 1.501325 0.022068
v 5.372966 1.533066 0.022068
v 5.390650 1.566906 0.022068
v 5.409670 1.602401 0.022068
v 5.429803 1.639104 0.022068
v 5.450828 1.676571 0.022068
v 5.472520 1.714357 0.022068
v 5.494658 1.752015 0.022068
v 5.517019 1.789100 0.022068
v 5.539379 1.825167 0.022068
v 5.561517 1.859771 0.022068
v 5.583209 1.892467 0.022068
v 5.604233 1.922806 0.022068
v 5.442360 1.993053 0.022068
v 5.422559 1.964055 0.022068
v 5.401538 1.932365 0.022068
v 5.379605 1.898468 0.022068
v 5.357068 1.862853 0.022068
v 5.334234 1.826008 0.022068
v 5.311410 1.788421 0.022068
v 5.288905 1.750579 0.022068
v 5.267025 1.712971 0.022068
v 5.246079 1.676084 0.022068
v 5.226373 1.640405 0.022068
v 5.208216 1.606424 0.022068
v 5.191915 1.574626 0.022068
v 5.014770 1.626548 0.022068
v 5.032182 1.660213 0.022068
v 5.050728 1.695296 0.022068
v 5.070272 1.731441 0.022068
v 5.090674 1.768286 0.022068
v 5.111797 1.805471 0.022068
v 5.133503 1.842634 0.022068
v 5.155655 1.879415 0.022068
v 5.178114 1.915454 0.022068
v 5.200744 1.950390 0.022068
v 5.223404 1.983862 0.022068
v 5.245959 2.015512 0.022068
v 5.268270 2.044975 0.022068
v 5.106397 2.115222 0.022068
v 5.085775 2.085468 0.022068
v 5.063850 2.053062 0.022068
v 5.040970 2.018537 0.022068
v 5.017485 1.982420 0.022068
v 4.993746 1.945242 0.022068
v 4.970102 1.907535 0.022068
v 4.946904 1.869828 0.022068
v 4.924501 1.832651 0.022068
v 4.903244 1.796535 0.022068
v 4.883482 1.762008 0.022068
v 4.865565 1.729603 0.022068
v 4.849843 1.699849 0.022068
v 6.635160 1.643678 0.022068
v 6.643202 1.620285 0.022068
v 6.651541 1.596150 0.022068
v 6.660199 1.571347 0.022068
v 6.669195 1.545949 0.022068
v 6.678552 1.520033 0.022068
v 6.688291 1.493671 0.022068
v 6.698433 1.466937 0.022068
v 6.708999 1.439907 0.022068
v 6.720011 1.412654 0.022068
v 6.731488 1.385253 0.022068
v 6.743454 1.357778 0.022068
v 5.298812 1.357778 0.022068
v 5.279516 1.357844 0.022068
v 5.258471 1.358060 0.022068
v 5.235961 1.358445 0.022068
v 5.212276 1.359022 0.022068
v 5.187699 1.359810 0.022068
v 5.162518 1.360831 0.022068
v 5.137018 1.362107 0.022068
v 5.111487 1.363659 0.022068
v 5.086210 1.365508 0.022068
v 5.061474 1.367675 0.022068
v 5.037566 1.370181 0.022068
v 5.014770 1.373048 0.022068
v 5.014770 1.110386 0.022068
v 5.038907 1.111850 0.022068
v 5.063807 1.113186 0.022068
v 5.089217 1.114395 0.022068
v 5.114881 1.115478 0.022068
v 5.140544 1.116431 0.022068
v 5.165954 1.117258 0.022068
v 5.190854 1.117958 0.022068
v 5.214991 1.118531 0.022068
v 5.238110 1.118976 0.022068
v 5.259955 1.119294 0.022068
v 5.280275 1.119485 0.022068
v 5.298812 1.119549 0.022068
v 5.818028 1.119549 0.022068
v 5.836288 0.908635 0.022068
v 5.866385 0.712207 0.022068
v 5.907935 0.529609 0.022068
v 5.960557 0.360181 0.022068
v 6.023868 0.203267 0.022068
v 6.097487 0.058210 0.022068
v 6.181033 -0.075648 0.022068
v 6.274123 -0.198966 0.022068
v 6.376376 -0.312399 0.022068
v 6.487409 -0.416607 0.022068
v 6.606842 -0.512245 0.022068
v 6.734292 -0.599972 0.022068
v 6.993899 -0.422828 0.022068
v 6.971709 -0.414056 0.022068
v 6.949487 -0.404572 0.022068
v 6.927327 -0.394433 0.022068
v 6.905327 -0.383689 0.022068
v 6.883582 -0.372393 0.022068
v 6.862186 -0.360598 0.022068
v 6.841237 -0.348359 0.022068
v 6.820828 -0.335727 0.022068
v 6.801055 -0.322755 0.022068
v 6.782014 -0.309497 0.022068
v 6.763800 -0.296006 0.022068
v 6.746509 -0.282334 0.022068
v 6.671226 -0.222088 0.022068
v 6.595763 -0.153888 0.022068
v 6.521212 -0.077034 0.022068
v 6.448666 0.009173 0.022068
v 6.379216 0.105434 0.022068
v 6.313955 0.212448 0.022068
v 6.253976 0.330914 0.022068
v 6.200370 0.461536 0.022068
v 6.154230 0.605009 0.022068
v 6.116648 0.762036 0.022068
v 6.088716 0.933316 0.022068
v 6.071527 1.119549 0.022068
v 6.856460 1.119549 0.022068
v 6.888717 1.061368 0.022068
v 6.924133 1.001778 0.022068
v 6.962307 0.941402 0.022068
v 7.002836 0.880868 0.022068
v 7.045316 0.820800 0.022068
v 7.089344 0.761825 0.022068
v 7.134517 0.704567 0.022068
v 7.180433 0.649653 0.022068
v 7.226687 0.597708 0.022068
v 7.272879 0.549359 0.022068
v 7.318604 0.505230 0.022068
v 7.363459 0.465948 0.022068
v 7.604742 0.609496 0.022068
v 7.549891 0.652221 0.022068
v 7.495538 0.700344 0.022068
v 7.442056 0.752900 0.022068
v 7.389815 0.808924 0.022068
v 7.339186 0.867451 0.022068
v 7.290539 0.927515 0.022068
v 7.244247 0.988153 0.022068
v 7.200681 1.048397 0.022068
v 7.160211 1.107284 0.022068
v 7.123209 1.163849 0.022068
v 7.090045 1.217126 0.022068
v 7.061092 1.266151 0.022068
v 7.041046 1.304369 0.022068
v 7.022123 1.342576 0.022068
v 7.004303 1.380636 0.022068
v 6.987566 1.418408 0.022068
v 6.971888 1.455757 0.022068
v 6.957249 1.492544 0.022068
v 6.943629 1.528631 0.022068
v 6.931005 1.563880 0.022068
v 6.919357 1.598153 0.022068
v 6.908664 1.631313 0.022068
v 6.898904 1.663221 0.022068
v 6.890056 1.693741 0.022068
v 6.884139 1.713713 0.022068
v 6.878603 1.733898 0.022068
v 6.873449 1.754252 0.022068
v 6.868677 1.774734 0.022068
v 6.864286 1.795301 0.022068
v 6.860278 1.815909 0.022068
v 6.856651 1.836518 0.022068
v 6.853405 1.857084 0.022068
v 6.850542 1.877566 0.022068
v 6.848061 1.897920 0.022068
v 6.845961 1.918105 0.022068
v 6.844243 1.938077 0.022068
v 6.547985 1.880047 0.022068
v 6.554914 1.862251 0.022068
v 6.561927 1.844062 0.022068
v 6.568983 1.825597 0.022068
v 6.576039 1.806973 0.022068
v 6.583052 1.788307 0.022068
v 6.589981 1.769714 0.022068
v 6.596782 1.751313 0.022068
v 6.603414 1.733219 0.022068
v 6.609833 1.715550 0.022068
v 6.615998 1.698422 0.022068
v 6.621866 1.681951 0.022068
v 6.627394 1.666253 0.022068
v -4.914470 0.349888 0.800002
v -5.485608 0.349888 0.800002
v -5.485608 0.957675 0.800002
v -4.914470 0.957675 0.800002
v -4.914470 1.748716 0.800002
v -4.914470 1.165362 0.800002
v -5.485608 1.165362 0.800002
v -5.485608 1.748716 0.800002
v -5.699402 0.136093 0.800002
v -4.914470 0.136093 0.800002
v -4.914470 -0.151003 0.800002
v -4.697621 -0.151003 0.800002
v -4.697621 1.959457 0.800002
v -5.699402 1.959457 0.800002
v -6.206401 1.272260 0.800002
v -7.061581 1.272260 0.800002
v -7.061581 1.800638 0.800002
v -6.206401 1.800638 0.800002
v -7.287592 -0.361744 0.800002
v -7.286873 -0.396187 0.800002
v -7.284650 -0.427820 0.800002
v -7.280815 -0.456758 0.800002
v -7.275261 -0.483121 0.800002
v -7.267884 -0.507022 0.800002
v -7.258577 -0.528580 0.800002
v -7.247233 -0.547911 0.800002
v -7.233747 -0.565132 0.800002
v -7.218013 -0.580359 0.800002
v -7.199925 -0.593708 0.800002
v -7.179376 -0.605298 0.800002
v -7.156261 -0.615243 0.800002
v -7.129707 -0.623783 0.800002
v -7.100353 -0.631136 0.800002
v -7.068072 -0.637385 0.800002
v -7.032736 -0.642618 0.800002
v -6.994219 -0.646915 0.800002
v -6.952393 -0.650366 0.800002
v -6.907131 -0.653053 0.800002
v -6.858306 -0.655061 0.800002
v -6.805790 -0.656475 0.800002
v -6.749457 -0.657380 0.800002
v -6.689179 -0.657861 0.800002
v -6.624828 -0.658002 0.800002
v -6.621922 -0.641306 0.800002
v -6.617871 -0.623444 0.800002
v -6.612802 -0.604649 0.800002
v -6.606842 -0.585153 0.800002
v -6.600119 -0.565191 0.800002
v -6.592759 -0.544996 0.800002
v -6.584890 -0.524801 0.800002
v -6.576640 -0.504839 0.800002
v -6.568135 -0.485344 0.800002
v -6.559502 -0.466548 0.800002
v -6.550869 -0.448686 0.800002
v -6.542365 -0.431990 0.800002
v -6.591791 -0.434032 0.800002
v -6.640496 -0.435610 0.800002
v -6.688012 -0.436762 0.800002
v -6.733875 -0.437532 0.800002
v -6.777617 -0.437963 0.800002
v -6.818771 -0.438099 0.800002
v -6.856871 -0.437978 0.800002
v -6.891450 -0.437646 0.800002
v -6.922041 -0.437144 0.800002
v -6.948179 -0.436515 0.800002
v -6.969396 -0.435802 0.800002
v -6.985225 -0.435045 0.800002
v -6.998276 -0.434651 0.800002
v -7.009970 -0.433433 0.800002
v -7.020349 -0.431322 0.800002
v -7.029455 -0.428257 0.800002
v -7.037331 -0.424174 0.800002
v -7.044019 -0.419010 0.800002
v -7.049562 -0.412700 0.800002
v -7.054002 -0.405181 0.800002
v -7.057381 -0.396390 0.800002
v -7.059743 -0.386262 0.800002
v -7.061129 -0.374734 0.800002
v -7.061581 -0.361744 0.800002
v -7.061581 0.316291 0.800002
v -6.157534 0.316291 0.800002
v -6.138127 0.225362 0.800002
v -6.114775 0.134551 0.800002
v -6.087096 0.044229 0.800002
v -6.054708 -0.045237 0.800002
v -6.017231 -0.133471 0.800002
v -5.974281 -0.220105 0.800002
v -5.925477 -0.304766 0.800002
v -5.870438 -0.387082 0.800002
v -5.808781 -0.466683 0.800002
v -5.740125 -0.543200 0.800002
v -5.664088 -0.616260 0.800002
v -5.580288 -0.685490 0.800002
v -5.570858 -0.672741 0.800002
v -5.559573 -0.659091 0.800002
v -5.546739 -0.644783 0.800002
v -5.532665 -0.630062 0.800002
v -5.517657 -0.615170 0.800002
v -5.502024 -0.600354 0.800002
v -5.486072 -0.585854 0.800002
v -5.470110 -0.571918 0.800002
v -5.454445 -0.558788 0.800002
v -5.439384 -0.546707 0.800002
v -5.425236 -0.535920 0.800002
v -5.412306 -0.526670 0.800002
v -5.532615 -0.424398 0.800002
v -5.634895 -0.315266 0.800002
v -5.720590 -0.200300 0.800002
v -5.791141 -0.080530 0.800002
v -5.847991 0.043016 0.800002
v -5.892581 0.169307 0.800002
v -5.926353 0.297318 0.800002
v -5.950752 0.426017 0.800002
v -5.967218 0.554378 0.800002
v -5.977194 0.681369 0.800002
v -5.982121 0.805965 0.800002
v -5.983444 0.927134 0.800002
v -5.983444 2.014433 0.800002
v -7.287592 2.014433 0.800002
v -6.206401 0.924079 0.800002
v -6.206333 0.892526 0.800002
v -6.206105 0.860506 0.800002
v -6.205687 0.828062 0.800002
v -6.205045 0.795238 0.800002
v -6.204149 0.762073 0.800002
v -6.202966 0.728609 0.800002
v -6.201465 0.694893 0.800002
v -6.199615 0.660964 0.800002
v -6.197382 0.626866 0.800002
v -6.194736 0.592641 0.800002
v -6.191645 0.558331 0.800002
v -6.188076 0.523978 0.800002
v -7.061581 0.523978 0.800002
v -7.061581 1.064573 0.800002
v -6.206401 1.064573 0.800002
v -2.062698 2.126665 0.800002
v -2.085012 2.094012 0.800002
v -2.107221 2.060341 0.800002
v -2.129143 2.025971 0.800002
v -2.150598 1.991219 0.800002
v -2.171407 1.956403 0.800002
v -2.191388 1.921843 0.800002
v -2.210362 1.887853 0.800002
v -2.228148 1.854755 0.800002
v -2.244566 1.822866 0.800002
v -2.259436 1.792504 0.800002
v -2.272577 1.763988 0.800002
v -2.086271 1.657090 0.800002
v -2.074478 1.685907 0.800002
v -2.060649 1.717100 0.800002
v -2.045038 1.750244 0.800002
v -2.027901 1.784914 0.800002
v -2.009491 1.820688 0.800002
v -1.990062 1.857141 0.800002
v -1.969871 1.893848 0.800002
v -1.949170 1.930387 0.800002
v -1.928215 1.966330 0.800002
v -1.907260 2.001254 0.800002
v -1.886559 2.034739 0.800002
v -1.866367 2.066354 0.800002
v -2.040457 2.157981 0.800002
v -3.940176 0.728610 0.800002
v -3.940176 1.324182 0.800002
v -2.996425 1.324182 0.800002
v -2.996425 0.728610 0.800002
v -2.526077 1.040140 0.800002
v -1.649518 1.040140 0.800002
v -1.649518 1.223393 0.800002
v -2.526077 1.223393 0.800002
v -2.526077 0.640038 0.800002
v -1.649518 0.640038 0.800002
v -1.649518 0.820236 0.800002
v -2.526077 0.820236 0.800002
v -2.629920 1.437187 0.800002
v -1.524296 1.437187 0.800002
v -1.524296 1.626548 0.800002
v -2.629920 1.626548 0.800002
v -3.104192 1.565516 0.800002
v -3.090173 1.605070 0.800002
v -3.073735 1.647021 0.800002
v -3.055134 1.690913 0.800002
v -3.034624 1.736289 0.800002
v -3.012460 1.782694 0.800002
v -2.988896 1.829672 0.800002
v -2.964187 1.876767 0.800002
v -2.938586 1.923522 0.800002
v -2.912350 1.969482 0.800002
v -2.885731 2.014192 0.800002
v -2.858986 2.057192 0.800002
v -3.045293 2.136600 0.800002
v -3.072922 2.095124 0.800002
v -3.100636 2.051918 0.800002
v -3.128138 2.007419 0.800002
v -3.155131 1.962059 0.800002
v -3.181318 1.916276 0.800002
v -3.206402 1.870503 0.800002
v -3.230087 1.825176 0.800002
v -3.252074 1.780729 0.800002
v -3.272068 1.737597 0.800002
v -3.289771 1.696216 0.800002
v -3.304887 1.657018 0.800002
v -3.317117 1.620440 0.800002
v -3.121648 1.528813 0.800002
v -3.646972 1.528813 0.800002
v -3.669458 1.574026 0.800002
v -3.692474 1.622251 0.800002
v -3.715787 1.672935 0.800002
v -3.739164 1.725528 0.800002
v -3.762371 1.779478 0.800002
v -3.785175 1.834235 0.800002
v -3.807343 1.889246 0.800002
v -3.828641 1.943960 0.800002
v -3.848836 1.997827 0.800002
v -3.867696 2.050291 0.800002
v -3.884985 2.100806 0.800002
v -3.900472 2.148818 0.800002
v -4.123429 2.069409 0.800002
v -4.104737 2.023951 0.800002
v -4.085378 1.977824 0.800002
v -4.065447 1.931253 0.800002
v -4.045038 1.884459 0.800002
v -4.024247 1.837666 0.800002
v -4.003170 1.791093 0.800002
v -3.981901 1.744967 0.800002
v -3.960538 1.699511 0.800002
v -3.939175 1.654943 0.800002
v -3.917907 1.611489 0.800002
v -3.896830 1.569372 0.800002
v -3.876039 1.528813 0.800002
v -4.160080 1.528813 0.800002
v -4.160080 0.527032 0.800002
v -3.784412 0.527032 0.800002
v -3.784412 -0.328147 0.800002
v -3.784686 -0.346632 0.800002
v -3.785586 -0.362508 0.800002
v -3.787228 -0.375965 0.800002
v -3.789729 -0.387196 0.800002
v -3.793205 -0.396390 0.800002
v -3.797774 -0.403740 0.800002
v -3.803552 -0.409434 0.800002
v -3.810655 -0.413666 0.800002
v -3.819201 -0.416624 0.800002
v -3.829306 -0.418501 0.800002
v -3.841086 -0.419488 0.800002
v -3.854659 -0.419774 0.800002
v -3.864341 -0.419774 0.800002
v -3.877650 -0.419774 0.800002
v -3.893887 -0.419774 0.800002
v -3.912350 -0.419774 0.800002
v -3.932340 -0.419774 0.800002
v -3.953157 -0.419774 0.800002
v -3.974102 -0.419774 0.800002
v -3.994474 -0.419774 0.800002
v -4.013574 -0.419774 0.800002
v -4.030700 -0.419774 0.800002
v -4.045155 -0.419774 0.800002
v -4.056237 -0.419774 0.800002
v -4.071216 -0.418678 0.800002
v -4.084191 -0.414824 0.800002
v -4.095321 -0.407366 0.800002
v -4.104765 -0.395453 0.800002
v -4.112681 -0.378238 0.800002
v -4.119230 -0.354872 0.800002
v -4.124569 -0.324507 0.800002
v -4.128859 -0.286293 0.800002
v -4.132257 -0.239384 0.800002
v -4.134925 -0.182931 0.800002
v -4.137020 -0.116085 0.800002
v -4.138700 -0.037997 0.800002
v -4.150360 -0.047789 0.800002
v -4.163770 -0.057283 0.800002
v -4.178643 -0.066440 0.800002
v -4.194694 -0.075213 0.800002
v -4.211635 -0.083563 0.800002
v -4.229181 -0.091446 0.800002
v -4.247045 -0.098820 0.800002
v -4.264941 -0.105642 0.800002
v -4.282582 -0.111871 0.800002
v -4.299683 -0.117463 0.800002
v -4.315956 -0.122376 0.800002
v -4.331116 -0.126570 0.800002
v -4.325723 -0.219771 0.800002
v -4.318517 -0.301310 0.800002
v -4.309211 -0.371861 0.800002
v -4.297519 -0.432104 0.800002
v -4.283155 -0.482717 0.800002
v -4.265832 -0.524381 0.800002
v -4.245264 -0.557772 0.800002
v -4.221164 -0.583569 0.800002
v -4.193247 -0.602454 0.800002
v -4.161225 -0.615102 0.800002
v -4.124814 -0.622193 0.800002
v -4.083724 -0.624406 0.800002
v -4.069809 -0.624406 0.800002
v -4.051556 -0.624406 0.800002
v -4.029846 -0.624406 0.800002
v -4.005559 -0.624406 0.800002
v -3.979576 -0.624406 0.800002
v -3.952775 -0.624406 0.800002
v -3.926039 -0.624406 0.800002
v -3.900246 -0.624406 0.800002
v -3.876277 -0.624406 0.800002
v -3.855012 -0.624406 0.800002
v -3.837332 -0.624406 0.800002
v -3.824117 -0.624406 0.800002
v -3.776082 -0.622952 0.800002
v -3.734060 -0.618382 0.800002
v -3.697701 -0.610374 0.800002
v -3.666655 -0.598615 0.800002
v -3.640573 -0.582781 0.800002
v -3.619103 -0.562558 0.800002
v -3.601896 -0.537626 0.800002
v -3.588603 -0.507667 0.800002
v -3.578873 -0.472362 0.800002
v -3.572356 -0.431396 0.800002
v -3.568703 -0.384449 0.800002
v -3.567563 -0.331201 0.800002
v -3.567563 0.527032 0.800002
v -3.317117 0.527032 0.800002
v -3.300804 0.400295 0.800002
v -3.280270 0.276940 0.800002
v -3.254602 0.157425 0.800002
v -3.222890 0.042204 0.800002
v -3.184221 -0.068265 0.800002
v -3.137683 -0.173528 0.800002
v -3.082364 -0.273127 0.800002
v -3.017353 -0.366608 0.800002
v -2.941736 -0.453513 0.800002
v -2.854603 -0.533388 0.800002
v -2.755040 -0.605775 0.800002
v -2.642137 -0.670218 0.800002
v -2.634531 -0.656763 0.800002
v -2.625579 -0.642489 0.800002
v -2.615460 -0.627603 0.800002
v -2.604355 -0.612302 0.800002
v -2.592444 -0.596789 0.800002
v -2.579907 -0.581264 0.800002
v -2.566925 -0.565932 0.800002
v -2.553678 -0.550992 0.800002
v -2.540346 -0.536645 0.800002
v -2.527109 -0.523094 0.800002
v -2.514148 -0.510539 0.800002
v -2.501643 -0.499183 0.800002
v -2.604933 -0.444344 0.800002
v -2.695487 -0.382443 0.800002
v -2.774184 -0.313926 0.800002
v -2.841905 -0.239236 0.800002
v -2.899530 -0.158819 0.800002
v -2.947940 -0.073121 0.800002
v -2.988014 0.017413 0.800002
v -3.020633 0.112338 0.800002
v -3.046677 0.211207 0.800002
v -3.067026 0.313576 0.800002
v -3.082560 0.418999 0.800002
v -3.094160 0.527032 0.800002
v -2.785685 0.527032 0.800002
v -2.785685 1.528813 0.800002
v -3.115540 1.528813 0.800002
v -2.544402 -0.477804 0.800002
v -1.841933 -0.477804 0.800002
v -1.841933 -0.624406 0.800002
v -1.646464 -0.624406 0.800002
v -1.646464 0.414026 0.800002
v -2.544402 0.414026 0.800002
v -2.342824 -0.285388 0.800002
v -2.342824 0.221611 0.800002
v -1.841933 0.221611 0.800002
v -1.841933 -0.285388 0.800002
v 0.946901 0.044643 0.800002
v 0.896845 0.179757 0.800002
v 0.843482 0.329463 0.800002
v 0.788082 0.489476 0.800002
v 0.731918 0.655514 0.800002
v 0.676264 0.823290 0.800002
v 0.622391 0.988523 0.800002
v 0.571572 1.146924 0.800002
v 0.525080 1.294212 0.800002
v 0.484188 1.426103 0.800002
v 0.450167 1.538308 0.800002
v 0.424291 1.626548 0.800002
v 0.415625 1.660315 0.800002
v 0.407903 1.691535 0.800002
v 0.401050 1.720466 0.800002
v 0.394993 1.747359 0.800002
v 0.389657 1.772471 0.800002
v 0.384968 1.796058 0.800002
v 0.380852 1.818369 0.800002
v 0.377234 1.839664 0.800002
v 0.374040 1.860195 0.800002
v 0.371196 1.880218 0.800002
v 0.368628 1.899985 0.800002
v 0.366261 1.919752 0.800002
v 0.060840 1.858668 0.800002
v 0.068541 1.839489 0.800002
v 0.076380 1.820024 0.800002
v 0.084367 1.800113 0.800002
v 0.092513 1.779598 0.800002
v 0.100829 1.758319 0.800002
v 0.109326 1.736117 0.800002
v 0.118013 1.712835 0.800002
v 0.126901 1.688312 0.800002
v 0.136002 1.662387 0.800002
v 0.145326 1.634905 0.800002
v 0.154882 1.605704 0.800002
v 0.164683 1.574626 0.800002
v 0.191070 1.489989 0.800002
v 0.225103 1.382381 0.800002
v 0.265520 1.255939 0.800002
v 0.311059 1.114799 0.800002
v 0.360458 0.963095 0.800002
v 0.412456 0.804965 0.800002
v 0.465790 0.644546 0.800002
v 0.519198 0.485970 0.800002
v 0.571418 0.333376 0.800002
v 0.621189 0.190899 0.800002
v 0.667248 0.062676 0.800002
v 0.708333 -0.047160 0.800002
v 0.593452 -0.036048 0.800002
v 0.474191 -0.024183 0.800002
v 0.351897 -0.011703 0.800002
v 0.227917 0.001255 0.800002
v 0.103597 0.014552 0.800002
v -0.019715 0.028050 0.800002
v -0.140673 0.041612 0.800002
v -0.257929 0.055100 0.800002
v -0.370138 0.068376 0.800002
v -0.475952 0.081301 0.800002
v -0.574024 0.093740 0.800002
v -0.663008 0.105551 0.800002
v -0.632171 0.165758 0.800002
v -0.600835 0.225528 0.800002
v -0.569139 0.284557 0.800002
v -0.537220 0.342536 0.800002
v -0.505216 0.399158 0.800002
v -0.473265 0.454113 0.800002
v -0.441505 0.507097 0.800002
v -0.410074 0.557801 0.800002
v -0.379110 0.605916 0.800002
v -0.348750 0.651138 0.800002
v -0.319132 0.693156 0.800002
v -0.290394 0.731664 0.800002
v -0.519460 0.835507 0.800002
v -0.575905 0.750972 0.800002
v -0.636072 0.656044 0.800002
v -0.698847 0.552802 0.800002
v -0.763118 0.443324 0.800002
v -0.827771 0.329689 0.800002
v -0.891692 0.213975 0.800002
v -0.953768 0.098262 0.800002
v -1.012885 -0.015373 0.800002
v -1.067930 -0.124851 0.800002
v -1.117789 -0.228093 0.800002
v -1.161348 -0.323022 0.800002
v -1.197495 -0.407556 0.800002
v -0.940941 -0.523617 0.800002
v -0.930637 -0.495505 0.800002
v -0.919590 -0.466195 0.800002
v -0.907822 -0.435760 0.800002
v -0.895354 -0.404276 0.800002
v -0.882208 -0.371816 0.800002
v -0.868404 -0.338455 0.800002
v -0.853963 -0.304267 0.800002
v -0.838908 -0.269325 0.800002
v -0.823259 -0.233705 0.800002
v -0.807037 -0.197481 0.800002
v -0.790263 -0.160726 0.800002
v -0.772960 -0.123515 0.800002
v -0.644531 -0.139793 0.800002
v -0.497119 -0.157790 0.800002
v -0.334776 -0.177059 0.800002
v -0.161552 -0.197156 0.800002
v 0.018502 -0.217634 0.800002
v 0.201334 -0.238048 0.800002
v 0.382893 -0.257954 0.800002
v 0.559129 -0.276905 0.800002
v 0.725990 -0.294455 0.800002
v 0.879425 -0.310161 0.800002
v 1.015383 -0.323577 0.800002
v 1.129814 -0.334256 0.800002
v 1.149150 -0.335967 0.800002
v 1.168953 -0.338017 0.800002
v 1.189180 -0.340364 0.800002
v 1.209789 -0.342966 0.800002
v 1.230737 -0.345778 0.800002
v 1.251982 -0.348762 0.800002
v 1.273482 -0.351874 0.800002
v 1.295194 -0.355069 0.800002
v 1.317075 -0.358308 0.800002
v 1.339084 -0.361546 0.800002
v 1.361177 -0.364741 0.800002
v 1.383313 -0.367852 0.800002
v 1.429127 -0.083810 0.800002
v 1.405981 -0.084450 0.800002
v 1.382422 -0.084857 0.800002
v 1.358546 -0.085051 0.800002
v 1.334446 -0.085054 0.800002
v 1.310219 -0.084888 0.800002
v 1.285960 -0.084574 0.800002
v 1.261765 -0.084132 0.800002
v 1.237729 -0.083584 0.800002
v 1.213948 -0.082951 0.800002
v 1.190516 -0.082254 0.800002
v 1.167530 -0.081516 0.800002
v 1.145085 -0.080756 0.800002
v 0.992374 -0.071594 0.800002
v 3.897191 0.887429 0.800001
v 3.786525 0.887429 0.800001
v 3.648201 0.887429 0.800001
v 3.489135 0.887429 0.800001
v 3.316240 0.887429 0.800001
v 3.136430 0.887429 0.800001
v 2.956621 0.887429 0.800001
v 2.783726 0.887429 0.800002
v 2.624659 0.887429 0.800002
v 2.486336 0.887429 0.800002
v 2.375670 0.887429 0.800002
v 2.299577 0.887429 0.800002
v 2.262290 0.887612 0.800002
v 2.226785 0.888135 0.800002
v 2.193061 0.888956 0.800002
v 2.161119 0.890030 0.800002
v 2.130959 0.891317 0.800002
v 2.102580 0.892775 0.800002
v 2.075983 0.894357 0.800002
v 2.051167 0.896026 0.800002
v 2.028134 0.897738 0.800002
v 2.006881 0.899448 0.800002
v 1.987411 0.901116 0.800002
v 1.969722 0.902700 0.800002
v 1.969722 0.603387 0.800002
v 1.986359 0.604329 0.800002
v 2.005595 0.605579 0.800002
v 2.027227 0.607062 0.800002
v 2.051054 0.608705 0.800002
v 2.076875 0.610431 0.800002
v 2.104489 0.612168 0.800002
v 2.133693 0.613841 0.800002
v 2.164286 0.615378 0.800002
v 2.196068 0.616702 0.800002
v 2.228835 0.617739 0.800002
v 2.262387 0.618416 0.800002
v 2.296523 0.618658 0.800002
v 2.373260 0.618658 0.800002
v 2.484357 0.618658 0.800002
v 2.622942 0.618658 0.800002
v 2.782142 0.618658 0.800002
v 2.955087 0.618658 0.800002
v 3.134904 0.618658 0.800001
v 3.314720 0.618658 0.800001
v 3.487665 0.618658 0.800001
v 3.646866 0.618658 0.800001
v 3.785450 0.618658 0.800001
v 3.896547 0.618658 0.800001
v 3.973284 0.618658 0.800001
v 4.015118 0.618533 0.800001
v 4.056484 0.618163 0.800001
v 4.097171 0.617560 0.800001
v 4.136968 0.616735 0.800001
v 4.175662 0.615697 0.800001
v 4.213040 0.614458 0.800001
v 4.248892 0.613029 0.800001
v 4.283004 0.611419 0.800001
v 4.315166 0.609639 0.800001
v 4.345163 0.607700 0.800001
v 4.372786 0.605613 0.800001
v 4.397820 0.603387 0.800001
v 4.397820 0.902700 0.800001
v 4.373485 0.901117 0.800001
v 4.346435 0.899448 0.800001
v 4.316883 0.897738 0.800001
v 4.285039 0.896026 0.800001
v 4.251118 0.894359 0.800001
v 4.215330 0.892775 0.800001
v 4.177888 0.891317 0.800001
v 4.139003 0.890031 0.800001
v 4.098888 0.888956 0.800001
v 4.057756 0.888136 0.800001
v 4.015817 0.887612 0.800001
v 3.973284 0.887429 0.800001
v 5.356842 1.501326 0.800001
v 5.372966 1.533066 0.800001
v 5.390650 1.566906 0.800001
v 5.409670 1.602401 0.800001
v 5.429803 1.639104 0.800001
v 5.450828 1.676571 0.800001
v 5.472520 1.714357 0.800001
v 5.494658 1.752015 0.800001
v 5.517019 1.789100 0.800001
v 5.539379 1.825168 0.800001
v 5.561517 1.859771 0.800001
v 5.583209 1.892467 0.800001
v 5.604233 1.922806 0.800001
v 5.442360 1.993053 0.800001
v 5.422559 1.964055 0.800001
v 5.401538 1.932365 0.800001
v 5.379605 1.898468 0.800001
v 5.357068 1.862853 0.800001
v 5.334234 1.826008 0.800001
v 5.311410 1.788421 0.800001
v 5.288905 1.750579 0.800001
v 5.267025 1.712972 0.800001
v 5.246079 1.676084 0.800001
v 5.226373 1.640405 0.800001
v 5.208216 1.606424 0.800001
v 5.191915 1.574626 0.800001
v 5.014770 1.626548 0.800001
v 5.032182 1.660213 0.800001
v 5.050728 1.695296 0.800001
v 5.070272 1.731441 0.800001
v 5.090674 1.768287 0.800001
v 5.111797 1.805471 0.800001
v 5.133503 1.842634 0.800001
v 5.155655 1.879415 0.800001
v 5.178114 1.915454 0.800001
v 5.200744 1.950390 0.800001
v 5.223404 1.983862 0.800001
v 5.245959 2.015512 0.800001
v 5.268270 2.044975 0.800001
v 5.106397 2.115222 0.800001
v 5.085775 2.085468 0.800001
v 5.063850 2.053062 0.800001
v 5.040970 2.018537 0.800001
v 5.017485 1.982420 0.800001
v 4.993746 1.945242 0.800001
v 4.970102 1.907536 0.800001
v 4.946904 1.869828 0.800001
v 4.924501 1.832651 0.800001
v 4.903244 1.796535 0.800001
v 4.883482 1.762008 0.800001
v 4.865565 1.729603 0.800001
v 4.849843 1.699849 0.800001
v 6.635160 1.643678 0.800001
v 6.643202 1.620285 0.800001
v 6.651541 1.596150 0.800001
v 6.660199 1.571347 0.800001
v 6.669195 1.545949 0.800001
v 6.678552 1.520033 0.800001
v 6.688291 1.493671 0.800001
v 6.698433 1.466937 0.800001
v 6.708999 1.439907 0.800001
v 6.720011 1.412654 0.800001
v 6.731488 1.385253 0.800001
v 6.743454 1.357778 0.800001
v 5.298812 1.357778 0.800001
v 5.279516 1.357844 0.800001
v 5.258471 1.358060 0.800001
v 5.235961 1.358445 0.800001
v 5.212276 1.359022 0.800001
v 5.187699 1.359810 0.800001
v 5.162518 1.360831 0.800001
v 5.137018 1.362107 0.800001
v 5.111487 1.363659 0.800001
v 5.086210 1.365508 0.800001
v 5.061474 1.367675 0.800001
v 5.037566 1.370181 0.800001
v 5.014770 1.373048 0.800001
v 5.014770 1.110386 0.800001
v 5.038907 1.111850 0.800001
v 5.063807 1.113186 0.800001
v 5.089217 1.114395 0.800001
v 5.114881 1.115478 0.800001
v 5.140544 1.116431 0.800001
v 5.165954 1.117258 0.800001
v 5.190854 1.117958 0.800001
v 5.214991 1.118531 0.800001
v 5.238110 1.118977 0.800001
v 5.259955 1.119294 0.800001
v 5.280275 1.119485 0.800001
v 5.298812 1.119549 0.800001
v 5.818028 1.119549 0.800001
v 5.836288 0.908635 0.800001
v 5.866385 0.712207 0.800001
v 5.907935 0.529609 0.800001
v 5.960557 0.360181 0.800001
v 6.023868 0.203267 0.800001
v 6.097487 0.058210 0.800001
v 6.181033 -0.075648 0.800001
v 6.274123 -0.198966 0.800001
v 6.376376 -0.312399 0.800001
v 6.487409 -0.416607 0.800001
v 6.606842 -0.512245 0.800001
v 6.734292 -0.599972 0.800001
v 6.993899 -0.422828 0.800001
v 6.971709 -0.414056 0.800001
v 6.949487 -0.404572 0.800001
v 6.927327 -0.394433 0.800001
v 6.905327 -0.383689 0.800001
v 6.883582 -0.372393 0.800001
v 6.862186 -0.360598 0.800001
v 6.841237 -0.348359 0.800001
v 6.820828 -0.335727 0.800001
v 6.801055 -0.322755 0.800001
v 6.782014 -0.309497 0.800001
v 6.763800 -0.296006 0.800001
v 6.746509 -0.282334 0.800001
v 6.671226 -0.222088 0.800001
v 6.595763 -0.153888 0.800001
v 6.521212 -0.077034 0.800001
v 6.448666 0.009173 0.800001
v 6.379216 0.105434 0.800001
v 6.313955 0.212448 0.800001
v 6.253976 0.330914 0.800001
v 6.200370 0.461536 0.800001
v 6.154230 0.605009 0.800001
v 6.116648 0.762036 0.800001
v 6.088716 0.933316 0.800001
v 6.071527 1.119549 0.800001
v 6.856460 1.119549 0.800001
v 6.888717 1.061368 0.800001
v 6.924133 1.001779 0.800001
v 6.962307 0.941402 0.800001
v 7.002836 0.880868 0.800001
v 7.045316 0.820800 0.800001
v 7.089344 0.761826 0.800001
v 7.134517 0.704567 0.800001
v 7.180433 0.649653 0.800001
v 7.226687 0.597708 0.800001
v 7.272879 0.549359 0.800001
v 7.318604 0.505230 0.800001
v 7.363459 0.465948 0.800001
v 7.604742 0.609496 0.800001
v 7.549891 0.652221 0.800001
v 7.495538 0.700344 0.800001
v 7.442056 0.752900 0.800001
v 7.389815 0.808924 0.800001
v 7.339186 0.867451 0.800001
v 7.290539 0.927515 0.800001
v 7.244247 0.988153 0.800001
v 7.200681 1.048397 0.800001
v 7.160211 1.107285 0.800001
v 7.123209 1.163849 0.800001
v 7.090045 1.217126 0.800001
v 7.061092 1.266151 0.800001
v 7.041046 1.304369 0.800001
v 7.022123 1.342576 0.800001
v 7.004303 1.380636 0.800001
v 6.987566 1.418408 0.800001
v 6.971888 1.455757 0.800001
v 6.957249 1.492544 0.800001
v 6.943629 1.528631 0.800001
v 6.931005 1.563880 0.800001
v 6.919357 1.598153 0.800001
v 6.908664 1.631313 0.800001
v 6.898904 1.663221 0.800001
v 6.890056 1.693741 0.800001
v 6.884139 1.713714 0.800001
v 6.878603 1.733898 0.800001
v 6.873449 1.754252 0.800001
v 6.868677 1.774734 0.800001
v 6.864286 1.795301 0.800001
v 6.860278 1.815909 0.800001
v 6.856651 1.836518 0.800001
v 6.853405 1.857084 0.800001
v 6.850542 1.877566 0.800001
v 6.848061 1.897921 0.800001
v 6.845961 1.918105 0.800001
v 6.844243 1.938077 0.800001
v 6.547985 1.880047 0.800001
v 6.554914 1.862251 0.800001
v 6.561927 1.844062 0.800001
v 6.568983 1.825597 0.800001
v 6.576039 1.806973 0.800001
v 6.583052 1.788307 0.800001
v 6.589981 1.769714 0.800001
v 6.596782 1.751313 0.800001
v 6.603414 1.733219 0.800001
v 6.609833 1.715550 0.800001
v 6.615998 1.698422 0.800001
v 6.621866 1.681951 0.800001
v 6.627394 1.666253 0.800001
v 5.356842 1.501326 0.800001
v 5.356842 1.501325 0.022068
v 5.372966 1.533066 0.800001
v 5.372966 1.533066 0.022068
v 5.390650 1.566906 0.800001
v 5.390650 1.566906 0.022068
v 5.409670 1.602401 0.800001
v 5.409670 1.602401 0.022068
v 5.429803 1.639104 0.800001
v 5.429803 1.639104 0.022068
v 5.450828 1.676571 0.800001
v 5.450828 1.676571 0.022068
v 5.472520 1.714357 0.800001
v 5.472520 1.714357 0.022068
v 5.494658 1.752015 0.800001
v 5.494658 1.752015 0.022068
v 5.517019 1.789100 0.800001
v 5.517019 1.789100 0.022068
v 5.539379 1.825168 0.800001
v 5.539379 1.825167 0.022068
v 5.561517 1.859771 0.800001
v 5.561517 1.859771 0.022068
v 5.583209 1.892467 0.800001
v 5.583209 1.892467 0.022068
v 5.604233 1.922806 0.800001
v 5.604233 1.922806 0.022068
v 5.442360 1.993053 0.800001
v 5.442360 1.993053 0.022068
v 5.422559 1.964055 0.800001
v 5.422559 1.964055 0.022068
v 5.401538 1.932365 0.800001
v 5.401538 1.932365 0.022068
v 5.379605 1.898468 0.800001
v 5.379605 1.898468 0.022068
v 5.357068 1.862853 0.800001
v 5.357068 1.862853 0.022068
v 5.334234 1.826008 0.800001
v 5.334234 1.826008 0.022068
v 5.311410 1.788421 0.800001
v 5.311410 1.788421 0.022068
v 5.288905 1.750579 0.800001
v 5.288905 1.750579 0.022068
v 5.267025 1.712972 0.800001
v 5.267025 1.712971 0.022068
v 5.246079 1.676084 0.800001
v 5.246079 1.676084 0.022068
v 5.226373 1.640405 0.800001
v 5.226373 1.640405 0.022068
v 5.208216 1.606424 0.800001
v 5.208216 1.606424 0.022068
v 5.191915 1.574626 0.800001
v 5.191915 1.574626 0.022068
v 5.014770 1.626548 0.800001
v 5.014770 1.626548 0.022068
v 5.032182 1.660213 0.800001
v 5.032182 1.660213 0.022068
v 5.050728 1.695296 0.800001
v 5.050728 1.695296 0.022068
v 5.070272 1.731441 0.800001
v 5.070272 1.731441 0.022068
v 5.090674 1.768287 0.800001
v 5.090674 1.768286 0.022068
v 5.111797 1.805471 0.800001
v 5.111797 1.805471 0.022068
v 5.133503 1.842634 0.800001
v 5.133503 1.842634 0.022068
v 5.155655 1.879415 0.800001
v 5.155655 1.879415 0.022068
v 5.178114 1.915454 0.800001
v 5.178114 1.915454 0.022068
v 5.200744 1.950390 0.800001
v 5.200744 1.950390 0.022068
v 5.223404 1.983862 0.800001
v 5.223404 1.983862 0.022068
v 5.245959 2.015512 0.800001
v 5.245959 2.015512 0.022068
v 5.268270 2.044975 0.800001
v 5.268270 2.044975 0.022068
v 5.106397 2.115222 0.800001
v 5.106397 2.115222 0.022068
v 5.085775 2.085468 0.800001
v 5.085775 2.085468 0.022068
v 5.063850 2.053062 0.800001
v 5.063850 2.053062 0.022068
v 5.040970 2.018537 0.800001
v 5.040970 2.018537 0.022068
v 5.017485 1.982420 0.800001
v 5.017485 1.982420 0.022068
v 4.993746 1.945242 0.800001
v 4.993746 1.945242 0.022068
v 4.970102 1.907536 0.800001
v 4.970102 1.907535 0.022068
v 4.946904 1.869828 0.800001
v 4.946904 1.869828 0.022068
v 4.924501 1.832651 0.800001
v 4.924501 1.832651 0.022068
v 4.903244 1.796535 0.800001
v 4.903244 1.796535 0.022068
v 4.883482 1.762008 0.800001
v 4.883482 1.762008 0.022068
v 4.865565 1.729603 0.800001
v 4.865565 1.729603 0.022068
v 4.849843 1.699849 0.800001
v 4.849843 1.699849 0.022068
v 6.635160 1.643678 0.800001
v 6.635160 1.643678 0.022068
v 6.643202 1.620285 0.800001
v 6.643202 1.620285 0.022068
v 6.651541 1.596150 0.800001
v 6.651541 1.596150 0.022068
v 6.660199 1.571347 0.800001
v 6.660199 1.571347 0.022068
v 6.669195 1.545949 0.800001
v 6.669195 1.545949 0.022068
v 6.678552 1.520033 0.800001
v 6.678552 1.520033 0.022068
v 6.688291 1.493671 0.800001
v 6.688291 1.493671 0.022068
v 6.698433 1.466937 0.800001
v 6.698433 1.466937 0.022068
v 6.708999 1.439907 0.800001
v 6.708999 1.439907 0.022068
v 6.720011 1.412654 0.800001
v 6.720011 1.412654 0.022068
v 6.731488 1.385253 0.800001
v 6.731488 1.385253 0.022068
v 6.743454 1.357778 0.800001
v 6.743454 1.357778 0.022068
v 5.298812 1.357778 0.800001
v 5.298812 1.357778 0.022068
v 5.279516 1.357844 0.800001
v 5.279516 1.357844 0.022068
v 5.258471 1.358060 0.800001
v 5.258471 1.358060 0.022068
v 5.235961 1.358445 0.800001
v 5.235961 1.358445 0.022068
v 5.212276 1.359022 0.800001
v 5.212276 1.359022 0.022068
v 5.187699 1.359810 0.800001
v 5.187699 1.359810 0.022068
v 5.162518 1.360831 0.800001
v 5.162518 1.360831 0.022068
v 5.137018 1.362107 0.800001
v 5.137018 1.362107 0.022068
v 5.111487 1.363659 0.800001
v 5.111487 1.363659 0.022068
v 5.086210 1.365508 0.800001
v 5.086210 1.365508 0.022068
v 5.061474 1.367675 0.800001
v 5.061474 1.367675 0.022068
v 5.037566 1.370181 0.800001
v 5.037566 1.370181 0.022068
v 5.014770 1.373048 0.800001
v 5.014770 1.373048 0.022068
v 5.014770 1.110386 0.800001
v 5.014770 1.110386 0.022068
v 5.038907 1.111850 0.800001
v 5.038907 1.111850 0.022068
v 5.063807 1.113186 0.800001
v 5.063807 1.113186 0.022068
v 5.089217 1.114395 0.800001
v 5.089217 1.114395 0.022068
v 5.114881 1.115478 0.800001
v 5.114881 1.115478 0.022068
v 5.140544 1.116431 0.800001
v 5.140544 1.116431 0.022068
v 5.165954 1.117258 0.800001
v 5.165954 1.117258 0.022068
v 5.190854 1.117958 0.800001
v 5.190854 1.117958 0.022068
v 5.214991 1.118531 0.800001
v 5.214991 1.118531 0.022068
v 5.238110 1.118977 0.800001
v 5.238110 1.118976 0.022068
v 5.259955 1.119294 0.800001
v 5.259955 1.119294 0.022068
v 5.280275 1.119485 0.800001
v 5.280275 1.119485 0.022068
v 5.298812 1.119549 0.800001
v 5.298812 1.119549 0.022068
v 5.818028 1.119549 0.800001
v 5.818028 1.119549 0.022068
v 5.836288 0.908635 0.800001
v 5.836288 0.908635 0.022068
v 5.866385 0.712207 0.800001
v 5.866385 0.712207 0.022068
v 5.907935 0.529609 0.800001
v 5.907935 0.529609 0.022068
v 5.960557 0.360181 0.800001
v 5.960557 0.360181 0.022068
v 6.023868 0.203267 0.800001
v 6.023868 0.203267 0.022068
v 6.097487 0.058210 0.800001
v 6.097487 0.058210 0.022068
v 6.181033 -0.075648 0.800001
v 6.181033 -0.075648 0.022068
v 6.274123 -0.198966 0.800001
v 6.274123 -0.198966 0.022068
v 6.376376 -0.312399 0.800001
v 6.376376 -0.312399 0.022068
v 6.487409 -0.416607 0.800001
v 6.487409 -0.416607 0.022068
v 6.606842 -0.512245 0.800001
v 6.606842 -0.512245 0.022068
v 6.734292 -0.599972 0.800001
v 6.734292 -0.599972 0.022068
v 6.993899 -0.422828 0.800001
v 6.993899 -0.422828 0.022068
v 6.971709 -0.414056 0.800001
v 6.971709 -0.414056 0.022068
v 6.949487 -0.404572 0.800001
v 6.949487 -0.404572 0.022068
v 6.927327 -0.394433 0.800001
v 6.927327 -0.394433 0.022068
v 6.905327 -0.383689 0.800001
v 6.905327 -0.383689 0.022068
v 6.883582 -0.372393 0.800001
v 6.883582 -0.372393 0.022068
v 6.862186 -0.360598 0.800001
v 6.862186 -0.360598 0.022068
v 6.841237 -0.348359 0.800001
v 6.841237 -0.348359 0.022068
v 6.820828 -0.335727 0.800001
v 6.820828 -0.335727 0.022068
v 6.801055 -0.322755 0.800001
v 6.801055 -0.322755 0.022068
v 6.782014 -0.309497 0.800001
v 6.782014 -0.309497 0.022068
v 6.763800 -0.296006 0.800001
v 6.763800 -0.296006 0.022068
v 6.746509 -0.282334 0.800001
v 6.746509 -0.282334 0.022068
v 6.671226 -0.222088 0.800001
v 6.671226 -0.222088 0.022068
v 6.595763 -0.153888 0.800001
v 6.595763 -0.153888 0.022068
v 6.521212 -0.077034 0.800001
v 6.521212 -0.077034 0.022068
v 6.448666 0.009173 0.800001
v 6.448666 0.009173 0.022068
v 6.379216 0.105434 0.800001
v 6.379216 0.105434 0.022068
v 6.313955 0.212448 0.800001
v 6.313955 0.212448 0.022068
v 6.253976 0.330914 0.800001
v 6.253976 0.330914 0.022068
v 6.200370 0.461536 0.800001
v 6.200370 0.461536 0.022068
v 6.154230 0.605009 0.800001
v 6.154230 0.605009 0.022068
v 6.116648 0.762036 0.800001
v 6.116648 0.762036 0.022068
v 6.088716 0.933316 0.800001
v 6.088716 0.933316 0.022068
v 6.071527 1.119549 0.800001
v 6.071527 1.119549 0.022068
v 6.856460 1.119549 0.800001
v 6.856460 1.119549 0.022068
v 6.888717 1.061368 0.800001
v 6.888717 1.061368 0.022068
v 6.924133 1.001779 0.800001
v 6.924133 1.001778 0.022068
v 6.962307 0.941402 0.800001
v 6.962307 0.941402 0.022068
v 7.002836 0.880868 0.800001
v 7.002836 0.880868 0.022068
v 7.045316 0.820800 0.800001
v 7.045316 0.820800 0.022068
v 7.089344 0.761826 0.800001
v 7.089344 0.761825 0.022068
v 7.134517 0.704567 0.800001
v 7.134517 0.704567 0.022068
v 7.180433 0.649653 0.800001
v 7.180433 0.649653 0.022068
v 7.226687 0.597708 0.800001
v 7.226687 0.597708 0.022068
v 7.272879 0.549359 0.800001
v 7.272879 0.549359 0.022068
v 7.318604 0.505230 0.800001
v 7.318604 0.505230 0.022068
v 7.363459 0.465948 0.800001
v 7.363459 0.465948 0.022068
v 7.604742 0.609496 0.800001
v 7.604742 0.609496 0.022068
v 7.549891 0.652221 0.800001
v 7.549891 0.652221 0.022068
v 7.495538 0.700344 0.800001
v 7.495538 0.700344 0.022068
v 7.442056 0.752900 0.800001
v 7.442056 0.752900 0.022068
v 7.389815 0.808924 0.800001
v 7.389815 0.808924 0.022068
v 7.339186 0.867451 0.800001
v 7.339186 0.867451 0.022068
v 7.290539 0.927515 0.800001
v 7.290539 0.927515 0.022068
v 7.244247 0.988153 0.800001
v 7.244247 0.988153 0.022068
v 7.200681 1.048397 0.800001
v 7.200681 1.048397 0.022068
v 7.160211 1.107285 0.800001
v 7.160211 1.107284 0.022068
v 7.123209 1.163849 0.800001
v 7.123209 1.163849 0.022068
v 7.090045 1.217126 0.800001
v 7.090045 1.217126 0.022068
v 7.061092 1.266151 0.800001
v 7.061092 1.266151 0.022068
v 7.041046 1.304369 0.800001
v 7.041046 1.304369 0.022068
v 7.022123 1.342576 0.800001
v 7.022123 1.342576 0.022068
v 7.004303 1.380636 0.800001
v 7.004303 1.380636 0.022068
v 6.987566 1.418408 0.800001
v 6.987566 1.418408 0.022068
v 6.971888 1.455757 0.800001
v 6.971888 1.455757 0.022068
v 6.957249 1.492544 0.800001
v 6.957249 1.492544 0.022068
v 6.943629 1.528631 0.800001
v 6.943629 1.528631 0.022068
v 6.931005 1.563880 0.800001
v 6.931005 1.563880 0.022068
v 6.919357 1.598153 0.800001
v 6.919357 1.598153 0.022068
v 6.908664 1.631313 0.800001
v 6.908664 1.631313 0.022068
v 6.898904 1.663221 0.800001
v 6.898904 1.663221 0.022068
v 6.890056 1.693741 0.800001
v 6.890056 1.693741 0.022068
v 6.884139 1.713714 0.800001
v 6.884139 1.713713 0.022068
v 6.878603 1.733898 0.800001
v 6.878603 1.733898 0.022068
v 6.873449 1.754252 0.800001
v 6.873449 1.754252 0.022068
v 6.868677 1.774734 0.800001
v 6.868677 1.774734 0.022068
v 6.864286 1.795301 0.800001
v 6.864286 1.795301 0.022068
v 6.860278 1.815909 0.800001
v 6.860278 1.815909 0.022068
v 6.856651 1.836518 0.800001
v 6.856651 1.836518 0.022068
v 6.853405 1.857084 0.800001
v 6.853405 1.857084 0.022068
v 6.850542 1.877566 0.800001
v 6.850542 1.877566 0.022068
v 6.848061 1.897921 0.800001
v 6.848061 1.897920 0.022068
v 6.845961 1.918105 0.800001
v 6.845961 1.918105 0.022068
v 6.844243 1.938077 0.800001
v 6.844243 1.938077 0.022068
v 6.547985 1.880047 0.800001
v 6.547985 1.880047 0.022068
v 6.554914 1.862251 0.800001
v 6.554914 1.862251 0.022068
v 6.561927 1.844062 0.800001
v 6.561927 1.844062 0.022068
v 6.568983 1.825597 0.800001
v 6.568983 1.825597 0.022068
v 6.576039 1.806973 0.800001
v 6.576039 1.806973 0.022068
v 6.583052 1.788307 0.800001
v 6.583052 1.788307 0.022068
v 6.589981 1.769714 0.800001
v 6.589981 1.769714 0.022068
v 6.596782 1.751313 0.800001
v 6.596782 1.751313 0.022068
v 6.603414 1.733219 0.800001
v 6.603414 1.733219 0.022068
v 6.609833 1.715550 0.800001
v 6.609833 1.715550 0.022068
v 6.615998 1.698422 0.800001
v 6.615998 1.698422 0.022068
v 6.621866 1.681951 0.800001
v 6.621866 1.681951 0.022068
v 6.627394 1.666253 0.800001
v 6.627394 1.666253 0.022068
v 3.897191 0.887429 0.800001
v 3.897191 0.887429 0.022068
v 3.786525 0.887429 0.800001
v 3.786525 0.887429 0.022068
v 3.648201 0.887429 0.800001
v 3.648201 0.887429 0.022068
v 3.489135 0.887429 0.800001
v 3.489135 0.887429 0.022068
v 3.316240 0.887429 0.800001
v 3.316240 0.887429 0.022068
v 3.136430 0.887429 0.800001
v 3.136430 0.887429 0.022068
v 2.956621 0.887429 0.800001
v 2.956621 0.887429 0.022068
v 2.783726 0.887429 0.800002
v 2.783726 0.887429 0.022068
v 2.624659 0.887429 0.800002
v 2.624659 0.887429 0.022068
v 2.486336 0.887429 0.800002
v 2.486336 0.887429 0.022068
v 2.375670 0.887429 0.800002
v 2.375670 0.887429 0.022068
v 2.299577 0.887429 0.800002
v 2.299577 0.887429 0.022068
v 2.262290 0.887612 0.800002
v 2.262290 0.887612 0.022068
v 2.226785 0.888135 0.800002
v 2.226785 0.888135 0.022068
v 2.193061 0.888956 0.800002
v 2.193061 0.888956 0.022069
v 2.161119 0.890030 0.800002
v 2.161119 0.890030 0.022069
v 2.130959 0.891317 0.800002
v 2.130959 0.891317 0.022069
v 2.102580 0.892775 0.800002
v 2.102580 0.892774 0.022069
v 2.075983 0.894357 0.800002
v 2.075983 0.894357 0.022069
v 2.051167 0.896026 0.800002
v 2.051167 0.896026 0.022069
v 2.028134 0.897738 0.800002
v 2.028134 0.897738 0.022069
v 2.006881 0.899448 0.800002
v 2.006881 0.899448 0.022069
v 1.987411 0.901116 0.800002
v 1.987411 0.901116 0.022069
v 1.969722 0.902700 0.800002
v 1.969722 0.902700 0.022069
v 1.969722 0.603387 0.800002
v 1.969722 0.603387 0.022069
v 1.986359 0.604329 0.800002
v 1.986359 0.604329 0.022069
v 2.005595 0.605579 0.800002
v 2.005595 0.605579 0.022069
v 2.027227 0.607062 0.800002
v 2.027227 0.607062 0.022069
v 2.051054 0.608705 0.800002
v 2.051054 0.608705 0.022069
v 2.076875 0.610431 0.800002
v 2.076875 0.610431 0.022069
v 2.104489 0.612168 0.800002
v 2.104489 0.612168 0.022069
v 2.133693 0.613841 0.800002
v 2.133693 0.613841 0.022069
v 2.164286 0.615378 0.800002
v 2.164286 0.615378 0.022069
v 2.196068 0.616702 0.800002
v 2.196068 0.616702 0.022069
v 2.228835 0.617739 0.800002
v 2.228835 0.617739 0.022069
v 2.262387 0.618416 0.800002
v 2.262387 0.618416 0.022069
v 2.296523 0.618658 0.800002
v 2.296523 0.618658 0.022069
v 2.373260 0.618658 0.800002
v 2.373260 0.618658 0.022068
v 2.484357 0.618658 0.800002
v 2.484357 0.618658 0.022068
v 2.622942 0.618658 0.800002
v 2.622942 0.618658 0.022068
v 2.782142 0.618658 0.800002
v 2.782142 0.618658 0.022068
v 2.955087 0.618658 0.800002
v 2.955087 0.618658 0.022068
v 3.134904 0.618658 0.800001
v 3.134904 0.618658 0.022068
v 3.314720 0.618658 0.800001
v 3.314720 0.618658 0.022068
v 3.487665 0.618658 0.800001
v 3.487665 0.618658 0.022068
v 3.646866 0.618658 0.800001
v 3.646866 0.618658 0.022068
v 3.785450 0.618658 0.800001
v 3.785450 0.618658 0.022068
v 3.896547 0.618658 0.800001
v 3.896547 0.618658 0.022068
v 3.973284 0.618658 0.800001
v 3.973284 0.618658 0.022068
v 4.015118 0.618533 0.800001
v 4.015118 0.618533 0.022068
v 4.056484 0.618163 0.800001
v 4.056484 0.618163 0.022068
v 4.097171 0.617560 0.800001
v 4.097171 0.617560 0.022068
v 4.136968 0.616735 0.800001
v 4.136968 0.616735 0.022068
v 4.175662 0.615697 0.800001
v 4.175662 0.615697 0.022068
v 4.213040 0.614458 0.800001
v 4.213040 0.614458 0.022068
v 4.248892 0.613029 0.800001
v 4.248892 0.613029 0.022068
v 4.283004 0.611419 0.800001
v 4.283004 0.611419 0.022068
v 4.315166 0.609639 0.800001
v 4.315166 0.609639 0.022068
v 4.345163 0.607700 0.800001
v 4.345163 0.607700 0.022068
v 4.372786 0.605613 0.800001
v 4.372786 0.605613 0.022068
v 4.397820 0.603387 0.800001
v 4.397820 0.603387 0.022068
v 4.397820 0.902700 0.800001
v 4.397820 0.902700 0.022068
v 4.373485 0.901117 0.800001
v 4.373485 0.901117 0.022068
v 4.346435 0.899448 0.800001
v 4.346435 0.899448 0.022068
v 4.316883 0.897738 0.800001
v 4.316883 0.897738 0.022068
v 4.285039 0.896026 0.800001
v 4.285039 0.896026 0.022068
v 4.251118 0.894359 0.800001
v 4.251118 0.894358 0.022068
v 4.215330 0.892775 0.800001
v 4.215330 0.892774 0.022068
v 4.177888 0.891317 0.800001
v 4.177888 0.891317 0.022068
v 4.139003 0.890031 0.800001
v 4.139003 0.890031 0.022068
v 4.098888 0.888956 0.800001
v 4.098888 0.888956 0.022068
v 4.057756 0.888136 0.800001
v 4.057756 0.888136 0.022068
v 4.015817 0.887612 0.800001
v 4.015817 0.887612 0.022068
v 3.973284 0.887429 0.800001
v 3.973284 0.887429 0.022068
v 0.946901 0.044643 0.800002
v 0.946900 0.044643 0.022069
v 0.896845 0.179757 0.800002
v 0.896845 0.179757 0.022069
v 0.843482 0.329463 0.800002
v 0.843481 0.329463 0.022069
v 0.788082 0.489476 0.800002
v 0.788081 0.489476 0.022069
v 0.731918 0.655514 0.800002
v 0.731918 0.655514 0.022069
v 0.676264 0.823290 0.800002
v 0.676263 0.823290 0.022069
v 0.622391 0.988523 0.800002
v 0.622391 0.988523 0.022069
v 0.571572 1.146924 0.800002
v 0.571572 1.146924 0.022069
v 0.525080 1.294212 0.800002
v 0.525080 1.294212 0.022069
v 0.484188 1.426103 0.800002
v 0.484187 1.426102 0.022069
v 0.450167 1.538308 0.800002
v 0.450167 1.538308 0.022069
v 0.424291 1.626548 0.800002
v 0.424291 1.626548 0.022069
v 0.415625 1.660315 0.800002
v 0.415625 1.660314 0.022069
v 0.407903 1.691535 0.800002
v 0.407903 1.691535 0.022069
v 0.401050 1.720466 0.800002
v 0.401050 1.720465 0.022069
v 0.394993 1.747359 0.800002
v 0.394993 1.747359 0.022069
v 0.389657 1.772471 0.800002
v 0.389657 1.772471 0.022069
v 0.384968 1.796058 0.800002
v 0.384968 1.796057 0.022069
v 0.380852 1.818369 0.800002
v 0.380852 1.818369 0.022069
v 0.377234 1.839664 0.800002
v 0.377234 1.839664 0.022069
v 0.374040 1.860195 0.800002
v 0.374040 1.860195 0.022069
v 0.371196 1.880218 0.800002
v 0.371196 1.880218 0.022069
v 0.368628 1.899985 0.800002
v 0.368628 1.899985 0.022069
v 0.366261 1.919752 0.800002
v 0.366261 1.919752 0.022069
v 0.060840 1.858668 0.800002
v 0.060840 1.858668 0.022069
v 0.068541 1.839489 0.800002
v 0.068541 1.839489 0.022069
v 0.076380 1.820024 0.800002
v 0.076380 1.820024 0.022069
v 0.084367 1.800113 0.800002
v 0.084367 1.800113 0.022069
v 0.092513 1.779598 0.800002
v 0.092513 1.779598 0.022069
v 0.100829 1.758319 0.800002
v 0.100829 1.758319 0.022069
v 0.109326 1.736117 0.800002
v 0.109325 1.736117 0.022069
v 0.118013 1.712835 0.800002
v 0.118013 1.712835 0.022069
v 0.126901 1.688312 0.800002
v 0.126901 1.688312 0.022069
v 0.136002 1.662387 0.800002
v 0.136002 1.662387 0.022069
v 0.145326 1.634905 0.800002
v 0.145326 1.634905 0.022069
v 0.154882 1.605704 0.800002
v 0.154882 1.605704 0.022069
v 0.164683 1.574626 0.800002
v 0.164683 1.574626 0.022069
v 0.191070 1.489989 0.800002
v 0.191070 1.489989 0.022069
v 0.225103 1.382381 0.800002
v 0.225103 1.382381 0.022069
v 0.265520 1.255939 0.800002
v 0.265520 1.255939 0.022069
v 0.311059 1.114799 0.800002
v 0.311059 1.114799 0.022069
v 0.360458 0.963095 0.800002
v 0.360458 0.963095 0.022069
v 0.412456 0.804965 0.800002
v 0.412456 0.804965 0.022069
v 0.465790 0.644546 0.800002
v 0.465790 0.644546 0.022069
v 0.519198 0.485970 0.800002
v 0.519198 0.485970 0.022069
v 0.571418 0.333376 0.800002
v 0.571418 0.333376 0.022069
v 0.621189 0.190899 0.800002
v 0.621189 0.190899 0.022069
v 0.667248 0.062676 0.800002
v 0.667248 0.062676 0.022069
v 0.708333 -0.047160 0.800002
v 0.708333 -0.047160 0.022069
v 0.593452 -0.036048 0.800002
v 0.593452 -0.036048 0.022069
v 0.474191 -0.024183 0.800002
v 0.474191 -0.024183 0.022069
v 0.351897 -0.011703 0.800002
v 0.351897 -0.011703 0.022069
v 0.227917 0.001255 0.800002
v 0.227917 0.001255 0.022069
v 0.103597 0.014552 0.800002
v 0.103597 0.014552 0.022069
v -0.019715 0.028050 0.800002
v -0.019715 0.028050 0.022069
v -0.140673 0.041612 0.800002
v -0.140673 0.041612 0.022069
v -0.257929 0.055100 0.800002
v -0.257929 0.055100 0.022069
v -0.370138 0.068376 0.800002
v -0.370138 0.068375 0.022069
v -0.475952 0.081301 0.800002
v -0.475952 0.081301 0.022069
v -0.574024 0.093740 0.800002
v -0.574024 0.093740 0.022069
v -0.663008 0.105551 0.800002
v -0.663008 0.105551 0.022069
v -0.632171 0.165758 0.800002
v -0.632171 0.165758 0.022069
v -0.600835 0.225528 0.800002
v -0.600835 0.225528 0.022069
v -0.569139 0.284557 0.800002
v -0.569139 0.284557 0.022069
v -0.537220 0.342536 0.800002
v -0.537220 0.342536 0.022069
v -0.505216 0.399158 0.800002
v -0.505216 0.399158 0.022069
v -0.473265 0.454113 0.800002
v -0.473265 0.454113 0.022069
v -0.441505 0.507097 0.800002
v -0.441505 0.507097 0.022069
v -0.410074 0.557801 0.800002
v -0.410074 0.557801 0.022069
v -0.379110 0.605916 0.800002
v -0.379110 0.605916 0.022069
v -0.348750 0.651138 0.800002
v -0.348750 0.651138 0.022069
v -0.319132 0.693156 0.800002
v -0.319132 0.693156 0.022069
v -0.290394 0.731664 0.800002
v -0.290394 0.731664 0.022069
v -0.519460 0.835507 0.800002
v -0.519460 0.835507 0.022069
v -0.575905 0.750972 0.800002
v -0.575905 0.750972 0.022069
v -0.636072 0.656044 0.800002
v -0.636072 0.656044 0.022069
v -0.698847 0.552802 0.800002
v -0.698848 0.552802 0.022069
v -0.763118 0.443324 0.800002
v -0.763119 0.443324 0.022069
v -0.827771 0.329689 0.800002
v -0.827771 0.329689 0.022069
v -0.891692 0.213975 0.800002
v -0.891692 0.213975 0.022069
v -0.953768 0.098262 0.800002
v -0.953768 0.098262 0.022069
v -1.012885 -0.015373 0.800002
v -1.012885 -0.015373 0.022069
v -1.067930 -0.124851 0.800002
v -1.067930 -0.124851 0.022069
v -1.117789 -0.228093 0.800002
v -1.117789 -0.228093 0.022069
v -1.161348 -0.323022 0.800002
v -1.161348 -0.323022 0.022069
v -1.197495 -0.407556 0.800002
v -1.197495 -0.407556 0.022069
v -0.940941 -0.523617 0.800002
v -0.940941 -0.523617 0.022069
v -0.930637 -0.495505 0.800002
v -0.930637 -0.495505 0.022069
v -0.919590 -0.466195 0.800002
v -0.919590 -0.466195 0.022069
v -0.907822 -0.435760 0.800002
v -0.907822 -0.435760 0.022069
v -0.895354 -0.404276 0.800002
v -0.895354 -0.404276 0.022069
v -0.882208 -0.371816 0.800002
v -0.882208 -0.371816 0.022069
v -0.868404 -0.338455 0.800002
v -0.868404 -0.338455 0.022069
v -0.853963 -0.304267 0.800002
v -0.853964 -0.304267 0.022069
v -0.838908 -0.269325 0.800002
v -0.838908 -0.269325 0.022069
v -0.823259 -0.233705 0.800002
v -0.823259 -0.233705 0.022069
v -0.807037 -0.197481 0.800002
v -0.807037 -0.197481 0.022069
v -0.790263 -0.160726 0.800002
v -0.790263 -0.160726 0.022069
v -0.772960 -0.123515 0.800002
v -0.772960 -0.123515 0.022069
v -0.644531 -0.139793 0.800002
v -0.644531 -0.139794 0.022069
v -0.497119 -0.157790 0.800002
v -0.497119 -0.157790 0.022069
v -0.334776 -0.177059 0.800002
v -0.334776 -0.177059 0.022069
v -0.161552 -0.197156 0.800002
v -0.161552 -0.197156 0.022069
v 0.018502 -0.217634 0.800002
v 0.018502 -0.217634 0.022069
v 0.201334 -0.238048 0.800002
v 0.201334 -0.238048 0.022069
v 0.382893 -0.257954 0.800002
v 0.382893 -0.257954 0.022069
v 0.559129 -0.276905 0.800002
v 0.559129 -0.276905 0.022069
v 0.725990 -0.294455 0.800002
v 0.725990 -0.294455 0.022069
v 0.879425 -0.310161 0.800002
v 0.879425 -0.310161 0.022069
v 1.015383 -0.323577 0.800002
v 1.015383 -0.323577 0.022069
v 1.129814 -0.334256 0.800002
v 1.129814 -0.334256 0.022069
v 1.149150 -0.335967 0.800002
v 1.149150 -0.335967 0.022069
v 1.168953 -0.338017 0.800002
v 1.168953 -0.338017 0.022069
v 1.189180 -0.340364 0.800002
v 1.189180 -0.340364 0.022069
v 1.209789 -0.342966 0.800002
v 1.209789 -0.342966 0.022069
v 1.230737 -0.345778 0.800002
v 1.230737 -0.345778 0.022069
v 1.251982 -0.348762 0.800002
v 1.251982 -0.348762 0.022069
v 1.273482 -0.351874 0.800002
v 1.273482 -0.351874 0.022069
v 1.295194 -0.355069 0.800002
v 1.295194 -0.355069 0.022069
v 1.317075 -0.358308 0.800002
v 1.317075 -0.358308 0.022069
v 1.339084 -0.361546 0.800002
v 1.339084 -0.361546 0.022069
v 1.361177 -0.364741 0.800002
v 1.361177 -0.364741 0.022069
v 1.383313 -0.367852 0.800002
v 1.383313 -0.367852 0.022069
v 1.429127 -0.083810 0.800002
v 1.429127 -0.083810 0.022069
v 1.405981 -0.084450 0.800002
v 1.405981 -0.084450 0.022069
v 1.382422 -0.084857 0.800002
v 1.382422 -0.084857 0.022069
v 1.358546 -0.085051 0.800002
v 1.358546 -0.085051 0.022069
v 1.334446 -0.085054 0.800002
v 1.334446 -0.085055 0.022069
v 1.310219 -0.084888 0.800002
v 1.310219 -0.084888 0.022069
v 1.285960 -0.084574 0.800002
v 1.285960 -0.084574 0.022069
v 1.261765 -0.084132 0.800002
v 1.261765 -0.084132 0.022069
v 1.237729 -0.083584 0.800002
v 1.237729 -0.083584 0.022069
v 1.213948 -0.082951 0.800002
v 1.213948 -0.082951 0.022069
v 1.190516 -0.082254 0.800002
v 1.190516 -0.082255 0.022069
v 1.167530 -0.081516 0.800002
v 1.167530 -0.081516 0.022069
v 1.145085 -0.080756 0.800002
v 1.145085 -0.080756 0.022069
v 0.992374 -0.071594 0.800002
v 0.992374 -0.071594 0.022069
v -3.940176 0.728610 0.800002
v -3.940176 0.728610 0.022069
v -3.940176 1.324182 0.800002
v -3.940176 1.324182 0.022069
v -2.996425 1.324182 0.800002
v -2.996425 1.324182 0.022069
v -2.996425 0.728610 0.800002
v -2.996425 0.728610 0.022069
v -2.526077 1.040140 0.800002
v -2.526077 1.040140 0.022069
v -1.649518 1.040140 0.800002
v -1.649518 1.040140 0.022069
v -1.649518 1.223393 0.800002
v -1.649518 1.223393 0.022069
v -2.526077 1.223393 0.800002
v -2.526077 1.223393 0.022069
v -2.526077 0.640038 0.800002
v -2.526077 0.640037 0.022069
v -1.649518 0.640038 0.800002
v -1.649518 0.640037 0.022069
v -1.649518 0.820236 0.800002
v -1.649518 0.820236 0.022069
v -2.526077 0.820236 0.800002
v -2.526077 0.820236 0.022069
v -2.629920 1.437187 0.800002
v -2.629920 1.437187 0.022069
v -1.524296 1.437187 0.800002
v -1.524296 1.437187 0.022069
v -1.524296 1.626548 0.800002
v -1.524296 1.626548 0.022069
v -2.629920 1.626548 0.800002
v -2.629920 1.626548 0.022069
v -2.062698 2.126665 0.800002
v -2.062698 2.126665 0.022069
v -2.085012 2.094012 0.800002
v -2.085012 2.094012 0.022069
v -2.107221 2.060341 0.800002
v -2.107221 2.060341 0.022069
v -2.129143 2.025971 0.800002
v -2.129143 2.025971 0.022069
v -2.150598 1.991219 0.800002
v -2.150598 1.991218 0.022069
v -2.171407 1.956403 0.800002
v -2.171407 1.956403 0.022069
v -2.191388 1.921843 0.800002
v -2.191388 1.921842 0.022069
v -2.210362 1.887853 0.800002
v -2.210362 1.887853 0.022069
v -2.228148 1.854755 0.800002
v -2.228148 1.854755 0.022069
v -2.244566 1.822866 0.800002
v -2.244566 1.822866 0.022069
v -2.259436 1.792504 0.800002
v -2.259436 1.792504 0.022069
v -2.272577 1.763988 0.800002
v -2.272577 1.763988 0.022069
v -2.086271 1.657090 0.800002
v -2.086271 1.657090 0.022069
v -2.074478 1.685907 0.800002
v -2.074478 1.685907 0.022069
v -2.060649 1.717100 0.800002
v -2.060649 1.717100 0.022069
v -2.045038 1.750244 0.800002
v -2.045038 1.750244 0.022069
v -2.027901 1.784914 0.800002
v -2.027901 1.784914 0.022069
v -2.009491 1.820688 0.800002
v -2.009491 1.820688 0.022069
v -1.990062 1.857141 0.800002
v -1.990062 1.857141 0.022069
v -1.969871 1.893848 0.800002
v -1.969871 1.893848 0.022069
v -1.949170 1.930387 0.800002
v -1.949170 1.930387 0.022069
v -1.928215 1.966330 0.800002
v -1.928215 1.966329 0.022069
v -1.907260 2.001254 0.800002
v -1.907260 2.001254 0.022069
v -1.886559 2.034739 0.800002
v -1.886559 2.034738 0.022069
v -1.866367 2.066354 0.800002
v -1.866367 2.066354 0.022069
v -2.040457 2.157981 0.800002
v -2.040457 2.157981 0.022069
v -3.104192 1.565516 0.800002
v -3.104192 1.565515 0.022069
v -3.090173 1.605070 0.800002
v -3.090173 1.605070 0.022069
v -3.073735 1.647021 0.800002
v -3.073735 1.647021 0.022069
v -3.055134 1.690913 0.800002
v -3.055134 1.690913 0.022069
v -3.034624 1.736289 0.800002
v -3.034624 1.736289 0.022069
v -3.012460 1.782694 0.800002
v -3.012460 1.782694 0.022069
v -2.988896 1.829672 0.800002
v -2.988896 1.829672 0.022069
v -2.964187 1.876767 0.800002
v -2.964187 1.876767 0.022069
v -2.938586 1.923522 0.800002
v -2.938586 1.923522 0.022069
v -2.912350 1.969482 0.800002
v -2.912350 1.969482 0.022069
v -2.885731 2.014192 0.800002
v -2.885731 2.014191 0.022069
v -2.858986 2.057192 0.800002
v -2.858986 2.057192 0.022069
v -3.045293 2.136600 0.800002
v -3.045293 2.136600 0.022069
v -3.072922 2.095124 0.800002
v -3.072922 2.095124 0.022069
v -3.100636 2.051918 0.800002
v -3.100636 2.051918 0.022069
v -3.128138 2.007419 0.800002
v -3.128138 2.007418 0.022069
v -3.155131 1.962059 0.800002
v -3.155131 1.962059 0.022069
v -3.181318 1.916276 0.800002
v -3.181318 1.916276 0.022069
v -3.206402 1.870503 0.800002
v -3.206402 1.870503 0.022069
v -3.230087 1.825176 0.800002
v -3.230087 1.825176 0.022069
v -3.252074 1.780729 0.800002
v -3.252074 1.780729 0.022069
v -3.272068 1.737597 0.800002
v -3.272068 1.737597 0.022069
v -3.289771 1.696216 0.800002
v -3.289771 1.696215 0.022069
v -3.304887 1.657018 0.800002
v -3.304887 1.657017 0.022069
v -3.317117 1.620440 0.800002
v -3.317117 1.620439 0.022069
v -3.121648 1.528813 0.800002
v -3.121648 1.528813 0.022069
v -3.646972 1.528813 0.800002
v -3.646972 1.528813 0.022069
v -3.669458 1.574026 0.800002
v -3.669458 1.574026 0.022069
v -3.692474 1.622251 0.800002
v -3.692474 1.622251 0.022069
v -3.715787 1.672935 0.800002
v -3.715787 1.672935 0.022069
v -3.739164 1.725528 0.800002
v -3.739164 1.725528 0.022069
v -3.762371 1.779478 0.800002
v -3.762371 1.779478 0.022069
v -3.785175 1.834235 0.800002
v -3.785175 1.834235 0.022069
v -3.807343 1.889246 0.800002
v -3.807343 1.889246 0.022069
v -3.828641 1.943960 0.800002
v -3.828641 1.943960 0.022069
v -3.848836 1.997827 0.800002
v -3.848836 1.997827 0.022069
v -3.867696 2.050291 0.800002
v -3.867696 2.050291 0.022069
v -3.884985 2.100806 0.800002
v -3.884985 2.100806 0.022069
v -3.900472 2.148818 0.800002
v -3.900472 2.148818 0.022069
v -4.123429 2.069409 0.800002
v -4.123429 2.069409 0.022069
v -4.104737 2.023951 0.800002
v -4.104737 2.023950 0.022069
v -4.085378 1.977824 0.800002
v -4.085378 1.977824 0.022069
v -4.065447 1.931253 0.800002
v -4.065447 1.931253 0.022069
v -4.045038 1.884459 0.800002
v -4.045038 1.884459 0.022069
v -4.024247 1.837666 0.800002
v -4.024247 1.837665 0.022069
v -4.003170 1.791093 0.800002
v -4.003170 1.791093 0.022069
v -3.981901 1.744967 0.800002
v -3.981901 1.744967 0.022069
v -3.960538 1.699511 0.800002
v -3.960538 1.699510 0.022069
v -3.939175 1.654943 0.800002
v -3.939175 1.654943 0.022069
v -3.917907 1.611489 0.800002
v -3.917907 1.611489 0.022069
v -3.896830 1.569372 0.800002
v -3.896830 1.569372 0.022069
v -3.876039 1.528813 0.800002
v -3.876039 1.528813 0.022069
v -4.160080 1.528813 0.800002
v -4.160080 1.528813 0.022069
v -4.160080 0.527032 0.800002
v -4.160080 0.527032 0.022069
v -3.784412 0.527032 0.800002
v -3.784412 0.527032 0.022069
v -3.784412 -0.328147 0.800002
v -3.784412 -0.328147 0.022069
v -3.784686 -0.346632 0.800002
v -3.784686 -0.346632 0.022069
v -3.785586 -0.362508 0.800002
v -3.785586 -0.362508 0.022069
v -3.787228 -0.375965 0.800002
v -3.787228 -0.375965 0.022069
v -3.789729 -0.387196 0.800002
v -3.789729 -0.387196 0.022069
v -3.793205 -0.396390 0.800002
v -3.793205 -0.396390 0.022069
v -3.797774 -0.403740 0.800002
v -3.797774 -0.403740 0.022069
v -3.803552 -0.409434 0.800002
v -3.803552 -0.409434 0.022069
v -3.810655 -0.413666 0.800002
v -3.810655 -0.413666 0.022069
v -3.819201 -0.416624 0.800002
v -3.819201 -0.416624 0.022069
v -3.829306 -0.418501 0.800002
v -3.829306 -0.418501 0.022069
v -3.841086 -0.419488 0.800002
v -3.841086 -0.419488 0.022069
v -3.854659 -0.419774 0.800002
v -3.854659 -0.419774 0.022069
v -3.864341 -0.419774 0.800002
v -3.864341 -0.419774 0.022069
v -3.877650 -0.419774 0.800002
v -3.877650 -0.419774 0.022069
v -3.893887 -0.419774 0.800002
v -3.893887 -0.419774 0.022069
v -3.912350 -0.419774 0.800002
v -3.912350 -0.419774 0.022069
v -3.932340 -0.419774 0.800002
v -3.932340 -0.419774 0.022069
v -3.953157 -0.419774 0.800002
v -3.953157 -0.419774 0.022069
v -3.974102 -0.419774 0.800002
v -3.974102 -0.419774 0.022069
v -3.994474 -0.419774 0.800002
v -3.994474 -0.419774 0.022069
v -4.013574 -0.419774 0.800002
v -4.013574 -0.419774 0.022069
v -4.030700 -0.419774 0.800002
v -4.030700 -0.419774 0.022069
v -4.045155 -0.419774 0.800002
v -4.045155 -0.419774 0.022069
v -4.056237 -0.419774 0.800002
v -4.056237 -0.419774 0.022069
v -4.071216 -0.418678 0.800002
v -4.071216 -0.418678 0.022069
v -4.084191 -0.414824 0.800002
v -4.084191 -0.414824 0.022069
v -4.095321 -0.407366 0.800002
v -4.095321 -0.407366 0.022069
v -4.104765 -0.395453 0.800002
v -4.104765 -0.395453 0.022069
v -4.112681 -0.378238 0.800002
v -4.112681 -0.378238 0.022069
v -4.119230 -0.354872 0.800002
v -4.119230 -0.354872 0.022069
v -4.124569 -0.324507 0.800002
v -4.124569 -0.324507 0.022069
v -4.128859 -0.286293 0.800002
v -4.128859 -0.286293 0.022069
v -4.132257 -0.239384 0.800002
v -4.132257 -0.239384 0.022069
v -4.134925 -0.182931 0.800002
v -4.134925 -0.182931 0.022069
v -4.137020 -0.116085 0.800002
v -4.137020 -0.116085 0.022069
v -4.138700 -0.037997 0.800002
v -4.138700 -0.037997 0.022069
v -4.150360 -0.047789 0.800002
v -4.150360 -0.047789 0.022069
v -4.163770 -0.057283 0.800002
v -4.163770 -0.057284 0.022069
v -4.178643 -0.066440 0.800002
v -4.178643 -0.066440 0.022069
v -4.194694 -0.075213 0.800002
v -4.194694 -0.075214 0.022069
v -4.211635 -0.083563 0.800002
v -4.211635 -0.083563 0.022069
v -4.229181 -0.091446 0.800002
v -4.229181 -0.091446 0.022069
v -4.247045 -0.098820 0.800002
v -4.247045 -0.098820 0.022069
v -4.264941 -0.105642 0.800002
v -4.264941 -0.105642 0.022069
v -4.282582 -0.111871 0.800002
v -4.282582 -0.111871 0.022069
v -4.299683 -0.117463 0.800002
v -4.299683 -0.117463 0.022069
v -4.315956 -0.122376 0.800002
v -4.315956 -0.122376 0.022069
v -4.331116 -0.126570 0.800002
v -4.331116 -0.126570 0.022069
v -4.325723 -0.219771 0.800002
v -4.325723 -0.219772 0.022069
v -4.318517 -0.301310 0.800002
v -4.318517 -0.301310 0.022069
v -4.309211 -0.371861 0.800002
v -4.309211 -0.371861 0.022069
v -4.297519 -0.432104 0.800002
v -4.297519 -0.432104 0.022069
v -4.283155 -0.482717 0.800002
v -4.283155 -0.482717 0.022069
v -4.265832 -0.524381 0.800002
v -4.265832 -0.524381 0.022069
v -4.245264 -0.557772 0.800002
v -4.245264 -0.557772 0.022069
v -4.221164 -0.583569 0.800002
v -4.221164 -0.583569 0.022069
v -4.193247 -0.602454 0.800002
v -4.193247 -0.602454 0.022069
v -4.161225 -0.615102 0.800002
v -4.161225 -0.615102 0.022069
v -4.124814 -0.622193 0.800002
v -4.124814 -0.622193 0.022069
v -4.083724 -0.624406 0.800002
v -4.083724 -0.624406 0.022069
v -4.069809 -0.624406 0.800002
v -4.069809 -0.624406 0.022069
v -4.051556 -0.624406 0.800002
v -4.051556 -0.624406 0.022069
v -4.029846 -0.624406 0.800002
v -4.029846 -0.624406 0.022069
v -4.005559 -0.624406 0.800002
v -4.005559 -0.624406 0.022069
v -3.979576 -0.624406 0.800002
v -3.979576 -0.624406 0.022069
v -3.952775 -0.624406 0.800002
v -3.952775 -0.624406 0.022069
v -3.926039 -0.624406 0.800002
v -3.926039 -0.624406 0.022069
v -3.900246 -0.624406 0.800002
v -3.900246 -0.624406 0.022069
v -3.876277 -0.624406 0.800002
v -3.876277 -0.624406 0.022069
v -3.855012 -0.624406 0.800002
v -3.855012 -0.624406 0.022069
v -3.837332 -0.624406 0.800002
v -3.837332 -0.624406 0.022069
v -3.824117 -0.624406 0.800002
v -3.824117 -0.624406 0.022069
v -3.776082 -0.622952 0.800002
v -3.776082 -0.622952 0.022069
v -3.734060 -0.618382 0.800002
v -3.734060 -0.618382 0.022069
v -3.697701 -0.610374 0.800002
v -3.697701 -0.610375 0.022069
v -3.666655 -0.598615 0.800002
v -3.666655 -0.598615 0.022069
v -3.640573 -0.582781 0.800002
v -3.640573 -0.582781 0.022069
v -3.619103 -0.562558 0.800002
v -3.619103 -0.562558 0.022069
v -3.601896 -0.537626 0.800002
v -3.601896 -0.537626 0.022069
v -3.588603 -0.507667 0.800002
v -3.588603 -0.507667 0.022069
v -3.578873 -0.472362 0.800002
v -3.578873 -0.472362 0.022069
v -3.572356 -0.431396 0.800002
v -3.572356 -0.431396 0.022069
v -3.568703 -0.384449 0.800002
v -3.568703 -0.384449 0.022069
v -3.567563 -0.331201 0.800002
v -3.567563 -0.331201 0.022069
v -3.567563 0.527032 0.800002
v -3.567563 0.527032 0.022069
v -3.317117 0.527032 0.800002
v -3.317117 0.527032 0.022069
v -3.300804 0.400295 0.800002
v -3.300804 0.400295 0.022069
v -3.280270 0.276940 0.800002
v -3.280270 0.276940 0.022069
v -3.254602 0.157425 0.800002
v -3.254602 0.157425 0.022069
v -3.222890 0.042204 0.800002
v -3.222890 0.042204 0.022069
v -3.184221 -0.068265 0.800002
v -3.184221 -0.068265 0.022069
v -3.137683 -0.173528 0.800002
v -3.137683 -0.173528 0.022069
v -3.082364 -0.273127 0.800002
v -3.082364 -0.273127 0.022069
v -3.017353 -0.366608 0.800002
v -3.017353 -0.366608 0.022069
v -2.941736 -0.453513 0.800002
v -2.941736 -0.453513 0.022069
v -2.854603 -0.533388 0.800002
v -2.854603 -0.533388 0.022069
v -2.755040 -0.605775 0.800002
v -2.755040 -0.605775 0.022069
v -2.642137 -0.670218 0.800002
v -2.642137 -0.670218 0.022069
v -2.634531 -0.656763 0.800002
v -2.634531 -0.656763 0.022069
v -2.625579 -0.642489 0.800002
v -2.625579 -0.642489 0.022069
v -2.615460 -0.627603 0.800002
v -2.615460 -0.627603 0.022069
v -2.604355 -0.612302 0.800002
v -2.604355 -0.612302 0.022069
v -2.592444 -0.596789 0.800002
v -2.592444 -0.596789 0.022069
v -2.579907 -0.581264 0.800002
v -2.579907 -0.581264 0.022069
v -2.566925 -0.565932 0.800002
v -2.566925 -0.565932 0.022069
v -2.553678 -0.550992 0.800002
v -2.553678 -0.550992 0.022069
v -2.540346 -0.536645 0.800002
v -2.540346 -0.536645 0.022069
v -2.527109 -0.523094 0.800002
v -2.527109 -0.523094 0.022069
v -2.514148 -0.510539 0.800002
v -2.514148 -0.510539 0.022069
v -2.501643 -0.499183 0.800002
v -2.501643 -0.499183 0.022069
v -2.604933 -0.444344 0.800002
v -2.604933 -0.444344 0.022069
v -2.695487 -0.382443 0.800002
v -2.695487 -0.382444 0.022069
v -2.774184 -0.313926 0.800002
v -2.774184 -0.313926 0.022069
v -2.841905 -0.239236 0.800002
v -2.841905 -0.239236 0.022069
v -2.899530 -0.158819 0.800002
v -2.899530 -0.158819 0.022069
v -2.947940 -0.073121 0.800002
v -2.947940 -0.073121 0.022069
v -2.988014 0.017413 0.800002
v -2.988014 0.017413 0.022069
v -3.020633 0.112338 0.800002
v -3.020633 0.112338 0.022069
v -3.046677 0.211207 0.800002
v -3.046677 0.211207 0.022069
v -3.067026 0.313576 0.800002
v -3.067026 0.313576 0.022069
v -3.082560 0.418999 0.800002
v -3.082560 0.418999 0.022069
v -3.094160 0.527032 0.800002
v -3.094160 0.527032 0.022069
v -2.785685 0.527032 0.800002
v -2.785685 0.527032 0.022069
v -2.785685 1.528813 0.800002
v -2.785685 1.528813 0.022069
v -3.115540 1.528813 0.800002
v -3.115540 1.528813 0.022069
v -2.544402 -0.477804 0.800002
v -2.544402 -0.477804 0.022069
v -1.841933 -0.477804 0.800002
v -1.841933 -0.477804 0.022069
v -1.841933 -0.624406 0.800002
v -1.841933 -0.624406 0.022069
v -1.646464 -0.624406 0.800002
v -1.646464 -0.624406 0.022069
v -1.646464 0.414026 0.800002
v -1.646464 0.414026 0.022069
v -2.544402 0.414026 0.800002
v -2.544402 0.414026 0.022069
v -2.342824 -0.285388 0.800002
v -2.342824 -0.285388 0.022069
v -2.342824 0.221611 0.800002
v -2.342824 0.221611 0.022069
v -1.841933 0.221611 0.800002
v -1.841933 0.221611 0.022069
v -1.841933 -0.285388 0.800002
v -1.841933 -0.285388 0.022069
v -4.914470 0.349888 0.800002
v -4.914470 0.349888 0.022069
v -5.485608 0.349888 0.800002
v -5.485608 0.349888 0.022069
v -5.485608 0.957675 0.800002
v -5.485608 0.957675 0.022069
v -4.914470 0.957675 0.800002
v -4.914470 0.957675 0.022069
v -4.914470 1.748716 0.800002
v -4.914470 1.748716 0.022069
v -4.914470 1.165362 0.800002
v -4.914470 1.165362 0.022069
v -5.485608 1.165362 0.800002
v -5.485608 1.165362 0.022069
v -5.485608 1.748716 0.800002
v -5.485608 1.748716 0.022069
v -5.699402 0.136093 0.800002
v -5.699402 0.136093 0.022069
v -4.914470 0.136093 0.800002
v -4.914470 0.136093 0.022069
v -4.914470 -0.151003 0.800002
v -4.914470 -0.151003 0.022069
v -4.697621 -0.151003 0.800002
v -4.697621 -0.151003 0.022069
v -4.697621 1.959457 0.800002
v -4.697621 1.959457 0.022069
v -5.699402 1.959457 0.800002
v -5.699402 1.959457 0.022069
v -6.206401 1.272260 0.800002
v -6.206401 1.272259 0.022069
v -7.061581 1.272260 0.800002
v -7.061581 1.272259 0.022069
v -7.061581 1.800638 0.800002
v -7.061581 1.800638 0.022069
v -6.206401 1.800638 0.800002
v -6.206401 1.800638 0.022069
v -7.287592 -0.361744 0.800002
v -7.287592 -0.361744 0.022069
v -7.286873 -0.396187 0.800002
v -7.286873 -0.396187 0.022069
v -7.284650 -0.427820 0.800002
v -7.284650 -0.427820 0.022069
v -7.280815 -0.456758 0.800002
v -7.280815 -0.456758 0.022069
v -7.275261 -0.483121 0.800002
v -7.275261 -0.483121 0.022069
v -7.267884 -0.507022 0.800002
v -7.267884 -0.507022 0.022069
v -7.258577 -0.528580 0.800002
v -7.258577 -0.528580 0.022069
v -7.247233 -0.547911 0.800002
v -7.247233 -0.547911 0.022069
v -7.233747 -0.565132 0.800002
v -7.233747 -0.565132 0.022069
v -7.218013 -0.580359 0.800002
v -7.218013 -0.580359 0.022069
v -7.199925 -0.593708 0.800002
v -7.199925 -0.593708 0.022069
v -7.179376 -0.605298 0.800002
v -7.179376 -0.605298 0.022069
v -7.156261 -0.615243 0.800002
v -7.156261 -0.615243 0.022069
v -7.129707 -0.623783 0.800002
v -7.129707 -0.623783 0.022069
v -7.100353 -0.631136 0.800002
v -7.100353 -0.631136 0.022069
v -7.068072 -0.637385 0.800002
v -7.068072 -0.637386 0.022069
v -7.032736 -0.642618 0.800002
v -7.032736 -0.642618 0.022069
v -6.994219 -0.646915 0.800002
v -6.994219 -0.646916 0.022069
v -6.952393 -0.650366 0.800002
v -6.952393 -0.650366 0.022069
v -6.907131 -0.653053 0.800002
v -6.907131 -0.653053 0.022069
v -6.858306 -0.655061 0.800002
v -6.858306 -0.655061 0.022069
v -6.805790 -0.656475 0.800002
v -6.805790 -0.656475 0.022069
v -6.749457 -0.657380 0.800002
v -6.749457 -0.657380 0.022069
v -6.689179 -0.657861 0.800002
v -6.689179 -0.657861 0.022069
v -6.624828 -0.658002 0.800002
v -6.624828 -0.658002 0.022069
v -6.621922 -0.641306 0.800002
v -6.621922 -0.641306 0.022069
v -6.617871 -0.623444 0.800002
v -6.617871 -0.623444 0.022069
v -6.612802 -0.604649 0.800002
v -6.612802 -0.604649 0.022069
v -6.606842 -0.585153 0.800002
v -6.606842 -0.585153 0.022069
v -6.600119 -0.565191 0.800002
v -6.600119 -0.565191 0.022069
v -6.592759 -0.544996 0.800002
v -6.592759 -0.544996 0.022069
v -6.584890 -0.524801 0.800002
v -6.584890 -0.524801 0.022069
v -6.576640 -0.504839 0.800002
v -6.576640 -0.504839 0.022069
v -6.568135 -0.485344 0.800002
v -6.568135 -0.485344 0.022069
v -6.559502 -0.466548 0.800002
v -6.559502 -0.466548 0.022069
v -6.550869 -0.448686 0.800002
v -6.550869 -0.448686 0.022069
v -6.542365 -0.431990 0.800002
v -6.542365 -0.431990 0.022069
v -6.591791 -0.434032 0.800002
v -6.591791 -0.434033 0.022069
v -6.640496 -0.435610 0.800002
v -6.640496 -0.435610 0.022069
v -6.688012 -0.436762 0.800002
v -6.688012 -0.436762 0.022069
v -6.733875 -0.437532 0.800002
v -6.733875 -0.437533 0.022069
v -6.777617 -0.437963 0.800002
v -6.777617 -0.437963 0.022069
v -6.818771 -0.438099 0.800002
v -6.818771 -0.438099 0.022069
v -6.856871 -0.437978 0.800002
v -6.856871 -0.437978 0.022069
v -6.891450 -0.437646 0.800002
v -6.891450 -0.437646 0.022069
v -6.922041 -0.437144 0.800002
v -6.922041 -0.437144 0.022069
v -6.948179 -0.436515 0.800002
v -6.948179 -0.436515 0.022069
v -6.969396 -0.435802 0.800002
v -6.969396 -0.435802 0.022069
v -6.985225 -0.435045 0.800002
v -6.985225 -0.435045 0.022069
v -6.998276 -0.434651 0.800002
v -6.998276 -0.434652 0.022069
v -7.009970 -0.433433 0.800002
v -7.009970 -0.433433 0.022069
v -7.020349 -0.431322 0.800002
v -7.020349 -0.431322 0.022069
v -7.029455 -0.428257 0.800002
v -7.029455 -0.428257 0.022069
v -7.037331 -0.424174 0.800002
v -7.037331 -0.424174 0.022069
v -7.044019 -0.419010 0.800002
v -7.044019 -0.419010 0.022069
v -7.049562 -0.412700 0.800002
v -7.049562 -0.412700 0.022069
v -7.054002 -0.405181 0.800002
v -7.054002 -0.405181 0.022069
v -7.057381 -0.396390 0.800002
v -7.057381 -0.396390 0.022069
v -7.059743 -0.386262 0.800002
v -7.059743 -0.386262 0.022069
v -7.061129 -0.374734 0.800002
v -7.061129 -0.374734 0.022069
v -7.061581 -0.361744 0.800002
v -7.061581 -0.361744 0.022069
v -7.061581 0.316291 0.800002
v -7.061581 0.316291 0.022069
v -6.157534 0.316291 0.800002
v -6.157534 0.316291 0.022069
v -6.138127 0.225362 0.800002
v -6.138127 0.225362 0.022069
v -6.114775 0.134551 0.800002
v -6.114775 0.134551 0.022069
v -6.087096 0.044229 0.800002
v -6.087096 0.044229 0.022069
v -6.054708 -0.045237 0.800002
v -6.054708 -0.045237 0.022069
v -6.017231 -0.133471 0.800002
v -6.017231 -0.133471 0.022069
v -5.974281 -0.220105 0.800002
v -5.974281 -0.220105 0.022069
v -5.925477 -0.304766 0.800002
v -5.925477 -0.304766 0.022069
v -5.870438 -0.387082 0.800002
v -5.870438 -0.387082 0.022069
v -5.808781 -0.466683 0.800002
v -5.808781 -0.466684 0.022069
v -5.740125 -0.543200 0.800002
v -5.740125 -0.543200 0.022069
v -5.664088 -0.616260 0.800002
v -5.664088 -0.616260 0.022069
v -5.580288 -0.685490 0.800002
v -5.580288 -0.685490 0.022069
v -5.570858 -0.672741 0.800002
v -5.570858 -0.672741 0.022069
v -5.559573 -0.659091 0.800002
v -5.559573 -0.659091 0.022069
v -5.546739 -0.644783 0.800002
v -5.546739 -0.644783 0.022069
v -5.532665 -0.630062 0.800002
v -5.532665 -0.630062 0.022069
v -5.517657 -0.615170 0.800002
v -5.517657 -0.615170 0.022069
v -5.502024 -0.600354 0.800002
v -5.502024 -0.600354 0.022069
v -5.486072 -0.585854 0.800002
v -5.486072 -0.585854 0.022069
v -5.470110 -0.571918 0.800002
v -5.470110 -0.571918 0.022069
v -5.454445 -0.558788 0.800002
v -5.454445 -0.558788 0.022069
v -5.439384 -0.546707 0.800002
v -5.439384 -0.546707 0.022069
v -5.425236 -0.535920 0.800002
v -5.425236 -0.535920 0.022069
v -5.412306 -0.526670 0.800002
v -5.412306 -0.526671 0.022069
v -5.532615 -0.424398 0.800002
v -5.532615 -0.424399 0.022069
v -5.634895 -0.315266 0.800002
v -5.634895 -0.315266 0.022069
v -5.720590 -0.200300 0.800002
v -5.720590 -0.200300 0.022069
v -5.791141 -0.080530 0.800002
v -5.791141 -0.080530 0.022069
v -5.847991 0.043016 0.800002
v -5.847991 0.043016 0.022069
v -5.892581 0.169307 0.800002
v -5.892581 0.169307 0.022069
v -5.926353 0.297318 0.800002
v -5.926353 0.297318 0.022069
v -5.950752 0.426017 0.800002
v -5.950752 0.426017 0.022069
v -5.967218 0.554378 0.800002
v -5.967218 0.554378 0.022069
v -5.977194 0.681369 0.800002
v -5.977194 0.681369 0.022069
v -5.982121 0.805965 0.800002
v -5.982121 0.805965 0.022069
v -5.983444 0.927134 0.800002
v -5.983444 0.927133 0.022069
v -5.983444 2.014433 0.800002
v -5.983444 2.014433 0.022069
v -7.287592 2.014433 0.800002
v -7.287592 2.014433 0.022069
v -6.206401 0.924079 0.800002
v -6.206401 0.924079 0.022069
v -6.206333 0.892526 0.800002
v -6.206333 0.892526 0.022069
v -6.206105 0.860506 0.800002
v -6.206105 0.860506 0.022069
v -6.205687 0.828062 0.800002
v -6.205687 0.828062 0.022069
v -6.205045 0.795238 0.800002
v -6.205045 0.795238 0.022069
v -6.204149 0.762073 0.800002
v -6.204149 0.762073 0.022069
v -6.202966 0.728609 0.800002
v -6.202966 0.728609 0.022069
v -6.201465 0.694893 0.800002
v -6.201465 0.694893 0.022069
v -6.199615 0.660964 0.800002
v -6.199615 0.660964 0.022069
v -6.197382 0.626866 0.800002
v -6.197382 0.626866 0.022069
v -6.194736 0.592641 0.800002
v -6.194736 0.592641 0.022069
v -6.191645 0.558331 0.800002
v -6.191645 0.558330 0.022069
v -6.188076 0.523978 0.800002
v -6.188076 0.523978 0.022069
v -7.061581 0.523978 0.800002
v -7.061581 0.523978 0.022069
v -7.061581 1.064573 0.800002
v -7.061581 1.064573 0.022069
v -6.206401 1.064573 0.800002
v -6.206401 1.064573 0.022069
vn -0.0000 -0.0000 -1.0000
vn -0.0000 -0.0000 1.0000
vn 0.0001 -0.0000 1.0000
vn -0.0001 -0.0000 1.0000
vn 0.3347 -0.9423 -0.0000
vn 0.8889 -0.4580 -0.0000
vn 0.8839 -0.4677 -0.0000
vn 0.8791 -0.4766 -0.0000
vn 0.8744 -0.4852 -0.0000
vn 0.8697 -0.4936 -0.0000
vn 0.8647 -0.5023 -0.0000
vn 0.8592 -0.5116 -0.0000
vn 0.8532 -0.5216 -0.0000
vn 0.8462 -0.5329 -0.0000
vn 0.8379 -0.5459 -0.0000
vn 0.8277 -0.5612 -0.0000
vn 0.9617 0.2741 -0.0000
vn -0.2774 0.9607 -0.0000
vn -0.8296 0.5584 -0.0000
vn -0.8365 0.5480 -0.0000
vn -0.8423 0.5390 -0.0000
vn -0.8475 0.5308 -0.0000
vn -0.8524 0.5229 -0.0000
vn -0.8571 0.5151 -0.0000
vn -0.8619 0.5070 -0.0000
vn -0.8670 0.4983 -0.0000
vn -0.8725 0.4886 -0.0000
vn -0.8787 0.4774 -0.0000
vn -0.8860 0.4638 -0.0000
vn -0.9429 -0.3329 -0.0000
vn 0.3312 -0.9435 -0.0000
vn 0.8862 -0.4634 -0.0000
vn 0.8819 -0.4715 -0.0000
vn 0.8773 -0.4800 -0.0000
vn 0.8722 -0.4892 -0.0000
vn 0.8665 -0.4991 -0.0000
vn 0.8601 -0.5102 -0.0000
vn 0.8527 -0.5224 -0.0000
vn 0.8440 -0.5363 -0.0000
vn 0.8337 -0.5522 -0.0000
vn 0.8213 -0.5705 -0.0000
vn 0.8059 -0.5921 -0.0000
vn 0.9673 0.2538 -0.0000
vn -0.2741 0.9617 -0.0000
vn -0.8251 0.5650 -0.0000
vn -0.8309 0.5564 -0.0000
vn -0.8360 0.5488 -0.0000
vn -0.8406 0.5417 -0.0000
vn -0.8450 0.5347 -0.0000
vn -0.8495 0.5276 -0.0000
vn -0.8541 0.5201 -0.0000
vn -0.8592 0.5117 -0.0000
vn -0.8649 0.5020 -0.0000
vn -0.8715 0.4903 -0.0000
vn -0.8797 0.4756 -0.0000
vn -0.9450 -0.3271 -0.0000
vn -0.9456 -0.3252 -0.0000
vn -0.9454 -0.3258 -0.0000
vn -0.9447 -0.3281 -0.0000
vn -0.9434 -0.3317 -0.0000
vn -0.9416 -0.3367 -0.0000
vn -0.9393 -0.3431 -0.0000
vn -0.9365 -0.3506 -0.0000
vn -0.9332 -0.3594 -0.0000
vn -0.9293 -0.3694 -0.0000
vn -0.9248 -0.3805 -0.0000
vn -0.9196 -0.3928 -0.0000
vn -0.8364 0.5480 -0.0000
vn 0.0017 1.0000 -0.0000
vn 0.0069 1.0000 -0.0000
vn 0.0137 0.9999 -0.0000
vn 0.0207 0.9998 -0.0000
vn 0.0282 0.9996 -0.0000
vn 0.0363 0.9993 -0.0000
vn 0.0453 0.9990 -0.0000
vn 0.0553 0.9985 -0.0000
vn 0.0668 0.9978 -0.0000
vn 0.0801 0.9968 -0.0000
vn 0.0958 0.9954 -0.0000
vn 0.1145 0.9934 -0.0000
vn -0.6615 0.7499 -0.0000
vn -0.6854 -0.7282 -0.0000
vn 0.0571 -0.9984 -0.0000
vn 0.0506 -0.9987 -0.0000
vn 0.0448 -0.9990 -0.0000
vn 0.0396 -0.9992 -0.0000
vn 0.0348 -0.9994 -0.0000
vn 0.0303 -0.9995 -0.0000
vn 0.0259 -0.9997 -0.0000
vn 0.0215 -0.9998 -0.0000
vn 0.0169 -0.9999 -0.0000
vn 0.0120 -0.9999 -0.0000
vn 0.0064 -1.0000 -0.0000
vn 0.0017 -1.0000 -0.0000
vn -0.6759 -0.7370 -0.0000
vn -0.9929 -0.1189 -0.0000
vn -0.9824 -0.1868 -0.0000
vn -0.9658 -0.2594 -0.0000
vn -0.9420 -0.3357 -0.0000
vn -0.9104 -0.4138 -0.0000
vn -0.8709 -0.4915 -0.0000
vn -0.8240 -0.5665 -0.0000
vn -0.7712 -0.6366 -0.0000
vn -0.7142 -0.7000 -0.0000
vn -0.6552 -0.7555 -0.0000
vn -0.5964 -0.8027 -0.0000
vn -0.0020 -1.0000 -0.0000
vn 0.9938 0.1109 -0.0000
vn 0.3801 0.9249 -0.0000
vn 0.4043 0.9146 -0.0000
vn 0.4275 0.9040 -0.0000
vn 0.4499 0.8931 -0.0000
vn 0.4719 0.8816 -0.0000
vn 0.4936 0.8697 -0.0000
vn 0.5154 0.8569 -0.0000
vn 0.5375 0.8433 -0.0000
vn 0.5600 0.8285 -0.0000
vn 0.5834 0.8122 -0.0000
vn 0.6078 0.7941 -0.0000
vn 0.6225 0.7826 -0.0000
vn 0.6480 0.7617 -0.0000
vn 0.6945 0.7195 -0.0000
vn 0.7419 0.6705 -0.0000
vn 0.7886 0.6149 -0.0000
vn 0.8330 0.5533 -0.0000
vn 0.8736 0.4866 -0.0000
vn 0.9094 0.4160 -0.0000
vn 0.9393 0.3432 -0.0000
vn 0.9630 0.2697 -0.0000
vn 0.9804 0.1970 -0.0000
vn 0.9920 0.1265 -0.0000
vn 0.7389 -0.6738 -0.0000
vn -0.5075 -0.8617 -0.0000
vn -0.8672 -0.4980 -0.0000
vn -0.8525 -0.5227 -0.0000
vn -0.8382 -0.5454 -0.0000
vn -0.8238 -0.5669 -0.0000
vn -0.8090 -0.5879 -0.0000
vn -0.7933 -0.6089 -0.0000
vn -0.7762 -0.6305 -0.0000
vn -0.7571 -0.6533 -0.0000
vn -0.7351 -0.6780 -0.0000
vn -0.7089 -0.7053 -0.0000
vn -0.6768 -0.7361 -0.0000
vn -0.0912 -0.9958 -0.0000
vn 0.9980 -0.0625 -0.0000
vn 0.6390 0.7692 -0.0000
vn 0.6821 0.7312 -0.0000
vn 0.7163 0.6978 -0.0000
vn 0.7440 0.6682 -0.0000
vn 0.7668 0.6419 -0.0000
vn 0.7861 0.6182 -0.0000
vn 0.8027 0.5964 -0.0000
vn 0.8173 0.5762 -0.0000
vn 0.8305 0.5569 -0.0000
vn 0.8430 0.5380 -0.0000
vn 0.8551 0.5185 -0.0000
vn 0.8736 0.4867 -0.0000
vn 0.8909 0.4542 -0.0000
vn 0.9009 0.4340 -0.0000
vn 0.9100 0.4146 -0.0000
vn 0.9182 0.3961 -0.0000
vn 0.9256 0.3784 -0.0000
vn 0.9324 0.3614 -0.0000
vn 0.9385 0.3452 -0.0000
vn 0.9442 0.3295 -0.0000
vn 0.9493 0.3144 -0.0000
vn 0.9540 0.2997 -0.0000
vn 0.9584 0.2855 -0.0000
vn 0.9596 0.2812 -0.0000
vn 0.9616 0.2743 -0.0000
vn 0.9669 0.2550 -0.0000
vn 0.9717 0.2362 -0.0000
vn 0.9760 0.2179 -0.0000
vn 0.9798 0.1998 -0.0000
vn 0.9833 0.1821 -0.0000
vn 0.9864 0.1646 -0.0000
vn 0.9891 0.1472 -0.0000
vn 0.9915 0.1297 -0.0000
vn 0.9937 0.1122 -0.0000
vn 0.9955 0.0946 -0.0000
vn 0.6018 0.7986 -0.0000
vn -0.8761 0.4821 -0.0000
vn -0.9325 -0.3613 -0.0000
vn -0.9336 -0.3584 -0.0000
vn -0.9346 -0.3556 -0.0000
vn -0.9356 -0.3530 -0.0000
vn -0.9366 -0.3505 -0.0000
vn -0.9375 -0.3479 -0.0000
vn -0.9384 -0.3454 -0.0000
vn -0.9394 -0.3428 -0.0000
vn -0.9404 -0.3400 -0.0000
vn -0.9415 -0.3371 -0.0000
vn -0.9426 -0.3339 -0.0000
vn -0.9444 -0.3287 -0.0000
vn -0.0000 1.0000 -0.0000
vn 0.0025 1.0000 -0.0000
vn 0.0098 1.0000 -0.0000
vn 0.0195 0.9998 -0.0000
vn 0.0290 0.9996 -0.0000
vn 0.0381 0.9993 -0.0000
vn 0.0470 0.9989 -0.0000
vn 0.0633 0.9980 -0.0000
vn 0.0706 0.9975 -0.0000
vn 0.0772 0.9970 -0.0000
vn 0.0828 0.9966 -0.0000
vn 0.0873 0.9962 -0.0000
vn -0.6748 0.7380 -0.0000
vn -0.6868 -0.7268 -0.0000
vn 0.0607 -0.9982 -0.0000
vn 0.0666 -0.9978 -0.0000
vn 0.0686 -0.9976 -0.0000
vn 0.0677 -0.9977 -0.0000
vn 0.0648 -0.9979 -0.0000
vn 0.0600 -0.9982 -0.0000
vn 0.0537 -0.9986 -0.0000
vn 0.0459 -0.9989 -0.0000
vn 0.0366 -0.9993 -0.0000
vn 0.0136 -0.9999 -0.0000
vn 0.0035 -1.0000 -0.0000
vn -0.0000 -1.0000 -0.0000
vn -0.0015 -1.0000 -0.0000
vn -0.0060 -1.0000 -0.0000
vn -0.0119 -0.9999 -0.0000
vn -0.0178 -0.9998 -0.0000
vn -0.0238 -0.9997 -0.0000
vn -0.0300 -0.9996 -0.0000
vn -0.0365 -0.9993 -0.0000
vn -0.0435 -0.9991 -0.0000
vn -0.0512 -0.9987 -0.0000
vn -0.0599 -0.9982 -0.0000
vn -0.0699 -0.9976 -0.0000
vn -0.0820 -0.9966 -0.0000
vn 0.6751 -0.7378 -0.0000
vn 0.6838 0.7297 -0.0000
vn -0.0632 0.9980 -0.0000
vn -0.0597 0.9982 -0.0000
vn -0.0557 0.9984 -0.0000
vn -0.0514 0.9987 -0.0000
vn -0.0467 0.9989 -0.0000
vn -0.0415 0.9991 -0.0000
vn -0.0360 0.9994 -0.0000
vn -0.0299 0.9996 -0.0000
vn -0.0234 0.9997 -0.0000
vn -0.0162 0.9999 -0.0000
vn -0.0084 1.0000 -0.0000
vn -0.0022 1.0000 -0.0000
vn 0.9345 0.3559 -0.0000
vn 0.9399 0.3416 -0.0000
vn 0.9435 0.3315 -0.0000
vn 0.9461 0.3238 -0.0000
vn 0.9482 0.3176 -0.0000
vn 0.9499 0.3124 -0.0000
vn 0.9515 0.3077 -0.0000
vn 0.9529 0.3033 -0.0000
vn 0.9544 0.2986 -0.0000
vn 0.9561 0.2931 -0.0000
vn 0.9583 0.2858 -0.0000
vn 0.9642 0.2650 -0.0000
vn 0.9697 0.2443 -0.0000
vn 0.9719 0.2353 -0.0000
vn 0.9743 0.2251 -0.0000
vn 0.9769 0.2138 -0.0000
vn 0.9795 0.2014 -0.0000
vn 0.9821 0.1882 -0.0000
vn 0.9847 0.1745 -0.0000
vn 0.9870 0.1606 -0.0000
vn 0.9909 0.1347 -0.0000
vn 0.9923 0.1239 -0.0000
vn 0.5868 0.8097 -0.0000
vn -0.8796 0.4757 -0.0000
vn -0.9278 -0.3731 -0.0000
vn -0.9279 -0.3729 -0.0000
vn -0.9288 -0.3707 -0.0000
vn -0.9304 -0.3665 -0.0000
vn -0.9327 -0.3607 -0.0000
vn -0.9354 -0.3535 -0.0000
vn -0.9385 -0.3452 -0.0000
vn -0.9419 -0.3360 -0.0000
vn -0.9453 -0.3263 -0.0000
vn -0.9487 -0.3162 -0.0000
vn -0.9521 -0.3059 -0.0000
vn -0.9542 -0.2992 -0.0000
vn -0.9541 -0.2996 -0.0000
vn -0.9530 -0.3030 -0.0000
vn -0.9521 -0.3058 -0.0000
vn -0.9513 -0.3083 -0.0000
vn -0.9504 -0.3110 -0.0000
vn -0.9494 -0.3139 -0.0000
vn -0.9483 -0.3173 -0.0000
vn -0.9469 -0.3215 -0.0000
vn -0.9451 -0.3268 -0.0000
vn -0.9389 -0.3442 -0.0000
vn -0.7933 0.6089 -0.0000
vn 0.0976 0.9952 -0.0000
vn 0.1003 0.9950 -0.0000
vn 0.1027 0.9947 -0.0000
vn 0.1052 0.9945 -0.0000
vn 0.1076 0.9942 -0.0000
vn 0.1101 0.9939 -0.0000
vn 0.1129 0.9936 -0.0000
vn 0.1159 0.9933 -0.0000
vn 0.1194 0.9928 -0.0000
vn 0.1235 0.9923 -0.0000
vn 0.1287 0.9917 -0.0000
vn 0.8857 0.4642 -0.0000
vn 0.8879 -0.4601 -0.0000
vn 0.8834 -0.4687 -0.0000
vn 0.8785 -0.4777 -0.0000
vn 0.8733 -0.4872 -0.0000
vn 0.8675 -0.4974 -0.0000
vn 0.8611 -0.5084 -0.0000
vn 0.8539 -0.5205 -0.0000
vn 0.8455 -0.5340 -0.0000
vn 0.8356 -0.5493 -0.0000
vn 0.8239 -0.5668 -0.0000
vn 0.8095 -0.5872 -0.0000
vn 0.9684 0.2494 -0.0000
vn -0.2746 0.9615 -0.0000
vn -0.8382 0.5454 -0.0000
vn -0.8496 0.5275 -0.0000
vn -0.8584 0.5129 -0.0000
vn -0.8658 0.5004 -0.0000
vn -0.8723 0.4890 -0.0000
vn -0.8783 0.4781 -0.0000
vn -0.8842 0.4671 -0.0000
vn -0.8903 0.4554 -0.0000
vn -0.8970 0.4421 -0.0000
vn -0.9047 0.4260 -0.0000
vn -0.9143 0.4051 -0.0000
vn -0.9320 -0.3625 -0.0000
vn 0.3869 -0.9221 -0.0000
vn 0.9373 -0.3484 -0.0000
vn 0.9342 -0.3567 -0.0000
vn 0.9312 -0.3644 -0.0000
vn 0.9283 -0.3718 -0.0000
vn 0.9255 -0.3789 -0.0000
vn 0.9226 -0.3857 -0.0000
vn 0.9198 -0.3924 -0.0000
vn 0.9170 -0.3990 -0.0000
vn 0.9141 -0.4055 -0.0000
vn 0.9112 -0.4119 -0.0000
vn 0.9083 -0.4184 -0.0000
vn 0.4836 -0.8753 -0.0000
vn -0.1235 -0.9923 -0.0000
vn -0.1195 -0.9928 -0.0000
vn -0.1166 -0.9932 -0.0000
vn -0.1141 -0.9935 -0.0000
vn -0.1120 -0.9937 -0.0000
vn -0.1100 -0.9939 -0.0000
vn -0.1080 -0.9942 -0.0000
vn -0.1058 -0.9944 -0.0000
vn -0.1032 -0.9947 -0.0000
vn -0.1000 -0.9950 -0.0000
vn -0.0956 -0.9954 -0.0000
vn -0.0905 -0.9959 -0.0000
vn -0.0955 -0.9954 -0.0000
vn -0.1091 -0.9940 -0.0000
vn -0.1203 -0.9927 -0.0000
vn -0.1292 -0.9916 -0.0000
vn -0.1361 -0.9907 -0.0000
vn -0.1412 -0.9900 -0.0000
vn -0.1444 -0.9895 -0.0000
vn -0.1460 -0.9893 -0.0000
vn 0.5937 -0.8047 -0.0000
vn 0.7523 0.6588 -0.0000
vn -0.0225 0.9997 -0.0000
vn -0.0127 0.9999 -0.0000
vn -0.0041 1.0000 -0.0000
vn 0.0033 1.0000 -0.0000
vn 0.0099 1.0000 -0.0000
vn 0.0156 0.9999 -0.0000
vn 0.0205 0.9998 -0.0000
vn 0.0247 0.9997 -0.0000
vn 0.0281 0.9996 -0.0000
vn 0.0309 0.9995 -0.0000
vn 0.0330 0.9995 -0.0000
vn 0.0469 0.9989 -0.0000
vn 0.5883 0.8087 -0.0000
vn 0.7071 0.7071 -0.0000
vn 0.7071 -0.7071 -0.0000
vn -0.7071 -0.7071 -0.0000
vn -0.7071 0.7071 -0.0000
vn -0.8205 0.5716 -0.0000
vn -0.8302 0.5574 -0.0000
vn -0.8390 0.5442 -0.0000
vn -0.8470 0.5316 -0.0000
vn -0.8547 0.5192 -0.0000
vn -0.8621 0.5068 -0.0000
vn -0.8695 0.4940 -0.0000
vn -0.8770 0.4804 -0.0000
vn -0.8850 0.4656 -0.0000
vn -0.8936 0.4488 -0.0000
vn -0.9032 0.4292 -0.0000
vn -0.9526 -0.3041 -0.0000
vn 0.3247 -0.9458 -0.0000
vn 0.9199 -0.3921 -0.0000
vn 0.9095 -0.4157 -0.0000
vn 0.9006 -0.4346 -0.0000
vn 0.8928 -0.4504 -0.0000
vn 0.8858 -0.4640 -0.0000
vn 0.8794 -0.4762 -0.0000
vn 0.8731 -0.4875 -0.0000
vn 0.8670 -0.4983 -0.0000
vn 0.8607 -0.5091 -0.0000
vn 0.8541 -0.5202 -0.0000
vn 0.8467 -0.5321 -0.0000
vn 0.9667 0.2561 -0.0000
vn -0.2322 0.9727 -0.0000
vn 0.9492 -0.3148 -0.0000
vn 0.9369 -0.3495 -0.0000
vn 0.9260 -0.3775 -0.0000
vn 0.9160 -0.4011 -0.0000
vn 0.9068 -0.4215 -0.0000
vn 0.8981 -0.4397 -0.0000
vn 0.8897 -0.4565 -0.0000
vn 0.8814 -0.4725 -0.0000
vn 0.8728 -0.4880 -0.0000
vn 0.8639 -0.5037 -0.0000
vn 0.8542 -0.5199 -0.0000
vn 0.9536 0.3010 -0.0000
vn -0.2861 0.9582 -0.0000
vn -0.8370 0.5472 -0.0000
vn -0.8462 0.5328 -0.0000
vn -0.8550 0.5186 -0.0000
vn -0.8637 0.5040 -0.0000
vn -0.8817 0.4719 -0.0000
vn -0.8914 0.4533 -0.0000
vn -0.9019 0.4320 -0.0000
vn -0.9134 0.4070 -0.0000
vn -0.9264 0.3766 -0.0000
vn -0.9410 0.3385 -0.0000
vn -0.9191 -0.3939 -0.0000
vn -0.9761 0.2174 -0.0000
vn 0.5266 0.8501 -0.0000
vn 0.8990 0.4380 -0.0000
vn 0.9055 0.4243 -0.0000
vn 0.9112 0.4120 -0.0000
vn 0.9162 0.4007 -0.0000
vn 0.9209 0.3898 -0.0000
vn 0.9253 0.3791 -0.0000
vn 0.9297 0.3683 -0.0000
vn 0.9341 0.3569 -0.0000
vn 0.9387 0.3447 -0.0000
vn 0.9436 0.3311 -0.0000
vn 0.9490 0.3154 -0.0000
vn 0.4424 0.8968 -0.0000
vn -0.9134 0.4071 -0.0000
vn -0.9235 -0.3836 -0.0000
vn -0.9207 -0.3902 -0.0000
vn -0.9180 -0.3966 -0.0000
vn -0.9152 -0.4029 -0.0000
vn -0.9125 -0.4092 -0.0000
vn -0.9096 -0.4155 -0.0000
vn -0.9066 -0.4220 -0.0000
vn -0.9034 -0.4288 -0.0000
vn -0.9000 -0.4359 -0.0000
vn -0.8962 -0.4436 -0.0000
vn -0.8921 -0.4519 -0.0000
vn -0.8533 0.5215 -0.0000
vn -1.0000 0.0074 -0.0000
vn -0.9994 0.0357 -0.0000
vn -0.9960 0.0889 -0.0000
vn -0.9855 0.1694 -0.0000
vn -0.9582 0.2862 -0.0000
vn -0.8966 0.4429 -0.0000
vn -0.7811 0.6245 -0.0000
vn -0.6113 0.7914 -0.0000
vn -0.4216 0.9068 -0.0000
vn -0.2556 0.9668 -0.0000
vn -0.1332 0.9911 -0.0000
vn -0.0523 0.9986 -0.0000
vn -0.0105 0.9999 -0.0000
vn 0.0365 0.9993 -0.0000
vn 0.1799 0.9837 -0.0000
vn 0.4255 0.9049 -0.0000
vn 0.6783 0.7348 -0.0000
vn 0.8522 0.5232 -0.0000
vn 0.9386 0.3449 -0.0000
vn 0.9751 0.2218 -0.0000
vn 0.9898 0.1424 -0.0000
vn 0.9958 0.0919 -0.0000
vn 0.9982 0.0597 -0.0000
vn 0.9992 0.0393 -0.0000
vn 0.9997 0.0264 -0.0000
vn 0.4127 0.9109 -0.0000
vn -0.6110 0.7916 -0.0000
vn -0.5513 0.8343 -0.0000
vn -0.5021 0.8648 -0.0000
vn -0.4610 0.8874 -0.0000
vn -0.4260 0.9047 -0.0000
vn -0.3957 0.9184 -0.0000
vn -0.3689 0.9295 -0.0000
vn -0.3446 0.9387 -0.0000
vn -0.3219 0.9468 -0.0000
vn -0.3000 0.9540 -0.0000
vn -0.2778 0.9606 -0.0000
vn -0.8130 0.5823 -0.0000
vn -0.9973 -0.0729 -0.0000
vn -0.9940 -0.1094 -0.0000
vn -0.9870 -0.1607 -0.0000
vn -0.9727 -0.2320 -0.0000
vn -0.9443 -0.3290 -0.0000
vn -0.8902 -0.4556 -0.0000
vn -0.7950 -0.6066 -0.0000
vn -0.6496 -0.7603 -0.0000
vn -0.4666 -0.8845 -0.0000
vn -0.2804 -0.9599 -0.0000
vn -0.1228 -0.9924 -0.0000
vn -0.0269 -0.9996 -0.0000
vn 0.0151 -0.9999 -0.0000
vn 0.0692 -0.9976 -0.0000
vn 0.1618 -0.9868 -0.0000
vn 0.2854 -0.9584 -0.0000
vn 0.4384 -0.8988 -0.0000
vn 0.6056 -0.7958 -0.0000
vn 0.7586 -0.6516 -0.0000
vn 0.8723 -0.4889 -0.0000
vn 0.9417 -0.3366 -0.0000
vn 0.9773 -0.2117 -0.0000
vn 0.9931 -0.1174 -0.0000
vn 0.9988 -0.0495 -0.0000
vn 0.9999 -0.0107 -0.0000
vn -0.6604 -0.7509 -0.0000
vn -0.9893 -0.1460 -0.0000
vn -0.9823 -0.1871 -0.0000
vn -0.9713 -0.2378 -0.0000
vn -0.9546 -0.2980 -0.0000
vn -0.9300 -0.3677 -0.0000
vn -0.8953 -0.4454 -0.0000
vn -0.8487 -0.5289 -0.0000
vn -0.7889 -0.6146 -0.0000
vn -0.7162 -0.6979 -0.0000
vn -0.6329 -0.7742 -0.0000
vn -0.5427 -0.8399 -0.0000
vn 0.2656 -0.9641 -0.0000
vn 0.8591 -0.5118 -0.0000
vn 0.8372 -0.5468 -0.0000
vn 0.8183 -0.5748 -0.0000
vn 0.8013 -0.5982 -0.0000
vn 0.7856 -0.6187 -0.0000
vn 0.7706 -0.6373 -0.0000
vn 0.7558 -0.6549 -0.0000
vn 0.7404 -0.6721 -0.0000
vn 0.7240 -0.6898 -0.0000
vn 0.7056 -0.7086 -0.0000
vn 0.6841 -0.7294 -0.0000
vn 0.9922 0.1243 -0.0000
vn 0.5174 0.8557 -0.0000
vn 0.6115 0.7912 -0.0000
vn 0.7000 0.7142 -0.0000
vn 0.7781 0.6281 -0.0000
vn 0.8430 0.5379 -0.0000
vn 0.8936 0.4488 -0.0000
vn 0.9309 0.3652 -0.0000
vn 0.9570 0.2901 -0.0000
vn 0.9744 0.2250 -0.0000
vn 0.9854 0.1704 -0.0000
vn 0.9920 0.1263 -0.0000
vn 0.7439 -0.6683 -0.0000
vn 0.8048 0.5935 -0.0000
vn -0.9999 -0.0104 -0.0000
vn -0.9990 -0.0455 -0.0000
vn -0.9949 -0.1008 -0.0000
vn -0.9856 -0.1689 -0.0000
vn -0.9680 -0.2508 -0.0000
vn -0.9382 -0.3461 -0.0000
vn -0.8920 -0.4521 -0.0000
vn -0.8267 -0.5626 -0.0000
vn -0.7431 -0.6692 -0.0000
vn -0.6461 -0.7633 -0.0000
vn -0.5436 -0.8394 -0.0000
vn -0.4439 -0.8961 -0.0000
vn -0.3511 -0.9363 -0.0000
vn -0.2747 -0.9615 -0.0000
vn -0.2166 -0.9763 -0.0000
vn -0.1683 -0.9857 -0.0000
vn -0.1287 -0.9917 -0.0000
vn -0.0966 -0.9953 -0.0000
vn -0.0707 -0.9975 -0.0000
vn -0.0502 -0.9987 -0.0000
vn -0.0340 -0.9994 -0.0000
vn -0.0215 -0.9998 -0.0000
vn -0.0120 -0.9999 -0.0000
vn -0.0051 -1.0000 -0.0000
vn 0.6428 -0.7660 -0.0000
vn 0.9805 -0.1964 -0.0000
vn 0.9706 -0.2408 -0.0000
vn 0.9610 -0.2764 -0.0000
vn 0.9521 -0.3058 -0.0000
vn 0.9437 -0.3308 -0.0000
vn 0.9357 -0.3528 -0.0000
vn 0.9280 -0.3725 -0.0000
vn 0.9204 -0.3909 -0.0000
vn 0.9127 -0.4086 -0.0000
vn 0.9046 -0.4263 -0.0000
vn 0.8958 -0.4445 -0.0000
vn 0.8416 0.5401 -0.0000
vn -0.0368 0.9993 -0.0000
vn -0.0283 0.9996 -0.0000
vn -0.0205 0.9998 -0.0000
vn -0.0133 0.9999 -0.0000
vn -0.0066 1.0000 -0.0000
vn -0.0001 1.0000 -0.0000
vn 0.0064 1.0000 -0.0000
vn 0.0130 0.9999 -0.0000
vn 0.0202 0.9998 -0.0000
vn 0.0288 0.9996 -0.0000
vn 0.0407 0.9992 -0.0000
vn 0.0389 0.9992 -0.0000
vn 0.0670 0.9978 -0.0000
vn 0.1517 0.9884 -0.0000
vn 0.2596 0.9657 -0.0000
vn 0.3908 0.9205 -0.0000
vn 0.5379 0.8430 -0.0000
vn 0.6844 0.7291 -0.0000
vn 0.8098 0.5868 -0.0000
vn 0.9004 0.4351 -0.0000
vn 0.9559 0.2936 -0.0000
vn 0.9848 0.1735 -0.0000
vn 0.9970 0.0772 -0.0000
vn 0.9998 0.0174 -0.0000
vn -0.6290 -0.7774 -0.0000
vn -0.9734 -0.2289 -0.0000
vn -0.9626 -0.2711 -0.0000
vn -0.9485 -0.3168 -0.0000
vn -0.9307 -0.3658 -0.0000
vn -0.9086 -0.4177 -0.0000
vn -0.8816 -0.4720 -0.0000
vn -0.8493 -0.5279 -0.0000
vn -0.8114 -0.5844 -0.0000
vn -0.7679 -0.6405 -0.0000
vn -0.7191 -0.6949 -0.0000
vn -0.6653 -0.7465 -0.0000
vn 0.1214 -0.9926 -0.0000
vn 0.7876 -0.6162 -0.0000
vn 0.7577 -0.6526 -0.0000
vn 0.7337 -0.6795 -0.0000
vn 0.7136 -0.7005 -0.0000
vn 0.6962 -0.7179 -0.0000
vn 0.6803 -0.7329 -0.0000
vn 0.6652 -0.7467 -0.0000
vn 0.6500 -0.7599 -0.0000
vn 0.6341 -0.7733 -0.0000
vn 0.6161 -0.7877 -0.0000
vn 0.5941 -0.8044 -0.0000
vn 0.9991 -0.0418 -0.0000
vn 0.6898 0.7240 -0.0000
vn 0.7669 0.6417 -0.0000
vn 0.8329 0.5534 -0.0000
vn 0.8862 0.4634 -0.0000
vn 0.9267 0.3759 -0.0000
vn 0.9557 0.2943 -0.0000
vn 0.9753 0.2208 -0.0000
vn 0.9876 0.1568 -0.0000
vn 0.9947 0.1028 -0.0000
vn 0.9983 0.0589 -0.0000
vn 0.9997 0.0252 -0.0000
vn 1.0000 0.0055 -0.0000
vn -1.0000 -0.0011 -0.0000
vn -1.0000 -0.0046 -0.0000
vn -1.0000 -0.0100 -0.0000
vn -0.9999 -0.0162 -0.0000
vn -0.9997 -0.0233 -0.0000
vn -0.9995 -0.0312 -0.0000
vn -0.9992 -0.0399 -0.0000
vn -0.9988 -0.0495 -0.0000
vn -0.9982 -0.0599 -0.0000
vn -0.9975 -0.0712 -0.0000
vn -0.9965 -0.0834 -0.0000
vn -0.9953 -0.0965 -0.0000
vn -0.7427 0.6696 -0.0000
vt 0.865672 0.000000
vt 0.126866 0.000000
vt 0.873134 0.000000
vt 0.880597 0.000000
vt 0.119403 0.000000
vt 0.134328 0.000000
vt 0.082090 0.000000
vt 0.029851 0.000000
vt 0.089552 0.000000
vt 0.097015 0.000000
vt 0.052239 0.000000
vt 0.059701 0.000000
vt 0.104478 0.000000
vt 0.111940 0.000000
vt 0.037313 0.000000
vt 0.044776 0.000000
vt 1.000000 0.000000
vt 0.992537 0.000000
vt 0.022388 0.000000
vt 0.014925 0.000000
vt 0.888060 0.000000
vt 0.985075 0.000000
vt 0.000000 0.000000
vt 0.007463 0.000000
vt 0.858209 0.000000
vt 0.895522 0.000000
vt 0.902985 0.000000
vt 0.910448 0.000000
vt 0.917910 0.000000
vt 0.850746 0.000000
vt 0.925373 0.000000
vt 0.932836 0.000000
vt 0.940298 0.000000
vt 0.947761 0.000000
vt 0.843284 0.000000
vt 0.955224 0.000000
vt 0.962687 0.000000
vt 0.970149 0.000000
vt 0.977612 0.000000
vt 0.835821 0.000000
vt 0.589552 0.000000
vt 0.828358 0.000000
vt 0.597015 0.000000
vt 0.067164 0.000000
vt 0.604478 0.000000
vt 0.582090 0.000000
vt 0.820895 0.000000
vt 0.611940 0.000000
vt 0.813433 0.000000
vt 0.074627 0.000000
vt 0.619403 0.000000
vt 0.626866 0.000000
vt 0.805970 0.000000
vt 0.634328 0.000000
vt 0.798507 0.000000
vt 0.641791 0.000000
vt 0.791045 0.000000
vt 0.649254 0.000000
vt 0.656716 0.000000
vt 0.783582 0.000000
vt 0.574627 0.000000
vt 0.141791 0.000000
vt 0.567164 0.000000
vt 0.559702 0.000000
vt 0.664179 0.000000
vt 0.149254 0.000000
vt 0.552239 0.000000
vt 0.544776 0.000000
vt 0.537313 0.000000
vt 0.529851 0.000000
vt 0.522388 0.000000
vt 0.776119 0.000000
vt 0.156716 0.000000
vt 0.514925 0.000000
vt 0.507463 0.000000
vt 0.395522 0.000000
vt 0.410448 0.000000
vt 0.402985 0.000000
vt 0.500000 0.000000
vt 0.417910 0.000000
vt 0.492537 0.000000
vt 0.485075 0.000000
vt 0.425373 0.000000
vt 0.477612 0.000000
vt 0.470149 0.000000
vt 0.432836 0.000000
vt 0.462687 0.000000
vt 0.440298 0.000000
vt 0.455224 0.000000
vt 0.447761 0.000000
vt 0.388060 0.000000
vt 0.164179 0.000000
vt 0.380597 0.000000
vt 0.671642 0.000000
vt 0.171642 0.000000
vt 0.373134 0.000000
vt 0.365672 0.000000
vt 0.179104 0.000000
vt 0.358209 0.000000
vt 0.768657 0.000000
vt 0.186567 0.000000
vt 0.761194 0.000000
vt 0.679105 0.000000
vt 0.350746 0.000000
vt 0.753731 0.000000
vt 0.194030 0.000000
vt 0.746269 0.000000
vt 0.201493 0.000000
vt 0.343284 0.000000
vt 0.738806 0.000000
vt 0.208955 0.000000
vt 0.335821 0.000000
vt 0.731343 0.000000
vt 0.216418 0.000000
vt 0.723881 0.000000
vt 0.328358 0.000000
vt 0.223881 0.000000
vt 0.716418 0.000000
vt 0.231343 0.000000
vt 0.708955 0.000000
vt 0.701493 0.000000
vt 0.694030 0.000000
vt 0.686567 0.000000
vt 0.320896 0.000000
vt 0.238806 0.000000
vt 0.246269 0.000000
vt 0.253731 0.000000
vt 0.313433 0.000000
vt 0.261194 0.000000
vt 0.268657 0.000000
vt 0.276119 0.000000
vt 0.283582 0.000000
vt 0.291045 0.000000
vt 0.298507 0.000000
vt 0.305970 0.000000
vt 0.340517 0.000000
vt 0.349138 0.000000
vt 0.344828 0.000000
vt 0.228448 0.000000
vt 0.237069 0.000000
vt 0.232759 0.000000
vt 0.336207 0.000000
vt 0.241379 0.000000
vt 0.353448 0.000000
vt 0.224138 0.000000
vt 0.245690 0.000000
vt 0.331897 0.000000
vt 0.357759 0.000000
vt 0.219828 0.000000
vt 0.250000 0.000000
vt 0.327586 0.000000
vt 0.362069 0.000000
vt 0.215517 0.000000
vt 0.254310 0.000000
vt 0.323276 0.000000
vt 0.366379 0.000000
vt 0.211207 0.000000
vt 0.258621 0.000000
vt 0.318966 0.000000
vt 0.370690 0.000000
vt 0.206897 0.000000
vt 0.262931 0.000000
vt 0.375000 0.000000
vt 0.314655 0.000000
vt 0.202586 0.000000
vt 0.267241 0.000000
vt 0.379310 0.000000
vt 0.198276 0.000000
vt 0.271552 0.000000
vt 0.310345 0.000000
vt 0.383621 0.000000
vt 0.275862 0.000000
vt 0.193966 0.000000
vt 0.306034 0.000000
vt 0.387931 0.000000
vt 0.280172 0.000000
vt 0.189655 0.000000
vt 0.301724 0.000000
vt 0.284483 0.000000
vt 0.392241 0.000000
vt 0.185345 0.000000
vt 0.168103 0.000000
vt 0.176724 0.000000
vt 0.172414 0.000000
vt 0.163793 0.000000
vt 0.297414 0.000000
vt 0.288793 0.000000
vt 0.396552 0.000000
vt 0.181034 0.000000
vt 0.293103 0.000000
vt 0.400862 0.000000
vt 0.956897 0.000000
vt 0.948276 0.000000
vt 0.120690 0.000000
vt 0.952586 0.000000
vt 0.405172 0.000000
vt 0.116379 0.000000
vt 0.409483 0.000000
vt 0.125000 0.000000
vt 0.112069 0.000000
vt 0.133621 0.000000
vt 0.142241 0.000000
vt 0.137931 0.000000
vt 0.129310 0.000000
vt 0.150862 0.000000
vt 0.159483 0.000000
vt 0.155172 0.000000
vt 0.146552 0.000000
vt 0.943965 0.000000
vt 0.939655 0.000000
vt 0.788793 0.000000
vt 0.793103 0.000000
vt 0.784483 0.000000
vt 0.780172 0.000000
vt 0.413793 0.000000
vt 0.418103 0.000000
vt 0.935345 0.000000
vt 0.974138 0.000000
vt 0.995690 0.000000
vt 0.978448 0.000000
vt 0.982759 0.000000
vt 0.991379 0.000000
vt 0.961207 0.000000
vt 0.797414 0.000000
vt 0.931035 0.000000
vt 0.801724 0.000000
vt 0.987069 0.000000
vt 0.926724 0.000000
vt 0.806035 0.000000
vt 0.922414 0.000000
vt 0.810345 0.000000
vt 0.918103 0.000000
vt 0.568965 0.000000
vt 0.577586 0.000000
vt 0.573276 0.000000
vt 0.581897 0.000000
vt 0.586207 0.000000
vt 0.590517 0.000000
vt 0.814655 0.000000
vt 0.913793 0.000000
vt 0.594828 0.000000
vt 0.599138 0.000000
vt 0.603448 0.000000
vt 0.607759 0.000000
vt 0.612069 0.000000
vt 0.616379 0.000000
vt 0.564655 0.000000
vt 0.620690 0.000000
vt 0.625000 0.000000
vt 0.629310 0.000000
vt 0.909483 0.000000
vt 0.818965 0.000000
vt 0.560345 0.000000
vt 0.633621 0.000000
vt 0.905172 0.000000
vt 0.556035 0.000000
vt 0.823276 0.000000
vt 0.965517 0.000000
vt 0.551724 0.000000
vt 0.637931 0.000000
vt 0.900862 0.000000
vt 0.547414 0.000000
vt 0.422414 0.000000
vt 0.775862 0.000000
vt 0.426724 0.000000
vt 0.543103 0.000000
vt 0.431034 0.000000
vt 0.827586 0.000000
vt 0.642241 0.000000
vt 0.435345 0.000000
vt 0.538793 0.000000
vt 0.896552 0.000000
vt 0.771552 0.000000
vt 0.439655 0.000000
vt 0.534483 0.000000
vt 0.443966 0.000000
vt 0.448276 0.000000
vt 0.530172 0.000000
vt 0.452586 0.000000
vt 0.456897 0.000000
vt 0.525862 0.000000
vt 0.461207 0.000000
vt 0.465517 0.000000
vt 0.521552 0.000000
vt 0.469828 0.000000
vt 0.474138 0.000000
vt 0.478448 0.000000
vt 0.482759 0.000000
vt 0.487069 0.000000
vt 0.491379 0.000000
vt 0.495690 0.000000
vt 0.504310 0.000000
vt 0.508621 0.000000
vt 0.512931 0.000000
vt 0.517241 0.000000
vt 0.767241 0.000000
vt 0.646552 0.000000
vt 0.892241 0.000000
vt 0.831897 0.000000
vt 0.762931 0.000000
vt 0.969828 0.000000
vt 0.650862 0.000000
vt 0.887931 0.000000
vt 0.758621 0.000000
vt 0.883621 0.000000
vt 0.879310 0.000000
vt 0.655172 0.000000
vt 0.836207 0.000000
vt 0.875000 0.000000
vt 0.754310 0.000000
vt 0.870690 0.000000
vt 0.659483 0.000000
vt 0.750000 0.000000
vt 0.866379 0.000000
vt 0.862069 0.000000
vt 0.745690 0.000000
vt 0.663793 0.000000
vt 0.857759 0.000000
vt 0.741379 0.000000
vt 0.668103 0.000000
vt 0.853448 0.000000
vt 0.849138 0.000000
vt 0.844828 0.000000
vt 0.840517 0.000000
vt 0.737069 0.000000
vt 0.672414 0.000000
vt 0.732759 0.000000
vt 0.676724 0.000000
vt 0.728448 0.000000
vt 0.724138 0.000000
vt 0.719828 0.000000
vt 0.715517 0.000000
vt 0.711207 0.000000
vt 0.706897 0.000000
vt 0.702586 0.000000
vt 0.698276 0.000000
vt 0.693965 0.000000
vt 0.689655 0.000000
vt 0.685345 0.000000
vt 0.681035 0.000000
vt 0.103448 0.000000
vt 0.107759 0.000000
vt 0.004310 0.000000
vt 0.008621 0.000000
vt 0.099138 0.000000
vt 0.012931 0.000000
vt 0.094828 0.000000
vt 0.017241 0.000000
vt 0.090517 0.000000
vt 0.021552 0.000000
vt 0.086207 0.000000
vt 0.025862 0.000000
vt 0.081897 0.000000
vt 0.030172 0.000000
vt 0.077586 0.000000
vt 0.034483 0.000000
vt 0.073276 0.000000
vt 0.038793 0.000000
vt 0.043103 0.000000
vt 0.068966 0.000000
vt 0.047414 0.000000
vt 0.064655 0.000000
vt 0.060345 0.000000
vt 0.056034 0.000000
vt 0.051724 0.000000
vt 0.161765 0.000000
vt 0.176471 0.000000
vt 0.169118 0.000000
vt 0.154412 0.000000
vt 0.147059 0.000000
vt 0.139706 0.000000
vt 0.183824 0.000000
vt 0.132353 0.000000
vt 0.191176 0.000000
vt 0.198529 0.000000
vt 0.205882 0.000000
vt 0.117647 0.000000
vt 0.213235 0.000000
vt 0.110294 0.000000
vt 0.220588 0.000000
vt 0.102941 0.000000
vt 0.227941 0.000000
vt 0.095588 0.000000
vt 0.235294 0.000000
vt 0.088235 0.000000
vt 0.242647 0.000000
vt 0.080882 0.000000
vt 0.257353 0.000000
vt 0.073529 0.000000
vt 0.264706 0.000000
vt 0.272059 0.000000
vt 0.066176 0.000000
vt 0.279412 0.000000
vt 0.058824 0.000000
vt 0.286765 0.000000
vt 0.051471 0.000000
vt 0.294118 0.000000
vt 0.044118 0.000000
vt 0.301471 0.000000
vt 0.036765 0.000000
vt 0.308824 0.000000
vt 0.529412 0.000000
vt 0.544118 0.000000
vt 0.536765 0.000000
vt 0.029412 0.000000
vt 0.316176 0.000000
vt 0.551471 0.000000
vt 0.522059 0.000000
vt 0.514706 0.000000
vt 0.558824 0.000000
vt 0.022059 0.000000
vt 0.507353 0.000000
vt 0.323529 0.000000
vt 0.492647 0.000000
vt 0.566176 0.000000
vt 0.485294 0.000000
vt 0.014706 0.000000
vt 0.330882 0.000000
vt 0.477941 0.000000
vt 0.573529 0.000000
vt 0.470588 0.000000
vt 0.463235 0.000000
vt 0.338235 0.000000
vt 0.580882 0.000000
vt 0.007353 0.000000
vt 0.455882 0.000000
vt 0.448529 0.000000
vt 0.588235 0.000000
vt 0.345588 0.000000
vt 0.441176 0.000000
vt 0.433824 0.000000
vt 0.595588 0.000000
vt 0.426471 0.000000
vt 0.419118 0.000000
vt 0.411765 0.000000
vt 0.352941 0.000000
vt 0.404412 0.000000
vt 0.397059 0.000000
vt 0.389706 0.000000
vt 0.382353 0.000000
vt 0.367647 0.000000
vt 0.602941 0.000000
vt 0.360294 0.000000
vt 0.992647 0.000000
vt 0.985294 0.000000
vt 0.977941 0.000000
vt 0.970588 0.000000
vt 0.963235 0.000000
vt 0.955882 0.000000
vt 0.897059 0.000000
vt 0.911765 0.000000
vt 0.904412 0.000000
vt 0.948529 0.000000
vt 0.919118 0.000000
vt 0.941176 0.000000
vt 0.926471 0.000000
vt 0.933824 0.000000
vt 0.860294 0.000000
vt 0.852941 0.000000
vt 0.845588 0.000000
vt 0.838235 0.000000
vt 0.830882 0.000000
vt 0.823529 0.000000
vt 0.720588 0.000000
vt 0.727941 0.000000
vt 0.713235 0.000000
vt 0.610294 0.000000
vt 0.735294 0.000000
vt 0.742647 0.000000
vt 0.705882 0.000000
vt 0.757353 0.000000
vt 0.698529 0.000000
vt 0.816176 0.000000
vt 0.764706 0.000000
vt 0.617647 0.000000
vt 0.691176 0.000000
vt 0.772059 0.000000
vt 0.779412 0.000000
vt 0.683824 0.000000
vt 0.786765 0.000000
vt 0.794118 0.000000
vt 0.676471 0.000000
vt 0.801471 0.000000
vt 0.808824 0.000000
vt 0.669118 0.000000
vt 0.867647 0.000000
vt 0.882353 0.000000
vt 0.889706 0.000000
vt 0.661765 0.000000
vt 0.654412 0.000000
vt 0.647059 0.000000
vt 0.639706 0.000000
vt 0.632353 0.000000
vt 0.821918 0.000000
vt 0.849315 0.000000
vt 0.835616 0.000000
vt 0.301370 0.000000
vt 0.328767 0.000000
vt 0.315068 0.000000
vt 0.863014 0.000000
vt 0.287671 0.000000
vt 0.876712 0.000000
vt 0.273973 0.000000
vt 0.890411 0.000000
vt 0.260274 0.000000
vt 0.904110 0.000000
vt 0.246575 0.000000
vt 0.917808 0.000000
vt 0.232877 0.000000
vt 0.931507 0.000000
vt 0.219178 0.000000
vt 0.945205 0.000000
vt 0.205479 0.000000
vt 0.958904 0.000000
vt 0.191781 0.000000
vt 0.972603 0.000000
vt 0.178082 0.000000
vt 0.986301 0.000000
vt 0.164384 0.000000
vt 0.150685 0.000000
vt 0.013699 0.000000
vt 0.027397 0.000000
vt 0.041096 0.000000
vt 0.054795 0.000000
vt 0.068493 0.000000
vt 0.082192 0.000000
vt 0.095890 0.000000
vt 0.109589 0.000000
vt 0.123288 0.000000
vt 0.136986 0.000000
vt 0.808219 0.000000
vt 0.794521 0.000000
vt 0.780822 0.000000
vt 0.767123 0.000000
vt 0.753425 0.000000
vt 0.739726 0.000000
vt 0.726027 0.000000
vt 0.712329 0.000000
vt 0.698630 0.000000
vt 0.684932 0.000000
vt 0.671233 0.000000
vt 0.657534 0.000000
vt 0.643836 0.000000
vt 0.630137 0.000000
vt 0.616438 0.000000
vt 0.575342 0.000000
vt 0.547945 0.000000
vt 0.506849 0.000000
vt 0.493151 0.000000
vt 0.479452 0.000000
vt 0.465753 0.000000
vt 0.452055 0.000000
vt 0.438356 0.000000
vt 0.424658 0.000000
vt 0.410959 0.000000
vt 0.397260 0.000000
vt 0.602740 0.000000
vt 0.589041 0.000000
vt 0.561644 0.000000
vt 0.534247 0.000000
vt 0.520548 0.000000
vt 0.383562 0.000000
vt 0.369863 0.000000
vt 0.356164 0.000000
vt 0.342466 0.000000
vt 0.200000 0.000000
vt 0.210526 0.000000
vt 0.205263 0.000000
vt 0.215789 0.000000
vt 0.221053 0.000000
vt 0.194737 0.000000
vt 0.226316 0.000000
vt 0.189474 0.000000
vt 0.063158 0.000000
vt 0.073684 0.000000
vt 0.068421 0.000000
vt 0.184211 0.000000
vt 0.231579 0.000000
vt 0.078947 0.000000
vt 0.178947 0.000000
vt 0.236842 0.000000
vt 0.926316 0.000000
vt 0.936842 0.000000
vt 0.931579 0.000000
vt 0.084211 0.000000
vt 0.057895 0.000000
vt 0.921053 0.000000
vt 0.173684 0.000000
vt 0.242105 0.000000
vt 0.089474 0.000000
vt 0.915789 0.000000
vt 0.052632 0.000000
vt 0.942105 0.000000
vt 0.168421 0.000000
vt 0.910526 0.000000
vt 0.247368 0.000000
vt 0.094737 0.000000
vt 0.947368 0.000000
vt 0.047368 0.000000
vt 0.905263 0.000000
vt 0.952632 0.000000
vt 0.163158 0.000000
vt 0.900000 0.000000
vt 0.252632 0.000000
vt 0.100000 0.000000
vt 0.957895 0.000000
vt 0.042105 0.000000
vt 0.894737 0.000000
vt 0.963158 0.000000
vt 0.157895 0.000000
vt 0.257895 0.000000
vt 0.889474 0.000000
vt 0.036842 0.000000
vt 0.105263 0.000000
vt 0.968421 0.000000
vt 0.884211 0.000000
vt 0.973684 0.000000
vt 0.152632 0.000000
vt 0.263158 0.000000
vt 0.878947 0.000000
vt 0.031579 0.000000
vt 0.978947 0.000000
vt 0.110526 0.000000
vt 0.873684 0.000000
vt 0.984211 0.000000
vt 0.147368 0.000000
vt 0.268421 0.000000
vt 0.989474 0.000000
vt 0.026316 0.000000
vt 0.868421 0.000000
vt 0.115789 0.000000
vt 0.142105 0.000000
vt 0.136842 0.000000
vt 0.994737 0.000000
vt 0.863158 0.000000
vt 0.021053 0.000000
vt 0.121053 0.000000
vt 0.273684 0.000000
vt 0.857895 0.000000
vt 0.278947 0.000000
vt 0.126316 0.000000
vt 0.015789 0.000000
vt 0.852632 0.000000
vt 0.284211 0.000000
vt 0.131579 0.000000
vt 0.010526 0.000000
vt 0.847368 0.000000
vt 0.289474 0.000000
vt 0.005263 0.000000
vt 0.294737 0.000000
vt 0.842105 0.000000
vt 0.300000 0.000000
vt 0.836842 0.000000
vt 0.305263 0.000000
vt 0.310526 0.000000
vt 0.831579 0.000000
vt 0.315789 0.000000
vt 0.826316 0.000000
vt 0.321053 0.000000
vt 0.821053 0.000000
vt 0.326316 0.000000
vt 0.331579 0.000000
vt 0.815789 0.000000
vt 0.394737 0.000000
vt 0.405263 0.000000
vt 0.400000 0.000000
vt 0.389474 0.000000
vt 0.384211 0.000000
vt 0.378947 0.000000
vt 0.373684 0.000000
vt 0.368421 0.000000
vt 0.363158 0.000000
vt 0.357895 0.000000
vt 0.352632 0.000000
vt 0.347368 0.000000
vt 0.342105 0.000000
vt 0.336842 0.000000
vt 0.810526 0.000000
vt 0.805263 0.000000
vt 0.800000 0.000000
vt 0.415789 0.000000
vt 0.410526 0.000000
vt 0.794737 0.000000
vt 0.442105 0.000000
vt 0.436842 0.000000
vt 0.431579 0.000000
vt 0.426316 0.000000
vt 0.421053 0.000000
vt 0.789474 0.000000
vt 0.673684 0.000000
vt 0.668421 0.000000
vt 0.473684 0.000000
vt 0.468421 0.000000
vt 0.463158 0.000000
vt 0.457895 0.000000
vt 0.452632 0.000000
vt 0.447368 0.000000
vt 0.678947 0.000000
vt 0.663158 0.000000
vt 0.478947 0.000000
vt 0.784211 0.000000
vt 0.684211 0.000000
vt 0.778947 0.000000
vt 0.689474 0.000000
vt 0.773684 0.000000
vt 0.694737 0.000000
vt 0.657895 0.000000
vt 0.768421 0.000000
vt 0.484211 0.000000
vt 0.700000 0.000000
vt 0.763158 0.000000
vt 0.705263 0.000000
vt 0.757895 0.000000
vt 0.652632 0.000000
vt 0.710526 0.000000
vt 0.752632 0.000000
vt 0.489474 0.000000
vt 0.715789 0.000000
vt 0.747368 0.000000
vt 0.742105 0.000000
vt 0.721053 0.000000
vt 0.736842 0.000000
vt 0.647368 0.000000
vt 0.726316 0.000000
vt 0.731579 0.000000
vt 0.494737 0.000000
vt 0.642105 0.000000
vt 0.636842 0.000000
vt 0.631579 0.000000
vt 0.505263 0.000000
vt 0.626316 0.000000
vt 0.510526 0.000000
vt 0.621053 0.000000
vt 0.515789 0.000000
vt 0.615789 0.000000
vt 0.610526 0.000000
vt 0.521053 0.000000
vt 0.605263 0.000000
vt 0.600000 0.000000
vt 0.594737 0.000000
vt 0.589474 0.000000
vt 0.526316 0.000000
vt 0.584211 0.000000
vt 0.578947 0.000000
vt 0.573684 0.000000
vt 0.568421 0.000000
vt 0.563158 0.000000
vt 0.557895 0.000000
vt 0.552632 0.000000
vt 0.547368 0.000000
vt 0.542105 0.000000
vt 0.531579 0.000000
vt 0.536842 0.000000
vt 0.000000 1.000000
vt 0.038462 1.000000
vt 0.038462 0.000000
vt 0.076923 1.000000
vt 0.076923 0.000000
vt 0.115385 1.000000
vt 0.115385 0.000000
vt 0.153846 1.000000
vt 0.153846 0.000000
vt 0.192308 1.000000
vt 0.192308 0.000000
vt 0.230769 1.000000
vt 0.230769 0.000000
vt 0.269231 1.000000
vt 0.269231 0.000000
vt 0.307692 1.000000
vt 0.307692 0.000000
vt 0.346154 1.000000
vt 0.346154 0.000000
vt 0.384615 1.000000
vt 0.384615 0.000000
vt 0.423077 1.000000
vt 0.423077 0.000000
vt 0.461538 1.000000
vt 0.461538 0.000000
vt 0.500000 1.000000
vt 0.538462 1.000000
vt 0.538462 0.000000
vt 0.576923 1.000000
vt 0.576923 0.000000
vt 0.615385 1.000000
vt 0.615385 0.000000
vt 0.653846 1.000000
vt 0.653846 0.000000
vt 0.692308 1.000000
vt 0.692308 0.000000
vt 0.730769 1.000000
vt 0.730769 0.000000
vt 0.769231 1.000000
vt 0.769231 0.000000
vt 0.807692 1.000000
vt 0.807692 0.000000
vt 0.846154 1.000000
vt 0.846154 0.000000
vt 0.884615 1.000000
vt 0.884615 0.000000
vt 0.923077 1.000000
vt 0.923077 0.000000
vt 0.961538 1.000000
vt 0.961538 0.000000
vt 1.000000 1.000000
vt 0.007194 1.000000
vt 0.007194 0.000000
vt 0.014388 1.000000
vt 0.014388 0.000000
vt 0.021583 1.000000
vt 0.021583 0.000000
vt 0.028777 1.000000
vt 0.028777 0.000000
vt 0.035971 1.000000
vt 0.035971 0.000000
vt 0.043165 1.000000
vt 0.043165 0.000000
vt 0.050360 1.000000
vt 0.050360 0.000000
vt 0.057554 1.000000
vt 0.057554 0.000000
vt 0.064748 1.000000
vt 0.064748 0.000000
vt 0.071942 1.000000
vt 0.071942 0.000000
vt 0.079137 1.000000
vt 0.079137 0.000000
vt 0.086331 1.000000
vt 0.086331 0.000000
vt 0.093525 1.000000
vt 0.093525 0.000000
vt 0.100719 1.000000
vt 0.100719 0.000000
vt 0.107914 1.000000
vt 0.107914 0.000000
vt 0.115108 1.000000
vt 0.115108 0.000000
vt 0.122302 1.000000
vt 0.122302 0.000000
vt 0.129496 1.000000
vt 0.129496 0.000000
vt 0.136691 1.000000
vt 0.136691 0.000000
vt 0.143885 1.000000
vt 0.143885 0.000000
vt 0.151079 1.000000
vt 0.151079 0.000000
vt 0.158273 1.000000
vt 0.158273 0.000000
vt 0.165468 1.000000
vt 0.165468 0.000000
vt 0.172662 1.000000
vt 0.172662 0.000000
vt 0.179856 1.000000
vt 0.179856 0.000000
vt 0.187050 1.000000
vt 0.187050 0.000000
vt 0.194245 1.000000
vt 0.194245 0.000000
vt 0.201439 1.000000
vt 0.201439 0.000000
vt 0.208633 1.000000
vt 0.208633 0.000000
vt 0.215827 1.000000
vt 0.215827 0.000000
vt 0.223022 1.000000
vt 0.223022 0.000000
vt 0.230216 1.000000
vt 0.230216 0.000000
vt 0.237410 1.000000
vt 0.237410 0.000000
vt 0.244604 1.000000
vt 0.244604 0.000000
vt 0.251799 1.000000
vt 0.251799 0.000000
vt 0.258993 1.000000
vt 0.258993 0.000000
vt 0.266187 1.000000
vt 0.266187 0.000000
vt 0.273381 1.000000
vt 0.273381 0.000000
vt 0.280576 1.000000
vt 0.280576 0.000000
vt 0.287770 1.000000
vt 0.287770 0.000000
vt 0.294964 1.000000
vt 0.294964 0.000000
vt 0.302158 1.000000
vt 0.302158 0.000000
vt 0.309353 1.000000
vt 0.309353 0.000000
vt 0.316547 1.000000
vt 0.316547 0.000000
vt 0.323741 1.000000
vt 0.323741 0.000000
vt 0.330935 1.000000
vt 0.330935 0.000000
vt 0.338129 1.000000
vt 0.338129 0.000000
vt 0.345324 1.000000
vt 0.345324 0.000000
vt 0.352518 1.000000
vt 0.352518 0.000000
vt 0.359712 1.000000
vt 0.359712 0.000000
vt 0.366906 1.000000
vt 0.366906 0.000000
vt 0.374101 1.000000
vt 0.374101 0.000000
vt 0.381295 1.000000
vt 0.381295 0.000000
vt 0.388489 1.000000
vt 0.388489 0.000000
vt 0.395683 1.000000
vt 0.395683 0.000000
vt 0.402878 1.000000
vt 0.402878 0.000000
vt 0.410072 1.000000
vt 0.410072 0.000000
vt 0.417266 1.000000
vt 0.417266 0.000000
vt 0.424460 1.000000
vt 0.424460 0.000000
vt 0.431655 1.000000
vt 0.431655 0.000000
vt 0.438849 1.000000
vt 0.438849 0.000000
vt 0.446043 1.000000
vt 0.446043 0.000000
vt 0.453237 1.000000
vt 0.453237 0.000000
vt 0.460432 1.000000
vt 0.460432 0.000000
vt 0.467626 1.000000
vt 0.467626 0.000000
vt 0.474820 1.000000
vt 0.474820 0.000000
vt 0.482014 1.000000
vt 0.482014 0.000000
vt 0.489209 1.000000
vt 0.489209 0.000000
vt 0.496403 1.000000
vt 0.496403 0.000000
vt 0.503597 1.000000
vt 0.503597 0.000000
vt 0.510791 1.000000
vt 0.510791 0.000000
vt 0.517986 1.000000
vt 0.517986 0.000000
vt 0.525180 1.000000
vt 0.525180 0.000000
vt 0.532374 1.000000
vt 0.532374 0.000000
vt 0.539568 1.000000
vt 0.539568 0.000000
vt 0.546763 1.000000
vt 0.546763 0.000000
vt 0.553957 1.000000
vt 0.553957 0.000000
vt 0.561151 1.000000
vt 0.561151 0.000000
vt 0.568345 1.000000
vt 0.568345 0.000000
vt 0.575540 1.000000
vt 0.575540 0.000000
vt 0.582734 1.000000
vt 0.582734 0.000000
vt 0.589928 1.000000
vt 0.589928 0.000000
vt 0.597122 1.000000
vt 0.597122 0.000000
vt 0.604317 1.000000
vt 0.604317 0.000000
vt 0.611511 1.000000
vt 0.611511 0.000000
vt 0.618705 1.000000
vt 0.618705 0.000000
vt 0.625899 1.000000
vt 0.625899 0.000000
vt 0.633094 1.000000
vt 0.633094 0.000000
vt 0.640288 1.000000
vt 0.640288 0.000000
vt 0.647482 1.000000
vt 0.647482 0.000000
vt 0.654676 1.000000
vt 0.654676 0.000000
vt 0.661870 1.000000
vt 0.661870 0.000000
vt 0.669065 1.000000
vt 0.669065 0.000000
vt 0.676259 1.000000
vt 0.676259 0.000000
vt 0.683453 1.000000
vt 0.683453 0.000000
vt 0.690647 1.000000
vt 0.690647 0.000000
vt 0.697842 1.000000
vt 0.697842 0.000000
vt 0.705036 1.000000
vt 0.705036 0.000000
vt 0.712230 1.000000
vt 0.712230 0.000000
vt 0.719424 1.000000
vt 0.719424 0.000000
vt 0.726619 1.000000
vt 0.726619 0.000000
vt 0.733813 1.000000
vt 0.733813 0.000000
vt 0.741007 1.000000
vt 0.741007 0.000000
vt 0.748201 1.000000
vt 0.748201 0.000000
vt 0.755396 1.000000
vt 0.755396 0.000000
vt 0.762590 1.000000
vt 0.762590 0.000000
vt 0.769784 1.000000
vt 0.769784 0.000000
vt 0.776978 1.000000
vt 0.776978 0.000000
vt 0.784173 1.000000
vt 0.784173 0.000000
vt 0.791367 1.000000
vt 0.791367 0.000000
vt 0.798561 1.000000
vt 0.798561 0.000000
vt 0.805755 1.000000
vt 0.805755 0.000000
vt 0.812950 1.000000
vt 0.812950 0.000000
vt 0.820144 1.000000
vt 0.820144 0.000000
vt 0.827338 1.000000
vt 0.827338 0.000000
vt 0.834532 1.000000
vt 0.834532 0.000000
vt 0.841727 1.000000
vt 0.841727 0.000000
vt 0.848921 1.000000
vt 0.848921 0.000000
vt 0.856115 1.000000
vt 0.856115 0.000000
vt 0.863309 1.000000
vt 0.863309 0.000000
vt 0.870504 1.000000
vt 0.870504 0.000000
vt 0.877698 1.000000
vt 0.877698 0.000000
vt 0.884892 1.000000
vt 0.884892 0.000000
vt 0.892086 1.000000
vt 0.892086 0.000000
vt 0.899281 1.000000
vt 0.899281 0.000000
vt 0.906475 1.000000
vt 0.906475 0.000000
vt 0.913669 1.000000
vt 0.913669 0.000000
vt 0.920863 1.000000
vt 0.920863 0.000000
vt 0.928058 1.000000
vt 0.928058 0.000000
vt 0.935252 1.000000
vt 0.935252 0.000000
vt 0.942446 1.000000
vt 0.942446 0.000000
vt 0.949640 1.000000
vt 0.949640 0.000000
vt 0.956835 1.000000
vt 0.956835 0.000000
vt 0.964029 1.000000
vt 0.964029 0.000000
vt 0.971223 1.000000
vt 0.971223 0.000000
vt 0.978417 1.000000
vt 0.978417 0.000000
vt 0.985611 1.000000
vt 0.985611 0.000000
vt 0.992806 1.000000
vt 0.992806 0.000000
vt 0.013514 1.000000
vt 0.013514 0.000000
vt 0.027027 1.000000
vt 0.027027 0.000000
vt 0.040541 1.000000
vt 0.040541 0.000000
vt 0.054054 1.000000
vt 0.054054 0.000000
vt 0.067568 1.000000
vt 0.067568 0.000000
vt 0.081081 1.000000
vt 0.081081 0.000000
vt 0.094595 1.000000
vt 0.094595 0.000000
vt 0.108108 1.000000
vt 0.108108 0.000000
vt 0.121622 1.000000
vt 0.121622 0.000000
vt 0.135135 1.000000
vt 0.135135 0.000000
vt 0.148649 1.000000
vt 0.148649 0.000000
vt 0.162162 1.000000
vt 0.162162 0.000000
vt 0.175676 1.000000
vt 0.175676 0.000000
vt 0.189189 1.000000
vt 0.189189 0.000000
vt 0.202703 1.000000
vt 0.202703 0.000000
vt 0.216216 1.000000
vt 0.216216 0.000000
vt 0.229730 1.000000
vt 0.229730 0.000000
vt 0.243243 1.000000
vt 0.243243 0.000000
vt 0.256757 1.000000
vt 0.256757 0.000000
vt 0.270270 1.000000
vt 0.270270 0.000000
vt 0.283784 1.000000
vt 0.283784 0.000000
vt 0.297297 1.000000
vt 0.297297 0.000000
vt 0.310811 1.000000
vt 0.310811 0.000000
vt 0.324324 1.000000
vt 0.324324 0.000000
vt 0.337838 1.000000
vt 0.337838 0.000000
vt 0.351351 1.000000
vt 0.351351 0.000000
vt 0.364865 1.000000
vt 0.364865 0.000000
vt 0.378378 1.000000
vt 0.378378 0.000000
vt 0.391892 1.000000
vt 0.391892 0.000000
vt 0.405405 1.000000
vt 0.405405 0.000000
vt 0.418919 1.000000
vt 0.418919 0.000000
vt 0.432432 1.000000
vt 0.432432 0.000000
vt 0.445946 1.000000
vt 0.445946 0.000000
vt 0.459459 1.000000
vt 0.459459 0.000000
vt 0.472973 1.000000
vt 0.472973 0.000000
vt 0.486486 1.000000
vt 0.486486 0.000000
vt 0.513514 1.000000
vt 0.513514 0.000000
vt 0.527027 1.000000
vt 0.527027 0.000000
vt 0.540541 1.000000
vt 0.540541 0.000000
vt 0.554054 1.000000
vt 0.554054 0.000000
vt 0.567568 1.000000
vt 0.567568 0.000000
vt 0.581081 1.000000
vt 0.581081 0.000000
vt 0.594595 1.000000
vt 0.594595 0.000000
vt 0.608108 1.000000
vt 0.608108 0.000000
vt 0.621622 1.000000
vt 0.621622 0.000000
vt 0.635135 1.000000
vt 0.635135 0.000000
vt 0.648649 1.000000
vt 0.648649 0.000000
vt 0.662162 1.000000
vt 0.662162 0.000000
vt 0.675676 1.000000
vt 0.675676 0.000000
vt 0.689189 1.000000
vt 0.689189 0.000000
vt 0.702703 1.000000
vt 0.702703 0.000000
vt 0.716216 1.000000
vt 0.716216 0.000000
vt 0.729730 1.000000
vt 0.729730 0.000000
vt 0.743243 1.000000
vt 0.743243 0.000000
vt 0.756757 1.000000
vt 0.756757 0.000000
vt 0.770270 1.000000
vt 0.770270 0.000000
vt 0.783784 1.000000
vt 0.783784 0.000000
vt 0.797297 1.000000
vt 0.797297 0.000000
vt 0.810811 1.000000
vt 0.810811 0.000000
vt 0.824324 1.000000
vt 0.824324 0.000000
vt 0.837838 1.000000
vt 0.837838 0.000000
vt 0.851351 1.000000
vt 0.851351 0.000000
vt 0.864865 1.000000
vt 0.864865 0.000000
vt 0.878378 1.000000
vt 0.878378 0.000000
vt 0.891892 1.000000
vt 0.891892 0.000000
vt 0.905405 1.000000
vt 0.905405 0.000000
vt 0.918919 1.000000
vt 0.918919 0.000000
vt 0.932432 1.000000
vt 0.932432 0.000000
vt 0.945946 1.000000
vt 0.945946 0.000000
vt 0.959459 1.000000
vt 0.959459 0.000000
vt 0.972973 1.000000
vt 0.972973 0.000000
vt 0.986486 1.000000
vt 0.986486 0.000000
vt 0.007299 1.000000
vt 0.007299 0.000000
vt 0.014599 1.000000
vt 0.014599 0.000000
vt 0.021898 1.000000
vt 0.021898 0.000000
vt 0.029197 1.000000
vt 0.029197 0.000000
vt 0.036496 1.000000
vt 0.036496 0.000000
vt 0.043796 1.000000
vt 0.043796 0.000000
vt 0.051095 1.000000
vt 0.051095 0.000000
vt 0.058394 1.000000
vt 0.058394 0.000000
vt 0.065693 1.000000
vt 0.065693 0.000000
vt 0.072993 1.000000
vt 0.072993 0.000000
vt 0.080292 1.000000
vt 0.080292 0.000000
vt 0.087591 1.000000
vt 0.087591 0.000000
vt 0.094891 1.000000
vt 0.094891 0.000000
vt 0.102190 1.000000
vt 0.102190 0.000000
vt 0.109489 1.000000
vt 0.109489 0.000000
vt 0.116788 1.000000
vt 0.116788 0.000000
vt 0.124088 1.000000
vt 0.124088 0.000000
vt 0.131387 1.000000
vt 0.131387 0.000000
vt 0.138686 1.000000
vt 0.138686 0.000000
vt 0.145985 1.000000
vt 0.145985 0.000000
vt 0.153285 1.000000
vt 0.153285 0.000000
vt 0.160584 1.000000
vt 0.160584 0.000000
vt 0.167883 1.000000
vt 0.167883 0.000000
vt 0.175182 1.000000
vt 0.175182 0.000000
vt 0.182482 1.000000
vt 0.182482 0.000000
vt 0.189781 1.000000
vt 0.189781 0.000000
vt 0.197080 1.000000
vt 0.197080 0.000000
vt 0.204380 1.000000
vt 0.204380 0.000000
vt 0.211679 1.000000
vt 0.211679 0.000000
vt 0.218978 1.000000
vt 0.218978 0.000000
vt 0.226277 1.000000
vt 0.226277 0.000000
vt 0.233577 1.000000
vt 0.233577 0.000000
vt 0.240876 1.000000
vt 0.240876 0.000000
vt 0.248175 1.000000
vt 0.248175 0.000000
vt 0.255474 1.000000
vt 0.255474 0.000000
vt 0.262774 1.000000
vt 0.262774 0.000000
vt 0.270073 1.000000
vt 0.270073 0.000000
vt 0.277372 1.000000
vt 0.277372 0.000000
vt 0.284672 1.000000
vt 0.284672 0.000000
vt 0.291971 1.000000
vt 0.291971 0.000000
vt 0.299270 1.000000
vt 0.299270 0.000000
vt 0.306569 1.000000
vt 0.306569 0.000000
vt 0.313869 1.000000
vt 0.313869 0.000000
vt 0.321168 1.000000
vt 0.321168 0.000000
vt 0.328467 1.000000
vt 0.328467 0.000000
vt 0.335766 1.000000
vt 0.335766 0.000000
vt 0.343066 1.000000
vt 0.343066 0.000000
vt 0.350365 1.000000
vt 0.350365 0.000000
vt 0.357664 1.000000
vt 0.357664 0.000000
vt 0.364964 1.000000
vt 0.364964 0.000000
vt 0.372263 1.000000
vt 0.372263 0.000000
vt 0.379562 1.000000
vt 0.379562 0.000000
vt 0.386861 1.000000
vt 0.386861 0.000000
vt 0.394161 1.000000
vt 0.394161 0.000000
vt 0.401460 1.000000
vt 0.401460 0.000000
vt 0.408759 1.000000
vt 0.408759 0.000000
vt 0.416058 1.000000
vt 0.416058 0.000000
vt 0.423358 1.000000
vt 0.423358 0.000000
vt 0.430657 1.000000
vt 0.430657 0.000000
vt 0.437956 1.000000
vt 0.437956 0.000000
vt 0.445255 1.000000
vt 0.445255 0.000000
vt 0.452555 1.000000
vt 0.452555 0.000000
vt 0.459854 1.000000
vt 0.459854 0.000000
vt 0.467153 1.000000
vt 0.467153 0.000000
vt 0.474453 1.000000
vt 0.474453 0.000000
vt 0.481752 1.000000
vt 0.481752 0.000000
vt 0.489051 1.000000
vt 0.489051 0.000000
vt 0.496350 1.000000
vt 0.496350 0.000000
vt 0.503650 1.000000
vt 0.503650 0.000000
vt 0.510949 1.000000
vt 0.510949 0.000000
vt 0.518248 1.000000
vt 0.518248 0.000000
vt 0.525547 1.000000
vt 0.525547 0.000000
vt 0.532847 1.000000
vt 0.532847 0.000000
vt 0.540146 1.000000
vt 0.540146 0.000000
vt 0.547445 1.000000
vt 0.547445 0.000000
vt 0.554745 1.000000
vt 0.554745 0.000000
vt 0.562044 1.000000
vt 0.562044 0.000000
vt 0.569343 1.000000
vt 0.569343 0.000000
vt 0.576642 1.000000
vt 0.576642 0.000000
vt 0.583942 1.000000
vt 0.583942 0.000000
vt 0.591241 1.000000
vt 0.591241 0.000000
vt 0.598540 1.000000
vt 0.598540 0.000000
vt 0.605839 1.000000
vt 0.605839 0.000000
vt 0.613139 1.000000
vt 0.613139 0.000000
vt 0.620438 1.000000
vt 0.620438 0.000000
vt 0.627737 1.000000
vt 0.627737 0.000000
vt 0.635036 1.000000
vt 0.635036 0.000000
vt 0.642336 1.000000
vt 0.642336 0.000000
vt 0.649635 1.000000
vt 0.649635 0.000000
vt 0.656934 1.000000
vt 0.656934 0.000000
vt 0.664234 1.000000
vt 0.664234 0.000000
vt 0.671533 1.000000
vt 0.671533 0.000000
vt 0.678832 1.000000
vt 0.678832 0.000000
vt 0.686131 1.000000
vt 0.686131 0.000000
vt 0.693431 1.000000
vt 0.693431 0.000000
vt 0.700730 1.000000
vt 0.700730 0.000000
vt 0.708029 1.000000
vt 0.708029 0.000000
vt 0.715328 1.000000
vt 0.715328 0.000000
vt 0.722628 1.000000
vt 0.722628 0.000000
vt 0.729927 1.000000
vt 0.729927 0.000000
vt 0.737226 1.000000
vt 0.737226 0.000000
vt 0.744526 1.000000
vt 0.744526 0.000000
vt 0.751825 1.000000
vt 0.751825 0.000000
vt 0.759124 1.000000
vt 0.759124 0.000000
vt 0.766423 1.000000
vt 0.766423 0.000000
vt 0.773723 1.000000
vt 0.773723 0.000000
vt 0.781022 1.000000
vt 0.781022 0.000000
vt 0.788321 1.000000
vt 0.788321 0.000000
vt 0.795620 1.000000
vt 0.795620 0.000000
vt 0.802920 1.000000
vt 0.802920 0.000000
vt 0.810219 1.000000
vt 0.810219 0.000000
vt 0.817518 1.000000
vt 0.817518 0.000000
vt 0.824818 1.000000
vt 0.824818 0.000000
vt 0.832117 1.000000
vt 0.832117 0.000000
vt 0.839416 1.000000
vt 0.839416 0.000000
vt 0.846715 1.000000
vt 0.846715 0.000000
vt 0.854015 1.000000
vt 0.854015 0.000000
vt 0.861314 1.000000
vt 0.861314 0.000000
vt 0.868613 1.000000
vt 0.868613 0.000000
vt 0.875912 1.000000
vt 0.875912 0.000000
vt 0.883212 1.000000
vt 0.883212 0.000000
vt 0.890511 1.000000
vt 0.890511 0.000000
vt 0.897810 1.000000
vt 0.897810 0.000000
vt 0.905109 1.000000
vt 0.905109 0.000000
vt 0.912409 1.000000
vt 0.912409 0.000000
vt 0.919708 1.000000
vt 0.919708 0.000000
vt 0.927007 1.000000
vt 0.927007 0.000000
vt 0.934307 1.000000
vt 0.934307 0.000000
vt 0.941606 1.000000
vt 0.941606 0.000000
vt 0.948905 1.000000
vt 0.948905 0.000000
vt 0.956204 1.000000
vt 0.956204 0.000000
vt 0.963504 1.000000
vt 0.963504 0.000000
vt 0.970803 1.000000
vt 0.970803 0.000000
vt 0.978102 1.000000
vt 0.978102 0.000000
vt 0.985401 1.000000
vt 0.985401 0.000000
vt 0.992701 1.000000
vt 0.992701 0.000000
vt 0.250000 1.000000
vt 0.750000 1.000000
vt 0.005525 1.000000
vt 0.005525 0.000000
vt 0.011050 1.000000
vt 0.011050 0.000000
vt 0.016575 1.000000
vt 0.016575 0.000000
vt 0.022099 1.000000
vt 0.022099 0.000000
vt 0.027624 1.000000
vt 0.027624 0.000000
vt 0.033149 1.000000
vt 0.033149 0.000000
vt 0.038674 1.000000
vt 0.038674 0.000000
vt 0.044199 1.000000
vt 0.044199 0.000000
vt 0.049724 1.000000
vt 0.049724 0.000000
vt 0.055249 1.000000
vt 0.055249 0.000000
vt 0.060773 1.000000
vt 0.060773 0.000000
vt 0.066298 1.000000
vt 0.066298 0.000000
vt 0.071823 1.000000
vt 0.071823 0.000000
vt 0.077348 1.000000
vt 0.077348 0.000000
vt 0.082873 1.000000
vt 0.082873 0.000000
vt 0.088398 1.000000
vt 0.088398 0.000000
vt 0.093923 1.000000
vt 0.093923 0.000000
vt 0.099448 1.000000
vt 0.099448 0.000000
vt 0.104972 1.000000
vt 0.104972 0.000000
vt 0.110497 1.000000
vt 0.110497 0.000000
vt 0.116022 1.000000
vt 0.116022 0.000000
vt 0.121547 1.000000
vt 0.121547 0.000000
vt 0.127072 1.000000
vt 0.127072 0.000000
vt 0.132597 1.000000
vt 0.132597 0.000000
vt 0.138122 1.000000
vt 0.138122 0.000000
vt 0.143646 1.000000
vt 0.143646 0.000000
vt 0.149171 1.000000
vt 0.149171 0.000000
vt 0.154696 1.000000
vt 0.154696 0.000000
vt 0.160221 1.000000
vt 0.160221 0.000000
vt 0.165746 1.000000
vt 0.165746 0.000000
vt 0.171271 1.000000
vt 0.171271 0.000000
vt 0.176796 1.000000
vt 0.176796 0.000000
vt 0.182320 1.000000
vt 0.182320 0.000000
vt 0.187845 1.000000
vt 0.187845 0.000000
vt 0.193370 1.000000
vt 0.193370 0.000000
vt 0.198895 1.000000
vt 0.198895 0.000000
vt 0.204420 1.000000
vt 0.204420 0.000000
vt 0.209945 1.000000
vt 0.209945 0.000000
vt 0.215470 1.000000
vt 0.215470 0.000000
vt 0.220994 1.000000
vt 0.220994 0.000000
vt 0.226519 1.000000
vt 0.226519 0.000000
vt 0.232044 1.000000
vt 0.232044 0.000000
vt 0.237569 1.000000
vt 0.237569 0.000000
vt 0.243094 1.000000
vt 0.243094 0.000000
vt 0.248619 1.000000
vt 0.248619 0.000000
vt 0.254144 1.000000
vt 0.254144 0.000000
vt 0.259668 1.000000
vt 0.259668 0.000000
vt 0.265193 1.000000
vt 0.265193 0.000000
vt 0.270718 1.000000
vt 0.270718 0.000000
vt 0.276243 1.000000
vt 0.276243 0.000000
vt 0.281768 1.000000
vt 0.281768 0.000000
vt 0.287293 1.000000
vt 0.287293 0.000000
vt 0.292818 1.000000
vt 0.292818 0.000000
vt 0.298343 1.000000
vt 0.298343 0.000000
vt 0.303867 1.000000
vt 0.303867 0.000000
vt 0.309392 1.000000
vt 0.309392 0.000000
vt 0.314917 1.000000
vt 0.314917 0.000000
vt 0.320442 1.000000
vt 0.320442 0.000000
vt 0.325967 1.000000
vt 0.325967 0.000000
vt 0.331492 1.000000
vt 0.331492 0.000000
vt 0.337017 1.000000
vt 0.337017 0.000000
vt 0.342541 1.000000
vt 0.342541 0.000000
vt 0.348066 1.000000
vt 0.348066 0.000000
vt 0.353591 1.000000
vt 0.353591 0.000000
vt 0.359116 1.000000
vt 0.359116 0.000000
vt 0.364641 1.000000
vt 0.364641 0.000000
vt 0.370166 1.000000
vt 0.370166 0.000000
vt 0.375691 1.000000
vt 0.375691 0.000000
vt 0.381215 1.000000
vt 0.381215 0.000000
vt 0.386740 1.000000
vt 0.386740 0.000000
vt 0.392265 1.000000
vt 0.392265 0.000000
vt 0.397790 1.000000
vt 0.397790 0.000000
vt 0.403315 1.000000
vt 0.403315 0.000000
vt 0.408840 1.000000
vt 0.408840 0.000000
vt 0.414365 1.000000
vt 0.414365 0.000000
vt 0.419890 1.000000
vt 0.419890 0.000000
vt 0.425414 1.000000
vt 0.425414 0.000000
vt 0.430939 1.000000
vt 0.430939 0.000000
vt 0.436464 1.000000
vt 0.436464 0.000000
vt 0.441989 1.000000
vt 0.441989 0.000000
vt 0.447514 1.000000
vt 0.447514 0.000000
vt 0.453039 1.000000
vt 0.453039 0.000000
vt 0.458564 1.000000
vt 0.458564 0.000000
vt 0.464088 1.000000
vt 0.464088 0.000000
vt 0.469613 1.000000
vt 0.469613 0.000000
vt 0.475138 1.000000
vt 0.475138 0.000000
vt 0.480663 1.000000
vt 0.480663 0.000000
vt 0.486188 1.000000
vt 0.486188 0.000000
vt 0.491713 1.000000
vt 0.491713 0.000000
vt 0.497238 1.000000
vt 0.497238 0.000000
vt 0.502762 1.000000
vt 0.502762 0.000000
vt 0.508287 1.000000
vt 0.508287 0.000000
vt 0.513812 1.000000
vt 0.513812 0.000000
vt 0.519337 1.000000
vt 0.519337 0.000000
vt 0.524862 1.000000
vt 0.524862 0.000000
vt 0.530387 1.000000
vt 0.530387 0.000000
vt 0.535912 1.000000
vt 0.535912 0.000000
vt 0.541436 1.000000
vt 0.541436 0.000000
vt 0.546961 1.000000
vt 0.546961 0.000000
vt 0.552486 1.000000
vt 0.552486 0.000000
vt 0.558011 1.000000
vt 0.558011 0.000000
vt 0.563536 1.000000
vt 0.563536 0.000000
vt 0.569061 1.000000
vt 0.569061 0.000000
vt 0.574586 1.000000
vt 0.574586 0.000000
vt 0.580110 1.000000
vt 0.580110 0.000000
vt 0.585635 1.000000
vt 0.585635 0.000000
vt 0.591160 1.000000
vt 0.591160 0.000000
vt 0.596685 1.000000
vt 0.596685 0.000000
vt 0.602210 1.000000
vt 0.602210 0.000000
vt 0.607735 1.000000
vt 0.607735 0.000000
vt 0.613260 1.000000
vt 0.613260 0.000000
vt 0.618785 1.000000
vt 0.618785 0.000000
vt 0.624309 1.000000
vt 0.624309 0.000000
vt 0.629834 1.000000
vt 0.629834 0.000000
vt 0.635359 1.000000
vt 0.635359 0.000000
vt 0.640884 1.000000
vt 0.640884 0.000000
vt 0.646409 1.000000
vt 0.646409 0.000000
vt 0.651934 1.000000
vt 0.651934 0.000000
vt 0.657459 1.000000
vt 0.657459 0.000000
vt 0.662983 1.000000
vt 0.662983 0.000000
vt 0.668508 1.000000
vt 0.668508 0.000000
vt 0.674033 1.000000
vt 0.674033 0.000000
vt 0.679558 1.000000
vt 0.679558 0.000000
vt 0.685083 1.000000
vt 0.685083 0.000000
vt 0.690608 1.000000
vt 0.690608 0.000000
vt 0.696133 1.000000
vt 0.696133 0.000000
vt 0.701657 1.000000
vt 0.701657 0.000000
vt 0.707182 1.000000
vt 0.707182 0.000000
vt 0.712707 1.000000
vt 0.712707 0.000000
vt 0.718232 1.000000
vt 0.718232 0.000000
vt 0.723757 1.000000
vt 0.723757 0.000000
vt 0.729282 1.000000
vt 0.729282 0.000000
vt 0.734807 1.000000
vt 0.734807 0.000000
vt 0.740331 1.000000
vt 0.740331 0.000000
vt 0.745856 1.000000
vt 0.745856 0.000000
vt 0.751381 1.000000
vt 0.751381 0.000000
vt 0.756906 1.000000
vt 0.756906 0.000000
vt 0.762431 1.000000
vt 0.762431 0.000000
vt 0.767956 1.000000
vt 0.767956 0.000000
vt 0.773481 1.000000
vt 0.773481 0.000000
vt 0.779006 1.000000
vt 0.779006 0.000000
vt 0.784530 1.000000
vt 0.784530 0.000000
vt 0.790055 1.000000
vt 0.790055 0.000000
vt 0.795580 1.000000
vt 0.795580 0.000000
vt 0.801105 1.000000
vt 0.801105 0.000000
vt 0.806630 1.000000
vt 0.806630 0.000000
vt 0.812155 1.000000
vt 0.812155 0.000000
vt 0.817680 1.000000
vt 0.817680 0.000000
vt 0.823204 1.000000
vt 0.823204 0.000000
vt 0.828729 1.000000
vt 0.828729 0.000000
vt 0.834254 1.000000
vt 0.834254 0.000000
vt 0.839779 1.000000
vt 0.839779 0.000000
vt 0.845304 1.000000
vt 0.845304 0.000000
vt 0.850829 1.000000
vt 0.850829 0.000000
vt 0.856354 1.000000
vt 0.856354 0.000000
vt 0.861878 1.000000
vt 0.861878 0.000000
vt 0.867403 1.000000
vt 0.867403 0.000000
vt 0.872928 1.000000
vt 0.872928 0.000000
vt 0.878453 1.000000
vt 0.878453 0.000000
vt 0.883978 1.000000
vt 0.883978 0.000000
vt 0.889503 1.000000
vt 0.889503 0.000000
vt 0.895028 1.000000
vt 0.895028 0.000000
vt 0.900553 1.000000
vt 0.900553 0.000000
vt 0.906077 1.000000
vt 0.906077 0.000000
vt 0.911602 1.000000
vt 0.911602 0.000000
vt 0.917127 1.000000
vt 0.917127 0.000000
vt 0.922652 1.000000
vt 0.922652 0.000000
vt 0.928177 1.000000
vt 0.928177 0.000000
vt 0.933702 1.000000
vt 0.933702 0.000000
vt 0.939227 1.000000
vt 0.939227 0.000000
vt 0.944751 1.000000
vt 0.944751 0.000000
vt 0.950276 1.000000
vt 0.950276 0.000000
vt 0.955801 1.000000
vt 0.955801 0.000000
vt 0.961326 1.000000
vt 0.961326 0.000000
vt 0.966851 1.000000
vt 0.966851 0.000000
vt 0.972376 1.000000
vt 0.972376 0.000000
vt 0.977901 1.000000
vt 0.977901 0.000000
vt 0.983425 1.000000
vt 0.983425 0.000000
vt 0.988950 1.000000
vt 0.988950 0.000000
vt 0.994475 1.000000
vt 0.994475 0.000000
vt 0.166667 1.000000
vt 0.166667 0.000000
vt 0.333333 1.000000
vt 0.333333 0.000000
vt 0.666667 1.000000
vt 0.666667 0.000000
vt 0.833333 1.000000
vt 0.833333 0.000000
vt 0.009901 1.000000
vt 0.009901 0.000000
vt 0.019802 1.000000
vt 0.019802 0.000000
vt 0.029703 1.000000
vt 0.029703 0.000000
vt 0.039604 1.000000
vt 0.039604 0.000000
vt 0.049505 1.000000
vt 0.049505 0.000000
vt 0.059406 1.000000
vt 0.059406 0.000000
vt 0.069307 1.000000
vt 0.069307 0.000000
vt 0.079208 1.000000
vt 0.079208 0.000000
vt 0.089109 1.000000
vt 0.089109 0.000000
vt 0.099010 1.000000
vt 0.099010 0.000000
vt 0.108911 1.000000
vt 0.108911 0.000000
vt 0.118812 1.000000
vt 0.118812 0.000000
vt 0.128713 1.000000
vt 0.128713 0.000000
vt 0.138614 1.000000
vt 0.138614 0.000000
vt 0.148515 1.000000
vt 0.148515 0.000000
vt 0.158416 1.000000
vt 0.158416 0.000000
vt 0.168317 1.000000
vt 0.168317 0.000000
vt 0.178218 1.000000
vt 0.178218 0.000000
vt 0.188119 1.000000
vt 0.188119 0.000000
vt 0.198020 1.000000
vt 0.198020 0.000000
vt 0.207921 1.000000
vt 0.207921 0.000000
vt 0.217822 1.000000
vt 0.217822 0.000000
vt 0.227723 1.000000
vt 0.227723 0.000000
vt 0.237624 1.000000
vt 0.237624 0.000000
vt 0.247525 1.000000
vt 0.247525 0.000000
vt 0.257426 1.000000
vt 0.257426 0.000000
vt 0.267327 1.000000
vt 0.267327 0.000000
vt 0.277228 1.000000
vt 0.277228 0.000000
vt 0.287129 1.000000
vt 0.287129 0.000000
vt 0.297030 1.000000
vt 0.297030 0.000000
vt 0.306931 1.000000
vt 0.306931 0.000000
vt 0.316832 1.000000
vt 0.316832 0.000000
vt 0.326733 1.000000
vt 0.326733 0.000000
vt 0.336634 1.000000
vt 0.336634 0.000000
vt 0.346535 1.000000
vt 0.346535 0.000000
vt 0.356436 1.000000
vt 0.356436 0.000000
vt 0.366337 1.000000
vt 0.366337 0.000000
vt 0.376238 1.000000
vt 0.376238 0.000000
vt 0.386139 1.000000
vt 0.386139 0.000000
vt 0.396040 1.000000
vt 0.396040 0.000000
vt 0.405941 1.000000
vt 0.405941 0.000000
vt 0.415842 1.000000
vt 0.415842 0.000000
vt 0.425743 1.000000
vt 0.425743 0.000000
vt 0.435644 1.000000
vt 0.435644 0.000000
vt 0.445545 1.000000
vt 0.445545 0.000000
vt 0.455446 1.000000
vt 0.455446 0.000000
vt 0.465347 1.000000
vt 0.465347 0.000000
vt 0.475248 1.000000
vt 0.475248 0.000000
vt 0.485149 1.000000
vt 0.485149 0.000000
vt 0.495050 1.000000
vt 0.495050 0.000000
vt 0.504951 1.000000
vt 0.504951 0.000000
vt 0.514852 1.000000
vt 0.514852 0.000000
vt 0.524752 1.000000
vt 0.524752 0.000000
vt 0.534653 1.000000
vt 0.534653 0.000000
vt 0.544554 1.000000
vt 0.544554 0.000000
vt 0.554455 1.000000
vt 0.554455 0.000000
vt 0.564356 1.000000
vt 0.564356 0.000000
vt 0.574257 1.000000
vt 0.574257 0.000000
vt 0.584158 1.000000
vt 0.584158 0.000000
vt 0.594059 1.000000
vt 0.594059 0.000000
vt 0.603960 1.000000
vt 0.603960 0.000000
vt 0.613861 1.000000
vt 0.613861 0.000000
vt 0.623762 1.000000
vt 0.623762 0.000000
vt 0.633663 1.000000
vt 0.633663 0.000000
vt 0.643564 1.000000
vt 0.643564 0.000000
vt 0.653465 1.000000
vt 0.653465 0.000000
vt 0.663366 1.000000
vt 0.663366 0.000000
vt 0.673267 1.000000
vt 0.673267 0.000000
vt 0.683168 1.000000
vt 0.683168 0.000000
vt 0.693069 1.000000
vt 0.693069 0.000000
vt 0.702970 1.000000
vt 0.702970 0.000000
vt 0.712871 1.000000
vt 0.712871 0.000000
vt 0.722772 1.000000
vt 0.722772 0.000000
vt 0.732673 1.000000
vt 0.732673 0.000000
vt 0.742574 1.000000
vt 0.742574 0.000000
vt 0.752475 1.000000
vt 0.752475 0.000000
vt 0.762376 1.000000
vt 0.762376 0.000000
vt 0.772277 1.000000
vt 0.772277 0.000000
vt 0.782178 1.000000
vt 0.782178 0.000000
vt 0.792079 1.000000
vt 0.792079 0.000000
vt 0.801980 1.000000
vt 0.801980 0.000000
vt 0.811881 1.000000
vt 0.811881 0.000000
vt 0.821782 1.000000
vt 0.821782 0.000000
vt 0.831683 1.000000
vt 0.831683 0.000000
vt 0.841584 1.000000
vt 0.841584 0.000000
vt 0.851485 1.000000
vt 0.851485 0.000000
vt 0.861386 1.000000
vt 0.861386 0.000000
vt 0.871287 1.000000
vt 0.871287 0.000000
vt 0.881188 1.000000
vt 0.881188 0.000000
vt 0.891089 1.000000
vt 0.891089 0.000000
vt 0.900990 1.000000
vt 0.900990 0.000000
vt 0.910891 1.000000
vt 0.910891 0.000000
vt 0.920792 1.000000
vt 0.920792 0.000000
vt 0.930693 1.000000
vt 0.930693 0.000000
vt 0.940594 1.000000
vt 0.940594 0.000000
vt 0.950495 1.000000
vt 0.950495 0.000000
vt 0.960396 1.000000
vt 0.960396 0.000000
vt 0.970297 1.000000
vt 0.970297 0.000000
vt 0.980198 1.000000
vt 0.980198 0.000000
vt 0.990099 1.000000
vt 0.990099 0.000000
vt 0.062500 1.000000
vt 0.062500 0.000000
vt 0.125000 1.000000
vt 0.187500 1.000000
vt 0.187500 0.000000
vt 0.312500 1.000000
vt 0.312500 0.000000
vt 0.375000 1.000000
vt 0.437500 1.000000
vt 0.437500 0.000000
vt 0.562500 1.000000
vt 0.562500 0.000000
vt 0.625000 1.000000
vt 0.687500 1.000000
vt 0.687500 0.000000
vt 0.812500 1.000000
vt 0.812500 0.000000
vt 0.875000 1.000000
vt 0.937500 1.000000
vt 0.937500 0.000000
s 1
f 117/1/1 18/2/1 118/3/1
f 18/2/1 119/4/1 118/3/1
f 18/2/1 17/5/1 119/4/1
f 17/5/1 19/6/1 119/4/1
f 12/7/1 5/8/1 13/9/1
f 5/8/1 14/10/1 13/9/1
f 5/8/1 8/11/1 14/10/1
f 8/11/1 9/12/1 14/10/1
f 117/1/1 15/13/1 18/2/1
f 16/14/1 19/6/1 17/5/1
f 12/7/1 6/15/1 5/8/1
f 7/16/1 9/12/1 8/11/1
f 117/1/1 135/17/1 15/13/1
f 135/17/1 16/14/1 15/13/1
f 135/17/1 134/18/1 16/14/1
f 134/18/1 19/6/1 16/14/1
f 12/7/1 4/19/1 6/15/1
f 4/19/1 7/16/1 6/15/1
f 4/19/1 3/20/1 7/16/1
f 3/20/1 9/12/1 7/16/1
f 117/1/1 120/21/1 135/17/1
f 133/22/1 19/6/1 134/18/1
f 12/7/1 1/23/1 4/19/1
f 2/24/1 9/12/1 3/20/1
f 116/25/1 120/21/1 117/1/1
f 116/25/1 121/26/1 120/21/1
f 116/25/1 122/27/1 121/26/1
f 116/25/1 123/28/1 122/27/1
f 116/25/1 124/29/1 123/28/1
f 115/30/1 124/29/1 116/25/1
f 115/30/1 125/31/1 124/29/1
f 115/30/1 126/32/1 125/31/1
f 115/30/1 127/33/1 126/32/1
f 115/30/1 128/34/1 127/33/1
f 114/35/1 128/34/1 115/30/1
f 114/35/1 129/36/1 128/34/1
f 114/35/1 130/37/1 129/36/1
f 114/35/1 131/38/1 130/37/1
f 114/35/1 132/39/1 131/38/1
f 113/40/1 132/39/1 114/35/1
f 113/40/1 133/22/1 132/39/1
f 113/40/1 80/41/1 133/22/1
f 80/41/1 19/6/1 133/22/1
f 112/42/1 81/43/1 113/40/1
f 81/43/1 80/41/1 113/40/1
f 12/7/1 10/44/1 1/23/1
f 10/44/1 2/24/1 1/23/1
f 10/44/1 9/12/1 2/24/1
f 112/42/1 82/45/1 81/43/1
f 79/46/1 19/6/1 80/41/1
f 111/47/1 82/45/1 112/42/1
f 111/47/1 83/48/1 82/45/1
f 110/49/1 83/48/1 111/47/1
f 12/7/1 11/50/1 10/44/1
f 110/49/1 84/51/1 83/48/1
f 110/49/1 85/52/1 84/51/1
f 109/53/1 85/52/1 110/49/1
f 109/53/1 86/54/1 85/52/1
f 108/55/1 86/54/1 109/53/1
f 108/55/1 87/56/1 86/54/1
f 107/57/1 87/56/1 108/55/1
f 107/57/1 88/58/1 87/56/1
f 107/57/1 89/59/1 88/58/1
f 106/60/1 89/59/1 107/57/1
f 78/61/1 19/6/1 79/46/1
f 78/61/1 20/62/1 19/6/1
f 77/63/1 20/62/1 78/61/1
f 76/64/1 20/62/1 77/63/1
f 106/60/1 90/65/1 89/59/1
f 76/64/1 21/66/1 20/62/1
f 75/67/1 21/66/1 76/64/1
f 74/68/1 21/66/1 75/67/1
f 73/69/1 21/66/1 74/68/1
f 72/70/1 21/66/1 73/69/1
f 71/71/1 21/66/1 72/70/1
f 105/72/1 90/65/1 106/60/1
f 71/71/1 22/73/1 21/66/1
f 70/74/1 22/73/1 71/71/1
f 69/75/1 22/73/1 70/74/1
f 54/76/1 56/77/1 55/78/1
f 68/79/1 22/73/1 69/75/1
f 54/76/1 57/80/1 56/77/1
f 67/81/1 22/73/1 68/79/1
f 66/82/1 22/73/1 67/81/1
f 54/76/1 58/83/1 57/80/1
f 65/84/1 22/73/1 66/82/1
f 64/85/1 22/73/1 65/84/1
f 54/76/1 59/86/1 58/83/1
f 63/87/1 22/73/1 64/85/1
f 54/76/1 60/88/1 59/86/1
f 62/89/1 22/73/1 63/87/1
f 54/76/1 61/90/1 60/88/1
f 61/90/1 22/73/1 62/89/1
f 54/76/1 22/73/1 61/90/1
f 53/91/1 22/73/1 54/76/1
f 53/91/1 23/92/1 22/73/1
f 52/93/1 23/92/1 53/91/1
f 105/72/1 91/94/1 90/65/1
f 52/93/1 24/95/1 23/92/1
f 51/96/1 24/95/1 52/93/1
f 50/97/1 24/95/1 51/96/1
f 50/97/1 25/98/1 24/95/1
f 49/99/1 25/98/1 50/97/1
f 104/100/1 91/94/1 105/72/1
f 49/99/1 26/101/1 25/98/1
f 103/102/1 91/94/1 104/100/1
f 103/102/1 92/103/1 91/94/1
f 48/104/1 26/101/1 49/99/1
f 102/105/1 92/103/1 103/102/1
f 48/104/1 27/106/1 26/101/1
f 101/107/1 92/103/1 102/105/1
f 48/104/1 28/108/1 27/106/1
f 47/109/1 28/108/1 48/104/1
f 100/110/1 92/103/1 101/107/1
f 47/109/1 29/111/1 28/108/1
f 46/112/1 29/111/1 47/109/1
f 99/113/1 92/103/1 100/110/1
f 46/112/1 30/114/1 29/111/1
f 98/115/1 92/103/1 99/113/1
f 45/116/1 30/114/1 46/112/1
f 45/116/1 31/117/1 30/114/1
f 97/118/1 92/103/1 98/115/1
f 45/116/1 32/119/1 31/117/1
f 97/118/1 96/120/1 92/103/1
f 96/120/1 95/121/1 92/103/1
f 95/121/1 94/122/1 92/103/1
f 94/122/1 93/123/1 92/103/1
f 44/124/1 32/119/1 45/116/1
f 44/124/1 33/125/1 32/119/1
f 44/124/1 34/126/1 33/125/1
f 44/124/1 35/127/1 34/126/1
f 43/128/1 35/127/1 44/124/1
f 43/128/1 36/129/1 35/127/1
f 43/128/1 37/130/1 36/129/1
f 43/128/1 38/131/1 37/130/1
f 43/128/1 39/132/1 38/131/1
f 43/128/1 40/133/1 39/132/1
f 43/128/1 41/134/1 40/133/1
f 43/128/1 42/135/1 41/134/1
f 215/136/1 217/137/1 216/138/1
f 189/139/1 191/140/1 190/141/1
f 214/142/1 217/137/1 215/136/1
f 189/139/1 192/143/1 191/140/1
f 214/142/1 218/144/1 217/137/1
f 188/145/1 192/143/1 189/139/1
f 188/145/1 193/146/1 192/143/1
f 213/147/1 218/144/1 214/142/1
f 213/147/1 219/148/1 218/144/1
f 187/149/1 193/146/1 188/145/1
f 187/149/1 194/150/1 193/146/1
f 212/151/1 219/148/1 213/147/1
f 212/151/1 220/152/1 219/148/1
f 186/153/1 194/150/1 187/149/1
f 186/153/1 195/154/1 194/150/1
f 211/155/1 220/152/1 212/151/1
f 211/155/1 221/156/1 220/152/1
f 185/157/1 195/154/1 186/153/1
f 185/157/1 196/158/1 195/154/1
f 210/159/1 221/156/1 211/155/1
f 210/159/1 222/160/1 221/156/1
f 184/161/1 196/158/1 185/157/1
f 184/161/1 197/162/1 196/158/1
f 210/159/1 223/163/1 222/160/1
f 209/164/1 223/163/1 210/159/1
f 183/165/1 197/162/1 184/161/1
f 183/165/1 198/166/1 197/162/1
f 209/164/1 224/167/1 223/163/1
f 182/168/1 198/166/1 183/165/1
f 182/168/1 199/169/1 198/166/1
f 208/170/1 224/167/1 209/164/1
f 208/170/1 225/171/1 224/167/1
f 182/168/1 200/172/1 199/169/1
f 181/173/1 200/172/1 182/168/1
f 207/174/1 225/171/1 208/170/1
f 207/174/1 226/175/1 225/171/1
f 181/173/1 201/176/1 200/172/1
f 180/177/1 201/176/1 181/173/1
f 206/178/1 226/175/1 207/174/1
f 180/177/1 202/179/1 201/176/1
f 206/178/1 227/180/1 226/175/1
f 179/181/1 202/179/1 180/177/1
f 175/182/1 177/183/1 176/184/1
f 175/182/1 174/185/1 177/183/1
f 205/186/1 227/180/1 206/178/1
f 179/181/1 203/187/1 202/179/1
f 205/186/1 228/188/1 227/180/1
f 178/189/1 203/187/1 179/181/1
f 204/190/1 228/188/1 205/186/1
f 204/190/1 229/191/1 228/188/1
f 358/192/1 203/187/1 178/189/1
f 356/193/1 164/194/1 357/195/1
f 164/194/1 358/192/1 357/195/1
f 164/194/1 203/187/1 358/192/1
f 164/194/1 204/190/1 203/187/1
f 164/194/1 229/191/1 204/190/1
f 164/194/1 230/196/1 229/191/1
f 164/194/1 163/197/1 230/196/1
f 163/197/1 231/198/1 230/196/1
f 356/193/1 165/199/1 164/194/1
f 162/200/1 231/198/1 163/197/1
f 167/201/1 169/202/1 168/203/1
f 167/201/1 166/204/1 169/202/1
f 171/205/1 173/206/1 172/207/1
f 171/205/1 170/208/1 173/206/1
f 356/193/1 162/200/1 165/199/1
f 356/193/1 231/198/1 162/200/1
s 0
f 355/209/2 231/198/2 356/193/2
s 1
f 354/210/1 319/211/1 355/209/1
s 0
f 319/211/1 231/198/1 355/209/1
s 1
f 354/210/1 320/212/1 319/211/1
s 0
f 318/213/1 231/198/1 319/211/1
s 1
f 317/214/1 232/215/1 318/213/1
s 0
f 232/215/1 231/198/1 318/213/1
s 1
f 317/214/1 233/216/1 232/215/1
f 353/217/1 320/212/1 354/210/1
f 362/218/1 367/219/1 363/220/1
f 367/219/1 364/221/1 363/220/1
f 367/219/1 366/222/1 364/221/1
f 366/222/1 359/223/1 364/221/1
f 353/217/1 321/224/1 320/212/1
f 352/225/1 321/224/1 353/217/1
f 352/225/1 322/226/1 321/224/1
f 362/218/1 368/17/1 367/219/1
f 365/227/1 359/223/1 366/222/1
f 351/228/1 322/226/1 352/225/1
f 351/228/1 323/229/1 322/226/1
f 350/230/1 323/229/1 351/228/1
f 350/230/1 324/231/1 323/229/1
f 349/232/1 324/231/1 350/230/1
f 268/233/1 270/234/1 269/235/1
f 268/233/1 271/236/1 270/234/1
f 268/233/1 272/237/1 271/236/1
f 268/233/1 273/238/1 272/237/1
f 349/232/1 325/239/1 324/231/1
f 348/240/1 325/239/1 349/232/1
f 268/233/1 274/241/1 273/238/1
f 268/233/1 275/242/1 274/241/1
f 268/233/1 276/243/1 275/242/1
f 268/233/1 277/244/1 276/243/1
f 268/233/1 278/245/1 277/244/1
f 268/233/1 279/246/1 278/245/1
f 267/247/1 279/246/1 268/233/1
f 267/247/1 280/248/1 279/246/1
f 267/247/1 281/249/1 280/248/1
f 267/247/1 282/250/1 281/249/1
f 347/251/1 325/239/1 348/240/1
f 347/251/1 326/252/1 325/239/1
f 266/253/1 282/250/1 267/247/1
f 266/253/1 283/254/1 282/250/1
f 346/255/1 326/252/1 347/251/1
f 265/256/1 283/254/1 266/253/1
f 346/255/1 327/257/1 326/252/1
f 362/218/1 360/258/1 368/17/1
f 360/258/1 365/227/1 368/17/1
f 360/258/1 359/223/1 365/227/1
f 264/259/1 283/254/1 265/256/1
f 264/259/1 284/260/1 283/254/1
f 345/261/1 327/257/1 346/255/1
f 263/262/1 284/260/1 264/259/1
f 317/214/1 234/263/1 233/216/1
f 316/264/1 234/263/1 317/214/1
f 316/264/1 235/265/1 234/263/1
f 262/266/1 284/260/1 263/262/1
f 316/264/1 236/267/1 235/265/1
f 345/261/1 328/268/1 327/257/1
f 262/266/1 285/269/1 284/260/1
f 316/264/1 237/270/1 236/267/1
f 261/271/1 285/269/1 262/266/1
f 344/272/1 328/268/1 345/261/1
f 315/273/1 237/270/1 316/264/1
f 315/273/1 238/274/1 237/270/1
f 260/275/1 285/269/1 261/271/1
f 315/273/1 239/276/1 238/274/1
f 315/273/1 240/277/1 239/276/1
f 259/278/1 285/269/1 260/275/1
f 315/273/1 241/279/1 240/277/1
f 315/273/1 242/280/1 241/279/1
f 258/281/1 285/269/1 259/278/1
f 315/273/1 243/282/1 242/280/1
f 315/273/1 244/283/1 243/282/1
f 257/284/1 285/269/1 258/281/1
f 315/273/1 245/285/1 244/283/1
f 315/273/1 246/286/1 245/285/1
f 315/273/1 247/287/1 246/286/1
f 315/273/1 248/288/1 247/287/1
f 315/273/1 249/289/1 248/288/1
f 315/273/1 250/290/1 249/289/1
f 315/273/1 251/291/1 250/290/1
f 315/273/1 252/79/1 251/291/1
f 315/273/1 253/292/1 252/79/1
f 315/273/1 254/293/1 253/292/1
f 315/273/1 255/294/1 254/293/1
f 315/273/1 256/295/1 255/294/1
f 315/273/1 257/284/1 256/295/1
f 315/273/1 285/269/1 257/284/1
f 314/296/1 285/269/1 315/273/1
f 314/296/1 286/297/1 285/269/1
f 343/298/1 328/268/1 344/272/1
f 343/298/1 329/299/1 328/268/1
f 313/300/1 286/297/1 314/296/1
f 362/218/1 361/301/1 360/258/1
f 313/300/1 287/302/1 286/297/1
f 342/303/1 329/299/1 343/298/1
f 312/304/1 287/302/1 313/300/1
f 341/305/1 329/299/1 342/303/1
f 340/306/1 329/299/1 341/305/1
f 312/304/1 288/307/1 287/302/1
f 340/306/1 330/308/1 329/299/1
f 339/309/1 330/308/1 340/306/1
f 311/310/1 288/307/1 312/304/1
f 338/311/1 330/308/1 339/309/1
f 311/310/1 289/312/1 288/307/1
f 310/313/1 289/312/1 311/310/1
f 337/314/1 330/308/1 338/311/1
f 336/315/1 330/308/1 337/314/1
f 309/316/1 289/312/1 310/313/1
f 309/316/1 290/317/1 289/312/1
f 335/318/1 330/308/1 336/315/1
f 308/319/1 290/317/1 309/316/1
f 308/319/1 291/320/1 290/317/1
f 335/318/1 334/321/1 330/308/1
f 334/321/1 333/322/1 330/308/1
f 333/322/1 332/323/1 330/308/1
f 332/323/1 331/324/1 330/308/1
f 307/325/1 291/320/1 308/319/1
f 307/325/1 292/326/1 291/320/1
f 306/327/1 292/326/1 307/325/1
f 306/327/1 293/328/1 292/326/1
f 305/329/1 293/328/1 306/327/1
s 0
f 304/330/2 293/328/2 305/329/2
f 303/331/1 293/328/1 304/330/1
f 302/332/1 293/328/1 303/331/1
f 301/333/1 293/328/1 302/332/1
f 300/334/2 293/328/2 301/333/2
f 299/335/1 293/328/1 300/334/1
f 298/336/1 293/328/1 299/335/1
f 297/337/1 293/328/1 298/336/1
f 296/338/1 293/328/1 297/337/1
f 295/339/1 293/328/1 296/338/1
f 294/340/1 293/328/1 295/339/1
s 1
f 160/341/1 136/23/1 161/342/1
f 160/341/1 137/343/1 136/23/1
f 160/341/1 138/344/1 137/343/1
f 159/345/1 138/344/1 160/341/1
f 159/345/1 139/346/1 138/344/1
f 158/347/1 139/346/1 159/345/1
f 158/347/1 140/348/1 139/346/1
f 157/349/1 140/348/1 158/347/1
f 157/349/1 141/350/1 140/348/1
f 156/351/1 141/350/1 157/349/1
f 156/351/1 142/352/1 141/350/1
f 155/353/1 142/352/1 156/351/1
f 155/353/1 143/354/1 142/352/1
f 154/355/1 143/354/1 155/353/1
f 154/355/1 144/356/1 143/354/1
f 153/357/1 144/356/1 154/355/1
f 153/357/1 145/358/1 144/356/1
f 153/357/1 146/359/1 145/358/1
f 152/360/1 146/359/1 153/357/1
f 152/360/1 147/361/1 146/359/1
f 151/362/1 147/361/1 152/360/1
f 151/362/1 150/363/1 147/361/1
f 150/363/1 149/364/1 147/361/1
f 149/364/1 148/365/1 147/361/1
f 391/366/1 393/367/1 392/368/1
f 390/369/1 393/367/1 391/366/1
f 389/370/1 393/367/1 390/369/1
f 388/371/1 393/367/1 389/370/1
f 388/371/1 394/372/1 393/367/1
f 387/373/1 394/372/1 388/371/1
f 387/373/1 395/374/1 394/372/1
f 387/373/1 396/375/1 395/374/1
f 386/199/1 396/375/1 387/373/1
f 386/199/1 397/376/1 396/375/1
f 385/377/1 397/376/1 386/199/1
f 385/377/1 398/378/1 397/376/1
f 384/379/1 398/378/1 385/377/1
f 384/379/1 399/380/1 398/378/1
f 383/381/1 399/380/1 384/379/1
f 383/381/1 400/382/1 399/380/1
f 382/383/1 400/382/1 383/381/1
f 382/383/1 401/384/1 400/382/1
f 381/385/1 401/384/1 382/383/1
f 381/385/1 402/386/1 401/384/1
f 381/385/1 403/150/1 402/386/1
f 380/387/1 403/150/1 381/385/1
f 380/387/1 404/388/1 403/150/1
f 379/389/1 404/388/1 380/387/1
f 379/389/1 405/390/1 404/388/1
f 379/389/1 406/391/1 405/390/1
f 378/392/1 406/391/1 379/389/1
f 378/392/1 407/393/1 406/391/1
f 377/394/1 407/393/1 378/392/1
f 377/394/1 408/395/1 407/393/1
f 376/396/1 408/395/1 377/394/1
f 376/396/1 409/397/1 408/395/1
f 375/398/1 409/397/1 376/396/1
f 375/398/1 410/399/1 409/397/1
f 374/400/1 410/399/1 375/398/1
f 374/400/1 411/401/1 410/399/1
f 441/402/1 443/403/1 442/404/1
f 373/405/1 411/401/1 374/400/1
f 373/405/1 412/406/1 411/401/1
f 441/402/1 444/407/1 443/403/1
f 440/408/1 444/407/1 441/402/1
f 439/409/1 444/407/1 440/408/1
f 439/409/1 445/410/1 444/407/1
f 372/411/1 412/406/1 373/405/1
f 438/412/1 445/410/1 439/409/1
f 372/411/1 413/413/1 412/406/1
f 437/79/1 445/410/1 438/412/1
f 436/414/1 445/410/1 437/79/1
f 436/414/1 446/415/1 445/410/1
f 435/416/1 446/415/1 436/414/1
f 371/417/1 413/413/1 372/411/1
f 371/417/1 414/418/1 413/413/1
f 434/419/1 446/415/1 435/416/1
f 434/419/1 447/420/1 446/415/1
f 433/421/1 447/420/1 434/419/1
f 432/422/1 447/420/1 433/421/1
f 371/417/1 415/423/1 414/418/1
f 432/422/1 448/424/1 447/420/1
f 370/425/1 415/423/1 371/417/1
f 431/426/1 448/424/1 432/422/1
f 430/427/1 448/424/1 431/426/1
f 430/427/1 449/428/1 448/424/1
f 370/425/1 416/429/1 415/423/1
f 369/23/1 416/429/1 370/425/1
f 429/430/1 449/428/1 430/427/1
f 428/431/1 449/428/1 429/430/1
f 428/431/1 450/432/1 449/428/1
f 427/433/1 450/432/1 428/431/1
f 426/434/1 450/432/1 427/433/1
f 425/435/1 450/432/1 426/434/1
f 369/23/1 417/436/1 416/429/1
f 424/437/1 450/432/1 425/435/1
f 505/17/1 417/436/1 369/23/1
f 423/438/1 450/432/1 424/437/1
f 422/439/1 450/432/1 423/438/1
f 421/440/1 450/432/1 422/439/1
f 420/163/1 450/432/1 421/440/1
f 419/441/1 450/432/1 420/163/1
f 419/441/1 451/442/1 450/432/1
f 418/443/1 451/442/1 419/441/1
f 417/436/1 451/442/1 418/443/1
f 505/17/1 451/442/1 417/436/1
f 504/444/1 451/442/1 505/17/1
f 503/445/1 451/442/1 504/444/1
f 502/446/1 451/442/1 503/445/1
f 501/447/1 451/442/1 502/446/1
f 500/448/1 451/442/1 501/447/1
f 499/449/1 451/442/1 500/448/1
f 491/450/1 493/451/1 492/452/1
f 498/453/1 451/442/1 499/449/1
f 491/450/1 494/454/1 493/451/1
f 497/455/1 451/442/1 498/453/1
f 491/450/1 495/456/1 494/454/1
f 496/457/1 451/442/1 497/455/1
f 491/450/1 496/457/1 495/456/1
f 491/450/1 486/458/1 496/457/1
f 486/458/1 485/459/1 496/457/1
f 485/459/1 484/460/1 496/457/1
f 484/460/1 483/461/1 496/457/1
f 483/461/1 482/462/1 496/457/1
f 482/462/1 481/463/1 496/457/1
f 481/463/1 467/464/1 496/457/1
f 467/464/1 451/442/1 496/457/1
f 481/463/1 468/465/1 467/464/1
f 466/466/1 451/442/1 467/464/1
f 466/466/1 452/467/1 451/442/1
f 481/463/1 469/468/1 468/465/1
f 481/463/1 470/469/1 469/468/1
f 465/470/1 452/467/1 466/466/1
f 481/463/1 471/313/1 470/469/1
f 481/463/1 472/471/1 471/313/1
f 464/472/1 452/467/1 465/470/1
f 481/463/1 480/473/1 472/471/1
f 480/473/1 473/474/1 472/471/1
f 464/472/1 453/475/1 452/467/1
f 463/476/1 453/475/1 464/472/1
f 480/473/1 474/477/1 473/474/1
f 480/473/1 475/478/1 474/477/1
f 462/479/1 453/475/1 463/476/1
f 480/473/1 476/480/1 475/478/1
f 480/473/1 477/481/1 476/480/1
f 461/482/1 453/475/1 462/479/1
f 480/473/1 478/483/1 477/481/1
f 461/482/1 454/249/1 453/475/1
f 480/473/1 479/484/1 478/483/1
f 460/485/1 454/249/1 461/482/1
f 491/450/1 487/486/1 486/458/1
f 491/450/1 488/309/1 487/486/1
f 491/450/1 489/487/1 488/309/1
f 491/450/1 490/488/1 489/487/1
f 459/489/1 454/249/1 460/485/1
f 458/490/1 454/249/1 459/489/1
f 458/490/1 457/491/1 454/249/1
f 457/491/1 456/492/1 454/249/1
f 456/492/1 455/493/1 454/249/1
f 566/494/1 568/495/1 567/496/1
f 528/497/1 530/498/1 529/499/1
f 566/494/1 569/500/1 568/495/1
f 527/501/1 530/498/1 528/497/1
f 566/494/1 570/502/1 569/500/1
f 526/503/1 530/498/1 527/501/1
f 566/494/1 571/504/1 570/502/1
f 525/505/1 530/498/1 526/503/1
f 566/494/1 572/506/1 571/504/1
f 524/507/1 530/498/1 525/505/1
f 566/494/1 573/508/1 572/506/1
f 523/509/1 530/498/1 524/507/1
f 566/494/1 574/510/1 573/508/1
f 522/511/1 530/498/1 523/509/1
f 566/494/1 575/512/1 574/510/1
f 521/513/1 530/498/1 522/511/1
f 566/494/1 576/514/1 575/512/1
f 520/515/1 530/498/1 521/513/1
f 566/494/1 577/516/1 576/514/1
f 519/517/1 530/498/1 520/515/1
f 566/494/1 578/518/1 577/516/1
f 518/519/1 530/498/1 519/517/1
f 566/494/1 579/17/1 578/518/1
f 517/520/1 530/498/1 518/519/1
f 566/494/1 506/23/1 579/17/1
f 566/494/1 507/521/1 506/23/1
f 566/494/1 508/522/1 507/521/1
f 566/494/1 509/523/1 508/522/1
f 566/494/1 510/524/1 509/523/1
f 566/494/1 511/525/1 510/524/1
f 566/494/1 512/526/1 511/525/1
f 566/494/1 513/527/1 512/526/1
f 566/494/1 514/528/1 513/527/1
f 566/494/1 515/529/1 514/528/1
f 566/494/1 516/530/1 515/529/1
f 566/494/1 517/520/1 516/530/1
f 566/494/1 565/531/1 517/520/1
f 565/531/1 564/532/1 517/520/1
f 564/532/1 563/533/1 517/520/1
f 563/533/1 562/534/1 517/520/1
f 562/534/1 561/535/1 517/520/1
f 561/535/1 560/536/1 517/520/1
f 560/536/1 559/537/1 517/520/1
f 559/537/1 558/538/1 517/520/1
f 558/538/1 557/539/1 517/520/1
f 557/539/1 556/540/1 517/520/1
f 556/540/1 555/541/1 517/520/1
f 555/541/1 554/542/1 517/520/1
f 554/542/1 553/543/1 517/520/1
f 553/543/1 552/544/1 517/520/1
f 552/544/1 551/545/1 517/520/1
f 551/545/1 548/546/1 517/520/1
f 548/546/1 546/547/1 517/520/1
f 546/547/1 543/548/1 517/520/1
f 543/548/1 542/549/1 517/520/1
f 542/549/1 541/550/1 517/520/1
f 541/550/1 540/551/1 517/520/1
f 540/551/1 539/552/1 517/520/1
f 539/552/1 538/553/1 517/520/1
f 538/553/1 537/554/1 517/520/1
f 537/554/1 536/555/1 517/520/1
f 536/555/1 535/556/1 517/520/1
f 535/556/1 530/498/1 517/520/1
s 0
f 550/557/2 548/546/2 551/545/2
f 549/558/1 548/546/1 550/557/1
f 547/559/1 546/547/1 548/546/1
f 545/560/1 543/548/1 546/547/1
f 544/561/1 543/548/1 545/560/1
s 1
f 534/562/1 530/498/1 535/556/1
f 533/563/1 530/498/1 534/562/1
f 532/564/1 530/498/1 533/563/1
f 531/565/1 530/498/1 532/564/1
f 618/566/1 620/567/1 619/568/1
f 618/566/1 621/569/1 620/567/1
f 618/566/1 622/570/1 621/569/1
f 617/571/1 622/570/1 618/566/1
f 617/571/1 623/572/1 622/570/1
f 616/573/1 623/572/1 617/571/1
f 592/574/1 594/575/1 593/576/1
f 615/577/1 623/572/1 616/573/1
f 615/577/1 624/578/1 623/572/1
f 592/574/1 595/579/1 594/575/1
f 614/580/1 624/578/1 615/577/1
f 614/580/1 625/581/1 624/578/1
f 756/582/1 758/583/1 757/584/1
f 592/574/1 596/585/1 595/579/1
f 591/586/1 596/585/1 592/574/1
f 755/587/1 758/583/1 756/582/1
f 613/588/1 625/581/1 614/580/1
f 613/588/1 626/589/1 625/581/1
f 591/586/1 597/590/1 596/585/1
f 754/591/1 758/583/1 755/587/1
f 590/592/1 597/590/1 591/586/1
f 754/591/1 759/593/1 758/583/1
f 612/594/1 626/589/1 613/588/1
f 753/595/1 759/593/1 754/591/1
f 612/594/1 627/596/1 626/589/1
f 590/592/1 598/597/1 597/590/1
f 753/595/1 760/598/1 759/593/1
f 589/599/1 598/597/1 590/592/1
f 752/600/1 760/598/1 753/595/1
f 752/600/1 761/601/1 760/598/1
f 611/602/1 627/596/1 612/594/1
f 751/603/1 761/601/1 752/600/1
f 611/602/1 628/604/1 627/596/1
f 589/599/1 599/605/1 598/597/1
f 751/603/1 762/606/1 761/601/1
f 588/607/1 599/605/1 589/599/1
f 750/608/1 762/606/1 751/603/1
f 750/608/1 763/609/1 762/606/1
f 610/610/1 628/604/1 611/602/1
f 610/610/1 629/611/1 628/604/1
f 749/612/1 763/609/1 750/608/1
f 587/613/1 599/605/1 588/607/1
f 587/613/1 600/614/1 599/605/1
f 749/612/1 764/615/1 763/609/1
f 748/616/1 764/615/1 749/612/1
f 748/616/1 765/617/1 764/615/1
f 609/618/1 629/611/1 610/610/1
f 609/618/1 630/619/1 629/611/1
f 747/620/1 765/617/1 748/616/1
f 586/621/1 600/614/1 587/613/1
f 747/620/1 766/622/1 765/617/1
f 586/621/1 601/623/1 600/614/1
f 746/624/1 766/622/1 747/620/1
f 746/624/1 767/625/1 766/622/1
f 608/626/1 630/619/1 609/618/1
f 608/626/1 631/627/1 630/619/1
f 746/624/1 768/628/1 767/625/1
f 585/629/1 601/623/1 586/621/1
f 745/630/1 768/628/1 746/624/1
f 585/629/1 602/631/1 601/623/1
f 608/626/1 607/632/1 631/627/1
f 607/632/1 606/633/1 631/627/1
f 745/630/1 769/634/1 768/628/1
f 744/635/1 769/634/1 745/630/1
f 744/635/1 770/17/1 769/634/1
f 584/636/1 602/631/1 585/629/1
f 584/636/1 603/637/1 602/631/1
f 744/635/1 632/638/1 770/17/1
f 743/639/1 632/638/1 744/635/1
f 743/639/1 633/640/1 632/638/1
f 584/636/1 604/641/1 603/637/1
f 583/642/1 604/641/1 584/636/1
f 742/643/1 633/640/1 743/639/1
f 742/643/1 634/644/1 633/640/1
f 583/642/1 605/645/1 604/641/1
f 582/646/1 605/645/1 583/642/1
f 741/647/1 634/644/1 742/643/1
f 741/647/1 635/648/1 634/644/1
f 582/646/1 581/649/1 605/645/1
f 581/649/1 580/23/1 605/645/1
f 741/647/1 636/650/1 635/648/1
f 740/651/1 636/650/1 741/647/1
f 740/651/1 637/652/1 636/650/1
f 739/653/1 637/652/1 740/651/1
f 739/653/1 638/654/1 637/652/1
f 739/653/1 639/655/1 638/654/1
f 738/656/1 639/655/1 739/653/1
f 738/656/1 640/657/1 639/655/1
f 737/658/1 640/657/1 738/656/1
f 737/658/1 641/659/1 640/657/1
f 736/660/1 641/659/1 737/658/1
f 736/660/1 642/661/1 641/659/1
f 736/660/1 643/662/1 642/661/1
f 735/663/1 643/662/1 736/660/1
f 655/664/1 657/665/1 656/666/1
f 654/667/1 657/665/1 655/664/1
f 653/668/1 657/665/1 654/667/1
f 652/669/1 657/665/1 653/668/1
f 651/670/1 657/665/1 652/669/1
f 650/671/1 657/665/1 651/670/1
f 649/672/1 657/665/1 650/671/1
f 648/673/1 657/665/1 649/672/1
f 647/674/1 657/665/1 648/673/1
f 646/675/1 657/665/1 647/674/1
f 645/676/1 657/665/1 646/675/1
f 644/677/1 657/665/1 645/676/1
f 735/663/1 644/677/1 643/662/1
f 735/663/1 657/665/1 644/677/1
f 734/678/1 657/665/1 735/663/1
f 733/679/1 657/665/1 734/678/1
f 732/680/1 659/681/1 733/679/1
f 659/681/1 658/682/1 733/679/1
f 658/682/1 657/665/1 733/679/1
f 731/683/1 664/684/1 732/680/1
f 664/684/1 663/685/1 732/680/1
f 663/685/1 662/686/1 732/680/1
f 662/686/1 661/687/1 732/680/1
f 661/687/1 660/688/1 732/680/1
f 660/688/1 659/681/1 732/680/1
f 730/689/1 708/690/1 731/683/1
f 708/690/1 707/691/1 731/683/1
f 707/691/1 670/692/1 731/683/1
f 670/692/1 669/693/1 731/683/1
f 669/693/1 668/694/1 731/683/1
f 668/694/1 667/695/1 731/683/1
f 667/695/1 666/696/1 731/683/1
f 666/696/1 665/697/1 731/683/1
f 665/697/1 664/684/1 731/683/1
f 730/689/1 709/698/1 708/690/1
f 706/699/1 670/692/1 707/691/1
f 706/699/1 671/700/1 670/692/1
f 729/701/1 709/698/1 730/689/1
f 729/701/1 710/702/1 709/698/1
f 728/703/1 710/702/1 729/701/1
f 728/703/1 711/704/1 710/702/1
f 727/705/1 711/704/1 728/703/1
f 727/705/1 712/706/1 711/704/1
f 705/707/1 671/700/1 706/699/1
f 726/708/1 712/706/1 727/705/1
f 705/707/1 672/709/1 671/700/1
f 726/708/1 713/710/1 712/706/1
f 725/711/1 713/710/1 726/708/1
f 725/711/1 714/712/1 713/710/1
f 724/713/1 714/712/1 725/711/1
f 704/714/1 672/709/1 705/707/1
f 724/713/1 715/715/1 714/712/1
f 723/716/1 715/715/1 724/713/1
f 704/714/1 673/717/1 672/709/1
f 723/716/1 716/718/1 715/715/1
f 722/719/1 716/718/1 723/716/1
f 721/720/1 716/718/1 722/719/1
f 721/720/1 717/721/1 716/718/1
f 720/722/1 717/721/1 721/720/1
f 703/723/1 673/717/1 704/714/1
f 720/722/1 718/724/1 717/721/1
f 720/722/1 719/725/1 718/724/1
f 703/723/1 674/726/1 673/717/1
f 702/727/1 674/726/1 703/723/1
f 702/727/1 675/79/1 674/726/1
f 701/728/1 675/79/1 702/727/1
f 700/729/1 675/79/1 701/728/1
f 700/729/1 676/730/1 675/79/1
f 699/731/1 676/730/1 700/729/1
f 699/731/1 677/732/1 676/730/1
f 698/733/1 677/732/1 699/731/1
f 698/733/1 678/734/1 677/732/1
f 697/735/1 678/734/1 698/733/1
f 696/736/1 678/734/1 697/735/1
f 696/736/1 679/737/1 678/734/1
f 695/738/1 679/737/1 696/736/1
f 694/739/1 679/737/1 695/738/1
f 693/740/1 679/737/1 694/739/1
f 692/741/1 679/737/1 693/740/1
f 692/741/1 680/742/1 679/737/1
f 691/743/1 680/742/1 692/741/1
f 690/744/1 680/742/1 691/743/1
f 689/745/1 680/742/1 690/744/1
f 688/746/1 680/742/1 689/745/1
f 687/747/1 680/742/1 688/746/1
f 686/748/1 680/742/1 687/747/1
f 685/749/1 680/742/1 686/748/1
f 684/750/1 680/742/1 685/749/1
f 683/751/1 680/742/1 684/750/1
f 683/751/1 681/752/1 680/742/1
f 682/753/1 681/752/1 683/751/1
f 887/1/2 888/3/2 788/2/2
f 788/2/2 888/3/2 889/4/2
f 788/2/2 889/4/2 787/5/2
f 787/5/2 889/4/2 789/6/2
f 782/7/2 783/9/2 775/8/2
f 775/8/2 783/9/2 784/10/2
f 775/8/2 784/10/2 778/11/2
f 778/11/2 784/10/2 779/12/2
f 887/1/2 788/2/2 785/13/2
f 786/14/2 787/5/2 789/6/2
f 782/7/2 775/8/2 776/15/2
f 777/16/2 778/11/2 779/12/2
f 887/1/2 785/13/2 905/17/2
f 905/17/2 785/13/2 786/14/2
f 905/17/2 786/14/2 904/18/2
f 904/18/2 786/14/2 789/6/2
f 782/7/2 776/15/2 774/19/2
f 774/19/2 776/15/2 777/16/2
f 774/19/2 777/16/2 773/20/2
f 773/20/2 777/16/2 779/12/2
f 887/1/2 905/17/2 890/21/2
f 903/22/2 904/18/2 789/6/2
f 782/7/2 774/19/2 771/23/2
f 772/24/2 773/20/2 779/12/2
f 886/25/2 887/1/2 890/21/2
f 886/25/2 890/21/2 891/26/2
f 886/25/2 891/26/2 892/27/2
f 886/25/2 892/27/2 893/28/2
f 886/25/2 893/28/2 894/29/2
f 885/30/2 886/25/2 894/29/2
f 885/30/2 894/29/2 895/31/2
f 885/30/2 895/31/2 896/32/2
f 885/30/2 896/32/2 897/33/2
f 885/30/2 897/33/2 898/34/2
f 884/35/2 885/30/2 898/34/2
f 884/35/2 898/34/2 899/36/2
f 884/35/2 899/36/2 900/37/2
f 884/35/2 900/37/2 901/38/2
f 884/35/2 901/38/2 902/39/2
f 883/40/2 884/35/2 902/39/2
f 883/40/2 902/39/2 903/22/2
f 883/40/2 903/22/2 850/41/2
f 850/41/2 903/22/2 789/6/2
f 882/42/2 883/40/2 851/43/2
f 851/43/2 883/40/2 850/41/2
f 782/7/2 771/23/2 780/44/2
f 780/44/2 771/23/2 772/24/2
f 780/44/2 772/24/2 779/12/2
f 882/42/2 851/43/2 852/45/2
f 849/46/2 850/41/2 789/6/2
f 881/47/2 882/42/2 852/45/2
f 881/47/2 852/45/2 853/48/2
f 880/49/2 881/47/2 853/48/2
f 782/7/2 780/44/2 781/50/2
f 880/49/2 853/48/2 854/51/2
f 880/49/2 854/51/2 855/52/2
f 879/53/2 880/49/2 855/52/2
f 879/53/2 855/52/2 856/54/2
f 878/55/2 879/53/2 856/54/2
f 878/55/2 856/54/2 857/56/2
f 877/57/2 878/55/2 857/56/2
f 877/57/2 857/56/2 858/58/2
f 877/57/2 858/58/2 859/59/2
f 876/60/2 877/57/2 859/59/2
f 848/61/2 849/46/2 789/6/2
f 848/61/2 789/6/2 790/62/2
f 847/63/2 848/61/2 790/62/2
f 846/64/2 847/63/2 790/62/2
f 876/60/2 859/59/2 860/65/2
f 846/64/2 790/62/2 791/66/2
f 845/67/2 846/64/2 791/66/2
f 844/68/2 845/67/2 791/66/2
f 843/69/2 844/68/2 791/66/2
f 842/70/2 843/69/2 791/66/2
f 841/71/2 842/70/2 791/66/2
f 875/72/2 876/60/2 860/65/2
f 841/71/2 791/66/2 792/73/2
f 840/74/2 841/71/2 792/73/2
f 839/75/2 840/74/2 792/73/2
f 824/76/2 825/78/2 826/77/2
f 838/79/2 839/75/2 792/73/2
f 824/76/2 826/77/2 827/80/2
f 837/81/2 838/79/2 792/73/2
f 836/82/2 837/81/2 792/73/2
f 824/76/2 827/80/2 828/83/2
f 835/84/2 836/82/2 792/73/2
f 834/85/2 835/84/2 792/73/2
f 824/76/2 828/83/2 829/86/2
f 833/87/2 834/85/2 792/73/2
f 824/76/2 829/86/2 830/88/2
f 832/89/2 833/87/2 792/73/2
f 824/76/2 830/88/2 831/90/2
f 831/90/2 832/89/2 792/73/2
f 824/76/2 831/90/2 792/73/2
f 823/91/2 824/76/2 792/73/2
f 823/91/2 792/73/2 793/92/2
f 822/93/2 823/91/2 793/92/2
f 875/72/2 860/65/2 861/94/2
f 822/93/2 793/92/2 794/95/2
f 821/96/2 822/93/2 794/95/2
f 820/97/2 821/96/2 794/95/2
f 820/97/2 794/95/2 795/98/2
f 819/99/2 820/97/2 795/98/2
f 874/100/2 875/72/2 861/94/2
f 819/99/2 795/98/2 796/101/2
f 873/102/2 874/100/2 861/94/2
f 873/102/2 861/94/2 862/103/2
f 818/104/2 819/99/2 796/101/2
f 872/105/2 873/102/2 862/103/2
f 818/104/2 796/101/2 797/106/2
f 871/107/2 872/105/2 862/103/2
f 818/104/2 797/106/2 798/108/2
f 817/109/2 818/104/2 798/108/2
f 870/110/2 871/107/2 862/103/2
f 817/109/2 798/108/2 799/111/2
f 816/112/2 817/109/2 799/111/2
f 869/113/2 870/110/2 862/103/2
f 816/112/2 799/111/2 800/114/2
f 868/115/2 869/113/2 862/103/2
f 815/116/2 816/112/2 800/114/2
f 815/116/2 800/114/2 801/117/2
f 867/118/2 868/115/2 862/103/2
f 815/116/2 801/117/2 802/119/2
f 867/118/2 862/103/2 866/120/2
f 866/120/2 862/103/2 865/121/2
f 865/121/2 862/103/2 864/122/2
f 864/122/2 862/103/2 863/123/2
f 814/124/2 815/116/2 802/119/2
f 814/124/2 802/119/2 803/125/2
f 814/124/2 803/125/2 804/126/2
f 814/124/2 804/126/2 805/127/2
f 813/128/2 814/124/2 805/127/2
f 813/128/2 805/127/2 806/129/2
f 813/128/2 806/129/2 807/130/2
f 813/128/2 807/130/2 808/131/2
f 813/128/2 808/131/2 809/132/2
f 813/128/2 809/132/2 810/133/2
f 813/128/2 810/133/2 811/134/2
f 813/128/2 811/134/2 812/135/2
f 985/136/2 986/138/2 987/137/2
f 959/139/2 960/141/2 961/140/2
f 984/142/2 985/136/2 987/137/2
f 959/139/2 961/140/2 962/143/2
f 984/142/2 987/137/2 988/144/2
f 958/145/2 959/139/2 962/143/2
f 958/145/2 962/143/2 963/146/2
f 983/147/2 984/142/2 988/144/2
f 983/147/2 988/144/2 989/148/2
f 957/149/2 958/145/2 963/146/2
f 957/149/2 963/146/2 964/150/2
f 982/151/2 983/147/2 989/148/2
f 982/151/2 989/148/2 990/152/2
f 956/153/2 957/149/2 964/150/2
f 956/153/2 964/150/2 965/154/2
f 981/155/2 982/151/2 990/152/2
f 981/155/2 990/152/2 991/156/2
f 955/157/2 956/153/2 965/154/2
f 955/157/2 965/154/2 966/158/2
f 980/159/2 981/155/2 991/156/2
f 980/159/2 991/156/2 992/160/2
f 954/161/2 955/157/2 966/158/2
f 954/161/2 966/158/2 967/162/2
f 980/159/2 992/160/2 993/163/2
f 979/164/2 980/159/2 993/163/2
f 953/165/2 954/161/2 967/162/2
f 953/165/2 967/162/2 968/166/2
f 979/164/2 993/163/2 994/167/2
f 952/168/2 953/165/2 968/166/2
f 952/168/2 968/166/2 969/169/2
f 978/170/2 979/164/2 994/167/2
f 978/170/2 994/167/2 995/171/2
f 952/168/2 969/169/2 970/172/2
f 951/173/2 952/168/2 970/172/2
f 977/174/2 978/170/2 995/171/2
f 977/174/2 995/171/2 996/175/2
f 951/173/2 970/172/2 971/176/2
f 950/177/2 951/173/2 971/176/2
f 976/178/2 977/174/2 996/175/2
f 950/177/2 971/176/2 972/179/2
f 976/178/2 996/175/2 997/180/2
f 949/181/2 950/177/2 972/179/2
f 945/182/2 946/184/2 947/183/2
f 945/182/2 947/183/2 944/185/2
f 975/186/2 976/178/2 997/180/2
f 949/181/2 972/179/2 973/187/2
f 975/186/2 997/180/2 998/188/2
f 948/189/2 949/181/2 973/187/2
f 974/190/2 975/186/2 998/188/2
f 974/190/2 998/188/2 999/191/2
f 1128/192/2 948/189/2 973/187/2
f 1126/193/2 1127/195/2 934/194/2
f 934/194/2 1127/195/2 1128/192/2
f 934/194/2 1128/192/2 973/187/2
f 934/194/2 973/187/2 974/190/2
f 934/194/2 974/190/2 999/191/2
f 934/194/2 999/191/2 1000/196/2
f 934/194/2 1000/196/2 933/197/2
f 933/197/2 1000/196/2 1001/198/2
f 1126/193/2 934/194/2 935/199/2
f 932/200/2 933/197/2 1001/198/2
f 937/201/2 938/203/2 939/202/2
f 937/201/2 939/202/2 936/204/2
f 941/205/2 942/207/2 943/206/2
f 941/205/2 943/206/2 940/208/2
f 1126/193/2 935/199/2 932/200/2
f 1126/193/2 932/200/2 1001/198/2
s 0
f 1125/209/1 1126/193/1 1001/198/1
s 1
f 1124/210/2 1125/209/2 1089/211/2
s 0
f 1089/211/1 1125/209/1 1001/198/1
s 1
f 1124/210/2 1089/211/2 1090/212/2
s 0
f 1088/213/1 1089/211/1 1001/198/1
s 1
f 1087/214/2 1088/213/2 1002/215/2
s 0
f 1002/215/1 1088/213/1 1001/198/1
s 1
f 1087/214/2 1002/215/2 1003/216/2
f 1123/217/2 1124/210/2 1090/212/2
f 1132/218/2 1133/220/2 1137/219/2
f 1137/219/2 1133/220/2 1134/221/2
f 1137/219/2 1134/221/2 1136/222/2
f 1136/222/2 1134/221/2 1129/223/2
f 1123/217/2 1090/212/2 1091/224/2
f 1122/225/2 1123/217/2 1091/224/2
f 1122/225/2 1091/224/2 1092/226/2
f 1132/218/2 1137/219/2 1138/17/2
f 1135/227/2 1136/222/2 1129/223/2
f 1121/228/2 1122/225/2 1092/226/2
f 1121/228/2 1092/226/2 1093/229/2
f 1120/230/2 1121/228/2 1093/229/2
f 1120/230/2 1093/229/2 1094/231/2
f 1119/232/2 1120/230/2 1094/231/2
f 1038/233/2 1039/235/2 1040/234/2
f 1038/233/2 1040/234/2 1041/236/2
f 1038/233/2 1041/236/2 1042/237/2
f 1038/233/2 1042/237/2 1043/238/2
f 1119/232/2 1094/231/2 1095/239/2
f 1118/240/2 1119/232/2 1095/239/2
f 1038/233/2 1043/238/2 1044/241/2
f 1038/233/2 1044/241/2 1045/242/2
f 1038/233/2 1045/242/2 1046/243/2
f 1038/233/2 1046/243/2 1047/244/2
f 1038/233/2 1047/244/2 1048/245/2
f 1038/233/2 1048/245/2 1049/246/2
f 1037/247/2 1038/233/2 1049/246/2
f 1037/247/2 1049/246/2 1050/248/2
f 1037/247/2 1050/248/2 1051/249/2
f 1037/247/2 1051/249/2 1052/250/2
f 1117/251/2 1118/240/2 1095/239/2
f 1117/251/2 1095/239/2 1096/252/2
f 1036/253/2 1037/247/2 1052/250/2
f 1036/253/2 1052/250/2 1053/254/2
f 1116/255/2 1117/251/2 1096/252/2
f 1035/256/2 1036/253/2 1053/254/2
f 1116/255/2 1096/252/2 1097/257/2
f 1132/218/2 1138/17/2 1130/258/2
f 1130/258/2 1138/17/2 1135/227/2
f 1130/258/2 1135/227/2 1129/223/2
f 1034/259/2 1035/256/2 1053/254/2
f 1034/259/2 1053/254/2 1054/260/2
f 1115/261/2 1116/255/2 1097/257/2
f 1033/262/2 1034/259/2 1054/260/2
f 1087/214/2 1003/216/2 1004/263/2
f 1086/264/2 1087/214/2 1004/263/2
f 1086/264/2 1004/263/2 1005/265/2
f 1032/266/2 1033/262/2 1054/260/2
f 1086/264/2 1005/265/2 1006/267/2
f 1115/261/2 1097/257/2 1098/268/2
f 1032/266/2 1054/260/2 1055/269/2
f 1086/264/2 1006/267/2 1007/270/2
f 1031/271/2 1032/266/2 1055/269/2
f 1114/272/2 1115/261/2 1098/268/2
f 1085/273/2 1086/264/2 1007/270/2
f 1085/273/2 1007/270/2 1008/274/2
f 1030/275/2 1031/271/2 1055/269/2
f 1085/273/2 1008/274/2 1009/276/2
f 1085/273/2 1009/276/2 1010/277/2
f 1029/278/2 1030/275/2 1055/269/2
f 1085/273/2 1010/277/2 1011/279/2
f 1085/273/2 1011/279/2 1012/280/2
f 1028/281/2 1029/278/2 1055/269/2
f 1085/273/2 1012/280/2 1013/282/2
f 1085/273/2 1013/282/2 1014/283/2
f 1027/284/2 1028/281/2 1055/269/2
f 1085/273/2 1014/283/2 1015/285/2
f 1085/273/2 1015/285/2 1016/286/2
f 1085/273/2 1016/286/2 1017/287/2
f 1085/273/2 1017/287/2 1018/288/2
f 1085/273/2 1018/288/2 1019/289/2
f 1085/273/2 1019/289/2 1020/290/2
f 1085/273/2 1020/290/2 1021/291/2
f 1085/273/2 1021/291/2 1022/79/2
f 1085/273/2 1022/79/2 1023/292/2
f 1085/273/2 1023/292/2 1024/293/2
f 1085/273/2 1024/293/2 1025/294/2
f 1085/273/2 1025/294/2 1026/295/2
f 1085/273/2 1026/295/2 1027/284/2
f 1085/273/2 1027/284/2 1055/269/2
f 1084/296/2 1085/273/2 1055/269/2
f 1084/296/2 1055/269/2 1056/297/2
f 1113/298/2 1114/272/2 1098/268/2
f 1113/298/2 1098/268/2 1099/299/2
f 1083/300/2 1084/296/2 1056/297/2
f 1132/218/2 1130/258/2 1131/301/2
f 1083/300/2 1056/297/2 1057/302/2
f 1112/303/2 1113/298/2 1099/299/2
f 1082/304/2 1083/300/2 1057/302/2
f 1111/305/2 1112/303/2 1099/299/2
f 1110/306/2 1111/305/2 1099/299/2
f 1082/304/2 1057/302/2 1058/307/2
f 1110/306/2 1099/299/2 1100/308/2
f 1109/309/2 1110/306/2 1100/308/2
f 1081/310/2 1082/304/2 1058/307/2
f 1108/311/2 1109/309/2 1100/308/2
f 1081/310/2 1058/307/2 1059/312/2
f 1080/313/2 1081/310/2 1059/312/2
f 1107/314/2 1108/311/2 1100/308/2
f 1106/315/2 1107/314/2 1100/308/2
f 1079/316/2 1080/313/2 1059/312/2
f 1079/316/2 1059/312/2 1060/317/2
f 1105/318/2 1106/315/2 1100/308/2
f 1078/319/2 1079/316/2 1060/317/2
f 1078/319/2 1060/317/2 1061/320/2
f 1105/318/2 1100/308/2 1104/321/2
f 1104/321/2 1100/308/2 1103/322/2
f 1103/322/2 1100/308/2 1102/323/2
f 1102/323/2 1100/308/2 1101/324/2
f 1077/325/2 1078/319/2 1061/320/2
f 1077/325/2 1061/320/2 1062/326/2
f 1076/327/2 1077/325/2 1062/326/2
f 1076/327/2 1062/326/2 1063/328/2
f 1075/329/2 1076/327/2 1063/328/2
s 0
f 1074/330/1 1075/329/1 1063/328/1
f 1073/331/1 1074/330/1 1063/328/1
f 1072/332/1 1073/331/1 1063/328/1
f 1071/333/1 1072/332/1 1063/328/1
f 1070/334/1 1071/333/1 1063/328/1
f 1069/335/1 1070/334/1 1063/328/1
f 1068/336/1 1069/335/1 1063/328/1
f 1067/337/1 1068/336/1 1063/328/1
f 1066/338/1 1067/337/1 1063/328/1
f 1065/339/1 1066/338/1 1063/328/1
f 1064/340/1 1065/339/1 1063/328/1
s 1
f 930/341/2 931/342/2 906/23/2
f 930/341/2 906/23/2 907/343/2
f 930/341/2 907/343/2 908/344/2
f 929/345/2 930/341/2 908/344/2
f 929/345/2 908/344/2 909/346/2
f 928/347/2 929/345/2 909/346/2
f 928/347/2 909/346/2 910/348/2
f 927/349/2 928/347/2 910/348/2
f 927/349/2 910/348/2 911/350/2
f 926/351/2 927/349/2 911/350/2
f 926/351/2 911/350/2 912/352/2
f 925/353/2 926/351/2 912/352/2
f 925/353/2 912/352/2 913/354/2
f 924/355/2 925/353/2 913/354/2
f 924/355/2 913/354/2 914/356/2
f 923/357/2 924/355/2 914/356/2
f 923/357/2 914/356/2 915/358/2
f 923/357/2 915/358/2 916/359/2
f 922/360/2 923/357/2 916/359/2
f 922/360/2 916/359/2 917/361/2
f 921/362/2 922/360/2 917/361/2
f 921/362/2 917/361/2 920/363/2
f 920/363/2 917/361/2 919/364/2
f 919/364/2 917/361/2 918/365/2
f 1161/366/2 1162/368/2 1163/367/2
f 1160/369/2 1161/366/2 1163/367/2
f 1159/370/2 1160/369/2 1163/367/2
f 1158/371/2 1159/370/2 1163/367/2
f 1158/371/2 1163/367/2 1164/372/2
f 1157/373/2 1158/371/2 1164/372/2
f 1157/373/2 1164/372/2 1165/374/2
f 1157/373/2 1165/374/2 1166/375/2
f 1156/199/2 1157/373/2 1166/375/2
f 1156/199/2 1166/375/2 1167/376/2
f 1155/377/2 1156/199/2 1167/376/2
f 1155/377/2 1167/376/2 1168/378/2
f 1154/379/2 1155/377/2 1168/378/2
f 1154/379/2 1168/378/2 1169/380/2
f 1153/381/2 1154/379/2 1169/380/2
f 1153/381/2 1169/380/2 1170/382/2
f 1152/383/2 1153/381/2 1170/382/2
f 1152/383/2 1170/382/2 1171/384/2
f 1151/385/2 1152/383/2 1171/384/2
f 1151/385/2 1171/384/2 1172/386/2
f 1151/385/2 1172/386/2 1173/150/2
f 1150/387/2 1151/385/2 1173/150/2
f 1150/387/2 1173/150/2 1174/388/2
f 1149/389/2 1150/387/2 1174/388/2
f 1149/389/2 1174/388/2 1175/390/2
f 1149/389/2 1175/390/2 1176/391/2
f 1148/392/2 1149/389/2 1176/391/2
f 1148/392/2 1176/391/2 1177/393/2
f 1147/394/2 1148/392/2 1177/393/2
f 1147/394/2 1177/393/2 1178/395/2
f 1146/396/2 1147/394/2 1178/395/2
f 1146/396/2 1178/395/2 1179/397/2
f 1145/398/2 1146/396/2 1179/397/2
f 1145/398/2 1179/397/2 1180/399/2
f 1144/400/2 1145/398/2 1180/399/2
f 1144/400/2 1180/399/2 1181/401/2
f 1211/402/2 1212/404/2 1213/403/2
f 1143/405/2 1144/400/2 1181/401/2
f 1143/405/2 1181/401/2 1182/406/2
f 1211/402/2 1213/403/2 1214/407/2
f 1210/408/2 1211/402/2 1214/407/2
f 1209/409/2 1210/408/2 1214/407/2
f 1209/409/2 1214/407/2 1215/410/2
f 1142/411/2 1143/405/2 1182/406/2
f 1208/412/2 1209/409/2 1215/410/2
f 1142/411/2 1182/406/2 1183/413/2
f 1207/79/2 1208/412/2 1215/410/2
f 1206/414/2 1207/79/2 1215/410/2
f 1206/414/2 1215/410/2 1216/415/2
f 1205/416/2 1206/414/2 1216/415/2
f 1141/417/2 1142/411/2 1183/413/2
f 1141/417/2 1183/413/2 1184/418/2
f 1204/419/2 1205/416/2 1216/415/2
f 1204/419/2 1216/415/2 1217/420/2
f 1203/421/2 1204/419/2 1217/420/2
f 1202/422/2 1203/421/2 1217/420/2
f 1141/417/2 1184/418/2 1185/423/2
f 1202/422/2 1217/420/2 1218/424/2
f 1140/425/2 1141/417/2 1185/423/2
f 1201/426/2 1202/422/2 1218/424/2
f 1200/427/2 1201/426/2 1218/424/2
f 1200/427/2 1218/424/2 1219/428/2
f 1140/425/2 1185/423/2 1186/429/2
f 1139/23/2 1140/425/2 1186/429/2
f 1199/430/2 1200/427/2 1219/428/2
f 1198/431/2 1199/430/2 1219/428/2
f 1198/431/2 1219/428/2 1220/432/2
f 1197/433/2 1198/431/2 1220/432/2
f 1196/434/2 1197/433/2 1220/432/2
f 1195/435/2 1196/434/2 1220/432/2
f 1139/23/2 1186/429/2 1187/436/2
f 1194/437/2 1195/435/2 1220/432/2
f 1275/17/2 1139/23/2 1187/436/2
f 1193/438/2 1194/437/2 1220/432/2
f 1192/439/2 1193/438/2 1220/432/2
f 1191/440/2 1192/439/2 1220/432/2
f 1190/163/2 1191/440/2 1220/432/2
f 1189/441/2 1190/163/2 1220/432/2
f 1189/441/2 1220/432/2 1221/442/2
f 1188/443/2 1189/441/2 1221/442/2
f 1187/436/2 1188/443/2 1221/442/2
f 1275/17/2 1187/436/2 1221/442/2
f 1274/444/2 1275/17/2 1221/442/2
f 1273/445/2 1274/444/2 1221/442/2
f 1272/446/2 1273/445/2 1221/442/2
f 1271/447/2 1272/446/2 1221/442/2
f 1270/448/2 1271/447/2 1221/442/2
f 1269/449/2 1270/448/2 1221/442/2
f 1261/450/2 1262/452/2 1263/451/2
f 1268/453/2 1269/449/2 1221/442/2
f 1261/450/2 1263/451/2 1264/454/2
f 1267/455/2 1268/453/2 1221/442/2
f 1261/450/2 1264/454/2 1265/456/2
f 1266/457/2 1267/455/2 1221/442/2
f 1261/450/2 1265/456/2 1266/457/2
f 1261/450/2 1266/457/2 1256/458/2
f 1256/458/2 1266/457/2 1255/459/2
f 1255/459/2 1266/457/2 1254/460/2
f 1254/460/2 1266/457/2 1253/461/2
f 1253/461/2 1266/457/2 1252/462/2
f 1252/462/2 1266/457/2 1251/463/2
f 1251/463/2 1266/457/2 1237/464/2
f 1237/464/2 1266/457/2 1221/442/2
f 1251/463/2 1237/464/2 1238/465/2
f 1236/466/2 1237/464/2 1221/442/2
f 1236/466/2 1221/442/2 1222/467/2
f 1251/463/2 1238/465/2 1239/468/2
f 1251/463/2 1239/468/2 1240/469/2
f 1235/470/2 1236/466/2 1222/467/2
f 1251/463/2 1240/469/2 1241/313/2
f 1251/463/2 1241/313/2 1242/471/2
f 1234/472/2 1235/470/2 1222/467/2
f 1251/463/2 1242/471/2 1250/473/2
f 1250/473/2 1242/471/2 1243/474/2
f 1234/472/2 1222/467/2 1223/475/2
f 1233/476/2 1234/472/2 1223/475/2
f 1250/473/2 1243/474/2 1244/477/2
f 1250/473/2 1244/477/2 1245/478/2
f 1232/479/2 1233/476/2 1223/475/2
f 1250/473/2 1245/478/2 1246/480/2
f 1250/473/2 1246/480/2 1247/481/2
f 1231/482/2 1232/479/2 1223/475/2
f 1250/473/2 1247/481/2 1248/483/2
f 1231/482/2 1223/475/2 1224/249/2
f 1250/473/2 1248/483/2 1249/484/2
f 1230/485/2 1231/482/2 1224/249/2
f 1261/450/2 1256/458/2 1257/486/3
f 1261/450/2 1257/486/3 1258/309/2
f 1261/450/2 1258/309/2 1259/487/2
f 1261/450/2 1259/487/2 1260/488/2
f 1229/489/2 1230/485/2 1224/249/2
f 1228/490/2 1229/489/2 1224/249/2
f 1228/490/2 1224/249/2 1227/491/2
f 1227/491/2 1224/249/2 1226/492/2
f 1226/492/2 1224/249/2 1225/493/2
f 1336/494/2 1337/496/2 1338/495/2
f 1298/497/2 1299/499/2 1300/498/2
f 1336/494/2 1338/495/2 1339/500/2
f 1297/501/2 1298/497/2 1300/498/2
f 1336/494/2 1339/500/2 1340/502/2
f 1296/503/2 1297/501/2 1300/498/2
f 1336/494/2 1340/502/2 1341/504/2
f 1295/505/2 1296/503/2 1300/498/2
f 1336/494/2 1341/504/2 1342/506/2
f 1294/507/2 1295/505/2 1300/498/2
f 1336/494/2 1342/506/2 1343/508/2
f 1293/509/2 1294/507/2 1300/498/2
f 1336/494/2 1343/508/2 1344/510/2
f 1292/511/2 1293/509/2 1300/498/2
f 1336/494/2 1344/510/2 1345/512/2
f 1291/513/2 1292/511/2 1300/498/2
f 1336/494/2 1345/512/2 1346/514/2
f 1290/515/2 1291/513/2 1300/498/2
f 1336/494/2 1346/514/2 1347/516/2
f 1289/517/2 1290/515/2 1300/498/2
f 1336/494/2 1347/516/2 1348/518/2
f 1288/519/2 1289/517/2 1300/498/2
f 1336/494/2 1348/518/2 1349/17/2
f 1287/520/2 1288/519/2 1300/498/2
f 1336/494/2 1349/17/2 1276/23/2
f 1336/494/2 1276/23/2 1277/521/2
f 1336/494/2 1277/521/2 1278/522/2
f 1336/494/2 1278/522/2 1279/523/2
f 1336/494/2 1279/523/2 1280/524/2
f 1336/494/2 1280/524/2 1281/525/2
f 1336/494/2 1281/525/2 1282/526/2
f 1336/494/2 1282/526/2 1283/527/2
f 1336/494/2 1283/527/2 1284/528/2
f 1336/494/2 1284/528/2 1285/529/2
f 1336/494/2 1285/529/2 1286/530/2
f 1336/494/2 1286/530/2 1287/520/2
f 1336/494/2 1287/520/2 1335/531/2
f 1335/531/2 1287/520/2 1334/532/2
f 1334/532/2 1287/520/2 1333/533/2
f 1333/533/2 1287/520/2 1332/534/2
f 1332/534/2 1287/520/2 1331/535/2
f 1331/535/2 1287/520/2 1330/536/2
f 1330/536/2 1287/520/2 1329/537/2
f 1329/537/2 1287/520/2 1328/538/2
f 1328/538/2 1287/520/2 1327/539/2
f 1327/539/2 1287/520/2 1326/540/2
f 1326/540/2 1287/520/2 1325/541/2
f 1325/541/2 1287/520/2 1324/542/2
f 1324/542/2 1287/520/2 1323/543/2
f 1323/543/2 1287/520/2 1322/544/2
f 1322/544/2 1287/520/2 1321/545/2
f 1321/545/2 1287/520/2 1318/546/2
f 1318/546/2 1287/520/2 1316/547/2
f 1316/547/2 1287/520/2 1313/548/2
f 1313/548/2 1287/520/2 1312/549/2
f 1312/549/2 1287/520/2 1311/550/2
f 1311/550/2 1287/520/2 1310/551/2
f 1310/551/2 1287/520/2 1309/552/2
f 1309/552/2 1287/520/2 1308/553/2
f 1308/553/2 1287/520/2 1307/554/2
f 1307/554/2 1287/520/2 1306/555/2
f 1306/555/2 1287/520/2 1305/556/2
f 1305/556/2 1287/520/2 1300/498/2
s 0
f 1320/557/1 1321/545/1 1318/546/1
f 1319/558/2 1320/557/2 1318/546/2
s 1
f 1317/559/2 1318/546/2 1316/547/2
s 0
f 1315/560/1 1316/547/1 1313/548/1
f 1314/561/1 1315/560/1 1313/548/1
s 1
f 1304/562/2 1305/556/2 1300/498/2
f 1303/563/3 1304/562/2 1300/498/2
f 1302/564/2 1303/563/3 1300/498/2
f 1301/565/2 1302/564/2 1300/498/2
f 1388/566/2 1389/568/2 1390/567/2
f 1388/566/2 1390/567/2 1391/569/2
f 1388/566/2 1391/569/2 1392/570/2
f 1387/571/2 1388/566/2 1392/570/2
f 1387/571/2 1392/570/2 1393/572/2
f 1386/573/2 1387/571/2 1393/572/2
f 1362/574/2 1363/576/2 1364/575/2
f 1385/577/2 1386/573/2 1393/572/2
f 1385/577/2 1393/572/2 1394/578/2
f 1362/574/2 1364/575/2 1365/579/2
f 1384/580/2 1385/577/2 1394/578/2
f 1384/580/2 1394/578/2 1395/581/2
f 1526/582/2 1527/584/2 1528/583/2
f 1362/574/2 1365/579/2 1366/585/2
f 1361/586/2 1362/574/2 1366/585/2
f 1525/587/2 1526/582/2 1528/583/2
f 1383/588/2 1384/580/2 1395/581/2
f 1383/588/2 1395/581/2 1396/589/2
f 1361/586/2 1366/585/2 1367/590/2
f 1524/591/2 1525/587/2 1528/583/2
f 1360/592/2 1361/586/2 1367/590/2
f 1524/591/2 1528/583/2 1529/593/2
f 1382/594/2 1383/588/2 1396/589/2
f 1523/595/2 1524/591/2 1529/593/2
f 1382/594/2 1396/589/2 1397/596/2
f 1360/592/2 1367/590/2 1368/597/2
f 1523/595/2 1529/593/2 1530/598/2
f 1359/599/2 1360/592/2 1368/597/2
f 1522/600/2 1523/595/2 1530/598/2
f 1522/600/2 1530/598/2 1531/601/2
f 1381/602/2 1382/594/2 1397/596/2
f 1521/603/2 1522/600/2 1531/601/2
f 1381/602/2 1397/596/2 1398/604/2
f 1359/599/2 1368/597/2 1369/605/2
f 1521/603/2 1531/601/2 1532/606/2
f 1358/607/2 1359/599/2 1369/605/2
f 1520/608/2 1521/603/2 1532/606/2
f 1520/608/2 1532/606/2 1533/609/2
f 1380/610/2 1381/602/2 1398/604/2
f 1380/610/2 1398/604/2 1399/611/2
f 1519/612/2 1520/608/2 1533/609/2
f 1357/613/2 1358/607/2 1369/605/2
f 1357/613/2 1369/605/2 1370/614/2
f 1519/612/2 1533/609/2 1534/615/2
f 1518/616/2 1519/612/2 1534/615/2
f 1518/616/2 1534/615/2 1535/617/2
f 1379/618/2 1380/610/2 1399/611/2
f 1379/618/2 1399/611/2 1400/619/2
f 1517/620/2 1518/616/2 1535/617/2
f 1356/621/2 1357/613/2 1370/614/2
f 1517/620/2 1535/617/2 1536/622/2
f 1356/621/2 1370/614/2 1371/623/2
f 1516/624/2 1517/620/2 1536/622/2
f 1516/624/2 1536/622/2 1537/625/2
f 1378/626/2 1379/618/2 1400/619/2
f 1378/626/2 1400/619/2 1401/627/2
f 1516/624/2 1537/625/2 1538/628/2
f 1355/629/2 1356/621/2 1371/623/2
f 1515/630/2 1516/624/2 1538/628/2
f 1355/629/2 1371/623/2 1372/631/2
f 1378/626/2 1401/627/2 1377/632/2
f 1377/632/2 1401/627/2 1376/633/2
f 1515/630/2 1538/628/2 1539/634/2
f 1514/635/2 1515/630/2 1539/634/2
f 1514/635/2 1539/634/2 1540/17/2
f 1354/636/2 1355/629/2 1372/631/2
f 1354/636/2 1372/631/2 1373/637/2
f 1514/635/2 1540/17/2 1402/638/2
f 1513/639/2 1514/635/2 1402/638/2
f 1513/639/2 1402/638/2 1403/640/2
f 1354/636/2 1373/637/2 1374/641/2
f 1353/642/2 1354/636/2 1374/641/2
f 1512/643/2 1513/639/2 1403/640/2
f 1512/643/2 1403/640/2 1404/644/2
f 1353/642/2 1374/641/2 1375/645/2
f 1352/646/2 1353/642/2 1375/645/2
f 1511/647/2 1512/643/2 1404/644/2
f 1511/647/2 1404/644/2 1405/648/2
f 1352/646/2 1375/645/2 1351/649/2
f 1351/649/2 1375/645/2 1350/23/2
f 1511/647/2 1405/648/2 1406/650/2
f 1510/651/2 1511/647/2 1406/650/2
f 1510/651/2 1406/650/2 1407/652/2
f 1509/653/2 1510/651/2 1407/652/2
f 1509/653/2 1407/652/2 1408/654/2
f 1509/653/2 1408/654/2 1409/655/2
f 1508/656/2 1509/653/2 1409/655/2
f 1508/656/2 1409/655/2 1410/657/2
f 1507/658/2 1508/656/2 1410/657/2
f 1507/658/2 1410/657/2 1411/659/2
f 1506/660/2 1507/658/2 1411/659/2
f 1506/660/2 1411/659/2 1412/661/2
f 1506/660/2 1412/661/2 1413/662/2
f 1505/663/2 1506/660/2 1413/662/2
f 1425/664/2 1426/666/2 1427/665/2
f 1424/667/2 1425/664/2 1427/665/2
f 1423/668/2 1424/667/2 1427/665/2
f 1422/669/2 1423/668/2 1427/665/2
f 1421/670/2 1422/669/2 1427/665/2
f 1420/671/2 1421/670/2 1427/665/2
f 1419/672/2 1420/671/2 1427/665/2
f 1418/673/2 1419/672/2 1427/665/2
f 1417/674/2 1418/673/2 1427/665/2
f 1416/675/2 1417/674/2 1427/665/2
f 1415/676/2 1416/675/2 1427/665/2
f 1414/677/2 1415/676/2 1427/665/2
f 1505/663/2 1413/662/2 1414/677/2
f 1505/663/2 1414/677/2 1427/665/2
f 1504/678/2 1505/663/2 1427/665/2
f 1503/679/2 1504/678/2 1427/665/2
f 1502/680/2 1503/679/2 1429/681/2
f 1429/681/2 1503/679/2 1428/682/2
f 1428/682/2 1503/679/2 1427/665/2
f 1501/683/2 1502/680/2 1434/684/2
f 1434/684/2 1502/680/2 1433/685/2
f 1433/685/2 1502/680/2 1432/686/2
f 1432/686/2 1502/680/2 1431/687/2
f 1431/687/2 1502/680/2 1430/688/4
f 1430/688/4 1502/680/2 1429/681/2
f 1500/689/2 1501/683/2 1478/690/2
f 1478/690/2 1501/683/2 1477/691/2
f 1477/691/2 1501/683/2 1440/692/2
f 1440/692/2 1501/683/2 1439/693/2
f 1439/693/2 1501/683/2 1438/694/2
f 1438/694/2 1501/683/2 1437/695/2
f 1437/695/2 1501/683/2 1436/696/2
f 1436/696/2 1501/683/2 1435/697/2
f 1435/697/1 1501/683/1 1434/684/1
f 1500/689/2 1478/690/2 1479/698/2
f 1476/699/2 1477/691/2 1440/692/2
f 1476/699/2 1440/692/2 1441/700/2
f 1499/701/2 1500/689/2 1479/698/2
f 1499/701/2 1479/698/2 1480/702/2
f 1498/703/2 1499/701/2 1480/702/2
f 1498/703/2 1480/702/2 1481/704/2
f 1497/705/2 1498/703/2 1481/704/2
f 1497/705/2 1481/704/2 1482/706/2
f 1475/707/2 1476/699/2 1441/700/2
f 1496/708/2 1497/705/2 1482/706/2
f 1475/707/2 1441/700/2 1442/709/2
f 1496/708/2 1482/706/2 1483/710/2
f 1495/711/2 1496/708/2 1483/710/2
f 1495/711/2 1483/710/2 1484/712/2
f 1494/713/2 1495/711/2 1484/712/2
f 1474/714/2 1475/707/2 1442/709/2
f 1494/713/2 1484/712/2 1485/715/2
f 1493/716/2 1494/713/2 1485/715/2
f 1474/714/2 1442/709/2 1443/717/2
f 1493/716/2 1485/715/2 1486/718/2
f 1492/719/2 1493/716/2 1486/718/2
f 1491/720/2 1492/719/2 1486/718/2
f 1491/720/2 1486/718/2 1487/721/2
f 1490/722/2 1491/720/2 1487/721/2
f 1473/723/2 1474/714/2 1443/717/2
f 1490/722/2 1487/721/2 1488/724/2
f 1490/722/2 1488/724/2 1489/725/2
f 1473/723/2 1443/717/2 1444/726/2
f 1472/727/2 1473/723/2 1444/726/2
f 1472/727/2 1444/726/2 1445/79/2
f 1471/728/2 1472/727/2 1445/79/2
f 1470/729/2 1471/728/2 1445/79/2
f 1470/729/2 1445/79/2 1446/730/2
f 1469/731/2 1470/729/2 1446/730/2
f 1469/731/2 1446/730/2 1447/732/2
f 1468/733/2 1469/731/2 1447/732/2
f 1468/733/2 1447/732/2 1448/734/2
f 1467/735/2 1468/733/2 1448/734/2
f 1466/736/2 1467/735/2 1448/734/2
f 1466/736/2 1448/734/2 1449/737/2
f 1465/738/2 1466/736/2 1449/737/2
f 1464/739/2 1465/738/2 1449/737/2
f 1463/740/2 1464/739/2 1449/737/2
f 1462/741/2 1463/740/2 1449/737/2
f 1462/741/2 1449/737/2 1450/742/2
f 1461/743/2 1462/741/2 1450/742/2
f 1460/744/2 1461/743/2 1450/742/2
f 1459/745/2 1460/744/2 1450/742/2
f 1458/746/2 1459/745/2 1450/742/2
f 1457/747/2 1458/746/2 1450/742/2
f 1456/748/2 1457/747/2 1450/742/2
f 1455/749/2 1456/748/2 1450/742/2
f 1454/750/2 1455/749/2 1450/742/2
f 1453/751/2 1454/750/2 1450/742/2
f 1453/751/2 1450/742/2 1451/752/2
f 1452/753/2 1453/751/2 1451/752/2
f 1542/754/5 1544/755/6 1543/756/6 1541/23/5
f 1544/755/6 1546/757/7 1545/758/7 1543/756/6
f 1546/757/7 1548/759/8 1547/760/8 1545/758/7
f 1548/759/8 1550/761/9 1549/762/9 1547/760/8
f 1550/761/9 1552/763/10 1551/764/10 1549/762/9
f 1552/763/10 1554/765/11 1553/766/11 1551/764/10
f 1554/765/11 1556/767/12 1555/768/12 1553/766/11
f 1556/767/12 1558/769/13 1557/770/13 1555/768/12
f 1558/769/13 1560/771/14 1559/772/14 1557/770/13
f 1560/771/14 1562/773/15 1561/774/15 1559/772/14
f 1562/773/15 1564/775/16 1563/776/16 1561/774/15
f 1564/775/16 1566/777/17 1565/778/17 1563/776/16
f 1566/777/17 1568/779/18 1567/79/18 1565/778/17
f 1568/779/18 1570/780/19 1569/781/19 1567/79/18
f 1570/780/19 1572/782/20 1571/783/20 1569/781/19
f 1572/782/20 1574/784/21 1573/785/21 1571/783/20
f 1574/784/21 1576/786/22 1575/787/22 1573/785/21
f 1576/786/22 1578/788/23 1577/789/23 1575/787/22
f 1578/788/23 1580/790/24 1579/791/24 1577/789/23
f 1580/790/24 1582/792/25 1581/793/25 1579/791/24
f 1582/792/25 1584/794/26 1583/795/26 1581/793/25
f 1584/794/26 1586/796/27 1585/797/27 1583/795/26
f 1586/796/27 1588/798/28 1587/799/28 1585/797/27
f 1588/798/28 1590/800/29 1589/801/29 1587/799/28
f 1590/800/29 1592/802/30 1591/803/30 1589/801/29
f 1592/802/30 1542/804/5 1541/17/5 1591/803/30
f 1594/754/31 1596/755/32 1595/756/32 1593/23/31
f 1596/755/32 1598/757/33 1597/758/33 1595/756/32
f 1598/757/33 1600/759/34 1599/760/34 1597/758/33
f 1600/759/34 1602/761/35 1601/762/35 1599/760/34
f 1602/761/35 1604/763/36 1603/764/36 1601/762/35
f 1604/763/36 1606/765/37 1605/766/37 1603/764/36
f 1606/765/37 1608/767/38 1607/768/38 1605/766/37
f 1608/767/38 1610/769/39 1609/770/39 1607/768/38
f 1610/769/39 1612/771/40 1611/772/40 1609/770/39
f 1612/771/40 1614/773/41 1613/774/41 1611/772/40
f 1614/773/41 1616/775/42 1615/776/42 1613/774/41
f 1616/775/42 1618/777/43 1617/778/43 1615/776/42
f 1618/777/43 1620/779/44 1619/79/44 1617/778/43
f 1620/779/44 1622/780/45 1621/781/45 1619/79/44
f 1622/780/45 1624/782/46 1623/783/46 1621/781/45
f 1624/782/46 1626/784/47 1625/785/47 1623/783/46
f 1626/784/47 1628/786/48 1627/787/48 1625/785/47
f 1628/786/48 1630/788/49 1629/789/49 1627/787/48
f 1630/788/49 1632/790/50 1631/791/50 1629/789/49
f 1632/790/50 1634/792/51 1633/793/51 1631/791/50
f 1634/792/51 1636/794/52 1635/795/52 1633/793/51
f 1636/794/52 1638/796/53 1637/797/53 1635/795/52
f 1638/796/53 1640/798/54 1639/799/54 1637/797/53
f 1640/798/54 1642/800/55 1641/801/55 1639/799/54
f 1642/800/55 1644/802/56 1643/803/56 1641/801/55
f 1644/802/56 1594/804/31 1593/17/31 1643/803/56
f 1646/754/57 1648/805/58 1647/806/58 1645/23/57
f 1648/805/58 1650/807/59 1649/808/59 1647/806/58
f 1650/807/59 1652/809/60 1651/810/60 1649/808/59
f 1652/809/60 1654/811/61 1653/812/61 1651/810/60
f 1654/811/61 1656/813/62 1655/814/62 1653/812/61
f 1656/813/62 1658/815/63 1657/816/63 1655/814/62
f 1658/815/63 1660/817/64 1659/818/64 1657/816/63
f 1660/817/64 1662/819/65 1661/820/65 1659/818/64
f 1662/819/65 1664/821/66 1663/822/66 1661/820/65
f 1664/821/66 1666/823/67 1665/824/67 1663/822/66
f 1666/823/67 1668/825/68 1667/826/68 1665/824/67
f 1668/825/68 1670/827/69 1669/828/69 1667/826/68
f 1670/827/69 1672/829/70 1671/830/70 1669/828/69
f 1672/829/70 1674/831/71 1673/832/71 1671/830/70
f 1674/831/71 1676/833/72 1675/834/72 1673/832/71
f 1676/833/72 1678/835/73 1677/836/73 1675/834/72
f 1678/835/73 1680/837/74 1679/838/74 1677/836/73
f 1680/837/74 1682/839/75 1681/840/75 1679/838/74
f 1682/839/75 1684/841/76 1683/842/76 1681/840/75
f 1684/841/76 1686/843/77 1685/844/77 1683/842/76
f 1686/843/77 1688/845/78 1687/846/78 1685/844/77
f 1688/845/78 1690/847/79 1689/848/79 1687/846/78
f 1690/847/79 1692/849/80 1691/850/80 1689/848/79
f 1692/849/80 1694/851/81 1693/852/81 1691/850/80
f 1694/851/81 1696/853/82 1695/854/82 1693/852/81
f 1696/853/82 1698/855/83 1697/856/83 1695/854/82
f 1698/855/83 1700/857/84 1699/858/84 1697/856/83
f 1700/857/84 1702/859/85 1701/860/85 1699/858/84
f 1702/859/85 1704/861/86 1703/862/86 1701/860/85
f 1704/861/86 1706/863/87 1705/864/87 1703/862/86
f 1706/863/87 1708/865/88 1707/866/88 1705/864/87
f 1708/865/88 1710/867/89 1709/868/89 1707/866/88
f 1710/867/89 1712/869/90 1711/870/90 1709/868/89
f 1712/869/90 1714/871/91 1713/872/91 1711/870/90
f 1714/871/91 1716/873/92 1715/874/92 1713/872/91
f 1716/873/92 1718/875/93 1717/876/93 1715/874/92
f 1718/875/93 1720/877/94 1719/878/94 1717/876/93
f 1720/877/94 1722/879/95 1721/880/95 1719/878/94
f 1722/879/95 1724/881/96 1723/882/96 1721/880/95
f 1724/881/96 1726/883/97 1725/884/97 1723/882/96
f 1726/883/97 1728/885/98 1727/886/98 1725/884/97
f 1728/885/98 1730/887/99 1729/888/99 1727/886/98
f 1730/887/99 1732/889/100 1731/890/100 1729/888/99
f 1732/889/100 1734/891/101 1733/892/101 1731/890/100
f 1734/891/101 1736/893/102 1735/894/102 1733/892/101
f 1736/893/102 1738/895/103 1737/896/103 1735/894/102
f 1738/895/103 1740/897/104 1739/898/104 1737/896/103
f 1740/897/104 1742/899/105 1741/900/105 1739/898/104
f 1742/899/105 1744/901/106 1743/902/106 1741/900/105
f 1744/901/106 1746/903/107 1745/904/107 1743/902/106
f 1746/903/107 1748/905/108 1747/906/108 1745/904/107
f 1748/905/108 1750/907/109 1749/908/109 1747/906/108
f 1750/907/109 1752/909/110 1751/910/110 1749/908/109
f 1752/909/110 1754/911/111 1753/912/111 1751/910/110
f 1754/911/111 1756/913/112 1755/914/112 1753/912/111
f 1756/913/112 1758/915/113 1757/916/113 1755/914/112
f 1758/915/113 1760/917/114 1759/918/114 1757/916/113
f 1760/917/114 1762/919/115 1761/920/115 1759/918/114
f 1762/919/115 1764/921/116 1763/922/116 1761/920/115
f 1764/921/116 1766/923/117 1765/924/117 1763/922/116
f 1766/923/117 1768/925/118 1767/926/118 1765/924/117
f 1768/925/118 1770/927/119 1769/928/119 1767/926/118
f 1770/927/119 1772/929/120 1771/930/120 1769/928/119
f 1772/929/120 1774/931/121 1773/932/121 1771/930/120
f 1774/931/121 1776/933/122 1775/934/122 1773/932/121
f 1776/933/122 1778/935/123 1777/936/123 1775/934/122
f 1778/935/123 1780/937/124 1779/938/124 1777/936/123
f 1780/937/124 1782/939/125 1781/940/125 1779/938/124
f 1782/939/125 1784/941/126 1783/942/126 1781/940/125
f 1784/941/126 1786/943/127 1785/944/127 1783/942/126
f 1786/943/127 1788/945/128 1787/946/128 1785/944/127
f 1788/945/128 1790/947/129 1789/948/129 1787/946/128
f 1790/947/129 1792/949/130 1791/950/130 1789/948/129
f 1792/949/130 1794/951/131 1793/952/131 1791/950/130
f 1794/951/131 1796/953/132 1795/954/132 1793/952/131
f 1796/953/132 1798/955/133 1797/956/133 1795/954/132
f 1798/955/133 1800/957/134 1799/958/134 1797/956/133
f 1800/957/134 1802/959/135 1801/960/135 1799/958/134
f 1802/959/135 1804/961/136 1803/962/136 1801/960/135
f 1804/961/136 1806/963/137 1805/964/137 1803/962/136
f 1806/963/137 1808/965/138 1807/966/138 1805/964/137
f 1808/965/138 1810/967/139 1809/968/139 1807/966/138
f 1810/967/139 1812/969/140 1811/970/140 1809/968/139
f 1812/969/140 1814/971/141 1813/972/141 1811/970/140
f 1814/971/141 1816/973/142 1815/974/142 1813/972/141
f 1816/973/142 1818/975/143 1817/976/143 1815/974/142
f 1818/975/143 1820/977/144 1819/978/144 1817/976/143
f 1820/977/144 1822/979/145 1821/980/145 1819/978/144
f 1822/979/145 1824/981/146 1823/982/146 1821/980/145
f 1824/981/146 1826/983/147 1825/984/147 1823/982/146
f 1826/983/147 1828/985/148 1827/986/148 1825/984/147
f 1828/985/148 1830/987/149 1829/988/149 1827/986/148
f 1830/987/149 1832/989/150 1831/990/150 1829/988/149
f 1832/989/150 1834/991/151 1833/992/151 1831/990/150
f 1834/991/151 1836/993/152 1835/994/152 1833/992/151
f 1836/993/152 1838/995/153 1837/996/153 1835/994/152
f 1838/995/153 1840/997/154 1839/998/154 1837/996/153
f 1840/997/154 1842/999/155 1841/1000/155 1839/998/154
f 1842/999/155 1844/1001/156 1843/1002/156 1841/1000/155
f 1844/1001/156 1846/1003/157 1845/1004/157 1843/1002/156
f 1846/1003/157 1848/1005/158 1847/1006/158 1845/1004/157
f 1848/1005/158 1850/1007/159 1849/1008/159 1847/1006/158
f 1850/1007/159 1852/1009/160 1851/1010/160 1849/1008/159
f 1852/1009/160 1854/1011/161 1853/1012/161 1851/1010/160
f 1854/1011/161 1856/1013/162 1855/1014/162 1853/1012/161
f 1856/1013/162 1858/1015/163 1857/1016/163 1855/1014/162
f 1858/1015/163 1860/1017/164 1859/1018/164 1857/1016/163
f 1860/1017/164 1862/1019/165 1861/1020/165 1859/1018/164
f 1862/1019/165 1864/1021/166 1863/1022/166 1861/1020/165
f 1864/1021/166 1866/1023/167 1865/1024/167 1863/1022/166
f 1866/1023/167 1868/1025/168 1867/1026/168 1865/1024/167
f 1868/1025/168 1870/1027/169 1869/1028/169 1867/1026/168
f 1870/1027/169 1872/1029/170 1871/1030/170 1869/1028/169
f 1872/1029/170 1874/1031/171 1873/1032/171 1871/1030/170
f 1874/1031/171 1876/1033/172 1875/1034/172 1873/1032/171
f 1876/1033/172 1878/1035/173 1877/1036/173 1875/1034/172
f 1878/1035/173 1880/1037/174 1879/1038/174 1877/1036/173
f 1880/1037/174 1882/1039/175 1881/1040/175 1879/1038/174
f 1882/1039/175 1884/1041/176 1883/1042/176 1881/1040/175
f 1884/1041/176 1886/1043/177 1885/1044/177 1883/1042/176
f 1886/1043/177 1888/1045/178 1887/1046/178 1885/1044/177
f 1888/1045/178 1890/1047/179 1889/1048/179 1887/1046/178
f 1890/1047/179 1892/1049/180 1891/1050/180 1889/1048/179
f 1892/1049/180 1894/1051/181 1893/1052/181 1891/1050/180
f 1894/1051/181 1896/1053/182 1895/1054/182 1893/1052/181
f 1896/1053/182 1898/1055/183 1897/1056/183 1895/1054/182
f 1898/1055/183 1900/1057/184 1899/1058/184 1897/1056/183
f 1900/1057/184 1902/1059/185 1901/1060/185 1899/1058/184
f 1902/1059/185 1904/1061/186 1903/1062/186 1901/1060/185
f 1904/1061/186 1906/1063/187 1905/1064/187 1903/1062/186
f 1906/1063/187 1908/1065/188 1907/1066/188 1905/1064/187
f 1908/1065/188 1910/1067/189 1909/1068/189 1907/1066/188
f 1910/1067/189 1912/1069/190 1911/1070/190 1909/1068/189
f 1912/1069/190 1914/1071/191 1913/1072/191 1911/1070/190
f 1914/1071/191 1916/1073/192 1915/1074/192 1913/1072/191
f 1916/1073/192 1918/1075/193 1917/1076/193 1915/1074/192
f 1918/1075/193 1920/1077/194 1919/1078/194 1917/1076/193
f 1920/1077/194 1922/1079/195 1921/1080/195 1919/1078/194
f 1922/1079/195 1646/804/57 1645/17/57 1921/1080/195
f 1924/754/196 1926/1081/196 1925/1082/196 1923/23/196
f 1926/1081/196 1928/1083/196 1927/1084/196 1925/1082/196
f 1928/1083/196 1930/1085/196 1929/1086/196 1927/1084/196
f 1930/1085/196 1932/1087/196 1931/1088/196 1929/1086/196
f 1932/1087/196 1934/1089/196 1933/1090/196 1931/1088/196
f 1934/1089/196 1936/1091/196 1935/1092/196 1933/1090/196
f 1936/1091/196 1938/1093/196 1937/1094/196 1935/1092/196
f 1938/1093/196 1940/1095/196 1939/1096/196 1937/1094/196
f 1940/1095/196 1942/1097/196 1941/1098/196 1939/1096/196
f 1942/1097/196 1944/1099/196 1943/1100/196 1941/1098/196
f 1944/1099/196 1946/1101/197 1945/1102/197 1943/1100/196
f 1946/1101/197 1948/1103/198 1947/1104/198 1945/1102/197
f 1948/1103/198 1950/1105/199 1949/1106/199 1947/1104/198
f 1950/1105/199 1952/1107/200 1951/1108/200 1949/1106/199
f 1952/1107/200 1954/1109/201 1953/1110/201 1951/1108/200
f 1954/1109/201 1956/1111/202 1955/1112/202 1953/1110/201
f 1956/1111/202 1958/1113/76 1957/1114/76 1955/1112/202
f 1958/1113/76 1960/1115/203 1959/1116/203 1957/1114/76
f 1960/1115/203 1962/1117/204 1961/1118/204 1959/1116/203
f 1962/1117/204 1964/1119/205 1963/1120/205 1961/1118/204
f 1964/1119/205 1966/1121/206 1965/1122/206 1963/1120/205
f 1966/1121/206 1968/1123/207 1967/1124/207 1965/1122/206
f 1968/1123/207 1970/1125/208 1969/1126/208 1967/1124/207
f 1970/1125/208 1972/1127/209 1971/1128/209 1969/1126/208
f 1972/1127/209 1974/1129/210 1973/1130/210 1971/1128/209
f 1974/1129/210 1976/1131/211 1975/1132/211 1973/1130/210
f 1976/1131/211 1978/1133/212 1977/1134/212 1975/1132/211
f 1978/1133/212 1980/1135/213 1979/1136/213 1977/1134/212
f 1980/1135/213 1982/1137/214 1981/1138/214 1979/1136/213
f 1982/1137/214 1984/1139/215 1983/1140/215 1981/1138/214
f 1984/1139/215 1986/1141/216 1985/1142/216 1983/1140/215
f 1986/1141/216 1988/1143/217 1987/1144/217 1985/1142/216
f 1988/1143/217 1990/1145/218 1989/1146/218 1987/1144/217
f 1990/1145/218 1992/1147/89 1991/1148/89 1989/1146/218
f 1992/1147/89 1994/1149/219 1993/1150/219 1991/1148/89
f 1994/1149/219 1996/1151/220 1995/1152/220 1993/1150/219
f 1996/1151/220 1998/779/221 1997/79/221 1995/1152/220
f 1998/779/221 2000/1153/221 1999/1154/221 1997/79/221
f 2000/1153/221 2002/1155/221 2001/1156/221 1999/1154/221
f 2002/1155/221 2004/1157/221 2003/1158/221 2001/1156/221
f 2004/1157/221 2006/1159/221 2005/1160/221 2003/1158/221
f 2006/1159/221 2008/1161/221 2007/1162/221 2005/1160/221
f 2008/1161/221 2010/1163/221 2009/1164/221 2007/1162/221
f 2010/1163/221 2012/1165/221 2011/1166/221 2009/1164/221
f 2012/1165/221 2014/1167/221 2013/1168/221 2011/1166/221
f 2014/1167/221 2016/1169/221 2015/1170/221 2013/1168/221
f 2016/1169/221 2018/1171/221 2017/1172/221 2015/1170/221
f 2018/1171/221 2020/1173/222 2019/1174/222 2017/1172/221
f 2020/1173/222 2022/1175/223 2021/1176/223 2019/1174/222
f 2022/1175/223 2024/1177/224 2023/1178/224 2021/1176/223
f 2024/1177/224 2026/1179/225 2025/1180/225 2023/1178/224
f 2026/1179/225 2028/1181/226 2027/1182/226 2025/1180/225
f 2028/1181/226 2030/1183/227 2029/1184/227 2027/1182/226
f 2030/1183/227 2032/1185/228 2031/1186/228 2029/1184/227
f 2032/1185/228 2034/1187/229 2033/1188/229 2031/1186/228
f 2034/1187/229 2036/1189/230 2035/1190/230 2033/1188/229
f 2036/1189/230 2038/1191/231 2037/1192/231 2035/1190/230
f 2038/1191/231 2040/1193/232 2039/1194/232 2037/1192/231
f 2040/1193/232 2042/1195/233 2041/1196/233 2039/1194/232
f 2042/1195/233 2044/1197/234 2043/1198/234 2041/1196/233
f 2044/1197/234 2046/1199/235 2045/1200/235 2043/1198/234
f 2046/1199/235 2048/1201/236 2047/1202/236 2045/1200/235
f 2048/1201/236 2050/1203/237 2049/1204/237 2047/1202/236
f 2050/1203/237 2052/1205/238 2051/1206/238 2049/1204/237
f 2052/1205/238 2054/1207/239 2053/1208/239 2051/1206/238
f 2054/1207/239 2056/1209/240 2055/1210/240 2053/1208/239
f 2056/1209/240 2058/1211/241 2057/1212/241 2055/1210/240
f 2058/1211/241 2060/1213/242 2059/1214/242 2057/1212/241
f 2060/1213/242 2062/1215/243 2061/1216/243 2059/1214/242
f 2062/1215/243 2064/1217/244 2063/1218/244 2061/1216/243
f 2064/1217/244 2066/1219/245 2065/1220/245 2063/1218/244
f 2066/1219/245 2068/1221/246 2067/1222/246 2065/1220/245
f 2068/1221/246 2070/1223/247 2069/1224/247 2067/1222/246
f 2070/1223/247 1924/804/196 1923/17/196 2069/1224/247
f 2072/754/248 2074/1225/249 2073/1226/249 2071/23/248
f 2074/1225/249 2076/1227/250 2075/1228/250 2073/1226/249
f 2076/1227/250 2078/1229/251 2077/1230/251 2075/1228/250
f 2078/1229/251 2080/1231/252 2079/1232/252 2077/1230/251
f 2080/1231/252 2082/1233/253 2081/1234/253 2079/1232/252
f 2082/1233/253 2084/1235/254 2083/1236/254 2081/1234/253
f 2084/1235/254 2086/1237/255 2085/1238/255 2083/1236/254
f 2086/1237/255 2088/1239/256 2087/1240/256 2085/1238/255
f 2088/1239/256 2090/1241/257 2089/1242/257 2087/1240/256
f 2090/1241/257 2092/1243/258 2091/1244/258 2089/1242/257
f 2092/1243/258 2094/1245/259 2093/1246/259 2091/1244/258
f 2094/1245/259 2096/1247/260 2095/1248/260 2093/1246/259
f 2096/1247/260 2098/1249/261 2097/1250/261 2095/1248/260
f 2098/1249/261 2100/1251/262 2099/1252/262 2097/1250/261
f 2100/1251/262 2102/1253/263 2101/1254/263 2099/1252/262
f 2102/1253/263 2104/1255/264 2103/1256/264 2101/1254/263
f 2104/1255/264 2106/1257/265 2105/1258/265 2103/1256/264
f 2106/1257/265 2108/1259/266 2107/1260/266 2105/1258/265
f 2108/1259/266 2110/1261/267 2109/1262/267 2107/1260/266
f 2110/1261/267 2112/1263/178 2111/1264/178 2109/1262/267
f 2112/1263/178 2114/1265/268 2113/1266/268 2111/1264/178
f 2114/1265/268 2116/1267/269 2115/1268/269 2113/1266/268
f 2116/1267/269 2118/1269/270 2117/1270/270 2115/1268/269
f 2118/1269/270 2120/1271/271 2119/1272/271 2117/1270/270
f 2120/1271/271 2122/1273/272 2121/1274/272 2119/1272/271
f 2122/1273/272 2124/1275/273 2123/1276/273 2121/1274/272
f 2124/1275/273 2126/1277/274 2125/1278/274 2123/1276/273
f 2126/1277/274 2128/1279/275 2127/1280/275 2125/1278/274
f 2128/1279/275 2130/1281/276 2129/1282/276 2127/1280/275
f 2130/1281/276 2132/1283/277 2131/1284/277 2129/1282/276
f 2132/1283/277 2134/1285/278 2133/1286/278 2131/1284/277
f 2134/1285/278 2136/1287/279 2135/1288/279 2133/1286/278
f 2136/1287/279 2138/1289/280 2137/1290/280 2135/1288/279
f 2138/1289/280 2140/1291/281 2139/1292/281 2137/1290/280
f 2140/1291/281 2142/1293/282 2141/1294/282 2139/1292/281
f 2142/1293/282 2144/1295/283 2143/1296/283 2141/1294/282
f 2144/1295/283 2146/1297/284 2145/1298/284 2143/1296/283
f 2146/1297/284 2148/1299/285 2147/1300/285 2145/1298/284
f 2148/1299/285 2150/1301/286 2149/1302/286 2147/1300/285
f 2150/1301/286 2152/1303/287 2151/1304/287 2149/1302/286
f 2152/1303/287 2154/1305/288 2153/1306/288 2151/1304/287
f 2154/1305/288 2156/1307/289 2155/1308/289 2153/1306/288
f 2156/1307/289 2158/1309/290 2157/1310/290 2155/1308/289
f 2158/1309/290 2160/1311/291 2159/1312/291 2157/1310/290
f 2160/1311/291 2162/1313/292 2161/1314/292 2159/1312/291
f 2162/1313/292 2164/1315/194 2163/1316/194 2161/1314/292
f 2164/1315/194 2166/1317/293 2165/1318/293 2163/1316/194
f 2166/1317/293 2168/1319/294 2167/1320/294 2165/1318/293
f 2168/1319/294 2170/1321/295 2169/1322/295 2167/1320/294
f 2170/1321/295 2172/1323/296 2171/1324/296 2169/1322/295
f 2172/1323/296 2174/1325/297 2173/1326/297 2171/1324/296
f 2174/1325/297 2176/1327/298 2175/1328/298 2173/1326/297
f 2176/1327/298 2178/1329/299 2177/1330/299 2175/1328/298
f 2178/1329/299 2180/1331/300 2179/1332/300 2177/1330/299
f 2180/1331/300 2182/1333/301 2181/1334/301 2179/1332/300
f 2182/1333/301 2184/1335/302 2183/1336/302 2181/1334/301
f 2184/1335/302 2186/1337/303 2185/1338/303 2183/1336/302
f 2186/1337/303 2188/1339/304 2187/1340/304 2185/1338/303
f 2188/1339/304 2190/1341/305 2189/1342/305 2187/1340/304
f 2190/1341/305 2192/1343/306 2191/1344/306 2189/1342/305
f 2192/1343/306 2194/1345/307 2193/1346/307 2191/1344/306
f 2194/1345/307 2196/1347/308 2195/1348/308 2193/1346/307
f 2196/1347/308 2198/1349/309 2197/1350/309 2195/1348/308
f 2198/1349/309 2200/1351/310 2199/1352/310 2197/1350/309
f 2200/1351/310 2202/1353/311 2201/1354/311 2199/1352/310
f 2202/1353/311 2204/1355/312 2203/1356/312 2201/1354/311
f 2204/1355/312 2206/1357/313 2205/1358/313 2203/1356/312
f 2206/1357/313 2208/1359/314 2207/1360/314 2205/1358/313
f 2208/1359/314 2210/1361/315 2209/1362/315 2207/1360/314
f 2210/1361/315 2212/1363/316 2211/1364/316 2209/1362/315
f 2212/1363/316 2214/1365/317 2213/1366/317 2211/1364/316
f 2214/1365/317 2216/1367/318 2215/1368/318 2213/1366/317
f 2216/1367/318 2218/1369/319 2217/1370/319 2215/1368/318
f 2218/1369/319 2220/1371/320 2219/1372/320 2217/1370/319
f 2220/1371/320 2222/1373/321 2221/1374/321 2219/1372/320
f 2222/1373/321 2224/1375/322 2223/1376/322 2221/1374/321
f 2224/1375/322 2226/1377/323 2225/1378/323 2223/1376/322
f 2226/1377/323 2228/1379/324 2227/1380/324 2225/1378/323
f 2228/1379/324 2230/1381/325 2229/1382/325 2227/1380/324
f 2230/1381/325 2232/1383/326 2231/1384/326 2229/1382/325
f 2232/1383/326 2234/1385/327 2233/1386/327 2231/1384/326
f 2234/1385/327 2236/1387/328 2235/1388/328 2233/1386/327
f 2236/1387/328 2238/1389/329 2237/1390/329 2235/1388/328
f 2238/1389/329 2240/1391/330 2239/1392/330 2237/1390/329
f 2240/1391/330 2242/1393/331 2241/1394/331 2239/1392/330
f 2242/1393/331 2244/1395/332 2243/1396/332 2241/1394/331
f 2244/1395/332 2246/1397/333 2245/1398/333 2243/1396/332
f 2246/1397/333 2248/1399/334 2247/1400/334 2245/1398/333
f 2248/1399/334 2250/1401/335 2249/1402/335 2247/1400/334
f 2250/1401/335 2252/1403/336 2251/1404/336 2249/1402/335
f 2252/1403/336 2254/1405/337 2253/1406/337 2251/1404/336
f 2254/1405/337 2256/1407/338 2255/1408/338 2253/1406/337
f 2256/1407/338 2258/1409/339 2257/1410/339 2255/1408/338
f 2258/1409/339 2260/1411/340 2259/1412/340 2257/1410/339
f 2260/1411/340 2262/1413/341 2261/1414/341 2259/1412/340
f 2262/1413/341 2264/1415/342 2263/1416/342 2261/1414/341
f 2264/1415/342 2266/1417/343 2265/1418/343 2263/1416/342
f 2266/1417/343 2268/1419/344 2267/1420/344 2265/1418/343
f 2268/1419/344 2270/1421/345 2269/1422/345 2267/1420/344
f 2270/1421/345 2272/1423/346 2271/1424/346 2269/1422/345
f 2272/1423/346 2274/1425/347 2273/1426/347 2271/1424/346
f 2274/1425/347 2276/1427/348 2275/1428/348 2273/1426/347
f 2276/1427/348 2278/1429/349 2277/1430/349 2275/1428/348
f 2278/1429/349 2280/1431/350 2279/1432/350 2277/1430/349
f 2280/1431/350 2282/1433/351 2281/1434/351 2279/1432/350
f 2282/1433/351 2284/1435/352 2283/1436/352 2281/1434/351
f 2284/1435/352 2286/1437/353 2285/1438/353 2283/1436/352
f 2286/1437/353 2288/1439/354 2287/1440/354 2285/1438/353
f 2288/1439/354 2290/1441/355 2289/1442/355 2287/1440/354
f 2290/1441/355 2292/1443/356 2291/1444/356 2289/1442/355
f 2292/1443/356 2294/1445/357 2293/1446/357 2291/1444/356
f 2294/1445/357 2296/1447/358 2295/1448/358 2293/1446/357
f 2296/1447/358 2298/1449/359 2297/1450/359 2295/1448/358
f 2298/1449/359 2300/1451/360 2299/1452/360 2297/1450/359
f 2300/1451/360 2302/1453/361 2301/1454/361 2299/1452/360
f 2302/1453/361 2304/1455/362 2303/1456/362 2301/1454/361
f 2304/1455/362 2306/1457/363 2305/1458/363 2303/1456/362
f 2306/1457/363 2308/1459/364 2307/1460/364 2305/1458/363
f 2308/1459/364 2310/1461/364 2309/1462/364 2307/1460/364
f 2310/1461/364 2312/1463/363 2311/1464/363 2309/1462/364
f 2312/1463/363 2314/1465/362 2313/1466/362 2311/1464/363
f 2314/1465/362 2316/1467/365 2315/1468/365 2313/1466/362
f 2316/1467/365 2318/1469/366 2317/1470/366 2315/1468/365
f 2318/1469/366 2320/1471/367 2319/1472/367 2317/1470/366
f 2320/1471/367 2322/1473/368 2321/1474/368 2319/1472/367
f 2322/1473/368 2324/1475/369 2323/1476/369 2321/1474/368
f 2324/1475/369 2326/1477/370 2325/1478/370 2323/1476/369
f 2326/1477/370 2328/1479/371 2327/1480/371 2325/1478/370
f 2328/1479/371 2330/1481/372 2329/1482/372 2327/1480/371
f 2330/1481/372 2332/1483/373 2331/1484/373 2329/1482/372
f 2332/1483/373 2334/1485/374 2333/1486/374 2331/1484/373
f 2334/1485/374 2336/1487/375 2335/1488/375 2333/1486/374
f 2336/1487/375 2338/1489/376 2337/1490/376 2335/1488/375
f 2338/1489/376 2340/1491/377 2339/1492/377 2337/1490/376
f 2340/1491/377 2342/1493/378 2341/1494/378 2339/1492/377
f 2342/1493/378 2344/1495/379 2343/1496/379 2341/1494/378
f 2344/1495/379 2072/804/248 2071/17/248 2343/1496/379
f 2346/754/380 2348/1497/381 2347/150/381 2345/23/380
f 2348/1497/381 2350/779/382 2349/79/382 2347/150/381
f 2350/779/382 2352/1498/383 2351/313/383 2349/79/382
f 2352/1498/383 2346/804/380 2345/17/380 2351/313/383
f 2354/754/382 2356/1497/381 2355/150/381 2353/23/382
f 2356/1497/381 2358/779/380 2357/79/380 2355/150/381
f 2358/779/380 2360/1498/383 2359/313/383 2357/79/380
f 2360/1498/383 2354/804/382 2353/17/382 2359/313/383
f 2362/754/382 2364/1497/381 2363/150/381 2361/23/382
f 2364/1497/381 2366/779/380 2365/79/380 2363/150/381
f 2366/779/380 2368/1498/383 2367/313/383 2365/79/380
f 2368/1498/383 2362/804/382 2361/17/382 2367/313/383
f 2370/754/382 2372/1497/381 2371/150/381 2369/23/382
f 2372/1497/381 2374/779/380 2373/79/380 2371/150/381
f 2374/779/380 2376/1498/383 2375/313/383 2373/79/380
f 2376/1498/383 2370/804/382 2369/17/382 2375/313/383
f 2378/754/384 2380/755/385 2379/756/385 2377/23/384
f 2380/755/385 2382/757/386 2381/758/386 2379/756/385
f 2382/757/386 2384/759/387 2383/760/387 2381/758/386
f 2384/759/387 2386/761/388 2385/762/388 2383/760/387
f 2386/761/388 2388/763/389 2387/764/389 2385/762/388
f 2388/763/389 2390/765/390 2389/766/390 2387/764/389
f 2390/765/390 2392/767/391 2391/768/391 2389/766/390
f 2392/767/391 2394/769/392 2393/770/392 2391/768/391
f 2394/769/392 2396/771/393 2395/772/393 2393/770/392
f 2396/771/393 2398/773/394 2397/774/394 2395/772/393
f 2398/773/394 2400/775/395 2399/776/395 2397/774/394
f 2400/775/395 2402/777/396 2401/778/396 2399/776/395
f 2402/777/396 2404/779/397 2403/79/397 2401/778/396
f 2404/779/397 2406/780/398 2405/781/398 2403/79/397
f 2406/780/398 2408/782/399 2407/783/399 2405/781/398
f 2408/782/399 2410/784/400 2409/785/400 2407/783/399
f 2410/784/400 2412/786/401 2411/787/401 2409/785/400
f 2412/786/401 2414/788/402 2413/789/402 2411/787/401
f 2414/788/402 2416/790/403 2415/791/403 2413/789/402
f 2416/790/403 2418/792/404 2417/793/404 2415/791/403
f 2418/792/404 2420/794/405 2419/795/405 2417/793/404
f 2420/794/405 2422/796/406 2421/797/406 2419/795/405
f 2422/796/406 2424/798/407 2423/799/407 2421/797/406
f 2424/798/407 2426/800/408 2425/801/408 2423/799/407
f 2426/800/408 2428/802/409 2427/803/409 2425/801/408
f 2428/802/409 2378/804/384 2377/17/384 2427/803/409
f 2430/754/410 2432/1499/411 2431/1500/411 2429/23/410
f 2432/1499/411 2434/1501/412 2433/1502/412 2431/1500/411
f 2434/1501/412 2436/1503/413 2435/1504/413 2433/1502/412
f 2436/1503/413 2438/1505/414 2437/1506/414 2435/1504/413
f 2438/1505/414 2440/1507/415 2439/1508/415 2437/1506/414
f 2440/1507/415 2442/1509/416 2441/1510/416 2439/1508/415
f 2442/1509/416 2444/1511/417 2443/1512/417 2441/1510/416
f 2444/1511/417 2446/1513/418 2445/1514/418 2443/1512/417
f 2446/1513/418 2448/1515/419 2447/1516/419 2445/1514/418
f 2448/1515/419 2450/1517/420 2449/1518/420 2447/1516/419
f 2450/1517/420 2452/1519/421 2451/1520/421 2449/1518/420
f 2452/1519/421 2454/1521/422 2453/1522/422 2451/1520/421
f 2454/1521/422 2456/1523/423 2455/1524/423 2453/1522/422
f 2456/1523/423 2458/1525/424 2457/1526/424 2455/1524/423
f 2458/1525/424 2460/1527/425 2459/1528/425 2457/1526/424
f 2460/1527/425 2462/1529/426 2461/1530/426 2459/1528/425
f 2462/1529/426 2464/1531/27 2463/1532/27 2461/1530/426
f 2464/1531/27 2466/1533/427 2465/1534/427 2463/1532/27
f 2466/1533/427 2468/1535/428 2467/1536/428 2465/1534/427
f 2468/1535/428 2470/1537/429 2469/1538/429 2467/1536/428
f 2470/1537/429 2472/1539/430 2471/1540/430 2469/1538/429
f 2472/1539/430 2474/1541/431 2473/1542/431 2471/1540/430
f 2474/1541/431 2476/1543/432 2475/1544/432 2473/1542/431
f 2476/1543/432 2478/1545/433 2477/1546/433 2475/1544/432
f 2478/1545/433 2480/1547/434 2479/1548/434 2477/1546/433
f 2480/1547/434 2482/1549/435 2481/1550/435 2479/1548/434
f 2482/1549/435 2484/1551/436 2483/1552/436 2481/1550/435
f 2484/1551/436 2486/1553/437 2485/1554/437 2483/1552/436
f 2486/1553/437 2488/1555/438 2487/1556/438 2485/1554/437
f 2488/1555/438 2490/1557/439 2489/1558/439 2487/1556/438
f 2490/1557/439 2492/1559/440 2491/1560/440 2489/1558/439
f 2492/1559/440 2494/1561/441 2493/1562/441 2491/1560/440
f 2494/1561/441 2496/1563/442 2495/1564/442 2493/1562/441
f 2496/1563/442 2498/1565/443 2497/1566/443 2495/1564/442
f 2498/1565/443 2500/1567/444 2499/1568/444 2497/1566/443
f 2500/1567/444 2502/1569/445 2501/1570/445 2499/1568/444
f 2502/1569/445 2504/1571/446 2503/1572/446 2501/1570/445
f 2504/1571/446 2506/1573/447 2505/1574/447 2503/1572/446
f 2506/1573/447 2508/1575/448 2507/1576/448 2505/1574/447
f 2508/1575/448 2510/1577/449 2509/1578/449 2507/1576/448
f 2510/1577/449 2512/1579/450 2511/1580/450 2509/1578/449
f 2512/1579/450 2514/1581/451 2513/1582/451 2511/1580/450
f 2514/1581/451 2516/1583/452 2515/1584/452 2513/1582/451
f 2516/1583/452 2518/1585/453 2517/1586/453 2515/1584/452
f 2518/1585/453 2520/1587/454 2519/1588/454 2517/1586/453
f 2520/1587/454 2522/1589/455 2521/1590/455 2519/1588/454
f 2522/1589/455 2524/1591/456 2523/1592/456 2521/1590/455
f 2524/1591/456 2526/1593/457 2525/1594/457 2523/1592/456
f 2526/1593/457 2528/1595/458 2527/1596/458 2525/1594/457
f 2528/1595/458 2530/1597/459 2529/1598/459 2527/1596/458
f 2530/1597/459 2532/1599/460 2531/1600/460 2529/1598/459
f 2532/1599/460 2534/1601/383 2533/1602/383 2531/1600/460
f 2534/1601/383 2536/1603/382 2535/1604/382 2533/1602/383
f 2536/1603/382 2538/1605/382 2537/1606/382 2535/1604/382
f 2538/1605/382 2540/1607/461 2539/1608/461 2537/1606/382
f 2540/1607/461 2542/1609/462 2541/1610/462 2539/1608/461
f 2542/1609/462 2544/1611/463 2543/1612/463 2541/1610/462
f 2544/1611/463 2546/1613/464 2545/1614/464 2543/1612/463
f 2546/1613/464 2548/1615/465 2547/1616/465 2545/1614/464
f 2548/1615/465 2550/1617/466 2549/1618/466 2547/1616/465
f 2550/1617/466 2552/1619/467 2551/1620/467 2549/1618/466
f 2552/1619/467 2554/1621/468 2553/1622/468 2551/1620/467
f 2554/1621/468 2556/1623/469 2555/1624/469 2553/1622/468
f 2556/1623/469 2558/1625/470 2557/1626/470 2555/1624/469
f 2558/1625/470 2560/1627/471 2559/1628/471 2557/1626/470
f 2560/1627/471 2562/1629/472 2561/1630/472 2559/1628/471
f 2562/1629/472 2564/1631/473 2563/1632/473 2561/1630/472
f 2564/1631/473 2566/1633/196 2565/1634/196 2563/1632/473
f 2566/1633/196 2568/1635/196 2567/1636/196 2565/1634/196
f 2568/1635/196 2570/1637/196 2569/1638/196 2567/1636/196
f 2570/1637/196 2572/1639/196 2571/1640/196 2569/1638/196
f 2572/1639/196 2574/1641/196 2573/1642/196 2571/1640/196
f 2574/1641/196 2576/1643/196 2575/1644/196 2573/1642/196
f 2576/1643/196 2578/1645/196 2577/1646/196 2575/1644/196
f 2578/1645/196 2580/1647/196 2579/1648/196 2577/1646/196
f 2580/1647/196 2582/1649/196 2581/1650/196 2579/1648/196
f 2582/1649/196 2584/1651/196 2583/1652/196 2581/1650/196
f 2584/1651/196 2586/1653/196 2585/1654/196 2583/1652/196
f 2586/1653/196 2588/1655/474 2587/1656/474 2585/1654/196
f 2588/1655/474 2590/1657/475 2589/1658/475 2587/1656/474
f 2590/1657/475 2592/1659/476 2591/1660/476 2589/1658/475
f 2592/1659/476 2594/1661/477 2593/1662/477 2591/1660/476
f 2594/1661/477 2596/1663/478 2595/1664/478 2593/1662/477
f 2596/1663/478 2598/1665/479 2597/1666/479 2595/1664/478
f 2598/1665/479 2600/1667/480 2599/1668/480 2597/1666/479
f 2600/1667/480 2602/1669/481 2601/1670/481 2599/1668/480
f 2602/1669/481 2604/1671/482 2603/1672/482 2601/1670/481
f 2604/1671/482 2606/1673/483 2605/1674/483 2603/1672/482
f 2606/1673/483 2608/1675/484 2607/1676/484 2605/1674/483
f 2608/1675/484 2610/1677/485 2609/1678/485 2607/1676/484
f 2610/1677/485 2612/1679/486 2611/1680/486 2609/1678/485
f 2612/1679/486 2614/1681/487 2613/1682/487 2611/1680/486
f 2614/1681/487 2616/1683/488 2615/1684/488 2613/1682/487
f 2616/1683/488 2618/1685/489 2617/1686/489 2615/1684/488
f 2618/1685/489 2620/1687/490 2619/1688/490 2617/1686/489
f 2620/1687/490 2622/1689/491 2621/1690/491 2619/1688/490
f 2622/1689/491 2624/1691/492 2623/1692/492 2621/1690/491
f 2624/1691/492 2626/1693/493 2625/1694/493 2623/1692/492
f 2626/1693/493 2628/1695/494 2627/1696/494 2625/1694/493
f 2628/1695/494 2630/1697/495 2629/1698/495 2627/1696/494
f 2630/1697/495 2632/1699/496 2631/1700/496 2629/1698/495
f 2632/1699/496 2634/1701/497 2633/1702/497 2631/1700/496
f 2634/1701/497 2636/1703/498 2635/1704/498 2633/1702/497
f 2636/1703/498 2638/1705/499 2637/1706/499 2635/1704/498
f 2638/1705/499 2640/1707/500 2639/1708/500 2637/1706/499
f 2640/1707/500 2642/1709/501 2641/1710/501 2639/1708/500
f 2642/1709/501 2644/1711/502 2643/1712/502 2641/1710/501
f 2644/1711/502 2646/1713/503 2645/1714/503 2643/1712/502
f 2646/1713/503 2648/1715/504 2647/1716/504 2645/1714/503
f 2648/1715/504 2650/1717/505 2649/1718/505 2647/1716/504
f 2650/1717/505 2652/1719/506 2651/1720/506 2649/1718/505
f 2652/1719/506 2654/1721/507 2653/1722/507 2651/1720/506
f 2654/1721/507 2656/1723/508 2655/1724/508 2653/1722/507
f 2656/1723/508 2658/1725/509 2657/1726/509 2655/1724/508
f 2658/1725/509 2660/1727/510 2659/1728/510 2657/1726/509
f 2660/1727/510 2662/1729/221 2661/1730/221 2659/1728/510
f 2662/1729/221 2664/1731/221 2663/1732/221 2661/1730/221
f 2664/1731/221 2666/1733/221 2665/1734/221 2663/1732/221
f 2666/1733/221 2668/1735/221 2667/1736/221 2665/1734/221
f 2668/1735/221 2670/1737/221 2669/1738/221 2667/1736/221
f 2670/1737/221 2672/1739/221 2671/1740/221 2669/1738/221
f 2672/1739/221 2674/1741/221 2673/1742/221 2671/1740/221
f 2674/1741/221 2676/1743/221 2675/1744/221 2673/1742/221
f 2676/1743/221 2678/1745/221 2677/1746/221 2675/1744/221
f 2678/1745/221 2680/1747/221 2679/1748/221 2677/1746/221
f 2680/1747/221 2682/1749/221 2681/1750/221 2679/1748/221
f 2682/1749/221 2684/1751/511 2683/1752/511 2681/1750/221
f 2684/1751/511 2686/1753/512 2685/1754/512 2683/1752/511
f 2686/1753/512 2688/1755/513 2687/1756/513 2685/1754/512
f 2688/1755/513 2690/1757/514 2689/1758/514 2687/1756/513
f 2690/1757/514 2692/1759/515 2691/1760/515 2689/1758/514
f 2692/1759/515 2694/1761/516 2693/1762/516 2691/1760/515
f 2694/1761/516 2696/1763/517 2695/1764/517 2693/1762/516
f 2696/1763/517 2698/1765/518 2697/1766/518 2695/1764/517
f 2698/1765/518 2700/1767/519 2699/1768/519 2697/1766/518
f 2700/1767/519 2702/1769/520 2701/1770/520 2699/1768/519
f 2702/1769/520 2704/1771/521 2703/1772/521 2701/1770/520
f 2704/1771/521 2706/1773/522 2705/1774/522 2703/1772/521
f 2706/1773/522 2708/1775/523 2707/1776/523 2705/1774/522
f 2708/1775/523 2710/1777/381 2709/1778/381 2707/1776/523
f 2710/1777/381 2712/1779/524 2711/1780/524 2709/1778/381
f 2712/1779/524 2714/1781/525 2713/1782/525 2711/1780/524
f 2714/1781/525 2716/1783/526 2715/1784/526 2713/1782/525
f 2716/1783/526 2718/1785/527 2717/1786/527 2715/1784/526
f 2718/1785/527 2720/1787/528 2719/1788/528 2717/1786/527
f 2720/1787/528 2722/1789/529 2721/1790/529 2719/1788/528
f 2722/1789/529 2724/1791/530 2723/1792/530 2721/1790/529
f 2724/1791/530 2726/1793/531 2725/1794/531 2723/1792/530
f 2726/1793/531 2728/1795/532 2727/1796/532 2725/1794/531
f 2728/1795/532 2730/1797/533 2729/1798/533 2727/1796/532
f 2730/1797/533 2732/1799/534 2731/1800/534 2729/1798/533
f 2732/1799/534 2734/1801/535 2733/1802/535 2731/1800/534
f 2734/1801/535 2736/1803/536 2735/1804/536 2733/1802/535
f 2736/1803/536 2738/1805/537 2737/1806/537 2735/1804/536
f 2738/1805/537 2740/1807/538 2739/1808/538 2737/1806/537
f 2740/1807/538 2742/1809/539 2741/1810/539 2739/1808/538
f 2742/1809/539 2744/1811/540 2743/1812/540 2741/1810/539
f 2744/1811/540 2746/1813/541 2745/1814/541 2743/1812/540
f 2746/1813/541 2748/1815/542 2747/1816/542 2745/1814/541
f 2748/1815/542 2750/1817/543 2749/1818/543 2747/1816/542
f 2750/1817/543 2752/1819/544 2751/1820/544 2749/1818/543
f 2752/1819/544 2754/1821/545 2753/1822/545 2751/1820/544
f 2754/1821/545 2756/1823/546 2755/1824/546 2753/1822/545
f 2756/1823/546 2758/1825/547 2757/1826/547 2755/1824/546
f 2758/1825/547 2760/1827/548 2759/1828/548 2757/1826/547
f 2760/1827/548 2762/1829/549 2761/1830/549 2759/1828/548
f 2762/1829/549 2764/1831/550 2763/1832/550 2761/1830/549
f 2764/1831/550 2766/1833/551 2765/1834/551 2763/1832/550
f 2766/1833/551 2768/1835/552 2767/1836/552 2765/1834/551
f 2768/1835/552 2770/1837/553 2769/1838/553 2767/1836/552
f 2770/1837/553 2772/1839/554 2771/1840/554 2769/1838/553
f 2772/1839/554 2774/1841/555 2773/1842/555 2771/1840/554
f 2774/1841/555 2776/1843/556 2775/1844/556 2773/1842/555
f 2776/1843/556 2778/1845/557 2777/1846/557 2775/1844/556
f 2778/1845/557 2780/1847/558 2779/1848/558 2777/1846/557
f 2780/1847/558 2782/1849/559 2781/1850/559 2779/1848/558
f 2782/1849/559 2784/1851/560 2783/1852/560 2781/1850/559
f 2784/1851/560 2786/1853/381 2785/1854/381 2783/1852/560
f 2786/1853/381 2788/1855/380 2787/1856/380 2785/1854/381
f 2788/1855/380 2790/1857/561 2789/1858/561 2787/1856/380
f 2790/1857/561 2430/804/410 2429/17/410 2789/1858/561
f 2792/754/382 2794/1859/382 2793/1860/382 2791/23/382
f 2794/1859/382 2796/1861/382 2795/1862/382 2793/1860/382
f 2796/1861/382 2798/779/381 2797/79/381 2795/1862/382
f 2798/779/381 2800/1863/380 2799/1864/380 2797/79/381
f 2800/1863/380 2802/1865/383 2801/1866/383 2799/1864/380
f 2802/1865/383 2792/804/382 2791/17/382 2801/1866/383
f 2804/754/380 2806/1497/381 2805/150/381 2803/23/380
f 2806/1497/381 2808/779/382 2807/79/382 2805/150/381
f 2808/779/382 2810/1498/383 2809/313/383 2807/79/382
f 2810/1498/383 2804/804/380 2803/17/380 2809/313/383
f 2812/754/383 2814/1497/380 2813/150/380 2811/23/383
f 2814/1497/380 2816/779/381 2815/79/381 2813/150/380
f 2816/779/381 2818/1498/382 2817/313/382 2815/79/381
f 2818/1498/382 2812/804/383 2811/17/383 2817/313/382
f 2820/754/382 2822/1497/383 2821/150/383 2819/23/382
f 2822/1497/383 2824/779/380 2823/79/380 2821/150/383
f 2824/779/380 2826/1498/381 2825/313/381 2823/79/380
f 2826/1498/381 2820/804/382 2819/17/382 2825/313/381
f 2828/754/382 2830/1859/382 2829/1860/382 2827/23/382
f 2830/1859/382 2832/1861/382 2831/1862/382 2829/1860/382
f 2832/1861/382 2834/779/381 2833/79/381 2831/1862/382
f 2834/779/381 2836/1863/380 2835/1864/380 2833/79/381
f 2836/1863/380 2838/1865/383 2837/1866/383 2835/1864/380
f 2838/1865/383 2828/804/382 2827/17/382 2837/1866/383
f 2840/754/383 2842/1497/380 2841/150/380 2839/23/383
f 2842/1497/380 2844/779/381 2843/79/381 2841/150/380
f 2844/779/381 2846/1498/382 2845/313/382 2843/79/381
f 2846/1498/382 2840/804/383 2839/17/383 2845/313/382
f 2848/754/562 2850/1867/563 2849/1868/563 2847/23/562
f 2850/1867/563 2852/1869/564 2851/1870/564 2849/1868/563
f 2852/1869/564 2854/1871/565 2853/1872/565 2851/1870/564
f 2854/1871/565 2856/1873/566 2855/1874/566 2853/1872/565
f 2856/1873/566 2858/1875/567 2857/1876/567 2855/1874/566
f 2858/1875/567 2860/1877/568 2859/1878/568 2857/1876/567
f 2860/1877/568 2862/1879/569 2861/1880/569 2859/1878/568
f 2862/1879/569 2864/1881/570 2863/1882/570 2861/1880/569
f 2864/1881/570 2866/1883/571 2865/1884/571 2863/1882/570
f 2866/1883/571 2868/1885/572 2867/1886/572 2865/1884/571
f 2868/1885/572 2870/1887/573 2869/1888/573 2867/1886/572
f 2870/1887/573 2872/1889/574 2871/1890/574 2869/1888/573
f 2872/1889/574 2874/1891/575 2873/1892/575 2871/1890/574
f 2874/1891/575 2876/1893/576 2875/1894/576 2873/1892/575
f 2876/1893/576 2878/1895/577 2877/1896/577 2875/1894/576
f 2878/1895/577 2880/1897/578 2879/1898/578 2877/1896/577
f 2880/1897/578 2882/1899/579 2881/1900/579 2879/1898/578
f 2882/1899/579 2884/1901/580 2883/1902/580 2881/1900/579
f 2884/1901/580 2886/1903/581 2885/1904/581 2883/1902/580
f 2886/1903/581 2888/1905/582 2887/1906/582 2885/1904/581
f 2888/1905/582 2890/1907/583 2889/1908/583 2887/1906/582
f 2890/1907/583 2892/1909/584 2891/1910/584 2889/1908/583
f 2892/1909/584 2894/1911/585 2893/1912/585 2891/1910/584
f 2894/1911/585 2896/1913/586 2895/1914/586 2893/1912/585
f 2896/1913/586 2898/1915/587 2897/1916/587 2895/1914/586
f 2898/1915/587 2900/1917/588 2899/1918/588 2897/1916/587
f 2900/1917/588 2902/1919/589 2901/1920/589 2899/1918/588
f 2902/1919/589 2904/1921/590 2903/1922/590 2901/1920/589
f 2904/1921/590 2906/1923/591 2905/1924/591 2903/1922/590
f 2906/1923/591 2908/1925/592 2907/1926/592 2905/1924/591
f 2908/1925/592 2910/1927/593 2909/1928/593 2907/1926/592
f 2910/1927/593 2912/1929/594 2911/1930/594 2909/1928/593
f 2912/1929/594 2914/1931/595 2913/1932/595 2911/1930/594
f 2914/1931/595 2916/1933/596 2915/1934/596 2913/1932/595
f 2916/1933/596 2918/1935/597 2917/1936/597 2915/1934/596
f 2918/1935/597 2920/1937/598 2919/1938/598 2917/1936/597
f 2920/1937/598 2922/1939/599 2921/1940/599 2919/1938/598
f 2922/1939/599 2924/1941/600 2923/1942/600 2921/1940/599
f 2924/1941/600 2926/1943/601 2925/1944/601 2923/1942/600
f 2926/1943/601 2928/1945/602 2927/1946/602 2925/1944/601
f 2928/1945/602 2930/1947/603 2929/1948/603 2927/1946/602
f 2930/1947/603 2932/1949/604 2931/1950/604 2929/1948/603
f 2932/1949/604 2934/1951/605 2933/1952/605 2931/1950/604
f 2934/1951/605 2936/1953/606 2935/1954/606 2933/1952/605
f 2936/1953/606 2938/1955/607 2937/1956/607 2935/1954/606
f 2938/1955/607 2940/1957/608 2939/1958/608 2937/1956/607
f 2940/1957/608 2942/1959/609 2941/1960/609 2939/1958/608
f 2942/1959/609 2944/1961/610 2943/1962/610 2941/1960/609
f 2944/1961/610 2946/1963/611 2945/1964/611 2943/1962/610
f 2946/1963/611 2948/1965/612 2947/1966/612 2945/1964/611
f 2948/1965/612 2950/1967/613 2949/1968/613 2947/1966/612
f 2950/1967/613 2952/1969/614 2951/1970/614 2949/1968/613
f 2952/1969/614 2954/1971/615 2953/1972/615 2951/1970/614
f 2954/1971/615 2956/1973/616 2955/1974/616 2953/1972/615
f 2956/1973/616 2958/1975/617 2957/1976/617 2955/1974/616
f 2958/1975/617 2960/1977/618 2959/1978/618 2957/1976/617
f 2960/1977/618 2962/1979/619 2961/1980/619 2959/1978/618
f 2962/1979/619 2964/1981/620 2963/1982/620 2961/1980/619
f 2964/1981/620 2966/1983/621 2965/1984/621 2963/1982/620
f 2966/1983/621 2968/1985/622 2967/1986/622 2965/1984/621
f 2968/1985/622 2970/1987/381 2969/1988/381 2967/1986/622
f 2970/1987/381 2972/1989/623 2971/1990/623 2969/1988/381
f 2972/1989/623 2974/1991/624 2973/1992/624 2971/1990/623
f 2974/1991/624 2976/1993/625 2975/1994/625 2973/1992/624
f 2976/1993/625 2978/1995/626 2977/1996/626 2975/1994/625
f 2978/1995/626 2980/1997/627 2979/1998/627 2977/1996/626
f 2980/1997/627 2982/1999/628 2981/2000/628 2979/1998/627
f 2982/1999/628 2984/2001/629 2983/2002/629 2981/2000/628
f 2984/2001/629 2986/2003/630 2985/2004/630 2983/2002/629
f 2986/2003/630 2988/2005/631 2987/2006/631 2985/2004/630
f 2988/2005/631 2990/2007/632 2989/2008/632 2987/2006/631
f 2990/2007/632 2992/2009/633 2991/2010/633 2989/2008/632
f 2992/2009/633 2994/2011/634 2993/2012/634 2991/2010/633
f 2994/2011/634 2996/2013/635 2995/2014/635 2993/2012/634
f 2996/2013/635 2998/2015/636 2997/2016/636 2995/2014/635
f 2998/2015/636 3000/2017/637 2999/2018/637 2997/2016/636
f 3000/2017/637 3002/2019/638 3001/2020/638 2999/2018/637
f 3002/2019/638 3004/2021/639 3003/2022/639 3001/2020/638
f 3004/2021/639 3006/2023/640 3005/2024/640 3003/2022/639
f 3006/2023/640 3008/2025/641 3007/2026/641 3005/2024/640
f 3008/2025/641 3010/2027/642 3009/2028/642 3007/2026/641
f 3010/2027/642 3012/2029/643 3011/2030/643 3009/2028/642
f 3012/2029/643 3014/2031/644 3013/2032/644 3011/2030/643
f 3014/2031/644 3016/2033/645 3015/2034/645 3013/2032/644
f 3016/2033/645 3018/2035/646 3017/2036/646 3015/2034/645
f 3018/2035/646 3020/2037/647 3019/2038/647 3017/2036/646
f 3020/2037/647 3022/2039/648 3021/2040/648 3019/2038/647
f 3022/2039/648 3024/2041/649 3023/2042/649 3021/2040/648
f 3024/2041/649 3026/2043/650 3025/2044/650 3023/2042/649
f 3026/2043/650 3028/2045/651 3027/2046/651 3025/2044/650
f 3028/2045/651 3030/2047/652 3029/2048/652 3027/2046/651
f 3030/2047/652 3032/2049/653 3031/2050/653 3029/2048/652
f 3032/2049/653 3034/2051/654 3033/2052/654 3031/2050/653
f 3034/2051/654 3036/2053/655 3035/2054/655 3033/2052/654
f 3036/2053/655 3038/2055/656 3037/2056/656 3035/2054/655
f 3038/2055/656 3040/2057/657 3039/2058/657 3037/2056/656
f 3040/2057/657 3042/2059/658 3041/2060/658 3039/2058/657
f 3042/2059/658 3044/2061/659 3043/2062/659 3041/2060/658
f 3044/2061/659 3046/2063/380 3045/2064/380 3043/2062/659
f 3046/2063/380 3048/2065/383 3047/2066/383 3045/2064/380
f 3048/2065/383 2848/804/562 2847/17/562 3047/2066/383
f 3050/754/660 3052/2067/661 3051/2068/661 3049/23/660
f 3052/2067/661 3054/2069/662 3053/199/662 3051/2068/661
f 3054/2069/662 3056/2070/663 3055/2071/663 3053/199/662
f 3056/2070/663 3058/1497/664 3057/150/664 3055/2071/663
f 3058/1497/664 3060/2072/665 3059/2073/665 3057/150/664
f 3060/2072/665 3062/2074/666 3061/163/666 3059/2073/665
f 3062/2074/666 3064/2075/667 3063/2076/667 3061/163/666
f 3064/2075/667 3066/779/668 3065/79/668 3063/2076/667
f 3066/779/668 3068/2077/669 3067/2078/669 3065/79/668
f 3068/2077/669 3070/2079/670 3069/249/670 3067/2078/669
f 3070/2079/670 3072/2080/671 3071/2081/671 3069/249/670
f 3072/2080/671 3074/1498/672 3073/313/672 3071/2081/671
f 3074/1498/672 3076/2082/380 3075/2083/380 3073/313/672
f 3076/2082/380 3078/2084/381 3077/309/381 3075/2083/380
f 3078/2084/381 3080/2085/382 3079/2086/382 3077/309/381
f 3080/2085/382 3050/804/660 3049/17/660 3079/2086/382
