# Blender 4.4.1
# www.blender.org
mtllib LeftGoal.mtl
o 立方体.001
v 0.967275 -0.701829 -0.523115
v 0.967275 -0.701829 0.488991
v 0.967275 1.106601 -0.523115
v 0.002017 -0.701829 -0.523115
v 0.002017 -0.701829 0.488991
v 0.002017 1.106601 -0.523115
v 0.090793 -0.060550 -0.523115
v 0.099756 -0.060602 -0.523115
v 0.092539 -0.054252 -0.523115
v 0.090793 -0.060550 -0.465891
v 0.091980 -0.056269 -0.504781
v 0.099756 -0.060602 -0.465891
v 0.094496 -0.047189 -0.465891
v 0.102989 -0.047238 -0.465891
v 0.097741 -0.033826 -0.465891
v 0.094496 -0.047189 -0.523115
v 0.096026 -0.040889 -0.523115
v 0.095536 -0.042907 -0.504781
v 0.097741 -0.033826 -0.523115
v 0.099051 -0.027525 -0.523115
v 0.098631 -0.029544 -0.504781
v 0.100519 -0.020460 -0.523115
v 0.101607 -0.014158 -0.523115
v 0.100519 -0.020460 -0.465891
v 0.101259 -0.016176 -0.504781
v 0.108228 -0.020504 -0.465891
v 0.102827 -0.007091 -0.465891
v 0.110229 -0.007134 -0.465891
v 0.104656 0.006280 -0.465891
v 0.102827 -0.007091 -0.523115
v 0.103689 -0.000788 -0.523115
v 0.103412 -0.002807 -0.504781
v 0.104656 0.006280 -0.523115
v 0.105290 0.012585 -0.523115
v 0.105087 0.010566 -0.504781
v 0.106001 0.019655 -0.523115
v 0.106401 0.025961 -0.523115
v 0.106001 0.019655 -0.465891
v 0.106273 0.023941 -0.504781
v 0.112978 0.019615 -0.465891
v 0.106850 0.033032 -0.465891
v 0.113713 0.032992 -0.465891
v 0.107189 0.046412 -0.465891
v 0.106850 0.033032 -0.523115
v 0.107010 0.039340 -0.523115
v 0.106959 0.037319 -0.504781
v 0.107189 0.046412 -0.523115
v 0.107225 0.052720 -0.523115
v 0.107213 0.050699 -0.504781
v 0.107266 0.059794 -0.523115
v 0.107082 0.073177 -0.523115
v 0.107266 0.059794 -0.465891
v 0.114089 0.059754 -0.465891
v 0.107082 0.073177 -0.465891
v 0.113945 0.073137 -0.465891
v 0.106389 0.086563 -0.465891
v 0.106756 0.079488 -0.523115
v 0.106389 0.086563 -0.523115
v 0.105267 0.099187 -0.523115
v 0.105199 0.099952 -0.523115
v 0.105199 0.099952 -0.465891
v 0.112356 0.099911 -0.465891
v 0.103524 0.113344 -0.465891
v 0.110927 0.113301 -0.465891
v 0.101372 0.126738 -0.465891
v 0.104313 0.107031 -0.523115
v 0.103524 0.113344 -0.523115
v 0.101372 0.126738 -0.523115
v 0.098748 0.140136 -0.523115
v 0.097292 0.146453 -0.523115
v 0.098748 0.140136 -0.465891
v 0.106822 0.140089 -0.465891
v 0.095659 0.153536 -0.465891
v 0.092112 0.166938 -0.465891
v 0.095659 0.153536 -0.523115
v 0.104152 0.153487 -0.465891
v 0.101074 0.166886 -0.465891
v 0.112047 0.153441 -0.465891
v 0.109434 0.166838 -0.465891
v 0.119080 0.153400 -0.465891
v 0.114284 0.140045 -0.465891
v 0.116154 0.126653 -0.465891
v 0.120829 0.140008 -0.465891
v 0.122288 0.126617 -0.465891
v 0.126536 0.139975 -0.465891
v 0.127627 0.126586 -0.465891
v 0.131615 0.139945 -0.465891
v 0.125228 0.153364 -0.465891
v 0.123695 0.166755 -0.465891
v 0.130709 0.153333 -0.465891
v 0.129648 0.166721 -0.465891
v 0.135701 0.153303 -0.465891
v 0.135081 0.166690 -0.465891
v 0.140349 0.153277 -0.465891
v 0.136233 0.139919 -0.465891
v 0.136676 0.126534 -0.465891
v 0.140526 0.139894 -0.465891
v 0.140675 0.126511 -0.465891
v 0.144614 0.139870 -0.465891
v 0.144479 0.126489 -0.465891
v 0.148604 0.139847 -0.465891
v 0.144780 0.153251 -0.465891
v 0.144988 0.166632 -0.465891
v 0.149111 0.153226 -0.465891
v 0.149722 0.166605 -0.465891
v 0.153452 0.153201 -0.465891
v 0.154470 0.166577 -0.465891
v 0.157914 0.153175 -0.465891
v 0.152601 0.139824 -0.465891
v 0.151902 0.126446 -0.465891
v 0.156710 0.139800 -0.465891
v 0.155718 0.126423 -0.465891
v 0.161042 0.139775 -0.465891
v 0.159743 0.126400 -0.465891
v 0.165724 0.139748 -0.465891
v 0.162619 0.153148 -0.465891
v 0.164497 0.166519 -0.465891
v 0.167700 0.153119 -0.465891
v 0.170048 0.166487 -0.465891
v 0.173312 0.153086 -0.465891
v 0.176172 0.166451 -0.465891
v 0.179647 0.153049 -0.465891
v 0.170904 0.139718 -0.465891
v 0.168913 0.126347 -0.465891
v 0.176760 0.139683 -0.465891
v 0.174372 0.126316 -0.465891
v 0.183519 0.139644 -0.465891
v 0.180685 0.126279 -0.465891
v 0.186938 0.153007 -0.465891
v 0.191460 0.139599 -0.465891
v 0.191460 0.139599 -0.523115
v 0.195476 0.152958 -0.465891
v 0.188127 0.126236 -0.465891
v 0.188127 0.126236 -0.523115
v 0.185437 0.112869 -0.465891
v 0.185437 0.112869 -0.523115
v 0.184456 0.106567 -0.523115
v 0.183356 0.099499 -0.465891
v 0.178400 0.112910 -0.465891
v 0.172449 0.112945 -0.465891
v 0.176632 0.099538 -0.465891
v 0.170963 0.099571 -0.465891
v 0.175361 0.086164 -0.465891
v 0.169894 0.086195 -0.465891
v 0.174570 0.072786 -0.465891
v 0.181856 0.086126 -0.465891
v 0.181856 0.086126 -0.523115
v 0.181418 0.079819 -0.523115
v 0.180926 0.072749 -0.465891
v 0.180926 0.072749 -0.523115
v 0.180562 0.059369 -0.465891
v 0.180562 0.059369 -0.523115
v 0.180526 0.053061 -0.523115
v 0.180485 0.045988 -0.465891
v 0.174254 0.059405 -0.465891
v 0.168956 0.059436 -0.465891
v 0.174177 0.046024 -0.465891
v 0.168878 0.046055 -0.465891
v 0.174336 0.032641 -0.465891
v 0.168995 0.032672 -0.465891
v 0.174973 0.019256 -0.465891
v 0.180694 0.032605 -0.465891
v 0.181469 0.019218 -0.465891
v 0.180694 0.032605 -0.523115
v 0.181469 0.019218 -0.523115
v 0.180485 0.045988 -0.523115
v 0.182813 0.005827 -0.523115
v 0.183721 -0.000487 -0.523115
v 0.182813 0.005827 -0.465891
v 0.184740 -0.007566 -0.465891
v 0.176090 0.005867 -0.465891
v 0.170420 0.005899 -0.465891
v 0.177702 -0.007525 -0.465891
v 0.171751 -0.007490 -0.465891
v 0.179833 -0.020919 -0.465891
v 0.173519 -0.020882 -0.465891
v 0.182511 -0.034317 -0.465891
v 0.187275 -0.020962 -0.465891
v 0.187275 -0.020962 -0.523115
v 0.190453 -0.034363 -0.465891
v 0.190453 -0.034363 -0.523115
v 0.194314 -0.047767 -0.465891
v 0.198903 -0.061176 -0.465891
v 0.194314 -0.047767 -0.523115
v 0.185775 -0.047718 -0.465891
v 0.178485 -0.047676 -0.465891
v 0.189666 -0.061123 -0.465891
v 0.189666 -0.061123 -0.523115
v 0.181751 -0.061077 -0.465891
v 0.174854 -0.061037 -0.465891
v 0.181751 -0.061077 -0.523115
v 0.174854 -0.061037 -0.523115
v 0.168730 -0.061002 -0.523115
v 0.163179 -0.060969 -0.523115
v 0.168730 -0.061002 -0.465891
v 0.166537 -0.047606 -0.465891
v 0.163179 -0.060969 -0.465891
v 0.158034 -0.060939 -0.465891
v 0.160754 -0.060955 -0.523115
v 0.161456 -0.047577 -0.465891
v 0.160035 -0.034187 -0.465891
v 0.156752 -0.047550 -0.465891
v 0.155702 -0.034162 -0.465891
v 0.152289 -0.047524 -0.465891
v 0.153152 -0.060911 -0.465891
v 0.151593 -0.034138 -0.465891
v 0.147949 -0.047499 -0.465891
v 0.148404 -0.060883 -0.465891
v 0.147596 -0.034115 -0.465891
v 0.143618 -0.047473 -0.465891
v 0.143670 -0.060856 -0.465891
v 0.143606 -0.034091 -0.465891
v 0.139186 -0.047448 -0.465891
v 0.138831 -0.060828 -0.465891
v 0.139518 -0.034068 -0.465891
v 0.134538 -0.047421 -0.465891
v 0.133763 -0.060799 -0.465891
v 0.135225 -0.034043 -0.465891
v 0.129546 -0.047392 -0.465891
v 0.128330 -0.060767 -0.465891
v 0.130607 -0.034016 -0.465891
v 0.124065 -0.047361 -0.465891
v 0.122377 -0.060733 -0.465891
v 0.125529 -0.033987 -0.465891
v 0.117918 -0.047325 -0.465891
v 0.115716 -0.060694 -0.465891
v 0.119822 -0.033954 -0.465891
v 0.110884 -0.047284 -0.465891
v 0.108116 -0.060650 -0.465891
v 0.113277 -0.033916 -0.465891
v 0.115301 -0.020545 -0.465891
v 0.105814 -0.033872 -0.465891
v 0.121435 -0.020581 -0.465891
v 0.116968 -0.007173 -0.465891
v 0.122766 -0.007207 -0.465891
v 0.118281 0.006202 -0.465891
v 0.123817 0.006170 -0.465891
v 0.119243 0.019578 -0.465891
v 0.111814 0.006239 -0.465891
v 0.124591 0.019547 -0.465891
v 0.119853 0.032957 -0.465891
v 0.125086 0.032926 -0.465891
v 0.120107 0.046337 -0.465891
v 0.125303 0.046307 -0.465891
v 0.120185 0.059719 -0.465891
v 0.114011 0.046373 -0.465891
v 0.125381 0.059689 -0.465891
v 0.120085 0.073102 -0.465891
v 0.125319 0.073071 -0.465891
v 0.119631 0.086486 -0.465891
v 0.124979 0.086455 -0.465891
v 0.118824 0.099873 -0.465891
v 0.113365 0.086523 -0.465891
v 0.124360 0.099841 -0.465891
v 0.117665 0.113262 -0.465891
v 0.123463 0.113228 -0.465891
v 0.128503 0.113199 -0.465891
v 0.129167 0.099813 -0.465891
v 0.132975 0.113173 -0.465891
v 0.133430 0.099788 -0.465891
v 0.137031 0.113150 -0.465891
v 0.132370 0.126559 -0.465891
v 0.137293 0.099766 -0.465891
v 0.140792 0.113128 -0.465891
v 0.140874 0.099745 -0.465891
v 0.144368 0.113107 -0.465891
v 0.144274 0.099725 -0.465891
v 0.147853 0.113087 -0.465891
v 0.147587 0.099707 -0.465891
v 0.151339 0.113067 -0.465891
v 0.148188 0.126467 -0.465891
v 0.150900 0.099688 -0.465891
v 0.154922 0.113046 -0.465891
v 0.154304 0.099667 -0.465891
v 0.158700 0.113024 -0.465891
v 0.157893 0.099647 -0.465891
v 0.162786 0.113001 -0.465891
v 0.161776 0.099625 -0.465891
v 0.167314 0.112974 -0.465891
v 0.164095 0.126375 -0.465891
v 0.166079 0.099599 -0.465891
v 0.165190 0.086222 -0.465891
v 0.164633 0.072843 -0.465891
v 0.161046 0.086246 -0.465891
v 0.160585 0.072867 -0.465891
v 0.157308 0.086268 -0.465891
v 0.156932 0.072888 -0.465891
v 0.153852 0.086288 -0.465891
v 0.153556 0.072908 -0.465891
v 0.150575 0.086307 -0.465891
v 0.150353 0.072926 -0.465891
v 0.147384 0.086325 -0.465891
v 0.147234 0.072944 -0.465891
v 0.144192 0.086344 -0.465891
v 0.144114 0.072962 -0.465891
v 0.140914 0.086363 -0.465891
v 0.140909 0.072981 -0.465891
v 0.137461 0.086383 -0.465891
v 0.137533 0.073001 -0.465891
v 0.133734 0.086404 -0.465891
v 0.133887 0.073022 -0.465891
v 0.129620 0.086428 -0.465891
v 0.129861 0.073045 -0.465891
v 0.129890 0.059662 -0.465891
v 0.129812 0.046281 -0.465891
v 0.133886 0.059639 -0.465891
v 0.133808 0.046258 -0.465891
v 0.137505 0.059619 -0.465891
v 0.137427 0.046237 -0.465891
v 0.140857 0.059599 -0.465891
v 0.140779 0.046217 -0.465891
v 0.144037 0.059580 -0.465891
v 0.143960 0.046199 -0.465891
v 0.147134 0.059563 -0.465891
v 0.147056 0.046181 -0.465891
v 0.150228 0.059545 -0.465891
v 0.150151 0.046164 -0.465891
v 0.153406 0.059527 -0.465891
v 0.153329 0.046145 -0.465891
v 0.156757 0.059507 -0.465891
v 0.156680 0.046126 -0.465891
v 0.160380 0.059486 -0.465891
v 0.160303 0.046105 -0.465891
v 0.164396 0.059463 -0.465891
v 0.164319 0.046081 -0.465891
v 0.164400 0.032698 -0.465891
v 0.164802 0.019314 -0.465891
v 0.160352 0.032722 -0.465891
v 0.160658 0.019338 -0.465891
v 0.156700 0.032743 -0.465891
v 0.156920 0.019360 -0.465891
v 0.153323 0.032763 -0.465891
v 0.153465 0.019380 -0.465891
v 0.150121 0.032782 -0.465891
v 0.150187 0.019399 -0.465891
v 0.147001 0.032799 -0.465891
v 0.146996 0.019417 -0.465891
v 0.143881 0.032817 -0.465891
v 0.143804 0.019435 -0.465891
v 0.140677 0.032836 -0.465891
v 0.140526 0.019455 -0.465891
v 0.137299 0.032856 -0.465891
v 0.137073 0.019475 -0.465891
v 0.133655 0.032877 -0.465891
v 0.133346 0.019496 -0.465891
v 0.129629 0.032900 -0.465891
v 0.129233 0.019520 -0.465891
v 0.128624 0.006142 -0.465891
v 0.127805 -0.007236 -0.465891
v 0.132887 0.006117 -0.465891
v 0.132278 -0.007262 -0.465891
v 0.136750 0.006095 -0.465891
v 0.136333 -0.007285 -0.465891
v 0.140331 0.006074 -0.465891
v 0.140095 -0.007307 -0.465891
v 0.143732 0.006054 -0.465891
v 0.143670 -0.007328 -0.465891
v 0.147045 0.006035 -0.465891
v 0.147155 -0.007348 -0.465891
v 0.150358 0.006016 -0.465891
v 0.150641 -0.007368 -0.465891
v 0.153761 0.005996 -0.465891
v 0.154224 -0.007389 -0.465891
v 0.157351 0.005975 -0.465891
v 0.158002 -0.007411 -0.465891
v 0.161233 0.005953 -0.465891
v 0.162088 -0.007434 -0.465891
v 0.165536 0.005928 -0.465891
v 0.166616 -0.007461 -0.465891
v 0.168061 -0.020851 -0.465891
v 0.169896 -0.034244 -0.465891
v 0.163242 -0.020823 -0.465891
v 0.164716 -0.034214 -0.465891
v 0.158890 -0.020798 -0.465891
v 0.154866 -0.020775 -0.465891
v 0.151049 -0.020752 -0.465891
v 0.147335 -0.020731 -0.465891
v 0.143625 -0.020710 -0.465891
v 0.139822 -0.020687 -0.465891
v 0.135824 -0.020664 -0.465891
v 0.131517 -0.020640 -0.465891
v 0.126774 -0.020612 -0.465891
v 0.172150 -0.047639 -0.465891
v 0.175753 -0.034278 -0.465891
v 0.169506 0.019287 -0.465891
v 0.169228 0.072817 -0.465891
v 0.108116 -0.060650 -0.523115
v 0.115716 -0.060694 -0.523115
v 0.122377 -0.060733 -0.523115
v 0.128330 -0.060767 -0.523115
v 0.133763 -0.060799 -0.523115
v 0.138831 -0.060828 -0.523115
v 0.143670 -0.060856 -0.523115
v 0.148404 -0.060883 -0.523115
v 0.153152 -0.060911 -0.523115
v 0.158034 -0.060939 -0.523115
v 0.198903 -0.061176 -0.523115
v 0.196477 -0.054088 -0.523115
v 0.195784 -0.052063 -0.504781
v 0.192272 -0.040682 -0.523115
v 0.191689 -0.038658 -0.504781
v 0.188772 -0.027280 -0.523115
v 0.188293 -0.025255 -0.504781
v 0.185935 -0.013881 -0.523115
v 0.184740 -0.007566 -0.523115
v 0.185552 -0.011857 -0.504781
v 0.183356 0.099499 -0.523115
v 0.200220 0.166312 -0.465891
v 0.195476 0.152958 -0.523115
v 0.197984 0.160016 -0.523115
v 0.200220 0.166312 -0.523115
v 0.198701 0.162033 -0.504781
v 0.190983 0.166365 -0.523115
v 0.183069 0.166412 -0.523115
v 0.190983 0.166365 -0.465891
v 0.183069 0.166412 -0.465891
v 0.176172 0.166451 -0.523115
v 0.170048 0.166487 -0.523115
v 0.164497 0.166519 -0.523115
v 0.159352 0.166549 -0.523115
v 0.154470 0.166577 -0.523115
v 0.159352 0.166549 -0.465891
v 0.149722 0.166605 -0.523115
v 0.144988 0.166632 -0.523115
v 0.140149 0.166660 -0.523115
v 0.135081 0.166690 -0.523115
v 0.140149 0.166660 -0.465891
v 0.129648 0.166721 -0.523115
v 0.123695 0.166755 -0.523115
v 0.117034 0.166794 -0.523115
v 0.109434 0.166838 -0.523115
v 0.117034 0.166794 -0.465891
v 0.101074 0.166886 -0.523115
v 0.092112 0.166938 -0.523115
v 0.093987 0.159854 -0.523115
v 0.094522 0.157830 -0.504781
v 0.109081 0.126694 -0.465891
v 0.002017 1.106601 0.488991
v 0.967275 1.106601 0.488991
v 0.028469 -0.100918 -0.542878
v 0.244080 -0.102167 -0.542878
v 0.028469 -0.100918 -0.407147
v 0.244080 -0.102167 -0.407147
v 0.030259 0.208086 -0.542877
v 0.245870 0.206837 -0.542877
v 0.030259 0.208086 -0.407147
v 0.245870 0.206837 -0.407147
v 0.046343 -0.101022 -0.542878
v 0.063017 -0.101119 -0.542878
v 0.078173 -0.101206 -0.542878
v 0.091459 -0.101283 -0.542878
v 0.103332 -0.101352 -0.542878
v 0.114166 -0.101415 -0.542878
v 0.124274 -0.101473 -0.542878
v 0.133925 -0.101529 -0.542878
v 0.143367 -0.101584 -0.542878
v 0.152836 -0.101639 -0.542878
v 0.162573 -0.101695 -0.542878
v 0.172834 -0.101754 -0.542878
v 0.183904 -0.101819 -0.542878
v 0.196118 -0.101889 -0.542878
v 0.209873 -0.101969 -0.542878
v 0.225658 -0.102061 -0.542878
v 0.225658 -0.102061 -0.407147
v 0.209873 -0.101969 -0.407147
v 0.196118 -0.101889 -0.407147
v 0.183904 -0.101819 -0.407147
v 0.172834 -0.101754 -0.407147
v 0.162573 -0.101695 -0.407147
v 0.152836 -0.101639 -0.407147
v 0.143367 -0.101584 -0.407147
v 0.133925 -0.101529 -0.407147
v 0.124274 -0.101473 -0.407147
v 0.114166 -0.101415 -0.407147
v 0.103332 -0.101352 -0.407147
v 0.091459 -0.101283 -0.407147
v 0.078173 -0.101206 -0.407147
v 0.063017 -0.101119 -0.407147
v 0.046343 -0.101022 -0.407147
v 0.227447 0.206944 -0.407147
v 0.211662 0.207035 -0.407147
v 0.197908 0.207115 -0.407147
v 0.185695 0.207185 -0.407147
v 0.174623 0.207250 -0.407147
v 0.164363 0.207309 -0.407147
v 0.154626 0.207366 -0.407147
v 0.145157 0.207420 -0.407147
v 0.135715 0.207475 -0.407147
v 0.126064 0.207531 -0.407147
v 0.115956 0.207590 -0.407147
v 0.105122 0.207652 -0.407147
v 0.093249 0.207721 -0.407147
v 0.079963 0.207798 -0.407147
v 0.064807 0.207886 -0.407147
v 0.048133 0.207983 -0.407147
v 0.227447 0.206944 -0.542877
v 0.211662 0.207035 -0.542877
v 0.197908 0.207115 -0.542877
v 0.185695 0.207185 -0.542877
v 0.174623 0.207250 -0.542877
v 0.164363 0.207309 -0.542877
v 0.154626 0.207366 -0.542877
v 0.145157 0.207420 -0.542877
v 0.135715 0.207475 -0.542877
v 0.126064 0.207531 -0.542877
v 0.115956 0.207590 -0.542877
v 0.105122 0.207652 -0.542877
v 0.093249 0.207721 -0.542877
v 0.079963 0.207798 -0.542877
v 0.064807 0.207886 -0.542877
v 0.048133 0.207983 -0.542877
v 0.037384 0.189867 -0.407147
v 0.043595 0.171654 -0.407147
v 0.048876 0.153446 -0.407147
v 0.053218 0.135243 -0.407147
v 0.056607 0.117047 -0.407147
v 0.059029 0.098855 -0.407147
v 0.060462 0.080670 -0.407147
v 0.060878 0.062490 -0.407147
v 0.060773 0.044313 -0.407147
v 0.060147 0.026139 -0.407147
v 0.058503 0.007972 -0.407147
v 0.055870 -0.010190 -0.407147
v 0.052270 -0.028347 -0.407147
v 0.047718 -0.046498 -0.407147
v 0.042225 -0.064643 -0.407147
v 0.035804 -0.082783 -0.407147
v 0.234878 -0.083936 -0.407147
v 0.227128 -0.065715 -0.407147
v 0.220741 -0.047500 -0.407147
v 0.215636 -0.029293 -0.407147
v 0.211744 -0.011093 -0.407147
v 0.209015 0.007100 -0.407147
v 0.207418 0.025287 -0.407147
v 0.206952 0.043466 -0.407147
v 0.207058 0.061643 -0.407147
v 0.207735 0.079817 -0.407147
v 0.209541 0.097983 -0.407147
v 0.212481 0.116144 -0.407147
v 0.216583 0.134297 -0.407147
v 0.221899 0.152444 -0.407147
v 0.228497 0.170583 -0.407147
v 0.236457 0.188714 -0.407147
v 0.035804 -0.082783 -0.542878
v 0.042225 -0.064643 -0.542878
v 0.047718 -0.046498 -0.542878
v 0.052270 -0.028347 -0.542878
v 0.055870 -0.010190 -0.542878
v 0.058503 0.007972 -0.542878
v 0.060147 0.026139 -0.542878
v 0.060773 0.044313 -0.542878
v 0.060878 0.062490 -0.542878
v 0.060462 0.080670 -0.542877
v 0.059029 0.098855 -0.542877
v 0.056607 0.117047 -0.542877
v 0.053218 0.135243 -0.542877
v 0.048876 0.153446 -0.542877
v 0.043595 0.171654 -0.542877
v 0.037384 0.189867 -0.542877
v 0.236457 0.188714 -0.542877
v 0.228497 0.170583 -0.542877
v 0.221899 0.152444 -0.542877
v 0.216583 0.134297 -0.542877
v 0.212481 0.116144 -0.542877
v 0.209541 0.097983 -0.542877
v 0.207735 0.079817 -0.542877
v 0.207058 0.061643 -0.542878
v 0.206952 0.043466 -0.542878
v 0.207418 0.025287 -0.542878
v 0.209015 0.007100 -0.542878
v 0.211744 -0.011093 -0.542878
v 0.215636 -0.029293 -0.542878
v 0.220741 -0.047500 -0.542878
v 0.227128 -0.065715 -0.542878
v 0.234878 -0.083936 -0.542878
v 0.054321 0.189769 -0.542877
v 0.059696 0.171561 -0.542877
v 0.064251 0.153357 -0.542877
v 0.067981 0.135158 -0.542877
v 0.070882 0.116964 -0.542877
v 0.072943 0.098775 -0.542877
v 0.074150 0.080590 -0.542877
v 0.074484 0.062411 -0.542878
v 0.074379 0.044234 -0.542878
v 0.073834 0.026060 -0.542878
v 0.072416 0.007891 -0.542878
v 0.070145 -0.010273 -0.542878
v 0.067033 -0.028432 -0.542878
v 0.063092 -0.046587 -0.542878
v 0.058327 -0.064737 -0.542878
v 0.052742 -0.082881 -0.542878
v 0.070067 0.189678 -0.542877
v 0.074579 0.171475 -0.542877
v 0.078357 0.153275 -0.542877
v 0.081420 0.135080 -0.542877
v 0.083780 0.116889 -0.542877
v 0.085439 0.098702 -0.542877
v 0.086395 0.080520 -0.542877
v 0.086643 0.062340 -0.542878
v 0.086538 0.044164 -0.542878
v 0.086079 0.025990 -0.542878
v 0.084913 0.007819 -0.542878
v 0.083043 -0.010347 -0.542878
v 0.080473 -0.028510 -0.542878
v 0.077199 -0.046668 -0.542878
v 0.073210 -0.064823 -0.542878
v 0.068487 -0.082972 -0.542878
v 0.084095 0.189597 -0.542877
v 0.096104 0.098640 -0.542877
v 0.096832 0.080459 -0.542877
v 0.097005 0.062281 -0.542878
v 0.096900 0.044104 -0.542878
v 0.096517 0.025929 -0.542878
v 0.095578 0.007757 -0.542878
v 0.082516 -0.083054 -0.542878
v 0.096355 0.189526 -0.542877
v 0.094776 -0.083125 -0.542878
v 0.107286 0.189463 -0.542877
v 0.105707 -0.083188 -0.542878
v 0.117242 0.189404 -0.542877
v 0.115662 -0.083246 -0.542878
v 0.126512 0.189351 -0.542877
v 0.124933 -0.083299 -0.542878
v 0.135351 0.189300 -0.542877
v 0.133771 -0.083351 -0.542878
v 0.143988 0.189250 -0.542877
v 0.142409 -0.083401 -0.542878
v 0.152645 0.189199 -0.542877
v 0.151066 -0.083451 -0.542878
v 0.161545 0.189148 -0.542877
v 0.159965 -0.083502 -0.542878
v 0.170927 0.189094 -0.542877
v 0.169348 -0.083557 -0.542878
v 0.181060 0.189035 -0.542877
v 0.179480 -0.083616 -0.542878
v 0.192254 0.188971 -0.542877
v 0.190675 -0.083680 -0.542878
v 0.204889 0.188897 -0.542877
v 0.203309 -0.083754 -0.542878
v 0.219429 0.188813 -0.542877
v 0.202549 0.134379 -0.542877
v 0.199073 0.116222 -0.542877
v 0.196585 0.098059 -0.542877
v 0.195056 0.079890 -0.542877
v 0.194477 0.061716 -0.542878
v 0.194373 0.043539 -0.542878
v 0.194741 0.025360 -0.542878
v 0.196059 0.007175 -0.542878
v 0.198336 -0.011015 -0.542878
v 0.201601 -0.029212 -0.542878
v 0.217850 -0.083838 -0.542878
v 0.052742 -0.082881 -0.407147
v 0.058327 -0.064737 -0.407147
v 0.063092 -0.046587 -0.407147
v 0.067033 -0.028432 -0.407147
v 0.070145 -0.010273 -0.407147
v 0.072416 0.007891 -0.407147
v 0.073834 0.026060 -0.407147
v 0.074379 0.044234 -0.407147
v 0.074484 0.062411 -0.407147
v 0.074150 0.080590 -0.407147
v 0.072943 0.098775 -0.407147
v 0.070882 0.116964 -0.407147
v 0.067981 0.135158 -0.407147
v 0.064251 0.153357 -0.407147
v 0.059696 0.171561 -0.407147
v 0.054321 0.189769 -0.407147
v 0.068487 -0.082972 -0.407147
v 0.073210 -0.064823 -0.407147
v 0.077199 -0.046668 -0.407147
v 0.080473 -0.028510 -0.407147
v 0.083043 -0.010347 -0.407147
v 0.084913 0.007819 -0.407147
v 0.086079 0.025990 -0.407147
v 0.086538 0.044164 -0.407147
v 0.086643 0.062340 -0.407147
v 0.086395 0.080520 -0.407147
v 0.085439 0.098702 -0.407147
v 0.083780 0.116889 -0.407147
v 0.081420 0.135080 -0.407147
v 0.078357 0.153275 -0.407147
v 0.074579 0.171475 -0.407147
v 0.070067 0.189678 -0.407147
v 0.082516 -0.083054 -0.407147
v 0.095578 0.007757 -0.407147
v 0.096517 0.025929 -0.407147
v 0.096900 0.044104 -0.407147
v 0.097005 0.062281 -0.407147
v 0.096832 0.080459 -0.407147
v 0.096104 0.098640 -0.407147
v 0.084095 0.189597 -0.407147
v 0.094776 -0.083125 -0.407147
v 0.096355 0.189526 -0.407147
v 0.105707 -0.083188 -0.407147
v 0.107286 0.189463 -0.407147
v 0.115662 -0.083246 -0.407147
v 0.117242 0.189404 -0.407147
v 0.124933 -0.083299 -0.407147
v 0.126512 0.189351 -0.407147
v 0.133771 -0.083351 -0.407147
v 0.135351 0.189300 -0.407147
v 0.142409 -0.083401 -0.407147
v 0.143988 0.189250 -0.407147
v 0.151066 -0.083451 -0.407147
v 0.152645 0.189199 -0.407147
v 0.159965 -0.083502 -0.407147
v 0.161545 0.189148 -0.407147
v 0.169348 -0.083557 -0.407147
v 0.170927 0.189094 -0.407147
v 0.179480 -0.083616 -0.407147
v 0.181060 0.189035 -0.407147
v 0.190675 -0.083680 -0.407147
v 0.192254 0.188971 -0.407147
v 0.203309 -0.083754 -0.407147
v 0.204889 0.188897 -0.407147
v 0.217850 -0.083838 -0.407147
v 0.201601 -0.029212 -0.407147
v 0.198336 -0.011015 -0.407147
v 0.196059 0.007175 -0.407147
v 0.194741 0.025360 -0.407147
v 0.194373 0.043539 -0.407147
v 0.194477 0.061716 -0.407147
v 0.195056 0.079890 -0.407147
v 0.196585 0.098059 -0.407147
v 0.199073 0.116222 -0.407147
v 0.202549 0.134379 -0.407147
v 0.219429 0.188813 -0.407147
v 0.212198 -0.068142 -0.407147
v 0.198572 -0.068063 -0.407147
v 0.202974 -0.068089 -0.407147
v 0.204389 -0.041024 -0.407147
v 0.203936 -0.039702 -0.407147
v 0.200964 -0.029208 -0.407147
v 0.199910 -0.025483 -0.407147
v 0.196695 -0.011268 -0.407147
v 0.196650 -0.011006 -0.407147
v 0.194248 0.002942 -0.407147
v 0.193737 0.007188 -0.407147
v 0.192537 0.017148 -0.407147
v 0.191961 0.025376 -0.407147
v 0.191542 0.031350 -0.407147
v 0.191302 0.043557 -0.407147
v 0.191263 0.045548 -0.407147
v 0.191345 0.059744 -0.407147
v 0.191407 0.061734 -0.407147
v 0.191789 0.073937 -0.407147
v 0.192277 0.079906 -0.407147
v 0.192948 0.088126 -0.407147
v 0.194263 0.098072 -0.407147
v 0.194824 0.102312 -0.407147
v 0.197387 0.116231 -0.407147
v 0.197435 0.116493 -0.407147
v 0.200815 0.130670 -0.407147
v 0.201912 0.134382 -0.407147
v 0.205005 0.144841 -0.407147
v 0.205474 0.146157 -0.407147
v 0.204372 0.173237 -0.407147
v 0.213596 0.173184 -0.407147
v 0.199970 0.173263 -0.407147
v 0.186759 -0.067995 -0.407147
v 0.192986 -0.068031 -0.407147
v 0.194384 0.173295 -0.407147
v 0.188157 0.173331 -0.407147
v 0.176310 -0.067934 -0.407147
v 0.176555 -0.067936 -0.407147
v 0.184283 -0.067981 -0.407147
v 0.185681 0.173346 -0.407147
v 0.177708 0.173391 -0.407147
v 0.177953 0.173390 -0.407147
v 0.166862 -0.067880 -0.407147
v 0.169549 -0.067895 -0.407147
v 0.170947 0.173431 -0.407147
v 0.168260 0.173447 -0.407147
v 0.158119 -0.067829 -0.407147
v 0.163057 -0.067857 -0.407147
v 0.164455 0.173468 -0.407147
v 0.159517 0.173497 -0.407147
v 0.156896 -0.067822 -0.407147
v 0.149827 -0.067781 -0.407147
v 0.150904 -0.067787 -0.407147
v 0.158294 0.173504 -0.407147
v 0.151225 0.173545 -0.407147
v 0.152302 0.173539 -0.407147
v 0.141760 -0.067734 -0.407147
v 0.144930 -0.067752 -0.407147
v 0.146328 0.173573 -0.407147
v 0.143158 0.173591 -0.407147
v 0.133708 -0.067688 -0.407147
v 0.138823 -0.067717 -0.407147
v 0.140221 0.173609 -0.407147
v 0.135106 0.173638 -0.407147
v 0.125460 -0.067640 -0.407147
v 0.125572 -0.067640 -0.407147
v 0.132427 -0.067680 -0.407147
v 0.133825 0.173646 -0.407147
v 0.126858 0.173686 -0.407147
v 0.126970 0.173685 -0.407147
v 0.116801 -0.067590 -0.407147
v 0.118059 -0.067597 -0.407147
v 0.118198 0.173736 -0.407147
v 0.119457 0.173729 -0.407147
v 0.107489 -0.067536 -0.407147
v 0.109652 -0.067549 -0.407147
v 0.111050 0.173778 -0.407147
v 0.108886 0.173790 -0.407147
v 0.097248 -0.067477 -0.407147
v 0.100062 -0.067493 -0.407147
v 0.101460 0.173833 -0.407147
v 0.098647 0.173850 -0.407147
v 0.085745 -0.067410 -0.407147
v 0.089512 -0.067432 -0.407147
v 0.096120 0.007754 -0.407147
v 0.095618 0.003514 -0.407147
v 0.094827 -0.001375 -0.407147
v 0.097299 0.017700 -0.407147
v 0.097911 0.025921 -0.407147
v 0.098355 0.031890 -0.407147
v 0.098709 0.044094 -0.407147
v 0.098766 0.046084 -0.407147
v 0.098849 0.060280 -0.407147
v 0.098814 0.062271 -0.407147
v 0.098602 0.074477 -0.407147
v 0.098227 0.080451 -0.407147
v 0.097710 0.088678 -0.407147
v 0.096647 0.098638 -0.407147
v 0.096193 0.102883 -0.407147
v 0.095459 0.107780 -0.407147
v 0.090910 0.173895 -0.407147
v 0.087143 0.173916 -0.407147
v 0.078202 -0.067366 -0.407147
v 0.079026 -0.064857 -0.407147
v 0.084725 -0.046712 -0.407147
v 0.082859 -0.053197 -0.407147
v 0.086937 -0.039024 -0.407147
v 0.089514 -0.028563 -0.407147
v 0.090428 -0.024849 -0.407147
v 0.093324 -0.010669 -0.407147
v 0.093366 -0.010408 -0.407147
v 0.094103 0.116829 -0.407147
v 0.094064 0.117092 -0.407147
v 0.091332 0.131304 -0.407147
v 0.090462 0.135028 -0.407147
v 0.088007 0.145519 -0.407147
v 0.085883 0.153232 -0.407147
v 0.084092 0.159738 -0.407147
v 0.080396 0.171441 -0.407147
v 0.079600 0.173960 -0.407147
v 0.213596 0.173184 -0.542877
v 0.204372 0.173237 -0.542877
v 0.199970 0.173263 -0.542877
v 0.205005 0.144841 -0.542877
v 0.205474 0.146157 -0.542877
v 0.201912 0.134382 -0.542877
v 0.200815 0.130670 -0.542877
v 0.197435 0.116493 -0.542877
v 0.197387 0.116231 -0.542877
v 0.194824 0.102312 -0.542877
v 0.194263 0.098072 -0.542877
v 0.192948 0.088126 -0.542877
v 0.192277 0.079906 -0.542877
v 0.191789 0.073937 -0.542878
v 0.191407 0.061734 -0.542878
v 0.191345 0.059744 -0.542878
v 0.191263 0.045548 -0.542878
v 0.191302 0.043557 -0.542878
v 0.191542 0.031350 -0.542878
v 0.191961 0.025376 -0.542878
v 0.192537 0.017148 -0.542878
v 0.193737 0.007188 -0.542878
v 0.194248 0.002942 -0.542878
v 0.196650 -0.011006 -0.542878
v 0.199910 -0.025483 -0.542878
v 0.196695 -0.011268 -0.542878
v 0.200964 -0.029208 -0.542878
v 0.204389 -0.041024 -0.542878
v 0.203936 -0.039702 -0.542878
v 0.202974 -0.068089 -0.542878
v 0.212198 -0.068142 -0.542878
v 0.198572 -0.068063 -0.542878
v 0.194384 0.173295 -0.542877
v 0.188157 0.173331 -0.542877
v 0.192986 -0.068031 -0.542878
v 0.186759 -0.067995 -0.542878
v 0.177708 0.173391 -0.542877
v 0.177953 0.173390 -0.542877
v 0.185681 0.173346 -0.542877
v 0.184283 -0.067981 -0.542878
v 0.176555 -0.067936 -0.542878
v 0.176310 -0.067934 -0.542878
v 0.170947 0.173431 -0.542877
v 0.168260 0.173447 -0.542877
v 0.169549 -0.067895 -0.542878
v 0.166862 -0.067880 -0.542878
v 0.164455 0.173468 -0.542877
v 0.159517 0.173497 -0.542877
v 0.163057 -0.067857 -0.542878
v 0.158119 -0.067829 -0.542878
v 0.158294 0.173504 -0.542877
v 0.151225 0.173545 -0.542877
v 0.152302 0.173539 -0.542877
v 0.156896 -0.067822 -0.542878
v 0.150904 -0.067787 -0.542878
v 0.149827 -0.067781 -0.542878
v 0.146328 0.173573 -0.542877
v 0.143158 0.173591 -0.542877
v 0.144930 -0.067752 -0.542878
v 0.141760 -0.067734 -0.542878
v 0.140221 0.173609 -0.542877
v 0.135106 0.173638 -0.542877
v 0.138823 -0.067717 -0.542878
v 0.133708 -0.067688 -0.542878
v 0.126858 0.173686 -0.542877
v 0.126970 0.173685 -0.542877
v 0.133825 0.173646 -0.542877
v 0.132427 -0.067680 -0.542878
v 0.125572 -0.067640 -0.542878
v 0.125460 -0.067640 -0.542878
v 0.119457 0.173729 -0.542877
v 0.118198 0.173736 -0.542877
v 0.118059 -0.067597 -0.542878
v 0.116801 -0.067590 -0.542878
v 0.111050 0.173778 -0.542877
v 0.108886 0.173790 -0.542877
v 0.109652 -0.067549 -0.542878
v 0.107489 -0.067536 -0.542878
v 0.101460 0.173833 -0.542877
v 0.098647 0.173850 -0.542877
v 0.100062 -0.067493 -0.542878
v 0.097248 -0.067477 -0.542878
v 0.090910 0.173895 -0.542877
v 0.087143 0.173916 -0.542877
v 0.095459 0.107781 -0.542877
v 0.096193 0.102883 -0.542877
v 0.096647 0.098638 -0.542877
v 0.097710 0.088678 -0.542877
v 0.098227 0.080451 -0.542877
v 0.098602 0.074477 -0.542878
v 0.098814 0.062271 -0.542878
v 0.098849 0.060280 -0.542878
v 0.098766 0.046084 -0.542878
v 0.098709 0.044094 -0.542878
v 0.098355 0.031890 -0.542878
v 0.097911 0.025921 -0.542878
v 0.097299 0.017700 -0.542878
v 0.096120 0.007754 -0.542878
v 0.094827 -0.001375 -0.542878
v 0.095618 0.003514 -0.542878
v 0.089512 -0.067432 -0.542878
v 0.085745 -0.067410 -0.542878
v 0.079600 0.173960 -0.542877
v 0.080396 0.171441 -0.542877
v 0.084092 0.159738 -0.542877
v 0.085883 0.153232 -0.542877
v 0.088007 0.145519 -0.542877
v 0.090462 0.135028 -0.542877
v 0.091332 0.131304 -0.542877
v 0.094064 0.117092 -0.542877
v 0.094103 0.116829 -0.542877
v 0.093367 -0.010408 -0.542878
v 0.090428 -0.024849 -0.542878
v 0.093324 -0.010669 -0.542878
v 0.089514 -0.028563 -0.542878
v 0.086937 -0.039024 -0.542878
v 0.084725 -0.046712 -0.542878
v 0.082859 -0.053197 -0.542878
v 0.079026 -0.064857 -0.542878
v 0.078202 -0.067366 -0.542878
v 0.216029 0.173169 -0.542877
v 0.214971 0.170661 -0.542877
v 0.210057 0.159008 -0.542877
v 0.207745 0.152526 -0.542877
v 0.206588 -0.047418 -0.542878
v 0.208824 -0.053927 -0.542878
v 0.213602 -0.065636 -0.542878
v 0.214631 -0.068156 -0.542878
v 0.213602 -0.065636 -0.407147
v 0.214631 -0.068156 -0.407147
v 0.208824 -0.053927 -0.407147
v 0.206588 -0.047418 -0.407147
v 0.207745 0.152526 -0.407147
v 0.210057 0.159008 -0.407147
v 0.214971 0.170661 -0.407147
v 0.216029 0.173169 -0.407147
vn -0.0000 -1.0000 -0.0000
vn 1.0000 -0.0000 -0.0000
vn -0.0000 -0.0000 -1.0000
vn -1.0000 -0.0000 -0.0000
vn -0.0001 -0.0000 -1.0000
vn 0.0058 1.0000 -0.0000
vn 0.9637 -0.2671 -0.0000
vn 0.9718 -0.2359 -0.0000
vn 0.9791 -0.2035 -0.0000
vn 0.9854 -0.1701 -0.0000
vn 0.9908 -0.1356 -0.0000
vn 0.9908 -0.1355 -0.0000
vn 0.9950 -0.1000 -0.0000
vn 0.9980 -0.0633 -0.0000
vn 0.9980 -0.0634 -0.0000
vn 0.9997 -0.0253 -0.0000
vn 1.0000 -0.0058 -0.0000
vn 1.0000 -0.0057 -0.0000
vn 0.9999 0.0137 -0.0000
vn 0.9987 0.0518 -0.0000
vn 0.9987 0.0517 -0.0000
vn 0.9961 0.0885 -0.0000
vn 0.9961 0.0884 -0.0000
vn 0.9923 0.1241 -0.0000
vn 0.9873 0.1586 -0.0000
vn 0.9814 0.1922 -0.0000
vn 0.9744 0.2246 -0.0000
vn 0.9667 0.2559 -0.0000
vn -0.9703 0.2420 -0.0000
vn -0.9576 0.2879 -0.0000
vn -0.9803 0.1973 -0.0000
vn -0.9881 0.1539 -0.0000
vn -0.9881 0.1538 -0.0000
vn -0.9976 0.0693 -0.0000
vn -0.9976 0.0694 -0.0000
vn -0.9938 0.1114 -0.0000
vn -0.9996 0.0272 -0.0000
vn -1.0000 0.0058 -0.0000
vn -0.9983 -0.0578 -0.0000
vn -0.9999 -0.0156 -0.0000
vn -0.9950 -0.0998 -0.0000
vn -0.9898 -0.1424 -0.0000
vn -0.9730 -0.2308 -0.0000
vn -0.9730 -0.2307 -0.0000
vn -0.9826 -0.1859 -0.0000
vn -0.9609 -0.2768 -0.0000
vn -0.9461 -0.3238 -0.0000
vn 0.0059 1.0000 -0.0000
vn 0.0057 1.0000 -0.0000
vn -0.9423 0.3347 -0.0000
vn -0.0058 -1.0000 -0.0000
vn -0.0057 -1.0000 -0.0000
vn -0.0000 1.0000 -0.0000
vn -0.0000 -0.0000 1.0000
vn -0.9313 -0.3642 -0.0000
vn 0.8927 0.4506 -0.0000
vn -0.0001 -0.0000 1.0000
vn 0.0001 -0.0000 1.0000
vn 0.0003 -0.0000 -1.0000
vn 0.0001 -0.0000 -1.0000
vn 0.8874 -0.4609 -0.0000
vn 0.9156 -0.4020 -0.0000
vn 0.9398 -0.3418 -0.0000
vn 0.9597 -0.2811 -0.0000
vn 0.9754 -0.2204 -0.0000
vn 0.9871 -0.1598 -0.0000
vn 0.9951 -0.0990 -0.0000
vn 0.9993 -0.0372 -0.0000
vn 0.9997 0.0256 -0.0000
vn 0.9962 0.0875 -0.0000
vn 0.9889 0.1484 -0.0000
vn 0.9779 0.2091 -0.0000
vn 0.9629 0.2700 -0.0000
vn 0.9437 0.3309 -0.0000
vn 0.9202 0.3914 -0.0000
vn -0.9270 0.3750 -0.0000
vn -0.9427 0.3337 -0.0000
vn -0.9571 0.2897 -0.0000
vn -0.9700 0.2433 -0.0000
vn -0.9809 0.1945 -0.0000
vn -0.9897 0.1435 -0.0000
vn -0.9959 0.0901 -0.0000
vn -0.9994 0.0344 -0.0000
vn -0.9997 -0.0228 -0.0000
vn -0.9969 -0.0786 -0.0000
vn -0.9913 -0.1320 -0.0000
vn -0.9831 -0.1831 -0.0000
vn -0.9727 -0.2320 -0.0000
vn -0.9604 -0.2786 -0.0000
vn -0.9465 -0.3228 -0.0000
vn -0.0056 -1.0000 -0.0000
vn 0.9535 0.3013 -0.0000
vn 0.9536 0.3012 -0.0000
vn -0.9258 -0.3779 -0.0000
vn -0.9258 -0.3780 -0.0000
vn -0.0059 -1.0000 -0.0000
vn 0.0060 1.0000 -0.0000
vn -0.9214 0.3886 -0.0000
vn -0.9419 0.3358 -0.0000
vn -0.9419 0.3359 -0.0000
vn -0.9590 0.2835 -0.0000
vn -0.9590 0.2836 -0.0000
vn -0.9727 0.2319 -0.0000
vn -0.9835 0.1810 -0.0000
vn -0.9835 0.1811 -0.0000
vn -0.9914 0.1311 -0.0000
vn -0.9967 0.0814 -0.0000
vn -0.9995 0.0313 -0.0000
vn -0.9998 -0.0197 -0.0000
vn -0.9976 -0.0699 -0.0000
vn -0.9928 -0.1195 -0.0000
vn -0.9928 -0.1196 -0.0000
vn -0.9856 -0.1692 -0.0000
vn -0.9855 -0.1697 -0.0000
vn -0.9754 -0.2206 -0.0000
vn -0.9622 -0.2724 -0.0000
vn -0.9622 -0.2723 -0.0000
vn -0.9458 -0.3249 -0.0000
vn -0.9457 -0.3250 -0.0000
vn -0.9458 -0.3248 -0.0000
vn 0.9500 -0.3122 -0.0000
vn 0.9610 -0.2765 -0.0000
vn 0.9710 -0.2391 -0.0000
vn 0.9710 -0.2390 -0.0000
vn 0.9798 -0.2001 -0.0000
vn 0.9872 -0.1597 -0.0000
vn 0.9872 -0.1595 -0.0000
vn 0.9930 -0.1177 -0.0000
vn 0.9972 -0.0742 -0.0000
vn 0.9996 -0.0289 -0.0000
vn 0.9996 -0.0290 -0.0000
vn 0.9998 0.0175 -0.0000
vn 0.9998 0.0176 -0.0000
vn 0.9980 0.0627 -0.0000
vn 0.9943 0.1062 -0.0000
vn 0.9890 0.1479 -0.0000
vn 0.9890 0.1482 -0.0000
vn 0.9820 0.1887 -0.0000
vn 0.9737 0.2278 -0.0000
vn 0.9737 0.2277 -0.0000
vn 0.9641 0.2654 -0.0000
vn 0.9641 0.2655 -0.0000
vn -0.0002 -0.0000 -1.0000
vn 0.0002 -0.0000 -1.0000
vn 0.9950 -0.1001 -0.0000
vn 0.9744 0.2247 -0.0000
vn -0.9259 -0.3778 -0.0000
vn -0.9420 0.3357 -0.0000
vn -0.9967 0.0815 -0.0000
vn -0.9995 0.0312 -0.0000
vn -0.9976 -0.0698 -0.0000
vn -0.9855 -0.1696 -0.0000
vn -0.9622 -0.2725 -0.0000
vn -0.9621 -0.2726 -0.0000
vn -0.9458 -0.3246 -0.0000
vn -0.9458 -0.3247 -0.0000
vn 0.9500 -0.3123 -0.0000
vn 0.9610 -0.2766 -0.0000
vn 0.9710 -0.2392 -0.0000
vn 0.9872 -0.1598 -0.0000
vn 0.9931 -0.1177 -0.0000
vn 0.9972 -0.0741 -0.0000
vn 0.9996 -0.0288 -0.0000
vn 0.9998 0.0174 -0.0000
vn 0.9890 0.1480 -0.0000
vn 0.9890 0.1481 -0.0000
vn 0.9889 0.1483 -0.0000
vt 0.346072 0.500008
vt 0.423554 0.082491
vt 0.423554 0.500008
vt 0.081910 0.995004
vt 0.345504 0.577487
vt 0.345504 0.995004
vt 0.219381 0.069843
vt 0.219375 0.070235
vt 0.082478 0.082491
vt 0.082478 0.500008
vt 0.346072 0.082491
vt 0.219302 0.075258
vt 0.235962 0.074050
vt 0.251570 0.075231
vt 0.447267 0.395413
vt 0.447986 0.419019
vt 0.447267 0.419019
vt 0.434476 0.492767
vt 0.434178 0.500330
vt 0.433546 0.492767
vt 0.433546 0.516373
vt 0.447558 0.393462
vt 0.447986 0.395413
vt 0.447812 0.391512
vt 0.448240 0.393462
vt 0.435518 0.516373
vt 0.435518 0.492767
vt 0.436149 0.500330
vt 0.436446 0.492767
vt 0.438411 0.492767
vt 0.438114 0.500330
vt 0.437485 0.492767
vt 0.439448 0.516373
vt 0.437485 0.516373
vt 0.440371 0.492767
vt 0.440076 0.500330
vt 0.439448 0.492767
vt 0.441407 0.516373
vt 0.448029 0.389561
vt 0.448460 0.391512
vt 0.448208 0.387611
vt 0.448648 0.389561
vt 0.448349 0.385660
vt 0.448802 0.387611
vt 0.441407 0.492767
vt 0.442033 0.500330
vt 0.442329 0.492767
vt 0.444283 0.492767
vt 0.443988 0.500330
vt 0.443362 0.492767
vt 0.445316 0.516373
vt 0.443362 0.516373
vt 0.446236 0.492767
vt 0.445941 0.500330
vt 0.445316 0.492767
vt 0.448450 0.383709
vt 0.448923 0.385660
vt 0.448512 0.381759
vt 0.449010 0.383709
vt 0.448533 0.379808
vt 0.449063 0.381759
vt 0.447267 0.516373
vt 0.447267 0.492767
vt 0.447892 0.500330
vt 0.448187 0.492767
vt 0.450137 0.492767
vt 0.449843 0.500330
vt 0.449218 0.492767
vt 0.449218 0.516373
vt 0.451168 0.516373
vt 0.453119 0.492767
vt 0.453119 0.516373
vt 0.449081 0.377858
vt 0.449081 0.379808
vt 0.448533 0.377858
vt 0.449063 0.375907
vt 0.448512 0.375907
vt 0.449010 0.373957
vt 0.434466 0.338647
vt 0.435498 0.362253
vt 0.433546 0.362253
vt 0.454039 0.492767
vt 0.437339 0.338647
vt 0.437451 0.362253
vt 0.437451 0.338647
vt 0.448450 0.373957
vt 0.448923 0.372006
vt 0.448349 0.372006
vt 0.448802 0.370056
vt 0.438485 0.338647
vt 0.448208 0.370056
vt 0.448648 0.368105
vt 0.439407 0.362253
vt 0.441365 0.338647
vt 0.441365 0.362253
vt 0.439407 0.338647
vt 0.443328 0.338647
vt 0.443328 0.362253
vt 0.444255 0.338647
vt 0.448029 0.368105
vt 0.448460 0.366155
vt 0.447812 0.366155
vt 0.448240 0.364204
vt 0.445295 0.362253
vt 0.447558 0.364204
vt 0.447986 0.362253
vt 0.445295 0.338647
vt 0.445927 0.346210
vt 0.448657 0.362253
vt 0.448873 0.364204
vt 0.449059 0.366155
vt 0.449267 0.362253
vt 0.449438 0.364204
vt 0.449585 0.366155
vt 0.449216 0.368105
vt 0.449708 0.368105
vt 0.450043 0.366155
vt 0.450136 0.368105
vt 0.449931 0.364204
vt 0.450450 0.366155
vt 0.450517 0.368105
vt 0.450371 0.364204
vt 0.449802 0.362253
vt 0.450280 0.362253
vt 0.450716 0.362253
vt 0.450772 0.364204
vt 0.450821 0.366155
vt 0.451123 0.362253
vt 0.451145 0.364204
vt 0.451166 0.366155
vt 0.450863 0.368105
vt 0.451184 0.368105
vt 0.451494 0.366155
vt 0.451489 0.368105
vt 0.451501 0.364204
vt 0.451787 0.368105
vt 0.451814 0.366155
vt 0.451511 0.362253
vt 0.451849 0.364204
vt 0.451891 0.362253
vt 0.452197 0.364204
vt 0.452135 0.366155
vt 0.452272 0.362253
vt 0.452555 0.364204
vt 0.452465 0.366155
vt 0.452085 0.368105
vt 0.452391 0.368105
vt 0.452714 0.368105
vt 0.452812 0.366155
vt 0.453064 0.368105
vt 0.452933 0.364204
vt 0.453188 0.366155
vt 0.452664 0.362253
vt 0.453077 0.362253
vt 0.453341 0.364204
vt 0.453523 0.362253
vt 0.453791 0.364204
vt 0.453604 0.366155
vt 0.454014 0.362253
vt 0.454300 0.364204
vt 0.454074 0.366155
vt 0.453450 0.368105
vt 0.453889 0.368105
vt 0.454395 0.368105
vt 0.454617 0.366155
vt 0.454993 0.368105
vt 0.454885 0.364204
vt 0.455254 0.366155
vt 0.459907 0.362253
vt 0.461875 0.338647
vt 0.461875 0.362253
vt 0.457931 0.362253
vt 0.459907 0.338647
vt 0.463837 0.338647
vt 0.463837 0.362253
vt 0.454783 0.370056
vt 0.454218 0.370056
vt 0.464759 0.338647
vt 0.465794 0.362253
vt 0.454622 0.372006
vt 0.454083 0.372006
vt 0.453740 0.370056
vt 0.453627 0.372006
vt 0.453987 0.373957
vt 0.453548 0.373957
vt 0.454508 0.373957
vt 0.453929 0.375907
vt 0.453501 0.375907
vt 0.454440 0.375907
vt 0.467748 0.338647
vt 0.468668 0.338647
vt 0.467748 0.362253
vt 0.469700 0.362253
vt 0.471650 0.338647
vt 0.471650 0.362253
vt 0.454417 0.377858
vt 0.453910 0.377858
vt 0.472570 0.338647
vt 0.473601 0.362253
vt 0.453910 0.379808
vt 0.454417 0.379808
vt 0.453485 0.377858
vt 0.453485 0.379808
vt 0.453501 0.381759
vt 0.453929 0.381759
vt 0.454440 0.381759
vt 0.453548 0.383709
vt 0.453987 0.383709
vt 0.454508 0.383709
vt 0.477503 0.362253
vt 0.475551 0.338647
vt 0.477503 0.338647
vt 0.475551 0.362253
vt 0.479457 0.362253
vt 0.479457 0.338647
vt 0.480380 0.338647
vt 0.481414 0.362253
vt 0.454218 0.387611
vt 0.454622 0.385660
vt 0.454783 0.387611
vt 0.454083 0.385660
vt 0.453627 0.385660
vt 0.453740 0.387611
vt 0.453889 0.389561
vt 0.454395 0.389561
vt 0.454993 0.389561
vt 0.454074 0.391512
vt 0.454617 0.391512
vt 0.455254 0.391512
vt 0.484007 0.346210
vt 0.484304 0.338647
vt 0.485344 0.338647
vt 0.482043 0.346210
vt 0.482339 0.338647
vt 0.483376 0.338647
vt 0.485977 0.346210
vt 0.486276 0.338647
vt 0.487320 0.338647
vt 0.454885 0.393462
vt 0.455570 0.393462
vt 0.455203 0.395413
vt 0.455945 0.395413
vt 0.487956 0.346210
vt 0.488256 0.338647
vt 0.489306 0.338647
vt 0.454300 0.393462
vt 0.454568 0.395413
vt 0.455203 0.419019
vt 0.454568 0.419019
vt 0.455945 0.419019
vt 0.454014 0.395413
vt 0.454014 0.419019
vt 0.453523 0.395413
vt 0.453523 0.419019
vt 0.453077 0.395413
vt 0.453077 0.419019
vt 0.453791 0.393462
vt 0.453341 0.393462
vt 0.452664 0.395413
vt 0.452933 0.393462
vt 0.452883 0.419019
vt 0.452664 0.419019
vt 0.453188 0.391512
vt 0.452555 0.393462
vt 0.452812 0.391512
vt 0.452272 0.395413
vt 0.452197 0.393462
vt 0.452465 0.391512
vt 0.451891 0.395413
vt 0.451849 0.393462
vt 0.452135 0.391512
vt 0.451511 0.395413
vt 0.451501 0.393462
vt 0.451814 0.391512
vt 0.451145 0.393462
vt 0.451123 0.395413
vt 0.451166 0.391512
vt 0.450772 0.393462
vt 0.450716 0.395413
vt 0.450821 0.391512
vt 0.450371 0.393462
vt 0.450280 0.395413
vt 0.450450 0.391512
vt 0.449931 0.393462
vt 0.449802 0.395413
vt 0.450043 0.391512
vt 0.449438 0.393462
vt 0.449267 0.395413
vt 0.449585 0.391512
vt 0.448873 0.393462
vt 0.448657 0.395413
vt 0.449059 0.391512
vt 0.449216 0.389561
vt 0.449343 0.387611
vt 0.449708 0.389561
vt 0.449442 0.385660
vt 0.449809 0.387611
vt 0.449513 0.383709
vt 0.449887 0.385660
vt 0.449556 0.381759
vt 0.449943 0.383709
vt 0.449570 0.379808
vt 0.449976 0.381759
vt 0.449570 0.377858
vt 0.449987 0.379808
vt 0.449976 0.375907
vt 0.449987 0.377858
vt 0.449556 0.375907
vt 0.449943 0.373957
vt 0.449513 0.373957
vt 0.449887 0.372006
vt 0.449442 0.372006
vt 0.449809 0.370056
vt 0.449343 0.370056
vt 0.450213 0.370056
vt 0.450273 0.372006
vt 0.450572 0.370056
vt 0.450615 0.372006
vt 0.450897 0.370056
vt 0.450925 0.372006
vt 0.451200 0.370056
vt 0.451212 0.372006
vt 0.451486 0.370056
vt 0.451485 0.372006
vt 0.451751 0.372006
vt 0.451766 0.370056
vt 0.452017 0.372006
vt 0.452046 0.370056
vt 0.452290 0.372006
vt 0.452334 0.370056
vt 0.452578 0.372006
vt 0.452637 0.370056
vt 0.452890 0.372006
vt 0.452965 0.370056
vt 0.453235 0.372006
vt 0.453328 0.370056
vt 0.453170 0.373957
vt 0.452838 0.373957
vt 0.453132 0.375907
vt 0.452807 0.375907
vt 0.452538 0.373957
vt 0.452514 0.375907
vt 0.452260 0.373957
vt 0.452243 0.375907
vt 0.451997 0.373957
vt 0.451986 0.375907
vt 0.451741 0.373957
vt 0.451735 0.375907
vt 0.451485 0.373957
vt 0.451485 0.375907
vt 0.451228 0.375907
vt 0.451222 0.373957
vt 0.450956 0.375907
vt 0.450945 0.373957
vt 0.450664 0.375907
vt 0.450645 0.373957
vt 0.450341 0.375907
vt 0.450315 0.373957
vt 0.450349 0.377858
vt 0.450670 0.377858
vt 0.450349 0.379808
vt 0.450670 0.379808
vt 0.450960 0.377858
vt 0.450960 0.379808
vt 0.451230 0.379808
vt 0.451229 0.377858
vt 0.451485 0.377858
vt 0.451485 0.379808
vt 0.451733 0.379808
vt 0.451733 0.377858
vt 0.451982 0.377858
vt 0.451982 0.379808
vt 0.452237 0.379808
vt 0.452237 0.377858
vt 0.452506 0.377858
vt 0.452506 0.379808
vt 0.452797 0.377858
vt 0.452797 0.379808
vt 0.453119 0.379808
vt 0.453119 0.377858
vt 0.452807 0.381759
vt 0.453132 0.381759
vt 0.452838 0.383709
vt 0.453170 0.383709
vt 0.452538 0.383709
vt 0.452514 0.381759
vt 0.452260 0.383709
vt 0.452243 0.381759
vt 0.451997 0.383709
vt 0.451986 0.381759
vt 0.451741 0.383709
vt 0.451735 0.381759
vt 0.451485 0.383709
vt 0.451485 0.381759
vt 0.451228 0.381759
vt 0.451222 0.383709
vt 0.450956 0.381759
vt 0.450944 0.383709
vt 0.450664 0.381759
vt 0.450645 0.383709
vt 0.450341 0.381759
vt 0.450315 0.383709
vt 0.450273 0.385660
vt 0.450615 0.385660
vt 0.450213 0.387611
vt 0.450572 0.387611
vt 0.450897 0.387611
vt 0.450925 0.385660
vt 0.451200 0.387611
vt 0.451212 0.385660
vt 0.451486 0.387611
vt 0.451485 0.385660
vt 0.451751 0.385660
vt 0.451766 0.387611
vt 0.452017 0.385660
vt 0.452046 0.387611
vt 0.452290 0.385660
vt 0.452334 0.387611
vt 0.452578 0.385660
vt 0.452637 0.387611
vt 0.452890 0.385660
vt 0.452965 0.387611
vt 0.453235 0.385660
vt 0.453328 0.387611
vt 0.453064 0.389561
vt 0.453450 0.389561
vt 0.453604 0.391512
vt 0.452714 0.389561
vt 0.452391 0.389561
vt 0.452085 0.389561
vt 0.451787 0.389561
vt 0.451494 0.391512
vt 0.451489 0.389561
vt 0.451184 0.389561
vt 0.450863 0.389561
vt 0.450517 0.389561
vt 0.450136 0.389561
vt 0.448657 0.419019
vt 0.449267 0.419019
vt 0.449802 0.419019
vt 0.450280 0.419019
vt 0.450716 0.419019
vt 0.451123 0.419019
vt 0.451511 0.419019
vt 0.451891 0.419019
vt 0.452272 0.419019
vt 0.481414 0.338647
vt 0.455203 0.362253
vt 0.455570 0.364204
vt 0.456581 0.346210
vt 0.456881 0.338647
vt 0.457931 0.338647
vt 0.455945 0.338647
vt 0.455945 0.362253
vt 0.454568 0.362253
vt 0.455203 0.338647
vt 0.454568 0.338647
vt 0.454014 0.338647
vt 0.453523 0.338647
vt 0.453077 0.338647
vt 0.452664 0.338647
vt 0.452273 0.338647
vt 0.451891 0.338647
vt 0.451511 0.338647
vt 0.451123 0.338647
vt 0.450716 0.338647
vt 0.450280 0.338647
vt 0.449802 0.338647
vt 0.449267 0.338647
vt 0.448658 0.338647
vt 0.447267 0.362253
vt 0.447986 0.338647
vt 0.446225 0.338647
vt 0.004996 0.500008
vt 0.488166 0.220646
vt 0.489942 0.166733
vt 0.489942 0.220646
vt 0.489063 0.115992
vt 0.489942 0.112821
vt 0.490704 0.115992
vt 0.488166 0.112821
vt 0.489942 0.058909
vt 0.489063 0.008168
vt 0.489942 0.004996
vt 0.490704 0.008168
vt 0.508945 0.112821
vt 0.512192 0.058909
vt 0.512192 0.112821
vt 0.433546 0.112821
vt 0.436842 0.058909
vt 0.436842 0.112821
vt 0.508248 0.008168
vt 0.507222 0.004996
vt 0.508945 0.004996
vt 0.506616 0.008168
vt 0.505615 0.004996
vt 0.505098 0.008168
vt 0.504155 0.004996
vt 0.503747 0.008168
vt 0.502874 0.004996
vt 0.502565 0.008168
vt 0.501730 0.004996
vt 0.501512 0.008168
vt 0.500686 0.004996
vt 0.500552 0.008168
vt 0.499712 0.004996
vt 0.499659 0.008168
vt 0.498782 0.004996
vt 0.497975 0.008168
vt 0.498807 0.008168
vt 0.497140 0.008168
vt 0.497872 0.004996
vt 0.496283 0.008168
vt 0.496960 0.004996
vt 0.495378 0.008168
vt 0.496021 0.004996
vt 0.494402 0.008168
vt 0.495032 0.004996
vt 0.493323 0.008168
vt 0.493966 0.004996
vt 0.492106 0.008168
vt 0.492788 0.004996
vt 0.491463 0.004996
vt 0.507222 0.112821
vt 0.508945 0.058909
vt 0.505615 0.112821
vt 0.507222 0.058909
vt 0.504155 0.112821
vt 0.505615 0.058909
vt 0.502874 0.112821
vt 0.504155 0.058909
vt 0.501730 0.112821
vt 0.502874 0.058909
vt 0.500686 0.112821
vt 0.501730 0.058909
vt 0.499712 0.112821
vt 0.500686 0.058909
vt 0.498782 0.112821
vt 0.499712 0.058909
vt 0.497872 0.112821
vt 0.498782 0.058909
vt 0.496960 0.112821
vt 0.497872 0.058909
vt 0.496021 0.112821
vt 0.496960 0.058909
vt 0.495032 0.112821
vt 0.496021 0.058909
vt 0.493966 0.112821
vt 0.495032 0.058909
vt 0.492789 0.112821
vt 0.493966 0.058909
vt 0.491463 0.112821
vt 0.492789 0.058909
vt 0.491463 0.058909
vt 0.508248 0.115992
vt 0.506616 0.115992
vt 0.505098 0.115992
vt 0.503747 0.115992
vt 0.502565 0.115992
vt 0.501512 0.115992
vt 0.500552 0.115992
vt 0.499659 0.115992
vt 0.497975 0.115992
vt 0.498807 0.115992
vt 0.497140 0.115992
vt 0.496283 0.115992
vt 0.495378 0.115992
vt 0.494402 0.115992
vt 0.493323 0.115992
vt 0.492106 0.115992
vt 0.507222 0.220646
vt 0.508945 0.166733
vt 0.508945 0.220646
vt 0.505615 0.220646
vt 0.507222 0.166733
vt 0.504155 0.220646
vt 0.505615 0.166733
vt 0.502874 0.220646
vt 0.504155 0.166733
vt 0.501730 0.220646
vt 0.502874 0.166733
vt 0.500686 0.220646
vt 0.501730 0.166733
vt 0.499712 0.220646
vt 0.500686 0.166733
vt 0.498782 0.220646
vt 0.499712 0.166733
vt 0.497872 0.220646
vt 0.498782 0.166733
vt 0.496960 0.220646
vt 0.497872 0.166733
vt 0.496021 0.220646
vt 0.496960 0.166733
vt 0.495032 0.220646
vt 0.496021 0.166733
vt 0.493966 0.220646
vt 0.495032 0.166733
vt 0.492789 0.220646
vt 0.493966 0.166733
vt 0.491463 0.220646
vt 0.492789 0.166733
vt 0.491463 0.166733
vt 0.490704 0.163562
vt 0.492106 0.163562
vt 0.492147 0.160829
vt 0.491258 0.160829
vt 0.492070 0.155876
vt 0.492301 0.154048
vt 0.492362 0.154048
vt 0.492783 0.150923
vt 0.492466 0.153399
vt 0.492625 0.150877
vt 0.492855 0.147706
vt 0.493079 0.147706
vt 0.493027 0.148446
vt 0.492992 0.144534
vt 0.493260 0.144534
vt 0.493200 0.145969
vt 0.493038 0.141363
vt 0.493334 0.141363
vt 0.493304 0.143492
vt 0.493339 0.138539
vt 0.493339 0.141016
vt 0.492992 0.135020
vt 0.493260 0.135020
vt 0.493304 0.136062
vt 0.492855 0.131849
vt 0.493079 0.131849
vt 0.493200 0.133585
vt 0.492625 0.128678
vt 0.492788 0.128678
vt 0.493027 0.131109
vt 0.492301 0.125506
vt 0.492362 0.125506
vt 0.492466 0.126155
vt 0.492070 0.123678
vt 0.492147 0.118725
vt 0.491258 0.118725
vt 0.493323 0.163562
vt 0.493109 0.160829
vt 0.492571 0.160829
vt 0.493109 0.118725
vt 0.492571 0.118725
vt 0.494402 0.163562
vt 0.493709 0.160829
vt 0.493948 0.160829
vt 0.494693 0.118725
vt 0.493948 0.118725
vt 0.495378 0.163562
vt 0.495368 0.160829
vt 0.494716 0.160829
vt 0.495368 0.118725
vt 0.494716 0.118725
vt 0.496283 0.163562
vt 0.495627 0.160829
vt 0.495993 0.160829
vt 0.496469 0.118725
vt 0.495993 0.118725
vt 0.497140 0.163562
vt 0.496469 0.160829
vt 0.496587 0.160829
vt 0.497165 0.118725
vt 0.496587 0.118725
vt 0.497975 0.163562
vt 0.497268 0.160829
vt 0.497740 0.160829
vt 0.498046 0.118725
vt 0.497740 0.118725
vt 0.498807 0.163562
vt 0.498046 0.160829
vt 0.498329 0.160829
vt 0.498822 0.118725
vt 0.498329 0.118725
vt 0.499659 0.163562
vt 0.498822 0.160829
vt 0.498945 0.160829
vt 0.499606 0.118725
vt 0.498945 0.118725
vt 0.500552 0.163562
vt 0.499617 0.160829
vt 0.500330 0.160829
vt 0.500451 0.118725
vt 0.500330 0.118725
vt 0.501512 0.163562
vt 0.500451 0.160829
vt 0.501140 0.160829
vt 0.501349 0.118725
vt 0.501140 0.118725
vt 0.502565 0.163562
vt 0.501349 0.160829
vt 0.502064 0.160829
vt 0.502335 0.118725
vt 0.502064 0.118725
vt 0.503747 0.163562
vt 0.502335 0.160829
vt 0.503081 0.160829
vt 0.502538 0.147706
vt 0.502532 0.148446
vt 0.502486 0.147706
vt 0.502378 0.145969
vt 0.502458 0.144534
vt 0.502324 0.144534
vt 0.502284 0.143492
vt 0.502431 0.141363
vt 0.502257 0.141363
vt 0.502252 0.141016
vt 0.502431 0.138192
vt 0.502257 0.138192
vt 0.502284 0.136062
vt 0.502458 0.135020
vt 0.502324 0.135020
vt 0.502378 0.133585
vt 0.502538 0.131849
vt 0.502532 0.131109
vt 0.502606 0.130255
vt 0.503444 0.118725
vt 0.503081 0.118725
vt 0.505098 0.163562
vt 0.503444 0.160829
vt 0.504171 0.160829
vt 0.504653 0.160391
vt 0.504093 0.160391
vt 0.503730 0.158353
vt 0.504279 0.157219
vt 0.503554 0.157219
vt 0.503345 0.155876
vt 0.503016 0.153399
vt 0.502745 0.150923
vt 0.503736 0.150877
vt 0.502606 0.149300
vt 0.503566 0.147706
vt 0.503464 0.144534
vt 0.503430 0.141363
vt 0.503430 0.138192
vt 0.503464 0.135020
vt 0.503566 0.131849
vt 0.502745 0.128632
vt 0.503016 0.126155
vt 0.503736 0.128678
vt 0.503974 0.125506
vt 0.503103 0.125506
vt 0.503345 0.123678
vt 0.504279 0.122335
vt 0.503554 0.122335
vt 0.503730 0.121202
vt 0.504653 0.119164
vt 0.504093 0.119164
vt 0.504171 0.118725
vt 0.506616 0.163562
vt 0.506088 0.160391
vt 0.505639 0.157219
vt 0.505269 0.154048
vt 0.503974 0.154048
vt 0.504979 0.150877
vt 0.504771 0.147706
vt 0.504644 0.144534
vt 0.504602 0.141363
vt 0.504602 0.138192
vt 0.504644 0.135020
vt 0.504771 0.131849
vt 0.504979 0.128678
vt 0.505269 0.125506
vt 0.505639 0.122335
vt 0.506088 0.119164
vt 0.508248 0.163562
vt 0.507639 0.160391
vt 0.507120 0.157219
vt 0.506692 0.154048
vt 0.506355 0.150877
vt 0.506111 0.147706
vt 0.505963 0.144534
vt 0.505913 0.141363
vt 0.505913 0.138192
vt 0.505963 0.135020
vt 0.506111 0.131849
vt 0.506355 0.128678
vt 0.506692 0.125506
vt 0.507120 0.122335
vt 0.507639 0.119164
vt 0.490704 0.055737
vt 0.492106 0.055737
vt 0.492147 0.053005
vt 0.491258 0.053005
vt 0.492301 0.046223
vt 0.492070 0.048051
vt 0.492025 0.048281
vt 0.492466 0.045574
vt 0.492625 0.043052
vt 0.492783 0.043098
vt 0.492855 0.039881
vt 0.493079 0.039881
vt 0.493027 0.040621
vt 0.492992 0.036709
vt 0.493260 0.036709
vt 0.493200 0.038144
vt 0.493038 0.033538
vt 0.493334 0.033538
vt 0.493304 0.035668
vt 0.493339 0.033191
vt 0.493038 0.030367
vt 0.493339 0.030714
vt 0.492992 0.027195
vt 0.493260 0.027195
vt 0.493304 0.028237
vt 0.492855 0.024024
vt 0.493079 0.024024
vt 0.493200 0.025761
vt 0.492625 0.020853
vt 0.492788 0.020853
vt 0.493027 0.023284
vt 0.492466 0.018330
vt 0.492783 0.020807
vt 0.492070 0.015854
vt 0.492301 0.017682
vt 0.492025 0.015624
vt 0.492571 0.010900
vt 0.492147 0.010900
vt 0.493323 0.055737
vt 0.493109 0.053005
vt 0.492571 0.053005
vt 0.493709 0.010900
vt 0.493109 0.010900
vt 0.494402 0.055737
vt 0.493948 0.053005
vt 0.494693 0.053005
vt 0.494693 0.010900
vt 0.493948 0.010900
vt 0.495378 0.055737
vt 0.495368 0.053005
vt 0.494716 0.053005
vt 0.495627 0.010900
vt 0.495368 0.010900
vt 0.496283 0.055737
vt 0.495627 0.053005
vt 0.495993 0.053005
vt 0.496469 0.010900
vt 0.495993 0.010900
vt 0.497140 0.055737
vt 0.496587 0.053005
vt 0.497165 0.053005
vt 0.497165 0.010900
vt 0.496587 0.010900
vt 0.497975 0.055737
vt 0.497268 0.053005
vt 0.497740 0.053005
vt 0.498046 0.010900
vt 0.497740 0.010900
vt 0.498807 0.055737
vt 0.498046 0.053005
vt 0.498329 0.053005
vt 0.498822 0.010900
vt 0.498329 0.010900
vt 0.499659 0.055737
vt 0.498945 0.053005
vt 0.499606 0.053005
vt 0.499606 0.010900
vt 0.498945 0.010900
vt 0.500552 0.055737
vt 0.499617 0.053005
vt 0.500330 0.053005
vt 0.500451 0.010900
vt 0.500330 0.010900
vt 0.501512 0.055737
vt 0.500451 0.053005
vt 0.501140 0.053005
vt 0.501349 0.010900
vt 0.501140 0.010900
vt 0.502565 0.055737
vt 0.501349 0.053005
vt 0.502064 0.053005
vt 0.502335 0.010900
vt 0.502064 0.010900
vt 0.503747 0.055737
vt 0.502335 0.053005
vt 0.503081 0.053005
vt 0.502538 0.039881
vt 0.502532 0.040621
vt 0.502486 0.039881
vt 0.502378 0.038144
vt 0.502458 0.036709
vt 0.502324 0.036709
vt 0.502284 0.035668
vt 0.502252 0.030714
vt 0.502431 0.033538
vt 0.502252 0.033191
vt 0.502431 0.030367
vt 0.502257 0.030367
vt 0.502284 0.028237
vt 0.502458 0.027195
vt 0.502324 0.027195
vt 0.502378 0.025761
vt 0.502538 0.024024
vt 0.502532 0.023284
vt 0.502606 0.022430
vt 0.503444 0.010900
vt 0.503081 0.010900
vt 0.505098 0.055737
vt 0.503444 0.053005
vt 0.504171 0.053005
vt 0.504653 0.052566
vt 0.504093 0.052566
vt 0.503730 0.050528
vt 0.504279 0.049395
vt 0.503554 0.049395
vt 0.503345 0.048051
vt 0.503016 0.045574
vt 0.502745 0.043098
vt 0.503736 0.043052
vt 0.502741 0.043052
vt 0.502606 0.041475
vt 0.503464 0.036709
vt 0.503566 0.039881
vt 0.503430 0.033538
vt 0.503430 0.030367
vt 0.503464 0.027195
vt 0.503566 0.024024
vt 0.503016 0.018330
vt 0.503736 0.020853
vt 0.502745 0.020807
vt 0.503974 0.017682
vt 0.503103 0.017682
vt 0.503345 0.015854
vt 0.504279 0.014510
vt 0.503554 0.014510
vt 0.503730 0.013377
vt 0.504653 0.011339
vt 0.504093 0.011339
vt 0.504171 0.010900
vt 0.506616 0.055737
vt 0.506088 0.052566
vt 0.505639 0.049395
vt 0.505269 0.046223
vt 0.503974 0.046223
vt 0.504979 0.043052
vt 0.504770 0.039881
vt 0.504644 0.036709
vt 0.504602 0.033538
vt 0.504602 0.030367
vt 0.504644 0.027195
vt 0.504771 0.024024
vt 0.504979 0.020853
vt 0.505269 0.017682
vt 0.505639 0.014510
vt 0.506088 0.011339
vt 0.508248 0.055737
vt 0.507639 0.052566
vt 0.507120 0.049395
vt 0.506692 0.046223
vt 0.506355 0.043052
vt 0.506111 0.039881
vt 0.505963 0.036709
vt 0.505913 0.033538
vt 0.505913 0.030367
vt 0.505963 0.027195
vt 0.506111 0.024024
vt 0.506355 0.020853
vt 0.506692 0.017682
vt 0.507120 0.014510
vt 0.507639 0.011339
vt 0.484871 0.112821
vt 0.488166 0.058909
vt 0.481610 0.112821
vt 0.484871 0.058909
vt 0.478378 0.112821
vt 0.481610 0.058909
vt 0.475167 0.112821
vt 0.478378 0.058909
vt 0.471972 0.112821
vt 0.475167 0.058909
vt 0.468789 0.112821
vt 0.471972 0.058909
vt 0.465614 0.112821
vt 0.468789 0.058909
vt 0.462442 0.112821
vt 0.465614 0.058909
vt 0.459271 0.112821
vt 0.462442 0.058909
vt 0.456099 0.112821
vt 0.459271 0.058909
vt 0.452923 0.112821
vt 0.456099 0.058909
vt 0.449740 0.112821
vt 0.452923 0.058909
vt 0.446546 0.112821
vt 0.449740 0.058909
vt 0.443335 0.112821
vt 0.446546 0.058909
vt 0.440102 0.112821
vt 0.443335 0.058909
vt 0.440102 0.058909
vt 0.560081 0.112821
vt 0.563328 0.058909
vt 0.563328 0.112821
vt 0.556852 0.112821
vt 0.560081 0.058909
vt 0.553639 0.112821
vt 0.556852 0.058909
vt 0.550439 0.112821
vt 0.553639 0.058909
vt 0.547249 0.112821
vt 0.550439 0.058909
vt 0.544069 0.112821
vt 0.547249 0.058909
vt 0.540894 0.112821
vt 0.544069 0.058909
vt 0.537722 0.112821
vt 0.540894 0.058909
vt 0.534551 0.112821
vt 0.537722 0.058909
vt 0.531379 0.112821
vt 0.534551 0.058909
vt 0.528204 0.112821
vt 0.531379 0.058909
vt 0.525024 0.112821
vt 0.528204 0.058909
vt 0.521835 0.112821
vt 0.525024 0.058909
vt 0.518634 0.112821
vt 0.521835 0.058909
vt 0.515421 0.112821
vt 0.518634 0.058909
vt 0.515421 0.058909
vt 0.489063 0.055737
vt 0.489820 0.052566
vt 0.491124 0.052566
vt 0.491023 0.053005
vt 0.490446 0.049395
vt 0.491810 0.049395
vt 0.491591 0.050528
vt 0.490948 0.046223
vt 0.491333 0.043052
vt 0.491607 0.039881
vt 0.491770 0.036709
vt 0.491826 0.033538
vt 0.491826 0.030367
vt 0.491770 0.027195
vt 0.491607 0.024024
vt 0.491333 0.020853
vt 0.490948 0.017682
vt 0.489820 0.011339
vt 0.491124 0.011339
vt 0.491591 0.013377
vt 0.491258 0.010900
vt 0.491023 0.010900
vt 0.489063 0.163562
vt 0.489820 0.160391
vt 0.491124 0.160391
vt 0.491023 0.160829
vt 0.490446 0.157219
vt 0.491810 0.157219
vt 0.491591 0.158353
vt 0.490948 0.154048
vt 0.492025 0.156106
vt 0.491333 0.150877
vt 0.491607 0.147706
vt 0.491770 0.144534
vt 0.491826 0.141363
vt 0.493038 0.138192
vt 0.491826 0.138192
vt 0.491770 0.135020
vt 0.491607 0.131849
vt 0.491333 0.128678
vt 0.490446 0.122335
vt 0.491810 0.122335
vt 0.492025 0.123448
vt 0.489820 0.119164
vt 0.491124 0.119164
vt 0.491591 0.121202
vt 0.491023 0.118725
vt 0.433780 0.429012
vt 0.434666 0.482774
vt 0.433780 0.482774
vt 0.487430 0.273335
vt 0.433546 0.273335
vt 0.487430 0.273100
vt 0.487430 0.286760
vt 0.433546 0.288829
vt 0.433546 0.286760
vt 0.433546 0.231088
vt 0.487430 0.230638
vt 0.487430 0.231088
vt 0.487430 0.285588
vt 0.433546 0.286314
vt 0.433546 0.285588
vt 0.487430 0.284480
vt 0.433546 0.284480
vt 0.487430 0.284209
vt 0.487430 0.283494
vt 0.433546 0.283494
vt 0.487430 0.283285
vt 0.487430 0.282597
vt 0.433546 0.283285
vt 0.433546 0.282597
vt 0.487430 0.281763
vt 0.433546 0.282476
vt 0.433546 0.281763
vt 0.487430 0.281048
vt 0.433546 0.281709
vt 0.433546 0.281048
vt 0.487430 0.280925
vt 0.433546 0.280925
vt 0.487430 0.280149
vt 0.433546 0.280432
vt 0.433546 0.280149
vt 0.487430 0.279373
vt 0.433546 0.279844
vt 0.433546 0.279373
vt 0.487430 0.278692
vt 0.433546 0.279269
vt 0.433546 0.278692
vt 0.487430 0.278574
vt 0.433546 0.278574
vt 0.487430 0.277732
vt 0.433546 0.278098
vt 0.433546 0.277732
vt 0.487430 0.276822
vt 0.433546 0.276822
vt 0.487430 0.276768
vt 0.487430 0.276024
vt 0.433546 0.276768
vt 0.433546 0.276024
vt 0.487430 0.275785
vt 0.433546 0.275785
vt 0.487430 0.274647
vt 0.433546 0.275185
vt 0.433546 0.274647
vt 0.446006 0.482774
vt 0.445644 0.429012
vt 0.446006 0.429012
vt 0.444900 0.482774
vt 0.444630 0.429012
vt 0.444900 0.429012
vt 0.443916 0.482774
vt 0.443708 0.429012
vt 0.443916 0.429012
vt 0.443021 0.482774
vt 0.442900 0.429012
vt 0.443021 0.429012
vt 0.442189 0.482774
vt 0.442135 0.429012
vt 0.442189 0.429012
vt 0.442135 0.482774
vt 0.441476 0.429012
vt 0.441353 0.482774
vt 0.440862 0.429012
vt 0.441353 0.429012
vt 0.440579 0.429012
vt 0.440579 0.482774
vt 0.439804 0.482774
vt 0.439701 0.429012
vt 0.439804 0.429012
vt 0.439701 0.482774
vt 0.439125 0.429012
vt 0.439007 0.482774
vt 0.438533 0.429012
vt 0.439007 0.429012
vt 0.438167 0.482774
vt 0.437909 0.429012
vt 0.438167 0.429012
vt 0.437259 0.482774
vt 0.437205 0.429012
vt 0.437259 0.429012
vt 0.437205 0.482774
vt 0.436463 0.429012
vt 0.436225 0.482774
vt 0.435626 0.429012
vt 0.436225 0.429012
vt 0.435089 0.482774
vt 0.434666 0.429012
vt 0.435089 0.429012
vt 0.433546 0.272651
vt 0.487430 0.270561
vt 0.487430 0.272651
vt 0.487430 0.268274
vt 0.487430 0.269407
vt 0.433546 0.269407
vt 0.487430 0.266190
vt 0.433546 0.268040
vt 0.433546 0.266190
vt 0.487430 0.265533
vt 0.433546 0.263037
vt 0.487430 0.263037
vt 0.487430 0.262983
vt 0.433546 0.262983
vt 0.487430 0.259800
vt 0.433546 0.260542
vt 0.433546 0.259800
vt 0.487430 0.256625
vt 0.433546 0.258060
vt 0.433546 0.256625
vt 0.433546 0.253454
vt 0.433546 0.253107
vt 0.487430 0.253454
vt 0.487430 0.253107
vt 0.433546 0.250632
vt 0.487430 0.250632
vt 0.487430 0.250285
vt 0.433546 0.250285
vt 0.487430 0.247114
vt 0.433546 0.248156
vt 0.433546 0.247114
vt 0.487430 0.243939
vt 0.433546 0.245678
vt 0.433546 0.243939
vt 0.487430 0.240756
vt 0.433546 0.243197
vt 0.433546 0.240756
vt 0.487430 0.240702
vt 0.433546 0.238206
vt 0.487430 0.238206
vt 0.487430 0.237549
vt 0.433546 0.237549
vt 0.433546 0.235465
vt 0.487430 0.234332
vt 0.487430 0.235465
vt 0.487430 0.328209
vt 0.433546 0.328654
vt 0.433546 0.328209
vt 0.487430 0.324994
vt 0.433546 0.326140
vt 0.433546 0.324994
vt 0.433546 0.321792
vt 0.487430 0.321138
vt 0.487430 0.321792
vt 0.487430 0.318648
vt 0.433546 0.321138
vt 0.433546 0.318648
vt 0.487430 0.317012
vt 0.487430 0.318594
vt 0.433546 0.318594
vt 0.487430 0.315414
vt 0.433546 0.316155
vt 0.433546 0.315414
vt 0.487430 0.312240
vt 0.433546 0.313675
vt 0.433546 0.312240
vt 0.487430 0.309069
vt 0.433546 0.311198
vt 0.433546 0.309069
vt 0.487430 0.306247
vt 0.433546 0.308722
vt 0.433546 0.306247
vt 0.487430 0.305900
vt 0.433546 0.305900
vt 0.487430 0.302729
vt 0.433546 0.303771
vt 0.433546 0.302729
vt 0.487430 0.299555
vt 0.433546 0.301294
vt 0.433546 0.299555
vt 0.487430 0.296375
vt 0.487430 0.297957
vt 0.433546 0.297957
vt 0.487430 0.293831
vt 0.433546 0.296321
vt 0.433546 0.293831
vt 0.487430 0.293177
vt 0.433546 0.293177
vt 0.487430 0.289975
vt 0.433546 0.291334
vt 0.433546 0.289975
vt 0.081910 0.577487
vt 0.242789 0.067991
vt 0.240838 0.068097
vt 0.243710 0.067918
vt 0.238888 0.068158
vt 0.236941 0.068171
vt 0.252569 0.066705
vt 0.235915 0.068167
vt 0.251531 0.066898
vt 0.234990 0.068163
vt 0.219422 0.066573
vt 0.233038 0.068131
vt 0.232007 0.068092
vt 0.231086 0.068057
vt 0.229137 0.067934
vt 0.228108 0.067845
vt 0.227189 0.067767
vt 0.225242 0.067548
vt 0.223296 0.067278
vt 0.220332 0.066754
vt 0.221355 0.066955
vt 0.245661 0.067741
vt 0.244741 0.067837
vt 0.247615 0.067514
vt 0.246692 0.067634
vt 0.249571 0.067234
vt 0.248648 0.067380
vt 0.250606 0.067071
vt 0.252544 0.069578
vt 0.252548 0.069132
vt 0.252553 0.068640
vt 0.252532 0.070383
vt 0.252537 0.069991
vt 0.252540 0.069773
vt 0.252558 0.068086
vt 0.252528 0.070764
vt 0.252519 0.071531
vt 0.252523 0.071143
vt 0.252509 0.072373
vt 0.252514 0.071938
vt 0.252491 0.073989
vt 0.252498 0.073382
vt 0.252504 0.072850
vt 0.252563 0.067449
vt 0.252476 0.075370
vt 0.252484 0.074657
vt 0.345493 0.005025
vt 0.081901 0.004996
vt 0.219310 0.074534
vt 0.219318 0.073859
vt 0.219325 0.073246
vt 0.219348 0.071793
vt 0.219340 0.072230
vt 0.219333 0.072709
vt 0.219369 0.070616
vt 0.219362 0.070997
vt 0.219355 0.071386
vt 0.219415 0.067310
vt 0.219407 0.067943
vt 0.219401 0.068495
vt 0.219394 0.068986
vt 0.219388 0.069430
vt 0.225186 0.074516
vt 0.227140 0.074345
vt 0.228060 0.074280
vt 0.229093 0.074209
vt 0.229203 0.074202
vt 0.231043 0.074114
vt 0.232072 0.074084
vt 0.232990 0.074057
vt 0.234937 0.074045
vt 0.236886 0.074051
vt 0.237921 0.074070
vt 0.222305 0.074842
vt 0.220344 0.075108
vt 0.223229 0.074725
vt 0.221270 0.074974
vt 0.238844 0.074084
vt 0.239878 0.074121
vt 0.240799 0.074153
vt 0.241831 0.074210
vt 0.242752 0.074260
vt 0.243783 0.074337
vt 0.244702 0.074405
vt 0.245733 0.074502
vt 0.246651 0.074590
vt 0.247679 0.074708
vt 0.248597 0.074814
vt 0.249626 0.074951
vt 0.250543 0.075075
vt 0.451168 0.492767
vt 0.435498 0.338647
vt 0.447267 0.338647
vt 0.465794 0.338647
vt 0.469700 0.338647
vt 0.473601 0.338647
vt 0.485344 0.362253
vt 0.483376 0.362253
vt 0.487320 0.362253
vt 0.489306 0.362253
vt 0.004996 0.082491
vt 0.488166 0.166733
vt 0.488166 0.004996
vt 0.433546 0.058909
vt 0.492788 0.150877
vt 0.493334 0.138192
vt 0.492783 0.128632
vt 0.493709 0.118725
vt 0.494693 0.160829
vt 0.495627 0.118725
vt 0.497165 0.160829
vt 0.497268 0.118725
vt 0.499606 0.160829
vt 0.499617 0.118725
vt 0.502252 0.138539
vt 0.502486 0.131849
vt 0.503103 0.154048
vt 0.502741 0.150877
vt 0.502741 0.128678
vt 0.492362 0.046223
vt 0.492788 0.043052
vt 0.493334 0.030367
vt 0.492362 0.017682
vt 0.493709 0.053005
vt 0.494716 0.010900
vt 0.496469 0.053005
vt 0.497268 0.010900
vt 0.498822 0.053005
vt 0.499617 0.010900
vt 0.502257 0.033538
vt 0.502486 0.024024
vt 0.503103 0.046223
vt 0.502741 0.020853
vt 0.490446 0.014510
vt 0.491810 0.014510
vt 0.490948 0.125506
vt 0.433546 0.482774
vt 0.433546 0.429012
vt 0.487430 0.274223
vt 0.433546 0.274223
vt 0.433546 0.273100
vt 0.487430 0.286314
vt 0.487430 0.288829
vt 0.487430 0.233178
vt 0.433546 0.233178
vt 0.433546 0.230638
vt 0.433546 0.285225
vt 0.487430 0.285225
vt 0.433546 0.284209
vt 0.487430 0.282476
vt 0.487430 0.281709
vt 0.487430 0.280432
vt 0.487430 0.279844
vt 0.487430 0.279269
vt 0.487430 0.278098
vt 0.433546 0.277473
vt 0.487430 0.277473
vt 0.487430 0.275185
vt 0.446731 0.429012
vt 0.446731 0.482774
vt 0.445644 0.482774
vt 0.444630 0.482774
vt 0.443708 0.482774
vt 0.442900 0.482774
vt 0.441476 0.482774
vt 0.440862 0.482774
vt 0.440275 0.482774
vt 0.440275 0.429012
vt 0.439125 0.482774
vt 0.438533 0.482774
vt 0.437909 0.482774
vt 0.436463 0.482774
vt 0.435626 0.482774
vt 0.433546 0.270561
vt 0.433546 0.268274
vt 0.487430 0.268040
vt 0.433546 0.265533
vt 0.487430 0.260542
vt 0.487430 0.258060
vt 0.433546 0.255583
vt 0.487430 0.255583
vt 0.487430 0.248156
vt 0.487430 0.245678
vt 0.487430 0.243197
vt 0.433546 0.240702
vt 0.433546 0.235699
vt 0.487430 0.235699
vt 0.433546 0.234332
vt 0.487430 0.326140
vt 0.487430 0.328654
vt 0.433546 0.323635
vt 0.487430 0.323635
vt 0.433546 0.317012
vt 0.487430 0.316155
vt 0.487430 0.313675
vt 0.487430 0.311198
vt 0.487430 0.308722
vt 0.487430 0.303771
vt 0.487430 0.301294
vt 0.433546 0.298814
vt 0.487430 0.298814
vt 0.433546 0.296375
vt 0.487430 0.296321
vt 0.487430 0.291334
s 1
usemtl LeftG
f 5/1/1 1/2/1 2/3/1
f 3/4/2 2/5/2 1/6/2
f 420/7/3 421/8/3 6/9/3
f 438/10/4 4/11/4 5/1/4
f 434/12/3 48/13/3 9/14/5
f 10/15/6 8/16/6 7/17/6
f 9/18/7 11/19/7 7/20/7
f 10/21/7 7/20/7 11/19/7
f 13/22/3 12/23/3 10/15/3
f 15/24/3 14/25/3 13/22/3
f 13/26/8 16/27/8 18/28/8
f 17/29/8 18/28/8 16/27/8
f 20/30/9 21/31/9 19/32/9
f 24/33/9 15/34/9 21/31/9
f 23/35/10 25/36/10 22/37/10
f 27/38/10 24/33/10 25/36/10
f 24/39/3 232/40/3 15/24/3
f 27/41/3 26/42/3 24/39/3
f 29/43/3 28/44/3 27/41/3
f 27/38/11 30/45/12 32/46/11
f 31/47/11 32/46/11 30/45/12
f 34/48/13 35/49/13 33/50/13
f 38/51/13 29/52/13 35/49/13
f 37/53/14 39/54/15 36/55/15
f 38/51/14 36/55/15 39/54/15
f 38/56/3 239/57/3 29/43/3
f 41/58/3 40/59/3 38/56/3
f 43/60/3 42/61/3 41/58/3
f 41/62/16 44/63/16 46/64/16
f 45/65/16 46/64/16 44/63/16
f 48/66/17 49/67/18 47/68/17
f 43/69/18 47/68/17 49/67/18
f 52/70/19 51/71/19 54/72/19
f 43/60/3 53/73/3 246/74/3
f 52/75/3 55/76/3 53/73/3
f 54/77/3 253/78/3 55/76/3
f 57/79/20 56/80/20 54/81/20
f 54/72/20 51/71/21 57/82/20
f 56/80/22 59/83/22 61/84/22
f 61/84/22 59/83/22 60/85/23
f 56/86/3 62/87/3 253/78/3
f 61/88/3 64/89/3 62/87/3
f 66/90/24 61/84/24 60/85/24
f 63/91/3 437/92/3 64/89/3
f 63/93/25 68/94/25 65/95/25
f 67/96/24 63/93/24 66/90/24
f 65/95/26 69/97/26 71/98/26
f 71/98/27 69/97/27 70/99/27
f 65/100/3 72/101/3 437/92/3
f 71/102/3 76/103/3 72/101/3
f 70/99/27 73/104/27 71/98/27
f 73/105/3 77/106/3 76/103/3
f 73/104/28 75/107/28 436/108/28
f 76/103/3 79/109/3 78/110/3
f 72/101/3 78/110/3 81/111/3
f 78/110/3 432/112/3 80/113/3
f 81/111/3 80/113/3 83/114/3
f 437/92/3 81/111/3 82/115/3
f 82/115/3 83/114/3 84/116/3
f 84/116/3 85/117/3 86/118/3
f 83/114/3 88/119/3 85/117/3
f 86/118/3 87/120/3 262/121/3
f 85/117/3 90/122/3 87/120/3
f 80/113/3 89/123/3 88/119/3
f 88/119/3 91/124/3 90/122/3
f 90/122/3 93/125/3 92/126/3
f 87/120/3 92/126/3 95/127/3
f 92/126/3 427/128/3 94/129/3
f 95/127/3 94/129/3 97/130/3
f 262/121/3 95/127/3 96/131/3
f 96/131/3 97/130/3 98/132/3
f 98/132/3 99/133/3 100/134/3
f 97/130/3 102/135/3 99/133/3
f 99/133/3 271/136/3 100/134/3
f 102/135/3 101/137/3 99/133/3
f 94/129/3 103/138/3 102/135/3
f 103/138/3 104/139/3 102/135/3
f 105/140/3 106/141/3 104/139/3
f 104/139/3 109/142/3 101/137/3
f 107/143/3 108/144/3 106/141/3
f 106/141/3 111/145/3 109/142/3
f 101/137/3 110/146/3 271/136/3
f 109/142/3 112/147/3 110/146/3
f 111/145/3 114/148/3 112/147/3
f 108/144/3 113/149/3 111/145/3
f 113/149/3 280/150/3 114/148/3
f 116/151/3 115/152/3 113/149/3
f 422/153/3 116/151/3 108/144/3
f 117/154/3 118/155/3 116/151/3
f 119/156/3 120/157/3 118/155/3
f 118/155/3 123/158/3 115/152/3
f 121/159/3 122/160/3 120/157/3
f 120/157/3 125/161/3 123/158/3
f 115/152/3 124/162/3 280/150/3
f 123/158/3 126/163/3 124/162/3
f 125/161/3 128/164/3 126/163/3
f 122/160/3 127/165/3 125/161/3
f 127/165/3 133/166/3 128/164/3
f 129/167/3 130/168/3 127/165/3
f 130/169/29 134/170/29 133/171/29
f 132/172/30 131/173/30 130/169/30
f 133/171/31 136/174/31 135/175/31
f 128/164/3 135/176/3 139/177/3
f 136/174/32 137/178/33 135/175/33
f 137/178/33 138/179/33 135/175/33
f 139/177/3 138/180/3 141/181/3
f 126/163/3 139/177/3 140/182/3
f 140/182/3 141/181/3 142/183/3
f 142/183/3 143/184/3 144/185/3
f 141/181/3 146/186/3 143/184/3
f 144/185/3 145/187/3 386/188/3
f 143/184/3 149/189/3 145/187/3
f 147/190/34 148/191/35 146/192/35
f 138/179/36 147/190/36 146/192/36
f 148/191/35 149/193/35 146/192/35
f 149/193/37 152/194/37 151/195/37
f 145/187/3 151/196/3 155/197/3
f 152/194/38 153/198/38 151/195/38
f 153/198/38 154/199/38 151/195/38
f 157/200/3 151/196/3 154/201/3
f 386/188/3 155/197/3 156/202/3
f 158/203/3 155/197/3 157/200/3
f 160/204/3 157/200/3 159/205/3
f 159/205/3 154/201/3 162/206/3
f 385/207/3 159/205/3 161/208/3
f 161/208/3 162/206/3 163/209/3
f 163/210/39 164/211/39 165/212/39
f 154/199/40 164/211/40 162/213/40
f 169/214/41 165/212/41 167/215/41
f 167/215/42 168/216/42 169/214/42
f 168/216/42 170/217/42 169/214/42
f 173/218/3 169/219/3 170/220/3
f 171/221/3 163/209/3 169/219/3
f 172/222/3 161/208/3 171/221/3
f 174/223/3 171/221/3 173/218/3
f 176/224/3 173/218/3 175/225/3
f 175/225/3 170/220/3 178/226/3
f 384/227/3 175/225/3 177/228/3
f 177/228/3 178/226/3 180/229/3
f 403/230/43 402/231/44 181/232/43
f 406/233/45 404/234/45 179/235/45
f 401/236/46 400/237/46 184/238/46
f 185/239/3 180/229/3 182/240/3
f 187/241/3 182/240/3 183/242/3
f 399/243/47 398/244/47 397/245/47
f 186/246/3 177/228/3 185/239/3
f 189/247/3 185/239/3 187/241/3
f 189/247/6 188/248/6 191/249/6
f 187/241/6 397/250/6 188/248/6
f 190/251/3 186/246/3 189/247/3
f 190/251/6 191/249/6 192/252/6
f 195/253/6 192/252/6 193/254/6
f 197/255/6 193/254/6 194/256/48
f 195/253/3 383/257/3 190/251/3
f 197/255/3 196/258/3 195/253/3
f 198/259/3 200/260/3 197/255/3
f 198/259/49 199/261/49 396/262/49
f 197/255/6 194/256/48 199/261/49
f 200/260/3 373/263/3 196/258/3
f 202/264/3 201/265/3 200/260/3
f 205/266/3 202/264/3 198/259/3
f 204/267/3 203/268/3 202/264/3
f 208/269/3 204/267/3 205/266/3
f 207/270/3 206/271/3 204/267/3
f 211/272/3 207/270/3 208/269/3
f 210/273/3 209/274/3 207/270/3
f 213/275/3 211/272/3 214/276/3
f 215/277/3 210/273/3 213/275/3
f 216/278/3 214/276/3 217/279/3
f 218/280/3 213/275/3 216/278/3
f 219/281/3 217/279/3 220/282/3
f 221/283/3 216/278/3 219/281/3
f 222/284/3 220/282/3 223/285/3
f 224/286/3 219/281/3 222/284/3
f 225/287/3 223/285/3 226/288/3
f 227/289/3 222/284/3 225/287/3
f 228/290/3 226/288/3 229/291/3
f 230/292/3 225/287/3 228/290/3
f 14/25/3 229/291/3 12/23/3
f 232/40/3 228/290/3 14/25/3
f 231/293/3 227/289/3 230/292/3
f 26/42/3 230/292/3 232/40/3
f 234/294/3 233/295/3 231/293/3
f 28/44/3 231/293/3 26/42/3
f 236/296/3 235/297/3 234/294/3
f 239/57/3 234/294/3 28/44/3
f 238/298/3 237/299/3 236/296/3
f 40/59/3 236/296/3 239/57/3
f 241/300/3 240/301/3 238/298/3
f 42/61/3 238/298/3 40/59/3
f 243/302/3 242/303/3 241/300/3
f 246/74/3 241/300/3 42/61/3
f 245/304/3 244/305/3 243/302/3
f 53/73/3 243/302/3 246/74/3
f 245/304/3 249/306/3 247/307/3
f 53/73/3 248/308/3 245/304/3
f 248/308/3 251/309/3 249/306/3
f 55/76/3 250/310/3 248/308/3
f 250/310/3 254/311/3 251/309/3
f 253/78/3 252/312/3 250/310/3
f 252/312/3 256/313/3 254/311/3
f 62/87/3 255/314/3 252/312/3
f 255/314/3 84/116/3 256/313/3
f 64/89/3 82/115/3 255/314/3
f 254/311/3 257/315/3 258/316/3
f 256/313/3 86/118/3 257/315/3
f 258/316/3 259/317/3 260/318/3
f 257/315/3 262/121/3 259/317/3
f 260/318/3 261/319/3 263/320/3
f 259/317/3 96/131/3 261/319/3
f 263/320/3 264/321/3 265/322/3
f 261/319/3 98/132/3 264/321/3
f 265/322/3 266/323/3 267/324/3
f 264/321/3 100/134/3 266/323/3
f 266/323/3 269/325/3 267/324/3
f 100/134/3 268/326/3 266/323/3
f 268/326/3 272/327/3 269/325/3
f 271/136/3 270/328/3 268/326/3
f 270/328/3 274/329/3 272/327/3
f 110/146/3 273/330/3 270/328/3
f 273/330/3 276/331/3 274/329/3
f 112/147/3 275/332/3 273/330/3
f 275/332/3 278/333/3 276/331/3
f 114/148/3 277/334/3 275/332/3
f 277/334/3 281/335/3 278/333/3
f 280/150/3 279/336/3 277/334/3
f 279/336/3 142/183/3 281/335/3
f 124/162/3 140/182/3 279/336/3
f 278/333/3 282/337/3 284/338/3
f 281/335/3 144/185/3 282/337/3
f 284/338/3 283/339/3 285/340/3
f 282/337/3 386/188/3 283/339/3
f 286/341/3 285/340/3 287/342/3
f 276/331/3 284/338/3 286/341/3
f 288/343/3 287/342/3 289/344/3
f 274/329/3 286/341/3 288/343/3
f 290/345/3 289/344/3 291/346/3
f 272/327/3 288/343/3 290/345/3
f 292/347/3 291/346/3 293/348/3
f 269/325/3 290/345/3 292/347/3
f 294/349/3 293/348/3 295/350/3
f 267/324/3 292/347/3 294/349/3
f 297/351/3 294/349/3 295/350/3
f 296/352/3 267/324/3 294/349/3
f 299/353/3 296/352/3 297/351/3
f 298/354/3 265/322/3 296/352/3
f 301/355/3 298/354/3 299/353/3
f 300/356/3 263/320/3 298/354/3
f 303/357/3 300/356/3 301/355/3
f 302/358/3 260/318/3 300/356/3
f 249/306/3 302/358/3 303/357/3
f 251/309/3 258/316/3 302/358/3
f 247/307/3 303/357/3 304/359/3
f 304/359/3 301/355/3 306/360/3
f 247/307/3 305/361/3 244/305/3
f 305/361/3 306/360/3 307/362/3
f 307/362/3 308/363/3 309/364/3
f 306/360/3 299/353/3 308/363/3
f 308/363/3 311/365/3 309/364/3
f 308/363/3 297/351/3 310/366/3
f 311/365/3 312/367/3 313/368/3
f 310/366/3 295/350/3 312/367/3
f 312/367/3 315/369/3 313/368/3
f 295/350/3 314/370/3 312/367/3
f 315/369/3 316/371/3 317/372/3
f 293/348/3 316/371/3 314/370/3
f 316/371/3 319/373/3 317/372/3
f 291/346/3 318/374/3 316/371/3
f 319/373/3 320/375/3 321/376/3
f 289/344/3 320/375/3 318/374/3
f 321/376/3 322/377/3 323/378/3
f 287/342/3 322/377/3 320/375/3
f 322/377/3 325/379/3 323/378/3
f 285/340/3 324/380/3 322/377/3
f 324/380/3 158/203/3 325/379/3
f 283/339/3 156/202/3 324/380/3
f 328/381/3 325/379/3 326/382/3
f 326/382/3 158/203/3 160/204/3
f 329/383/3 326/382/3 327/384/3
f 327/384/3 160/204/3 385/207/3
f 331/385/3 328/381/3 329/383/3
f 330/386/3 323/378/3 328/381/3
f 333/387/3 330/386/3 331/385/3
f 332/388/3 321/376/3 330/386/3
f 335/389/3 332/388/3 333/387/3
f 334/390/3 319/373/3 332/388/3
f 337/391/3 334/390/3 335/389/3
f 336/392/3 317/372/3 334/390/3
f 339/393/3 336/392/3 337/391/3
f 338/394/3 315/369/3 336/392/3
f 340/395/3 339/393/3 341/396/3
f 311/365/3 338/394/3 340/395/3
f 342/397/3 341/396/3 343/398/3
f 309/364/3 340/395/3 342/397/3
f 344/399/3 343/398/3 345/400/3
f 307/362/3 342/397/3 344/399/3
f 346/401/3 345/400/3 347/402/3
f 305/361/3 344/399/3 346/401/3
f 242/303/3 347/402/3 240/301/3
f 244/305/3 346/401/3 242/303/3
f 240/301/3 348/403/3 237/299/3
f 347/402/3 350/404/3 348/403/3
f 237/299/3 349/405/3 235/297/3
f 348/403/3 351/406/3 349/405/3
f 350/404/3 353/407/3 351/406/3
f 345/400/3 352/408/3 350/404/3
f 352/408/3 355/409/3 353/407/3
f 343/398/3 354/410/3 352/408/3
f 354/410/3 357/411/3 355/409/3
f 341/396/3 356/412/3 354/410/3
f 357/411/3 358/413/3 359/414/3
f 356/412/3 337/391/3 358/413/3
f 359/414/3 360/415/3 361/416/3
f 358/413/3 335/389/3 360/415/3
f 361/416/3 362/417/3 363/418/3
f 360/415/3 333/387/3 362/417/3
f 363/418/3 364/419/3 365/420/3
f 362/417/3 331/385/3 364/419/3
f 365/420/3 366/421/3 367/422/3
f 364/419/3 329/383/3 366/421/3
f 367/422/3 368/423/3 369/424/3
f 366/421/3 327/384/3 368/423/3
f 369/424/3 172/222/3 174/223/3
f 368/423/3 385/207/3 172/222/3
f 372/425/3 369/424/3 370/426/3
f 370/426/3 174/223/3 176/224/3
f 373/263/3 370/426/3 371/427/3
f 371/427/3 176/224/3 384/227/3
f 201/265/3 372/425/3 373/263/3
f 374/428/3 367/422/3 372/425/3
f 203/268/3 374/428/3 201/265/3
f 375/429/3 365/420/3 374/428/3
f 206/271/3 375/429/3 203/268/3
f 376/430/3 363/418/3 375/429/3
f 209/274/3 376/430/3 206/271/3
f 377/431/3 361/416/3 376/430/3
f 212/432/3 377/431/3 209/274/3
f 378/433/3 359/414/3 377/431/3
f 379/434/3 212/432/3 215/277/3
f 355/409/3 378/433/3 379/434/3
f 380/435/3 215/277/3 218/280/3
f 353/407/3 379/434/3 380/435/3
f 381/436/3 218/280/3 221/283/3
f 351/406/3 380/435/3 381/436/3
f 382/437/3 221/283/3 224/286/3
f 349/405/3 381/436/3 382/437/3
f 233/295/3 224/286/3 227/289/3
f 235/297/3 382/437/3 233/295/3
f 196/258/3 371/427/3 383/257/3
f 383/257/3 384/227/3 186/246/3
f 12/23/6 387/438/6 8/16/6
f 229/291/6 388/439/6 387/438/6
f 226/288/6 389/440/6 388/439/6
f 223/285/6 390/441/6 389/440/6
f 220/282/6 391/442/6 390/441/6
f 217/279/6 392/443/6 391/442/6
f 214/276/6 393/444/6 392/443/6
f 211/272/6 394/445/6 393/444/6
f 208/269/6 395/446/6 394/445/6
f 205/266/6 396/262/49 395/446/6
f 184/238/47 398/244/47 399/243/47
f 181/232/46 400/237/46 401/236/46
f 179/235/44 402/231/44 403/230/43
f 405/447/45 404/234/45 406/233/45
f 415/448/3 132/449/3 129/167/3
f 412/450/50 410/451/50 409/452/50
f 411/453/50 410/451/50 412/450/50
f 415/448/51 411/453/51 408/454/51
f 416/455/51 413/456/51 415/448/51
f 416/455/3 129/167/3 122/160/3
f 121/159/51 414/457/51 416/455/51
f 119/156/51 417/458/51 121/159/51
f 117/154/51 418/459/51 119/156/51
f 422/153/52 419/460/51 117/154/51
f 107/143/51 420/461/52 422/153/52
f 105/140/51 421/462/51 107/143/51
f 103/138/51 423/463/51 105/140/51
f 427/128/51 424/464/51 103/138/51
f 93/125/51 425/465/51 427/128/51
f 91/124/51 426/466/51 93/125/51
f 89/123/51 428/467/51 91/124/51
f 432/112/51 429/468/51 89/123/51
f 79/109/51 430/469/51 432/112/51
f 77/106/51 431/470/51 79/109/51
f 74/471/51 433/472/51 77/106/51
f 435/473/28 436/108/28 75/107/28
f 439/474/53 6/9/53 438/10/53
f 2/5/54 438/10/54 5/1/54
f 441/475/51 464/476/51 463/477/51
f 543/478/54 480/479/54 727/480/54
f 447/481/6 496/482/6 480/479/6
f 575/483/3 463/484/3 651/485/3
f 446/486/55 559/487/55 512/488/55
f 443/489/56 575/490/56 528/491/56
f 544/492/3 448/493/3 440/494/3
f 591/495/3 449/496/3 448/493/3
f 607/497/3 450/498/3 449/496/3
f 615/499/3 451/500/3 450/498/3
f 617/501/3 452/502/3 451/500/3
f 619/503/3 453/504/3 452/502/3
f 621/505/3 454/506/3 453/504/3
f 623/507/3 455/508/3 454/506/3
f 627/509/3 455/508/3 625/510/3
f 629/511/3 456/512/3 627/509/3
f 631/513/3 457/514/3 629/511/3
f 633/515/3 458/516/3 631/513/3
f 635/517/3 459/518/3 633/515/3
f 637/519/3 460/520/3 635/517/3
f 639/521/3 461/522/3 637/519/3
f 651/485/3 462/523/3 639/521/3
f 495/524/6 444/525/6 446/486/6
f 494/526/6 511/527/6 495/524/6
f 493/528/6 510/529/6 494/526/6
f 492/530/6 509/531/6 493/528/6
f 491/532/6 508/533/6 492/530/6
f 490/534/6 507/535/6 491/532/6
f 489/536/6 506/537/6 490/534/6
f 488/538/6 505/539/6 489/536/6
f 487/540/6 504/541/6 488/538/6
f 486/542/6 503/543/6 487/540/6
f 485/544/6 502/545/6 486/542/6
f 484/546/6 501/547/6 485/544/6
f 483/548/6 500/549/6 484/546/6
f 482/550/6 499/551/6 483/548/6
f 481/552/6 498/553/6 482/550/6
f 480/479/6 497/554/6 481/552/6
f 512/555/54 495/524/54 446/486/54
f 667/556/54 494/526/54 495/524/54
f 683/557/54 493/528/54 494/526/54
f 691/558/54 492/530/54 493/528/54
f 693/559/54 491/532/54 492/530/54
f 695/560/54 490/534/54 491/532/54
f 697/561/54 489/536/54 490/534/54
f 699/562/54 488/538/54 489/536/54
f 703/563/54 488/538/54 701/564/54
f 705/565/54 487/540/54 703/563/54
f 707/566/54 486/542/54 705/565/54
f 709/567/54 485/544/54 707/566/54
f 711/568/54 484/546/54 709/567/54
f 713/569/54 483/548/54 711/568/54
f 715/570/54 482/550/54 713/569/54
f 727/480/54 481/552/54 715/570/54
f 448/571/51 442/572/51 440/573/51
f 449/574/51 479/575/51 448/571/51
f 450/576/51 478/577/51 449/574/51
f 451/578/51 477/579/51 450/576/51
f 452/580/51 476/581/51 451/578/51
f 453/582/51 475/583/51 452/580/51
f 454/584/51 474/585/51 453/582/51
f 455/586/51 473/587/51 454/584/51
f 456/588/51 472/589/51 455/586/51
f 457/590/51 471/591/51 456/588/51
f 458/592/51 470/593/51 457/590/51
f 459/594/51 469/595/51 458/592/51
f 460/596/51 468/597/51 459/594/51
f 461/598/51 467/599/51 460/596/51
f 462/600/51 466/601/51 461/598/51
f 463/477/51 465/602/51 462/600/51
f 465/602/54 716/603/54 714/604/54
f 730/605/54 714/604/54 728/606/54
f 732/607/54 717/608/54 733/609/54
f 735/610/54 734/611/54 718/612/54
f 719/613/54 738/614/54 737/615/54
f 720/616/54 740/617/54 739/618/54
f 721/619/54 742/620/54 741/621/54
f 744/622/54 743/623/54 721/619/54
f 723/624/54 747/625/54 746/626/54
f 724/627/54 749/628/54 748/629/54
f 725/630/54 751/631/54 750/632/54
f 726/633/54 754/634/54 753/635/54
f 726/633/54 755/636/57 754/634/54
f 715/570/54 757/637/54 758/638/54
f 466/601/54 714/604/54 712/639/54
f 761/640/54 712/639/54 729/641/54
f 713/569/54 762/642/54 759/643/54
f 467/599/54 712/639/54 710/644/54
f 712/639/54 760/645/54 766/646/54
f 711/568/54 769/647/54 767/648/54
f 468/597/54 710/644/54 708/649/54
f 771/650/54 708/649/54 764/651/54
f 709/567/54 772/652/54 768/653/54
f 469/595/54 708/649/54 706/654/54
f 708/649/54 770/655/54 775/656/54
f 707/566/54 777/657/54 776/658/54
f 470/593/54 706/654/54 704/659/54
f 706/654/54 774/660/54 778/661/54
f 705/565/54 783/662/54 781/663/54
f 471/591/54 704/659/54 702/664/54
f 704/659/54 779/665/54 785/666/54
f 703/563/54 787/667/54 786/668/54
f 472/589/54 702/664/54 700/669/54
f 702/664/54 784/670/54 789/671/54
f 701/564/54 791/672/54 790/673/54
f 472/589/54 698/674/54 473/587/54
f 700/669/54 788/675/54 794/676/54
f 699/562/54 797/677/54 795/678/54
f 473/587/54 696/679/54 474/585/54
f 698/674/54 792/680/54 799/681/54
f 697/561/54 800/682/54 801/683/54
f 474/585/54 694/684/54 475/583/54
f 696/679/54 798/685/54 803/686/54
f 695/560/54 805/687/54 804/688/54
f 475/583/54 692/689/54 476/581/54
f 694/684/54 802/690/54 807/691/54
f 693/559/54 809/692/54 808/693/54
f 476/581/54 684/694/54 477/579/54
f 692/689/54 806/695/54 811/696/54
f 685/697/54 813/698/58 812/699/58
f 685/697/54 812/699/58 815/700/54
f 686/701/54 816/702/54 817/703/54
f 687/704/54 818/705/54 819/706/54
f 688/707/54 821/708/54 822/709/54
f 689/710/54 823/711/54 824/712/54
f 690/713/54 826/714/54 827/715/54
f 691/558/54 829/716/54 828/717/54
f 477/579/54 668/718/54 478/577/54
f 684/694/54 810/719/54 830/720/54
f 669/721/54 831/722/54 833/723/54
f 670/724/54 832/725/54 834/726/54
f 836/727/54 837/728/54 672/729/54
f 814/730/54 685/697/54 673/731/54
f 685/697/54 674/732/54 673/731/54
f 686/701/54 675/733/54 674/732/54
f 687/704/54 676/734/54 675/733/54
f 676/734/54 689/710/54 677/735/54
f 677/735/54 690/713/54 678/736/54
f 678/736/54 690/713/54 827/715/54
f 840/737/54 841/738/54 679/739/54
f 680/740/54 842/741/54 843/742/54
f 681/743/54 844/744/54 845/745/54
f 682/746/54 846/747/54 847/748/54
f 478/577/54 652/749/54 479/575/54
f 668/718/54 653/750/54 652/749/54
f 669/721/54 654/751/54 653/750/54
f 670/724/54 655/752/54 654/751/54
f 671/753/54 656/754/54 655/752/54
f 672/729/54 657/755/54 656/754/54
f 673/731/54 658/756/54 657/755/54
f 674/732/54 659/757/54 658/756/54
f 675/733/54 660/758/54 659/757/54
f 660/758/54 677/735/54 661/759/54
f 661/759/54 678/736/54 662/760/54
f 662/760/54 679/739/54 663/761/54
f 663/761/54 680/740/54 664/762/54
f 664/762/54 681/743/54 665/763/54
f 665/763/54 682/746/54 666/764/54
f 666/764/54 683/557/54 667/556/54
f 479/575/54 527/765/54 442/572/54
f 652/749/54 526/766/54 527/765/54
f 653/750/54 525/767/54 526/766/54
f 654/751/54 524/768/54 525/767/54
f 655/752/54 523/769/54 524/768/54
f 656/754/54 522/770/54 523/769/54
f 657/755/54 521/771/54 522/770/54
f 658/756/54 520/772/54 521/771/54
f 520/772/54 660/758/54 519/773/54
f 519/773/54 661/759/54 518/774/54
f 518/774/54 662/760/54 517/775/54
f 517/775/54 663/761/54 516/776/54
f 516/776/54 664/762/54 515/777/54
f 515/777/54 665/763/54 514/778/54
f 514/778/54 666/764/54 513/779/54
f 513/779/54 667/556/54 512/555/54
f 497/554/3 640/780/3 638/781/3
f 849/782/3 638/781/3 848/783/3
f 641/784/3 851/785/59 852/786/3
f 854/787/3 642/788/3 855/789/3
f 643/790/3 858/791/3 857/792/3
f 644/793/3 860/794/3 859/795/3
f 645/796/3 862/797/3 861/798/3
f 863/799/3 646/800/3 864/801/3
f 647/802/3 867/803/3 866/804/3
f 648/805/3 869/806/3 868/807/3
f 649/808/3 871/809/3 870/810/3
f 872/811/3 873/812/3 649/808/3
f 876/813/3 650/814/3 875/815/3
f 639/521/3 879/816/3 877/817/3
f 498/553/3 638/781/3 636/818/3
f 880/819/3 636/818/3 850/820/3
f 637/519/3 883/821/3 882/822/3
f 499/551/3 636/818/3 634/823/3
f 886/824/3 885/825/3 634/823/3
f 888/826/3 887/827/3 635/517/3
f 500/549/3 634/823/3 632/828/3
f 890/829/3 632/828/3 884/830/3
f 633/515/3 893/831/3 892/832/3
f 501/547/3 632/828/3 630/833/3
f 632/828/3 891/834/3 894/835/3
f 631/513/3 897/836/3 896/837/3
f 502/545/3 630/833/3 628/838/3
f 898/839/3 900/840/3 628/838/3
f 902/841/3 901/842/3 629/511/3
f 503/543/3 628/838/3 626/843/3
f 628/838/3 899/844/3 904/845/3
f 627/509/3 907/846/3 906/847/3
f 504/541/3 626/843/3 624/848/3
f 626/843/3 905/849/3 908/850/3
f 625/510/3 911/851/3 910/852/3
f 504/541/3 622/853/3 505/539/3
f 914/854/3 913/855/3 622/853/3
f 916/856/3 915/857/3 623/507/3
f 505/539/3 620/858/3 506/537/3
f 622/853/3 912/859/3 918/860/3
f 621/505/3 921/861/3 920/862/3
f 506/537/3 618/863/3 507/535/3
f 620/858/3 919/864/3 922/865/3
f 619/503/3 925/866/3 924/867/3
f 507/535/3 616/868/3 508/533/3
f 618/863/3 923/869/3 926/870/3
f 617/501/3 929/871/3 928/872/3
f 508/533/3 608/873/3 509/531/3
f 616/868/3 927/874/3 930/875/3
f 609/876/3 933/877/60 934/878/3
f 609/876/3 934/878/3 935/879/5
f 610/880/3 936/881/60 937/882/3
f 940/883/3 611/884/3 939/885/3
f 612/886/3 941/887/3 942/888/3
f 613/889/3 943/890/3 944/891/3
f 614/892/3 947/893/3 946/894/3
f 615/499/3 949/895/3 948/896/3
f 509/531/3 592/897/3 510/529/3
f 608/873/3 931/898/3 950/899/3
f 593/900/3 951/901/3 952/902/3
f 594/903/3 953/904/3 954/905/3
f 956/906/3 957/907/3 596/908/3
f 596/908/3 958/909/3 932/910/3
f 609/876/3 598/911/3 597/912/3
f 610/880/3 599/913/3 598/911/3
f 611/884/3 600/914/3 599/913/3
f 600/914/3 613/889/3 601/915/3
f 601/915/3 614/892/3 602/916/3
f 602/916/3 614/892/3 946/894/3
f 960/917/3 603/918/3 961/919/3
f 604/920/3 962/921/3 963/922/3
f 605/923/3 964/924/3 965/925/3
f 606/926/3 966/927/3 967/928/3
f 510/529/3 576/929/3 511/527/3
f 592/897/3 577/930/3 576/929/3
f 593/900/3 578/931/3 577/930/3
f 594/903/3 579/932/3 578/931/3
f 595/933/3 580/934/3 579/932/3
f 596/908/3 581/935/3 580/934/3
f 597/912/3 582/936/3 581/935/3
f 598/911/3 583/937/3 582/936/3
f 599/913/3 584/938/3 583/937/3
f 584/938/3 601/915/3 585/939/3
f 585/939/3 602/916/3 586/940/3
f 586/940/3 603/918/3 587/941/3
f 587/941/3 604/920/3 588/942/3
f 588/942/3 605/923/3 589/943/3
f 589/943/3 606/926/3 590/944/3
f 590/944/3 607/497/3 591/495/3
f 511/527/3 559/945/3 444/525/3
f 576/929/3 558/946/3 559/945/3
f 577/930/3 557/947/3 558/946/3
f 578/931/3 556/948/3 557/947/3
f 579/932/3 555/949/3 556/948/3
f 580/934/3 554/950/3 555/949/3
f 581/935/3 553/951/3 554/950/3
f 582/936/3 552/952/3 553/951/3
f 552/952/3 584/938/3 551/953/3
f 551/953/3 585/939/3 550/954/3
f 550/954/3 586/940/3 549/955/3
f 549/955/3 587/941/3 548/956/3
f 548/956/3 588/942/3 547/957/3
f 547/957/3 589/943/3 546/958/3
f 546/958/3 590/944/3 545/959/3
f 545/959/3 591/495/3 544/492/3
f 543/960/61 445/961/61 447/481/61
f 542/962/62 560/963/62 543/960/62
f 541/964/63 561/965/63 542/962/63
f 540/966/64 562/967/64 541/964/64
f 539/968/65 563/969/65 540/966/65
f 538/970/66 564/971/66 539/968/66
f 537/972/67 565/973/67 538/970/67
f 536/974/68 566/975/68 537/972/68
f 535/976/17 567/977/17 536/974/17
f 534/978/69 568/979/69 535/976/69
f 533/980/70 569/981/70 534/978/70
f 532/982/71 570/983/71 533/980/71
f 531/984/72 571/985/72 532/982/72
f 530/986/73 572/987/73 531/984/73
f 529/988/74 573/989/74 530/986/74
f 528/491/75 574/990/75 529/988/75
f 527/991/76 440/992/76 442/993/76
f 526/994/77 544/995/77 527/991/77
f 525/996/78 545/997/78 526/994/78
f 524/998/79 546/999/79 525/996/79
f 523/1000/80 547/1001/80 524/998/80
f 522/1002/81 548/1003/81 523/1000/81
f 521/1004/82 549/1005/82 522/1002/82
f 520/1006/83 550/1007/83 521/1004/83
f 519/1008/38 551/1009/38 520/1006/38
f 518/1010/84 552/1011/84 519/1008/84
f 517/1012/85 553/1013/85 518/1010/85
f 516/1014/86 554/1015/86 517/1012/86
f 515/1016/87 555/1017/87 516/1014/87
f 514/1018/88 556/1019/88 515/1016/88
f 513/1020/89 557/1021/89 514/1018/89
f 512/488/90 558/1022/90 513/1020/90
f 496/482/3 560/1023/3 640/780/3
f 561/1024/3 969/1025/3 968/1026/3
f 562/1027/3 971/1028/3 970/1029/3
f 563/1030/3 641/784/3 852/786/3
f 641/784/3 564/1031/3 642/788/3
f 642/788/3 565/1032/3 643/790/3
f 643/790/3 566/1033/3 644/793/3
f 644/793/3 567/1034/3 645/796/3
f 567/1034/3 646/800/3 645/796/3
f 568/1035/3 647/802/3 646/800/3
f 569/1036/3 648/805/3 647/802/3
f 570/1037/3 649/808/3 648/805/3
f 571/1038/3 650/814/3 649/808/3
f 875/815/3 650/814/3 572/1039/3
f 574/1040/3 974/1041/3 973/1042/3
f 651/485/3 878/1043/3 975/1044/3
f 464/476/54 528/1045/54 716/603/54
f 529/1046/54 976/1047/54 977/1048/54
f 530/1049/54 979/1050/54 978/1051/54
f 531/1052/54 717/608/54 731/1053/54
f 717/608/54 532/1054/54 718/612/54
f 718/612/54 533/1055/54 719/613/54
f 719/613/54 534/1056/54 720/616/54
f 720/616/54 535/1057/54 721/619/54
f 535/1057/54 722/1058/54 721/619/54
f 536/1059/54 723/624/54 722/1058/54
f 537/1060/54 724/627/54 723/624/54
f 538/1061/54 725/630/54 724/627/54
f 539/1062/54 726/633/54 725/630/54
f 541/1063/54 980/1064/54 756/1065/54
f 542/1066/54 982/1067/54 981/1068/54
f 727/480/54 758/638/54 983/1069/54
f 878/1070/6 730/1071/6 728/1072/6
f 758/1073/91 848/1074/91 983/1075/52
f 846/1076/92 952/1077/93 951/1078/92
f 974/1079/94 977/1080/95 976/1081/94
f 829/1082/51 950/1083/51 931/1084/51
f 809/1085/96 927/1086/96 808/1087/96
f 805/1088/51 923/1089/51 804/1090/51
f 800/1091/52 922/1092/51 919/1093/52
f 796/1094/52 918/1095/52 912/1096/51
f 795/1097/96 913/1098/96 914/1099/96
f 791/1100/96 914/1099/96 909/1101/96
f 787/1102/96 908/1103/96 905/1104/96
f 782/1105/51 904/1106/52 899/1107/51
f 781/1108/51 900/1109/96 898/1110/51
f 777/1111/51 898/1110/51 895/1112/51
f 773/1113/51 894/1114/51 891/1115/51
f 768/1116/51 884/1117/51 769/1118/52
f 767/1119/51 885/1120/52 886/1121/51
f 763/1122/96 886/1121/51 881/1123/96
f 759/1124/52 880/1125/51 850/1126/52
f 810/1127/6 948/1128/6 949/1129/6
f 806/1130/6 928/1131/6 929/1132/6
f 802/1133/6 924/1134/6 925/1135/6
f 798/1136/49 920/1137/49 921/1138/49
f 792/1139/6 916/1140/6 917/1141/48
f 793/1142/49 915/1143/48 916/1140/6
f 788/1144/48 910/1145/49 911/1146/48
f 907/1147/49 910/1145/49 784/1148/49
f 779/1149/6 902/1150/6 903/1151/6
f 780/1152/6 901/1153/49 902/1150/6
f 774/1154/97 896/1155/6 897/1156/49
f 770/1157/6 892/1158/6 893/1159/6
f 764/1160/6 888/1161/6 889/1162/6
f 765/1163/6 887/1164/48 888/1161/6
f 760/1165/6 882/1166/49 883/1167/6
f 729/1168/6 877/1169/6 879/1170/6
f 969/1171/98 981/1172/98 982/1173/98
f 756/1174/99 980/1175/100 971/1176/100
f 754/1177/101 851/1178/102 853/1179/101
f 753/1180/103 855/1181/103 752/1182/103
f 751/1183/104 855/1181/105 856/1184/105
f 749/1185/106 857/1186/106 858/1187/106
f 747/1188/107 859/1189/107 860/1190/107
f 862/1191/108 863/1192/108 745/1193/108
f 744/1194/38 864/1195/38 743/1196/38
f 742/1197/109 864/1195/109 865/1198/109
f 740/1199/110 866/1200/110 867/1201/110
f 738/1202/111 868/1203/112 869/1204/111
f 736/1205/113 870/1206/114 871/1207/113
f 735/1208/115 872/1209/115 734/1210/115
f 733/1211/116 872/1209/117 874/1212/116
f 875/1213/118 979/1214/119 731/1215/120
f 831/1216/121 967/1217/121 966/1218/121
f 832/1219/122 965/1220/122 964/1221/122
f 962/1222/123 836/1223/124 835/1224/123
f 837/1225/125 960/1226/125 961/1227/125
f 814/1228/126 838/1229/127 959/1230/126
f 812/1231/128 947/1232/128 945/1233/128
f 816/1234/129 944/1235/129 943/1236/129
f 818/1237/130 942/1238/131 941/1239/130
f 820/1240/17 940/1241/17 939/1242/17
f 821/1243/132 939/1242/133 938/1244/132
f 823/1245/134 937/1246/134 936/1247/134
f 825/1248/135 935/1249/135 934/1250/135
f 839/1251/136 827/1252/137 932/1253/137
f 841/1254/138 957/1255/138 956/1256/138
f 842/1257/139 956/1256/140 955/1258/139
f 844/1259/141 954/1260/142 953/1261/141
f 5/1/1 4/11/1 1/2/1
f 3/4/2 439/1262/2 2/5/2
f 167/1263/3 165/1264/5 168/1265/3
f 165/1264/5 164/1266/3 168/1265/3
f 164/1266/3 166/1267/3 397/1268/3
f 166/1267/3 153/1269/3 397/1268/3
f 164/1266/3 398/1270/3 168/1265/3
f 153/1269/3 152/1271/5 411/1272/3
f 152/1271/5 150/1273/3 148/1274/3
f 148/1274/3 147/1275/143 407/1276/3
f 407/1276/3 137/1277/60 148/1274/3
f 137/1277/60 136/1278/3 134/1279/3
f 134/1279/3 131/1280/3 410/1281/143
f 131/1280/3 409/1282/144 410/1281/143
f 410/1281/143 411/1272/3 148/1274/3
f 134/1279/3 410/1281/143 137/1277/60
f 137/1277/60 410/1281/143 148/1274/3
f 152/1271/5 148/1274/3 411/1272/3
f 398/1270/3 164/1266/3 397/1268/3
f 168/1265/3 398/1270/3 404/1283/60
f 405/1284/3 168/1265/3 404/1283/60
f 402/1285/5 179/1286/3 404/1283/60
f 404/1283/60 398/1270/3 402/1285/5
f 153/1269/3 411/1272/3 397/1268/3
f 402/1285/5 398/1270/3 400/1287/143
f 400/1287/143 181/1288/3 402/1285/5
f 398/1270/3 184/1289/3 400/1287/143
f 194/1290/3 193/1291/3 4/11/3
f 193/1291/3 192/1292/3 4/11/3
f 395/1293/3 396/1294/3 4/11/3
f 396/1294/3 199/1295/3 4/11/3
f 199/1295/3 194/1290/3 4/11/3
f 192/1292/3 191/1296/3 4/11/3
f 394/1297/3 395/1293/3 4/11/3
f 392/1298/3 393/1299/3 4/11/3
f 393/1299/3 394/1297/3 4/11/3
f 390/1300/3 391/1301/3 4/11/3
f 391/1301/3 392/1298/3 4/11/3
f 387/1302/3 388/1303/3 4/11/3
f 388/1303/3 389/1304/3 4/11/3
f 389/1304/3 390/1300/3 4/11/3
f 191/1296/3 188/1305/3 4/11/3
f 4/11/3 7/1306/3 8/1307/3
f 8/1307/3 387/1302/3 4/11/3
f 1/1308/3 4/11/3 397/1268/3
f 6/9/3 3/1309/3 411/1272/3
f 3/1309/3 1/1308/3 411/1272/3
f 433/1310/3 434/12/3 6/9/3
f 431/1311/3 433/1310/3 6/9/3
f 4/11/3 188/1305/3 397/1268/3
f 430/1312/3 431/1311/3 6/9/3
f 426/1313/3 428/1314/3 6/9/3
f 428/1314/3 429/1315/3 6/9/3
f 429/1315/3 430/1312/3 6/9/3
f 1/1308/3 397/1268/3 411/1272/3
f 423/1316/3 424/1317/3 6/9/3
f 424/1317/3 425/1318/3 6/9/3
f 425/1318/3 426/1313/3 6/9/3
f 6/9/3 411/1272/3 413/1319/3
f 421/8/3 423/1316/3 6/9/3
f 6/9/3 413/1319/3 414/1320/3
f 414/1320/3 417/1321/3 6/9/3
f 417/1321/3 418/1322/3 6/9/3
f 418/1322/3 419/1323/3 6/9/3
f 419/1323/3 420/7/3 6/9/3
f 438/10/4 6/9/4 4/11/4
f 68/1324/3 67/1325/144 66/1326/5
f 66/1326/5 60/1327/3 59/1328/3
f 59/1328/3 58/1329/3 57/1330/3
f 57/1330/3 51/1331/3 50/1332/3
f 48/13/3 47/1333/60 45/1334/5
f 57/1330/3 50/1332/3 70/1335/60
f 50/1332/3 48/13/3 435/1336/3
f 70/1335/60 50/1332/3 435/1336/3
f 66/1326/5 59/1328/3 57/1330/3
f 69/1337/3 68/1324/3 70/1335/60
f 68/1324/3 66/1326/5 70/1335/60
f 75/1338/60 70/1335/60 435/1336/3
f 66/1326/5 57/1330/3 70/1335/60
f 48/13/3 45/1334/5 9/14/5
f 45/1334/5 44/1339/60 37/1340/60
f 37/1340/60 36/1341/3 34/1342/3
f 34/1342/3 33/1343/3 31/1344/3
f 31/1344/3 30/1345/3 23/1346/3
f 23/1346/3 22/1347/5 20/1348/3
f 20/1348/3 19/1349/3 17/1350/3
f 17/1350/3 16/1351/3 9/14/5
f 7/1306/3 4/11/3 434/12/3
f 4/11/3 6/9/3 434/12/3
f 17/1350/3 9/14/5 45/1334/5
f 9/14/5 7/1306/3 434/12/3
f 23/1346/3 20/1348/3 45/1334/5
f 20/1348/3 17/1350/3 45/1334/5
f 34/1342/3 31/1344/3 45/1334/5
f 31/1344/3 23/1346/3 45/1334/5
f 45/1334/5 37/1340/60 34/1342/3
f 435/1336/3 48/13/3 434/12/3
f 10/15/6 12/23/6 8/16/6
f 9/18/7 16/27/7 11/19/7
f 16/27/7 13/26/7 11/19/7
f 13/26/7 10/21/7 11/19/7
f 13/22/3 14/25/3 12/23/3
f 15/24/3 232/40/3 14/25/3
f 17/29/8 19/32/8 18/28/8
f 19/32/8 15/34/8 18/28/8
f 15/34/8 13/26/8 18/28/8
f 20/30/9 22/37/9 21/31/9
f 22/37/9 24/33/9 21/31/9
f 15/34/9 19/32/9 21/31/9
f 23/35/10 30/45/10 25/36/10
f 30/45/10 27/38/10 25/36/10
f 24/33/10 22/37/10 25/36/10
f 24/39/3 26/42/3 232/40/3
f 27/41/3 28/44/3 26/42/3
f 29/43/3 239/57/3 28/44/3
f 31/47/11 33/50/11 32/46/11
f 33/50/11 29/52/11 32/46/11
f 29/52/11 27/38/11 32/46/11
f 34/48/13 36/55/145 35/49/13
f 36/55/145 38/51/13 35/49/13
f 29/52/13 33/50/13 35/49/13
f 37/53/14 44/63/14 39/54/15
f 44/63/14 41/62/14 39/54/15
f 41/62/14 38/51/14 39/54/15
f 38/56/3 40/59/3 239/57/3
f 41/58/3 42/61/3 40/59/3
f 43/60/3 246/74/3 42/61/3
f 45/65/16 47/68/16 46/64/16
f 47/68/16 43/69/16 46/64/16
f 43/69/16 41/62/16 46/64/16
f 48/66/17 50/1352/18 49/67/18
f 50/1352/18 52/70/17 49/67/18
f 52/70/17 43/69/18 49/67/18
f 52/70/19 50/1352/19 51/71/19
f 43/60/3 52/75/3 53/73/3
f 52/75/3 54/77/3 55/76/3
f 54/77/3 56/86/3 253/78/3
f 57/79/20 58/1353/20 56/80/20
f 56/80/22 58/1353/22 59/83/22
f 56/86/3 61/88/3 62/87/3
f 61/88/3 63/91/3 64/89/3
f 66/90/24 63/93/24 61/84/24
f 63/91/3 65/100/3 437/92/3
f 63/93/25 67/96/25 68/94/25
f 65/95/26 68/94/26 69/97/26
f 65/100/3 71/102/3 72/101/3
f 71/102/3 73/105/3 76/103/3
f 70/99/27 75/107/146 73/104/27
f 73/105/3 74/471/3 77/106/3
f 435/473/28 434/1354/28 436/108/28
f 434/1354/28 74/471/28 436/108/28
f 74/471/28 73/104/28 436/108/28
f 76/103/3 77/106/3 79/109/3
f 72/101/3 76/103/3 78/110/3
f 78/110/3 79/109/3 432/112/3
f 81/111/3 78/110/3 80/113/3
f 437/92/3 72/101/3 81/111/3
f 82/115/3 81/111/3 83/114/3
f 84/116/3 83/114/3 85/117/3
f 83/114/3 80/113/3 88/119/3
f 86/118/3 85/117/3 87/120/3
f 85/117/3 88/119/3 90/122/3
f 80/113/3 432/112/3 89/123/3
f 88/119/3 89/123/3 91/124/3
f 90/122/3 91/124/3 93/125/3
f 87/120/3 90/122/3 92/126/3
f 92/126/3 93/125/3 427/128/3
f 95/127/3 92/126/3 94/129/3
f 262/121/3 87/120/3 95/127/3
f 96/131/3 95/127/3 97/130/3
f 98/132/3 97/130/3 99/133/3
f 97/130/3 94/129/3 102/135/3
f 99/133/3 101/137/3 271/136/3
f 102/135/3 104/139/3 101/137/3
f 94/129/3 427/128/3 103/138/3
f 103/138/3 105/140/3 104/139/3
f 105/140/3 107/143/3 106/141/3
f 104/139/3 106/141/3 109/142/3
f 107/143/3 422/153/3 108/144/3
f 106/141/3 108/144/3 111/145/3
f 101/137/3 109/142/3 110/146/3
f 109/142/3 111/145/3 112/147/3
f 111/145/3 113/149/3 114/148/3
f 108/144/3 116/151/3 113/149/3
f 113/149/3 115/152/3 280/150/3
f 116/151/3 118/155/3 115/152/3
f 422/153/3 117/154/3 116/151/3
f 117/154/3 119/156/3 118/155/3
f 119/156/3 121/159/3 120/157/3
f 118/155/3 120/157/3 123/158/3
f 121/159/3 416/455/3 122/160/3
f 120/157/3 122/160/3 125/161/3
f 115/152/3 123/158/3 124/162/3
f 123/158/3 125/161/3 126/163/3
f 125/161/3 127/165/3 128/164/3
f 122/160/3 129/167/3 127/165/3
f 127/165/3 130/168/3 133/166/3
f 129/167/3 132/449/3 130/168/3
f 130/169/29 131/173/29 134/170/29
f 132/172/30 409/452/30 131/173/30
f 133/171/31 134/170/31 136/174/31
f 128/164/3 133/166/3 135/176/3
f 137/178/33 407/1355/33 138/179/33
f 139/177/3 135/176/3 138/180/3
f 126/163/3 128/164/3 139/177/3
f 140/182/3 139/177/3 141/181/3
f 142/183/3 141/181/3 143/184/3
f 141/181/3 138/180/3 146/186/3
f 144/185/3 143/184/3 145/187/3
f 143/184/3 146/186/3 149/189/3
f 138/179/36 407/1355/36 147/190/36
f 148/191/35 150/1356/35 149/193/35
f 149/193/37 150/1356/37 152/194/37
f 145/187/3 149/189/3 151/196/3
f 153/198/38 166/1357/38 154/199/38
f 157/200/3 155/197/3 151/196/3
f 386/188/3 145/187/3 155/197/3
f 158/203/3 156/202/3 155/197/3
f 160/204/3 158/203/3 157/200/3
f 159/205/3 157/200/3 154/201/3
f 385/207/3 160/204/3 159/205/3
f 161/208/3 159/205/3 162/206/3
f 163/210/39 162/213/39 164/211/39
f 154/199/40 166/1357/40 164/211/40
f 169/214/41 163/210/41 165/212/41
f 168/216/42 405/447/42 170/217/42
f 173/218/3 171/221/3 169/219/3
f 171/221/3 161/208/3 163/209/3
f 172/222/3 385/207/3 161/208/3
f 174/223/3 172/222/3 171/221/3
f 176/224/3 174/223/3 173/218/3
f 175/225/3 173/218/3 170/220/3
f 384/227/3 176/224/3 175/225/3
f 177/228/3 175/225/3 178/226/3
f 181/232/43 180/1358/44 403/230/43
f 180/1358/44 178/1359/43 403/230/43
f 178/1359/43 179/235/44 403/230/43
f 179/235/45 178/1359/45 406/233/45
f 178/1359/45 170/217/45 406/233/45
f 170/217/45 405/447/45 406/233/45
f 184/238/46 182/1360/46 401/236/46
f 182/1360/46 180/1358/46 401/236/46
f 180/1358/46 181/232/46 401/236/46
f 185/239/3 177/228/3 180/229/3
f 187/241/3 185/239/3 182/240/3
f 397/245/47 183/1361/47 399/243/47
f 183/1361/47 182/1360/47 399/243/47
f 182/1360/47 184/238/47 399/243/47
f 186/246/3 384/227/3 177/228/3
f 189/247/3 186/246/3 185/239/3
f 189/247/6 187/241/6 188/248/6
f 187/241/6 183/242/6 397/250/6
f 190/251/3 383/257/3 186/246/3
f 190/251/6 189/247/6 191/249/6
f 195/253/6 190/251/6 192/252/6
f 197/255/6 195/253/6 193/254/6
f 195/253/3 196/258/3 383/257/3
f 197/255/3 200/260/3 196/258/3
f 198/259/3 202/264/3 200/260/3
f 198/259/49 197/255/6 199/261/49
f 200/260/3 201/265/3 373/263/3
f 202/264/3 203/268/3 201/265/3
f 205/266/3 204/267/3 202/264/3
f 204/267/3 206/271/3 203/268/3
f 208/269/3 207/270/3 204/267/3
f 207/270/3 209/274/3 206/271/3
f 211/272/3 210/273/3 207/270/3
f 210/273/3 212/432/3 209/274/3
f 213/275/3 210/273/3 211/272/3
f 215/277/3 212/432/3 210/273/3
f 216/278/3 213/275/3 214/276/3
f 218/280/3 215/277/3 213/275/3
f 219/281/3 216/278/3 217/279/3
f 221/283/3 218/280/3 216/278/3
f 222/284/3 219/281/3 220/282/3
f 224/286/3 221/283/3 219/281/3
f 225/287/3 222/284/3 223/285/3
f 227/289/3 224/286/3 222/284/3
f 228/290/3 225/287/3 226/288/3
f 230/292/3 227/289/3 225/287/3
f 14/25/3 228/290/3 229/291/3
f 232/40/3 230/292/3 228/290/3
f 231/293/3 233/295/3 227/289/3
f 26/42/3 231/293/3 230/292/3
f 234/294/3 235/297/3 233/295/3
f 28/44/3 234/294/3 231/293/3
f 236/296/3 237/299/3 235/297/3
f 239/57/3 236/296/3 234/294/3
f 238/298/3 240/301/3 237/299/3
f 40/59/3 238/298/3 236/296/3
f 241/300/3 242/303/3 240/301/3
f 42/61/3 241/300/3 238/298/3
f 243/302/3 244/305/3 242/303/3
f 246/74/3 243/302/3 241/300/3
f 245/304/3 247/307/3 244/305/3
f 53/73/3 245/304/3 243/302/3
f 245/304/3 248/308/3 249/306/3
f 53/73/3 55/76/3 248/308/3
f 248/308/3 250/310/3 251/309/3
f 55/76/3 253/78/3 250/310/3
f 250/310/3 252/312/3 254/311/3
f 253/78/3 62/87/3 252/312/3
f 252/312/3 255/314/3 256/313/3
f 62/87/3 64/89/3 255/314/3
f 255/314/3 82/115/3 84/116/3
f 64/89/3 437/92/3 82/115/3
f 254/311/3 256/313/3 257/315/3
f 256/313/3 84/116/3 86/118/3
f 258/316/3 257/315/3 259/317/3
f 257/315/3 86/118/3 262/121/3
f 260/318/3 259/317/3 261/319/3
f 259/317/3 262/121/3 96/131/3
f 263/320/3 261/319/3 264/321/3
f 261/319/3 96/131/3 98/132/3
f 265/322/3 264/321/3 266/323/3
f 264/321/3 98/132/3 100/134/3
f 266/323/3 268/326/3 269/325/3
f 100/134/3 271/136/3 268/326/3
f 268/326/3 270/328/3 272/327/3
f 271/136/3 110/146/3 270/328/3
f 270/328/3 273/330/3 274/329/3
f 110/146/3 112/147/3 273/330/3
f 273/330/3 275/332/3 276/331/3
f 112/147/3 114/148/3 275/332/3
f 275/332/3 277/334/3 278/333/3
f 114/148/3 280/150/3 277/334/3
f 277/334/3 279/336/3 281/335/3
f 280/150/3 124/162/3 279/336/3
f 279/336/3 140/182/3 142/183/3
f 124/162/3 126/163/3 140/182/3
f 278/333/3 281/335/3 282/337/3
f 281/335/3 142/183/3 144/185/3
f 284/338/3 282/337/3 283/339/3
f 282/337/3 144/185/3 386/188/3
f 286/341/3 284/338/3 285/340/3
f 276/331/3 278/333/3 284/338/3
f 288/343/3 286/341/3 287/342/3
f 274/329/3 276/331/3 286/341/3
f 290/345/3 288/343/3 289/344/3
f 272/327/3 274/329/3 288/343/3
f 292/347/3 290/345/3 291/346/3
f 269/325/3 272/327/3 290/345/3
f 294/349/3 292/347/3 293/348/3
f 267/324/3 269/325/3 292/347/3
f 297/351/3 296/352/3 294/349/3
f 296/352/3 265/322/3 267/324/3
f 299/353/3 298/354/3 296/352/3
f 298/354/3 263/320/3 265/322/3
f 301/355/3 300/356/3 298/354/3
f 300/356/3 260/318/3 263/320/3
f 303/357/3 302/358/3 300/356/3
f 302/358/3 258/316/3 260/318/3
f 249/306/3 251/309/3 302/358/3
f 251/309/3 254/311/3 258/316/3
f 247/307/3 249/306/3 303/357/3
f 304/359/3 303/357/3 301/355/3
f 247/307/3 304/359/3 305/361/3
f 305/361/3 304/359/3 306/360/3
f 307/362/3 306/360/3 308/363/3
f 306/360/3 301/355/3 299/353/3
f 308/363/3 310/366/3 311/365/3
f 308/363/3 299/353/3 297/351/3
f 311/365/3 310/366/3 312/367/3
f 310/366/3 297/351/3 295/350/3
f 312/367/3 314/370/3 315/369/3
f 295/350/3 293/348/3 314/370/3
f 315/369/3 314/370/3 316/371/3
f 293/348/3 291/346/3 316/371/3
f 316/371/3 318/374/3 319/373/3
f 291/346/3 289/344/3 318/374/3
f 319/373/3 318/374/3 320/375/3
f 289/344/3 287/342/3 320/375/3
f 321/376/3 320/375/3 322/377/3
f 287/342/3 285/340/3 322/377/3
f 322/377/3 324/380/3 325/379/3
f 285/340/3 283/339/3 324/380/3
f 324/380/3 156/202/3 158/203/3
f 283/339/3 386/188/3 156/202/3
f 328/381/3 323/378/3 325/379/3
f 326/382/3 325/379/3 158/203/3
f 329/383/3 328/381/3 326/382/3
f 327/384/3 326/382/3 160/204/3
f 331/385/3 330/386/3 328/381/3
f 330/386/3 321/376/3 323/378/3
f 333/387/3 332/388/3 330/386/3
f 332/388/3 319/373/3 321/376/3
f 335/389/3 334/390/3 332/388/3
f 334/390/3 317/372/3 319/373/3
f 337/391/3 336/392/3 334/390/3
f 336/392/3 315/369/3 317/372/3
f 339/393/3 338/394/3 336/392/3
f 338/394/3 313/368/3 315/369/3
f 340/395/3 338/394/3 339/393/3
f 311/365/3 313/368/3 338/394/3
f 342/397/3 340/395/3 341/396/3
f 309/364/3 311/365/3 340/395/3
f 344/399/3 342/397/3 343/398/3
f 307/362/3 309/364/3 342/397/3
f 346/401/3 344/399/3 345/400/3
f 305/361/3 307/362/3 344/399/3
f 242/303/3 346/401/3 347/402/3
f 244/305/3 305/361/3 346/401/3
f 240/301/3 347/402/3 348/403/3
f 347/402/3 345/400/3 350/404/3
f 237/299/3 348/403/3 349/405/3
f 348/403/3 350/404/3 351/406/3
f 350/404/3 352/408/3 353/407/3
f 345/400/3 343/398/3 352/408/3
f 352/408/3 354/410/3 355/409/3
f 343/398/3 341/396/3 354/410/3
f 354/410/3 356/412/3 357/411/3
f 341/396/3 339/393/3 356/412/3
f 357/411/3 356/412/3 358/413/3
f 356/412/3 339/393/3 337/391/3
f 359/414/3 358/413/3 360/415/3
f 358/413/3 337/391/3 335/389/3
f 361/416/3 360/415/3 362/417/3
f 360/415/3 335/389/3 333/387/3
f 363/418/3 362/417/3 364/419/3
f 362/417/3 333/387/3 331/385/3
f 365/420/3 364/419/3 366/421/3
f 364/419/3 331/385/3 329/383/3
f 367/422/3 366/421/3 368/423/3
f 366/421/3 329/383/3 327/384/3
f 369/424/3 368/423/3 172/222/3
f 368/423/3 327/384/3 385/207/3
f 372/425/3 367/422/3 369/424/3
f 370/426/3 369/424/3 174/223/3
f 373/263/3 372/425/3 370/426/3
f 371/427/3 370/426/3 176/224/3
f 201/265/3 374/428/3 372/425/3
f 374/428/3 365/420/3 367/422/3
f 203/268/3 375/429/3 374/428/3
f 375/429/3 363/418/3 365/420/3
f 206/271/3 376/430/3 375/429/3
f 376/430/3 361/416/3 363/418/3
f 209/274/3 377/431/3 376/430/3
f 377/431/3 359/414/3 361/416/3
f 212/432/3 378/433/3 377/431/3
f 378/433/3 357/411/3 359/414/3
f 379/434/3 378/433/3 212/432/3
f 355/409/3 357/411/3 378/433/3
f 380/435/3 379/434/3 215/277/3
f 353/407/3 355/409/3 379/434/3
f 381/436/3 380/435/3 218/280/3
f 351/406/3 353/407/3 380/435/3
f 382/437/3 381/436/3 221/283/3
f 349/405/3 351/406/3 381/436/3
f 233/295/3 382/437/3 224/286/3
f 235/297/3 349/405/3 382/437/3
f 196/258/3 373/263/3 371/427/3
f 383/257/3 371/427/3 384/227/3
f 12/23/6 229/291/6 387/438/6
f 229/291/6 226/288/6 388/439/6
f 226/288/6 223/285/6 389/440/6
f 223/285/6 220/282/6 390/441/6
f 220/282/6 217/279/6 391/442/6
f 217/279/6 214/276/6 392/443/6
f 214/276/6 211/272/6 393/444/6
f 211/272/6 208/269/6 394/445/6
f 208/269/6 205/266/6 395/446/6
f 205/266/6 198/259/49 396/262/49
f 415/448/3 408/454/3 132/449/3
f 409/452/50 132/172/50 412/450/50
f 132/172/50 408/454/50 412/450/50
f 408/454/50 411/453/50 412/450/50
f 415/448/51 413/456/51 411/453/51
f 416/455/51 414/457/51 413/456/51
f 416/455/3 415/448/3 129/167/3
f 121/159/51 417/458/51 414/457/51
f 119/156/51 418/459/51 417/458/51
f 117/154/51 419/460/51 418/459/51
f 422/153/52 420/461/52 419/460/51
f 107/143/51 421/462/51 420/461/52
f 105/140/51 423/463/51 421/462/51
f 103/138/51 424/464/51 423/463/51
f 427/128/51 425/465/51 424/464/51
f 93/125/51 426/466/51 425/465/51
f 91/124/51 428/467/51 426/466/51
f 89/123/51 429/468/51 428/467/51
f 432/112/51 430/469/51 429/468/51
f 79/109/51 431/470/51 430/469/51
f 77/106/51 433/472/51 431/470/51
f 74/471/51 434/1354/51 433/472/51
f 439/474/53 3/1362/53 6/9/53
f 2/5/54 439/1262/54 438/10/54
f 441/475/51 443/1363/51 464/476/51
f 543/478/54 447/481/54 480/479/54
f 447/481/6 445/961/6 496/482/6
f 575/483/3 441/1364/3 463/484/3
f 446/486/55 444/525/55 559/487/55
f 443/489/56 441/1365/56 575/490/56
f 544/492/3 591/495/3 448/493/3
f 591/495/3 607/497/3 449/496/3
f 607/497/3 615/499/3 450/498/3
f 615/499/3 617/501/3 451/500/3
f 617/501/3 619/503/3 452/502/3
f 619/503/3 621/505/3 453/504/3
f 621/505/3 623/507/3 454/506/3
f 623/507/3 625/510/3 455/508/3
f 627/509/3 456/512/3 455/508/3
f 629/511/3 457/514/3 456/512/3
f 631/513/3 458/516/3 457/514/3
f 633/515/3 459/518/3 458/516/3
f 635/517/3 460/520/3 459/518/3
f 637/519/3 461/522/3 460/520/3
f 639/521/3 462/523/3 461/522/3
f 651/485/3 463/484/3 462/523/3
f 495/524/6 511/527/6 444/525/6
f 494/526/6 510/529/6 511/527/6
f 493/528/6 509/531/6 510/529/6
f 492/530/6 508/533/6 509/531/6
f 491/532/6 507/535/6 508/533/6
f 490/534/6 506/537/6 507/535/6
f 489/536/6 505/539/6 506/537/6
f 488/538/6 504/541/6 505/539/6
f 487/540/6 503/543/6 504/541/6
f 486/542/6 502/545/6 503/543/6
f 485/544/6 501/547/6 502/545/6
f 484/546/6 500/549/6 501/547/6
f 483/548/6 499/551/6 500/549/6
f 482/550/6 498/553/6 499/551/6
f 481/552/6 497/554/6 498/553/6
f 480/479/6 496/482/6 497/554/6
f 512/555/54 667/556/54 495/524/54
f 667/556/54 683/557/54 494/526/54
f 683/557/54 691/558/54 493/528/54
f 691/558/54 693/559/54 492/530/54
f 693/559/54 695/560/54 491/532/54
f 695/560/54 697/561/54 490/534/54
f 697/561/54 699/562/54 489/536/54
f 699/562/54 701/564/54 488/538/54
f 703/563/54 487/540/54 488/538/54
f 705/565/54 486/542/54 487/540/54
f 707/566/54 485/544/54 486/542/54
f 709/567/54 484/546/54 485/544/54
f 711/568/54 483/548/54 484/546/54
f 713/569/54 482/550/54 483/548/54
f 715/570/54 481/552/54 482/550/54
f 727/480/54 480/479/54 481/552/54
f 448/571/51 479/575/51 442/572/51
f 449/574/51 478/577/51 479/575/51
f 450/576/51 477/579/51 478/577/51
f 451/578/51 476/581/51 477/579/51
f 452/580/51 475/583/51 476/581/51
f 453/582/51 474/585/51 475/583/51
f 454/584/51 473/587/51 474/585/51
f 455/586/51 472/589/51 473/587/51
f 456/588/51 471/591/51 472/589/51
f 457/590/51 470/593/51 471/591/51
f 458/592/51 469/595/51 470/593/51
f 459/594/51 468/597/51 469/595/51
f 460/596/51 467/599/51 468/597/51
f 461/598/51 466/601/51 467/599/51
f 462/600/51 465/602/51 466/601/51
f 463/477/51 464/476/51 465/602/51
f 465/602/54 464/476/54 716/603/54
f 729/641/54 714/604/54 730/605/54
f 714/604/54 716/603/54 728/606/54
f 732/607/54 731/1053/54 717/608/54
f 733/609/54 717/608/54 734/611/54
f 717/608/54 718/612/54 734/611/54
f 718/612/54 736/1366/54 735/610/54
f 736/1366/54 718/612/54 737/615/54
f 718/612/54 719/613/54 737/615/54
f 738/614/54 719/613/54 739/618/54
f 719/613/54 720/616/54 739/618/54
f 740/617/54 720/616/54 741/621/54
f 720/616/54 721/619/54 741/621/54
f 742/620/54 721/619/54 743/623/54
f 721/619/54 722/1058/54 744/622/54
f 722/1058/54 745/1367/54 744/622/54
f 745/1367/54 722/1058/54 746/626/54
f 722/1058/54 723/624/54 746/626/54
f 747/625/54 723/624/54 748/629/54
f 723/624/54 724/627/54 748/629/54
f 749/628/54 724/627/54 750/632/54
f 724/627/54 725/630/54 750/632/54
f 753/635/54 752/1368/54 725/630/54
f 752/1368/54 751/631/54 725/630/54
f 725/630/54 726/633/54 753/635/54
f 726/633/54 756/1065/54 755/636/57
f 758/638/54 727/480/54 715/570/54
f 715/570/54 759/643/54 757/637/54
f 466/601/54 465/602/54 714/604/54
f 760/645/54 712/639/54 761/640/54
f 712/639/54 714/604/54 729/641/54
f 759/643/54 715/570/54 713/569/54
f 713/569/54 763/1369/54 762/642/54
f 467/599/54 466/601/54 712/639/54
f 764/651/54 710/644/54 765/1370/54
f 710/644/54 712/639/54 766/646/54
f 765/1370/54 710/644/54 766/646/54
f 763/1369/54 713/569/54 767/648/54
f 713/569/54 711/568/54 767/648/54
f 711/568/54 768/653/54 769/647/54
f 468/597/54 467/599/54 710/644/54
f 770/655/54 708/649/54 771/650/54
f 708/649/54 710/644/54 764/651/54
f 768/653/54 711/568/54 709/567/54
f 709/567/54 773/1371/54 772/652/54
f 469/595/54 468/597/54 708/649/54
f 774/660/54 706/654/54 775/656/54
f 706/654/54 708/649/54 775/656/54
f 773/1371/54 709/567/54 776/658/54
f 709/567/54 707/566/54 776/658/54
f 470/593/54 469/595/54 706/654/54
f 779/665/54 704/659/54 780/1372/54
f 704/659/54 706/654/54 778/661/54
f 780/1372/54 704/659/54 778/661/54
f 777/657/54 707/566/54 781/663/54
f 707/566/54 705/565/54 781/663/54
f 705/565/54 782/1373/54 783/662/54
f 471/591/54 470/593/54 704/659/54
f 784/670/54 702/664/54 785/666/54
f 702/664/54 704/659/54 785/666/54
f 782/1373/54 705/565/54 786/668/54
f 705/565/54 703/563/54 786/668/54
f 472/589/54 471/591/54 702/664/54
f 788/675/54 700/669/54 789/671/54
f 700/669/54 702/664/54 789/671/54
f 787/667/54 703/563/54 790/673/54
f 703/563/54 701/564/54 790/673/54
f 472/589/54 700/669/54 698/674/54
f 792/680/54 698/674/54 793/1374/54
f 698/674/54 700/669/54 794/676/54
f 793/1374/54 698/674/54 794/676/54
f 791/672/54 701/564/54 795/678/54
f 701/564/54 699/562/54 795/678/54
f 699/562/54 796/1375/54 797/677/54
f 473/587/54 698/674/54 696/679/54
f 798/685/54 696/679/54 799/681/54
f 696/679/54 698/674/54 799/681/54
f 801/683/54 796/1375/54 699/562/54
f 699/562/54 697/561/54 801/683/54
f 474/585/54 696/679/54 694/684/54
f 802/690/54 694/684/54 803/686/54
f 694/684/54 696/679/54 803/686/54
f 800/682/54 697/561/54 804/688/54
f 697/561/54 695/560/54 804/688/54
f 475/583/54 694/684/54 692/689/54
f 806/695/54 692/689/54 807/691/54
f 692/689/54 694/684/54 807/691/54
f 805/687/54 695/560/54 808/693/54
f 695/560/54 693/559/54 808/693/54
f 476/581/54 692/689/54 684/694/54
f 810/719/54 684/694/54 811/696/54
f 684/694/54 692/689/54 811/696/54
f 685/697/54 814/730/54 813/698/58
f 815/700/54 816/702/54 686/701/54
f 686/701/54 685/697/54 815/700/54
f 817/703/54 818/705/54 687/704/54
f 687/704/54 686/701/54 817/703/54
f 819/706/54 820/1376/54 688/707/54
f 820/1376/54 821/708/54 688/707/54
f 688/707/54 687/704/54 819/706/54
f 822/709/54 823/711/54 689/710/54
f 689/710/54 688/707/54 822/709/54
f 824/712/54 825/1377/54 690/713/54
f 690/713/54 689/710/54 824/712/54
f 690/713/54 825/1377/54 826/714/54
f 809/692/54 693/559/54 828/717/54
f 693/559/54 691/558/54 828/717/54
f 477/579/54 684/694/54 668/718/54
f 830/720/54 831/722/54 669/721/54
f 669/721/54 668/718/54 830/720/54
f 668/718/54 684/694/54 830/720/54
f 833/723/54 832/725/54 670/724/54
f 670/724/54 669/721/54 833/723/54
f 835/1378/54 671/753/54 834/726/54
f 671/753/54 670/724/54 834/726/54
f 838/1379/54 672/729/54 837/728/54
f 672/729/54 671/753/54 836/727/54
f 671/753/54 835/1378/54 836/727/54
f 673/731/54 672/729/54 814/730/54
f 672/729/54 838/1379/54 814/730/54
f 685/697/54 686/701/54 674/732/54
f 686/701/54 687/704/54 675/733/54
f 687/704/54 688/707/54 676/734/54
f 676/734/54 688/707/54 689/710/54
f 677/735/54 689/710/54 690/713/54
f 839/1380/54 679/739/54 827/715/54
f 679/739/54 678/736/54 827/715/54
f 842/741/54 680/740/54 841/738/54
f 680/740/54 679/739/54 841/738/54
f 679/739/54 839/1380/54 840/737/54
f 844/744/54 681/743/54 843/742/54
f 681/743/54 680/740/54 843/742/54
f 846/747/54 682/746/54 845/745/54
f 682/746/54 681/743/54 845/745/54
f 829/716/54 691/558/54 847/748/54
f 691/558/54 683/557/54 847/748/54
f 683/557/54 682/746/54 847/748/54
f 478/577/54 668/718/54 652/749/54
f 668/718/54 669/721/54 653/750/54
f 669/721/54 670/724/54 654/751/54
f 670/724/54 671/753/54 655/752/54
f 671/753/54 672/729/54 656/754/54
f 672/729/54 673/731/54 657/755/54
f 673/731/54 674/732/54 658/756/54
f 674/732/54 675/733/54 659/757/54
f 675/733/54 676/734/54 660/758/54
f 660/758/54 676/734/54 677/735/54
f 661/759/54 677/735/54 678/736/54
f 662/760/54 678/736/54 679/739/54
f 663/761/54 679/739/54 680/740/54
f 664/762/54 680/740/54 681/743/54
f 665/763/54 681/743/54 682/746/54
f 666/764/54 682/746/54 683/557/54
f 479/575/54 652/749/54 527/765/54
f 652/749/54 653/750/54 526/766/54
f 653/750/54 654/751/54 525/767/54
f 654/751/54 655/752/54 524/768/54
f 655/752/54 656/754/54 523/769/54
f 656/754/54 657/755/54 522/770/54
f 657/755/54 658/756/54 521/771/54
f 658/756/54 659/757/54 520/772/54
f 520/772/54 659/757/54 660/758/54
f 519/773/54 660/758/54 661/759/54
f 518/774/54 661/759/54 662/760/54
f 517/775/54 662/760/54 663/761/54
f 516/776/54 663/761/54 664/762/54
f 515/777/54 664/762/54 665/763/54
f 514/778/54 665/763/54 666/764/54
f 513/779/54 666/764/54 667/556/54
f 497/554/3 496/482/3 640/780/3
f 850/820/3 638/781/3 849/782/3
f 638/781/3 640/780/3 848/783/3
f 641/784/3 853/1381/3 851/785/59
f 854/787/3 853/1381/3 641/784/3
f 641/784/3 642/788/3 854/787/3
f 642/788/3 856/1382/3 855/789/3
f 857/792/3 856/1382/3 642/788/3
f 642/788/3 643/790/3 857/792/3
f 859/795/3 858/791/3 643/790/3
f 643/790/3 644/793/3 859/795/3
f 861/798/3 860/794/3 644/793/3
f 644/793/3 645/796/3 861/798/3
f 863/799/3 862/797/3 645/796/3
f 645/796/3 646/800/3 863/799/3
f 646/800/3 865/1383/3 864/801/3
f 866/804/3 865/1383/3 646/800/3
f 646/800/3 647/802/3 866/804/3
f 868/807/3 867/803/3 647/802/3
f 647/802/3 648/805/3 868/807/3
f 870/810/3 869/806/3 648/805/3
f 648/805/3 649/808/3 870/810/3
f 873/812/3 871/809/3 649/808/3
f 649/808/3 650/814/3 872/811/3
f 650/814/3 874/1384/3 872/811/3
f 876/813/3 874/1384/3 650/814/3
f 877/817/3 878/1043/3 639/521/3
f 878/1043/3 651/485/3 639/521/3
f 498/553/3 497/554/3 638/781/3
f 881/1385/3 636/818/3 880/819/3
f 636/818/3 638/781/3 850/820/3
f 882/822/3 879/816/3 637/519/3
f 879/816/3 639/521/3 637/519/3
f 499/551/3 498/553/3 636/818/3
f 885/825/3 884/830/3 634/823/3
f 634/823/3 636/818/3 886/824/3
f 636/818/3 881/1385/3 886/824/3
f 887/827/3 883/821/3 637/519/3
f 637/519/3 635/517/3 887/827/3
f 635/517/3 889/1386/3 888/826/3
f 500/549/3 499/551/3 634/823/3
f 891/834/3 632/828/3 890/829/3
f 632/828/3 634/823/3 884/830/3
f 892/832/3 889/1386/3 633/515/3
f 889/1386/3 635/517/3 633/515/3
f 501/547/3 500/549/3 632/828/3
f 895/1387/3 630/833/3 894/835/3
f 630/833/3 632/828/3 894/835/3
f 896/837/3 893/831/3 633/515/3
f 633/515/3 631/513/3 896/837/3
f 502/545/3 501/547/3 630/833/3
f 900/840/3 899/844/3 628/838/3
f 628/838/3 630/833/3 898/839/3
f 630/833/3 895/1387/3 898/839/3
f 901/842/3 897/836/3 631/513/3
f 631/513/3 629/511/3 901/842/3
f 629/511/3 903/1388/3 902/841/3
f 503/543/3 502/545/3 628/838/3
f 905/849/3 626/843/3 904/845/3
f 626/843/3 628/838/3 904/845/3
f 906/847/3 903/1388/3 629/511/3
f 629/511/3 627/509/3 906/847/3
f 504/541/3 503/543/3 626/843/3
f 909/1389/3 624/848/3 908/850/3
f 624/848/3 626/843/3 908/850/3
f 910/852/3 907/846/3 627/509/3
f 627/509/3 625/510/3 910/852/3
f 504/541/3 624/848/3 622/853/3
f 913/855/3 912/859/3 622/853/3
f 622/853/3 624/848/3 914/854/3
f 624/848/3 909/1389/3 914/854/3
f 915/857/3 911/851/3 625/510/3
f 625/510/3 623/507/3 915/857/3
f 623/507/3 917/1390/3 916/856/3
f 505/539/3 622/853/3 620/858/3
f 919/864/3 620/858/3 918/860/3
f 620/858/3 622/853/3 918/860/3
f 917/1390/3 623/507/3 920/862/3
f 623/507/3 621/505/3 920/862/3
f 506/537/3 620/858/3 618/863/3
f 923/869/3 618/863/3 922/865/3
f 618/863/3 620/858/3 922/865/3
f 924/867/3 921/861/3 621/505/3
f 621/505/3 619/503/3 924/867/3
f 507/535/3 618/863/3 616/868/3
f 927/874/3 616/868/3 926/870/3
f 616/868/3 618/863/3 926/870/3
f 928/872/3 925/866/3 619/503/3
f 619/503/3 617/501/3 928/872/3
f 508/533/3 616/868/3 608/873/3
f 931/898/3 608/873/3 930/875/3
f 608/873/3 616/868/3 930/875/3
f 609/876/3 932/910/3 933/877/60
f 935/879/5 936/881/60 610/880/3
f 610/880/3 609/876/3 935/879/5
f 937/882/3 938/1391/3 611/884/3
f 611/884/3 610/880/3 937/882/3
f 940/883/3 941/887/3 612/886/3
f 612/886/3 611/884/3 940/883/3
f 611/884/3 938/1391/3 939/885/3
f 942/888/3 943/890/3 613/889/3
f 613/889/3 612/886/3 942/888/3
f 944/891/3 945/1392/5 614/892/3
f 614/892/3 613/889/3 944/891/3
f 614/892/3 945/1392/5 947/893/3
f 948/896/3 929/871/3 617/501/3
f 617/501/3 615/499/3 948/896/3
f 509/531/3 608/873/3 592/897/3
f 950/899/3 951/901/3 593/900/3
f 593/900/3 592/897/3 950/899/3
f 592/897/3 608/873/3 950/899/3
f 952/902/3 953/904/3 594/903/3
f 594/903/3 593/900/3 952/902/3
f 954/905/3 955/1393/3 595/933/3
f 595/933/3 594/903/3 954/905/3
f 957/907/3 958/909/3 596/908/3
f 596/908/3 595/933/3 956/906/3
f 595/933/3 955/1393/3 956/906/3
f 932/910/3 609/876/3 597/912/3
f 597/912/3 596/908/3 932/910/3
f 609/876/3 610/880/3 598/911/3
f 610/880/3 611/884/3 599/913/3
f 611/884/3 612/886/3 600/914/3
f 600/914/3 612/886/3 613/889/3
f 601/915/3 613/889/3 614/892/3
f 946/894/3 959/1394/3 603/918/3
f 603/918/3 602/916/3 946/894/3
f 960/917/3 962/921/3 604/920/3
f 604/920/3 603/918/3 960/917/3
f 603/918/3 959/1394/3 961/919/3
f 963/922/3 964/924/3 605/923/3
f 605/923/3 604/920/3 963/922/3
f 965/925/3 966/927/3 606/926/3
f 606/926/3 605/923/3 965/925/3
f 949/895/3 615/499/3 967/928/3
f 615/499/3 607/497/3 967/928/3
f 607/497/3 606/926/3 967/928/3
f 510/529/3 592/897/3 576/929/3
f 592/897/3 593/900/3 577/930/3
f 593/900/3 594/903/3 578/931/3
f 594/903/3 595/933/3 579/932/3
f 595/933/3 596/908/3 580/934/3
f 596/908/3 597/912/3 581/935/3
f 597/912/3 598/911/3 582/936/3
f 598/911/3 599/913/3 583/937/3
f 599/913/3 600/914/3 584/938/3
f 584/938/3 600/914/3 601/915/3
f 585/939/3 601/915/3 602/916/3
f 586/940/3 602/916/3 603/918/3
f 587/941/3 603/918/3 604/920/3
f 588/942/3 604/920/3 605/923/3
f 589/943/3 605/923/3 606/926/3
f 590/944/3 606/926/3 607/497/3
f 511/527/3 576/929/3 559/945/3
f 576/929/3 577/930/3 558/946/3
f 577/930/3 578/931/3 557/947/3
f 578/931/3 579/932/3 556/948/3
f 579/932/3 580/934/3 555/949/3
f 580/934/3 581/935/3 554/950/3
f 581/935/3 582/936/3 553/951/3
f 582/936/3 583/937/3 552/952/3
f 552/952/3 583/937/3 584/938/3
f 551/953/3 584/938/3 585/939/3
f 550/954/3 585/939/3 586/940/3
f 549/955/3 586/940/3 587/941/3
f 548/956/3 587/941/3 588/942/3
f 547/957/3 588/942/3 589/943/3
f 546/958/3 589/943/3 590/944/3
f 545/959/3 590/944/3 591/495/3
f 543/960/61 560/963/61 445/961/61
f 542/962/62 561/965/62 560/963/62
f 541/964/63 562/967/63 561/965/63
f 540/966/64 563/969/64 562/967/64
f 539/968/65 564/971/65 563/969/65
f 538/970/66 565/973/66 564/971/66
f 537/972/67 566/975/67 565/973/67
f 536/974/68 567/977/68 566/975/68
f 535/976/17 568/979/17 567/977/17
f 534/978/69 569/981/69 568/979/69
f 533/980/70 570/983/70 569/981/70
f 532/982/71 571/985/71 570/983/71
f 531/984/72 572/987/72 571/985/72
f 530/986/73 573/989/73 572/987/73
f 529/988/74 574/990/74 573/989/74
f 528/491/75 575/490/75 574/990/75
f 527/991/76 544/995/76 440/992/76
f 526/994/77 545/997/77 544/995/77
f 525/996/78 546/999/78 545/997/78
f 524/998/79 547/1001/79 546/999/79
f 523/1000/80 548/1003/80 547/1001/80
f 522/1002/81 549/1005/81 548/1003/81
f 521/1004/82 550/1007/82 549/1005/82
f 520/1006/83 551/1009/83 550/1007/83
f 519/1008/38 552/1011/38 551/1009/38
f 518/1010/84 553/1013/84 552/1011/84
f 517/1012/85 554/1015/85 553/1013/85
f 516/1014/86 555/1017/86 554/1015/86
f 515/1016/87 556/1019/87 555/1017/87
f 514/1018/88 557/1021/88 556/1019/88
f 513/1020/89 558/1022/89 557/1021/89
f 512/488/90 559/487/90 558/1022/90
f 496/482/3 445/961/3 560/1023/3
f 968/1026/3 848/783/3 640/780/3
f 640/780/3 560/1023/3 968/1026/3
f 560/1023/3 561/1024/3 968/1026/3
f 970/1029/3 969/1025/3 561/1024/3
f 561/1024/3 562/1027/3 970/1029/3
f 852/786/3 971/1028/3 562/1027/3
f 562/1027/3 563/1030/3 852/786/3
f 641/784/3 563/1030/3 564/1031/3
f 642/788/3 564/1031/3 565/1032/3
f 643/790/3 565/1032/3 566/1033/3
f 644/793/3 566/1033/3 567/1034/3
f 567/1034/3 568/1035/3 646/800/3
f 568/1035/3 569/1036/3 647/802/3
f 569/1036/3 570/1037/3 648/805/3
f 570/1037/3 571/1038/3 649/808/3
f 571/1038/3 572/1039/3 650/814/3
f 572/1039/3 573/1395/3 875/815/3
f 573/1395/3 972/1396/3 875/815/3
f 973/1042/3 972/1396/3 573/1395/3
f 573/1395/3 574/1040/3 973/1042/3
f 975/1044/3 974/1041/3 574/1040/3
f 574/1040/3 575/483/3 975/1044/3
f 575/483/3 651/485/3 975/1044/3
f 464/476/54 443/1363/54 528/1045/54
f 728/606/54 716/603/54 977/1048/54
f 716/603/54 528/1045/54 977/1048/54
f 528/1045/54 529/1046/54 977/1048/54
f 978/1051/54 976/1047/54 529/1046/54
f 529/1046/54 530/1049/54 978/1051/54
f 731/1053/54 979/1050/54 530/1049/54
f 530/1049/54 531/1052/54 731/1053/54
f 717/608/54 531/1052/54 532/1054/54
f 718/612/54 532/1054/54 533/1055/54
f 719/613/54 533/1055/54 534/1056/54
f 720/616/54 534/1056/54 535/1057/54
f 535/1057/54 536/1059/54 722/1058/54
f 536/1059/54 537/1060/54 723/624/54
f 537/1060/54 538/1061/54 724/627/54
f 538/1061/54 539/1062/54 725/630/54
f 539/1062/54 540/1397/54 726/633/54
f 726/633/54 540/1397/54 756/1065/54
f 540/1397/54 541/1063/54 756/1065/54
f 981/1068/54 980/1064/54 541/1063/54
f 541/1063/54 542/1066/54 981/1068/54
f 982/1067/54 542/1066/54 983/1069/54
f 542/1066/54 543/478/54 983/1069/54
f 543/478/54 727/480/54 983/1069/54
f 977/1398/6 975/1399/6 878/1070/6
f 878/1070/6 877/1169/6 730/1071/6
f 728/1072/6 977/1398/6 878/1070/6
f 758/1073/91 757/1400/52 849/1401/52
f 848/1074/91 968/1402/52 983/1075/52
f 758/1073/91 849/1401/52 848/1074/91
f 951/1078/92 950/1083/92 847/1403/92
f 846/1076/92 845/1404/93 952/1077/93
f 951/1078/92 847/1403/92 846/1076/92
f 978/1405/147 973/1406/147 974/1079/94
f 974/1079/94 975/1407/95 977/1080/95
f 976/1081/94 978/1405/147 974/1079/94
f 931/1084/51 930/1408/51 828/1409/51
f 829/1082/51 847/1403/51 950/1083/51
f 931/1084/51 828/1409/51 829/1082/51
f 809/1085/96 828/1409/51 930/1408/51
f 927/1086/96 926/1410/96 808/1087/96
f 809/1085/96 930/1408/51 927/1086/96
f 805/1088/51 808/1087/96 926/1410/96
f 923/1089/51 922/1092/51 804/1090/51
f 805/1088/51 926/1410/96 923/1089/51
f 919/1093/52 918/1095/52 801/1411/52
f 800/1091/52 804/1090/51 922/1092/51
f 919/1093/52 801/1411/52 800/1091/52
f 912/1096/51 913/1098/96 797/1412/52
f 796/1094/52 801/1411/52 918/1095/52
f 912/1096/51 797/1412/52 796/1094/52
f 795/1097/96 797/1412/52 913/1098/96
f 909/1101/96 908/1103/96 790/1413/96
f 791/1100/96 795/1097/96 914/1099/96
f 909/1101/96 790/1413/96 791/1100/96
f 905/1104/96 904/1106/52 786/1414/52
f 787/1102/96 790/1413/96 908/1103/96
f 905/1104/96 786/1414/52 787/1102/96
f 899/1107/51 900/1109/96 783/1415/96
f 782/1105/51 786/1414/52 904/1106/52
f 899/1107/51 783/1415/96 782/1105/51
f 781/1108/51 783/1415/96 900/1109/96
f 895/1112/51 894/1114/51 776/1416/51
f 777/1111/51 781/1108/51 898/1110/51
f 895/1112/51 776/1416/51 777/1111/51
f 891/1115/51 890/1417/96 772/1418/96
f 773/1113/51 776/1416/51 894/1114/51
f 891/1115/51 772/1418/96 773/1113/51
f 768/1116/51 772/1418/96 890/1417/96
f 884/1117/51 885/1120/52 769/1118/52
f 768/1116/51 890/1417/96 884/1117/51
f 767/1119/51 769/1118/52 885/1120/52
f 881/1123/96 880/1125/51 762/1419/51
f 763/1122/96 767/1119/51 886/1121/51
f 881/1123/96 762/1419/51 763/1122/96
f 850/1126/52 849/1401/52 757/1400/52
f 759/1124/52 762/1419/51 880/1125/51
f 850/1126/52 757/1400/52 759/1124/52
f 967/1420/48 830/1421/48 810/1127/6
f 810/1127/6 811/1422/6 948/1128/6
f 949/1129/6 967/1420/48 810/1127/6
f 948/1128/6 811/1422/6 806/1130/6
f 806/1130/6 807/1423/6 928/1131/6
f 929/1132/6 948/1128/6 806/1130/6
f 928/1131/6 807/1423/6 802/1133/6
f 802/1133/6 803/1424/6 924/1134/6
f 925/1135/6 928/1131/6 802/1133/6
f 924/1134/6 803/1424/6 798/1136/49
f 798/1136/49 799/1425/49 920/1137/49
f 921/1138/49 924/1134/6 798/1136/49
f 917/1141/48 920/1137/49 799/1425/49
f 792/1139/6 793/1142/49 916/1140/6
f 917/1141/48 799/1425/49 792/1139/6
f 793/1142/49 794/1426/48 915/1143/48
f 911/1146/48 915/1143/48 794/1426/48
f 788/1144/48 789/1427/49 910/1145/49
f 911/1146/48 794/1426/48 788/1144/48
f 910/1145/49 789/1427/49 784/1148/49
f 784/1148/49 785/1428/6 907/1147/49
f 785/1428/6 906/1429/6 907/1147/49
f 906/1429/6 785/1428/6 779/1149/6
f 779/1149/6 780/1152/6 902/1150/6
f 903/1151/6 906/1429/6 779/1149/6
f 780/1152/6 778/1430/49 901/1153/49
f 901/1153/49 778/1430/49 774/1154/97
f 774/1154/97 775/1431/6 896/1155/6
f 897/1156/49 901/1153/49 774/1154/97
f 896/1155/6 775/1431/6 770/1157/6
f 770/1157/6 771/1432/6 892/1158/6
f 893/1159/6 896/1155/6 770/1157/6
f 892/1158/6 771/1432/6 764/1160/6
f 764/1160/6 765/1163/6 888/1161/6
f 889/1162/6 892/1158/6 764/1160/6
f 765/1163/6 766/1433/48 887/1164/48
f 883/1167/6 887/1164/48 766/1433/48
f 760/1165/6 761/1434/49 882/1166/49
f 883/1167/6 766/1433/48 760/1165/6
f 882/1166/49 761/1434/49 729/1168/6
f 729/1168/6 730/1071/6 877/1169/6
f 879/1170/6 882/1166/49 729/1168/6
f 983/1075/98 968/1402/98 969/1171/98
f 969/1171/98 970/1435/98 981/1172/98
f 982/1173/98 983/1075/98 969/1171/98
f 852/1436/99 851/1178/148 755/1437/148
f 852/1436/99 755/1437/148 756/1174/99
f 981/1172/100 970/1435/100 971/1176/100
f 971/1176/100 852/1436/99 756/1174/99
f 980/1175/100 981/1172/100 971/1176/100
f 854/1438/101 753/1180/101 754/1177/101
f 754/1177/101 755/1437/102 851/1178/102
f 853/1179/101 854/1438/101 754/1177/101
f 753/1180/103 854/1438/103 855/1181/103
f 857/1186/105 750/1439/105 751/1183/104
f 751/1183/104 752/1182/105 855/1181/105
f 856/1184/105 857/1186/105 751/1183/104
f 859/1189/106 748/1440/106 749/1185/106
f 749/1185/106 750/1439/106 857/1186/106
f 858/1187/106 859/1189/106 749/1185/106
f 861/1441/149 746/1442/149 747/1188/107
f 747/1188/107 748/1440/107 859/1189/107
f 860/1190/107 861/1441/149 747/1188/107
f 863/1192/108 744/1194/108 745/1193/108
f 745/1193/108 746/1442/150 862/1191/108
f 746/1442/150 861/1441/150 862/1191/108
f 744/1194/38 863/1192/38 864/1195/38
f 866/1200/109 741/1443/109 865/1198/109
f 741/1443/109 742/1197/109 865/1198/109
f 742/1197/109 743/1196/109 864/1195/109
f 868/1203/151 739/1444/151 740/1199/110
f 740/1199/110 741/1443/110 866/1200/110
f 867/1201/110 868/1203/151 740/1199/110
f 870/1206/111 737/1445/111 738/1202/111
f 738/1202/111 739/1444/112 868/1203/112
f 869/1204/111 870/1206/111 738/1202/111
f 873/1446/152 735/1208/152 871/1207/113
f 735/1208/152 736/1205/113 871/1207/113
f 736/1205/113 737/1445/114 870/1206/114
f 735/1208/115 873/1446/115 872/1209/115
f 876/1447/153 732/1448/153 733/1211/116
f 733/1211/116 734/1210/154 872/1209/117
f 874/1212/116 876/1447/153 733/1211/116
f 972/1449/119 973/1406/119 978/1405/119
f 972/1449/119 978/1405/119 979/1214/119
f 732/1448/155 876/1447/156 875/1213/118
f 875/1213/118 972/1449/119 979/1214/119
f 731/1215/120 732/1448/155 875/1213/118
f 966/1218/121 965/1220/157 833/1450/157
f 831/1216/121 830/1451/121 967/1217/121
f 966/1218/121 833/1450/157 831/1216/121
f 964/1221/122 963/1452/122 834/1453/122
f 832/1219/122 833/1450/158 965/1220/122
f 964/1221/122 834/1453/122 832/1219/122
f 962/1222/123 960/1226/124 836/1223/124
f 835/1224/123 834/1453/159 962/1222/123
f 834/1453/159 963/1452/159 962/1222/123
f 837/1225/125 836/1223/125 960/1226/125
f 946/1454/126 947/1232/126 813/1455/126
f 946/1454/126 813/1455/126 814/1228/126
f 837/1225/126 961/1227/160 959/1230/126
f 959/1230/126 946/1454/126 814/1228/126
f 838/1229/127 837/1225/126 959/1230/126
f 945/1233/128 944/1235/161 815/1456/128
f 812/1231/128 813/1455/128 947/1232/128
f 945/1233/128 815/1456/128 812/1231/128
f 943/1236/129 942/1238/162 817/1457/162
f 816/1234/129 815/1456/129 944/1235/129
f 943/1236/129 817/1457/162 816/1234/129
f 941/1239/130 940/1241/163 819/1458/163
f 818/1237/130 817/1457/131 942/1238/131
f 941/1239/130 819/1458/163 818/1237/130
f 820/1240/17 819/1458/17 940/1241/17
f 938/1244/132 937/1246/164 821/1243/132
f 937/1246/164 822/1459/164 821/1243/132
f 821/1243/132 820/1240/133 939/1242/133
f 936/1247/134 935/1249/134 824/1460/134
f 823/1245/134 822/1459/134 937/1246/134
f 936/1247/134 824/1460/134 823/1245/134
f 934/1250/135 933/1461/135 826/1462/135
f 825/1248/135 824/1460/135 935/1249/135
f 934/1250/135 826/1462/135 825/1248/135
f 958/1463/136 957/1255/165 840/1464/166
f 958/1463/136 840/1464/166 839/1251/136
f 826/1462/167 933/1461/167 932/1253/137
f 932/1253/137 958/1463/136 839/1251/136
f 827/1252/137 826/1462/167 932/1253/137
f 841/1254/138 840/1464/138 957/1255/138
f 955/1258/139 954/1260/139 843/1465/139
f 842/1257/139 841/1254/140 956/1256/140
f 955/1258/139 843/1465/139 842/1257/139
f 953/1261/141 952/1077/141 845/1404/141
f 844/1259/141 843/1465/142 954/1260/142
f 953/1261/141 845/1404/141 844/1259/141
