# Blender 4.4.1
# www.blender.org
mtllib RightGoal.mtl
o 立方体.003
v -0.255722 -0.099469 -0.549746
v -0.052832 -0.100644 -0.549746
v -0.255722 -0.099469 -0.419056
v -0.052832 -0.100644 -0.419056
v -0.253971 0.202963 -0.549745
v -0.051081 0.201788 -0.549745
v -0.253971 0.202963 -0.419056
v -0.051081 0.201787 -0.419056
v -0.238903 -0.099566 -0.549746
v -0.223213 -0.099657 -0.549746
v -0.208951 -0.099740 -0.549746
v -0.196449 -0.099812 -0.549746
v -0.185276 -0.099877 -0.549746
v -0.175081 -0.099936 -0.549746
v -0.165570 -0.099991 -0.549746
v -0.156488 -0.100043 -0.549746
v -0.147603 -0.100094 -0.549746
v -0.138693 -0.100146 -0.549746
v -0.129531 -0.100199 -0.549746
v -0.119876 -0.100255 -0.549746
v -0.109458 -0.100316 -0.549746
v -0.097965 -0.100382 -0.549746
v -0.085022 -0.100457 -0.549746
v -0.070168 -0.100543 -0.549746
v -0.070168 -0.100543 -0.419056
v -0.085022 -0.100457 -0.419056
v -0.097965 -0.100382 -0.419056
v -0.109458 -0.100316 -0.419056
v -0.119876 -0.100255 -0.419056
v -0.129531 -0.100200 -0.419056
v -0.138693 -0.100146 -0.419056
v -0.147603 -0.100095 -0.419056
v -0.156488 -0.100043 -0.419056
v -0.165570 -0.099991 -0.419056
v -0.175081 -0.099936 -0.419056
v -0.185276 -0.099877 -0.419056
v -0.196449 -0.099812 -0.419056
v -0.208951 -0.099740 -0.419056
v -0.223213 -0.099657 -0.419056
v -0.238903 -0.099566 -0.419056
v -0.068417 0.201888 -0.419056
v -0.083270 0.201974 -0.419056
v -0.096213 0.202049 -0.419056
v -0.107706 0.202115 -0.419056
v -0.118124 0.202176 -0.419056
v -0.127779 0.202231 -0.419056
v -0.136941 0.202284 -0.419056
v -0.145852 0.202336 -0.419056
v -0.154736 0.202387 -0.419056
v -0.163818 0.202441 -0.419056
v -0.173329 0.202495 -0.419056
v -0.183525 0.202555 -0.419056
v -0.194697 0.202619 -0.419056
v -0.207199 0.202692 -0.419056
v -0.221461 0.202774 -0.419056
v -0.237151 0.202865 -0.419056
v -0.068417 0.201888 -0.549745
v -0.083270 0.201974 -0.549745
v -0.096213 0.202049 -0.549745
v -0.107706 0.202115 -0.549745
v -0.118124 0.202176 -0.549745
v -0.127779 0.202231 -0.549745
v -0.136941 0.202285 -0.549745
v -0.145852 0.202336 -0.549745
v -0.154736 0.202387 -0.549745
v -0.163818 0.202441 -0.549745
v -0.173329 0.202495 -0.549745
v -0.183525 0.202555 -0.549745
v -0.194697 0.202619 -0.549745
v -0.207199 0.202692 -0.549745
v -0.221461 0.202775 -0.549745
v -0.237151 0.202865 -0.549745
v -0.247270 0.185133 -0.419056
v -0.241430 0.167308 -0.419056
v -0.236464 0.149489 -0.419056
v -0.232383 0.131675 -0.419056
v -0.229198 0.113865 -0.419056
v -0.226922 0.096062 -0.419056
v -0.225577 0.078263 -0.419056
v -0.225190 0.060471 -0.419056
v -0.225293 0.042680 -0.419056
v -0.225886 0.024893 -0.419056
v -0.227437 0.007112 -0.419056
v -0.229918 -0.010665 -0.419056
v -0.233310 -0.028436 -0.419056
v -0.237597 -0.046202 -0.419056
v -0.242769 -0.063962 -0.419056
v -0.248816 -0.081718 -0.419056
v -0.061488 -0.082803 -0.419056
v -0.068776 -0.064970 -0.419056
v -0.074782 -0.047144 -0.419056
v -0.079582 -0.029326 -0.419056
v -0.083241 -0.011514 -0.419056
v -0.085805 0.006292 -0.419056
v -0.087303 0.024090 -0.419056
v -0.087738 0.041884 -0.419056
v -0.087634 0.059673 -0.419056
v -0.086994 0.077461 -0.419056
v -0.085290 0.095241 -0.419056
v -0.082520 0.113016 -0.419056
v -0.078655 0.130784 -0.419056
v -0.073649 0.148546 -0.419056
v -0.067437 0.166301 -0.419056
v -0.059942 0.184048 -0.419056
v -0.248816 -0.081718 -0.549746
v -0.242769 -0.063963 -0.549746
v -0.237597 -0.046201 -0.549746
v -0.233310 -0.028435 -0.549746
v -0.229918 -0.010664 -0.549746
v -0.227437 0.007112 -0.549746
v -0.225886 0.024893 -0.549746
v -0.225293 0.042680 -0.549746
v -0.225190 0.060471 -0.549746
v -0.225577 0.078263 -0.549745
v -0.226922 0.096062 -0.549745
v -0.229198 0.113865 -0.549745
v -0.232383 0.131675 -0.549745
v -0.236464 0.149489 -0.549745
v -0.241430 0.167308 -0.549745
v -0.247270 0.185133 -0.549745
v -0.059942 0.184048 -0.549745
v -0.067437 0.166301 -0.549745
v -0.073649 0.148546 -0.549745
v -0.078655 0.130785 -0.549745
v -0.082520 0.113016 -0.549745
v -0.085290 0.095241 -0.549745
v -0.086994 0.077461 -0.549745
v -0.087634 0.059674 -0.549746
v -0.087738 0.041884 -0.549746
v -0.087303 0.024091 -0.549746
v -0.085805 0.006292 -0.549746
v -0.083241 -0.011514 -0.549746
v -0.079582 -0.029326 -0.549746
v -0.074782 -0.047144 -0.549746
v -0.068776 -0.064970 -0.549746
v -0.061488 -0.082803 -0.549746
v -0.231332 0.185041 -0.549745
v -0.226278 0.167221 -0.549745
v -0.221996 0.149405 -0.549745
v -0.218490 0.131594 -0.549745
v -0.215764 0.113788 -0.549745
v -0.213828 0.095986 -0.549745
v -0.212697 0.078189 -0.549745
v -0.212386 0.060397 -0.549746
v -0.212489 0.042606 -0.549746
v -0.213006 0.024818 -0.549746
v -0.214344 0.007036 -0.549746
v -0.216485 -0.010742 -0.549746
v -0.219417 -0.028516 -0.549746
v -0.223130 -0.046285 -0.549746
v -0.227618 -0.064050 -0.549746
v -0.232878 -0.081810 -0.549746
v -0.216515 0.184955 -0.549745
v -0.212274 0.167140 -0.549745
v -0.208722 0.149329 -0.549745
v -0.205843 0.131521 -0.549745
v -0.203627 0.113718 -0.549745
v -0.202070 0.095918 -0.549745
v -0.201174 0.078122 -0.549745
v -0.200945 0.060330 -0.549746
v -0.201048 0.042540 -0.549746
v -0.201484 0.024752 -0.549746
v -0.202585 0.006968 -0.549746
v -0.204348 -0.010813 -0.549746
v -0.206771 -0.028589 -0.549746
v -0.209855 -0.046362 -0.549746
v -0.213613 -0.064131 -0.549746
v -0.218061 -0.081896 -0.549746
v -0.203314 0.184878 -0.549745
v -0.192034 0.095860 -0.549745
v -0.191353 0.078065 -0.549745
v -0.191195 0.060273 -0.549746
v -0.191297 0.042484 -0.549746
v -0.191662 0.024695 -0.549746
v -0.192549 0.006910 -0.549746
v -0.204861 -0.081972 -0.549746
v -0.191778 0.184812 -0.549745
v -0.193324 -0.082039 -0.549746
v -0.181492 0.184752 -0.549745
v -0.183037 -0.082099 -0.549746
v -0.172124 0.184698 -0.549745
v -0.173670 -0.082153 -0.549746
v -0.163400 0.184647 -0.549745
v -0.164946 -0.082204 -0.549746
v -0.155083 0.184599 -0.549745
v -0.156629 -0.082252 -0.549746
v -0.146955 0.184552 -0.549745
v -0.148502 -0.082299 -0.549746
v -0.138809 0.184505 -0.549745
v -0.140355 -0.082346 -0.549746
v -0.130434 0.184456 -0.549745
v -0.131980 -0.082395 -0.549746
v -0.121605 0.184405 -0.549745
v -0.123151 -0.082446 -0.549746
v -0.112071 0.184350 -0.549745
v -0.113617 -0.082501 -0.549746
v -0.101537 0.184289 -0.549745
v -0.103083 -0.082562 -0.549746
v -0.089648 0.184220 -0.549745
v -0.091194 -0.082631 -0.549746
v -0.075965 0.184141 -0.549745
v -0.091862 0.130861 -0.549745
v -0.095136 0.113089 -0.549745
v -0.097481 0.095312 -0.549745
v -0.098924 0.077530 -0.549745
v -0.099473 0.059742 -0.549746
v -0.099576 0.041952 -0.549746
v -0.099233 0.024160 -0.549746
v -0.097997 0.006362 -0.549746
v -0.095858 -0.011442 -0.549746
v -0.092789 -0.029250 -0.549746
v -0.077511 -0.082710 -0.549746
v -0.232878 -0.081810 -0.419056
v -0.227618 -0.064050 -0.419056
v -0.223130 -0.046286 -0.419056
v -0.219417 -0.028516 -0.419056
v -0.216485 -0.010742 -0.419056
v -0.214344 0.007036 -0.419056
v -0.213006 0.024818 -0.419056
v -0.212489 0.042606 -0.419056
v -0.212386 0.060397 -0.419056
v -0.212697 0.078188 -0.419056
v -0.213828 0.095986 -0.419056
v -0.215764 0.113788 -0.419056
v -0.218490 0.131594 -0.419056
v -0.221996 0.149405 -0.419056
v -0.226278 0.167221 -0.419056
v -0.231332 0.185041 -0.419056
v -0.218061 -0.081896 -0.419056
v -0.213613 -0.064131 -0.419056
v -0.209855 -0.046363 -0.419056
v -0.206771 -0.028589 -0.419056
v -0.204348 -0.010813 -0.419056
v -0.202585 0.006968 -0.419056
v -0.201484 0.024752 -0.419056
v -0.201048 0.042540 -0.419056
v -0.200945 0.060330 -0.419056
v -0.201174 0.078122 -0.419056
v -0.202070 0.095918 -0.419056
v -0.203627 0.113718 -0.419056
v -0.205843 0.131521 -0.419056
v -0.208722 0.149328 -0.419056
v -0.212274 0.167140 -0.419056
v -0.216515 0.184955 -0.419056
v -0.204861 -0.081972 -0.419056
v -0.192549 0.006910 -0.419056
v -0.191662 0.024695 -0.419056
v -0.191297 0.042484 -0.419056
v -0.191195 0.060273 -0.419056
v -0.191353 0.078065 -0.419056
v -0.192034 0.095860 -0.419056
v -0.203314 0.184878 -0.419056
v -0.193324 -0.082039 -0.419056
v -0.191778 0.184812 -0.419056
v -0.183037 -0.082099 -0.419056
v -0.181492 0.184752 -0.419056
v -0.173670 -0.082154 -0.419056
v -0.172124 0.184698 -0.419056
v -0.164946 -0.082204 -0.419056
v -0.163400 0.184647 -0.419056
v -0.156629 -0.082252 -0.419056
v -0.155083 0.184599 -0.419056
v -0.148502 -0.082299 -0.419056
v -0.146955 0.184552 -0.419056
v -0.140355 -0.082346 -0.419056
v -0.138809 0.184505 -0.419056
v -0.131980 -0.082395 -0.419056
v -0.130434 0.184456 -0.419056
v -0.123151 -0.082446 -0.419056
v -0.121605 0.184405 -0.419056
v -0.113617 -0.082501 -0.419056
v -0.112071 0.184350 -0.419056
v -0.103083 -0.082562 -0.419056
v -0.101537 0.184289 -0.419056
v -0.091194 -0.082631 -0.419056
v -0.089648 0.184220 -0.419056
v -0.077511 -0.082710 -0.419056
v -0.092789 -0.029250 -0.419056
v -0.095858 -0.011442 -0.419056
v -0.097997 0.006361 -0.419056
v -0.099233 0.024160 -0.419056
v -0.099576 0.041952 -0.419056
v -0.099473 0.059742 -0.419056
v -0.098924 0.077530 -0.419056
v -0.097481 0.095312 -0.419056
v -0.095136 0.113089 -0.419056
v -0.091862 0.130861 -0.419056
v -0.075965 0.184140 -0.419056
v -0.082826 -0.067350 -0.419056
v -0.095648 -0.067276 -0.419056
v -0.091506 -0.067299 -0.419056
v -0.090168 -0.040809 -0.419056
v -0.090595 -0.039517 -0.419056
v -0.093388 -0.029246 -0.419056
v -0.094380 -0.025601 -0.419056
v -0.097402 -0.011689 -0.419056
v -0.097444 -0.011432 -0.419056
v -0.099702 0.002219 -0.419056
v -0.100182 0.006374 -0.419056
v -0.101309 0.016122 -0.419056
v -0.101849 0.024175 -0.419056
v -0.102241 0.030021 -0.419056
v -0.102465 0.041969 -0.419056
v -0.102501 0.043917 -0.419056
v -0.102420 0.057811 -0.419056
v -0.102362 0.059759 -0.419056
v -0.102000 0.071703 -0.419056
v -0.101540 0.077545 -0.419056
v -0.100906 0.085590 -0.419056
v -0.099667 0.095325 -0.419056
v -0.099138 0.099475 -0.419056
v -0.096723 0.113098 -0.419056
v -0.096678 0.113354 -0.419056
v -0.093495 0.127231 -0.419056
v -0.092461 0.130864 -0.419056
v -0.089549 0.141102 -0.419056
v -0.089107 0.142390 -0.419056
v -0.090138 0.168893 -0.419056
v -0.081458 0.168843 -0.419056
v -0.094280 0.168917 -0.419056
v -0.106764 -0.067211 -0.419056
v -0.100905 -0.067245 -0.419056
v -0.099537 0.168948 -0.419056
v -0.105395 0.168981 -0.419056
v -0.116597 -0.067154 -0.419056
v -0.116367 -0.067155 -0.419056
v -0.109095 -0.067197 -0.419056
v -0.107726 0.168995 -0.419056
v -0.115228 0.169039 -0.419056
v -0.114999 0.169037 -0.419056
v -0.125487 -0.067103 -0.419056
v -0.122959 -0.067117 -0.419056
v -0.121591 0.169075 -0.419056
v -0.124118 0.169090 -0.419056
v -0.133714 -0.067055 -0.419056
v -0.129068 -0.067082 -0.419056
v -0.127700 0.169111 -0.419056
v -0.132346 0.169137 -0.419056
v -0.134865 -0.067048 -0.419056
v -0.141517 -0.067010 -0.419056
v -0.140504 -0.067015 -0.419056
v -0.133498 0.169144 -0.419056
v -0.140148 0.169183 -0.419056
v -0.139135 0.169177 -0.419056
v -0.149108 -0.066966 -0.419056
v -0.146126 -0.066983 -0.419056
v -0.144757 0.169209 -0.419056
v -0.147739 0.169227 -0.419056
v -0.156685 -0.066922 -0.419056
v -0.151872 -0.066949 -0.419056
v -0.150504 0.169243 -0.419056
v -0.155317 0.169270 -0.419056
v -0.164446 -0.066877 -0.419056
v -0.164341 -0.066877 -0.419056
v -0.157890 -0.066915 -0.419056
v -0.156522 0.169277 -0.419056
v -0.163078 0.169316 -0.419056
v -0.162973 0.169315 -0.419056
v -0.172596 -0.066830 -0.419056
v -0.171411 -0.066837 -0.419056
v -0.171227 0.169363 -0.419056
v -0.170043 0.169356 -0.419056
v -0.181357 -0.066779 -0.419056
v -0.179322 -0.066791 -0.419056
v -0.177953 0.169402 -0.419056
v -0.179990 0.169414 -0.419056
v -0.190994 -0.066723 -0.419056
v -0.188346 -0.066739 -0.419056
v -0.186978 0.169454 -0.419056
v -0.189625 0.169469 -0.419056
v -0.201818 -0.066661 -0.419056
v -0.198274 -0.066681 -0.419056
v -0.192039 0.006907 -0.419056
v -0.192513 0.002756 -0.419056
v -0.193257 -0.002029 -0.419056
v -0.190927 0.016642 -0.419056
v -0.190350 0.024688 -0.419056
v -0.189930 0.030530 -0.419056
v -0.189595 0.042474 -0.419056
v -0.189540 0.044422 -0.419056
v -0.189459 0.058315 -0.419056
v -0.189491 0.060264 -0.419056
v -0.189689 0.072210 -0.419056
v -0.190041 0.078058 -0.419056
v -0.190525 0.086110 -0.419056
v -0.191523 0.095856 -0.419056
v -0.191949 0.100012 -0.419056
v -0.192639 0.104805 -0.419056
v -0.196906 0.169512 -0.419056
v -0.200451 0.169532 -0.419056
v -0.208916 -0.066619 -0.419056
v -0.208139 -0.064163 -0.419056
v -0.202774 -0.046403 -0.419056
v -0.204531 -0.052751 -0.419056
v -0.200690 -0.038879 -0.419056
v -0.198263 -0.028639 -0.419056
v -0.197402 -0.025003 -0.419056
v -0.194674 -0.011125 -0.419056
v -0.194634 -0.010869 -0.419056
v -0.193913 0.113662 -0.419056
v -0.193950 0.113918 -0.419056
v -0.196517 0.127827 -0.419056
v -0.197336 0.131472 -0.419056
v -0.199644 0.141739 -0.419056
v -0.201640 0.149287 -0.419056
v -0.203324 0.155655 -0.419056
v -0.206800 0.167108 -0.419056
v -0.207549 0.169574 -0.419056
v -0.081458 0.168843 -0.549745
v -0.090138 0.168893 -0.549745
v -0.094280 0.168917 -0.549745
v -0.089549 0.141102 -0.549745
v -0.089107 0.142390 -0.549745
v -0.092461 0.130864 -0.549745
v -0.093495 0.127231 -0.549745
v -0.096678 0.113354 -0.549745
v -0.096723 0.113098 -0.549745
v -0.099138 0.099475 -0.549745
v -0.099667 0.095325 -0.549745
v -0.100906 0.085590 -0.549745
v -0.101540 0.077545 -0.549745
v -0.102000 0.071703 -0.549746
v -0.102362 0.059759 -0.549746
v -0.102420 0.057811 -0.549746
v -0.102501 0.043917 -0.549746
v -0.102465 0.041969 -0.549746
v -0.102241 0.030022 -0.549746
v -0.101849 0.024175 -0.549746
v -0.101309 0.016122 -0.549746
v -0.100182 0.006374 -0.549746
v -0.099702 0.002219 -0.549746
v -0.097444 -0.011432 -0.549746
v -0.094380 -0.025600 -0.549746
v -0.097402 -0.011689 -0.549746
v -0.093388 -0.029246 -0.549746
v -0.090168 -0.040809 -0.549746
v -0.090595 -0.039516 -0.549746
v -0.091506 -0.067299 -0.549746
v -0.082826 -0.067350 -0.549746
v -0.095648 -0.067276 -0.549746
v -0.099537 0.168948 -0.549745
v -0.105395 0.168981 -0.549745
v -0.100905 -0.067245 -0.549746
v -0.106764 -0.067211 -0.549746
v -0.115228 0.169039 -0.549745
v -0.114999 0.169037 -0.549745
v -0.107726 0.168995 -0.549745
v -0.109095 -0.067197 -0.549746
v -0.116367 -0.067155 -0.549746
v -0.116597 -0.067154 -0.549746
v -0.121591 0.169075 -0.549745
v -0.124118 0.169090 -0.549745
v -0.122959 -0.067117 -0.549746
v -0.125487 -0.067103 -0.549746
v -0.127700 0.169111 -0.549745
v -0.132346 0.169137 -0.549745
v -0.129068 -0.067082 -0.549746
v -0.133714 -0.067055 -0.549746
v -0.133498 0.169144 -0.549745
v -0.140148 0.169183 -0.549745
v -0.139135 0.169177 -0.549745
v -0.134865 -0.067048 -0.549746
v -0.140504 -0.067015 -0.549746
v -0.141517 -0.067010 -0.549746
v -0.144757 0.169210 -0.549745
v -0.147739 0.169227 -0.549745
v -0.146126 -0.066983 -0.549746
v -0.149108 -0.066965 -0.549746
v -0.150504 0.169243 -0.549745
v -0.155317 0.169270 -0.549745
v -0.151872 -0.066949 -0.549746
v -0.156685 -0.066922 -0.549746
v -0.163078 0.169316 -0.549745
v -0.162973 0.169315 -0.549745
v -0.156522 0.169277 -0.549745
v -0.157890 -0.066915 -0.549746
v -0.164341 -0.066877 -0.549746
v -0.164446 -0.066877 -0.549746
v -0.170043 0.169356 -0.549745
v -0.171227 0.169363 -0.549745
v -0.171411 -0.066837 -0.549746
v -0.172596 -0.066830 -0.549746
v -0.177953 0.169402 -0.549745
v -0.179990 0.169414 -0.549745
v -0.179322 -0.066791 -0.549746
v -0.181357 -0.066779 -0.549746
v -0.186978 0.169454 -0.549745
v -0.189625 0.169469 -0.549745
v -0.188346 -0.066739 -0.549746
v -0.190994 -0.066723 -0.549746
v -0.196906 0.169512 -0.549745
v -0.200451 0.169532 -0.549745
v -0.192639 0.104805 -0.549745
v -0.191949 0.100013 -0.549745
v -0.191523 0.095857 -0.549745
v -0.190525 0.086110 -0.549745
v -0.190041 0.078058 -0.549745
v -0.189689 0.072211 -0.549746
v -0.189491 0.060264 -0.549746
v -0.189459 0.058316 -0.549746
v -0.189540 0.044422 -0.549746
v -0.189595 0.042474 -0.549746
v -0.189930 0.030530 -0.549746
v -0.190350 0.024688 -0.549746
v -0.190927 0.016642 -0.549746
v -0.192039 0.006907 -0.549746
v -0.193257 -0.002029 -0.549746
v -0.192513 0.002757 -0.549746
v -0.198274 -0.066681 -0.549746
v -0.201818 -0.066660 -0.549746
v -0.207549 0.169574 -0.549745
v -0.206800 0.167108 -0.549745
v -0.203324 0.155655 -0.549745
v -0.201640 0.149288 -0.549745
v -0.199644 0.141739 -0.549745
v -0.197336 0.131472 -0.549745
v -0.196517 0.127827 -0.549745
v -0.193950 0.113918 -0.549745
v -0.193913 0.113662 -0.549745
v -0.194634 -0.010869 -0.549746
v -0.197402 -0.025003 -0.549746
v -0.194674 -0.011125 -0.549746
v -0.198263 -0.028638 -0.549746
v -0.200690 -0.038879 -0.549746
v -0.202774 -0.046403 -0.549746
v -0.204531 -0.052751 -0.549746
v -0.208139 -0.064163 -0.549746
v -0.208916 -0.066619 -0.549746
v -0.079169 0.168830 -0.549745
v -0.080165 0.166375 -0.549745
v -0.084791 0.154968 -0.549745
v -0.086968 0.148623 -0.549745
v -0.088101 -0.047067 -0.549746
v -0.085998 -0.053437 -0.549746
v -0.081504 -0.064896 -0.549746
v -0.080537 -0.067363 -0.549746
v -0.081504 -0.064896 -0.419056
v -0.080537 -0.067363 -0.419056
v -0.085998 -0.053437 -0.419056
v -0.088101 -0.047067 -0.419056
v -0.086968 0.148623 -0.419056
v -0.084791 0.154968 -0.419056
v -0.080165 0.166374 -0.419056
v -0.079169 0.168829 -0.419056
v -0.000534 -0.703620 -0.525205
v -0.000534 -0.703620 0.486901
v -0.000534 1.104810 -0.525205
v -0.090018 -0.062967 -0.525205
v -0.965081 -0.703620 -0.525205
v -0.088701 0.164522 -0.525205
v -0.198127 -0.062341 -0.525205
v -0.099255 -0.062913 -0.525205
v -0.114067 -0.062827 -0.525205
v -0.107170 -0.062867 -0.525205
v -0.125742 -0.062760 -0.525205
v -0.120191 -0.062792 -0.525205
v -0.130887 -0.062730 -0.525205
v -0.135769 -0.062702 -0.525205
v -0.150090 -0.062619 -0.525205
v -0.145251 -0.062647 -0.525205
v -0.140517 -0.062674 -0.525205
v -0.160590 -0.062558 -0.525205
v -0.155158 -0.062589 -0.525205
v -0.180804 -0.062441 -0.525205
v -0.173205 -0.062485 -0.525205
v -0.166543 -0.062523 -0.525205
v -0.189165 -0.062392 -0.525205
v -0.965081 -0.703620 0.486901
v -0.965081 1.104810 0.486901
v -0.000534 1.104810 0.486901
v -0.965081 1.104810 -0.525205
v -0.196809 0.165147 -0.525205
v -0.187847 0.165096 -0.525205
v -0.193262 0.151745 -0.525205
v -0.196809 0.165147 -0.467980
v -0.181655 0.058003 -0.525205
v -0.181732 0.044621 -0.525205
v -0.193262 0.151745 -0.467980
v -0.187847 0.165096 -0.467980
v -0.179487 0.165047 -0.467980
v -0.184769 0.151696 -0.467980
v -0.176874 0.151650 -0.467980
v -0.182099 0.138298 -0.467980
v -0.190172 0.138345 -0.467980
v -0.187549 0.124948 -0.467980
v -0.190172 0.138345 -0.525205
v -0.187549 0.124948 -0.525205
v -0.185397 0.111553 -0.525205
v -0.185397 0.111553 -0.467980
v -0.183722 0.098162 -0.467980
v -0.177994 0.111511 -0.467980
v -0.179840 0.124903 -0.467980
v -0.172767 0.124862 -0.467980
v -0.174637 0.138255 -0.467980
v -0.168092 0.138217 -0.467980
v -0.169840 0.151609 -0.467980
v -0.171888 0.165003 -0.467980
v -0.163693 0.151574 -0.467980
v -0.165226 0.164965 -0.467980
v -0.165226 0.164965 -0.525205
v -0.159272 0.164930 -0.467980
v -0.171888 0.165003 -0.525205
v -0.179487 0.165047 -0.525205
v -0.159272 0.164930 -0.525205
v -0.153840 0.164899 -0.467980
v -0.158212 0.151542 -0.467980
v -0.153220 0.151513 -0.467980
v -0.157305 0.138155 -0.467980
v -0.162385 0.138184 -0.467980
v -0.161294 0.124796 -0.467980
v -0.166633 0.124827 -0.467980
v -0.165458 0.111438 -0.467980
v -0.171256 0.111471 -0.467980
v -0.170097 0.098082 -0.467980
v -0.176564 0.098120 -0.467980
v -0.175556 0.084732 -0.467980
v -0.182532 0.084773 -0.467980
v -0.181838 0.071387 -0.467980
v -0.182532 0.084773 -0.525205
v -0.183722 0.098162 -0.525205
v -0.181838 0.071387 -0.525205
v -0.181655 0.058003 -0.467980
v -0.181732 0.044621 -0.467980
v -0.174832 0.057963 -0.467980
v -0.174975 0.071347 -0.467980
v -0.168836 0.071311 -0.467980
v -0.169290 0.084696 -0.467980
v -0.163943 0.084665 -0.467980
v -0.164561 0.098050 -0.467980
v -0.159754 0.098022 -0.467980
v -0.160418 0.111408 -0.467980
v -0.155946 0.111382 -0.467980
v -0.156551 0.124768 -0.467980
v -0.152244 0.124743 -0.467980
v -0.152688 0.138128 -0.467980
v -0.148395 0.138103 -0.467980
v -0.148572 0.151486 -0.467980
v -0.148772 0.164869 -0.467980
v -0.144140 0.151460 -0.467980
v -0.143933 0.164842 -0.467980
v -0.143933 0.164842 -0.525205
v -0.139198 0.164814 -0.467980
v -0.148772 0.164869 -0.525205
v -0.139810 0.151435 -0.467980
v -0.135469 0.151411 -0.467980
v -0.140317 0.138056 -0.467980
v -0.136319 0.138033 -0.467980
v -0.137019 0.124655 -0.467980
v -0.132211 0.138009 -0.467980
v -0.133202 0.124633 -0.467980
v -0.133999 0.111255 -0.467980
v -0.129178 0.124610 -0.467980
v -0.130221 0.111233 -0.467980
v -0.131027 0.097856 -0.467980
v -0.126135 0.111210 -0.467980
v -0.127145 0.097834 -0.467980
v -0.127875 0.084456 -0.467980
v -0.122842 0.097809 -0.467980
v -0.123731 0.084432 -0.467980
v -0.124288 0.071053 -0.467980
v -0.119027 0.084404 -0.467980
v -0.119693 0.071026 -0.467980
v -0.119965 0.057646 -0.467980
v -0.114351 0.070995 -0.467980
v -0.114667 0.057615 -0.467980
v -0.114744 0.044234 -0.467980
v -0.108359 0.057578 -0.467980
v -0.120043 0.044264 -0.467980
v -0.108436 0.044196 -0.467980
v -0.108436 0.044196 -0.525205
v -0.108227 0.030813 -0.467980
v -0.108227 0.030813 -0.525205
v -0.114584 0.030850 -0.467980
v -0.119925 0.030881 -0.467980
v -0.113948 0.017465 -0.467980
v -0.119414 0.017496 -0.467980
v -0.118501 0.004109 -0.467980
v -0.124118 0.017524 -0.467980
v -0.123385 0.004137 -0.467980
v -0.122305 -0.009251 -0.467980
v -0.127688 0.004162 -0.467980
v -0.126833 -0.009225 -0.467980
v -0.125679 -0.022614 -0.467980
v -0.130919 -0.009202 -0.467980
v -0.130031 -0.022588 -0.467980
v -0.128886 -0.035977 -0.467980
v -0.134055 -0.022565 -0.467980
v -0.133218 -0.035952 -0.467980
v -0.132169 -0.049340 -0.467980
v -0.137327 -0.035928 -0.467980
v -0.136632 -0.049314 -0.467980
v -0.135769 -0.062702 -0.467980
v -0.140972 -0.049289 -0.467980
v -0.140517 -0.062674 -0.467980
v -0.145251 -0.062647 -0.467980
v -0.150090 -0.062619 -0.467980
v -0.145303 -0.049264 -0.467980
v -0.149735 -0.049239 -0.467980
v -0.149403 -0.035858 -0.467980
v -0.154383 -0.049212 -0.467980
v -0.153696 -0.035834 -0.467980
v -0.153097 -0.022455 -0.467980
v -0.158313 -0.035807 -0.467980
v -0.157403 -0.022430 -0.467980
v -0.156643 -0.009053 -0.467980
v -0.162147 -0.022402 -0.467980
v -0.161115 -0.009027 -0.467980
v -0.160296 0.004351 -0.467980
v -0.166155 -0.008997 -0.467980
v -0.165103 0.004379 -0.467980
v -0.164330 0.017756 -0.467980
v -0.170640 0.004411 -0.467980
v -0.169678 0.017788 -0.467980
v -0.169068 0.031166 -0.467980
v -0.175944 0.017824 -0.467980
v -0.175208 0.031202 -0.467980
v -0.174910 0.044582 -0.467980
v -0.182071 0.031242 -0.467980
v -0.182920 0.017864 -0.467980
v -0.182071 0.031242 -0.525205
v -0.182920 0.017864 -0.525205
v -0.184264 0.004490 -0.525205
v -0.184264 0.004490 -0.467980
v -0.186094 -0.008882 -0.467980
v -0.177107 0.004448 -0.467980
v -0.178692 -0.008924 -0.467980
v -0.180692 -0.022295 -0.467980
v -0.171953 -0.008964 -0.467980
v -0.173620 -0.022336 -0.467980
v -0.175644 -0.035706 -0.467980
v -0.167485 -0.022371 -0.467980
v -0.169099 -0.035744 -0.467980
v -0.171003 -0.049116 -0.467980
v -0.163392 -0.035777 -0.467980
v -0.164856 -0.049151 -0.467980
v -0.166543 -0.062523 -0.467980
v -0.159375 -0.049183 -0.467980
v -0.160590 -0.062558 -0.467980
v -0.155158 -0.062589 -0.467980
v -0.173205 -0.062485 -0.467980
v -0.180804 -0.062441 -0.467980
v -0.178037 -0.049075 -0.467980
v -0.185932 -0.049029 -0.467980
v -0.183107 -0.035663 -0.467980
v -0.191180 -0.035616 -0.467980
v -0.188402 -0.022250 -0.467980
v -0.188402 -0.022250 -0.525205
v -0.186094 -0.008882 -0.525205
v -0.191180 -0.035616 -0.525205
v -0.194424 -0.048980 -0.525205
v -0.194424 -0.048980 -0.467980
v -0.198127 -0.062341 -0.467980
v -0.189165 -0.062392 -0.467980
v -0.168813 0.044546 -0.467980
v -0.168736 0.057928 -0.467980
v -0.163540 0.057898 -0.467980
v -0.163618 0.044516 -0.467980
v -0.163602 0.071281 -0.467980
v -0.159060 0.071254 -0.467980
v -0.159301 0.084638 -0.467980
v -0.155187 0.084614 -0.467980
v -0.155491 0.097998 -0.467980
v -0.151628 0.097975 -0.467980
v -0.151890 0.111359 -0.467980
v -0.148128 0.111337 -0.467980
v -0.148246 0.124720 -0.467980
v -0.144442 0.124698 -0.467980
v -0.144308 0.138079 -0.467980
v -0.140733 0.124677 -0.467980
v -0.141068 0.111296 -0.467980
v -0.137581 0.111276 -0.467980
v -0.138020 0.097897 -0.467980
v -0.134617 0.097877 -0.467980
v -0.135069 0.084498 -0.467980
v -0.131613 0.084477 -0.467980
v -0.131988 0.071097 -0.467980
v -0.128337 0.071077 -0.467980
v -0.128540 0.057695 -0.467980
v -0.124524 0.057672 -0.467980
v -0.124601 0.044290 -0.467980
v -0.124521 0.030908 -0.467980
v -0.128618 0.044313 -0.467980
v -0.128569 0.030931 -0.467980
v -0.128262 0.017547 -0.467980
v -0.132221 0.030952 -0.467980
v -0.132000 0.017569 -0.467980
v -0.131571 0.004184 -0.467980
v -0.135456 0.017589 -0.467980
v -0.135159 0.004205 -0.467980
v -0.134697 -0.009179 -0.467980
v -0.138563 0.004225 -0.467980
v -0.138279 -0.009159 -0.467980
v -0.137872 -0.022543 -0.467980
v -0.141766 -0.009139 -0.467980
v -0.141585 -0.022522 -0.467980
v -0.141324 -0.035905 -0.467980
v -0.145296 -0.022500 -0.467980
v -0.145315 -0.035882 -0.467980
v -0.149099 -0.022478 -0.467980
v -0.148826 -0.009097 -0.467980
v -0.152588 -0.009076 -0.467980
v -0.152171 0.004304 -0.467980
v -0.156034 0.004327 -0.467980
v -0.155574 0.017706 -0.467980
v -0.159688 0.017730 -0.467980
v -0.159292 0.031109 -0.467980
v -0.163834 0.031136 -0.467980
v -0.155267 0.031086 -0.467980
v -0.159109 0.044490 -0.467980
v -0.155112 0.044467 -0.467980
v -0.159031 0.057872 -0.467980
v -0.155035 0.057849 -0.467980
v -0.155034 0.071231 -0.467980
v -0.151388 0.071210 -0.467980
v -0.151460 0.084592 -0.467980
v -0.148007 0.084572 -0.467980
v -0.148047 0.097954 -0.467980
v -0.144647 0.097935 -0.467980
v -0.144553 0.111317 -0.467980
v -0.141333 0.097916 -0.467980
v -0.141537 0.084535 -0.467980
v -0.138346 0.084517 -0.467980
v -0.138568 0.071135 -0.467980
v -0.135365 0.071117 -0.467980
v -0.135514 0.057736 -0.467980
v -0.132164 0.057716 -0.467980
v -0.132241 0.044335 -0.467980
v -0.135591 0.044354 -0.467980
v -0.135598 0.030972 -0.467980
v -0.138769 0.044373 -0.467980
v -0.138800 0.030991 -0.467980
v -0.138734 0.017608 -0.467980
v -0.141919 0.031008 -0.467980
v -0.141925 0.017627 -0.467980
v -0.141877 0.004244 -0.467980
v -0.145117 0.017645 -0.467980
v -0.145189 0.004264 -0.467980
v -0.145251 -0.009118 -0.467980
v -0.148590 0.004283 -0.467980
v -0.148394 0.017664 -0.467980
v -0.148244 0.031046 -0.467980
v -0.151847 0.017684 -0.467980
v -0.151621 0.031065 -0.467980
v -0.151494 0.044446 -0.467980
v -0.148142 0.044427 -0.467980
v -0.151416 0.057827 -0.467980
v -0.148065 0.057809 -0.467980
v -0.144884 0.057790 -0.467980
v -0.148012 0.071191 -0.467980
v -0.144962 0.044409 -0.467980
v -0.144807 0.071172 -0.467980
v -0.141687 0.071153 -0.467980
v -0.144729 0.084554 -0.467980
v -0.141787 0.057772 -0.467980
v -0.141865 0.044390 -0.467980
v -0.138692 0.057754 -0.467980
v -0.145039 0.031027 -0.467980
v -0.130887 -0.062730 -0.467980
v -0.125742 -0.062760 -0.467980
v -0.127464 -0.049368 -0.467980
v -0.122384 -0.049397 -0.467980
v -0.124204 -0.036005 -0.467980
v -0.119025 -0.036035 -0.467980
v -0.120860 -0.022642 -0.467980
v -0.115402 -0.022673 -0.467980
v -0.117170 -0.009281 -0.467980
v -0.111219 -0.009316 -0.467980
v -0.112831 0.004076 -0.467980
v -0.106108 0.004037 -0.467980
v -0.107451 0.017427 -0.467980
v -0.107451 0.017427 -0.525205
v -0.106108 0.004037 -0.525205
v -0.104181 -0.009356 -0.525205
v -0.101646 -0.022753 -0.525205
v -0.104181 -0.009356 -0.467980
v -0.101646 -0.022753 -0.467980
v -0.109089 -0.022709 -0.467980
v -0.106410 -0.036108 -0.467980
v -0.113168 -0.036068 -0.467980
v -0.110436 -0.049466 -0.467980
v -0.116771 -0.049430 -0.467980
v -0.114067 -0.062827 -0.467980
v -0.120191 -0.062792 -0.467980
v -0.107170 -0.062867 -0.467980
v -0.099255 -0.062913 -0.467980
v -0.103146 -0.049508 -0.467980
v -0.094607 -0.049558 -0.467980
v -0.098468 -0.036154 -0.467980
v -0.098468 -0.036154 -0.525205
v -0.094607 -0.049558 -0.525205
v -0.090018 -0.062967 -0.467980
v -0.108359 0.057578 -0.525205
v -0.107995 0.070958 -0.525205
v -0.107995 0.070958 -0.467980
v -0.107064 0.084335 -0.467980
v -0.113560 0.084373 -0.467980
v -0.112288 0.097747 -0.467980
v -0.117958 0.097780 -0.467980
v -0.116472 0.111154 -0.467980
v -0.121607 0.111184 -0.467980
v -0.120007 0.124556 -0.467980
v -0.124826 0.124584 -0.467980
v -0.123197 0.137957 -0.467980
v -0.127879 0.137984 -0.467980
v -0.126302 0.151357 -0.467980
v -0.131006 0.151385 -0.467980
v -0.129569 0.164758 -0.467980
v -0.134451 0.164786 -0.467980
v -0.134451 0.164786 -0.525205
v -0.139198 0.164814 -0.525205
v -0.129569 0.164758 -0.525205
v -0.124424 0.164728 -0.525205
v -0.124424 0.164728 -0.467980
v -0.118873 0.164696 -0.467980
v -0.121222 0.151328 -0.467980
v -0.115608 0.151295 -0.467980
v -0.118017 0.137927 -0.467980
v -0.112160 0.137893 -0.467980
v -0.114549 0.124525 -0.467980
v -0.108236 0.124489 -0.467980
v -0.110521 0.111119 -0.467980
v -0.103484 0.111079 -0.467980
v -0.105566 0.097709 -0.467980
v -0.105566 0.097709 -0.525205
v -0.107064 0.084335 -0.525205
v -0.103484 0.111079 -0.525205
v -0.100794 0.124445 -0.525205
v -0.100794 0.124445 -0.467980
v -0.097461 0.137808 -0.467980
v -0.105402 0.137854 -0.467980
v -0.101983 0.151216 -0.467980
v -0.109273 0.151259 -0.467980
v -0.105853 0.164621 -0.467980
v -0.112749 0.164661 -0.467980
v -0.112749 0.164661 -0.525205
v -0.118873 0.164696 -0.525205
v -0.105853 0.164621 -0.525205
v -0.097938 0.164575 -0.525205
v -0.097938 0.164575 -0.467980
v -0.088701 0.164522 -0.467980
v -0.093444 0.151167 -0.467980
v -0.093444 0.151167 -0.525205
v -0.097461 0.137808 -0.525205
v -0.153840 0.164899 -0.525205
vn -0.0058 -1.0000 -0.0000
vn -0.0000 -0.0000 1.0000
vn 0.0058 1.0000 -0.0000
vn -0.0000 -0.0000 -1.0000
vn -0.9361 -0.3518 -0.0000
vn 0.8997 0.4365 -0.0000
vn 0.0001 -0.0000 1.0000
vn 0.0002 -0.0000 1.0000
vn -0.0002 -0.0000 1.0000
vn -0.0001 -0.0000 1.0000
vn -0.0001 -0.0000 -1.0000
vn 0.0001 -0.0000 -1.0000
vn -0.0002 -0.0000 -1.0000
vn 0.8946 -0.4468 -0.0000
vn 0.9212 -0.3890 -0.0000
vn 0.9439 -0.3303 -0.0000
vn 0.9625 -0.2713 -0.0000
vn 0.9772 -0.2125 -0.0000
vn 0.9881 -0.1540 -0.0000
vn 0.9954 -0.0954 -0.0000
vn 0.9994 -0.0360 -0.0000
vn 1.0000 -0.0058 -0.0000
vn 0.9997 0.0244 -0.0000
vn 0.9965 0.0839 -0.0000
vn 0.9898 0.1426 -0.0000
vn 0.9796 0.2012 -0.0000
vn 0.9656 0.2601 -0.0000
vn 0.9477 0.3193 -0.0000
vn 0.9257 0.3783 -0.0000
vn -0.9319 0.3626 -0.0000
vn -0.9466 0.3224 -0.0000
vn -0.9601 0.2796 -0.0000
vn -0.9721 0.2346 -0.0000
vn -0.9823 0.1875 -0.0000
vn -0.9904 0.1383 -0.0000
vn -0.9962 0.0869 -0.0000
vn -0.9994 0.0333 -0.0000
vn -1.0000 0.0058 -0.0000
vn -0.9998 -0.0217 -0.0000
vn -0.9998 -0.0218 -0.0000
vn -0.9972 -0.0753 -0.0000
vn -0.9919 -0.1268 -0.0000
vn -0.9844 -0.1760 -0.0000
vn -0.9747 -0.2233 -0.0000
vn -0.9748 -0.2233 -0.0000
vn -0.9633 -0.2685 -0.0000
vn -0.9503 -0.3114 -0.0000
vn 0.9569 0.2904 -0.0000
vn -0.9310 -0.3650 -0.0000
vn -0.9311 -0.3649 -0.0000
vn -0.0059 -1.0000 -0.0000
vn -0.0057 -1.0000 -0.0000
vn -0.0056 -1.0000 -0.0000
vn -0.0060 -1.0000 -0.0000
vn 0.0059 1.0000 -0.0000
vn 0.0057 1.0000 -0.0000
vn 0.0061 1.0000 -0.0000
vn 0.0060 1.0000 -0.0000
vn 0.0056 1.0000 -0.0000
vn -0.9267 0.3759 -0.0000
vn -0.9267 0.3758 -0.0000
vn -0.9458 0.3247 -0.0000
vn -0.9459 0.3245 -0.0000
vn -0.9618 0.2736 -0.0000
vn -0.9747 0.2236 -0.0000
vn -0.9846 0.1747 -0.0000
vn -0.9846 0.1748 -0.0000
vn -0.9920 0.1263 -0.0000
vn -0.9969 0.0785 -0.0000
vn -0.9995 0.0302 -0.0000
vn -0.9995 0.0303 -0.0000
vn -0.9998 -0.0187 -0.0000
vn -0.9978 -0.0669 -0.0000
vn -0.9934 -0.1148 -0.0000
vn -0.9866 -0.1631 -0.0000
vn -0.9866 -0.1632 -0.0000
vn -0.9772 -0.2123 -0.0000
vn -0.9649 -0.2625 -0.0000
vn -0.9496 -0.3136 -0.0000
vn 0.9535 -0.3015 -0.0000
vn 0.9534 -0.3016 -0.0000
vn 0.9637 -0.2668 -0.0000
vn 0.9638 -0.2668 -0.0000
vn 0.9731 -0.2305 -0.0000
vn 0.9730 -0.2306 -0.0000
vn 0.9812 -0.1929 -0.0000
vn 0.9881 -0.1538 -0.0000
vn 0.9881 -0.1539 -0.0000
vn 0.9935 -0.1135 -0.0000
vn 0.9935 -0.1134 -0.0000
vn 0.9974 -0.0716 -0.0000
vn 0.9996 -0.0282 -0.0000
vn 0.9996 -0.0281 -0.0000
vn 0.9999 0.0165 -0.0000
vn 0.9982 0.0600 -0.0000
vn 0.9982 0.0601 -0.0000
vn 0.9948 0.1019 -0.0000
vn 0.9948 0.1020 -0.0000
vn 0.9898 0.1425 -0.0000
vn 0.9898 0.1424 -0.0000
vn 0.9834 0.1815 -0.0000
vn 0.9756 0.2194 -0.0000
vn 0.9757 0.2193 -0.0000
vn 0.9668 0.2557 -0.0000
vn -0.9310 -0.3651 -0.0000
vn -0.9266 0.3760 -0.0000
vn -0.9458 0.3248 -0.0000
vn -0.9458 0.3249 -0.0000
vn -0.9618 0.2737 -0.0000
vn -0.9846 0.1745 -0.0000
vn -0.9847 0.1744 -0.0000
vn -0.9978 -0.0670 -0.0000
vn -0.9495 -0.3136 -0.0000
vn 0.9637 -0.2669 -0.0000
vn 0.9881 -0.1537 -0.0000
vn 0.9996 -0.0284 -0.0000
vn 0.9898 0.1423 -0.0000
vn 0.9757 0.2192 -0.0000
vn -0.0000 -1.0000 -0.0000
vn 1.0000 -0.0000 -0.0000
vn -1.0000 -0.0000 -0.0000
vn -0.0000 1.0000 -0.0000
vn 0.9667 0.2559 -0.0000
vn 0.9814 0.1922 -0.0000
vn 0.9744 0.2246 -0.0000
vn 0.9873 0.1586 -0.0000
vn 0.9923 0.1241 -0.0000
vn 0.9987 0.0518 -0.0000
vn 0.9961 0.0885 -0.0000
vn 0.0002 -0.0000 -1.0000
vn 0.9999 0.0137 -0.0000
vn -0.9999 -0.0156 -0.0000
vn 0.9980 -0.0633 -0.0000
vn 0.9997 -0.0253 -0.0000
vn 0.9950 -0.1000 -0.0000
vn 0.9908 -0.1356 -0.0000
vn 0.9791 -0.2035 -0.0000
vn 0.9854 -0.1701 -0.0000
vn 0.9718 -0.2359 -0.0000
vn 0.9637 -0.2671 -0.0000
vn -0.9950 -0.0998 -0.0000
vn -0.9983 -0.0578 -0.0000
vn -0.9898 -0.1424 -0.0000
vn -0.9826 -0.1859 -0.0000
vn -0.9609 -0.2768 -0.0000
vn -0.9730 -0.2307 -0.0000
vn -0.9461 -0.3238 -0.0000
vn -0.9996 0.0272 -0.0000
vn -0.9976 0.0694 -0.0000
vn -0.9938 0.1114 -0.0000
vn -0.9881 0.1539 -0.0000
vn -0.9803 0.1973 -0.0000
vn -0.9703 0.2420 -0.0000
vn -0.9423 0.3347 -0.0000
vn -0.9576 0.2879 -0.0000
vt 0.508548 0.004941
vt 0.506772 0.058867
vt 0.506772 0.004941
vt 0.507651 0.109620
vt 0.506772 0.112792
vt 0.506010 0.109620
vt 0.508548 0.112792
vt 0.506772 0.166718
vt 0.507651 0.217471
vt 0.506772 0.220643
vt 0.506010 0.217471
vt 0.487765 0.112792
vt 0.484517 0.166718
vt 0.484517 0.112792
vt 0.563182 0.112792
vt 0.559885 0.166718
vt 0.559885 0.112792
vt 0.488462 0.217471
vt 0.489488 0.220643
vt 0.487765 0.220643
vt 0.490094 0.217471
vt 0.491095 0.220643
vt 0.491612 0.217471
vt 0.492556 0.220643
vt 0.492964 0.217471
vt 0.493837 0.220643
vt 0.494146 0.217471
vt 0.494981 0.220643
vt 0.495200 0.217471
vt 0.496026 0.220643
vt 0.496159 0.217471
vt 0.497000 0.220643
vt 0.497053 0.217471
vt 0.497930 0.220643
vt 0.498738 0.217471
vt 0.497905 0.217471
vt 0.499572 0.217471
vt 0.498840 0.220643
vt 0.500430 0.217471
vt 0.499753 0.220643
vt 0.501334 0.217471
vt 0.500692 0.220643
vt 0.502311 0.217471
vt 0.501681 0.220643
vt 0.503390 0.217471
vt 0.502748 0.220643
vt 0.504608 0.217471
vt 0.503925 0.220643
vt 0.505251 0.220643
vt 0.489488 0.112792
vt 0.487765 0.166718
vt 0.491095 0.112792
vt 0.489488 0.166718
vt 0.492556 0.112792
vt 0.491095 0.166718
vt 0.493837 0.112792
vt 0.492556 0.166718
vt 0.494981 0.112792
vt 0.493837 0.166718
vt 0.496026 0.112792
vt 0.494981 0.166718
vt 0.497000 0.112792
vt 0.496026 0.166718
vt 0.497930 0.112792
vt 0.497000 0.166718
vt 0.498840 0.112792
vt 0.497930 0.166718
vt 0.499753 0.112792
vt 0.498840 0.166718
vt 0.500692 0.112792
vt 0.499753 0.166718
vt 0.501681 0.112792
vt 0.500692 0.166718
vt 0.502748 0.112792
vt 0.501681 0.166718
vt 0.503925 0.112792
vt 0.502748 0.166718
vt 0.505251 0.112792
vt 0.503925 0.166718
vt 0.505251 0.166718
vt 0.488462 0.109620
vt 0.490094 0.109620
vt 0.491612 0.109620
vt 0.492964 0.109620
vt 0.494146 0.109620
vt 0.495200 0.109620
vt 0.496159 0.109620
vt 0.497053 0.109620
vt 0.498738 0.109620
vt 0.497905 0.109620
vt 0.499572 0.109620
vt 0.500430 0.109620
vt 0.501334 0.109620
vt 0.502311 0.109620
vt 0.503390 0.109620
vt 0.504608 0.109620
vt 0.489488 0.004941
vt 0.487765 0.058867
vt 0.487765 0.004941
vt 0.491095 0.004941
vt 0.489488 0.058867
vt 0.492556 0.004941
vt 0.491095 0.058867
vt 0.493837 0.004941
vt 0.492556 0.058867
vt 0.494981 0.004941
vt 0.493837 0.058867
vt 0.496025 0.004941
vt 0.494981 0.058867
vt 0.497000 0.004941
vt 0.496025 0.058867
vt 0.497930 0.004941
vt 0.497000 0.058867
vt 0.498840 0.004941
vt 0.497930 0.058867
vt 0.499753 0.004941
vt 0.498840 0.058867
vt 0.500691 0.004941
vt 0.499753 0.058867
vt 0.501681 0.004941
vt 0.500692 0.058867
vt 0.502748 0.004941
vt 0.501681 0.058867
vt 0.503925 0.004941
vt 0.502748 0.058867
vt 0.505251 0.004941
vt 0.503925 0.058867
vt 0.505251 0.058867
vt 0.506010 0.062039
vt 0.504608 0.062039
vt 0.504567 0.064772
vt 0.505456 0.064772
vt 0.504644 0.069727
vt 0.504413 0.071555
vt 0.504352 0.071555
vt 0.503930 0.074681
vt 0.504248 0.072204
vt 0.504088 0.074727
vt 0.503858 0.077899
vt 0.503635 0.077899
vt 0.503686 0.077159
vt 0.503721 0.081071
vt 0.503453 0.081071
vt 0.503513 0.079636
vt 0.503676 0.084243
vt 0.503380 0.084243
vt 0.503410 0.082113
vt 0.503375 0.087068
vt 0.503375 0.084591
vt 0.503721 0.090587
vt 0.503453 0.090587
vt 0.503410 0.089545
vt 0.503858 0.093760
vt 0.503635 0.093760
vt 0.503513 0.092023
vt 0.504088 0.096932
vt 0.503926 0.096932
vt 0.503686 0.094500
vt 0.504413 0.100104
vt 0.504352 0.100104
vt 0.504248 0.099455
vt 0.504644 0.101932
vt 0.504567 0.106887
vt 0.505456 0.106887
vt 0.503390 0.062039
vt 0.503604 0.064772
vt 0.504143 0.064772
vt 0.503604 0.106887
vt 0.504143 0.106887
vt 0.502311 0.062039
vt 0.503004 0.064772
vt 0.502765 0.064772
vt 0.502020 0.106887
vt 0.502765 0.106887
vt 0.501334 0.062039
vt 0.501345 0.064772
vt 0.501997 0.064772
vt 0.501345 0.106887
vt 0.501997 0.106887
vt 0.500430 0.062039
vt 0.501086 0.064772
vt 0.500719 0.064772
vt 0.500243 0.106887
vt 0.500719 0.106887
vt 0.499572 0.062039
vt 0.500243 0.064772
vt 0.500125 0.064772
vt 0.499548 0.106887
vt 0.500125 0.106887
vt 0.498738 0.062039
vt 0.499444 0.064772
vt 0.498972 0.064772
vt 0.498666 0.106887
vt 0.498972 0.106887
vt 0.497905 0.062039
vt 0.498666 0.064772
vt 0.498383 0.064772
vt 0.497890 0.106887
vt 0.498383 0.106887
vt 0.497053 0.062039
vt 0.497890 0.064772
vt 0.497767 0.064772
vt 0.497106 0.106887
vt 0.497767 0.106887
vt 0.496159 0.062039
vt 0.497095 0.064772
vt 0.496382 0.064772
vt 0.496260 0.106887
vt 0.496382 0.106887
vt 0.495200 0.062039
vt 0.496260 0.064772
vt 0.495571 0.064772
vt 0.495363 0.106887
vt 0.495571 0.106887
vt 0.494146 0.062039
vt 0.495363 0.064772
vt 0.494647 0.064772
vt 0.494376 0.106887
vt 0.494647 0.106887
vt 0.492964 0.062039
vt 0.494376 0.064772
vt 0.493630 0.064772
vt 0.494173 0.077899
vt 0.494179 0.077159
vt 0.494225 0.077899
vt 0.494333 0.079636
vt 0.494253 0.081071
vt 0.494388 0.081071
vt 0.494427 0.082113
vt 0.494280 0.084243
vt 0.494454 0.084243
vt 0.494459 0.084591
vt 0.494280 0.087415
vt 0.494454 0.087415
vt 0.494427 0.089545
vt 0.494253 0.090587
vt 0.494388 0.090587
vt 0.494333 0.092023
vt 0.494173 0.093760
vt 0.494179 0.094500
vt 0.494106 0.095354
vt 0.493267 0.106887
vt 0.493630 0.106887
vt 0.491612 0.062039
vt 0.493267 0.064772
vt 0.492540 0.064772
vt 0.492057 0.065211
vt 0.492618 0.065211
vt 0.492981 0.067249
vt 0.492432 0.068383
vt 0.493157 0.068383
vt 0.493366 0.069727
vt 0.493695 0.072204
vt 0.493966 0.074681
vt 0.492975 0.074727
vt 0.494106 0.076305
vt 0.493145 0.077899
vt 0.493247 0.081071
vt 0.493281 0.084243
vt 0.493281 0.087415
vt 0.493247 0.090587
vt 0.493145 0.093760
vt 0.493966 0.096977
vt 0.493695 0.099455
vt 0.492975 0.096932
vt 0.492737 0.100104
vt 0.493609 0.100104
vt 0.493366 0.101932
vt 0.492432 0.103276
vt 0.493157 0.103276
vt 0.492981 0.104409
vt 0.492057 0.106448
vt 0.492618 0.106448
vt 0.492540 0.106887
vt 0.490094 0.062039
vt 0.490623 0.065211
vt 0.491072 0.068383
vt 0.491442 0.071555
vt 0.492737 0.071555
vt 0.491731 0.074727
vt 0.491940 0.077899
vt 0.492067 0.081071
vt 0.492109 0.084243
vt 0.492109 0.087415
vt 0.492067 0.090587
vt 0.491940 0.093760
vt 0.491731 0.096932
vt 0.491442 0.100104
vt 0.491072 0.103276
vt 0.490623 0.106448
vt 0.488462 0.062039
vt 0.489071 0.065211
vt 0.489590 0.068383
vt 0.490018 0.071555
vt 0.490355 0.074727
vt 0.490599 0.077899
vt 0.490747 0.081071
vt 0.490798 0.084243
vt 0.490798 0.087415
vt 0.490747 0.090587
vt 0.490599 0.093760
vt 0.490355 0.096932
vt 0.490018 0.100104
vt 0.489590 0.103276
vt 0.489071 0.106448
vt 0.506010 0.169890
vt 0.504608 0.169890
vt 0.504567 0.172623
vt 0.505456 0.172623
vt 0.504413 0.179406
vt 0.504644 0.177578
vt 0.504688 0.177347
vt 0.504248 0.180055
vt 0.504088 0.182578
vt 0.503930 0.182532
vt 0.503858 0.185750
vt 0.503635 0.185750
vt 0.503686 0.185010
vt 0.503721 0.188922
vt 0.503453 0.188922
vt 0.503513 0.187487
vt 0.503676 0.192094
vt 0.503380 0.192094
vt 0.503410 0.189964
vt 0.503375 0.192442
vt 0.503676 0.195266
vt 0.503375 0.194919
vt 0.503721 0.198438
vt 0.503453 0.198438
vt 0.503410 0.197396
vt 0.503858 0.201610
vt 0.503635 0.201610
vt 0.503513 0.199874
vt 0.504088 0.204783
vt 0.503926 0.204783
vt 0.503686 0.202351
vt 0.504248 0.207306
vt 0.503930 0.204828
vt 0.504644 0.209783
vt 0.504413 0.207955
vt 0.504688 0.210013
vt 0.504143 0.214738
vt 0.504567 0.214738
vt 0.503390 0.169890
vt 0.503604 0.172623
vt 0.504143 0.172623
vt 0.503004 0.214738
vt 0.503604 0.214738
vt 0.502311 0.169890
vt 0.502765 0.172623
vt 0.502020 0.172623
vt 0.502020 0.214738
vt 0.502765 0.214738
vt 0.501334 0.169890
vt 0.501345 0.172623
vt 0.501997 0.172623
vt 0.501086 0.214738
vt 0.501345 0.214738
vt 0.500430 0.169890
vt 0.501086 0.172623
vt 0.500719 0.172623
vt 0.500243 0.214738
vt 0.500719 0.214738
vt 0.499572 0.169890
vt 0.500125 0.172623
vt 0.499548 0.172623
vt 0.499548 0.214738
vt 0.500125 0.214738
vt 0.498738 0.169890
vt 0.499444 0.172623
vt 0.498972 0.172623
vt 0.498666 0.214738
vt 0.498972 0.214738
vt 0.497905 0.169890
vt 0.498666 0.172623
vt 0.498383 0.172623
vt 0.497890 0.214738
vt 0.498383 0.214738
vt 0.497053 0.169890
vt 0.497767 0.172623
vt 0.497106 0.172623
vt 0.497106 0.214738
vt 0.497767 0.214738
vt 0.496159 0.169890
vt 0.497095 0.172623
vt 0.496382 0.172623
vt 0.496260 0.214738
vt 0.496382 0.214738
vt 0.495200 0.169890
vt 0.496260 0.172623
vt 0.495571 0.172623
vt 0.495363 0.214738
vt 0.495571 0.214738
vt 0.494146 0.169890
vt 0.495363 0.172623
vt 0.494647 0.172623
vt 0.494376 0.214738
vt 0.494647 0.214738
vt 0.492964 0.169890
vt 0.494376 0.172623
vt 0.493630 0.172623
vt 0.494173 0.185750
vt 0.494179 0.185010
vt 0.494225 0.185750
vt 0.494333 0.187487
vt 0.494253 0.188922
vt 0.494388 0.188922
vt 0.494427 0.189964
vt 0.494459 0.194919
vt 0.494280 0.192094
vt 0.494459 0.192442
vt 0.494280 0.195266
vt 0.494454 0.195266
vt 0.494427 0.197396
vt 0.494253 0.198438
vt 0.494388 0.198438
vt 0.494333 0.199874
vt 0.494173 0.201610
vt 0.494179 0.202351
vt 0.494106 0.203205
vt 0.493267 0.214738
vt 0.493630 0.214738
vt 0.491612 0.169890
vt 0.493267 0.172623
vt 0.492540 0.172623
vt 0.492057 0.173062
vt 0.492618 0.173062
vt 0.492981 0.175100
vt 0.492432 0.176234
vt 0.493157 0.176234
vt 0.493366 0.177578
vt 0.493695 0.180055
vt 0.493966 0.182532
vt 0.492975 0.182578
vt 0.493970 0.182578
vt 0.494106 0.184156
vt 0.493247 0.188922
vt 0.493145 0.185750
vt 0.493281 0.192094
vt 0.493281 0.195266
vt 0.493247 0.198438
vt 0.493145 0.201610
vt 0.493695 0.207306
vt 0.492975 0.204783
vt 0.493966 0.204828
vt 0.492737 0.207955
vt 0.493609 0.207955
vt 0.493366 0.209783
vt 0.492432 0.211127
vt 0.493157 0.211127
vt 0.492981 0.212260
vt 0.492057 0.214299
vt 0.492618 0.214299
vt 0.492540 0.214738
vt 0.490094 0.169890
vt 0.490623 0.173062
vt 0.491072 0.176234
vt 0.491442 0.179406
vt 0.492737 0.179406
vt 0.491731 0.182578
vt 0.491940 0.185750
vt 0.492067 0.188922
vt 0.492109 0.192094
vt 0.492109 0.195266
vt 0.492067 0.198438
vt 0.491940 0.201610
vt 0.491731 0.204783
vt 0.491442 0.207955
vt 0.491072 0.211127
vt 0.490623 0.214299
vt 0.488462 0.169890
vt 0.489071 0.173062
vt 0.489590 0.176234
vt 0.490018 0.179406
vt 0.490355 0.182578
vt 0.490599 0.185750
vt 0.490747 0.188922
vt 0.490797 0.192094
vt 0.490797 0.195266
vt 0.490747 0.198438
vt 0.490599 0.201610
vt 0.490355 0.204783
vt 0.490018 0.207955
vt 0.489590 0.211127
vt 0.489071 0.214299
vt 0.511845 0.112792
vt 0.508548 0.166718
vt 0.515106 0.112792
vt 0.511845 0.166718
vt 0.518339 0.112792
vt 0.515106 0.166718
vt 0.521551 0.112792
vt 0.518339 0.166718
vt 0.524746 0.112792
vt 0.521551 0.166718
vt 0.527930 0.112792
vt 0.524746 0.166718
vt 0.531106 0.112792
vt 0.527930 0.166718
vt 0.534279 0.112792
vt 0.531106 0.166718
vt 0.537451 0.112792
vt 0.534279 0.166718
vt 0.540624 0.112792
vt 0.537451 0.166718
vt 0.543800 0.112792
vt 0.540624 0.166718
vt 0.546984 0.112792
vt 0.543800 0.166718
vt 0.550179 0.112792
vt 0.546984 0.166718
vt 0.553391 0.112792
vt 0.550179 0.166718
vt 0.556624 0.112792
vt 0.553391 0.166718
vt 0.556624 0.166718
vt 0.436616 0.112792
vt 0.433368 0.166718
vt 0.433368 0.112792
vt 0.439846 0.112792
vt 0.436616 0.166718
vt 0.443060 0.112792
vt 0.439846 0.166718
vt 0.446261 0.112792
vt 0.443060 0.166718
vt 0.449451 0.112792
vt 0.446261 0.166718
vt 0.452632 0.112792
vt 0.449451 0.166718
vt 0.455808 0.112792
vt 0.452632 0.166718
vt 0.458981 0.112792
vt 0.455808 0.166718
vt 0.462153 0.112792
vt 0.458981 0.166718
vt 0.465325 0.112792
vt 0.462153 0.166718
vt 0.468501 0.112792
vt 0.465325 0.166718
vt 0.471682 0.112792
vt 0.468501 0.166718
vt 0.474872 0.112792
vt 0.471682 0.166718
vt 0.478073 0.112792
vt 0.474872 0.166718
vt 0.481287 0.112792
vt 0.478073 0.166718
vt 0.481287 0.166718
vt 0.507651 0.169890
vt 0.506894 0.173062
vt 0.505691 0.172623
vt 0.506268 0.176234
vt 0.504904 0.176234
vt 0.505123 0.175100
vt 0.505766 0.179406
vt 0.505381 0.182578
vt 0.505107 0.185750
vt 0.504943 0.188922
vt 0.504888 0.192094
vt 0.504888 0.195266
vt 0.504943 0.198438
vt 0.505107 0.201610
vt 0.505381 0.204783
vt 0.505766 0.207955
vt 0.506894 0.214299
vt 0.505590 0.214299
vt 0.505123 0.212260
vt 0.505691 0.214738
vt 0.507651 0.062039
vt 0.506894 0.065211
vt 0.505590 0.065211
vt 0.505691 0.064772
vt 0.506268 0.068383
vt 0.504904 0.068383
vt 0.505123 0.067249
vt 0.505766 0.071555
vt 0.504688 0.069497
vt 0.505381 0.074727
vt 0.505107 0.077899
vt 0.504943 0.081071
vt 0.504888 0.084243
vt 0.503676 0.087415
vt 0.504888 0.087415
vt 0.504943 0.090587
vt 0.505107 0.093760
vt 0.505381 0.096932
vt 0.506268 0.103276
vt 0.504904 0.103276
vt 0.504688 0.102162
vt 0.506894 0.106448
vt 0.505590 0.106448
vt 0.505123 0.104409
vt 0.505691 0.106887
vt 0.433602 0.428721
vt 0.434489 0.482497
vt 0.433602 0.482497
vt 0.487265 0.363506
vt 0.433368 0.363506
vt 0.487265 0.363272
vt 0.487265 0.376934
vt 0.433368 0.379004
vt 0.433368 0.376934
vt 0.433368 0.321249
vt 0.487265 0.320799
vt 0.487265 0.321249
vt 0.487265 0.375762
vt 0.433368 0.376489
vt 0.433368 0.375762
vt 0.487265 0.374654
vt 0.433368 0.374654
vt 0.487265 0.374383
vt 0.487265 0.373667
vt 0.433368 0.373667
vt 0.487265 0.373459
vt 0.487265 0.372770
vt 0.433368 0.373459
vt 0.433368 0.372770
vt 0.487265 0.371936
vt 0.433368 0.372649
vt 0.433368 0.371936
vt 0.487265 0.371222
vt 0.433368 0.371882
vt 0.433368 0.371222
vt 0.487265 0.371098
vt 0.433368 0.371098
vt 0.487265 0.370322
vt 0.433368 0.370605
vt 0.433368 0.370322
vt 0.487265 0.369545
vt 0.433368 0.370017
vt 0.433368 0.369545
vt 0.487265 0.368864
vt 0.433368 0.369441
vt 0.433368 0.368864
vt 0.487265 0.368746
vt 0.433368 0.368746
vt 0.487265 0.367904
vt 0.433368 0.368271
vt 0.433368 0.367904
vt 0.487265 0.366994
vt 0.433368 0.366994
vt 0.487265 0.366940
vt 0.487265 0.366195
vt 0.433368 0.366940
vt 0.433368 0.366195
vt 0.487265 0.365957
vt 0.433368 0.365957
vt 0.487265 0.364819
vt 0.433368 0.365357
vt 0.433368 0.364819
vt 0.445831 0.482497
vt 0.445469 0.428721
vt 0.445831 0.428721
vt 0.444725 0.482497
vt 0.444454 0.428721
vt 0.444725 0.428721
vt 0.443741 0.482497
vt 0.443533 0.428721
vt 0.443741 0.428721
vt 0.442845 0.482497
vt 0.442724 0.428721
vt 0.442845 0.428721
vt 0.442013 0.482497
vt 0.441959 0.428721
vt 0.442013 0.428721
vt 0.441959 0.482497
vt 0.441300 0.428721
vt 0.441177 0.482497
vt 0.440685 0.428721
vt 0.441177 0.428721
vt 0.440403 0.482497
vt 0.440098 0.428721
vt 0.440403 0.428721
vt 0.439628 0.482497
vt 0.439524 0.428721
vt 0.439628 0.428721
vt 0.439524 0.482497
vt 0.438948 0.428721
vt 0.438831 0.482497
vt 0.438356 0.428721
vt 0.438831 0.428721
vt 0.437990 0.482497
vt 0.437732 0.428721
vt 0.437990 0.428721
vt 0.437082 0.482497
vt 0.437028 0.428721
vt 0.437082 0.428721
vt 0.437028 0.482497
vt 0.436285 0.428721
vt 0.436047 0.482497
vt 0.435449 0.428721
vt 0.436047 0.428721
vt 0.434912 0.482497
vt 0.434489 0.428721
vt 0.434912 0.428721
vt 0.433368 0.362822
vt 0.487265 0.360731
vt 0.487265 0.362822
vt 0.487265 0.358444
vt 0.487265 0.359577
vt 0.433368 0.359577
vt 0.487265 0.356359
vt 0.433368 0.358210
vt 0.433368 0.356359
vt 0.487265 0.355702
vt 0.433368 0.353206
vt 0.487265 0.353206
vt 0.487265 0.353152
vt 0.433368 0.353152
vt 0.487265 0.349968
vt 0.433368 0.350710
vt 0.433368 0.349968
vt 0.487265 0.346792
vt 0.433368 0.348228
vt 0.433368 0.346792
vt 0.487265 0.343621
vt 0.433368 0.345750
vt 0.433368 0.343621
vt 0.487265 0.343273
vt 0.433368 0.340797
vt 0.487265 0.340797
vt 0.487265 0.340450
vt 0.433368 0.340450
vt 0.487265 0.337279
vt 0.433368 0.338321
vt 0.433368 0.337279
vt 0.487265 0.334103
vt 0.433368 0.335843
vt 0.433368 0.334103
vt 0.487265 0.330919
vt 0.433368 0.333361
vt 0.433368 0.330919
vt 0.487265 0.330865
vt 0.433368 0.328369
vt 0.487265 0.328369
vt 0.487265 0.327712
vt 0.433368 0.327712
vt 0.433368 0.325627
vt 0.487265 0.324493
vt 0.487265 0.325627
vt 0.487265 0.418394
vt 0.433368 0.418839
vt 0.433368 0.418394
vt 0.487265 0.415178
vt 0.433368 0.416324
vt 0.433368 0.415178
vt 0.487265 0.411975
vt 0.433368 0.413818
vt 0.433368 0.411975
vt 0.487265 0.408830
vt 0.433368 0.411321
vt 0.433368 0.408830
vt 0.487265 0.407193
vt 0.487265 0.408776
vt 0.433368 0.408776
vt 0.487265 0.405595
vt 0.433368 0.406337
vt 0.433368 0.405595
vt 0.487265 0.402420
vt 0.433368 0.403856
vt 0.433368 0.402420
vt 0.487265 0.399249
vt 0.433368 0.401378
vt 0.433368 0.399249
vt 0.487265 0.396426
vt 0.433368 0.398902
vt 0.433368 0.396426
vt 0.487265 0.396079
vt 0.433368 0.396079
vt 0.487265 0.392907
vt 0.433368 0.393950
vt 0.433368 0.392907
vt 0.487265 0.389733
vt 0.433368 0.391472
vt 0.433368 0.389733
vt 0.487265 0.386552
vt 0.487265 0.388135
vt 0.433368 0.388135
vt 0.487265 0.384007
vt 0.433368 0.386498
vt 0.433368 0.384007
vt 0.433368 0.383353
vt 0.487265 0.380150
vt 0.433368 0.381510
vt 0.433368 0.380150
vt 0.508548 0.058867
vt 0.508548 0.220643
vt 0.563182 0.166718
vt 0.503926 0.074727
vt 0.503380 0.087415
vt 0.503930 0.096977
vt 0.503004 0.106887
vt 0.502020 0.064772
vt 0.501086 0.106887
vt 0.499548 0.064772
vt 0.499444 0.106887
vt 0.497106 0.064772
vt 0.497095 0.106887
vt 0.494459 0.087068
vt 0.494225 0.093760
vt 0.493609 0.071555
vt 0.493970 0.074727
vt 0.493970 0.096932
vt 0.504352 0.179406
vt 0.503926 0.182578
vt 0.503380 0.195266
vt 0.504352 0.207955
vt 0.505456 0.214738
vt 0.503004 0.172623
vt 0.501997 0.214738
vt 0.500243 0.172623
vt 0.499444 0.214738
vt 0.497890 0.172623
vt 0.497095 0.214738
vt 0.494454 0.192094
vt 0.494225 0.201610
vt 0.493609 0.179406
vt 0.493970 0.204783
vt 0.505590 0.173062
vt 0.506268 0.211127
vt 0.504904 0.211127
vt 0.505766 0.100104
vt 0.433368 0.482497
vt 0.433368 0.428721
vt 0.487265 0.364395
vt 0.433368 0.364395
vt 0.433368 0.363272
vt 0.487265 0.376489
vt 0.487265 0.379004
vt 0.487265 0.323339
vt 0.433368 0.323339
vt 0.433368 0.320799
vt 0.433368 0.375399
vt 0.487265 0.375399
vt 0.433368 0.374383
vt 0.487265 0.372649
vt 0.487265 0.371882
vt 0.487265 0.370605
vt 0.487265 0.370017
vt 0.487265 0.369441
vt 0.487265 0.368271
vt 0.433368 0.367645
vt 0.487265 0.367645
vt 0.487265 0.365357
vt 0.446556 0.428721
vt 0.446556 0.482497
vt 0.445469 0.482497
vt 0.444454 0.482497
vt 0.443533 0.482497
vt 0.442724 0.482497
vt 0.441300 0.482497
vt 0.440685 0.482497
vt 0.440098 0.482497
vt 0.438948 0.482497
vt 0.438356 0.482497
vt 0.437732 0.482497
vt 0.436285 0.482497
vt 0.435449 0.482497
vt 0.433368 0.360731
vt 0.433368 0.358444
vt 0.487265 0.358210
vt 0.433368 0.355702
vt 0.487265 0.350710
vt 0.487265 0.348228
vt 0.487265 0.345750
vt 0.433368 0.343273
vt 0.487265 0.338321
vt 0.487265 0.335843
vt 0.487265 0.333361
vt 0.433368 0.330865
vt 0.433368 0.325861
vt 0.487265 0.325861
vt 0.433368 0.324493
vt 0.487265 0.416324
vt 0.487265 0.418839
vt 0.487265 0.413818
vt 0.487265 0.411321
vt 0.433368 0.407193
vt 0.487265 0.406337
vt 0.487265 0.403856
vt 0.487265 0.401378
vt 0.487265 0.398902
vt 0.487265 0.393950
vt 0.487265 0.391472
vt 0.433368 0.388991
vt 0.487265 0.388991
vt 0.433368 0.386552
vt 0.487265 0.386498
vt 0.487265 0.381510
vt 0.487265 0.383353
vt 0.346043 0.500000
vt 0.423486 0.082383
vt 0.423486 0.500000
vt 0.081817 0.995059
vt 0.345475 0.577441
vt 0.345475 0.995059
vt 0.218958 0.012020
vt 0.081817 0.004941
vt 0.345475 0.004941
vt 0.252122 0.012867
vt 0.252125 0.012126
vt 0.346043 0.082383
vt 0.252097 0.020806
vt 0.252099 0.020086
vt 0.252120 0.013503
vt 0.252117 0.014548
vt 0.252118 0.014057
vt 0.252114 0.015407
vt 0.252115 0.014994
vt 0.252113 0.015799
vt 0.252112 0.016180
vt 0.252108 0.017356
vt 0.252109 0.016949
vt 0.252110 0.016560
vt 0.252105 0.018270
vt 0.252106 0.017792
vt 0.252101 0.019415
vt 0.252103 0.018805
vt 0.082384 0.500000
vt 0.081817 0.577441
vt 0.004941 0.500000
vt 0.082384 0.082382
vt 0.218930 0.020700
vt 0.004941 0.082382
vt 0.218932 0.019980
vt 0.467389 0.254137
vt 0.466670 0.230525
vt 0.467389 0.230525
vt 0.464697 0.254137
vt 0.464697 0.230525
vt 0.220882 0.020415
vt 0.234542 0.019483
vt 0.466670 0.254137
vt 0.236493 0.019489
vt 0.468060 0.254137
vt 0.466961 0.256088
vt 0.467643 0.256088
vt 0.467215 0.258039
vt 0.467863 0.258039
vt 0.468277 0.256088
vt 0.467432 0.259991
vt 0.460767 0.254137
vt 0.462730 0.230525
vt 0.462730 0.254137
vt 0.222834 0.020167
vt 0.460767 0.230525
vt 0.224785 0.019956
vt 0.458807 0.254137
vt 0.458807 0.230525
vt 0.226737 0.019784
vt 0.467752 0.263893
vt 0.467611 0.261942
vt 0.468205 0.261942
vt 0.456851 0.254137
vt 0.468051 0.259990
vt 0.468619 0.259990
vt 0.468462 0.258039
vt 0.468988 0.258039
vt 0.468841 0.256088
vt 0.468671 0.254137
vt 0.469205 0.254137
vt 0.469335 0.256088
vt 0.469683 0.254137
vt 0.469205 0.230525
vt 0.468671 0.230525
vt 0.218938 0.018164
vt 0.218936 0.018699
vt 0.218934 0.019309
vt 0.468060 0.230525
vt 0.470120 0.254137
vt 0.469683 0.230525
vt 0.469775 0.256088
vt 0.469446 0.258039
vt 0.469854 0.258039
vt 0.470176 0.256088
vt 0.469540 0.259990
vt 0.469111 0.259990
vt 0.469212 0.261942
vt 0.468746 0.261942
vt 0.468845 0.263893
vt 0.468326 0.263893
vt 0.468413 0.265844
vt 0.467853 0.265844
vt 0.467915 0.267795
vt 0.452946 0.254137
vt 0.454898 0.230525
vt 0.454898 0.254137
vt 0.456851 0.230525
vt 0.228688 0.019649
vt 0.230640 0.019554
vt 0.452946 0.230525
vt 0.232591 0.019498
vt 0.450994 0.254137
vt 0.450994 0.230525
vt 0.467936 0.271697
vt 0.467936 0.269746
vt 0.468484 0.269746
vt 0.449043 0.254137
vt 0.468466 0.267795
vt 0.468959 0.267795
vt 0.468916 0.265844
vt 0.469346 0.265844
vt 0.469290 0.263893
vt 0.469676 0.263893
vt 0.469616 0.261942
vt 0.469975 0.261942
vt 0.469921 0.259990
vt 0.470266 0.259990
vt 0.470224 0.258039
vt 0.470569 0.258039
vt 0.470549 0.256088
vt 0.470527 0.254137
vt 0.470915 0.254137
vt 0.470905 0.256088
vt 0.471295 0.254137
vt 0.470915 0.230525
vt 0.470527 0.230525
vt 0.471252 0.256088
vt 0.471218 0.258039
vt 0.471601 0.256088
vt 0.471539 0.258039
vt 0.471489 0.259990
vt 0.471795 0.259990
vt 0.471869 0.258039
vt 0.471737 0.261942
vt 0.472041 0.261942
vt 0.472118 0.259990
vt 0.471982 0.263893
vt 0.472294 0.263893
vt 0.472369 0.261942
vt 0.472242 0.265844
vt 0.472574 0.265844
vt 0.472640 0.263893
vt 0.472536 0.267795
vt 0.472905 0.267795
vt 0.472952 0.265844
vt 0.472889 0.269746
vt 0.473315 0.269746
vt 0.473334 0.267795
vt 0.472889 0.271697
vt 0.473821 0.271697
vt 0.473315 0.271697
vt 0.473821 0.269746
vt 0.493010 0.254137
vt 0.493010 0.230525
vt 0.494961 0.230525
vt 0.491059 0.254137
vt 0.473334 0.273648
vt 0.473844 0.273648
vt 0.494961 0.254137
vt 0.472952 0.275599
vt 0.472905 0.273648
vt 0.473391 0.275599
vt 0.473032 0.277550
vt 0.472640 0.277550
vt 0.472574 0.275599
vt 0.472732 0.279501
vt 0.472369 0.279501
vt 0.472294 0.277550
vt 0.472468 0.281452
vt 0.472118 0.281452
vt 0.472041 0.279501
vt 0.472216 0.283403
vt 0.471869 0.283403
vt 0.471795 0.281452
vt 0.471959 0.285354
vt 0.471601 0.285354
vt 0.471539 0.283403
vt 0.471676 0.287305
vt 0.471295 0.287305
vt 0.471252 0.285354
vt 0.470915 0.287305
vt 0.471295 0.310917
vt 0.471676 0.310917
vt 0.470527 0.287305
vt 0.470915 0.310917
vt 0.470549 0.285354
vt 0.470905 0.285354
vt 0.470176 0.285354
vt 0.470569 0.283403
vt 0.470224 0.283403
vt 0.469854 0.283403
vt 0.470266 0.281452
vt 0.469921 0.281452
vt 0.469540 0.281452
vt 0.469975 0.279501
vt 0.469616 0.279501
vt 0.469212 0.279501
vt 0.469676 0.277550
vt 0.469290 0.277550
vt 0.468845 0.277550
vt 0.469346 0.275599
vt 0.468917 0.275599
vt 0.468413 0.275599
vt 0.468959 0.273648
vt 0.468466 0.273648
vt 0.467915 0.273648
vt 0.468484 0.271697
vt 0.445140 0.254137
vt 0.447092 0.230525
vt 0.447092 0.254137
vt 0.467853 0.275599
vt 0.449043 0.230525
vt 0.238444 0.019516
vt 0.240395 0.019585
vt 0.445140 0.230525
vt 0.443187 0.254137
vt 0.443187 0.230525
vt 0.242345 0.019693
vt 0.441231 0.254137
vt 0.467752 0.277550
vt 0.468205 0.279501
vt 0.467611 0.279501
vt 0.468326 0.277550
vt 0.468051 0.281452
vt 0.468619 0.281452
vt 0.468746 0.279501
vt 0.468462 0.283403
vt 0.468988 0.283403
vt 0.469111 0.281452
vt 0.468841 0.285354
vt 0.469335 0.285354
vt 0.469446 0.283403
vt 0.469205 0.287305
vt 0.469683 0.287305
vt 0.469775 0.285354
vt 0.469683 0.310917
vt 0.470120 0.310917
vt 0.470120 0.287305
vt 0.470527 0.310917
vt 0.468671 0.287305
vt 0.469205 0.310917
vt 0.468060 0.287305
vt 0.468671 0.310917
vt 0.468277 0.285354
vt 0.467643 0.285354
vt 0.467863 0.283403
vt 0.467215 0.283403
vt 0.467432 0.281452
vt 0.437308 0.254137
vt 0.439271 0.230525
vt 0.439271 0.254137
vt 0.441231 0.230525
vt 0.244296 0.019840
vt 0.246246 0.020025
vt 0.437308 0.230525
vt 0.248197 0.020248
vt 0.435341 0.254137
vt 0.435341 0.230525
vt 0.250147 0.020508
vt 0.433368 0.254137
vt 0.466961 0.285354
vt 0.467389 0.287305
vt 0.466670 0.287305
vt 0.467389 0.310917
vt 0.468060 0.310917
vt 0.433368 0.230525
vt 0.466670 0.310917
vt 0.468973 0.271697
vt 0.468973 0.269746
vt 0.469391 0.271697
vt 0.469391 0.269746
vt 0.469379 0.267795
vt 0.469744 0.267795
vt 0.469719 0.265844
vt 0.470049 0.265844
vt 0.470018 0.263893
vt 0.470328 0.263893
vt 0.470301 0.261942
vt 0.470603 0.261942
vt 0.470587 0.259990
vt 0.470893 0.259990
vt 0.470897 0.258039
vt 0.471191 0.259990
vt 0.471170 0.261942
vt 0.471450 0.261942
vt 0.471421 0.263893
vt 0.471694 0.263893
vt 0.471664 0.265844
vt 0.471942 0.265844
vt 0.471918 0.267795
vt 0.472211 0.267795
vt 0.472201 0.269746
vt 0.472523 0.269746
vt 0.472523 0.271697
vt 0.472536 0.273648
vt 0.472211 0.273648
vt 0.472201 0.271697
vt 0.472242 0.275599
vt 0.471942 0.275599
vt 0.471918 0.273648
vt 0.471982 0.277550
vt 0.471694 0.277550
vt 0.471664 0.275599
vt 0.471737 0.279501
vt 0.471450 0.279501
vt 0.471421 0.277550
vt 0.471489 0.281452
vt 0.471191 0.281452
vt 0.471170 0.279501
vt 0.471218 0.283403
vt 0.470897 0.283403
vt 0.470893 0.281452
vt 0.470587 0.281452
vt 0.470603 0.279501
vt 0.470301 0.279501
vt 0.470328 0.277550
vt 0.470018 0.277550
vt 0.470049 0.275599
vt 0.469719 0.275599
vt 0.469744 0.273648
vt 0.469379 0.273648
vt 0.470067 0.273648
vt 0.469753 0.271697
vt 0.470073 0.271697
vt 0.469753 0.269746
vt 0.470073 0.269746
vt 0.470067 0.267795
vt 0.470360 0.267795
vt 0.470348 0.265844
vt 0.470625 0.265844
vt 0.470616 0.263893
vt 0.470889 0.263893
vt 0.470890 0.261942
vt 0.471155 0.263893
vt 0.471145 0.265844
vt 0.471401 0.265844
vt 0.471389 0.267795
vt 0.471646 0.267795
vt 0.471641 0.269746
vt 0.471910 0.269746
vt 0.471910 0.271697
vt 0.471641 0.271697
vt 0.471646 0.273648
vt 0.471389 0.273648
vt 0.471386 0.271697
vt 0.471401 0.275599
vt 0.471145 0.275599
vt 0.471139 0.273648
vt 0.471155 0.277550
vt 0.470889 0.277550
vt 0.470888 0.275599
vt 0.470616 0.277550
vt 0.470890 0.279501
vt 0.470625 0.275599
vt 0.470348 0.275599
vt 0.470631 0.273648
vt 0.470360 0.273648
vt 0.470364 0.271697
vt 0.470633 0.271697
vt 0.470633 0.269746
vt 0.470364 0.269746
vt 0.470888 0.271697
vt 0.470888 0.269746
vt 0.470888 0.267795
vt 0.470631 0.267795
vt 0.471137 0.269746
vt 0.471139 0.267795
vt 0.470888 0.265844
vt 0.471137 0.271697
vt 0.471386 0.269746
vt 0.470888 0.273648
vt 0.472068 0.310917
vt 0.472068 0.287305
vt 0.472481 0.310917
vt 0.472481 0.287305
vt 0.472337 0.285354
vt 0.472745 0.285354
vt 0.472592 0.283403
vt 0.473008 0.283403
vt 0.472855 0.281452
vt 0.473293 0.281452
vt 0.473145 0.279501
vt 0.473623 0.279501
vt 0.473487 0.277550
vt 0.474027 0.277550
vt 0.473912 0.275599
vt 0.496913 0.254137
vt 0.496913 0.230525
vt 0.498868 0.230525
vt 0.498868 0.254137
vt 0.500825 0.230525
vt 0.244317 0.013263
vt 0.242365 0.013418
vt 0.240414 0.013526
vt 0.500825 0.254137
vt 0.502787 0.230525
vt 0.246269 0.013059
vt 0.474187 0.279501
vt 0.473800 0.281452
vt 0.474397 0.281452
vt 0.502787 0.254137
vt 0.473478 0.283403
vt 0.474021 0.283403
vt 0.473704 0.285354
vt 0.473195 0.285354
vt 0.473419 0.287305
vt 0.472927 0.287305
vt 0.472927 0.310917
vt 0.473419 0.310917
vt 0.473972 0.310917
vt 0.473972 0.287305
vt 0.474608 0.310917
vt 0.474608 0.287305
vt 0.474289 0.285354
vt 0.474975 0.285354
vt 0.474659 0.283403
vt 0.504756 0.254137
vt 0.504756 0.230525
vt 0.506732 0.230525
vt 0.506732 0.254137
vt 0.508719 0.230525
vt 0.250172 0.012494
vt 0.248220 0.012804
vt 0.475350 0.287305
vt 0.508719 0.254137
vt 0.475350 0.310917
vt 0.238463 0.013588
vt 0.236512 0.013605
vt 0.491059 0.230525
vt 0.234561 0.013598
vt 0.489108 0.254137
vt 0.489108 0.230525
vt 0.232610 0.013569
vt 0.487155 0.254137
vt 0.473391 0.265844
vt 0.473912 0.265844
vt 0.473844 0.267795
vt 0.473032 0.263893
vt 0.473487 0.263893
vt 0.473145 0.261942
vt 0.472732 0.261942
vt 0.472855 0.259990
vt 0.472468 0.259990
vt 0.472592 0.258039
vt 0.472216 0.258039
vt 0.472337 0.256088
vt 0.471959 0.256088
vt 0.471676 0.254137
vt 0.472068 0.254137
vt 0.471676 0.230525
vt 0.471295 0.230525
vt 0.218946 0.015693
vt 0.218945 0.016074
vt 0.218943 0.016454
vt 0.218947 0.015301
vt 0.472068 0.230525
vt 0.218948 0.014888
vt 0.472481 0.254137
vt 0.472481 0.230525
vt 0.472927 0.254137
vt 0.472745 0.256088
vt 0.473195 0.256088
vt 0.473008 0.258039
vt 0.473293 0.259990
vt 0.473478 0.258039
vt 0.473623 0.261942
vt 0.473800 0.259990
vt 0.474027 0.263893
vt 0.474187 0.261942
vt 0.485201 0.254137
vt 0.485201 0.230525
vt 0.487155 0.230525
vt 0.483243 0.254137
vt 0.230659 0.013494
vt 0.228708 0.013374
vt 0.483243 0.230525
vt 0.226758 0.013207
vt 0.481281 0.254137
vt 0.481281 0.230525
vt 0.224808 0.012991
vt 0.479313 0.254137
vt 0.474021 0.258039
vt 0.474659 0.258039
vt 0.474397 0.259991
vt 0.473704 0.256088
vt 0.474289 0.256088
vt 0.473419 0.254137
vt 0.473972 0.254137
vt 0.473419 0.230525
vt 0.472927 0.230525
vt 0.218951 0.013951
vt 0.218950 0.014442
vt 0.218953 0.013397
vt 0.473972 0.230525
vt 0.218955 0.012762
vt 0.474608 0.254137
vt 0.474608 0.230525
vt 0.474975 0.256088
vt 0.475350 0.254137
vt 0.477336 0.230525
vt 0.477336 0.254137
vt 0.479313 0.230525
vt 0.222857 0.012723
vt 0.220907 0.012401
vt 0.475350 0.230525
vt 0.218942 0.016843
vt 0.218941 0.017250
vt 0.470120 0.230525
vt 0.218939 0.017686
s 1
usemtl RightG
f 2/1/1 25/2/1 24/3/1
f 104/4/2 41/5/2 288/6/2
f 8/7/3 57/8/3 41/5/3
f 136/9/4 24/10/4 212/11/4
f 7/12/5 120/13/5 73/14/5
f 4/15/6 136/16/6 89/17/6
f 105/18/4 9/19/4 1/20/4
f 152/21/4 10/22/4 9/19/4
f 168/23/4 11/24/4 10/22/4
f 176/25/4 12/26/4 11/24/4
f 178/27/4 13/28/4 12/26/4
f 180/29/4 14/30/4 13/28/4
f 182/31/4 15/32/4 14/30/4
f 184/33/4 16/34/4 15/32/4
f 188/35/4 16/34/4 186/36/4
f 190/37/4 17/38/4 188/35/4
f 192/39/4 18/40/4 190/37/4
f 194/41/4 19/42/4 192/39/4
f 196/43/4 20/44/4 194/41/4
f 198/45/4 21/46/4 196/43/4
f 200/47/4 22/48/4 198/45/4
f 212/11/4 23/49/4 200/47/4
f 56/50/3 5/51/3 7/12/3
f 55/52/3 72/53/3 56/50/3
f 54/54/3 71/55/3 55/52/3
f 53/56/3 70/57/3 54/54/3
f 52/58/3 69/59/3 53/56/3
f 51/60/3 68/61/3 52/58/3
f 50/62/3 67/63/3 51/60/3
f 49/64/3 66/65/3 50/62/3
f 48/66/3 65/67/3 49/64/3
f 47/68/3 64/69/3 48/66/3
f 46/70/3 63/71/3 47/68/3
f 45/72/3 62/73/3 46/70/3
f 44/74/3 61/75/3 45/72/3
f 43/76/3 60/77/3 44/74/3
f 42/78/3 59/79/3 43/76/3
f 41/5/3 58/80/3 42/78/3
f 73/81/2 56/50/2 7/12/2
f 228/82/2 55/52/2 56/50/2
f 244/83/2 54/54/2 55/52/2
f 252/84/2 53/56/2 54/54/2
f 254/85/2 52/58/2 53/56/2
f 256/86/2 51/60/2 52/58/2
f 258/87/2 50/62/2 51/60/2
f 260/88/2 49/64/2 50/62/2
f 264/89/2 49/64/2 262/90/2
f 266/91/2 48/66/2 264/89/2
f 268/92/2 47/68/2 266/91/2
f 270/93/2 46/70/2 268/92/2
f 272/94/2 45/72/2 270/93/2
f 274/95/2 44/74/2 272/94/2
f 276/96/2 43/76/2 274/95/2
f 288/6/2 42/78/2 276/96/2
f 9/97/1 3/98/1 1/99/1
f 10/100/1 40/101/1 9/97/1
f 11/102/1 39/103/1 10/100/1
f 12/104/1 38/105/1 11/102/1
f 13/106/1 37/107/1 12/104/1
f 14/108/1 36/109/1 13/106/1
f 15/110/1 35/111/1 14/108/1
f 16/112/1 34/113/1 15/110/1
f 17/114/1 33/115/1 16/112/1
f 18/116/1 32/117/1 17/114/1
f 19/118/1 31/119/1 18/116/1
f 20/120/1 30/121/1 19/118/1
f 21/122/1 29/123/1 20/120/1
f 22/124/1 28/125/1 21/122/1
f 23/126/1 27/127/1 22/124/1
f 24/3/1 26/128/1 23/126/1
f 26/128/2 277/129/2 275/130/2
f 291/131/2 275/130/2 289/132/2
f 293/133/7 278/134/2 294/135/2
f 296/136/2 295/137/2 279/138/2
f 280/139/2 299/140/2 298/141/2
f 281/142/2 301/143/2 300/144/2
f 282/145/2 303/146/2 302/147/2
f 305/148/2 304/149/2 282/145/2
f 284/150/2 308/151/2 307/152/2
f 285/153/2 310/154/2 309/155/2
f 286/156/2 312/157/2 311/158/2
f 287/159/7 315/160/8 314/161/2
f 287/159/7 316/162/9 315/160/8
f 276/96/2 318/163/2 319/164/2
f 27/127/2 275/130/2 273/165/2
f 322/166/2 273/165/2 290/167/2
f 274/95/2 323/168/2 320/169/2
f 28/125/2 273/165/2 271/170/2
f 273/165/2 321/171/2 327/172/2
f 272/94/2 330/173/10 328/174/2
f 29/123/2 271/170/2 269/175/2
f 332/176/2 269/175/2 325/177/10
f 270/93/2 333/178/2 329/179/8
f 30/121/2 269/175/2 267/180/2
f 269/175/2 331/181/2 336/182/2
f 268/92/2 338/183/2 337/184/2
f 31/119/2 267/180/2 265/185/2
f 267/180/2 335/186/2 339/187/2
f 266/91/2 344/188/2 342/189/2
f 32/117/2 265/185/2 263/190/2
f 265/185/2 340/191/2 346/192/2
f 264/89/2 348/193/2 347/194/2
f 33/115/2 263/190/2 261/195/2
f 263/190/2 345/196/2 350/197/2
f 262/90/2 352/198/2 351/199/2
f 33/115/2 259/200/2 34/113/2
f 261/195/2 349/201/2 355/202/2
f 260/88/2 358/203/9 356/204/2
f 34/113/2 257/205/2 35/111/2
f 259/200/2 353/206/2 360/207/2
f 258/87/2 361/208/2 362/209/2
f 35/111/2 255/210/2 36/109/2
f 257/205/2 359/211/2 364/212/2
f 256/86/2 366/213/2 365/214/2
f 36/109/2 253/215/2 37/107/2
f 255/210/2 363/216/2 368/217/2
f 254/85/2 370/218/2 369/219/2
f 37/107/2 245/220/2 38/105/2
f 253/215/2 367/221/2 372/222/2
f 246/223/2 374/224/7 373/225/10
f 246/223/2 373/225/10 376/226/2
f 247/227/2 377/228/2 378/229/2
f 248/230/2 379/231/2 380/232/2
f 249/233/2 382/234/2 383/235/2
f 250/236/2 384/237/2 385/238/2
f 251/239/2 387/240/2 388/241/2
f 252/84/2 390/242/2 389/243/2
f 38/105/2 229/244/2 39/103/2
f 245/220/2 371/245/2 391/246/2
f 230/247/2 392/248/2 394/249/2
f 231/250/2 393/251/2 395/252/2
f 397/253/2 398/254/2 233/255/2
f 375/256/2 246/223/2 234/257/2
f 246/223/2 235/258/2 234/257/2
f 247/227/2 236/259/2 235/258/2
f 248/230/2 237/260/2 236/259/2
f 237/260/2 250/236/2 238/261/2
f 238/261/2 251/239/2 239/262/2
f 239/262/2 251/239/2 388/241/2
f 401/263/2 402/264/2 240/265/2
f 241/266/2 403/267/2 404/268/2
f 242/269/2 405/270/2 406/271/2
f 243/272/2 407/273/2 408/274/2
f 39/103/2 213/275/2 40/101/2
f 229/244/2 214/276/2 213/275/2
f 230/247/2 215/277/2 214/276/2
f 231/250/2 216/278/2 215/277/2
f 232/279/2 217/280/2 216/278/2
f 233/255/2 218/281/2 217/280/2
f 234/257/2 219/282/2 218/281/2
f 235/258/2 220/283/2 219/282/2
f 236/259/2 221/284/2 220/283/2
f 221/284/2 238/261/2 222/285/2
f 222/285/2 239/262/2 223/286/2
f 223/286/2 240/265/2 224/287/2
f 224/287/2 241/266/2 225/288/2
f 225/288/2 242/269/2 226/289/2
f 226/289/2 243/272/2 227/290/2
f 227/290/2 244/83/2 228/82/2
f 40/101/2 88/291/2 3/98/2
f 213/275/2 87/292/2 88/291/2
f 214/276/2 86/293/2 87/292/2
f 215/277/2 85/294/2 86/293/2
f 216/278/2 84/295/2 85/294/2
f 217/280/2 83/296/2 84/295/2
f 218/281/2 82/297/2 83/296/2
f 219/282/2 81/298/2 82/297/2
f 81/298/2 221/284/2 80/299/2
f 80/299/2 222/285/2 79/300/2
f 79/300/2 223/286/2 78/301/2
f 78/301/2 224/287/2 77/302/2
f 77/302/2 225/288/2 76/303/2
f 76/303/2 226/289/2 75/304/2
f 75/304/2 227/290/2 74/305/2
f 74/305/2 228/82/2 73/81/2
f 58/80/4 201/306/4 199/307/4
f 410/308/4 199/307/4 409/309/4
f 202/310/4 412/311/11 413/312/4
f 415/313/4 203/314/4 416/315/4
f 204/316/4 419/317/4 418/318/4
f 205/319/4 421/320/4 420/321/4
f 206/322/4 423/323/4 422/324/4
f 424/325/4 207/326/4 425/327/4
f 208/328/4 428/329/4 427/330/4
f 209/331/4 430/332/4 429/333/4
f 210/334/4 432/335/4 431/336/4
f 433/337/4 434/338/4 210/334/4
f 437/339/12 211/340/4 436/341/4
f 200/47/4 440/342/4 438/343/4
f 59/79/4 199/307/4 197/344/4
f 441/345/4 197/344/4 411/346/4
f 198/45/4 444/347/4 443/348/4
f 60/77/4 197/344/4 195/349/4
f 447/350/4 446/351/12 195/349/4
f 449/352/12 448/353/4 196/43/4
f 61/75/4 195/349/4 193/354/4
f 451/355/4 193/354/4 445/356/12
f 194/41/4 454/357/4 453/358/4
f 62/73/4 193/354/4 191/359/4
f 193/354/4 452/360/4 455/361/4
f 192/39/4 458/362/4 457/363/4
f 63/71/4 191/359/4 189/364/4
f 459/365/4 461/366/4 189/364/4
f 463/367/4 462/368/4 190/37/4
f 64/69/4 189/364/4 187/369/4
f 189/364/4 460/370/4 465/371/4
f 188/35/4 468/372/4 467/373/4
f 65/67/4 187/369/4 185/374/4
f 187/369/4 466/375/4 469/376/4
f 186/36/4 472/377/4 471/378/4
f 65/67/4 183/379/4 66/65/4
f 475/380/4 474/381/4 183/379/4
f 477/382/13 476/383/4 184/33/4
f 66/65/4 181/384/4 67/63/4
f 183/379/4 473/385/4 479/386/4
f 182/31/4 482/387/4 481/388/4
f 67/63/4 179/389/4 68/61/4
f 181/384/4 480/390/4 483/391/4
f 180/29/4 486/392/4 485/393/4
f 68/61/4 177/394/4 69/59/4
f 179/389/4 484/395/4 487/396/4
f 178/27/4 490/397/4 489/398/4
f 69/59/4 169/399/4 70/57/4
f 177/394/4 488/400/4 491/401/4
f 170/402/4 494/403/4 495/404/4
f 170/402/4 495/404/4 496/405/4
f 171/406/4 497/407/4 498/408/11
f 501/409/4 172/410/4 500/411/4
f 173/412/4 502/413/4 503/414/4
f 174/415/4 504/416/11 505/417/4
f 175/418/4 508/419/4 507/420/4
f 176/25/4 510/421/4 509/422/4
f 70/57/4 153/423/4 71/55/4
f 169/399/4 492/424/4 511/425/4
f 154/426/4 512/427/4 513/428/4
f 155/429/4 514/430/4 515/431/4
f 517/432/4 518/433/4 157/434/4
f 157/434/4 519/435/4 493/436/4
f 170/402/4 159/437/4 158/438/4
f 171/406/4 160/439/4 159/437/4
f 172/410/4 161/440/4 160/439/4
f 161/440/4 174/415/4 162/441/4
f 162/441/4 175/418/4 163/442/4
f 163/442/4 175/418/4 507/420/4
f 521/443/4 164/444/4 522/445/4
f 165/446/4 523/447/4 524/448/4
f 166/449/4 525/450/4 526/451/4
f 167/452/4 527/453/4 528/454/4
f 71/55/4 137/455/4 72/53/4
f 153/423/4 138/456/4 137/455/4
f 154/426/4 139/457/4 138/456/4
f 155/429/4 140/458/4 139/457/4
f 156/459/4 141/460/4 140/458/4
f 157/434/4 142/461/4 141/460/4
f 158/438/4 143/462/4 142/461/4
f 159/437/4 144/463/4 143/462/4
f 160/439/4 145/464/4 144/463/4
f 145/464/4 162/441/4 146/465/4
f 146/465/4 163/442/4 147/466/4
f 147/466/4 164/444/4 148/467/4
f 148/467/4 165/446/4 149/468/4
f 149/468/4 166/449/4 150/469/4
f 150/469/4 167/452/4 151/470/4
f 151/470/4 168/23/4 152/21/4
f 72/53/4 120/471/4 5/51/4
f 137/455/4 119/472/4 120/471/4
f 138/456/4 118/473/4 119/472/4
f 139/457/4 117/474/4 118/473/4
f 140/458/4 116/475/4 117/474/4
f 141/460/4 115/476/4 116/475/4
f 142/461/4 114/477/4 115/476/4
f 143/462/4 113/478/4 114/477/4
f 113/478/4 145/464/4 112/479/4
f 112/479/4 146/465/4 111/480/4
f 111/480/4 147/466/4 110/481/4
f 110/481/4 148/467/4 109/482/4
f 109/482/4 149/468/4 108/483/4
f 108/483/4 150/469/4 107/484/4
f 107/484/4 151/470/4 106/485/4
f 106/485/4 152/21/4 105/18/4
f 104/486/14 6/487/14 8/7/14
f 103/488/15 121/489/15 104/486/15
f 102/490/16 122/491/16 103/488/16
f 101/492/17 123/493/17 102/490/17
f 100/494/18 124/495/18 101/492/18
f 99/496/19 125/497/19 100/494/19
f 98/498/20 126/499/20 99/496/20
f 97/500/21 127/501/21 98/498/21
f 96/502/22 128/503/22 97/500/22
f 95/504/23 129/505/23 96/502/23
f 94/506/24 130/507/24 95/504/24
f 93/508/25 131/509/25 94/506/25
f 92/510/26 132/511/26 93/508/26
f 91/512/27 133/513/27 92/510/27
f 90/514/28 134/515/28 91/512/28
f 89/17/29 135/516/29 90/514/29
f 88/517/30 1/518/30 3/519/30
f 87/520/31 105/521/31 88/517/31
f 86/522/32 106/523/32 87/520/32
f 85/524/33 107/525/33 86/522/33
f 84/526/34 108/527/34 85/524/34
f 83/528/35 109/529/35 84/526/35
f 82/530/36 110/531/36 83/528/36
f 81/532/37 111/533/37 82/530/37
f 80/534/38 112/535/38 81/532/38
f 79/536/39 113/537/40 80/534/39
f 78/538/41 114/539/41 79/536/41
f 77/540/42 115/541/42 78/538/42
f 76/542/43 116/543/43 77/540/43
f 75/544/44 117/545/45 76/542/44
f 74/546/46 118/547/46 75/544/46
f 73/14/47 119/548/47 74/546/47
f 57/8/4 121/549/4 201/306/4
f 201/306/4 122/550/4 529/551/4
f 123/552/4 532/553/4 531/554/4
f 124/555/4 202/310/4 413/312/4
f 202/310/4 125/556/4 203/314/4
f 203/314/4 126/557/4 204/316/4
f 204/316/4 127/558/4 205/319/4
f 205/319/4 128/559/4 206/322/4
f 128/559/4 207/326/4 206/322/4
f 129/560/4 208/328/4 207/326/4
f 130/561/4 209/331/4 208/328/4
f 131/562/4 210/334/4 209/331/4
f 132/563/4 211/340/4 210/334/4
f 436/341/4 211/340/4 133/564/4
f 135/565/4 535/566/4 534/567/4
f 135/565/4 212/11/4 536/568/4
f 25/2/2 89/569/2 277/129/2
f 90/570/2 537/571/2 538/572/2
f 91/573/2 540/574/2 539/575/2
f 92/576/2 278/134/2 292/577/2
f 278/134/2 93/578/2 279/138/2
f 279/138/2 94/579/2 280/139/2
f 280/139/2 95/580/2 281/142/2
f 281/142/2 96/581/2 282/145/2
f 96/581/2 283/582/2 282/145/2
f 97/583/2 284/150/2 283/582/2
f 98/584/2 285/153/2 284/150/2
f 99/585/2 286/156/2 285/153/2
f 100/586/2 287/159/7 286/156/2
f 102/587/2 541/588/2 317/589/2
f 103/590/2 543/591/2 542/592/2
f 288/6/2 319/164/2 544/593/2
f 439/594/3 291/595/3 289/596/3
f 319/597/1 409/598/1 544/599/1
f 407/600/48 513/601/48 512/602/48
f 535/603/49 538/604/50 537/605/49
f 390/606/1 511/607/1 492/608/1
f 370/609/1 488/610/1 369/611/1
f 366/612/1 484/613/1 365/614/1
f 361/615/51 483/616/1 480/617/51
f 357/618/51 479/619/1 473/620/51
f 356/621/1 474/622/1 475/623/1
f 352/624/52 475/623/1 470/625/52
f 348/626/1 469/627/52 466/628/1
f 343/629/53 465/630/1 460/631/53
f 342/632/51 461/633/52 459/634/51
f 338/635/51 459/634/51 456/636/51
f 334/637/1 455/638/1 452/639/1
f 329/640/51 445/641/51 330/642/54
f 328/643/51 446/644/53 447/645/51
f 324/646/51 447/645/51 442/647/51
f 320/648/1 441/649/1 411/650/1
f 371/651/3 509/652/3 510/653/3
f 367/654/3 489/655/3 490/656/3
f 363/657/3 485/658/3 486/659/3
f 359/660/55 481/661/3 482/662/55
f 353/663/56 477/664/57 478/665/58
f 354/666/3 476/667/3 477/664/57
f 349/668/56 471/669/56 472/670/56
f 345/671/55 467/672/3 468/673/55
f 340/674/56 463/675/56 464/676/56
f 341/677/56 462/678/59 463/675/56
f 335/679/55 457/680/3 458/681/55
f 331/682/3 453/683/3 454/684/3
f 325/685/3 449/686/3 450/687/3
f 326/688/3 448/689/55 449/686/3
f 321/690/55 443/691/3 444/692/55
f 290/693/3 438/694/3 440/695/3
f 530/696/60 542/697/61 543/698/60
f 317/699/62 541/700/63 532/701/63
f 315/702/64 412/703/64 414/704/64
f 314/705/65 416/706/65 313/707/65
f 312/708/66 416/706/67 417/709/66
f 310/710/68 418/711/68 419/712/68
f 308/713/69 420/714/69 421/715/69
f 306/716/70 422/717/71 423/718/70
f 305/719/38 425/720/38 304/721/38
f 303/722/72 425/720/72 426/723/72
f 301/724/73 427/725/73 428/726/73
f 299/727/74 429/728/74 430/729/74
f 297/730/75 431/731/76 432/732/75
f 296/733/77 433/734/77 295/735/77
f 294/736/78 433/734/78 435/737/78
f 436/738/79 540/739/79 292/740/79
f 392/741/80 528/742/81 527/743/80
f 393/744/82 526/745/83 525/746/82
f 396/747/84 524/748/85 523/749/84
f 398/750/86 521/751/86 522/752/86
f 375/753/87 399/754/88 520/755/19
f 373/756/89 508/757/90 506/758/90
f 377/759/91 505/760/91 504/761/91
f 379/762/92 503/763/93 502/764/92
f 381/765/22 501/766/22 500/767/22
f 382/768/94 500/767/94 499/769/94
f 384/770/95 498/771/96 497/772/95
f 386/773/97 496/774/98 495/775/97
f 400/776/99 388/777/100 493/778/100
f 402/779/101 518/780/101 517/781/101
f 402/779/102 517/781/102 516/782/103
f 405/783/104 515/784/104 514/785/104
f 2/1/1 4/786/1 25/2/1
f 104/4/2 8/7/2 41/5/2
f 8/7/3 6/487/3 57/8/3
f 136/9/4 2/787/4 24/10/4
f 7/12/5 5/51/5 120/13/5
f 4/15/6 2/788/6 136/16/6
f 105/18/4 152/21/4 9/19/4
f 152/21/4 168/23/4 10/22/4
f 168/23/4 176/25/4 11/24/4
f 176/25/4 178/27/4 12/26/4
f 178/27/4 180/29/4 13/28/4
f 180/29/4 182/31/4 14/30/4
f 182/31/4 184/33/4 15/32/4
f 184/33/4 186/36/4 16/34/4
f 188/35/4 17/38/4 16/34/4
f 190/37/4 18/40/4 17/38/4
f 192/39/4 19/42/4 18/40/4
f 194/41/4 20/44/4 19/42/4
f 196/43/4 21/46/4 20/44/4
f 198/45/4 22/48/4 21/46/4
f 200/47/4 23/49/4 22/48/4
f 212/11/4 24/10/4 23/49/4
f 56/50/3 72/53/3 5/51/3
f 55/52/3 71/55/3 72/53/3
f 54/54/3 70/57/3 71/55/3
f 53/56/3 69/59/3 70/57/3
f 52/58/3 68/61/3 69/59/3
f 51/60/3 67/63/3 68/61/3
f 50/62/3 66/65/3 67/63/3
f 49/64/3 65/67/3 66/65/3
f 48/66/3 64/69/3 65/67/3
f 47/68/3 63/71/3 64/69/3
f 46/70/3 62/73/3 63/71/3
f 45/72/3 61/75/3 62/73/3
f 44/74/3 60/77/3 61/75/3
f 43/76/3 59/79/3 60/77/3
f 42/78/3 58/80/3 59/79/3
f 41/5/3 57/8/3 58/80/3
f 73/81/2 228/82/2 56/50/2
f 228/82/2 244/83/2 55/52/2
f 244/83/2 252/84/2 54/54/2
f 252/84/2 254/85/2 53/56/2
f 254/85/2 256/86/2 52/58/2
f 256/86/2 258/87/2 51/60/2
f 258/87/2 260/88/2 50/62/2
f 260/88/2 262/90/2 49/64/2
f 264/89/2 48/66/2 49/64/2
f 266/91/2 47/68/2 48/66/2
f 268/92/2 46/70/2 47/68/2
f 270/93/2 45/72/2 46/70/2
f 272/94/2 44/74/2 45/72/2
f 274/95/2 43/76/2 44/74/2
f 276/96/2 42/78/2 43/76/2
f 288/6/2 41/5/2 42/78/2
f 9/97/1 40/101/1 3/98/1
f 10/100/1 39/103/1 40/101/1
f 11/102/1 38/105/1 39/103/1
f 12/104/1 37/107/1 38/105/1
f 13/106/1 36/109/1 37/107/1
f 14/108/1 35/111/1 36/109/1
f 15/110/1 34/113/1 35/111/1
f 16/112/1 33/115/1 34/113/1
f 17/114/1 32/117/1 33/115/1
f 18/116/1 31/119/1 32/117/1
f 19/118/1 30/121/1 31/119/1
f 20/120/1 29/123/1 30/121/1
f 21/122/1 28/125/1 29/123/1
f 22/124/1 27/127/1 28/125/1
f 23/126/1 26/128/1 27/127/1
f 24/3/1 25/2/1 26/128/1
f 26/128/2 25/2/2 277/129/2
f 290/167/2 275/130/2 291/131/2
f 275/130/2 277/129/2 289/132/2
f 293/133/7 292/577/2 278/134/2
f 294/135/2 278/134/2 295/137/2
f 278/134/2 279/138/2 295/137/2
f 279/138/2 297/789/2 296/136/2
f 297/789/2 279/138/2 298/141/2
f 279/138/2 280/139/2 298/141/2
f 299/140/2 280/139/2 300/144/2
f 280/139/2 281/142/2 300/144/2
f 301/143/2 281/142/2 302/147/2
f 281/142/2 282/145/2 302/147/2
f 303/146/2 282/145/2 304/149/2
f 282/145/2 283/582/2 305/148/2
f 283/582/2 306/790/2 305/148/2
f 306/790/2 283/582/2 307/152/2
f 283/582/2 284/150/2 307/152/2
f 308/151/2 284/150/2 309/155/2
f 284/150/2 285/153/2 309/155/2
f 310/154/2 285/153/2 311/158/2
f 285/153/2 286/156/2 311/158/2
f 314/161/2 313/791/2 286/156/2
f 313/791/2 312/157/2 286/156/2
f 286/156/2 287/159/7 314/161/2
f 287/159/7 317/589/2 316/162/9
f 319/164/2 288/6/2 276/96/2
f 276/96/2 320/169/2 318/163/2
f 27/127/2 26/128/2 275/130/2
f 321/171/2 273/165/2 322/166/2
f 273/165/2 275/130/2 290/167/2
f 320/169/2 276/96/2 274/95/2
f 274/95/2 324/792/2 323/168/2
f 28/125/2 27/127/2 273/165/2
f 325/177/10 271/170/2 326/793/2
f 271/170/2 273/165/2 327/172/2
f 326/793/2 271/170/2 327/172/2
f 324/792/2 274/95/2 328/174/2
f 274/95/2 272/94/2 328/174/2
f 272/94/2 329/179/8 330/173/10
f 29/123/2 28/125/2 271/170/2
f 331/181/2 269/175/2 332/176/2
f 269/175/2 271/170/2 325/177/10
f 329/179/8 272/94/2 270/93/2
f 270/93/2 334/794/2 333/178/2
f 30/121/2 29/123/2 269/175/2
f 335/186/2 267/180/2 336/182/2
f 267/180/2 269/175/2 336/182/2
f 334/794/2 270/93/2 337/184/2
f 270/93/2 268/92/2 337/184/2
f 31/119/2 30/121/2 267/180/2
f 340/191/2 265/185/2 341/795/2
f 265/185/2 267/180/2 339/187/2
f 341/795/2 265/185/2 339/187/2
f 338/183/2 268/92/2 342/189/2
f 268/92/2 266/91/2 342/189/2
f 266/91/2 343/796/2 344/188/2
f 32/117/2 31/119/2 265/185/2
f 345/196/2 263/190/2 346/192/2
f 263/190/2 265/185/2 346/192/2
f 343/796/2 266/91/2 347/194/2
f 266/91/2 264/89/2 347/194/2
f 33/115/2 32/117/2 263/190/2
f 349/201/2 261/195/2 350/197/2
f 261/195/2 263/190/2 350/197/2
f 348/193/2 264/89/2 351/199/2
f 264/89/2 262/90/2 351/199/2
f 33/115/2 261/195/2 259/200/2
f 353/206/2 259/200/2 354/797/2
f 259/200/2 261/195/2 355/202/2
f 354/797/2 259/200/2 355/202/2
f 352/198/2 262/90/2 356/204/2
f 262/90/2 260/88/2 356/204/2
f 260/88/2 357/798/7 358/203/9
f 34/113/2 259/200/2 257/205/2
f 359/211/2 257/205/2 360/207/2
f 257/205/2 259/200/2 360/207/2
f 362/209/2 357/798/7 260/88/2
f 260/88/2 258/87/2 362/209/2
f 35/111/2 257/205/2 255/210/2
f 363/216/2 255/210/2 364/212/2
f 255/210/2 257/205/2 364/212/2
f 361/208/2 258/87/2 365/214/2
f 258/87/2 256/86/2 365/214/2
f 36/109/2 255/210/2 253/215/2
f 367/221/2 253/215/2 368/217/2
f 253/215/2 255/210/2 368/217/2
f 366/213/2 256/86/2 369/219/2
f 256/86/2 254/85/2 369/219/2
f 37/107/2 253/215/2 245/220/2
f 371/245/2 245/220/2 372/222/2
f 245/220/2 253/215/2 372/222/2
f 246/223/2 375/256/2 374/224/7
f 376/226/2 377/228/2 247/227/2
f 247/227/2 246/223/2 376/226/2
f 378/229/2 379/231/2 248/230/2
f 248/230/2 247/227/2 378/229/2
f 380/232/2 381/799/2 249/233/2
f 381/799/2 382/234/2 249/233/2
f 249/233/2 248/230/2 380/232/2
f 383/235/2 384/237/2 250/236/2
f 250/236/2 249/233/2 383/235/2
f 385/238/2 386/800/10 251/239/2
f 251/239/2 250/236/2 385/238/2
f 251/239/2 386/800/10 387/240/2
f 370/218/2 254/85/2 389/243/2
f 254/85/2 252/84/2 389/243/2
f 38/105/2 245/220/2 229/244/2
f 391/246/2 392/248/2 230/247/2
f 230/247/2 229/244/2 391/246/2
f 229/244/2 245/220/2 391/246/2
f 394/249/2 393/251/2 231/250/2
f 231/250/2 230/247/2 394/249/2
f 396/801/2 232/279/2 395/252/2
f 232/279/2 231/250/2 395/252/2
f 399/802/2 233/255/2 398/254/2
f 233/255/2 232/279/2 397/253/2
f 232/279/2 396/801/2 397/253/2
f 234/257/2 233/255/2 375/256/2
f 233/255/2 399/802/2 375/256/2
f 246/223/2 247/227/2 235/258/2
f 247/227/2 248/230/2 236/259/2
f 248/230/2 249/233/2 237/260/2
f 237/260/2 249/233/2 250/236/2
f 238/261/2 250/236/2 251/239/2
f 400/803/2 240/265/2 388/241/2
f 240/265/2 239/262/2 388/241/2
f 403/267/2 241/266/2 402/264/2
f 241/266/2 240/265/2 402/264/2
f 240/265/2 400/803/2 401/263/2
f 405/270/2 242/269/2 404/268/2
f 242/269/2 241/266/2 404/268/2
f 407/273/2 243/272/2 406/271/2
f 243/272/2 242/269/2 406/271/2
f 390/242/2 252/84/2 408/274/2
f 252/84/2 244/83/2 408/274/2
f 244/83/2 243/272/2 408/274/2
f 39/103/2 229/244/2 213/275/2
f 229/244/2 230/247/2 214/276/2
f 230/247/2 231/250/2 215/277/2
f 231/250/2 232/279/2 216/278/2
f 232/279/2 233/255/2 217/280/2
f 233/255/2 234/257/2 218/281/2
f 234/257/2 235/258/2 219/282/2
f 235/258/2 236/259/2 220/283/2
f 236/259/2 237/260/2 221/284/2
f 221/284/2 237/260/2 238/261/2
f 222/285/2 238/261/2 239/262/2
f 223/286/2 239/262/2 240/265/2
f 224/287/2 240/265/2 241/266/2
f 225/288/2 241/266/2 242/269/2
f 226/289/2 242/269/2 243/272/2
f 227/290/2 243/272/2 244/83/2
f 40/101/2 213/275/2 88/291/2
f 213/275/2 214/276/2 87/292/2
f 214/276/2 215/277/2 86/293/2
f 215/277/2 216/278/2 85/294/2
f 216/278/2 217/280/2 84/295/2
f 217/280/2 218/281/2 83/296/2
f 218/281/2 219/282/2 82/297/2
f 219/282/2 220/283/2 81/298/2
f 81/298/2 220/283/2 221/284/2
f 80/299/2 221/284/2 222/285/2
f 79/300/2 222/285/2 223/286/2
f 78/301/2 223/286/2 224/287/2
f 77/302/2 224/287/2 225/288/2
f 76/303/2 225/288/2 226/289/2
f 75/304/2 226/289/2 227/290/2
f 74/305/2 227/290/2 228/82/2
f 58/80/4 57/8/4 201/306/4
f 411/346/4 199/307/4 410/308/4
f 199/307/4 201/306/4 409/309/4
f 202/310/4 414/804/4 412/311/11
f 415/313/4 414/804/4 202/310/4
f 202/310/4 203/314/4 415/313/4
f 203/314/4 417/805/4 416/315/4
f 418/318/4 417/805/4 203/314/4
f 203/314/4 204/316/4 418/318/4
f 420/321/4 419/317/4 204/316/4
f 204/316/4 205/319/4 420/321/4
f 422/324/4 421/320/4 205/319/4
f 205/319/4 206/322/4 422/324/4
f 424/325/4 423/323/4 206/322/4
f 206/322/4 207/326/4 424/325/4
f 207/326/4 426/806/4 425/327/4
f 427/330/4 426/806/4 207/326/4
f 207/326/4 208/328/4 427/330/4
f 429/333/4 428/329/4 208/328/4
f 208/328/4 209/331/4 429/333/4
f 431/336/4 430/332/4 209/331/4
f 209/331/4 210/334/4 431/336/4
f 434/338/4 432/335/4 210/334/4
f 210/334/4 211/340/4 433/337/4
f 211/340/4 435/807/11 433/337/4
f 437/339/12 435/807/11 211/340/4
f 438/343/4 439/808/4 200/47/4
f 439/808/4 212/11/4 200/47/4
f 59/79/4 58/80/4 199/307/4
f 442/809/4 197/344/4 441/345/4
f 197/344/4 199/307/4 411/346/4
f 443/348/4 440/342/4 198/45/4
f 440/342/4 200/47/4 198/45/4
f 60/77/4 59/79/4 197/344/4
f 446/351/12 445/356/12 195/349/4
f 195/349/4 197/344/4 447/350/4
f 197/344/4 442/809/4 447/350/4
f 448/353/4 444/347/4 198/45/4
f 198/45/4 196/43/4 448/353/4
f 196/43/4 450/810/12 449/352/12
f 61/75/4 60/77/4 195/349/4
f 452/360/4 193/354/4 451/355/4
f 193/354/4 195/349/4 445/356/12
f 453/358/4 450/810/12 194/41/4
f 450/810/12 196/43/4 194/41/4
f 62/73/4 61/75/4 193/354/4
f 456/811/4 191/359/4 455/361/4
f 191/359/4 193/354/4 455/361/4
f 457/363/4 454/357/4 194/41/4
f 194/41/4 192/39/4 457/363/4
f 63/71/4 62/73/4 191/359/4
f 461/366/4 460/370/4 189/364/4
f 189/364/4 191/359/4 459/365/4
f 191/359/4 456/811/4 459/365/4
f 462/368/4 458/362/4 192/39/4
f 192/39/4 190/37/4 462/368/4
f 190/37/4 464/812/4 463/367/4
f 64/69/4 63/71/4 189/364/4
f 466/375/4 187/369/4 465/371/4
f 187/369/4 189/364/4 465/371/4
f 467/373/4 464/812/4 190/37/4
f 190/37/4 188/35/4 467/373/4
f 65/67/4 64/69/4 187/369/4
f 470/813/4 185/374/4 469/376/4
f 185/374/4 187/369/4 469/376/4
f 471/378/4 468/372/4 188/35/4
f 188/35/4 186/36/4 471/378/4
f 65/67/4 185/374/4 183/379/4
f 474/381/4 473/385/4 183/379/4
f 183/379/4 185/374/4 475/380/4
f 185/374/4 470/813/4 475/380/4
f 476/383/4 472/377/4 186/36/4
f 186/36/4 184/33/4 476/383/4
f 184/33/4 478/814/12 477/382/13
f 66/65/4 183/379/4 181/384/4
f 480/390/4 181/384/4 479/386/4
f 181/384/4 183/379/4 479/386/4
f 478/814/12 184/33/4 481/388/4
f 184/33/4 182/31/4 481/388/4
f 67/63/4 181/384/4 179/389/4
f 484/395/4 179/389/4 483/391/4
f 179/389/4 181/384/4 483/391/4
f 485/393/4 482/387/4 182/31/4
f 182/31/4 180/29/4 485/393/4
f 68/61/4 179/389/4 177/394/4
f 488/400/4 177/394/4 487/396/4
f 177/394/4 179/389/4 487/396/4
f 489/398/4 486/392/4 180/29/4
f 180/29/4 178/27/4 489/398/4
f 69/59/4 177/394/4 169/399/4
f 492/424/4 169/399/4 491/401/4
f 169/399/4 177/394/4 491/401/4
f 170/402/4 493/436/4 494/403/4
f 496/405/4 497/407/4 171/406/4
f 171/406/4 170/402/4 496/405/4
f 498/408/11 499/815/4 172/410/4
f 172/410/4 171/406/4 498/408/11
f 501/409/4 502/413/4 173/412/4
f 173/412/4 172/410/4 501/409/4
f 172/410/4 499/815/4 500/411/4
f 503/414/4 504/416/11 174/415/4
f 174/415/4 173/412/4 503/414/4
f 505/417/4 506/816/4 175/418/4
f 175/418/4 174/415/4 505/417/4
f 175/418/4 506/816/4 508/419/4
f 509/422/4 490/397/4 178/27/4
f 178/27/4 176/25/4 509/422/4
f 70/57/4 169/399/4 153/423/4
f 511/425/4 512/427/4 154/426/4
f 154/426/4 153/423/4 511/425/4
f 153/423/4 169/399/4 511/425/4
f 513/428/4 514/430/4 155/429/4
f 155/429/4 154/426/4 513/428/4
f 515/431/4 516/817/4 156/459/4
f 156/459/4 155/429/4 515/431/4
f 518/433/4 519/435/4 157/434/4
f 157/434/4 156/459/4 517/432/4
f 156/459/4 516/817/4 517/432/4
f 493/436/4 170/402/4 158/438/4
f 158/438/4 157/434/4 493/436/4
f 170/402/4 171/406/4 159/437/4
f 171/406/4 172/410/4 160/439/4
f 172/410/4 173/412/4 161/440/4
f 161/440/4 173/412/4 174/415/4
f 162/441/4 174/415/4 175/418/4
f 507/420/4 520/818/4 164/444/4
f 164/444/4 163/442/4 507/420/4
f 521/443/4 523/447/4 165/446/4
f 165/446/4 164/444/4 521/443/4
f 164/444/4 520/818/4 522/445/4
f 524/448/4 525/450/4 166/449/4
f 166/449/4 165/446/4 524/448/4
f 526/451/4 527/453/4 167/452/4
f 167/452/4 166/449/4 526/451/4
f 510/421/4 176/25/4 528/454/4
f 176/25/4 168/23/4 528/454/4
f 168/23/4 167/452/4 528/454/4
f 71/55/4 153/423/4 137/455/4
f 153/423/4 154/426/4 138/456/4
f 154/426/4 155/429/4 139/457/4
f 155/429/4 156/459/4 140/458/4
f 156/459/4 157/434/4 141/460/4
f 157/434/4 158/438/4 142/461/4
f 158/438/4 159/437/4 143/462/4
f 159/437/4 160/439/4 144/463/4
f 160/439/4 161/440/4 145/464/4
f 145/464/4 161/440/4 162/441/4
f 146/465/4 162/441/4 163/442/4
f 147/466/4 163/442/4 164/444/4
f 148/467/4 164/444/4 165/446/4
f 149/468/4 165/446/4 166/449/4
f 150/469/4 166/449/4 167/452/4
f 151/470/4 167/452/4 168/23/4
f 72/53/4 137/455/4 120/471/4
f 137/455/4 138/456/4 119/472/4
f 138/456/4 139/457/4 118/473/4
f 139/457/4 140/458/4 117/474/4
f 140/458/4 141/460/4 116/475/4
f 141/460/4 142/461/4 115/476/4
f 142/461/4 143/462/4 114/477/4
f 143/462/4 144/463/4 113/478/4
f 113/478/4 144/463/4 145/464/4
f 112/479/4 145/464/4 146/465/4
f 111/480/4 146/465/4 147/466/4
f 110/481/4 147/466/4 148/467/4
f 109/482/4 148/467/4 149/468/4
f 108/483/4 149/468/4 150/469/4
f 107/484/4 150/469/4 151/470/4
f 106/485/4 151/470/4 152/21/4
f 104/486/14 121/489/14 6/487/14
f 103/488/15 122/491/15 121/489/15
f 102/490/16 123/493/16 122/491/16
f 101/492/17 124/495/17 123/493/17
f 100/494/18 125/497/18 124/495/18
f 99/496/19 126/499/19 125/497/19
f 98/498/20 127/501/20 126/499/20
f 97/500/21 128/503/21 127/501/21
f 96/502/22 129/505/22 128/503/22
f 95/504/23 130/507/23 129/505/23
f 94/506/24 131/509/24 130/507/24
f 93/508/25 132/511/25 131/509/25
f 92/510/26 133/513/26 132/511/26
f 91/512/27 134/515/27 133/513/27
f 90/514/28 135/516/28 134/515/28
f 89/17/29 136/16/29 135/516/29
f 88/517/30 105/521/30 1/518/30
f 87/520/31 106/523/31 105/521/31
f 86/522/32 107/525/32 106/523/32
f 85/524/33 108/527/33 107/525/33
f 84/526/34 109/529/34 108/527/34
f 83/528/35 110/531/35 109/529/35
f 82/530/36 111/533/36 110/531/36
f 81/532/37 112/535/37 111/533/37
f 80/534/38 113/537/38 112/535/38
f 79/536/39 114/539/40 113/537/40
f 78/538/41 115/541/41 114/539/41
f 77/540/42 116/543/42 115/541/42
f 76/542/43 117/545/43 116/543/43
f 75/544/44 118/547/45 117/545/45
f 74/546/46 119/548/46 118/547/46
f 73/14/47 120/13/47 119/548/47
f 57/8/4 6/487/4 121/549/4
f 529/551/4 409/309/4 201/306/4
f 201/306/4 121/549/4 122/550/4
f 122/550/4 530/819/4 529/551/4
f 531/554/4 530/819/4 122/550/4
f 122/550/4 123/552/4 531/554/4
f 413/312/4 532/553/4 123/552/4
f 123/552/4 124/555/4 413/312/4
f 202/310/4 124/555/4 125/556/4
f 203/314/4 125/556/4 126/557/4
f 204/316/4 126/557/4 127/558/4
f 205/319/4 127/558/4 128/559/4
f 128/559/4 129/560/4 207/326/4
f 129/560/4 130/561/4 208/328/4
f 130/561/4 131/562/4 209/331/4
f 131/562/4 132/563/4 210/334/4
f 132/563/4 133/564/4 211/340/4
f 133/564/4 134/820/4 436/341/4
f 134/820/4 533/821/4 436/341/4
f 534/567/4 533/821/4 134/820/4
f 134/820/4 135/565/4 534/567/4
f 536/568/4 535/566/4 135/565/4
f 135/565/4 136/9/4 212/11/4
f 212/11/4 439/808/4 536/568/4
f 25/2/2 4/786/2 89/569/2
f 289/132/2 277/129/2 538/572/2
f 277/129/2 89/569/2 90/570/2
f 538/572/2 277/129/2 90/570/2
f 539/575/2 537/571/2 90/570/2
f 90/570/2 91/573/2 539/575/2
f 292/577/2 540/574/2 91/573/2
f 91/573/2 92/576/2 292/577/2
f 278/134/2 92/576/2 93/578/2
f 279/138/2 93/578/2 94/579/2
f 280/139/2 94/579/2 95/580/2
f 281/142/2 95/580/2 96/581/2
f 96/581/2 97/583/2 283/582/2
f 97/583/2 98/584/2 284/150/2
f 98/584/2 99/585/2 285/153/2
f 99/585/2 100/586/2 286/156/2
f 100/586/2 101/822/2 287/159/7
f 287/159/7 101/822/2 317/589/2
f 101/822/2 102/587/2 317/589/2
f 542/592/2 541/588/2 102/587/2
f 102/587/2 103/590/2 542/592/2
f 543/591/2 103/590/2 544/593/2
f 103/590/2 104/4/2 288/6/2
f 544/593/2 103/590/2 288/6/2
f 538/823/3 536/824/3 439/594/3
f 439/594/3 438/694/3 291/595/3
f 289/596/3 538/823/3 439/594/3
f 319/597/1 318/825/1 410/826/1
f 409/598/1 529/827/1 544/599/1
f 319/597/1 410/826/1 409/598/1
f 512/602/48 511/607/48 408/828/48
f 407/600/48 406/829/48 513/601/48
f 512/602/48 408/828/48 407/600/48
f 539/830/105 534/831/105 535/603/49
f 535/603/49 536/832/50 538/604/50
f 537/605/49 539/830/105 535/603/49
f 492/608/1 491/833/1 389/834/1
f 390/606/1 408/828/1 511/607/1
f 492/608/1 389/834/1 390/606/1
f 370/609/1 389/834/1 491/833/1
f 488/610/1 487/835/1 369/611/1
f 370/609/1 491/833/1 488/610/1
f 366/612/1 369/611/1 487/835/1
f 484/613/1 483/616/1 365/614/1
f 366/612/1 487/835/1 484/613/1
f 480/617/51 479/619/1 362/836/1
f 361/615/51 365/614/1 483/616/1
f 480/617/51 362/836/1 361/615/51
f 473/620/51 474/622/1 358/837/1
f 357/618/51 362/836/1 479/619/1
f 473/620/51 358/837/1 357/618/51
f 356/621/1 358/837/1 474/622/1
f 470/625/52 469/627/52 351/838/52
f 352/624/52 356/621/1 475/623/1
f 470/625/52 351/838/52 352/624/52
f 466/628/1 465/630/1 347/839/1
f 348/626/1 351/838/52 469/627/52
f 466/628/1 347/839/1 348/626/1
f 460/631/53 461/633/52 344/840/52
f 343/629/53 347/839/1 465/630/1
f 460/631/53 344/840/52 343/629/53
f 342/632/51 344/840/52 461/633/52
f 456/636/51 455/638/1 337/841/1
f 338/635/51 342/632/51 459/634/51
f 456/636/51 337/841/1 338/635/51
f 452/639/1 451/842/1 333/843/1
f 334/637/1 337/841/1 455/638/1
f 452/639/1 333/843/1 334/637/1
f 329/640/51 333/843/1 451/842/1
f 445/641/51 446/644/53 330/642/54
f 329/640/51 451/842/1 445/641/51
f 328/643/51 330/642/54 446/644/53
f 442/647/51 441/649/1 323/844/1
f 324/646/51 328/643/51 447/645/51
f 442/647/51 323/844/1 324/646/51
f 411/650/1 410/826/1 318/825/1
f 320/648/1 323/844/1 441/649/1
f 411/650/1 318/825/1 320/648/1
f 528/845/3 391/846/3 371/651/3
f 371/651/3 372/847/3 509/652/3
f 510/653/3 528/845/3 371/651/3
f 509/652/3 372/847/3 367/654/3
f 367/654/3 368/848/3 489/655/3
f 490/656/3 509/652/3 367/654/3
f 489/655/3 368/848/3 363/657/3
f 363/657/3 364/849/3 485/658/3
f 486/659/3 489/655/3 363/657/3
f 485/658/3 364/849/3 359/660/55
f 359/660/55 360/850/3 481/661/3
f 482/662/55 485/658/3 359/660/55
f 478/665/58 481/661/3 360/850/3
f 353/663/56 354/666/3 477/664/57
f 478/665/58 360/850/3 353/663/56
f 354/666/3 355/851/3 476/667/3
f 472/670/56 476/667/3 355/851/3
f 349/668/56 350/852/56 471/669/56
f 472/670/56 355/851/3 349/668/56
f 471/669/56 350/852/56 345/671/55
f 345/671/55 346/853/3 467/672/3
f 468/673/55 471/669/56 345/671/55
f 467/672/3 346/853/3 340/674/56
f 340/674/56 341/677/56 463/675/56
f 464/676/56 467/672/3 340/674/56
f 341/677/56 339/854/58 462/678/59
f 462/678/59 339/854/58 335/679/55
f 335/679/55 336/855/3 457/680/3
f 458/681/55 462/678/59 335/679/55
f 457/680/3 336/855/3 331/682/3
f 331/682/3 332/856/3 453/683/3
f 454/684/3 457/680/3 331/682/3
f 453/683/3 332/856/3 325/685/3
f 325/685/3 326/688/3 449/686/3
f 450/687/3 453/683/3 325/685/3
f 326/688/3 327/857/55 448/689/55
f 444/692/55 448/689/55 327/857/55
f 321/690/55 322/858/3 443/691/3
f 444/692/55 327/857/55 321/690/55
f 443/691/3 322/858/3 290/693/3
f 290/693/3 291/595/3 438/694/3
f 440/695/3 443/691/3 290/693/3
f 544/599/106 529/827/106 530/696/60
f 530/696/60 531/859/61 542/697/61
f 543/698/60 544/599/106 530/696/60
f 413/860/62 412/703/107 316/861/108
f 413/860/62 316/861/108 317/699/62
f 542/697/63 531/859/63 532/701/63
f 532/701/63 413/860/62 317/699/62
f 541/700/63 542/697/63 532/701/63
f 415/862/109 314/705/109 315/702/64
f 315/702/64 316/861/64 412/703/64
f 414/704/64 415/862/109 315/702/64
f 314/705/65 415/862/65 416/706/65
f 418/711/110 311/863/110 312/708/66
f 312/708/66 313/707/111 416/706/67
f 417/709/66 418/711/110 312/708/66
f 420/714/68 309/864/68 310/710/68
f 310/710/68 311/863/68 418/711/68
f 419/712/68 420/714/68 310/710/68
f 422/717/69 307/865/69 308/713/69
f 308/713/69 309/864/69 420/714/69
f 421/715/69 422/717/69 308/713/69
f 424/866/70 305/719/70 306/716/70
f 306/716/70 307/865/71 422/717/71
f 423/718/70 424/866/70 306/716/70
f 305/719/38 424/866/38 425/720/38
f 427/725/72 302/867/72 303/722/72
f 303/722/72 304/721/72 425/720/72
f 426/723/72 427/725/72 303/722/72
f 429/728/112 300/868/112 301/724/73
f 301/724/73 302/867/73 427/725/73
f 428/726/73 429/728/112 301/724/73
f 431/731/74 298/869/74 299/727/74
f 299/727/74 300/868/74 429/728/74
f 430/729/74 431/731/74 299/727/74
f 434/870/75 296/733/75 297/730/75
f 297/730/75 298/869/76 431/731/76
f 432/732/75 434/870/75 297/730/75
f 296/733/77 434/870/77 433/734/77
f 437/871/78 293/872/78 294/736/78
f 294/736/78 295/735/78 433/734/78
f 435/737/78 437/871/78 294/736/78
f 533/873/79 534/831/79 539/830/79
f 533/873/79 539/830/79 540/739/79
f 293/872/113 437/871/113 436/738/79
f 436/738/79 533/873/79 540/739/79
f 292/740/79 293/872/113 436/738/79
f 527/743/80 526/745/80 394/874/80
f 392/741/80 391/875/81 528/742/81
f 527/743/80 394/874/80 392/741/80
f 525/746/82 524/748/114 395/876/114
f 393/744/82 394/874/83 526/745/83
f 525/746/82 395/876/114 393/744/82
f 523/749/84 521/751/84 397/877/84
f 396/747/84 395/876/85 524/748/85
f 523/749/84 397/877/84 396/747/84
f 398/750/86 397/877/86 521/751/86
f 507/878/87 508/757/87 374/879/87
f 507/878/87 374/879/87 375/753/87
f 398/750/88 522/752/115 520/755/19
f 520/755/19 507/878/87 375/753/87
f 399/754/88 398/750/88 520/755/19
f 506/758/90 505/760/90 376/880/89
f 373/756/89 374/879/89 508/757/90
f 506/758/90 376/880/89 373/756/89
f 504/761/91 503/763/91 378/881/91
f 377/759/91 376/880/91 505/760/91
f 504/761/91 378/881/91 377/759/91
f 502/764/92 501/766/116 380/882/116
f 379/762/92 378/881/93 503/763/93
f 502/764/92 380/882/116 379/762/92
f 381/765/22 380/882/22 501/766/22
f 499/769/94 498/771/94 383/883/94
f 382/768/94 381/765/94 500/767/94
f 499/769/94 383/883/94 382/768/94
f 497/772/95 496/774/95 385/884/95
f 384/770/95 383/883/96 498/771/96
f 497/772/95 385/884/95 384/770/95
f 495/775/97 494/885/97 387/886/97
f 386/773/97 385/884/98 496/774/98
f 495/775/97 387/886/97 386/773/97
f 519/887/117 518/780/100 401/888/100
f 519/887/117 401/888/100 400/776/99
f 387/886/100 494/885/100 493/778/100
f 493/778/100 519/887/117 400/776/99
f 388/777/100 387/886/100 493/778/100
f 402/779/101 401/888/101 518/780/101
f 516/782/103 515/784/118 404/889/118
f 404/889/118 403/890/103 516/782/103
f 403/890/103 402/779/102 516/782/103
f 514/785/104 513/601/104 406/829/104
f 405/783/104 404/889/104 515/784/104
f 514/785/104 406/829/104 405/783/104
f 568/891/119 545/892/119 546/893/119
f 547/894/120 546/895/120 545/896/120
f 550/897/4 547/898/4 545/899/4
f 552/900/4 548/901/4 545/899/4
f 550/897/4 545/899/4 548/901/4
f 568/891/119 549/902/119 545/892/119
f 545/899/4 549/902/4 551/903/4
f 551/903/4 567/904/4 545/899/4
f 554/905/4 552/900/4 545/899/4
f 556/906/4 553/907/4 545/899/4
f 553/907/4 554/905/4 545/899/4
f 557/908/4 555/909/4 545/899/4
f 555/909/4 556/906/4 545/899/4
f 558/910/4 557/908/4 545/899/4
f 561/911/4 558/910/4 545/899/4
f 563/912/4 559/913/4 545/899/4
f 559/913/4 560/914/4 545/899/4
f 560/914/4 561/911/4 545/899/4
f 566/915/4 562/916/4 545/899/4
f 562/916/4 563/912/4 545/899/4
f 567/904/4 564/917/4 545/899/4
f 564/917/4 565/918/4 545/899/4
f 565/918/4 566/915/4 545/899/4
f 546/895/2 569/919/2 568/891/2
f 569/919/121 549/902/121 568/891/121
f 546/895/2 570/920/2 569/919/2
f 570/921/122 571/922/122 569/919/122
f 569/919/121 571/922/121 549/902/121
f 549/902/4 571/922/4 572/923/4
f 570/921/122 547/924/122 571/922/122
f 571/922/4 547/898/4 572/923/4
f 573/925/4 572/923/4 547/898/4
f 579/926/1 572/927/1 573/928/1
f 578/929/123 574/930/123 572/927/123
f 572/923/4 574/931/12 576/932/4
f 579/926/1 575/933/1 572/927/1
f 578/929/123 572/927/123 575/933/123
f 576/932/4 577/934/4 572/923/4
f 577/934/4 551/903/4 572/923/4
f 551/903/4 549/902/4 572/923/4
f 580/935/1 579/926/1 573/928/1
f 578/936/4 575/933/4 579/926/4
f 581/937/4 579/926/4 580/935/4
f 578/936/4 579/926/4 581/937/4
f 584/938/4 578/936/4 581/937/4
f 583/939/4 581/937/4 582/940/4
f 581/937/4 580/935/4 582/940/4
f 584/938/4 581/937/4 583/939/4
f 585/941/4 584/938/4 583/939/4
f 585/942/124 586/943/124 584/944/124
f 584/944/125 574/930/125 578/929/125
f 584/944/125 586/943/125 574/930/125
f 574/931/12 586/945/4 576/932/4
f 585/942/124 587/946/124 586/943/124
f 586/945/4 587/947/4 576/932/4
f 589/948/126 588/949/126 587/946/126
f 588/950/4 576/932/4 587/947/4
f 589/948/126 587/946/126 585/942/126
f 590/951/4 589/952/4 591/953/4
f 590/954/127 588/949/127 589/948/127
f 589/952/4 592/955/4 591/953/4
f 589/952/4 585/941/4 592/955/4
f 591/953/4 592/955/4 593/956/4
f 592/955/4 594/957/4 593/956/4
f 592/955/4 583/939/4 594/957/4
f 585/941/4 583/939/4 592/955/4
f 593/956/4 594/957/4 595/958/4
f 594/957/4 596/959/4 595/958/4
f 594/957/4 582/940/4 596/959/4
f 583/939/4 582/940/4 594/957/4
f 582/940/4 597/960/4 596/959/4
f 596/959/4 597/960/4 599/961/4
f 595/958/4 596/959/4 598/962/4
f 596/959/4 599/961/4 598/962/4
f 601/963/1 599/961/1 600/964/1
f 599/961/1 602/965/1 600/964/1
f 599/961/1 597/960/1 602/965/1
f 598/962/4 599/961/4 601/963/4
f 547/898/4 600/966/4 602/967/4
f 547/898/4 602/967/4 603/968/4
f 597/960/1 603/969/1 602/965/1
f 603/968/4 573/925/4 547/898/4
f 580/935/1 573/928/1 603/969/1
f 597/960/1 580/935/1 603/969/1
f 605/970/1 601/963/1 604/971/1
f 601/963/1 600/964/1 604/971/1
f 606/972/4 601/963/4 605/970/4
f 598/962/4 601/963/4 606/972/4
f 609/973/4 598/962/4 606/972/4
f 608/974/4 606/972/4 607/975/4
f 606/972/4 605/970/4 607/975/4
f 609/973/4 606/972/4 608/974/4
f 610/976/4 609/973/4 608/974/4
f 611/977/4 609/973/4 610/976/4
f 595/958/4 598/962/4 609/973/4
f 611/977/4 595/958/4 609/973/4
f 612/978/4 611/977/4 610/976/4
f 613/979/4 611/977/4 612/978/4
f 593/956/4 595/958/4 611/977/4
f 613/979/4 593/956/4 611/977/4
f 614/980/4 613/979/4 612/978/4
f 615/981/4 613/979/4 614/980/4
f 591/953/4 593/956/4 613/979/4
f 615/981/4 591/953/4 613/979/4
f 616/982/4 615/981/4 614/980/4
f 617/983/4 615/981/4 616/982/4
f 590/951/4 591/953/4 615/981/4
f 617/983/4 590/951/4 615/981/4
f 618/984/4 617/983/4 616/982/4
f 618/985/128 619/986/128 617/987/128
f 617/987/129 620/988/129 590/954/129
f 617/987/129 619/986/129 620/988/129
f 590/954/127 620/988/127 588/949/127
f 588/950/4 620/989/130 576/932/4
f 619/990/4 576/932/4 620/989/130
f 618/985/128 621/991/128 619/986/128
f 621/992/4 576/932/4 619/990/4
f 622/993/131 576/994/131 621/991/131
f 622/993/131 621/991/131 618/985/131
f 623/995/4 622/996/4 624/997/4
f 623/998/22 576/994/22 622/993/22
f 622/996/4 625/999/4 624/997/4
f 622/996/4 618/984/4 625/999/4
f 624/997/4 625/999/4 626/1000/4
f 625/999/4 627/1001/4 626/1000/4
f 625/999/4 616/982/4 627/1001/4
f 618/984/4 616/982/4 625/999/4
f 626/1000/4 627/1001/4 628/1002/4
f 627/1001/4 629/1003/4 628/1002/4
f 627/1001/4 614/980/4 629/1003/4
f 616/982/4 614/980/4 627/1001/4
f 628/1002/4 629/1003/4 630/1004/4
f 629/1003/4 631/1005/4 630/1004/4
f 629/1003/4 612/978/4 631/1005/4
f 614/980/4 612/978/4 629/1003/4
f 630/1004/4 631/1005/4 632/1006/4
f 631/1005/4 633/1007/4 632/1006/4
f 631/1005/4 610/976/4 633/1007/4
f 612/978/4 610/976/4 631/1005/4
f 632/1006/4 633/1007/4 634/1008/4
f 633/1007/4 635/1009/4 634/1008/4
f 633/1007/4 608/974/4 635/1009/4
f 610/976/4 608/974/4 633/1007/4
f 634/1008/4 635/1009/4 636/1010/4
f 635/1009/4 637/1011/4 636/1010/4
f 635/1009/4 607/975/4 637/1011/4
f 608/974/4 607/975/4 635/1009/4
f 607/975/4 638/1012/4 637/1011/4
f 637/1011/4 638/1012/4 640/1013/4
f 636/1010/4 637/1011/4 639/1014/4
f 637/1011/4 640/1013/4 639/1014/4
f 642/1015/1 640/1013/1 641/1016/1
f 640/1013/1 643/1017/1 641/1016/1
f 640/1013/1 638/1012/1 643/1017/1
f 640/1013/4 642/1015/4 644/1018/4
f 640/1013/4 644/1018/4 639/1014/4
f 639/1014/4 644/1018/4 646/1019/4
f 642/1015/4 645/1020/4 644/1018/4
f 644/1018/4 645/1020/4 647/1021/4
f 644/1018/4 647/1021/4 646/1019/4
f 646/1019/4 647/1021/4 648/1022/4
f 647/1021/4 650/1023/4 648/1022/4
f 647/1021/4 649/1024/4 650/1023/4
f 645/1020/4 649/1024/4 647/1021/4
f 648/1022/4 650/1023/4 651/1025/4
f 650/1023/4 653/1026/4 651/1025/4
f 650/1023/4 652/1027/4 653/1026/4
f 649/1024/4 652/1027/4 650/1023/4
f 651/1025/4 653/1026/4 654/1028/4
f 653/1026/4 656/1029/4 654/1028/4
f 653/1026/4 655/1030/4 656/1029/4
f 652/1027/4 655/1030/4 653/1026/4
f 654/1028/4 656/1029/4 657/1031/4
f 656/1029/4 659/1032/4 657/1031/4
f 656/1029/4 658/1033/4 659/1032/4
f 655/1030/4 658/1033/4 656/1029/4
f 657/1031/4 659/1032/4 660/1034/4
f 659/1032/4 662/1035/4 660/1034/4
f 659/1032/4 661/1036/4 662/1035/4
f 658/1033/4 661/1036/4 659/1032/4
f 660/1034/4 662/1035/4 663/1037/4
f 662/1035/4 665/1038/4 663/1037/4
f 662/1035/4 664/1039/4 665/1038/4
f 661/1036/4 664/1039/4 662/1035/4
f 668/1040/4 663/1037/4 665/1038/4
f 665/1038/4 669/1041/4 666/1042/4
f 668/1040/4 665/1038/4 666/1042/4
f 664/1039/4 667/1043/4 665/1038/4
f 665/1038/4 667/1043/4 669/1041/4
f 669/1044/132 670/1045/132 672/1046/132
f 667/1047/38 670/1045/38 669/1044/38
f 673/1048/4 669/1041/4 671/1049/4
f 669/1044/132 672/1046/132 671/1050/132
f 673/1048/4 666/1042/4 669/1041/4
f 676/1051/4 674/1052/4 673/1048/4
f 674/1052/4 666/1042/4 673/1048/4
f 675/1053/4 673/1048/4 671/1049/4
f 676/1051/4 673/1048/4 675/1053/4
f 677/1054/4 676/1051/4 675/1053/4
f 679/1055/4 676/1051/4 677/1054/4
f 678/1056/4 674/1052/4 676/1051/4
f 679/1055/4 678/1056/4 676/1051/4
f 680/1057/4 679/1055/4 677/1054/4
f 682/1058/4 679/1055/4 680/1057/4
f 681/1059/4 678/1056/4 679/1055/4
f 682/1058/4 681/1059/4 679/1055/4
f 683/1060/4 682/1058/4 680/1057/4
f 685/1061/4 682/1058/4 683/1060/4
f 684/1062/4 681/1059/4 682/1058/4
f 685/1061/4 684/1062/4 682/1058/4
f 686/1063/4 685/1061/4 683/1060/4
f 688/1064/4 685/1061/4 686/1063/4
f 687/1065/4 684/1062/4 685/1061/4
f 688/1064/4 687/1065/4 685/1061/4
f 689/1066/4 688/1064/4 686/1063/4
f 691/1067/4 688/1064/4 689/1066/4
f 690/1068/4 687/1065/4 688/1064/4
f 691/1067/4 690/1068/4 688/1064/4
f 692/1069/4 691/1067/4 689/1066/4
f 694/1070/4 691/1067/4 692/1069/4
f 693/1071/4 690/1068/4 691/1067/4
f 694/1070/4 693/1071/4 691/1067/4
f 695/1072/3 694/1070/3 561/1073/3
f 695/1072/4 693/1071/4 694/1070/4
f 694/1070/3 558/1074/3 561/1073/3
f 694/1070/3 692/1069/3 558/1074/3
f 696/1075/3 695/1072/3 560/1076/3
f 698/1077/4 695/1072/4 696/1075/4
f 695/1072/3 561/1073/3 560/1076/3
f 698/1077/4 697/1078/4 695/1072/4
f 695/1072/4 697/1078/4 693/1071/4
f 700/1079/4 698/1077/4 696/1075/4
f 699/1080/4 697/1078/4 698/1077/4
f 701/1081/4 699/1080/4 698/1077/4
f 701/1081/4 698/1077/4 700/1079/4
f 703/1082/4 701/1081/4 700/1079/4
f 702/1083/4 699/1080/4 701/1081/4
f 704/1084/4 702/1083/4 701/1081/4
f 704/1084/4 701/1081/4 703/1082/4
f 706/1085/4 704/1084/4 703/1082/4
f 705/1086/4 702/1083/4 704/1084/4
f 707/1087/4 705/1086/4 704/1084/4
f 707/1087/4 704/1084/4 706/1085/4
f 709/1088/4 707/1087/4 706/1085/4
f 708/1089/4 705/1086/4 707/1087/4
f 710/1090/4 708/1089/4 707/1087/4
f 710/1090/4 707/1087/4 709/1088/4
f 712/1091/4 710/1090/4 709/1088/4
f 711/1092/4 708/1089/4 710/1090/4
f 713/1093/4 711/1092/4 710/1090/4
f 713/1093/4 710/1090/4 712/1091/4
f 715/1094/4 713/1093/4 712/1091/4
f 714/1095/4 711/1092/4 713/1093/4
f 716/1096/4 714/1095/4 713/1093/4
f 716/1096/4 713/1093/4 715/1094/4
f 718/1097/4 716/1096/4 715/1094/4
f 717/1098/4 714/1095/4 716/1096/4
f 623/995/4 717/1098/4 716/1096/4
f 623/995/4 716/1096/4 718/1097/4
f 719/1099/133 720/1100/133 718/1101/133
f 718/1097/4 715/1094/4 719/1102/4
f 718/1101/134 577/1103/134 623/998/134
f 718/1101/134 720/1100/134 577/1103/134
f 577/934/4 720/1104/130 721/1105/4
f 719/1099/133 721/1106/133 720/1100/133
f 723/1107/135 722/1108/135 721/1106/135
f 721/1105/4 722/1109/4 577/934/4
f 723/1107/135 721/1106/135 719/1099/135
f 724/1110/136 722/1108/136 723/1107/136
f 723/1111/4 726/1112/4 724/1113/4
f 723/1111/4 725/1114/4 726/1112/4
f 719/1102/4 725/1114/4 723/1111/4
f 724/1113/4 726/1112/4 727/1115/4
f 726/1112/4 729/1116/4 727/1115/4
f 726/1112/4 728/1117/4 729/1116/4
f 725/1114/4 728/1117/4 726/1112/4
f 727/1115/4 729/1116/4 730/1118/4
f 729/1116/4 732/1119/4 730/1118/4
f 729/1116/4 731/1120/4 732/1119/4
f 728/1117/4 731/1120/4 729/1116/4
f 730/1118/4 732/1119/4 733/1121/4
f 732/1119/4 735/1122/4 733/1121/4
f 732/1119/4 734/1123/4 735/1122/4
f 731/1120/4 734/1123/4 732/1119/4
f 733/1121/4 735/1122/4 736/1124/4
f 735/1122/4 738/1125/4 736/1124/4
f 735/1122/4 737/1126/4 738/1125/4
f 734/1123/4 737/1126/4 735/1122/4
f 736/1124/3 738/1125/3 562/1127/3
f 738/1125/3 563/1128/3 562/1127/3
f 738/1125/3 739/1129/3 563/1128/3
f 737/1126/4 739/1129/4 738/1125/4
f 739/1129/3 559/1130/3 563/1128/3
f 739/1129/3 696/1075/3 559/1130/3
f 700/1079/4 696/1075/4 739/1129/4
f 737/1126/4 700/1079/4 739/1129/4
f 703/1082/4 700/1079/4 737/1126/4
f 734/1123/4 703/1082/4 737/1126/4
f 740/1131/3 736/1124/3 566/1132/3
f 733/1121/4 736/1124/4 740/1131/4
f 736/1124/3 562/1127/3 566/1132/3
f 741/1133/3 740/1131/3 565/1134/3
f 742/1135/4 740/1131/4 741/1133/4
f 740/1131/3 566/1132/3 565/1134/3
f 742/1135/4 733/1121/4 740/1131/4
f 743/1136/4 742/1135/4 741/1133/4
f 730/1118/4 733/1121/4 742/1135/4
f 744/1137/4 730/1118/4 742/1135/4
f 744/1137/4 742/1135/4 743/1136/4
f 745/1138/4 744/1137/4 743/1136/4
f 727/1115/4 730/1118/4 744/1137/4
f 746/1139/4 727/1115/4 744/1137/4
f 746/1139/4 744/1137/4 745/1138/4
f 745/1140/137 747/1141/137 746/1142/137
f 724/1113/4 727/1115/4 746/1139/4
f 746/1142/138 748/1143/138 724/1110/138
f 746/1142/138 747/1141/138 748/1143/138
f 724/1110/136 748/1143/136 722/1108/136
f 722/1109/4 748/1144/11 577/934/4
f 748/1144/11 747/1145/4 577/934/4
f 745/1140/137 749/1146/137 747/1141/137
f 747/1145/4 749/1147/12 577/934/4
f 751/1148/139 750/1149/139 749/1146/139
f 749/1147/12 750/1150/11 577/934/4
f 751/1148/139 749/1146/139 745/1140/139
f 752/1151/140 750/1149/140 751/1148/140
f 751/1152/4 753/1153/4 752/1154/4
f 751/1152/4 743/1136/4 753/1153/4
f 745/1138/4 743/1136/4 751/1152/4
f 752/1154/3 753/1153/3 567/1155/3
f 753/1153/3 564/1156/3 567/1155/3
f 753/1153/3 741/1133/3 564/1156/3
f 743/1136/4 741/1133/4 753/1153/4
f 752/1151/140 551/1157/140 750/1149/140
f 752/1154/3 567/1155/3 551/1158/3
f 750/1150/11 551/903/4 577/934/4
f 741/1133/3 565/1134/3 564/1156/3
f 706/1085/4 703/1082/4 734/1123/4
f 731/1120/4 706/1085/4 734/1123/4
f 709/1088/4 706/1085/4 731/1120/4
f 728/1117/4 709/1088/4 731/1120/4
f 712/1091/4 709/1088/4 728/1117/4
f 725/1114/4 712/1091/4 728/1117/4
f 715/1094/4 712/1091/4 725/1114/4
f 719/1102/4 715/1094/4 725/1114/4
f 717/1098/4 754/1159/4 714/1095/4
f 717/1098/4 755/1160/4 754/1159/4
f 717/1098/4 624/997/4 755/1160/4
f 623/995/4 624/997/4 717/1098/4
f 755/1160/4 757/1161/4 754/1159/4
f 755/1160/4 756/1162/4 757/1161/4
f 755/1160/4 758/1163/4 756/1162/4
f 755/1160/4 626/1000/4 758/1163/4
f 624/997/4 626/1000/4 755/1160/4
f 756/1162/4 758/1163/4 759/1164/4
f 758/1163/4 760/1165/4 759/1164/4
f 758/1163/4 628/1002/4 760/1165/4
f 626/1000/4 628/1002/4 758/1163/4
f 759/1164/4 760/1165/4 761/1166/4
f 760/1165/4 762/1167/4 761/1166/4
f 760/1165/4 630/1004/4 762/1167/4
f 628/1002/4 630/1004/4 760/1165/4
f 761/1166/4 762/1167/4 763/1168/4
f 762/1167/4 764/1169/4 763/1168/4
f 762/1167/4 632/1006/4 764/1169/4
f 630/1004/4 632/1006/4 762/1167/4
f 763/1168/4 764/1169/4 765/1170/4
f 764/1169/4 766/1171/4 765/1170/4
f 764/1169/4 634/1008/4 766/1171/4
f 632/1006/4 634/1008/4 764/1169/4
f 765/1170/4 766/1171/4 767/1172/4
f 766/1171/4 768/1173/4 767/1172/4
f 766/1171/4 636/1010/4 768/1173/4
f 634/1008/4 636/1010/4 766/1171/4
f 768/1173/4 769/1174/4 767/1172/4
f 768/1173/4 646/1019/4 769/1174/4
f 639/1014/4 646/1019/4 768/1173/4
f 636/1010/4 639/1014/4 768/1173/4
f 767/1172/4 769/1174/4 770/1175/4
f 769/1174/4 771/1176/4 770/1175/4
f 769/1174/4 648/1022/4 771/1176/4
f 646/1019/4 648/1022/4 769/1174/4
f 770/1175/4 771/1176/4 772/1177/4
f 771/1176/4 773/1178/4 772/1177/4
f 771/1176/4 651/1025/4 773/1178/4
f 648/1022/4 651/1025/4 771/1176/4
f 772/1177/4 773/1178/4 774/1179/4
f 773/1178/4 775/1180/4 774/1179/4
f 773/1178/4 654/1028/4 775/1180/4
f 651/1025/4 654/1028/4 773/1178/4
f 774/1179/4 775/1180/4 776/1181/4
f 775/1180/4 777/1182/4 776/1181/4
f 775/1180/4 657/1031/4 777/1182/4
f 654/1028/4 657/1031/4 775/1180/4
f 776/1181/4 777/1182/4 778/1183/4
f 777/1182/4 779/1184/4 778/1183/4
f 777/1182/4 660/1034/4 779/1184/4
f 657/1031/4 660/1034/4 777/1182/4
f 778/1183/4 779/1184/4 780/1185/4
f 779/1184/4 668/1040/4 780/1185/4
f 779/1184/4 663/1037/4 668/1040/4
f 660/1034/4 663/1037/4 779/1184/4
f 781/1186/4 780/1185/4 668/1040/4
f 783/1187/4 780/1185/4 781/1186/4
f 783/1187/4 782/1188/4 780/1185/4
f 778/1183/4 780/1185/4 782/1188/4
f 784/1189/4 783/1187/4 781/1186/4
f 786/1190/4 783/1187/4 784/1189/4
f 785/1191/4 782/1188/4 783/1187/4
f 786/1190/4 785/1191/4 783/1187/4
f 787/1192/4 786/1190/4 784/1189/4
f 789/1193/4 786/1190/4 787/1192/4
f 788/1194/4 785/1191/4 786/1190/4
f 789/1193/4 788/1194/4 786/1190/4
f 790/1195/4 789/1193/4 787/1192/4
f 792/1196/4 789/1193/4 790/1195/4
f 791/1197/4 788/1194/4 789/1193/4
f 792/1196/4 791/1197/4 789/1193/4
f 793/1198/4 792/1196/4 790/1195/4
f 795/1199/4 792/1196/4 793/1198/4
f 794/1200/4 791/1197/4 792/1196/4
f 795/1199/4 794/1200/4 792/1196/4
f 796/1201/4 795/1199/4 793/1198/4
f 798/1202/4 795/1199/4 796/1201/4
f 797/1203/4 794/1200/4 795/1199/4
f 798/1202/4 797/1203/4 795/1199/4
f 699/1080/4 798/1202/4 697/1078/4
f 697/1078/4 798/1202/4 796/1201/4
f 799/1204/4 797/1203/4 798/1202/4
f 799/1204/4 798/1202/4 699/1080/4
f 702/1083/4 799/1204/4 699/1080/4
f 800/1205/4 797/1203/4 799/1204/4
f 801/1206/4 800/1205/4 799/1204/4
f 801/1206/4 799/1204/4 702/1083/4
f 705/1086/4 801/1206/4 702/1083/4
f 802/1207/4 800/1205/4 801/1206/4
f 803/1208/4 802/1207/4 801/1206/4
f 803/1208/4 801/1206/4 705/1086/4
f 708/1089/4 803/1208/4 705/1086/4
f 804/1209/4 802/1207/4 803/1208/4
f 805/1210/4 804/1209/4 803/1208/4
f 805/1210/4 803/1208/4 708/1089/4
f 711/1092/4 805/1210/4 708/1089/4
f 806/1211/4 804/1209/4 805/1210/4
f 807/1212/4 806/1211/4 805/1210/4
f 807/1212/4 805/1210/4 711/1092/4
f 714/1095/4 807/1212/4 711/1092/4
f 757/1161/4 806/1211/4 807/1212/4
f 754/1159/4 757/1161/4 807/1212/4
f 754/1159/4 807/1212/4 714/1095/4
f 806/1211/4 808/1213/4 804/1209/4
f 809/1214/4 808/1213/4 806/1211/4
f 757/1161/4 809/1214/4 806/1211/4
f 809/1214/4 810/1215/4 808/1213/4
f 811/1216/4 810/1215/4 809/1214/4
f 757/1161/4 811/1216/4 809/1214/4
f 811/1216/4 812/1217/4 810/1215/4
f 811/1216/4 813/1218/4 812/1217/4
f 811/1216/4 759/1164/4 813/1218/4
f 756/1162/4 759/1164/4 811/1216/4
f 757/1161/4 756/1162/4 811/1216/4
f 812/1217/4 813/1218/4 814/1219/4
f 813/1218/4 815/1220/4 814/1219/4
f 813/1218/4 761/1166/4 815/1220/4
f 759/1164/4 761/1166/4 813/1218/4
f 814/1219/4 815/1220/4 816/1221/4
f 815/1220/4 817/1222/4 816/1221/4
f 815/1220/4 763/1168/4 817/1222/4
f 761/1166/4 763/1168/4 815/1220/4
f 816/1221/4 817/1222/4 818/1223/4
f 817/1222/4 819/1224/4 818/1223/4
f 817/1222/4 765/1170/4 819/1224/4
f 763/1168/4 765/1170/4 817/1222/4
f 819/1224/4 820/1225/4 818/1223/4
f 819/1224/4 770/1175/4 820/1225/4
f 767/1172/4 770/1175/4 819/1224/4
f 765/1170/4 767/1172/4 819/1224/4
f 818/1223/4 820/1225/4 821/1226/4
f 820/1225/4 822/1227/4 821/1226/4
f 820/1225/4 772/1177/4 822/1227/4
f 770/1175/4 772/1177/4 820/1225/4
f 821/1226/4 822/1227/4 823/1228/4
f 822/1227/4 824/1229/4 823/1228/4
f 822/1227/4 774/1179/4 824/1229/4
f 772/1177/4 774/1179/4 822/1227/4
f 823/1228/4 824/1229/4 825/1230/4
f 824/1229/4 826/1231/4 825/1230/4
f 824/1229/4 776/1181/4 826/1231/4
f 774/1179/4 776/1181/4 824/1229/4
f 827/1232/4 826/1231/4 778/1183/4
f 828/1233/4 826/1231/4 827/1232/4
f 776/1181/4 778/1183/4 826/1231/4
f 828/1233/4 825/1230/4 826/1231/4
f 829/1234/4 828/1233/4 827/1232/4
f 831/1235/4 828/1233/4 829/1234/4
f 830/1236/4 825/1230/4 828/1233/4
f 831/1235/4 830/1236/4 828/1233/4
f 832/1237/4 831/1235/4 829/1234/4
f 834/1238/4 831/1235/4 832/1237/4
f 833/1239/4 830/1236/4 831/1235/4
f 834/1238/4 833/1239/4 831/1235/4
f 835/1240/4 834/1238/4 832/1237/4
f 837/1241/4 834/1238/4 835/1240/4
f 836/1242/4 833/1239/4 834/1238/4
f 837/1241/4 836/1242/4 834/1238/4
f 839/1243/4 837/1241/4 838/1244/4
f 838/1244/4 837/1241/4 835/1240/4
f 840/1245/4 836/1242/4 837/1241/4
f 840/1245/4 837/1241/4 839/1243/4
f 842/1246/4 840/1245/4 839/1243/4
f 841/1247/4 836/1242/4 840/1245/4
f 843/1248/4 841/1247/4 840/1245/4
f 843/1248/4 840/1245/4 842/1246/4
f 808/1213/4 843/1248/4 842/1246/4
f 844/1249/4 841/1247/4 843/1248/4
f 810/1215/4 844/1249/4 843/1248/4
f 810/1215/4 843/1248/4 808/1213/4
f 844/1249/4 845/1250/4 841/1247/4
f 844/1249/4 847/1251/4 845/1250/4
f 812/1217/4 846/1252/4 844/1249/4
f 844/1249/4 846/1252/4 847/1251/4
f 812/1217/4 844/1249/4 810/1215/4
f 847/1251/4 850/1253/4 845/1250/4
f 847/1251/4 848/1254/4 850/1253/4
f 847/1251/4 851/1255/4 848/1254/4
f 847/1251/4 849/1256/4 851/1255/4
f 846/1252/4 849/1256/4 847/1251/4
f 851/1255/4 854/1257/4 848/1254/4
f 851/1255/4 852/1258/4 854/1257/4
f 853/1259/4 852/1258/4 851/1255/4
f 849/1256/4 853/1259/4 851/1255/4
f 848/1254/4 854/1257/4 855/1260/4
f 855/1260/4 854/1257/4 856/1261/4
f 852/1258/4 856/1261/4 854/1257/4
f 830/1236/4 856/1261/4 825/1230/4
f 855/1260/4 856/1261/4 830/1236/4
f 823/1228/4 825/1230/4 856/1261/4
f 852/1258/4 823/1228/4 856/1261/4
f 833/1239/4 855/1260/4 830/1236/4
f 857/1262/4 855/1260/4 833/1239/4
f 857/1262/4 850/1253/4 855/1260/4
f 848/1254/4 855/1260/4 850/1253/4
f 841/1247/4 857/1262/4 836/1242/4
f 836/1242/4 857/1262/4 833/1239/4
f 845/1250/4 850/1253/4 857/1262/4
f 845/1250/4 857/1262/4 841/1247/4
f 853/1259/4 821/1226/4 852/1258/4
f 818/1223/4 821/1226/4 853/1259/4
f 816/1221/4 818/1223/4 853/1259/4
f 849/1256/4 816/1221/4 853/1259/4
f 821/1226/4 823/1228/4 852/1258/4
f 814/1219/4 816/1221/4 849/1256/4
f 846/1252/4 814/1219/4 849/1256/4
f 812/1217/4 814/1219/4 846/1252/4
f 804/1209/4 842/1246/4 802/1207/4
f 842/1246/4 839/1243/4 802/1207/4
f 808/1213/4 842/1246/4 804/1209/4
f 802/1207/4 839/1243/4 800/1205/4
f 839/1243/4 838/1244/4 800/1205/4
f 800/1205/4 838/1244/4 797/1203/4
f 797/1203/4 838/1244/4 794/1200/4
f 838/1244/4 835/1240/4 794/1200/4
f 794/1200/4 835/1240/4 791/1197/4
f 835/1240/4 832/1237/4 791/1197/4
f 791/1197/4 832/1237/4 788/1194/4
f 832/1237/4 829/1234/4 788/1194/4
f 788/1194/4 829/1234/4 785/1191/4
f 829/1234/4 827/1232/4 785/1191/4
f 785/1191/4 827/1232/4 782/1188/4
f 827/1232/4 778/1183/4 782/1188/4
f 693/1071/4 796/1201/4 690/1068/4
f 697/1078/4 796/1201/4 693/1071/4
f 796/1201/4 793/1198/4 690/1068/4
f 690/1068/4 793/1198/4 687/1065/4
f 793/1198/4 790/1195/4 687/1065/4
f 687/1065/4 790/1195/4 684/1062/4
f 790/1195/4 787/1192/4 684/1062/4
f 684/1062/4 787/1192/4 681/1059/4
f 787/1192/4 784/1189/4 681/1059/4
f 681/1059/4 784/1189/4 678/1056/4
f 784/1189/4 781/1186/4 678/1056/4
f 678/1056/4 781/1186/4 674/1052/4
f 781/1186/4 668/1040/4 674/1052/4
f 696/1075/3 560/1076/3 559/1130/3
f 692/1069/3 557/1263/3 558/1074/3
f 692/1069/3 858/1264/3 557/1263/3
f 692/1069/4 689/1066/4 858/1264/4
f 858/1264/3 555/1265/3 557/1263/3
f 858/1264/3 859/1266/3 555/1265/3
f 858/1264/4 860/1267/4 859/1266/4
f 858/1264/4 689/1066/4 860/1267/4
f 859/1266/4 860/1267/4 861/1268/4
f 860/1267/4 862/1269/4 861/1268/4
f 860/1267/4 686/1063/4 862/1269/4
f 689/1066/4 686/1063/4 860/1267/4
f 861/1268/4 862/1269/4 863/1270/4
f 862/1269/4 864/1271/4 863/1270/4
f 862/1269/4 683/1060/4 864/1271/4
f 686/1063/4 683/1060/4 862/1269/4
f 863/1270/4 864/1271/4 865/1272/4
f 864/1271/4 866/1273/4 865/1272/4
f 864/1271/4 680/1057/4 866/1273/4
f 683/1060/4 680/1057/4 864/1271/4
f 865/1272/4 866/1273/4 867/1274/4
f 866/1273/4 868/1275/4 867/1274/4
f 866/1273/4 677/1054/4 868/1275/4
f 680/1057/4 677/1054/4 866/1273/4
f 677/1054/4 675/1053/4 868/1275/4
f 867/1274/4 868/1275/4 869/1276/4
f 868/1275/4 675/1053/4 870/1277/4
f 868/1275/4 870/1277/4 869/1276/4
f 870/1278/141 871/1279/141 872/1280/141
f 671/1050/142 871/1279/142 870/1278/142
f 675/1053/4 671/1049/4 870/1277/4
f 870/1278/141 872/1280/141 869/1281/141
f 869/1281/143 872/1280/143 873/1282/143
f 873/1283/4 872/1284/4 548/901/4
f 872/1284/4 871/1285/12 548/901/4
f 875/1286/144 873/1282/144 874/1287/144
f 874/1288/4 873/1283/4 548/901/4
f 869/1281/143 873/1282/143 875/1286/143
f 867/1274/4 869/1276/4 875/1289/4
f 877/1290/4 875/1289/4 876/1291/4
f 875/1286/144 874/1287/144 876/1292/144
f 877/1290/4 867/1274/4 875/1289/4
f 879/1293/4 865/1272/4 877/1290/4
f 865/1272/4 867/1274/4 877/1290/4
f 878/1294/4 877/1290/4 876/1291/4
f 879/1293/4 877/1290/4 878/1294/4
f 880/1295/4 879/1293/4 878/1294/4
f 881/1296/4 879/1293/4 880/1295/4
f 863/1270/4 865/1272/4 879/1293/4
f 881/1296/4 863/1270/4 879/1293/4
f 882/1297/4 881/1296/4 880/1295/4
f 883/1298/4 881/1296/4 882/1297/4
f 861/1268/4 863/1270/4 881/1296/4
f 883/1298/4 861/1268/4 881/1296/4
f 859/1266/3 883/1298/3 556/1299/3
f 859/1266/4 861/1268/4 883/1298/4
f 883/1298/3 553/1300/3 556/1299/3
f 883/1298/3 882/1297/3 553/1300/3
f 882/1297/3 554/1301/3 553/1300/3
f 882/1297/3 884/1302/3 554/1301/3
f 882/1297/4 880/1295/4 884/1302/4
f 884/1302/3 552/1303/3 554/1301/3
f 884/1302/3 885/1304/3 552/1303/3
f 884/1302/4 886/1305/4 885/1304/4
f 884/1302/4 880/1295/4 886/1305/4
f 880/1295/4 878/1294/4 886/1305/4
f 885/1304/4 886/1305/4 887/1306/4
f 886/1305/4 878/1294/4 888/1307/4
f 886/1305/4 888/1307/4 887/1306/4
f 888/1308/145 889/1309/145 890/1310/145
f 876/1292/146 889/1309/146 888/1308/146
f 878/1294/4 876/1291/4 888/1307/4
f 888/1308/145 890/1310/145 887/1311/145
f 887/1311/147 890/1310/147 548/1312/147
f 890/1313/4 889/1314/4 548/901/4
f 876/1292/146 874/1287/146 889/1309/146
f 889/1314/4 874/1288/4 548/901/4
f 885/1304/4 887/1306/4 891/1315/4
f 887/1311/147 548/1312/147 891/1316/147
f 885/1304/3 891/1315/3 548/1317/3
f 885/1304/3 548/1317/3 552/1303/3
f 671/1050/142 672/1046/142 871/1279/142
f 871/1285/12 672/1318/4 548/901/4
f 859/1266/3 556/1299/3 555/1265/3
f 674/1052/4 668/1040/4 666/1042/4
f 672/1318/4 670/1319/4 548/901/4
f 667/1047/38 892/1320/38 670/1045/38
f 670/1319/4 892/1321/11 550/897/4
f 670/1319/4 550/897/4 548/901/4
f 894/1322/148 893/1323/148 892/1320/148
f 892/1321/11 893/1324/4 550/897/4
f 894/1322/148 892/1320/148 667/1047/148
f 895/1325/149 893/1323/149 894/1322/149
f 896/1326/4 895/1327/4 894/1328/4
f 664/1039/4 894/1328/4 667/1043/4
f 896/1326/4 894/1328/4 664/1039/4
f 661/1036/4 896/1326/4 664/1039/4
f 898/1329/4 896/1326/4 661/1036/4
f 898/1329/4 897/1330/4 896/1326/4
f 897/1330/4 895/1327/4 896/1326/4
f 658/1033/4 898/1329/4 661/1036/4
f 899/1331/4 897/1330/4 898/1329/4
f 900/1332/4 899/1331/4 898/1329/4
f 900/1332/4 898/1329/4 658/1033/4
f 655/1030/4 900/1332/4 658/1033/4
f 901/1333/4 899/1331/4 900/1332/4
f 902/1334/4 901/1333/4 900/1332/4
f 902/1334/4 900/1332/4 655/1030/4
f 652/1027/4 902/1334/4 655/1030/4
f 903/1335/4 901/1333/4 902/1334/4
f 904/1336/4 903/1335/4 902/1334/4
f 904/1336/4 902/1334/4 652/1027/4
f 649/1024/4 904/1336/4 652/1027/4
f 905/1337/4 903/1335/4 904/1336/4
f 906/1338/4 905/1337/4 904/1336/4
f 906/1338/4 904/1336/4 649/1024/4
f 645/1020/4 906/1338/4 649/1024/4
f 908/1339/4 906/1338/4 645/1020/4
f 908/1339/4 907/1340/4 906/1338/4
f 907/1340/4 905/1337/4 906/1338/4
f 907/1340/1 908/1339/1 909/1341/1
f 908/1339/1 910/1342/1 909/1341/1
f 642/1015/4 908/1339/4 645/1020/4
f 908/1339/1 642/1015/1 910/1342/1
f 909/1343/4 910/1344/4 547/898/4
f 910/1344/4 641/1345/4 547/898/4
f 642/1015/1 641/1016/1 910/1342/1
f 911/1346/4 909/1343/4 547/898/4
f 907/1340/1 909/1341/1 911/1347/1
f 912/1348/4 911/1346/4 547/898/4
f 913/1349/1 911/1347/1 912/1350/1
f 913/1349/1 907/1340/1 911/1347/1
f 914/1351/1 913/1349/1 912/1350/1
f 907/1340/4 913/1349/4 905/1337/4
f 913/1349/4 914/1351/4 915/1352/4
f 913/1349/4 915/1352/4 905/1337/4
f 905/1337/4 915/1352/4 903/1335/4
f 914/1351/4 916/1353/4 915/1352/4
f 915/1352/4 916/1353/4 917/1354/4
f 915/1352/4 917/1354/4 903/1335/4
f 903/1335/4 917/1354/4 901/1333/4
f 917/1354/4 919/1355/4 901/1333/4
f 917/1354/4 918/1356/4 919/1355/4
f 916/1353/4 918/1356/4 917/1354/4
f 901/1333/4 919/1355/4 899/1331/4
f 919/1355/4 921/1357/4 899/1331/4
f 919/1355/4 920/1358/4 921/1357/4
f 918/1356/4 920/1358/4 919/1355/4
f 899/1331/4 921/1357/4 897/1330/4
f 921/1357/4 923/1359/4 897/1330/4
f 920/1358/4 922/1360/4 921/1357/4
f 921/1357/4 922/1360/4 923/1359/4
f 923/1361/150 924/1362/150 925/1363/150
f 922/1364/151 924/1362/151 923/1361/151
f 897/1330/4 923/1359/4 895/1327/4
f 923/1361/150 925/1363/150 895/1325/150
f 895/1325/149 925/1363/149 893/1323/149
f 893/1324/4 925/1365/4 550/897/4
f 925/1365/4 924/1366/4 550/897/4
f 922/1364/151 926/1367/151 924/1362/151
f 924/1366/4 926/1368/4 550/897/4
f 928/1369/152 927/1370/152 926/1367/152
f 926/1368/4 927/1371/4 550/897/4
f 928/1369/152 926/1367/152 922/1364/152
f 929/1372/153 927/1370/153 928/1369/153
f 930/1373/4 929/1374/4 928/1375/4
f 920/1358/4 928/1375/4 922/1360/4
f 930/1373/4 928/1375/4 920/1358/4
f 918/1356/4 930/1373/4 920/1358/4
f 932/1376/4 930/1373/4 918/1356/4
f 932/1376/4 931/1377/4 930/1373/4
f 931/1377/4 929/1374/4 930/1373/4
f 916/1353/4 932/1376/4 918/1356/4
f 934/1378/4 932/1376/4 916/1353/4
f 934/1378/4 933/1379/4 932/1376/4
f 933/1379/4 931/1377/4 932/1376/4
f 933/1379/1 934/1378/1 935/1380/1
f 934/1378/1 936/1381/1 935/1380/1
f 914/1351/4 934/1378/4 916/1353/4
f 934/1378/1 914/1351/1 936/1381/1
f 547/898/4 935/1382/4 936/1383/4
f 936/1383/4 912/1348/4 547/898/4
f 914/1351/1 912/1350/1 936/1381/1
f 547/898/4 937/1384/4 935/1382/4
f 933/1379/1 935/1380/1 937/1385/1
f 938/1386/4 937/1384/4 547/898/4
f 939/1387/1 937/1385/1 938/1388/1
f 939/1387/1 933/1379/1 937/1385/1
f 933/1379/4 939/1387/4 931/1377/4
f 939/1387/4 941/1389/4 931/1377/4
f 940/1390/1 939/1387/1 938/1388/1
f 939/1387/4 940/1390/4 941/1389/4
f 931/1377/4 941/1389/4 929/1374/4
f 940/1390/154 942/1391/154 941/1392/154
f 941/1392/155 942/1391/155 943/1393/155
f 941/1392/155 943/1393/155 929/1372/155
f 929/1372/153 943/1393/153 927/1370/153
f 927/1371/4 943/1394/4 550/897/4
f 943/1394/4 942/1395/4 550/897/4
f 940/1390/154 550/1396/154 942/1391/154
f 940/1390/1 938/1388/1 550/1396/1
f 550/897/4 938/1386/4 547/898/4
f 641/1345/4 643/1397/4 547/898/4
f 547/898/4 643/1397/4 944/1398/4
f 638/1012/1 944/1399/1 643/1017/1
f 944/1398/4 604/1400/4 547/898/4
f 605/970/1 604/971/1 944/1399/1
f 638/1012/1 605/970/1 944/1399/1
f 607/975/4 605/970/4 638/1012/4
f 623/998/22 577/1103/22 576/994/22
f 604/1400/4 600/966/4 547/898/4
f 582/940/4 580/935/4 597/960/4
f 547/894/120 570/920/120 546/895/120
