# Blender 4.4.1
# www.blender.org
mtllib enemyFlag.mtl
o 球
v -0.257085 0.512796 -0.621015
v -0.257085 0.465280 -0.671880
v -0.257085 0.403198 -0.699409
v -0.257085 0.369600 -0.702951
v -0.257085 0.336001 -0.699409
v -0.257085 0.273919 -0.671880
v -0.249899 0.538511 -0.553865
v -0.242989 0.528711 -0.587786
v -0.236621 0.512796 -0.619047
v -0.231039 0.491378 -0.646448
v -0.226458 0.465280 -0.668935
v -0.223054 0.435506 -0.685645
v -0.220958 0.403198 -0.695934
v -0.220250 0.369600 -0.699409
v -0.220958 0.336001 -0.695934
v -0.223054 0.303694 -0.685645
v -0.226458 0.273919 -0.668935
v -0.231039 0.247821 -0.646448
v -0.236621 0.226403 -0.619047
v -0.242989 0.210488 -0.587786
v -0.249899 0.200688 -0.553865
v -0.242989 0.538511 -0.551818
v -0.229435 0.528711 -0.583771
v -0.216943 0.512796 -0.613218
v -0.205993 0.491378 -0.639029
v -0.197007 0.465280 -0.660212
v -0.190330 0.435506 -0.675952
v -0.186219 0.403198 -0.685645
v -0.184830 0.369600 -0.688917
v -0.186219 0.336001 -0.685645
v -0.190330 0.303694 -0.675952
v -0.197007 0.273919 -0.660212
v -0.205993 0.247821 -0.639029
v -0.216943 0.226403 -0.613218
v -0.229435 0.210488 -0.583771
v -0.242989 0.200688 -0.551818
v -0.236621 0.538511 -0.548495
v -0.216943 0.528711 -0.577251
v -0.198807 0.512796 -0.603753
v -0.182911 0.491378 -0.626983
v -0.169866 0.465280 -0.646046
v -0.160172 0.435506 -0.660212
v -0.154203 0.403198 -0.668935
v -0.152187 0.369600 -0.671880
v -0.154203 0.336001 -0.668935
v -0.160172 0.303694 -0.660212
v -0.169866 0.273919 -0.646046
v -0.182911 0.247821 -0.626983
v -0.198807 0.226403 -0.603753
v -0.216943 0.210488 -0.577251
v -0.236621 0.200688 -0.548495
v -0.231039 0.538511 -0.544022
v -0.205993 0.528711 -0.568477
v -0.182911 0.512796 -0.591015
v -0.162679 0.491378 -0.610770
v -0.146076 0.465280 -0.626982
v -0.133738 0.435506 -0.639029
v -0.126141 0.403198 -0.646448
v -0.123575 0.369600 -0.648953
v -0.126141 0.336001 -0.646448
v -0.133738 0.303694 -0.639029
v -0.146076 0.273919 -0.626982
v -0.162679 0.247821 -0.610770
v -0.182911 0.226403 -0.591015
v -0.205993 0.210488 -0.568477
v -0.231039 0.200688 -0.544022
v -0.226458 0.538511 -0.538571
v -0.197007 0.528711 -0.557786
v -0.169866 0.512796 -0.575494
v -0.146076 0.491378 -0.591015
v -0.126552 0.465280 -0.603753
v -0.112044 0.435506 -0.613218
v -0.103111 0.403198 -0.619047
v -0.100094 0.369600 -0.621015
v -0.103111 0.336001 -0.619047
v -0.112044 0.303694 -0.613218
v -0.126552 0.273919 -0.603753
v -0.146076 0.247821 -0.591015
v -0.169866 0.226403 -0.575494
v -0.197007 0.210488 -0.557786
v -0.226458 0.200688 -0.538571
v -0.257085 0.541821 -0.518589
v -0.223054 0.538511 -0.532353
v -0.190330 0.528711 -0.545588
v -0.160172 0.512796 -0.557786
v -0.133738 0.491378 -0.568477
v -0.112044 0.465280 -0.577251
v -0.095924 0.435506 -0.583771
v -0.085998 0.403198 -0.587786
v -0.082646 0.369600 -0.589141
v -0.085998 0.336001 -0.587786
v -0.095924 0.303694 -0.583771
v -0.112044 0.273919 -0.577251
v -0.133738 0.247821 -0.568477
v -0.160172 0.226403 -0.557786
v -0.190330 0.210488 -0.545588
v -0.223054 0.200688 -0.532353
v -0.220958 0.538511 -0.525606
v -0.186219 0.528711 -0.532353
v -0.154203 0.512796 -0.538571
v -0.126141 0.491378 -0.544022
v -0.103111 0.465280 -0.548495
v -0.085998 0.435506 -0.551818
v -0.075460 0.403198 -0.553865
v -0.071901 0.369600 -0.554556
v -0.075460 0.336001 -0.553865
v -0.085998 0.303694 -0.551818
v -0.103111 0.273919 -0.548495
v -0.126141 0.247821 -0.544022
v -0.154203 0.226403 -0.538571
v -0.186219 0.210488 -0.532353
v -0.220958 0.200688 -0.525606
v -0.220250 0.538511 -0.518589
v -0.184830 0.528711 -0.518589
v -0.152187 0.512796 -0.518589
v -0.123575 0.491378 -0.518589
v -0.100094 0.465280 -0.518589
v -0.082646 0.435506 -0.518589
v -0.071901 0.403198 -0.518589
v -0.068273 0.369600 -0.518589
v -0.071901 0.336001 -0.518589
v -0.082646 0.303694 -0.518589
v -0.100094 0.273919 -0.518589
v -0.123575 0.247821 -0.518589
v -0.152187 0.226403 -0.518589
v -0.184830 0.210488 -0.518589
v -0.220250 0.200688 -0.518589
v -0.220958 0.538511 -0.511572
v -0.186219 0.528711 -0.504825
v -0.154203 0.512796 -0.498607
v -0.126141 0.491378 -0.493156
v -0.103111 0.465280 -0.488683
v -0.085998 0.435506 -0.485360
v -0.075460 0.403198 -0.483313
v -0.071901 0.369600 -0.482622
v -0.075460 0.336001 -0.483313
v -0.085998 0.303694 -0.485360
v -0.103111 0.273919 -0.488683
v -0.126141 0.247821 -0.493156
v -0.154203 0.226403 -0.498607
v -0.186219 0.210488 -0.504825
v -0.220958 0.200688 -0.511572
v -0.223054 0.538511 -0.504825
v -0.190330 0.528711 -0.491590
v -0.160172 0.512796 -0.479392
v -0.133738 0.491378 -0.468701
v -0.112044 0.465280 -0.459927
v -0.095924 0.435506 -0.453407
v -0.085998 0.403198 -0.449392
v -0.082646 0.369600 -0.448037
v -0.085998 0.336001 -0.449392
v -0.095924 0.303694 -0.453407
v -0.112044 0.273919 -0.459927
v -0.133738 0.247821 -0.468701
v -0.160172 0.226403 -0.479392
v -0.190330 0.210488 -0.491590
v -0.223054 0.200688 -0.504825
v -0.226458 0.538511 -0.498607
v -0.197007 0.528711 -0.479392
v -0.169866 0.512796 -0.461684
v -0.146076 0.491378 -0.446163
v -0.126552 0.465280 -0.433425
v -0.112044 0.435506 -0.423960
v -0.103111 0.403198 -0.418131
v -0.100094 0.369600 -0.416163
v -0.103111 0.336001 -0.418131
v -0.112044 0.303694 -0.423960
v -0.126552 0.273919 -0.433425
v -0.146076 0.247821 -0.446163
v -0.169866 0.226403 -0.461684
v -0.197007 0.210488 -0.479392
v -0.226458 0.200688 -0.498607
v -0.231039 0.538511 -0.493156
v -0.205993 0.528711 -0.468701
v -0.182911 0.512796 -0.446163
v -0.162679 0.491378 -0.426408
v -0.146076 0.465280 -0.410196
v -0.133738 0.435506 -0.398149
v -0.126141 0.403198 -0.390730
v -0.123575 0.369600 -0.388225
v -0.126141 0.336001 -0.390730
v -0.133738 0.303694 -0.398149
v -0.146076 0.273919 -0.410196
v -0.162679 0.247821 -0.426408
v -0.182911 0.226403 -0.446163
v -0.205993 0.210488 -0.468701
v -0.231039 0.200688 -0.493156
v -0.236621 0.538511 -0.488683
v -0.216943 0.528711 -0.459927
v -0.198807 0.512796 -0.433425
v -0.182911 0.491378 -0.410196
v -0.169866 0.465280 -0.391132
v -0.160172 0.435506 -0.376966
v -0.154203 0.403198 -0.368243
v -0.152187 0.369600 -0.365298
v -0.154203 0.336001 -0.368243
v -0.160172 0.303694 -0.376966
v -0.169866 0.273919 -0.391132
v -0.182911 0.247821 -0.410196
v -0.198807 0.226403 -0.433425
v -0.216943 0.210488 -0.459927
v -0.236621 0.200688 -0.488683
v -0.242989 0.538511 -0.485360
v -0.229435 0.528711 -0.453407
v -0.216943 0.512796 -0.423960
v -0.205993 0.491378 -0.398149
v -0.197007 0.465280 -0.376966
v -0.190330 0.435506 -0.361226
v -0.186219 0.403198 -0.351534
v -0.184830 0.369600 -0.348261
v -0.186219 0.336001 -0.351534
v -0.190330 0.303694 -0.361226
v -0.197007 0.273919 -0.376966
v -0.205993 0.247821 -0.398149
v -0.216943 0.226403 -0.423960
v -0.229435 0.210488 -0.453407
v -0.242989 0.200688 -0.485360
v -0.249899 0.538511 -0.483313
v -0.242989 0.528711 -0.449392
v -0.236621 0.512796 -0.418131
v -0.231039 0.491378 -0.390730
v -0.226458 0.465280 -0.368243
v -0.223054 0.435506 -0.351534
v -0.220958 0.403198 -0.341244
v -0.220250 0.369600 -0.337770
v -0.220958 0.336001 -0.341244
v -0.223054 0.303694 -0.351534
v -0.226458 0.273919 -0.368243
v -0.231039 0.247821 -0.390730
v -0.236621 0.226403 -0.418131
v -0.242989 0.210488 -0.449392
v -0.249899 0.200688 -0.483313
v -0.257085 0.538511 -0.482622
v -0.257085 0.528711 -0.448037
v -0.257085 0.512796 -0.416163
v -0.257085 0.491378 -0.388225
v -0.257085 0.465280 -0.365298
v -0.257085 0.435506 -0.348261
v -0.257085 0.403198 -0.337770
v -0.257086 0.369600 -0.334227
v -0.257085 0.336001 -0.337770
v -0.257085 0.303694 -0.348261
v -0.257085 0.273919 -0.365298
v -0.257085 0.247821 -0.388225
v -0.257085 0.226403 -0.416163
v -0.257085 0.210488 -0.448037
v -0.257085 0.200688 -0.482622
v -0.264272 0.538511 -0.483313
v -0.271182 0.528711 -0.449392
v -0.277550 0.512796 -0.418131
v -0.283132 0.491378 -0.390730
v -0.287713 0.465280 -0.368243
v -0.291117 0.435506 -0.351534
v -0.293213 0.403198 -0.341244
v -0.293921 0.369600 -0.337770
v -0.293213 0.336001 -0.341244
v -0.291117 0.303694 -0.351534
v -0.287713 0.273919 -0.368243
v -0.283132 0.247821 -0.390730
v -0.277550 0.226403 -0.418131
v -0.271182 0.210488 -0.449392
v -0.264272 0.200688 -0.483313
v -0.271182 0.538511 -0.485360
v -0.284736 0.528711 -0.453407
v -0.297228 0.512796 -0.423960
v -0.308178 0.491378 -0.398149
v -0.317163 0.465280 -0.376966
v -0.323841 0.435506 -0.361226
v -0.327952 0.403198 -0.351534
v -0.329341 0.369600 -0.348261
v -0.327952 0.336001 -0.351534
v -0.323841 0.303694 -0.361226
v -0.317163 0.273919 -0.376966
v -0.308178 0.247821 -0.398149
v -0.297228 0.226403 -0.423960
v -0.284736 0.210488 -0.453407
v -0.271182 0.200688 -0.485360
v -0.277550 0.538511 -0.488683
v -0.297228 0.528711 -0.459927
v -0.315364 0.512796 -0.433425
v -0.331260 0.491378 -0.410196
v -0.344305 0.465280 -0.391132
v -0.353999 0.435506 -0.376966
v -0.359968 0.403198 -0.368243
v -0.361984 0.369600 -0.365298
v -0.359968 0.336001 -0.368243
v -0.353999 0.303694 -0.376966
v -0.344305 0.273919 -0.391132
v -0.331260 0.247821 -0.410196
v -0.315364 0.226403 -0.433425
v -0.297228 0.210488 -0.459927
v -0.277550 0.200688 -0.488683
v -0.283132 0.538511 -0.493156
v -0.308178 0.528711 -0.468701
v -0.331260 0.512796 -0.446163
v -0.351491 0.491378 -0.426408
v -0.368095 0.465280 -0.410196
v -0.380433 0.435506 -0.398149
v -0.388030 0.403198 -0.390730
v -0.390596 0.369600 -0.388226
v -0.388030 0.336001 -0.390730
v -0.380433 0.303694 -0.398149
v -0.368095 0.273919 -0.410196
v -0.351491 0.247821 -0.426408
v -0.331260 0.226403 -0.446163
v -0.308178 0.210488 -0.468701
v -0.283132 0.200688 -0.493156
v -0.257085 0.197379 -0.518589
v -0.287713 0.538511 -0.498607
v -0.317163 0.528711 -0.479392
v -0.344305 0.512796 -0.461684
v -0.368095 0.491378 -0.446163
v -0.387619 0.465280 -0.433425
v -0.402127 0.435506 -0.423960
v -0.411060 0.403198 -0.418131
v -0.414077 0.369600 -0.416163
v -0.411060 0.336001 -0.418131
v -0.402127 0.303694 -0.423960
v -0.387619 0.273919 -0.433425
v -0.368095 0.247821 -0.446163
v -0.344305 0.226403 -0.461684
v -0.317163 0.210488 -0.479392
v -0.287713 0.200688 -0.498607
v -0.291117 0.538511 -0.504825
v -0.323841 0.528711 -0.491590
v -0.353999 0.512796 -0.479392
v -0.380433 0.491378 -0.468701
v -0.402127 0.465280 -0.459927
v -0.418247 0.435506 -0.453407
v -0.428173 0.403198 -0.449393
v -0.431525 0.369600 -0.448037
v -0.428173 0.336001 -0.449393
v -0.418247 0.303694 -0.453407
v -0.402127 0.273919 -0.459927
v -0.380433 0.247821 -0.468701
v -0.353999 0.226403 -0.479392
v -0.323841 0.210488 -0.491590
v -0.291117 0.200688 -0.504825
v -0.293213 0.538511 -0.511572
v -0.327952 0.528711 -0.504825
v -0.359968 0.512796 -0.498607
v -0.388030 0.491378 -0.493156
v -0.411060 0.465280 -0.488683
v -0.428173 0.435506 -0.485360
v -0.438711 0.403198 -0.483313
v -0.442269 0.369600 -0.482622
v -0.438711 0.336001 -0.483313
v -0.428173 0.303694 -0.485360
v -0.411060 0.273919 -0.488683
v -0.388030 0.247821 -0.493156
v -0.359968 0.226403 -0.498607
v -0.327952 0.210488 -0.504825
v -0.293213 0.200688 -0.511572
v -0.293921 0.538511 -0.518589
v -0.329341 0.528711 -0.518589
v -0.361984 0.512796 -0.518589
v -0.390596 0.491378 -0.518589
v -0.414077 0.465280 -0.518589
v -0.431525 0.435506 -0.518589
v -0.442269 0.403198 -0.518589
v -0.445897 0.369600 -0.518589
v -0.442269 0.336001 -0.518589
v -0.431525 0.303694 -0.518589
v -0.414077 0.273919 -0.518589
v -0.390596 0.247821 -0.518589
v -0.361984 0.226403 -0.518589
v -0.329341 0.210488 -0.518589
v -0.293921 0.200688 -0.518589
v -0.293213 0.538511 -0.525606
v -0.327952 0.528711 -0.532353
v -0.359968 0.512796 -0.538571
v -0.388030 0.491378 -0.544022
v -0.411060 0.465280 -0.548495
v -0.428173 0.435506 -0.551818
v -0.438711 0.403198 -0.553865
v -0.442269 0.369600 -0.554556
v -0.438711 0.336001 -0.553865
v -0.428173 0.303694 -0.551818
v -0.411060 0.273919 -0.548495
v -0.388030 0.247821 -0.544022
v -0.359968 0.226403 -0.538571
v -0.327952 0.210488 -0.532353
v -0.293213 0.200688 -0.525606
v -0.291117 0.538511 -0.532353
v -0.323841 0.528711 -0.545588
v -0.353999 0.512796 -0.557786
v -0.380433 0.491378 -0.568477
v -0.402127 0.465280 -0.577251
v -0.418247 0.435506 -0.583771
v -0.428173 0.403198 -0.587786
v -0.431525 0.369600 -0.589141
v -0.428173 0.336001 -0.587786
v -0.418247 0.303694 -0.583771
v -0.402127 0.273919 -0.577251
v -0.380433 0.247821 -0.568477
v -0.353999 0.226403 -0.557786
v -0.323841 0.210488 -0.545588
v -0.291117 0.200688 -0.532353
v -0.287713 0.538511 -0.538571
v -0.317163 0.528711 -0.557786
v -0.344305 0.512796 -0.575494
v -0.368095 0.491378 -0.591015
v -0.387619 0.465280 -0.603753
v -0.402127 0.435506 -0.613218
v -0.411060 0.403198 -0.619047
v -0.414077 0.369600 -0.621015
v -0.411060 0.336001 -0.619047
v -0.402127 0.303694 -0.613218
v -0.387619 0.273919 -0.603753
v -0.368095 0.247821 -0.591015
v -0.344305 0.226403 -0.575494
v -0.317163 0.210488 -0.557786
v -0.287713 0.200688 -0.538571
v -0.283132 0.538511 -0.544022
v -0.308178 0.528711 -0.568477
v -0.331260 0.512796 -0.591015
v -0.351491 0.491378 -0.610770
v -0.368095 0.465280 -0.626982
v -0.380433 0.435506 -0.639029
v -0.388030 0.403198 -0.646448
v -0.390596 0.369600 -0.648953
v -0.388030 0.336001 -0.646448
v -0.380433 0.303694 -0.639029
v -0.368095 0.273919 -0.626982
v -0.351491 0.247821 -0.610770
v -0.331260 0.226403 -0.591015
v -0.308178 0.210488 -0.568477
v -0.283132 0.200688 -0.544022
v -0.277550 0.538511 -0.548495
v -0.297228 0.528711 -0.577251
v -0.315364 0.512796 -0.603753
v -0.331260 0.491378 -0.626982
v -0.344305 0.465280 -0.646046
v -0.353999 0.435506 -0.660212
v -0.359968 0.403198 -0.668935
v -0.361984 0.369600 -0.671880
v -0.359968 0.336001 -0.668935
v -0.353999 0.303694 -0.660212
v -0.344305 0.273919 -0.646046
v -0.331260 0.247821 -0.626982
v -0.315364 0.226403 -0.603753
v -0.297228 0.210488 -0.577251
v -0.277550 0.200688 -0.548495
v -0.271182 0.538511 -0.551818
v -0.284736 0.528711 -0.583771
v -0.297228 0.512796 -0.613218
v -0.308178 0.491378 -0.639029
v -0.317163 0.465280 -0.660212
v -0.323841 0.435506 -0.675952
v -0.327952 0.403198 -0.685645
v -0.329341 0.369600 -0.688917
v -0.327952 0.336001 -0.685645
v -0.323841 0.303694 -0.675952
v -0.317163 0.273919 -0.660212
v -0.308178 0.247821 -0.639029
v -0.297228 0.226403 -0.613218
v -0.284736 0.210488 -0.583771
v -0.271182 0.200688 -0.551818
v -0.264272 0.538511 -0.553865
v -0.271182 0.528711 -0.587786
v -0.277550 0.512796 -0.619047
v -0.283132 0.491378 -0.646448
v -0.287713 0.465280 -0.668935
v -0.291117 0.435506 -0.685645
v -0.293213 0.403198 -0.695934
v -0.293921 0.369600 -0.699408
v -0.293213 0.336001 -0.695934
v -0.291117 0.303694 -0.685645
v -0.287713 0.273919 -0.668935
v -0.283132 0.247821 -0.646448
v -0.277550 0.226403 -0.619047
v -0.271182 0.210488 -0.587786
v -0.264272 0.200688 -0.553865
v -0.257085 0.538511 -0.554556
v -0.257085 0.528711 -0.589141
v -0.257085 0.491378 -0.648953
v -0.257085 0.435506 -0.688917
v -0.257085 0.303694 -0.688917
v -0.257085 0.247821 -0.648953
v -0.257085 0.226403 -0.621015
v -0.257085 0.210488 -0.589141
v -0.257085 0.200688 -0.554556
vn 0.0262 -0.9618 -0.2725
vn 0.0952 0.1044 -0.9900
vn 0.0088 0.9958 -0.0916
vn 0.0088 -0.9958 -0.0916
vn 0.0952 -0.1044 -0.9900
vn 0.0262 0.9618 -0.2725
vn 0.0911 -0.3076 -0.9472
vn 0.0429 0.8938 -0.4463
vn 0.0832 -0.4949 -0.8650
vn 0.0584 0.7923 -0.6074
vn 0.0721 -0.6583 -0.7493
vn 0.0721 0.6583 -0.7493
vn 0.0584 -0.7923 -0.6074
vn 0.0832 0.4949 -0.8649
vn 0.0429 -0.8938 -0.4463
vn 0.0911 0.3076 -0.9472
vn 0.1272 -0.8942 -0.4293
vn 0.2702 0.3081 -0.9122
vn 0.0776 -0.9619 -0.2621
vn 0.2824 0.1046 -0.9536
vn 0.0261 0.9958 -0.0881
vn 0.0261 -0.9958 -0.0881
vn 0.2824 -0.1046 -0.9536
vn 0.0776 0.9619 -0.2621
vn 0.2702 -0.3081 -0.9122
vn 0.1272 0.8942 -0.4293
vn 0.2467 -0.4956 -0.8328
vn 0.1731 0.7928 -0.5844
vn 0.2136 -0.6589 -0.7212
vn 0.2136 0.6589 -0.7212
vn 0.1731 -0.7928 -0.5844
vn 0.2467 0.4956 -0.8328
vn 0.2066 0.8947 -0.3959
vn 0.4016 -0.4968 -0.7694
vn 0.2814 0.7937 -0.5392
vn 0.3475 -0.6601 -0.6659
vn 0.3475 0.6601 -0.6659
vn 0.2814 -0.7937 -0.5392
vn 0.4016 0.4968 -0.7694
vn 0.2066 -0.8947 -0.3959
vn 0.4401 0.3090 -0.8431
vn 0.1261 -0.9621 -0.2416
vn 0.4601 0.1049 -0.8816
vn 0.0424 0.9958 -0.0812
vn 0.0424 -0.9958 -0.0812
vn 0.4601 -0.1049 -0.8816
vn 0.1261 0.9621 -0.2416
vn 0.4401 -0.3090 -0.8431
vn 0.5945 0.3102 -0.7419
vn 0.1698 -0.9624 -0.2118
vn 0.6219 0.1053 -0.7760
vn 0.0570 0.9958 -0.0712
vn 0.0570 -0.9958 -0.0712
vn 0.6219 -0.1053 -0.7760
vn 0.1698 0.9624 -0.2118
vn 0.5945 -0.3102 -0.7419
vn 0.2783 0.8955 -0.3473
vn 0.5421 -0.4984 -0.6765
vn 0.3793 0.7950 -0.4734
vn 0.4688 -0.6617 -0.5851
vn 0.4688 0.6617 -0.5851
vn 0.3793 -0.7950 -0.4734
vn 0.5421 0.4984 -0.6765
vn 0.2783 -0.8955 -0.3473
vn 0.6629 -0.5001 -0.5572
vn 0.4630 0.7963 -0.3892
vn 0.5728 -0.6635 -0.4814
vn 0.5728 0.6635 -0.4814
vn 0.4630 -0.7963 -0.3892
vn 0.6629 0.5001 -0.5572
vn 0.3394 -0.8963 -0.2853
vn 0.7274 0.3115 -0.6114
vn 0.2069 -0.9628 -0.1739
vn 0.7612 0.1058 -0.6398
vn 0.0695 0.9959 -0.0584
vn 0.0695 -0.9959 -0.0584
vn 0.7612 -0.1058 -0.6398
vn 0.2069 0.9628 -0.1739
vn 0.7274 -0.3115 -0.6114
vn 0.3394 0.8963 -0.2853
vn 0.2362 -0.9631 -0.1293
vn 0.8722 0.1063 -0.4775
vn 0.0793 0.9959 -0.0434
vn 0.0793 -0.9959 -0.0434
vn 0.8722 -0.1063 -0.4775
vn 0.2361 0.9631 -0.1293
vn 0.8332 -0.3127 -0.4561
vn 0.3876 0.8971 -0.2122
vn 0.7588 -0.5017 -0.4154
vn 0.5291 0.7976 -0.2896
vn 0.6551 -0.6651 -0.3586
vn 0.6551 0.6651 -0.3586
vn 0.5291 -0.7976 -0.2896
vn 0.7588 0.5017 -0.4154
vn 0.3876 -0.8971 -0.2122
vn 0.8332 0.3127 -0.4561
vn 0.7121 -0.6663 -0.2212
vn 0.7121 0.6663 -0.2212
vn 0.5748 -0.7986 -0.1786
vn 0.8254 0.5030 -0.2564
vn 0.4208 -0.8977 -0.1307
vn 0.9068 0.3136 -0.2817
vn 0.2563 -0.9633 -0.0796
vn 0.9495 0.1066 -0.2950
vn 0.0860 0.9959 -0.0267
vn 0.0860 -0.9959 -0.0267
vn 0.9495 -0.1066 -0.2950
vn 0.2563 0.9633 -0.0796
vn 0.9068 -0.3136 -0.2817
vn 0.4208 0.8977 -0.1307
vn 0.8254 -0.5030 -0.2564
vn 0.5748 0.7986 -0.1786
vn 0.0895 0.9959 -0.0090
vn 0.0895 -0.9959 -0.0090
vn 0.9893 -0.1068 -0.0998
vn 0.2666 0.9634 -0.0269
vn 0.9446 -0.3141 -0.0953
vn 0.4378 0.8980 -0.0442
vn 0.8595 -0.5037 -0.0867
vn 0.5982 0.7991 -0.0603
vn 0.7413 -0.6670 -0.0748
vn 0.7413 0.6670 -0.0748
vn 0.5982 -0.7991 -0.0603
vn 0.8595 0.5037 -0.0867
vn 0.4378 -0.8980 -0.0442
vn 0.9446 0.3141 -0.0953
vn 0.2666 -0.9634 -0.0269
vn 0.9893 0.1068 -0.0998
vn 0.7413 0.6670 0.0748
vn 0.5982 -0.7991 0.0603
vn 0.8595 0.5037 0.0867
vn 0.4378 -0.8980 0.0442
vn 0.9446 0.3141 0.0953
vn 0.2666 -0.9634 0.0269
vn 0.9893 0.1068 0.0998
vn 0.0895 0.9959 0.0090
vn 0.0895 -0.9959 0.0090
vn 0.9893 -0.1068 0.0998
vn 0.2666 0.9634 0.0269
vn 0.9446 -0.3141 0.0953
vn 0.4378 0.8980 0.0442
vn 0.8595 -0.5037 0.0867
vn 0.5982 0.7991 0.0603
vn 0.7413 -0.6670 0.0748
vn 0.9495 -0.1066 0.2950
vn 0.2563 0.9633 0.0796
vn 0.9068 -0.3136 0.2817
vn 0.4208 0.8977 0.1307
vn 0.8254 -0.5030 0.2564
vn 0.5748 0.7986 0.1786
vn 0.7121 -0.6663 0.2212
vn 0.7121 0.6663 0.2212
vn 0.5748 -0.7986 0.1786
vn 0.8254 0.5030 0.2564
vn 0.4208 -0.8977 0.1307
vn 0.9068 0.3136 0.2817
vn 0.2563 -0.9633 0.0796
vn 0.9495 0.1066 0.2950
vn 0.0860 0.9959 0.0267
vn 0.0860 -0.9959 0.0267
vn 0.5291 -0.7976 0.2896
vn 0.7588 0.5017 0.4154
vn 0.3876 -0.8971 0.2122
vn 0.8332 0.3127 0.4561
vn 0.2362 -0.9631 0.1293
vn 0.8722 0.1063 0.4775
vn 0.0793 0.9959 0.0434
vn 0.0793 -0.9959 0.0434
vn 0.8722 -0.1063 0.4775
vn 0.2361 0.9631 0.1293
vn 0.8332 -0.3127 0.4561
vn 0.3876 0.8971 0.2122
vn 0.7588 -0.5017 0.4154
vn 0.5291 0.7976 0.2896
vn 0.6551 -0.6651 0.3586
vn 0.6551 0.6651 0.3586
vn 0.2069 0.9628 0.1739
vn 0.7274 -0.3115 0.6114
vn 0.3394 0.8963 0.2853
vn 0.6629 -0.5001 0.5572
vn 0.4630 0.7963 0.3892
vn 0.5728 -0.6635 0.4814
vn 0.5728 0.6635 0.4814
vn 0.4630 -0.7963 0.3892
vn 0.6629 0.5001 0.5572
vn 0.3394 -0.8963 0.2853
vn 0.7274 0.3115 0.6114
vn 0.2069 -0.9628 0.1739
vn 0.7612 0.1058 0.6398
vn 0.0695 0.9959 0.0584
vn 0.0695 -0.9959 0.0584
vn 0.7612 -0.1058 0.6398
vn 0.5421 0.4984 0.6765
vn 0.2783 -0.8955 0.3473
vn 0.5945 0.3102 0.7419
vn 0.1698 -0.9624 0.2118
vn 0.6219 0.1053 0.7760
vn 0.0570 0.9958 0.0712
vn 0.0570 -0.9958 0.0712
vn 0.6219 -0.1053 0.7760
vn 0.1698 0.9624 0.2118
vn 0.5945 -0.3102 0.7419
vn 0.2783 0.8955 0.3473
vn 0.5421 -0.4984 0.6765
vn 0.3794 0.7950 0.4734
vn 0.4688 -0.6617 0.5851
vn 0.4688 0.6617 0.5851
vn 0.3794 -0.7950 0.4734
vn 0.4401 -0.3090 0.8431
vn 0.2066 0.8947 0.3959
vn 0.4016 -0.4968 0.7694
vn 0.2814 0.7937 0.5392
vn 0.3475 -0.6601 0.6659
vn 0.3475 0.6601 0.6659
vn 0.2814 -0.7937 0.5392
vn 0.4016 0.4968 0.7694
vn 0.2066 -0.8947 0.3959
vn 0.4401 0.3090 0.8431
vn 0.1261 -0.9621 0.2416
vn 0.4601 0.1049 0.8816
vn 0.0424 0.9958 0.0812
vn 0.0424 -0.9958 0.0812
vn 0.4601 -0.1049 0.8816
vn 0.1261 0.9621 0.2416
vn 0.1272 -0.8942 0.4293
vn 0.2702 0.3081 0.9122
vn 0.0776 -0.9619 0.2621
vn 0.2824 0.1046 0.9536
vn 0.0261 0.9958 0.0881
vn 0.0261 -0.9958 0.0881
vn 0.2824 -0.1046 0.9536
vn 0.0776 0.9619 0.2621
vn 0.2702 -0.3081 0.9122
vn 0.1272 0.8942 0.4293
vn 0.2467 -0.4956 0.8328
vn 0.1731 0.7928 0.5844
vn 0.2136 -0.6589 0.7212
vn 0.2136 0.6589 0.7212
vn 0.1731 -0.7928 0.5844
vn 0.2467 0.4956 0.8328
vn 0.0832 -0.4949 0.8649
vn 0.0584 0.7923 0.6074
vn 0.0721 -0.6583 0.7493
vn 0.0721 0.6583 0.7493
vn 0.0584 -0.7923 0.6074
vn 0.0832 0.4949 0.8649
vn 0.0429 -0.8938 0.4463
vn 0.0911 0.3076 0.9472
vn 0.0262 -0.9618 0.2725
vn 0.0952 0.1044 0.9900
vn 0.0088 0.9958 0.0916
vn 0.0088 -0.9958 0.0916
vn 0.0952 -0.1044 0.9900
vn 0.0262 0.9618 0.2725
vn 0.0911 -0.3076 0.9472
vn 0.0429 0.8938 0.4463
vn -0.0262 -0.9618 0.2725
vn -0.0952 0.1044 0.9900
vn -0.0088 0.9958 0.0916
vn -0.0088 -0.9958 0.0916
vn -0.0952 -0.1044 0.9900
vn -0.0262 0.9618 0.2725
vn -0.0911 -0.3076 0.9472
vn -0.0429 0.8938 0.4463
vn -0.0832 -0.4949 0.8649
vn -0.0584 0.7923 0.6074
vn -0.0721 -0.6583 0.7493
vn -0.0721 0.6583 0.7493
vn -0.0584 -0.7923 0.6074
vn -0.0832 0.4949 0.8649
vn -0.0429 -0.8938 0.4463
vn -0.0911 0.3076 0.9472
vn -0.1731 0.7928 0.5844
vn -0.2136 -0.6589 0.7212
vn -0.2136 0.6589 0.7212
vn -0.1731 -0.7928 0.5844
vn -0.2467 0.4956 0.8328
vn -0.1272 -0.8942 0.4293
vn -0.2702 0.3081 0.9122
vn -0.0776 -0.9619 0.2621
vn -0.2824 0.1046 0.9536
vn -0.0261 0.9958 0.0881
vn -0.0261 -0.9958 0.0881
vn -0.2824 -0.1046 0.9536
vn -0.0776 0.9619 0.2621
vn -0.2702 -0.3081 0.9122
vn -0.1272 0.8942 0.4293
vn -0.2467 -0.4956 0.8328
vn -0.4601 0.1049 0.8816
vn -0.0424 0.9958 0.0812
vn -0.0424 -0.9958 0.0812
vn -0.4601 -0.1049 0.8816
vn -0.1261 0.9621 0.2416
vn -0.4401 -0.3090 0.8431
vn -0.2066 0.8947 0.3959
vn -0.4016 -0.4968 0.7694
vn -0.2814 0.7937 0.5392
vn -0.3475 -0.6601 0.6659
vn -0.3475 0.6601 0.6659
vn -0.2814 -0.7937 0.5392
vn -0.4016 0.4968 0.7694
vn -0.2066 -0.8947 0.3959
vn -0.4401 0.3090 0.8431
vn -0.1261 -0.9621 0.2416
vn -0.4688 -0.6617 0.5851
vn -0.4688 0.6617 0.5851
vn -0.3793 -0.7950 0.4734
vn -0.5421 0.4984 0.6765
vn -0.2783 -0.8955 0.3473
vn -0.5945 0.3102 0.7419
vn -0.1698 -0.9624 0.2118
vn -0.6219 0.1053 0.7760
vn -0.0570 0.9958 0.0712
vn -0.0570 -0.9958 0.0712
vn -0.6219 -0.1053 0.7760
vn -0.1698 0.9624 0.2118
vn -0.5945 -0.3102 0.7419
vn -0.2783 0.8955 0.3473
vn -0.5421 -0.4984 0.6765
vn -0.3793 0.7950 0.4734
vn -0.0695 0.9959 0.0584
vn -0.0695 -0.9959 0.0584
vn -0.7612 -0.1058 0.6398
vn -0.2069 0.9628 0.1739
vn -0.7274 -0.3115 0.6114
vn -0.3394 0.8963 0.2853
vn -0.6629 -0.5001 0.5572
vn -0.4630 0.7963 0.3892
vn -0.5728 -0.6635 0.4814
vn -0.5728 0.6635 0.4814
vn -0.4630 -0.7963 0.3892
vn -0.6629 0.5001 0.5572
vn -0.3394 -0.8963 0.2853
vn -0.7274 0.3115 0.6114
vn -0.2069 -0.9628 0.1739
vn -0.7612 0.1058 0.6398
vn -0.6551 0.6651 0.3586
vn -0.5291 -0.7976 0.2896
vn -0.7588 0.5017 0.4154
vn -0.3876 -0.8971 0.2122
vn -0.8332 0.3127 0.4561
vn -0.2362 -0.9631 0.1293
vn -0.8722 0.1063 0.4775
vn -0.0793 0.9959 0.0434
vn -0.0793 -0.9959 0.0434
vn -0.8722 -0.1063 0.4775
vn -0.2361 0.9631 0.1293
vn -0.8332 -0.3127 0.4561
vn -0.3876 0.8971 0.2122
vn -0.7588 -0.5017 0.4154
vn -0.5291 0.7976 0.2896
vn -0.6551 -0.6651 0.3586
vn -0.9495 -0.1066 0.2950
vn -0.2563 0.9633 0.0796
vn -0.9068 -0.3136 0.2817
vn -0.4208 0.8977 0.1307
vn -0.8254 -0.5030 0.2564
vn -0.5748 0.7986 0.1786
vn -0.7121 -0.6663 0.2212
vn -0.7121 0.6663 0.2212
vn -0.5748 -0.7986 0.1786
vn -0.8254 0.5030 0.2564
vn -0.4208 -0.8977 0.1307
vn -0.9068 0.3136 0.2817
vn -0.2563 -0.9633 0.0796
vn -0.9495 0.1066 0.2950
vn -0.0860 0.9959 0.0267
vn -0.0860 -0.9959 0.0267
vn -0.5982 -0.7991 0.0603
vn -0.8595 0.5037 0.0867
vn -0.4378 -0.8980 0.0442
vn -0.9446 0.3141 0.0953
vn -0.2666 -0.9634 0.0269
vn -0.9893 0.1068 0.0998
vn -0.0895 0.9959 0.0090
vn -0.0895 -0.9959 0.0090
vn -0.9893 -0.1068 0.0998
vn -0.2666 0.9634 0.0269
vn -0.9446 -0.3141 0.0953
vn -0.4378 0.8980 0.0442
vn -0.8595 -0.5037 0.0867
vn -0.5982 0.7991 0.0603
vn -0.7413 -0.6670 0.0748
vn -0.7413 0.6670 0.0748
vn -0.9446 -0.3141 -0.0953
vn -0.4378 0.8980 -0.0442
vn -0.8595 -0.5037 -0.0867
vn -0.5982 0.7991 -0.0603
vn -0.7413 -0.6670 -0.0748
vn -0.7413 0.6670 -0.0748
vn -0.5982 -0.7991 -0.0603
vn -0.8595 0.5037 -0.0867
vn -0.4378 -0.8980 -0.0442
vn -0.9446 0.3141 -0.0953
vn -0.2666 -0.9634 -0.0269
vn -0.9893 0.1068 -0.0998
vn -0.0895 0.9959 -0.0090
vn -0.0895 -0.9959 -0.0090
vn -0.9893 -0.1068 -0.0998
vn -0.2666 0.9634 -0.0269
vn -0.4208 -0.8977 -0.1307
vn -0.9068 0.3136 -0.2817
vn -0.2563 -0.9633 -0.0796
vn -0.9495 0.1066 -0.2950
vn -0.0860 0.9959 -0.0267
vn -0.0860 -0.9959 -0.0267
vn -0.9495 -0.1066 -0.2950
vn -0.2563 0.9633 -0.0796
vn -0.9068 -0.3136 -0.2817
vn -0.4208 0.8977 -0.1307
vn -0.8254 -0.5030 -0.2564
vn -0.5748 0.7986 -0.1786
vn -0.7121 -0.6663 -0.2212
vn -0.7121 0.6663 -0.2212
vn -0.5748 -0.7986 -0.1786
vn -0.8254 0.5030 -0.2564
vn -0.3876 0.8971 -0.2122
vn -0.7588 -0.5017 -0.4154
vn -0.5291 0.7976 -0.2896
vn -0.6551 -0.6651 -0.3586
vn -0.6551 0.6651 -0.3586
vn -0.5291 -0.7976 -0.2896
vn -0.7588 0.5017 -0.4154
vn -0.3876 -0.8971 -0.2122
vn -0.8332 0.3127 -0.4561
vn -0.2362 -0.9631 -0.1293
vn -0.8722 0.1063 -0.4775
vn -0.0793 0.9959 -0.0434
vn -0.0793 -0.9959 -0.0434
vn -0.8722 -0.1063 -0.4775
vn -0.2361 0.9631 -0.1293
vn -0.8332 -0.3127 -0.4561
vn -0.7274 0.3115 -0.6114
vn -0.2069 -0.9628 -0.1739
vn -0.7612 0.1058 -0.6398
vn -0.0695 0.9959 -0.0584
vn -0.0695 -0.9959 -0.0584
vn -0.7612 -0.1058 -0.6398
vn -0.2069 0.9628 -0.1739
vn -0.7274 -0.3115 -0.6114
vn -0.3394 0.8963 -0.2853
vn -0.6629 -0.5001 -0.5572
vn -0.4630 0.7963 -0.3892
vn -0.5728 -0.6635 -0.4814
vn -0.5728 0.6635 -0.4814
vn -0.4630 -0.7963 -0.3892
vn -0.6629 0.5001 -0.5572
vn -0.3394 -0.8963 -0.2853
vn -0.5421 -0.4984 -0.6765
vn -0.3793 0.7950 -0.4734
vn -0.4688 -0.6617 -0.5851
vn -0.4688 0.6617 -0.5851
vn -0.3793 -0.7950 -0.4734
vn -0.5421 0.4984 -0.6765
vn -0.2783 -0.8955 -0.3473
vn -0.5945 0.3102 -0.7419
vn -0.1698 -0.9624 -0.2118
vn -0.6219 0.1053 -0.7760
vn -0.0570 0.9958 -0.0712
vn -0.0570 -0.9958 -0.0712
vn -0.6219 -0.1053 -0.7760
vn -0.1698 0.9624 -0.2118
vn -0.5945 -0.3102 -0.7419
vn -0.2783 0.8955 -0.3473
vn -0.1261 -0.9621 -0.2416
vn -0.4601 0.1049 -0.8816
vn -0.0424 0.9958 -0.0812
vn -0.0424 -0.9958 -0.0812
vn -0.4601 -0.1049 -0.8816
vn -0.1261 0.9621 -0.2416
vn -0.4400 -0.3090 -0.8431
vn -0.2066 0.8947 -0.3959
vn -0.4016 -0.4968 -0.7694
vn -0.2814 0.7937 -0.5392
vn -0.3475 -0.6601 -0.6659
vn -0.3475 0.6601 -0.6659
vn -0.2814 -0.7937 -0.5392
vn -0.4016 0.4968 -0.7694
vn -0.2066 -0.8947 -0.3959
vn -0.4401 0.3090 -0.8431
vn -0.1731 0.7928 -0.5844
vn -0.2136 -0.6589 -0.7212
vn -0.2136 0.6589 -0.7212
vn -0.1731 -0.7928 -0.5844
vn -0.2467 0.4956 -0.8328
vn -0.1272 -0.8942 -0.4293
vn -0.2702 0.3081 -0.9122
vn -0.0776 -0.9619 -0.2621
vn -0.2824 0.1046 -0.9536
vn -0.0261 0.9958 -0.0881
vn -0.0261 -0.9958 -0.0881
vn -0.2824 -0.1046 -0.9536
vn -0.0776 0.9619 -0.2621
vn -0.2702 -0.3081 -0.9122
vn -0.1272 0.8942 -0.4293
vn -0.2467 -0.4956 -0.8328
vn -0.0952 0.1044 -0.9900
vn -0.0088 0.9958 -0.0916
vn -0.0088 -0.9958 -0.0916
vn -0.0952 -0.1044 -0.9900
vn -0.0262 0.9618 -0.2725
vn -0.0911 -0.3076 -0.9472
vn -0.0429 0.8938 -0.4463
vn -0.0832 -0.4949 -0.8650
vn -0.0584 0.7923 -0.6074
vn -0.0721 -0.6583 -0.7493
vn -0.0721 0.6583 -0.7493
vn -0.0584 -0.7923 -0.6074
vn -0.0832 0.4949 -0.8649
vn -0.0429 -0.8938 -0.4463
vn -0.0911 0.3076 -0.9472
vn -0.0262 -0.9618 -0.2725
vn 0.0832 -0.4949 -0.8649
vn 0.0832 0.4949 -0.8650
vn 0.4400 0.3090 -0.8431
vn 0.1697 0.9624 -0.2118
vn 0.3794 -0.7950 -0.4734
vn 0.2361 -0.9631 -0.1293
vn 0.2362 0.9631 -0.1293
vn 0.2361 -0.9631 0.1293
vn 0.2362 0.9631 0.1293
vn 0.3793 0.7950 0.4734
vn 0.3793 -0.7950 0.4734
vn 0.4400 -0.3090 0.8431
vn -0.3794 -0.7950 0.4734
vn -0.2361 -0.9631 0.1293
vn -0.2362 0.9631 0.1293
vn -0.2361 -0.9631 -0.1293
vn -0.4401 -0.3090 -0.8431
vn -0.4400 0.3090 -0.8431
vn -0.0832 -0.4949 -0.8649
vn -0.0832 0.4949 -0.8650
vt 0.366974 0.466217
vt 0.396985 0.437790
vt 0.400906 0.445427
vt 0.243177 0.501919
vt 0.225857 0.484443
vt 0.242717 0.484617
vt 0.078840 0.451136
vt 0.038977 0.427666
vt 0.082639 0.442950
vt 0.437904 0.421605
vt 0.259547 0.483767
vt 0.261136 0.500912
vt 0.115037 0.471517
vt 0.119993 0.460266
vt 0.276730 0.481817
vt 0.279438 0.498479
vt 0.142540 0.483925
vt 0.147280 0.470355
vt 0.294723 0.478571
vt 0.298433 0.494399
vt 0.165868 0.491957
vt 0.170064 0.476738
vt 0.314232 0.473703
vt 0.318846 0.488332
vt 0.187130 0.497050
vt 0.190070 0.480843
vt 0.335933 0.466520
vt 0.341029 0.479487
vt 0.206498 0.500276
vt 0.208397 0.483332
vt 0.361670 0.455558
vt 0.225078 0.501841
vt 0.357378 0.444876
vt 0.209887 0.467291
vt 0.226348 0.468218
vt 0.393134 0.430233
vt 0.242327 0.468315
vt 0.043379 0.419456
vt 0.086453 0.434880
vt 0.433615 0.414366
vt 0.258260 0.467616
vt 0.124268 0.449130
vt 0.274570 0.466049
vt 0.151199 0.457197
vt 0.291729 0.463459
vt 0.173224 0.462230
vt 0.310576 0.459606
vt 0.192387 0.465413
vt 0.331816 0.453832
vt 0.127806 0.438018
vt 0.154287 0.444353
vt 0.289494 0.448997
vt 0.175714 0.448223
vt 0.307450 0.445887
vt 0.194129 0.450671
vt 0.328562 0.441389
vt 0.211047 0.452041
vt 0.353939 0.434217
vt 0.226702 0.452766
vt 0.389911 0.422535
vt 0.241984 0.452812
vt 0.044109 0.417874
vt 0.088949 0.426335
vt 0.430789 0.409945
vt 0.257225 0.452247
vt 0.272866 0.451012
vt 0.211773 0.437480
vt 0.227004 0.437895
vt 0.387945 0.414455
vt 0.241683 0.437917
vt 0.047215 0.408431
vt 0.091631 0.417891
vt 0.430151 0.408463
vt 0.256398 0.437462
vt 0.130572 0.426955
vt 0.271490 0.436501
vt 0.156628 0.431783
vt 0.287684 0.434954
vt 0.177661 0.434608
vt 0.305279 0.432555
vt 0.195482 0.436435
vt 0.325848 0.429150
vt 0.351205 0.423565
vt 0.286260 0.421243
vt 0.158450 0.419382
vt 0.178906 0.421343
vt 0.303605 0.419473
vt 0.196544 0.422565
vt 0.323814 0.417030
vt 0.212353 0.423275
vt 0.349169 0.412896
vt 0.227099 0.423578
vt 0.386539 0.406214
vt 0.241448 0.423472
vt 0.049563 0.402892
vt 0.093743 0.409438
vt 0.429278 0.403164
vt 0.255769 0.423131
vt 0.132296 0.415956
vt 0.270515 0.422423
vt 0.385670 0.397848
vt 0.227174 0.409518
vt 0.241239 0.409371
vt 0.051362 0.397159
vt 0.095320 0.400975
vt 0.428786 0.397597
vt 0.255292 0.409113
vt 0.133741 0.405076
vt 0.269785 0.408616
vt 0.159595 0.407145
vt 0.285259 0.407799
vt 0.179897 0.408286
vt 0.302436 0.406586
vt 0.197084 0.409037
vt 0.322356 0.404985
vt 0.212660 0.409421
vt 0.347782 0.402207
vt 0.301598 0.393806
vt 0.180236 0.395425
vt 0.197435 0.395665
vt 0.321722 0.392977
vt 0.212775 0.395760
vt 0.347013 0.391488
vt 0.227135 0.395682
vt 0.385319 0.389382
vt 0.241042 0.395487
vt 0.051586 0.395384
vt 0.095574 0.392377
vt 0.428684 0.391823
vt 0.254943 0.395296
vt 0.134653 0.394214
vt 0.269289 0.394983
vt 0.160227 0.395034
vt 0.284610 0.394492
vt 0.052006 0.385253
vt 0.096128 0.383783
vt 0.428969 0.385899
vt 0.385473 0.380840
vt 0.254710 0.381570
vt 0.134945 0.383349
vt 0.269017 0.381428
vt 0.160366 0.383002
vt 0.284307 0.381247
vt 0.180347 0.382644
vt 0.301318 0.381039
vt 0.197322 0.382419
vt 0.321333 0.381006
vt 0.212672 0.382192
vt 0.346818 0.380742
vt 0.226991 0.381949
vt 0.240852 0.381704
vt 0.197028 0.369151
vt 0.301438 0.368253
vt 0.321452 0.368971
vt 0.212376 0.368629
vt 0.347189 0.369950
vt 0.226744 0.368213
vt 0.386125 0.372244
vt 0.240663 0.367912
vt 0.051901 0.383496
vt 0.095342 0.375190
vt 0.429653 0.379866
vt 0.254585 0.367831
vt 0.134389 0.372513
vt 0.268960 0.367857
vt 0.159799 0.370996
vt 0.284326 0.367977
vt 0.179991 0.369876
vt 0.240472 0.354002
vt 0.254567 0.353975
vt 0.133229 0.361733
vt 0.269118 0.354173
vt 0.158989 0.358931
vt 0.284659 0.354603
vt 0.179082 0.357023
vt 0.301999 0.355380
vt 0.196395 0.355797
vt 0.322195 0.356876
vt 0.211860 0.354959
vt 0.347735 0.359070
vt 0.226385 0.354363
vt 0.387272 0.363613
vt 0.051207 0.373238
vt 0.094881 0.366584
vt 0.430728 0.373781
vt 0.303040 0.342366
vt 0.323345 0.344676
vt 0.211089 0.341079
vt 0.349303 0.348135
vt 0.225903 0.340293
vt 0.388108 0.354913
vt 0.240276 0.339863
vt 0.050984 0.367247
vt 0.093917 0.358073
vt 0.432069 0.363529
vt 0.254659 0.339891
vt 0.131833 0.350943
vt 0.269499 0.340276
vt 0.157527 0.346774
vt 0.285304 0.341048
vt 0.177934 0.344026
vt 0.195282 0.342265
vt 0.129781 0.340150
vt 0.254870 0.325458
vt 0.270141 0.326039
vt 0.155482 0.334518
vt 0.286433 0.327184
vt 0.176112 0.330841
vt 0.304255 0.329142
vt 0.193906 0.328486
vt 0.325364 0.332311
vt 0.210072 0.326911
vt 0.351455 0.337180
vt 0.225285 0.325891
vt 0.389490 0.346368
vt 0.240068 0.325375
vt 0.050397 0.361512
vt 0.092421 0.349689
vt 0.432393 0.357690
vt 0.208751 0.312310
vt 0.327749 0.319757
vt 0.354202 0.326200
vt 0.224504 0.311020
vt 0.392191 0.338128
vt 0.239842 0.310400
vt 0.049427 0.356091
vt 0.090360 0.341463
vt 0.432874 0.356025
vt 0.255206 0.310546
vt 0.127029 0.329350
vt 0.271040 0.311359
vt 0.152786 0.322121
vt 0.287863 0.312917
vt 0.173761 0.317399
vt 0.306343 0.315509
vt 0.192073 0.314341
vt 0.255689 0.294993
vt 0.272254 0.296073
vt 0.149342 0.309543
vt 0.289791 0.298119
vt 0.170768 0.303610
vt 0.308990 0.301481
vt 0.189728 0.299720
vt 0.330902 0.306922
vt 0.207071 0.297144
vt 0.357702 0.315147
vt 0.223527 0.295527
vt 0.395491 0.329970
vt 0.239590 0.294778
vt 0.048072 0.351045
vt 0.087695 0.333435
vt 0.435461 0.350884
vt 0.123513 0.318543
vt 0.334909 0.293777
vt 0.362115 0.304044
vt 0.222308 0.279227
vt 0.398719 0.321701
vt 0.239303 0.278318
vt 0.046339 0.346450
vt 0.084381 0.325653
vt 0.439285 0.342303
vt 0.256344 0.278615
vt 0.119153 0.307740
vt 0.273845 0.280020
vt 0.145024 0.296749
vt 0.292289 0.282655
vt 0.166992 0.289378
vt 0.312345 0.286951
vt 0.186791 0.284510
vt 0.204952 0.281250
vt 0.275899 0.262996
vt 0.295480 0.266362
vt 0.162481 0.274658
vt 0.316568 0.271809
vt 0.182951 0.268453
vt 0.339901 0.280284
vt 0.202268 0.264402
vt 0.367407 0.292946
vt 0.220789 0.261893
vt 0.403232 0.314029
vt 0.238973 0.260786
vt 0.045376 0.345289
vt 0.079826 0.318455
vt 0.440122 0.340889
vt 0.257213 0.261187
vt 0.113586 0.297102
vt 0.139807 0.283752
vt 0.408448 0.306637
vt 0.218893 0.243261
vt 0.238586 0.241893
vt 0.042058 0.341869
vt 0.074561 0.311567
vt 0.443547 0.336942
vt 0.258353 0.242424
vt 0.106938 0.286562
vt 0.278538 0.244751
vt 0.133332 0.270431
vt 0.299534 0.249044
vt 0.156634 0.259233
vt 0.321866 0.255931
vt 0.178313 0.251530
vt 0.346068 0.266415
vt 0.198929 0.246422
vt 0.373826 0.281872
vt 0.125239 0.256741
vt 0.149394 0.243045
vt 0.328513 0.239187
vt 0.172447 0.233419
vt 0.353646 0.252164
vt 0.194708 0.226968
vt 0.381537 0.270902
vt 0.216503 0.222966
vt 0.414401 0.299629
vt 0.238126 0.221256
vt 0.036861 0.336544
vt 0.068994 0.304722
vt 0.447178 0.333503
vt 0.259845 0.221960
vt 0.099246 0.276085
vt 0.281932 0.224968
vt 0.304692 0.230463
vt 0.213460 0.200540
vt 0.237570 0.198375
vt 0.035715 0.335849
vt 0.062317 0.298853
vt 0.450904 0.330657
vt 0.421121 0.293132
vt 0.261809 0.199316
vt 0.089928 0.266085
vt 0.286326 0.203238
vt 0.115564 0.242935
vt 0.311292 0.210325
vt 0.140406 0.226047
vt 0.336898 0.221423
vt 0.165018 0.213890
vt 0.363142 0.237452
vt 0.189328 0.205663
vt 0.390444 0.260068
vt 0.347484 0.202581
vt 0.129115 0.208110
vt 0.155518 0.192628
vt 0.374586 0.222616
vt 0.182387 0.182008
vt 0.401416 0.249777
vt 0.209530 0.175357
vt 0.428369 0.286899
vt 0.236887 0.172572
vt 0.032172 0.334206
vt 0.054880 0.293673
vt 0.456538 0.326992
vt 0.264419 0.173845
vt 0.078979 0.256633
vt 0.292078 0.179031
vt 0.103717 0.229032
vt 0.319811 0.188291
vt 0.028809 0.333215
vt 0.046706 0.289364
vt 0.457590 0.326445
vt 0.436603 0.281978
vt 0.267940 0.144655
vt 0.066391 0.247976
vt 0.299723 0.151624
vt 0.088960 0.215121
vt 0.330958 0.163911
vt 0.114780 0.189164
vt 0.361045 0.182489
vt 0.143217 0.169254
vt 0.389001 0.207531
vt 0.173291 0.155341
vt 0.413935 0.240187
vt 0.204368 0.146556
vt 0.236034 0.142913
vt 0.096461 0.169329
vt 0.127052 0.143367
vt 0.406507 0.192943
vt 0.161137 0.124754
vt 0.428840 0.231918
vt 0.197461 0.112922
vt 0.445607 0.278118
vt 0.234944 0.108088
vt 0.024296 0.332756
vt 0.037855 0.285838
vt 0.460798 0.325982
vt 0.272767 0.110477
vt 0.051632 0.240669
vt 0.310085 0.120019
vt 0.070873 0.201698
vt 0.345768 0.136681
vt 0.378515 0.161226
vt 0.279462 0.069443
vt 0.028375 0.283767
vt 0.034595 0.235367
vt 0.324516 0.082692
vt 0.049108 0.189777
vt 0.365826 0.106019
vt 0.072785 0.148937
vt 0.401464 0.138856
vt 0.105430 0.114601
vt 0.428205 0.179451
vt 0.144455 0.088896
vt 0.446160 0.225439
vt 0.188063 0.072674
vt 0.455351 0.275400
vt 0.233519 0.066311
vt 0.022550 0.333161
vt 0.464346 0.326466
vt 0.455427 0.168167
vt 0.076082 0.083096
vt 0.120428 0.045172
vt 0.465588 0.221732
vt 0.175245 0.023090
vt 0.465588 0.274435
vt 0.231623 0.015584
vt 0.021696 0.334067
vt 0.018482 0.283428
vt 0.465389 0.327138
vt 0.288662 0.018707
vt 0.015459 0.232776
vt 0.345611 0.036749
vt 0.022696 0.180612
vt 0.393407 0.071788
vt 0.041383 0.128480
vt 0.432412 0.115603
vt 0.360652 0.710068
vt 0.295434 0.687005
vt 0.337462 0.670085
vt 0.019029 0.544241
vt 0.056628 0.585497
vt 0.029609 0.597833
vt 0.404478 0.675735
vt 0.374920 0.644412
vt 0.084942 0.624767
vt 0.055911 0.648106
vt 0.435961 0.630402
vt 0.406583 0.611366
vt 0.119829 0.656241
vt 0.093983 0.690193
vt 0.456288 0.580532
vt 0.429821 0.571259
vt 0.160563 0.678254
vt 0.141163 0.720496
vt 0.461672 0.529405
vt 0.443298 0.527205
vt 0.204376 0.691218
vt 0.193833 0.741180
vt 0.458589 0.480958
vt 0.449123 0.480671
vt 0.250206 0.694285
vt 0.252747 0.748224
vt 0.018243 0.491872
vt 0.017916 0.440284
vt 0.028253 0.490827
vt 0.455324 0.432524
vt 0.310587 0.735536
vt 0.038258 0.540302
vt 0.408325 0.559615
vt 0.427017 0.522114
vt 0.211000 0.650716
vt 0.440142 0.478881
vt 0.248356 0.652479
vt 0.019622 0.441055
vt 0.037752 0.488204
vt 0.453763 0.433959
vt 0.285313 0.647538
vt 0.055047 0.533525
vt 0.320806 0.635719
vt 0.078138 0.571470
vt 0.354036 0.616973
vt 0.106686 0.602443
vt 0.383276 0.591437
vt 0.139102 0.625724
vt 0.174283 0.641879
vt 0.095023 0.556795
vt 0.308583 0.605851
vt 0.337928 0.591726
vt 0.123398 0.581147
vt 0.365481 0.572266
vt 0.153248 0.598776
vt 0.390863 0.546753
vt 0.184134 0.610711
vt 0.412722 0.514962
vt 0.215501 0.616998
vt 0.431685 0.475539
vt 0.246942 0.618121
vt 0.020495 0.441003
vt 0.046588 0.483955
vt 0.452960 0.434071
vt 0.278099 0.614519
vt 0.069833 0.524971
vt 0.218696 0.588200
vt 0.400399 0.506463
vt 0.423965 0.471044
vt 0.245832 0.588944
vt 0.022902 0.440471
vt 0.054580 0.478528
vt 0.450753 0.433906
vt 0.272757 0.586226
vt 0.082276 0.515183
vt 0.299429 0.579701
vt 0.108938 0.541698
vt 0.325730 0.568924
vt 0.136396 0.561044
vt 0.351478 0.553785
vt 0.163880 0.574632
vt 0.376614 0.533304
vt 0.191359 0.583598
vt 0.292453 0.556451
vt 0.316307 0.548105
vt 0.146572 0.542182
vt 0.340387 0.536172
vt 0.172004 0.552775
vt 0.364958 0.519668
vt 0.196763 0.559618
vt 0.389862 0.497070
vt 0.221028 0.563057
vt 0.417031 0.465619
vt 0.244946 0.563555
vt 0.028178 0.438176
vt 0.061913 0.472634
vt 0.448177 0.432958
vt 0.268700 0.561459
vt 0.092699 0.504701
vt 0.120189 0.526740
vt 0.380907 0.487098
vt 0.410891 0.459446
vt 0.244230 0.541014
vt 0.031884 0.436121
vt 0.068431 0.466109
vt 0.445450 0.431212
vt 0.265565 0.539374
vt 0.101401 0.493807
vt 0.287059 0.535477
vt 0.129370 0.512068
vt 0.308919 0.528918
vt 0.154575 0.524473
vt 0.331542 0.519429
vt 0.178300 0.532784
vt 0.355400 0.506080
vt 0.200863 0.538084
vt 0.222761 0.540685
vt 0.160832 0.507826
vt 0.303032 0.511060
vt 0.324465 0.503500
vt 0.183266 0.514292
vt 0.347538 0.492668
vt 0.203979 0.518492
vt 0.373337 0.476764
vt 0.224064 0.520451
vt 0.405528 0.452676
vt 0.243647 0.520648
vt 0.032924 0.435147
vt 0.073767 0.458626
vt 0.442744 0.428700
vt 0.263109 0.519359
vt 0.109055 0.482760
vt 0.282862 0.516320
vt 0.136694 0.497858
vt 0.038097 0.428998
vt 0.440196 0.425477
s 0
usemtl マテリアル
f 481/1/1 21/2/1 482/3/1
f 4/4/2 13/5/2 14/6/2
f 474/7/3 82/8/3 7/9/3
f 308/10/4 482/3/4 21/2/4
f 4/4/5 15/11/5 5/12/5
f 475/13/6 7/9/6 8/14/6
f 5/12/7 16/15/7 478/16/7
f 1/17/8 8/14/8 9/18/8
f 478/16/9 17/19/9 6/20/9
f 476/21/10 9/18/10 10/22/10
f 6/20/11 18/23/11 479/24/11
f 2/25/12 10/22/12 11/26/12
f 479/24/13 19/27/13 480/28/13
f 477/29/14 11/26/14 12/30/14
f 480/28/15 20/31/15 481/1/15
f 3/32/16 12/30/16 13/5/16
f 19/27/17 35/33/17 20/31/17
f 13/5/18 27/34/18 28/35/18
f 20/31/19 36/36/19 21/2/19
f 14/6/20 28/35/20 29/37/20
f 7/9/21 82/38/21 22/39/21
f 308/40/22 21/2/22 36/36/22
f 14/6/23 30/41/23 15/11/23
f 8/14/24 22/39/24 23/42/24
f 15/11/25 31/43/25 16/15/25
f 9/18/26 23/42/26 24/44/26
f 16/15/27 32/45/27 17/19/27
f 10/22/28 24/44/28 25/46/28
f 17/19/29 33/47/29 18/23/29
f 11/26/30 25/46/30 26/48/30
f 18/23/31 34/49/31 19/27/31
f 12/30/32 26/48/32 27/34/32
f 24/44/33 38/50/33 39/51/33
f 31/43/34 47/52/34 32/45/34
f 25/46/35 39/51/35 40/53/35
f 32/45/36 48/54/36 33/47/36
f 26/48/37 40/53/37 41/55/37
f 33/47/38 49/56/38 34/49/38
f 27/34/39 41/55/39 42/57/39
f 34/49/40 50/58/40 35/33/40
f 28/35/41 42/57/41 43/59/41
f 35/33/42 51/60/42 36/36/42
f 29/37/43 43/59/43 44/61/43
f 22/39/44 82/62/44 37/63/44
f 308/64/45 36/36/45 51/60/45
f 29/37/46 45/65/46 30/41/46
f 23/42/47 37/63/47 38/50/47
f 30/41/48 46/66/48 31/43/48
f 43/59/49 57/67/49 58/68/49
f 50/58/50 66/69/50 51/60/50
f 44/61/51 58/68/51 59/70/51
f 37/63/52 82/71/52 52/72/52
f 308/73/53 51/60/53 66/69/53
f 44/61/54 60/74/54 45/65/54
f 38/50/55 52/72/55 53/75/55
f 45/65/56 61/76/56 46/66/56
f 39/51/57 53/75/57 54/77/57
f 46/66/58 62/78/58 47/52/58
f 40/53/59 54/77/59 55/79/59
f 47/52/60 63/80/60 48/54/60
f 41/55/61 55/79/61 56/81/61
f 48/54/62 64/82/62 49/56/62
f 42/57/63 56/81/63 57/67/63
f 49/56/64 65/83/64 50/58/64
f 61/76/65 77/84/65 62/78/65
f 55/79/66 69/85/66 70/86/66
f 62/78/67 78/87/67 63/80/67
f 56/81/68 70/86/68 71/88/68
f 63/80/69 79/89/69 64/82/69
f 57/67/70 71/88/70 72/90/70
f 64/82/71 80/91/71 65/83/71
f 58/68/72 72/90/72 73/92/72
f 65/83/73 81/93/73 66/69/73
f 59/70/74 73/92/74 74/94/74
f 52/72/75 82/95/75 67/96/75
f 308/97/76 66/69/76 81/93/76
f 59/70/77 75/98/77 60/74/77
f 53/75/78 67/96/78 68/99/78
f 60/74/79 76/100/79 61/76/79
f 54/77/80 68/99/80 69/85/80
f 80/91/81 97/101/81 81/93/81
f 74/94/82 89/102/82 90/103/82
f 67/96/83 82/104/83 83/105/83
f 308/106/84 81/93/84 97/101/84
f 74/94/85 91/107/85 75/98/85
f 68/99/86 83/105/86 84/108/86
f 75/98/87 92/109/87 76/100/87
f 69/85/88 84/108/88 85/110/88
f 76/100/89 93/111/89 77/84/89
f 70/86/90 85/110/90 86/112/90
f 77/84/91 94/113/91 78/87/91
f 71/88/92 86/112/92 87/114/92
f 78/87/93 95/115/93 79/89/93
f 72/90/94 87/114/94 88/116/94
f 79/89/95 96/117/95 80/91/95
f 73/92/96 88/116/96 89/102/96
f 93/111/97 109/118/97 94/113/97
f 87/114/98 101/119/98 102/120/98
f 94/113/99 110/121/99 95/115/99
f 88/116/100 102/120/100 103/122/100
f 95/115/101 111/123/101 96/117/101
f 89/102/102 103/122/102 104/124/102
f 96/117/103 112/125/103 97/101/103
f 90/103/104 104/124/104 105/126/104
f 83/105/105 82/127/105 98/128/105
f 308/129/106 97/101/106 112/125/106
f 90/103/107 106/130/107 91/107/107
f 84/108/108 98/128/108 99/131/108
f 91/107/109 107/132/109 92/109/109
f 85/110/110 99/131/110 100/133/110
f 92/109/111 108/134/111 93/111/111
f 86/112/112 100/133/112 101/119/112
f 98/128/113 82/135/113 113/136/113
f 308/137/114 112/125/114 127/138/114
f 105/126/115 121/139/115 106/130/115
f 99/131/116 113/136/116 114/140/116
f 106/130/117 122/141/117 107/132/117
f 100/133/118 114/140/118 115/142/118
f 107/132/119 123/143/119 108/134/119
f 101/119/120 115/142/120 116/144/120
f 108/134/121 124/145/121 109/118/121
f 102/120/122 116/144/122 117/146/122
f 109/118/123 125/147/123 110/121/123
f 103/122/124 117/146/124 118/148/124
f 110/121/125 126/149/125 111/123/125
f 104/124/126 118/148/126 119/150/126
f 111/123/127 127/138/127 112/125/127
f 105/126/128 119/150/128 120/151/128
f 116/144/129 132/152/129 117/146/129
f 125/147/130 139/153/130 140/154/130
f 117/146/131 133/155/131 118/148/131
f 126/149/132 140/154/132 141/156/132
f 118/148/133 134/157/133 119/150/133
f 127/138/134 141/156/134 142/158/134
f 119/150/135 135/159/135 120/151/135
f 113/136/136 82/160/136 128/161/136
f 308/162/137 127/138/137 142/158/137
f 121/139/138 135/159/138 136/163/138
f 113/136/139 129/164/139 114/140/139
f 122/141/140 136/163/140 137/165/140
f 114/140/141 130/166/141 115/142/141
f 123/143/142 137/165/142 138/167/142
f 115/142/143 131/168/143 116/144/143
f 124/145/144 138/167/144 139/153/144
f 136/163/145 150/169/145 151/170/145
f 128/161/146 144/171/146 129/164/146
f 137/165/147 151/170/147 152/172/147
f 129/164/148 145/173/148 130/166/148
f 138/167/149 152/172/149 153/174/149
f 130/166/150 146/175/150 131/168/150
f 139/153/151 153/174/151 154/176/151
f 131/168/152 147/177/152 132/152/152
f 140/154/153 154/176/153 155/178/153
f 132/152/154 148/179/154 133/155/154
f 141/156/155 155/178/155 156/180/155
f 133/155/156 149/181/156 134/157/156
f 142/158/157 156/180/157 157/182/157
f 134/157/158 150/169/158 135/159/158
f 128/161/159 82/183/159 143/184/159
f 308/185/160 142/158/160 157/182/160
f 155/178/161 169/186/161 170/187/161
f 147/177/162 163/188/162 148/179/162
f 156/180/163 170/187/163 171/189/163
f 148/179/164 164/190/164 149/181/164
f 157/182/165 171/189/165 172/191/165
f 149/181/166 165/192/166 150/169/166
f 143/184/167 82/193/167 158/194/167
f 308/195/168 157/182/168 172/191/168
f 151/170/169 165/192/169 166/196/169
f 143/184/170 159/197/170 144/171/170
f 152/172/171 166/196/171 167/198/171
f 144/171/172 160/199/172 145/173/172
f 153/174/173 167/198/173 168/200/173
f 145/173/174 161/201/174 146/175/174
f 154/176/175 168/200/175 169/186/175
f 146/175/176 162/202/176 147/177/176
f 158/194/177 174/203/177 159/197/177
f 167/198/178 181/204/178 182/205/178
f 159/197/179 175/206/179 160/199/179
f 168/200/180 182/205/180 183/207/180
f 160/199/181 176/208/181 161/201/181
f 169/186/182 183/207/182 184/209/182
f 161/201/183 177/210/183 162/202/183
f 170/187/184 184/209/184 185/211/184
f 162/202/185 178/212/185 163/188/185
f 171/189/186 185/211/186 186/213/186
f 163/188/187 179/214/187 164/190/187
f 172/191/188 186/213/188 187/215/188
f 164/190/189 180/216/189 165/192/189
f 158/194/190 82/217/190 173/218/190
f 308/219/191 172/191/191 187/215/191
f 166/196/192 180/216/192 181/204/192
f 177/210/193 193/220/193 178/212/193
f 186/213/194 200/221/194 201/222/194
f 178/212/195 194/223/195 179/214/195
f 187/215/196 201/222/196 202/224/196
f 179/214/197 195/225/197 180/216/197
f 173/218/198 82/226/198 188/227/198
f 308/228/199 187/215/199 202/224/199
f 181/204/200 195/225/200 196/229/200
f 173/218/201 189/230/201 174/203/201
f 182/205/202 196/229/202 197/231/202
f 174/203/203 190/232/203 175/206/203
f 183/207/204 197/231/204 198/233/204
f 175/206/205 191/234/205 176/208/205
f 184/209/206 198/233/206 199/235/206
f 176/208/207 192/236/207 177/210/207
f 185/211/208 199/235/208 200/221/208
f 197/231/209 211/237/209 212/238/209
f 189/230/210 205/239/210 190/232/210
f 198/233/211 212/238/211 213/240/211
f 190/232/212 206/241/212 191/234/212
f 199/235/213 213/240/213 214/242/213
f 191/234/214 207/243/214 192/236/214
f 200/221/215 214/242/215 215/244/215
f 192/236/216 208/245/216 193/220/216
f 201/222/217 215/244/217 216/246/217
f 193/220/218 209/247/218 194/223/218
f 202/224/219 216/246/219 217/248/219
f 194/223/220 210/249/220 195/225/220
f 188/227/221 82/250/221 203/251/221
f 308/252/222 202/224/222 217/248/222
f 196/229/223 210/249/223 211/237/223
f 188/227/224 204/253/224 189/230/224
f 216/246/225 230/254/225 231/255/225
f 208/245/226 224/256/226 209/247/226
f 217/248/227 231/255/227 232/257/227
f 209/247/228 225/258/228 210/249/228
f 203/251/229 82/259/229 218/260/229
f 308/261/230 217/248/230 232/257/230
f 211/237/231 225/258/231 226/262/231
f 203/251/232 219/263/232 204/253/232
f 212/238/233 226/262/233 227/264/233
f 204/253/234 220/265/234 205/239/234
f 213/240/235 227/264/235 228/266/235
f 205/239/236 221/267/236 206/241/236
f 214/242/237 228/266/237 229/268/237
f 206/241/238 222/269/238 207/243/238
f 215/244/239 229/268/239 230/254/239
f 207/243/240 223/270/240 208/245/240
f 228/266/241 242/271/241 243/272/241
f 220/265/242 236/273/242 221/267/242
f 229/268/243 243/272/243 244/274/243
f 221/267/244 237/275/244 222/269/244
f 230/254/245 244/274/245 245/276/245
f 222/269/246 238/277/246 223/270/246
f 231/255/247 245/276/247 246/278/247
f 223/270/248 239/279/248 224/256/248
f 232/257/249 246/278/249 247/280/249
f 224/256/250 240/281/250 225/258/250
f 218/260/251 82/282/251 233/283/251
f 308/284/252 232/257/252 247/280/252
f 226/262/253 240/281/253 241/285/253
f 218/260/254 234/286/254 219/263/254
f 227/264/255 241/285/255 242/271/255
f 219/263/256 235/287/256 220/265/256
f 246/278/257 262/288/257 247/280/257
f 240/281/258 254/289/258 255/290/258
f 233/283/259 82/291/259 248/292/259
f 308/293/260 247/280/260 262/288/260
f 240/281/261 256/294/261 241/285/261
f 234/286/262 248/292/262 249/295/262
f 241/285/263 257/296/263 242/271/263
f 235/287/264 249/295/264 250/297/264
f 242/271/265 258/298/265 243/272/265
f 236/273/266 250/297/266 251/299/266
f 243/272/267 259/300/267 244/274/267
f 237/275/268 251/299/268 252/301/268
f 244/274/269 260/302/269 245/276/269
f 238/277/270 252/301/270 253/303/270
f 245/276/271 261/304/271 246/278/271
f 239/279/272 253/303/272 254/289/272
f 251/299/273 265/305/273 266/306/273
f 258/298/274 274/307/274 259/300/274
f 252/301/275 266/306/275 267/308/275
f 259/300/276 275/309/276 260/302/276
f 253/303/277 267/308/277 268/310/277
f 260/302/278 276/311/278 261/304/278
f 254/289/279 268/310/279 269/312/279
f 261/304/280 277/313/280 262/288/280
f 255/290/281 269/312/281 270/314/281
f 248/292/282 82/315/282 263/316/282
f 308/317/283 262/288/283 277/313/283
f 255/290/284 271/318/284 256/294/284
f 249/295/285 263/316/285 264/319/285
f 256/294/286 272/320/286 257/296/286
f 250/297/287 264/319/287 265/305/287
f 257/296/288 273/321/288 258/298/288
f 270/314/289 284/322/289 285/323/289
f 263/316/290 82/324/290 278/325/290
f 308/326/291 277/313/291 292/327/291
f 270/314/292 286/328/292 271/318/292
f 264/319/293 278/325/293 279/329/293
f 271/318/294 287/330/294 272/320/294
f 265/305/295 279/329/295 280/331/295
f 272/320/296 288/332/296 273/321/296
f 266/306/297 280/331/297 281/333/297
f 273/321/298 289/334/298 274/307/298
f 267/308/299 281/333/299 282/335/299
f 274/307/300 290/336/300 275/309/300
f 268/310/301 282/335/301 283/337/301
f 275/309/302 291/338/302 276/311/302
f 269/312/303 283/337/303 284/322/303
f 276/311/304 292/327/304 277/313/304
f 288/332/305 304/339/305 289/334/305
f 282/335/306 296/340/306 297/341/306
f 289/334/307 305/342/307 290/336/307
f 283/337/308 297/341/308 298/343/308
f 290/336/309 306/344/309 291/338/309
f 284/322/310 298/343/310 299/345/310
f 291/338/311 307/346/311 292/327/311
f 285/323/312 299/345/312 300/347/312
f 278/325/313 82/348/313 293/349/313
f 308/350/314 292/327/314 307/346/314
f 285/323/315 301/351/315 286/328/315
f 279/329/316 293/349/316 294/352/316
f 286/328/317 302/353/317 287/330/317
f 280/331/318 294/352/318 295/354/318
f 287/330/319 303/355/319 288/332/319
f 281/333/320 295/354/320 296/340/320
f 293/349/321 82/356/321 309/357/321
f 308/358/322 307/346/322 323/359/322
f 300/347/323 317/360/323 301/351/323
f 294/352/324 309/357/324 310/361/324
f 301/351/325 318/362/325 302/353/325
f 295/354/326 310/361/326 311/363/326
f 302/353/327 319/364/327 303/355/327
f 296/340/328 311/363/328 312/365/328
f 303/355/329 320/366/329 304/339/329
f 297/341/330 312/365/330 313/367/330
f 304/339/331 321/368/331 305/342/331
f 298/343/332 313/367/332 314/369/332
f 305/342/333 322/370/333 306/344/333
f 299/345/334 314/369/334 315/371/334
f 306/344/335 323/359/335 307/346/335
f 300/347/336 315/371/336 316/372/336
f 313/367/337 327/373/337 328/374/337
f 320/366/338 336/375/338 321/368/338
f 314/369/339 328/374/339 329/376/339
f 321/368/340 337/377/340 322/370/340
f 315/371/341 329/376/341 330/378/341
f 322/370/342 338/379/342 323/359/342
f 316/372/343 330/378/343 331/380/343
f 309/357/344 82/381/344 324/382/344
f 308/383/345 323/359/345 338/379/345
f 316/372/346 332/384/346 317/360/346
f 310/361/347 324/382/347 325/385/347
f 317/360/348 333/386/348 318/362/348
f 311/363/349 325/385/349 326/387/349
f 318/362/350 334/388/350 319/364/350
f 312/365/351 326/387/351 327/373/351
f 319/364/352 335/389/352 320/366/352
f 331/380/353 347/390/353 332/384/353
f 325/385/354 339/391/354 340/392/354
f 332/384/355 348/393/355 333/386/355
f 326/387/356 340/392/356 341/394/356
f 333/386/357 349/395/357 334/388/357
f 327/373/358 341/394/358 342/396/358
f 334/388/359 350/397/359 335/389/359
f 328/374/360 342/396/360 343/398/360
f 335/389/361 351/399/361 336/375/361
f 329/376/362 343/398/362 344/400/362
f 336/375/363 352/401/363 337/377/363
f 330/378/364 344/400/364 345/402/364
f 337/377/365 353/403/365 338/379/365
f 331/380/366 345/402/366 346/404/366
f 324/382/367 82/405/367 339/391/367
f 308/406/368 338/379/368 353/403/368
f 350/397/369 366/407/369 351/399/369
f 344/400/370 358/408/370 359/409/370
f 351/399/371 367/410/371 352/401/371
f 345/402/372 359/409/372 360/411/372
f 352/401/373 368/412/373 353/403/373
f 346/404/374 360/411/374 361/413/374
f 339/391/375 82/414/375 354/415/375
f 308/416/376 353/403/376 368/412/376
f 346/404/377 362/417/377 347/390/377
f 340/392/378 354/415/378 355/418/378
f 347/390/379 363/419/379 348/393/379
f 341/394/380 355/418/380 356/420/380
f 348/393/381 364/421/381 349/395/381
f 342/396/382 356/420/382 357/422/382
f 349/395/383 365/423/383 350/397/383
f 343/398/384 357/422/384 358/408/384
f 363/424/385 377/425/385 378/426/385
f 355/427/386 371/428/386 356/429/386
f 364/430/387 378/426/387 379/431/387
f 356/429/388 372/432/388 357/433/388
f 365/434/389 379/431/389 380/435/389
f 357/433/390 373/436/390 358/437/390
f 366/438/391 380/435/391 381/439/391
f 358/437/392 374/440/392 359/441/392
f 367/442/393 381/439/393 382/443/393
f 359/441/394 375/444/394 360/445/394
f 368/446/395 382/443/395 383/447/395
f 360/445/396 376/448/396 361/449/396
f 354/450/397 82/451/397 369/452/397
f 308/453/398 368/446/398 383/447/398
f 362/454/399 376/448/399 377/425/399
f 354/450/400 370/455/400 355/427/400
f 382/443/401 396/456/401 397/457/401
f 374/440/402 390/458/402 375/444/402
f 383/447/403 397/457/403 398/459/403
f 375/444/404 391/460/404 376/448/404
f 369/452/405 82/461/405 384/462/405
f 308/463/406 383/447/406 398/459/406
f 377/425/407 391/460/407 392/464/407
f 369/452/408 385/465/408 370/455/408
f 378/426/409 392/464/409 393/466/409
f 370/455/410 386/467/410 371/428/410
f 379/431/411 393/466/411 394/468/411
f 371/428/412 387/469/412 372/432/412
f 380/435/413 394/468/413 395/470/413
f 372/432/414 388/471/414 373/436/414
f 381/439/415 395/470/415 396/456/415
f 373/436/416 389/472/416 374/440/416
f 385/465/417 401/473/417 386/467/417
f 394/468/418 408/474/418 409/475/418
f 386/467/419 402/476/419 387/469/419
f 395/470/420 409/475/420 410/477/420
f 387/469/421 403/478/421 388/471/421
f 396/456/422 410/477/422 411/479/422
f 388/471/423 404/480/423 389/472/423
f 397/457/424 411/479/424 412/481/424
f 389/472/425 405/482/425 390/458/425
f 398/459/426 412/481/426 413/483/426
f 390/458/427 406/484/427 391/460/427
f 384/462/428 82/485/428 399/486/428
f 308/487/429 398/459/429 413/483/429
f 392/464/430 406/484/430 407/488/430
f 384/462/431 400/489/431 385/465/431
f 393/466/432 407/488/432 408/474/432
f 404/480/433 420/490/433 405/482/433
f 413/483/434 427/491/434 428/492/434
f 405/482/435 421/493/435 406/484/435
f 399/486/436 82/494/436 414/495/436
f 308/496/437 413/483/437 428/492/437
f 407/488/438 421/493/438 422/497/438
f 399/486/439 415/498/439 400/489/439
f 408/474/440 422/497/440 423/499/440
f 400/489/441 416/500/441 401/473/441
f 409/475/442 423/499/442 424/501/442
f 401/473/443 417/502/443 402/476/443
f 410/477/444 424/501/444 425/503/444
f 402/476/445 418/504/445 403/478/445
f 411/479/446 425/503/446 426/505/446
f 403/478/447 419/506/447 404/480/447
f 412/481/448 426/505/448 427/491/448
f 424/501/449 438/507/449 439/508/449
f 416/500/450 432/509/450 417/502/450
f 425/503/451 439/508/451 440/510/451
f 417/502/452 433/511/452 418/504/452
f 426/505/453 440/510/453 441/512/453
f 418/504/454 434/513/454 419/506/454
f 427/491/455 441/512/455 442/514/455
f 419/506/456 435/515/456 420/490/456
f 428/492/457 442/514/457 443/516/457
f 420/490/458 436/517/458 421/493/458
f 414/495/459 82/518/459 429/519/459
f 308/520/460 428/492/460 443/516/460
f 422/497/461 436/517/461 437/521/461
f 414/495/462 430/522/462 415/498/462
f 423/499/463 437/521/463 438/507/463
f 415/498/464 431/523/464 416/500/464
f 443/516/465 457/524/465 458/525/465
f 435/515/466 451/526/466 436/517/466
f 429/519/467 82/527/467 444/528/467
f 308/529/468 443/516/468 458/525/468
f 437/521/469 451/526/469 452/530/469
f 429/519/470 445/531/470 430/522/470
f 438/507/471 452/530/471 453/532/471
f 430/522/472 446/533/472 431/523/472
f 439/508/473 453/532/473 454/534/473
f 431/523/474 447/535/474 432/509/474
f 440/510/475 454/534/475 455/536/475
f 432/509/476 448/537/476 433/511/476
f 441/512/477 455/536/477 456/538/477
f 433/511/478 449/539/478 434/513/478
f 442/514/479 456/538/479 457/524/479
f 434/513/480 450/540/480 435/515/480
f 446/533/481 462/541/481 447/535/481
f 455/536/482 469/542/482 470/543/482
f 447/535/483 463/544/483 448/537/483
f 456/538/484 470/543/484 471/545/484
f 448/537/485 464/546/485 449/539/485
f 457/524/486 471/545/486 472/547/486
f 449/539/487 465/548/487 450/540/487
f 458/525/488 472/547/488 473/549/488
f 450/540/489 466/550/489 451/526/489
f 444/528/490 82/551/490 459/552/490
f 308/553/491 458/525/491 473/549/491
f 452/530/492 466/550/492 467/554/492
f 444/528/493 460/555/493 445/531/493
f 453/532/494 467/554/494 468/556/494
f 445/531/495 461/557/495 446/533/495
f 454/534/496 468/556/496 469/542/496
f 465/548/497 4/4/497 466/550/497
f 459/552/498 82/558/498 474/7/498
f 308/559/499 473/549/499 482/3/499
f 467/554/500 4/4/500 5/12/500
f 459/552/501 475/13/501 460/555/501
f 468/556/502 5/12/502 478/16/502
f 460/555/503 1/17/503 461/557/503
f 469/542/504 478/16/504 6/20/504
f 461/557/505 476/21/505 462/541/505
f 470/543/506 6/20/506 479/24/506
f 462/541/507 2/25/507 463/544/507
f 471/545/508 479/24/508 480/28/508
f 463/544/509 477/29/509 464/546/509
f 472/547/510 480/28/510 481/1/510
f 464/546/511 3/32/511 465/548/511
f 473/549/512 481/1/512 482/3/512
f 481/1/1 20/31/1 21/2/1
f 4/4/2 3/32/2 13/5/2
f 4/4/5 14/6/5 15/11/5
f 475/13/6 474/7/6 7/9/6
f 5/12/7 15/11/7 16/15/7
f 1/17/8 475/13/8 8/14/8
f 478/16/513 16/15/513 17/19/513
f 476/21/10 1/17/10 9/18/10
f 6/20/11 17/19/11 18/23/11
f 2/25/12 476/21/12 10/22/12
f 479/24/13 18/23/13 19/27/13
f 477/29/514 2/25/514 11/26/514
f 480/28/15 19/27/15 20/31/15
f 3/32/16 477/29/16 12/30/16
f 19/27/17 34/49/17 35/33/17
f 13/5/18 12/30/18 27/34/18
f 20/31/19 35/33/19 36/36/19
f 14/6/20 13/5/20 28/35/20
f 14/6/23 29/37/23 30/41/23
f 8/14/24 7/9/24 22/39/24
f 15/11/25 30/41/25 31/43/25
f 9/18/26 8/14/26 23/42/26
f 16/15/27 31/43/27 32/45/27
f 10/22/28 9/18/28 24/44/28
f 17/19/29 32/45/29 33/47/29
f 11/26/30 10/22/30 25/46/30
f 18/23/31 33/47/31 34/49/31
f 12/30/32 11/26/32 26/48/32
f 24/44/33 23/42/33 38/50/33
f 31/43/34 46/66/34 47/52/34
f 25/46/35 24/44/35 39/51/35
f 32/45/36 47/52/36 48/54/36
f 26/48/37 25/46/37 40/53/37
f 33/47/38 48/54/38 49/56/38
f 27/34/39 26/48/39 41/55/39
f 34/49/40 49/56/40 50/58/40
f 28/35/515 27/34/515 42/57/515
f 35/33/42 50/58/42 51/60/42
f 29/37/43 28/35/43 43/59/43
f 29/37/46 44/61/46 45/65/46
f 23/42/47 22/39/47 37/63/47
f 30/41/48 45/65/48 46/66/48
f 43/59/49 42/57/49 57/67/49
f 50/58/50 65/83/50 66/69/50
f 44/61/51 43/59/51 58/68/51
f 44/61/54 59/70/54 60/74/54
f 38/50/516 37/63/516 52/72/516
f 45/65/56 60/74/56 61/76/56
f 39/51/57 38/50/57 53/75/57
f 46/66/58 61/76/58 62/78/58
f 40/53/59 39/51/59 54/77/59
f 47/52/60 62/78/60 63/80/60
f 41/55/61 40/53/61 55/79/61
f 48/54/517 63/80/517 64/82/517
f 42/57/63 41/55/63 56/81/63
f 49/56/64 64/82/64 65/83/64
f 61/76/65 76/100/65 77/84/65
f 55/79/66 54/77/66 69/85/66
f 62/78/67 77/84/67 78/87/67
f 56/81/68 55/79/68 70/86/68
f 63/80/69 78/87/69 79/89/69
f 57/67/70 56/81/70 71/88/70
f 64/82/71 79/89/71 80/91/71
f 58/68/72 57/67/72 72/90/72
f 65/83/73 80/91/73 81/93/73
f 59/70/74 58/68/74 73/92/74
f 59/70/77 74/94/77 75/98/77
f 53/75/78 52/72/78 67/96/78
f 60/74/79 75/98/79 76/100/79
f 54/77/80 53/75/80 68/99/80
f 80/91/518 96/117/518 97/101/518
f 74/94/82 73/92/82 89/102/82
f 74/94/85 90/103/85 91/107/85
f 68/99/519 67/96/519 83/105/519
f 75/98/87 91/107/87 92/109/87
f 69/85/88 68/99/88 84/108/88
f 76/100/89 92/109/89 93/111/89
f 70/86/90 69/85/90 85/110/90
f 77/84/91 93/111/91 94/113/91
f 71/88/92 70/86/92 86/112/92
f 78/87/93 94/113/93 95/115/93
f 72/90/94 71/88/94 87/114/94
f 79/89/95 95/115/95 96/117/95
f 73/92/96 72/90/96 88/116/96
f 93/111/97 108/134/97 109/118/97
f 87/114/98 86/112/98 101/119/98
f 94/113/99 109/118/99 110/121/99
f 88/116/100 87/114/100 102/120/100
f 95/115/101 110/121/101 111/123/101
f 89/102/102 88/116/102 103/122/102
f 96/117/103 111/123/103 112/125/103
f 90/103/104 89/102/104 104/124/104
f 90/103/107 105/126/107 106/130/107
f 84/108/108 83/105/108 98/128/108
f 91/107/109 106/130/109 107/132/109
f 85/110/110 84/108/110 99/131/110
f 92/109/111 107/132/111 108/134/111
f 86/112/112 85/110/112 100/133/112
f 105/126/115 120/151/115 121/139/115
f 99/131/116 98/128/116 113/136/116
f 106/130/117 121/139/117 122/141/117
f 100/133/118 99/131/118 114/140/118
f 107/132/119 122/141/119 123/143/119
f 101/119/120 100/133/120 115/142/120
f 108/134/121 123/143/121 124/145/121
f 102/120/122 101/119/122 116/144/122
f 109/118/123 124/145/123 125/147/123
f 103/122/124 102/120/124 117/146/124
f 110/121/125 125/147/125 126/149/125
f 104/124/126 103/122/126 118/148/126
f 111/123/127 126/149/127 127/138/127
f 105/126/128 104/124/128 119/150/128
f 116/144/129 131/168/129 132/152/129
f 125/147/130 124/145/130 139/153/130
f 117/146/131 132/152/131 133/155/131
f 126/149/132 125/147/132 140/154/132
f 118/148/133 133/155/133 134/157/133
f 127/138/134 126/149/134 141/156/134
f 119/150/135 134/157/135 135/159/135
f 121/139/138 120/151/138 135/159/138
f 113/136/139 128/161/139 129/164/139
f 122/141/140 121/139/140 136/163/140
f 114/140/141 129/164/141 130/166/141
f 123/143/142 122/141/142 137/165/142
f 115/142/143 130/166/143 131/168/143
f 124/145/144 123/143/144 138/167/144
f 136/163/145 135/159/145 150/169/145
f 128/161/146 143/184/146 144/171/146
f 137/165/147 136/163/147 151/170/147
f 129/164/148 144/171/148 145/173/148
f 138/167/149 137/165/149 152/172/149
f 130/166/150 145/173/150 146/175/150
f 139/153/151 138/167/151 153/174/151
f 131/168/152 146/175/152 147/177/152
f 140/154/153 139/153/153 154/176/153
f 132/152/154 147/177/154 148/179/154
f 141/156/155 140/154/155 155/178/155
f 133/155/156 148/179/156 149/181/156
f 142/158/157 141/156/157 156/180/157
f 134/157/158 149/181/158 150/169/158
f 155/178/161 154/176/161 169/186/161
f 147/177/162 162/202/162 163/188/162
f 156/180/163 155/178/163 170/187/163
f 148/179/164 163/188/164 164/190/164
f 157/182/520 156/180/520 171/189/520
f 149/181/166 164/190/166 165/192/166
f 151/170/169 150/169/169 165/192/169
f 143/184/521 158/194/521 159/197/521
f 152/172/171 151/170/171 166/196/171
f 144/171/172 159/197/172 160/199/172
f 153/174/173 152/172/173 167/198/173
f 145/173/174 160/199/174 161/201/174
f 154/176/175 153/174/175 168/200/175
f 146/175/176 161/201/176 162/202/176
f 158/194/177 173/218/177 174/203/177
f 167/198/178 166/196/178 181/204/178
f 159/197/179 174/203/179 175/206/179
f 168/200/180 167/198/180 182/205/180
f 160/199/181 175/206/181 176/208/181
f 169/186/182 168/200/182 183/207/182
f 161/201/183 176/208/183 177/210/183
f 170/187/184 169/186/184 184/209/184
f 162/202/185 177/210/185 178/212/185
f 171/189/186 170/187/186 185/211/186
f 163/188/187 178/212/187 179/214/187
f 172/191/188 171/189/188 186/213/188
f 164/190/189 179/214/189 180/216/189
f 166/196/192 165/192/192 180/216/192
f 177/210/193 192/236/193 193/220/193
f 186/213/194 185/211/194 200/221/194
f 178/212/195 193/220/195 194/223/195
f 187/215/196 186/213/196 201/222/196
f 179/214/197 194/223/197 195/225/197
f 181/204/200 180/216/200 195/225/200
f 173/218/201 188/227/201 189/230/201
f 182/205/202 181/204/202 196/229/202
f 174/203/203 189/230/203 190/232/203
f 183/207/204 182/205/204 197/231/204
f 175/206/522 190/232/522 191/234/522
f 184/209/206 183/207/206 198/233/206
f 176/208/207 191/234/207 192/236/207
f 185/211/523 184/209/523 199/235/523
f 197/231/524 196/229/524 211/237/524
f 189/230/210 204/253/210 205/239/210
f 198/233/211 197/231/211 212/238/211
f 190/232/212 205/239/212 206/241/212
f 199/235/213 198/233/213 213/240/213
f 191/234/214 206/241/214 207/243/214
f 200/221/215 199/235/215 214/242/215
f 192/236/216 207/243/216 208/245/216
f 201/222/217 200/221/217 215/244/217
f 193/220/218 208/245/218 209/247/218
f 202/224/219 201/222/219 216/246/219
f 194/223/220 209/247/220 210/249/220
f 196/229/223 195/225/223 210/249/223
f 188/227/224 203/251/224 204/253/224
f 216/246/225 215/244/225 230/254/225
f 208/245/226 223/270/226 224/256/226
f 217/248/227 216/246/227 231/255/227
f 209/247/228 224/256/228 225/258/228
f 211/237/231 210/249/231 225/258/231
f 203/251/232 218/260/232 219/263/232
f 212/238/233 211/237/233 226/262/233
f 204/253/234 219/263/234 220/265/234
f 213/240/235 212/238/235 227/264/235
f 205/239/236 220/265/236 221/267/236
f 214/242/237 213/240/237 228/266/237
f 206/241/238 221/267/238 222/269/238
f 215/244/239 214/242/239 229/268/239
f 207/243/240 222/269/240 223/270/240
f 228/266/241 227/264/241 242/271/241
f 220/265/242 235/287/242 236/273/242
f 229/268/243 228/266/243 243/272/243
f 221/267/244 236/273/244 237/275/244
f 230/254/245 229/268/245 244/274/245
f 222/269/246 237/275/246 238/277/246
f 231/255/247 230/254/247 245/276/247
f 223/270/248 238/277/248 239/279/248
f 232/257/249 231/255/249 246/278/249
f 224/256/250 239/279/250 240/281/250
f 226/262/253 225/258/253 240/281/253
f 218/260/254 233/283/254 234/286/254
f 227/264/255 226/262/255 241/285/255
f 219/263/256 234/286/256 235/287/256
f 246/278/257 261/304/257 262/288/257
f 240/281/258 239/279/258 254/289/258
f 240/281/261 255/290/261 256/294/261
f 234/286/262 233/283/262 248/292/262
f 241/285/263 256/294/263 257/296/263
f 235/287/264 234/286/264 249/295/264
f 242/271/265 257/296/265 258/298/265
f 236/273/266 235/287/266 250/297/266
f 243/272/267 258/298/267 259/300/267
f 237/275/268 236/273/268 251/299/268
f 244/274/269 259/300/269 260/302/269
f 238/277/270 237/275/270 252/301/270
f 245/276/271 260/302/271 261/304/271
f 239/279/272 238/277/272 253/303/272
f 251/299/273 250/297/273 265/305/273
f 258/298/274 273/321/274 274/307/274
f 252/301/275 251/299/275 266/306/275
f 259/300/276 274/307/276 275/309/276
f 253/303/277 252/301/277 267/308/277
f 260/302/278 275/309/278 276/311/278
f 254/289/279 253/303/279 268/310/279
f 261/304/280 276/311/280 277/313/280
f 255/290/281 254/289/281 269/312/281
f 255/290/284 270/314/284 271/318/284
f 249/295/285 248/292/285 263/316/285
f 256/294/286 271/318/286 272/320/286
f 250/297/287 249/295/287 264/319/287
f 257/296/288 272/320/288 273/321/288
f 270/314/289 269/312/289 284/322/289
f 270/314/292 285/323/292 286/328/292
f 264/319/293 263/316/293 278/325/293
f 271/318/294 286/328/294 287/330/294
f 265/305/295 264/319/295 279/329/295
f 272/320/296 287/330/296 288/332/296
f 266/306/297 265/305/297 280/331/297
f 273/321/298 288/332/298 289/334/298
f 267/308/299 266/306/299 281/333/299
f 274/307/300 289/334/300 290/336/300
f 268/310/301 267/308/301 282/335/301
f 275/309/302 290/336/302 291/338/302
f 269/312/303 268/310/303 283/337/303
f 276/311/304 291/338/304 292/327/304
f 288/332/305 303/355/305 304/339/305
f 282/335/306 281/333/306 296/340/306
f 289/334/525 304/339/525 305/342/525
f 283/337/308 282/335/308 297/341/308
f 290/336/309 305/342/309 306/344/309
f 284/322/310 283/337/310 298/343/310
f 291/338/311 306/344/311 307/346/311
f 285/323/312 284/322/312 299/345/312
f 285/323/315 300/347/315 301/351/315
f 279/329/316 278/325/316 293/349/316
f 286/328/317 301/351/317 302/353/317
f 280/331/318 279/329/318 294/352/318
f 287/330/319 302/353/319 303/355/319
f 281/333/320 280/331/320 295/354/320
f 300/347/323 316/372/323 317/360/323
f 294/352/324 293/349/324 309/357/324
f 301/351/325 317/360/325 318/362/325
f 295/354/326 294/352/326 310/361/326
f 302/353/327 318/362/327 319/364/327
f 296/340/328 295/354/328 311/363/328
f 303/355/329 319/364/329 320/366/329
f 297/341/330 296/340/330 312/365/330
f 304/339/331 320/366/331 321/368/331
f 298/343/332 297/341/332 313/367/332
f 305/342/333 321/368/333 322/370/333
f 299/345/334 298/343/334 314/369/334
f 306/344/335 322/370/335 323/359/335
f 300/347/336 299/345/336 315/371/336
f 313/367/337 312/365/337 327/373/337
f 320/366/338 335/389/338 336/375/338
f 314/369/339 313/367/339 328/374/339
f 321/368/340 336/375/340 337/377/340
f 315/371/341 314/369/341 329/376/341
f 322/370/526 337/377/526 338/379/526
f 316/372/343 315/371/343 330/378/343
f 316/372/346 331/380/346 332/384/346
f 310/361/527 309/357/527 324/382/527
f 317/360/348 332/384/348 333/386/348
f 311/363/349 310/361/349 325/385/349
f 318/362/350 333/386/350 334/388/350
f 312/365/351 311/363/351 326/387/351
f 319/364/352 334/388/352 335/389/352
f 331/380/353 346/404/353 347/390/353
f 325/385/354 324/382/354 339/391/354
f 332/384/355 347/390/355 348/393/355
f 326/387/356 325/385/356 340/392/356
f 333/386/357 348/393/357 349/395/357
f 327/373/358 326/387/358 341/394/358
f 334/388/359 349/395/359 350/397/359
f 328/374/360 327/373/360 342/396/360
f 335/389/361 350/397/361 351/399/361
f 329/376/362 328/374/362 343/398/362
f 336/375/363 351/399/363 352/401/363
f 330/378/364 329/376/364 344/400/364
f 337/377/365 352/401/365 353/403/365
f 331/380/366 330/378/366 345/402/366
f 350/397/369 365/423/369 366/407/369
f 344/400/370 343/398/370 358/408/370
f 351/399/371 366/407/371 367/410/371
f 345/402/372 344/400/372 359/409/372
f 352/401/373 367/410/373 368/412/373
f 346/404/374 345/402/374 360/411/374
f 346/404/377 361/413/377 362/417/377
f 340/392/378 339/391/378 354/415/378
f 347/390/379 362/417/379 363/419/379
f 341/394/380 340/392/380 355/418/380
f 348/393/381 363/419/381 364/421/381
f 342/396/382 341/394/382 356/420/382
f 349/395/383 364/421/383 365/423/383
f 343/398/384 342/396/384 357/422/384
f 363/424/385 362/454/385 377/425/385
f 355/427/386 370/455/386 371/428/386
f 364/430/387 363/424/387 378/426/387
f 356/429/388 371/428/388 372/432/388
f 365/434/389 364/430/389 379/431/389
f 357/433/390 372/432/390 373/436/390
f 366/438/391 365/434/391 380/435/391
f 358/437/392 373/436/392 374/440/392
f 367/442/393 366/438/393 381/439/393
f 359/441/394 374/440/394 375/444/394
f 368/446/395 367/442/395 382/443/395
f 360/445/396 375/444/396 376/448/396
f 362/454/399 361/449/399 376/448/399
f 354/450/400 369/452/400 370/455/400
f 382/443/401 381/439/401 396/456/401
f 374/440/402 389/472/402 390/458/402
f 383/447/403 382/443/403 397/457/403
f 375/444/404 390/458/404 391/460/404
f 377/425/407 376/448/407 391/460/407
f 369/452/408 384/462/408 385/465/408
f 378/426/409 377/425/409 392/464/409
f 370/455/410 385/465/410 386/467/410
f 379/431/411 378/426/411 393/466/411
f 371/428/412 386/467/412 387/469/412
f 380/435/413 379/431/413 394/468/413
f 372/432/414 387/469/414 388/471/414
f 381/439/415 380/435/415 395/470/415
f 373/436/416 388/471/416 389/472/416
f 385/465/417 400/489/417 401/473/417
f 394/468/418 393/466/418 408/474/418
f 386/467/419 401/473/419 402/476/419
f 395/470/420 394/468/420 409/475/420
f 387/469/421 402/476/421 403/478/421
f 396/456/422 395/470/422 410/477/422
f 388/471/423 403/478/423 404/480/423
f 397/457/424 396/456/424 411/479/424
f 389/472/425 404/480/425 405/482/425
f 398/459/528 397/457/528 412/481/528
f 390/458/427 405/482/427 406/484/427
f 392/464/430 391/460/430 406/484/430
f 384/462/431 399/486/431 400/489/431
f 393/466/432 392/464/432 407/488/432
f 404/480/433 419/506/433 420/490/433
f 413/483/434 412/481/434 427/491/434
f 405/482/435 420/490/435 421/493/435
f 407/488/438 406/484/438 421/493/438
f 399/486/439 414/495/439 415/498/439
f 408/474/440 407/488/440 422/497/440
f 400/489/441 415/498/441 416/500/441
f 409/475/442 408/474/442 423/499/442
f 401/473/443 416/500/443 417/502/443
f 410/477/444 409/475/444 424/501/444
f 402/476/445 417/502/445 418/504/445
f 411/479/446 410/477/446 425/503/446
f 403/478/447 418/504/447 419/506/447
f 412/481/448 411/479/448 426/505/448
f 424/501/449 423/499/449 438/507/449
f 416/500/450 431/523/450 432/509/450
f 425/503/451 424/501/451 439/508/451
f 417/502/452 432/509/452 433/511/452
f 426/505/453 425/503/453 440/510/453
f 418/504/454 433/511/454 434/513/454
f 427/491/455 426/505/455 441/512/455
f 419/506/456 434/513/456 435/515/456
f 428/492/457 427/491/457 442/514/457
f 420/490/458 435/515/458 436/517/458
f 422/497/461 421/493/461 436/517/461
f 414/495/462 429/519/462 430/522/462
f 423/499/463 422/497/463 437/521/463
f 415/498/464 430/522/464 431/523/464
f 443/516/465 442/514/465 457/524/465
f 435/515/466 450/540/466 451/526/466
f 437/521/469 436/517/469 451/526/469
f 429/519/470 444/528/470 445/531/470
f 438/507/529 437/521/529 452/530/529
f 430/522/472 445/531/472 446/533/472
f 439/508/473 438/507/473 453/532/473
f 431/523/474 446/533/474 447/535/474
f 440/510/475 439/508/475 454/534/475
f 432/509/476 447/535/476 448/537/476
f 441/512/477 440/510/477 455/536/477
f 433/511/478 448/537/478 449/539/478
f 442/514/479 441/512/479 456/538/479
f 434/513/530 449/539/530 450/540/530
f 446/533/481 461/557/481 462/541/481
f 455/536/482 454/534/482 469/542/482
f 447/535/483 462/541/483 463/544/483
f 456/538/484 455/536/484 470/543/484
f 448/537/485 463/544/485 464/546/485
f 457/524/486 456/538/486 471/545/486
f 449/539/487 464/546/487 465/548/487
f 458/525/488 457/524/488 472/547/488
f 450/540/489 465/548/489 466/550/489
f 452/530/492 451/526/492 466/550/492
f 444/528/493 459/552/493 460/555/493
f 453/532/494 452/530/494 467/554/494
f 445/531/495 460/555/495 461/557/495
f 454/534/496 453/532/496 468/556/496
f 465/548/497 3/32/497 4/4/497
f 467/554/500 466/550/500 4/4/500
f 459/552/501 474/7/501 475/13/501
f 468/556/502 467/554/502 5/12/502
f 460/555/503 475/13/503 1/17/503
f 469/542/531 468/556/531 478/16/531
f 461/557/505 1/17/505 476/21/505
f 470/543/506 469/542/506 6/20/506
f 462/541/507 476/21/507 2/25/507
f 471/545/508 470/543/508 479/24/508
f 463/544/532 2/25/532 477/29/532
f 472/547/510 471/545/510 480/28/510
f 464/546/511 477/29/511 3/32/511
f 473/549/512 472/547/512 481/1/512
o 球.001
v -0.376832 0.573227 -0.523331
v -0.376832 0.557201 -0.539382
v -0.376832 0.536262 -0.548068
v -0.376832 0.524930 -0.549186
v -0.376832 0.513598 -0.548068
v -0.376832 0.492659 -0.539382
v -0.374448 0.581900 -0.502141
v -0.372155 0.578594 -0.512845
v -0.370043 0.573227 -0.522710
v -0.368191 0.566003 -0.531356
v -0.366671 0.557201 -0.538452
v -0.365542 0.547158 -0.543725
v -0.364846 0.536262 -0.546972
v -0.364612 0.524930 -0.548068
v -0.364846 0.513598 -0.546972
v -0.365542 0.502701 -0.543725
v -0.366671 0.492659 -0.538452
v -0.368191 0.483857 -0.531356
v -0.370043 0.476633 -0.522710
v -0.372155 0.471265 -0.512845
v -0.374448 0.467960 -0.502141
v -0.372155 0.581900 -0.501495
v -0.367659 0.578594 -0.511578
v -0.363514 0.573227 -0.520871
v -0.359882 0.566003 -0.529015
v -0.356901 0.557201 -0.535700
v -0.354686 0.547158 -0.540666
v -0.353322 0.536262 -0.543725
v -0.352861 0.524930 -0.544758
v -0.353322 0.513598 -0.543725
v -0.354686 0.502701 -0.540666
v -0.356901 0.492659 -0.535700
v -0.359882 0.483857 -0.529015
v -0.363514 0.476633 -0.520871
v -0.367659 0.471265 -0.511578
v -0.372155 0.467960 -0.501495
v -0.370043 0.581900 -0.500447
v -0.363514 0.578594 -0.509521
v -0.357498 0.573227 -0.517884
v -0.352224 0.566003 -0.525214
v -0.347897 0.557201 -0.531230
v -0.344681 0.547158 -0.535700
v -0.342701 0.536262 -0.538452
v -0.342032 0.524930 -0.539382
v -0.342701 0.513598 -0.538452
v -0.344681 0.502701 -0.535700
v -0.347897 0.492659 -0.531230
v -0.352224 0.483857 -0.525214
v -0.357498 0.476633 -0.517884
v -0.363514 0.471265 -0.509521
v -0.370043 0.467960 -0.500447
v -0.368191 0.581900 -0.499035
v -0.359882 0.578594 -0.506752
v -0.352224 0.573227 -0.513864
v -0.345513 0.566003 -0.520098
v -0.340004 0.557201 -0.525214
v -0.335911 0.547158 -0.529015
v -0.333391 0.536262 -0.531356
v -0.332540 0.524930 -0.532147
v -0.333391 0.513598 -0.531356
v -0.335911 0.502701 -0.529015
v -0.340004 0.492659 -0.525214
v -0.345513 0.483857 -0.520098
v -0.352224 0.476633 -0.513864
v -0.359882 0.471265 -0.506752
v -0.368191 0.467960 -0.499035
v -0.366671 0.581900 -0.497315
v -0.356901 0.578594 -0.503378
v -0.347897 0.573227 -0.508966
v -0.340004 0.566003 -0.513864
v -0.333527 0.557201 -0.517884
v -0.328715 0.547158 -0.520871
v -0.325751 0.536262 -0.522710
v -0.324750 0.524930 -0.523331
v -0.325751 0.513598 -0.522710
v -0.328715 0.502701 -0.520871
v -0.333527 0.492659 -0.517884
v -0.340004 0.483857 -0.513864
v -0.347897 0.476633 -0.508966
v -0.356901 0.471265 -0.503378
v -0.366671 0.467960 -0.497315
v -0.376832 0.583016 -0.491010
v -0.365542 0.581900 -0.495353
v -0.354686 0.578594 -0.499529
v -0.344681 0.573227 -0.503378
v -0.335911 0.566003 -0.506752
v -0.328715 0.557201 -0.509521
v -0.323367 0.547158 -0.511578
v -0.320074 0.536262 -0.512845
v -0.318962 0.524930 -0.513273
v -0.320074 0.513598 -0.512845
v -0.323367 0.502701 -0.511578
v -0.328715 0.492659 -0.509521
v -0.335911 0.483857 -0.506752
v -0.344681 0.476633 -0.503378
v -0.354686 0.471265 -0.499529
v -0.365542 0.467960 -0.495353
v -0.364846 0.581900 -0.493224
v -0.353322 0.578594 -0.495353
v -0.342701 0.573227 -0.497315
v -0.333391 0.566003 -0.499035
v -0.325751 0.557201 -0.500447
v -0.320074 0.547158 -0.501495
v -0.316578 0.536262 -0.502141
v -0.315397 0.524930 -0.502359
v -0.316578 0.513598 -0.502141
v -0.320074 0.502701 -0.501495
v -0.325751 0.492659 -0.500447
v -0.333391 0.483857 -0.499035
v -0.342701 0.476633 -0.497315
v -0.353322 0.471265 -0.495353
v -0.364846 0.467960 -0.493224
v -0.364612 0.581900 -0.491010
v -0.352861 0.578594 -0.491010
v -0.342032 0.573227 -0.491010
v -0.332540 0.566003 -0.491010
v -0.324750 0.557201 -0.491010
v -0.318962 0.547158 -0.491010
v -0.315397 0.536262 -0.491010
v -0.314194 0.524930 -0.491010
v -0.315397 0.513598 -0.491010
v -0.318962 0.502701 -0.491010
v -0.324750 0.492659 -0.491010
v -0.332540 0.483857 -0.491010
v -0.342032 0.476633 -0.491010
v -0.352861 0.471265 -0.491010
v -0.364612 0.467960 -0.491010
v -0.364846 0.581900 -0.488795
v -0.353322 0.578594 -0.486666
v -0.342701 0.573227 -0.484704
v -0.333391 0.566003 -0.482984
v -0.325751 0.557201 -0.481573
v -0.320074 0.547158 -0.480524
v -0.316578 0.536262 -0.479878
v -0.315397 0.524930 -0.479660
v -0.316578 0.513598 -0.479878
v -0.320074 0.502701 -0.480524
v -0.325751 0.492659 -0.481573
v -0.333391 0.483857 -0.482984
v -0.342701 0.476633 -0.484704
v -0.353322 0.471265 -0.486666
v -0.364846 0.467960 -0.488795
v -0.365542 0.581900 -0.486666
v -0.354686 0.578594 -0.482490
v -0.344681 0.573227 -0.478641
v -0.335911 0.566003 -0.475267
v -0.328715 0.557201 -0.472498
v -0.323367 0.547158 -0.470441
v -0.320074 0.536262 -0.469174
v -0.318962 0.524930 -0.468746
v -0.320074 0.513598 -0.469174
v -0.323367 0.502701 -0.470441
v -0.328715 0.492659 -0.472498
v -0.335911 0.483857 -0.475267
v -0.344681 0.476633 -0.478641
v -0.354686 0.471265 -0.482490
v -0.365542 0.467960 -0.486666
v -0.366671 0.581900 -0.484704
v -0.356901 0.578594 -0.478641
v -0.347897 0.573227 -0.473053
v -0.340004 0.566003 -0.468155
v -0.333527 0.557201 -0.464136
v -0.328715 0.547158 -0.461149
v -0.325751 0.536262 -0.459310
v -0.324750 0.524930 -0.458688
v -0.325751 0.513598 -0.459310
v -0.328715 0.502701 -0.461149
v -0.333527 0.492659 -0.464136
v -0.340004 0.483857 -0.468155
v -0.347897 0.476633 -0.473053
v -0.356901 0.471265 -0.478641
v -0.366671 0.467960 -0.484704
v -0.368191 0.581900 -0.482984
v -0.359882 0.578594 -0.475267
v -0.352224 0.573227 -0.468155
v -0.345513 0.566003 -0.461921
v -0.340004 0.557201 -0.456805
v -0.335911 0.547158 -0.453004
v -0.333391 0.536262 -0.450663
v -0.332540 0.524930 -0.449873
v -0.333391 0.513598 -0.450663
v -0.335911 0.502701 -0.453004
v -0.340004 0.492659 -0.456805
v -0.345513 0.483857 -0.461921
v -0.352224 0.476633 -0.468155
v -0.359882 0.471265 -0.475267
v -0.368191 0.467960 -0.482984
v -0.370043 0.581900 -0.481573
v -0.363514 0.578594 -0.472498
v -0.357498 0.573227 -0.464136
v -0.352224 0.566003 -0.456805
v -0.347897 0.557201 -0.450790
v -0.344681 0.547158 -0.446320
v -0.342701 0.536262 -0.443567
v -0.342032 0.524930 -0.442638
v -0.342701 0.513598 -0.443567
v -0.344681 0.502701 -0.446320
v -0.347897 0.492659 -0.450790
v -0.352224 0.483857 -0.456805
v -0.357498 0.476633 -0.464136
v -0.363514 0.471265 -0.472498
v -0.370043 0.467960 -0.481573
v -0.372155 0.581900 -0.480524
v -0.367659 0.578594 -0.470441
v -0.363514 0.573227 -0.461149
v -0.359882 0.566003 -0.453004
v -0.356901 0.557201 -0.446320
v -0.354686 0.547158 -0.441353
v -0.353322 0.536262 -0.438294
v -0.352861 0.524930 -0.437262
v -0.353322 0.513598 -0.438294
v -0.354686 0.502701 -0.441353
v -0.356901 0.492659 -0.446320
v -0.359882 0.483857 -0.453004
v -0.363514 0.476633 -0.461149
v -0.367659 0.471265 -0.470441
v -0.372155 0.467960 -0.480524
v -0.374448 0.581900 -0.479878
v -0.372155 0.578594 -0.469174
v -0.370043 0.573227 -0.459310
v -0.368191 0.566003 -0.450663
v -0.366671 0.557201 -0.443567
v -0.365542 0.547158 -0.438294
v -0.364846 0.536262 -0.435047
v -0.364612 0.524930 -0.433951
v -0.364846 0.513598 -0.435047
v -0.365542 0.502701 -0.438294
v -0.366671 0.492659 -0.443567
v -0.368191 0.483857 -0.450663
v -0.370043 0.476633 -0.459310
v -0.372155 0.471265 -0.469174
v -0.374448 0.467960 -0.479878
v -0.376832 0.581900 -0.479660
v -0.376832 0.578594 -0.468746
v -0.376832 0.573227 -0.458688
v -0.376832 0.566003 -0.449873
v -0.376832 0.557201 -0.442638
v -0.376832 0.547158 -0.437262
v -0.376832 0.536262 -0.433951
v -0.376832 0.524930 -0.432833
v -0.376832 0.513598 -0.433951
v -0.376832 0.502701 -0.437262
v -0.376832 0.492659 -0.442638
v -0.376832 0.483857 -0.449873
v -0.376832 0.476633 -0.458688
v -0.376832 0.471265 -0.468746
v -0.376832 0.467960 -0.479660
v -0.379216 0.581900 -0.479878
v -0.381508 0.578594 -0.469174
v -0.383621 0.573227 -0.459310
v -0.385473 0.566003 -0.450663
v -0.386992 0.557201 -0.443567
v -0.388122 0.547158 -0.438294
v -0.388817 0.536262 -0.435047
v -0.389052 0.524930 -0.433951
v -0.388817 0.513598 -0.435047
v -0.388122 0.502701 -0.438294
v -0.386992 0.492659 -0.443567
v -0.385473 0.483857 -0.450663
v -0.383621 0.476633 -0.459310
v -0.381508 0.471265 -0.469174
v -0.379216 0.467960 -0.479878
v -0.381508 0.581900 -0.480524
v -0.386005 0.578594 -0.470441
v -0.390149 0.573227 -0.461149
v -0.393781 0.566003 -0.453004
v -0.396762 0.557201 -0.446320
v -0.398978 0.547158 -0.441353
v -0.400342 0.536262 -0.438294
v -0.400802 0.524930 -0.437262
v -0.400342 0.513598 -0.438294
v -0.398978 0.502701 -0.441353
v -0.396762 0.492659 -0.446320
v -0.393781 0.483857 -0.453004
v -0.390149 0.476633 -0.461149
v -0.386005 0.471265 -0.470441
v -0.381508 0.467960 -0.480524
v -0.383621 0.581900 -0.481573
v -0.390149 0.578594 -0.472498
v -0.396165 0.573227 -0.464136
v -0.401439 0.566003 -0.456805
v -0.405767 0.557201 -0.450790
v -0.408982 0.547158 -0.446320
v -0.410963 0.536262 -0.443567
v -0.411631 0.524930 -0.442638
v -0.410963 0.513598 -0.443567
v -0.408982 0.502701 -0.446320
v -0.405767 0.492659 -0.450790
v -0.401439 0.483857 -0.456805
v -0.396165 0.476633 -0.464136
v -0.390149 0.471265 -0.472498
v -0.383621 0.467960 -0.481573
v -0.385473 0.581900 -0.482984
v -0.393781 0.578594 -0.475267
v -0.401439 0.573227 -0.468155
v -0.408151 0.566003 -0.461921
v -0.413659 0.557201 -0.456805
v -0.417752 0.547158 -0.453004
v -0.420272 0.536262 -0.450663
v -0.421123 0.524930 -0.449873
v -0.420272 0.513598 -0.450663
v -0.417752 0.502701 -0.453004
v -0.413659 0.492659 -0.456805
v -0.408151 0.483857 -0.461921
v -0.401439 0.476633 -0.468155
v -0.393781 0.471265 -0.475267
v -0.385473 0.467960 -0.482984
v -0.376832 0.466844 -0.491010
v -0.386992 0.581900 -0.484704
v -0.396762 0.578594 -0.478641
v -0.405767 0.573227 -0.473053
v -0.413659 0.566003 -0.468155
v -0.420136 0.557201 -0.464136
v -0.424949 0.547158 -0.461149
v -0.427913 0.536262 -0.459310
v -0.428913 0.524930 -0.458689
v -0.427913 0.513598 -0.459310
v -0.424949 0.502701 -0.461149
v -0.420136 0.492659 -0.464136
v -0.413659 0.483857 -0.468155
v -0.405767 0.476633 -0.473053
v -0.396762 0.471265 -0.478641
v -0.386992 0.467960 -0.484704
v -0.388122 0.581900 -0.486666
v -0.398978 0.578594 -0.482490
v -0.408982 0.573227 -0.478641
v -0.417752 0.566003 -0.475267
v -0.424949 0.557201 -0.472499
v -0.430297 0.547158 -0.470441
v -0.433590 0.536262 -0.469174
v -0.434702 0.524930 -0.468747
v -0.433590 0.513598 -0.469174
v -0.430297 0.502701 -0.470441
v -0.424949 0.492659 -0.472499
v -0.417752 0.483857 -0.475267
v -0.408982 0.476633 -0.478641
v -0.398978 0.471265 -0.482490
v -0.388122 0.467960 -0.486666
v -0.388817 0.581900 -0.488795
v -0.400342 0.578594 -0.486666
v -0.410963 0.573227 -0.484704
v -0.420272 0.566003 -0.482984
v -0.427913 0.557201 -0.481573
v -0.433590 0.547158 -0.480524
v -0.437086 0.536262 -0.479878
v -0.438266 0.524930 -0.479660
v -0.437086 0.513598 -0.479878
v -0.433590 0.502701 -0.480524
v -0.427913 0.492659 -0.481573
v -0.420272 0.483857 -0.482984
v -0.410963 0.476633 -0.484704
v -0.400342 0.471265 -0.486666
v -0.388817 0.467960 -0.488795
v -0.389052 0.581900 -0.491010
v -0.400802 0.578594 -0.491010
v -0.411631 0.573227 -0.491010
v -0.421123 0.566003 -0.491010
v -0.428913 0.557201 -0.491010
v -0.434702 0.547158 -0.491010
v -0.438266 0.536262 -0.491010
v -0.439470 0.524930 -0.491010
v -0.438266 0.513598 -0.491010
v -0.434702 0.502701 -0.491010
v -0.428913 0.492659 -0.491010
v -0.421123 0.483857 -0.491010
v -0.411631 0.476633 -0.491010
v -0.400802 0.471265 -0.491010
v -0.389052 0.467960 -0.491010
v -0.388817 0.581900 -0.493224
v -0.400342 0.578594 -0.495353
v -0.410963 0.573227 -0.497315
v -0.420272 0.566003 -0.499035
v -0.427913 0.557201 -0.500447
v -0.433590 0.547158 -0.501495
v -0.437086 0.536262 -0.502141
v -0.438266 0.524930 -0.502359
v -0.437086 0.513598 -0.502141
v -0.433590 0.502701 -0.501495
v -0.427913 0.492659 -0.500447
v -0.420272 0.483857 -0.499035
v -0.410963 0.476633 -0.497315
v -0.400342 0.471265 -0.495353
v -0.388817 0.467960 -0.493224
v -0.388122 0.581900 -0.495353
v -0.398978 0.578594 -0.499529
v -0.408982 0.573227 -0.503378
v -0.417752 0.566003 -0.506752
v -0.424949 0.557201 -0.509521
v -0.430297 0.547158 -0.511578
v -0.433590 0.536262 -0.512845
v -0.434702 0.524930 -0.513273
v -0.433590 0.513598 -0.512845
v -0.430297 0.502701 -0.511578
v -0.424949 0.492659 -0.509521
v -0.417752 0.483857 -0.506752
v -0.408982 0.476633 -0.503378
v -0.398978 0.471265 -0.499529
v -0.388122 0.467960 -0.495353
v -0.386992 0.581900 -0.497315
v -0.396762 0.578594 -0.503378
v -0.405767 0.573227 -0.508966
v -0.413659 0.566003 -0.513864
v -0.420136 0.557201 -0.517884
v -0.424949 0.547158 -0.520871
v -0.427913 0.536262 -0.522710
v -0.428913 0.524930 -0.523331
v -0.427913 0.513598 -0.522710
v -0.424949 0.502701 -0.520871
v -0.420136 0.492659 -0.517884
v -0.413659 0.483857 -0.513864
v -0.405767 0.476633 -0.508966
v -0.396762 0.471265 -0.503378
v -0.386992 0.467960 -0.497315
v -0.385473 0.581900 -0.499035
v -0.393781 0.578594 -0.506752
v -0.401439 0.573227 -0.513864
v -0.408151 0.566003 -0.520098
v -0.413659 0.557201 -0.525214
v -0.417752 0.547158 -0.529015
v -0.420272 0.536262 -0.531356
v -0.421123 0.524930 -0.532147
v -0.420272 0.513598 -0.531356
v -0.417752 0.502701 -0.529015
v -0.413659 0.492659 -0.525214
v -0.408151 0.483857 -0.520098
v -0.401439 0.476633 -0.513864
v -0.393781 0.471265 -0.506752
v -0.385473 0.467960 -0.499035
v -0.383621 0.581900 -0.500447
v -0.390149 0.578594 -0.509521
v -0.396165 0.573227 -0.517884
v -0.401439 0.566003 -0.525214
v -0.405767 0.557201 -0.531229
v -0.408982 0.547158 -0.535700
v -0.410963 0.536262 -0.538452
v -0.411631 0.524930 -0.539382
v -0.410963 0.513598 -0.538452
v -0.408982 0.502701 -0.535700
v -0.405767 0.492659 -0.531229
v -0.401439 0.483857 -0.525214
v -0.396165 0.476633 -0.517884
v -0.390149 0.471265 -0.509521
v -0.383621 0.467960 -0.500447
v -0.381508 0.581900 -0.501495
v -0.386005 0.578594 -0.511578
v -0.390149 0.573227 -0.520871
v -0.393781 0.566003 -0.529015
v -0.396762 0.557201 -0.535700
v -0.398978 0.547158 -0.540666
v -0.400342 0.536262 -0.543725
v -0.400802 0.524930 -0.544758
v -0.400342 0.513598 -0.543725
v -0.398978 0.502701 -0.540666
v -0.396762 0.492659 -0.535700
v -0.393781 0.483857 -0.529015
v -0.390149 0.476633 -0.520871
v -0.386005 0.471265 -0.511578
v -0.381508 0.467960 -0.501495
v -0.379216 0.581900 -0.502141
v -0.381508 0.578594 -0.512845
v -0.383621 0.573227 -0.522710
v -0.385473 0.566003 -0.531356
v -0.386992 0.557201 -0.538452
v -0.388122 0.547158 -0.543725
v -0.388817 0.536262 -0.546972
v -0.389052 0.524930 -0.548068
v -0.388817 0.513598 -0.546972
v -0.388122 0.502701 -0.543725
v -0.386992 0.492659 -0.538452
v -0.385473 0.483857 -0.531356
v -0.383621 0.476633 -0.522710
v -0.381508 0.471265 -0.512845
v -0.379216 0.467960 -0.502141
v -0.376832 0.581900 -0.502359
v -0.376832 0.578594 -0.513273
v -0.376832 0.566003 -0.532147
v -0.376832 0.547158 -0.544758
v -0.376832 0.502701 -0.544758
v -0.376832 0.483857 -0.532147
v -0.376832 0.476633 -0.523331
v -0.376832 0.471265 -0.513273
v -0.376832 0.467960 -0.502359
vn 0.0804 -0.4704 -0.8788
vn 0.0579 0.7722 -0.6327
vn 0.0705 -0.6334 -0.7706
vn 0.0705 0.6334 -0.7706
vn 0.0579 -0.7722 -0.6327
vn 0.0804 0.4704 -0.8788
vn 0.0430 -0.8814 -0.4704
vn 0.0872 0.2896 -0.9532
vn 0.0265 -0.9567 -0.2898
vn 0.0907 0.0978 -0.9911
vn 0.0090 0.9952 -0.0979
vn 0.0090 -0.9952 -0.0979
vn 0.0907 -0.0978 -0.9911
vn 0.0265 0.9567 -0.2898
vn 0.0872 -0.2896 -0.9532
vn 0.0430 0.8814 -0.4704
vn 0.0786 0.9571 -0.2788
vn 0.2595 -0.2910 -0.9209
vn 0.1276 0.8824 -0.4528
vn 0.2390 -0.4723 -0.8484
vn 0.1718 0.7738 -0.6097
vn 0.2094 -0.6354 -0.7433
vn 0.2094 0.6354 -0.7433
vn 0.1718 -0.7738 -0.6097
vn 0.2390 0.4723 -0.8484
vn 0.1276 -0.8824 -0.4528
vn 0.2595 0.2910 -0.9209
vn 0.0785 -0.9571 -0.2788
vn 0.2699 0.0983 -0.9579
vn 0.0265 0.9952 -0.0941
vn 0.0265 -0.9952 -0.0941
vn 0.2699 -0.0983 -0.9579
vn 0.3911 0.4759 -0.7878
vn 0.2076 -0.8843 -0.4182
vn 0.4251 0.2935 -0.8562
vn 0.1277 -0.9579 -0.2571
vn 0.4425 0.0992 -0.8913
vn 0.0430 0.9953 -0.0867
vn 0.0431 -0.9953 -0.0867
vn 0.4425 -0.0992 -0.8913
vn 0.1276 0.9579 -0.2571
vn 0.4251 -0.2936 -0.8562
vn 0.2076 0.8843 -0.4182
vn 0.3911 -0.4759 -0.7878
vn 0.2800 0.7768 -0.5641
vn 0.3420 -0.6390 -0.6890
vn 0.3420 0.6390 -0.6890
vn 0.2800 -0.7768 -0.5641
vn 0.5788 -0.2970 -0.7594
vn 0.2802 0.8868 -0.3676
vn 0.5316 -0.4807 -0.6974
vn 0.3788 0.7808 -0.4969
vn 0.4638 -0.6439 -0.6085
vn 0.4638 0.6439 -0.6085
vn 0.3788 -0.7808 -0.4969
vn 0.5316 0.4807 -0.6974
vn 0.2802 -0.8868 -0.3676
vn 0.5788 0.2970 -0.7594
vn 0.1720 -0.9589 -0.2256
vn 0.6031 0.1005 -0.7913
vn 0.0580 0.9954 -0.0760
vn 0.0579 -0.9954 -0.0760
vn 0.6031 -0.1005 -0.7913
vn 0.1720 0.9589 -0.2256
vn 0.3425 -0.8895 -0.3026
vn 0.7146 0.3010 -0.6315
vn 0.2098 -0.9600 -0.1854
vn 0.7455 0.1019 -0.6587
vn 0.0706 0.9955 -0.0624
vn 0.0707 -0.9955 -0.0624
vn 0.7455 -0.1019 -0.6587
vn 0.2098 0.9600 -0.1854
vn 0.7146 -0.3010 -0.6315
vn 0.3425 0.8895 -0.3026
vn 0.6549 -0.4860 -0.5787
vn 0.4641 0.7851 -0.4101
vn 0.5699 -0.6493 -0.5036
vn 0.5699 0.6493 -0.5036
vn 0.4641 -0.7851 -0.4101
vn 0.6549 0.4860 -0.5787
vn 0.7550 -0.4911 -0.4345
vn 0.5323 0.7892 -0.3063
vn 0.6553 -0.6545 -0.3771
vn 0.6553 0.6545 -0.3771
vn 0.5323 -0.7892 -0.3063
vn 0.7550 0.4911 -0.4345
vn 0.3918 -0.8920 -0.2255
vn 0.8255 0.3047 -0.4751
vn 0.2396 -0.9610 -0.1379
vn 0.8621 0.1033 -0.4961
vn 0.0806 0.9957 -0.0464
vn 0.0806 -0.9957 -0.0464
vn 0.8621 -0.1033 -0.4961
vn 0.2396 0.9610 -0.1379
vn 0.8255 -0.3047 -0.4751
vn 0.3918 0.8920 -0.2255
vn 0.2602 -0.9618 -0.0850
vn 0.9454 0.1044 -0.3088
vn 0.0875 0.9958 -0.0286
vn 0.0875 -0.9958 -0.0286
vn 0.9454 -0.1044 -0.3088
vn 0.2602 0.9618 -0.0850
vn 0.9045 -0.3077 -0.2954
vn 0.4261 0.8939 -0.1392
vn 0.8259 -0.4951 -0.2697
vn 0.5799 0.7924 -0.1894
vn 0.7154 -0.6585 -0.2337
vn 0.7154 0.6585 -0.2337
vn 0.5799 -0.7924 -0.1894
vn 0.8259 0.4951 -0.2697
vn 0.4261 -0.8939 -0.1392
vn 0.9045 0.3077 -0.2954
vn 0.6044 0.7941 -0.0641
vn 0.7465 -0.6607 -0.0792
vn 0.7465 0.6607 -0.0792
vn 0.6044 -0.7941 -0.0641
vn 0.8628 0.4973 -0.0915
vn 0.4436 -0.8950 -0.0470
vn 0.9457 0.3093 -0.1003
vn 0.2707 -0.9622 -0.0287
vn 0.9889 0.1050 -0.1049
vn 0.0910 0.9958 -0.0096
vn 0.0910 -0.9958 -0.0096
vn 0.9889 -0.1050 -0.1049
vn 0.2707 0.9622 -0.0287
vn 0.9456 -0.3093 -0.1003
vn 0.4436 0.8950 -0.0470
vn 0.8627 -0.4973 -0.0915
vn 0.9889 0.1050 0.1049
vn 0.0910 0.9958 0.0096
vn 0.0910 -0.9958 0.0096
vn 0.9889 -0.1050 0.1049
vn 0.2707 0.9622 0.0287
vn 0.9456 -0.3093 0.1003
vn 0.4436 0.8950 0.0470
vn 0.8627 -0.4973 0.0915
vn 0.6044 0.7941 0.0641
vn 0.7465 -0.6607 0.0792
vn 0.7465 0.6607 0.0792
vn 0.6044 -0.7941 0.0641
vn 0.8628 0.4973 0.0915
vn 0.4436 -0.8950 0.0470
vn 0.9457 0.3093 0.1003
vn 0.2707 -0.9622 0.0287
vn 0.7154 -0.6585 0.2337
vn 0.7154 0.6585 0.2337
vn 0.5799 -0.7924 0.1894
vn 0.8259 0.4951 0.2697
vn 0.4261 -0.8939 0.1392
vn 0.9045 0.3077 0.2954
vn 0.2602 -0.9618 0.0850
vn 0.9454 0.1044 0.3088
vn 0.0875 0.9958 0.0286
vn 0.0875 -0.9958 0.0286
vn 0.9454 -0.1044 0.3088
vn 0.2602 0.9618 0.0850
vn 0.9045 -0.3077 0.2954
vn 0.4261 0.8939 0.1392
vn 0.8259 -0.4951 0.2697
vn 0.5799 0.7924 0.1894
vn 0.0806 0.9957 0.0464
vn 0.0806 -0.9957 0.0464
vn 0.8621 -0.1033 0.4961
vn 0.2396 0.9610 0.1379
vn 0.8255 -0.3047 0.4751
vn 0.3918 0.8920 0.2255
vn 0.7550 -0.4911 0.4345
vn 0.5323 0.7892 0.3063
vn 0.6553 -0.6545 0.3771
vn 0.6553 0.6544 0.3771
vn 0.5323 -0.7892 0.3063
vn 0.7550 0.4911 0.4345
vn 0.3918 -0.8920 0.2255
vn 0.8255 0.3047 0.4751
vn 0.2396 -0.9610 0.1379
vn 0.8621 0.1033 0.4961
vn 0.5699 0.6493 0.5036
vn 0.4641 -0.7851 0.4101
vn 0.6549 0.4860 0.5787
vn 0.3425 -0.8895 0.3026
vn 0.7146 0.3009 0.6315
vn 0.2098 -0.9600 0.1854
vn 0.7455 0.1019 0.6587
vn 0.0706 0.9956 0.0624
vn 0.0707 -0.9955 0.0624
vn 0.7455 -0.1019 0.6587
vn 0.2098 0.9600 0.1854
vn 0.7146 -0.3010 0.6315
vn 0.3425 0.8895 0.3026
vn 0.6549 -0.4860 0.5787
vn 0.4641 0.7851 0.4101
vn 0.5699 -0.6493 0.5036
vn 0.6031 -0.1005 0.7913
vn 0.1720 0.9589 0.2256
vn 0.5788 -0.2970 0.7594
vn 0.2802 0.8868 0.3676
vn 0.5316 -0.4807 0.6974
vn 0.3788 0.7808 0.4969
vn 0.4638 -0.6439 0.6085
vn 0.4638 0.6439 0.6085
vn 0.3788 -0.7808 0.4969
vn 0.5316 0.4807 0.6974
vn 0.2802 -0.8868 0.3676
vn 0.5788 0.2970 0.7594
vn 0.1720 -0.9589 0.2256
vn 0.6031 0.1005 0.7913
vn 0.0580 0.9954 0.0760
vn 0.0579 -0.9954 0.0760
vn 0.2800 -0.7768 0.5641
vn 0.3911 0.4759 0.7878
vn 0.2076 -0.8843 0.4182
vn 0.4251 0.2935 0.8562
vn 0.1277 -0.9579 0.2571
vn 0.4425 0.0992 0.8913
vn 0.0430 0.9953 0.0867
vn 0.0431 -0.9953 0.0867
vn 0.4425 -0.0992 0.8913
vn 0.1276 0.9579 0.2571
vn 0.4251 -0.2936 0.8562
vn 0.2076 0.8843 0.4182
vn 0.3911 -0.4759 0.7878
vn 0.2800 0.7768 0.5641
vn 0.3420 -0.6390 0.6890
vn 0.3420 0.6390 0.6890
vn 0.2594 -0.2910 0.9209
vn 0.1276 0.8824 0.4528
vn 0.2390 -0.4723 0.8484
vn 0.1718 0.7738 0.6097
vn 0.2094 -0.6354 0.7433
vn 0.2094 0.6354 0.7433
vn 0.1718 -0.7738 0.6097
vn 0.2390 0.4723 0.8484
vn 0.1276 -0.8824 0.4528
vn 0.2595 0.2910 0.9209
vn 0.0785 -0.9571 0.2788
vn 0.2699 0.0983 0.9579
vn 0.0265 0.9952 0.0941
vn 0.0265 -0.9952 0.0941
vn 0.2699 -0.0983 0.9579
vn 0.0785 0.9571 0.2788
vn 0.0431 -0.8814 0.4704
vn 0.0872 0.2896 0.9532
vn 0.0266 -0.9567 0.2898
vn 0.0907 0.0978 0.9911
vn 0.0090 0.9952 0.0979
vn 0.0090 -0.9952 0.0979
vn 0.0907 -0.0978 0.9911
vn 0.0265 0.9567 0.2898
vn 0.0872 -0.2896 0.9532
vn 0.0430 0.8814 0.4704
vn 0.0804 -0.4704 0.8788
vn 0.0579 0.7722 0.6327
vn 0.0705 -0.6334 0.7706
vn 0.0705 0.6334 0.7706
vn 0.0579 -0.7722 0.6327
vn 0.0804 0.4704 0.8788
vn -0.0430 0.8814 0.4704
vn -0.0804 -0.4704 0.8788
vn -0.0579 0.7722 0.6327
vn -0.0705 -0.6334 0.7706
vn -0.0705 0.6334 0.7706
vn -0.0579 -0.7722 0.6327
vn -0.0804 0.4704 0.8788
vn -0.0430 -0.8814 0.4704
vn -0.0872 0.2896 0.9532
vn -0.0265 -0.9567 0.2898
vn -0.0907 0.0978 0.9911
vn -0.0090 0.9952 0.0979
vn -0.0090 -0.9952 0.0979
vn -0.0907 -0.0978 0.9911
vn -0.0265 0.9567 0.2898
vn -0.0872 -0.2896 0.9532
vn -0.2595 0.2910 0.9209
vn -0.0785 -0.9571 0.2788
vn -0.2699 0.0983 0.9579
vn -0.0265 0.9952 0.0941
vn -0.0265 -0.9952 0.0941
vn -0.2699 -0.0983 0.9579
vn -0.0785 0.9571 0.2788
vn -0.2594 -0.2910 0.9209
vn -0.1276 0.8824 0.4528
vn -0.2390 -0.4723 0.8484
vn -0.1718 0.7738 0.6097
vn -0.2094 -0.6354 0.7433
vn -0.2094 0.6354 0.7433
vn -0.1718 -0.7738 0.6097
vn -0.2390 0.4723 0.8484
vn -0.1276 -0.8824 0.4528
vn -0.3911 -0.4759 0.7878
vn -0.2800 0.7768 0.5641
vn -0.3420 -0.6390 0.6890
vn -0.3420 0.6390 0.6890
vn -0.2800 -0.7768 0.5641
vn -0.3911 0.4759 0.7878
vn -0.2076 -0.8843 0.4182
vn -0.4251 0.2935 0.8562
vn -0.1277 -0.9579 0.2571
vn -0.4425 0.0992 0.8913
vn -0.0430 0.9953 0.0867
vn -0.0431 -0.9953 0.0867
vn -0.4425 -0.0992 0.8913
vn -0.1276 0.9579 0.2571
vn -0.4251 -0.2936 0.8562
vn -0.2076 0.8843 0.4182
vn -0.1720 -0.9589 0.2256
vn -0.6031 0.1005 0.7913
vn -0.0580 0.9954 0.0760
vn -0.0579 -0.9954 0.0760
vn -0.6031 -0.1005 0.7913
vn -0.1720 0.9589 0.2256
vn -0.5788 -0.2970 0.7594
vn -0.2802 0.8868 0.3676
vn -0.5316 -0.4807 0.6974
vn -0.3788 0.7808 0.4969
vn -0.4638 -0.6439 0.6085
vn -0.4638 0.6439 0.6085
vn -0.3788 -0.7808 0.4969
vn -0.5316 0.4807 0.6974
vn -0.2802 -0.8868 0.3676
vn -0.5788 0.2970 0.7594
vn -0.4641 0.7851 0.4101
vn -0.5699 -0.6493 0.5036
vn -0.5699 0.6493 0.5036
vn -0.4641 -0.7851 0.4101
vn -0.6549 0.4860 0.5787
vn -0.3425 -0.8895 0.3026
vn -0.7146 0.3010 0.6315
vn -0.2098 -0.9600 0.1854
vn -0.7455 0.1019 0.6587
vn -0.0706 0.9956 0.0624
vn -0.0707 -0.9955 0.0624
vn -0.7455 -0.1019 0.6587
vn -0.2098 0.9600 0.1854
vn -0.7146 -0.3010 0.6315
vn -0.3425 0.8895 0.3026
vn -0.6549 -0.4860 0.5787
vn -0.8621 0.1033 0.4961
vn -0.0806 0.9957 0.0464
vn -0.0806 -0.9957 0.0464
vn -0.8621 -0.1033 0.4961
vn -0.2396 0.9610 0.1379
vn -0.8255 -0.3047 0.4751
vn -0.3918 0.8920 0.2255
vn -0.7550 -0.4911 0.4345
vn -0.5323 0.7892 0.3063
vn -0.6553 -0.6545 0.3771
vn -0.6553 0.6545 0.3771
vn -0.5323 -0.7892 0.3063
vn -0.7550 0.4911 0.4345
vn -0.3918 -0.8920 0.2255
vn -0.8255 0.3047 0.4751
vn -0.2396 -0.9610 0.1379
vn -0.7154 -0.6585 0.2337
vn -0.7154 0.6585 0.2337
vn -0.5799 -0.7924 0.1894
vn -0.8259 0.4951 0.2697
vn -0.4261 -0.8939 0.1392
vn -0.9045 0.3077 0.2954
vn -0.2602 -0.9618 0.0850
vn -0.9454 0.1044 0.3088
vn -0.0875 0.9958 0.0286
vn -0.0875 -0.9958 0.0286
vn -0.9454 -0.1044 0.3088
vn -0.2602 0.9618 0.0850
vn -0.9045 -0.3077 0.2954
vn -0.4261 0.8939 0.1392
vn -0.8259 -0.4951 0.2697
vn -0.5799 0.7924 0.1894
vn -0.0910 -0.9958 0.0096
vn -0.9889 -0.1050 0.1049
vn -0.2707 0.9622 0.0287
vn -0.9456 -0.3093 0.1003
vn -0.4436 0.8950 0.0470
vn -0.8627 -0.4973 0.0915
vn -0.6044 0.7941 0.0641
vn -0.7465 -0.6607 0.0792
vn -0.7465 0.6607 0.0792
vn -0.6044 -0.7941 0.0641
vn -0.8628 0.4973 0.0915
vn -0.4436 -0.8950 0.0470
vn -0.9457 0.3093 0.1003
vn -0.2707 -0.9622 0.0287
vn -0.9889 0.1050 0.1049
vn -0.0910 0.9958 0.0096
vn -0.6044 -0.7941 -0.0641
vn -0.8628 0.4973 -0.0915
vn -0.4436 -0.8950 -0.0470
vn -0.9456 0.3093 -0.1003
vn -0.2707 -0.9622 -0.0287
vn -0.9889 0.1050 -0.1049
vn -0.0910 0.9958 -0.0096
vn -0.0910 -0.9958 -0.0096
vn -0.9889 -0.1050 -0.1049
vn -0.2707 0.9622 -0.0287
vn -0.9457 -0.3093 -0.1003
vn -0.4436 0.8950 -0.0470
vn -0.8627 -0.4973 -0.0915
vn -0.6044 0.7941 -0.0641
vn -0.7465 -0.6607 -0.0792
vn -0.7465 0.6607 -0.0792
vn -0.2602 0.9618 -0.0850
vn -0.9045 -0.3077 -0.2954
vn -0.4261 0.8939 -0.1392
vn -0.8259 -0.4951 -0.2697
vn -0.5799 0.7924 -0.1894
vn -0.7154 -0.6585 -0.2337
vn -0.7154 0.6585 -0.2337
vn -0.5799 -0.7924 -0.1894
vn -0.8259 0.4951 -0.2698
vn -0.4261 -0.8939 -0.1392
vn -0.9045 0.3077 -0.2954
vn -0.2602 -0.9618 -0.0850
vn -0.9454 0.1044 -0.3088
vn -0.0875 0.9958 -0.0286
vn -0.0875 -0.9958 -0.0286
vn -0.9454 -0.1044 -0.3088
vn -0.7550 0.4911 -0.4345
vn -0.3918 -0.8920 -0.2255
vn -0.8255 0.3047 -0.4751
vn -0.2396 -0.9610 -0.1379
vn -0.8621 0.1033 -0.4961
vn -0.0806 0.9957 -0.0464
vn -0.0806 -0.9957 -0.0464
vn -0.8621 -0.1033 -0.4961
vn -0.2396 0.9610 -0.1379
vn -0.8255 -0.3047 -0.4751
vn -0.3918 0.8920 -0.2255
vn -0.7550 -0.4911 -0.4345
vn -0.5323 0.7892 -0.3063
vn -0.6553 -0.6545 -0.3772
vn -0.6553 0.6545 -0.3771
vn -0.5323 -0.7892 -0.3063
vn -0.7146 -0.3010 -0.6315
vn -0.3425 0.8895 -0.3026
vn -0.6549 -0.4860 -0.5787
vn -0.4641 0.7851 -0.4101
vn -0.5699 -0.6493 -0.5036
vn -0.5699 0.6493 -0.5036
vn -0.4641 -0.7851 -0.4101
vn -0.6549 0.4860 -0.5787
vn -0.3425 -0.8895 -0.3026
vn -0.7146 0.3010 -0.6315
vn -0.2098 -0.9600 -0.1854
vn -0.7455 0.1019 -0.6587
vn -0.0706 0.9956 -0.0624
vn -0.0707 -0.9955 -0.0624
vn -0.7455 -0.1019 -0.6587
vn -0.2098 0.9600 -0.1854
vn -0.2802 -0.8868 -0.3676
vn -0.5788 0.2970 -0.7594
vn -0.1720 -0.9589 -0.2256
vn -0.6031 0.1005 -0.7913
vn -0.0580 0.9954 -0.0760
vn -0.0579 -0.9954 -0.0760
vn -0.6031 -0.1005 -0.7913
vn -0.1720 0.9589 -0.2256
vn -0.5788 -0.2970 -0.7594
vn -0.2802 0.8868 -0.3676
vn -0.5316 -0.4807 -0.6974
vn -0.3788 0.7808 -0.4969
vn -0.4638 -0.6439 -0.6085
vn -0.4638 0.6439 -0.6085
vn -0.3788 -0.7808 -0.4969
vn -0.5316 0.4807 -0.6974
vn -0.2076 0.8843 -0.4182
vn -0.3911 -0.4759 -0.7878
vn -0.2800 0.7768 -0.5641
vn -0.3420 -0.6390 -0.6890
vn -0.3420 0.6390 -0.6890
vn -0.2800 -0.7768 -0.5641
vn -0.3911 0.4759 -0.7878
vn -0.2076 -0.8843 -0.4182
vn -0.4251 0.2935 -0.8562
vn -0.1277 -0.9579 -0.2571
vn -0.4425 0.0992 -0.8913
vn -0.0430 0.9953 -0.0867
vn -0.0431 -0.9953 -0.0867
vn -0.4425 -0.0992 -0.8913
vn -0.1276 0.9579 -0.2571
vn -0.4251 -0.2935 -0.8562
vn -0.2595 0.2910 -0.9209
vn -0.0785 -0.9571 -0.2788
vn -0.2699 0.0983 -0.9579
vn -0.0264 0.9952 -0.0941
vn -0.0265 -0.9952 -0.0941
vn -0.2699 -0.0983 -0.9579
vn -0.0786 0.9571 -0.2788
vn -0.2594 -0.2910 -0.9209
vn -0.1276 0.8824 -0.4528
vn -0.2390 -0.4723 -0.8484
vn -0.1718 0.7738 -0.6097
vn -0.2094 -0.6354 -0.7433
vn -0.2094 0.6354 -0.7433
vn -0.1718 -0.7738 -0.6097
vn -0.2390 0.4723 -0.8484
vn -0.1276 -0.8824 -0.4528
vn -0.0804 -0.4704 -0.8788
vn -0.0579 0.7722 -0.6327
vn -0.0705 -0.6334 -0.7706
vn -0.0705 0.6334 -0.7706
vn -0.0579 -0.7722 -0.6327
vn -0.0804 0.4704 -0.8788
vn -0.0430 -0.8814 -0.4704
vn -0.0872 0.2896 -0.9532
vn -0.0266 -0.9567 -0.2898
vn -0.0907 0.0978 -0.9911
vn -0.0090 0.9952 -0.0979
vn -0.0090 -0.9952 -0.0979
vn -0.0907 -0.0978 -0.9911
vn -0.0265 0.9567 -0.2898
vn -0.0872 -0.2896 -0.9532
vn -0.0430 0.8814 -0.4704
vn 0.0785 0.9571 -0.2788
vn 0.2594 0.2910 -0.9209
vn 0.1276 -0.9579 -0.2571
vn 0.4251 -0.2935 -0.8562
vn 0.1719 0.9589 -0.2256
vn 0.3424 -0.8895 -0.3026
vn 0.3424 0.8895 -0.3026
vn 0.6553 -0.6544 -0.3771
vn 0.6553 0.6544 -0.3771
vn 0.8259 -0.4951 -0.2698
vn 0.7154 -0.6584 -0.2337
vn 0.8259 0.4951 -0.2698
vn 0.7465 -0.6606 -0.0792
vn 0.8627 0.4973 -0.0915
vn 0.9457 -0.3093 -0.1003
vn 0.9457 -0.3093 0.1003
vn 0.7465 -0.6606 0.0792
vn 0.8627 0.4973 0.0915
vn 0.9456 0.3093 0.1003
vn 0.7154 -0.6584 0.2337
vn 0.8259 0.4951 0.2698
vn 0.8259 -0.4951 0.2698
vn 0.6553 -0.6544 0.3771
vn 0.3424 -0.8895 0.3026
vn 0.7146 0.3010 0.6315
vn 0.7146 -0.3009 0.6315
vn 0.1719 0.9589 0.2256
vn 0.1276 -0.9579 0.2571
vn 0.4251 -0.2935 0.8562
vn 0.2595 -0.2910 0.9209
vn 0.2594 0.2910 0.9209
vn 0.0430 -0.8814 0.4704
vn 0.0265 -0.9567 0.2898
vn -0.2594 0.2910 0.9209
vn -0.2595 -0.2910 0.9209
vn -0.1276 -0.9579 0.2571
vn -0.4251 -0.2935 0.8562
vn -0.1719 0.9589 0.2256
vn -0.3424 -0.8895 0.3026
vn -0.6553 -0.6544 0.3771
vn -0.6553 0.6544 0.3771
vn -0.8259 0.4951 0.2698
vn -0.8259 -0.4951 0.2698
vn -0.9457 -0.3093 0.1003
vn -0.7465 -0.6606 0.0792
vn -0.7465 0.6606 0.0792
vn -0.8627 0.4973 0.0915
vn -0.9456 0.3093 0.1003
vn -0.9457 0.3093 -0.1003
vn -0.9456 -0.3093 -0.1003
vn -0.7465 -0.6606 -0.0792
vn -0.8259 -0.4951 -0.2698
vn -0.7154 -0.6584 -0.2337
vn -0.6553 -0.6544 -0.3771
vn -0.6553 0.6544 -0.3771
vn -0.3424 -0.8895 -0.3026
vn -0.1719 0.9589 -0.2256
vn -0.1276 -0.9579 -0.2571
vn -0.2594 0.2910 -0.9209
vn -0.0785 0.9571 -0.2788
vn -0.2595 -0.2910 -0.9209
vn -0.0265 -0.9567 -0.2898
vt 0.580867 0.541907
vt 0.586284 0.535081
vt 0.587516 0.540584
vt 0.541528 0.538580
vt 0.535670 0.531160
vt 0.543076 0.533499
vt 0.592980 0.533500
vt 0.594528 0.538581
vt 0.548539 0.540583
vt 0.549772 0.535081
vt 0.600386 0.531161
vt 0.602153 0.535659
vt 0.555189 0.541906
vt 0.556049 0.536111
vt 0.609066 0.527641
vt 0.610867 0.531337
vt 0.561641 0.542677
vt 0.562091 0.536696
vt 0.620590 0.521949
vt 0.621950 0.524518
vt 0.568028 0.542966
vt 0.568028 0.536879
vt 0.514106 0.524517
vt 0.502233 0.516742
vt 0.515466 0.521947
vt 0.633823 0.516744
vt 0.573965 0.536696
vt 0.574414 0.542677
vt 0.525189 0.531336
vt 0.526990 0.527640
vt 0.580007 0.536112
vt 0.533903 0.535658
vt 0.516618 0.519301
vt 0.528501 0.523975
vt 0.579310 0.530675
vt 0.537139 0.526802
vt 0.585274 0.529883
vt 0.544354 0.528649
vt 0.591702 0.528650
vt 0.550782 0.529882
vt 0.598917 0.526803
vt 0.556746 0.530675
vt 0.607555 0.523977
vt 0.562448 0.531115
vt 0.619439 0.519302
vt 0.568028 0.531245
vt 0.502931 0.515347
vt 0.633125 0.515349
vt 0.573608 0.531115
vt 0.551602 0.524954
vt 0.557310 0.525553
vt 0.606308 0.520358
vt 0.562734 0.525880
vt 0.618487 0.516608
vt 0.568028 0.525972
vt 0.503533 0.513786
vt 0.517569 0.516606
vt 0.632523 0.513788
vt 0.573322 0.525880
vt 0.529748 0.520357
vt 0.578747 0.525553
vt 0.538344 0.522580
vt 0.584454 0.524955
vt 0.545396 0.524012
vt 0.590660 0.524012
vt 0.597712 0.522581
vt 0.578300 0.520700
vt 0.530747 0.516790
vt 0.539306 0.518485
vt 0.583803 0.520261
vt 0.546226 0.519561
vt 0.589830 0.519561
vt 0.552253 0.520261
vt 0.596750 0.518486
vt 0.557756 0.520699
vt 0.605309 0.516791
vt 0.562961 0.520935
vt 0.617731 0.513888
vt 0.568028 0.520998
vt 0.504029 0.512098
vt 0.518326 0.513886
vt 0.632027 0.512100
vt 0.573096 0.520935
vt 0.604548 0.513275
vt 0.558097 0.516065
vt 0.563134 0.516226
vt 0.617169 0.511157
vt 0.568028 0.516265
vt 0.504409 0.510313
vt 0.518888 0.511155
vt 0.631648 0.510315
vt 0.572923 0.516226
vt 0.531508 0.513273
vt 0.577960 0.516066
vt 0.540039 0.514498
vt 0.583307 0.515760
vt 0.546859 0.515266
vt 0.589198 0.515267
vt 0.552750 0.515760
vt 0.596017 0.514499
vt 0.582956 0.511407
vt 0.540552 0.510598
vt 0.547303 0.511092
vt 0.588753 0.511093
vt 0.553101 0.511407
vt 0.595505 0.510599
vt 0.558339 0.511599
vt 0.604020 0.509803
vt 0.563258 0.511697
vt 0.616802 0.508422
vt 0.568028 0.511716
vt 0.504659 0.508459
vt 0.519255 0.508421
vt 0.631398 0.508461
vt 0.572799 0.511697
vt 0.532037 0.509801
vt 0.577718 0.511599
vt 0.616633 0.505686
vt 0.563336 0.507289
vt 0.568028 0.507294
vt 0.504766 0.506556
vt 0.519424 0.505685
vt 0.631291 0.506558
vt 0.572721 0.507289
vt 0.532335 0.506362
vt 0.577570 0.507244
vt 0.540849 0.506757
vt 0.582746 0.507152
vt 0.547565 0.506999
vt 0.588492 0.507000
vt 0.553311 0.507152
vt 0.595208 0.506758
vt 0.558487 0.507244
vt 0.603722 0.506364
vt 0.540930 0.502943
vt 0.547646 0.502943
vt 0.588411 0.502944
vt 0.553383 0.502943
vt 0.595127 0.502944
vt 0.558546 0.502943
vt 0.603653 0.502944
vt 0.563373 0.502943
vt 0.616663 0.502944
vt 0.568028 0.502943
vt 0.504719 0.504615
vt 0.519394 0.502943
vt 0.631338 0.504617
vt 0.572684 0.502943
vt 0.532404 0.502943
vt 0.577511 0.502943
vt 0.582673 0.502944
vt 0.568029 0.498593
vt 0.504718 0.501271
vt 0.519424 0.500201
vt 0.631339 0.501273
vt 0.616633 0.500203
vt 0.572721 0.498597
vt 0.532335 0.499523
vt 0.577570 0.498643
vt 0.540849 0.499129
vt 0.582746 0.498735
vt 0.547565 0.498887
vt 0.588492 0.498888
vt 0.553311 0.498734
vt 0.595208 0.499130
vt 0.558487 0.498642
vt 0.603722 0.499525
vt 0.563336 0.498597
vt 0.582956 0.494480
vt 0.588754 0.494794
vt 0.553101 0.494479
vt 0.595505 0.495288
vt 0.558339 0.494288
vt 0.604020 0.496086
vt 0.563258 0.494189
vt 0.616803 0.497467
vt 0.568029 0.494171
vt 0.504766 0.499330
vt 0.519255 0.497465
vt 0.631291 0.499332
vt 0.572799 0.494190
vt 0.532037 0.496084
vt 0.577718 0.494288
vt 0.540552 0.495288
vt 0.547303 0.494794
vt 0.504658 0.497427
vt 0.518888 0.494731
vt 0.631399 0.497429
vt 0.617169 0.494732
vt 0.568029 0.489622
vt 0.572923 0.489660
vt 0.531508 0.492612
vt 0.577960 0.489821
vt 0.540040 0.491387
vt 0.583307 0.490127
vt 0.546859 0.490620
vt 0.589198 0.490620
vt 0.552750 0.490126
vt 0.596018 0.491388
vt 0.558097 0.489821
vt 0.604549 0.492613
vt 0.563134 0.489660
vt 0.552254 0.485625
vt 0.589831 0.486326
vt 0.596751 0.487402
vt 0.557757 0.485187
vt 0.605310 0.489097
vt 0.562961 0.484951
vt 0.617732 0.492001
vt 0.568029 0.484889
vt 0.504408 0.495573
vt 0.518326 0.492000
vt 0.631649 0.495575
vt 0.573096 0.484951
vt 0.530747 0.489096
vt 0.578301 0.485187
vt 0.539306 0.487401
vt 0.583804 0.485626
vt 0.546227 0.486325
vt 0.568029 0.479914
vt 0.573323 0.480007
vt 0.529749 0.485529
vt 0.578747 0.480334
vt 0.538344 0.483305
vt 0.584455 0.480932
vt 0.545397 0.481874
vt 0.590661 0.481875
vt 0.551602 0.480931
vt 0.597713 0.483306
vt 0.557310 0.480333
vt 0.606309 0.485530
vt 0.562735 0.480006
vt 0.618488 0.489281
vt 0.504029 0.493788
vt 0.517569 0.489279
vt 0.632028 0.493790
vt 0.591703 0.477237
vt 0.598918 0.479085
vt 0.556747 0.475211
vt 0.607556 0.481911
vt 0.562449 0.474771
vt 0.619440 0.486587
vt 0.568029 0.474642
vt 0.503533 0.492099
vt 0.516617 0.486585
vt 0.632525 0.492101
vt 0.573609 0.474771
vt 0.528501 0.481910
vt 0.579311 0.475212
vt 0.537140 0.479084
vt 0.585275 0.476004
vt 0.544355 0.477236
vt 0.550782 0.476004
vt 0.573966 0.469190
vt 0.580009 0.469775
vt 0.535670 0.474725
vt 0.586286 0.470806
vt 0.543077 0.472387
vt 0.592981 0.472388
vt 0.549773 0.470805
vt 0.600388 0.474726
vt 0.556050 0.469775
vt 0.609068 0.478247
vt 0.562092 0.469190
vt 0.620592 0.483940
vt 0.568029 0.469007
vt 0.502931 0.490539
vt 0.515466 0.483938
vt 0.633127 0.490541
vt 0.526990 0.478246
vt 0.602155 0.470229
vt 0.610869 0.474551
vt 0.561643 0.463209
vt 0.621952 0.481370
vt 0.568029 0.462920
vt 0.502231 0.489144
vt 0.514106 0.481368
vt 0.633826 0.489146
vt 0.574416 0.463210
vt 0.525189 0.474549
vt 0.580868 0.463980
vt 0.533903 0.470228
vt 0.587518 0.465303
vt 0.541529 0.467306
vt 0.594529 0.467307
vt 0.548540 0.465302
vt 0.555190 0.463979
vt 0.522976 0.470893
vt 0.531733 0.465621
vt 0.589004 0.459459
vt 0.539639 0.461984
vt 0.596419 0.461985
vt 0.547055 0.459458
vt 0.604325 0.465622
vt 0.554176 0.457778
vt 0.613082 0.470895
vt 0.561134 0.456803
vt 0.623706 0.479012
vt 0.568029 0.456462
vt 0.501852 0.488827
vt 0.512351 0.479011
vt 0.634206 0.488829
vt 0.574925 0.456803
vt 0.581882 0.457779
vt 0.552924 0.451095
vt 0.560500 0.449861
vt 0.625687 0.476772
vt 0.568029 0.449436
vt 0.500662 0.487888
vt 0.510371 0.476770
vt 0.635395 0.487891
vt 0.575559 0.449861
vt 0.520393 0.467274
vt 0.583135 0.451096
vt 0.529140 0.460890
vt 0.590824 0.453218
vt 0.537347 0.456386
vt 0.598711 0.456387
vt 0.545235 0.453217
vt 0.606918 0.460891
vt 0.615665 0.467276
vt 0.593071 0.446525
vt 0.526030 0.456062
vt 0.534549 0.450497
vt 0.601510 0.450498
vt 0.542988 0.446524
vt 0.610028 0.456063
vt 0.551367 0.443843
vt 0.618676 0.463748
vt 0.559706 0.442280
vt 0.627896 0.474697
vt 0.568029 0.441744
vt 0.499427 0.487113
vt 0.508162 0.474695
vt 0.636630 0.487115
vt 0.576353 0.442280
vt 0.517382 0.463746
vt 0.584692 0.443844
vt 0.630334 0.472844
vt 0.558703 0.433919
vt 0.568030 0.433238
vt 0.498193 0.486535
vt 0.505724 0.472842
vt 0.637865 0.486537
vt 0.577357 0.433919
vt 0.513874 0.460386
vt 0.586651 0.435908
vt 0.522280 0.451181
vt 0.595876 0.439310
vt 0.531101 0.444306
vt 0.604958 0.444307
vt 0.540183 0.439309
vt 0.613778 0.451183
vt 0.549408 0.435908
vt 0.622185 0.460387
vt 0.517729 0.446320
vt 0.526802 0.437802
vt 0.609258 0.437803
vt 0.536629 0.431476
vt 0.618330 0.446322
vt 0.546905 0.427126
vt 0.626266 0.457300
vt 0.557417 0.424576
vt 0.633001 0.471281
vt 0.568030 0.423708
vt 0.497013 0.486182
vt 0.503057 0.471279
vt 0.639044 0.486184
vt 0.578642 0.424577
vt 0.509792 0.457298
vt 0.589154 0.427127
vt 0.599430 0.431477
vt 0.555746 0.413966
vt 0.568030 0.412854
vt 0.495954 0.486066
vt 0.500171 0.470080
vt 0.640104 0.486068
vt 0.635887 0.470082
vt 0.580314 0.413966
vt 0.505058 0.454630
vt 0.592406 0.417265
vt 0.512170 0.441595
vt 0.604011 0.422897
vt 0.521367 0.430990
vt 0.614692 0.430991
vt 0.532049 0.422896
vt 0.623889 0.441597
vt 0.543654 0.417265
vt 0.631000 0.454632
vt 0.621663 0.423909
vt 0.514396 0.423907
vt 0.526025 0.413395
vt 0.630715 0.437199
vt 0.539344 0.405977
vt 0.636456 0.452584
vt 0.553547 0.401665
vt 0.638964 0.469331
vt 0.568030 0.400268
vt 0.495090 0.486177
vt 0.497094 0.469328
vt 0.640967 0.486179
vt 0.582513 0.401666
vt 0.499602 0.452582
vt 0.596716 0.405978
vt 0.505344 0.437197
vt 0.610034 0.413396
vt 0.641548 0.486465
vt 0.642180 0.469117
vt 0.585438 0.387041
vt 0.493879 0.469115
vt 0.493383 0.451431
vt 0.602580 0.392739
vt 0.496938 0.433455
vt 0.618160 0.402757
vt 0.505303 0.416685
vt 0.630757 0.416687
vt 0.517900 0.402755
vt 0.639121 0.433457
vt 0.533480 0.392738
vt 0.642675 0.451433
vt 0.550623 0.387041
vt 0.568030 0.385492
vt 0.494510 0.486463
vt 0.639117 0.572431
vt 0.621660 0.581978
vt 0.630711 0.568689
vt 0.517898 0.603128
vt 0.539341 0.599907
vt 0.533477 0.613146
vt 0.642672 0.554455
vt 0.636453 0.553304
vt 0.553544 0.604219
vt 0.550619 0.618843
vt 0.642177 0.536772
vt 0.638962 0.536558
vt 0.568027 0.605616
vt 0.568027 0.620393
vt 0.493879 0.536769
vt 0.494511 0.519422
vt 0.497094 0.536556
vt 0.641546 0.519424
vt 0.585434 0.618844
vt 0.582510 0.604220
vt 0.499602 0.553302
vt 0.493383 0.554453
vt 0.602576 0.613147
vt 0.596713 0.599908
vt 0.505344 0.568687
vt 0.496938 0.572428
vt 0.618156 0.603130
vt 0.610031 0.592491
vt 0.514395 0.581976
vt 0.505302 0.589198
vt 0.630753 0.589200
vt 0.526023 0.592489
vt 0.505058 0.551254
vt 0.580310 0.591920
vt 0.592403 0.588621
vt 0.512169 0.564289
vt 0.604007 0.582989
vt 0.521366 0.574894
vt 0.614689 0.574896
vt 0.532047 0.582988
vt 0.623886 0.564291
vt 0.543651 0.588620
vt 0.630997 0.551256
vt 0.555744 0.591919
vt 0.635884 0.535807
vt 0.568027 0.593031
vt 0.495091 0.519708
vt 0.500172 0.535805
vt 0.640965 0.519710
vt 0.546904 0.578759
vt 0.618327 0.559566
vt 0.626264 0.548588
vt 0.557415 0.581309
vt 0.632999 0.534608
vt 0.568027 0.582178
vt 0.495955 0.519819
vt 0.503057 0.534606
vt 0.640102 0.519821
vt 0.578639 0.581309
vt 0.509792 0.548586
vt 0.589151 0.578759
vt 0.517728 0.559564
vt 0.599427 0.574409
vt 0.526800 0.568083
vt 0.609255 0.568084
vt 0.536628 0.574408
vt 0.577354 0.571967
vt 0.586649 0.569978
vt 0.522280 0.554703
vt 0.595873 0.566576
vt 0.531100 0.561579
vt 0.604955 0.561580
vt 0.540182 0.566576
vt 0.613776 0.554705
vt 0.549406 0.569977
vt 0.622182 0.545501
vt 0.558701 0.571967
vt 0.630332 0.533044
vt 0.568027 0.572648
vt 0.497014 0.519703
vt 0.505724 0.533042
vt 0.639042 0.519706
vt 0.513873 0.545499
vt 0.610026 0.549824
vt 0.618674 0.542140
vt 0.559704 0.563605
vt 0.627894 0.531192
vt 0.568027 0.564142
vt 0.498193 0.519350
vt 0.508162 0.531190
vt 0.637863 0.519352
vt 0.576351 0.563606
vt 0.517382 0.542138
vt 0.584690 0.562043
vt 0.526030 0.549823
vt 0.593068 0.559361
vt 0.534548 0.555388
vt 0.601507 0.555389
vt 0.542987 0.559361
vt 0.551365 0.562042
vt 0.529139 0.544995
vt 0.583133 0.554791
vt 0.590822 0.552669
vt 0.537346 0.549500
vt 0.598710 0.549501
vt 0.545234 0.552668
vt 0.606916 0.544996
vt 0.552922 0.554790
vt 0.615663 0.538612
vt 0.560498 0.556025
vt 0.625685 0.529117
vt 0.568028 0.556450
vt 0.499428 0.518772
vt 0.510371 0.529115
vt 0.636629 0.518774
vt 0.575557 0.556025
vt 0.520393 0.538610
vt 0.561133 0.549083
vt 0.613080 0.534993
vt 0.623705 0.526876
vt 0.568028 0.549424
vt 0.500663 0.517996
vt 0.512352 0.526874
vt 0.635393 0.517999
vt 0.574923 0.549083
vt 0.522976 0.534992
vt 0.581881 0.548108
vt 0.531733 0.540264
vt 0.589002 0.546428
vt 0.539638 0.543902
vt 0.596417 0.543903
vt 0.547054 0.546427
vt 0.604323 0.540265
vt 0.554175 0.548107
vt 0.501852 0.517058
vt 0.634204 0.517060
s 0
usemtl マテリアル
f 960/560/533 499/561/533 488/562/533
f 958/563/534 491/564/534 492/565/534
f 488/562/535 500/566/535 961/567/535
f 484/568/536 492/565/536 493/569/536
f 961/567/537 501/570/537 962/571/537
f 959/572/538 493/569/538 494/573/538
f 962/571/539 502/574/539 963/575/539
f 485/576/540 494/573/540 495/577/540
f 963/575/541 503/578/541 964/579/541
f 486/580/542 495/577/542 496/581/542
f 956/582/543 564/583/543 489/584/543
f 790/585/544 964/579/544 503/578/544
f 486/580/545 497/586/545 487/587/545
f 957/588/546 489/584/546 490/589/546
f 487/587/547 498/590/547 960/560/547
f 483/591/548 490/589/548 491/564/548
f 490/589/549 504/592/549 505/593/549
f 497/586/550 513/594/550 498/590/550
f 491/564/551 505/593/551 506/595/551
f 498/590/552 514/596/552 499/561/552
f 492/565/553 506/595/553 507/597/553
f 499/561/554 515/598/554 500/566/554
f 493/569/555 507/597/555 508/599/555
f 500/566/556 516/600/556 501/570/556
f 494/573/557 508/599/557 509/601/557
f 501/570/558 517/602/558 502/574/558
f 495/577/559 509/601/559 510/603/559
f 502/574/560 518/604/560 503/578/560
f 496/581/561 510/603/561 511/605/561
f 489/584/562 564/606/562 504/592/562
f 790/607/563 503/578/563 518/604/563
f 496/581/564 512/608/564 497/586/564
f 509/601/565 523/609/565 524/610/565
f 516/600/566 532/611/566 517/602/566
f 510/603/567 524/610/567 525/612/567
f 517/602/568 533/613/568 518/604/568
f 511/605/569 525/612/569 526/614/569
f 504/592/570 564/615/570 519/616/570
f 790/617/571 518/604/571 533/613/571
f 511/605/572 527/618/572 512/608/572
f 505/593/573 519/616/573 520/619/573
f 512/608/574 528/620/574 513/594/574
f 506/595/575 520/619/575 521/621/575
f 513/594/576 529/622/576 514/596/576
f 507/597/577 521/621/577 522/623/577
f 514/596/578 530/624/578 515/598/578
f 508/599/579 522/623/579 523/609/579
f 515/598/580 531/625/580 516/600/580
f 527/618/581 543/626/581 528/620/581
f 521/621/582 535/627/582 536/628/582
f 528/620/583 544/629/583 529/622/583
f 522/623/584 536/628/584 537/630/584
f 529/622/585 545/631/585 530/624/585
f 523/609/586 537/630/586 538/632/586
f 530/624/587 546/633/587 531/625/587
f 524/610/588 538/632/588 539/634/588
f 531/625/589 547/635/589 532/611/589
f 525/612/590 539/634/590 540/636/590
f 532/611/591 548/637/591 533/613/591
f 526/614/592 540/636/592 541/638/592
f 519/616/593 564/639/593 534/640/593
f 790/641/594 533/613/594 548/637/594
f 526/614/595 542/642/595 527/618/595
f 520/619/596 534/640/596 535/627/596
f 546/633/597 562/643/597 547/635/597
f 540/636/598 554/644/598 555/645/598
f 547/635/599 563/646/599 548/637/599
f 541/638/600 555/645/600 556/647/600
f 534/640/601 564/648/601 549/649/601
f 790/650/602 548/637/602 563/646/602
f 541/638/603 557/651/603 542/642/603
f 535/627/604 549/649/604 550/652/604
f 542/642/605 558/653/605 543/626/605
f 536/628/606 550/652/606 551/654/606
f 543/626/607 559/655/607 544/629/607
f 537/630/608 551/654/608 552/656/608
f 544/629/609 560/657/609 545/631/609
f 538/632/610 552/656/610 553/658/610
f 545/631/611 561/659/611 546/633/611
f 539/634/612 553/658/612 554/644/612
f 558/653/613 575/660/613 559/655/613
f 552/656/614 567/661/614 568/662/614
f 559/655/615 576/663/615 560/657/615
f 553/658/616 568/662/616 569/664/616
f 560/657/617 577/665/617 561/659/617
f 554/644/618 569/664/618 570/666/618
f 561/659/619 578/667/619 562/643/619
f 555/645/620 570/666/620 571/668/620
f 562/643/621 579/669/621 563/646/621
f 556/647/622 571/668/622 572/670/622
f 549/649/623 564/671/623 565/672/623
f 790/673/624 563/646/624 579/669/624
f 556/647/625 573/674/625 557/651/625
f 550/652/626 565/672/626 566/675/626
f 557/651/627 574/676/627 558/653/627
f 551/654/628 566/675/628 567/661/628
f 578/667/629 594/677/629 579/669/629
f 572/670/630 586/678/630 587/679/630
f 565/672/631 564/680/631 580/681/631
f 790/682/632 579/669/632 594/677/632
f 572/670/633 588/683/633 573/674/633
f 566/675/634 580/681/634 581/684/634
f 573/674/635 589/685/635 574/676/635
f 567/661/636 581/684/636 582/686/636
f 574/676/637 590/687/637 575/660/637
f 568/662/638 582/686/638 583/688/638
f 575/660/639 591/689/639 576/663/639
f 569/664/640 583/688/640 584/690/640
f 576/663/641 592/691/641 577/665/641
f 570/666/642 584/690/642 585/692/642
f 577/665/643 593/693/643 578/667/643
f 571/668/644 585/692/644 586/678/644
f 583/688/645 597/694/645 598/695/645
f 590/687/646 606/696/646 591/689/646
f 584/690/647 598/695/647 599/697/647
f 591/689/648 607/698/648 592/691/648
f 585/692/649 599/697/649 600/699/649
f 592/691/650 608/700/650 593/693/650
f 586/678/651 600/699/651 601/701/651
f 593/693/652 609/702/652 594/677/652
f 587/679/653 601/701/653 602/703/653
f 580/681/654 564/704/654 595/705/654
f 790/706/655 594/677/655 609/702/655
f 587/679/656 603/707/656 588/683/656
f 581/684/657 595/705/657 596/708/657
f 588/683/658 604/709/658 589/685/658
f 582/686/659 596/708/659 597/694/659
f 589/685/660 605/710/660 590/687/660
f 601/701/661 617/711/661 602/703/661
f 595/705/662 564/712/662 610/713/662
f 790/714/663 609/702/663 624/715/663
f 603/707/664 617/711/664 618/716/664
f 595/705/665 611/717/665 596/708/665
f 604/709/666 618/716/666 619/718/666
f 596/708/667 612/719/667 597/694/667
f 605/710/668 619/718/668 620/720/668
f 597/694/669 613/721/669 598/695/669
f 606/696/670 620/720/670 621/722/670
f 598/695/671 614/723/671 599/697/671
f 607/698/672 621/722/672 622/724/672
f 599/697/673 615/725/673 600/699/673
f 608/700/674 622/724/674 623/726/674
f 600/699/675 616/727/675 601/701/675
f 609/702/676 623/726/676 624/715/676
f 621/722/677 635/728/677 636/729/677
f 613/721/678 629/730/678 614/723/678
f 622/724/679 636/729/679 637/731/679
f 614/723/680 630/732/680 615/725/680
f 623/726/681 637/731/681 638/733/681
f 615/725/682 631/734/682 616/727/682
f 624/715/683 638/733/683 639/735/683
f 616/727/684 632/736/684 617/711/684
f 610/713/685 564/737/685 625/738/685
f 790/739/686 624/715/686 639/735/686
f 618/716/687 632/736/687 633/740/687
f 610/713/688 626/741/688 611/717/688
f 619/718/689 633/740/689 634/742/689
f 611/717/690 627/743/690 612/719/690
f 620/720/691 634/742/691 635/728/691
f 612/719/692 628/744/692 613/721/692
f 625/738/693 564/745/693 640/746/693
f 790/747/694 639/735/694 654/748/694
f 633/740/695 647/749/695 648/750/695
f 625/738/696 641/751/696 626/741/696
f 634/742/697 648/750/697 649/752/697
f 626/741/698 642/753/698 627/743/698
f 635/728/699 649/752/699 650/754/699
f 627/743/700 643/755/700 628/744/700
f 636/729/701 650/754/701 651/756/701
f 628/744/702 644/757/702 629/730/702
f 637/731/703 651/756/703 652/758/703
f 629/730/704 645/759/704 630/732/704
f 638/733/705 652/758/705 653/760/705
f 630/732/706 646/761/706 631/734/706
f 639/735/707 653/760/707 654/748/707
f 631/734/708 647/749/708 632/736/708
f 643/755/709 659/762/709 644/757/709
f 652/758/710 666/763/710 667/764/710
f 644/757/711 660/765/711 645/759/711
f 653/760/712 667/764/712 668/766/712
f 645/759/713 661/767/713 646/761/713
f 654/748/714 668/766/714 669/768/714
f 646/761/715 662/769/715 647/749/715
f 640/746/716 564/770/716 655/771/716
f 790/772/717 654/748/717 669/768/717
f 648/750/718 662/769/718 663/773/718
f 640/746/719 656/774/719 641/751/719
f 649/752/720 663/773/720 664/775/720
f 641/751/721 657/776/721 642/753/721
f 650/754/722 664/775/722 665/777/722
f 642/753/723 658/778/723 643/755/723
f 651/756/724 665/777/724 666/763/724
f 663/773/725 677/779/725 678/780/725
f 655/771/726 671/781/726 656/774/726
f 664/775/727 678/780/727 679/782/727
f 656/774/728 672/783/728 657/776/728
f 665/777/729 679/782/729 680/784/729
f 657/776/730 673/785/730 658/778/730
f 666/763/731 680/784/731 681/786/731
f 658/778/732 674/787/732 659/762/732
f 667/764/733 681/786/733 682/788/733
f 659/762/734 675/789/734 660/765/734
f 668/766/735 682/788/735 683/790/735
f 660/765/736 676/791/736 661/767/736
f 669/768/737 683/790/737 684/792/737
f 661/767/738 677/779/738 662/769/738
f 655/771/739 564/793/739 670/794/739
f 790/795/740 669/768/740 684/792/740
f 682/788/741 696/796/741 697/797/741
f 674/787/742 690/798/742 675/789/742
f 683/790/743 697/797/743 698/799/743
f 675/789/744 691/800/744 676/791/744
f 684/792/745 698/799/745 699/801/745
f 676/791/746 692/802/746 677/779/746
f 670/794/747 564/803/747 685/804/747
f 790/805/748 684/792/748 699/801/748
f 678/780/749 692/802/749 693/806/749
f 670/794/750 686/807/750 671/781/750
f 679/782/751 693/806/751 694/808/751
f 671/781/752 687/809/752 672/783/752
f 680/784/753 694/808/753 695/810/753
f 672/783/754 688/811/754 673/785/754
f 681/786/755 695/810/755 696/796/755
f 673/785/756 689/812/756 674/787/756
f 694/808/757 708/813/757 709/814/757
f 686/807/758 702/815/758 687/809/758
f 695/810/759 709/814/759 710/816/759
f 687/809/760 703/817/760 688/811/760
f 696/796/761 710/816/761 711/818/761
f 688/811/762 704/819/762 689/812/762
f 697/797/763 711/818/763 712/820/763
f 689/812/764 705/821/764 690/798/764
f 698/799/765 712/820/765 713/822/765
f 690/798/766 706/823/766 691/800/766
f 699/801/767 713/822/767 714/824/767
f 691/800/768 707/825/768 692/802/768
f 685/804/769 564/826/769 700/827/769
f 790/828/770 699/801/770 714/824/770
f 693/806/771 707/825/771 708/813/771
f 685/804/772 701/829/772 686/807/772
f 713/822/773 727/830/773 728/831/773
f 705/821/774 721/832/774 706/823/774
f 714/824/775 728/831/775 729/833/775
f 706/823/776 722/834/776 707/825/776
f 700/827/777 564/835/777 715/836/777
f 790/837/778 714/824/778 729/833/778
f 708/813/779 722/834/779 723/838/779
f 700/827/780 716/839/780 701/829/780
f 709/814/781 723/838/781 724/840/781
f 701/829/782 717/841/782 702/815/782
f 710/816/783 724/840/783 725/842/783
f 702/815/784 718/843/784 703/817/784
f 711/818/785 725/842/785 726/844/785
f 703/817/786 719/845/786 704/819/786
f 712/820/787 726/844/787 727/830/787
f 704/819/788 720/846/788 705/821/788
f 717/841/789 731/847/789 732/848/789
f 724/840/790 740/849/790 725/842/790
f 718/843/791 732/848/791 733/850/791
f 725/842/792 741/851/792 726/844/792
f 719/845/793 733/850/793 734/852/793
f 726/844/794 742/853/794 727/830/794
f 720/846/795 734/852/795 735/854/795
f 727/830/796 743/855/796 728/831/796
f 721/832/797 735/854/797 736/856/797
f 728/831/798 744/857/798 729/833/798
f 722/834/799 736/856/799 737/858/799
f 715/836/800 564/859/800 730/860/800
f 790/861/801 729/833/801 744/857/801
f 722/834/802 738/862/802 723/838/802
f 716/839/803 730/860/803 731/847/803
f 723/838/804 739/863/804 724/840/804
f 736/856/805 750/864/805 751/865/805
f 743/855/806 759/866/806 744/857/806
f 737/858/807 751/865/807 752/867/807
f 730/860/808 564/868/808 745/869/808
f 790/870/809 744/857/809 759/866/809
f 737/858/810 753/871/810 738/862/810
f 731/847/811 745/869/811 746/872/811
f 738/862/812 754/873/812 739/863/812
f 732/848/813 746/872/813 747/874/813
f 739/863/814 755/875/814 740/849/814
f 733/850/815 747/874/815 748/876/815
f 740/849/816 756/877/816 741/851/816
f 734/852/817 748/876/817 749/878/817
f 741/851/818 757/879/818 742/853/818
f 735/854/819 749/878/819 750/864/819
f 742/853/820 758/880/820 743/855/820
f 754/873/821 770/881/821 755/875/821
f 748/876/822 762/882/822 763/883/822
f 755/875/823 771/884/823 756/877/823
f 749/878/824 763/883/824 764/885/824
f 756/877/825 772/886/825 757/879/825
f 750/864/826 764/885/826 765/887/826
f 757/879/827 773/888/827 758/880/827
f 751/865/828 765/887/828 766/889/828
f 758/880/829 774/890/829 759/866/829
f 752/867/830 766/889/830 767/891/830
f 745/869/831 564/892/831 760/893/831
f 790/894/832 759/866/832 774/890/832
f 752/867/833 768/895/833 753/871/833
f 746/872/834 760/893/834 761/896/834
f 753/871/835 769/897/835 754/873/835
f 747/874/836 761/896/836 762/882/836
f 773/888/837 789/898/837 774/890/837
f 767/891/838 781/899/838 782/900/838
f 760/893/839 564/901/839 775/902/839
f 790/903/840 774/890/840 789/898/840
f 767/891/841 783/904/841 768/895/841
f 761/896/842 775/902/842 776/905/842
f 768/895/843 784/906/843 769/897/843
f 762/882/844 776/905/844 777/907/844
f 769/897/845 785/908/845 770/881/845
f 763/883/846 777/907/846 778/909/846
f 770/881/847 786/910/847 771/884/847
f 764/885/848 778/909/848 779/911/848
f 771/884/849 787/912/849 772/886/849
f 765/887/850 779/911/850 780/913/850
f 772/886/851 788/914/851 773/888/851
f 766/889/852 780/913/852 781/899/852
f 778/909/853 793/915/853 794/916/853
f 785/908/854 802/917/854 786/910/854
f 779/911/855 794/916/855 795/918/855
f 786/910/856 803/919/856 787/912/856
f 780/913/857 795/918/857 796/920/857
f 787/912/858 804/921/858 788/914/858
f 781/899/859 796/920/859 797/922/859
f 788/914/860 805/923/860 789/898/860
f 782/900/861 797/922/861 798/924/861
f 775/902/862 564/925/862 791/926/862
f 790/927/863 789/898/863 805/923/863
f 782/900/864 799/928/864 783/904/864
f 776/905/865 791/926/865 792/929/865
f 783/904/866 800/930/866 784/906/866
f 777/907/867 792/929/867 793/915/867
f 784/906/868 801/931/868 785/908/868
f 798/924/869 812/932/869 813/933/869
f 791/926/870 564/934/870 806/935/870
f 790/936/871 805/923/871 820/937/871
f 798/924/872 814/938/872 799/928/872
f 792/929/873 806/935/873 807/939/873
f 799/928/874 815/940/874 800/930/874
f 793/915/875 807/939/875 808/941/875
f 800/930/876 816/942/876 801/931/876
f 794/916/877 808/941/877 809/943/877
f 801/931/878 817/944/878 802/917/878
f 795/918/879 809/943/879 810/945/879
f 802/917/880 818/946/880 803/919/880
f 796/920/881 810/945/881 811/947/881
f 803/919/882 819/948/882 804/921/882
f 797/922/883 811/947/883 812/932/883
f 804/921/884 820/937/884 805/923/884
f 816/942/885 832/949/885 817/944/885
f 810/945/886 824/950/886 825/951/886
f 817/944/887 833/952/887 818/946/887
f 811/947/888 825/951/888 826/953/888
f 818/946/889 834/954/889 819/948/889
f 812/932/890 826/953/890 827/955/890
f 819/948/891 835/956/891 820/937/891
f 813/933/892 827/955/892 828/957/892
f 806/935/893 564/958/893 821/959/893
f 790/960/894 820/937/894 835/956/894
f 813/933/895 829/961/895 814/938/895
f 807/939/896 821/959/896 822/962/896
f 814/938/897 830/963/897 815/940/897
f 808/941/898 822/962/898 823/964/898
f 815/940/899 831/965/899 816/942/899
f 809/943/900 823/964/900 824/950/900
f 790/966/901 835/956/901 850/967/901
f 828/957/902 844/968/902 829/961/902
f 822/962/903 836/969/903 837/970/903
f 829/961/904 845/971/904 830/963/904
f 823/964/905 837/970/905 838/972/905
f 830/963/906 846/973/906 831/965/906
f 824/950/907 838/972/907 839/974/907
f 831/965/908 847/975/908 832/949/908
f 825/951/909 839/974/909 840/976/909
f 832/949/910 848/977/910 833/952/910
f 826/953/911 840/976/911 841/978/911
f 833/952/912 849/979/912 834/954/912
f 827/955/913 841/978/913 842/980/913
f 834/954/914 850/967/914 835/956/914
f 828/957/915 842/980/915 843/981/915
f 821/959/916 564/982/916 836/969/916
f 848/983/917 862/984/917 863/985/917
f 840/986/918 856/987/918 841/988/918
f 849/989/919 863/985/919 864/990/919
f 841/988/920 857/991/920 842/992/920
f 850/993/921 864/990/921 865/994/921
f 842/992/922 858/995/922 843/996/922
f 836/997/923 564/998/923 851/999/923
f 790/1000/924 850/993/924 865/994/924
f 844/1001/925 858/995/925 859/1002/925
f 836/997/926 852/1003/926 837/1004/926
f 845/1005/927 859/1002/927 860/1006/927
f 837/1004/928 853/1007/928 838/1008/928
f 846/1009/929 860/1006/929 861/1010/929
f 838/1008/930 854/1011/930 839/1012/930
f 847/1013/931 861/1010/931 862/984/931
f 839/1012/932 855/1014/932 840/986/932
f 851/999/933 867/1015/933 852/1003/933
f 860/1006/934 874/1016/934 875/1017/934
f 852/1003/935 868/1018/935 853/1007/935
f 861/1010/936 875/1017/936 876/1019/936
f 853/1007/937 869/1020/937 854/1011/937
f 862/984/938 876/1019/938 877/1021/938
f 854/1011/939 870/1022/939 855/1014/939
f 863/985/940 877/1021/940 878/1023/940
f 855/1014/941 871/1024/941 856/987/941
f 864/990/942 878/1023/942 879/1025/942
f 856/987/943 872/1026/943 857/991/943
f 865/994/944 879/1025/944 880/1027/944
f 857/991/945 873/1028/945 858/995/945
f 851/999/946 564/1029/946 866/1030/946
f 790/1031/947 865/994/947 880/1027/947
f 859/1002/948 873/1028/948 874/1016/948
f 870/1022/949 886/1032/949 871/1024/949
f 879/1025/950 893/1033/950 894/1034/950
f 871/1024/951 887/1035/951 872/1026/951
f 880/1027/952 894/1034/952 895/1036/952
f 872/1026/953 888/1037/953 873/1028/953
f 866/1030/954 564/1038/954 881/1039/954
f 790/1040/955 880/1027/955 895/1036/955
f 874/1016/956 888/1037/956 889/1041/956
f 866/1030/957 882/1042/957 867/1015/957
f 875/1017/958 889/1041/958 890/1043/958
f 867/1015/959 883/1044/959 868/1018/959
f 876/1019/960 890/1043/960 891/1045/960
f 868/1018/961 884/1046/961 869/1020/961
f 877/1021/962 891/1045/962 892/1047/962
f 869/1020/963 885/1048/963 870/1022/963
f 878/1023/964 892/1047/964 893/1033/964
f 890/1043/965 904/1049/965 905/1050/965
f 882/1042/966 898/1051/966 883/1044/966
f 891/1045/967 905/1050/967 906/1052/967
f 883/1044/968 899/1053/968 884/1046/968
f 892/1047/969 906/1052/969 907/1054/969
f 884/1046/970 900/1055/970 885/1048/970
f 893/1033/971 907/1054/971 908/1056/971
f 885/1048/972 901/1057/972 886/1032/972
f 894/1034/973 908/1056/973 909/1058/973
f 886/1032/974 902/1059/974 887/1035/974
f 895/1036/975 909/1058/975 910/1060/975
f 887/1035/976 903/1061/976 888/1037/976
f 881/1039/977 564/1062/977 896/1063/977
f 790/1064/978 895/1036/978 910/1060/978
f 889/1041/979 903/1061/979 904/1049/979
f 881/1039/980 897/1065/980 882/1042/980
f 909/1058/981 923/1066/981 924/1067/981
f 901/1057/982 917/1068/982 902/1059/982
f 910/1060/983 924/1067/983 925/1069/983
f 902/1059/984 918/1070/984 903/1061/984
f 896/1063/985 564/1071/985 911/1072/985
f 790/1073/986 910/1060/986 925/1069/986
f 904/1049/987 918/1070/987 919/1074/987
f 896/1063/988 912/1075/988 897/1065/988
f 905/1050/989 919/1074/989 920/1076/989
f 897/1065/990 913/1077/990 898/1051/990
f 906/1052/991 920/1076/991 921/1078/991
f 898/1051/992 914/1079/992 899/1053/992
f 907/1054/993 921/1078/993 922/1080/993
f 899/1053/994 915/1081/994 900/1055/994
f 908/1056/995 922/1080/995 923/1066/995
f 900/1055/996 916/1082/996 901/1057/996
f 912/1075/997 928/1083/997 913/1077/997
f 921/1078/998 935/1084/998 936/1085/998
f 913/1077/999 929/1086/999 914/1079/999
f 922/1080/1000 936/1085/1000 937/1087/1000
f 914/1079/1001 930/1088/1001 915/1081/1001
f 923/1066/1002 937/1087/1002 938/1089/1002
f 915/1081/1003 931/1090/1003 916/1082/1003
f 924/1067/1004 938/1089/1004 939/1091/1004
f 916/1082/1005 932/1092/1005 917/1068/1005
f 925/1069/1006 939/1091/1006 940/1093/1006
f 917/1068/1007 933/1094/1007 918/1070/1007
f 911/1072/1008 564/1095/1008 926/1096/1008
f 790/1097/1009 925/1069/1009 940/1093/1009
f 919/1074/1010 933/1094/1010 934/1098/1010
f 911/1072/1011 927/1099/1011 912/1075/1011
f 920/1076/1012 934/1098/1012 935/1084/1012
f 931/1090/1013 947/1100/1013 932/1092/1013
f 940/1093/1014 954/1101/1014 955/1102/1014
f 932/1092/1015 948/1103/1015 933/1094/1015
f 926/1096/1016 564/1104/1016 941/1105/1016
f 790/1106/1017 940/1093/1017 955/1102/1017
f 934/1098/1018 948/1103/1018 949/1107/1018
f 926/1096/1019 942/1108/1019 927/1099/1019
f 935/1084/1020 949/1107/1020 950/1109/1020
f 927/1099/1021 943/1110/1021 928/1083/1021
f 936/1085/1022 950/1109/1022 951/1111/1022
f 928/1083/1023 944/1112/1023 929/1086/1023
f 937/1087/1024 951/1111/1024 952/1113/1024
f 929/1086/1025 945/1114/1025 930/1088/1025
f 938/1089/1026 952/1113/1026 953/1115/1026
f 930/1088/1027 946/1116/1027 931/1090/1027
f 939/1091/1028 953/1115/1028 954/1101/1028
f 951/1111/1029 960/560/1029 488/562/1029
f 943/1110/1030 958/563/1030 944/1112/1030
f 952/1113/1031 488/562/1031 961/567/1031
f 944/1112/1032 484/568/1032 945/1114/1032
f 953/1115/1033 961/567/1033 962/571/1033
f 945/1114/1034 959/572/1034 946/1116/1034
f 954/1101/1035 962/571/1035 963/575/1035
f 946/1116/1036 485/576/1036 947/1100/1036
f 955/1102/1037 963/575/1037 964/579/1037
f 947/1100/1038 486/580/1038 948/1103/1038
f 941/1105/1039 564/1117/1039 956/582/1039
f 790/1118/1040 955/1102/1040 964/579/1040
f 949/1107/1041 486/580/1041 487/587/1041
f 941/1105/1042 957/588/1042 942/1108/1042
f 950/1109/1043 487/587/1043 960/560/1043
f 942/1108/1044 483/591/1044 943/1110/1044
f 960/560/533 498/590/533 499/561/533
f 958/563/534 483/591/534 491/564/534
f 488/562/535 499/561/535 500/566/535
f 484/568/536 958/563/536 492/565/536
f 961/567/537 500/566/537 501/570/537
f 959/572/538 484/568/538 493/569/538
f 962/571/539 501/570/539 502/574/539
f 485/576/540 959/572/540 494/573/540
f 963/575/541 502/574/541 503/578/541
f 486/580/542 485/576/542 495/577/542
f 486/580/545 496/581/545 497/586/545
f 957/588/546 956/582/546 489/584/546
f 487/587/547 497/586/547 498/590/547
f 483/591/548 957/588/548 490/589/548
f 490/589/1045 489/584/1045 504/592/1045
f 497/586/550 512/608/550 513/594/550
f 491/564/551 490/589/551 505/593/551
f 498/590/552 513/594/552 514/596/552
f 492/565/553 491/564/553 506/595/553
f 499/561/554 514/596/554 515/598/554
f 493/569/555 492/565/555 507/597/555
f 500/566/556 515/598/556 516/600/556
f 494/573/557 493/569/557 508/599/557
f 501/570/558 516/600/558 517/602/558
f 495/577/1046 494/573/1046 509/601/1046
f 502/574/560 517/602/560 518/604/560
f 496/581/561 495/577/561 510/603/561
f 496/581/564 511/605/564 512/608/564
f 509/601/565 508/599/565 523/609/565
f 516/600/566 531/625/566 532/611/566
f 510/603/567 509/601/567 524/610/567
f 517/602/1047 532/611/1047 533/613/1047
f 511/605/569 510/603/569 525/612/569
f 511/605/572 526/614/572 527/618/572
f 505/593/573 504/592/573 519/616/573
f 512/608/1048 527/618/1048 528/620/1048
f 506/595/575 505/593/575 520/619/575
f 513/594/576 528/620/576 529/622/576
f 507/597/577 506/595/577 521/621/577
f 514/596/578 529/622/578 530/624/578
f 508/599/579 507/597/579 522/623/579
f 515/598/580 530/624/580 531/625/580
f 527/618/581 542/642/581 543/626/581
f 521/621/582 520/619/582 535/627/582
f 528/620/583 543/626/583 544/629/583
f 522/623/584 521/621/584 536/628/584
f 529/622/585 544/629/585 545/631/585
f 523/609/586 522/623/586 537/630/586
f 530/624/587 545/631/587 546/633/587
f 524/610/588 523/609/588 538/632/588
f 531/625/589 546/633/589 547/635/589
f 525/612/590 524/610/590 539/634/590
f 532/611/591 547/635/591 548/637/591
f 526/614/592 525/612/592 540/636/592
f 526/614/595 541/638/595 542/642/595
f 520/619/1049 519/616/1049 534/640/1049
f 546/633/1050 561/659/1050 562/643/1050
f 540/636/598 539/634/598 554/644/598
f 547/635/599 562/643/599 563/646/599
f 541/638/600 540/636/600 555/645/600
f 541/638/603 556/647/603 557/651/603
f 535/627/604 534/640/604 549/649/604
f 542/642/605 557/651/605 558/653/605
f 536/628/1051 535/627/1051 550/652/1051
f 543/626/607 558/653/607 559/655/607
f 537/630/608 536/628/608 551/654/608
f 544/629/609 559/655/609 560/657/609
f 538/632/610 537/630/610 552/656/610
f 545/631/611 560/657/611 561/659/611
f 539/634/612 538/632/612 553/658/612
f 558/653/613 574/676/613 575/660/613
f 552/656/614 551/654/614 567/661/614
f 559/655/1052 575/660/1052 576/663/1052
f 553/658/1053 552/656/1053 568/662/1053
f 560/657/617 576/663/617 577/665/617
f 554/644/618 553/658/618 569/664/618
f 561/659/619 577/665/619 578/667/619
f 555/645/620 554/644/620 570/666/620
f 562/643/621 578/667/621 579/669/621
f 556/647/622 555/645/622 571/668/622
f 556/647/625 572/670/625 573/674/625
f 550/652/626 549/649/626 565/672/626
f 557/651/627 573/674/627 574/676/627
f 551/654/628 550/652/628 566/675/628
f 578/667/629 593/693/629 594/677/629
f 572/670/630 571/668/630 586/678/630
f 572/670/633 587/679/633 588/683/633
f 566/675/634 565/672/634 580/681/634
f 573/674/635 588/683/635 589/685/635
f 567/661/636 566/675/636 581/684/636
f 574/676/1054 589/685/1054 590/687/1054
f 568/662/638 567/661/638 582/686/638
f 575/660/1055 590/687/1055 591/689/1055
f 569/664/640 568/662/640 583/688/640
f 576/663/641 591/689/641 592/691/641
f 570/666/1056 569/664/1056 584/690/1056
f 577/665/643 592/691/643 593/693/643
f 571/668/644 570/666/644 585/692/644
f 583/688/645 582/686/645 597/694/645
f 590/687/1057 605/710/1057 606/696/1057
f 584/690/647 583/688/647 598/695/647
f 591/689/648 606/696/648 607/698/648
f 585/692/1058 584/690/1058 599/697/1058
f 592/691/650 607/698/650 608/700/650
f 586/678/651 585/692/651 600/699/651
f 593/693/652 608/700/652 609/702/652
f 587/679/653 586/678/653 601/701/653
f 587/679/656 602/703/656 603/707/656
f 581/684/657 580/681/657 595/705/657
f 588/683/1059 603/707/1059 604/709/1059
f 582/686/659 581/684/659 596/708/659
f 589/685/660 604/709/660 605/710/660
f 601/701/661 616/727/661 617/711/661
f 603/707/664 602/703/664 617/711/664
f 595/705/665 610/713/665 611/717/665
f 604/709/1060 603/707/1060 618/716/1060
f 596/708/667 611/717/667 612/719/667
f 605/710/668 604/709/668 619/718/668
f 597/694/669 612/719/669 613/721/669
f 606/696/1061 605/710/1061 620/720/1061
f 598/695/671 613/721/671 614/723/671
f 607/698/672 606/696/672 621/722/672
f 599/697/1062 614/723/1062 615/725/1062
f 608/700/674 607/698/674 622/724/674
f 600/699/1063 615/725/1063 616/727/1063
f 609/702/676 608/700/676 623/726/676
f 621/722/1064 620/720/1064 635/728/1064
f 613/721/678 628/744/678 629/730/678
f 622/724/679 621/722/679 636/729/679
f 614/723/1065 629/730/1065 630/732/1065
f 623/726/681 622/724/681 637/731/681
f 615/725/682 630/732/682 631/734/682
f 624/715/683 623/726/683 638/733/683
f 616/727/684 631/734/684 632/736/684
f 618/716/687 617/711/687 632/736/687
f 610/713/688 625/738/688 626/741/688
f 619/718/689 618/716/689 633/740/689
f 611/717/690 626/741/690 627/743/690
f 620/720/1066 619/718/1066 634/742/1066
f 612/719/692 627/743/692 628/744/692
f 633/740/695 632/736/695 647/749/695
f 625/738/696 640/746/696 641/751/696
f 634/742/697 633/740/697 648/750/697
f 626/741/698 641/751/698 642/753/698
f 635/728/699 634/742/699 649/752/699
f 627/743/700 642/753/700 643/755/700
f 636/729/1067 635/728/1067 650/754/1067
f 628/744/702 643/755/702 644/757/702
f 637/731/703 636/729/703 651/756/703
f 629/730/704 644/757/704 645/759/704
f 638/733/705 637/731/705 652/758/705
f 630/732/706 645/759/706 646/761/706
f 639/735/707 638/733/707 653/760/707
f 631/734/708 646/761/708 647/749/708
f 643/755/709 658/778/709 659/762/709
f 652/758/710 651/756/710 666/763/710
f 644/757/711 659/762/711 660/765/711
f 653/760/1068 652/758/1068 667/764/1068
f 645/759/1069 660/765/1069 661/767/1069
f 654/748/714 653/760/714 668/766/714
f 646/761/715 661/767/715 662/769/715
f 648/750/718 647/749/718 662/769/718
f 640/746/719 655/771/719 656/774/719
f 649/752/1070 648/750/1070 663/773/1070
f 641/751/721 656/774/721 657/776/721
f 650/754/722 649/752/722 664/775/722
f 642/753/723 657/776/723 658/778/723
f 651/756/724 650/754/724 665/777/724
f 663/773/725 662/769/725 677/779/725
f 655/771/1071 670/794/1071 671/781/1071
f 664/775/727 663/773/727 678/780/727
f 656/774/728 671/781/728 672/783/728
f 665/777/729 664/775/729 679/782/729
f 657/776/730 672/783/730 673/785/730
f 666/763/731 665/777/731 680/784/731
f 658/778/732 673/785/732 674/787/732
f 667/764/733 666/763/733 681/786/733
f 659/762/734 674/787/734 675/789/734
f 668/766/735 667/764/735 682/788/735
f 660/765/736 675/789/736 676/791/736
f 669/768/737 668/766/737 683/790/737
f 661/767/738 676/791/738 677/779/738
f 682/788/741 681/786/741 696/796/741
f 674/787/742 689/812/742 690/798/742
f 683/790/743 682/788/743 697/797/743
f 675/789/744 690/798/744 691/800/744
f 684/792/1072 683/790/1072 698/799/1072
f 676/791/746 691/800/746 692/802/746
f 678/780/749 677/779/749 692/802/749
f 670/794/750 685/804/750 686/807/750
f 679/782/1073 678/780/1073 693/806/1073
f 671/781/752 686/807/752 687/809/752
f 680/784/753 679/782/753 694/808/753
f 672/783/754 687/809/754 688/811/754
f 681/786/755 680/784/755 695/810/755
f 673/785/756 688/811/756 689/812/756
f 694/808/1074 693/806/1074 708/813/1074
f 686/807/758 701/829/758 702/815/758
f 695/810/759 694/808/759 709/814/759
f 687/809/760 702/815/760 703/817/760
f 696/796/761 695/810/761 710/816/761
f 688/811/762 703/817/762 704/819/762
f 697/797/763 696/796/763 711/818/763
f 689/812/764 704/819/764 705/821/764
f 698/799/765 697/797/765 712/820/765
f 690/798/1075 705/821/1075 706/823/1075
f 699/801/767 698/799/767 713/822/767
f 691/800/768 706/823/768 707/825/768
f 693/806/771 692/802/771 707/825/771
f 685/804/772 700/827/772 701/829/772
f 713/822/1076 712/820/1076 727/830/1076
f 705/821/774 720/846/774 721/832/774
f 714/824/1077 713/822/1077 728/831/1077
f 706/823/776 721/832/776 722/834/776
f 708/813/779 707/825/779 722/834/779
f 700/827/780 715/836/780 716/839/780
f 709/814/781 708/813/781 723/838/781
f 701/829/782 716/839/782 717/841/782
f 710/816/783 709/814/783 724/840/783
f 702/815/784 717/841/784 718/843/784
f 711/818/785 710/816/785 725/842/785
f 703/817/786 718/843/786 719/845/786
f 712/820/787 711/818/787 726/844/787
f 704/819/788 719/845/788 720/846/788
f 717/841/789 716/839/789 731/847/789
f 724/840/790 739/863/790 740/849/790
f 718/843/791 717/841/791 732/848/791
f 725/842/792 740/849/792 741/851/792
f 719/845/793 718/843/793 733/850/793
f 726/844/794 741/851/794 742/853/794
f 720/846/795 719/845/795 734/852/795
f 727/830/796 742/853/796 743/855/796
f 721/832/797 720/846/797 735/854/797
f 728/831/798 743/855/798 744/857/798
f 722/834/799 721/832/799 736/856/799
f 722/834/802 737/858/802 738/862/802
f 716/839/803 715/836/803 730/860/803
f 723/838/804 738/862/804 739/863/804
f 736/856/1078 735/854/1078 750/864/1078
f 743/855/806 758/880/806 759/866/806
f 737/858/807 736/856/807 751/865/807
f 737/858/810 752/867/810 753/871/810
f 731/847/811 730/860/811 745/869/811
f 738/862/1079 753/871/1079 754/873/1079
f 732/848/813 731/847/813 746/872/813
f 739/863/814 754/873/814 755/875/814
f 733/850/815 732/848/815 747/874/815
f 740/849/816 755/875/816 756/877/816
f 734/852/817 733/850/817 748/876/817
f 741/851/818 756/877/818 757/879/818
f 735/854/819 734/852/819 749/878/819
f 742/853/820 757/879/820 758/880/820
f 754/873/821 769/897/821 770/881/821
f 748/876/822 747/874/822 762/882/822
f 755/875/823 770/881/823 771/884/823
f 749/878/824 748/876/824 763/883/824
f 756/877/825 771/884/825 772/886/825
f 750/864/826 749/878/826 764/885/826
f 757/879/827 772/886/827 773/888/827
f 751/865/828 750/864/828 765/887/828
f 758/880/1080 773/888/1080 774/890/1080
f 752/867/830 751/865/830 766/889/830
f 752/867/833 767/891/833 768/895/833
f 746/872/834 745/869/834 760/893/834
f 753/871/1081 768/895/1081 769/897/1081
f 747/874/836 746/872/836 761/896/836
f 773/888/837 788/914/837 789/898/837
f 767/891/838 766/889/838 781/899/838
f 767/891/841 782/900/841 783/904/841
f 761/896/1082 760/893/1082 775/902/1082
f 768/895/843 783/904/843 784/906/843
f 762/882/844 761/896/844 776/905/844
f 769/897/845 784/906/845 785/908/845
f 763/883/846 762/882/846 777/907/846
f 770/881/847 785/908/847 786/910/847
f 764/885/848 763/883/848 778/909/848
f 771/884/849 786/910/849 787/912/849
f 765/887/850 764/885/850 779/911/850
f 772/886/851 787/912/851 788/914/851
f 766/889/852 765/887/852 780/913/852
f 778/909/853 777/907/853 793/915/853
f 785/908/854 801/931/854 802/917/854
f 779/911/855 778/909/855 794/916/855
f 786/910/856 802/917/856 803/919/856
f 780/913/857 779/911/857 795/918/857
f 787/912/1083 803/919/1083 804/921/1083
f 781/899/859 780/913/859 796/920/859
f 788/914/860 804/921/860 805/923/860
f 782/900/861 781/899/861 797/922/861
f 782/900/864 798/924/864 799/928/864
f 776/905/865 775/902/865 791/926/865
f 783/904/866 799/928/866 800/930/866
f 777/907/867 776/905/867 792/929/867
f 784/906/868 800/930/868 801/931/868
f 798/924/869 797/922/869 812/932/869
f 798/924/872 813/933/872 814/938/872
f 792/929/873 791/926/873 806/935/873
f 799/928/874 814/938/874 815/940/874
f 793/915/875 792/929/875 807/939/875
f 800/930/876 815/940/876 816/942/876
f 794/916/877 793/915/877 808/941/877
f 801/931/1084 816/942/1084 817/944/1084
f 795/918/1085 794/916/1085 809/943/1085
f 802/917/880 817/944/880 818/946/880
f 796/920/881 795/918/881 810/945/881
f 803/919/882 818/946/882 819/948/882
f 797/922/883 796/920/883 811/947/883
f 804/921/884 819/948/884 820/937/884
f 816/942/885 831/965/885 832/949/885
f 810/945/886 809/943/886 824/950/886
f 817/944/887 832/949/887 833/952/887
f 811/947/1086 810/945/1086 825/951/1086
f 818/946/889 833/952/889 834/954/889
f 812/932/890 811/947/890 826/953/890
f 819/948/891 834/954/891 835/956/891
f 813/933/892 812/932/892 827/955/892
f 813/933/895 828/957/895 829/961/895
f 807/939/896 806/935/896 821/959/896
f 814/938/897 829/961/897 830/963/897
f 808/941/898 807/939/898 822/962/898
f 815/940/1087 830/963/1087 831/965/1087
f 809/943/900 808/941/900 823/964/900
f 828/957/902 843/981/902 844/968/902
f 822/962/903 821/959/903 836/969/903
f 829/961/1088 844/968/1088 845/971/1088
f 823/964/905 822/962/905 837/970/905
f 830/963/906 845/971/906 846/973/906
f 824/950/907 823/964/907 838/972/907
f 831/965/1089 846/973/1089 847/975/1089
f 825/951/1090 824/950/1090 839/974/1090
f 832/949/910 847/975/910 848/977/910
f 826/953/1091 825/951/1091 840/976/1091
f 833/952/912 848/977/912 849/979/912
f 827/955/1092 826/953/1092 841/978/1092
f 834/954/914 849/979/914 850/967/914
f 828/957/915 827/955/915 842/980/915
f 848/983/917 847/1013/917 862/984/917
f 840/986/918 855/1014/918 856/987/918
f 849/989/919 848/983/919 863/985/919
f 841/988/1093 856/987/1093 857/991/1093
f 850/993/921 849/989/921 864/990/921
f 842/992/922 857/991/922 858/995/922
f 844/1001/925 843/996/925 858/995/925
f 836/997/926 851/999/926 852/1003/926
f 845/1005/1094 844/1001/1094 859/1002/1094
f 837/1004/928 852/1003/928 853/1007/928
f 846/1009/929 845/1005/929 860/1006/929
f 838/1008/930 853/1007/930 854/1011/930
f 847/1013/1095 846/1009/1095 861/1010/1095
f 839/1012/932 854/1011/932 855/1014/932
f 851/999/933 866/1030/933 867/1015/933
f 860/1006/934 859/1002/934 874/1016/934
f 852/1003/935 867/1015/935 868/1018/935
f 861/1010/1096 860/1006/1096 875/1017/1096
f 853/1007/937 868/1018/937 869/1020/937
f 862/984/1097 861/1010/1097 876/1019/1097
f 854/1011/939 869/1020/939 870/1022/939
f 863/985/940 862/984/940 877/1021/940
f 855/1014/941 870/1022/941 871/1024/941
f 864/990/942 863/985/942 878/1023/942
f 856/987/943 871/1024/943 872/1026/943
f 865/994/944 864/990/944 879/1025/944
f 857/991/945 872/1026/945 873/1028/945
f 859/1002/948 858/995/948 873/1028/948
f 870/1022/949 885/1048/949 886/1032/949
f 879/1025/950 878/1023/950 893/1033/950
f 871/1024/951 886/1032/951 887/1035/951
f 880/1027/952 879/1025/952 894/1034/952
f 872/1026/953 887/1035/953 888/1037/953
f 874/1016/956 873/1028/956 888/1037/956
f 866/1030/957 881/1039/957 882/1042/957
f 875/1017/958 874/1016/958 889/1041/958
f 867/1015/959 882/1042/959 883/1044/959
f 876/1019/960 875/1017/960 890/1043/960
f 868/1018/961 883/1044/961 884/1046/961
f 877/1021/1098 876/1019/1098 891/1045/1098
f 869/1020/1099 884/1046/1099 885/1048/1099
f 878/1023/964 877/1021/964 892/1047/964
f 890/1043/965 889/1041/965 904/1049/965
f 882/1042/966 897/1065/966 898/1051/966
f 891/1045/967 890/1043/967 905/1050/967
f 883/1044/968 898/1051/968 899/1053/968
f 892/1047/969 891/1045/969 906/1052/969
f 884/1046/970 899/1053/970 900/1055/970
f 893/1033/971 892/1047/971 907/1054/971
f 885/1048/972 900/1055/972 901/1057/972
f 894/1034/1100 893/1033/1100 908/1056/1100
f 886/1032/974 901/1057/974 902/1059/974
f 895/1036/975 894/1034/975 909/1058/975
f 887/1035/976 902/1059/976 903/1061/976
f 889/1041/979 888/1037/979 903/1061/979
f 881/1039/980 896/1063/980 897/1065/980
f 909/1058/981 908/1056/981 923/1066/981
f 901/1057/982 916/1082/982 917/1068/982
f 910/1060/983 909/1058/983 924/1067/983
f 902/1059/984 917/1068/984 918/1070/984
f 904/1049/987 903/1061/987 918/1070/987
f 896/1063/1101 911/1072/1101 912/1075/1101
f 905/1050/989 904/1049/989 919/1074/989
f 897/1065/990 912/1075/990 913/1077/990
f 906/1052/991 905/1050/991 920/1076/991
f 898/1051/992 913/1077/992 914/1079/992
f 907/1054/993 906/1052/993 921/1078/993
f 899/1053/994 914/1079/994 915/1081/994
f 908/1056/995 907/1054/995 922/1080/995
f 900/1055/996 915/1081/996 916/1082/996
f 912/1075/997 927/1099/997 928/1083/997
f 921/1078/998 920/1076/998 935/1084/998
f 913/1077/999 928/1083/999 929/1086/999
f 922/1080/1000 921/1078/1000 936/1085/1000
f 914/1079/1001 929/1086/1001 930/1088/1001
f 923/1066/1002 922/1080/1002 937/1087/1002
f 915/1081/1003 930/1088/1003 931/1090/1003
f 924/1067/1004 923/1066/1004 938/1089/1004
f 916/1082/1005 931/1090/1005 932/1092/1005
f 925/1069/1102 924/1067/1102 939/1091/1102
f 917/1068/1007 932/1092/1007 933/1094/1007
f 919/1074/1010 918/1070/1010 933/1094/1010
f 911/1072/1011 926/1096/1011 927/1099/1011
f 920/1076/1012 919/1074/1012 934/1098/1012
f 931/1090/1103 946/1116/1103 947/1100/1103
f 940/1093/1014 939/1091/1014 954/1101/1014
f 932/1092/1015 947/1100/1015 948/1103/1015
f 934/1098/1018 933/1094/1018 948/1103/1018
f 926/1096/1104 941/1105/1104 942/1108/1104
f 935/1084/1105 934/1098/1105 949/1107/1105
f 927/1099/1021 942/1108/1021 943/1110/1021
f 936/1085/1022 935/1084/1022 950/1109/1022
f 928/1083/1023 943/1110/1023 944/1112/1023
f 937/1087/1024 936/1085/1024 951/1111/1024
f 929/1086/1025 944/1112/1025 945/1114/1025
f 938/1089/1026 937/1087/1026 952/1113/1026
f 930/1088/1027 945/1114/1027 946/1116/1027
f 939/1091/1028 938/1089/1028 953/1115/1028
f 951/1111/1029 950/1109/1029 960/560/1029
f 943/1110/1030 483/591/1030 958/563/1030
f 952/1113/1031 951/1111/1031 488/562/1031
f 944/1112/1032 958/563/1032 484/568/1032
f 953/1115/1033 952/1113/1033 961/567/1033
f 945/1114/1034 484/568/1034 959/572/1034
f 954/1101/1035 953/1115/1035 962/571/1035
f 946/1116/1036 959/572/1036 485/576/1036
f 955/1102/1106 954/1101/1106 963/575/1106
f 947/1100/1038 485/576/1038 486/580/1038
f 949/1107/1041 948/1103/1041 486/580/1041
f 941/1105/1042 956/582/1042 957/588/1042
f 950/1109/1043 949/1107/1043 487/587/1043
f 942/1108/1044 957/588/1044 483/591/1044
o 球.002
v -0.376832 0.554527 -0.552048
v -0.376832 0.544706 -0.565322
v -0.376832 0.531874 -0.572506
v -0.376832 0.524930 -0.573431
v -0.376832 0.517985 -0.572506
v -0.376832 0.505154 -0.565322
v -0.375371 0.559842 -0.534524
v -0.373966 0.557816 -0.543376
v -0.372671 0.554527 -0.551534
v -0.371536 0.550100 -0.558685
v -0.370605 0.544706 -0.564553
v -0.369913 0.538552 -0.568914
v -0.369487 0.531874 -0.571599
v -0.369343 0.524930 -0.572506
v -0.369487 0.517985 -0.571599
v -0.369913 0.511308 -0.568914
v -0.370605 0.505154 -0.564553
v -0.371536 0.499760 -0.558685
v -0.372671 0.495333 -0.551534
v -0.373966 0.492043 -0.543376
v -0.375371 0.490018 -0.534524
v -0.373966 0.559842 -0.533990
v -0.371210 0.557816 -0.542328
v -0.368671 0.554527 -0.550013
v -0.366445 0.550100 -0.556749
v -0.364618 0.544706 -0.562277
v -0.363260 0.538552 -0.566385
v -0.362424 0.531874 -0.568914
v -0.362142 0.524930 -0.569768
v -0.362424 0.517985 -0.568914
v -0.363260 0.511308 -0.566385
v -0.364618 0.505154 -0.562277
v -0.366445 0.499760 -0.556749
v -0.368671 0.495333 -0.550013
v -0.371210 0.492043 -0.542328
v -0.373966 0.490018 -0.533990
v -0.372671 0.559842 -0.533122
v -0.368671 0.557816 -0.540627
v -0.364984 0.554527 -0.547543
v -0.361752 0.550100 -0.553605
v -0.359100 0.544706 -0.558580
v -0.357129 0.538552 -0.562277
v -0.355916 0.531874 -0.564553
v -0.355506 0.524930 -0.565322
v -0.355916 0.517985 -0.564553
v -0.357129 0.511308 -0.562277
v -0.359100 0.505154 -0.558580
v -0.361752 0.499760 -0.553605
v -0.364984 0.495333 -0.547543
v -0.368671 0.492043 -0.540627
v -0.372671 0.490018 -0.533122
v -0.371536 0.559842 -0.531955
v -0.366445 0.557816 -0.538337
v -0.361752 0.554527 -0.544219
v -0.357639 0.550100 -0.549374
v -0.354264 0.544706 -0.553605
v -0.351755 0.538552 -0.556749
v -0.350211 0.531874 -0.558685
v -0.349689 0.524930 -0.559339
v -0.350211 0.517985 -0.558685
v -0.351755 0.511308 -0.556749
v -0.354264 0.505154 -0.553605
v -0.357639 0.499760 -0.549374
v -0.361752 0.495333 -0.544219
v -0.366445 0.492043 -0.538337
v -0.371536 0.490018 -0.531955
v -0.370605 0.559842 -0.530533
v -0.364618 0.557816 -0.535547
v -0.359100 0.554527 -0.540168
v -0.354264 0.550100 -0.544219
v -0.350294 0.544706 -0.547543
v -0.347345 0.538552 -0.550013
v -0.345529 0.531874 -0.551534
v -0.344915 0.524930 -0.552048
v -0.345529 0.517985 -0.551534
v -0.347345 0.511308 -0.550013
v -0.350294 0.505154 -0.547543
v -0.354264 0.499760 -0.544219
v -0.359100 0.495333 -0.540168
v -0.364618 0.492043 -0.535547
v -0.370605 0.490018 -0.530533
v -0.376832 0.560526 -0.525318
v -0.369913 0.559842 -0.528910
v -0.363260 0.557816 -0.532364
v -0.357129 0.554527 -0.535547
v -0.351755 0.550100 -0.538337
v -0.347345 0.544706 -0.540627
v -0.344068 0.538552 -0.542328
v -0.342050 0.531874 -0.543376
v -0.341368 0.524930 -0.543730
v -0.342050 0.517985 -0.543376
v -0.344068 0.511308 -0.542328
v -0.347345 0.505154 -0.540627
v -0.351755 0.499760 -0.538337
v -0.357129 0.495333 -0.535547
v -0.363260 0.492043 -0.532364
v -0.369913 0.490018 -0.528910
v -0.369487 0.559842 -0.527149
v -0.362424 0.557816 -0.528910
v -0.355916 0.554527 -0.530533
v -0.350211 0.550100 -0.531955
v -0.345529 0.544706 -0.533122
v -0.342050 0.538552 -0.533990
v -0.339907 0.531874 -0.534524
v -0.339184 0.524930 -0.534704
v -0.339907 0.517985 -0.534524
v -0.342050 0.511308 -0.533990
v -0.345529 0.505154 -0.533122
v -0.350211 0.499760 -0.531955
v -0.355916 0.495333 -0.530533
v -0.362424 0.492043 -0.528910
v -0.369487 0.490018 -0.527149
v -0.369343 0.559842 -0.525318
v -0.362142 0.557816 -0.525318
v -0.355506 0.554527 -0.525318
v -0.349689 0.550100 -0.525318
v -0.344915 0.544706 -0.525318
v -0.341368 0.538552 -0.525318
v -0.339184 0.531874 -0.525318
v -0.338446 0.524930 -0.525318
v -0.339184 0.517985 -0.525318
v -0.341368 0.511308 -0.525318
v -0.344915 0.505154 -0.525318
v -0.349689 0.499760 -0.525318
v -0.355506 0.495333 -0.525318
v -0.362142 0.492043 -0.525318
v -0.369343 0.490018 -0.525318
v -0.369487 0.559842 -0.523487
v -0.362424 0.557816 -0.521726
v -0.355916 0.554527 -0.520103
v -0.350211 0.550100 -0.518681
v -0.345529 0.544706 -0.517514
v -0.342050 0.538552 -0.516646
v -0.339907 0.531874 -0.516112
v -0.339184 0.524930 -0.515932
v -0.339907 0.517985 -0.516112
v -0.342050 0.511308 -0.516646
v -0.345529 0.505154 -0.517514
v -0.350211 0.499760 -0.518681
v -0.355916 0.495333 -0.520103
v -0.362424 0.492043 -0.521726
v -0.369487 0.490018 -0.523487
v -0.369913 0.559842 -0.521726
v -0.363260 0.557816 -0.518272
v -0.357129 0.554527 -0.515089
v -0.351755 0.550100 -0.512299
v -0.347345 0.544706 -0.510009
v -0.344068 0.538552 -0.508308
v -0.342050 0.531874 -0.507260
v -0.341368 0.524930 -0.506906
v -0.342050 0.517985 -0.507260
v -0.344068 0.511308 -0.508308
v -0.347345 0.505154 -0.510009
v -0.351755 0.499760 -0.512299
v -0.357129 0.495333 -0.515089
v -0.363260 0.492043 -0.518272
v -0.369913 0.490018 -0.521726
v -0.370605 0.559842 -0.520103
v -0.364618 0.557816 -0.515089
v -0.359100 0.554527 -0.510468
v -0.354264 0.550100 -0.506417
v -0.350294 0.544706 -0.503093
v -0.347345 0.538552 -0.500623
v -0.345529 0.531874 -0.499102
v -0.344916 0.524930 -0.498588
v -0.345529 0.517985 -0.499102
v -0.347345 0.511308 -0.500623
v -0.350294 0.505154 -0.503093
v -0.354264 0.499760 -0.506417
v -0.359100 0.495333 -0.510468
v -0.364618 0.492043 -0.515089
v -0.370605 0.490018 -0.520103
v -0.371536 0.559842 -0.518681
v -0.366445 0.557816 -0.512299
v -0.361752 0.554527 -0.506417
v -0.357639 0.550100 -0.501262
v -0.354264 0.544706 -0.497031
v -0.351755 0.538552 -0.493887
v -0.350211 0.531874 -0.491951
v -0.349689 0.524930 -0.491297
v -0.350211 0.517985 -0.491951
v -0.351755 0.511308 -0.493887
v -0.354264 0.505154 -0.497031
v -0.357639 0.499760 -0.501262
v -0.361752 0.495333 -0.506417
v -0.366445 0.492043 -0.512299
v -0.371536 0.490018 -0.518681
v -0.372671 0.559842 -0.517514
v -0.368671 0.557816 -0.510009
v -0.364984 0.554527 -0.503093
v -0.361752 0.550100 -0.497031
v -0.359100 0.544706 -0.492056
v -0.357129 0.538552 -0.488359
v -0.355916 0.531874 -0.486082
v -0.355506 0.524930 -0.485314
v -0.355916 0.517985 -0.486082
v -0.357129 0.511308 -0.488359
v -0.359100 0.505154 -0.492056
v -0.361752 0.499760 -0.497031
v -0.364984 0.495333 -0.503093
v -0.368671 0.492043 -0.510009
v -0.372671 0.490018 -0.517514
v -0.373966 0.559842 -0.516646
v -0.371210 0.557816 -0.508308
v -0.368671 0.554527 -0.500623
v -0.366445 0.550100 -0.493887
v -0.364618 0.544706 -0.488359
v -0.363260 0.538552 -0.484251
v -0.362425 0.531874 -0.481722
v -0.362142 0.524930 -0.480868
v -0.362425 0.517985 -0.481722
v -0.363260 0.511308 -0.484251
v -0.364618 0.505154 -0.488359
v -0.366445 0.499760 -0.493887
v -0.368671 0.495333 -0.500623
v -0.371210 0.492043 -0.508308
v -0.373966 0.490018 -0.516646
v -0.375371 0.559842 -0.516112
v -0.373966 0.557816 -0.507260
v -0.372671 0.554527 -0.499102
v -0.371536 0.550100 -0.491951
v -0.370605 0.544706 -0.486082
v -0.369913 0.538552 -0.481722
v -0.369487 0.531874 -0.479036
v -0.369343 0.524930 -0.478130
v -0.369487 0.517985 -0.479036
v -0.369913 0.511308 -0.481722
v -0.370605 0.505154 -0.486082
v -0.371536 0.499760 -0.491951
v -0.372671 0.495333 -0.499102
v -0.373966 0.492043 -0.507260
v -0.375371 0.490018 -0.516112
v -0.376832 0.559842 -0.515932
v -0.376832 0.557816 -0.506906
v -0.376832 0.554527 -0.498588
v -0.376832 0.550100 -0.491297
v -0.376832 0.544706 -0.485314
v -0.376832 0.538552 -0.480868
v -0.376832 0.531874 -0.478130
v -0.376832 0.524930 -0.477205
v -0.376832 0.517985 -0.478130
v -0.376832 0.511308 -0.480868
v -0.376832 0.505154 -0.485314
v -0.376832 0.499760 -0.491297
v -0.376832 0.495333 -0.498588
v -0.376832 0.492043 -0.506906
v -0.376832 0.490018 -0.515932
v -0.378293 0.559842 -0.516112
v -0.379697 0.557816 -0.507260
v -0.380992 0.554527 -0.499102
v -0.382127 0.550100 -0.491951
v -0.383058 0.544706 -0.486082
v -0.383750 0.538552 -0.481722
v -0.384176 0.531874 -0.479036
v -0.384320 0.524930 -0.478130
v -0.384176 0.517985 -0.479036
v -0.383750 0.511308 -0.481722
v -0.383058 0.505154 -0.486082
v -0.382127 0.499760 -0.491951
v -0.380992 0.495333 -0.499102
v -0.379697 0.492043 -0.507260
v -0.378293 0.490018 -0.516112
v -0.379697 0.559842 -0.516646
v -0.382453 0.557816 -0.508308
v -0.384993 0.554527 -0.500623
v -0.387219 0.550100 -0.493887
v -0.389045 0.544706 -0.488359
v -0.390403 0.538552 -0.484251
v -0.391239 0.531874 -0.481722
v -0.391521 0.524930 -0.480868
v -0.391239 0.517985 -0.481722
v -0.390403 0.511308 -0.484251
v -0.389045 0.505154 -0.488359
v -0.387219 0.499760 -0.493887
v -0.384993 0.495333 -0.500623
v -0.382453 0.492043 -0.508308
v -0.379697 0.490018 -0.516646
v -0.380992 0.559842 -0.517514
v -0.384993 0.557816 -0.510009
v -0.388680 0.554527 -0.503093
v -0.391911 0.550100 -0.497031
v -0.394563 0.544706 -0.492056
v -0.396534 0.538552 -0.488359
v -0.397748 0.531874 -0.486082
v -0.398157 0.524930 -0.485314
v -0.397748 0.517985 -0.486082
v -0.396534 0.511308 -0.488359
v -0.394563 0.505154 -0.492056
v -0.391911 0.499760 -0.497031
v -0.388680 0.495333 -0.503093
v -0.384993 0.492043 -0.510009
v -0.380992 0.490018 -0.517514
v -0.382127 0.559842 -0.518681
v -0.387219 0.557816 -0.512299
v -0.391911 0.554527 -0.506417
v -0.396024 0.550100 -0.501262
v -0.399400 0.544706 -0.497031
v -0.401908 0.538552 -0.493887
v -0.403453 0.531874 -0.491951
v -0.403974 0.524930 -0.491297
v -0.403453 0.517985 -0.491951
v -0.401908 0.511308 -0.493887
v -0.399400 0.505154 -0.497031
v -0.396024 0.499760 -0.501262
v -0.391911 0.495333 -0.506417
v -0.387219 0.492043 -0.512299
v -0.382127 0.490018 -0.518681
v -0.376832 0.489334 -0.525318
v -0.383058 0.559842 -0.520103
v -0.389045 0.557816 -0.515089
v -0.394563 0.554527 -0.510468
v -0.399400 0.550100 -0.506417
v -0.403369 0.544706 -0.503093
v -0.406318 0.538552 -0.500623
v -0.408135 0.531874 -0.499102
v -0.408748 0.524930 -0.498588
v -0.408135 0.517985 -0.499102
v -0.406318 0.511308 -0.500623
v -0.403369 0.505154 -0.503093
v -0.399400 0.499760 -0.506417
v -0.394563 0.495333 -0.510468
v -0.389045 0.492043 -0.515089
v -0.383058 0.490018 -0.520103
v -0.383750 0.559842 -0.521726
v -0.390403 0.557816 -0.518272
v -0.396534 0.554527 -0.515089
v -0.401908 0.550100 -0.512299
v -0.406318 0.544706 -0.510009
v -0.409596 0.538552 -0.508308
v -0.411614 0.531874 -0.507260
v -0.412295 0.524930 -0.506906
v -0.411614 0.517985 -0.507260
v -0.409596 0.511308 -0.508308
v -0.406318 0.505154 -0.510009
v -0.401908 0.499760 -0.512299
v -0.396534 0.495333 -0.515089
v -0.390403 0.492043 -0.518272
v -0.383750 0.490018 -0.521726
v -0.384176 0.559842 -0.523487
v -0.391239 0.557816 -0.521726
v -0.397748 0.554527 -0.520103
v -0.403453 0.550100 -0.518681
v -0.408135 0.544706 -0.517514
v -0.411614 0.538552 -0.516646
v -0.413756 0.531874 -0.516112
v -0.414479 0.524930 -0.515932
v -0.413756 0.517985 -0.516112
v -0.411614 0.511308 -0.516646
v -0.408135 0.505154 -0.517514
v -0.403453 0.499760 -0.518681
v -0.397748 0.495333 -0.520103
v -0.391239 0.492043 -0.521726
v -0.384176 0.490018 -0.523487
v -0.384320 0.559842 -0.525318
v -0.391521 0.557816 -0.525318
v -0.398157 0.554527 -0.525318
v -0.403974 0.550100 -0.525318
v -0.408748 0.544706 -0.525318
v -0.412295 0.538552 -0.525318
v -0.414479 0.531874 -0.525318
v -0.415217 0.524930 -0.525318
v -0.414479 0.517985 -0.525318
v -0.412295 0.511308 -0.525318
v -0.408748 0.505154 -0.525318
v -0.403974 0.499760 -0.525318
v -0.398157 0.495333 -0.525318
v -0.391521 0.492043 -0.525318
v -0.384320 0.490018 -0.525318
v -0.384176 0.559842 -0.527149
v -0.391239 0.557816 -0.528910
v -0.397748 0.554527 -0.530533
v -0.403453 0.550100 -0.531955
v -0.408135 0.544706 -0.533122
v -0.411614 0.538552 -0.533990
v -0.413756 0.531874 -0.534524
v -0.414479 0.524930 -0.534704
v -0.413756 0.517985 -0.534524
v -0.411614 0.511308 -0.533990
v -0.408135 0.505154 -0.533122
v -0.403453 0.499760 -0.531955
v -0.397748 0.495333 -0.530533
v -0.391239 0.492043 -0.528910
v -0.384176 0.490018 -0.527149
v -0.383750 0.559842 -0.528910
v -0.390403 0.557816 -0.532364
v -0.396534 0.554527 -0.535547
v -0.401908 0.550100 -0.538337
v -0.406318 0.544706 -0.540627
v -0.409596 0.538552 -0.542328
v -0.411614 0.531874 -0.543376
v -0.412295 0.524930 -0.543730
v -0.411614 0.517985 -0.543376
v -0.409596 0.511308 -0.542328
v -0.406318 0.505154 -0.540627
v -0.401908 0.499760 -0.538337
v -0.396534 0.495333 -0.535547
v -0.390403 0.492043 -0.532364
v -0.383750 0.490018 -0.528910
v -0.383058 0.559842 -0.530533
v -0.389045 0.557816 -0.535547
v -0.394563 0.554527 -0.540168
v -0.399400 0.550100 -0.544219
v -0.403369 0.544706 -0.547543
v -0.406318 0.538552 -0.550013
v -0.408135 0.531874 -0.551534
v -0.408748 0.524930 -0.552048
v -0.408135 0.517985 -0.551534
v -0.406318 0.511308 -0.550013
v -0.403369 0.505154 -0.547543
v -0.399400 0.499760 -0.544219
v -0.394563 0.495333 -0.540168
v -0.389045 0.492043 -0.535547
v -0.383058 0.490018 -0.530533
v -0.382127 0.559842 -0.531955
v -0.387219 0.557816 -0.538337
v -0.391911 0.554527 -0.544219
v -0.396024 0.550100 -0.549374
v -0.399400 0.544706 -0.553605
v -0.401908 0.538552 -0.556749
v -0.403453 0.531874 -0.558685
v -0.403974 0.524930 -0.559339
v -0.403453 0.517985 -0.558685
v -0.401908 0.511308 -0.556749
v -0.399400 0.505154 -0.553605
v -0.396024 0.499760 -0.549374
v -0.391911 0.495333 -0.544219
v -0.387219 0.492043 -0.538337
v -0.382127 0.490018 -0.531955
v -0.380992 0.559842 -0.533122
v -0.384993 0.557816 -0.540627
v -0.388680 0.554527 -0.547543
v -0.391911 0.550100 -0.553605
v -0.394563 0.544706 -0.558580
v -0.396534 0.538552 -0.562277
v -0.397748 0.531874 -0.564553
v -0.398157 0.524930 -0.565322
v -0.397748 0.517985 -0.564553
v -0.396534 0.511308 -0.562277
v -0.394563 0.505154 -0.558580
v -0.391911 0.499760 -0.553605
v -0.388680 0.495333 -0.547543
v -0.384993 0.492043 -0.540627
v -0.380992 0.490018 -0.533122
v -0.379697 0.559842 -0.533990
v -0.382453 0.557816 -0.542328
v -0.384993 0.554527 -0.550013
v -0.387219 0.550100 -0.556749
v -0.389045 0.544706 -0.562277
v -0.390403 0.538552 -0.566385
v -0.391239 0.531874 -0.568914
v -0.391521 0.524930 -0.569768
v -0.391239 0.517985 -0.568914
v -0.390403 0.511308 -0.566385
v -0.389045 0.505154 -0.562277
v -0.387219 0.499760 -0.556749
v -0.384993 0.495333 -0.550013
v -0.382453 0.492043 -0.542328
v -0.379697 0.490018 -0.533990
v -0.378293 0.559842 -0.534524
v -0.379697 0.557816 -0.543376
v -0.380992 0.554527 -0.551534
v -0.382127 0.550100 -0.558685
v -0.383058 0.544706 -0.564553
v -0.383750 0.538552 -0.568914
v -0.384176 0.531874 -0.571599
v -0.384320 0.524930 -0.572506
v -0.384176 0.517985 -0.571599
v -0.383750 0.511308 -0.568914
v -0.383058 0.505154 -0.564553
v -0.382127 0.499760 -0.558685
v -0.380992 0.495333 -0.551534
v -0.379697 0.492043 -0.543376
v -0.378293 0.490018 -0.534524
v -0.376832 0.559842 -0.534704
v -0.376832 0.557816 -0.543730
v -0.376832 0.550100 -0.559339
v -0.376832 0.538552 -0.569768
v -0.376832 0.511308 -0.569768
v -0.376832 0.499760 -0.559339
v -0.376832 0.495333 -0.552048
v -0.376832 0.492043 -0.543730
v -0.376832 0.490018 -0.534704
vn 0.0996 -0.5827 -0.8066
vn 0.0639 0.8530 -0.5179
vn 0.0824 -0.7402 -0.6673
vn 0.0824 0.7402 -0.6673
vn 0.0639 -0.8530 -0.5179
vn 0.0996 0.5827 -0.8066
vn 0.0454 -0.9290 -0.3674
vn 0.1135 0.3769 -0.9193
vn 0.0271 -0.9754 -0.2189
vn 0.1215 0.1310 -0.9839
vn 0.0090 0.9973 -0.0727
vn 0.0090 -0.9973 -0.0727
vn 0.1215 -0.1310 -0.9839
vn 0.0270 0.9754 -0.2189
vn 0.1135 -0.3769 -0.9193
vn 0.0453 0.9290 -0.3674
vn 0.0800 0.9744 -0.2103
vn 0.3301 -0.3702 -0.8683
vn 0.1339 0.9263 -0.3522
vn 0.2908 -0.5747 -0.7649
vn 0.1883 0.8482 -0.4952
vn 0.2417 -0.7332 -0.6356
vn 0.2417 0.7332 -0.6356
vn 0.1883 -0.8481 -0.4952
vn 0.2908 0.5747 -0.7649
vn 0.1339 -0.9263 -0.3522
vn 0.3301 0.3702 -0.8683
vn 0.0800 -0.9744 -0.2103
vn 0.3525 0.1283 -0.9270
vn 0.0265 0.9972 -0.0699
vn 0.0265 -0.9972 -0.0699
vn 0.3525 -0.1283 -0.9270
vn 0.4608 0.5608 -0.6879
vn 0.2163 -0.9214 -0.3229
vn 0.5195 0.3588 -0.7755
vn 0.1296 -0.9725 -0.1934
vn 0.5523 0.1238 -0.8244
vn 0.0432 0.9970 -0.0644
vn 0.0431 -0.9970 -0.0644
vn 0.5523 -0.1238 -0.8244
vn 0.1296 0.9725 -0.1934
vn 0.5195 -0.3588 -0.7755
vn 0.2163 0.9214 -0.3229
vn 0.4608 -0.5608 -0.6879
vn 0.3026 0.8393 -0.4516
vn 0.3858 -0.7208 -0.5759
vn 0.3858 0.7208 -0.5759
vn 0.3026 -0.8393 -0.4516
vn 0.6729 -0.3453 -0.6542
vn 0.2892 0.9151 -0.2811
vn 0.6016 -0.5440 -0.5849
vn 0.4018 0.8282 -0.3906
vn 0.5082 -0.7055 -0.4940
vn 0.5082 0.7055 -0.4940
vn 0.4018 -0.8282 -0.3906
vn 0.6016 0.5440 -0.5849
vn 0.2891 -0.9151 -0.2811
vn 0.6729 0.3453 -0.6542
vn 0.1740 -0.9701 -0.1691
vn 0.7120 0.1186 -0.6921
vn 0.0580 0.9967 -0.0564
vn 0.0580 -0.9967 -0.0564
vn 0.7120 -0.1186 -0.6921
vn 0.1740 0.9701 -0.1691
vn 0.3497 -0.9084 -0.2290
vn 0.7891 0.3323 -0.5167
vn 0.2114 -0.9675 -0.1384
vn 0.8312 0.1137 -0.5442
vn 0.0707 0.9964 -0.0463
vn 0.0707 -0.9964 -0.0463
vn 0.8312 -0.1137 -0.5442
vn 0.2114 0.9675 -0.1384
vn 0.7891 -0.3323 -0.5166
vn 0.3498 0.9084 -0.2290
vn 0.7108 -0.5274 -0.4654
vn 0.4828 0.8167 -0.3161
vn 0.6056 -0.6900 -0.3965
vn 0.6056 0.6900 -0.3965
vn 0.4828 -0.8167 -0.3161
vn 0.7108 0.5274 -0.4654
vn 0.7894 -0.5134 -0.3366
vn 0.5439 0.8065 -0.2319
vn 0.6774 -0.6765 -0.2889
vn 0.6774 0.6765 -0.2889
vn 0.5439 -0.8065 -0.2319
vn 0.7894 0.5134 -0.3366
vn 0.3964 -0.9024 -0.1690
vn 0.8710 0.3215 -0.3714
vn 0.2406 -0.9652 -0.1026
vn 0.9143 0.1096 -0.3899
vn 0.0806 0.9962 -0.0344
vn 0.0806 -0.9962 -0.0344
vn 0.9143 -0.1096 -0.3899
vn 0.2406 0.9652 -0.1026
vn 0.8710 -0.3215 -0.3714
vn 0.3964 0.9024 -0.1690
vn 0.2606 -0.9634 -0.0631
vn 0.9664 0.1067 -0.2339
vn 0.0875 0.9959 -0.0212
vn 0.0875 -0.9959 -0.0212
vn 0.9664 -0.1067 -0.2339
vn 0.2606 0.9634 -0.0631
vn 0.9228 -0.3139 -0.2233
vn 0.4279 0.8979 -0.1036
vn 0.8398 -0.5034 -0.2032
vn 0.5846 0.7989 -0.1415
vn 0.7244 -0.6667 -0.1753
vn 0.7244 0.6667 -0.1753
vn 0.5846 -0.7989 -0.1415
vn 0.8398 0.5034 -0.2032
vn 0.4279 -0.8979 -0.1036
vn 0.9228 0.3139 -0.2233
vn 0.6049 0.7949 -0.0475
vn 0.7476 -0.6616 -0.0587
vn 0.7476 0.6616 -0.0587
vn 0.6049 -0.7949 -0.0475
vn 0.8644 0.4982 -0.0679
vn 0.4438 -0.8954 -0.0349
vn 0.9478 0.3100 -0.0745
vn 0.2707 -0.9624 -0.0213
vn 0.9914 0.1053 -0.0779
vn 0.0910 0.9958 -0.0071
vn 0.0910 -0.9958 -0.0071
vn 0.9914 -0.1053 -0.0779
vn 0.2707 0.9624 -0.0213
vn 0.9478 -0.3100 -0.0745
vn 0.4439 0.8954 -0.0349
vn 0.8644 -0.4982 -0.0679
vn 0.9914 0.1053 0.0779
vn 0.0910 0.9958 0.0071
vn 0.0910 -0.9958 0.0071
vn 0.9914 -0.1053 0.0779
vn 0.2707 0.9624 0.0213
vn 0.9478 -0.3100 0.0745
vn 0.4438 0.8954 0.0349
vn 0.8644 -0.4982 0.0679
vn 0.6049 0.7949 0.0475
vn 0.7476 -0.6616 0.0587
vn 0.7476 0.6616 0.0587
vn 0.6049 -0.7949 0.0475
vn 0.8644 0.4982 0.0679
vn 0.4438 -0.8954 0.0349
vn 0.9478 0.3100 0.0745
vn 0.2707 -0.9624 0.0213
vn 0.7244 -0.6667 0.1753
vn 0.7244 0.6667 0.1753
vn 0.5846 -0.7989 0.1415
vn 0.8398 0.5034 0.2032
vn 0.4279 -0.8979 0.1036
vn 0.9228 0.3139 0.2233
vn 0.2606 -0.9634 0.0631
vn 0.9664 0.1067 0.2339
vn 0.0875 0.9959 0.0212
vn 0.0875 -0.9959 0.0212
vn 0.9664 -0.1067 0.2339
vn 0.2606 0.9634 0.0631
vn 0.9228 -0.3139 0.2233
vn 0.4280 0.8978 0.1036
vn 0.8398 -0.5034 0.2032
vn 0.5846 0.7989 0.1415
vn 0.0806 0.9962 0.0344
vn 0.0806 -0.9962 0.0344
vn 0.9143 -0.1096 0.3899
vn 0.2406 0.9652 0.1026
vn 0.8710 -0.3215 0.3714
vn 0.3964 0.9024 0.1690
vn 0.7894 -0.5134 0.3366
vn 0.5439 0.8065 0.2319
vn 0.6774 -0.6765 0.2889
vn 0.6774 0.6765 0.2889
vn 0.5439 -0.8065 0.2319
vn 0.7894 0.5134 0.3366
vn 0.3964 -0.9024 0.1690
vn 0.8710 0.3215 0.3714
vn 0.2406 -0.9652 0.1026
vn 0.9143 0.1096 0.3899
vn 0.6056 0.6900 0.3965
vn 0.4828 -0.8167 0.3161
vn 0.7108 0.5274 0.4654
vn 0.3497 -0.9084 0.2290
vn 0.7891 0.3323 0.5167
vn 0.2114 -0.9675 0.1384
vn 0.8312 0.1137 0.5442
vn 0.0707 0.9964 0.0463
vn 0.0707 -0.9964 0.0463
vn 0.8312 -0.1137 0.5442
vn 0.2114 0.9675 0.1384
vn 0.7891 -0.3323 0.5166
vn 0.3498 0.9084 0.2290
vn 0.7108 -0.5274 0.4654
vn 0.4828 0.8167 0.3161
vn 0.6056 -0.6900 0.3965
vn 0.7120 -0.1186 0.6921
vn 0.1740 0.9701 0.1691
vn 0.6729 -0.3453 0.6542
vn 0.2891 0.9151 0.2811
vn 0.6016 -0.5440 0.5849
vn 0.4018 0.8282 0.3906
vn 0.5082 -0.7055 0.4940
vn 0.5082 0.7055 0.4940
vn 0.4018 -0.8282 0.3906
vn 0.6016 0.5440 0.5849
vn 0.2891 -0.9151 0.2811
vn 0.6729 0.3453 0.6542
vn 0.1740 -0.9701 0.1691
vn 0.7120 0.1186 0.6921
vn 0.0580 0.9967 0.0564
vn 0.0580 -0.9967 0.0564
vn 0.3026 -0.8393 0.4516
vn 0.4608 0.5608 0.6879
vn 0.2163 -0.9214 0.3229
vn 0.5195 0.3588 0.7755
vn 0.1296 -0.9725 0.1934
vn 0.5523 0.1238 0.8244
vn 0.0432 0.9970 0.0644
vn 0.0431 -0.9970 0.0644
vn 0.5523 -0.1238 0.8244
vn 0.1296 0.9725 0.1934
vn 0.5195 -0.3588 0.7755
vn 0.2163 0.9214 0.3229
vn 0.4608 -0.5608 0.6879
vn 0.3026 0.8393 0.4516
vn 0.3858 -0.7208 0.5759
vn 0.3858 0.7208 0.5759
vn 0.3301 -0.3702 0.8683
vn 0.1339 0.9263 0.3522
vn 0.2908 -0.5747 0.7649
vn 0.1883 0.8482 0.4952
vn 0.2417 -0.7332 0.6356
vn 0.2417 0.7332 0.6356
vn 0.1883 -0.8481 0.4952
vn 0.2908 0.5747 0.7649
vn 0.1339 -0.9263 0.3522
vn 0.3301 0.3702 0.8683
vn 0.0800 -0.9744 0.2103
vn 0.3525 0.1283 0.9270
vn 0.0265 0.9972 0.0699
vn 0.0265 -0.9972 0.0699
vn 0.3525 -0.1283 0.9270
vn 0.0799 0.9744 0.2103
vn 0.0454 -0.9290 0.3674
vn 0.1135 0.3769 0.9193
vn 0.0271 -0.9754 0.2189
vn 0.1215 0.1310 0.9839
vn 0.0090 0.9973 0.0727
vn 0.0090 -0.9973 0.0727
vn 0.1215 -0.1310 0.9839
vn 0.0270 0.9754 0.2189
vn 0.1135 -0.3769 0.9193
vn 0.0453 0.9290 0.3674
vn 0.0996 -0.5827 0.8066
vn 0.0639 0.8530 0.5179
vn 0.0824 -0.7402 0.6673
vn 0.0824 0.7402 0.6673
vn 0.0640 -0.8530 0.5179
vn 0.0996 0.5827 0.8066
vn -0.0453 0.9290 0.3674
vn -0.0996 -0.5827 0.8066
vn -0.0639 0.8530 0.5179
vn -0.0824 -0.7402 0.6673
vn -0.0824 0.7402 0.6673
vn -0.0639 -0.8530 0.5179
vn -0.0996 0.5827 0.8066
vn -0.0454 -0.9290 0.3674
vn -0.1135 0.3769 0.9193
vn -0.0271 -0.9754 0.2189
vn -0.1215 0.1310 0.9839
vn -0.0090 0.9973 0.0727
vn -0.0090 -0.9973 0.0727
vn -0.1215 -0.1310 0.9839
vn -0.0270 0.9754 0.2189
vn -0.1135 -0.3769 0.9193
vn -0.3301 0.3702 0.8683
vn -0.0800 -0.9744 0.2103
vn -0.3525 0.1283 0.9270
vn -0.0265 0.9972 0.0699
vn -0.0265 -0.9972 0.0699
vn -0.3525 -0.1283 0.9270
vn -0.0799 0.9744 0.2103
vn -0.3301 -0.3702 0.8683
vn -0.1339 0.9263 0.3522
vn -0.2908 -0.5747 0.7649
vn -0.1883 0.8482 0.4952
vn -0.2417 -0.7332 0.6356
vn -0.2417 0.7332 0.6356
vn -0.1883 -0.8481 0.4952
vn -0.2908 0.5747 0.7649
vn -0.1339 -0.9263 0.3522
vn -0.4608 -0.5608 0.6879
vn -0.3026 0.8393 0.4516
vn -0.3858 -0.7208 0.5758
vn -0.3858 0.7208 0.5759
vn -0.3026 -0.8393 0.4516
vn -0.4608 0.5608 0.6879
vn -0.2164 -0.9214 0.3229
vn -0.5195 0.3588 0.7755
vn -0.1296 -0.9725 0.1934
vn -0.5523 0.1238 0.8244
vn -0.0432 0.9970 0.0644
vn -0.0431 -0.9970 0.0644
vn -0.5523 -0.1238 0.8244
vn -0.1296 0.9725 0.1934
vn -0.5195 -0.3588 0.7755
vn -0.2163 0.9214 0.3229
vn -0.1740 -0.9701 0.1691
vn -0.7120 0.1186 0.6921
vn -0.0580 0.9967 0.0564
vn -0.0580 -0.9967 0.0564
vn -0.7120 -0.1186 0.6921
vn -0.1739 0.9701 0.1691
vn -0.6729 -0.3453 0.6542
vn -0.2892 0.9151 0.2811
vn -0.6016 -0.5440 0.5849
vn -0.4018 0.8282 0.3906
vn -0.5082 -0.7055 0.4940
vn -0.5082 0.7055 0.4940
vn -0.4018 -0.8282 0.3906
vn -0.6016 0.5440 0.5849
vn -0.2891 -0.9151 0.2811
vn -0.6729 0.3453 0.6542
vn -0.4828 0.8167 0.3161
vn -0.6056 -0.6900 0.3965
vn -0.6056 0.6900 0.3965
vn -0.4828 -0.8167 0.3161
vn -0.7108 0.5274 0.4654
vn -0.3498 -0.9084 0.2290
vn -0.7891 0.3323 0.5167
vn -0.2114 -0.9675 0.1384
vn -0.8312 0.1137 0.5442
vn -0.0707 0.9964 0.0463
vn -0.0707 -0.9964 0.0463
vn -0.8312 -0.1136 0.5442
vn -0.2114 0.9675 0.1384
vn -0.7891 -0.3323 0.5166
vn -0.3498 0.9084 0.2290
vn -0.7108 -0.5274 0.4654
vn -0.9143 0.1096 0.3899
vn -0.0806 0.9961 0.0344
vn -0.0806 -0.9962 0.0344
vn -0.9143 -0.1096 0.3899
vn -0.2406 0.9652 0.1026
vn -0.8710 -0.3215 0.3714
vn -0.3964 0.9024 0.1690
vn -0.7894 -0.5134 0.3366
vn -0.5439 0.8065 0.2319
vn -0.6774 -0.6765 0.2889
vn -0.6774 0.6765 0.2889
vn -0.5439 -0.8065 0.2319
vn -0.7894 0.5134 0.3366
vn -0.3964 -0.9024 0.1690
vn -0.8710 0.3215 0.3714
vn -0.2406 -0.9652 0.1026
vn -0.7244 -0.6667 0.1753
vn -0.7244 0.6667 0.1753
vn -0.5846 -0.7989 0.1415
vn -0.8398 0.5034 0.2032
vn -0.4279 -0.8979 0.1036
vn -0.9228 0.3139 0.2233
vn -0.2606 -0.9634 0.0631
vn -0.9664 0.1067 0.2339
vn -0.0875 0.9959 0.0212
vn -0.0875 -0.9959 0.0212
vn -0.9664 -0.1067 0.2339
vn -0.2606 0.9634 0.0631
vn -0.9228 -0.3139 0.2233
vn -0.4280 0.8978 0.1036
vn -0.8398 -0.5034 0.2032
vn -0.5846 0.7989 0.1415
vn -0.0910 -0.9958 0.0071
vn -0.9914 -0.1053 0.0779
vn -0.2707 0.9624 0.0213
vn -0.9478 -0.3100 0.0745
vn -0.4439 0.8954 0.0349
vn -0.8644 -0.4982 0.0679
vn -0.6049 0.7949 0.0475
vn -0.7476 -0.6616 0.0587
vn -0.7476 0.6616 0.0587
vn -0.6049 -0.7949 0.0475
vn -0.8644 0.4982 0.0679
vn -0.4438 -0.8954 0.0349
vn -0.9478 0.3100 0.0745
vn -0.2707 -0.9624 0.0213
vn -0.9914 0.1053 0.0779
vn -0.0909 0.9958 0.0071
vn -0.6049 -0.7949 -0.0475
vn -0.8644 0.4982 -0.0679
vn -0.4438 -0.8954 -0.0349
vn -0.9478 0.3100 -0.0745
vn -0.2707 -0.9624 -0.0213
vn -0.9914 0.1053 -0.0779
vn -0.0910 0.9958 -0.0071
vn -0.0910 -0.9958 -0.0071
vn -0.9914 -0.1053 -0.0779
vn -0.2707 0.9624 -0.0213
vn -0.9478 -0.3100 -0.0745
vn -0.4438 0.8954 -0.0349
vn -0.8644 -0.4982 -0.0679
vn -0.6049 0.7949 -0.0475
vn -0.7476 -0.6616 -0.0587
vn -0.7476 0.6616 -0.0587
vn -0.2606 0.9634 -0.0631
vn -0.9228 -0.3139 -0.2233
vn -0.4280 0.8978 -0.1036
vn -0.8398 -0.5034 -0.2033
vn -0.5846 0.7989 -0.1415
vn -0.7244 -0.6667 -0.1753
vn -0.7244 0.6667 -0.1753
vn -0.5846 -0.7989 -0.1415
vn -0.8398 0.5034 -0.2032
vn -0.4279 -0.8979 -0.1036
vn -0.9228 0.3139 -0.2233
vn -0.2606 -0.9634 -0.0631
vn -0.9664 0.1067 -0.2339
vn -0.0875 0.9959 -0.0212
vn -0.0875 -0.9959 -0.0212
vn -0.9664 -0.1067 -0.2339
vn -0.7894 0.5134 -0.3366
vn -0.3964 -0.9024 -0.1690
vn -0.8710 0.3215 -0.3714
vn -0.2406 -0.9652 -0.1026
vn -0.9143 0.1096 -0.3899
vn -0.0806 0.9962 -0.0344
vn -0.0806 -0.9962 -0.0344
vn -0.9143 -0.1096 -0.3899
vn -0.2406 0.9652 -0.1026
vn -0.8710 -0.3215 -0.3714
vn -0.3964 0.9024 -0.1690
vn -0.7894 -0.5134 -0.3366
vn -0.5439 0.8065 -0.2319
vn -0.6774 -0.6765 -0.2889
vn -0.6774 0.6765 -0.2889
vn -0.5439 -0.8065 -0.2319
vn -0.7891 -0.3323 -0.5166
vn -0.3498 0.9084 -0.2290
vn -0.7108 -0.5274 -0.4654
vn -0.4828 0.8167 -0.3161
vn -0.6056 -0.6900 -0.3965
vn -0.6056 0.6900 -0.3965
vn -0.4828 -0.8167 -0.3161
vn -0.7108 0.5274 -0.4654
vn -0.3497 -0.9084 -0.2290
vn -0.7891 0.3323 -0.5167
vn -0.2114 -0.9675 -0.1384
vn -0.8312 0.1136 -0.5442
vn -0.0707 0.9964 -0.0463
vn -0.0707 -0.9964 -0.0463
vn -0.8312 -0.1137 -0.5442
vn -0.2114 0.9675 -0.1384
vn -0.2891 -0.9151 -0.2811
vn -0.6729 0.3453 -0.6542
vn -0.1740 -0.9701 -0.1691
vn -0.7120 0.1186 -0.6921
vn -0.0580 0.9967 -0.0564
vn -0.0580 -0.9967 -0.0564
vn -0.7120 -0.1186 -0.6921
vn -0.1740 0.9701 -0.1691
vn -0.6729 -0.3453 -0.6542
vn -0.2892 0.9151 -0.2811
vn -0.6016 -0.5440 -0.5849
vn -0.4018 0.8282 -0.3906
vn -0.5082 -0.7055 -0.4940
vn -0.5082 0.7055 -0.4940
vn -0.4018 -0.8282 -0.3906
vn -0.6016 0.5440 -0.5849
vn -0.2163 0.9214 -0.3229
vn -0.4608 -0.5608 -0.6879
vn -0.3026 0.8393 -0.4516
vn -0.3858 -0.7208 -0.5759
vn -0.3858 0.7208 -0.5759
vn -0.3026 -0.8393 -0.4516
vn -0.4608 0.5608 -0.6879
vn -0.2163 -0.9214 -0.3229
vn -0.5195 0.3588 -0.7755
vn -0.1296 -0.9725 -0.1934
vn -0.5523 0.1238 -0.8244
vn -0.0432 0.9970 -0.0644
vn -0.0431 -0.9970 -0.0644
vn -0.5523 -0.1238 -0.8244
vn -0.1296 0.9725 -0.1934
vn -0.5195 -0.3588 -0.7755
vn -0.3301 0.3702 -0.8683
vn -0.0800 -0.9744 -0.2103
vn -0.3525 0.1283 -0.9270
vn -0.0265 0.9972 -0.0699
vn -0.0265 -0.9972 -0.0699
vn -0.3525 -0.1283 -0.9270
vn -0.0800 0.9744 -0.2103
vn -0.3301 -0.3702 -0.8683
vn -0.1339 0.9263 -0.3522
vn -0.2908 -0.5747 -0.7649
vn -0.1883 0.8482 -0.4952
vn -0.2417 -0.7332 -0.6356
vn -0.2417 0.7332 -0.6356
vn -0.1883 -0.8481 -0.4952
vn -0.2908 0.5747 -0.7649
vn -0.1339 -0.9263 -0.3522
vn -0.0996 -0.5827 -0.8066
vn -0.0639 0.8530 -0.5179
vn -0.0824 -0.7402 -0.6673
vn -0.0824 0.7402 -0.6673
vn -0.0640 -0.8530 -0.5179
vn -0.0996 0.5827 -0.8066
vn -0.0454 -0.9290 -0.3674
vn -0.1135 0.3769 -0.9193
vn -0.0271 -0.9754 -0.2189
vn -0.1215 0.1310 -0.9839
vn -0.0090 0.9973 -0.0727
vn -0.0090 -0.9973 -0.0727
vn -0.1215 -0.1310 -0.9839
vn -0.0270 0.9754 -0.2189
vn -0.1135 -0.3769 -0.9193
vn -0.0453 0.9290 -0.3674
vn 0.0270 -0.9754 -0.2189
vn 0.0271 0.9754 -0.2189
vn 0.0454 0.9290 -0.3674
vn 0.0799 0.9744 -0.2103
vn 0.1883 0.8481 -0.4952
vn 0.0799 -0.9744 -0.2103
vn 0.1295 0.9725 -0.1934
vn 0.3858 -0.7208 -0.5758
vn 0.2891 0.9151 -0.2811
vn 0.1739 -0.9701 -0.1691
vn 0.3498 -0.9084 -0.2290
vn 0.7891 0.3323 -0.5166
vn 0.2114 0.9676 -0.1384
vn 0.7891 -0.3323 -0.5167
vn 0.7108 0.5275 -0.4654
vn 0.4280 0.8978 -0.1036
vn 0.4439 -0.8954 -0.0349
vn 0.9478 -0.3101 -0.0745
vn 0.4438 0.8954 -0.0349
vn 0.9478 -0.3101 0.0745
vn 0.4279 0.8979 0.1036
vn 0.7108 0.5275 0.4654
vn 0.3498 -0.9084 0.2290
vn 0.7891 -0.3323 0.5167
vn 0.7108 -0.5275 0.4654
vn 0.2892 0.9151 0.2811
vn 0.1739 -0.9701 0.1691
vn 0.1295 0.9725 0.1934
vn 0.1883 0.8481 0.4952
vn 0.0799 -0.9744 0.2103
vn 0.0800 0.9744 0.2103
vn 0.0270 -0.9754 0.2189
vn 0.0271 0.9754 0.2189
vn 0.0454 0.9290 0.3674
vn 0.0639 -0.8530 0.5179
vn -0.0454 0.9290 0.3674
vn -0.0453 -0.9290 0.3674
vn -0.0270 -0.9754 0.2189
vn -0.0271 0.9754 0.2189
vn -0.0799 -0.9744 0.2103
vn -0.0800 0.9744 0.2103
vn -0.1883 0.8481 0.4952
vn -0.3858 -0.7208 0.5759
vn -0.3858 0.7208 0.5758
vn -0.2163 -0.9214 0.3229
vn -0.1739 -0.9701 0.1691
vn -0.1740 0.9701 0.1691
vn -0.2891 0.9151 0.2811
vn -0.7108 0.5275 0.4654
vn -0.2114 -0.9676 0.1384
vn -0.8312 0.1136 0.5442
vn -0.8312 -0.1137 0.5442
vn -0.7891 -0.3323 0.5167
vn -0.7108 -0.5275 0.4654
vn -0.4438 0.8954 0.0349
vn -0.4439 -0.8954 0.0349
vn -0.4439 -0.8954 -0.0349
vn -0.4439 0.8954 -0.0349
vn -0.4279 0.8978 -0.1036
vn -0.8398 -0.5034 -0.2032
vn -0.8398 0.5034 -0.2033
vn -0.7891 -0.3323 -0.5167
vn -0.7108 0.5275 -0.4654
vn -0.3498 -0.9084 -0.2290
vn -0.8312 0.1137 -0.5442
vn -0.8312 -0.1136 -0.5442
vn -0.2114 0.9676 -0.1384
vn -0.2892 -0.9151 -0.2811
vn -0.1739 -0.9701 -0.1691
vn -0.3858 -0.7208 -0.5758
vn -0.1295 0.9725 -0.1934
vn -0.0799 -0.9744 -0.2103
vn -0.0799 0.9744 -0.2103
vn -0.1883 0.8481 -0.4952
vn -0.0639 -0.8530 -0.5179
vn -0.0270 -0.9754 -0.2189
vn -0.0454 0.9290 -0.3674
vt 0.911273 0.082537
vt 0.915175 0.084959
vt 0.911674 0.085430
vt 0.940663 0.084966
vt 0.935014 0.086222
vt 0.935583 0.083446
vt 0.907043 0.083446
vt 0.907612 0.086222
vt 0.930953 0.085430
vt 0.931354 0.082537
vt 0.901963 0.084966
vt 0.902698 0.087529
vt 0.927451 0.084959
vt 0.927698 0.082010
vt 0.895573 0.087541
vt 0.896417 0.089740
vt 0.924297 0.084707
vt 0.924409 0.081743
vt 0.886616 0.092201
vt 0.887340 0.093765
vt 0.921313 0.084619
vt 0.921313 0.081674
vt 0.956010 0.092201
vt 0.965582 0.098181
vt 0.955287 0.093765
vt 0.877044 0.098181
vt 0.918217 0.081743
vt 0.918329 0.084707
vt 0.946209 0.089740
vt 0.947054 0.087541
vt 0.914928 0.082010
vt 0.939928 0.087529
vt 0.945658 0.092045
vt 0.918376 0.087658
vt 0.915285 0.087894
vt 0.939493 0.090149
vt 0.911868 0.088320
vt 0.934708 0.089018
vt 0.907918 0.089018
vt 0.930758 0.088320
vt 0.903134 0.090149
vt 0.927341 0.087894
vt 0.896968 0.092045
vt 0.924250 0.087658
vt 0.887843 0.095472
vt 0.921313 0.087572
vt 0.965181 0.099220
vt 0.954783 0.095472
vt 0.877445 0.099220
vt 0.927337 0.090922
vt 0.903332 0.092879
vt 0.897276 0.094478
vt 0.924255 0.090709
vt 0.888161 0.097337
vt 0.921313 0.090631
vt 0.964906 0.100448
vt 0.954466 0.097337
vt 0.877720 0.100448
vt 0.918371 0.090709
vt 0.945350 0.094478
vt 0.915289 0.090922
vt 0.939294 0.092879
vt 0.911905 0.091301
vt 0.934606 0.091910
vt 0.908020 0.091910
vt 0.930721 0.091301
vt 0.918330 0.093937
vt 0.915218 0.094120
vt 0.939273 0.095756
vt 0.911830 0.094443
vt 0.934653 0.094955
vt 0.907974 0.094955
vt 0.930796 0.094443
vt 0.903354 0.095756
vt 0.927408 0.094120
vt 0.897396 0.097060
vt 0.924296 0.093937
vt 0.888335 0.099372
vt 0.921313 0.093870
vt 0.964714 0.101863
vt 0.954291 0.099372
vt 0.877912 0.101863
vt 0.945230 0.097060
vt 0.903264 0.098805
vt 0.897390 0.099804
vt 0.924358 0.097382
vt 0.888422 0.101577
vt 0.921313 0.097329
vt 0.964547 0.103449
vt 0.954204 0.101577
vt 0.878080 0.103449
vt 0.918268 0.097382
vt 0.945236 0.099804
vt 0.915106 0.097528
vt 0.939362 0.098805
vt 0.911690 0.097782
vt 0.934787 0.098184
vt 0.907839 0.098183
vt 0.930936 0.097782
vt 0.927520 0.097528
vt 0.914988 0.101146
vt 0.911539 0.101323
vt 0.934944 0.101599
vt 0.907682 0.101599
vt 0.931088 0.101323
vt 0.903136 0.102025
vt 0.927638 0.101146
vt 0.897328 0.102704
vt 0.924422 0.101045
vt 0.888483 0.103927
vt 0.921313 0.101007
vt 0.964347 0.105154
vt 0.954143 0.103927
vt 0.878279 0.105154
vt 0.918204 0.101045
vt 0.945298 0.102704
vt 0.939490 0.102025
vt 0.897282 0.105728
vt 0.888569 0.106367
vt 0.921313 0.104863
vt 0.964081 0.106897
vt 0.954057 0.106367
vt 0.878545 0.106896
vt 0.918154 0.104884
vt 0.945345 0.105728
vt 0.914898 0.104936
vt 0.939587 0.105385
vt 0.911424 0.105026
vt 0.935062 0.105168
vt 0.907564 0.105168
vt 0.931202 0.105026
vt 0.903039 0.105385
vt 0.927728 0.104936
vt 0.924472 0.104884
vt 0.935096 0.108820
vt 0.911382 0.108820
vt 0.907531 0.108820
vt 0.931244 0.108820
vt 0.903026 0.108820
vt 0.927768 0.108820
vt 0.897302 0.108820
vt 0.924499 0.108820
vt 0.888696 0.108820
vt 0.921313 0.108820
vt 0.963755 0.108580
vt 0.953930 0.108820
vt 0.878871 0.108580
vt 0.918127 0.108820
vt 0.945324 0.108820
vt 0.914858 0.108820
vt 0.939600 0.108820
vt 0.924472 0.112756
vt 0.921313 0.112776
vt 0.963755 0.109059
vt 0.954057 0.111273
vt 0.878871 0.109059
vt 0.888569 0.111273
vt 0.918154 0.112756
vt 0.945345 0.111911
vt 0.914898 0.112704
vt 0.939587 0.112255
vt 0.911424 0.112613
vt 0.935062 0.112472
vt 0.907564 0.112472
vt 0.931202 0.112613
vt 0.903039 0.112255
vt 0.927728 0.112704
vt 0.897282 0.111911
vt 0.907682 0.116040
vt 0.934944 0.116040
vt 0.931088 0.116317
vt 0.903136 0.115614
vt 0.927638 0.116493
vt 0.897328 0.114936
vt 0.924422 0.116595
vt 0.888483 0.113713
vt 0.921313 0.116632
vt 0.964081 0.110743
vt 0.954143 0.113713
vt 0.878545 0.110743
vt 0.918204 0.116594
vt 0.945298 0.114936
vt 0.914988 0.116493
vt 0.939490 0.115614
vt 0.911539 0.116317
vt 0.964347 0.112485
vt 0.954204 0.116063
vt 0.878279 0.112485
vt 0.888422 0.116063
vt 0.918268 0.120257
vt 0.945236 0.117836
vt 0.915106 0.120112
vt 0.939362 0.118834
vt 0.911690 0.119857
vt 0.934787 0.119456
vt 0.907839 0.119456
vt 0.930936 0.119857
vt 0.903264 0.118834
vt 0.927520 0.120112
vt 0.897390 0.117836
vt 0.924358 0.120257
vt 0.921313 0.120311
vt 0.934653 0.122685
vt 0.930796 0.123197
vt 0.903354 0.121883
vt 0.927408 0.123519
vt 0.897396 0.120579
vt 0.924296 0.123703
vt 0.888335 0.118267
vt 0.921313 0.123770
vt 0.964547 0.114191
vt 0.954291 0.118267
vt 0.878080 0.114191
vt 0.918330 0.123703
vt 0.945230 0.120579
vt 0.915218 0.123519
vt 0.939273 0.121883
vt 0.911830 0.123197
vt 0.907974 0.122685
vt 0.918371 0.126931
vt 0.954466 0.120302
vt 0.945350 0.123161
vt 0.915289 0.126717
vt 0.939294 0.124761
vt 0.911905 0.126338
vt 0.934606 0.125729
vt 0.908020 0.125729
vt 0.930721 0.126338
vt 0.903332 0.124761
vt 0.927337 0.126717
vt 0.897276 0.123161
vt 0.924255 0.126931
vt 0.888161 0.120302
vt 0.921313 0.127009
vt 0.964714 0.115776
vt 0.877912 0.115776
vt 0.903134 0.127490
vt 0.930758 0.129320
vt 0.927341 0.129746
vt 0.896968 0.125594
vt 0.924250 0.129981
vt 0.887843 0.122167
vt 0.921313 0.130067
vt 0.964906 0.117192
vt 0.954783 0.122167
vt 0.877720 0.117192
vt 0.918376 0.129981
vt 0.945658 0.125594
vt 0.915285 0.129746
vt 0.939493 0.127490
vt 0.911868 0.129320
vt 0.934708 0.128621
vt 0.907918 0.128621
vt 0.915175 0.132680
vt 0.946209 0.127899
vt 0.939928 0.130111
vt 0.911674 0.132210
vt 0.935014 0.131418
vt 0.907612 0.131418
vt 0.930952 0.132210
vt 0.902698 0.130111
vt 0.927451 0.132680
vt 0.896417 0.127899
vt 0.924297 0.132932
vt 0.887340 0.123874
vt 0.921313 0.133020
vt 0.965181 0.118419
vt 0.955287 0.123874
vt 0.877445 0.118419
vt 0.918329 0.132932
vt 0.895573 0.130098
vt 0.927698 0.135629
vt 0.924409 0.135897
vt 0.886616 0.125439
vt 0.921313 0.135965
vt 0.965582 0.119459
vt 0.956010 0.125439
vt 0.877044 0.119459
vt 0.918217 0.135897
vt 0.947054 0.130098
vt 0.914928 0.135629
vt 0.940663 0.132673
vt 0.911273 0.135102
vt 0.935583 0.134193
vt 0.907043 0.134193
vt 0.931354 0.135102
vt 0.901963 0.132673
vt 0.941727 0.135244
vt 0.914478 0.138724
vt 0.910603 0.138108
vt 0.936466 0.137036
vt 0.906161 0.137036
vt 0.932023 0.138108
vt 0.900899 0.135244
vt 0.928149 0.138724
vt 0.894428 0.132237
vt 0.924639 0.139033
vt 0.885727 0.126939
vt 0.921313 0.139113
vt 0.966482 0.120891
vt 0.956899 0.126939
vt 0.876144 0.120891
vt 0.917987 0.139033
vt 0.948198 0.132237
vt 0.924985 0.142513
vt 0.892876 0.134323
vt 0.884554 0.128335
vt 0.921313 0.142618
vt 0.967158 0.121572
vt 0.958072 0.128335
vt 0.875469 0.121572
vt 0.917641 0.142513
vt 0.949750 0.134323
vt 0.913795 0.142123
vt 0.943235 0.137864
vt 0.909599 0.141354
vt 0.937759 0.140033
vt 0.904867 0.140033
vt 0.933027 0.141354
vt 0.899391 0.137864
vt 0.928831 0.142123
vt 0.912804 0.146024
vt 0.908159 0.144998
vt 0.939572 0.143289
vt 0.903054 0.143289
vt 0.934467 0.144998
vt 0.897344 0.140583
vt 0.929822 0.146024
vt 0.890859 0.136360
vt 0.925489 0.146560
vt 0.883084 0.129627
vt 0.921313 0.146711
vt 0.967949 0.122120
vt 0.959543 0.129627
vt 0.874677 0.122119
vt 0.917137 0.146560
vt 0.951767 0.136360
vt 0.945282 0.140583
vt 0.888319 0.138338
vt 0.881314 0.130802
vt 0.921313 0.151687
vt 0.968789 0.122536
vt 0.961312 0.130802
vt 0.873837 0.122536
vt 0.916412 0.151455
vt 0.954307 0.138338
vt 0.911390 0.150671
vt 0.947984 0.143438
vt 0.906139 0.149222
vt 0.942053 0.146912
vt 0.900573 0.146912
vt 0.936487 0.149222
vt 0.894643 0.143438
vt 0.931236 0.150671
vt 0.926214 0.151455
vt 0.945406 0.150997
vt 0.903323 0.154230
vt 0.897221 0.150997
vt 0.939303 0.154230
vt 0.891141 0.146435
vt 0.933249 0.156367
vt 0.885195 0.140224
vt 0.927259 0.157572
vt 0.879258 0.131834
vt 0.921313 0.157943
vt 0.969599 0.122816
vt 0.963368 0.131834
vt 0.873027 0.122816
vt 0.915367 0.157572
vt 0.957431 0.140224
vt 0.909377 0.156367
vt 0.951486 0.146435
vt 0.921313 0.166049
vt 0.970297 0.122946
vt 0.965682 0.132676
vt 0.872329 0.122946
vt 0.876944 0.132676
vt 0.913833 0.165434
vt 0.961189 0.141945
vt 0.906475 0.163507
vt 0.955965 0.149531
vt 0.899380 0.160248
vt 0.949918 0.155610
vt 0.892709 0.155610
vt 0.943246 0.160248
vt 0.886661 0.149531
vt 0.936151 0.163507
vt 0.881438 0.141945
vt 0.928793 0.165434
vt 0.893784 0.167502
vt 0.886627 0.160734
vt 0.948842 0.167502
vt 0.880989 0.152579
vt 0.940445 0.172608
vt 0.877016 0.143362
vt 0.931134 0.175822
vt 0.874417 0.133262
vt 0.921313 0.176910
vt 0.970803 0.122920
vt 0.968209 0.133262
vt 0.871824 0.122920
vt 0.911492 0.175822
vt 0.965610 0.143362
vt 0.902181 0.172608
vt 0.961637 0.152579
vt 0.955999 0.160734
vt 0.871577 0.122775
vt 0.871746 0.133508
vt 0.921313 0.192333
vt 0.907649 0.189939
vt 0.970679 0.144255
vt 0.895592 0.184314
vt 0.968730 0.155272
vt 0.885701 0.176148
vt 0.964221 0.166183
vt 0.878405 0.166183
vt 0.956925 0.176148
vt 0.873896 0.155272
vt 0.947034 0.184315
vt 0.871947 0.144255
vt 0.934977 0.189939
vt 0.971050 0.122775
vt 0.970881 0.133508
vt 0.878405 0.051456
vt 0.880989 0.065060
vt 0.873896 0.062368
vt 0.947034 0.033325
vt 0.948842 0.050138
vt 0.940445 0.045031
vt 0.877016 0.074277
vt 0.871947 0.073385
vt 0.934977 0.027701
vt 0.931134 0.041818
vt 0.874417 0.084377
vt 0.871746 0.084131
vt 0.921313 0.025306
vt 0.921313 0.040730
vt 0.970881 0.084131
vt 0.971050 0.094865
vt 0.968209 0.084377
vt 0.871577 0.094865
vt 0.911492 0.041818
vt 0.907650 0.027701
vt 0.970679 0.073385
vt 0.965610 0.074277
vt 0.902181 0.045031
vt 0.895592 0.033325
vt 0.968730 0.062368
vt 0.961637 0.065060
vt 0.893784 0.050138
vt 0.885701 0.041491
vt 0.964221 0.051456
vt 0.955999 0.056906
vt 0.886627 0.056906
vt 0.956925 0.041491
vt 0.965683 0.084963
vt 0.961189 0.075695
vt 0.906475 0.054132
vt 0.955966 0.068109
vt 0.899380 0.057391
vt 0.949918 0.062029
vt 0.892709 0.062029
vt 0.943247 0.057391
vt 0.886661 0.068109
vt 0.936151 0.054132
vt 0.881438 0.075695
vt 0.928793 0.052206
vt 0.876944 0.084963
vt 0.921313 0.051591
vt 0.970803 0.094720
vt 0.871824 0.094719
vt 0.913833 0.052206
vt 0.939303 0.063410
vt 0.933249 0.061273
vt 0.885195 0.077415
vt 0.927259 0.060067
vt 0.879258 0.085806
vt 0.921313 0.059696
vt 0.970297 0.094694
vt 0.963368 0.085806
vt 0.872329 0.094693
vt 0.915367 0.060067
vt 0.957431 0.077415
vt 0.909377 0.061273
vt 0.951486 0.071204
vt 0.903323 0.063410
vt 0.945406 0.066642
vt 0.897221 0.066642
vt 0.891141 0.071204
vt 0.911390 0.066969
vt 0.954307 0.079301
vt 0.947984 0.074202
vt 0.906139 0.068418
vt 0.942053 0.070728
vt 0.900573 0.070728
vt 0.936487 0.068418
vt 0.894643 0.074202
vt 0.931236 0.066969
vt 0.888319 0.079301
vt 0.926214 0.066184
vt 0.881314 0.086838
vt 0.921313 0.065952
vt 0.969599 0.094823
vt 0.961312 0.086838
vt 0.873027 0.094823
vt 0.916412 0.066184
vt 0.890860 0.081280
vt 0.929822 0.071615
vt 0.925489 0.071080
vt 0.883084 0.088013
vt 0.921313 0.070929
vt 0.968789 0.095103
vt 0.959543 0.088013
vt 0.873837 0.095103
vt 0.917137 0.071080
vt 0.951767 0.081280
vt 0.912804 0.071615
vt 0.945282 0.077057
vt 0.908159 0.072641
vt 0.939572 0.074350
vt 0.903054 0.074350
vt 0.934467 0.072641
vt 0.897344 0.077057
vt 0.949750 0.083316
vt 0.943235 0.079776
vt 0.909599 0.076286
vt 0.937759 0.077606
vt 0.904867 0.077606
vt 0.933027 0.076286
vt 0.899391 0.079776
vt 0.928831 0.075517
vt 0.892876 0.083316
vt 0.924985 0.075126
vt 0.884554 0.089305
vt 0.921313 0.075022
vt 0.967949 0.095520
vt 0.958072 0.089305
vt 0.874677 0.095520
vt 0.917641 0.075126
vt 0.913795 0.075517
vt 0.928149 0.078916
vt 0.924639 0.078606
vt 0.885727 0.090701
vt 0.921313 0.078526
vt 0.967158 0.096067
vt 0.956899 0.090701
vt 0.875469 0.096067
vt 0.917987 0.078606
vt 0.948198 0.085402
vt 0.914478 0.078916
vt 0.941727 0.082396
vt 0.910603 0.079532
vt 0.936466 0.080603
vt 0.906161 0.080603
vt 0.932023 0.079532
vt 0.900899 0.082396
vt 0.894428 0.085402
vt 0.966482 0.096748
vt 0.876144 0.096748
s 0
usemtl マテリアル
f 970/1119/1107 980/1120/1107 981/1121/1107
f 965/1122/1108 974/1123/1108 1440/1124/1108
f 1443/1125/1109 981/1121/1109 982/1126/1109
f 1440/1124/1110 975/1127/1110 966/1128/1110
f 1444/1129/1111 982/1126/1111 983/1130/1111
f 966/1128/1112 976/1131/1112 1441/1132/1112
f 1445/1133/1113 983/1130/1113 984/1134/1113
f 1441/1132/1114 977/1135/1114 967/1136/1114
f 1446/1137/1115 984/1134/1115 985/1138/1115
f 967/1136/1116 978/1139/1116 968/1140/1116
f 1438/1141/1117 1046/1142/1117 971/1143/1117
f 1272/1144/1118 1446/1137/1118 985/1138/1118
f 969/1145/1119 978/1139/1119 979/1146/1119
f 1438/1141/1120 972/1147/1120 1439/1148/1120
f 1442/1149/1121 979/1146/1121 980/1120/1121
f 1439/1148/1122 973/1150/1122 965/1122/1122
f 971/1143/1123 987/1151/1123 972/1147/1123
f 980/1120/1124 994/1152/1124 995/1153/1124
f 972/1147/1125 988/1154/1125 973/1150/1125
f 981/1121/1126 995/1153/1126 996/1155/1126
f 973/1150/1127 989/1156/1127 974/1123/1127
f 982/1126/1128 996/1155/1128 997/1157/1128
f 974/1123/1129 990/1158/1129 975/1127/1129
f 983/1130/1130 997/1157/1130 998/1159/1130
f 975/1127/1131 991/1160/1131 976/1131/1131
f 984/1134/1132 998/1159/1132 999/1161/1132
f 976/1131/1133 992/1162/1133 977/1135/1133
f 985/1138/1134 999/1161/1134 1000/1163/1134
f 977/1135/1135 993/1164/1135 978/1139/1135
f 971/1143/1136 1046/1165/1136 986/1166/1136
f 1272/1167/1137 985/1138/1137 1000/1163/1137
f 979/1146/1138 993/1164/1138 994/1152/1138
f 990/1158/1139 1006/1168/1139 991/1160/1139
f 999/1161/1140 1013/1169/1140 1014/1170/1140
f 991/1160/1141 1007/1171/1141 992/1162/1141
f 1000/1163/1142 1014/1170/1142 1015/1172/1142
f 992/1162/1143 1008/1173/1143 993/1164/1143
f 986/1166/1144 1046/1174/1144 1001/1175/1144
f 1272/1176/1145 1000/1163/1145 1015/1172/1145
f 994/1152/1146 1008/1173/1146 1009/1177/1146
f 986/1166/1147 1002/1178/1147 987/1151/1147
f 995/1153/1148 1009/1177/1148 1010/1179/1148
f 987/1151/1149 1003/1180/1149 988/1154/1149
f 996/1155/1150 1010/1179/1150 1011/1181/1150
f 988/1154/1151 1004/1182/1151 989/1156/1151
f 997/1157/1152 1011/1181/1152 1012/1183/1152
f 989/1156/1153 1005/1184/1153 990/1158/1153
f 998/1159/1154 1012/1183/1154 1013/1169/1154
f 1010/1179/1155 1024/1185/1155 1025/1186/1155
f 1002/1178/1156 1018/1187/1156 1003/1180/1156
f 1011/1181/1157 1025/1186/1157 1026/1188/1157
f 1003/1180/1158 1019/1189/1158 1004/1182/1158
f 1012/1183/1159 1026/1188/1159 1027/1190/1159
f 1004/1182/1160 1020/1191/1160 1005/1184/1160
f 1013/1169/1161 1027/1190/1161 1028/1192/1161
f 1005/1184/1162 1021/1193/1162 1006/1168/1162
f 1014/1170/1163 1028/1192/1163 1029/1194/1163
f 1006/1168/1164 1022/1195/1164 1007/1171/1164
f 1015/1172/1165 1029/1194/1165 1030/1196/1165
f 1007/1171/1166 1023/1197/1166 1008/1173/1166
f 1001/1175/1167 1046/1198/1167 1016/1199/1167
f 1272/1200/1168 1015/1172/1168 1030/1196/1168
f 1009/1177/1169 1023/1197/1169 1024/1185/1169
f 1001/1175/1170 1017/1201/1170 1002/1178/1170
f 1029/1194/1171 1043/1202/1171 1044/1203/1171
f 1021/1193/1172 1037/1204/1172 1022/1195/1172
f 1030/1196/1173 1044/1203/1173 1045/1205/1173
f 1022/1195/1174 1038/1206/1174 1023/1197/1174
f 1016/1199/1175 1046/1207/1175 1031/1208/1175
f 1272/1209/1176 1030/1196/1176 1045/1205/1176
f 1024/1185/1177 1038/1206/1177 1039/1210/1177
f 1016/1199/1178 1032/1211/1178 1017/1201/1178
f 1025/1186/1179 1039/1210/1179 1040/1212/1179
f 1017/1201/1180 1033/1213/1180 1018/1187/1180
f 1026/1188/1181 1040/1212/1181 1041/1214/1181
f 1018/1187/1182 1034/1215/1182 1019/1189/1182
f 1027/1190/1183 1041/1214/1183 1042/1216/1183
f 1019/1189/1184 1035/1217/1184 1020/1191/1184
f 1028/1192/1185 1042/1216/1185 1043/1202/1185
f 1020/1191/1186 1036/1218/1186 1021/1193/1186
f 1041/1214/1187 1056/1219/1187 1057/1220/1187
f 1033/1213/1188 1050/1221/1188 1034/1215/1188
f 1042/1216/1189 1057/1220/1189 1058/1222/1189
f 1034/1215/1190 1051/1223/1190 1035/1217/1190
f 1043/1202/1191 1058/1222/1191 1059/1224/1191
f 1035/1217/1192 1052/1225/1192 1036/1218/1192
f 1044/1203/1193 1059/1224/1193 1060/1226/1193
f 1036/1218/1194 1053/1227/1194 1037/1204/1194
f 1045/1205/1195 1060/1226/1195 1061/1228/1195
f 1037/1204/1196 1054/1229/1196 1038/1206/1196
f 1031/1208/1197 1046/1230/1197 1047/1231/1197
f 1272/1232/1198 1045/1205/1198 1061/1228/1198
f 1039/1210/1199 1054/1229/1199 1055/1233/1199
f 1031/1208/1200 1048/1234/1200 1032/1211/1200
f 1040/1212/1201 1055/1233/1201 1056/1219/1201
f 1032/1211/1202 1049/1235/1202 1033/1213/1202
f 1061/1228/1203 1075/1236/1203 1076/1237/1203
f 1053/1227/1204 1069/1238/1204 1054/1229/1204
f 1047/1231/1205 1046/1239/1205 1062/1240/1205
f 1272/1241/1206 1061/1228/1206 1076/1237/1206
f 1055/1233/1207 1069/1238/1207 1070/1242/1207
f 1047/1231/1208 1063/1243/1208 1048/1234/1208
f 1056/1219/1209 1070/1242/1209 1071/1244/1209
f 1048/1234/1210 1064/1245/1210 1049/1235/1210
f 1057/1220/1211 1071/1244/1211 1072/1246/1211
f 1049/1235/1212 1065/1247/1212 1050/1221/1212
f 1058/1222/1213 1072/1246/1213 1073/1248/1213
f 1050/1221/1214 1066/1249/1214 1051/1223/1214
f 1059/1224/1215 1073/1248/1215 1074/1250/1215
f 1051/1223/1216 1067/1251/1216 1052/1225/1216
f 1060/1226/1217 1074/1250/1217 1075/1236/1217
f 1052/1225/1218 1068/1252/1218 1053/1227/1218
f 1064/1245/1219 1080/1253/1219 1065/1247/1219
f 1073/1248/1220 1087/1254/1220 1088/1255/1220
f 1065/1247/1221 1081/1256/1221 1066/1249/1221
f 1074/1250/1222 1088/1255/1222 1089/1257/1222
f 1066/1249/1223 1082/1258/1223 1067/1251/1223
f 1075/1236/1224 1089/1257/1224 1090/1259/1224
f 1067/1251/1225 1083/1260/1225 1068/1252/1225
f 1076/1237/1226 1090/1259/1226 1091/1261/1226
f 1068/1252/1227 1084/1262/1227 1069/1238/1227
f 1062/1240/1228 1046/1263/1228 1077/1264/1228
f 1272/1265/1229 1076/1237/1229 1091/1261/1229
f 1070/1242/1230 1084/1262/1230 1085/1266/1230
f 1062/1240/1231 1078/1267/1231 1063/1243/1231
f 1071/1244/1232 1085/1266/1232 1086/1268/1232
f 1063/1243/1233 1079/1269/1233 1064/1245/1233
f 1072/1246/1234 1086/1268/1234 1087/1254/1234
f 1084/1262/1235 1098/1270/1235 1099/1271/1235
f 1077/1264/1236 1046/1272/1236 1092/1273/1236
f 1272/1274/1237 1091/1261/1237 1106/1275/1237
f 1084/1262/1238 1100/1276/1238 1085/1266/1238
f 1078/1267/1239 1092/1273/1239 1093/1277/1239
f 1085/1266/1240 1101/1278/1240 1086/1268/1240
f 1079/1269/1241 1093/1277/1241 1094/1279/1241
f 1086/1268/1242 1102/1280/1242 1087/1254/1242
f 1080/1253/1243 1094/1279/1243 1095/1281/1243
f 1087/1254/1244 1103/1282/1244 1088/1255/1244
f 1081/1256/1245 1095/1281/1245 1096/1283/1245
f 1088/1255/1246 1104/1284/1246 1089/1257/1246
f 1082/1258/1247 1096/1283/1247 1097/1285/1247
f 1089/1257/1248 1105/1286/1248 1090/1259/1248
f 1083/1260/1249 1097/1285/1249 1098/1270/1249
f 1090/1259/1250 1106/1275/1250 1091/1261/1250
f 1102/1280/1251 1118/1287/1251 1103/1282/1251
f 1096/1283/1252 1110/1288/1252 1111/1289/1252
f 1103/1282/1253 1119/1290/1253 1104/1284/1253
f 1097/1285/1254 1111/1289/1254 1112/1291/1254
f 1104/1284/1255 1120/1292/1255 1105/1286/1255
f 1098/1270/1256 1112/1291/1256 1113/1293/1256
f 1105/1286/1257 1121/1294/1257 1106/1275/1257
f 1099/1271/1258 1113/1293/1258 1114/1295/1258
f 1092/1273/1259 1046/1296/1259 1107/1297/1259
f 1272/1298/1260 1106/1275/1260 1121/1294/1260
f 1099/1271/1261 1115/1299/1261 1100/1276/1261
f 1093/1277/1262 1107/1297/1262 1108/1300/1262
f 1100/1276/1263 1116/1301/1263 1101/1278/1263
f 1094/1279/1264 1108/1300/1264 1109/1302/1264
f 1101/1278/1265 1117/1303/1265 1102/1280/1265
f 1095/1281/1266 1109/1302/1266 1110/1288/1266
f 1107/1297/1267 1046/1304/1267 1122/1305/1267
f 1272/1306/1268 1121/1294/1268 1136/1307/1268
f 1114/1295/1269 1130/1308/1269 1115/1299/1269
f 1108/1300/1270 1122/1305/1270 1123/1309/1270
f 1115/1299/1271 1131/1310/1271 1116/1301/1271
f 1109/1302/1272 1123/1309/1272 1124/1311/1272
f 1116/1301/1273 1132/1312/1273 1117/1303/1273
f 1110/1288/1274 1124/1311/1274 1125/1313/1274
f 1117/1303/1275 1133/1314/1275 1118/1287/1275
f 1111/1289/1276 1125/1313/1276 1126/1315/1276
f 1118/1287/1277 1134/1316/1277 1119/1290/1277
f 1112/1291/1278 1126/1315/1278 1127/1317/1278
f 1119/1290/1279 1135/1318/1279 1120/1292/1279
f 1113/1293/1280 1127/1317/1280 1128/1319/1280
f 1120/1292/1281 1136/1307/1281 1121/1294/1281
f 1114/1295/1282 1128/1319/1282 1129/1320/1282
f 1126/1315/1283 1140/1321/1283 1141/1322/1283
f 1133/1314/1284 1149/1323/1284 1134/1316/1284
f 1127/1317/1285 1141/1322/1285 1142/1324/1285
f 1134/1316/1286 1150/1325/1286 1135/1318/1286
f 1128/1319/1287 1142/1324/1287 1143/1326/1287
f 1135/1318/1288 1151/1327/1288 1136/1307/1288
f 1129/1320/1289 1143/1326/1289 1144/1328/1289
f 1122/1305/1290 1046/1329/1290 1137/1330/1290
f 1272/1331/1291 1136/1307/1291 1151/1327/1291
f 1129/1320/1292 1145/1332/1292 1130/1308/1292
f 1123/1309/1293 1137/1330/1293 1138/1333/1293
f 1130/1308/1294 1146/1334/1294 1131/1310/1294
f 1124/1311/1295 1138/1333/1295 1139/1335/1295
f 1131/1310/1296 1147/1336/1296 1132/1312/1296
f 1125/1313/1297 1139/1335/1297 1140/1321/1297
f 1132/1312/1298 1148/1337/1298 1133/1314/1298
f 1144/1328/1299 1160/1338/1299 1145/1332/1299
f 1138/1333/1300 1152/1339/1300 1153/1340/1300
f 1145/1332/1301 1161/1341/1301 1146/1334/1301
f 1139/1335/1302 1153/1340/1302 1154/1342/1302
f 1146/1334/1303 1162/1343/1303 1147/1336/1303
f 1140/1321/1304 1154/1342/1304 1155/1344/1304
f 1147/1336/1305 1163/1345/1305 1148/1337/1305
f 1141/1322/1306 1155/1344/1306 1156/1346/1306
f 1148/1337/1307 1164/1347/1307 1149/1323/1307
f 1142/1324/1308 1156/1346/1308 1157/1348/1308
f 1149/1323/1309 1165/1349/1309 1150/1325/1309
f 1143/1326/1310 1157/1348/1310 1158/1350/1310
f 1150/1325/1311 1166/1351/1311 1151/1327/1311
f 1144/1328/1312 1158/1350/1312 1159/1352/1312
f 1137/1330/1313 1046/1353/1313 1152/1339/1313
f 1272/1354/1314 1151/1327/1314 1166/1351/1314
f 1163/1345/1315 1179/1355/1315 1164/1347/1315
f 1157/1348/1316 1171/1356/1316 1172/1357/1316
f 1164/1347/1317 1180/1358/1317 1165/1349/1317
f 1158/1350/1318 1172/1357/1318 1173/1359/1318
f 1165/1349/1319 1181/1360/1319 1166/1351/1319
f 1159/1352/1320 1173/1359/1320 1174/1361/1320
f 1152/1339/1321 1046/1362/1321 1167/1363/1321
f 1272/1364/1322 1166/1351/1322 1181/1360/1322
f 1159/1352/1323 1175/1365/1323 1160/1338/1323
f 1153/1340/1324 1167/1363/1324 1168/1366/1324
f 1160/1338/1325 1176/1367/1325 1161/1341/1325
f 1154/1342/1326 1168/1366/1326 1169/1368/1326
f 1161/1341/1327 1177/1369/1327 1162/1343/1327
f 1155/1344/1328 1169/1368/1328 1170/1370/1328
f 1162/1343/1329 1178/1371/1329 1163/1345/1329
f 1156/1346/1330 1170/1370/1330 1171/1356/1330
f 1175/1365/1331 1191/1372/1331 1176/1367/1331
f 1169/1368/1332 1183/1373/1332 1184/1374/1332
f 1176/1367/1333 1192/1375/1333 1177/1369/1333
f 1170/1370/1334 1184/1374/1334 1185/1376/1334
f 1177/1369/1335 1193/1377/1335 1178/1371/1335
f 1171/1356/1336 1185/1376/1336 1186/1378/1336
f 1178/1371/1337 1194/1379/1337 1179/1355/1337
f 1172/1357/1338 1186/1378/1338 1187/1380/1338
f 1179/1355/1339 1195/1381/1339 1180/1358/1339
f 1173/1359/1340 1187/1380/1340 1188/1382/1340
f 1180/1358/1341 1196/1383/1341 1181/1360/1341
f 1174/1361/1342 1188/1382/1342 1189/1384/1342
f 1167/1363/1343 1046/1385/1343 1182/1386/1343
f 1272/1387/1344 1181/1360/1344 1196/1383/1344
f 1174/1361/1345 1190/1388/1345 1175/1365/1345
f 1168/1366/1346 1182/1386/1346 1183/1373/1346
f 1194/1379/1347 1210/1389/1347 1195/1381/1347
f 1188/1382/1348 1202/1390/1348 1203/1391/1348
f 1195/1381/1349 1211/1392/1349 1196/1383/1349
f 1189/1384/1350 1203/1391/1350 1204/1393/1350
f 1182/1386/1351 1046/1394/1351 1197/1395/1351
f 1272/1396/1352 1196/1383/1352 1211/1392/1352
f 1189/1384/1353 1205/1397/1353 1190/1388/1353
f 1183/1373/1354 1197/1395/1354 1198/1398/1354
f 1190/1388/1355 1206/1399/1355 1191/1372/1355
f 1184/1374/1356 1198/1398/1356 1199/1400/1356
f 1191/1372/1357 1207/1401/1357 1192/1375/1357
f 1185/1376/1358 1199/1400/1358 1200/1402/1358
f 1192/1375/1359 1208/1403/1359 1193/1377/1359
f 1186/1378/1360 1200/1402/1360 1201/1404/1360
f 1193/1377/1361 1209/1405/1361 1194/1379/1361
f 1187/1380/1362 1201/1404/1362 1202/1390/1362
f 1198/1398/1363 1214/1406/1363 1199/1400/1363
f 1207/1401/1364 1221/1407/1364 1222/1408/1364
f 1199/1400/1365 1215/1409/1365 1200/1402/1365
f 1208/1403/1366 1222/1408/1366 1223/1410/1366
f 1200/1402/1367 1216/1411/1367 1201/1404/1367
f 1209/1405/1368 1223/1410/1368 1224/1412/1368
f 1201/1404/1369 1217/1413/1369 1202/1390/1369
f 1210/1389/1370 1224/1412/1370 1225/1414/1370
f 1202/1390/1371 1218/1415/1371 1203/1391/1371
f 1211/1392/1372 1225/1414/1372 1226/1416/1372
f 1203/1391/1373 1219/1417/1373 1204/1393/1373
f 1197/1395/1374 1046/1418/1374 1212/1419/1374
f 1272/1420/1375 1211/1392/1375 1226/1416/1375
f 1205/1397/1376 1219/1417/1376 1220/1421/1376
f 1197/1395/1377 1213/1422/1377 1198/1398/1377
f 1206/1399/1378 1220/1421/1378 1221/1407/1378
f 1217/1413/1379 1233/1423/1379 1218/1415/1379
f 1226/1416/1380 1240/1424/1380 1241/1425/1380
f 1218/1415/1381 1234/1426/1381 1219/1417/1381
f 1212/1419/1382 1046/1427/1382 1227/1428/1382
f 1272/1429/1383 1226/1416/1383 1241/1425/1383
f 1220/1421/1384 1234/1426/1384 1235/1430/1384
f 1212/1419/1385 1228/1431/1385 1213/1422/1385
f 1221/1407/1386 1235/1430/1386 1236/1432/1386
f 1213/1422/1387 1229/1433/1387 1214/1406/1387
f 1222/1408/1388 1236/1432/1388 1237/1434/1388
f 1214/1406/1389 1230/1435/1389 1215/1409/1389
f 1223/1410/1390 1237/1434/1390 1238/1436/1390
f 1215/1409/1391 1231/1437/1391 1216/1411/1391
f 1224/1412/1392 1238/1436/1392 1239/1438/1392
f 1216/1411/1393 1232/1439/1393 1217/1413/1393
f 1225/1414/1394 1239/1438/1394 1240/1424/1394
f 1237/1434/1395 1251/1440/1395 1252/1441/1395
f 1229/1433/1396 1245/1442/1396 1230/1435/1396
f 1238/1436/1397 1252/1441/1397 1253/1443/1397
f 1230/1435/1398 1246/1444/1398 1231/1437/1398
f 1239/1438/1399 1253/1443/1399 1254/1445/1399
f 1231/1437/1400 1247/1446/1400 1232/1439/1400
f 1240/1424/1401 1254/1445/1401 1255/1447/1401
f 1232/1439/1402 1248/1448/1402 1233/1423/1402
f 1241/1425/1403 1255/1447/1403 1256/1449/1403
f 1233/1423/1404 1249/1450/1404 1234/1426/1404
f 1227/1428/1405 1046/1451/1405 1242/1452/1405
f 1272/1453/1406 1241/1425/1406 1256/1449/1406
f 1235/1430/1407 1249/1450/1407 1250/1454/1407
f 1227/1428/1408 1243/1455/1408 1228/1431/1408
f 1236/1432/1409 1250/1454/1409 1251/1440/1409
f 1228/1431/1410 1244/1456/1410 1229/1433/1410
f 1256/1449/1411 1270/1457/1411 1271/1458/1411
f 1248/1448/1412 1264/1459/1412 1249/1450/1412
f 1242/1452/1413 1046/1460/1413 1257/1461/1413
f 1272/1462/1414 1256/1449/1414 1271/1458/1414
f 1250/1454/1415 1264/1459/1415 1265/1463/1415
f 1242/1452/1416 1258/1464/1416 1243/1455/1416
f 1251/1440/1417 1265/1463/1417 1266/1465/1417
f 1243/1455/1418 1259/1466/1418 1244/1456/1418
f 1252/1441/1419 1266/1465/1419 1267/1467/1419
f 1244/1456/1420 1260/1468/1420 1245/1442/1420
f 1253/1443/1421 1267/1467/1421 1268/1469/1421
f 1245/1442/1422 1261/1470/1422 1246/1444/1422
f 1254/1445/1423 1268/1469/1423 1269/1471/1423
f 1246/1444/1424 1262/1472/1424 1247/1446/1424
f 1255/1447/1425 1269/1471/1425 1270/1457/1425
f 1247/1446/1426 1263/1473/1426 1248/1448/1426
f 1259/1466/1427 1276/1474/1427 1260/1468/1427
f 1268/1469/1428 1283/1475/1428 1284/1476/1428
f 1260/1468/1429 1277/1477/1429 1261/1470/1429
f 1269/1471/1430 1284/1476/1430 1285/1478/1430
f 1261/1470/1431 1278/1479/1431 1262/1472/1431
f 1270/1457/1432 1285/1478/1432 1286/1480/1432
f 1262/1472/1433 1279/1481/1433 1263/1473/1433
f 1271/1458/1434 1286/1480/1434 1287/1482/1434
f 1263/1473/1435 1280/1483/1435 1264/1459/1435
f 1257/1461/1436 1046/1484/1436 1273/1485/1436
f 1272/1486/1437 1271/1458/1437 1287/1482/1437
f 1265/1463/1438 1280/1483/1438 1281/1487/1438
f 1257/1461/1439 1274/1488/1439 1258/1464/1439
f 1266/1465/1440 1281/1487/1440 1282/1489/1440
f 1258/1464/1441 1275/1490/1441 1259/1466/1441
f 1267/1467/1442 1282/1489/1442 1283/1475/1442
f 1279/1481/1443 1295/1491/1443 1280/1483/1443
f 1273/1485/1444 1046/1492/1444 1288/1493/1444
f 1272/1494/1445 1287/1482/1445 1302/1495/1445
f 1281/1487/1446 1295/1491/1446 1296/1496/1446
f 1273/1485/1447 1289/1497/1447 1274/1488/1447
f 1282/1489/1448 1296/1496/1448 1297/1498/1448
f 1274/1488/1449 1290/1499/1449 1275/1490/1449
f 1283/1475/1450 1297/1498/1450 1298/1500/1450
f 1275/1490/1451 1291/1501/1451 1276/1474/1451
f 1284/1476/1452 1298/1500/1452 1299/1502/1452
f 1276/1474/1453 1292/1503/1453 1277/1477/1453
f 1285/1478/1454 1299/1502/1454 1300/1504/1454
f 1277/1477/1455 1293/1505/1455 1278/1479/1455
f 1286/1480/1456 1300/1504/1456 1301/1506/1456
f 1278/1479/1457 1294/1507/1457 1279/1481/1457
f 1287/1482/1458 1301/1506/1458 1302/1495/1458
f 1299/1502/1459 1313/1508/1459 1314/1509/1459
f 1291/1501/1460 1307/1510/1460 1292/1503/1460
f 1300/1504/1461 1314/1509/1461 1315/1511/1461
f 1292/1503/1462 1308/1512/1462 1293/1505/1462
f 1301/1506/1463 1315/1511/1463 1316/1513/1463
f 1293/1505/1464 1309/1514/1464 1294/1507/1464
f 1302/1495/1465 1316/1513/1465 1317/1515/1465
f 1294/1507/1466 1310/1516/1466 1295/1491/1466
f 1288/1493/1467 1046/1517/1467 1303/1518/1467
f 1272/1519/1468 1302/1495/1468 1317/1515/1468
f 1296/1496/1469 1310/1516/1469 1311/1520/1469
f 1288/1493/1470 1304/1521/1470 1289/1497/1470
f 1297/1498/1471 1311/1520/1471 1312/1522/1471
f 1289/1497/1472 1305/1523/1472 1290/1499/1472
f 1298/1500/1473 1312/1522/1473 1313/1508/1473
f 1290/1499/1474 1306/1524/1474 1291/1501/1474
f 1272/1525/1475 1317/1515/1475 1332/1526/1475
f 1311/1520/1476 1325/1527/1476 1326/1528/1476
f 1303/1518/1477 1319/1529/1477 1304/1521/1477
f 1312/1522/1478 1326/1528/1478 1327/1530/1478
f 1304/1521/1479 1320/1531/1479 1305/1523/1479
f 1313/1508/1480 1327/1530/1480 1328/1532/1480
f 1305/1523/1481 1321/1533/1481 1306/1524/1481
f 1314/1509/1482 1328/1532/1482 1329/1534/1482
f 1306/1524/1483 1322/1535/1483 1307/1510/1483
f 1315/1511/1484 1329/1534/1484 1330/1536/1484
f 1307/1510/1485 1323/1537/1485 1308/1512/1485
f 1316/1513/1486 1330/1536/1486 1331/1538/1486
f 1308/1512/1487 1324/1539/1487 1309/1514/1487
f 1317/1515/1488 1331/1538/1488 1332/1526/1488
f 1309/1514/1489 1325/1527/1489 1310/1516/1489
f 1303/1518/1490 1046/1540/1490 1318/1541/1490
f 1329/1542/1491 1345/1543/1491 1330/1544/1491
f 1323/1545/1492 1337/1546/1492 1338/1547/1492
f 1330/1544/1493 1346/1548/1493 1331/1549/1493
f 1324/1550/1494 1338/1547/1494 1339/1551/1494
f 1331/1549/1495 1347/1552/1495 1332/1553/1495
f 1325/1554/1496 1339/1551/1496 1340/1555/1496
f 1318/1556/1497 1046/1557/1497 1333/1558/1497
f 1272/1559/1498 1332/1553/1498 1347/1552/1498
f 1325/1554/1499 1341/1560/1499 1326/1561/1499
f 1319/1562/1500 1333/1558/1500 1334/1563/1500
f 1326/1561/1501 1342/1564/1501 1327/1565/1501
f 1320/1566/1502 1334/1563/1502 1335/1567/1502
f 1327/1565/1503 1343/1568/1503 1328/1569/1503
f 1321/1570/1504 1335/1567/1504 1336/1571/1504
f 1328/1569/1505 1344/1572/1505 1329/1542/1505
f 1322/1573/1506 1336/1571/1506 1337/1546/1506
f 1334/1563/1507 1348/1574/1507 1349/1575/1507
f 1341/1560/1508 1357/1576/1508 1342/1564/1508
f 1335/1567/1509 1349/1575/1509 1350/1577/1509
f 1342/1564/1510 1358/1578/1510 1343/1568/1510
f 1336/1571/1511 1350/1577/1511 1351/1579/1511
f 1343/1568/1512 1359/1580/1512 1344/1572/1512
f 1337/1546/1513 1351/1579/1513 1352/1581/1513
f 1344/1572/1514 1360/1582/1514 1345/1543/1514
f 1338/1547/1515 1352/1581/1515 1353/1583/1515
f 1345/1543/1516 1361/1584/1516 1346/1548/1516
f 1339/1551/1517 1353/1583/1517 1354/1585/1517
f 1346/1548/1518 1362/1586/1518 1347/1552/1518
f 1340/1555/1519 1354/1585/1519 1355/1587/1519
f 1333/1558/1520 1046/1588/1520 1348/1574/1520
f 1272/1589/1521 1347/1552/1521 1362/1586/1521
f 1340/1555/1522 1356/1590/1522 1341/1560/1522
f 1353/1583/1523 1367/1591/1523 1368/1592/1523
f 1360/1582/1524 1376/1593/1524 1361/1584/1524
f 1354/1585/1525 1368/1592/1525 1369/1594/1525
f 1361/1584/1526 1377/1595/1526 1362/1586/1526
f 1355/1587/1527 1369/1594/1527 1370/1596/1527
f 1348/1574/1528 1046/1597/1528 1363/1598/1528
f 1272/1599/1529 1362/1586/1529 1377/1595/1529
f 1355/1587/1530 1371/1600/1530 1356/1590/1530
f 1349/1575/1531 1363/1598/1531 1364/1601/1531
f 1356/1590/1532 1372/1602/1532 1357/1576/1532
f 1350/1577/1533 1364/1601/1533 1365/1603/1533
f 1357/1576/1534 1373/1604/1534 1358/1578/1534
f 1351/1579/1535 1365/1603/1535 1366/1605/1535
f 1358/1578/1536 1374/1606/1536 1359/1580/1536
f 1352/1581/1537 1366/1605/1537 1367/1591/1537
f 1359/1580/1538 1375/1607/1538 1360/1582/1538
f 1371/1600/1539 1387/1608/1539 1372/1602/1539
f 1365/1603/1540 1379/1609/1540 1380/1610/1540
f 1372/1602/1541 1388/1611/1541 1373/1604/1541
f 1366/1605/1542 1380/1610/1542 1381/1612/1542
f 1373/1604/1543 1389/1613/1543 1374/1606/1543
f 1367/1591/1544 1381/1612/1544 1382/1614/1544
f 1374/1606/1545 1390/1615/1545 1375/1607/1545
f 1368/1592/1546 1382/1614/1546 1383/1616/1546
f 1375/1607/1547 1391/1617/1547 1376/1593/1547
f 1369/1594/1548 1383/1616/1548 1384/1618/1548
f 1376/1593/1549 1392/1619/1549 1377/1595/1549
f 1370/1596/1550 1384/1618/1550 1385/1620/1550
f 1363/1598/1551 1046/1621/1551 1378/1622/1551
f 1272/1623/1552 1377/1595/1552 1392/1619/1552
f 1370/1596/1553 1386/1624/1553 1371/1600/1553
f 1364/1601/1554 1378/1622/1554 1379/1609/1554
f 1390/1615/1555 1406/1625/1555 1391/1617/1555
f 1384/1618/1556 1398/1626/1556 1399/1627/1556
f 1391/1617/1557 1407/1628/1557 1392/1619/1557
f 1385/1620/1558 1399/1627/1558 1400/1629/1558
f 1378/1622/1559 1046/1630/1559 1393/1631/1559
f 1272/1632/1560 1392/1619/1560 1407/1628/1560
f 1385/1620/1561 1401/1633/1561 1386/1624/1561
f 1379/1609/1562 1393/1631/1562 1394/1634/1562
f 1386/1624/1563 1402/1635/1563 1387/1608/1563
f 1380/1610/1564 1394/1634/1564 1395/1636/1564
f 1387/1608/1565 1403/1637/1565 1388/1611/1565
f 1381/1612/1566 1395/1636/1566 1396/1638/1566
f 1388/1611/1567 1404/1639/1567 1389/1613/1567
f 1382/1614/1568 1396/1638/1568 1397/1640/1568
f 1389/1613/1569 1405/1641/1569 1390/1615/1569
f 1383/1616/1570 1397/1640/1570 1398/1626/1570
f 1395/1636/1571 1409/1642/1571 1410/1643/1571
f 1402/1635/1572 1418/1644/1572 1403/1637/1572
f 1396/1638/1573 1410/1643/1573 1411/1645/1573
f 1403/1637/1574 1419/1646/1574 1404/1639/1574
f 1397/1640/1575 1411/1645/1575 1412/1647/1575
f 1404/1639/1576 1420/1648/1576 1405/1641/1576
f 1398/1626/1577 1412/1647/1577 1413/1649/1577
f 1405/1641/1578 1421/1650/1578 1406/1625/1578
f 1399/1627/1579 1413/1649/1579 1414/1651/1579
f 1406/1625/1580 1422/1652/1580 1407/1628/1580
f 1400/1629/1581 1414/1651/1581 1415/1653/1581
f 1393/1631/1582 1046/1654/1582 1408/1655/1582
f 1272/1656/1583 1407/1628/1583 1422/1652/1583
f 1400/1629/1584 1416/1657/1584 1401/1633/1584
f 1394/1634/1585 1408/1655/1585 1409/1642/1585
f 1401/1633/1586 1417/1658/1586 1402/1635/1586
f 1414/1651/1587 1428/1659/1587 1429/1660/1587
f 1421/1650/1588 1437/1661/1588 1422/1652/1588
f 1415/1653/1589 1429/1660/1589 1430/1662/1589
f 1408/1655/1590 1046/1663/1590 1423/1664/1590
f 1272/1665/1591 1422/1652/1591 1437/1661/1591
f 1415/1653/1592 1431/1666/1592 1416/1657/1592
f 1409/1642/1593 1423/1664/1593 1424/1667/1593
f 1416/1657/1594 1432/1668/1594 1417/1658/1594
f 1410/1643/1595 1424/1667/1595 1425/1669/1595
f 1417/1658/1596 1433/1670/1596 1418/1644/1596
f 1411/1645/1597 1425/1669/1597 1426/1671/1597
f 1418/1644/1598 1434/1672/1598 1419/1646/1598
f 1412/1647/1599 1426/1671/1599 1427/1673/1599
f 1419/1646/1600 1435/1674/1600 1420/1648/1600
f 1413/1649/1601 1427/1673/1601 1428/1659/1601
f 1420/1648/1602 1436/1675/1602 1421/1650/1602
f 1432/1668/1603 970/1119/1603 1433/1670/1603
f 1426/1671/1604 965/1122/1604 1440/1124/1604
f 1433/1670/1605 1443/1125/1605 1434/1672/1605
f 1427/1673/1606 1440/1124/1606 966/1128/1606
f 1434/1672/1607 1444/1129/1607 1435/1674/1607
f 1428/1659/1608 966/1128/1608 1441/1132/1608
f 1435/1674/1609 1445/1133/1609 1436/1675/1609
f 1429/1660/1610 1441/1132/1610 967/1136/1610
f 1436/1675/1611 1446/1137/1611 1437/1661/1611
f 1430/1662/1612 967/1136/1612 968/1140/1612
f 1423/1664/1613 1046/1676/1613 1438/1141/1613
f 1272/1677/1614 1437/1661/1614 1446/1137/1614
f 1430/1662/1615 969/1145/1615 1431/1666/1615
f 1424/1667/1616 1438/1141/1616 1439/1148/1616
f 1431/1666/1617 1442/1149/1617 1432/1668/1617
f 1425/1669/1618 1439/1148/1618 965/1122/1618
f 970/1119/1107 1442/1149/1107 980/1120/1107
f 965/1122/1108 973/1150/1108 974/1123/1108
f 1443/1125/1109 970/1119/1109 981/1121/1109
f 1440/1124/1110 974/1123/1110 975/1127/1110
f 1444/1129/1111 1443/1125/1111 982/1126/1111
f 966/1128/1112 975/1127/1112 976/1131/1112
f 1445/1133/1113 1444/1129/1113 983/1130/1113
f 1441/1132/1114 976/1131/1114 977/1135/1114
f 1446/1137/1619 1445/1133/1619 984/1134/1619
f 967/1136/1116 977/1135/1116 978/1139/1116
f 969/1145/1119 968/1140/1119 978/1139/1119
f 1438/1141/1620 971/1143/1620 972/1147/1620
f 1442/1149/1121 969/1145/1121 979/1146/1121
f 1439/1148/1621 972/1147/1621 973/1150/1621
f 971/1143/1622 986/1166/1622 987/1151/1622
f 980/1120/1124 979/1146/1124 994/1152/1124
f 972/1147/1125 987/1151/1125 988/1154/1125
f 981/1121/1126 980/1120/1126 995/1153/1126
f 973/1150/1623 988/1154/1623 989/1156/1623
f 982/1126/1128 981/1121/1128 996/1155/1128
f 974/1123/1129 989/1156/1129 990/1158/1129
f 983/1130/1130 982/1126/1130 997/1157/1130
f 975/1127/1131 990/1158/1131 991/1160/1131
f 984/1134/1132 983/1130/1132 998/1159/1132
f 976/1131/1133 991/1160/1133 992/1162/1133
f 985/1138/1624 984/1134/1624 999/1161/1624
f 977/1135/1135 992/1162/1135 993/1164/1135
f 979/1146/1138 978/1139/1138 993/1164/1138
f 990/1158/1139 1005/1184/1139 1006/1168/1139
f 999/1161/1140 998/1159/1140 1013/1169/1140
f 991/1160/1141 1006/1168/1141 1007/1171/1141
f 1000/1163/1142 999/1161/1142 1014/1170/1142
f 992/1162/1143 1007/1171/1143 1008/1173/1143
f 994/1152/1146 993/1164/1146 1008/1173/1146
f 986/1166/1625 1001/1175/1625 1002/1178/1625
f 995/1153/1148 994/1152/1148 1009/1177/1148
f 987/1151/1149 1002/1178/1149 1003/1180/1149
f 996/1155/1150 995/1153/1150 1010/1179/1150
f 988/1154/1151 1003/1180/1151 1004/1182/1151
f 997/1157/1626 996/1155/1626 1011/1181/1626
f 989/1156/1153 1004/1182/1153 1005/1184/1153
f 998/1159/1154 997/1157/1154 1012/1183/1154
f 1010/1179/1155 1009/1177/1155 1024/1185/1155
f 1002/1178/1627 1017/1201/1627 1018/1187/1627
f 1011/1181/1157 1010/1179/1157 1025/1186/1157
f 1003/1180/1158 1018/1187/1158 1019/1189/1158
f 1012/1183/1159 1011/1181/1159 1026/1188/1159
f 1004/1182/1160 1019/1189/1160 1020/1191/1160
f 1013/1169/1161 1012/1183/1161 1027/1190/1161
f 1005/1184/1162 1020/1191/1162 1021/1193/1162
f 1014/1170/1163 1013/1169/1163 1028/1192/1163
f 1006/1168/1164 1021/1193/1164 1022/1195/1164
f 1015/1172/1628 1014/1170/1628 1029/1194/1628
f 1007/1171/1166 1022/1195/1166 1023/1197/1166
f 1009/1177/1169 1008/1173/1169 1023/1197/1169
f 1001/1175/1170 1016/1199/1170 1017/1201/1170
f 1029/1194/1629 1028/1192/1629 1043/1202/1629
f 1021/1193/1630 1036/1218/1630 1037/1204/1630
f 1030/1196/1173 1029/1194/1173 1044/1203/1173
f 1022/1195/1174 1037/1204/1174 1038/1206/1174
f 1024/1185/1177 1023/1197/1177 1038/1206/1177
f 1016/1199/1631 1031/1208/1631 1032/1211/1631
f 1025/1186/1632 1024/1185/1632 1039/1210/1632
f 1017/1201/1180 1032/1211/1180 1033/1213/1180
f 1026/1188/1181 1025/1186/1181 1040/1212/1181
f 1018/1187/1182 1033/1213/1182 1034/1215/1182
f 1027/1190/1183 1026/1188/1183 1041/1214/1183
f 1019/1189/1184 1034/1215/1184 1035/1217/1184
f 1028/1192/1185 1027/1190/1185 1042/1216/1185
f 1020/1191/1633 1035/1217/1633 1036/1218/1633
f 1041/1214/1187 1040/1212/1187 1056/1219/1187
f 1033/1213/1188 1049/1235/1188 1050/1221/1188
f 1042/1216/1189 1041/1214/1189 1057/1220/1189
f 1034/1215/1190 1050/1221/1190 1051/1223/1190
f 1043/1202/1191 1042/1216/1191 1058/1222/1191
f 1035/1217/1192 1051/1223/1192 1052/1225/1192
f 1044/1203/1193 1043/1202/1193 1059/1224/1193
f 1036/1218/1194 1052/1225/1194 1053/1227/1194
f 1045/1205/1195 1044/1203/1195 1060/1226/1195
f 1037/1204/1196 1053/1227/1196 1054/1229/1196
f 1039/1210/1199 1038/1206/1199 1054/1229/1199
f 1031/1208/1200 1047/1231/1200 1048/1234/1200
f 1040/1212/1201 1039/1210/1201 1055/1233/1201
f 1032/1211/1202 1048/1234/1202 1049/1235/1202
f 1061/1228/1203 1060/1226/1203 1075/1236/1203
f 1053/1227/1204 1068/1252/1204 1069/1238/1204
f 1055/1233/1207 1054/1229/1207 1069/1238/1207
f 1047/1231/1208 1062/1240/1208 1063/1243/1208
f 1056/1219/1209 1055/1233/1209 1070/1242/1209
f 1048/1234/1634 1063/1243/1634 1064/1245/1634
f 1057/1220/1211 1056/1219/1211 1071/1244/1211
f 1049/1235/1212 1064/1245/1212 1065/1247/1212
f 1058/1222/1213 1057/1220/1213 1072/1246/1213
f 1050/1221/1214 1065/1247/1214 1066/1249/1214
f 1059/1224/1215 1058/1222/1215 1073/1248/1215
f 1051/1223/1216 1066/1249/1216 1067/1251/1216
f 1060/1226/1217 1059/1224/1217 1074/1250/1217
f 1052/1225/1218 1067/1251/1218 1068/1252/1218
f 1064/1245/1219 1079/1269/1219 1080/1253/1219
f 1073/1248/1220 1072/1246/1220 1087/1254/1220
f 1065/1247/1221 1080/1253/1221 1081/1256/1221
f 1074/1250/1222 1073/1248/1222 1088/1255/1222
f 1066/1249/1223 1081/1256/1223 1082/1258/1223
f 1075/1236/1635 1074/1250/1635 1089/1257/1635
f 1067/1251/1225 1082/1258/1225 1083/1260/1225
f 1076/1237/1226 1075/1236/1226 1090/1259/1226
f 1068/1252/1227 1083/1260/1227 1084/1262/1227
f 1070/1242/1230 1069/1238/1230 1084/1262/1230
f 1062/1240/1231 1077/1264/1231 1078/1267/1231
f 1071/1244/1636 1070/1242/1636 1085/1266/1636
f 1063/1243/1637 1078/1267/1637 1079/1269/1637
f 1072/1246/1234 1071/1244/1234 1086/1268/1234
f 1084/1262/1235 1083/1260/1235 1098/1270/1235
f 1084/1262/1238 1099/1271/1238 1100/1276/1238
f 1078/1267/1239 1077/1264/1239 1092/1273/1239
f 1085/1266/1638 1100/1276/1638 1101/1278/1638
f 1079/1269/1241 1078/1267/1241 1093/1277/1241
f 1086/1268/1242 1101/1278/1242 1102/1280/1242
f 1080/1253/1243 1079/1269/1243 1094/1279/1243
f 1087/1254/1244 1102/1280/1244 1103/1282/1244
f 1081/1256/1245 1080/1253/1245 1095/1281/1245
f 1088/1255/1246 1103/1282/1246 1104/1284/1246
f 1082/1258/1247 1081/1256/1247 1096/1283/1247
f 1089/1257/1248 1104/1284/1248 1105/1286/1248
f 1083/1260/1249 1082/1258/1249 1097/1285/1249
f 1090/1259/1250 1105/1286/1250 1106/1275/1250
f 1102/1280/1251 1117/1303/1251 1118/1287/1251
f 1096/1283/1252 1095/1281/1252 1110/1288/1252
f 1103/1282/1253 1118/1287/1253 1119/1290/1253
f 1097/1285/1254 1096/1283/1254 1111/1289/1254
f 1104/1284/1255 1119/1290/1255 1120/1292/1255
f 1098/1270/1256 1097/1285/1256 1112/1291/1256
f 1105/1286/1257 1120/1292/1257 1121/1294/1257
f 1099/1271/1258 1098/1270/1258 1113/1293/1258
f 1099/1271/1261 1114/1295/1261 1115/1299/1261
f 1093/1277/1262 1092/1273/1262 1107/1297/1262
f 1100/1276/1263 1115/1299/1263 1116/1301/1263
f 1094/1279/1639 1093/1277/1639 1108/1300/1639
f 1101/1278/1265 1116/1301/1265 1117/1303/1265
f 1095/1281/1266 1094/1279/1266 1109/1302/1266
f 1114/1295/1269 1129/1320/1269 1130/1308/1269
f 1108/1300/1270 1107/1297/1270 1122/1305/1270
f 1115/1299/1271 1130/1308/1271 1131/1310/1271
f 1109/1302/1272 1108/1300/1272 1123/1309/1272
f 1116/1301/1273 1131/1310/1273 1132/1312/1273
f 1110/1288/1274 1109/1302/1274 1124/1311/1274
f 1117/1303/1275 1132/1312/1275 1133/1314/1275
f 1111/1289/1276 1110/1288/1276 1125/1313/1276
f 1118/1287/1277 1133/1314/1277 1134/1316/1277
f 1112/1291/1278 1111/1289/1278 1126/1315/1278
f 1119/1290/1279 1134/1316/1279 1135/1318/1279
f 1113/1293/1280 1112/1291/1280 1127/1317/1280
f 1120/1292/1281 1135/1318/1281 1136/1307/1281
f 1114/1295/1282 1113/1293/1282 1128/1319/1282
f 1126/1315/1283 1125/1313/1283 1140/1321/1283
f 1133/1314/1284 1148/1337/1284 1149/1323/1284
f 1127/1317/1640 1126/1315/1640 1141/1322/1640
f 1134/1316/1641 1149/1323/1641 1150/1325/1641
f 1128/1319/1287 1127/1317/1287 1142/1324/1287
f 1135/1318/1288 1150/1325/1288 1151/1327/1288
f 1129/1320/1289 1128/1319/1289 1143/1326/1289
f 1129/1320/1292 1144/1328/1292 1145/1332/1292
f 1123/1309/1293 1122/1305/1293 1137/1330/1293
f 1130/1308/1642 1145/1332/1642 1146/1334/1642
f 1124/1311/1295 1123/1309/1295 1138/1333/1295
f 1131/1310/1643 1146/1334/1643 1147/1336/1643
f 1125/1313/1297 1124/1311/1297 1139/1335/1297
f 1132/1312/1298 1147/1336/1298 1148/1337/1298
f 1144/1328/1299 1159/1352/1299 1160/1338/1299
f 1138/1333/1300 1137/1330/1300 1152/1339/1300
f 1145/1332/1301 1160/1338/1301 1161/1341/1301
f 1139/1335/1644 1138/1333/1644 1153/1340/1644
f 1146/1334/1303 1161/1341/1303 1162/1343/1303
f 1140/1321/1304 1139/1335/1304 1154/1342/1304
f 1147/1336/1305 1162/1343/1305 1163/1345/1305
f 1141/1322/1306 1140/1321/1306 1155/1344/1306
f 1148/1337/1307 1163/1345/1307 1164/1347/1307
f 1142/1324/1308 1141/1322/1308 1156/1346/1308
f 1149/1323/1309 1164/1347/1309 1165/1349/1309
f 1143/1326/1310 1142/1324/1310 1157/1348/1310
f 1150/1325/1645 1165/1349/1645 1166/1351/1645
f 1144/1328/1312 1143/1326/1312 1158/1350/1312
f 1163/1345/1315 1178/1371/1315 1179/1355/1315
f 1157/1348/1316 1156/1346/1316 1171/1356/1316
f 1164/1347/1317 1179/1355/1317 1180/1358/1317
f 1158/1350/1318 1157/1348/1318 1172/1357/1318
f 1165/1349/1319 1180/1358/1319 1181/1360/1319
f 1159/1352/1320 1158/1350/1320 1173/1359/1320
f 1159/1352/1323 1174/1361/1323 1175/1365/1323
f 1153/1340/1646 1152/1339/1646 1167/1363/1646
f 1160/1338/1325 1175/1365/1325 1176/1367/1325
f 1154/1342/1326 1153/1340/1326 1168/1366/1326
f 1161/1341/1327 1176/1367/1327 1177/1369/1327
f 1155/1344/1328 1154/1342/1328 1169/1368/1328
f 1162/1343/1329 1177/1369/1329 1178/1371/1329
f 1156/1346/1330 1155/1344/1330 1170/1370/1330
f 1175/1365/1331 1190/1388/1331 1191/1372/1331
f 1169/1368/1332 1168/1366/1332 1183/1373/1332
f 1176/1367/1333 1191/1372/1333 1192/1375/1333
f 1170/1370/1647 1169/1368/1647 1184/1374/1647
f 1177/1369/1335 1192/1375/1335 1193/1377/1335
f 1171/1356/1336 1170/1370/1336 1185/1376/1336
f 1178/1371/1337 1193/1377/1337 1194/1379/1337
f 1172/1357/1338 1171/1356/1338 1186/1378/1338
f 1179/1355/1339 1194/1379/1339 1195/1381/1339
f 1173/1359/1340 1172/1357/1340 1187/1380/1340
f 1180/1358/1648 1195/1381/1648 1196/1383/1648
f 1174/1361/1342 1173/1359/1342 1188/1382/1342
f 1174/1361/1345 1189/1384/1345 1190/1388/1345
f 1168/1366/1649 1167/1363/1649 1182/1386/1649
f 1194/1379/1347 1209/1405/1347 1210/1389/1347
f 1188/1382/1348 1187/1380/1348 1202/1390/1348
f 1195/1381/1650 1210/1389/1650 1211/1392/1650
f 1189/1384/1350 1188/1382/1350 1203/1391/1350
f 1189/1384/1353 1204/1393/1353 1205/1397/1353
f 1183/1373/1651 1182/1386/1651 1197/1395/1651
f 1190/1388/1355 1205/1397/1355 1206/1399/1355
f 1184/1374/1652 1183/1373/1652 1198/1398/1652
f 1191/1372/1357 1206/1399/1357 1207/1401/1357
f 1185/1376/1358 1184/1374/1358 1199/1400/1358
f 1192/1375/1359 1207/1401/1359 1208/1403/1359
f 1186/1378/1360 1185/1376/1360 1200/1402/1360
f 1193/1377/1653 1208/1403/1653 1209/1405/1653
f 1187/1380/1362 1186/1378/1362 1201/1404/1362
f 1198/1398/1654 1213/1422/1654 1214/1406/1654
f 1207/1401/1364 1206/1399/1364 1221/1407/1364
f 1199/1400/1365 1214/1406/1365 1215/1409/1365
f 1208/1403/1366 1207/1401/1366 1222/1408/1366
f 1200/1402/1367 1215/1409/1367 1216/1411/1367
f 1209/1405/1368 1208/1403/1368 1223/1410/1368
f 1201/1404/1369 1216/1411/1369 1217/1413/1369
f 1210/1389/1655 1209/1405/1655 1224/1412/1655
f 1202/1390/1371 1217/1413/1371 1218/1415/1371
f 1211/1392/1656 1210/1389/1656 1225/1414/1656
f 1203/1391/1373 1218/1415/1373 1219/1417/1373
f 1205/1397/1376 1204/1393/1376 1219/1417/1376
f 1197/1395/1657 1212/1419/1657 1213/1422/1657
f 1206/1399/1378 1205/1397/1378 1220/1421/1378
f 1217/1413/1379 1232/1439/1379 1233/1423/1379
f 1226/1416/1658 1225/1414/1658 1240/1424/1658
f 1218/1415/1381 1233/1423/1381 1234/1426/1381
f 1220/1421/1384 1219/1417/1384 1234/1426/1384
f 1212/1419/1659 1227/1428/1659 1228/1431/1659
f 1221/1407/1386 1220/1421/1386 1235/1430/1386
f 1213/1422/1387 1228/1431/1387 1229/1433/1387
f 1222/1408/1388 1221/1407/1388 1236/1432/1388
f 1214/1406/1660 1229/1433/1660 1230/1435/1660
f 1223/1410/1390 1222/1408/1390 1237/1434/1390
f 1215/1409/1391 1230/1435/1391 1231/1437/1391
f 1224/1412/1392 1223/1410/1392 1238/1436/1392
f 1216/1411/1393 1231/1437/1393 1232/1439/1393
f 1225/1414/1394 1224/1412/1394 1239/1438/1394
f 1237/1434/1395 1236/1432/1395 1251/1440/1395
f 1229/1433/1396 1244/1456/1396 1245/1442/1396
f 1238/1436/1661 1237/1434/1661 1252/1441/1661
f 1230/1435/1662 1245/1442/1662 1246/1444/1662
f 1239/1438/1399 1238/1436/1399 1253/1443/1399
f 1231/1437/1400 1246/1444/1400 1247/1446/1400
f 1240/1424/1663 1239/1438/1663 1254/1445/1663
f 1232/1439/1402 1247/1446/1402 1248/1448/1402
f 1241/1425/1403 1240/1424/1403 1255/1447/1403
f 1233/1423/1404 1248/1448/1404 1249/1450/1404
f 1235/1430/1407 1234/1426/1407 1249/1450/1407
f 1227/1428/1408 1242/1452/1408 1243/1455/1408
f 1236/1432/1409 1235/1430/1409 1250/1454/1409
f 1228/1431/1410 1243/1455/1410 1244/1456/1410
f 1256/1449/1664 1255/1447/1664 1270/1457/1664
f 1248/1448/1412 1263/1473/1412 1264/1459/1412
f 1250/1454/1415 1249/1450/1415 1264/1459/1415
f 1242/1452/1665 1257/1461/1665 1258/1464/1665
f 1251/1440/1417 1250/1454/1417 1265/1463/1417
f 1243/1455/1666 1258/1464/1666 1259/1466/1666
f 1252/1441/1419 1251/1440/1419 1266/1465/1419
f 1244/1456/1420 1259/1466/1420 1260/1468/1420
f 1253/1443/1421 1252/1441/1421 1267/1467/1421
f 1245/1442/1422 1260/1468/1422 1261/1470/1422
f 1254/1445/1423 1253/1443/1423 1268/1469/1423
f 1246/1444/1424 1261/1470/1424 1262/1472/1424
f 1255/1447/1425 1254/1445/1425 1269/1471/1425
f 1247/1446/1426 1262/1472/1426 1263/1473/1426
f 1259/1466/1427 1275/1490/1427 1276/1474/1427
f 1268/1469/1428 1267/1467/1428 1283/1475/1428
f 1260/1468/1429 1276/1474/1429 1277/1477/1429
f 1269/1471/1430 1268/1469/1430 1284/1476/1430
f 1261/1470/1667 1277/1477/1667 1278/1479/1667
f 1270/1457/1432 1269/1471/1432 1285/1478/1432
f 1262/1472/1433 1278/1479/1433 1279/1481/1433
f 1271/1458/1668 1270/1457/1668 1286/1480/1668
f 1263/1473/1669 1279/1481/1669 1280/1483/1669
f 1265/1463/1670 1264/1459/1670 1280/1483/1670
f 1257/1461/1439 1273/1485/1439 1274/1488/1439
f 1266/1465/1671 1265/1463/1671 1281/1487/1671
f 1258/1464/1441 1274/1488/1441 1275/1490/1441
f 1267/1467/1672 1266/1465/1672 1282/1489/1672
f 1279/1481/1443 1294/1507/1443 1295/1491/1443
f 1281/1487/1446 1280/1483/1446 1295/1491/1446
f 1273/1485/1447 1288/1493/1447 1289/1497/1447
f 1282/1489/1448 1281/1487/1448 1296/1496/1448
f 1274/1488/1449 1289/1497/1449 1290/1499/1449
f 1283/1475/1450 1282/1489/1450 1297/1498/1450
f 1275/1490/1451 1290/1499/1451 1291/1501/1451
f 1284/1476/1452 1283/1475/1452 1298/1500/1452
f 1276/1474/1453 1291/1501/1453 1292/1503/1453
f 1285/1478/1454 1284/1476/1454 1299/1502/1454
f 1277/1477/1455 1292/1503/1455 1293/1505/1455
f 1286/1480/1456 1285/1478/1456 1300/1504/1456
f 1278/1479/1457 1293/1505/1457 1294/1507/1457
f 1287/1482/1458 1286/1480/1458 1301/1506/1458
f 1299/1502/1459 1298/1500/1459 1313/1508/1459
f 1291/1501/1460 1306/1524/1460 1307/1510/1460
f 1300/1504/1461 1299/1502/1461 1314/1509/1461
f 1292/1503/1462 1307/1510/1462 1308/1512/1462
f 1301/1506/1463 1300/1504/1463 1315/1511/1463
f 1293/1505/1464 1308/1512/1464 1309/1514/1464
f 1302/1495/1465 1301/1506/1465 1316/1513/1465
f 1294/1507/1466 1309/1514/1466 1310/1516/1466
f 1296/1496/1469 1295/1491/1469 1310/1516/1469
f 1288/1493/1470 1303/1518/1470 1304/1521/1470
f 1297/1498/1471 1296/1496/1471 1311/1520/1471
f 1289/1497/1472 1304/1521/1472 1305/1523/1472
f 1298/1500/1473 1297/1498/1473 1312/1522/1473
f 1290/1499/1474 1305/1523/1474 1306/1524/1474
f 1311/1520/1476 1310/1516/1476 1325/1527/1476
f 1303/1518/1477 1318/1541/1477 1319/1529/1477
f 1312/1522/1478 1311/1520/1478 1326/1528/1478
f 1304/1521/1673 1319/1529/1673 1320/1531/1673
f 1313/1508/1480 1312/1522/1480 1327/1530/1480
f 1305/1523/1481 1320/1531/1481 1321/1533/1481
f 1314/1509/1482 1313/1508/1482 1328/1532/1482
f 1306/1524/1483 1321/1533/1483 1322/1535/1483
f 1315/1511/1484 1314/1509/1484 1329/1534/1484
f 1307/1510/1485 1322/1535/1485 1323/1537/1485
f 1316/1513/1674 1315/1511/1674 1330/1536/1674
f 1308/1512/1487 1323/1537/1487 1324/1539/1487
f 1317/1515/1488 1316/1513/1488 1331/1538/1488
f 1309/1514/1489 1324/1539/1489 1325/1527/1489
f 1329/1542/1491 1344/1572/1491 1345/1543/1491
f 1323/1545/1492 1322/1573/1492 1337/1546/1492
f 1330/1544/1675 1345/1543/1675 1346/1548/1675
f 1324/1550/1494 1323/1545/1494 1338/1547/1494
f 1331/1549/1495 1346/1548/1495 1347/1552/1495
f 1325/1554/1496 1324/1550/1496 1339/1551/1496
f 1325/1554/1499 1340/1555/1499 1341/1560/1499
f 1319/1562/1500 1318/1556/1500 1333/1558/1500
f 1326/1561/1501 1341/1560/1501 1342/1564/1501
f 1320/1566/1676 1319/1562/1676 1334/1563/1676
f 1327/1565/1503 1342/1564/1503 1343/1568/1503
f 1321/1570/1504 1320/1566/1504 1335/1567/1504
f 1328/1569/1505 1343/1568/1505 1344/1572/1505
f 1322/1573/1506 1321/1570/1506 1336/1571/1506
f 1334/1563/1507 1333/1558/1507 1348/1574/1507
f 1341/1560/1508 1356/1590/1508 1357/1576/1508
f 1335/1567/1677 1334/1563/1677 1349/1575/1677
f 1342/1564/1678 1357/1576/1678 1358/1578/1678
f 1336/1571/1511 1335/1567/1511 1350/1577/1511
f 1343/1568/1512 1358/1578/1512 1359/1580/1512
f 1337/1546/1513 1336/1571/1513 1351/1579/1513
f 1344/1572/1514 1359/1580/1514 1360/1582/1514
f 1338/1547/1679 1337/1546/1679 1352/1581/1679
f 1345/1543/1516 1360/1582/1516 1361/1584/1516
f 1339/1551/1517 1338/1547/1517 1353/1583/1517
f 1346/1548/1518 1361/1584/1518 1362/1586/1518
f 1340/1555/1519 1339/1551/1519 1354/1585/1519
f 1340/1555/1522 1355/1587/1522 1356/1590/1522
f 1353/1583/1523 1352/1581/1523 1367/1591/1523
f 1360/1582/1524 1375/1607/1524 1376/1593/1524
f 1354/1585/1525 1353/1583/1525 1368/1592/1525
f 1361/1584/1526 1376/1593/1526 1377/1595/1526
f 1355/1587/1527 1354/1585/1527 1369/1594/1527
f 1355/1587/1530 1370/1596/1530 1371/1600/1530
f 1349/1575/1531 1348/1574/1531 1363/1598/1531
f 1356/1590/1532 1371/1600/1532 1372/1602/1532
f 1350/1577/1533 1349/1575/1533 1364/1601/1533
f 1357/1576/1534 1372/1602/1534 1373/1604/1534
f 1351/1579/1535 1350/1577/1535 1365/1603/1535
f 1358/1578/1536 1373/1604/1536 1374/1606/1536
f 1352/1581/1537 1351/1579/1537 1366/1605/1537
f 1359/1580/1538 1374/1606/1538 1375/1607/1538
f 1371/1600/1680 1386/1624/1680 1387/1608/1680
f 1365/1603/1540 1364/1601/1540 1379/1609/1540
f 1372/1602/1541 1387/1608/1541 1388/1611/1541
f 1366/1605/1542 1365/1603/1542 1380/1610/1542
f 1373/1604/1543 1388/1611/1543 1389/1613/1543
f 1367/1591/1544 1366/1605/1544 1381/1612/1544
f 1374/1606/1545 1389/1613/1545 1390/1615/1545
f 1368/1592/1681 1367/1591/1681 1382/1614/1681
f 1375/1607/1682 1390/1615/1682 1391/1617/1682
f 1369/1594/1548 1368/1592/1548 1383/1616/1548
f 1376/1593/1549 1391/1617/1549 1392/1619/1549
f 1370/1596/1683 1369/1594/1683 1384/1618/1683
f 1370/1596/1684 1385/1620/1684 1386/1624/1684
f 1364/1601/1685 1363/1598/1685 1378/1622/1685
f 1390/1615/1686 1405/1641/1686 1406/1625/1686
f 1384/1618/1556 1383/1616/1556 1398/1626/1556
f 1391/1617/1687 1406/1625/1687 1407/1628/1687
f 1385/1620/1558 1384/1618/1558 1399/1627/1558
f 1385/1620/1561 1400/1629/1561 1401/1633/1561
f 1379/1609/1562 1378/1622/1562 1393/1631/1562
f 1386/1624/1563 1401/1633/1563 1402/1635/1563
f 1380/1610/1564 1379/1609/1564 1394/1634/1564
f 1387/1608/1565 1402/1635/1565 1403/1637/1565
f 1381/1612/1566 1380/1610/1566 1395/1636/1566
f 1388/1611/1567 1403/1637/1567 1404/1639/1567
f 1382/1614/1568 1381/1612/1568 1396/1638/1568
f 1389/1613/1569 1404/1639/1569 1405/1641/1569
f 1383/1616/1570 1382/1614/1570 1397/1640/1570
f 1395/1636/1571 1394/1634/1571 1409/1642/1571
f 1402/1635/1572 1417/1658/1572 1418/1644/1572
f 1396/1638/1573 1395/1636/1573 1410/1643/1573
f 1403/1637/1688 1418/1644/1688 1419/1646/1688
f 1397/1640/1575 1396/1638/1575 1411/1645/1575
f 1404/1639/1576 1419/1646/1576 1420/1648/1576
f 1398/1626/1577 1397/1640/1577 1412/1647/1577
f 1405/1641/1578 1420/1648/1578 1421/1650/1578
f 1399/1627/1579 1398/1626/1579 1413/1649/1579
f 1406/1625/1580 1421/1650/1580 1422/1652/1580
f 1400/1629/1581 1399/1627/1581 1414/1651/1581
f 1400/1629/1584 1415/1653/1584 1416/1657/1584
f 1394/1634/1689 1393/1631/1689 1408/1655/1689
f 1401/1633/1586 1416/1657/1586 1417/1658/1586
f 1414/1651/1587 1413/1649/1587 1428/1659/1587
f 1421/1650/1690 1436/1675/1690 1437/1661/1690
f 1415/1653/1589 1414/1651/1589 1429/1660/1589
f 1415/1653/1592 1430/1662/1592 1431/1666/1592
f 1409/1642/1691 1408/1655/1691 1423/1664/1691
f 1416/1657/1594 1431/1666/1594 1432/1668/1594
f 1410/1643/1595 1409/1642/1595 1424/1667/1595
f 1417/1658/1596 1432/1668/1596 1433/1670/1596
f 1411/1645/1692 1410/1643/1692 1425/1669/1692
f 1418/1644/1598 1433/1670/1598 1434/1672/1598
f 1412/1647/1599 1411/1645/1599 1426/1671/1599
f 1419/1646/1600 1434/1672/1600 1435/1674/1600
f 1413/1649/1601 1412/1647/1601 1427/1673/1601
f 1420/1648/1602 1435/1674/1602 1436/1675/1602
f 1432/1668/1603 1442/1149/1603 970/1119/1603
f 1426/1671/1604 1425/1669/1604 965/1122/1604
f 1433/1670/1605 970/1119/1605 1443/1125/1605
f 1427/1673/1606 1426/1671/1606 1440/1124/1606
f 1434/1672/1693 1443/1125/1693 1444/1129/1693
f 1428/1659/1608 1427/1673/1608 966/1128/1608
f 1435/1674/1609 1444/1129/1609 1445/1133/1609
f 1429/1660/1610 1428/1659/1610 1441/1132/1610
f 1436/1675/1694 1445/1133/1694 1446/1137/1694
f 1430/1662/1612 1429/1660/1612 967/1136/1612
f 1430/1662/1615 968/1140/1615 969/1145/1615
f 1424/1667/1616 1423/1664/1616 1438/1141/1616
f 1431/1666/1617 969/1145/1617 1442/1149/1617
f 1425/1669/1695 1424/1667/1695 1439/1148/1695
o 球.003
v -0.165457 0.573227 -0.505290
v -0.165457 0.557201 -0.521341
v -0.165457 0.536262 -0.530027
v -0.165457 0.524930 -0.531145
v -0.165457 0.513598 -0.530027
v -0.165457 0.492659 -0.521341
v -0.163073 0.581900 -0.484100
v -0.160781 0.578594 -0.494804
v -0.158668 0.573227 -0.504669
v -0.156817 0.566003 -0.513315
v -0.155297 0.557201 -0.520411
v -0.154168 0.547158 -0.525684
v -0.153472 0.536262 -0.528931
v -0.153237 0.524930 -0.530027
v -0.153472 0.513598 -0.528931
v -0.154168 0.502701 -0.525684
v -0.155297 0.492659 -0.520411
v -0.156817 0.483857 -0.513315
v -0.158668 0.476633 -0.504669
v -0.160781 0.471265 -0.494804
v -0.163073 0.467960 -0.484100
v -0.160781 0.581900 -0.483454
v -0.156284 0.578594 -0.493537
v -0.152140 0.573227 -0.502829
v -0.148508 0.566003 -0.510974
v -0.145527 0.557201 -0.517659
v -0.143312 0.547158 -0.522625
v -0.141947 0.536262 -0.525684
v -0.141487 0.524930 -0.526717
v -0.141947 0.513598 -0.525684
v -0.143312 0.502701 -0.522625
v -0.145527 0.492659 -0.517659
v -0.148508 0.483857 -0.510974
v -0.152140 0.476633 -0.502829
v -0.156284 0.471265 -0.493537
v -0.160781 0.467960 -0.483454
v -0.158668 0.581900 -0.482406
v -0.152140 0.578594 -0.491480
v -0.146124 0.573227 -0.499843
v -0.140850 0.566003 -0.507173
v -0.136522 0.557201 -0.513189
v -0.133307 0.547158 -0.517659
v -0.131326 0.536262 -0.520411
v -0.130658 0.524930 -0.521341
v -0.131326 0.513598 -0.520411
v -0.133307 0.502701 -0.517659
v -0.136522 0.492659 -0.513189
v -0.140850 0.483857 -0.507173
v -0.146124 0.476633 -0.499843
v -0.152140 0.471265 -0.491480
v -0.158668 0.467960 -0.482406
v -0.156817 0.581900 -0.480994
v -0.148508 0.578594 -0.488711
v -0.140850 0.573227 -0.495823
v -0.134138 0.566003 -0.502057
v -0.128630 0.557201 -0.507173
v -0.124537 0.547158 -0.510974
v -0.122017 0.536262 -0.513315
v -0.121166 0.524930 -0.514106
v -0.122017 0.513598 -0.513315
v -0.124537 0.502701 -0.510974
v -0.128630 0.492659 -0.507173
v -0.134138 0.483857 -0.502057
v -0.140850 0.476633 -0.495823
v -0.148508 0.471265 -0.488711
v -0.156817 0.467960 -0.480994
v -0.155297 0.581900 -0.479274
v -0.145527 0.578594 -0.485337
v -0.136522 0.573227 -0.490925
v -0.128630 0.566003 -0.495823
v -0.122153 0.557201 -0.499843
v -0.117340 0.547158 -0.502829
v -0.114377 0.536262 -0.504669
v -0.113376 0.524930 -0.505290
v -0.114377 0.513598 -0.504669
v -0.117340 0.502701 -0.502829
v -0.122153 0.492659 -0.499843
v -0.128630 0.483857 -0.495823
v -0.136522 0.476633 -0.490925
v -0.145527 0.471265 -0.485337
v -0.155297 0.467960 -0.479274
v -0.165457 0.583016 -0.472969
v -0.154168 0.581900 -0.477312
v -0.143312 0.578594 -0.481488
v -0.133307 0.573227 -0.485337
v -0.124537 0.566003 -0.488711
v -0.117340 0.557201 -0.491480
v -0.111993 0.547158 -0.493537
v -0.108699 0.536262 -0.494804
v -0.107587 0.524930 -0.495232
v -0.108699 0.513598 -0.494804
v -0.111993 0.502701 -0.493537
v -0.117340 0.492659 -0.491480
v -0.124537 0.483857 -0.488711
v -0.133307 0.476633 -0.485337
v -0.143312 0.471265 -0.481488
v -0.154168 0.467960 -0.477312
v -0.153472 0.581900 -0.475183
v -0.141947 0.578594 -0.477312
v -0.131326 0.573227 -0.479274
v -0.122017 0.566003 -0.480994
v -0.114377 0.557201 -0.482406
v -0.108699 0.547158 -0.483454
v -0.105203 0.536262 -0.484100
v -0.104023 0.524930 -0.484318
v -0.105203 0.513598 -0.484100
v -0.108699 0.502701 -0.483454
v -0.114377 0.492659 -0.482406
v -0.122017 0.483857 -0.480994
v -0.131326 0.476633 -0.479274
v -0.141947 0.471265 -0.477312
v -0.153472 0.467960 -0.475183
v -0.153237 0.581900 -0.472969
v -0.141487 0.578594 -0.472969
v -0.130658 0.573227 -0.472969
v -0.121166 0.566003 -0.472969
v -0.113376 0.557201 -0.472969
v -0.107587 0.547158 -0.472969
v -0.104023 0.536262 -0.472969
v -0.102819 0.524930 -0.472969
v -0.104023 0.513598 -0.472969
v -0.107587 0.502701 -0.472969
v -0.113376 0.492659 -0.472969
v -0.121166 0.483857 -0.472969
v -0.130658 0.476633 -0.472969
v -0.141487 0.471265 -0.472969
v -0.153237 0.467960 -0.472969
v -0.153472 0.581900 -0.470754
v -0.141947 0.578594 -0.468625
v -0.131326 0.573227 -0.466663
v -0.122017 0.566003 -0.464943
v -0.114377 0.557201 -0.463532
v -0.108699 0.547158 -0.462483
v -0.105203 0.536262 -0.461837
v -0.104023 0.524930 -0.461619
v -0.105203 0.513598 -0.461837
v -0.108699 0.502701 -0.462483
v -0.114377 0.492659 -0.463532
v -0.122017 0.483857 -0.464943
v -0.131326 0.476633 -0.466663
v -0.141947 0.471265 -0.468625
v -0.153472 0.467960 -0.470754
v -0.154168 0.581900 -0.468625
v -0.143312 0.578594 -0.464449
v -0.133307 0.573227 -0.460600
v -0.124537 0.566003 -0.457226
v -0.117340 0.557201 -0.454457
v -0.111993 0.547158 -0.452400
v -0.108699 0.536262 -0.451133
v -0.107587 0.524930 -0.450705
v -0.108699 0.513598 -0.451133
v -0.111993 0.502701 -0.452400
v -0.117340 0.492659 -0.454457
v -0.124537 0.483857 -0.457226
v -0.133307 0.476633 -0.460600
v -0.143312 0.471265 -0.464449
v -0.154168 0.467960 -0.468625
v -0.155297 0.581900 -0.466663
v -0.145527 0.578594 -0.460600
v -0.136522 0.573227 -0.455012
v -0.128630 0.566003 -0.450114
v -0.122153 0.557201 -0.446095
v -0.117340 0.547158 -0.443108
v -0.114377 0.536262 -0.441269
v -0.113376 0.524930 -0.440647
v -0.114377 0.513598 -0.441269
v -0.117340 0.502701 -0.443108
v -0.122153 0.492659 -0.446095
v -0.128630 0.483857 -0.450114
v -0.136522 0.476633 -0.455012
v -0.145527 0.471265 -0.460600
v -0.155297 0.467960 -0.466663
v -0.156817 0.581900 -0.464943
v -0.148508 0.578594 -0.457226
v -0.140850 0.573227 -0.450114
v -0.134138 0.566003 -0.443880
v -0.128630 0.557201 -0.438764
v -0.124537 0.547158 -0.434963
v -0.122017 0.536262 -0.432622
v -0.121166 0.524930 -0.431832
v -0.122017 0.513598 -0.432622
v -0.124537 0.502701 -0.434963
v -0.128630 0.492659 -0.438764
v -0.134138 0.483857 -0.443880
v -0.140850 0.476633 -0.450114
v -0.148508 0.471265 -0.457226
v -0.156817 0.467960 -0.464943
v -0.158668 0.581900 -0.463532
v -0.152140 0.578594 -0.454457
v -0.146124 0.573227 -0.446095
v -0.140850 0.566003 -0.438764
v -0.136522 0.557201 -0.432749
v -0.133307 0.547158 -0.428279
v -0.131326 0.536262 -0.425526
v -0.130658 0.524930 -0.424597
v -0.131326 0.513598 -0.425526
v -0.133307 0.502701 -0.428279
v -0.136522 0.492659 -0.432749
v -0.140850 0.483857 -0.438764
v -0.146124 0.476633 -0.446095
v -0.152140 0.471265 -0.454457
v -0.158668 0.467960 -0.463532
v -0.160781 0.581900 -0.462483
v -0.156284 0.578594 -0.452400
v -0.152140 0.573227 -0.443108
v -0.148508 0.566003 -0.434963
v -0.145527 0.557201 -0.428279
v -0.143312 0.547158 -0.423312
v -0.141948 0.536262 -0.420253
v -0.141487 0.524930 -0.419221
v -0.141948 0.513598 -0.420253
v -0.143312 0.502701 -0.423312
v -0.145527 0.492659 -0.428279
v -0.148508 0.483857 -0.434963
v -0.152140 0.476633 -0.443108
v -0.156284 0.471265 -0.452400
v -0.160781 0.467960 -0.462483
v -0.163073 0.581900 -0.461837
v -0.160781 0.578594 -0.451133
v -0.158668 0.573227 -0.441269
v -0.156817 0.566003 -0.432622
v -0.155297 0.557201 -0.425526
v -0.154168 0.547158 -0.420253
v -0.153472 0.536262 -0.417006
v -0.153237 0.524930 -0.415910
v -0.153472 0.513598 -0.417006
v -0.154168 0.502701 -0.420253
v -0.155297 0.492659 -0.425526
v -0.156817 0.483857 -0.432622
v -0.158668 0.476633 -0.441269
v -0.160781 0.471265 -0.451133
v -0.163073 0.467960 -0.461837
v -0.165457 0.581900 -0.461619
v -0.165457 0.578594 -0.450705
v -0.165457 0.573227 -0.440648
v -0.165457 0.566003 -0.431832
v -0.165457 0.557201 -0.424597
v -0.165457 0.547158 -0.419221
v -0.165457 0.536262 -0.415910
v -0.165457 0.524930 -0.414792
v -0.165457 0.513598 -0.415910
v -0.165457 0.502701 -0.419221
v -0.165457 0.492659 -0.424597
v -0.165457 0.483857 -0.431832
v -0.165457 0.476633 -0.440648
v -0.165457 0.471265 -0.450705
v -0.165457 0.467960 -0.461619
v -0.167841 0.581900 -0.461837
v -0.170134 0.578594 -0.451133
v -0.172247 0.573227 -0.441269
v -0.174098 0.566003 -0.432622
v -0.175618 0.557201 -0.425526
v -0.176747 0.547158 -0.420253
v -0.177443 0.536262 -0.417006
v -0.177678 0.524930 -0.415910
v -0.177443 0.513598 -0.417006
v -0.176747 0.502701 -0.420253
v -0.175618 0.492659 -0.425526
v -0.174098 0.483857 -0.432622
v -0.172247 0.476633 -0.441269
v -0.170134 0.471265 -0.451133
v -0.167841 0.467960 -0.461837
v -0.170134 0.581900 -0.462483
v -0.174631 0.578594 -0.452400
v -0.178775 0.573227 -0.443108
v -0.182407 0.566003 -0.434963
v -0.185388 0.557201 -0.428279
v -0.187603 0.547158 -0.423312
v -0.188967 0.536262 -0.420253
v -0.189428 0.524930 -0.419221
v -0.188967 0.513598 -0.420253
v -0.187603 0.502701 -0.423312
v -0.185388 0.492659 -0.428279
v -0.182407 0.483857 -0.434963
v -0.178775 0.476633 -0.443108
v -0.174631 0.471265 -0.452400
v -0.170134 0.467960 -0.462483
v -0.172247 0.581900 -0.463532
v -0.178775 0.578594 -0.454457
v -0.184791 0.573227 -0.446095
v -0.190065 0.566003 -0.438764
v -0.194392 0.557201 -0.432749
v -0.197608 0.547158 -0.428279
v -0.199589 0.536262 -0.425526
v -0.200257 0.524930 -0.424597
v -0.199589 0.513598 -0.425526
v -0.197608 0.502701 -0.428279
v -0.194392 0.492659 -0.432749
v -0.190065 0.483857 -0.438764
v -0.184791 0.476633 -0.446095
v -0.178775 0.471265 -0.454457
v -0.172247 0.467960 -0.463532
v -0.174098 0.581900 -0.464943
v -0.182407 0.578594 -0.457226
v -0.190065 0.573227 -0.450114
v -0.196776 0.566003 -0.443880
v -0.202285 0.557201 -0.438765
v -0.206378 0.547158 -0.434963
v -0.208898 0.536262 -0.432622
v -0.209749 0.524930 -0.431832
v -0.208898 0.513598 -0.432622
v -0.206378 0.502701 -0.434963
v -0.202285 0.492659 -0.438765
v -0.196776 0.483857 -0.443880
v -0.190065 0.476633 -0.450114
v -0.182407 0.471265 -0.457226
v -0.174098 0.467960 -0.464943
v -0.165457 0.466844 -0.472969
v -0.175618 0.581900 -0.466663
v -0.185388 0.578594 -0.460600
v -0.194392 0.573227 -0.455012
v -0.202285 0.566003 -0.450114
v -0.208762 0.557201 -0.446095
v -0.213575 0.547158 -0.443108
v -0.216538 0.536262 -0.441269
v -0.217539 0.524930 -0.440648
v -0.216538 0.513598 -0.441269
v -0.213575 0.502701 -0.443108
v -0.208762 0.492659 -0.446095
v -0.202285 0.483857 -0.450114
v -0.194392 0.476633 -0.455012
v -0.185388 0.471265 -0.460600
v -0.175618 0.467960 -0.466663
v -0.176747 0.581900 -0.468625
v -0.187603 0.578594 -0.464449
v -0.197608 0.573227 -0.460600
v -0.206378 0.566003 -0.457226
v -0.213575 0.557201 -0.454458
v -0.218922 0.547158 -0.452400
v -0.222215 0.536262 -0.451133
v -0.223327 0.524930 -0.450706
v -0.222215 0.513598 -0.451133
v -0.218922 0.502701 -0.452400
v -0.213575 0.492659 -0.454458
v -0.206378 0.483857 -0.457226
v -0.197608 0.476633 -0.460600
v -0.187603 0.471265 -0.464449
v -0.176747 0.467960 -0.468625
v -0.177443 0.581900 -0.470754
v -0.188967 0.578594 -0.468625
v -0.199589 0.573227 -0.466663
v -0.208898 0.566003 -0.464943
v -0.216538 0.557201 -0.463532
v -0.222215 0.547158 -0.462483
v -0.225711 0.536262 -0.461837
v -0.226892 0.524930 -0.461619
v -0.225711 0.513598 -0.461837
v -0.222215 0.502701 -0.462483
v -0.216538 0.492659 -0.463532
v -0.208898 0.483857 -0.464943
v -0.199589 0.476633 -0.466663
v -0.188967 0.471265 -0.468625
v -0.177443 0.467960 -0.470754
v -0.177677 0.581900 -0.472969
v -0.189428 0.578594 -0.472969
v -0.200257 0.573227 -0.472969
v -0.209749 0.566003 -0.472969
v -0.217539 0.557201 -0.472969
v -0.223327 0.547158 -0.472969
v -0.226892 0.536262 -0.472969
v -0.228095 0.524930 -0.472969
v -0.226892 0.513598 -0.472969
v -0.223327 0.502701 -0.472969
v -0.217539 0.492659 -0.472969
v -0.209749 0.483857 -0.472969
v -0.200257 0.476633 -0.472969
v -0.189428 0.471265 -0.472969
v -0.177677 0.467960 -0.472969
v -0.177443 0.581900 -0.475183
v -0.188967 0.578594 -0.477312
v -0.199589 0.573227 -0.479274
v -0.208898 0.566003 -0.480994
v -0.216538 0.557201 -0.482406
v -0.222215 0.547158 -0.483454
v -0.225711 0.536262 -0.484100
v -0.226892 0.524930 -0.484318
v -0.225711 0.513598 -0.484100
v -0.222215 0.502701 -0.483454
v -0.216538 0.492659 -0.482406
v -0.208898 0.483857 -0.480994
v -0.199589 0.476633 -0.479274
v -0.188967 0.471265 -0.477312
v -0.177443 0.467960 -0.475183
v -0.176747 0.581900 -0.477312
v -0.187603 0.578594 -0.481488
v -0.197608 0.573227 -0.485337
v -0.206378 0.566003 -0.488711
v -0.213575 0.557201 -0.491480
v -0.218922 0.547158 -0.493537
v -0.222215 0.536262 -0.494804
v -0.223327 0.524930 -0.495232
v -0.222215 0.513598 -0.494804
v -0.218922 0.502701 -0.493537
v -0.213575 0.492659 -0.491480
v -0.206378 0.483857 -0.488711
v -0.197608 0.476633 -0.485337
v -0.187603 0.471265 -0.481488
v -0.176747 0.467960 -0.477312
v -0.175618 0.581900 -0.479274
v -0.185388 0.578594 -0.485337
v -0.194392 0.573227 -0.490925
v -0.202285 0.566003 -0.495823
v -0.208762 0.557201 -0.499843
v -0.213575 0.547158 -0.502829
v -0.216538 0.536262 -0.504669
v -0.217539 0.524930 -0.505290
v -0.216538 0.513598 -0.504669
v -0.213575 0.502701 -0.502829
v -0.208762 0.492659 -0.499843
v -0.202285 0.483857 -0.495823
v -0.194392 0.476633 -0.490925
v -0.185388 0.471265 -0.485337
v -0.175618 0.467960 -0.479274
v -0.174098 0.581900 -0.480994
v -0.182407 0.578594 -0.488711
v -0.190065 0.573227 -0.495823
v -0.196776 0.566003 -0.502057
v -0.202285 0.557201 -0.507173
v -0.206378 0.547158 -0.510974
v -0.208898 0.536262 -0.513315
v -0.209749 0.524930 -0.514106
v -0.208898 0.513598 -0.513315
v -0.206378 0.502701 -0.510974
v -0.202285 0.492659 -0.507173
v -0.196776 0.483857 -0.502057
v -0.190065 0.476633 -0.495823
v -0.182407 0.471265 -0.488711
v -0.174098 0.467960 -0.480994
v -0.172247 0.581900 -0.482406
v -0.178775 0.578594 -0.491480
v -0.184791 0.573227 -0.499843
v -0.190065 0.566003 -0.507173
v -0.194392 0.557201 -0.513189
v -0.197608 0.547158 -0.517659
v -0.199589 0.536262 -0.520411
v -0.200257 0.524930 -0.521341
v -0.199589 0.513598 -0.520411
v -0.197608 0.502701 -0.517659
v -0.194392 0.492659 -0.513189
v -0.190065 0.483857 -0.507173
v -0.184791 0.476633 -0.499843
v -0.178775 0.471265 -0.491480
v -0.172247 0.467960 -0.482406
v -0.170134 0.581900 -0.483454
v -0.174631 0.578594 -0.493537
v -0.178775 0.573227 -0.502829
v -0.182407 0.566003 -0.510974
v -0.185388 0.557201 -0.517659
v -0.187603 0.547158 -0.522625
v -0.188967 0.536262 -0.525684
v -0.189428 0.524930 -0.526717
v -0.188967 0.513598 -0.525684
v -0.187603 0.502701 -0.522625
v -0.185388 0.492659 -0.517659
v -0.182407 0.483857 -0.510974
v -0.178775 0.476633 -0.502829
v -0.174631 0.471265 -0.493537
v -0.170134 0.467960 -0.483454
v -0.167841 0.581900 -0.484100
v -0.170134 0.578594 -0.494804
v -0.172247 0.573227 -0.504669
v -0.174098 0.566003 -0.513315
v -0.175618 0.557201 -0.520411
v -0.176747 0.547158 -0.525684
v -0.177443 0.536262 -0.528931
v -0.177677 0.524930 -0.530027
v -0.177443 0.513598 -0.528931
v -0.176747 0.502701 -0.525684
v -0.175618 0.492659 -0.520411
v -0.174098 0.483857 -0.513315
v -0.172247 0.476633 -0.504669
v -0.170134 0.471265 -0.494804
v -0.167841 0.467960 -0.484100
v -0.165457 0.581900 -0.484318
v -0.165457 0.578594 -0.495232
v -0.165457 0.566003 -0.514106
v -0.165457 0.547158 -0.526717
v -0.165457 0.502701 -0.526717
v -0.165457 0.483857 -0.514106
v -0.165457 0.476633 -0.505290
v -0.165457 0.471265 -0.495232
v -0.165457 0.467960 -0.484318
vn 0.0804 -0.4704 -0.8788
vn 0.0579 0.7722 -0.6327
vn 0.0705 -0.6334 -0.7706
vn 0.0705 0.6334 -0.7706
vn 0.0579 -0.7722 -0.6327
vn 0.0804 0.4704 -0.8788
vn 0.0430 -0.8814 -0.4704
vn 0.0872 0.2896 -0.9532
vn 0.0265 -0.9567 -0.2898
vn 0.0907 0.0978 -0.9911
vn 0.0090 0.9952 -0.0979
vn 0.0090 -0.9952 -0.0979
vn 0.0907 -0.0978 -0.9911
vn 0.0265 0.9567 -0.2898
vn 0.0872 -0.2896 -0.9532
vn 0.0430 0.8814 -0.4704
vn 0.0786 0.9571 -0.2788
vn 0.2594 -0.2910 -0.9209
vn 0.1276 0.8824 -0.4528
vn 0.2390 -0.4723 -0.8484
vn 0.1718 0.7738 -0.6097
vn 0.2094 -0.6354 -0.7433
vn 0.2094 0.6354 -0.7433
vn 0.1718 -0.7738 -0.6097
vn 0.2390 0.4723 -0.8484
vn 0.1276 -0.8824 -0.4528
vn 0.2595 0.2910 -0.9209
vn 0.0785 -0.9571 -0.2788
vn 0.2699 0.0983 -0.9579
vn 0.0265 0.9952 -0.0941
vn 0.0265 -0.9952 -0.0941
vn 0.2699 -0.0983 -0.9579
vn 0.3911 0.4759 -0.7878
vn 0.2076 -0.8843 -0.4182
vn 0.4251 0.2935 -0.8562
vn 0.1277 -0.9579 -0.2571
vn 0.4425 0.0992 -0.8913
vn 0.0430 0.9953 -0.0867
vn 0.0431 -0.9953 -0.0867
vn 0.4425 -0.0992 -0.8913
vn 0.1276 0.9579 -0.2571
vn 0.4251 -0.2935 -0.8562
vn 0.2076 0.8843 -0.4182
vn 0.3911 -0.4759 -0.7878
vn 0.2800 0.7768 -0.5641
vn 0.3420 -0.6390 -0.6890
vn 0.3420 0.6390 -0.6890
vn 0.2800 -0.7768 -0.5641
vn 0.5788 -0.2970 -0.7594
vn 0.2802 0.8868 -0.3676
vn 0.5316 -0.4807 -0.6974
vn 0.3788 0.7808 -0.4969
vn 0.4638 -0.6439 -0.6085
vn 0.4638 0.6439 -0.6085
vn 0.3788 -0.7808 -0.4969
vn 0.5316 0.4807 -0.6974
vn 0.2802 -0.8868 -0.3676
vn 0.5788 0.2970 -0.7594
vn 0.1720 -0.9589 -0.2256
vn 0.6031 0.1005 -0.7913
vn 0.0580 0.9954 -0.0760
vn 0.0579 -0.9954 -0.0760
vn 0.6031 -0.1005 -0.7913
vn 0.1720 0.9589 -0.2256
vn 0.3425 -0.8895 -0.3026
vn 0.7146 0.3010 -0.6315
vn 0.2098 -0.9600 -0.1854
vn 0.7455 0.1019 -0.6587
vn 0.0706 0.9955 -0.0624
vn 0.0707 -0.9955 -0.0624
vn 0.7455 -0.1019 -0.6587
vn 0.2098 0.9600 -0.1854
vn 0.7146 -0.3010 -0.6315
vn 0.3425 0.8895 -0.3026
vn 0.6549 -0.4860 -0.5787
vn 0.4641 0.7851 -0.4101
vn 0.5699 -0.6493 -0.5036
vn 0.5699 0.6493 -0.5036
vn 0.4641 -0.7851 -0.4101
vn 0.6549 0.4860 -0.5787
vn 0.7550 -0.4911 -0.4345
vn 0.5323 0.7892 -0.3063
vn 0.6553 -0.6545 -0.3771
vn 0.6553 0.6545 -0.3771
vn 0.5323 -0.7892 -0.3063
vn 0.7550 0.4911 -0.4345
vn 0.3918 -0.8920 -0.2255
vn 0.8255 0.3047 -0.4751
vn 0.2396 -0.9610 -0.1379
vn 0.8621 0.1033 -0.4961
vn 0.0806 0.9957 -0.0464
vn 0.0806 -0.9957 -0.0464
vn 0.8621 -0.1033 -0.4961
vn 0.2396 0.9610 -0.1379
vn 0.8255 -0.3047 -0.4751
vn 0.3918 0.8920 -0.2255
vn 0.2602 -0.9618 -0.0850
vn 0.9454 0.1044 -0.3088
vn 0.0875 0.9958 -0.0286
vn 0.0875 -0.9958 -0.0286
vn 0.9454 -0.1044 -0.3088
vn 0.2602 0.9618 -0.0850
vn 0.9045 -0.3077 -0.2954
vn 0.4261 0.8939 -0.1392
vn 0.8259 -0.4951 -0.2698
vn 0.5799 0.7924 -0.1894
vn 0.7154 -0.6585 -0.2337
vn 0.7154 0.6585 -0.2337
vn 0.5799 -0.7924 -0.1894
vn 0.8259 0.4951 -0.2697
vn 0.4261 -0.8939 -0.1392
vn 0.9045 0.3077 -0.2954
vn 0.6044 0.7941 -0.0641
vn 0.7465 -0.6607 -0.0792
vn 0.7465 0.6607 -0.0792
vn 0.6044 -0.7941 -0.0641
vn 0.8627 0.4973 -0.0915
vn 0.4436 -0.8950 -0.0470
vn 0.9457 0.3093 -0.1003
vn 0.2707 -0.9622 -0.0287
vn 0.9889 0.1050 -0.1049
vn 0.0910 0.9958 -0.0096
vn 0.0910 -0.9958 -0.0096
vn 0.9889 -0.1050 -0.1049
vn 0.2707 0.9622 -0.0287
vn 0.9456 -0.3093 -0.1003
vn 0.4436 0.8950 -0.0470
vn 0.8627 -0.4973 -0.0915
vn 0.9889 0.1050 0.1049
vn 0.0910 0.9958 0.0096
vn 0.0910 -0.9958 0.0096
vn 0.9889 -0.1050 0.1049
vn 0.2707 0.9622 0.0287
vn 0.9456 -0.3093 0.1003
vn 0.4436 0.8950 0.0470
vn 0.8627 -0.4973 0.0915
vn 0.6044 0.7941 0.0641
vn 0.7465 -0.6607 0.0792
vn 0.7465 0.6607 0.0792
vn 0.6044 -0.7941 0.0641
vn 0.8628 0.4973 0.0915
vn 0.4436 -0.8950 0.0470
vn 0.9457 0.3093 0.1003
vn 0.2707 -0.9622 0.0287
vn 0.7154 -0.6585 0.2337
vn 0.7154 0.6585 0.2337
vn 0.5799 -0.7924 0.1894
vn 0.8259 0.4951 0.2697
vn 0.4261 -0.8939 0.1392
vn 0.9045 0.3077 0.2954
vn 0.2602 -0.9618 0.0850
vn 0.9454 0.1044 0.3088
vn 0.0875 0.9958 0.0286
vn 0.0875 -0.9958 0.0286
vn 0.9454 -0.1044 0.3088
vn 0.2602 0.9618 0.0850
vn 0.9045 -0.3077 0.2954
vn 0.4261 0.8939 0.1392
vn 0.8259 -0.4951 0.2698
vn 0.5799 0.7924 0.1894
vn 0.0806 0.9957 0.0464
vn 0.0806 -0.9957 0.0464
vn 0.8621 -0.1033 0.4961
vn 0.2396 0.9610 0.1379
vn 0.8255 -0.3047 0.4751
vn 0.3918 0.8920 0.2255
vn 0.7550 -0.4911 0.4345
vn 0.5323 0.7892 0.3063
vn 0.6553 -0.6545 0.3771
vn 0.6553 0.6545 0.3771
vn 0.5323 -0.7892 0.3063
vn 0.7550 0.4911 0.4345
vn 0.3918 -0.8920 0.2255
vn 0.8255 0.3047 0.4751
vn 0.2396 -0.9610 0.1379
vn 0.8621 0.1033 0.4961
vn 0.5699 0.6493 0.5036
vn 0.4641 -0.7851 0.4101
vn 0.6549 0.4860 0.5787
vn 0.3425 -0.8895 0.3026
vn 0.7146 0.3010 0.6315
vn 0.2098 -0.9600 0.1854
vn 0.7455 0.1019 0.6587
vn 0.0706 0.9956 0.0624
vn 0.0707 -0.9955 0.0624
vn 0.7455 -0.1019 0.6587
vn 0.2098 0.9600 0.1854
vn 0.7146 -0.3010 0.6315
vn 0.3425 0.8895 0.3026
vn 0.6549 -0.4860 0.5787
vn 0.4641 0.7851 0.4101
vn 0.5699 -0.6493 0.5036
vn 0.6031 -0.1005 0.7913
vn 0.1720 0.9589 0.2256
vn 0.5788 -0.2970 0.7594
vn 0.2802 0.8868 0.3676
vn 0.5316 -0.4807 0.6974
vn 0.3788 0.7808 0.4969
vn 0.4638 -0.6439 0.6085
vn 0.4638 0.6439 0.6085
vn 0.3788 -0.7808 0.4969
vn 0.5316 0.4807 0.6974
vn 0.2802 -0.8868 0.3676
vn 0.5788 0.2970 0.7594
vn 0.1720 -0.9589 0.2256
vn 0.6031 0.1005 0.7913
vn 0.0580 0.9954 0.0760
vn 0.0579 -0.9954 0.0760
vn 0.2800 -0.7768 0.5641
vn 0.3911 0.4759 0.7878
vn 0.2076 -0.8843 0.4182
vn 0.4251 0.2935 0.8562
vn 0.1277 -0.9579 0.2571
vn 0.4425 0.0992 0.8913
vn 0.0430 0.9953 0.0867
vn 0.0431 -0.9953 0.0867
vn 0.4425 -0.0992 0.8913
vn 0.1276 0.9579 0.2571
vn 0.4251 -0.2936 0.8562
vn 0.2076 0.8843 0.4182
vn 0.3911 -0.4759 0.7878
vn 0.2800 0.7768 0.5641
vn 0.3420 -0.6390 0.6890
vn 0.3420 0.6390 0.6890
vn 0.2595 -0.2910 0.9209
vn 0.1276 0.8824 0.4528
vn 0.2390 -0.4723 0.8484
vn 0.1718 0.7738 0.6097
vn 0.2094 -0.6354 0.7433
vn 0.2094 0.6354 0.7433
vn 0.1718 -0.7738 0.6097
vn 0.2390 0.4723 0.8484
vn 0.1276 -0.8824 0.4528
vn 0.2595 0.2910 0.9209
vn 0.0785 -0.9571 0.2788
vn 0.2699 0.0983 0.9579
vn 0.0265 0.9952 0.0941
vn 0.0265 -0.9952 0.0941
vn 0.2699 -0.0983 0.9579
vn 0.0785 0.9571 0.2788
vn 0.0431 -0.8814 0.4704
vn 0.0872 0.2896 0.9532
vn 0.0266 -0.9567 0.2898
vn 0.0907 0.0978 0.9911
vn 0.0090 0.9952 0.0979
vn 0.0090 -0.9952 0.0979
vn 0.0907 -0.0978 0.9911
vn 0.0265 0.9567 0.2898
vn 0.0872 -0.2896 0.9532
vn 0.0430 0.8814 0.4704
vn 0.0804 -0.4704 0.8788
vn 0.0579 0.7722 0.6327
vn 0.0705 -0.6334 0.7706
vn 0.0705 0.6334 0.7706
vn 0.0579 -0.7722 0.6327
vn 0.0804 0.4704 0.8788
vn -0.0430 0.8814 0.4704
vn -0.0804 -0.4704 0.8788
vn -0.0579 0.7722 0.6327
vn -0.0705 -0.6334 0.7706
vn -0.0705 0.6334 0.7706
vn -0.0579 -0.7722 0.6327
vn -0.0804 0.4704 0.8788
vn -0.0430 -0.8814 0.4704
vn -0.0872 0.2896 0.9532
vn -0.0265 -0.9567 0.2898
vn -0.0907 0.0978 0.9911
vn -0.0090 0.9952 0.0979
vn -0.0090 -0.9952 0.0979
vn -0.0907 -0.0978 0.9911
vn -0.0265 0.9567 0.2898
vn -0.0872 -0.2896 0.9532
vn -0.2595 0.2910 0.9209
vn -0.0785 -0.9571 0.2788
vn -0.2699 0.0983 0.9579
vn -0.0265 0.9952 0.0941
vn -0.0265 -0.9952 0.0941
vn -0.2699 -0.0983 0.9579
vn -0.0785 0.9571 0.2788
vn -0.2595 -0.2910 0.9209
vn -0.1276 0.8824 0.4528
vn -0.2390 -0.4723 0.8484
vn -0.1718 0.7738 0.6097
vn -0.2094 -0.6354 0.7433
vn -0.2094 0.6354 0.7433
vn -0.1718 -0.7738 0.6097
vn -0.2390 0.4723 0.8484
vn -0.1276 -0.8824 0.4528
vn -0.3911 -0.4759 0.7878
vn -0.2800 0.7768 0.5641
vn -0.3420 -0.6390 0.6890
vn -0.3420 0.6390 0.6890
vn -0.2800 -0.7768 0.5641
vn -0.3911 0.4759 0.7878
vn -0.2076 -0.8843 0.4182
vn -0.4251 0.2935 0.8562
vn -0.1277 -0.9579 0.2571
vn -0.4425 0.0992 0.8913
vn -0.0430 0.9953 0.0867
vn -0.0431 -0.9953 0.0867
vn -0.4425 -0.0992 0.8913
vn -0.1276 0.9579 0.2571
vn -0.4251 -0.2935 0.8562
vn -0.2076 0.8843 0.4182
vn -0.1720 -0.9589 0.2256
vn -0.6031 0.1005 0.7913
vn -0.0580 0.9954 0.0760
vn -0.0579 -0.9954 0.0760
vn -0.6031 -0.1005 0.7913
vn -0.1720 0.9589 0.2256
vn -0.5788 -0.2970 0.7594
vn -0.2802 0.8868 0.3676
vn -0.5316 -0.4807 0.6974
vn -0.3788 0.7808 0.4969
vn -0.4638 -0.6439 0.6085
vn -0.4638 0.6439 0.6085
vn -0.3788 -0.7808 0.4969
vn -0.5316 0.4807 0.6974
vn -0.2802 -0.8868 0.3676
vn -0.5788 0.2970 0.7594
vn -0.4641 0.7851 0.4101
vn -0.5699 -0.6493 0.5036
vn -0.5699 0.6493 0.5036
vn -0.4641 -0.7851 0.4101
vn -0.6549 0.4860 0.5787
vn -0.3425 -0.8895 0.3026
vn -0.7146 0.3010 0.6315
vn -0.2098 -0.9600 0.1854
vn -0.7455 0.1019 0.6587
vn -0.0706 0.9956 0.0624
vn -0.0707 -0.9955 0.0624
vn -0.7455 -0.1019 0.6587
vn -0.2098 0.9600 0.1854
vn -0.7146 -0.3010 0.6315
vn -0.3425 0.8895 0.3026
vn -0.6549 -0.4860 0.5787
vn -0.8621 0.1033 0.4961
vn -0.0806 0.9957 0.0464
vn -0.0806 -0.9957 0.0464
vn -0.8621 -0.1033 0.4961
vn -0.2396 0.9610 0.1379
vn -0.8255 -0.3047 0.4751
vn -0.3918 0.8920 0.2255
vn -0.7550 -0.4911 0.4345
vn -0.5323 0.7892 0.3063
vn -0.6553 -0.6545 0.3771
vn -0.6553 0.6545 0.3771
vn -0.5323 -0.7892 0.3063
vn -0.7550 0.4911 0.4345
vn -0.3918 -0.8920 0.2255
vn -0.8255 0.3047 0.4751
vn -0.2396 -0.9610 0.1379
vn -0.7154 -0.6585 0.2337
vn -0.7154 0.6585 0.2337
vn -0.5799 -0.7924 0.1894
vn -0.8259 0.4951 0.2697
vn -0.4261 -0.8939 0.1392
vn -0.9045 0.3077 0.2954
vn -0.2602 -0.9618 0.0850
vn -0.9454 0.1044 0.3088
vn -0.0875 0.9958 0.0286
vn -0.0875 -0.9958 0.0286
vn -0.9454 -0.1044 0.3088
vn -0.2602 0.9618 0.0850
vn -0.9045 -0.3077 0.2954
vn -0.4261 0.8939 0.1392
vn -0.8259 -0.4951 0.2697
vn -0.5798 0.7924 0.1894
vn -0.0910 -0.9958 0.0096
vn -0.9889 -0.1050 0.1049
vn -0.2707 0.9622 0.0287
vn -0.9456 -0.3093 0.1003
vn -0.4436 0.8950 0.0470
vn -0.8627 -0.4973 0.0915
vn -0.6044 0.7941 0.0641
vn -0.7465 -0.6607 0.0792
vn -0.7465 0.6607 0.0792
vn -0.6044 -0.7941 0.0641
vn -0.8628 0.4973 0.0915
vn -0.4436 -0.8950 0.0470
vn -0.9457 0.3093 0.1003
vn -0.2707 -0.9622 0.0287
vn -0.9889 0.1050 0.1049
vn -0.0910 0.9958 0.0096
vn -0.6044 -0.7941 -0.0641
vn -0.8628 0.4973 -0.0915
vn -0.4436 -0.8950 -0.0470
vn -0.9456 0.3093 -0.1003
vn -0.2707 -0.9622 -0.0287
vn -0.9889 0.1050 -0.1049
vn -0.0909 0.9958 -0.0096
vn -0.0910 -0.9958 -0.0096
vn -0.9889 -0.1050 -0.1049
vn -0.2707 0.9622 -0.0287
vn -0.9456 -0.3093 -0.1003
vn -0.4436 0.8950 -0.0470
vn -0.8627 -0.4973 -0.0915
vn -0.6044 0.7941 -0.0641
vn -0.7465 -0.6607 -0.0792
vn -0.7465 0.6607 -0.0792
vn -0.2602 0.9618 -0.0850
vn -0.9045 -0.3077 -0.2954
vn -0.4261 0.8939 -0.1392
vn -0.8259 -0.4951 -0.2697
vn -0.5799 0.7924 -0.1894
vn -0.7154 -0.6585 -0.2337
vn -0.7154 0.6585 -0.2337
vn -0.5799 -0.7924 -0.1894
vn -0.8259 0.4951 -0.2698
vn -0.4261 -0.8939 -0.1392
vn -0.9045 0.3077 -0.2954
vn -0.2602 -0.9618 -0.0850
vn -0.9454 0.1044 -0.3088
vn -0.0875 0.9958 -0.0286
vn -0.0875 -0.9958 -0.0286
vn -0.9454 -0.1044 -0.3088
vn -0.7550 0.4911 -0.4345
vn -0.3918 -0.8920 -0.2255
vn -0.8255 0.3047 -0.4751
vn -0.2396 -0.9610 -0.1379
vn -0.8621 0.1033 -0.4961
vn -0.0806 0.9957 -0.0464
vn -0.0806 -0.9957 -0.0464
vn -0.8621 -0.1033 -0.4961
vn -0.2396 0.9610 -0.1379
vn -0.8255 -0.3047 -0.4751
vn -0.3918 0.8920 -0.2255
vn -0.7550 -0.4911 -0.4345
vn -0.5323 0.7892 -0.3063
vn -0.6553 -0.6545 -0.3771
vn -0.6553 0.6545 -0.3771
vn -0.5323 -0.7892 -0.3063
vn -0.7146 -0.3010 -0.6315
vn -0.3425 0.8895 -0.3026
vn -0.6549 -0.4860 -0.5787
vn -0.4641 0.7851 -0.4101
vn -0.5699 -0.6493 -0.5036
vn -0.5699 0.6493 -0.5036
vn -0.4641 -0.7851 -0.4101
vn -0.6549 0.4860 -0.5787
vn -0.3425 -0.8895 -0.3026
vn -0.7146 0.3010 -0.6315
vn -0.2098 -0.9600 -0.1854
vn -0.7455 0.1019 -0.6587
vn -0.0706 0.9956 -0.0624
vn -0.0707 -0.9955 -0.0624
vn -0.7455 -0.1019 -0.6587
vn -0.2098 0.9600 -0.1854
vn -0.2802 -0.8868 -0.3676
vn -0.5788 0.2970 -0.7594
vn -0.1720 -0.9589 -0.2256
vn -0.6031 0.1005 -0.7913
vn -0.0580 0.9954 -0.0760
vn -0.0579 -0.9954 -0.0760
vn -0.6031 -0.1005 -0.7913
vn -0.1720 0.9589 -0.2256
vn -0.5788 -0.2970 -0.7594
vn -0.2802 0.8868 -0.3676
vn -0.5316 -0.4807 -0.6974
vn -0.3788 0.7808 -0.4969
vn -0.4638 -0.6439 -0.6085
vn -0.4638 0.6439 -0.6085
vn -0.3788 -0.7808 -0.4969
vn -0.5316 0.4807 -0.6974
vn -0.2076 0.8843 -0.4182
vn -0.3911 -0.4759 -0.7878
vn -0.2800 0.7768 -0.5641
vn -0.3420 -0.6390 -0.6890
vn -0.3420 0.6390 -0.6890
vn -0.2800 -0.7768 -0.5641
vn -0.3911 0.4759 -0.7878
vn -0.2076 -0.8843 -0.4182
vn -0.4251 0.2935 -0.8562
vn -0.1277 -0.9579 -0.2571
vn -0.4425 0.0992 -0.8913
vn -0.0430 0.9953 -0.0867
vn -0.0431 -0.9953 -0.0867
vn -0.4425 -0.0992 -0.8913
vn -0.1276 0.9579 -0.2571
vn -0.4251 -0.2936 -0.8562
vn -0.2595 0.2910 -0.9209
vn -0.0785 -0.9571 -0.2788
vn -0.2699 0.0983 -0.9579
vn -0.0265 0.9952 -0.0941
vn -0.0265 -0.9952 -0.0941
vn -0.2699 -0.0983 -0.9579
vn -0.0785 0.9571 -0.2788
vn -0.2594 -0.2910 -0.9209
vn -0.1276 0.8824 -0.4528
vn -0.2390 -0.4723 -0.8484
vn -0.1718 0.7738 -0.6097
vn -0.2094 -0.6354 -0.7433
vn -0.2094 0.6354 -0.7433
vn -0.1718 -0.7738 -0.6097
vn -0.2390 0.4723 -0.8484
vn -0.1276 -0.8824 -0.4528
vn -0.0804 -0.4704 -0.8788
vn -0.0579 0.7722 -0.6327
vn -0.0705 -0.6334 -0.7706
vn -0.0705 0.6334 -0.7706
vn -0.0579 -0.7722 -0.6327
vn -0.0804 0.4704 -0.8788
vn -0.0430 -0.8814 -0.4704
vn -0.0872 0.2896 -0.9532
vn -0.0266 -0.9567 -0.2898
vn -0.0907 0.0978 -0.9911
vn -0.0090 0.9952 -0.0979
vn -0.0090 -0.9952 -0.0979
vn -0.0907 -0.0978 -0.9911
vn -0.0265 0.9567 -0.2898
vn -0.0872 -0.2896 -0.9532
vn -0.0430 0.8814 -0.4704
vn 0.0785 0.9571 -0.2788
vn 0.2595 -0.2910 -0.9209
vn 0.2594 0.2910 -0.9209
vn 0.1276 -0.9579 -0.2571
vn 0.1719 0.9589 -0.2256
vn 0.3424 -0.8895 -0.3026
vn 0.3424 0.8895 -0.3026
vn 0.6553 -0.6544 -0.3771
vn 0.6553 0.6544 -0.3771
vn 0.7154 -0.6584 -0.2337
vn 0.8259 0.4951 -0.2698
vn 0.7465 -0.6606 -0.0792
vn 0.9456 0.3093 -0.1003
vn 0.9457 -0.3093 -0.1003
vn 0.9457 -0.3093 0.1003
vn 0.7465 -0.6606 0.0792
vn 0.8627 0.4973 0.0915
vn 0.9456 0.3093 0.1003
vn 0.7154 -0.6584 0.2337
vn 0.8259 0.4951 0.2698
vn 0.8259 -0.4951 0.2697
vn 0.6553 -0.6544 0.3771
vn 0.6553 0.6544 0.3771
vn 0.3424 -0.8895 0.3026
vn 0.1719 0.9589 0.2256
vn 0.4251 0.2936 0.8562
vn 0.1276 -0.9579 0.2571
vn 0.2594 -0.2910 0.9209
vn 0.2594 0.2910 0.9209
vn 0.0430 -0.8814 0.4704
vn 0.0265 -0.9567 0.2898
vn -0.2594 0.2910 0.9209
vn -0.2594 -0.2910 0.9209
vn -0.1276 -0.9579 0.2571
vn -0.4251 -0.2936 0.8562
vn -0.1719 0.9589 0.2256
vn -0.6553 -0.6544 0.3771
vn -0.6553 0.6544 0.3771
vn -0.7154 -0.6584 0.2337
vn -0.8259 0.4951 0.2698
vn -0.8259 -0.4951 0.2698
vn -0.5799 0.7924 0.1894
vn -0.9457 -0.3093 0.1003
vn -0.7465 -0.6606 0.0792
vn -0.7465 0.6606 0.0792
vn -0.8627 0.4973 0.0915
vn -0.8627 0.4973 -0.0915
vn -0.7465 -0.6606 -0.0792
vn -0.8259 -0.4951 -0.2698
vn -0.7154 -0.6584 -0.2337
vn -0.6553 -0.6544 -0.3771
vn -0.6553 0.6544 -0.3771
vn -0.3424 -0.8895 -0.3026
vn -0.1719 0.9589 -0.2256
vn -0.1276 -0.9579 -0.2571
vn -0.4251 -0.2935 -0.8562
vn -0.2594 0.2910 -0.9209
vn -0.2595 -0.2910 -0.9209
vn -0.0265 -0.9567 -0.2898
vt 0.747399 0.722513
vt 0.752817 0.715687
vt 0.754049 0.721190
vt 0.708061 0.719186
vt 0.702202 0.711766
vt 0.709609 0.714105
vt 0.759512 0.714105
vt 0.761060 0.719186
vt 0.715072 0.721189
vt 0.716304 0.715687
vt 0.766919 0.711767
vt 0.768686 0.716265
vt 0.721722 0.722512
vt 0.722581 0.716717
vt 0.775599 0.708247
vt 0.777400 0.711943
vt 0.728174 0.723282
vt 0.728624 0.717302
vt 0.787123 0.702555
vt 0.788483 0.705124
vt 0.734560 0.723572
vt 0.734561 0.717485
vt 0.680639 0.705123
vt 0.668766 0.697348
vt 0.681999 0.702553
vt 0.800356 0.697350
vt 0.740497 0.717302
vt 0.740947 0.723283
vt 0.691722 0.711942
vt 0.693523 0.708246
vt 0.746540 0.716718
vt 0.700436 0.716263
vt 0.683150 0.699906
vt 0.695034 0.704581
vt 0.745842 0.711281
vt 0.703672 0.707408
vt 0.751807 0.710489
vt 0.710887 0.709255
vt 0.758235 0.709256
vt 0.717314 0.710488
vt 0.765450 0.707409
vt 0.723279 0.711280
vt 0.774088 0.704583
vt 0.728980 0.711721
vt 0.785972 0.699908
vt 0.734561 0.711850
vt 0.669464 0.695953
vt 0.799658 0.695955
vt 0.740141 0.711721
vt 0.718134 0.705560
vt 0.723842 0.706159
vt 0.772841 0.700964
vt 0.729267 0.706486
vt 0.785020 0.697214
vt 0.734561 0.706578
vt 0.670066 0.694392
vt 0.684102 0.697212
vt 0.799056 0.694394
vt 0.739855 0.706486
vt 0.696281 0.700962
vt 0.745279 0.706159
vt 0.704877 0.703186
vt 0.750987 0.705561
vt 0.711929 0.704617
vt 0.757193 0.704618
vt 0.764245 0.703187
vt 0.744833 0.701306
vt 0.697280 0.697395
vt 0.705839 0.699091
vt 0.750336 0.700867
vt 0.712759 0.700167
vt 0.756363 0.700167
vt 0.718786 0.700867
vt 0.763283 0.699091
vt 0.724289 0.701305
vt 0.771842 0.697397
vt 0.729493 0.701541
vt 0.784264 0.694493
vt 0.734561 0.701604
vt 0.670562 0.692703
vt 0.684858 0.694492
vt 0.798560 0.692706
vt 0.739628 0.701541
vt 0.771081 0.693880
vt 0.724630 0.696671
vt 0.729667 0.696832
vt 0.783701 0.691762
vt 0.734561 0.696870
vt 0.670941 0.690919
vt 0.685421 0.691761
vt 0.798181 0.690921
vt 0.739455 0.696832
vt 0.698041 0.693879
vt 0.744492 0.696671
vt 0.706572 0.695104
vt 0.749839 0.696366
vt 0.713392 0.695872
vt 0.755730 0.695873
vt 0.719282 0.696366
vt 0.762550 0.695105
vt 0.749489 0.692013
vt 0.707085 0.691204
vt 0.713836 0.691698
vt 0.755286 0.691699
vt 0.719633 0.692012
vt 0.762037 0.691205
vt 0.724872 0.692204
vt 0.770553 0.690408
vt 0.729790 0.692303
vt 0.783335 0.689028
vt 0.734561 0.692322
vt 0.671191 0.689065
vt 0.685787 0.689027
vt 0.797931 0.689067
vt 0.739332 0.692303
vt 0.698569 0.690407
vt 0.744250 0.692205
vt 0.783166 0.686292
vt 0.729868 0.687895
vt 0.734561 0.687899
vt 0.671299 0.687162
vt 0.685957 0.686290
vt 0.797824 0.687164
vt 0.739254 0.687895
vt 0.698867 0.686968
vt 0.744102 0.687850
vt 0.707381 0.687363
vt 0.749279 0.687758
vt 0.714098 0.687605
vt 0.755025 0.687606
vt 0.719843 0.687758
vt 0.761741 0.687364
vt 0.725020 0.687850
vt 0.770255 0.686969
vt 0.707463 0.683549
vt 0.714179 0.683549
vt 0.754944 0.683550
vt 0.719916 0.683549
vt 0.761659 0.683550
vt 0.725078 0.683549
vt 0.770185 0.683550
vt 0.729905 0.683549
vt 0.783195 0.683550
vt 0.734561 0.683549
vt 0.671251 0.685221
vt 0.685927 0.683549
vt 0.797871 0.685223
vt 0.739217 0.683549
vt 0.698937 0.683549
vt 0.744044 0.683549
vt 0.749206 0.683549
vt 0.734561 0.679199
vt 0.671251 0.681877
vt 0.685956 0.680807
vt 0.797871 0.681879
vt 0.783166 0.680809
vt 0.739254 0.679203
vt 0.698868 0.680129
vt 0.744103 0.679249
vt 0.707381 0.679735
vt 0.749279 0.679341
vt 0.714098 0.679493
vt 0.755025 0.679493
vt 0.719843 0.679340
vt 0.761741 0.679736
vt 0.725020 0.679248
vt 0.770255 0.680130
vt 0.729868 0.679203
vt 0.749489 0.675086
vt 0.755286 0.675400
vt 0.719633 0.675085
vt 0.762038 0.675894
vt 0.724872 0.674893
vt 0.770553 0.676691
vt 0.729791 0.674795
vt 0.783335 0.678072
vt 0.734561 0.674777
vt 0.671298 0.679936
vt 0.685787 0.678071
vt 0.797824 0.679938
vt 0.739332 0.674796
vt 0.698569 0.676690
vt 0.744251 0.674894
vt 0.707085 0.675893
vt 0.713836 0.675399
vt 0.671191 0.678033
vt 0.685421 0.675336
vt 0.797932 0.678035
vt 0.783702 0.675338
vt 0.734561 0.670228
vt 0.739456 0.670266
vt 0.698041 0.673218
vt 0.744493 0.670427
vt 0.706572 0.671993
vt 0.749840 0.670732
vt 0.713392 0.671226
vt 0.755731 0.671226
vt 0.719283 0.670732
vt 0.762550 0.671994
vt 0.724630 0.670427
vt 0.771082 0.673219
vt 0.729667 0.670266
vt 0.718786 0.666231
vt 0.756364 0.666932
vt 0.763284 0.668008
vt 0.724290 0.665792
vt 0.771843 0.669703
vt 0.729494 0.665557
vt 0.784265 0.672607
vt 0.734562 0.665495
vt 0.670941 0.676179
vt 0.684858 0.672605
vt 0.798182 0.676181
vt 0.739629 0.665557
vt 0.697280 0.669702
vt 0.744834 0.665793
vt 0.705839 0.668007
vt 0.750337 0.666232
vt 0.712759 0.666931
vt 0.734562 0.660520
vt 0.739856 0.660612
vt 0.696281 0.666135
vt 0.745280 0.660939
vt 0.704877 0.663911
vt 0.750988 0.661538
vt 0.711929 0.662480
vt 0.757194 0.662481
vt 0.718135 0.661537
vt 0.764246 0.663912
vt 0.723843 0.660939
vt 0.772842 0.666136
vt 0.729267 0.660612
vt 0.785021 0.669887
vt 0.670562 0.674394
vt 0.684102 0.669885
vt 0.798561 0.674396
vt 0.758236 0.657843
vt 0.765451 0.659690
vt 0.723280 0.655817
vt 0.774089 0.662517
vt 0.728981 0.655377
vt 0.785973 0.667193
vt 0.734562 0.655248
vt 0.670065 0.672705
vt 0.683150 0.667191
vt 0.799057 0.672707
vt 0.740142 0.655377
vt 0.695034 0.662516
vt 0.745844 0.655818
vt 0.703672 0.659689
vt 0.751808 0.656610
vt 0.710887 0.657842
vt 0.717315 0.656610
vt 0.740499 0.649796
vt 0.746541 0.650381
vt 0.702203 0.655331
vt 0.752818 0.651412
vt 0.709610 0.652993
vt 0.759514 0.652993
vt 0.716305 0.651411
vt 0.766920 0.655332
vt 0.722582 0.650380
vt 0.775600 0.658853
vt 0.728625 0.649796
vt 0.787124 0.664546
vt 0.734562 0.649613
vt 0.669463 0.671145
vt 0.681999 0.664544
vt 0.799659 0.671147
vt 0.693523 0.658852
vt 0.768687 0.650835
vt 0.777402 0.655156
vt 0.728175 0.643815
vt 0.788485 0.661976
vt 0.734562 0.643526
vt 0.668764 0.669749
vt 0.680638 0.661974
vt 0.800359 0.669751
vt 0.740948 0.643815
vt 0.691722 0.655155
vt 0.747401 0.644586
vt 0.700436 0.650834
vt 0.754051 0.645909
vt 0.708061 0.647912
vt 0.761062 0.647912
vt 0.715073 0.645908
vt 0.721723 0.644585
vt 0.689509 0.651499
vt 0.698266 0.646227
vt 0.755536 0.640065
vt 0.706172 0.642589
vt 0.762952 0.642590
vt 0.713587 0.640064
vt 0.770858 0.646228
vt 0.720709 0.638384
vt 0.779615 0.651501
vt 0.727666 0.637409
vt 0.790239 0.659618
vt 0.734562 0.637068
vt 0.668384 0.669433
vt 0.678884 0.659616
vt 0.800739 0.669435
vt 0.741457 0.637409
vt 0.748415 0.638385
vt 0.719457 0.631701
vt 0.727032 0.630467
vt 0.792220 0.657378
vt 0.734562 0.630042
vt 0.667195 0.668494
vt 0.676903 0.657376
vt 0.801928 0.668497
vt 0.742092 0.630467
vt 0.686926 0.647880
vt 0.749667 0.631701
vt 0.695673 0.641496
vt 0.757357 0.633824
vt 0.703880 0.636992
vt 0.765244 0.636992
vt 0.711767 0.633823
vt 0.773451 0.641497
vt 0.782198 0.647882
vt 0.759603 0.627131
vt 0.692563 0.636667
vt 0.701082 0.631103
vt 0.768042 0.631104
vt 0.709521 0.627130
vt 0.776561 0.636669
vt 0.717900 0.624449
vt 0.785209 0.644354
vt 0.726238 0.622886
vt 0.794428 0.655303
vt 0.734562 0.622350
vt 0.665960 0.667719
vt 0.674695 0.655301
vt 0.803163 0.667721
vt 0.742886 0.622886
vt 0.683915 0.644352
vt 0.751225 0.624450
vt 0.796867 0.653450
vt 0.725235 0.614524
vt 0.734562 0.613844
vt 0.664725 0.667141
vt 0.672257 0.653448
vt 0.804398 0.667143
vt 0.743889 0.614525
vt 0.680406 0.640991
vt 0.753184 0.616514
vt 0.688813 0.631787
vt 0.762408 0.619916
vt 0.697634 0.624912
vt 0.771490 0.624913
vt 0.706716 0.619915
vt 0.780311 0.631789
vt 0.715940 0.616514
vt 0.788717 0.640993
vt 0.684262 0.626926
vt 0.693334 0.618408
vt 0.775790 0.618409
vt 0.703162 0.612082
vt 0.784863 0.626928
vt 0.713438 0.607732
vt 0.792799 0.637906
vt 0.723950 0.605182
vt 0.799534 0.651887
vt 0.734562 0.604313
vt 0.663546 0.666787
vt 0.669589 0.651885
vt 0.805577 0.666790
vt 0.745175 0.605183
vt 0.676325 0.637904
vt 0.755687 0.607733
vt 0.765963 0.612083
vt 0.722279 0.594571
vt 0.734563 0.593460
vt 0.662486 0.666672
vt 0.666704 0.650686
vt 0.806636 0.666674
vt 0.802420 0.650688
vt 0.746846 0.594572
vt 0.671591 0.635236
vt 0.758939 0.597871
vt 0.678703 0.622201
vt 0.770544 0.603503
vt 0.687900 0.611596
vt 0.781225 0.611597
vt 0.698582 0.603502
vt 0.790421 0.622202
vt 0.710186 0.597870
vt 0.797533 0.635238
vt 0.788196 0.604515
vt 0.680929 0.604513
vt 0.692558 0.594000
vt 0.797247 0.617805
vt 0.705876 0.586583
vt 0.802989 0.633190
vt 0.720080 0.582271
vt 0.805497 0.649936
vt 0.734563 0.580874
vt 0.661623 0.666783
vt 0.663627 0.649934
vt 0.807500 0.666785
vt 0.749046 0.582271
vt 0.666135 0.633188
vt 0.763249 0.586584
vt 0.671877 0.617803
vt 0.776567 0.594002
vt 0.808081 0.667071
vt 0.808712 0.649723
vt 0.751971 0.567647
vt 0.660411 0.649721
vt 0.659916 0.632037
vt 0.769113 0.573345
vt 0.663471 0.614061
vt 0.784693 0.583363
vt 0.671836 0.597291
vt 0.797290 0.597293
vt 0.684433 0.583361
vt 0.805654 0.614063
vt 0.700013 0.573344
vt 0.809208 0.632039
vt 0.717155 0.567647
vt 0.734563 0.566098
vt 0.661042 0.667069
vt 0.805650 0.753036
vt 0.788192 0.762584
vt 0.797244 0.749295
vt 0.684430 0.783734
vt 0.705874 0.780513
vt 0.700010 0.793752
vt 0.809205 0.735061
vt 0.802986 0.733910
vt 0.720077 0.784825
vt 0.717152 0.799449
vt 0.808710 0.717378
vt 0.805494 0.717164
vt 0.734559 0.786222
vt 0.734559 0.800999
vt 0.660412 0.717375
vt 0.661043 0.700028
vt 0.663627 0.717162
vt 0.808079 0.700030
vt 0.751967 0.799450
vt 0.749042 0.784826
vt 0.666135 0.733908
vt 0.659916 0.735059
vt 0.769109 0.793753
vt 0.763245 0.780514
vt 0.671876 0.749293
vt 0.663471 0.753034
vt 0.784689 0.783736
vt 0.776563 0.773097
vt 0.680927 0.762582
vt 0.671834 0.769804
vt 0.797285 0.769806
vt 0.692556 0.773095
vt 0.671591 0.731860
vt 0.746843 0.772525
vt 0.758936 0.769227
vt 0.678702 0.744895
vt 0.770540 0.763595
vt 0.687899 0.755500
vt 0.781221 0.755502
vt 0.698580 0.763594
vt 0.790418 0.744897
vt 0.710184 0.769226
vt 0.797530 0.731862
vt 0.722276 0.772525
vt 0.802417 0.716413
vt 0.734560 0.773637
vt 0.661624 0.700314
vt 0.666704 0.716411
vt 0.807498 0.700316
vt 0.713436 0.759365
vt 0.784860 0.740172
vt 0.792796 0.729194
vt 0.723948 0.761914
vt 0.799531 0.715214
vt 0.734560 0.762784
vt 0.662487 0.700424
vt 0.669590 0.715211
vt 0.806634 0.700427
vt 0.745172 0.761915
vt 0.676324 0.729192
vt 0.755684 0.759365
vt 0.684261 0.740170
vt 0.765960 0.755015
vt 0.693333 0.748688
vt 0.775787 0.748690
vt 0.703160 0.755014
vt 0.743887 0.752573
vt 0.753182 0.750584
vt 0.688812 0.735309
vt 0.762406 0.747182
vt 0.697633 0.742185
vt 0.771488 0.742186
vt 0.706715 0.747181
vt 0.780308 0.735311
vt 0.715939 0.750583
vt 0.788715 0.726107
vt 0.725233 0.752573
vt 0.796865 0.713650
vt 0.734560 0.753253
vt 0.663547 0.700309
vt 0.672257 0.713648
vt 0.805575 0.700311
vt 0.680406 0.726105
vt 0.776558 0.730430
vt 0.785207 0.722746
vt 0.726237 0.744211
vt 0.794426 0.711798
vt 0.734560 0.744748
vt 0.664726 0.699956
vt 0.674695 0.711796
vt 0.804396 0.699958
vt 0.742884 0.744212
vt 0.683914 0.722744
vt 0.751222 0.742648
vt 0.692562 0.730429
vt 0.759601 0.739967
vt 0.701081 0.735993
vt 0.768040 0.735995
vt 0.709520 0.739967
vt 0.717898 0.742648
vt 0.695672 0.725601
vt 0.749665 0.735397
vt 0.757354 0.733275
vt 0.703879 0.730105
vt 0.765242 0.730106
vt 0.711766 0.733274
vt 0.773449 0.725602
vt 0.719455 0.735396
vt 0.782196 0.719218
vt 0.727031 0.736631
vt 0.792218 0.709723
vt 0.734560 0.737056
vt 0.665960 0.699378
vt 0.676904 0.709721
vt 0.803161 0.699380
vt 0.742090 0.736631
vt 0.686926 0.719216
vt 0.727665 0.729689
vt 0.779613 0.715599
vt 0.790237 0.707482
vt 0.734560 0.730030
vt 0.667196 0.698602
vt 0.678884 0.707480
vt 0.801926 0.698605
vt 0.741456 0.729689
vt 0.689508 0.715598
vt 0.748413 0.728714
vt 0.698265 0.720870
vt 0.755535 0.727034
vt 0.706171 0.724507
vt 0.762950 0.724509
vt 0.713586 0.727033
vt 0.770856 0.720871
vt 0.720708 0.728713
vt 0.668385 0.697664
vt 0.800737 0.697666
s 0
usemtl マテリアル
f 1924/1678/1696 1463/1679/1696 1452/1680/1696
f 1922/1681/1697 1455/1682/1697 1456/1683/1697
f 1452/1680/1698 1464/1684/1698 1925/1685/1698
f 1448/1686/1699 1456/1683/1699 1457/1687/1699
f 1925/1685/1700 1465/1688/1700 1926/1689/1700
f 1923/1690/1701 1457/1687/1701 1458/1691/1701
f 1926/1689/1702 1466/1692/1702 1927/1693/1702
f 1449/1694/1703 1458/1691/1703 1459/1695/1703
f 1927/1693/1704 1467/1696/1704 1928/1697/1704
f 1450/1698/1705 1459/1695/1705 1460/1699/1705
f 1920/1700/1706 1528/1701/1706 1453/1702/1706
f 1754/1703/1707 1928/1697/1707 1467/1696/1707
f 1450/1698/1708 1461/1704/1708 1451/1705/1708
f 1921/1706/1709 1453/1702/1709 1454/1707/1709
f 1451/1705/1710 1462/1708/1710 1924/1678/1710
f 1447/1709/1711 1454/1707/1711 1455/1682/1711
f 1454/1707/1712 1468/1710/1712 1469/1711/1712
f 1461/1704/1713 1477/1712/1713 1462/1708/1713
f 1455/1682/1714 1469/1711/1714 1470/1713/1714
f 1462/1708/1715 1478/1714/1715 1463/1679/1715
f 1456/1683/1716 1470/1713/1716 1471/1715/1716
f 1463/1679/1717 1479/1716/1717 1464/1684/1717
f 1457/1687/1718 1471/1715/1718 1472/1717/1718
f 1464/1684/1719 1480/1718/1719 1465/1688/1719
f 1458/1691/1720 1472/1717/1720 1473/1719/1720
f 1465/1688/1721 1481/1720/1721 1466/1692/1721
f 1459/1695/1722 1473/1719/1722 1474/1721/1722
f 1466/1692/1723 1482/1722/1723 1467/1696/1723
f 1460/1699/1724 1474/1721/1724 1475/1723/1724
f 1453/1702/1725 1528/1724/1725 1468/1710/1725
f 1754/1725/1726 1467/1696/1726 1482/1722/1726
f 1460/1699/1727 1476/1726/1727 1461/1704/1727
f 1473/1719/1728 1487/1727/1728 1488/1728/1728
f 1480/1718/1729 1496/1729/1729 1481/1720/1729
f 1474/1721/1730 1488/1728/1730 1489/1730/1730
f 1481/1720/1731 1497/1731/1731 1482/1722/1731
f 1475/1723/1732 1489/1730/1732 1490/1732/1732
f 1468/1710/1733 1528/1733/1733 1483/1734/1733
f 1754/1735/1734 1482/1722/1734 1497/1731/1734
f 1475/1723/1735 1491/1736/1735 1476/1726/1735
f 1469/1711/1736 1483/1734/1736 1484/1737/1736
f 1476/1726/1737 1492/1738/1737 1477/1712/1737
f 1470/1713/1738 1484/1737/1738 1485/1739/1738
f 1477/1712/1739 1493/1740/1739 1478/1714/1739
f 1471/1715/1740 1485/1739/1740 1486/1741/1740
f 1478/1714/1741 1494/1742/1741 1479/1716/1741
f 1472/1717/1742 1486/1741/1742 1487/1727/1742
f 1479/1716/1743 1495/1743/1743 1480/1718/1743
f 1491/1736/1744 1507/1744/1744 1492/1738/1744
f 1485/1739/1745 1499/1745/1745 1500/1746/1745
f 1492/1738/1746 1508/1747/1746 1493/1740/1746
f 1486/1741/1747 1500/1746/1747 1501/1748/1747
f 1493/1740/1748 1509/1749/1748 1494/1742/1748
f 1487/1727/1749 1501/1748/1749 1502/1750/1749
f 1494/1742/1750 1510/1751/1750 1495/1743/1750
f 1488/1728/1751 1502/1750/1751 1503/1752/1751
f 1495/1743/1752 1511/1753/1752 1496/1729/1752
f 1489/1730/1753 1503/1752/1753 1504/1754/1753
f 1496/1729/1754 1512/1755/1754 1497/1731/1754
f 1490/1732/1755 1504/1754/1755 1505/1756/1755
f 1483/1734/1756 1528/1757/1756 1498/1758/1756
f 1754/1759/1757 1497/1731/1757 1512/1755/1757
f 1490/1732/1758 1506/1760/1758 1491/1736/1758
f 1484/1737/1759 1498/1758/1759 1499/1745/1759
f 1510/1751/1760 1526/1761/1760 1511/1753/1760
f 1504/1754/1761 1518/1762/1761 1519/1763/1761
f 1511/1753/1762 1527/1764/1762 1512/1755/1762
f 1505/1756/1763 1519/1763/1763 1520/1765/1763
f 1498/1758/1764 1528/1766/1764 1513/1767/1764
f 1754/1768/1765 1512/1755/1765 1527/1764/1765
f 1505/1756/1766 1521/1769/1766 1506/1760/1766
f 1499/1745/1767 1513/1767/1767 1514/1770/1767
f 1506/1760/1768 1522/1771/1768 1507/1744/1768
f 1500/1746/1769 1514/1770/1769 1515/1772/1769
f 1507/1744/1770 1523/1773/1770 1508/1747/1770
f 1501/1748/1771 1515/1772/1771 1516/1774/1771
f 1508/1747/1772 1524/1775/1772 1509/1749/1772
f 1502/1750/1773 1516/1774/1773 1517/1776/1773
f 1509/1749/1774 1525/1777/1774 1510/1751/1774
f 1503/1752/1775 1517/1776/1775 1518/1762/1775
f 1522/1771/1776 1539/1778/1776 1523/1773/1776
f 1516/1774/1777 1531/1779/1777 1532/1780/1777
f 1523/1773/1778 1540/1781/1778 1524/1775/1778
f 1517/1776/1779 1532/1780/1779 1533/1782/1779
f 1524/1775/1780 1541/1783/1780 1525/1777/1780
f 1518/1762/1781 1533/1782/1781 1534/1784/1781
f 1525/1777/1782 1542/1785/1782 1526/1761/1782
f 1519/1763/1783 1534/1784/1783 1535/1786/1783
f 1526/1761/1784 1543/1787/1784 1527/1764/1784
f 1520/1765/1785 1535/1786/1785 1536/1788/1785
f 1513/1767/1786 1528/1789/1786 1529/1790/1786
f 1754/1791/1787 1527/1764/1787 1543/1787/1787
f 1520/1765/1788 1537/1792/1788 1521/1769/1788
f 1514/1770/1789 1529/1790/1789 1530/1793/1789
f 1521/1769/1790 1538/1794/1790 1522/1771/1790
f 1515/1772/1791 1530/1793/1791 1531/1779/1791
f 1542/1785/1792 1558/1795/1792 1543/1787/1792
f 1536/1788/1793 1550/1796/1793 1551/1797/1793
f 1529/1790/1794 1528/1798/1794 1544/1799/1794
f 1754/1800/1795 1543/1787/1795 1558/1795/1795
f 1536/1788/1796 1552/1801/1796 1537/1792/1796
f 1530/1793/1797 1544/1799/1797 1545/1802/1797
f 1537/1792/1798 1553/1803/1798 1538/1794/1798
f 1531/1779/1799 1545/1802/1799 1546/1804/1799
f 1538/1794/1800 1554/1805/1800 1539/1778/1800
f 1532/1780/1801 1546/1804/1801 1547/1806/1801
f 1539/1778/1802 1555/1807/1802 1540/1781/1802
f 1533/1782/1803 1547/1806/1803 1548/1808/1803
f 1540/1781/1804 1556/1809/1804 1541/1783/1804
f 1534/1784/1805 1548/1808/1805 1549/1810/1805
f 1541/1783/1806 1557/1811/1806 1542/1785/1806
f 1535/1786/1807 1549/1810/1807 1550/1796/1807
f 1547/1806/1808 1561/1812/1808 1562/1813/1808
f 1554/1805/1809 1570/1814/1809 1555/1807/1809
f 1548/1808/1810 1562/1813/1810 1563/1815/1810
f 1555/1807/1811 1571/1816/1811 1556/1809/1811
f 1549/1810/1812 1563/1815/1812 1564/1817/1812
f 1556/1809/1813 1572/1818/1813 1557/1811/1813
f 1550/1796/1814 1564/1817/1814 1565/1819/1814
f 1557/1811/1815 1573/1820/1815 1558/1795/1815
f 1551/1797/1816 1565/1819/1816 1566/1821/1816
f 1544/1799/1817 1528/1822/1817 1559/1823/1817
f 1754/1824/1818 1558/1795/1818 1573/1820/1818
f 1551/1797/1819 1567/1825/1819 1552/1801/1819
f 1545/1802/1820 1559/1823/1820 1560/1826/1820
f 1552/1801/1821 1568/1827/1821 1553/1803/1821
f 1546/1804/1822 1560/1826/1822 1561/1812/1822
f 1553/1803/1823 1569/1828/1823 1554/1805/1823
f 1565/1819/1824 1581/1829/1824 1566/1821/1824
f 1559/1823/1825 1528/1830/1825 1574/1831/1825
f 1754/1832/1826 1573/1820/1826 1588/1833/1826
f 1567/1825/1827 1581/1829/1827 1582/1834/1827
f 1559/1823/1828 1575/1835/1828 1560/1826/1828
f 1568/1827/1829 1582/1834/1829 1583/1836/1829
f 1560/1826/1830 1576/1837/1830 1561/1812/1830
f 1569/1828/1831 1583/1836/1831 1584/1838/1831
f 1561/1812/1832 1577/1839/1832 1562/1813/1832
f 1570/1814/1833 1584/1838/1833 1585/1840/1833
f 1562/1813/1834 1578/1841/1834 1563/1815/1834
f 1571/1816/1835 1585/1840/1835 1586/1842/1835
f 1563/1815/1836 1579/1843/1836 1564/1817/1836
f 1572/1818/1837 1586/1842/1837 1587/1844/1837
f 1564/1817/1838 1580/1845/1838 1565/1819/1838
f 1573/1820/1839 1587/1844/1839 1588/1833/1839
f 1585/1840/1840 1599/1846/1840 1600/1847/1840
f 1577/1839/1841 1593/1848/1841 1578/1841/1841
f 1586/1842/1842 1600/1847/1842 1601/1849/1842
f 1578/1841/1843 1594/1850/1843 1579/1843/1843
f 1587/1844/1844 1601/1849/1844 1602/1851/1844
f 1579/1843/1845 1595/1852/1845 1580/1845/1845
f 1588/1833/1846 1602/1851/1846 1603/1853/1846
f 1580/1845/1847 1596/1854/1847 1581/1829/1847
f 1574/1831/1848 1528/1855/1848 1589/1856/1848
f 1754/1857/1849 1588/1833/1849 1603/1853/1849
f 1582/1834/1850 1596/1854/1850 1597/1858/1850
f 1574/1831/1851 1590/1859/1851 1575/1835/1851
f 1583/1836/1852 1597/1858/1852 1598/1860/1852
f 1575/1835/1853 1591/1861/1853 1576/1837/1853
f 1584/1838/1854 1598/1860/1854 1599/1846/1854
f 1576/1837/1855 1592/1862/1855 1577/1839/1855
f 1589/1856/1856 1528/1863/1856 1604/1864/1856
f 1754/1865/1857 1603/1853/1857 1618/1866/1857
f 1597/1858/1858 1611/1867/1858 1612/1868/1858
f 1589/1856/1859 1605/1869/1859 1590/1859/1859
f 1598/1860/1860 1612/1868/1860 1613/1870/1860
f 1590/1859/1861 1606/1871/1861 1591/1861/1861
f 1599/1846/1862 1613/1870/1862 1614/1872/1862
f 1591/1861/1863 1607/1873/1863 1592/1862/1863
f 1600/1847/1864 1614/1872/1864 1615/1874/1864
f 1592/1862/1865 1608/1875/1865 1593/1848/1865
f 1601/1849/1866 1615/1874/1866 1616/1876/1866
f 1593/1848/1867 1609/1877/1867 1594/1850/1867
f 1602/1851/1868 1616/1876/1868 1617/1878/1868
f 1594/1850/1869 1610/1879/1869 1595/1852/1869
f 1603/1853/1870 1617/1878/1870 1618/1866/1870
f 1595/1852/1871 1611/1867/1871 1596/1854/1871
f 1607/1873/1872 1623/1880/1872 1608/1875/1872
f 1616/1876/1873 1630/1881/1873 1631/1882/1873
f 1608/1875/1874 1624/1883/1874 1609/1877/1874
f 1617/1878/1875 1631/1882/1875 1632/1884/1875
f 1609/1877/1876 1625/1885/1876 1610/1879/1876
f 1618/1866/1877 1632/1884/1877 1633/1886/1877
f 1610/1879/1878 1626/1887/1878 1611/1867/1878
f 1604/1864/1879 1528/1888/1879 1619/1889/1879
f 1754/1890/1880 1618/1866/1880 1633/1886/1880
f 1612/1868/1881 1626/1887/1881 1627/1891/1881
f 1604/1864/1882 1620/1892/1882 1605/1869/1882
f 1613/1870/1883 1627/1891/1883 1628/1893/1883
f 1605/1869/1884 1621/1894/1884 1606/1871/1884
f 1614/1872/1885 1628/1893/1885 1629/1895/1885
f 1606/1871/1886 1622/1896/1886 1607/1873/1886
f 1615/1874/1887 1629/1895/1887 1630/1881/1887
f 1627/1891/1888 1641/1897/1888 1642/1898/1888
f 1619/1889/1889 1635/1899/1889 1620/1892/1889
f 1628/1893/1890 1642/1898/1890 1643/1900/1890
f 1620/1892/1891 1636/1901/1891 1621/1894/1891
f 1629/1895/1892 1643/1900/1892 1644/1902/1892
f 1621/1894/1893 1637/1903/1893 1622/1896/1893
f 1630/1881/1894 1644/1902/1894 1645/1904/1894
f 1622/1896/1895 1638/1905/1895 1623/1880/1895
f 1631/1882/1896 1645/1904/1896 1646/1906/1896
f 1623/1880/1897 1639/1907/1897 1624/1883/1897
f 1632/1884/1898 1646/1906/1898 1647/1908/1898
f 1624/1883/1899 1640/1909/1899 1625/1885/1899
f 1633/1886/1900 1647/1908/1900 1648/1910/1900
f 1625/1885/1901 1641/1897/1901 1626/1887/1901
f 1619/1889/1902 1528/1911/1902 1634/1912/1902
f 1754/1913/1903 1633/1886/1903 1648/1910/1903
f 1646/1906/1904 1660/1914/1904 1661/1915/1904
f 1638/1905/1905 1654/1916/1905 1639/1907/1905
f 1647/1908/1906 1661/1915/1906 1662/1917/1906
f 1639/1907/1907 1655/1918/1907 1640/1909/1907
f 1648/1910/1908 1662/1917/1908 1663/1919/1908
f 1640/1909/1909 1656/1920/1909 1641/1897/1909
f 1634/1912/1910 1528/1921/1910 1649/1922/1910
f 1754/1923/1911 1648/1910/1911 1663/1919/1911
f 1642/1898/1912 1656/1920/1912 1657/1924/1912
f 1634/1912/1913 1650/1925/1913 1635/1899/1913
f 1643/1900/1914 1657/1924/1914 1658/1926/1914
f 1635/1899/1915 1651/1927/1915 1636/1901/1915
f 1644/1902/1916 1658/1926/1916 1659/1928/1916
f 1636/1901/1917 1652/1929/1917 1637/1903/1917
f 1645/1904/1918 1659/1928/1918 1660/1914/1918
f 1637/1903/1919 1653/1930/1919 1638/1905/1919
f 1658/1926/1920 1672/1931/1920 1673/1932/1920
f 1650/1925/1921 1666/1933/1921 1651/1927/1921
f 1659/1928/1922 1673/1932/1922 1674/1934/1922
f 1651/1927/1923 1667/1935/1923 1652/1929/1923
f 1660/1914/1924 1674/1934/1924 1675/1936/1924
f 1652/1929/1925 1668/1937/1925 1653/1930/1925
f 1661/1915/1926 1675/1936/1926 1676/1938/1926
f 1653/1930/1927 1669/1939/1927 1654/1916/1927
f 1662/1917/1928 1676/1938/1928 1677/1940/1928
f 1654/1916/1929 1670/1941/1929 1655/1918/1929
f 1663/1919/1930 1677/1940/1930 1678/1942/1930
f 1655/1918/1931 1671/1943/1931 1656/1920/1931
f 1649/1922/1932 1528/1944/1932 1664/1945/1932
f 1754/1946/1933 1663/1919/1933 1678/1942/1933
f 1657/1924/1934 1671/1943/1934 1672/1931/1934
f 1649/1922/1935 1665/1947/1935 1650/1925/1935
f 1677/1940/1936 1691/1948/1936 1692/1949/1936
f 1669/1939/1937 1685/1950/1937 1670/1941/1937
f 1678/1942/1938 1692/1949/1938 1693/1951/1938
f 1670/1941/1939 1686/1952/1939 1671/1943/1939
f 1664/1945/1940 1528/1953/1940 1679/1954/1940
f 1754/1955/1941 1678/1942/1941 1693/1951/1941
f 1672/1931/1942 1686/1952/1942 1687/1956/1942
f 1664/1945/1943 1680/1957/1943 1665/1947/1943
f 1673/1932/1944 1687/1956/1944 1688/1958/1944
f 1665/1947/1945 1681/1959/1945 1666/1933/1945
f 1674/1934/1946 1688/1958/1946 1689/1960/1946
f 1666/1933/1947 1682/1961/1947 1667/1935/1947
f 1675/1936/1948 1689/1960/1948 1690/1962/1948
f 1667/1935/1949 1683/1963/1949 1668/1937/1949
f 1676/1938/1950 1690/1962/1950 1691/1948/1950
f 1668/1937/1951 1684/1964/1951 1669/1939/1951
f 1681/1959/1952 1695/1965/1952 1696/1966/1952
f 1688/1958/1953 1704/1967/1953 1689/1960/1953
f 1682/1961/1954 1696/1966/1954 1697/1968/1954
f 1689/1960/1955 1705/1969/1955 1690/1962/1955
f 1683/1963/1956 1697/1968/1956 1698/1970/1956
f 1690/1962/1957 1706/1971/1957 1691/1948/1957
f 1684/1964/1958 1698/1970/1958 1699/1972/1958
f 1691/1948/1959 1707/1973/1959 1692/1949/1959
f 1685/1950/1960 1699/1972/1960 1700/1974/1960
f 1692/1949/1961 1708/1975/1961 1693/1951/1961
f 1686/1952/1962 1700/1974/1962 1701/1976/1962
f 1679/1954/1963 1528/1977/1963 1694/1978/1963
f 1754/1979/1964 1693/1951/1964 1708/1975/1964
f 1686/1952/1965 1702/1980/1965 1687/1956/1965
f 1680/1957/1966 1694/1978/1966 1695/1965/1966
f 1687/1956/1967 1703/1981/1967 1688/1958/1967
f 1700/1974/1968 1714/1982/1968 1715/1983/1968
f 1707/1973/1969 1723/1984/1969 1708/1975/1969
f 1701/1976/1970 1715/1983/1970 1716/1985/1970
f 1694/1978/1971 1528/1986/1971 1709/1987/1971
f 1754/1988/1972 1708/1975/1972 1723/1984/1972
f 1701/1976/1973 1717/1989/1973 1702/1980/1973
f 1695/1965/1974 1709/1987/1974 1710/1990/1974
f 1702/1980/1975 1718/1991/1975 1703/1981/1975
f 1696/1966/1976 1710/1990/1976 1711/1992/1976
f 1703/1981/1977 1719/1993/1977 1704/1967/1977
f 1697/1968/1978 1711/1992/1978 1712/1994/1978
f 1704/1967/1979 1720/1995/1979 1705/1969/1979
f 1698/1970/1980 1712/1994/1980 1713/1996/1980
f 1705/1969/1981 1721/1997/1981 1706/1971/1981
f 1699/1972/1982 1713/1996/1982 1714/1982/1982
f 1706/1971/1983 1722/1998/1983 1707/1973/1983
f 1718/1991/1984 1734/1999/1984 1719/1993/1984
f 1712/1994/1985 1726/2000/1985 1727/2001/1985
f 1719/1993/1986 1735/2002/1986 1720/1995/1986
f 1713/1996/1987 1727/2001/1987 1728/2003/1987
f 1720/1995/1988 1736/2004/1988 1721/1997/1988
f 1714/1982/1989 1728/2003/1989 1729/2005/1989
f 1721/1997/1990 1737/2006/1990 1722/1998/1990
f 1715/1983/1991 1729/2005/1991 1730/2007/1991
f 1722/1998/1992 1738/2008/1992 1723/1984/1992
f 1716/1985/1993 1730/2007/1993 1731/2009/1993
f 1709/1987/1994 1528/2010/1994 1724/2011/1994
f 1754/2012/1995 1723/1984/1995 1738/2008/1995
f 1716/1985/1996 1732/2013/1996 1717/1989/1996
f 1710/1990/1997 1724/2011/1997 1725/2014/1997
f 1717/1989/1998 1733/2015/1998 1718/1991/1998
f 1711/1992/1999 1725/2014/1999 1726/2000/1999
f 1737/2006/2000 1753/2016/2000 1738/2008/2000
f 1731/2009/2001 1745/2017/2001 1746/2018/2001
f 1724/2011/2002 1528/2019/2002 1739/2020/2002
f 1754/2021/2003 1738/2008/2003 1753/2016/2003
f 1731/2009/2004 1747/2022/2004 1732/2013/2004
f 1725/2014/2005 1739/2020/2005 1740/2023/2005
f 1732/2013/2006 1748/2024/2006 1733/2015/2006
f 1726/2000/2007 1740/2023/2007 1741/2025/2007
f 1733/2015/2008 1749/2026/2008 1734/1999/2008
f 1727/2001/2009 1741/2025/2009 1742/2027/2009
f 1734/1999/2010 1750/2028/2010 1735/2002/2010
f 1728/2003/2011 1742/2027/2011 1743/2029/2011
f 1735/2002/2012 1751/2030/2012 1736/2004/2012
f 1729/2005/2013 1743/2029/2013 1744/2031/2013
f 1736/2004/2014 1752/2032/2014 1737/2006/2014
f 1730/2007/2015 1744/2031/2015 1745/2017/2015
f 1742/2027/2016 1757/2033/2016 1758/2034/2016
f 1749/2026/2017 1766/2035/2017 1750/2028/2017
f 1743/2029/2018 1758/2034/2018 1759/2036/2018
f 1750/2028/2019 1767/2037/2019 1751/2030/2019
f 1744/2031/2020 1759/2036/2020 1760/2038/2020
f 1751/2030/2021 1768/2039/2021 1752/2032/2021
f 1745/2017/2022 1760/2038/2022 1761/2040/2022
f 1752/2032/2023 1769/2041/2023 1753/2016/2023
f 1746/2018/2024 1761/2040/2024 1762/2042/2024
f 1739/2020/2025 1528/2043/2025 1755/2044/2025
f 1754/2045/2026 1753/2016/2026 1769/2041/2026
f 1746/2018/2027 1763/2046/2027 1747/2022/2027
f 1740/2023/2028 1755/2044/2028 1756/2047/2028
f 1747/2022/2029 1764/2048/2029 1748/2024/2029
f 1741/2025/2030 1756/2047/2030 1757/2033/2030
f 1748/2024/2031 1765/2049/2031 1749/2026/2031
f 1762/2042/2032 1776/2050/2032 1777/2051/2032
f 1755/2044/2033 1528/2052/2033 1770/2053/2033
f 1754/2054/2034 1769/2041/2034 1784/2055/2034
f 1762/2042/2035 1778/2056/2035 1763/2046/2035
f 1756/2047/2036 1770/2053/2036 1771/2057/2036
f 1763/2046/2037 1779/2058/2037 1764/2048/2037
f 1757/2033/2038 1771/2057/2038 1772/2059/2038
f 1764/2048/2039 1780/2060/2039 1765/2049/2039
f 1758/2034/2040 1772/2059/2040 1773/2061/2040
f 1765/2049/2041 1781/2062/2041 1766/2035/2041
f 1759/2036/2042 1773/2061/2042 1774/2063/2042
f 1766/2035/2043 1782/2064/2043 1767/2037/2043
f 1760/2038/2044 1774/2063/2044 1775/2065/2044
f 1767/2037/2045 1783/2066/2045 1768/2039/2045
f 1761/2040/2046 1775/2065/2046 1776/2050/2046
f 1768/2039/2047 1784/2055/2047 1769/2041/2047
f 1780/2060/2048 1796/2067/2048 1781/2062/2048
f 1774/2063/2049 1788/2068/2049 1789/2069/2049
f 1781/2062/2050 1797/2070/2050 1782/2064/2050
f 1775/2065/2051 1789/2069/2051 1790/2071/2051
f 1782/2064/2052 1798/2072/2052 1783/2066/2052
f 1776/2050/2053 1790/2071/2053 1791/2073/2053
f 1783/2066/2054 1799/2074/2054 1784/2055/2054
f 1777/2051/2055 1791/2073/2055 1792/2075/2055
f 1770/2053/2056 1528/2076/2056 1785/2077/2056
f 1754/2078/2057 1784/2055/2057 1799/2074/2057
f 1777/2051/2058 1793/2079/2058 1778/2056/2058
f 1771/2057/2059 1785/2077/2059 1786/2080/2059
f 1778/2056/2060 1794/2081/2060 1779/2058/2060
f 1772/2059/2061 1786/2080/2061 1787/2082/2061
f 1779/2058/2062 1795/2083/2062 1780/2060/2062
f 1773/2061/2063 1787/2082/2063 1788/2068/2063
f 1754/2084/2064 1799/2074/2064 1814/2085/2064
f 1792/2075/2065 1808/2086/2065 1793/2079/2065
f 1786/2080/2066 1800/2087/2066 1801/2088/2066
f 1793/2079/2067 1809/2089/2067 1794/2081/2067
f 1787/2082/2068 1801/2088/2068 1802/2090/2068
f 1794/2081/2069 1810/2091/2069 1795/2083/2069
f 1788/2068/2070 1802/2090/2070 1803/2092/2070
f 1795/2083/2071 1811/2093/2071 1796/2067/2071
f 1789/2069/2072 1803/2092/2072 1804/2094/2072
f 1796/2067/2073 1812/2095/2073 1797/2070/2073
f 1790/2071/2074 1804/2094/2074 1805/2096/2074
f 1797/2070/2075 1813/2097/2075 1798/2072/2075
f 1791/2073/2076 1805/2096/2076 1806/2098/2076
f 1798/2072/2077 1814/2085/2077 1799/2074/2077
f 1792/2075/2078 1806/2098/2078 1807/2099/2078
f 1785/2077/2079 1528/2100/2079 1800/2087/2079
f 1812/2101/2080 1826/2102/2080 1827/2103/2080
f 1804/2104/2081 1820/2105/2081 1805/2106/2081
f 1813/2107/2082 1827/2103/2082 1828/2108/2082
f 1805/2106/2083 1821/2109/2083 1806/2110/2083
f 1814/2111/2084 1828/2108/2084 1829/2112/2084
f 1806/2110/2085 1822/2113/2085 1807/2114/2085
f 1800/2115/2086 1528/2116/2086 1815/2117/2086
f 1754/2118/2087 1814/2111/2087 1829/2112/2087
f 1808/2119/2088 1822/2113/2088 1823/2120/2088
f 1800/2115/2089 1816/2121/2089 1801/2122/2089
f 1809/2123/2090 1823/2120/2090 1824/2124/2090
f 1801/2122/2091 1817/2125/2091 1802/2126/2091
f 1810/2127/2092 1824/2124/2092 1825/2128/2092
f 1802/2126/2093 1818/2129/2093 1803/2130/2093
f 1811/2131/2094 1825/2128/2094 1826/2102/2094
f 1803/2130/2095 1819/2132/2095 1804/2104/2095
f 1815/2117/2096 1831/2133/2096 1816/2121/2096
f 1824/2124/2097 1838/2134/2097 1839/2135/2097
f 1816/2121/2098 1832/2136/2098 1817/2125/2098
f 1825/2128/2099 1839/2135/2099 1840/2137/2099
f 1817/2125/2100 1833/2138/2100 1818/2129/2100
f 1826/2102/2101 1840/2137/2101 1841/2139/2101
f 1818/2129/2102 1834/2140/2102 1819/2132/2102
f 1827/2103/2103 1841/2139/2103 1842/2141/2103
f 1819/2132/2104 1835/2142/2104 1820/2105/2104
f 1828/2108/2105 1842/2141/2105 1843/2143/2105
f 1820/2105/2106 1836/2144/2106 1821/2109/2106
f 1829/2112/2107 1843/2143/2107 1844/2145/2107
f 1821/2109/2108 1837/2146/2108 1822/2113/2108
f 1815/2117/2109 1528/2147/2109 1830/2148/2109
f 1754/2149/2110 1829/2112/2110 1844/2145/2110
f 1823/2120/2111 1837/2146/2111 1838/2134/2111
f 1834/2140/2112 1850/2150/2112 1835/2142/2112
f 1843/2143/2113 1857/2151/2113 1858/2152/2113
f 1835/2142/2114 1851/2153/2114 1836/2144/2114
f 1844/2145/2115 1858/2152/2115 1859/2154/2115
f 1836/2144/2116 1852/2155/2116 1837/2146/2116
f 1830/2148/2117 1528/2156/2117 1845/2157/2117
f 1754/2158/2118 1844/2145/2118 1859/2154/2118
f 1838/2134/2119 1852/2155/2119 1853/2159/2119
f 1830/2148/2120 1846/2160/2120 1831/2133/2120
f 1839/2135/2121 1853/2159/2121 1854/2161/2121
f 1831/2133/2122 1847/2162/2122 1832/2136/2122
f 1840/2137/2123 1854/2161/2123 1855/2163/2123
f 1832/2136/2124 1848/2164/2124 1833/2138/2124
f 1841/2139/2125 1855/2163/2125 1856/2165/2125
f 1833/2138/2126 1849/2166/2126 1834/2140/2126
f 1842/2141/2127 1856/2165/2127 1857/2151/2127
f 1854/2161/2128 1868/2167/2128 1869/2168/2128
f 1846/2160/2129 1862/2169/2129 1847/2162/2129
f 1855/2163/2130 1869/2168/2130 1870/2170/2130
f 1847/2162/2131 1863/2171/2131 1848/2164/2131
f 1856/2165/2132 1870/2170/2132 1871/2172/2132
f 1848/2164/2133 1864/2173/2133 1849/2166/2133
f 1857/2151/2134 1871/2172/2134 1872/2174/2134
f 1849/2166/2135 1865/2175/2135 1850/2150/2135
f 1858/2152/2136 1872/2174/2136 1873/2176/2136
f 1850/2150/2137 1866/2177/2137 1851/2153/2137
f 1859/2154/2138 1873/2176/2138 1874/2178/2138
f 1851/2153/2139 1867/2179/2139 1852/2155/2139
f 1845/2157/2140 1528/2180/2140 1860/2181/2140
f 1754/2182/2141 1859/2154/2141 1874/2178/2141
f 1853/2159/2142 1867/2179/2142 1868/2167/2142
f 1845/2157/2143 1861/2183/2143 1846/2160/2143
f 1873/2176/2144 1887/2184/2144 1888/2185/2144
f 1865/2175/2145 1881/2186/2145 1866/2177/2145
f 1874/2178/2146 1888/2185/2146 1889/2187/2146
f 1866/2177/2147 1882/2188/2147 1867/2179/2147
f 1860/2181/2148 1528/2189/2148 1875/2190/2148
f 1754/2191/2149 1874/2178/2149 1889/2187/2149
f 1868/2167/2150 1882/2188/2150 1883/2192/2150
f 1860/2181/2151 1876/2193/2151 1861/2183/2151
f 1869/2168/2152 1883/2192/2152 1884/2194/2152
f 1861/2183/2153 1877/2195/2153 1862/2169/2153
f 1870/2170/2154 1884/2194/2154 1885/2196/2154
f 1862/2169/2155 1878/2197/2155 1863/2171/2155
f 1871/2172/2156 1885/2196/2156 1886/2198/2156
f 1863/2171/2157 1879/2199/2157 1864/2173/2157
f 1872/2174/2158 1886/2198/2158 1887/2184/2158
f 1864/2173/2159 1880/2200/2159 1865/2175/2159
f 1876/2193/2160 1892/2201/2160 1877/2195/2160
f 1885/2196/2161 1899/2202/2161 1900/2203/2161
f 1877/2195/2162 1893/2204/2162 1878/2197/2162
f 1886/2198/2163 1900/2203/2163 1901/2205/2163
f 1878/2197/2164 1894/2206/2164 1879/2199/2164
f 1887/2184/2165 1901/2205/2165 1902/2207/2165
f 1879/2199/2166 1895/2208/2166 1880/2200/2166
f 1888/2185/2167 1902/2207/2167 1903/2209/2167
f 1880/2200/2168 1896/2210/2168 1881/2186/2168
f 1889/2187/2169 1903/2209/2169 1904/2211/2169
f 1881/2186/2170 1897/2212/2170 1882/2188/2170
f 1875/2190/2171 1528/2213/2171 1890/2214/2171
f 1754/2215/2172 1889/2187/2172 1904/2211/2172
f 1883/2192/2173 1897/2212/2173 1898/2216/2173
f 1875/2190/2174 1891/2217/2174 1876/2193/2174
f 1884/2194/2175 1898/2216/2175 1899/2202/2175
f 1895/2208/2176 1911/2218/2176 1896/2210/2176
f 1904/2211/2177 1918/2219/2177 1919/2220/2177
f 1896/2210/2178 1912/2221/2178 1897/2212/2178
f 1890/2214/2179 1528/2222/2179 1905/2223/2179
f 1754/2224/2180 1904/2211/2180 1919/2220/2180
f 1898/2216/2181 1912/2221/2181 1913/2225/2181
f 1890/2214/2182 1906/2226/2182 1891/2217/2182
f 1899/2202/2183 1913/2225/2183 1914/2227/2183
f 1891/2217/2184 1907/2228/2184 1892/2201/2184
f 1900/2203/2185 1914/2227/2185 1915/2229/2185
f 1892/2201/2186 1908/2230/2186 1893/2204/2186
f 1901/2205/2187 1915/2229/2187 1916/2231/2187
f 1893/2204/2188 1909/2232/2188 1894/2206/2188
f 1902/2207/2189 1916/2231/2189 1917/2233/2189
f 1894/2206/2190 1910/2234/2190 1895/2208/2190
f 1903/2209/2191 1917/2233/2191 1918/2219/2191
f 1915/2229/2192 1924/1678/2192 1452/1680/2192
f 1907/2228/2193 1922/1681/2193 1908/2230/2193
f 1916/2231/2194 1452/1680/2194 1925/1685/2194
f 1908/2230/2195 1448/1686/2195 1909/2232/2195
f 1917/2233/2196 1925/1685/2196 1926/1689/2196
f 1909/2232/2197 1923/1690/2197 1910/2234/2197
f 1918/2219/2198 1926/1689/2198 1927/1693/2198
f 1910/2234/2199 1449/1694/2199 1911/2218/2199
f 1919/2220/2200 1927/1693/2200 1928/1697/2200
f 1911/2218/2201 1450/1698/2201 1912/2221/2201
f 1905/2223/2202 1528/2235/2202 1920/1700/2202
f 1754/2236/2203 1919/2220/2203 1928/1697/2203
f 1913/2225/2204 1450/1698/2204 1451/1705/2204
f 1905/2223/2205 1921/1706/2205 1906/2226/2205
f 1914/2227/2206 1451/1705/2206 1924/1678/2206
f 1906/2226/2207 1447/1709/2207 1907/2228/2207
f 1924/1678/1696 1462/1708/1696 1463/1679/1696
f 1922/1681/1697 1447/1709/1697 1455/1682/1697
f 1452/1680/1698 1463/1679/1698 1464/1684/1698
f 1448/1686/1699 1922/1681/1699 1456/1683/1699
f 1925/1685/1700 1464/1684/1700 1465/1688/1700
f 1923/1690/1701 1448/1686/1701 1457/1687/1701
f 1926/1689/1702 1465/1688/1702 1466/1692/1702
f 1449/1694/1703 1923/1690/1703 1458/1691/1703
f 1927/1693/1704 1466/1692/1704 1467/1696/1704
f 1450/1698/1705 1449/1694/1705 1459/1695/1705
f 1450/1698/1708 1460/1699/1708 1461/1704/1708
f 1921/1706/1709 1920/1700/1709 1453/1702/1709
f 1451/1705/1710 1461/1704/1710 1462/1708/1710
f 1447/1709/1711 1921/1706/1711 1454/1707/1711
f 1454/1707/2208 1453/1702/2208 1468/1710/2208
f 1461/1704/2209 1476/1726/2209 1477/1712/2209
f 1455/1682/1714 1454/1707/1714 1469/1711/1714
f 1462/1708/1715 1477/1712/1715 1478/1714/1715
f 1456/1683/1716 1455/1682/1716 1470/1713/1716
f 1463/1679/1717 1478/1714/1717 1479/1716/1717
f 1457/1687/1718 1456/1683/1718 1471/1715/1718
f 1464/1684/1719 1479/1716/1719 1480/1718/1719
f 1458/1691/1720 1457/1687/1720 1472/1717/1720
f 1465/1688/1721 1480/1718/1721 1481/1720/1721
f 1459/1695/2210 1458/1691/2210 1473/1719/2210
f 1466/1692/1723 1481/1720/1723 1482/1722/1723
f 1460/1699/1724 1459/1695/1724 1474/1721/1724
f 1460/1699/1727 1475/1723/1727 1476/1726/1727
f 1473/1719/1728 1472/1717/1728 1487/1727/1728
f 1480/1718/1729 1495/1743/1729 1496/1729/1729
f 1474/1721/1730 1473/1719/1730 1488/1728/1730
f 1481/1720/2211 1496/1729/2211 1497/1731/2211
f 1475/1723/1732 1474/1721/1732 1489/1730/1732
f 1475/1723/1735 1490/1732/1735 1491/1736/1735
f 1469/1711/1736 1468/1710/1736 1483/1734/1736
f 1476/1726/1737 1491/1736/1737 1492/1738/1737
f 1470/1713/1738 1469/1711/1738 1484/1737/1738
f 1477/1712/1739 1492/1738/1739 1493/1740/1739
f 1471/1715/1740 1470/1713/1740 1485/1739/1740
f 1478/1714/1741 1493/1740/1741 1494/1742/1741
f 1472/1717/1742 1471/1715/1742 1486/1741/1742
f 1479/1716/1743 1494/1742/1743 1495/1743/1743
f 1491/1736/1744 1506/1760/1744 1507/1744/1744
f 1485/1739/1745 1484/1737/1745 1499/1745/1745
f 1492/1738/1746 1507/1744/1746 1508/1747/1746
f 1486/1741/1747 1485/1739/1747 1500/1746/1747
f 1493/1740/1748 1508/1747/1748 1509/1749/1748
f 1487/1727/1749 1486/1741/1749 1501/1748/1749
f 1494/1742/1750 1509/1749/1750 1510/1751/1750
f 1488/1728/1751 1487/1727/1751 1502/1750/1751
f 1495/1743/1752 1510/1751/1752 1511/1753/1752
f 1489/1730/1753 1488/1728/1753 1503/1752/1753
f 1496/1729/1754 1511/1753/1754 1512/1755/1754
f 1490/1732/1755 1489/1730/1755 1504/1754/1755
f 1490/1732/1758 1505/1756/1758 1506/1760/1758
f 1484/1737/2212 1483/1734/2212 1498/1758/2212
f 1510/1751/2213 1525/1777/2213 1526/1761/2213
f 1504/1754/1761 1503/1752/1761 1518/1762/1761
f 1511/1753/1762 1526/1761/1762 1527/1764/1762
f 1505/1756/1763 1504/1754/1763 1519/1763/1763
f 1505/1756/1766 1520/1765/1766 1521/1769/1766
f 1499/1745/1767 1498/1758/1767 1513/1767/1767
f 1506/1760/1768 1521/1769/1768 1522/1771/1768
f 1500/1746/2214 1499/1745/2214 1514/1770/2214
f 1507/1744/1770 1522/1771/1770 1523/1773/1770
f 1501/1748/1771 1500/1746/1771 1515/1772/1771
f 1508/1747/1772 1523/1773/1772 1524/1775/1772
f 1502/1750/1773 1501/1748/1773 1516/1774/1773
f 1509/1749/1774 1524/1775/1774 1525/1777/1774
f 1503/1752/1775 1502/1750/1775 1517/1776/1775
f 1522/1771/1776 1538/1794/1776 1539/1778/1776
f 1516/1774/1777 1515/1772/1777 1531/1779/1777
f 1523/1773/2215 1539/1778/2215 1540/1781/2215
f 1517/1776/2216 1516/1774/2216 1532/1780/2216
f 1524/1775/1780 1540/1781/1780 1541/1783/1780
f 1518/1762/1781 1517/1776/1781 1533/1782/1781
f 1525/1777/1782 1541/1783/1782 1542/1785/1782
f 1519/1763/1783 1518/1762/1783 1534/1784/1783
f 1526/1761/1784 1542/1785/1784 1543/1787/1784
f 1520/1765/1785 1519/1763/1785 1535/1786/1785
f 1520/1765/1788 1536/1788/1788 1537/1792/1788
f 1514/1770/1789 1513/1767/1789 1529/1790/1789
f 1521/1769/1790 1537/1792/1790 1538/1794/1790
f 1515/1772/1791 1514/1770/1791 1530/1793/1791
f 1542/1785/1792 1557/1811/1792 1558/1795/1792
f 1536/1788/1793 1535/1786/1793 1550/1796/1793
f 1536/1788/1796 1551/1797/1796 1552/1801/1796
f 1530/1793/1797 1529/1790/1797 1544/1799/1797
f 1537/1792/1798 1552/1801/1798 1553/1803/1798
f 1531/1779/1799 1530/1793/1799 1545/1802/1799
f 1538/1794/1800 1553/1803/1800 1554/1805/1800
f 1532/1780/1801 1531/1779/1801 1546/1804/1801
f 1539/1778/2217 1554/1805/2217 1555/1807/2217
f 1533/1782/1803 1532/1780/1803 1547/1806/1803
f 1540/1781/1804 1555/1807/1804 1556/1809/1804
f 1534/1784/2218 1533/1782/2218 1548/1808/2218
f 1541/1783/1806 1556/1809/1806 1557/1811/1806
f 1535/1786/1807 1534/1784/1807 1549/1810/1807
f 1547/1806/1808 1546/1804/1808 1561/1812/1808
f 1554/1805/2219 1569/1828/2219 1570/1814/2219
f 1548/1808/1810 1547/1806/1810 1562/1813/1810
f 1555/1807/1811 1570/1814/1811 1571/1816/1811
f 1549/1810/1812 1548/1808/1812 1563/1815/1812
f 1556/1809/1813 1571/1816/1813 1572/1818/1813
f 1550/1796/2220 1549/1810/2220 1564/1817/2220
f 1557/1811/1815 1572/1818/1815 1573/1820/1815
f 1551/1797/1816 1550/1796/1816 1565/1819/1816
f 1551/1797/1819 1566/1821/1819 1567/1825/1819
f 1545/1802/1820 1544/1799/1820 1559/1823/1820
f 1552/1801/2221 1567/1825/2221 1568/1827/2221
f 1546/1804/1822 1545/1802/1822 1560/1826/1822
f 1553/1803/1823 1568/1827/1823 1569/1828/1823
f 1565/1819/1824 1580/1845/1824 1581/1829/1824
f 1567/1825/1827 1566/1821/1827 1581/1829/1827
f 1559/1823/1828 1574/1831/1828 1575/1835/1828
f 1568/1827/2222 1567/1825/2222 1582/1834/2222
f 1560/1826/1830 1575/1835/1830 1576/1837/1830
f 1569/1828/1831 1568/1827/1831 1583/1836/1831
f 1561/1812/1832 1576/1837/1832 1577/1839/1832
f 1570/1814/2223 1569/1828/2223 1584/1838/2223
f 1562/1813/1834 1577/1839/1834 1578/1841/1834
f 1571/1816/1835 1570/1814/1835 1585/1840/1835
f 1563/1815/2224 1578/1841/2224 1579/1843/2224
f 1572/1818/1837 1571/1816/1837 1586/1842/1837
f 1564/1817/2225 1579/1843/2225 1580/1845/2225
f 1573/1820/1839 1572/1818/1839 1587/1844/1839
f 1585/1840/2226 1584/1838/2226 1599/1846/2226
f 1577/1839/1841 1592/1862/1841 1593/1848/1841
f 1586/1842/1842 1585/1840/1842 1600/1847/1842
f 1578/1841/2227 1593/1848/2227 1594/1850/2227
f 1587/1844/1844 1586/1842/1844 1601/1849/1844
f 1579/1843/1845 1594/1850/1845 1595/1852/1845
f 1588/1833/1846 1587/1844/1846 1602/1851/1846
f 1580/1845/1847 1595/1852/1847 1596/1854/1847
f 1582/1834/1850 1581/1829/1850 1596/1854/1850
f 1574/1831/1851 1589/1856/1851 1590/1859/1851
f 1583/1836/1852 1582/1834/1852 1597/1858/1852
f 1575/1835/1853 1590/1859/1853 1591/1861/1853
f 1584/1838/2228 1583/1836/2228 1598/1860/2228
f 1576/1837/1855 1591/1861/1855 1592/1862/1855
f 1597/1858/1858 1596/1854/1858 1611/1867/1858
f 1589/1856/1859 1604/1864/1859 1605/1869/1859
f 1598/1860/1860 1597/1858/1860 1612/1868/1860
f 1590/1859/1861 1605/1869/1861 1606/1871/1861
f 1599/1846/1862 1598/1860/1862 1613/1870/1862
f 1591/1861/1863 1606/1871/1863 1607/1873/1863
f 1600/1847/2229 1599/1846/2229 1614/1872/2229
f 1592/1862/2230 1607/1873/2230 1608/1875/2230
f 1601/1849/1866 1600/1847/1866 1615/1874/1866
f 1593/1848/1867 1608/1875/1867 1609/1877/1867
f 1602/1851/1868 1601/1849/1868 1616/1876/1868
f 1594/1850/1869 1609/1877/1869 1610/1879/1869
f 1603/1853/1870 1602/1851/1870 1617/1878/1870
f 1595/1852/1871 1610/1879/1871 1611/1867/1871
f 1607/1873/1872 1622/1896/1872 1623/1880/1872
f 1616/1876/1873 1615/1874/1873 1630/1881/1873
f 1608/1875/1874 1623/1880/1874 1624/1883/1874
f 1617/1878/2231 1616/1876/2231 1631/1882/2231
f 1609/1877/1876 1624/1883/1876 1625/1885/1876
f 1618/1866/1877 1617/1878/1877 1632/1884/1877
f 1610/1879/1878 1625/1885/1878 1626/1887/1878
f 1612/1868/1881 1611/1867/1881 1626/1887/1881
f 1604/1864/1882 1619/1889/1882 1620/1892/1882
f 1613/1870/1883 1612/1868/1883 1627/1891/1883
f 1605/1869/1884 1620/1892/1884 1621/1894/1884
f 1614/1872/1885 1613/1870/1885 1628/1893/1885
f 1606/1871/1886 1621/1894/1886 1622/1896/1886
f 1615/1874/1887 1614/1872/1887 1629/1895/1887
f 1627/1891/1888 1626/1887/1888 1641/1897/1888
f 1619/1889/2232 1634/1912/2232 1635/1899/2232
f 1628/1893/1890 1627/1891/1890 1642/1898/1890
f 1620/1892/1891 1635/1899/1891 1636/1901/1891
f 1629/1895/1892 1628/1893/1892 1643/1900/1892
f 1621/1894/1893 1636/1901/1893 1637/1903/1893
f 1630/1881/1894 1629/1895/1894 1644/1902/1894
f 1622/1896/1895 1637/1903/1895 1638/1905/1895
f 1631/1882/1896 1630/1881/1896 1645/1904/1896
f 1623/1880/1897 1638/1905/1897 1639/1907/1897
f 1632/1884/1898 1631/1882/1898 1646/1906/1898
f 1624/1883/1899 1639/1907/1899 1640/1909/1899
f 1633/1886/1900 1632/1884/1900 1647/1908/1900
f 1625/1885/1901 1640/1909/1901 1641/1897/1901
f 1646/1906/1904 1645/1904/1904 1660/1914/1904
f 1638/1905/1905 1653/1930/1905 1654/1916/1905
f 1647/1908/1906 1646/1906/1906 1661/1915/1906
f 1639/1907/2233 1654/1916/2233 1655/1918/2233
f 1648/1910/2234 1647/1908/2234 1662/1917/2234
f 1640/1909/1909 1655/1918/1909 1656/1920/1909
f 1642/1898/1912 1641/1897/1912 1656/1920/1912
f 1634/1912/1913 1649/1922/1913 1650/1925/1913
f 1643/1900/1914 1642/1898/1914 1657/1924/1914
f 1635/1899/1915 1650/1925/1915 1651/1927/1915
f 1644/1902/1916 1643/1900/1916 1658/1926/1916
f 1636/1901/1917 1651/1927/1917 1652/1929/1917
f 1645/1904/1918 1644/1902/1918 1659/1928/1918
f 1637/1903/1919 1652/1929/1919 1653/1930/1919
f 1658/1926/2235 1657/1924/2235 1672/1931/2235
f 1650/1925/1921 1665/1947/1921 1666/1933/1921
f 1659/1928/1922 1658/1926/1922 1673/1932/1922
f 1651/1927/1923 1666/1933/1923 1667/1935/1923
f 1660/1914/1924 1659/1928/1924 1674/1934/1924
f 1652/1929/1925 1667/1935/1925 1668/1937/1925
f 1661/1915/1926 1660/1914/1926 1675/1936/1926
f 1653/1930/1927 1668/1937/1927 1669/1939/1927
f 1662/1917/1928 1661/1915/1928 1676/1938/1928
f 1654/1916/2236 1669/1939/2236 1670/1941/2236
f 1663/1919/1930 1662/1917/1930 1677/1940/1930
f 1655/1918/1931 1670/1941/1931 1671/1943/1931
f 1657/1924/1934 1656/1920/1934 1671/1943/1934
f 1649/1922/1935 1664/1945/1935 1665/1947/1935
f 1677/1940/2237 1676/1938/2237 1691/1948/2237
f 1669/1939/1937 1684/1964/1937 1685/1950/1937
f 1678/1942/2238 1677/1940/2238 1692/1949/2238
f 1670/1941/1939 1685/1950/1939 1686/1952/1939
f 1672/1931/1942 1671/1943/1942 1686/1952/1942
f 1664/1945/1943 1679/1954/1943 1680/1957/1943
f 1673/1932/1944 1672/1931/1944 1687/1956/1944
f 1665/1947/1945 1680/1957/1945 1681/1959/1945
f 1674/1934/1946 1673/1932/1946 1688/1958/1946
f 1666/1933/1947 1681/1959/1947 1682/1961/1947
f 1675/1936/1948 1674/1934/1948 1689/1960/1948
f 1667/1935/1949 1682/1961/1949 1683/1963/1949
f 1676/1938/1950 1675/1936/1950 1690/1962/1950
f 1668/1937/1951 1683/1963/1951 1684/1964/1951
f 1681/1959/1952 1680/1957/1952 1695/1965/1952
f 1688/1958/1953 1703/1981/1953 1704/1967/1953
f 1682/1961/1954 1681/1959/1954 1696/1966/1954
f 1689/1960/1955 1704/1967/1955 1705/1969/1955
f 1683/1963/1956 1682/1961/1956 1697/1968/1956
f 1690/1962/1957 1705/1969/1957 1706/1971/1957
f 1684/1964/1958 1683/1963/1958 1698/1970/1958
f 1691/1948/1959 1706/1971/1959 1707/1973/1959
f 1685/1950/1960 1684/1964/1960 1699/1972/1960
f 1692/1949/1961 1707/1973/1961 1708/1975/1961
f 1686/1952/1962 1685/1950/1962 1700/1974/1962
f 1686/1952/1965 1701/1976/1965 1702/1980/1965
f 1680/1957/1966 1679/1954/1966 1694/1978/1966
f 1687/1956/1967 1702/1980/1967 1703/1981/1967
f 1700/1974/2239 1699/1972/2239 1714/1982/2239
f 1707/1973/1969 1722/1998/1969 1723/1984/1969
f 1701/1976/1970 1700/1974/1970 1715/1983/1970
f 1701/1976/1973 1716/1985/1973 1717/1989/1973
f 1695/1965/1974 1694/1978/1974 1709/1987/1974
f 1702/1980/2240 1717/1989/2240 1718/1991/2240
f 1696/1966/1976 1695/1965/1976 1710/1990/1976
f 1703/1981/1977 1718/1991/1977 1719/1993/1977
f 1697/1968/1978 1696/1966/1978 1711/1992/1978
f 1704/1967/1979 1719/1993/1979 1720/1995/1979
f 1698/1970/1980 1697/1968/1980 1712/1994/1980
f 1705/1969/1981 1720/1995/1981 1721/1997/1981
f 1699/1972/1982 1698/1970/1982 1713/1996/1982
f 1706/1971/1983 1721/1997/1983 1722/1998/1983
f 1718/1991/1984 1733/2015/1984 1734/1999/1984
f 1712/1994/1985 1711/1992/1985 1726/2000/1985
f 1719/1993/1986 1734/1999/1986 1735/2002/1986
f 1713/1996/1987 1712/1994/1987 1727/2001/1987
f 1720/1995/1988 1735/2002/1988 1736/2004/1988
f 1714/1982/1989 1713/1996/1989 1728/2003/1989
f 1721/1997/1990 1736/2004/1990 1737/2006/1990
f 1715/1983/1991 1714/1982/1991 1729/2005/1991
f 1722/1998/2241 1737/2006/2241 1738/2008/2241
f 1716/1985/1993 1715/1983/1993 1730/2007/1993
f 1716/1985/1996 1731/2009/1996 1732/2013/1996
f 1710/1990/1997 1709/1987/1997 1724/2011/1997
f 1717/1989/2242 1732/2013/2242 1733/2015/2242
f 1711/1992/1999 1710/1990/1999 1725/2014/1999
f 1737/2006/2000 1752/2032/2000 1753/2016/2000
f 1731/2009/2001 1730/2007/2001 1745/2017/2001
f 1731/2009/2004 1746/2018/2004 1747/2022/2004
f 1725/2014/2243 1724/2011/2243 1739/2020/2243
f 1732/2013/2006 1747/2022/2006 1748/2024/2006
f 1726/2000/2007 1725/2014/2007 1740/2023/2007
f 1733/2015/2008 1748/2024/2008 1749/2026/2008
f 1727/2001/2009 1726/2000/2009 1741/2025/2009
f 1734/1999/2010 1749/2026/2010 1750/2028/2010
f 1728/2003/2011 1727/2001/2011 1742/2027/2011
f 1735/2002/2012 1750/2028/2012 1751/2030/2012
f 1729/2005/2013 1728/2003/2013 1743/2029/2013
f 1736/2004/2014 1751/2030/2014 1752/2032/2014
f 1730/2007/2015 1729/2005/2015 1744/2031/2015
f 1742/2027/2016 1741/2025/2016 1757/2033/2016
f 1749/2026/2017 1765/2049/2017 1766/2035/2017
f 1743/2029/2018 1742/2027/2018 1758/2034/2018
f 1750/2028/2019 1766/2035/2019 1767/2037/2019
f 1744/2031/2020 1743/2029/2020 1759/2036/2020
f 1751/2030/2021 1767/2037/2021 1768/2039/2021
f 1745/2017/2022 1744/2031/2022 1760/2038/2022
f 1752/2032/2023 1768/2039/2023 1769/2041/2023
f 1746/2018/2024 1745/2017/2024 1761/2040/2024
f 1746/2018/2027 1762/2042/2027 1763/2046/2027
f 1740/2023/2028 1739/2020/2028 1755/2044/2028
f 1747/2022/2029 1763/2046/2029 1764/2048/2029
f 1741/2025/2030 1740/2023/2030 1756/2047/2030
f 1748/2024/2031 1764/2048/2031 1765/2049/2031
f 1762/2042/2032 1761/2040/2032 1776/2050/2032
f 1762/2042/2035 1777/2051/2035 1778/2056/2035
f 1756/2047/2036 1755/2044/2036 1770/2053/2036
f 1763/2046/2037 1778/2056/2037 1779/2058/2037
f 1757/2033/2038 1756/2047/2038 1771/2057/2038
f 1764/2048/2039 1779/2058/2039 1780/2060/2039
f 1758/2034/2040 1757/2033/2040 1772/2059/2040
f 1765/2049/2244 1780/2060/2244 1781/2062/2244
f 1759/2036/2245 1758/2034/2245 1773/2061/2245
f 1766/2035/2043 1781/2062/2043 1782/2064/2043
f 1760/2038/2044 1759/2036/2044 1774/2063/2044
f 1767/2037/2045 1782/2064/2045 1783/2066/2045
f 1761/2040/2046 1760/2038/2046 1775/2065/2046
f 1768/2039/2047 1783/2066/2047 1784/2055/2047
f 1780/2060/2246 1795/2083/2246 1796/2067/2246
f 1774/2063/2049 1773/2061/2049 1788/2068/2049
f 1781/2062/2050 1796/2067/2050 1797/2070/2050
f 1775/2065/2247 1774/2063/2247 1789/2069/2247
f 1782/2064/2052 1797/2070/2052 1798/2072/2052
f 1776/2050/2053 1775/2065/2053 1790/2071/2053
f 1783/2066/2054 1798/2072/2054 1799/2074/2054
f 1777/2051/2055 1776/2050/2055 1791/2073/2055
f 1777/2051/2058 1792/2075/2058 1793/2079/2058
f 1771/2057/2059 1770/2053/2059 1785/2077/2059
f 1778/2056/2060 1793/2079/2060 1794/2081/2060
f 1772/2059/2061 1771/2057/2061 1786/2080/2061
f 1779/2058/2248 1794/2081/2248 1795/2083/2248
f 1773/2061/2249 1772/2059/2249 1787/2082/2249
f 1792/2075/2065 1807/2099/2065 1808/2086/2065
f 1786/2080/2066 1785/2077/2066 1800/2087/2066
f 1793/2079/2250 1808/2086/2250 1809/2089/2250
f 1787/2082/2068 1786/2080/2068 1801/2088/2068
f 1794/2081/2069 1809/2089/2069 1810/2091/2069
f 1788/2068/2070 1787/2082/2070 1802/2090/2070
f 1795/2083/2251 1810/2091/2251 1811/2093/2251
f 1789/2069/2252 1788/2068/2252 1803/2092/2252
f 1796/2067/2073 1811/2093/2073 1812/2095/2073
f 1790/2071/2253 1789/2069/2253 1804/2094/2253
f 1797/2070/2075 1812/2095/2075 1813/2097/2075
f 1791/2073/2076 1790/2071/2076 1805/2096/2076
f 1798/2072/2077 1813/2097/2077 1814/2085/2077
f 1792/2075/2078 1791/2073/2078 1806/2098/2078
f 1812/2101/2080 1811/2131/2080 1826/2102/2080
f 1804/2104/2254 1819/2132/2254 1820/2105/2254
f 1813/2107/2082 1812/2101/2082 1827/2103/2082
f 1805/2106/2083 1820/2105/2083 1821/2109/2083
f 1814/2111/2084 1813/2107/2084 1828/2108/2084
f 1806/2110/2085 1821/2109/2085 1822/2113/2085
f 1808/2119/2088 1807/2114/2088 1822/2113/2088
f 1800/2115/2089 1815/2117/2089 1816/2121/2089
f 1809/2123/2090 1808/2119/2090 1823/2120/2090
f 1801/2122/2091 1816/2121/2091 1817/2125/2091
f 1810/2127/2092 1809/2123/2092 1824/2124/2092
f 1802/2126/2093 1817/2125/2093 1818/2129/2093
f 1811/2131/2255 1810/2127/2255 1825/2128/2255
f 1803/2130/2095 1818/2129/2095 1819/2132/2095
f 1815/2117/2096 1830/2148/2096 1831/2133/2096
f 1824/2124/2097 1823/2120/2097 1838/2134/2097
f 1816/2121/2098 1831/2133/2098 1832/2136/2098
f 1825/2128/2256 1824/2124/2256 1839/2135/2256
f 1817/2125/2100 1832/2136/2100 1833/2138/2100
f 1826/2102/2257 1825/2128/2257 1840/2137/2257
f 1818/2129/2102 1833/2138/2102 1834/2140/2102
f 1827/2103/2103 1826/2102/2103 1841/2139/2103
f 1819/2132/2104 1834/2140/2104 1835/2142/2104
f 1828/2108/2105 1827/2103/2105 1842/2141/2105
f 1820/2105/2106 1835/2142/2106 1836/2144/2106
f 1829/2112/2107 1828/2108/2107 1843/2143/2107
f 1821/2109/2108 1836/2144/2108 1837/2146/2108
f 1823/2120/2111 1822/2113/2111 1837/2146/2111
f 1834/2140/2112 1849/2166/2112 1850/2150/2112
f 1843/2143/2113 1842/2141/2113 1857/2151/2113
f 1835/2142/2114 1850/2150/2114 1851/2153/2114
f 1844/2145/2115 1843/2143/2115 1858/2152/2115
f 1836/2144/2116 1851/2153/2116 1852/2155/2116
f 1838/2134/2119 1837/2146/2119 1852/2155/2119
f 1830/2148/2120 1845/2157/2120 1846/2160/2120
f 1839/2135/2121 1838/2134/2121 1853/2159/2121
f 1831/2133/2122 1846/2160/2122 1847/2162/2122
f 1840/2137/2123 1839/2135/2123 1854/2161/2123
f 1832/2136/2124 1847/2162/2124 1848/2164/2124
f 1841/2139/2258 1840/2137/2258 1855/2163/2258
f 1833/2138/2259 1848/2164/2259 1849/2166/2259
f 1842/2141/2127 1841/2139/2127 1856/2165/2127
f 1854/2161/2128 1853/2159/2128 1868/2167/2128
f 1846/2160/2129 1861/2183/2129 1862/2169/2129
f 1855/2163/2130 1854/2161/2130 1869/2168/2130
f 1847/2162/2131 1862/2169/2131 1863/2171/2131
f 1856/2165/2132 1855/2163/2132 1870/2170/2132
f 1848/2164/2133 1863/2171/2133 1864/2173/2133
f 1857/2151/2134 1856/2165/2134 1871/2172/2134
f 1849/2166/2135 1864/2173/2135 1865/2175/2135
f 1858/2152/2260 1857/2151/2260 1872/2174/2260
f 1850/2150/2137 1865/2175/2137 1866/2177/2137
f 1859/2154/2138 1858/2152/2138 1873/2176/2138
f 1851/2153/2139 1866/2177/2139 1867/2179/2139
f 1853/2159/2142 1852/2155/2142 1867/2179/2142
f 1845/2157/2143 1860/2181/2143 1861/2183/2143
f 1873/2176/2144 1872/2174/2144 1887/2184/2144
f 1865/2175/2145 1880/2200/2145 1881/2186/2145
f 1874/2178/2146 1873/2176/2146 1888/2185/2146
f 1866/2177/2147 1881/2186/2147 1882/2188/2147
f 1868/2167/2150 1867/2179/2150 1882/2188/2150
f 1860/2181/2261 1875/2190/2261 1876/2193/2261
f 1869/2168/2152 1868/2167/2152 1883/2192/2152
f 1861/2183/2153 1876/2193/2153 1877/2195/2153
f 1870/2170/2154 1869/2168/2154 1884/2194/2154
f 1862/2169/2155 1877/2195/2155 1878/2197/2155
f 1871/2172/2156 1870/2170/2156 1885/2196/2156
f 1863/2171/2157 1878/2197/2157 1879/2199/2157
f 1872/2174/2158 1871/2172/2158 1886/2198/2158
f 1864/2173/2159 1879/2199/2159 1880/2200/2159
f 1876/2193/2160 1891/2217/2160 1892/2201/2160
f 1885/2196/2161 1884/2194/2161 1899/2202/2161
f 1877/2195/2162 1892/2201/2162 1893/2204/2162
f 1886/2198/2163 1885/2196/2163 1900/2203/2163
f 1878/2197/2164 1893/2204/2164 1894/2206/2164
f 1887/2184/2165 1886/2198/2165 1901/2205/2165
f 1879/2199/2166 1894/2206/2166 1895/2208/2166
f 1888/2185/2167 1887/2184/2167 1902/2207/2167
f 1880/2200/2168 1895/2208/2168 1896/2210/2168
f 1889/2187/2262 1888/2185/2262 1903/2209/2262
f 1881/2186/2170 1896/2210/2170 1897/2212/2170
f 1883/2192/2173 1882/2188/2173 1897/2212/2173
f 1875/2190/2174 1890/2214/2174 1891/2217/2174
f 1884/2194/2263 1883/2192/2263 1898/2216/2263
f 1895/2208/2264 1910/2234/2264 1911/2218/2264
f 1904/2211/2177 1903/2209/2177 1918/2219/2177
f 1896/2210/2178 1911/2218/2178 1912/2221/2178
f 1898/2216/2181 1897/2212/2181 1912/2221/2181
f 1890/2214/2182 1905/2223/2182 1906/2226/2182
f 1899/2202/2265 1898/2216/2265 1913/2225/2265
f 1891/2217/2184 1906/2226/2184 1907/2228/2184
f 1900/2203/2185 1899/2202/2185 1914/2227/2185
f 1892/2201/2186 1907/2228/2186 1908/2230/2186
f 1901/2205/2187 1900/2203/2187 1915/2229/2187
f 1893/2204/2188 1908/2230/2188 1909/2232/2188
f 1902/2207/2189 1901/2205/2189 1916/2231/2189
f 1894/2206/2190 1909/2232/2190 1910/2234/2190
f 1903/2209/2191 1902/2207/2191 1917/2233/2191
f 1915/2229/2192 1914/2227/2192 1924/1678/2192
f 1907/2228/2193 1447/1709/2193 1922/1681/2193
f 1916/2231/2194 1915/2229/2194 1452/1680/2194
f 1908/2230/2195 1922/1681/2195 1448/1686/2195
f 1917/2233/2196 1916/2231/2196 1925/1685/2196
f 1909/2232/2197 1448/1686/2197 1923/1690/2197
f 1918/2219/2198 1917/2233/2198 1926/1689/2198
f 1910/2234/2199 1923/1690/2199 1449/1694/2199
f 1919/2220/2266 1918/2219/2266 1927/1693/2266
f 1911/2218/2201 1449/1694/2201 1450/1698/2201
f 1913/2225/2204 1912/2221/2204 1450/1698/2204
f 1905/2223/2205 1920/1700/2205 1921/1706/2205
f 1914/2227/2206 1913/2225/2206 1451/1705/2206
f 1906/2226/2207 1921/1706/2207 1447/1709/2207
o 球.004
v -0.165457 0.554527 -0.534405
v -0.165457 0.544706 -0.547680
v -0.165457 0.531874 -0.554864
v -0.165457 0.524930 -0.555788
v -0.165457 0.517985 -0.554864
v -0.165457 0.505154 -0.547680
v -0.163996 0.559842 -0.516881
v -0.162592 0.557816 -0.525734
v -0.161297 0.554527 -0.533892
v -0.160162 0.550100 -0.541043
v -0.159231 0.544706 -0.546911
v -0.158539 0.538552 -0.551272
v -0.158113 0.531874 -0.553957
v -0.157969 0.524930 -0.554864
v -0.158113 0.517985 -0.553957
v -0.158539 0.511308 -0.551272
v -0.159231 0.505154 -0.546911
v -0.160162 0.499760 -0.541043
v -0.161297 0.495333 -0.533892
v -0.162592 0.492043 -0.525734
v -0.163996 0.490018 -0.516881
v -0.162592 0.559842 -0.516347
v -0.159836 0.557816 -0.524686
v -0.157296 0.554527 -0.532371
v -0.155070 0.550100 -0.539107
v -0.153244 0.544706 -0.544635
v -0.151886 0.538552 -0.548742
v -0.151050 0.531874 -0.551272
v -0.150768 0.524930 -0.552126
v -0.151050 0.517985 -0.551272
v -0.151886 0.511308 -0.548742
v -0.153244 0.505154 -0.544635
v -0.155070 0.499760 -0.539107
v -0.157296 0.495333 -0.532371
v -0.159836 0.492043 -0.524686
v -0.162592 0.490018 -0.516347
v -0.161297 0.559842 -0.515480
v -0.157296 0.557816 -0.522984
v -0.153610 0.554527 -0.529901
v -0.150378 0.550100 -0.535963
v -0.147726 0.544706 -0.540938
v -0.145755 0.538552 -0.544635
v -0.144542 0.531874 -0.546911
v -0.144132 0.524930 -0.547680
v -0.144542 0.517985 -0.546911
v -0.145755 0.511308 -0.544635
v -0.147726 0.505154 -0.540938
v -0.150378 0.499760 -0.535963
v -0.153610 0.495333 -0.529901
v -0.157296 0.492043 -0.522984
v -0.161297 0.490018 -0.515480
v -0.160162 0.559842 -0.514313
v -0.155070 0.557816 -0.520695
v -0.150378 0.554527 -0.526576
v -0.146265 0.550100 -0.531732
v -0.142889 0.544706 -0.535963
v -0.140381 0.538552 -0.539107
v -0.138836 0.531874 -0.541043
v -0.138315 0.524930 -0.541696
v -0.138836 0.517985 -0.541043
v -0.140381 0.511308 -0.539107
v -0.142889 0.505154 -0.535963
v -0.146265 0.499760 -0.531732
v -0.150378 0.495333 -0.526576
v -0.155070 0.492043 -0.520695
v -0.160162 0.490018 -0.514313
v -0.159231 0.559842 -0.512890
v -0.153244 0.557816 -0.517905
v -0.147726 0.554527 -0.522526
v -0.142889 0.550100 -0.526576
v -0.138920 0.544706 -0.529901
v -0.135971 0.538552 -0.532371
v -0.134155 0.531874 -0.533892
v -0.133541 0.524930 -0.534405
v -0.134155 0.517985 -0.533892
v -0.135971 0.511308 -0.532371
v -0.138920 0.505154 -0.529901
v -0.142889 0.499760 -0.526576
v -0.147726 0.495333 -0.522526
v -0.153244 0.492043 -0.517905
v -0.159231 0.490018 -0.512890
v -0.165457 0.560526 -0.507675
v -0.158539 0.559842 -0.511267
v -0.151886 0.557816 -0.514721
v -0.145755 0.554527 -0.517905
v -0.140381 0.550100 -0.520695
v -0.135971 0.544706 -0.522984
v -0.132694 0.538552 -0.524686
v -0.130675 0.531874 -0.525734
v -0.129994 0.524930 -0.526087
v -0.130675 0.517985 -0.525734
v -0.132694 0.511308 -0.524686
v -0.135971 0.505154 -0.522984
v -0.140381 0.499760 -0.520695
v -0.145755 0.495333 -0.517905
v -0.151886 0.492043 -0.514721
v -0.158539 0.490018 -0.511267
v -0.158113 0.559842 -0.509507
v -0.151050 0.557816 -0.511267
v -0.144542 0.554527 -0.512890
v -0.138836 0.550100 -0.514313
v -0.134155 0.544706 -0.515480
v -0.130675 0.538552 -0.516347
v -0.128533 0.531874 -0.516881
v -0.127810 0.524930 -0.517062
v -0.128533 0.517985 -0.516881
v -0.130675 0.511308 -0.516347
v -0.134155 0.505154 -0.515480
v -0.138836 0.499760 -0.514313
v -0.144542 0.495333 -0.512890
v -0.151050 0.492043 -0.511267
v -0.158113 0.490018 -0.509507
v -0.157969 0.559842 -0.507675
v -0.150768 0.557816 -0.507675
v -0.144132 0.554527 -0.507675
v -0.138315 0.550100 -0.507675
v -0.133541 0.544706 -0.507675
v -0.129994 0.538552 -0.507675
v -0.127810 0.531874 -0.507675
v -0.127072 0.524930 -0.507675
v -0.127810 0.517985 -0.507675
v -0.129994 0.511308 -0.507675
v -0.133541 0.505154 -0.507675
v -0.138315 0.499760 -0.507675
v -0.144132 0.495333 -0.507675
v -0.150768 0.492043 -0.507675
v -0.157969 0.490018 -0.507675
v -0.158113 0.559842 -0.505844
v -0.151050 0.557816 -0.504083
v -0.144542 0.554527 -0.502461
v -0.138836 0.550100 -0.501038
v -0.134155 0.544706 -0.499871
v -0.130675 0.538552 -0.499004
v -0.128533 0.531874 -0.498469
v -0.127810 0.524930 -0.498289
v -0.128533 0.517985 -0.498469
v -0.130675 0.511308 -0.499004
v -0.134155 0.505154 -0.499871
v -0.138836 0.499760 -0.501038
v -0.144542 0.495333 -0.502461
v -0.151050 0.492043 -0.504083
v -0.158113 0.490018 -0.505844
v -0.158539 0.559842 -0.504083
v -0.151886 0.557816 -0.500629
v -0.145755 0.554527 -0.497446
v -0.140381 0.550100 -0.494656
v -0.135971 0.544706 -0.492366
v -0.132694 0.538552 -0.490665
v -0.130675 0.531874 -0.489617
v -0.129994 0.524930 -0.489264
v -0.130675 0.517985 -0.489617
v -0.132694 0.511308 -0.490665
v -0.135971 0.505154 -0.492366
v -0.140381 0.499760 -0.494656
v -0.145755 0.495333 -0.497446
v -0.151886 0.492043 -0.500629
v -0.158539 0.490018 -0.504083
v -0.159231 0.559842 -0.502461
v -0.153244 0.557816 -0.497446
v -0.147726 0.554527 -0.492825
v -0.142889 0.550100 -0.488774
v -0.138920 0.544706 -0.485450
v -0.135971 0.538552 -0.482980
v -0.134155 0.531874 -0.481459
v -0.133541 0.524930 -0.480945
v -0.134155 0.517985 -0.481459
v -0.135971 0.511308 -0.482980
v -0.138920 0.505154 -0.485450
v -0.142889 0.499760 -0.488774
v -0.147726 0.495333 -0.492825
v -0.153244 0.492043 -0.497446
v -0.159231 0.490018 -0.502461
v -0.160162 0.559842 -0.501038
v -0.155070 0.557816 -0.494656
v -0.150378 0.554527 -0.488774
v -0.146265 0.550100 -0.483619
v -0.142889 0.544706 -0.479388
v -0.140381 0.538552 -0.476244
v -0.138836 0.531874 -0.474308
v -0.138315 0.524930 -0.473655
v -0.138836 0.517985 -0.474308
v -0.140381 0.511308 -0.476244
v -0.142889 0.505154 -0.479388
v -0.146265 0.499760 -0.483619
v -0.150378 0.495333 -0.488774
v -0.155070 0.492043 -0.494656
v -0.160162 0.490018 -0.501038
v -0.161297 0.559842 -0.499871
v -0.157296 0.557816 -0.492366
v -0.153610 0.554527 -0.485450
v -0.150378 0.550100 -0.479388
v -0.147726 0.544706 -0.474413
v -0.145755 0.538552 -0.470716
v -0.144542 0.531874 -0.468440
v -0.144132 0.524930 -0.467671
v -0.144542 0.517985 -0.468440
v -0.145755 0.511308 -0.470716
v -0.147726 0.505154 -0.474413
v -0.150378 0.499760 -0.479388
v -0.153610 0.495333 -0.485450
v -0.157296 0.492043 -0.492366
v -0.161297 0.490018 -0.499871
v -0.162592 0.559842 -0.499004
v -0.159836 0.557816 -0.490665
v -0.157296 0.554527 -0.482980
v -0.155070 0.550100 -0.476244
v -0.153244 0.544706 -0.470716
v -0.151886 0.538552 -0.466609
v -0.151050 0.531874 -0.464079
v -0.150768 0.524930 -0.463225
v -0.151050 0.517985 -0.464079
v -0.151886 0.511308 -0.466609
v -0.153244 0.505154 -0.470716
v -0.155070 0.499760 -0.476244
v -0.157296 0.495333 -0.482980
v -0.159836 0.492043 -0.490665
v -0.162592 0.490018 -0.499004
v -0.163996 0.559842 -0.498469
v -0.162592 0.557816 -0.489617
v -0.161297 0.554527 -0.481459
v -0.160162 0.550100 -0.474308
v -0.159231 0.544706 -0.468440
v -0.158539 0.538552 -0.464079
v -0.158113 0.531874 -0.461394
v -0.157969 0.524930 -0.460487
v -0.158113 0.517985 -0.461394
v -0.158539 0.511308 -0.464079
v -0.159231 0.505154 -0.468440
v -0.160162 0.499760 -0.474308
v -0.161297 0.495333 -0.481459
v -0.162592 0.492043 -0.489617
v -0.163996 0.490018 -0.498469
v -0.165457 0.559842 -0.498289
v -0.165457 0.557816 -0.489264
v -0.165457 0.554527 -0.480945
v -0.165457 0.550100 -0.473655
v -0.165457 0.544706 -0.467671
v -0.165457 0.538552 -0.463225
v -0.165457 0.531874 -0.460487
v -0.165457 0.524930 -0.459563
v -0.165457 0.517985 -0.460487
v -0.165457 0.511308 -0.463225
v -0.165457 0.505154 -0.467671
v -0.165457 0.499760 -0.473655
v -0.165457 0.495333 -0.480945
v -0.165457 0.492043 -0.489264
v -0.165457 0.490018 -0.498289
v -0.166918 0.559842 -0.498469
v -0.168323 0.557816 -0.489617
v -0.169618 0.554527 -0.481459
v -0.170753 0.550100 -0.474308
v -0.171684 0.544706 -0.468440
v -0.172376 0.538552 -0.464079
v -0.172802 0.531874 -0.461394
v -0.172946 0.524930 -0.460487
v -0.172802 0.517985 -0.461394
v -0.172376 0.511308 -0.464079
v -0.171684 0.505154 -0.468440
v -0.170753 0.499760 -0.474308
v -0.169618 0.495333 -0.481459
v -0.168323 0.492043 -0.489617
v -0.166918 0.490018 -0.498469
v -0.168323 0.559842 -0.499004
v -0.171079 0.557816 -0.490665
v -0.173618 0.554527 -0.482980
v -0.175844 0.550100 -0.476244
v -0.177671 0.544706 -0.470716
v -0.179029 0.538552 -0.466609
v -0.179865 0.531874 -0.464079
v -0.180147 0.524930 -0.463225
v -0.179865 0.517985 -0.464079
v -0.179029 0.511308 -0.466609
v -0.177671 0.505154 -0.470716
v -0.175844 0.499760 -0.476244
v -0.173618 0.495333 -0.482980
v -0.171079 0.492043 -0.490665
v -0.168323 0.490018 -0.499004
v -0.169618 0.559842 -0.499871
v -0.173618 0.557816 -0.492366
v -0.177305 0.554527 -0.485450
v -0.180537 0.550100 -0.479388
v -0.183189 0.544706 -0.474413
v -0.185160 0.538552 -0.470716
v -0.186373 0.531874 -0.468440
v -0.186783 0.524930 -0.467671
v -0.186373 0.517985 -0.468440
v -0.185160 0.511308 -0.470716
v -0.183189 0.505154 -0.474413
v -0.180537 0.499760 -0.479388
v -0.177305 0.495333 -0.485450
v -0.173618 0.492043 -0.492366
v -0.169618 0.490018 -0.499871
v -0.170753 0.559842 -0.501038
v -0.175844 0.557816 -0.494656
v -0.180537 0.554527 -0.488774
v -0.184650 0.550100 -0.483619
v -0.188026 0.544706 -0.479388
v -0.190534 0.538552 -0.476244
v -0.192078 0.531874 -0.474308
v -0.192600 0.524930 -0.473655
v -0.192078 0.517985 -0.474308
v -0.190534 0.511308 -0.476244
v -0.188026 0.505154 -0.479388
v -0.184650 0.499760 -0.483619
v -0.180537 0.495333 -0.488774
v -0.175844 0.492043 -0.494656
v -0.170753 0.490018 -0.501038
v -0.165457 0.489334 -0.507675
v -0.171684 0.559842 -0.502461
v -0.177671 0.557816 -0.497446
v -0.183189 0.554527 -0.492825
v -0.188026 0.550100 -0.488774
v -0.191995 0.544706 -0.485450
v -0.194944 0.538552 -0.482980
v -0.196760 0.531874 -0.481459
v -0.197374 0.524930 -0.480945
v -0.196760 0.517985 -0.481459
v -0.194944 0.511308 -0.482980
v -0.191995 0.505154 -0.485450
v -0.188026 0.499760 -0.488774
v -0.183189 0.495333 -0.492825
v -0.177671 0.492043 -0.497446
v -0.171684 0.490018 -0.502461
v -0.172376 0.559842 -0.504083
v -0.179029 0.557816 -0.500629
v -0.185160 0.554527 -0.497446
v -0.190534 0.550100 -0.494656
v -0.194944 0.544706 -0.492366
v -0.198221 0.538552 -0.490665
v -0.200239 0.531874 -0.489617
v -0.200921 0.524930 -0.489264
v -0.200239 0.517985 -0.489617
v -0.198221 0.511308 -0.490665
v -0.194944 0.505154 -0.492366
v -0.190534 0.499760 -0.494656
v -0.185160 0.495333 -0.497446
v -0.179029 0.492043 -0.500629
v -0.172376 0.490018 -0.504083
v -0.172802 0.559842 -0.505844
v -0.179865 0.557816 -0.504083
v -0.186373 0.554527 -0.502461
v -0.192078 0.550100 -0.501038
v -0.196760 0.544706 -0.499871
v -0.200239 0.538552 -0.499004
v -0.202382 0.531874 -0.498469
v -0.203105 0.524930 -0.498289
v -0.202382 0.517985 -0.498469
v -0.200239 0.511308 -0.499004
v -0.196760 0.505154 -0.499871
v -0.192078 0.499760 -0.501038
v -0.186373 0.495333 -0.502461
v -0.179865 0.492043 -0.504083
v -0.172802 0.490018 -0.505844
v -0.172946 0.559842 -0.507675
v -0.180147 0.557816 -0.507675
v -0.186783 0.554527 -0.507675
v -0.192600 0.550100 -0.507675
v -0.197374 0.544706 -0.507675
v -0.200921 0.538552 -0.507675
v -0.203105 0.531874 -0.507675
v -0.203843 0.524930 -0.507675
v -0.203105 0.517985 -0.507675
v -0.200921 0.511308 -0.507675
v -0.197374 0.505154 -0.507675
v -0.192600 0.499760 -0.507675
v -0.186783 0.495333 -0.507675
v -0.180147 0.492043 -0.507675
v -0.172946 0.490018 -0.507675
v -0.172802 0.559842 -0.509507
v -0.179865 0.557816 -0.511267
v -0.186373 0.554527 -0.512890
v -0.192078 0.550100 -0.514313
v -0.196760 0.544706 -0.515480
v -0.200239 0.538552 -0.516347
v -0.202382 0.531874 -0.516881
v -0.203105 0.524930 -0.517062
v -0.202382 0.517985 -0.516881
v -0.200239 0.511308 -0.516347
v -0.196760 0.505154 -0.515480
v -0.192078 0.499760 -0.514313
v -0.186373 0.495333 -0.512890
v -0.179865 0.492043 -0.511267
v -0.172802 0.490018 -0.509507
v -0.172376 0.559842 -0.511267
v -0.179029 0.557816 -0.514721
v -0.185160 0.554527 -0.517905
v -0.190534 0.550100 -0.520695
v -0.194944 0.544706 -0.522984
v -0.198221 0.538552 -0.524686
v -0.200239 0.531874 -0.525734
v -0.200921 0.524930 -0.526087
v -0.200239 0.517985 -0.525734
v -0.198221 0.511308 -0.524686
v -0.194944 0.505154 -0.522984
v -0.190534 0.499760 -0.520695
v -0.185160 0.495333 -0.517905
v -0.179029 0.492043 -0.514721
v -0.172376 0.490018 -0.511267
v -0.171684 0.559842 -0.512890
v -0.177671 0.557816 -0.517905
v -0.183189 0.554527 -0.522526
v -0.188026 0.550100 -0.526576
v -0.191995 0.544706 -0.529901
v -0.194944 0.538552 -0.532371
v -0.196760 0.531874 -0.533892
v -0.197374 0.524930 -0.534405
v -0.196760 0.517985 -0.533892
v -0.194944 0.511308 -0.532371
v -0.191995 0.505154 -0.529901
v -0.188026 0.499760 -0.526576
v -0.183189 0.495333 -0.522526
v -0.177671 0.492043 -0.517905
v -0.171684 0.490018 -0.512890
v -0.170753 0.559842 -0.514313
v -0.175844 0.557816 -0.520695
v -0.180537 0.554527 -0.526576
v -0.184650 0.550100 -0.531732
v -0.188026 0.544706 -0.535963
v -0.190534 0.538552 -0.539107
v -0.192078 0.531874 -0.541043
v -0.192600 0.524930 -0.541696
v -0.192078 0.517985 -0.541043
v -0.190534 0.511308 -0.539107
v -0.188026 0.505154 -0.535963
v -0.184650 0.499760 -0.531732
v -0.180537 0.495333 -0.526576
v -0.175844 0.492043 -0.520695
v -0.170753 0.490018 -0.514313
v -0.169618 0.559842 -0.515480
v -0.173618 0.557816 -0.522984
v -0.177305 0.554527 -0.529901
v -0.180537 0.550100 -0.535963
v -0.183189 0.544706 -0.540938
v -0.185160 0.538552 -0.544635
v -0.186373 0.531874 -0.546911
v -0.186783 0.524930 -0.547680
v -0.186373 0.517985 -0.546911
v -0.185160 0.511308 -0.544635
v -0.183189 0.505154 -0.540938
v -0.180537 0.499760 -0.535963
v -0.177305 0.495333 -0.529901
v -0.173618 0.492043 -0.522984
v -0.169618 0.490018 -0.515480
v -0.168323 0.559842 -0.516347
v -0.171079 0.557816 -0.524686
v -0.173618 0.554527 -0.532371
v -0.175844 0.550100 -0.539107
v -0.177671 0.544706 -0.544635
v -0.179029 0.538552 -0.548742
v -0.179865 0.531874 -0.551272
v -0.180147 0.524930 -0.552126
v -0.179865 0.517985 -0.551272
v -0.179029 0.511308 -0.548742
v -0.177671 0.505154 -0.544635
v -0.175844 0.499760 -0.539107
v -0.173618 0.495333 -0.532371
v -0.171079 0.492043 -0.524686
v -0.168323 0.490018 -0.516347
v -0.166918 0.559842 -0.516881
v -0.168323 0.557816 -0.525734
v -0.169618 0.554527 -0.533892
v -0.170753 0.550100 -0.541043
v -0.171684 0.544706 -0.546911
v -0.172376 0.538552 -0.551272
v -0.172802 0.531874 -0.553957
v -0.172946 0.524930 -0.554864
v -0.172802 0.517985 -0.553957
v -0.172376 0.511308 -0.551272
v -0.171684 0.505154 -0.546911
v -0.170753 0.499760 -0.541043
v -0.169618 0.495333 -0.533892
v -0.168323 0.492043 -0.525734
v -0.166918 0.490018 -0.516881
v -0.165457 0.559842 -0.517062
v -0.165457 0.557816 -0.526087
v -0.165457 0.550100 -0.541696
v -0.165457 0.538552 -0.552126
v -0.165457 0.511308 -0.552126
v -0.165457 0.499760 -0.541696
v -0.165457 0.495333 -0.534405
v -0.165457 0.492043 -0.526087
v -0.165457 0.490018 -0.517062
vn 0.0996 -0.5827 -0.8066
vn 0.0639 0.8530 -0.5179
vn 0.0824 -0.7402 -0.6673
vn 0.0824 0.7402 -0.6673
vn 0.0639 -0.8530 -0.5179
vn 0.0996 0.5827 -0.8066
vn 0.0454 -0.9290 -0.3674
vn 0.1135 0.3769 -0.9193
vn 0.0271 -0.9754 -0.2189
vn 0.1215 0.1310 -0.9839
vn 0.0090 0.9973 -0.0727
vn 0.0090 -0.9973 -0.0727
vn 0.1215 -0.1310 -0.9839
vn 0.0270 0.9754 -0.2189
vn 0.1135 -0.3769 -0.9193
vn 0.0453 0.9290 -0.3674
vn 0.0799 0.9744 -0.2103
vn 0.3301 -0.3702 -0.8683
vn 0.1339 0.9263 -0.3522
vn 0.2908 -0.5747 -0.7649
vn 0.1883 0.8482 -0.4952
vn 0.2417 -0.7332 -0.6356
vn 0.2417 0.7332 -0.6356
vn 0.1883 -0.8481 -0.4952
vn 0.2908 0.5747 -0.7649
vn 0.1339 -0.9263 -0.3522
vn 0.3301 0.3702 -0.8683
vn 0.0800 -0.9744 -0.2103
vn 0.3525 0.1283 -0.9270
vn 0.0265 0.9972 -0.0699
vn 0.0265 -0.9972 -0.0699
vn 0.3525 -0.1283 -0.9270
vn 0.4608 0.5608 -0.6879
vn 0.2164 -0.9214 -0.3229
vn 0.5195 0.3588 -0.7755
vn 0.1296 -0.9725 -0.1934
vn 0.5523 0.1238 -0.8244
vn 0.0431 0.9970 -0.0644
vn 0.0431 -0.9970 -0.0644
vn 0.5523 -0.1238 -0.8244
vn 0.1296 0.9725 -0.1934
vn 0.5195 -0.3588 -0.7755
vn 0.2163 0.9214 -0.3229
vn 0.4608 -0.5608 -0.6879
vn 0.3026 0.8393 -0.4516
vn 0.3858 -0.7208 -0.5759
vn 0.3858 0.7208 -0.5759
vn 0.3026 -0.8393 -0.4516
vn 0.6729 -0.3453 -0.6542
vn 0.2891 0.9151 -0.2811
vn 0.6016 -0.5440 -0.5849
vn 0.4018 0.8282 -0.3906
vn 0.5082 -0.7055 -0.4940
vn 0.5082 0.7055 -0.4940
vn 0.4018 -0.8282 -0.3906
vn 0.6016 0.5440 -0.5849
vn 0.2891 -0.9151 -0.2811
vn 0.6729 0.3453 -0.6542
vn 0.1739 -0.9701 -0.1691
vn 0.7120 0.1186 -0.6921
vn 0.0581 0.9967 -0.0564
vn 0.0580 -0.9967 -0.0564
vn 0.7120 -0.1186 -0.6921
vn 0.1739 0.9701 -0.1691
vn 0.3498 -0.9084 -0.2290
vn 0.7891 0.3323 -0.5167
vn 0.2114 -0.9675 -0.1384
vn 0.8312 0.1137 -0.5442
vn 0.0707 0.9964 -0.0463
vn 0.0707 -0.9964 -0.0463
vn 0.8312 -0.1137 -0.5442
vn 0.2114 0.9675 -0.1384
vn 0.7891 -0.3323 -0.5166
vn 0.3498 0.9084 -0.2290
vn 0.7108 -0.5274 -0.4654
vn 0.4828 0.8167 -0.3161
vn 0.6056 -0.6900 -0.3965
vn 0.6056 0.6900 -0.3965
vn 0.4828 -0.8167 -0.3161
vn 0.7108 0.5274 -0.4654
vn 0.7894 -0.5134 -0.3366
vn 0.5439 0.8065 -0.2319
vn 0.6774 -0.6765 -0.2889
vn 0.6774 0.6765 -0.2889
vn 0.5439 -0.8065 -0.2319
vn 0.7894 0.5134 -0.3366
vn 0.3964 -0.9024 -0.1690
vn 0.8710 0.3215 -0.3714
vn 0.2406 -0.9652 -0.1026
vn 0.9143 0.1096 -0.3899
vn 0.0806 0.9962 -0.0344
vn 0.0806 -0.9962 -0.0344
vn 0.9143 -0.1096 -0.3899
vn 0.2406 0.9652 -0.1026
vn 0.8710 -0.3215 -0.3714
vn 0.3964 0.9024 -0.1690
vn 0.2606 -0.9634 -0.0631
vn 0.9664 0.1067 -0.2339
vn 0.0875 0.9959 -0.0212
vn 0.0875 -0.9959 -0.0212
vn 0.9664 -0.1067 -0.2339
vn 0.2606 0.9634 -0.0631
vn 0.9228 -0.3139 -0.2233
vn 0.4280 0.8978 -0.1036
vn 0.8398 -0.5034 -0.2032
vn 0.5846 0.7989 -0.1415
vn 0.7244 -0.6667 -0.1753
vn 0.7244 0.6667 -0.1753
vn 0.5846 -0.7989 -0.1415
vn 0.8398 0.5034 -0.2032
vn 0.4279 -0.8979 -0.1036
vn 0.9228 0.3139 -0.2233
vn 0.6049 0.7949 -0.0475
vn 0.7476 -0.6616 -0.0587
vn 0.7476 0.6616 -0.0587
vn 0.6049 -0.7949 -0.0475
vn 0.8644 0.4982 -0.0679
vn 0.4438 -0.8954 -0.0349
vn 0.9478 0.3100 -0.0745
vn 0.2707 -0.9624 -0.0213
vn 0.9914 0.1053 -0.0779
vn 0.0910 0.9958 -0.0071
vn 0.0910 -0.9958 -0.0071
vn 0.9914 -0.1053 -0.0779
vn 0.2708 0.9624 -0.0213
vn 0.9478 -0.3100 -0.0745
vn 0.4439 0.8954 -0.0349
vn 0.8644 -0.4982 -0.0679
vn 0.9914 0.1053 0.0779
vn 0.0909 0.9958 0.0071
vn 0.0910 -0.9958 0.0071
vn 0.9914 -0.1053 0.0779
vn 0.2707 0.9624 0.0213
vn 0.9478 -0.3100 0.0745
vn 0.4438 0.8954 0.0349
vn 0.8644 -0.4982 0.0679
vn 0.6049 0.7949 0.0475
vn 0.7476 -0.6616 0.0587
vn 0.7476 0.6616 0.0587
vn 0.6049 -0.7949 0.0475
vn 0.8644 0.4982 0.0679
vn 0.4438 -0.8954 0.0349
vn 0.9478 0.3100 0.0745
vn 0.2707 -0.9624 0.0213
vn 0.7244 -0.6667 0.1753
vn 0.7244 0.6667 0.1753
vn 0.5846 -0.7989 0.1415
vn 0.8398 0.5034 0.2032
vn 0.4279 -0.8979 0.1036
vn 0.9228 0.3139 0.2233
vn 0.2606 -0.9634 0.0631
vn 0.9664 0.1067 0.2339
vn 0.0875 0.9959 0.0212
vn 0.0875 -0.9959 0.0212
vn 0.9664 -0.1067 0.2339
vn 0.2606 0.9634 0.0631
vn 0.9228 -0.3139 0.2233
vn 0.4279 0.8978 0.1036
vn 0.8398 -0.5034 0.2032
vn 0.5846 0.7989 0.1415
vn 0.0806 0.9962 0.0344
vn 0.0806 -0.9962 0.0344
vn 0.9143 -0.1096 0.3899
vn 0.2406 0.9652 0.1026
vn 0.8710 -0.3215 0.3714
vn 0.3964 0.9024 0.1690
vn 0.7894 -0.5134 0.3366
vn 0.5439 0.8065 0.2319
vn 0.6774 -0.6765 0.2889
vn 0.6774 0.6765 0.2889
vn 0.5439 -0.8065 0.2319
vn 0.7894 0.5134 0.3366
vn 0.3964 -0.9024 0.1690
vn 0.8710 0.3215 0.3714
vn 0.2406 -0.9652 0.1026
vn 0.9143 0.1096 0.3899
vn 0.6056 0.6900 0.3965
vn 0.4828 -0.8167 0.3161
vn 0.7108 0.5274 0.4654
vn 0.3498 -0.9084 0.2290
vn 0.7891 0.3323 0.5167
vn 0.2114 -0.9675 0.1384
vn 0.8312 0.1137 0.5442
vn 0.0707 0.9964 0.0463
vn 0.0707 -0.9964 0.0463
vn 0.8312 -0.1137 0.5442
vn 0.2114 0.9675 0.1384
vn 0.7891 -0.3323 0.5166
vn 0.3498 0.9084 0.2290
vn 0.7108 -0.5274 0.4654
vn 0.4828 0.8167 0.3161
vn 0.6056 -0.6900 0.3965
vn 0.7120 -0.1186 0.6921
vn 0.1739 0.9701 0.1691
vn 0.6729 -0.3453 0.6542
vn 0.2892 0.9151 0.2811
vn 0.6016 -0.5440 0.5849
vn 0.4018 0.8282 0.3906
vn 0.5082 -0.7055 0.4940
vn 0.5082 0.7055 0.4940
vn 0.4018 -0.8282 0.3906
vn 0.6016 0.5440 0.5849
vn 0.2891 -0.9151 0.2811
vn 0.6729 0.3453 0.6542
vn 0.1740 -0.9701 0.1691
vn 0.7120 0.1186 0.6921
vn 0.0580 0.9967 0.0564
vn 0.0580 -0.9967 0.0564
vn 0.3026 -0.8393 0.4516
vn 0.4608 0.5608 0.6879
vn 0.2164 -0.9214 0.3229
vn 0.5195 0.3588 0.7755
vn 0.1296 -0.9725 0.1934
vn 0.5523 0.1238 0.8244
vn 0.0431 0.9970 0.0644
vn 0.0431 -0.9970 0.0644
vn 0.5523 -0.1238 0.8244
vn 0.1296 0.9725 0.1934
vn 0.5195 -0.3588 0.7755
vn 0.2164 0.9214 0.3229
vn 0.4608 -0.5608 0.6879
vn 0.3026 0.8393 0.4516
vn 0.3858 -0.7208 0.5759
vn 0.3858 0.7208 0.5759
vn 0.3301 -0.3702 0.8683
vn 0.1339 0.9263 0.3522
vn 0.2908 -0.5747 0.7649
vn 0.1883 0.8482 0.4952
vn 0.2417 -0.7332 0.6356
vn 0.2417 0.7332 0.6356
vn 0.1883 -0.8481 0.4952
vn 0.2908 0.5747 0.7649
vn 0.1339 -0.9263 0.3522
vn 0.3301 0.3702 0.8683
vn 0.0800 -0.9744 0.2103
vn 0.3525 0.1283 0.9270
vn 0.0266 0.9972 0.0699
vn 0.0265 -0.9972 0.0699
vn 0.3525 -0.1283 0.9270
vn 0.0799 0.9744 0.2103
vn 0.0454 -0.9290 0.3674
vn 0.1135 0.3769 0.9193
vn 0.0271 -0.9754 0.2189
vn 0.1215 0.1310 0.9839
vn 0.0090 0.9973 0.0727
vn 0.0090 -0.9973 0.0727
vn 0.1215 -0.1310 0.9839
vn 0.0270 0.9754 0.2189
vn 0.1135 -0.3769 0.9193
vn 0.0453 0.9290 0.3674
vn 0.0996 -0.5827 0.8066
vn 0.0639 0.8530 0.5179
vn 0.0824 -0.7402 0.6673
vn 0.0824 0.7402 0.6673
vn 0.0640 -0.8530 0.5179
vn 0.0996 0.5827 0.8066
vn -0.0453 0.9290 0.3674
vn -0.0996 -0.5827 0.8066
vn -0.0639 0.8530 0.5179
vn -0.0824 -0.7402 0.6673
vn -0.0824 0.7402 0.6673
vn -0.0639 -0.8530 0.5179
vn -0.0996 0.5827 0.8066
vn -0.0454 -0.9290 0.3674
vn -0.1135 0.3769 0.9193
vn -0.0271 -0.9754 0.2189
vn -0.1215 0.1310 0.9839
vn -0.0090 0.9973 0.0727
vn -0.0090 -0.9973 0.0727
vn -0.1215 -0.1310 0.9839
vn -0.0270 0.9754 0.2189
vn -0.1135 -0.3769 0.9193
vn -0.3301 0.3702 0.8683
vn -0.0800 -0.9744 0.2103
vn -0.3525 0.1283 0.9270
vn -0.0266 0.9972 0.0699
vn -0.0265 -0.9972 0.0699
vn -0.3525 -0.1283 0.9270
vn -0.0799 0.9744 0.2103
vn -0.3301 -0.3702 0.8683
vn -0.1339 0.9263 0.3522
vn -0.2908 -0.5747 0.7649
vn -0.1883 0.8482 0.4952
vn -0.2417 -0.7332 0.6356
vn -0.2417 0.7332 0.6356
vn -0.1883 -0.8481 0.4952
vn -0.2908 0.5747 0.7649
vn -0.1339 -0.9263 0.3522
vn -0.4608 -0.5608 0.6879
vn -0.3026 0.8393 0.4516
vn -0.3858 -0.7208 0.5759
vn -0.3858 0.7208 0.5759
vn -0.3026 -0.8393 0.4516
vn -0.4608 0.5608 0.6879
vn -0.2164 -0.9214 0.3229
vn -0.5195 0.3588 0.7755
vn -0.1296 -0.9725 0.1934
vn -0.5523 0.1238 0.8244
vn -0.0431 0.9970 0.0644
vn -0.0431 -0.9970 0.0644
vn -0.5523 -0.1238 0.8244
vn -0.1296 0.9725 0.1934
vn -0.5195 -0.3588 0.7755
vn -0.2163 0.9214 0.3229
vn -0.1740 -0.9701 0.1691
vn -0.7120 0.1186 0.6921
vn -0.0580 0.9967 0.0564
vn -0.0580 -0.9967 0.0564
vn -0.7120 -0.1186 0.6921
vn -0.1739 0.9701 0.1691
vn -0.6729 -0.3453 0.6542
vn -0.2892 0.9151 0.2811
vn -0.6016 -0.5440 0.5849
vn -0.4018 0.8282 0.3906
vn -0.5082 -0.7055 0.4940
vn -0.5082 0.7055 0.4940
vn -0.4018 -0.8282 0.3906
vn -0.6016 0.5440 0.5849
vn -0.2891 -0.9151 0.2811
vn -0.6729 0.3453 0.6542
vn -0.4828 0.8167 0.3161
vn -0.6056 -0.6900 0.3965
vn -0.6056 0.6900 0.3965
vn -0.4828 -0.8167 0.3161
vn -0.7108 0.5274 0.4654
vn -0.3497 -0.9084 0.2290
vn -0.7891 0.3323 0.5167
vn -0.2114 -0.9675 0.1384
vn -0.8312 0.1137 0.5442
vn -0.0707 0.9964 0.0463
vn -0.0707 -0.9964 0.0463
vn -0.8312 -0.1136 0.5442
vn -0.2114 0.9675 0.1384
vn -0.7891 -0.3323 0.5166
vn -0.3498 0.9084 0.2290
vn -0.7108 -0.5274 0.4654
vn -0.9143 0.1096 0.3899
vn -0.0806 0.9962 0.0344
vn -0.0806 -0.9962 0.0344
vn -0.9143 -0.1096 0.3899
vn -0.2406 0.9652 0.1026
vn -0.8710 -0.3215 0.3714
vn -0.3964 0.9024 0.1690
vn -0.7894 -0.5134 0.3366
vn -0.5439 0.8065 0.2319
vn -0.6774 -0.6765 0.2889
vn -0.6774 0.6765 0.2889
vn -0.5439 -0.8065 0.2319
vn -0.7894 0.5134 0.3366
vn -0.3964 -0.9024 0.1690
vn -0.8710 0.3215 0.3714
vn -0.2406 -0.9652 0.1026
vn -0.7244 -0.6667 0.1753
vn -0.7244 0.6667 0.1753
vn -0.5846 -0.7989 0.1415
vn -0.8398 0.5034 0.2032
vn -0.4279 -0.8979 0.1036
vn -0.9228 0.3139 0.2233
vn -0.2606 -0.9634 0.0631
vn -0.9664 0.1067 0.2339
vn -0.0875 0.9959 0.0212
vn -0.0875 -0.9959 0.0212
vn -0.9664 -0.1067 0.2339
vn -0.2606 0.9634 0.0631
vn -0.9228 -0.3139 0.2233
vn -0.4279 0.8978 0.1036
vn -0.8398 -0.5034 0.2032
vn -0.5846 0.7989 0.1415
vn -0.0910 -0.9958 0.0071
vn -0.9914 -0.1053 0.0779
vn -0.2707 0.9624 0.0213
vn -0.9478 -0.3100 0.0745
vn -0.4438 0.8954 0.0349
vn -0.8644 -0.4982 0.0679
vn -0.6049 0.7949 0.0475
vn -0.7476 -0.6616 0.0587
vn -0.7476 0.6616 0.0587
vn -0.6049 -0.7949 0.0475
vn -0.8644 0.4982 0.0679
vn -0.4438 -0.8954 0.0349
vn -0.9478 0.3100 0.0745
vn -0.2707 -0.9624 0.0213
vn -0.9914 0.1053 0.0779
vn -0.0909 0.9958 0.0071
vn -0.6049 -0.7949 -0.0475
vn -0.8644 0.4982 -0.0679
vn -0.4438 -0.8954 -0.0349
vn -0.9478 0.3100 -0.0745
vn -0.2707 -0.9624 -0.0213
vn -0.9914 0.1053 -0.0779
vn -0.0910 0.9958 -0.0071
vn -0.0910 -0.9958 -0.0071
vn -0.9914 -0.1053 -0.0779
vn -0.2707 0.9624 -0.0213
vn -0.9478 -0.3100 -0.0745
vn -0.4438 0.8954 -0.0349
vn -0.8644 -0.4982 -0.0679
vn -0.6049 0.7949 -0.0475
vn -0.7476 -0.6616 -0.0587
vn -0.7476 0.6616 -0.0587
vn -0.2606 0.9634 -0.0631
vn -0.9228 -0.3139 -0.2233
vn -0.4280 0.8978 -0.1036
vn -0.8398 -0.5034 -0.2032
vn -0.5846 0.7989 -0.1415
vn -0.7244 -0.6667 -0.1753
vn -0.7244 0.6667 -0.1753
vn -0.5846 -0.7989 -0.1415
vn -0.8398 0.5034 -0.2032
vn -0.4279 -0.8979 -0.1036
vn -0.9228 0.3139 -0.2233
vn -0.2606 -0.9634 -0.0631
vn -0.9664 0.1067 -0.2339
vn -0.0875 0.9959 -0.0212
vn -0.0875 -0.9959 -0.0212
vn -0.9664 -0.1067 -0.2339
vn -0.7894 0.5134 -0.3366
vn -0.3964 -0.9024 -0.1690
vn -0.8710 0.3215 -0.3714
vn -0.2406 -0.9652 -0.1026
vn -0.9143 0.1096 -0.3899
vn -0.0806 0.9962 -0.0344
vn -0.0806 -0.9962 -0.0344
vn -0.9143 -0.1096 -0.3899
vn -0.2406 0.9652 -0.1026
vn -0.8710 -0.3215 -0.3714
vn -0.3964 0.9024 -0.1690
vn -0.7894 -0.5134 -0.3366
vn -0.5439 0.8065 -0.2319
vn -0.6774 -0.6765 -0.2889
vn -0.6774 0.6765 -0.2889
vn -0.5439 -0.8065 -0.2319
vn -0.7891 -0.3323 -0.5166
vn -0.3498 0.9084 -0.2290
vn -0.7108 -0.5274 -0.4654
vn -0.4828 0.8167 -0.3161
vn -0.6056 -0.6900 -0.3965
vn -0.6056 0.6900 -0.3965
vn -0.4828 -0.8167 -0.3161
vn -0.7108 0.5274 -0.4654
vn -0.3498 -0.9084 -0.2290
vn -0.7891 0.3323 -0.5167
vn -0.2114 -0.9675 -0.1384
vn -0.8312 0.1137 -0.5442
vn -0.0707 0.9964 -0.0463
vn -0.0707 -0.9964 -0.0463
vn -0.8312 -0.1136 -0.5442
vn -0.2114 0.9675 -0.1384
vn -0.2891 -0.9151 -0.2811
vn -0.6729 0.3453 -0.6542
vn -0.1740 -0.9701 -0.1691
vn -0.7120 0.1186 -0.6921
vn -0.0580 0.9967 -0.0564
vn -0.0580 -0.9967 -0.0564
vn -0.7120 -0.1186 -0.6921
vn -0.1740 0.9701 -0.1691
vn -0.6729 -0.3453 -0.6542
vn -0.2892 0.9151 -0.2811
vn -0.6016 -0.5440 -0.5849
vn -0.4018 0.8282 -0.3906
vn -0.5082 -0.7055 -0.4940
vn -0.5082 0.7055 -0.4940
vn -0.4018 -0.8282 -0.3906
vn -0.6016 0.5440 -0.5849
vn -0.2163 0.9214 -0.3229
vn -0.4608 -0.5608 -0.6879
vn -0.3026 0.8393 -0.4516
vn -0.3858 -0.7208 -0.5759
vn -0.3858 0.7208 -0.5759
vn -0.3026 -0.8393 -0.4516
vn -0.4608 0.5608 -0.6879
vn -0.2163 -0.9214 -0.3229
vn -0.5195 0.3588 -0.7755
vn -0.1296 -0.9725 -0.1934
vn -0.5523 0.1238 -0.8244
vn -0.0432 0.9970 -0.0644
vn -0.0431 -0.9970 -0.0644
vn -0.5523 -0.1238 -0.8244
vn -0.1296 0.9725 -0.1934
vn -0.5195 -0.3588 -0.7755
vn -0.3301 0.3702 -0.8683
vn -0.0800 -0.9744 -0.2103
vn -0.3525 0.1283 -0.9270
vn -0.0265 0.9972 -0.0699
vn -0.0265 -0.9972 -0.0699
vn -0.3525 -0.1283 -0.9270
vn -0.0800 0.9744 -0.2103
vn -0.3301 -0.3702 -0.8683
vn -0.1339 0.9263 -0.3522
vn -0.2908 -0.5747 -0.7649
vn -0.1883 0.8482 -0.4952
vn -0.2417 -0.7332 -0.6356
vn -0.2417 0.7332 -0.6356
vn -0.1883 -0.8481 -0.4952
vn -0.2908 0.5747 -0.7649
vn -0.1339 -0.9263 -0.3522
vn -0.0996 -0.5827 -0.8066
vn -0.0639 0.8530 -0.5179
vn -0.0824 -0.7402 -0.6673
vn -0.0824 0.7402 -0.6673
vn -0.0640 -0.8530 -0.5179
vn -0.0996 0.5827 -0.8066
vn -0.0454 -0.9290 -0.3674
vn -0.1135 0.3769 -0.9193
vn -0.0271 -0.9754 -0.2189
vn -0.1215 0.1310 -0.9839
vn -0.0090 0.9973 -0.0727
vn -0.0090 -0.9973 -0.0727
vn -0.1215 -0.1310 -0.9839
vn -0.0270 0.9754 -0.2189
vn -0.1135 -0.3769 -0.9193
vn -0.0453 0.9290 -0.3674
vn 0.0270 -0.9754 -0.2189
vn 0.0271 0.9754 -0.2189
vn 0.0454 0.9290 -0.3674
vn 0.0799 -0.9744 -0.2103
vn 0.2163 -0.9214 -0.3229
vn 0.3858 -0.7208 -0.5758
vn 0.1740 0.9701 -0.1691
vn 0.7891 -0.3323 -0.5167
vn 0.7108 0.5275 -0.4654
vn 0.4279 0.8979 -0.1036
vn 0.8398 0.5034 -0.2033
vn 0.4439 -0.8954 -0.0349
vn 0.2707 0.9624 -0.0213
vn 0.9478 -0.3101 -0.0745
vn 0.4438 0.8954 -0.0349
vn 0.9478 -0.3101 0.0745
vn 0.8398 0.5034 0.2033
vn 0.4280 0.8978 0.1036
vn 0.7108 0.5275 0.4654
vn 0.7891 0.3323 0.5166
vn 0.7891 -0.3323 0.5167
vn 0.1740 0.9701 0.1691
vn 0.2891 0.9151 0.2811
vn 0.2892 -0.9151 0.2811
vn 0.1739 -0.9701 0.1691
vn 0.2163 -0.9214 0.3229
vn 0.2163 0.9214 0.3229
vn 0.3858 -0.7208 0.5758
vn 0.1883 0.8481 0.4952
vn 0.0799 -0.9744 0.2103
vn 0.0270 -0.9754 0.2189
vn 0.0271 0.9754 0.2189
vn 0.0454 0.9290 0.3674
vn 0.0639 -0.8530 0.5179
vn -0.0454 0.9290 0.3674
vn -0.0453 -0.9290 0.3674
vn -0.0270 -0.9754 0.2189
vn -0.0271 0.9754 0.2189
vn -0.0799 -0.9744 0.2103
vn -0.1883 0.8481 0.4952
vn -0.3858 -0.7208 0.5758
vn -0.2163 -0.9214 0.3229
vn -0.1739 -0.9701 0.1691
vn -0.1740 0.9701 0.1691
vn -0.2891 0.9151 0.2811
vn -0.7108 0.5275 0.4654
vn -0.3498 -0.9084 0.2290
vn -0.2114 -0.9676 0.1384
vn -0.8312 0.1136 0.5442
vn -0.8312 -0.1137 0.5442
vn -0.7891 -0.3323 0.5167
vn -0.3497 0.9084 0.2290
vn -0.7108 -0.5275 0.4654
vn -0.4279 0.8979 0.1036
vn -0.4439 -0.8954 -0.0349
vn -0.4279 0.8978 -0.1036
vn -0.8398 0.5034 -0.2033
vn -0.7891 -0.3323 -0.5167
vn -0.7108 0.5275 -0.4654
vn -0.7891 0.3323 -0.5166
vn -0.8312 0.1136 -0.5442
vn -0.8312 -0.1137 -0.5442
vn -0.2892 -0.9151 -0.2811
vn -0.1739 -0.9701 -0.1691
vn -0.1295 0.9725 -0.1934
vn -0.0799 -0.9744 -0.2103
vn -0.0799 0.9744 -0.2103
vn -0.1883 0.8481 -0.4952
vn -0.0639 -0.8530 -0.5179
vn -0.0270 -0.9754 -0.2189
vn -0.0454 0.9290 -0.3674
vt 0.883126 0.603245
vt 0.887029 0.605667
vt 0.883527 0.606138
vt 0.912516 0.605674
vt 0.906868 0.606929
vt 0.907436 0.604154
vt 0.878897 0.604154
vt 0.879466 0.606929
vt 0.902806 0.606138
vt 0.903207 0.603245
vt 0.873817 0.605674
vt 0.874551 0.608236
vt 0.899304 0.605667
vt 0.899552 0.602718
vt 0.867426 0.608249
vt 0.868271 0.610448
vt 0.896150 0.605415
vt 0.896262 0.602450
vt 0.858470 0.612908
vt 0.859193 0.614473
vt 0.893167 0.605327
vt 0.893167 0.602382
vt 0.927863 0.612908
vt 0.937436 0.618888
vt 0.927140 0.614473
vt 0.848897 0.618888
vt 0.890071 0.602450
vt 0.890183 0.605415
vt 0.918063 0.610448
vt 0.918907 0.608249
vt 0.886782 0.602718
vt 0.911782 0.608236
vt 0.917511 0.612753
vt 0.890230 0.608366
vt 0.887138 0.608601
vt 0.911346 0.610857
vt 0.883722 0.609027
vt 0.906562 0.609726
vt 0.879772 0.609726
vt 0.902611 0.609027
vt 0.874987 0.610857
vt 0.899195 0.608601
vt 0.868822 0.612753
vt 0.896103 0.608366
vt 0.859697 0.616180
vt 0.893167 0.608280
vt 0.937034 0.619928
vt 0.926636 0.616180
vt 0.849299 0.619928
vt 0.899191 0.611630
vt 0.875186 0.613586
vt 0.869130 0.615186
vt 0.896108 0.611416
vt 0.860014 0.618045
vt 0.893167 0.611338
vt 0.936760 0.621156
vt 0.926319 0.618045
vt 0.849574 0.621156
vt 0.890225 0.611416
vt 0.917203 0.615186
vt 0.887142 0.611630
vt 0.911148 0.613586
vt 0.883759 0.612009
vt 0.906460 0.612618
vt 0.879873 0.612618
vt 0.902574 0.612009
vt 0.890183 0.614644
vt 0.887071 0.614828
vt 0.911126 0.616464
vt 0.883683 0.615150
vt 0.906506 0.615662
vt 0.879827 0.615662
vt 0.902650 0.615150
vt 0.875207 0.616464
vt 0.899262 0.614828
vt 0.869250 0.617768
vt 0.896150 0.614644
vt 0.860189 0.620080
vt 0.893167 0.614578
vt 0.936567 0.622571
vt 0.926145 0.620080
vt 0.849766 0.622571
vt 0.917083 0.617768
vt 0.875118 0.619513
vt 0.869244 0.620511
vt 0.896212 0.618090
vt 0.860276 0.622284
vt 0.893167 0.618037
vt 0.936400 0.624156
vt 0.926057 0.622284
vt 0.849933 0.624156
vt 0.890122 0.618090
vt 0.917090 0.620511
vt 0.886959 0.618235
vt 0.911215 0.619513
vt 0.883544 0.618490
vt 0.906640 0.618891
vt 0.879693 0.618891
vt 0.902789 0.618490
vt 0.899374 0.618235
vt 0.886842 0.621854
vt 0.883392 0.622030
vt 0.906798 0.622307
vt 0.879536 0.622307
vt 0.902941 0.622030
vt 0.874990 0.622733
vt 0.899492 0.621854
vt 0.869182 0.623411
vt 0.896276 0.621753
vt 0.860337 0.624634
vt 0.893167 0.621715
vt 0.936201 0.625862
vt 0.925996 0.624634
vt 0.850132 0.625862
vt 0.890058 0.621753
vt 0.917151 0.623411
vt 0.911344 0.622733
vt 0.869135 0.626436
vt 0.860422 0.627074
vt 0.893167 0.625571
vt 0.935935 0.627604
vt 0.925911 0.627074
vt 0.850399 0.627604
vt 0.890008 0.625591
vt 0.917198 0.626436
vt 0.886751 0.625644
vt 0.911440 0.626092
vt 0.883278 0.625734
vt 0.906916 0.625875
vt 0.879417 0.625875
vt 0.903056 0.625734
vt 0.874893 0.626092
vt 0.899582 0.625644
vt 0.896326 0.625591
vt 0.906949 0.629527
vt 0.883236 0.629527
vt 0.879384 0.629527
vt 0.903097 0.629527
vt 0.874880 0.629527
vt 0.899621 0.629527
vt 0.869155 0.629527
vt 0.896353 0.629527
vt 0.860550 0.629527
vt 0.893167 0.629527
vt 0.935609 0.629288
vt 0.925784 0.629527
vt 0.850724 0.629288
vt 0.889981 0.629527
vt 0.917178 0.629527
vt 0.886712 0.629527
vt 0.911453 0.629527
vt 0.896326 0.633463
vt 0.893167 0.633484
vt 0.935609 0.629767
vt 0.925911 0.631980
vt 0.850724 0.629767
vt 0.860422 0.631980
vt 0.890008 0.633463
vt 0.917198 0.632619
vt 0.886751 0.633411
vt 0.911440 0.632962
vt 0.883278 0.633321
vt 0.906916 0.633179
vt 0.879417 0.633179
vt 0.903056 0.633321
vt 0.874893 0.632962
vt 0.899582 0.633411
vt 0.869135 0.632619
vt 0.879536 0.636748
vt 0.906798 0.636748
vt 0.902941 0.637024
vt 0.874990 0.636322
vt 0.899492 0.637201
vt 0.869182 0.635643
vt 0.896276 0.637302
vt 0.860337 0.634421
vt 0.893167 0.637340
vt 0.935934 0.631451
vt 0.925996 0.634421
vt 0.850399 0.631451
vt 0.890058 0.637302
vt 0.917151 0.635643
vt 0.886842 0.637201
vt 0.911344 0.636322
vt 0.883392 0.637024
vt 0.936201 0.633193
vt 0.926057 0.636770
vt 0.850132 0.633193
vt 0.860276 0.636770
vt 0.890122 0.640965
vt 0.917090 0.638543
vt 0.886959 0.640820
vt 0.911215 0.639542
vt 0.883544 0.640565
vt 0.906640 0.640164
vt 0.879693 0.640164
vt 0.902789 0.640565
vt 0.875118 0.639542
vt 0.899374 0.640820
vt 0.869244 0.638543
vt 0.896212 0.640965
vt 0.893167 0.641018
vt 0.906506 0.643393
vt 0.902650 0.643905
vt 0.875207 0.642591
vt 0.899262 0.644227
vt 0.869250 0.641287
vt 0.896150 0.644410
vt 0.860189 0.638975
vt 0.893167 0.644477
vt 0.936400 0.634898
vt 0.926145 0.638975
vt 0.849933 0.634898
vt 0.890183 0.644410
vt 0.917083 0.641287
vt 0.887071 0.644227
vt 0.911126 0.642591
vt 0.883683 0.643905
vt 0.879827 0.643393
vt 0.890225 0.647638
vt 0.926319 0.641010
vt 0.917203 0.643869
vt 0.887142 0.647425
vt 0.911148 0.645468
vt 0.883759 0.647046
vt 0.906460 0.646437
vt 0.879873 0.646437
vt 0.902574 0.647046
vt 0.875186 0.645468
vt 0.899191 0.647425
vt 0.869130 0.643869
vt 0.896108 0.647638
vt 0.860014 0.641010
vt 0.893167 0.647716
vt 0.936567 0.636484
vt 0.849766 0.636484
vt 0.874987 0.648198
vt 0.902611 0.650028
vt 0.899195 0.650453
vt 0.868822 0.646302
vt 0.896103 0.650689
vt 0.859697 0.642875
vt 0.893167 0.650775
vt 0.936760 0.637899
vt 0.926636 0.642875
vt 0.849574 0.637899
vt 0.890230 0.650689
vt 0.917511 0.646302
vt 0.887138 0.650453
vt 0.911346 0.648198
vt 0.883722 0.650028
vt 0.906562 0.649329
vt 0.879772 0.649329
vt 0.887029 0.653388
vt 0.918063 0.648607
vt 0.911782 0.650819
vt 0.883527 0.652917
vt 0.906868 0.652125
vt 0.879466 0.652125
vt 0.902806 0.652917
vt 0.874551 0.650819
vt 0.899304 0.653388
vt 0.868271 0.648607
vt 0.896150 0.653640
vt 0.859193 0.644582
vt 0.893167 0.653728
vt 0.937034 0.639127
vt 0.927140 0.644582
vt 0.849299 0.639127
vt 0.890183 0.653640
vt 0.867426 0.650806
vt 0.899552 0.656337
vt 0.896262 0.656605
vt 0.858470 0.646146
vt 0.893167 0.656673
vt 0.937436 0.640166
vt 0.927863 0.646146
vt 0.848897 0.640166
vt 0.890071 0.656605
vt 0.918907 0.650806
vt 0.886782 0.656337
vt 0.912516 0.653381
vt 0.883126 0.655810
vt 0.907436 0.654901
vt 0.878897 0.654901
vt 0.903207 0.655810
vt 0.873817 0.653381
vt 0.913581 0.655951
vt 0.886331 0.659432
vt 0.882456 0.658816
vt 0.908319 0.657744
vt 0.878014 0.657744
vt 0.903877 0.658816
vt 0.872752 0.655951
vt 0.900002 0.659432
vt 0.866282 0.652945
vt 0.896493 0.659741
vt 0.857581 0.647646
vt 0.893167 0.659821
vt 0.938336 0.641599
vt 0.928752 0.647646
vt 0.847997 0.641599
vt 0.889840 0.659741
vt 0.920052 0.652945
vt 0.896838 0.663221
vt 0.864729 0.655031
vt 0.856407 0.649043
vt 0.893167 0.663325
vt 0.939011 0.642280
vt 0.929926 0.649043
vt 0.847322 0.642280
vt 0.889495 0.663221
vt 0.921604 0.655031
vt 0.885649 0.662830
vt 0.915089 0.658571
vt 0.881452 0.662062
vt 0.909613 0.660741
vt 0.876721 0.660741
vt 0.904881 0.662062
vt 0.871244 0.658571
vt 0.900684 0.662830
vt 0.884658 0.666732
vt 0.880013 0.665706
vt 0.911426 0.663997
vt 0.874907 0.663997
vt 0.906321 0.665706
vt 0.869198 0.661291
vt 0.901676 0.666732
vt 0.862713 0.657067
vt 0.897342 0.667268
vt 0.854937 0.650334
vt 0.893167 0.667418
vt 0.939802 0.642827
vt 0.931396 0.650334
vt 0.846531 0.642827
vt 0.888991 0.667268
vt 0.923620 0.657067
vt 0.917135 0.661291
vt 0.860173 0.659046
vt 0.853168 0.651509
vt 0.893167 0.672395
vt 0.940642 0.643244
vt 0.933165 0.651509
vt 0.845691 0.643244
vt 0.888266 0.672163
vt 0.926161 0.659046
vt 0.883244 0.671378
vt 0.919837 0.664145
vt 0.877992 0.669929
vt 0.913907 0.667620
vt 0.872427 0.667620
vt 0.908341 0.669929
vt 0.866496 0.664145
vt 0.903089 0.671378
vt 0.898067 0.672163
vt 0.917259 0.671705
vt 0.875176 0.674937
vt 0.869074 0.671705
vt 0.911157 0.674937
vt 0.862994 0.667143
vt 0.905102 0.677074
vt 0.857049 0.660932
vt 0.899112 0.678280
vt 0.851112 0.652541
vt 0.893167 0.678651
vt 0.941453 0.643524
vt 0.935222 0.652541
vt 0.844880 0.643524
vt 0.887221 0.678280
vt 0.929284 0.660932
vt 0.881231 0.677074
vt 0.923339 0.667143
vt 0.893167 0.686756
vt 0.942150 0.643654
vt 0.937536 0.653384
vt 0.844183 0.643654
vt 0.848797 0.653384
vt 0.885687 0.686141
vt 0.933042 0.662653
vt 0.878329 0.684215
vt 0.927819 0.670238
vt 0.871233 0.680956
vt 0.921771 0.676318
vt 0.864562 0.676318
vt 0.915100 0.680956
vt 0.858514 0.670238
vt 0.908004 0.684215
vt 0.853291 0.662653
vt 0.900646 0.686141
vt 0.865637 0.688209
vt 0.858481 0.681441
vt 0.920696 0.688209
vt 0.852843 0.673287
vt 0.912298 0.693316
vt 0.848869 0.664070
vt 0.902987 0.696529
vt 0.846271 0.653970
vt 0.893167 0.697618
vt 0.942656 0.643628
vt 0.940063 0.653970
vt 0.843677 0.643628
vt 0.883346 0.696529
vt 0.937464 0.664070
vt 0.874035 0.693316
vt 0.933491 0.673287
vt 0.927853 0.681441
vt 0.843430 0.643483
vt 0.843599 0.654216
vt 0.893167 0.713041
vt 0.879503 0.710647
vt 0.942532 0.664963
vt 0.867446 0.705022
vt 0.940584 0.675979
vt 0.857555 0.696856
vt 0.936075 0.686891
vt 0.850259 0.686891
vt 0.928779 0.696856
vt 0.845749 0.675979
vt 0.918887 0.705022
vt 0.843801 0.664962
vt 0.906830 0.710647
vt 0.942903 0.643483
vt 0.942734 0.654216
vt 0.850258 0.572164
vt 0.852843 0.585768
vt 0.845749 0.583075
vt 0.918887 0.554033
vt 0.920696 0.570845
vt 0.912298 0.565739
vt 0.848869 0.594985
vt 0.843801 0.594092
vt 0.906830 0.548408
vt 0.902988 0.562525
vt 0.846271 0.605085
vt 0.843599 0.604839
vt 0.893167 0.546014
vt 0.893167 0.561437
vt 0.942734 0.604839
vt 0.942903 0.615572
vt 0.940063 0.605085
vt 0.843430 0.615572
vt 0.883346 0.562525
vt 0.879503 0.548408
vt 0.942533 0.594092
vt 0.937464 0.594985
vt 0.874035 0.565739
vt 0.867446 0.554033
vt 0.940584 0.583075
vt 0.933491 0.585768
vt 0.865637 0.570845
vt 0.857555 0.562199
vt 0.936075 0.572164
vt 0.927853 0.577613
vt 0.858480 0.577613
vt 0.928779 0.562199
vt 0.937536 0.605671
vt 0.933042 0.596402
vt 0.878329 0.574840
vt 0.927819 0.588816
vt 0.871233 0.578099
vt 0.921771 0.582737
vt 0.864562 0.582737
vt 0.915100 0.578099
vt 0.858514 0.588816
vt 0.908004 0.574840
vt 0.853291 0.596402
vt 0.900646 0.572913
vt 0.848797 0.605671
vt 0.893167 0.572298
vt 0.942656 0.615427
vt 0.843677 0.615427
vt 0.885687 0.572913
vt 0.911157 0.584118
vt 0.905102 0.581980
vt 0.857049 0.598123
vt 0.899112 0.580775
vt 0.851112 0.606513
vt 0.893167 0.580404
vt 0.942150 0.615401
vt 0.935222 0.606513
vt 0.844183 0.615401
vt 0.887221 0.580775
vt 0.929284 0.598123
vt 0.881231 0.581980
vt 0.923339 0.591912
vt 0.875176 0.584118
vt 0.917259 0.587350
vt 0.869074 0.587350
vt 0.862994 0.591912
vt 0.883244 0.587677
vt 0.926161 0.600009
vt 0.919837 0.594910
vt 0.877992 0.589125
vt 0.913907 0.591435
vt 0.872427 0.591435
vt 0.908341 0.589125
vt 0.866496 0.594910
vt 0.903089 0.587677
vt 0.860173 0.600009
vt 0.898067 0.586892
vt 0.853168 0.607545
vt 0.893167 0.586660
vt 0.941453 0.615531
vt 0.933165 0.607545
vt 0.844880 0.615531
vt 0.888266 0.586892
vt 0.862713 0.601987
vt 0.901676 0.592323
vt 0.897342 0.591787
vt 0.854937 0.608721
vt 0.893167 0.591636
vt 0.940642 0.615811
vt 0.931396 0.608721
vt 0.845691 0.615811
vt 0.888991 0.591787
vt 0.923620 0.601987
vt 0.884658 0.592323
vt 0.917135 0.597764
vt 0.880013 0.593349
vt 0.911426 0.595058
vt 0.874907 0.595058
vt 0.906321 0.593349
vt 0.869198 0.597764
vt 0.921604 0.604024
vt 0.915089 0.600483
vt 0.881452 0.596993
vt 0.909613 0.598314
vt 0.876721 0.598314
vt 0.904881 0.596993
vt 0.871244 0.600483
vt 0.900684 0.596224
vt 0.864729 0.604024
vt 0.896838 0.595834
vt 0.856407 0.610012
vt 0.893167 0.595729
vt 0.939802 0.616228
vt 0.929926 0.610012
vt 0.846531 0.616228
vt 0.889495 0.595834
vt 0.885649 0.596224
vt 0.900002 0.599623
vt 0.896493 0.599314
vt 0.857581 0.611408
vt 0.893167 0.599234
vt 0.939011 0.616775
vt 0.928752 0.611408
vt 0.847322 0.616775
vt 0.889840 0.599314
vt 0.920052 0.606110
vt 0.886331 0.599623
vt 0.913581 0.603103
vt 0.882456 0.600239
vt 0.908319 0.601311
vt 0.878014 0.601311
vt 0.903877 0.600239
vt 0.872752 0.603103
vt 0.866281 0.606110
vt 0.938336 0.617456
vt 0.847997 0.617456
s 0
usemtl マテリアル
f 1934/2237/2267 1944/2238/2267 1945/2239/2267
f 1929/2240/2268 1938/2241/2268 2404/2242/2268
f 2407/2243/2269 1945/2239/2269 1946/2244/2269
f 2404/2242/2270 1939/2245/2270 1930/2246/2270
f 2408/2247/2271 1946/2244/2271 1947/2248/2271
f 1930/2246/2272 1940/2249/2272 2405/2250/2272
f 2409/2251/2273 1947/2248/2273 1948/2252/2273
f 2405/2250/2274 1941/2253/2274 1931/2254/2274
f 2410/2255/2275 1948/2252/2275 1949/2256/2275
f 1931/2254/2276 1942/2257/2276 1932/2258/2276
f 2402/2259/2277 2010/2260/2277 1935/2261/2277
f 2236/2262/2278 2410/2255/2278 1949/2256/2278
f 1933/2263/2279 1942/2257/2279 1943/2264/2279
f 2402/2259/2280 1936/2265/2280 2403/2266/2280
f 2406/2267/2281 1943/2264/2281 1944/2238/2281
f 2403/2266/2282 1937/2268/2282 1929/2240/2282
f 1935/2261/2283 1951/2269/2283 1936/2265/2283
f 1944/2238/2284 1958/2270/2284 1959/2271/2284
f 1936/2265/2285 1952/2272/2285 1937/2268/2285
f 1945/2239/2286 1959/2271/2286 1960/2273/2286
f 1937/2268/2287 1953/2274/2287 1938/2241/2287
f 1946/2244/2288 1960/2273/2288 1961/2275/2288
f 1938/2241/2289 1954/2276/2289 1939/2245/2289
f 1947/2248/2290 1961/2275/2290 1962/2277/2290
f 1939/2245/2291 1955/2278/2291 1940/2249/2291
f 1948/2252/2292 1962/2277/2292 1963/2279/2292
f 1940/2249/2293 1956/2280/2293 1941/2253/2293
f 1949/2256/2294 1963/2279/2294 1964/2281/2294
f 1941/2253/2295 1957/2282/2295 1942/2257/2295
f 1935/2261/2296 2010/2283/2296 1950/2284/2296
f 2236/2285/2297 1949/2256/2297 1964/2281/2297
f 1943/2264/2298 1957/2282/2298 1958/2270/2298
f 1954/2276/2299 1970/2286/2299 1955/2278/2299
f 1963/2279/2300 1977/2287/2300 1978/2288/2300
f 1955/2278/2301 1971/2289/2301 1956/2280/2301
f 1964/2281/2302 1978/2288/2302 1979/2290/2302
f 1956/2280/2303 1972/2291/2303 1957/2282/2303
f 1950/2284/2304 2010/2292/2304 1965/2293/2304
f 2236/2294/2305 1964/2281/2305 1979/2290/2305
f 1958/2270/2306 1972/2291/2306 1973/2295/2306
f 1950/2284/2307 1966/2296/2307 1951/2269/2307
f 1959/2271/2308 1973/2295/2308 1974/2297/2308
f 1951/2269/2309 1967/2298/2309 1952/2272/2309
f 1960/2273/2310 1974/2297/2310 1975/2299/2310
f 1952/2272/2311 1968/2300/2311 1953/2274/2311
f 1961/2275/2312 1975/2299/2312 1976/2301/2312
f 1953/2274/2313 1969/2302/2313 1954/2276/2313
f 1962/2277/2314 1976/2301/2314 1977/2287/2314
f 1974/2297/2315 1988/2303/2315 1989/2304/2315
f 1966/2296/2316 1982/2305/2316 1967/2298/2316
f 1975/2299/2317 1989/2304/2317 1990/2306/2317
f 1967/2298/2318 1983/2307/2318 1968/2300/2318
f 1976/2301/2319 1990/2306/2319 1991/2308/2319
f 1968/2300/2320 1984/2309/2320 1969/2302/2320
f 1977/2287/2321 1991/2308/2321 1992/2310/2321
f 1969/2302/2322 1985/2311/2322 1970/2286/2322
f 1978/2288/2323 1992/2310/2323 1993/2312/2323
f 1970/2286/2324 1986/2313/2324 1971/2289/2324
f 1979/2290/2325 1993/2312/2325 1994/2314/2325
f 1971/2289/2326 1987/2315/2326 1972/2291/2326
f 1965/2293/2327 2010/2316/2327 1980/2317/2327
f 2236/2318/2328 1979/2290/2328 1994/2314/2328
f 1973/2295/2329 1987/2315/2329 1988/2303/2329
f 1965/2293/2330 1981/2319/2330 1966/2296/2330
f 1993/2312/2331 2007/2320/2331 2008/2321/2331
f 1985/2311/2332 2001/2322/2332 1986/2313/2332
f 1994/2314/2333 2008/2321/2333 2009/2323/2333
f 1986/2313/2334 2002/2324/2334 1987/2315/2334
f 1980/2317/2335 2010/2325/2335 1995/2326/2335
f 2236/2327/2336 1994/2314/2336 2009/2323/2336
f 1988/2303/2337 2002/2324/2337 2003/2328/2337
f 1980/2317/2338 1996/2329/2338 1981/2319/2338
f 1989/2304/2339 2003/2328/2339 2004/2330/2339
f 1981/2319/2340 1997/2331/2340 1982/2305/2340
f 1990/2306/2341 2004/2330/2341 2005/2332/2341
f 1982/2305/2342 1998/2333/2342 1983/2307/2342
f 1991/2308/2343 2005/2332/2343 2006/2334/2343
f 1983/2307/2344 1999/2335/2344 1984/2309/2344
f 1992/2310/2345 2006/2334/2345 2007/2320/2345
f 1984/2309/2346 2000/2336/2346 1985/2311/2346
f 2005/2332/2347 2020/2337/2347 2021/2338/2347
f 1997/2331/2348 2014/2339/2348 1998/2333/2348
f 2006/2334/2349 2021/2338/2349 2022/2340/2349
f 1998/2333/2350 2015/2341/2350 1999/2335/2350
f 2007/2320/2351 2022/2340/2351 2023/2342/2351
f 1999/2335/2352 2016/2343/2352 2000/2336/2352
f 2008/2321/2353 2023/2342/2353 2024/2344/2353
f 2000/2336/2354 2017/2345/2354 2001/2322/2354
f 2009/2323/2355 2024/2344/2355 2025/2346/2355
f 2001/2322/2356 2018/2347/2356 2002/2324/2356
f 1995/2326/2357 2010/2348/2357 2011/2349/2357
f 2236/2350/2358 2009/2323/2358 2025/2346/2358
f 2003/2328/2359 2018/2347/2359 2019/2351/2359
f 1995/2326/2360 2012/2352/2360 1996/2329/2360
f 2004/2330/2361 2019/2351/2361 2020/2337/2361
f 1996/2329/2362 2013/2353/2362 1997/2331/2362
f 2025/2346/2363 2039/2354/2363 2040/2355/2363
f 2017/2345/2364 2033/2356/2364 2018/2347/2364
f 2011/2349/2365 2010/2357/2365 2026/2358/2365
f 2236/2359/2366 2025/2346/2366 2040/2355/2366
f 2019/2351/2367 2033/2356/2367 2034/2360/2367
f 2011/2349/2368 2027/2361/2368 2012/2352/2368
f 2020/2337/2369 2034/2360/2369 2035/2362/2369
f 2012/2352/2370 2028/2363/2370 2013/2353/2370
f 2021/2338/2371 2035/2362/2371 2036/2364/2371
f 2013/2353/2372 2029/2365/2372 2014/2339/2372
f 2022/2340/2373 2036/2364/2373 2037/2366/2373
f 2014/2339/2374 2030/2367/2374 2015/2341/2374
f 2023/2342/2375 2037/2366/2375 2038/2368/2375
f 2015/2341/2376 2031/2369/2376 2016/2343/2376
f 2024/2344/2377 2038/2368/2377 2039/2354/2377
f 2016/2343/2378 2032/2370/2378 2017/2345/2378
f 2028/2363/2379 2044/2371/2379 2029/2365/2379
f 2037/2366/2380 2051/2372/2380 2052/2373/2380
f 2029/2365/2381 2045/2374/2381 2030/2367/2381
f 2038/2368/2382 2052/2373/2382 2053/2375/2382
f 2030/2367/2383 2046/2376/2383 2031/2369/2383
f 2039/2354/2384 2053/2375/2384 2054/2377/2384
f 2031/2369/2385 2047/2378/2385 2032/2370/2385
f 2040/2355/2386 2054/2377/2386 2055/2379/2386
f 2032/2370/2387 2048/2380/2387 2033/2356/2387
f 2026/2358/2388 2010/2381/2388 2041/2382/2388
f 2236/2383/2389 2040/2355/2389 2055/2379/2389
f 2034/2360/2390 2048/2380/2390 2049/2384/2390
f 2026/2358/2391 2042/2385/2391 2027/2361/2391
f 2035/2362/2392 2049/2384/2392 2050/2386/2392
f 2027/2361/2393 2043/2387/2393 2028/2363/2393
f 2036/2364/2394 2050/2386/2394 2051/2372/2394
f 2048/2380/2395 2062/2388/2395 2063/2389/2395
f 2041/2382/2396 2010/2390/2396 2056/2391/2396
f 2236/2392/2397 2055/2379/2397 2070/2393/2397
f 2048/2380/2398 2064/2394/2398 2049/2384/2398
f 2042/2385/2399 2056/2391/2399 2057/2395/2399
f 2049/2384/2400 2065/2396/2400 2050/2386/2400
f 2043/2387/2401 2057/2395/2401 2058/2397/2401
f 2050/2386/2402 2066/2398/2402 2051/2372/2402
f 2044/2371/2403 2058/2397/2403 2059/2399/2403
f 2051/2372/2404 2067/2400/2404 2052/2373/2404
f 2045/2374/2405 2059/2399/2405 2060/2401/2405
f 2052/2373/2406 2068/2402/2406 2053/2375/2406
f 2046/2376/2407 2060/2401/2407 2061/2403/2407
f 2053/2375/2408 2069/2404/2408 2054/2377/2408
f 2047/2378/2409 2061/2403/2409 2062/2388/2409
f 2054/2377/2410 2070/2393/2410 2055/2379/2410
f 2066/2398/2411 2082/2405/2411 2067/2400/2411
f 2060/2401/2412 2074/2406/2412 2075/2407/2412
f 2067/2400/2413 2083/2408/2413 2068/2402/2413
f 2061/2403/2414 2075/2407/2414 2076/2409/2414
f 2068/2402/2415 2084/2410/2415 2069/2404/2415
f 2062/2388/2416 2076/2409/2416 2077/2411/2416
f 2069/2404/2417 2085/2412/2417 2070/2393/2417
f 2063/2389/2418 2077/2411/2418 2078/2413/2418
f 2056/2391/2419 2010/2414/2419 2071/2415/2419
f 2236/2416/2420 2070/2393/2420 2085/2412/2420
f 2063/2389/2421 2079/2417/2421 2064/2394/2421
f 2057/2395/2422 2071/2415/2422 2072/2418/2422
f 2064/2394/2423 2080/2419/2423 2065/2396/2423
f 2058/2397/2424 2072/2418/2424 2073/2420/2424
f 2065/2396/2425 2081/2421/2425 2066/2398/2425
f 2059/2399/2426 2073/2420/2426 2074/2406/2426
f 2071/2415/2427 2010/2422/2427 2086/2423/2427
f 2236/2424/2428 2085/2412/2428 2100/2425/2428
f 2078/2413/2429 2094/2426/2429 2079/2417/2429
f 2072/2418/2430 2086/2423/2430 2087/2427/2430
f 2079/2417/2431 2095/2428/2431 2080/2419/2431
f 2073/2420/2432 2087/2427/2432 2088/2429/2432
f 2080/2419/2433 2096/2430/2433 2081/2421/2433
f 2074/2406/2434 2088/2429/2434 2089/2431/2434
f 2081/2421/2435 2097/2432/2435 2082/2405/2435
f 2075/2407/2436 2089/2431/2436 2090/2433/2436
f 2082/2405/2437 2098/2434/2437 2083/2408/2437
f 2076/2409/2438 2090/2433/2438 2091/2435/2438
f 2083/2408/2439 2099/2436/2439 2084/2410/2439
f 2077/2411/2440 2091/2435/2440 2092/2437/2440
f 2084/2410/2441 2100/2425/2441 2085/2412/2441
f 2078/2413/2442 2092/2437/2442 2093/2438/2442
f 2090/2433/2443 2104/2439/2443 2105/2440/2443
f 2097/2432/2444 2113/2441/2444 2098/2434/2444
f 2091/2435/2445 2105/2440/2445 2106/2442/2445
f 2098/2434/2446 2114/2443/2446 2099/2436/2446
f 2092/2437/2447 2106/2442/2447 2107/2444/2447
f 2099/2436/2448 2115/2445/2448 2100/2425/2448
f 2093/2438/2449 2107/2444/2449 2108/2446/2449
f 2086/2423/2450 2010/2447/2450 2101/2448/2450
f 2236/2449/2451 2100/2425/2451 2115/2445/2451
f 2093/2438/2452 2109/2450/2452 2094/2426/2452
f 2087/2427/2453 2101/2448/2453 2102/2451/2453
f 2094/2426/2454 2110/2452/2454 2095/2428/2454
f 2088/2429/2455 2102/2451/2455 2103/2453/2455
f 2095/2428/2456 2111/2454/2456 2096/2430/2456
f 2089/2431/2457 2103/2453/2457 2104/2439/2457
f 2096/2430/2458 2112/2455/2458 2097/2432/2458
f 2108/2446/2459 2124/2456/2459 2109/2450/2459
f 2102/2451/2460 2116/2457/2460 2117/2458/2460
f 2109/2450/2461 2125/2459/2461 2110/2452/2461
f 2103/2453/2462 2117/2458/2462 2118/2460/2462
f 2110/2452/2463 2126/2461/2463 2111/2454/2463
f 2104/2439/2464 2118/2460/2464 2119/2462/2464
f 2111/2454/2465 2127/2463/2465 2112/2455/2465
f 2105/2440/2466 2119/2462/2466 2120/2464/2466
f 2112/2455/2467 2128/2465/2467 2113/2441/2467
f 2106/2442/2468 2120/2464/2468 2121/2466/2468
f 2113/2441/2469 2129/2467/2469 2114/2443/2469
f 2107/2444/2470 2121/2466/2470 2122/2468/2470
f 2114/2443/2471 2130/2469/2471 2115/2445/2471
f 2108/2446/2472 2122/2468/2472 2123/2470/2472
f 2101/2448/2473 2010/2471/2473 2116/2457/2473
f 2236/2472/2474 2115/2445/2474 2130/2469/2474
f 2127/2463/2475 2143/2473/2475 2128/2465/2475
f 2121/2466/2476 2135/2474/2476 2136/2475/2476
f 2128/2465/2477 2144/2476/2477 2129/2467/2477
f 2122/2468/2478 2136/2475/2478 2137/2477/2478
f 2129/2467/2479 2145/2478/2479 2130/2469/2479
f 2123/2470/2480 2137/2477/2480 2138/2479/2480
f 2116/2457/2481 2010/2480/2481 2131/2481/2481
f 2236/2482/2482 2130/2469/2482 2145/2478/2482
f 2123/2470/2483 2139/2483/2483 2124/2456/2483
f 2117/2458/2484 2131/2481/2484 2132/2484/2484
f 2124/2456/2485 2140/2485/2485 2125/2459/2485
f 2118/2460/2486 2132/2484/2486 2133/2486/2486
f 2125/2459/2487 2141/2487/2487 2126/2461/2487
f 2119/2462/2488 2133/2486/2488 2134/2488/2488
f 2126/2461/2489 2142/2489/2489 2127/2463/2489
f 2120/2464/2490 2134/2488/2490 2135/2474/2490
f 2139/2483/2491 2155/2490/2491 2140/2485/2491
f 2133/2486/2492 2147/2491/2492 2148/2492/2492
f 2140/2485/2493 2156/2493/2493 2141/2487/2493
f 2134/2488/2494 2148/2492/2494 2149/2494/2494
f 2141/2487/2495 2157/2495/2495 2142/2489/2495
f 2135/2474/2496 2149/2494/2496 2150/2496/2496
f 2142/2489/2497 2158/2497/2497 2143/2473/2497
f 2136/2475/2498 2150/2496/2498 2151/2498/2498
f 2143/2473/2499 2159/2499/2499 2144/2476/2499
f 2137/2477/2500 2151/2498/2500 2152/2500/2500
f 2144/2476/2501 2160/2501/2501 2145/2478/2501
f 2138/2479/2502 2152/2500/2502 2153/2502/2502
f 2131/2481/2503 2010/2503/2503 2146/2504/2503
f 2236/2505/2504 2145/2478/2504 2160/2501/2504
f 2138/2479/2505 2154/2506/2505 2139/2483/2505
f 2132/2484/2506 2146/2504/2506 2147/2491/2506
f 2158/2497/2507 2174/2507/2507 2159/2499/2507
f 2152/2500/2508 2166/2508/2508 2167/2509/2508
f 2159/2499/2509 2175/2510/2509 2160/2501/2509
f 2153/2502/2510 2167/2509/2510 2168/2511/2510
f 2146/2504/2511 2010/2512/2511 2161/2513/2511
f 2236/2514/2512 2160/2501/2512 2175/2510/2512
f 2153/2502/2513 2169/2515/2513 2154/2506/2513
f 2147/2491/2514 2161/2513/2514 2162/2516/2514
f 2154/2506/2515 2170/2517/2515 2155/2490/2515
f 2148/2492/2516 2162/2516/2516 2163/2518/2516
f 2155/2490/2517 2171/2519/2517 2156/2493/2517
f 2149/2494/2518 2163/2518/2518 2164/2520/2518
f 2156/2493/2519 2172/2521/2519 2157/2495/2519
f 2150/2496/2520 2164/2520/2520 2165/2522/2520
f 2157/2495/2521 2173/2523/2521 2158/2497/2521
f 2151/2498/2522 2165/2522/2522 2166/2508/2522
f 2162/2516/2523 2178/2524/2523 2163/2518/2523
f 2171/2519/2524 2185/2525/2524 2186/2526/2524
f 2163/2518/2525 2179/2527/2525 2164/2520/2525
f 2172/2521/2526 2186/2526/2526 2187/2528/2526
f 2164/2520/2527 2180/2529/2527 2165/2522/2527
f 2173/2523/2528 2187/2528/2528 2188/2530/2528
f 2165/2522/2529 2181/2531/2529 2166/2508/2529
f 2174/2507/2530 2188/2530/2530 2189/2532/2530
f 2166/2508/2531 2182/2533/2531 2167/2509/2531
f 2175/2510/2532 2189/2532/2532 2190/2534/2532
f 2167/2509/2533 2183/2535/2533 2168/2511/2533
f 2161/2513/2534 2010/2536/2534 2176/2537/2534
f 2236/2538/2535 2175/2510/2535 2190/2534/2535
f 2169/2515/2536 2183/2535/2536 2184/2539/2536
f 2161/2513/2537 2177/2540/2537 2162/2516/2537
f 2170/2517/2538 2184/2539/2538 2185/2525/2538
f 2181/2531/2539 2197/2541/2539 2182/2533/2539
f 2190/2534/2540 2204/2542/2540 2205/2543/2540
f 2182/2533/2541 2198/2544/2541 2183/2535/2541
f 2176/2537/2542 2010/2545/2542 2191/2546/2542
f 2236/2547/2543 2190/2534/2543 2205/2543/2543
f 2184/2539/2544 2198/2544/2544 2199/2548/2544
f 2176/2537/2545 2192/2549/2545 2177/2540/2545
f 2185/2525/2546 2199/2548/2546 2200/2550/2546
f 2177/2540/2547 2193/2551/2547 2178/2524/2547
f 2186/2526/2548 2200/2550/2548 2201/2552/2548
f 2178/2524/2549 2194/2553/2549 2179/2527/2549
f 2187/2528/2550 2201/2552/2550 2202/2554/2550
f 2179/2527/2551 2195/2555/2551 2180/2529/2551
f 2188/2530/2552 2202/2554/2552 2203/2556/2552
f 2180/2529/2553 2196/2557/2553 2181/2531/2553
f 2189/2532/2554 2203/2556/2554 2204/2542/2554
f 2201/2552/2555 2215/2558/2555 2216/2559/2555
f 2193/2551/2556 2209/2560/2556 2194/2553/2556
f 2202/2554/2557 2216/2559/2557 2217/2561/2557
f 2194/2553/2558 2210/2562/2558 2195/2555/2558
f 2203/2556/2559 2217/2561/2559 2218/2563/2559
f 2195/2555/2560 2211/2564/2560 2196/2557/2560
f 2204/2542/2561 2218/2563/2561 2219/2565/2561
f 2196/2557/2562 2212/2566/2562 2197/2541/2562
f 2205/2543/2563 2219/2565/2563 2220/2567/2563
f 2197/2541/2564 2213/2568/2564 2198/2544/2564
f 2191/2546/2565 2010/2569/2565 2206/2570/2565
f 2236/2571/2566 2205/2543/2566 2220/2567/2566
f 2199/2548/2567 2213/2568/2567 2214/2572/2567
f 2191/2546/2568 2207/2573/2568 2192/2549/2568
f 2200/2550/2569 2214/2572/2569 2215/2558/2569
f 2192/2549/2570 2208/2574/2570 2193/2551/2570
f 2220/2567/2571 2234/2575/2571 2235/2576/2571
f 2212/2566/2572 2228/2577/2572 2213/2568/2572
f 2206/2570/2573 2010/2578/2573 2221/2579/2573
f 2236/2580/2574 2220/2567/2574 2235/2576/2574
f 2214/2572/2575 2228/2577/2575 2229/2581/2575
f 2206/2570/2576 2222/2582/2576 2207/2573/2576
f 2215/2558/2577 2229/2581/2577 2230/2583/2577
f 2207/2573/2578 2223/2584/2578 2208/2574/2578
f 2216/2559/2579 2230/2583/2579 2231/2585/2579
f 2208/2574/2580 2224/2586/2580 2209/2560/2580
f 2217/2561/2581 2231/2585/2581 2232/2587/2581
f 2209/2560/2582 2225/2588/2582 2210/2562/2582
f 2218/2563/2583 2232/2587/2583 2233/2589/2583
f 2210/2562/2584 2226/2590/2584 2211/2564/2584
f 2219/2565/2585 2233/2589/2585 2234/2575/2585
f 2211/2564/2586 2227/2591/2586 2212/2566/2586
f 2223/2584/2587 2240/2592/2587 2224/2586/2587
f 2232/2587/2588 2247/2593/2588 2248/2594/2588
f 2224/2586/2589 2241/2595/2589 2225/2588/2589
f 2233/2589/2590 2248/2594/2590 2249/2596/2590
f 2225/2588/2591 2242/2597/2591 2226/2590/2591
f 2234/2575/2592 2249/2596/2592 2250/2598/2592
f 2226/2590/2593 2243/2599/2593 2227/2591/2593
f 2235/2576/2594 2250/2598/2594 2251/2600/2594
f 2227/2591/2595 2244/2601/2595 2228/2577/2595
f 2221/2579/2596 2010/2602/2596 2237/2603/2596
f 2236/2604/2597 2235/2576/2597 2251/2600/2597
f 2229/2581/2598 2244/2601/2598 2245/2605/2598
f 2221/2579/2599 2238/2606/2599 2222/2582/2599
f 2230/2583/2600 2245/2605/2600 2246/2607/2600
f 2222/2582/2601 2239/2608/2601 2223/2584/2601
f 2231/2585/2602 2246/2607/2602 2247/2593/2602
f 2243/2599/2603 2259/2609/2603 2244/2601/2603
f 2237/2603/2604 2010/2610/2604 2252/2611/2604
f 2236/2612/2605 2251/2600/2605 2266/2613/2605
f 2245/2605/2606 2259/2609/2606 2260/2614/2606
f 2237/2603/2607 2253/2615/2607 2238/2606/2607
f 2246/2607/2608 2260/2614/2608 2261/2616/2608
f 2238/2606/2609 2254/2617/2609 2239/2608/2609
f 2247/2593/2610 2261/2616/2610 2262/2618/2610
f 2239/2608/2611 2255/2619/2611 2240/2592/2611
f 2248/2594/2612 2262/2618/2612 2263/2620/2612
f 2240/2592/2613 2256/2621/2613 2241/2595/2613
f 2249/2596/2614 2263/2620/2614 2264/2622/2614
f 2241/2595/2615 2257/2623/2615 2242/2597/2615
f 2250/2598/2616 2264/2622/2616 2265/2624/2616
f 2242/2597/2617 2258/2625/2617 2243/2599/2617
f 2251/2600/2618 2265/2624/2618 2266/2613/2618
f 2263/2620/2619 2277/2626/2619 2278/2627/2619
f 2255/2619/2620 2271/2628/2620 2256/2621/2620
f 2264/2622/2621 2278/2627/2621 2279/2629/2621
f 2256/2621/2622 2272/2630/2622 2257/2623/2622
f 2265/2624/2623 2279/2629/2623 2280/2631/2623
f 2257/2623/2624 2273/2632/2624 2258/2625/2624
f 2266/2613/2625 2280/2631/2625 2281/2633/2625
f 2258/2625/2626 2274/2634/2626 2259/2609/2626
f 2252/2611/2627 2010/2635/2627 2267/2636/2627
f 2236/2637/2628 2266/2613/2628 2281/2633/2628
f 2260/2614/2629 2274/2634/2629 2275/2638/2629
f 2252/2611/2630 2268/2639/2630 2253/2615/2630
f 2261/2616/2631 2275/2638/2631 2276/2640/2631
f 2253/2615/2632 2269/2641/2632 2254/2617/2632
f 2262/2618/2633 2276/2640/2633 2277/2626/2633
f 2254/2617/2634 2270/2642/2634 2255/2619/2634
f 2236/2643/2635 2281/2633/2635 2296/2644/2635
f 2275/2638/2636 2289/2645/2636 2290/2646/2636
f 2267/2636/2637 2283/2647/2637 2268/2639/2637
f 2276/2640/2638 2290/2646/2638 2291/2648/2638
f 2268/2639/2639 2284/2649/2639 2269/2641/2639
f 2277/2626/2640 2291/2648/2640 2292/2650/2640
f 2269/2641/2641 2285/2651/2641 2270/2642/2641
f 2278/2627/2642 2292/2650/2642 2293/2652/2642
f 2270/2642/2643 2286/2653/2643 2271/2628/2643
f 2279/2629/2644 2293/2652/2644 2294/2654/2644
f 2271/2628/2645 2287/2655/2645 2272/2630/2645
f 2280/2631/2646 2294/2654/2646 2295/2656/2646
f 2272/2630/2647 2288/2657/2647 2273/2632/2647
f 2281/2633/2648 2295/2656/2648 2296/2644/2648
f 2273/2632/2649 2289/2645/2649 2274/2634/2649
f 2267/2636/2650 2010/2658/2650 2282/2659/2650
f 2293/2660/2651 2309/2661/2651 2294/2662/2651
f 2287/2663/2652 2301/2664/2652 2302/2665/2652
f 2294/2662/2653 2310/2666/2653 2295/2667/2653
f 2288/2668/2654 2302/2665/2654 2303/2669/2654
f 2295/2667/2655 2311/2670/2655 2296/2671/2655
f 2289/2672/2656 2303/2669/2656 2304/2673/2656
f 2282/2674/2657 2010/2675/2657 2297/2676/2657
f 2236/2677/2658 2296/2671/2658 2311/2670/2658
f 2289/2672/2659 2305/2678/2659 2290/2679/2659
f 2283/2680/2660 2297/2676/2660 2298/2681/2660
f 2290/2679/2661 2306/2682/2661 2291/2683/2661
f 2284/2684/2662 2298/2681/2662 2299/2685/2662
f 2291/2683/2663 2307/2686/2663 2292/2687/2663
f 2285/2688/2664 2299/2685/2664 2300/2689/2664
f 2292/2687/2665 2308/2690/2665 2293/2660/2665
f 2286/2691/2666 2300/2689/2666 2301/2664/2666
f 2298/2681/2667 2312/2692/2667 2313/2693/2667
f 2305/2678/2668 2321/2694/2668 2306/2682/2668
f 2299/2685/2669 2313/2693/2669 2314/2695/2669
f 2306/2682/2670 2322/2696/2670 2307/2686/2670
f 2300/2689/2671 2314/2695/2671 2315/2697/2671
f 2307/2686/2672 2323/2698/2672 2308/2690/2672
f 2301/2664/2673 2315/2697/2673 2316/2699/2673
f 2308/2690/2674 2324/2700/2674 2309/2661/2674
f 2302/2665/2675 2316/2699/2675 2317/2701/2675
f 2309/2661/2676 2325/2702/2676 2310/2666/2676
f 2303/2669/2677 2317/2701/2677 2318/2703/2677
f 2310/2666/2678 2326/2704/2678 2311/2670/2678
f 2304/2673/2679 2318/2703/2679 2319/2705/2679
f 2297/2676/2680 2010/2706/2680 2312/2692/2680
f 2236/2707/2681 2311/2670/2681 2326/2704/2681
f 2304/2673/2682 2320/2708/2682 2305/2678/2682
f 2317/2701/2683 2331/2709/2683 2332/2710/2683
f 2324/2700/2684 2340/2711/2684 2325/2702/2684
f 2318/2703/2685 2332/2710/2685 2333/2712/2685
f 2325/2702/2686 2341/2713/2686 2326/2704/2686
f 2319/2705/2687 2333/2712/2687 2334/2714/2687
f 2312/2692/2688 2010/2715/2688 2327/2716/2688
f 2236/2717/2689 2326/2704/2689 2341/2713/2689
f 2319/2705/2690 2335/2718/2690 2320/2708/2690
f 2313/2693/2691 2327/2716/2691 2328/2719/2691
f 2320/2708/2692 2336/2720/2692 2321/2694/2692
f 2314/2695/2693 2328/2719/2693 2329/2721/2693
f 2321/2694/2694 2337/2722/2694 2322/2696/2694
f 2315/2697/2695 2329/2721/2695 2330/2723/2695
f 2322/2696/2696 2338/2724/2696 2323/2698/2696
f 2316/2699/2697 2330/2723/2697 2331/2709/2697
f 2323/2698/2698 2339/2725/2698 2324/2700/2698
f 2335/2718/2699 2351/2726/2699 2336/2720/2699
f 2329/2721/2700 2343/2727/2700 2344/2728/2700
f 2336/2720/2701 2352/2729/2701 2337/2722/2701
f 2330/2723/2702 2344/2728/2702 2345/2730/2702
f 2337/2722/2703 2353/2731/2703 2338/2724/2703
f 2331/2709/2704 2345/2730/2704 2346/2732/2704
f 2338/2724/2705 2354/2733/2705 2339/2725/2705
f 2332/2710/2706 2346/2732/2706 2347/2734/2706
f 2339/2725/2707 2355/2735/2707 2340/2711/2707
f 2333/2712/2708 2347/2734/2708 2348/2736/2708
f 2340/2711/2709 2356/2737/2709 2341/2713/2709
f 2334/2714/2710 2348/2736/2710 2349/2738/2710
f 2327/2716/2711 2010/2739/2711 2342/2740/2711
f 2236/2741/2712 2341/2713/2712 2356/2737/2712
f 2334/2714/2713 2350/2742/2713 2335/2718/2713
f 2328/2719/2714 2342/2740/2714 2343/2727/2714
f 2354/2733/2715 2370/2743/2715 2355/2735/2715
f 2348/2736/2716 2362/2744/2716 2363/2745/2716
f 2355/2735/2717 2371/2746/2717 2356/2737/2717
f 2349/2738/2718 2363/2745/2718 2364/2747/2718
f 2342/2740/2719 2010/2748/2719 2357/2749/2719
f 2236/2750/2720 2356/2737/2720 2371/2746/2720
f 2349/2738/2721 2365/2751/2721 2350/2742/2721
f 2343/2727/2722 2357/2749/2722 2358/2752/2722
f 2350/2742/2723 2366/2753/2723 2351/2726/2723
f 2344/2728/2724 2358/2752/2724 2359/2754/2724
f 2351/2726/2725 2367/2755/2725 2352/2729/2725
f 2345/2730/2726 2359/2754/2726 2360/2756/2726
f 2352/2729/2727 2368/2757/2727 2353/2731/2727
f 2346/2732/2728 2360/2756/2728 2361/2758/2728
f 2353/2731/2729 2369/2759/2729 2354/2733/2729
f 2347/2734/2730 2361/2758/2730 2362/2744/2730
f 2359/2754/2731 2373/2760/2731 2374/2761/2731
f 2366/2753/2732 2382/2762/2732 2367/2755/2732
f 2360/2756/2733 2374/2761/2733 2375/2763/2733
f 2367/2755/2734 2383/2764/2734 2368/2757/2734
f 2361/2758/2735 2375/2763/2735 2376/2765/2735
f 2368/2757/2736 2384/2766/2736 2369/2759/2736
f 2362/2744/2737 2376/2765/2737 2377/2767/2737
f 2369/2759/2738 2385/2768/2738 2370/2743/2738
f 2363/2745/2739 2377/2767/2739 2378/2769/2739
f 2370/2743/2740 2386/2770/2740 2371/2746/2740
f 2364/2747/2741 2378/2769/2741 2379/2771/2741
f 2357/2749/2742 2010/2772/2742 2372/2773/2742
f 2236/2774/2743 2371/2746/2743 2386/2770/2743
f 2364/2747/2744 2380/2775/2744 2365/2751/2744
f 2358/2752/2745 2372/2773/2745 2373/2760/2745
f 2365/2751/2746 2381/2776/2746 2366/2753/2746
f 2378/2769/2747 2392/2777/2747 2393/2778/2747
f 2385/2768/2748 2401/2779/2748 2386/2770/2748
f 2379/2771/2749 2393/2778/2749 2394/2780/2749
f 2372/2773/2750 2010/2781/2750 2387/2782/2750
f 2236/2783/2751 2386/2770/2751 2401/2779/2751
f 2379/2771/2752 2395/2784/2752 2380/2775/2752
f 2373/2760/2753 2387/2782/2753 2388/2785/2753
f 2380/2775/2754 2396/2786/2754 2381/2776/2754
f 2374/2761/2755 2388/2785/2755 2389/2787/2755
f 2381/2776/2756 2397/2788/2756 2382/2762/2756
f 2375/2763/2757 2389/2787/2757 2390/2789/2757
f 2382/2762/2758 2398/2790/2758 2383/2764/2758
f 2376/2765/2759 2390/2789/2759 2391/2791/2759
f 2383/2764/2760 2399/2792/2760 2384/2766/2760
f 2377/2767/2761 2391/2791/2761 2392/2777/2761
f 2384/2766/2762 2400/2793/2762 2385/2768/2762
f 2396/2786/2763 1934/2237/2763 2397/2788/2763
f 2390/2789/2764 1929/2240/2764 2404/2242/2764
f 2397/2788/2765 2407/2243/2765 2398/2790/2765
f 2391/2791/2766 2404/2242/2766 1930/2246/2766
f 2398/2790/2767 2408/2247/2767 2399/2792/2767
f 2392/2777/2768 1930/2246/2768 2405/2250/2768
f 2399/2792/2769 2409/2251/2769 2400/2793/2769
f 2393/2778/2770 2405/2250/2770 1931/2254/2770
f 2400/2793/2771 2410/2255/2771 2401/2779/2771
f 2394/2780/2772 1931/2254/2772 1932/2258/2772
f 2387/2782/2773 2010/2794/2773 2402/2259/2773
f 2236/2795/2774 2401/2779/2774 2410/2255/2774
f 2394/2780/2775 1933/2263/2775 2395/2784/2775
f 2388/2785/2776 2402/2259/2776 2403/2266/2776
f 2395/2784/2777 2406/2267/2777 2396/2786/2777
f 2389/2787/2778 2403/2266/2778 1929/2240/2778
f 1934/2237/2267 2406/2267/2267 1944/2238/2267
f 1929/2240/2268 1937/2268/2268 1938/2241/2268
f 2407/2243/2269 1934/2237/2269 1945/2239/2269
f 2404/2242/2270 1938/2241/2270 1939/2245/2270
f 2408/2247/2271 2407/2243/2271 1946/2244/2271
f 1930/2246/2272 1939/2245/2272 1940/2249/2272
f 2409/2251/2273 2408/2247/2273 1947/2248/2273
f 2405/2250/2274 1940/2249/2274 1941/2253/2274
f 2410/2255/2779 2409/2251/2779 1948/2252/2779
f 1931/2254/2276 1941/2253/2276 1942/2257/2276
f 1933/2263/2279 1932/2258/2279 1942/2257/2279
f 2402/2259/2780 1935/2261/2780 1936/2265/2780
f 2406/2267/2281 1933/2263/2281 1943/2264/2281
f 2403/2266/2781 1936/2265/2781 1937/2268/2781
f 1935/2261/2283 1950/2284/2283 1951/2269/2283
f 1944/2238/2284 1943/2264/2284 1958/2270/2284
f 1936/2265/2285 1951/2269/2285 1952/2272/2285
f 1945/2239/2286 1944/2238/2286 1959/2271/2286
f 1937/2268/2287 1952/2272/2287 1953/2274/2287
f 1946/2244/2288 1945/2239/2288 1960/2273/2288
f 1938/2241/2289 1953/2274/2289 1954/2276/2289
f 1947/2248/2290 1946/2244/2290 1961/2275/2290
f 1939/2245/2291 1954/2276/2291 1955/2278/2291
f 1948/2252/2292 1947/2248/2292 1962/2277/2292
f 1940/2249/2293 1955/2278/2293 1956/2280/2293
f 1949/2256/2782 1948/2252/2782 1963/2279/2782
f 1941/2253/2295 1956/2280/2295 1957/2282/2295
f 1943/2264/2298 1942/2257/2298 1957/2282/2298
f 1954/2276/2299 1969/2302/2299 1970/2286/2299
f 1963/2279/2783 1962/2277/2783 1977/2287/2783
f 1955/2278/2301 1970/2286/2301 1971/2289/2301
f 1964/2281/2302 1963/2279/2302 1978/2288/2302
f 1956/2280/2303 1971/2289/2303 1972/2291/2303
f 1958/2270/2306 1957/2282/2306 1972/2291/2306
f 1950/2284/2307 1965/2293/2307 1966/2296/2307
f 1959/2271/2308 1958/2270/2308 1973/2295/2308
f 1951/2269/2309 1966/2296/2309 1967/2298/2309
f 1960/2273/2310 1959/2271/2310 1974/2297/2310
f 1952/2272/2311 1967/2298/2311 1968/2300/2311
f 1961/2275/2784 1960/2273/2784 1975/2299/2784
f 1953/2274/2313 1968/2300/2313 1969/2302/2313
f 1962/2277/2314 1961/2275/2314 1976/2301/2314
f 1974/2297/2315 1973/2295/2315 1988/2303/2315
f 1966/2296/2316 1981/2319/2316 1982/2305/2316
f 1975/2299/2317 1974/2297/2317 1989/2304/2317
f 1967/2298/2318 1982/2305/2318 1983/2307/2318
f 1976/2301/2319 1975/2299/2319 1990/2306/2319
f 1968/2300/2320 1983/2307/2320 1984/2309/2320
f 1977/2287/2321 1976/2301/2321 1991/2308/2321
f 1969/2302/2322 1984/2309/2322 1985/2311/2322
f 1978/2288/2323 1977/2287/2323 1992/2310/2323
f 1970/2286/2324 1985/2311/2324 1986/2313/2324
f 1979/2290/2325 1978/2288/2325 1993/2312/2325
f 1971/2289/2326 1986/2313/2326 1987/2315/2326
f 1973/2295/2329 1972/2291/2329 1987/2315/2329
f 1965/2293/2785 1980/2317/2785 1981/2319/2785
f 1993/2312/2331 1992/2310/2331 2007/2320/2331
f 1985/2311/2332 2000/2336/2332 2001/2322/2332
f 1994/2314/2333 1993/2312/2333 2008/2321/2333
f 1986/2313/2334 2001/2322/2334 2002/2324/2334
f 1988/2303/2337 1987/2315/2337 2002/2324/2337
f 1980/2317/2338 1995/2326/2338 1996/2329/2338
f 1989/2304/2786 1988/2303/2786 2003/2328/2786
f 1981/2319/2340 1996/2329/2340 1997/2331/2340
f 1990/2306/2341 1989/2304/2341 2004/2330/2341
f 1982/2305/2342 1997/2331/2342 1998/2333/2342
f 1991/2308/2343 1990/2306/2343 2005/2332/2343
f 1983/2307/2344 1998/2333/2344 1999/2335/2344
f 1992/2310/2345 1991/2308/2345 2006/2334/2345
f 1984/2309/2787 1999/2335/2787 2000/2336/2787
f 2005/2332/2347 2004/2330/2347 2020/2337/2347
f 1997/2331/2348 2013/2353/2348 2014/2339/2348
f 2006/2334/2349 2005/2332/2349 2021/2338/2349
f 1998/2333/2350 2014/2339/2350 2015/2341/2350
f 2007/2320/2351 2006/2334/2351 2022/2340/2351
f 1999/2335/2352 2015/2341/2352 2016/2343/2352
f 2008/2321/2353 2007/2320/2353 2023/2342/2353
f 2000/2336/2354 2016/2343/2354 2017/2345/2354
f 2009/2323/2355 2008/2321/2355 2024/2344/2355
f 2001/2322/2356 2017/2345/2356 2018/2347/2356
f 2003/2328/2359 2002/2324/2359 2018/2347/2359
f 1995/2326/2360 2011/2349/2360 2012/2352/2360
f 2004/2330/2361 2003/2328/2361 2019/2351/2361
f 1996/2329/2362 2012/2352/2362 2013/2353/2362
f 2025/2346/2363 2024/2344/2363 2039/2354/2363
f 2017/2345/2364 2032/2370/2364 2033/2356/2364
f 2019/2351/2367 2018/2347/2367 2033/2356/2367
f 2011/2349/2368 2026/2358/2368 2027/2361/2368
f 2020/2337/2369 2019/2351/2369 2034/2360/2369
f 2012/2352/2788 2027/2361/2788 2028/2363/2788
f 2021/2338/2371 2020/2337/2371 2035/2362/2371
f 2013/2353/2372 2028/2363/2372 2029/2365/2372
f 2022/2340/2373 2021/2338/2373 2036/2364/2373
f 2014/2339/2374 2029/2365/2374 2030/2367/2374
f 2023/2342/2375 2022/2340/2375 2037/2366/2375
f 2015/2341/2789 2030/2367/2789 2031/2369/2789
f 2024/2344/2377 2023/2342/2377 2038/2368/2377
f 2016/2343/2378 2031/2369/2378 2032/2370/2378
f 2028/2363/2379 2043/2387/2379 2044/2371/2379
f 2037/2366/2380 2036/2364/2380 2051/2372/2380
f 2029/2365/2381 2044/2371/2381 2045/2374/2381
f 2038/2368/2382 2037/2366/2382 2052/2373/2382
f 2030/2367/2383 2045/2374/2383 2046/2376/2383
f 2039/2354/2790 2038/2368/2790 2053/2375/2790
f 2031/2369/2385 2046/2376/2385 2047/2378/2385
f 2040/2355/2386 2039/2354/2386 2054/2377/2386
f 2032/2370/2387 2047/2378/2387 2048/2380/2387
f 2034/2360/2390 2033/2356/2390 2048/2380/2390
f 2026/2358/2791 2041/2382/2791 2042/2385/2791
f 2035/2362/2792 2034/2360/2792 2049/2384/2792
f 2027/2361/2793 2042/2385/2793 2043/2387/2793
f 2036/2364/2394 2035/2362/2394 2050/2386/2394
f 2048/2380/2395 2047/2378/2395 2062/2388/2395
f 2048/2380/2398 2063/2389/2398 2064/2394/2398
f 2042/2385/2399 2041/2382/2399 2056/2391/2399
f 2049/2384/2794 2064/2394/2794 2065/2396/2794
f 2043/2387/2401 2042/2385/2401 2057/2395/2401
f 2050/2386/2402 2065/2396/2402 2066/2398/2402
f 2044/2371/2403 2043/2387/2403 2058/2397/2403
f 2051/2372/2404 2066/2398/2404 2067/2400/2404
f 2045/2374/2405 2044/2371/2405 2059/2399/2405
f 2052/2373/2406 2067/2400/2406 2068/2402/2406
f 2046/2376/2407 2045/2374/2407 2060/2401/2407
f 2053/2375/2408 2068/2402/2408 2069/2404/2408
f 2047/2378/2409 2046/2376/2409 2061/2403/2409
f 2054/2377/2410 2069/2404/2410 2070/2393/2410
f 2066/2398/2411 2081/2421/2411 2082/2405/2411
f 2060/2401/2412 2059/2399/2412 2074/2406/2412
f 2067/2400/2413 2082/2405/2413 2083/2408/2413
f 2061/2403/2795 2060/2401/2795 2075/2407/2795
f 2068/2402/2415 2083/2408/2415 2084/2410/2415
f 2062/2388/2416 2061/2403/2416 2076/2409/2416
f 2069/2404/2417 2084/2410/2417 2085/2412/2417
f 2063/2389/2418 2062/2388/2418 2077/2411/2418
f 2063/2389/2421 2078/2413/2421 2079/2417/2421
f 2057/2395/2422 2056/2391/2422 2071/2415/2422
f 2064/2394/2423 2079/2417/2423 2080/2419/2423
f 2058/2397/2796 2057/2395/2796 2072/2418/2796
f 2065/2396/2425 2080/2419/2425 2081/2421/2425
f 2059/2399/2426 2058/2397/2426 2073/2420/2426
f 2078/2413/2429 2093/2438/2429 2094/2426/2429
f 2072/2418/2430 2071/2415/2430 2086/2423/2430
f 2079/2417/2431 2094/2426/2431 2095/2428/2431
f 2073/2420/2432 2072/2418/2432 2087/2427/2432
f 2080/2419/2433 2095/2428/2433 2096/2430/2433
f 2074/2406/2434 2073/2420/2434 2088/2429/2434
f 2081/2421/2435 2096/2430/2435 2097/2432/2435
f 2075/2407/2436 2074/2406/2436 2089/2431/2436
f 2082/2405/2437 2097/2432/2437 2098/2434/2437
f 2076/2409/2438 2075/2407/2438 2090/2433/2438
f 2083/2408/2439 2098/2434/2439 2099/2436/2439
f 2077/2411/2440 2076/2409/2440 2091/2435/2440
f 2084/2410/2441 2099/2436/2441 2100/2425/2441
f 2078/2413/2442 2077/2411/2442 2092/2437/2442
f 2090/2433/2443 2089/2431/2443 2104/2439/2443
f 2097/2432/2444 2112/2455/2444 2113/2441/2444
f 2091/2435/2797 2090/2433/2797 2105/2440/2797
f 2098/2434/2446 2113/2441/2446 2114/2443/2446
f 2092/2437/2798 2091/2435/2798 2106/2442/2798
f 2099/2436/2448 2114/2443/2448 2115/2445/2448
f 2093/2438/2449 2092/2437/2449 2107/2444/2449
f 2093/2438/2452 2108/2446/2452 2109/2450/2452
f 2087/2427/2453 2086/2423/2453 2101/2448/2453
f 2094/2426/2799 2109/2450/2799 2110/2452/2799
f 2088/2429/2455 2087/2427/2455 2102/2451/2455
f 2095/2428/2456 2110/2452/2456 2111/2454/2456
f 2089/2431/2457 2088/2429/2457 2103/2453/2457
f 2096/2430/2458 2111/2454/2458 2112/2455/2458
f 2108/2446/2459 2123/2470/2459 2124/2456/2459
f 2102/2451/2800 2101/2448/2800 2116/2457/2800
f 2109/2450/2461 2124/2456/2461 2125/2459/2461
f 2103/2453/2801 2102/2451/2801 2117/2458/2801
f 2110/2452/2463 2125/2459/2463 2126/2461/2463
f 2104/2439/2464 2103/2453/2464 2118/2460/2464
f 2111/2454/2465 2126/2461/2465 2127/2463/2465
f 2105/2440/2466 2104/2439/2466 2119/2462/2466
f 2112/2455/2467 2127/2463/2467 2128/2465/2467
f 2106/2442/2468 2105/2440/2468 2120/2464/2468
f 2113/2441/2802 2128/2465/2802 2129/2467/2802
f 2107/2444/2470 2106/2442/2470 2121/2466/2470
f 2114/2443/2803 2129/2467/2803 2130/2469/2803
f 2108/2446/2472 2107/2444/2472 2122/2468/2472
f 2127/2463/2475 2142/2489/2475 2143/2473/2475
f 2121/2466/2476 2120/2464/2476 2135/2474/2476
f 2128/2465/2804 2143/2473/2804 2144/2476/2804
f 2122/2468/2478 2121/2466/2478 2136/2475/2478
f 2129/2467/2479 2144/2476/2479 2145/2478/2479
f 2123/2470/2480 2122/2468/2480 2137/2477/2480
f 2123/2470/2483 2138/2479/2483 2139/2483/2483
f 2117/2458/2484 2116/2457/2484 2131/2481/2484
f 2124/2456/2485 2139/2483/2485 2140/2485/2485
f 2118/2460/2805 2117/2458/2805 2132/2484/2805
f 2125/2459/2487 2140/2485/2487 2141/2487/2487
f 2119/2462/2488 2118/2460/2488 2133/2486/2488
f 2126/2461/2806 2141/2487/2806 2142/2489/2806
f 2120/2464/2490 2119/2462/2490 2134/2488/2490
f 2139/2483/2491 2154/2506/2491 2155/2490/2491
f 2133/2486/2492 2132/2484/2492 2147/2491/2492
f 2140/2485/2493 2155/2490/2493 2156/2493/2493
f 2134/2488/2807 2133/2486/2807 2148/2492/2807
f 2141/2487/2495 2156/2493/2495 2157/2495/2495
f 2135/2474/2496 2134/2488/2496 2149/2494/2496
f 2142/2489/2497 2157/2495/2497 2158/2497/2497
f 2136/2475/2498 2135/2474/2498 2150/2496/2498
f 2143/2473/2499 2158/2497/2499 2159/2499/2499
f 2137/2477/2500 2136/2475/2500 2151/2498/2500
f 2144/2476/2808 2159/2499/2808 2160/2501/2808
f 2138/2479/2502 2137/2477/2502 2152/2500/2502
f 2138/2479/2505 2153/2502/2505 2154/2506/2505
f 2132/2484/2506 2131/2481/2506 2146/2504/2506
f 2158/2497/2507 2173/2523/2507 2174/2507/2507
f 2152/2500/2508 2151/2498/2508 2166/2508/2508
f 2159/2499/2809 2174/2507/2809 2175/2510/2809
f 2153/2502/2510 2152/2500/2510 2167/2509/2510
f 2153/2502/2513 2168/2511/2513 2169/2515/2513
f 2147/2491/2810 2146/2504/2810 2161/2513/2810
f 2154/2506/2515 2169/2515/2515 2170/2517/2515
f 2148/2492/2811 2147/2491/2811 2162/2516/2811
f 2155/2490/2517 2170/2517/2517 2171/2519/2517
f 2149/2494/2518 2148/2492/2518 2163/2518/2518
f 2156/2493/2519 2171/2519/2519 2172/2521/2519
f 2150/2496/2520 2149/2494/2520 2164/2520/2520
f 2157/2495/2812 2172/2521/2812 2173/2523/2812
f 2151/2498/2522 2150/2496/2522 2165/2522/2522
f 2162/2516/2813 2177/2540/2813 2178/2524/2813
f 2171/2519/2524 2170/2517/2524 2185/2525/2524
f 2163/2518/2525 2178/2524/2525 2179/2527/2525
f 2172/2521/2526 2171/2519/2526 2186/2526/2526
f 2164/2520/2527 2179/2527/2527 2180/2529/2527
f 2173/2523/2528 2172/2521/2528 2187/2528/2528
f 2165/2522/2529 2180/2529/2529 2181/2531/2529
f 2174/2507/2814 2173/2523/2814 2188/2530/2814
f 2166/2508/2531 2181/2531/2531 2182/2533/2531
f 2175/2510/2815 2174/2507/2815 2189/2532/2815
f 2167/2509/2533 2182/2533/2533 2183/2535/2533
f 2169/2515/2536 2168/2511/2536 2183/2535/2536
f 2161/2513/2816 2176/2537/2816 2177/2540/2816
f 2170/2517/2538 2169/2515/2538 2184/2539/2538
f 2181/2531/2539 2196/2557/2539 2197/2541/2539
f 2190/2534/2817 2189/2532/2817 2204/2542/2817
f 2182/2533/2541 2197/2541/2541 2198/2544/2541
f 2184/2539/2544 2183/2535/2544 2198/2544/2544
f 2176/2537/2545 2191/2546/2545 2192/2549/2545
f 2185/2525/2546 2184/2539/2546 2199/2548/2546
f 2177/2540/2547 2192/2549/2547 2193/2551/2547
f 2186/2526/2548 2185/2525/2548 2200/2550/2548
f 2178/2524/2818 2193/2551/2818 2194/2553/2818
f 2187/2528/2550 2186/2526/2550 2201/2552/2550
f 2179/2527/2551 2194/2553/2551 2195/2555/2551
f 2188/2530/2552 2187/2528/2552 2202/2554/2552
f 2180/2529/2553 2195/2555/2553 2196/2557/2553
f 2189/2532/2554 2188/2530/2554 2203/2556/2554
f 2201/2552/2555 2200/2550/2555 2215/2558/2555
f 2193/2551/2556 2208/2574/2556 2209/2560/2556
f 2202/2554/2819 2201/2552/2819 2216/2559/2819
f 2194/2553/2558 2209/2560/2558 2210/2562/2558
f 2203/2556/2559 2202/2554/2559 2217/2561/2559
f 2195/2555/2560 2210/2562/2560 2211/2564/2560
f 2204/2542/2820 2203/2556/2820 2218/2563/2820
f 2196/2557/2562 2211/2564/2562 2212/2566/2562
f 2205/2543/2563 2204/2542/2563 2219/2565/2563
f 2197/2541/2564 2212/2566/2564 2213/2568/2564
f 2199/2548/2567 2198/2544/2567 2213/2568/2567
f 2191/2546/2568 2206/2570/2568 2207/2573/2568
f 2200/2550/2569 2199/2548/2569 2214/2572/2569
f 2192/2549/2570 2207/2573/2570 2208/2574/2570
f 2220/2567/2821 2219/2565/2821 2234/2575/2821
f 2212/2566/2572 2227/2591/2572 2228/2577/2572
f 2214/2572/2575 2213/2568/2575 2228/2577/2575
f 2206/2570/2822 2221/2579/2822 2222/2582/2822
f 2215/2558/2577 2214/2572/2577 2229/2581/2577
f 2207/2573/2823 2222/2582/2823 2223/2584/2823
f 2216/2559/2579 2215/2558/2579 2230/2583/2579
f 2208/2574/2580 2223/2584/2580 2224/2586/2580
f 2217/2561/2581 2216/2559/2581 2231/2585/2581
f 2209/2560/2582 2224/2586/2582 2225/2588/2582
f 2218/2563/2583 2217/2561/2583 2232/2587/2583
f 2210/2562/2584 2225/2588/2584 2226/2590/2584
f 2219/2565/2585 2218/2563/2585 2233/2589/2585
f 2211/2564/2586 2226/2590/2586 2227/2591/2586
f 2223/2584/2587 2239/2608/2587 2240/2592/2587
f 2232/2587/2588 2231/2585/2588 2247/2593/2588
f 2224/2586/2589 2240/2592/2589 2241/2595/2589
f 2233/2589/2590 2232/2587/2590 2248/2594/2590
f 2225/2588/2824 2241/2595/2824 2242/2597/2824
f 2234/2575/2825 2233/2589/2825 2249/2596/2825
f 2226/2590/2593 2242/2597/2593 2243/2599/2593
f 2235/2576/2826 2234/2575/2826 2250/2598/2826
f 2227/2591/2827 2243/2599/2827 2244/2601/2827
f 2229/2581/2828 2228/2577/2828 2244/2601/2828
f 2221/2579/2599 2237/2603/2599 2238/2606/2599
f 2230/2583/2829 2229/2581/2829 2245/2605/2829
f 2222/2582/2830 2238/2606/2830 2239/2608/2830
f 2231/2585/2831 2230/2583/2831 2246/2607/2831
f 2243/2599/2603 2258/2625/2603 2259/2609/2603
f 2245/2605/2606 2244/2601/2606 2259/2609/2606
f 2237/2603/2607 2252/2611/2607 2253/2615/2607
f 2246/2607/2608 2245/2605/2608 2260/2614/2608
f 2238/2606/2609 2253/2615/2609 2254/2617/2609
f 2247/2593/2610 2246/2607/2610 2261/2616/2610
f 2239/2608/2611 2254/2617/2611 2255/2619/2611
f 2248/2594/2612 2247/2593/2612 2262/2618/2612
f 2240/2592/2613 2255/2619/2613 2256/2621/2613
f 2249/2596/2614 2248/2594/2614 2263/2620/2614
f 2241/2595/2615 2256/2621/2615 2257/2623/2615
f 2250/2598/2616 2249/2596/2616 2264/2622/2616
f 2242/2597/2617 2257/2623/2617 2258/2625/2617
f 2251/2600/2618 2250/2598/2618 2265/2624/2618
f 2263/2620/2619 2262/2618/2619 2277/2626/2619
f 2255/2619/2620 2270/2642/2620 2271/2628/2620
f 2264/2622/2621 2263/2620/2621 2278/2627/2621
f 2256/2621/2622 2271/2628/2622 2272/2630/2622
f 2265/2624/2623 2264/2622/2623 2279/2629/2623
f 2257/2623/2624 2272/2630/2624 2273/2632/2624
f 2266/2613/2625 2265/2624/2625 2280/2631/2625
f 2258/2625/2626 2273/2632/2626 2274/2634/2626
f 2260/2614/2629 2259/2609/2629 2274/2634/2629
f 2252/2611/2630 2267/2636/2630 2268/2639/2630
f 2261/2616/2631 2260/2614/2631 2275/2638/2631
f 2253/2615/2832 2268/2639/2832 2269/2641/2832
f 2262/2618/2633 2261/2616/2633 2276/2640/2633
f 2254/2617/2634 2269/2641/2634 2270/2642/2634
f 2275/2638/2636 2274/2634/2636 2289/2645/2636
f 2267/2636/2637 2282/2659/2637 2283/2647/2637
f 2276/2640/2638 2275/2638/2638 2290/2646/2638
f 2268/2639/2639 2283/2647/2639 2284/2649/2639
f 2277/2626/2640 2276/2640/2640 2291/2648/2640
f 2269/2641/2641 2284/2649/2641 2285/2651/2641
f 2278/2627/2642 2277/2626/2642 2292/2650/2642
f 2270/2642/2643 2285/2651/2643 2286/2653/2643
f 2279/2629/2644 2278/2627/2644 2293/2652/2644
f 2271/2628/2645 2286/2653/2645 2287/2655/2645
f 2280/2631/2646 2279/2629/2646 2294/2654/2646
f 2272/2630/2647 2287/2655/2647 2288/2657/2647
f 2281/2633/2648 2280/2631/2648 2295/2656/2648
f 2273/2632/2649 2288/2657/2649 2289/2645/2649
f 2293/2660/2651 2308/2690/2651 2309/2661/2651
f 2287/2663/2652 2286/2691/2652 2301/2664/2652
f 2294/2662/2833 2309/2661/2833 2310/2666/2833
f 2288/2668/2654 2287/2663/2654 2302/2665/2654
f 2295/2667/2655 2310/2666/2655 2311/2670/2655
f 2289/2672/2656 2288/2668/2656 2303/2669/2656
f 2289/2672/2659 2304/2673/2659 2305/2678/2659
f 2283/2680/2660 2282/2674/2660 2297/2676/2660
f 2290/2679/2661 2305/2678/2661 2306/2682/2661
f 2284/2684/2662 2283/2680/2662 2298/2681/2662
f 2291/2683/2663 2306/2682/2663 2307/2686/2663
f 2285/2688/2664 2284/2684/2664 2299/2685/2664
f 2292/2687/2665 2307/2686/2665 2308/2690/2665
f 2286/2691/2666 2285/2688/2666 2300/2689/2666
f 2298/2681/2667 2297/2676/2667 2312/2692/2667
f 2305/2678/2668 2320/2708/2668 2321/2694/2668
f 2299/2685/2834 2298/2681/2834 2313/2693/2834
f 2306/2682/2670 2321/2694/2670 2322/2696/2670
f 2300/2689/2671 2299/2685/2671 2314/2695/2671
f 2307/2686/2672 2322/2696/2672 2323/2698/2672
f 2301/2664/2673 2300/2689/2673 2315/2697/2673
f 2308/2690/2674 2323/2698/2674 2324/2700/2674
f 2302/2665/2835 2301/2664/2835 2316/2699/2835
f 2309/2661/2676 2324/2700/2676 2325/2702/2676
f 2303/2669/2677 2302/2665/2677 2317/2701/2677
f 2310/2666/2678 2325/2702/2678 2326/2704/2678
f 2304/2673/2679 2303/2669/2679 2318/2703/2679
f 2304/2673/2682 2319/2705/2682 2320/2708/2682
f 2317/2701/2683 2316/2699/2683 2331/2709/2683
f 2324/2700/2684 2339/2725/2684 2340/2711/2684
f 2318/2703/2685 2317/2701/2685 2332/2710/2685
f 2325/2702/2686 2340/2711/2686 2341/2713/2686
f 2319/2705/2687 2318/2703/2687 2333/2712/2687
f 2319/2705/2690 2334/2714/2690 2335/2718/2690
f 2313/2693/2691 2312/2692/2691 2327/2716/2691
f 2320/2708/2692 2335/2718/2692 2336/2720/2692
f 2314/2695/2693 2313/2693/2693 2328/2719/2693
f 2321/2694/2694 2336/2720/2694 2337/2722/2694
f 2315/2697/2695 2314/2695/2695 2329/2721/2695
f 2322/2696/2696 2337/2722/2696 2338/2724/2696
f 2316/2699/2697 2315/2697/2697 2330/2723/2697
f 2323/2698/2698 2338/2724/2698 2339/2725/2698
f 2335/2718/2836 2350/2742/2836 2351/2726/2836
f 2329/2721/2700 2328/2719/2700 2343/2727/2700
f 2336/2720/2701 2351/2726/2701 2352/2729/2701
f 2330/2723/2702 2329/2721/2702 2344/2728/2702
f 2337/2722/2703 2352/2729/2703 2353/2731/2703
f 2331/2709/2704 2330/2723/2704 2345/2730/2704
f 2338/2724/2705 2353/2731/2705 2354/2733/2705
f 2332/2710/2837 2331/2709/2837 2346/2732/2837
f 2339/2725/2707 2354/2733/2707 2355/2735/2707
f 2333/2712/2838 2332/2710/2838 2347/2734/2838
f 2340/2711/2709 2355/2735/2709 2356/2737/2709
f 2334/2714/2839 2333/2712/2839 2348/2736/2839
f 2334/2714/2840 2349/2738/2840 2350/2742/2840
f 2328/2719/2714 2327/2716/2714 2342/2740/2714
f 2354/2733/2841 2369/2759/2841 2370/2743/2841
f 2348/2736/2716 2347/2734/2716 2362/2744/2716
f 2355/2735/2842 2370/2743/2842 2371/2746/2842
f 2349/2738/2718 2348/2736/2718 2363/2745/2718
f 2349/2738/2721 2364/2747/2721 2365/2751/2721
f 2343/2727/2722 2342/2740/2722 2357/2749/2722
f 2350/2742/2723 2365/2751/2723 2366/2753/2723
f 2344/2728/2724 2343/2727/2724 2358/2752/2724
f 2351/2726/2725 2366/2753/2725 2367/2755/2725
f 2345/2730/2726 2344/2728/2726 2359/2754/2726
f 2352/2729/2727 2367/2755/2727 2368/2757/2727
f 2346/2732/2728 2345/2730/2728 2360/2756/2728
f 2353/2731/2729 2368/2757/2729 2369/2759/2729
f 2347/2734/2730 2346/2732/2730 2361/2758/2730
f 2359/2754/2731 2358/2752/2731 2373/2760/2731
f 2366/2753/2732 2381/2776/2732 2382/2762/2732
f 2360/2756/2733 2359/2754/2733 2374/2761/2733
f 2367/2755/2734 2382/2762/2734 2383/2764/2734
f 2361/2758/2735 2360/2756/2735 2375/2763/2735
f 2368/2757/2736 2383/2764/2736 2384/2766/2736
f 2362/2744/2737 2361/2758/2737 2376/2765/2737
f 2369/2759/2738 2384/2766/2738 2385/2768/2738
f 2363/2745/2739 2362/2744/2739 2377/2767/2739
f 2370/2743/2740 2385/2768/2740 2386/2770/2740
f 2364/2747/2741 2363/2745/2741 2378/2769/2741
f 2364/2747/2744 2379/2771/2744 2380/2775/2744
f 2358/2752/2843 2357/2749/2843 2372/2773/2843
f 2365/2751/2746 2380/2775/2746 2381/2776/2746
f 2378/2769/2747 2377/2767/2747 2392/2777/2747
f 2385/2768/2844 2400/2793/2844 2401/2779/2844
f 2379/2771/2749 2378/2769/2749 2393/2778/2749
f 2379/2771/2752 2394/2780/2752 2395/2784/2752
f 2373/2760/2845 2372/2773/2845 2387/2782/2845
f 2380/2775/2754 2395/2784/2754 2396/2786/2754
f 2374/2761/2755 2373/2760/2755 2388/2785/2755
f 2381/2776/2756 2396/2786/2756 2397/2788/2756
f 2375/2763/2846 2374/2761/2846 2389/2787/2846
f 2382/2762/2758 2397/2788/2758 2398/2790/2758
f 2376/2765/2759 2375/2763/2759 2390/2789/2759
f 2383/2764/2760 2398/2790/2760 2399/2792/2760
f 2377/2767/2761 2376/2765/2761 2391/2791/2761
f 2384/2766/2762 2399/2792/2762 2400/2793/2762
f 2396/2786/2763 2406/2267/2763 1934/2237/2763
f 2390/2789/2764 2389/2787/2764 1929/2240/2764
f 2397/2788/2765 1934/2237/2765 2407/2243/2765
f 2391/2791/2766 2390/2789/2766 2404/2242/2766
f 2398/2790/2847 2407/2243/2847 2408/2247/2847
f 2392/2777/2768 2391/2791/2768 1930/2246/2768
f 2399/2792/2769 2408/2247/2769 2409/2251/2769
f 2393/2778/2770 2392/2777/2770 2405/2250/2770
f 2400/2793/2848 2409/2251/2848 2410/2255/2848
f 2394/2780/2772 2393/2778/2772 1931/2254/2772
f 2394/2780/2775 1932/2258/2775 1933/2263/2775
f 2388/2785/2776 2387/2782/2776 2402/2259/2776
f 2395/2784/2777 1933/2263/2777 2406/2267/2777
f 2389/2787/2849 2388/2785/2849 2403/2266/2849
o 球.005
v -0.305493 0.454371 -0.685988
v -0.305493 0.449022 -0.691688
v -0.305493 0.441729 -0.695739
v -0.305493 0.437692 -0.696941
v -0.305493 0.433600 -0.697524
v -0.305493 0.425874 -0.696770
v -0.304548 0.456955 -0.679446
v -0.303640 0.456035 -0.682666
v -0.302802 0.454356 -0.685816
v -0.302068 0.451980 -0.688776
v -0.301466 0.448999 -0.691431
v -0.301018 0.445529 -0.693680
v -0.300742 0.441701 -0.695436
v -0.300649 0.437664 -0.696632
v -0.300742 0.433573 -0.697221
v -0.301018 0.429584 -0.697181
v -0.301466 0.425851 -0.696513
v -0.302068 0.422518 -0.695244
v -0.302802 0.419712 -0.693422
v -0.303640 0.417541 -0.691117
v -0.304548 0.416090 -0.688417
v -0.303640 0.456939 -0.679267
v -0.301857 0.456004 -0.682315
v -0.300214 0.454310 -0.685308
v -0.298774 0.451922 -0.688129
v -0.297593 0.448931 -0.690670
v -0.296715 0.445453 -0.692834
v -0.296174 0.441620 -0.694538
v -0.295991 0.437582 -0.695716
v -0.296174 0.433492 -0.696323
v -0.296715 0.429508 -0.696335
v -0.297593 0.425783 -0.695752
v -0.298774 0.422459 -0.694597
v -0.300214 0.419666 -0.692913
v -0.301857 0.417510 -0.690766
v -0.303640 0.416074 -0.688238
v -0.302802 0.456913 -0.678977
v -0.300214 0.455953 -0.681747
v -0.297829 0.454236 -0.684482
v -0.295739 0.451827 -0.687078
v -0.294023 0.448820 -0.689434
v -0.292749 0.445329 -0.691461
v -0.291964 0.441489 -0.693080
v -0.291698 0.437448 -0.694229
v -0.291964 0.433361 -0.694865
v -0.292749 0.429384 -0.694961
v -0.294023 0.425671 -0.694516
v -0.295739 0.422365 -0.693545
v -0.297829 0.419592 -0.692087
v -0.300214 0.417459 -0.690197
v -0.302802 0.416048 -0.687948
v -0.302068 0.456878 -0.678587
v -0.298774 0.455884 -0.680981
v -0.295739 0.454136 -0.683370
v -0.293078 0.451700 -0.685663
v -0.290895 0.448670 -0.687771
v -0.289272 0.445163 -0.689613
v -0.288273 0.441313 -0.691118
v -0.287936 0.437268 -0.692229
v -0.288273 0.433184 -0.692902
v -0.289272 0.429218 -0.693113
v -0.290895 0.425522 -0.692852
v -0.293078 0.422238 -0.692131
v -0.295739 0.419492 -0.690976
v -0.298774 0.417390 -0.689432
v -0.302068 0.416013 -0.687558
v -0.301466 0.456835 -0.678111
v -0.297593 0.455800 -0.680048
v -0.294023 0.454014 -0.682016
v -0.290895 0.451545 -0.683939
v -0.288327 0.448488 -0.685744
v -0.286419 0.444960 -0.687360
v -0.285245 0.441098 -0.688727
v -0.284848 0.437049 -0.689791
v -0.285245 0.432969 -0.690511
v -0.286419 0.429016 -0.690861
v -0.288327 0.425340 -0.690825
v -0.290895 0.422083 -0.690407
v -0.294023 0.419370 -0.689621
v -0.297593 0.417306 -0.688499
v -0.301466 0.415970 -0.687082
v -0.305493 0.457078 -0.676279
v -0.301018 0.456786 -0.677568
v -0.296715 0.455704 -0.678984
v -0.292749 0.453875 -0.680471
v -0.289272 0.451368 -0.681972
v -0.286419 0.448280 -0.683431
v -0.284299 0.444729 -0.684791
v -0.282994 0.440853 -0.685999
v -0.282553 0.436799 -0.687009
v -0.282994 0.432724 -0.687783
v -0.284299 0.428785 -0.688291
v -0.286419 0.425132 -0.688513
v -0.289272 0.421906 -0.688440
v -0.292749 0.419231 -0.688076
v -0.296715 0.417210 -0.687434
v -0.301018 0.415921 -0.686540
v -0.300742 0.456733 -0.676980
v -0.296174 0.455601 -0.677829
v -0.291964 0.453724 -0.678794
v -0.288273 0.451176 -0.679838
v -0.285245 0.448054 -0.680922
v -0.282994 0.444479 -0.682002
v -0.281608 0.440587 -0.683039
v -0.281140 0.436528 -0.683991
v -0.281608 0.432458 -0.684823
v -0.282994 0.428534 -0.685503
v -0.285245 0.424906 -0.686003
v -0.288273 0.421714 -0.686306
v -0.291964 0.419081 -0.686399
v -0.296174 0.417107 -0.686279
v -0.300742 0.415868 -0.685951
v -0.300649 0.456678 -0.676367
v -0.295991 0.455493 -0.676628
v -0.291698 0.453567 -0.677050
v -0.287936 0.450977 -0.677619
v -0.284848 0.447820 -0.678312
v -0.282553 0.444218 -0.679103
v -0.281140 0.440310 -0.679961
v -0.280663 0.436246 -0.680853
v -0.281140 0.432181 -0.681745
v -0.282553 0.428273 -0.682603
v -0.284848 0.424672 -0.683394
v -0.287936 0.421515 -0.684087
v -0.291698 0.418924 -0.684656
v -0.295991 0.416999 -0.685078
v -0.300649 0.415813 -0.685339
v -0.300742 0.456623 -0.675755
v -0.296174 0.455385 -0.675426
v -0.291964 0.453411 -0.675306
v -0.288273 0.450777 -0.675400
v -0.285245 0.447585 -0.675702
v -0.282994 0.443957 -0.676203
v -0.281608 0.440033 -0.676882
v -0.281140 0.435963 -0.677714
v -0.281608 0.431905 -0.678667
v -0.282994 0.428013 -0.679703
v -0.285245 0.424437 -0.680784
v -0.288273 0.421315 -0.681868
v -0.291964 0.418767 -0.682912
v -0.296174 0.416891 -0.683877
v -0.300742 0.415758 -0.684726
v -0.301018 0.456570 -0.675166
v -0.296715 0.455281 -0.674272
v -0.292749 0.453260 -0.673630
v -0.289272 0.450585 -0.673266
v -0.286419 0.447359 -0.673193
v -0.284299 0.443707 -0.673415
v -0.282994 0.439767 -0.673922
v -0.282553 0.435692 -0.674696
v -0.282994 0.431638 -0.675707
v -0.284299 0.427762 -0.676915
v -0.286419 0.424211 -0.678275
v -0.289272 0.421123 -0.679734
v -0.292749 0.418616 -0.681235
v -0.296715 0.416787 -0.682722
v -0.301018 0.415705 -0.684137
v -0.301466 0.456521 -0.674624
v -0.297593 0.455185 -0.673207
v -0.294023 0.453121 -0.672085
v -0.290895 0.450408 -0.671299
v -0.288327 0.447152 -0.670880
v -0.286419 0.443476 -0.670845
v -0.285245 0.439522 -0.671195
v -0.284848 0.435442 -0.671915
v -0.285245 0.431393 -0.672979
v -0.286419 0.427531 -0.674346
v -0.288327 0.424003 -0.675962
v -0.290895 0.420946 -0.677767
v -0.294023 0.418477 -0.679690
v -0.297593 0.416691 -0.681658
v -0.301466 0.415656 -0.683595
v -0.302068 0.456479 -0.674148
v -0.298774 0.455101 -0.672274
v -0.295739 0.452999 -0.670730
v -0.293078 0.450253 -0.669575
v -0.290895 0.446969 -0.668853
v -0.289272 0.443273 -0.668593
v -0.288273 0.439307 -0.668804
v -0.287936 0.435223 -0.669477
v -0.288273 0.431178 -0.670588
v -0.289272 0.427328 -0.672093
v -0.290895 0.423821 -0.673935
v -0.293078 0.420791 -0.676043
v -0.295739 0.418356 -0.678336
v -0.298774 0.416607 -0.680725
v -0.302068 0.415614 -0.683119
v -0.302802 0.456444 -0.673758
v -0.300214 0.455032 -0.671509
v -0.297829 0.452899 -0.669619
v -0.295739 0.450126 -0.668160
v -0.294023 0.446820 -0.667190
v -0.292749 0.443107 -0.666744
v -0.291964 0.439130 -0.666841
v -0.291698 0.435043 -0.667476
v -0.291964 0.431002 -0.668626
v -0.292749 0.427162 -0.670245
v -0.294023 0.423672 -0.672272
v -0.295739 0.420664 -0.674628
v -0.297829 0.418256 -0.677224
v -0.300214 0.416538 -0.679959
v -0.302802 0.415579 -0.682729
v -0.303640 0.456417 -0.673468
v -0.301857 0.454981 -0.670940
v -0.300214 0.452825 -0.668793
v -0.298774 0.450032 -0.667109
v -0.297593 0.446709 -0.665954
v -0.296715 0.442983 -0.665371
v -0.296174 0.438999 -0.665383
v -0.295991 0.434909 -0.665990
v -0.296174 0.430871 -0.667168
v -0.296715 0.427039 -0.668871
v -0.297593 0.423560 -0.671036
v -0.298774 0.420570 -0.673577
v -0.300214 0.418181 -0.676398
v -0.301857 0.416487 -0.679390
v -0.303640 0.415552 -0.682439
v -0.304548 0.456401 -0.673289
v -0.303640 0.454950 -0.670589
v -0.302802 0.452779 -0.668284
v -0.302068 0.449974 -0.666462
v -0.301466 0.446640 -0.665193
v -0.301018 0.442907 -0.664525
v -0.300742 0.438919 -0.664485
v -0.300649 0.434827 -0.665074
v -0.300742 0.430790 -0.666270
v -0.301018 0.426963 -0.668026
v -0.301466 0.423492 -0.670274
v -0.302068 0.420512 -0.672930
v -0.302802 0.418136 -0.675889
v -0.303640 0.416456 -0.679040
v -0.304548 0.415536 -0.682260
v -0.305493 0.456396 -0.673229
v -0.305493 0.454939 -0.670471
v -0.305493 0.452764 -0.668112
v -0.305493 0.449954 -0.666243
v -0.305493 0.446617 -0.664936
v -0.305493 0.442882 -0.664240
v -0.305493 0.438891 -0.664182
v -0.305493 0.434799 -0.664765
v -0.305493 0.430763 -0.665967
v -0.305493 0.426937 -0.667740
v -0.305493 0.423469 -0.670017
v -0.305493 0.420492 -0.672711
v -0.305493 0.418120 -0.675718
v -0.305493 0.416445 -0.678922
v -0.305493 0.415531 -0.682200
v -0.306438 0.456401 -0.673289
v -0.307347 0.454950 -0.670589
v -0.308185 0.452779 -0.668284
v -0.308919 0.449974 -0.666462
v -0.309521 0.446640 -0.665193
v -0.309969 0.442907 -0.664525
v -0.310244 0.438919 -0.664485
v -0.310337 0.434827 -0.665074
v -0.310244 0.430790 -0.666270
v -0.309969 0.426963 -0.668026
v -0.309521 0.423492 -0.670274
v -0.308919 0.420512 -0.672930
v -0.308185 0.418136 -0.675889
v -0.307347 0.416456 -0.679040
v -0.306438 0.415536 -0.682260
v -0.307347 0.456417 -0.673468
v -0.309130 0.454981 -0.670940
v -0.310772 0.452825 -0.668793
v -0.312212 0.450032 -0.667109
v -0.313394 0.446709 -0.665954
v -0.314272 0.442983 -0.665371
v -0.314813 0.438999 -0.665383
v -0.314995 0.434909 -0.665990
v -0.314813 0.430871 -0.667168
v -0.314272 0.427039 -0.668871
v -0.313394 0.423560 -0.671036
v -0.312212 0.420570 -0.673577
v -0.310772 0.418181 -0.676398
v -0.309130 0.416487 -0.679390
v -0.307347 0.415552 -0.682439
v -0.308185 0.456444 -0.673758
v -0.310772 0.455032 -0.671509
v -0.313157 0.452899 -0.669619
v -0.315248 0.450126 -0.668160
v -0.316963 0.446820 -0.667190
v -0.318238 0.443107 -0.666744
v -0.319023 0.439130 -0.666841
v -0.319288 0.435043 -0.667476
v -0.319023 0.431002 -0.668626
v -0.318238 0.427162 -0.670245
v -0.316963 0.423672 -0.672272
v -0.315248 0.420664 -0.674628
v -0.313157 0.418256 -0.677224
v -0.310772 0.416538 -0.679959
v -0.308185 0.415579 -0.682729
v -0.308919 0.456479 -0.674148
v -0.312212 0.455101 -0.672274
v -0.315248 0.452999 -0.670730
v -0.317908 0.450253 -0.669575
v -0.320092 0.446969 -0.668853
v -0.321714 0.443273 -0.668593
v -0.322713 0.439307 -0.668804
v -0.323051 0.435223 -0.669477
v -0.322713 0.431178 -0.670588
v -0.321714 0.427328 -0.672093
v -0.320092 0.423821 -0.673935
v -0.317908 0.420791 -0.676043
v -0.315248 0.418356 -0.678336
v -0.312212 0.416607 -0.680725
v -0.308919 0.415614 -0.683119
v -0.305493 0.415413 -0.685426
v -0.309521 0.456521 -0.674624
v -0.313394 0.455185 -0.673207
v -0.316963 0.453121 -0.672085
v -0.320092 0.450408 -0.671299
v -0.322659 0.447152 -0.670880
v -0.324567 0.443476 -0.670845
v -0.325742 0.439522 -0.671195
v -0.326139 0.435442 -0.671915
v -0.325742 0.431393 -0.672979
v -0.324567 0.427531 -0.674346
v -0.322659 0.424003 -0.675962
v -0.320092 0.420946 -0.677767
v -0.316963 0.418477 -0.679690
v -0.313394 0.416691 -0.681658
v -0.309521 0.415656 -0.683595
v -0.309969 0.456570 -0.675166
v -0.314272 0.455281 -0.674272
v -0.318238 0.453260 -0.673630
v -0.321714 0.450585 -0.673266
v -0.324567 0.447359 -0.673193
v -0.326687 0.443707 -0.673415
v -0.327993 0.439767 -0.673922
v -0.328433 0.435692 -0.674696
v -0.327993 0.431638 -0.675707
v -0.326687 0.427762 -0.676915
v -0.324567 0.424211 -0.678275
v -0.321714 0.421123 -0.679734
v -0.318238 0.418616 -0.681235
v -0.314272 0.416787 -0.682722
v -0.309969 0.415705 -0.684137
v -0.310244 0.456623 -0.675755
v -0.314813 0.455385 -0.675426
v -0.319023 0.453411 -0.675306
v -0.322713 0.450777 -0.675400
v -0.325742 0.447585 -0.675702
v -0.327993 0.443957 -0.676203
v -0.329378 0.440033 -0.676882
v -0.329846 0.435963 -0.677714
v -0.329378 0.431905 -0.678667
v -0.327993 0.428013 -0.679703
v -0.325742 0.424437 -0.680784
v -0.322713 0.421315 -0.681868
v -0.319023 0.418767 -0.682912
v -0.314813 0.416891 -0.683877
v -0.310244 0.415758 -0.684726
v -0.310337 0.456678 -0.676367
v -0.314995 0.455493 -0.676628
v -0.319288 0.453567 -0.677050
v -0.323051 0.450977 -0.677619
v -0.326139 0.447820 -0.678312
v -0.328433 0.444218 -0.679103
v -0.329846 0.440310 -0.679961
v -0.330323 0.436246 -0.680853
v -0.329846 0.432181 -0.681745
v -0.328433 0.428273 -0.682603
v -0.326139 0.424672 -0.683394
v -0.323051 0.421515 -0.684087
v -0.319288 0.418924 -0.684656
v -0.314995 0.416999 -0.685078
v -0.310337 0.415813 -0.685339
v -0.310244 0.456733 -0.676980
v -0.314813 0.455601 -0.677829
v -0.319023 0.453724 -0.678794
v -0.322713 0.451176 -0.679838
v -0.325742 0.448054 -0.680922
v -0.327993 0.444479 -0.682002
v -0.329378 0.440587 -0.683039
v -0.329846 0.436528 -0.683991
v -0.329378 0.432458 -0.684823
v -0.327993 0.428534 -0.685503
v -0.325742 0.424906 -0.686003
v -0.322713 0.421714 -0.686306
v -0.319023 0.419081 -0.686399
v -0.314813 0.417107 -0.686279
v -0.310244 0.415868 -0.685951
v -0.309969 0.456786 -0.677568
v -0.314272 0.455704 -0.678984
v -0.318238 0.453875 -0.680471
v -0.321714 0.451368 -0.681972
v -0.324567 0.448280 -0.683431
v -0.326687 0.444729 -0.684791
v -0.327993 0.440853 -0.685999
v -0.328433 0.436799 -0.687009
v -0.327993 0.432724 -0.687783
v -0.326687 0.428785 -0.688291
v -0.324567 0.425132 -0.688513
v -0.321714 0.421906 -0.688440
v -0.318238 0.419231 -0.688076
v -0.314272 0.417210 -0.687434
v -0.309969 0.415921 -0.686540
v -0.309521 0.456835 -0.678111
v -0.313394 0.455800 -0.680048
v -0.316963 0.454014 -0.682016
v -0.320092 0.451545 -0.683939
v -0.322659 0.448488 -0.685744
v -0.324567 0.444960 -0.687360
v -0.325742 0.441098 -0.688727
v -0.326139 0.437049 -0.689791
v -0.325742 0.432969 -0.690511
v -0.324567 0.429016 -0.690861
v -0.322659 0.425340 -0.690825
v -0.320092 0.422083 -0.690407
v -0.316963 0.419370 -0.689621
v -0.313394 0.417306 -0.688499
v -0.309521 0.415970 -0.687082
v -0.308919 0.456878 -0.678587
v -0.312212 0.455884 -0.680981
v -0.315248 0.454136 -0.683370
v -0.317908 0.451700 -0.685663
v -0.320092 0.448670 -0.687771
v -0.321714 0.445163 -0.689613
v -0.322713 0.441313 -0.691118
v -0.323051 0.437268 -0.692229
v -0.322713 0.433184 -0.692902
v -0.321714 0.429218 -0.693113
v -0.320092 0.425522 -0.692852
v -0.317908 0.422238 -0.692131
v -0.315248 0.419492 -0.690976
v -0.312212 0.417390 -0.689432
v -0.308919 0.416013 -0.687558
v -0.308185 0.456913 -0.678977
v -0.310772 0.455953 -0.681747
v -0.313157 0.454236 -0.684482
v -0.315248 0.451827 -0.687078
v -0.316963 0.448820 -0.689434
v -0.318238 0.445329 -0.691461
v -0.319023 0.441489 -0.693080
v -0.319288 0.437448 -0.694229
v -0.319023 0.433361 -0.694865
v -0.318238 0.429384 -0.694961
v -0.316963 0.425671 -0.694516
v -0.315248 0.422365 -0.693545
v -0.313157 0.419592 -0.692087
v -0.310772 0.417459 -0.690197
v -0.308185 0.416048 -0.687948
v -0.307347 0.456939 -0.679267
v -0.309130 0.456004 -0.682315
v -0.310772 0.454310 -0.685308
v -0.312212 0.451922 -0.688129
v -0.313394 0.448931 -0.690670
v -0.314272 0.445453 -0.692834
v -0.314813 0.441620 -0.694538
v -0.314995 0.437582 -0.695716
v -0.314813 0.433492 -0.696323
v -0.314272 0.429508 -0.696335
v -0.313394 0.425783 -0.695752
v -0.312212 0.422459 -0.694597
v -0.310772 0.419666 -0.692913
v -0.309130 0.417510 -0.690766
v -0.307347 0.416074 -0.688238
v -0.306438 0.456955 -0.679446
v -0.307347 0.456035 -0.682666
v -0.308185 0.454356 -0.685816
v -0.308919 0.451980 -0.688776
v -0.309521 0.448999 -0.691431
v -0.309969 0.445529 -0.693680
v -0.310244 0.441701 -0.695436
v -0.310337 0.437664 -0.696632
v -0.310244 0.433573 -0.697221
v -0.309969 0.429584 -0.697181
v -0.309521 0.425851 -0.696513
v -0.308919 0.422518 -0.695244
v -0.308185 0.419712 -0.693422
v -0.307347 0.417541 -0.691117
v -0.306438 0.416090 -0.688417
v -0.305493 0.456960 -0.679506
v -0.305493 0.456046 -0.682784
v -0.305493 0.451999 -0.688995
v -0.305493 0.445554 -0.693966
v -0.305493 0.429610 -0.697466
v -0.305493 0.422537 -0.695463
v -0.305493 0.419727 -0.693594
v -0.305493 0.417552 -0.691235
v -0.305493 0.416095 -0.688477
vn 0.0390 -0.7346 -0.6774
vn 0.0602 0.4198 -0.9056
vn 0.0248 -0.8839 -0.4670
vn 0.0627 0.2847 -0.9566
vn 0.0081 0.9993 -0.0366
vn 0.0084 -0.9758 -0.2183
vn 0.0639 0.1408 -0.9880
vn 0.0226 0.9630 -0.2685
vn 0.0636 -0.0144 -0.9979
vn 0.0346 0.8857 -0.4630
vn 0.0616 -0.1828 -0.9812
vn 0.0440 0.7844 -0.6187
vn 0.0572 -0.3643 -0.9295
vn 0.0511 0.6701 -0.7405
vn 0.0499 -0.5531 -0.8316
vn 0.0564 0.5480 -0.8346
vn 0.1538 0.6744 -0.7221
vn 0.1494 -0.5658 -0.8109
vn 0.1703 0.5512 -0.8168
vn 0.1162 -0.7439 -0.6581
vn 0.1821 0.4208 -0.8887
vn 0.0734 -0.8885 -0.4530
vn 0.1898 0.2828 -0.9402
vn 0.0239 0.9992 -0.0319
vn 0.0246 -0.9767 -0.2133
vn 0.1934 0.1355 -0.9717
vn 0.0674 0.9642 -0.2563
vn 0.1924 -0.0231 -0.9810
vn 0.1034 0.8888 -0.4464
vn 0.1859 -0.1945 -0.9631
vn 0.1319 0.7888 -0.6004
vn 0.1721 -0.3776 -0.9098
vn 0.3282 0.1242 -0.9364
vn 0.1103 0.9665 -0.2319
vn 0.3258 -0.0413 -0.9445
vn 0.1708 0.8947 -0.4128
vn 0.3133 -0.2184 -0.9242
vn 0.2197 0.7970 -0.5626
vn 0.2881 -0.4043 -0.8681
vn 0.2580 0.6828 -0.6836
vn 0.2476 -0.5906 -0.7681
vn 0.2872 0.5573 -0.7791
vn 0.1907 -0.7618 -0.6191
vn 0.3083 0.4225 -0.8523
vn 0.1194 -0.8971 -0.4255
vn 0.3220 0.2784 -0.9049
vn 0.0390 0.9990 -0.0225
vn 0.0400 -0.9782 -0.2036
vn 0.3424 -0.6264 -0.7003
vn 0.4082 0.5653 -0.7168
vn 0.2600 -0.7868 -0.5598
vn 0.4409 0.4238 -0.7912
vn 0.1612 -0.9088 -0.3848
vn 0.4620 0.2705 -0.8446
vn 0.0523 0.9986 -0.0090
vn 0.0539 -0.9804 -0.1894
vn 0.4708 0.1056 -0.8759
vn 0.1503 0.9691 -0.1954
vn 0.4657 -0.0705 -0.8821
vn 0.2353 0.9023 -0.3613
vn 0.4443 -0.2556 -0.8586
vn 0.3062 0.8081 -0.5032
vn 0.4039 -0.4443 -0.7997
vn 0.3635 0.6942 -0.6212
vn 0.6108 -0.1123 -0.7838
vn 0.2947 0.9101 -0.2915
vn 0.5764 -0.3064 -0.7576
vn 0.3893 0.8201 -0.4194
vn 0.5159 -0.4964 -0.6981
vn 0.4687 0.7066 -0.5301
vn 0.4297 -0.6707 -0.6046
vn 0.5324 0.5734 -0.6228
vn 0.3211 -0.8163 -0.4801
vn 0.5798 0.4228 -0.6964
vn 0.1968 -0.9225 -0.3322
vn 0.6101 0.2568 -0.7496
vn 0.0643 0.9979 0.0085
vn 0.0655 -0.9830 -0.1714
vn 0.6212 0.0773 -0.7799
vn 0.1856 0.9714 -0.1478
vn 0.3700 -0.8472 -0.3814
vn 0.7195 0.4157 -0.5563
vn 0.2245 -0.9365 -0.2695
vn 0.7602 0.2338 -0.6061
vn 0.0734 0.9969 0.0290
vn 0.0746 -0.9858 -0.1502
vn 0.7725 0.0368 -0.6340
vn 0.2149 0.9725 -0.0898
vn 0.7530 -0.1675 -0.6363
vn 0.3462 0.9158 -0.2033
vn 0.7003 -0.3693 -0.6109
vn 0.4649 0.8297 -0.3089
vn 0.6154 -0.5568 -0.5578
vn 0.5685 0.7163 -0.4046
vn 0.5030 -0.7190 -0.4796
vn 0.6545 0.5776 -0.4879
vn 0.3862 0.9172 -0.0984
vn 0.7983 -0.4382 -0.4132
vn 0.5264 0.8327 -0.1716
vn 0.6892 -0.6180 -0.3782
vn 0.6533 0.7176 -0.2414
vn 0.5542 -0.7650 -0.3282
vn 0.7616 0.5716 -0.3052
vn 0.4028 -0.8754 -0.2673
vn 0.8446 0.3965 -0.3598
vn 0.2431 -0.9494 -0.1991
vn 0.8946 0.1972 -0.4011
vn 0.0800 0.9954 0.0520
vn 0.0808 -0.9887 -0.1267
vn 0.9049 -0.0171 -0.4252
vn 0.2365 0.9714 -0.0233
vn 0.8723 -0.2337 -0.4294
vn 0.9270 0.3590 -0.1086
vn 0.2513 -0.9599 -0.1245
vn 0.9801 0.1449 -0.1360
vn 0.0835 0.9936 0.0766
vn 0.0838 -0.9913 -0.1018
vn 0.9843 -0.0811 -0.1569
vn 0.2489 0.9673 0.0491
vn 0.9381 -0.3019 -0.1698
vn 0.4107 0.9115 0.0195
vn 0.8474 -0.5017 -0.1739
vn 0.5659 0.8244 -0.0119
vn 0.7229 -0.6697 -0.1701
vn 0.7092 0.7036 -0.0446
vn 0.5761 -0.8016 -0.1596
vn 0.8331 0.5477 -0.0774
vn 0.4167 -0.8976 -0.1440
vn 0.8331 -0.5477 0.0774
vn 0.5761 0.8016 0.1597
vn 0.7092 -0.7035 0.0446
vn 0.7229 0.6697 0.1701
vn 0.5659 -0.8244 0.0119
vn 0.8474 0.5017 0.1739
vn 0.4107 -0.9116 -0.0195
vn 0.9381 0.3019 0.1697
vn 0.2489 -0.9673 -0.0492
vn 0.9843 0.0811 0.1569
vn 0.0838 0.9913 0.1018
vn 0.0835 -0.9936 -0.0767
vn 0.9801 -0.1449 0.1360
vn 0.2512 0.9599 0.1245
vn 0.9270 -0.3590 0.1086
vn 0.4167 0.8976 0.1440
vn 0.2365 -0.9714 0.0233
vn 0.9049 0.0171 0.4252
vn 0.0807 0.9887 0.1267
vn 0.0801 -0.9954 -0.0521
vn 0.8945 -0.1973 0.4011
vn 0.2430 0.9494 0.1991
vn 0.8446 -0.3966 0.3598
vn 0.4028 0.8754 0.2673
vn 0.7616 -0.5716 0.3052
vn 0.5542 0.7650 0.3282
vn 0.6533 -0.7176 0.2414
vn 0.6892 0.6180 0.3782
vn 0.5264 -0.8328 0.1716
vn 0.7983 0.4382 0.4131
vn 0.3862 -0.9171 0.0984
vn 0.8723 0.2337 0.4294
vn 0.5030 0.7190 0.4796
vn 0.5685 -0.7163 0.4046
vn 0.6155 0.5568 0.5578
vn 0.4649 -0.8297 0.3089
vn 0.7003 0.3693 0.6109
vn 0.3463 -0.9158 0.2033
vn 0.7530 0.1675 0.6363
vn 0.2148 -0.9725 0.0899
vn 0.7725 -0.0368 0.6340
vn 0.0746 0.9858 0.1501
vn 0.0734 -0.9969 -0.0290
vn 0.7602 -0.2338 0.6061
vn 0.2246 0.9364 0.2695
vn 0.7196 -0.4157 0.5562
vn 0.3700 0.8472 0.3814
vn 0.6544 -0.5776 0.4880
vn 0.6212 -0.0773 0.7798
vn 0.0654 0.9830 0.1715
vn 0.0642 -0.9979 -0.0084
vn 0.6100 -0.2568 0.7496
vn 0.1968 0.9225 0.3322
vn 0.5798 -0.4228 0.6965
vn 0.3211 0.8164 0.4801
vn 0.5324 -0.5734 0.6228
vn 0.4297 0.6707 0.6046
vn 0.4687 -0.7066 0.5302
vn 0.5159 0.4964 0.6981
vn 0.3893 -0.8201 0.4194
vn 0.5763 0.3064 0.7576
vn 0.2947 -0.9100 0.2915
vn 0.6108 0.1122 0.7838
vn 0.1857 -0.9714 0.1478
vn 0.3635 -0.6942 0.6212
vn 0.4039 0.4443 0.7997
vn 0.3062 -0.8081 0.5032
vn 0.4443 0.2556 0.8586
vn 0.2353 -0.9023 0.3613
vn 0.4657 0.0705 0.8821
vn 0.1502 -0.9691 0.1955
vn 0.4708 -0.1056 0.8759
vn 0.0539 0.9804 0.1893
vn 0.0525 -0.9986 0.0090
vn 0.4620 -0.2705 0.8446
vn 0.1612 0.9088 0.3848
vn 0.4410 -0.4238 0.7912
vn 0.2600 0.7868 0.5598
vn 0.4082 -0.5653 0.7168
vn 0.3424 0.6264 0.7003
vn 0.0388 -0.9990 0.0225
vn 0.3220 -0.2785 0.9048
vn 0.1194 0.8971 0.4255
vn 0.3083 -0.4225 0.8523
vn 0.1907 0.7618 0.6191
vn 0.2872 -0.5573 0.7791
vn 0.2476 0.5905 0.7681
vn 0.2580 -0.6828 0.6835
vn 0.2880 0.4042 0.8681
vn 0.2197 -0.7970 0.5626
vn 0.3133 0.2185 0.9242
vn 0.1708 -0.8947 0.4128
vn 0.3258 0.0414 0.9445
vn 0.1103 -0.9665 0.2318
vn 0.3282 -0.1242 0.9364
vn 0.0400 0.9782 0.2036
vn 0.1319 -0.7887 0.6004
vn 0.1859 0.1945 0.9631
vn 0.1034 -0.8888 0.4464
vn 0.1924 0.0231 0.9810
vn 0.0673 -0.9643 0.2563
vn 0.1934 -0.1355 0.9717
vn 0.0248 0.9767 0.2133
vn 0.0240 -0.9992 0.0319
vn 0.1898 -0.2828 0.9402
vn 0.0734 0.8885 0.4531
vn 0.1821 -0.4208 0.8887
vn 0.1162 0.7439 0.6581
vn 0.1703 -0.5512 0.8168
vn 0.1494 0.5658 0.8109
vn 0.1539 -0.6744 0.7221
vn 0.1722 0.3775 0.9098
vn 0.0248 0.8839 0.4670
vn 0.0602 -0.4198 0.9056
vn 0.0390 0.7346 0.6774
vn 0.0564 -0.5480 0.8346
vn 0.0499 0.5532 0.8316
vn 0.0511 -0.6701 0.7405
vn 0.0572 0.3643 0.9295
vn 0.0440 -0.7844 0.6187
vn 0.0616 0.1828 0.9812
vn 0.0347 -0.8857 0.4630
vn 0.0636 0.0144 0.9979
vn 0.0228 -0.9630 0.2686
vn 0.0638 -0.1408 0.9880
vn 0.0082 0.9759 0.2183
vn 0.0081 -0.9993 0.0366
vn 0.0627 -0.2847 0.9566
vn -0.0616 0.1828 0.9812
vn -0.0346 -0.8857 0.4630
vn -0.0636 0.0144 0.9979
vn -0.0227 -0.9630 0.2685
vn -0.0639 -0.1408 0.9880
vn -0.0083 0.9758 0.2183
vn -0.0081 -0.9993 0.0366
vn -0.0627 -0.2847 0.9566
vn -0.0248 0.8839 0.4670
vn -0.0602 -0.4198 0.9056
vn -0.0390 0.7346 0.6774
vn -0.0564 -0.5480 0.8346
vn -0.0499 0.5532 0.8316
vn -0.0511 -0.6701 0.7405
vn -0.0572 0.3643 0.9295
vn -0.0440 -0.7844 0.6187
vn -0.1821 -0.4208 0.8887
vn -0.1162 0.7439 0.6581
vn -0.1703 -0.5512 0.8168
vn -0.1494 0.5658 0.8109
vn -0.1539 -0.6744 0.7221
vn -0.1722 0.3775 0.9098
vn -0.1319 -0.7887 0.6004
vn -0.1859 0.1945 0.9631
vn -0.1034 -0.8888 0.4464
vn -0.1924 0.0231 0.9810
vn -0.0674 -0.9643 0.2563
vn -0.1934 -0.1355 0.9717
vn -0.0248 0.9767 0.2133
vn -0.0240 -0.9992 0.0319
vn -0.1898 -0.2828 0.9402
vn -0.0734 0.8885 0.4531
vn -0.1708 -0.8947 0.4128
vn -0.3258 0.0414 0.9445
vn -0.1103 -0.9665 0.2318
vn -0.3282 -0.1243 0.9364
vn -0.0400 0.9782 0.2036
vn -0.0388 -0.9990 0.0225
vn -0.3220 -0.2785 0.9048
vn -0.1194 0.8971 0.4255
vn -0.3083 -0.4225 0.8523
vn -0.1906 0.7618 0.6191
vn -0.2872 -0.5573 0.7791
vn -0.2476 0.5905 0.7681
vn -0.2580 -0.6828 0.6835
vn -0.2880 0.4042 0.8681
vn -0.2197 -0.7970 0.5626
vn -0.3133 0.2184 0.9242
vn -0.2600 0.7868 0.5598
vn -0.4082 -0.5653 0.7168
vn -0.3424 0.6264 0.7003
vn -0.3635 -0.6942 0.6212
vn -0.4039 0.4443 0.7997
vn -0.3062 -0.8081 0.5032
vn -0.4443 0.2556 0.8586
vn -0.2353 -0.9023 0.3613
vn -0.4657 0.0705 0.8821
vn -0.1503 -0.9691 0.1955
vn -0.4708 -0.1056 0.8759
vn -0.0539 0.9804 0.1893
vn -0.0525 -0.9986 0.0090
vn -0.4620 -0.2705 0.8446
vn -0.1612 0.9088 0.3848
vn -0.4410 -0.4238 0.7912
vn -0.6108 0.1122 0.7838
vn -0.1857 -0.9714 0.1478
vn -0.6212 -0.0773 0.7798
vn -0.0654 0.9830 0.1715
vn -0.0642 -0.9979 -0.0084
vn -0.6100 -0.2568 0.7496
vn -0.1968 0.9225 0.3322
vn -0.5798 -0.4228 0.6965
vn -0.3211 0.8163 0.4801
vn -0.5324 -0.5734 0.6228
vn -0.4297 0.6707 0.6046
vn -0.4687 -0.7066 0.5302
vn -0.5159 0.4964 0.6981
vn -0.3893 -0.8201 0.4194
vn -0.5763 0.3064 0.7576
vn -0.2947 -0.9100 0.2915
vn -0.6544 -0.5776 0.4880
vn -0.5030 0.7190 0.4796
vn -0.5685 -0.7163 0.4046
vn -0.6155 0.5569 0.5578
vn -0.4649 -0.8297 0.3089
vn -0.7003 0.3693 0.6109
vn -0.3462 -0.9159 0.2033
vn -0.7530 0.1675 0.6363
vn -0.2148 -0.9725 0.0899
vn -0.7725 -0.0368 0.6340
vn -0.0746 0.9858 0.1501
vn -0.0734 -0.9969 -0.0290
vn -0.7602 -0.2337 0.6061
vn -0.2246 0.9364 0.2695
vn -0.7196 -0.4157 0.5562
vn -0.3699 0.8472 0.3814
vn -0.2365 -0.9714 0.0233
vn -0.9049 0.0171 0.4252
vn -0.0807 0.9887 0.1267
vn -0.0800 -0.9954 -0.0521
vn -0.8946 -0.1973 0.4011
vn -0.2430 0.9494 0.1991
vn -0.8446 -0.3966 0.3598
vn -0.4028 0.8754 0.2673
vn -0.7617 -0.5716 0.3052
vn -0.5542 0.7650 0.3282
vn -0.6533 -0.7176 0.2414
vn -0.6892 0.6180 0.3782
vn -0.5264 -0.8328 0.1716
vn -0.7983 0.4382 0.4131
vn -0.3862 -0.9172 0.0983
vn -0.8723 0.2337 0.4294
vn -0.7092 -0.7036 0.0446
vn -0.7229 0.6697 0.1701
vn -0.5659 -0.8244 0.0119
vn -0.8474 0.5017 0.1739
vn -0.4107 -0.9116 -0.0195
vn -0.9381 0.3019 0.1697
vn -0.2489 -0.9673 -0.0492
vn -0.9843 0.0811 0.1569
vn -0.0838 0.9913 0.1018
vn -0.0835 -0.9936 -0.0767
vn -0.9801 -0.1449 0.1360
vn -0.2513 0.9599 0.1245
vn -0.9270 -0.3590 0.1086
vn -0.4167 0.8976 0.1440
vn -0.8331 -0.5477 0.0774
vn -0.5761 0.8016 0.1597
vn -0.0835 0.9936 0.0766
vn -0.0838 -0.9913 -0.1018
vn -0.9843 -0.0811 -0.1569
vn -0.2489 0.9673 0.0491
vn -0.9381 -0.3019 -0.1697
vn -0.4107 0.9115 0.0195
vn -0.8474 -0.5017 -0.1739
vn -0.5658 0.8244 -0.0119
vn -0.7229 -0.6697 -0.1701
vn -0.7092 0.7036 -0.0446
vn -0.5761 -0.8016 -0.1596
vn -0.8331 0.5477 -0.0774
vn -0.4167 -0.8976 -0.1440
vn -0.9270 0.3590 -0.1086
vn -0.2513 -0.9599 -0.1245
vn -0.9801 0.1449 -0.1360
vn -0.6533 0.7176 -0.2414
vn -0.5542 -0.7649 -0.3282
vn -0.7616 0.5716 -0.3052
vn -0.4028 -0.8754 -0.2673
vn -0.8446 0.3965 -0.3598
vn -0.2431 -0.9494 -0.1991
vn -0.8946 0.1973 -0.4011
vn -0.0800 0.9954 0.0520
vn -0.0808 -0.9887 -0.1267
vn -0.9049 -0.0171 -0.4252
vn -0.2365 0.9713 -0.0233
vn -0.8723 -0.2337 -0.4294
vn -0.3862 0.9171 -0.0984
vn -0.7983 -0.4382 -0.4132
vn -0.5264 0.8327 -0.1716
vn -0.6892 -0.6180 -0.3782
vn -0.7725 0.0369 -0.6340
vn -0.2149 0.9725 -0.0898
vn -0.7530 -0.1675 -0.6363
vn -0.3462 0.9158 -0.2033
vn -0.7003 -0.3693 -0.6109
vn -0.4649 0.8297 -0.3089
vn -0.6154 -0.5569 -0.5578
vn -0.5685 0.7163 -0.4046
vn -0.5030 -0.7190 -0.4796
vn -0.6545 0.5776 -0.4879
vn -0.3700 -0.8472 -0.3814
vn -0.7196 0.4157 -0.5563
vn -0.2245 -0.9365 -0.2695
vn -0.7602 0.2338 -0.6061
vn -0.0734 0.9969 0.0290
vn -0.0746 -0.9858 -0.1502
vn -0.4297 -0.6707 -0.6046
vn -0.5324 0.5734 -0.6228
vn -0.3211 -0.8163 -0.4801
vn -0.5798 0.4228 -0.6964
vn -0.1967 -0.9225 -0.3322
vn -0.6101 0.2568 -0.7496
vn -0.0643 0.9979 0.0085
vn -0.0655 -0.9830 -0.1714
vn -0.6211 0.0773 -0.7799
vn -0.1856 0.9714 -0.1478
vn -0.6108 -0.1123 -0.7838
vn -0.2947 0.9101 -0.2915
vn -0.5764 -0.3064 -0.7576
vn -0.3893 0.8201 -0.4194
vn -0.5159 -0.4964 -0.6981
vn -0.4687 0.7066 -0.5301
vn -0.1503 0.9691 -0.1954
vn -0.4657 -0.0705 -0.8821
vn -0.2353 0.9023 -0.3613
vn -0.4443 -0.2556 -0.8586
vn -0.3062 0.8081 -0.5032
vn -0.4040 -0.4443 -0.7996
vn -0.3635 0.6942 -0.6213
vn -0.3424 -0.6264 -0.7003
vn -0.4082 0.5653 -0.7168
vn -0.2601 -0.7868 -0.5598
vn -0.4409 0.4238 -0.7912
vn -0.1611 -0.9088 -0.3848
vn -0.4620 0.2705 -0.8446
vn -0.0523 0.9986 -0.0090
vn -0.0539 -0.9804 -0.1894
vn -0.4708 0.1056 -0.8759
vn -0.2872 0.5573 -0.7791
vn -0.1907 -0.7618 -0.6191
vn -0.3083 0.4224 -0.8523
vn -0.1194 -0.8971 -0.4254
vn -0.3220 0.2785 -0.9048
vn -0.0390 0.9990 -0.0225
vn -0.0400 -0.9782 -0.2036
vn -0.3282 0.1242 -0.9364
vn -0.1103 0.9665 -0.2319
vn -0.3258 -0.0413 -0.9445
vn -0.1708 0.8947 -0.4128
vn -0.3133 -0.2184 -0.9242
vn -0.2197 0.7970 -0.5626
vn -0.2881 -0.4042 -0.8681
vn -0.2580 0.6828 -0.6835
vn -0.2476 -0.5906 -0.7681
vn -0.1924 -0.0231 -0.9810
vn -0.1034 0.8888 -0.4464
vn -0.1859 -0.1945 -0.9631
vn -0.1319 0.7888 -0.6004
vn -0.1721 -0.3776 -0.9098
vn -0.1538 0.6744 -0.7221
vn -0.1494 -0.5658 -0.8109
vn -0.1703 0.5512 -0.8168
vn -0.1162 -0.7439 -0.6581
vn -0.1821 0.4208 -0.8887
vn -0.0735 -0.8885 -0.4530
vn -0.1898 0.2828 -0.9402
vn -0.0239 0.9992 -0.0319
vn -0.0246 -0.9767 -0.2133
vn -0.1934 0.1355 -0.9717
vn -0.0674 0.9642 -0.2563
vn -0.0390 -0.7346 -0.6774
vn -0.0602 0.4198 -0.9056
vn -0.0248 -0.8839 -0.4670
vn -0.0627 0.2847 -0.9566
vn -0.0081 0.9993 -0.0366
vn -0.0084 -0.9758 -0.2183
vn -0.0639 0.1408 -0.9880
vn -0.0226 0.9630 -0.2685
vn -0.0636 -0.0144 -0.9979
vn -0.0346 0.8857 -0.4630
vn -0.0616 -0.1828 -0.9812
vn -0.0440 0.7844 -0.6187
vn -0.0572 -0.3643 -0.9295
vn -0.0511 0.6701 -0.7405
vn -0.0499 -0.5531 -0.8316
vn -0.0564 0.5480 -0.8346
vn 0.0247 -0.8839 -0.4670
vn 0.0639 0.1407 -0.9880
vn 0.0227 0.9630 -0.2685
vn 0.0636 -0.0143 -0.9979
vn 0.0347 0.8857 -0.4630
vn 0.0564 0.5480 -0.8345
vn 0.0733 -0.8885 -0.4530
vn 0.0675 0.9642 -0.2563
vn 0.1035 0.8888 -0.4464
vn 0.1320 0.7887 -0.6004
vn 0.1722 -0.3775 -0.9099
vn 0.1103 0.9665 -0.2318
vn 0.1707 0.8947 -0.4128
vn 0.2196 0.7970 -0.5626
vn 0.2880 -0.4042 -0.8681
vn 0.2580 0.6828 -0.6835
vn 0.2476 -0.5905 -0.7681
vn 0.2871 0.5573 -0.7791
vn 0.1194 -0.8971 -0.4254
vn 0.3220 0.2785 -0.9049
vn 0.2601 -0.7868 -0.5598
vn 0.4410 0.4238 -0.7912
vn 0.1504 0.9691 -0.1955
vn 0.4657 -0.0704 -0.8821
vn 0.4039 -0.4443 -0.7996
vn 0.2947 0.9100 -0.2915
vn 0.5763 -0.3064 -0.7576
vn 0.4687 0.7066 -0.5302
vn 0.5324 0.5733 -0.6228
vn 0.5798 0.4228 -0.6965
vn 0.6100 0.2568 -0.7496
vn 0.1857 0.9714 -0.1477
vn 0.3699 -0.8472 -0.3814
vn 0.7196 0.4157 -0.5562
vn 0.2246 -0.9365 -0.2694
vn 0.7602 0.2337 -0.6061
vn 0.7725 0.0369 -0.6340
vn 0.2149 0.9725 -0.0899
vn 0.3463 0.9158 -0.2033
vn 0.6154 -0.5569 -0.5578
vn 0.6544 0.5776 -0.4880
vn 0.3862 0.9172 -0.0983
vn 0.5264 0.8328 -0.1716
vn 0.5542 -0.7649 -0.3282
vn 0.8446 0.3966 -0.3598
vn 0.2430 -0.9494 -0.1991
vn 0.8945 0.1973 -0.4011
vn 0.2364 0.9714 -0.0234
vn 0.2512 -0.9599 -0.1245
vn 0.9381 -0.3019 -0.1697
vn 0.4107 0.9116 0.0195
vn 0.7093 0.7035 -0.0446
vn 0.5761 -0.8016 -0.1597
vn 0.5761 0.8016 0.1596
vn 0.7093 -0.7035 0.0446
vn 0.9381 0.3019 0.1698
vn 0.2489 -0.9673 -0.0491
vn 0.2513 0.9599 0.1245
vn 0.4167 0.8976 0.1441
vn 0.2365 -0.9714 0.0234
vn 0.8946 -0.1972 0.4011
vn 0.2431 0.9493 0.1991
vn 0.8446 -0.3965 0.3598
vn 0.5542 0.7649 0.3283
vn 0.5264 -0.8327 0.1716
vn 0.7983 0.4382 0.4132
vn 0.3862 -0.9172 0.0984
vn 0.3462 -0.9159 0.2033
vn 0.2149 -0.9725 0.0898
vn 0.2245 0.9365 0.2695
vn 0.7195 -0.4157 0.5563
vn 0.3699 0.8472 0.3814
vn 0.6212 -0.0773 0.7799
vn 0.1968 0.9224 0.3322
vn 0.5798 -0.4228 0.6964
vn 0.3211 0.8163 0.4801
vn 0.4687 -0.7066 0.5301
vn 0.3894 -0.8200 0.4194
vn 0.5764 0.3064 0.7576
vn 0.1856 -0.9714 0.1478
vn 0.3635 -0.6942 0.6213
vn 0.4040 0.4443 0.7996
vn 0.4444 0.2556 0.8586
vn 0.1503 -0.9691 0.1955
vn 0.1612 0.9088 0.3847
vn 0.4409 -0.4238 0.7912
vn 0.2601 0.7867 0.5598
vn 0.3220 -0.2785 0.9049
vn 0.1193 0.8971 0.4255
vn 0.2580 -0.6828 0.6836
vn 0.3133 0.2184 0.9242
vn 0.3258 0.0413 0.9445
vn 0.1104 -0.9665 0.2318
vn 0.3282 -0.1243 0.9364
vn 0.1035 -0.8888 0.4464
vn 0.0674 -0.9642 0.2563
vn 0.0733 0.8885 0.4531
vn 0.1163 0.7439 0.6581
vn 0.1538 -0.6744 0.7221
vn 0.1721 0.3776 0.9098
vn 0.0346 -0.8857 0.4630
vn 0.0226 -0.9630 0.2686
vn 0.0639 -0.1408 0.9880
vn -0.0226 -0.9630 0.2686
vn -0.1163 0.7439 0.6581
vn -0.1538 -0.6744 0.7221
vn -0.1721 0.3775 0.9098
vn -0.1035 -0.8888 0.4464
vn -0.0674 -0.9642 0.2563
vn -0.0733 0.8885 0.4531
vn -0.3258 0.0413 0.9445
vn -0.1104 -0.9665 0.2318
vn -0.3220 -0.2784 0.9049
vn -0.1193 0.8971 0.4255
vn -0.1908 0.7618 0.6191
vn -0.2872 -0.5572 0.7791
vn -0.2476 0.5906 0.7681
vn -0.2580 -0.6828 0.6836
vn -0.2880 0.4043 0.8681
vn -0.3133 0.2185 0.9242
vn -0.2601 0.7868 0.5598
vn -0.4040 0.4443 0.7996
vn -0.4444 0.2556 0.8586
vn -0.1612 0.9088 0.3847
vn -0.4409 -0.4238 0.7912
vn -0.1856 -0.9714 0.1478
vn -0.6212 -0.0773 0.7799
vn -0.1968 0.9224 0.3323
vn -0.5798 -0.4228 0.6964
vn -0.4687 -0.7066 0.5301
vn -0.3894 -0.8200 0.4195
vn -0.5764 0.3064 0.7576
vn -0.6155 0.5568 0.5578
vn -0.2149 -0.9725 0.0899
vn -0.7725 -0.0369 0.6340
vn -0.7602 -0.2338 0.6061
vn -0.2245 0.9365 0.2694
vn -0.7195 -0.4157 0.5563
vn -0.2365 -0.9714 0.0234
vn -0.8945 -0.1972 0.4011
vn -0.2431 0.9493 0.1991
vn -0.8446 -0.3965 0.3598
vn -0.7616 -0.5716 0.3052
vn -0.5542 0.7649 0.3282
vn -0.5264 -0.8327 0.1716
vn -0.7983 0.4382 0.4132
vn -0.3862 -0.9172 0.0984
vn -0.7093 -0.7035 0.0446
vn -0.7228 0.6697 0.1701
vn -0.4107 -0.9115 -0.0195
vn -0.9381 0.3019 0.1698
vn -0.2489 -0.9673 -0.0491
vn -0.4167 0.8976 0.1441
vn -0.5761 0.8016 0.1596
vn -0.4107 0.9116 0.0195
vn -0.5659 0.8244 -0.0119
vn -0.7093 0.7035 -0.0446
vn -0.5761 -0.8016 -0.1597
vn -0.5542 -0.7650 -0.3282
vn -0.8446 0.3966 -0.3598
vn -0.2430 -0.9494 -0.1991
vn -0.8946 0.1972 -0.4011
vn -0.2364 0.9714 -0.0234
vn -0.3862 0.9172 -0.0983
vn -0.5264 0.8328 -0.1716
vn -0.7725 0.0368 -0.6340
vn -0.7530 -0.1676 -0.6363
vn -0.3463 0.9158 -0.2033
vn -0.6544 0.5776 -0.4880
vn -0.3699 -0.8472 -0.3814
vn -0.7196 0.4157 -0.5562
vn -0.2245 -0.9365 -0.2694
vn -0.7602 0.2338 -0.6062
vn -0.5798 0.4228 -0.6965
vn -0.1968 -0.9225 -0.3322
vn -0.6100 0.2567 -0.7496
vn -0.6212 0.0774 -0.7799
vn -0.1857 0.9714 -0.1477
vn -0.6108 -0.1122 -0.7838
vn -0.2947 0.9100 -0.2915
vn -0.5763 -0.3064 -0.7576
vn -0.3894 0.8200 -0.4194
vn -0.5160 -0.4964 -0.6981
vn -0.4687 0.7066 -0.5302
vn -0.1504 0.9691 -0.1955
vn -0.4410 0.4238 -0.7912
vn -0.1612 -0.9088 -0.3848
vn -0.2871 0.5573 -0.7791
vn -0.3282 0.1243 -0.9364
vn -0.1103 0.9665 -0.2318
vn -0.1707 0.8947 -0.4128
vn -0.2196 0.7970 -0.5626
vn -0.2880 -0.4043 -0.8681
vn -0.2476 -0.5905 -0.7681
vn -0.1035 0.8888 -0.4464
vn -0.1320 0.7887 -0.6004
vn -0.1722 -0.3775 -0.9099
vn -0.0733 -0.8885 -0.4530
vn -0.0673 0.9643 -0.2563
vn -0.0247 -0.8839 -0.4670
vn -0.0229 0.9630 -0.2685
vn -0.0347 0.8857 -0.4630
vt 0.766562 0.250648
vt 0.768806 0.246011
vt 0.770353 0.248240
vt 0.742296 0.256004
vt 0.739096 0.251282
vt 0.742794 0.251800
vt 0.773534 0.243580
vt 0.774609 0.245116
vt 0.746512 0.256285
vt 0.746513 0.251978
vt 0.718418 0.245110
vt 0.714140 0.241751
vt 0.719494 0.243574
vt 0.778888 0.241758
vt 0.750232 0.251801
vt 0.750729 0.256005
vt 0.722674 0.248235
vt 0.724221 0.246006
vt 0.753930 0.251284
vt 0.754871 0.255291
vt 0.726464 0.250643
vt 0.728119 0.247833
vt 0.757592 0.250443
vt 0.758897 0.254149
vt 0.730239 0.252595
vt 0.731796 0.249291
vt 0.761230 0.249295
vt 0.762787 0.252599
vt 0.734128 0.254146
vt 0.735434 0.250441
vt 0.764908 0.247837
vt 0.738154 0.255289
vt 0.733266 0.246442
vt 0.736651 0.247253
vt 0.763321 0.245403
vt 0.739962 0.247840
vt 0.767287 0.244056
vt 0.743244 0.248196
vt 0.772427 0.242148
vt 0.746513 0.248314
vt 0.714537 0.240952
vt 0.720601 0.242142
vt 0.778491 0.240959
vt 0.749783 0.248197
vt 0.725740 0.244051
vt 0.753064 0.247841
vt 0.729706 0.245399
vt 0.756376 0.247255
vt 0.759761 0.246445
vt 0.749395 0.245196
vt 0.721659 0.240885
vt 0.727118 0.242385
vt 0.752312 0.244967
vt 0.731123 0.243341
vt 0.755311 0.244585
vt 0.734563 0.244048
vt 0.758464 0.244050
vt 0.737716 0.244583
vt 0.761905 0.243345
vt 0.740715 0.244966
vt 0.765910 0.242389
vt 0.743633 0.245195
vt 0.771369 0.240891
vt 0.746514 0.245268
vt 0.715058 0.240079
vt 0.777970 0.240087
vt 0.760729 0.241607
vt 0.738588 0.242380
vt 0.741328 0.242608
vt 0.764758 0.240963
vt 0.743948 0.242742
vt 0.770449 0.239812
vt 0.746514 0.242782
vt 0.715668 0.239245
vt 0.722580 0.239807
vt 0.777360 0.239252
vt 0.749079 0.242742
vt 0.728270 0.240959
vt 0.751700 0.242610
vt 0.732299 0.241604
vt 0.754440 0.242382
vt 0.735632 0.242052
vt 0.757397 0.242055
vt 0.751233 0.240686
vt 0.729164 0.239710
vt 0.733206 0.240117
vt 0.753775 0.240566
vt 0.736451 0.240381
vt 0.756578 0.240384
vt 0.739254 0.240564
vt 0.759822 0.240120
vt 0.741796 0.240686
vt 0.763865 0.239714
vt 0.744189 0.240753
vt 0.769720 0.238876
vt 0.746514 0.240769
vt 0.716282 0.238518
vt 0.723308 0.238870
vt 0.776746 0.238525
vt 0.748839 0.240753
vt 0.763235 0.238586
vt 0.742122 0.239101
vt 0.744357 0.239129
vt 0.769206 0.238038
vt 0.746514 0.239130
vt 0.716825 0.237900
vt 0.723823 0.238033
vt 0.776204 0.237907
vt 0.748671 0.239129
vt 0.729794 0.238582
vt 0.750907 0.239103
vt 0.733842 0.238815
vt 0.753311 0.239048
vt 0.737023 0.238957
vt 0.756006 0.238959
vt 0.739718 0.239047
vt 0.759186 0.238818
vt 0.730166 0.237533
vt 0.734216 0.237638
vt 0.753037 0.237735
vt 0.737359 0.237699
vt 0.755670 0.237701
vt 0.739992 0.237734
vt 0.758813 0.237641
vt 0.742316 0.237753
vt 0.762863 0.237536
vt 0.744458 0.237760
vt 0.768907 0.237265
vt 0.746514 0.237756
vt 0.717242 0.237366
vt 0.724122 0.237260
vt 0.775787 0.237372
vt 0.748571 0.237760
vt 0.750713 0.237754
vt 0.744496 0.236525
vt 0.768819 0.236528
vt 0.746515 0.236525
vt 0.717494 0.236887
vt 0.724210 0.236523
vt 0.775535 0.236894
vt 0.748533 0.236525
vt 0.730283 0.236524
vt 0.750646 0.236525
vt 0.734335 0.236524
vt 0.752945 0.236526
vt 0.737469 0.236524
vt 0.755560 0.236526
vt 0.740084 0.236524
vt 0.758694 0.236526
vt 0.742383 0.236524
vt 0.762746 0.236527
vt 0.753037 0.235316
vt 0.737359 0.235349
vt 0.755670 0.235351
vt 0.739992 0.235315
vt 0.758813 0.235412
vt 0.742316 0.235296
vt 0.762864 0.235518
vt 0.744458 0.235289
vt 0.768907 0.235791
vt 0.746515 0.235294
vt 0.717494 0.236160
vt 0.724122 0.235786
vt 0.775535 0.236166
vt 0.748571 0.235290
vt 0.730166 0.235514
vt 0.750713 0.235297
vt 0.734216 0.235409
vt 0.763236 0.234468
vt 0.769207 0.235018
vt 0.746515 0.233920
vt 0.717242 0.235681
vt 0.723823 0.235013
vt 0.775788 0.235688
vt 0.748672 0.233921
vt 0.729794 0.234465
vt 0.750907 0.233948
vt 0.733843 0.234232
vt 0.753311 0.234003
vt 0.737023 0.234091
vt 0.756006 0.234093
vt 0.739719 0.234001
vt 0.759187 0.234235
vt 0.742123 0.233947
vt 0.744358 0.233921
vt 0.736451 0.232666
vt 0.753776 0.232486
vt 0.756579 0.232669
vt 0.739254 0.232484
vt 0.759824 0.232934
vt 0.741797 0.232363
vt 0.763866 0.233341
vt 0.744190 0.232296
vt 0.769722 0.234181
vt 0.746515 0.232281
vt 0.716824 0.235146
vt 0.723308 0.234176
vt 0.776205 0.235153
vt 0.748840 0.232297
vt 0.729164 0.233337
vt 0.751234 0.232364
vt 0.733206 0.232931
vt 0.746515 0.230268
vt 0.716281 0.234528
vt 0.722580 0.233240
vt 0.776748 0.234535
vt 0.770450 0.233245
vt 0.749081 0.230308
vt 0.728270 0.232088
vt 0.751701 0.230441
vt 0.732299 0.231443
vt 0.754442 0.230670
vt 0.735632 0.230995
vt 0.757398 0.230998
vt 0.738589 0.230668
vt 0.760731 0.231446
vt 0.741329 0.230440
vt 0.764760 0.232092
vt 0.743950 0.230307
vt 0.755314 0.228466
vt 0.758467 0.229002
vt 0.737717 0.228464
vt 0.761907 0.229709
vt 0.740716 0.228082
vt 0.765912 0.230666
vt 0.743634 0.227854
vt 0.771372 0.232167
vt 0.746516 0.227781
vt 0.715667 0.233801
vt 0.721659 0.232161
vt 0.777363 0.233808
vt 0.749397 0.227855
vt 0.727118 0.230661
vt 0.752315 0.228084
vt 0.731124 0.229705
vt 0.734564 0.229000
vt 0.777973 0.232974
vt 0.772430 0.230910
vt 0.749785 0.224853
vt 0.725741 0.228995
vt 0.753067 0.225210
vt 0.729707 0.227648
vt 0.756379 0.225797
vt 0.733267 0.226604
vt 0.759764 0.226607
vt 0.736653 0.225795
vt 0.763324 0.227651
vt 0.739964 0.225208
vt 0.767290 0.229000
vt 0.743246 0.224852
vt 0.746516 0.224735
vt 0.715057 0.232967
vt 0.720601 0.230904
vt 0.761234 0.223758
vt 0.764912 0.225217
vt 0.739098 0.221766
vt 0.768810 0.227045
vt 0.742797 0.221248
vt 0.773537 0.229477
vt 0.746516 0.221071
vt 0.714536 0.232094
vt 0.719493 0.229471
vt 0.778494 0.232101
vt 0.750236 0.221249
vt 0.724222 0.227040
vt 0.753934 0.221767
vt 0.728120 0.225213
vt 0.757596 0.222609
vt 0.731798 0.223755
vt 0.735436 0.222606
vt 0.722674 0.224811
vt 0.750734 0.217044
vt 0.754876 0.217760
vt 0.726465 0.222402
vt 0.758903 0.218903
vt 0.730241 0.220451
vt 0.762792 0.220454
vt 0.734130 0.218900
vt 0.766567 0.222407
vt 0.738158 0.217758
vt 0.770357 0.224816
vt 0.742300 0.217043
vt 0.774614 0.227942
vt 0.746517 0.216764
vt 0.714139 0.231294
vt 0.718418 0.227936
vt 0.778891 0.231302
vt 0.732801 0.214754
vt 0.737207 0.213266
vt 0.771934 0.222447
vt 0.741806 0.212348
vt 0.775789 0.226461
vt 0.746517 0.212032
vt 0.713942 0.231107
vt 0.717242 0.226455
vt 0.779088 0.231114
vt 0.751228 0.212350
vt 0.721098 0.222441
vt 0.755827 0.213268
vt 0.724779 0.219327
vt 0.760233 0.214757
vt 0.728652 0.216781
vt 0.764381 0.216785
vt 0.768254 0.219332
vt 0.756772 0.208418
vt 0.719595 0.220022
vt 0.723136 0.216112
vt 0.761552 0.210307
vt 0.727086 0.212882
vt 0.765948 0.212886
vt 0.731483 0.210304
vt 0.769898 0.216118
vt 0.736263 0.208416
vt 0.773438 0.220028
vt 0.741318 0.207260
vt 0.776904 0.224966
vt 0.746518 0.206867
vt 0.713266 0.230646
vt 0.716128 0.224959
vt 0.779764 0.230653
vt 0.751718 0.207261
vt 0.774905 0.217707
vt 0.735323 0.203376
vt 0.740831 0.201947
vt 0.777937 0.223564
vt 0.746518 0.201461
vt 0.712627 0.230161
vt 0.715095 0.223557
vt 0.780404 0.230168
vt 0.752206 0.201948
vt 0.718128 0.217701
vt 0.757713 0.203378
vt 0.721504 0.212918
vt 0.762868 0.205721
vt 0.725523 0.208918
vt 0.767513 0.208923
vt 0.730168 0.205717
vt 0.771530 0.212923
vt 0.716637 0.215592
vt 0.719815 0.209883
vt 0.764228 0.201158
vt 0.723900 0.205042
vt 0.769136 0.205047
vt 0.728809 0.201154
vt 0.773220 0.209889
vt 0.734359 0.198315
vt 0.776396 0.215599
vt 0.740334 0.196588
vt 0.778917 0.222343
vt 0.746519 0.196000
vt 0.712081 0.229717
vt 0.714115 0.222336
vt 0.780949 0.229725
vt 0.752704 0.196590
vt 0.758678 0.198318
vt 0.733321 0.193374
vt 0.739805 0.191331
vt 0.779881 0.221358
vt 0.746520 0.190635
vt 0.711645 0.229380
vt 0.713152 0.221351
vt 0.781386 0.229388
vt 0.753235 0.191332
vt 0.715070 0.213785
vt 0.759718 0.193377
vt 0.717994 0.207128
vt 0.765704 0.196756
vt 0.722136 0.201387
vt 0.770900 0.201393
vt 0.727334 0.196752
vt 0.775042 0.207135
vt 0.777964 0.213792
vt 0.767408 0.192606
vt 0.715966 0.204767
vt 0.720121 0.198064
vt 0.772916 0.198070
vt 0.725631 0.192601
vt 0.777071 0.204774
vt 0.732123 0.188627
vt 0.779643 0.212368
vt 0.739200 0.186245
vt 0.780852 0.220643
vt 0.746520 0.185440
vt 0.711299 0.229181
vt 0.712181 0.220635
vt 0.781732 0.229189
vt 0.753841 0.186247
vt 0.713391 0.212361
vt 0.760917 0.188631
vt 0.781839 0.220222
vt 0.738446 0.181268
vt 0.746521 0.180358
vt 0.711028 0.229122
vt 0.711194 0.220214
vt 0.782003 0.229129
vt 0.754596 0.181270
vt 0.711580 0.211403
vt 0.762424 0.184050
vt 0.713642 0.202915
vt 0.769522 0.188742
vt 0.717699 0.195165
vt 0.775339 0.195171
vt 0.723518 0.188737
vt 0.779394 0.202922
vt 0.730617 0.184046
vt 0.781455 0.211411
vt 0.772340 0.185145
vt 0.778391 0.192802
vt 0.714648 0.192795
vt 0.720701 0.185139
vt 0.782111 0.201720
vt 0.728537 0.179461
vt 0.783407 0.211015
vt 0.737397 0.176133
vt 0.782837 0.220118
vt 0.746521 0.175159
vt 0.710830 0.229181
vt 0.710196 0.220110
vt 0.782201 0.229188
vt 0.755646 0.176135
vt 0.709628 0.211007
vt 0.764505 0.179465
vt 0.710926 0.201712
vt 0.710197 0.252933
vt 0.710832 0.243864
vt 0.711195 0.252829
vt 0.782196 0.243872
vt 0.782829 0.252941
vt 0.781831 0.252837
vt 0.755630 0.296909
vt 0.746508 0.292685
vt 0.754582 0.291775
vt 0.711579 0.261638
vt 0.709628 0.262035
vt 0.764489 0.293582
vt 0.762409 0.288997
vt 0.713640 0.270126
vt 0.710924 0.271328
vt 0.772323 0.287905
vt 0.769507 0.284308
vt 0.717695 0.277875
vt 0.714644 0.280244
vt 0.778375 0.280251
vt 0.775325 0.277881
vt 0.720694 0.287899
vt 0.723512 0.284303
vt 0.782097 0.271336
vt 0.779381 0.270133
vt 0.728528 0.293578
vt 0.730609 0.288994
vt 0.783396 0.262043
vt 0.781444 0.261646
vt 0.737386 0.296907
vt 0.738435 0.291773
vt 0.746508 0.297882
vt 0.725625 0.280439
vt 0.772903 0.274983
vt 0.777059 0.268281
vt 0.732115 0.284414
vt 0.779633 0.260689
vt 0.739190 0.286797
vt 0.780844 0.252416
vt 0.746509 0.287604
vt 0.711030 0.243923
vt 0.712182 0.252409
vt 0.781997 0.243931
vt 0.753828 0.286798
vt 0.713391 0.260682
vt 0.760904 0.284417
vt 0.715963 0.268274
vt 0.767395 0.280444
vt 0.720118 0.274977
vt 0.746509 0.282410
vt 0.753223 0.281714
vt 0.715070 0.259257
vt 0.759706 0.279671
vt 0.717992 0.265914
vt 0.765691 0.276294
vt 0.722133 0.271654
vt 0.770889 0.271660
vt 0.727329 0.276290
vt 0.775031 0.265920
vt 0.733314 0.279669
vt 0.777955 0.259264
vt 0.739796 0.281712
vt 0.779873 0.251701
vt 0.711301 0.243864
vt 0.713152 0.251693
vt 0.781727 0.243872
vt 0.769125 0.268005
vt 0.773211 0.263166
vt 0.734353 0.274728
vt 0.776388 0.257458
vt 0.740327 0.276456
vt 0.778910 0.250716
vt 0.746510 0.277046
vt 0.711647 0.243665
vt 0.714116 0.250708
vt 0.781381 0.243673
vt 0.752694 0.276457
vt 0.716637 0.257451
vt 0.758668 0.274731
vt 0.719813 0.263160
vt 0.764217 0.271893
vt 0.723897 0.268000
vt 0.728804 0.271888
vt 0.718128 0.255343
vt 0.752197 0.271100
vt 0.757704 0.269671
vt 0.721502 0.260126
vt 0.762859 0.267331
vt 0.725519 0.264126
vt 0.767504 0.264130
vt 0.730163 0.267327
vt 0.771521 0.260131
vt 0.735318 0.269669
vt 0.774897 0.255350
vt 0.740824 0.271099
vt 0.777931 0.249494
vt 0.746511 0.271586
vt 0.712083 0.243328
vt 0.715096 0.249487
vt 0.780945 0.243336
vt 0.736258 0.264630
vt 0.769890 0.256937
vt 0.773431 0.253028
vt 0.741312 0.265787
vt 0.776898 0.248092
vt 0.746511 0.266181
vt 0.712628 0.242885
vt 0.716129 0.248085
vt 0.780399 0.242892
vt 0.751711 0.265788
vt 0.719594 0.253022
vt 0.756764 0.264632
vt 0.723134 0.256932
vt 0.761544 0.262744
vt 0.727084 0.260163
vt 0.765940 0.260167
vt 0.731480 0.262741
vt 0.751222 0.260699
vt 0.755821 0.259783
vt 0.724777 0.253718
vt 0.760226 0.258295
vt 0.728650 0.256264
vt 0.764375 0.256268
vt 0.732798 0.258292
vt 0.768248 0.253723
vt 0.737203 0.259781
vt 0.771928 0.250610
vt 0.741801 0.260698
vt 0.775784 0.246597
vt 0.746512 0.261016
vt 0.713268 0.242400
vt 0.717243 0.246590
vt 0.779760 0.242407
vt 0.721098 0.250604
vt 0.713943 0.241939
vt 0.779085 0.241946
s 0
usemtl マテリアル
f 2890/2796/2850 2430/2797/2850 2891/2798/2850
f 2413/2799/2851 2422/2800/2851 2423/2801/2851
f 2891/2798/2852 2431/2802/2852 2892/2803/2852
f 2414/2804/2853 2423/2801/2853 2424/2805/2853
f 2884/2806/2854 2492/2807/2854 2417/2808/2854
f 2718/2809/2855 2892/2803/2855 2431/2802/2855
f 2414/2804/2856 2425/2810/2856 2415/2811/2856
f 2885/2812/2857 2417/2808/2857 2418/2813/2857
f 2415/2811/2858 2426/2814/2858 2888/2815/2858
f 2411/2816/2859 2418/2813/2859 2419/2817/2859
f 2888/2815/2860 2427/2818/2860 2416/2819/2860
f 2886/2820/2861 2419/2817/2861 2420/2821/2861
f 2416/2819/2862 2428/2822/2862 2889/2823/2862
f 2412/2824/2863 2420/2821/2863 2421/2825/2863
f 2889/2823/2864 2429/2826/2864 2890/2796/2864
f 2887/2827/2865 2421/2825/2865 2422/2800/2865
f 2421/2825/2866 2435/2828/2866 2436/2829/2866
f 2428/2822/2867 2444/2830/2867 2429/2826/2867
f 2422/2800/2868 2436/2829/2868 2437/2831/2868
f 2429/2826/2869 2445/2832/2869 2430/2797/2869
f 2423/2801/2870 2437/2831/2870 2438/2833/2870
f 2430/2797/2871 2446/2834/2871 2431/2802/2871
f 2423/2801/2872 2439/2835/2872 2424/2805/2872
f 2417/2808/2873 2492/2836/2873 2432/2837/2873
f 2718/2838/2874 2431/2802/2874 2446/2834/2874
f 2424/2805/2875 2440/2839/2875 2425/2810/2875
f 2418/2813/2876 2432/2837/2876 2433/2840/2876
f 2425/2810/2877 2441/2841/2877 2426/2814/2877
f 2419/2817/2878 2433/2840/2878 2434/2842/2878
f 2426/2814/2879 2442/2843/2879 2427/2818/2879
f 2420/2821/2880 2434/2842/2880 2435/2828/2880
f 2427/2818/2881 2443/2844/2881 2428/2822/2881
f 2439/2835/2882 2455/2845/2882 2440/2839/2882
f 2433/2840/2883 2447/2846/2883 2448/2847/2883
f 2440/2839/2884 2456/2848/2884 2441/2841/2884
f 2434/2842/2885 2448/2847/2885 2449/2849/2885
f 2441/2841/2886 2457/2850/2886 2442/2843/2886
f 2435/2828/2887 2449/2849/2887 2450/2851/2887
f 2442/2843/2888 2458/2852/2888 2443/2844/2888
f 2436/2829/2889 2450/2851/2889 2451/2853/2889
f 2443/2844/2890 2459/2854/2890 2444/2830/2890
f 2437/2831/2891 2451/2853/2891 2452/2855/2891
f 2444/2830/2892 2460/2856/2892 2445/2832/2892
f 2438/2833/2893 2452/2855/2893 2453/2857/2893
f 2445/2832/2894 2461/2858/2894 2446/2834/2894
f 2438/2833/2895 2454/2859/2895 2439/2835/2895
f 2432/2837/2896 2492/2860/2896 2447/2846/2896
f 2718/2861/2897 2446/2834/2897 2461/2858/2897
f 2458/2852/2898 2474/2862/2898 2459/2854/2898
f 2452/2855/2899 2466/2863/2899 2467/2864/2899
f 2459/2854/2900 2475/2865/2900 2460/2856/2900
f 2453/2857/2901 2467/2864/2901 2468/2866/2901
f 2460/2856/2902 2476/2867/2902 2461/2858/2902
f 2453/2857/2903 2469/2868/2903 2454/2859/2903
f 2447/2846/2904 2492/2869/2904 2462/2870/2904
f 2718/2871/2905 2461/2858/2905 2476/2867/2905
f 2454/2859/2906 2470/2872/2906 2455/2845/2906
f 2448/2847/2907 2462/2870/2907 2463/2873/2907
f 2455/2845/2908 2471/2874/2908 2456/2848/2908
f 2449/2849/2909 2463/2873/2909 2464/2875/2909
f 2456/2848/2910 2472/2876/2910 2457/2850/2910
f 2450/2851/2911 2464/2875/2911 2465/2877/2911
f 2457/2850/2912 2473/2878/2912 2458/2852/2912
f 2451/2853/2913 2465/2877/2913 2466/2863/2913
f 2470/2872/2914 2486/2879/2914 2471/2874/2914
f 2464/2875/2915 2478/2880/2915 2479/2881/2915
f 2471/2874/2916 2487/2882/2916 2472/2876/2916
f 2465/2877/2917 2479/2881/2917 2480/2883/2917
f 2472/2876/2918 2488/2884/2918 2473/2878/2918
f 2466/2863/2919 2480/2883/2919 2481/2885/2919
f 2473/2878/2920 2489/2886/2920 2474/2862/2920
f 2467/2864/2921 2481/2885/2921 2482/2887/2921
f 2474/2862/2922 2490/2888/2922 2475/2865/2922
f 2468/2866/2923 2482/2887/2923 2483/2889/2923
f 2475/2865/2924 2491/2890/2924 2476/2867/2924
f 2468/2866/2925 2484/2891/2925 2469/2868/2925
f 2462/2870/2926 2492/2892/2926 2477/2893/2926
f 2718/2894/2927 2476/2867/2927 2491/2890/2927
f 2469/2868/2928 2485/2895/2928 2470/2872/2928
f 2463/2873/2929 2477/2893/2929 2478/2880/2929
f 2489/2886/2930 2506/2896/2930 2490/2888/2930
f 2483/2889/2931 2498/2897/2931 2499/2898/2931
f 2490/2888/2932 2507/2899/2932 2491/2890/2932
f 2483/2889/2933 2500/2900/2933 2484/2891/2933
f 2477/2893/2934 2492/2901/2934 2493/2902/2934
f 2718/2903/2935 2491/2890/2935 2507/2899/2935
f 2484/2891/2936 2501/2904/2936 2485/2895/2936
f 2478/2880/2937 2493/2902/2937 2494/2905/2937
f 2485/2895/2938 2502/2906/2938 2486/2879/2938
f 2479/2881/2939 2494/2905/2939 2495/2907/2939
f 2486/2879/2940 2503/2908/2940 2487/2882/2940
f 2480/2883/2941 2495/2907/2941 2496/2909/2941
f 2487/2882/2942 2504/2910/2942 2488/2884/2942
f 2481/2885/2943 2496/2909/2943 2497/2911/2943
f 2488/2884/2944 2505/2912/2944 2489/2886/2944
f 2482/2887/2945 2497/2911/2945 2498/2897/2945
f 2495/2907/2946 2509/2913/2946 2510/2914/2946
f 2502/2906/2947 2518/2915/2947 2503/2908/2947
f 2496/2909/2948 2510/2914/2948 2511/2916/2948
f 2503/2908/2949 2519/2917/2949 2504/2910/2949
f 2497/2911/2950 2511/2916/2950 2512/2918/2950
f 2504/2910/2951 2520/2919/2951 2505/2912/2951
f 2498/2897/2952 2512/2918/2952 2513/2920/2952
f 2505/2912/2953 2521/2921/2953 2506/2896/2953
f 2498/2897/2954 2514/2922/2954 2499/2898/2954
f 2506/2896/2955 2522/2923/2955 2507/2899/2955
f 2499/2898/2956 2515/2924/2956 2500/2900/2956
f 2493/2902/2957 2492/2925/2957 2508/2926/2957
f 2718/2927/2958 2507/2899/2958 2522/2923/2958
f 2500/2900/2959 2516/2928/2959 2501/2904/2959
f 2494/2905/2960 2508/2926/2960 2509/2913/2960
f 2501/2904/2961 2517/2929/2961 2502/2906/2961
f 2513/2920/2962 2529/2930/2962 2514/2922/2962
f 2521/2921/2963 2537/2931/2963 2522/2923/2963
f 2514/2922/2964 2530/2932/2964 2515/2924/2964
f 2508/2926/2965 2492/2933/2965 2523/2934/2965
f 2718/2935/2966 2522/2923/2966 2537/2931/2966
f 2515/2924/2967 2531/2936/2967 2516/2928/2967
f 2509/2913/2968 2523/2934/2968 2524/2937/2968
f 2516/2928/2969 2532/2938/2969 2517/2929/2969
f 2510/2914/2970 2524/2937/2970 2525/2939/2970
f 2517/2929/2971 2533/2940/2971 2518/2915/2971
f 2511/2916/2972 2525/2939/2972 2526/2941/2972
f 2518/2915/2973 2534/2942/2973 2519/2917/2973
f 2511/2916/2974 2527/2943/2974 2512/2918/2974
f 2519/2917/2975 2535/2944/2975 2520/2919/2975
f 2512/2918/2976 2528/2945/2976 2513/2920/2976
f 2520/2919/2977 2536/2946/2977 2521/2921/2977
f 2532/2938/2978 2548/2947/2978 2533/2940/2978
f 2525/2939/2979 2541/2948/2979 2526/2941/2979
f 2533/2940/2980 2549/2949/2980 2534/2942/2980
f 2526/2941/2981 2542/2950/2981 2527/2943/2981
f 2535/2944/2982 2549/2949/2982 2550/2951/2982
f 2527/2943/2983 2543/2952/2983 2528/2945/2983
f 2536/2946/2984 2550/2951/2984 2551/2953/2984
f 2528/2945/2985 2544/2954/2985 2529/2930/2985
f 2537/2931/2986 2551/2953/2986 2552/2955/2986
f 2529/2930/2987 2545/2956/2987 2530/2932/2987
f 2523/2934/2988 2492/2957/2988 2538/2958/2988
f 2718/2959/2989 2537/2931/2989 2552/2955/2989
f 2530/2932/2990 2546/2960/2990 2531/2936/2990
f 2523/2934/2991 2539/2961/2991 2524/2937/2991
f 2531/2936/2992 2547/2962/2992 2532/2938/2992
f 2524/2937/2993 2540/2963/2993 2525/2939/2993
f 2552/2955/2994 2566/2964/2994 2567/2965/2994
f 2544/2954/2995 2560/2966/2995 2545/2956/2995
f 2538/2958/2996 2492/2967/2996 2553/2968/2996
f 2718/2969/2997 2552/2955/2997 2567/2965/2997
f 2545/2956/2998 2561/2970/2998 2546/2960/2998
f 2538/2958/2999 2554/2971/2999 2539/2961/2999
f 2546/2960/3000 2562/2972/3000 2547/2962/3000
f 2539/2961/3001 2555/2973/3001 2540/2963/3001
f 2548/2947/3002 2562/2972/3002 2563/2974/3002
f 2540/2963/3003 2556/2975/3003 2541/2948/3003
f 2549/2949/3004 2563/2974/3004 2564/2976/3004
f 2541/2948/3005 2557/2977/3005 2542/2950/3005
f 2550/2951/3006 2564/2976/3006 2565/2978/3006
f 2542/2950/3007 2558/2979/3007 2543/2952/3007
f 2551/2953/3008 2565/2978/3008 2566/2964/3008
f 2543/2952/3009 2559/2980/3009 2544/2954/3009
f 2555/2973/3010 2571/2981/3010 2556/2975/3010
f 2564/2976/3011 2578/2982/3011 2579/2983/3011
f 2556/2975/3012 2572/2984/3012 2557/2977/3012
f 2565/2978/3013 2579/2983/3013 2580/2985/3013
f 2557/2977/3014 2573/2986/3014 2558/2979/3014
f 2566/2964/3015 2580/2985/3015 2581/2987/3015
f 2558/2979/3016 2574/2988/3016 2559/2980/3016
f 2567/2965/3017 2581/2987/3017 2582/2989/3017
f 2559/2980/3018 2575/2990/3018 2560/2966/3018
f 2553/2968/3019 2492/2991/3019 2568/2992/3019
f 2718/2993/3020 2567/2965/3020 2582/2989/3020
f 2560/2966/3021 2576/2994/3021 2561/2970/3021
f 2553/2968/3022 2569/2995/3022 2554/2971/3022
f 2562/2972/3023 2576/2994/3023 2577/2996/3023
f 2554/2971/3024 2570/2997/3024 2555/2973/3024
f 2563/2974/3025 2577/2996/3025 2578/2982/3025
f 2574/2988/3026 2590/2998/3026 2575/2990/3026
f 2568/2992/3027 2492/2999/3027 2583/3000/3027
f 2718/3001/3028 2582/2989/3028 2597/3002/3028
f 2575/2990/3029 2591/3003/3029 2576/2994/3029
f 2568/2992/3030 2584/3004/3030 2569/2995/3030
f 2577/2996/3031 2591/3003/3031 2592/3005/3031
f 2569/2995/3032 2585/3006/3032 2570/2997/3032
f 2578/2982/3033 2592/3005/3033 2593/3007/3033
f 2570/2997/3034 2586/3008/3034 2571/2981/3034
f 2579/2983/3035 2593/3007/3035 2594/3009/3035
f 2571/2981/3036 2587/3010/3036 2572/2984/3036
f 2580/2985/3037 2594/3009/3037 2595/3011/3037
f 2572/2984/3038 2588/3012/3038 2573/2986/3038
f 2581/2987/3039 2595/3011/3039 2596/3013/3039
f 2573/2986/3040 2589/3014/3040 2574/2988/3040
f 2582/2989/3041 2596/3013/3041 2597/3002/3041
f 2594/3009/3042 2608/3015/3042 2609/3016/3042
f 2586/3008/3043 2602/3017/3043 2587/3010/3043
f 2595/3011/3044 2609/3016/3044 2610/3018/3044
f 2587/3010/3045 2603/3019/3045 2588/3012/3045
f 2596/3013/3046 2610/3018/3046 2611/3020/3046
f 2588/3012/3047 2604/3021/3047 2589/3014/3047
f 2597/3002/3048 2611/3020/3048 2612/3022/3048
f 2589/3014/3049 2605/3023/3049 2590/2998/3049
f 2583/3000/3050 2492/3024/3050 2598/3025/3050
f 2718/3026/3051 2597/3002/3051 2612/3022/3051
f 2590/2998/3052 2606/3027/3052 2591/3003/3052
f 2583/3000/3053 2599/3028/3053 2584/3004/3053
f 2592/3005/3054 2606/3027/3054 2607/3029/3054
f 2584/3004/3055 2600/3030/3055 2585/3006/3055
f 2593/3007/3056 2607/3029/3056 2608/3015/3056
f 2585/3006/3057 2601/3031/3057 2586/3008/3057
f 2718/3032/3058 2612/3022/3058 2627/3033/3058
f 2605/3023/3059 2621/3034/3059 2606/3027/3059
f 2598/3025/3060 2614/3035/3060 2599/3028/3060
f 2607/3029/3061 2621/3034/3061 2622/3036/3061
f 2599/3028/3062 2615/3037/3062 2600/3030/3062
f 2608/3015/3063 2622/3036/3063 2623/3038/3063
f 2600/3030/3064 2616/3039/3064 2601/3031/3064
f 2609/3016/3065 2623/3038/3065 2624/3040/3065
f 2601/3031/3066 2617/3041/3066 2602/3017/3066
f 2610/3018/3067 2624/3040/3067 2625/3042/3067
f 2602/3017/3068 2618/3043/3068 2603/3019/3068
f 2611/3020/3069 2625/3042/3069 2626/3044/3069
f 2603/3019/3070 2619/3045/3070 2604/3021/3070
f 2612/3022/3071 2626/3044/3071 2627/3033/3071
f 2604/3021/3072 2620/3046/3072 2605/3023/3072
f 2598/3025/3073 2492/3047/3073 2613/3048/3073
f 2625/3042/3074 2639/3049/3074 2640/3050/3074
f 2617/3041/3075 2633/3051/3075 2618/3043/3075
f 2626/3044/3076 2640/3050/3076 2641/3052/3076
f 2618/3043/3077 2634/3053/3077 2619/3045/3077
f 2627/3033/3078 2641/3052/3078 2642/3054/3078
f 2619/3045/3079 2635/3055/3079 2620/3046/3079
f 2613/3048/3080 2492/3056/3080 2628/3057/3080
f 2718/3058/3081 2627/3033/3081 2642/3054/3081
f 2620/3046/3082 2636/3059/3082 2621/3034/3082
f 2613/3048/3083 2629/3060/3083 2614/3035/3083
f 2622/3036/3084 2636/3059/3084 2637/3061/3084
f 2614/3035/3085 2630/3062/3085 2615/3037/3085
f 2623/3038/3086 2637/3061/3086 2638/3063/3086
f 2615/3037/3087 2631/3064/3087 2616/3039/3087
f 2624/3040/3088 2638/3063/3088 2639/3049/3088
f 2616/3039/3089 2632/3065/3089 2617/3041/3089
f 2628/3057/3090 2644/3066/3090 2629/3060/3090
f 2637/3061/3091 2651/3067/3091 2652/3068/3091
f 2629/3060/3092 2645/3069/3092 2630/3062/3092
f 2638/3063/3093 2652/3068/3093 2653/3070/3093
f 2630/3062/3094 2646/3071/3094 2631/3064/3094
f 2639/3049/3095 2653/3070/3095 2654/3072/3095
f 2631/3064/3096 2647/3073/3096 2632/3065/3096
f 2640/3050/3097 2654/3072/3097 2655/3074/3097
f 2632/3065/3098 2648/3075/3098 2633/3051/3098
f 2641/3052/3099 2655/3074/3099 2656/3076/3099
f 2633/3051/3100 2649/3077/3100 2634/3053/3100
f 2642/3054/3101 2656/3076/3101 2657/3078/3101
f 2634/3053/3102 2650/3079/3102 2635/3055/3102
f 2628/3057/3103 2492/3080/3103 2643/3081/3103
f 2718/3082/3104 2642/3054/3104 2657/3078/3104
f 2636/3059/3105 2650/3079/3105 2651/3067/3105
f 2648/3075/3106 2662/3083/3106 2663/3084/3106
f 2655/3074/3107 2671/3085/3107 2656/3076/3107
f 2649/3077/3108 2663/3084/3108 2664/3086/3108
f 2656/3076/3109 2672/3087/3109 2657/3078/3109
f 2650/3079/3110 2664/3086/3110 2665/3088/3110
f 2643/3081/3111 2492/3089/3111 2658/3090/3111
f 2718/3091/3112 2657/3078/3112 2672/3087/3112
f 2650/3079/3113 2666/3092/3113 2651/3067/3113
f 2644/3066/3114 2658/3090/3114 2659/3093/3114
f 2651/3067/3115 2667/3094/3115 2652/3068/3115
f 2645/3069/3116 2659/3093/3116 2660/3095/3116
f 2652/3068/3117 2668/3096/3117 2653/3070/3117
f 2646/3071/3118 2660/3095/3118 2661/3097/3118
f 2653/3070/3119 2669/3098/3119 2654/3072/3119
f 2647/3073/3120 2661/3097/3120 2662/3083/3120
f 2654/3072/3121 2670/3099/3121 2655/3074/3121
f 2666/3092/3122 2682/3100/3122 2667/3094/3122
f 2660/3095/3123 2674/3101/3123 2675/3102/3123
f 2667/3094/3124 2683/3103/3124 2668/3096/3124
f 2661/3097/3125 2675/3102/3125 2676/3104/3125
f 2668/3096/3126 2684/3105/3126 2669/3098/3126
f 2662/3083/3127 2676/3104/3127 2677/3106/3127
f 2669/3098/3128 2685/3107/3128 2670/3099/3128
f 2663/3084/3129 2677/3106/3129 2678/3108/3129
f 2670/3099/3130 2686/3109/3130 2671/3085/3130
f 2664/3086/3131 2678/3108/3131 2679/3110/3131
f 2671/3085/3132 2687/3111/3132 2672/3087/3132
f 2665/3088/3133 2679/3110/3133 2680/3112/3133
f 2658/3090/3134 2492/3113/3134 2673/3114/3134
f 2718/3115/3135 2672/3087/3135 2687/3111/3135
f 2666/3092/3136 2680/3112/3136 2681/3116/3136
f 2659/3093/3137 2673/3114/3137 2674/3101/3137
f 2685/3107/3138 2701/3117/3138 2686/3109/3138
f 2679/3110/3139 2693/3118/3139 2694/3119/3139
f 2686/3109/3140 2702/3120/3140 2687/3111/3140
f 2680/3112/3141 2694/3119/3141 2695/3121/3141
f 2673/3114/3142 2492/3122/3142 2688/3123/3142
f 2718/3124/3143 2687/3111/3143 2702/3120/3143
f 2681/3116/3144 2695/3121/3144 2696/3125/3144
f 2674/3101/3145 2688/3123/3145 2689/3126/3145
f 2681/3116/3146 2697/3127/3146 2682/3100/3146
f 2675/3102/3147 2689/3126/3147 2690/3128/3147
f 2682/3100/3148 2698/3129/3148 2683/3103/3148
f 2676/3104/3149 2690/3128/3149 2691/3130/3149
f 2683/3103/3150 2699/3131/3150 2684/3105/3150
f 2677/3106/3151 2691/3130/3151 2692/3132/3151
f 2684/3105/3152 2700/3133/3152 2685/3107/3152
f 2678/3108/3153 2692/3132/3153 2693/3118/3153
f 2690/3128/3154 2704/3134/3154 2705/3135/3154
f 2697/3127/3155 2713/3136/3155 2698/3129/3155
f 2691/3130/3156 2705/3135/3156 2706/3137/3156
f 2698/3129/3157 2714/3138/3157 2699/3131/3157
f 2692/3132/3158 2706/3137/3158 2707/3139/3158
f 2699/3131/3159 2715/3140/3159 2700/3133/3159
f 2693/3118/3160 2707/3139/3160 2708/3141/3160
f 2700/3133/3161 2716/3142/3161 2701/3117/3161
f 2694/3119/3162 2708/3141/3162 2709/3143/3162
f 2701/3117/3163 2717/3144/3163 2702/3120/3163
f 2695/3121/3164 2709/3143/3164 2710/3145/3164
f 2688/3123/3165 2492/3146/3165 2703/3147/3165
f 2718/3148/3166 2702/3120/3166 2717/3144/3166
f 2696/3125/3167 2710/3145/3167 2711/3149/3167
f 2689/3126/3168 2703/3147/3168 2704/3134/3168
f 2696/3125/3169 2712/3150/3169 2697/3127/3169
f 2709/3143/3170 2724/3151/3170 2725/3152/3170
f 2716/3142/3171 2733/3153/3171 2717/3144/3171
f 2710/3145/3172 2725/3152/3172 2726/3154/3172
f 2703/3147/3173 2492/3155/3173 2719/3156/3173
f 2718/3157/3174 2717/3144/3174 2733/3153/3174
f 2711/3149/3175 2726/3154/3175 2727/3158/3175
f 2704/3134/3176 2719/3156/3176 2720/3159/3176
f 2711/3149/3177 2728/3160/3177 2712/3150/3177
f 2705/3135/3178 2720/3159/3178 2721/3161/3178
f 2712/3150/3179 2729/3162/3179 2713/3136/3179
f 2706/3137/3180 2721/3161/3180 2722/3163/3180
f 2713/3136/3181 2730/3164/3181 2714/3138/3181
f 2707/3139/3182 2722/3163/3182 2723/3165/3182
f 2714/3138/3183 2731/3166/3183 2715/3140/3183
f 2708/3141/3184 2723/3165/3184 2724/3151/3184
f 2715/3140/3185 2732/3167/3185 2716/3142/3185
f 2728/3160/3186 2744/3168/3186 2729/3162/3186
f 2722/3163/3187 2736/3169/3187 2737/3170/3187
f 2729/3162/3188 2745/3171/3188 2730/3164/3188
f 2723/3165/3189 2737/3170/3189 2738/3172/3189
f 2730/3164/3190 2746/3173/3190 2731/3166/3190
f 2724/3151/3191 2738/3172/3191 2739/3174/3191
f 2731/3166/3192 2747/3175/3192 2732/3167/3192
f 2725/3152/3193 2739/3174/3193 2740/3176/3193
f 2732/3167/3194 2748/3177/3194 2733/3153/3194
f 2726/3154/3195 2740/3176/3195 2741/3178/3195
f 2719/3156/3196 2492/3179/3196 2734/3180/3196
f 2718/3181/3197 2733/3153/3197 2748/3177/3197
f 2727/3158/3198 2741/3178/3198 2742/3182/3198
f 2720/3159/3199 2734/3180/3199 2735/3183/3199
f 2727/3158/3200 2743/3184/3200 2728/3160/3200
f 2721/3161/3201 2735/3183/3201 2736/3169/3201
f 2747/3175/3202 2763/3185/3202 2748/3177/3202
f 2741/3178/3203 2755/3186/3203 2756/3187/3203
f 2734/3180/3204 2492/3188/3204 2749/3189/3204
f 2718/3190/3205 2748/3177/3205 2763/3185/3205
f 2742/3182/3206 2756/3187/3206 2757/3191/3206
f 2735/3183/3207 2749/3189/3207 2750/3192/3207
f 2743/3184/3208 2757/3191/3208 2758/3193/3208
f 2736/3169/3209 2750/3192/3209 2751/3194/3209
f 2743/3184/3210 2759/3195/3210 2744/3168/3210
f 2737/3170/3211 2751/3194/3211 2752/3196/3211
f 2744/3168/3212 2760/3197/3212 2745/3171/3212
f 2738/3172/3213 2752/3196/3213 2753/3198/3213
f 2745/3171/3214 2761/3199/3214 2746/3173/3214
f 2739/3174/3215 2753/3198/3215 2754/3200/3215
f 2746/3173/3216 2762/3201/3216 2747/3175/3216
f 2740/3176/3217 2754/3200/3217 2755/3186/3217
f 2760/3197/3218 2774/3202/3218 2775/3203/3218
f 2753/3198/3219 2767/3204/3219 2768/3205/3219
f 2760/3197/3220 2776/3206/3220 2761/3199/3220
f 2754/3200/3221 2768/3205/3221 2769/3207/3221
f 2761/3199/3222 2777/3208/3222 2762/3201/3222
f 2755/3186/3223 2769/3207/3223 2770/3209/3223
f 2762/3201/3224 2778/3210/3224 2763/3185/3224
f 2756/3187/3225 2770/3209/3225 2771/3211/3225
f 2749/3189/3226 2492/3212/3226 2764/3213/3226
f 2718/3214/3227 2763/3185/3227 2778/3210/3227
f 2757/3191/3228 2771/3211/3228 2772/3215/3228
f 2750/3192/3229 2764/3213/3229 2765/3216/3229
f 2758/3193/3230 2772/3215/3230 2773/3217/3230
f 2751/3194/3231 2765/3216/3231 2766/3218/3231
f 2759/3195/3232 2773/3217/3232 2774/3202/3232
f 2752/3196/3233 2766/3218/3233 2767/3204/3233
f 2764/3219/3234 2492/3220/3234 2779/3221/3234
f 2718/3222/3235 2778/3223/3235 2793/3224/3235
f 2772/3225/3236 2786/3226/3236 2787/3227/3236
f 2764/3219/3237 2780/3228/3237 2765/3229/3237
f 2773/3230/3238 2787/3227/3238 2788/3231/3238
f 2765/3229/3239 2781/3232/3239 2766/3233/3239
f 2774/3234/3240 2788/3231/3240 2789/3235/3240
f 2766/3233/3241 2782/3236/3241 2767/3237/3241
f 2775/3238/3242 2789/3235/3242 2790/3239/3242
f 2768/3240/3243 2782/3236/3243 2783/3241/3243
f 2776/3242/3244 2790/3239/3244 2791/3243/3244
f 2769/3244/3245 2783/3241/3245 2784/3245/3245
f 2777/3246/3246 2791/3243/3246 2792/3247/3246
f 2770/3248/3247 2784/3245/3247 2785/3249/3247
f 2778/3223/3248 2792/3247/3248 2793/3224/3248
f 2771/3250/3249 2785/3249/3249 2786/3226/3249
f 2782/3236/3250 2798/3251/3250 2783/3241/3250
f 2791/3243/3251 2805/3252/3251 2806/3253/3251
f 2783/3241/3252 2799/3254/3252 2784/3245/3252
f 2792/3247/3253 2806/3253/3253 2807/3255/3253
f 2785/3249/3254 2799/3254/3254 2800/3256/3254
f 2793/3224/3255 2807/3255/3255 2808/3257/3255
f 2786/3226/3256 2800/3256/3256 2801/3258/3256
f 2779/3221/3257 2492/3259/3257 2794/3260/3257
f 2718/3261/3258 2793/3224/3258 2808/3257/3258
f 2787/3227/3259 2801/3258/3259 2802/3262/3259
f 2779/3221/3260 2795/3263/3260 2780/3228/3260
f 2788/3231/3261 2802/3262/3261 2803/3264/3261
f 2780/3228/3262 2796/3265/3262 2781/3232/3262
f 2789/3235/3263 2803/3264/3263 2804/3266/3263
f 2781/3232/3264 2797/3267/3264 2782/3236/3264
f 2790/3239/3265 2804/3266/3265 2805/3252/3265
f 2802/3262/3266 2816/3268/3266 2817/3269/3266
f 2794/3260/3267 2810/3270/3267 2795/3263/3267
f 2803/3264/3268 2817/3269/3268 2818/3271/3268
f 2795/3263/3269 2811/3272/3269 2796/3265/3269
f 2804/3266/3270 2818/3271/3270 2819/3273/3270
f 2796/3265/3271 2812/3274/3271 2797/3267/3271
f 2805/3252/3272 2819/3273/3272 2820/3275/3272
f 2797/3267/3273 2813/3276/3273 2798/3251/3273
f 2806/3253/3274 2820/3275/3274 2821/3277/3274
f 2798/3251/3275 2814/3278/3275 2799/3254/3275
f 2807/3255/3276 2821/3277/3276 2822/3279/3276
f 2799/3254/3277 2815/3280/3277 2800/3256/3277
f 2808/3257/3278 2822/3279/3278 2823/3281/3278
f 2801/3258/3279 2815/3280/3279 2816/3268/3279
f 2794/3260/3280 2492/3282/3280 2809/3283/3280
f 2718/3284/3281 2808/3257/3281 2823/3281/3281
f 2821/3277/3282 2835/3285/3282 2836/3286/3282
f 2813/3276/3283 2829/3287/3283 2814/3278/3283
f 2822/3279/3284 2836/3286/3284 2837/3288/3284
f 2814/3278/3285 2830/3289/3285 2815/3280/3285
f 2823/3281/3286 2837/3288/3286 2838/3290/3286
f 2816/3268/3287 2830/3289/3287 2831/3291/3287
f 2809/3283/3288 2492/3292/3288 2824/3293/3288
f 2718/3294/3289 2823/3281/3289 2838/3290/3289
f 2817/3269/3290 2831/3291/3290 2832/3295/3290
f 2809/3283/3291 2825/3296/3291 2810/3270/3291
f 2818/3271/3292 2832/3295/3292 2833/3297/3292
f 2810/3270/3293 2826/3298/3293 2811/3272/3293
f 2819/3273/3294 2833/3297/3294 2834/3299/3294
f 2811/3272/3295 2827/3300/3295 2812/3274/3295
f 2820/3275/3296 2834/3299/3296 2835/3285/3296
f 2812/3274/3297 2828/3301/3297 2813/3276/3297
f 2824/3293/3298 2840/3302/3298 2825/3296/3298
f 2833/3297/3299 2847/3303/3299 2848/3304/3299
f 2825/3296/3300 2841/3305/3300 2826/3298/3300
f 2834/3299/3301 2848/3304/3301 2849/3306/3301
f 2826/3298/3302 2842/3307/3302 2827/3300/3302
f 2835/3285/3303 2849/3306/3303 2850/3308/3303
f 2827/3300/3304 2843/3309/3304 2828/3301/3304
f 2836/3286/3305 2850/3308/3305 2851/3310/3305
f 2828/3301/3306 2844/3311/3306 2829/3287/3306
f 2837/3288/3307 2851/3310/3307 2852/3312/3307
f 2829/3287/3308 2845/3313/3308 2830/3289/3308
f 2838/3290/3309 2852/3312/3309 2853/3314/3309
f 2831/3291/3310 2845/3313/3310 2846/3315/3310
f 2824/3293/3311 2492/3316/3311 2839/3317/3311
f 2718/3318/3312 2838/3290/3312 2853/3314/3312
f 2832/3295/3313 2846/3315/3313 2847/3303/3313
f 2843/3309/3314 2859/3319/3314 2844/3311/3314
f 2852/3312/3315 2866/3320/3315 2867/3321/3315
f 2844/3311/3316 2860/3322/3316 2845/3313/3316
f 2853/3314/3317 2867/3321/3317 2868/3323/3317
f 2846/3315/3318 2860/3322/3318 2861/3324/3318
f 2839/3317/3319 2492/3325/3319 2854/3326/3319
f 2718/3327/3320 2853/3314/3320 2868/3323/3320
f 2847/3303/3321 2861/3324/3321 2862/3328/3321
f 2839/3317/3322 2855/3329/3322 2840/3302/3322
f 2848/3304/3323 2862/3328/3323 2863/3330/3323
f 2840/3302/3324 2856/3331/3324 2841/3305/3324
f 2849/3306/3325 2863/3330/3325 2864/3332/3325
f 2841/3305/3326 2857/3333/3326 2842/3307/3326
f 2850/3308/3327 2864/3332/3327 2865/3334/3327
f 2842/3307/3328 2858/3335/3328 2843/3309/3328
f 2851/3310/3329 2865/3334/3329 2866/3320/3329
f 2863/3330/3330 2877/3336/3330 2878/3337/3330
f 2855/3329/3331 2871/3338/3331 2856/3331/3331
f 2864/3332/3332 2878/3337/3332 2879/3339/3332
f 2856/3331/3333 2872/3340/3333 2857/3333/3333
f 2865/3334/3334 2879/3339/3334 2880/3341/3334
f 2857/3333/3335 2873/3342/3335 2858/3335/3335
f 2866/3320/3336 2880/3341/3336 2881/3343/3336
f 2858/3335/3337 2874/3344/3337 2859/3319/3337
f 2867/3321/3338 2881/3343/3338 2882/3345/3338
f 2859/3319/3339 2875/3346/3339 2860/3322/3339
f 2868/3323/3340 2882/3345/3340 2883/3347/3340
f 2861/3324/3341 2875/3346/3341 2876/3348/3341
f 2854/3326/3342 2492/3349/3342 2869/3350/3342
f 2718/3351/3343 2868/3323/3343 2883/3347/3343
f 2862/3328/3344 2876/3348/3344 2877/3336/3344
f 2854/3326/3345 2870/3352/3345 2855/3329/3345
f 2882/3345/3346 2890/2796/3346 2891/2798/3346
f 2874/3344/3347 2413/2799/3347 2875/3346/3347
f 2883/3347/3348 2891/2798/3348 2892/2803/3348
f 2875/3346/3349 2414/2804/3349 2876/3348/3349
f 2869/3350/3350 2492/3353/3350 2884/2806/3350
f 2718/3354/3351 2883/3347/3351 2892/2803/3351
f 2877/3336/3352 2414/2804/3352 2415/2811/3352
f 2869/3350/3353 2885/2812/3353 2870/3352/3353
f 2878/3337/3354 2415/2811/3354 2888/2815/3354
f 2870/3352/3355 2411/2816/3355 2871/3338/3355
f 2879/3339/3356 2888/2815/3356 2416/2819/3356
f 2871/3338/3357 2886/2820/3357 2872/3340/3357
f 2880/3341/3358 2416/2819/3358 2889/2823/3358
f 2872/3340/3359 2412/2824/3359 2873/3342/3359
f 2881/3343/3360 2889/2823/3360 2890/2796/3360
f 2873/3342/3361 2887/2827/3361 2874/3344/3361
f 2890/2796/2850 2429/2826/2850 2430/2797/2850
f 2413/2799/2851 2887/2827/2851 2422/2800/2851
f 2891/2798/3362 2430/2797/3362 2431/2802/3362
f 2414/2804/2853 2413/2799/2853 2423/2801/2853
f 2414/2804/3363 2424/2805/3363 2425/2810/3363
f 2885/2812/3364 2884/2806/3364 2417/2808/3364
f 2415/2811/3365 2425/2810/3365 2426/2814/3365
f 2411/2816/3366 2885/2812/3366 2418/2813/3366
f 2888/2815/2860 2426/2814/2860 2427/2818/2860
f 2886/2820/2861 2411/2816/2861 2419/2817/2861
f 2416/2819/2862 2427/2818/2862 2428/2822/2862
f 2412/2824/2863 2886/2820/2863 2420/2821/2863
f 2889/2823/2864 2428/2822/2864 2429/2826/2864
f 2887/2827/3367 2412/2824/3367 2421/2825/3367
f 2421/2825/2866 2420/2821/2866 2435/2828/2866
f 2428/2822/2867 2443/2844/2867 2444/2830/2867
f 2422/2800/2868 2421/2825/2868 2436/2829/2868
f 2429/2826/2869 2444/2830/2869 2445/2832/2869
f 2423/2801/2870 2422/2800/2870 2437/2831/2870
f 2430/2797/3368 2445/2832/3368 2446/2834/3368
f 2423/2801/2872 2438/2833/2872 2439/2835/2872
f 2424/2805/2875 2439/2835/2875 2440/2839/2875
f 2418/2813/3369 2417/2808/3369 2432/2837/3369
f 2425/2810/2877 2440/2839/2877 2441/2841/2877
f 2419/2817/3370 2418/2813/3370 2433/2840/3370
f 2426/2814/2879 2441/2841/2879 2442/2843/2879
f 2420/2821/3371 2419/2817/3371 2434/2842/3371
f 2427/2818/3372 2442/2843/3372 2443/2844/3372
f 2439/2835/2882 2454/2859/2882 2455/2845/2882
f 2433/2840/3373 2432/2837/3373 2447/2846/3373
f 2440/2839/2884 2455/2845/2884 2456/2848/2884
f 2434/2842/3374 2433/2840/3374 2448/2847/3374
f 2441/2841/2886 2456/2848/2886 2457/2850/2886
f 2435/2828/3375 2434/2842/3375 2449/2849/3375
f 2442/2843/3376 2457/2850/3376 2458/2852/3376
f 2436/2829/3377 2435/2828/3377 2450/2851/3377
f 2443/2844/3378 2458/2852/3378 2459/2854/3378
f 2437/2831/3379 2436/2829/3379 2451/2853/3379
f 2444/2830/2892 2459/2854/2892 2460/2856/2892
f 2438/2833/2893 2437/2831/2893 2452/2855/2893
f 2445/2832/3380 2460/2856/3380 2461/2858/3380
f 2438/2833/3381 2453/2857/3381 2454/2859/3381
f 2458/2852/2898 2473/2878/2898 2474/2862/2898
f 2452/2855/2899 2451/2853/2899 2466/2863/2899
f 2459/2854/3382 2474/2862/3382 2475/2865/3382
f 2453/2857/3383 2452/2855/3383 2467/2864/3383
f 2460/2856/2902 2475/2865/2902 2476/2867/2902
f 2453/2857/2903 2468/2866/2903 2469/2868/2903
f 2454/2859/2906 2469/2868/2906 2470/2872/2906
f 2448/2847/3384 2447/2846/3384 2462/2870/3384
f 2455/2845/3385 2470/2872/3385 2471/2874/3385
f 2449/2849/2909 2448/2847/2909 2463/2873/2909
f 2456/2848/2910 2471/2874/2910 2472/2876/2910
f 2450/2851/2911 2449/2849/2911 2464/2875/2911
f 2457/2850/3386 2472/2876/3386 2473/2878/3386
f 2451/2853/2913 2450/2851/2913 2465/2877/2913
f 2470/2872/2914 2485/2895/2914 2486/2879/2914
f 2464/2875/3387 2463/2873/3387 2478/2880/3387
f 2471/2874/3388 2486/2879/3388 2487/2882/3388
f 2465/2877/2917 2464/2875/2917 2479/2881/2917
f 2472/2876/2918 2487/2882/2918 2488/2884/2918
f 2466/2863/3389 2465/2877/3389 2480/2883/3389
f 2473/2878/2920 2488/2884/2920 2489/2886/2920
f 2467/2864/3390 2466/2863/3390 2481/2885/3390
f 2474/2862/2922 2489/2886/2922 2490/2888/2922
f 2468/2866/3391 2467/2864/3391 2482/2887/3391
f 2475/2865/2924 2490/2888/2924 2491/2890/2924
f 2468/2866/3392 2483/2889/3392 2484/2891/3392
f 2469/2868/2928 2484/2891/2928 2485/2895/2928
f 2463/2873/3393 2462/2870/3393 2477/2893/3393
f 2489/2886/3394 2505/2912/3394 2506/2896/3394
f 2483/2889/3395 2482/2887/3395 2498/2897/3395
f 2490/2888/3396 2506/2896/3396 2507/2899/3396
f 2483/2889/3397 2499/2898/3397 2500/2900/3397
f 2484/2891/3398 2500/2900/3398 2501/2904/3398
f 2478/2880/3399 2477/2893/3399 2493/2902/3399
f 2485/2895/2938 2501/2904/2938 2502/2906/2938
f 2479/2881/3400 2478/2880/3400 2494/2905/3400
f 2486/2879/2940 2502/2906/2940 2503/2908/2940
f 2480/2883/2941 2479/2881/2941 2495/2907/2941
f 2487/2882/3401 2503/2908/3401 2504/2910/3401
f 2481/2885/2943 2480/2883/2943 2496/2909/2943
f 2488/2884/2944 2504/2910/2944 2505/2912/2944
f 2482/2887/3402 2481/2885/3402 2497/2911/3402
f 2495/2907/3403 2494/2905/3403 2509/2913/3403
f 2502/2906/2947 2517/2929/2947 2518/2915/2947
f 2496/2909/3404 2495/2907/3404 2510/2914/3404
f 2503/2908/2949 2518/2915/2949 2519/2917/2949
f 2497/2911/2950 2496/2909/2950 2511/2916/2950
f 2504/2910/3405 2519/2917/3405 2520/2919/3405
f 2498/2897/2952 2497/2911/2952 2512/2918/2952
f 2505/2912/2953 2520/2919/2953 2521/2921/2953
f 2498/2897/3406 2513/2920/3406 2514/2922/3406
f 2506/2896/3407 2521/2921/3407 2522/2923/3407
f 2499/2898/3408 2514/2922/3408 2515/2924/3408
f 2500/2900/2959 2515/2924/2959 2516/2928/2959
f 2494/2905/3409 2493/2902/3409 2508/2926/3409
f 2501/2904/2961 2516/2928/2961 2517/2929/2961
f 2513/2920/2962 2528/2945/2962 2529/2930/2962
f 2521/2921/3410 2536/2946/3410 2537/2931/3410
f 2514/2922/2964 2529/2930/2964 2530/2932/2964
f 2515/2924/2967 2530/2932/2967 2531/2936/2967
f 2509/2913/2968 2508/2926/2968 2523/2934/2968
f 2516/2928/3411 2531/2936/3411 2532/2938/3411
f 2510/2914/3412 2509/2913/3412 2524/2937/3412
f 2517/2929/2971 2532/2938/2971 2533/2940/2971
f 2511/2916/2972 2510/2914/2972 2525/2939/2972
f 2518/2915/2973 2533/2940/2973 2534/2942/2973
f 2511/2916/3413 2526/2941/3413 2527/2943/3413
f 2519/2917/3414 2534/2942/3414 2535/2944/3414
f 2512/2918/2976 2527/2943/2976 2528/2945/2976
f 2520/2919/2977 2535/2944/2977 2536/2946/2977
f 2532/2938/2978 2547/2962/2978 2548/2947/2978
f 2525/2939/3415 2540/2963/3415 2541/2948/3415
f 2533/2940/3416 2548/2947/3416 2549/2949/3416
f 2526/2941/2981 2541/2948/2981 2542/2950/2981
f 2535/2944/2982 2534/2942/2982 2549/2949/2982
f 2527/2943/2983 2542/2950/2983 2543/2952/2983
f 2536/2946/2984 2535/2944/2984 2550/2951/2984
f 2528/2945/3417 2543/2952/3417 2544/2954/3417
f 2537/2931/3418 2536/2946/3418 2551/2953/3418
f 2529/2930/2987 2544/2954/2987 2545/2956/2987
f 2530/2932/2990 2545/2956/2990 2546/2960/2990
f 2523/2934/3419 2538/2958/3419 2539/2961/3419
f 2531/2936/2992 2546/2960/2992 2547/2962/2992
f 2524/2937/3420 2539/2961/3420 2540/2963/3420
f 2552/2955/3421 2551/2953/3421 2566/2964/3421
f 2544/2954/2995 2559/2980/2995 2560/2966/2995
f 2545/2956/3422 2560/2966/3422 2561/2970/3422
f 2538/2958/3423 2553/2968/3423 2554/2971/3423
f 2546/2960/3424 2561/2970/3424 2562/2972/3424
f 2539/2961/3001 2554/2971/3001 2555/2973/3001
f 2548/2947/3002 2547/2962/3002 2562/2972/3002
f 2540/2963/3425 2555/2973/3425 2556/2975/3425
f 2549/2949/3004 2548/2947/3004 2563/2974/3004
f 2541/2948/3005 2556/2975/3005 2557/2977/3005
f 2550/2951/3426 2549/2949/3426 2564/2976/3426
f 2542/2950/3427 2557/2977/3427 2558/2979/3427
f 2551/2953/3428 2550/2951/3428 2565/2978/3428
f 2543/2952/3009 2558/2979/3009 2559/2980/3009
f 2555/2973/3010 2570/2997/3010 2571/2981/3010
f 2564/2976/3011 2563/2974/3011 2578/2982/3011
f 2556/2975/3012 2571/2981/3012 2572/2984/3012
f 2565/2978/3013 2564/2976/3013 2579/2983/3013
f 2557/2977/3014 2572/2984/3014 2573/2986/3014
f 2566/2964/3429 2565/2978/3429 2580/2985/3429
f 2558/2979/3016 2573/2986/3016 2574/2988/3016
f 2567/2965/3430 2566/2964/3430 2581/2987/3430
f 2559/2980/3018 2574/2988/3018 2575/2990/3018
f 2560/2966/3021 2575/2990/3021 2576/2994/3021
f 2553/2968/3431 2568/2992/3431 2569/2995/3431
f 2562/2972/3432 2561/2970/3432 2576/2994/3432
f 2554/2971/3433 2569/2995/3433 2570/2997/3433
f 2563/2974/3025 2562/2972/3025 2577/2996/3025
f 2574/2988/3434 2589/3014/3434 2590/2998/3434
f 2575/2990/3029 2590/2998/3029 2591/3003/3029
f 2568/2992/3435 2583/3000/3435 2584/3004/3435
f 2577/2996/3436 2576/2994/3436 2591/3003/3436
f 2569/2995/3437 2584/3004/3437 2585/3006/3437
f 2578/2982/3033 2577/2996/3033 2592/3005/3033
f 2570/2997/3034 2585/3006/3034 2586/3008/3034
f 2579/2983/3438 2578/2982/3438 2593/3007/3438
f 2571/2981/3036 2586/3008/3036 2587/3010/3036
f 2580/2985/3439 2579/2983/3439 2594/3009/3439
f 2572/2984/3440 2587/3010/3440 2588/3012/3440
f 2581/2987/3039 2580/2985/3039 2595/3011/3039
f 2573/2986/3040 2588/3012/3040 2589/3014/3040
f 2582/2989/3441 2581/2987/3441 2596/3013/3441
f 2594/3009/3442 2593/3007/3442 2608/3015/3442
f 2586/3008/3443 2601/3031/3443 2602/3017/3443
f 2595/3011/3044 2594/3009/3044 2609/3016/3044
f 2587/3010/3444 2602/3017/3444 2603/3019/3444
f 2596/3013/3046 2595/3011/3046 2610/3018/3046
f 2588/3012/3047 2603/3019/3047 2604/3021/3047
f 2597/3002/3445 2596/3013/3445 2611/3020/3445
f 2589/3014/3049 2604/3021/3049 2605/3023/3049
f 2590/2998/3052 2605/3023/3052 2606/3027/3052
f 2583/3000/3446 2598/3025/3446 2599/3028/3446
f 2592/3005/3447 2591/3003/3447 2606/3027/3447
f 2584/3004/3448 2599/3028/3448 2600/3030/3448
f 2593/3007/3056 2592/3005/3056 2607/3029/3056
f 2585/3006/3057 2600/3030/3057 2601/3031/3057
f 2605/3023/3449 2620/3046/3449 2621/3034/3449
f 2598/3025/3450 2613/3048/3450 2614/3035/3450
f 2607/3029/3061 2606/3027/3061 2621/3034/3061
f 2599/3028/3062 2614/3035/3062 2615/3037/3062
f 2608/3015/3063 2607/3029/3063 2622/3036/3063
f 2600/3030/3064 2615/3037/3064 2616/3039/3064
f 2609/3016/3451 2608/3015/3451 2623/3038/3451
f 2601/3031/3066 2616/3039/3066 2617/3041/3066
f 2610/3018/3067 2609/3016/3067 2624/3040/3067
f 2602/3017/3452 2617/3041/3452 2618/3043/3452
f 2611/3020/3069 2610/3018/3069 2625/3042/3069
f 2603/3019/3453 2618/3043/3453 2619/3045/3453
f 2612/3022/3454 2611/3020/3454 2626/3044/3454
f 2604/3021/3455 2619/3045/3455 2620/3046/3455
f 2625/3042/3074 2624/3040/3074 2639/3049/3074
f 2617/3041/3075 2632/3065/3075 2633/3051/3075
f 2626/3044/3456 2625/3042/3456 2640/3050/3456
f 2618/3043/3077 2633/3051/3077 2634/3053/3077
f 2627/3033/3457 2626/3044/3457 2641/3052/3457
f 2619/3045/3079 2634/3053/3079 2635/3055/3079
f 2620/3046/3082 2635/3055/3082 2636/3059/3082
f 2613/3048/3458 2628/3057/3458 2629/3060/3458
f 2622/3036/3084 2621/3034/3084 2636/3059/3084
f 2614/3035/3459 2629/3060/3459 2630/3062/3459
f 2623/3038/3086 2622/3036/3086 2637/3061/3086
f 2615/3037/3087 2630/3062/3087 2631/3064/3087
f 2624/3040/3460 2623/3038/3460 2638/3063/3460
f 2616/3039/3461 2631/3064/3461 2632/3065/3461
f 2628/3057/3090 2643/3081/3090 2644/3066/3090
f 2637/3061/3091 2636/3059/3091 2651/3067/3091
f 2629/3060/3092 2644/3066/3092 2645/3069/3092
f 2638/3063/3093 2637/3061/3093 2652/3068/3093
f 2630/3062/3094 2645/3069/3094 2646/3071/3094
f 2639/3049/3095 2638/3063/3095 2653/3070/3095
f 2631/3064/3096 2646/3071/3096 2647/3073/3096
f 2640/3050/3097 2639/3049/3097 2654/3072/3097
f 2632/3065/3098 2647/3073/3098 2648/3075/3098
f 2641/3052/3462 2640/3050/3462 2655/3074/3462
f 2633/3051/3100 2648/3075/3100 2649/3077/3100
f 2642/3054/3463 2641/3052/3463 2656/3076/3463
f 2634/3053/3464 2649/3077/3464 2650/3079/3464
f 2636/3059/3105 2635/3055/3105 2650/3079/3105
f 2648/3075/3106 2647/3073/3106 2662/3083/3106
f 2655/3074/3107 2670/3099/3107 2671/3085/3107
f 2649/3077/3108 2648/3075/3108 2663/3084/3108
f 2656/3076/3465 2671/3085/3465 2672/3087/3465
f 2650/3079/3110 2649/3077/3110 2664/3086/3110
f 2650/3079/3113 2665/3088/3113 2666/3092/3113
f 2644/3066/3114 2643/3081/3114 2658/3090/3114
f 2651/3067/3115 2666/3092/3115 2667/3094/3115
f 2645/3069/3116 2644/3066/3116 2659/3093/3116
f 2652/3068/3117 2667/3094/3117 2668/3096/3117
f 2646/3071/3118 2645/3069/3118 2660/3095/3118
f 2653/3070/3119 2668/3096/3119 2669/3098/3119
f 2647/3073/3120 2646/3071/3120 2661/3097/3120
f 2654/3072/3121 2669/3098/3121 2670/3099/3121
f 2666/3092/3122 2681/3116/3122 2682/3100/3122
f 2660/3095/3466 2659/3093/3466 2674/3101/3466
f 2667/3094/3124 2682/3100/3124 2683/3103/3124
f 2661/3097/3125 2660/3095/3125 2675/3102/3125
f 2668/3096/3467 2683/3103/3467 2684/3105/3467
f 2662/3083/3468 2661/3097/3468 2676/3104/3468
f 2669/3098/3128 2684/3105/3128 2685/3107/3128
f 2663/3084/3129 2662/3083/3129 2677/3106/3129
f 2670/3099/3469 2685/3107/3469 2686/3109/3469
f 2664/3086/3131 2663/3084/3131 2678/3108/3131
f 2671/3085/3470 2686/3109/3470 2687/3111/3470
f 2665/3088/3133 2664/3086/3133 2679/3110/3133
f 2666/3092/3136 2665/3088/3136 2680/3112/3136
f 2659/3093/3471 2658/3090/3471 2673/3114/3471
f 2685/3107/3138 2700/3133/3138 2701/3117/3138
f 2679/3110/3472 2678/3108/3472 2693/3118/3472
f 2686/3109/3473 2701/3117/3473 2702/3120/3473
f 2680/3112/3141 2679/3110/3141 2694/3119/3141
f 2681/3116/3474 2680/3112/3474 2695/3121/3474
f 2674/3101/3475 2673/3114/3475 2688/3123/3475
f 2681/3116/3146 2696/3125/3146 2697/3127/3146
f 2675/3102/3476 2674/3101/3476 2689/3126/3476
f 2682/3100/3477 2697/3127/3477 2698/3129/3477
f 2676/3104/3478 2675/3102/3478 2690/3128/3478
f 2683/3103/3479 2698/3129/3479 2699/3131/3479
f 2677/3106/3480 2676/3104/3480 2691/3130/3480
f 2684/3105/3152 2699/3131/3152 2700/3133/3152
f 2678/3108/3481 2677/3106/3481 2692/3132/3481
f 2690/3128/3482 2689/3126/3482 2704/3134/3482
f 2697/3127/3155 2712/3150/3155 2713/3136/3155
f 2691/3130/3156 2690/3128/3156 2705/3135/3156
f 2698/3129/3157 2713/3136/3157 2714/3138/3157
f 2692/3132/3483 2691/3130/3483 2706/3137/3483
f 2699/3131/3159 2714/3138/3159 2715/3140/3159
f 2693/3118/3484 2692/3132/3484 2707/3139/3484
f 2700/3133/3161 2715/3140/3161 2716/3142/3161
f 2694/3119/3162 2693/3118/3162 2708/3141/3162
f 2701/3117/3163 2716/3142/3163 2717/3144/3163
f 2695/3121/3164 2694/3119/3164 2709/3143/3164
f 2696/3125/3167 2695/3121/3167 2710/3145/3167
f 2689/3126/3485 2688/3123/3485 2703/3147/3485
f 2696/3125/3486 2711/3149/3486 2712/3150/3486
f 2709/3143/3170 2708/3141/3170 2724/3151/3170
f 2716/3142/3487 2732/3167/3487 2733/3153/3487
f 2710/3145/3488 2709/3143/3488 2725/3152/3488
f 2711/3149/3175 2710/3145/3175 2726/3154/3175
f 2704/3134/3489 2703/3147/3489 2719/3156/3489
f 2711/3149/3490 2727/3158/3490 2728/3160/3490
f 2705/3135/3178 2704/3134/3178 2720/3159/3178
f 2712/3150/3179 2728/3160/3179 2729/3162/3179
f 2706/3137/3180 2705/3135/3180 2721/3161/3180
f 2713/3136/3491 2729/3162/3491 2730/3164/3491
f 2707/3139/3182 2706/3137/3182 2722/3163/3182
f 2714/3138/3492 2730/3164/3492 2731/3166/3492
f 2708/3141/3493 2707/3139/3493 2723/3165/3493
f 2715/3140/3185 2731/3166/3185 2732/3167/3185
f 2728/3160/3186 2743/3184/3186 2744/3168/3186
f 2722/3163/3187 2721/3161/3187 2736/3169/3187
f 2729/3162/3188 2744/3168/3188 2745/3171/3188
f 2723/3165/3494 2722/3163/3494 2737/3170/3494
f 2730/3164/3190 2745/3171/3190 2746/3173/3190
f 2724/3151/3191 2723/3165/3191 2738/3172/3191
f 2731/3166/3192 2746/3173/3192 2747/3175/3192
f 2725/3152/3193 2724/3151/3193 2739/3174/3193
f 2732/3167/3495 2747/3175/3495 2748/3177/3495
f 2726/3154/3496 2725/3152/3496 2740/3176/3496
f 2727/3158/3497 2726/3154/3497 2741/3178/3497
f 2720/3159/3498 2719/3156/3498 2734/3180/3498
f 2727/3158/3499 2742/3182/3499 2743/3184/3499
f 2721/3161/3201 2720/3159/3201 2735/3183/3201
f 2747/3175/3500 2762/3201/3500 2763/3185/3500
f 2741/3178/3203 2740/3176/3203 2755/3186/3203
f 2742/3182/3501 2741/3178/3501 2756/3187/3501
f 2735/3183/3502 2734/3180/3502 2749/3189/3502
f 2743/3184/3503 2742/3182/3503 2757/3191/3503
f 2736/3169/3209 2735/3183/3209 2750/3192/3209
f 2743/3184/3504 2758/3193/3504 2759/3195/3504
f 2737/3170/3505 2736/3169/3505 2751/3194/3505
f 2744/3168/3212 2759/3195/3212 2760/3197/3212
f 2738/3172/3213 2737/3170/3213 2752/3196/3213
f 2745/3171/3506 2760/3197/3506 2761/3199/3506
f 2739/3174/3507 2738/3172/3507 2753/3198/3507
f 2746/3173/3508 2761/3199/3508 2762/3201/3508
f 2740/3176/3217 2739/3174/3217 2754/3200/3217
f 2760/3197/3509 2759/3195/3509 2774/3202/3509
f 2753/3198/3510 2752/3196/3510 2767/3204/3510
f 2760/3197/3220 2775/3203/3220 2776/3206/3220
f 2754/3200/3221 2753/3198/3221 2768/3205/3221
f 2761/3199/3511 2776/3206/3511 2777/3208/3511
f 2755/3186/3512 2754/3200/3512 2769/3207/3512
f 2762/3201/3513 2777/3208/3513 2778/3210/3513
f 2756/3187/3225 2755/3186/3225 2770/3209/3225
f 2757/3191/3228 2756/3187/3228 2771/3211/3228
f 2750/3192/3229 2749/3189/3229 2764/3213/3229
f 2758/3193/3230 2757/3191/3230 2772/3215/3230
f 2751/3194/3514 2750/3192/3514 2765/3216/3514
f 2759/3195/3232 2758/3193/3232 2773/3217/3232
f 2752/3196/3515 2751/3194/3515 2766/3218/3515
f 2772/3225/3236 2771/3250/3236 2786/3226/3236
f 2764/3219/3237 2779/3221/3237 2780/3228/3237
f 2773/3230/3238 2772/3225/3238 2787/3227/3238
f 2765/3229/3516 2780/3228/3516 2781/3232/3516
f 2774/3234/3240 2773/3230/3240 2788/3231/3240
f 2766/3233/3517 2781/3232/3517 2782/3236/3517
f 2775/3238/3242 2774/3234/3242 2789/3235/3242
f 2768/3240/3518 2767/3237/3518 2782/3236/3518
f 2776/3242/3519 2775/3238/3519 2790/3239/3519
f 2769/3244/3245 2768/3240/3245 2783/3241/3245
f 2777/3246/3246 2776/3242/3246 2791/3243/3246
f 2770/3248/3247 2769/3244/3247 2784/3245/3247
f 2778/3223/3248 2777/3246/3248 2792/3247/3248
f 2771/3250/3249 2770/3248/3249 2785/3249/3249
f 2782/3236/3250 2797/3267/3250 2798/3251/3250
f 2791/3243/3520 2790/3239/3520 2805/3252/3520
f 2783/3241/3252 2798/3251/3252 2799/3254/3252
f 2792/3247/3253 2791/3243/3253 2806/3253/3253
f 2785/3249/3521 2784/3245/3521 2799/3254/3521
f 2793/3224/3522 2792/3247/3522 2807/3255/3522
f 2786/3226/3523 2785/3249/3523 2800/3256/3523
f 2787/3227/3259 2786/3226/3259 2801/3258/3259
f 2779/3221/3524 2794/3260/3524 2795/3263/3524
f 2788/3231/3261 2787/3227/3261 2802/3262/3261
f 2780/3228/3525 2795/3263/3525 2796/3265/3525
f 2789/3235/3263 2788/3231/3263 2803/3264/3263
f 2781/3232/3526 2796/3265/3526 2797/3267/3526
f 2790/3239/3265 2789/3235/3265 2804/3266/3265
f 2802/3262/3527 2801/3258/3527 2816/3268/3527
f 2794/3260/3267 2809/3283/3267 2810/3270/3267
f 2803/3264/3528 2802/3262/3528 2817/3269/3528
f 2795/3263/3529 2810/3270/3529 2811/3272/3529
f 2804/3266/3270 2803/3264/3270 2818/3271/3270
f 2796/3265/3271 2811/3272/3271 2812/3274/3271
f 2805/3252/3272 2804/3266/3272 2819/3273/3272
f 2797/3267/3273 2812/3274/3273 2813/3276/3273
f 2806/3253/3274 2805/3252/3274 2820/3275/3274
f 2798/3251/3530 2813/3276/3530 2814/3278/3530
f 2807/3255/3531 2806/3253/3531 2821/3277/3531
f 2799/3254/3532 2814/3278/3532 2815/3280/3532
f 2808/3257/3533 2807/3255/3533 2822/3279/3533
f 2801/3258/3534 2800/3256/3534 2815/3280/3534
f 2821/3277/3282 2820/3275/3282 2835/3285/3282
f 2813/3276/3283 2828/3301/3283 2829/3287/3283
f 2822/3279/3284 2821/3277/3284 2836/3286/3284
f 2814/3278/3535 2829/3287/3535 2830/3289/3535
f 2823/3281/3536 2822/3279/3536 2837/3288/3536
f 2816/3268/3537 2815/3280/3537 2830/3289/3537
f 2817/3269/3538 2816/3268/3538 2831/3291/3538
f 2809/3283/3539 2824/3293/3539 2825/3296/3539
f 2818/3271/3540 2817/3269/3540 2832/3295/3540
f 2810/3270/3541 2825/3296/3541 2826/3298/3541
f 2819/3273/3542 2818/3271/3542 2833/3297/3542
f 2811/3272/3543 2826/3298/3543 2827/3300/3543
f 2820/3275/3544 2819/3273/3544 2834/3299/3544
f 2812/3274/3545 2827/3300/3545 2828/3301/3545
f 2824/3293/3546 2839/3317/3546 2840/3302/3546
f 2833/3297/3299 2832/3295/3299 2847/3303/3299
f 2825/3296/3300 2840/3302/3300 2841/3305/3300
f 2834/3299/3301 2833/3297/3301 2848/3304/3301
f 2826/3298/3302 2841/3305/3302 2842/3307/3302
f 2835/3285/3303 2834/3299/3303 2849/3306/3303
f 2827/3300/3304 2842/3307/3304 2843/3309/3304
f 2836/3286/3305 2835/3285/3305 2850/3308/3305
f 2828/3301/3306 2843/3309/3306 2844/3311/3306
f 2837/3288/3307 2836/3286/3307 2851/3310/3307
f 2829/3287/3547 2844/3311/3547 2845/3313/3547
f 2838/3290/3548 2837/3288/3548 2852/3312/3548
f 2831/3291/3310 2830/3289/3310 2845/3313/3310
f 2832/3295/3313 2831/3291/3313 2846/3315/3313
f 2843/3309/3549 2858/3335/3549 2859/3319/3549
f 2852/3312/3315 2851/3310/3315 2866/3320/3315
f 2844/3311/3316 2859/3319/3316 2860/3322/3316
f 2853/3314/3317 2852/3312/3317 2867/3321/3317
f 2846/3315/3318 2845/3313/3318 2860/3322/3318
f 2847/3303/3550 2846/3315/3550 2861/3324/3550
f 2839/3317/3551 2854/3326/3551 2855/3329/3551
f 2848/3304/3323 2847/3303/3323 2862/3328/3323
f 2840/3302/3552 2855/3329/3552 2856/3331/3552
f 2849/3306/3325 2848/3304/3325 2863/3330/3325
f 2841/3305/3553 2856/3331/3553 2857/3333/3553
f 2850/3308/3554 2849/3306/3554 2864/3332/3554
f 2842/3307/3328 2857/3333/3328 2858/3335/3328
f 2851/3310/3555 2850/3308/3555 2865/3334/3555
f 2863/3330/3330 2862/3328/3330 2877/3336/3330
f 2855/3329/3556 2870/3352/3556 2871/3338/3556
f 2864/3332/3332 2863/3330/3332 2878/3337/3332
f 2856/3331/3557 2871/3338/3557 2872/3340/3557
f 2865/3334/3558 2864/3332/3558 2879/3339/3558
f 2857/3333/3335 2872/3340/3335 2873/3342/3335
f 2866/3320/3336 2865/3334/3336 2880/3341/3336
f 2858/3335/3337 2873/3342/3337 2874/3344/3337
f 2867/3321/3338 2866/3320/3338 2881/3343/3338
f 2859/3319/3339 2874/3344/3339 2875/3346/3339
f 2868/3323/3559 2867/3321/3559 2882/3345/3559
f 2861/3324/3341 2860/3322/3341 2875/3346/3341
f 2862/3328/3344 2861/3324/3344 2876/3348/3344
f 2854/3326/3560 2869/3350/3560 2870/3352/3560
f 2882/3345/3346 2881/3343/3346 2890/2796/3346
f 2874/3344/3347 2887/2827/3347 2413/2799/3347
f 2883/3347/3561 2882/3345/3561 2891/2798/3561
f 2875/3346/3349 2413/2799/3349 2414/2804/3349
f 2877/3336/3352 2876/3348/3352 2414/2804/3352
f 2869/3350/3562 2884/2806/3562 2885/2812/3562
f 2878/3337/3354 2877/3336/3354 2415/2811/3354
f 2870/3352/3563 2885/2812/3563 2411/2816/3563
f 2879/3339/3356 2878/3337/3356 2888/2815/3356
f 2871/3338/3357 2411/2816/3357 2886/2820/3357
f 2880/3341/3358 2879/3339/3358 2416/2819/3358
f 2872/3340/3359 2886/2820/3359 2412/2824/3359
f 2881/3343/3360 2880/3341/3360 2889/2823/3360
f 2873/3342/3361 2412/2824/3361 2887/2827/3361
o earR.017
v -0.203289 0.350849 -0.691504
v -0.203289 0.351007 -0.712034
v -0.267209 0.402960 -0.701938
v -0.217532 0.351200 -0.691445
v -0.217359 0.351021 -0.711924
v -0.267178 0.391450 -0.702071
v -0.309990 0.351645 -0.711949
v -0.309938 0.351585 -0.691889
v -0.323789 0.351067 -0.691661
v -0.323789 0.351067 -0.711929
vn -0.0011 -1.0000 -0.0077
vn 0.6313 0.7755 0.0060
vn 0.0091 0.2071 0.9783
vn -0.0246 -0.9997 0.0085
vn -0.6299 -0.7766 0.0015
vn -0.1855 0.0109 -0.9826
vn -0.0075 0.1819 -0.9833
vn -0.2185 -0.0119 0.9758
vn 0.2143 0.0119 -0.9767
vn 0.6814 -0.7319 -0.0039
vn 0.2410 -0.0106 0.9705
vn 0.0092 0.1845 0.9828
vn 0.0390 -0.9992 0.0006
vn 0.0404 -0.9992 -0.0037
vn 0.0374 -0.9993 -0.0000
vn 0.0419 -0.9991 -0.0031
vn -0.6759 0.7370 -0.0000
vn -0.0097 0.1993 -0.9799
vt 0.567271 0.952285
vt 0.569964 0.933155
vt 0.564515 0.945562
vt 0.558515 0.806382
vt 0.558515 0.936068
vt 0.559229 0.826334
vt 0.950616 0.351355
vt 0.961667 0.229683
vt 0.960960 0.251206
vt 0.961667 0.354705
vt 0.953112 0.370594
vt 0.956089 0.363605
s 1
usemtl マテリアル
f 2893/3355/3564 2897/3356/3564 2894/3357/3564
f 2894/3357/3565 2895/3358/3565 2893/3355/3565
f 2895/3358/3566 2896/3359/3566 2893/3355/3566
f 2896/3359/3567 2897/3356/3567 2893/3355/3567
f 2897/3356/3568 2896/3359/3568 2898/3360/3568
f 2897/3356/3569 2898/3360/3569 2895/3358/3569
f 2897/3356/3570 2895/3358/3570 2894/3357/3570
f 2895/3358/3571 2898/3360/3571 2896/3359/3571
f 2899/3361/3572 2895/3362/3572 2898/3363/3572
f 2898/3363/3573 2900/3364/3573 2899/3361/3573
f 2898/3363/3574 2895/3362/3574 2900/3364/3574
f 2900/3364/3575 2895/3362/3575 2901/3365/3575
f 2902/3366/3576 2900/3364/3577 2901/3365/3578
f 2899/3361/3579 2900/3364/3577 2902/3366/3576
f 2901/3365/3580 2895/3362/3580 2902/3366/3580
f 2899/3361/3581 2902/3366/3581 2895/3362/3581
o earR.022
v 0.016133 0.216157 -0.477625
v 0.016133 0.216157 0.058723
v 0.016133 0.573074 -0.477625
v -0.538449 0.216157 -0.477625
v -0.538449 0.216157 0.058723
v -0.538449 0.573074 -0.477625
v -0.538449 0.573074 0.058723
v 0.016133 0.573074 0.058723
vn -0.0000 -1.0000 -0.0000
vn 1.0000 -0.0000 -0.0000
vn -0.0000 -0.0000 -1.0000
vn -1.0000 -0.0000 -0.0000
vn -0.0000 1.0000 -0.0000
vn -0.0000 -0.0000 1.0000
vt 0.000000 0.000000
s 0
usemtl Flag
f 2904/3367/3582 2907/3367/3582 2906/3367/3582 2903/3367/3582
f 2903/3367/3583 2905/3367/3583 2910/3367/3583 2904/3367/3583
f 2906/3367/3584 2908/3367/3584 2905/3367/3584 2903/3367/3584
f 2907/3367/3585 2909/3367/3585 2908/3367/3585 2906/3367/3585
f 2909/3367/3586 2910/3367/3586 2905/3367/3586 2908/3367/3586
f 2904/3367/3587 2910/3367/3587 2909/3367/3587 2907/3367/3587
o earR.024
v -0.069329 0.379607 -0.670475
v -0.069923 0.394580 -0.670475
v -0.069329 0.379607 -0.657149
v -0.201349 0.371375 -0.670475
v -0.201349 0.371375 -0.657149
v -0.201943 0.386347 -0.657149
v -0.069923 0.394580 -0.657149
v -0.201943 0.386347 -0.670475
vn -0.0000 -0.0000 -1.0000
vn 0.9992 0.0396 -0.0000
vn 0.0622 -0.9981 -0.0000
vn -0.0000 -0.0000 1.0000
vn -0.9992 -0.0396 -0.0000
vn -0.0622 0.9981 -0.0000
vt 0.900834 0.884388
vt 0.817390 0.821428
vt 0.826604 0.812505
vt 0.975908 0.985123
vt 0.977709 0.968544
vt 0.985123 0.976200
vt 0.908247 0.892044
vt 0.975064 0.812506
vt 0.982477 0.820161
vt 0.968495 0.977467
vt 0.899034 0.900966
vt 0.824804 0.972849
vt 0.817390 0.965193
vt 0.891620 0.893311
s 1
usemtl マテリアル
f 2914/3368/3588 2912/3369/3588 2911/3370/3588
f 2912/3371/3589 2913/3372/3589 2911/3373/3589
f 2915/3374/3590 2911/3375/3590 2913/3376/3590
f 2915/3374/3590 2914/3368/3590 2911/3375/3590
f 2917/3377/3591 2916/3378/3591 2915/3374/3591
f 2916/3378/3592 2914/3368/3592 2915/3374/3592
f 2917/3377/3591 2915/3374/3591 2913/3372/3591
f 2917/3379/3593 2912/3380/3593 2918/3381/3593
f 2912/3371/3589 2917/3377/3589 2913/3372/3589
f 2917/3379/3593 2918/3381/3593 2916/3378/3593
f 2914/3368/3588 2918/3381/3588 2912/3369/3588
f 2916/3378/3592 2918/3381/3592 2914/3368/3592
o earR.025
v -0.072004 0.327967 -0.670475
v -0.069658 0.342666 -0.670475
v -0.072004 0.327967 -0.657149
v -0.201614 0.360523 -0.670475
v -0.201614 0.360523 -0.657149
v -0.199269 0.375222 -0.657149
v -0.069658 0.342666 -0.657149
v -0.199269 0.375222 -0.670475
vn -0.0000 -0.0000 -1.0000
vn 0.9875 -0.1576 -0.0000
vn -0.2436 -0.9699 -0.0000
vn -0.0000 -0.0000 1.0000
vn -0.9875 0.1576 -0.0000
vn 0.2436 0.9699 -0.0000
vt 0.375001 0.845068
vt 0.305842 0.922966
vt 0.296309 0.914549
vt 0.457841 0.750817
vt 0.441255 0.750389
vt 0.448308 0.742400
vt 0.382054 0.837080
vt 0.296309 0.775587
vt 0.303363 0.767599
vt 0.450788 0.758806
vt 0.391587 0.845497
vt 0.470279 0.914977
vt 0.463225 0.922966
vt 0.384534 0.853485
s 1
usemtl マテリアル
f 2922/3382/3594 2920/3383/3594 2919/3384/3594
f 2920/3385/3595 2921/3386/3595 2919/3387/3595
f 2923/3388/3596 2919/3389/3596 2921/3390/3596
f 2923/3388/3596 2922/3382/3596 2919/3389/3596
f 2925/3391/3597 2924/3392/3597 2923/3388/3597
f 2924/3392/3598 2922/3382/3598 2923/3388/3598
f 2925/3391/3597 2923/3388/3597 2921/3386/3597
f 2925/3393/3599 2920/3394/3599 2926/3395/3599
f 2920/3385/3595 2925/3391/3595 2921/3386/3595
f 2925/3393/3599 2926/3395/3599 2924/3392/3599
f 2922/3382/3594 2926/3395/3594 2920/3383/3594
f 2924/3392/3598 2926/3395/3598 2922/3382/3598
o earR.026
v -0.074367 0.292846 -0.670475
v -0.070788 0.307149 -0.670475
v -0.074367 0.292846 -0.657149
v -0.196905 0.356816 -0.670475
v -0.200483 0.342512 -0.670475
v -0.200483 0.342512 -0.657149
v -0.196905 0.356816 -0.657149
v -0.070788 0.307149 -0.657149
vn -0.0000 -0.0000 -1.0000
vn 0.9701 -0.2427 -0.0000
vn -0.3664 -0.9304 -0.0000
vn -0.9701 0.2427 -0.0000
vn -0.0000 -0.0000 1.0000
vn 0.3664 0.9304 -0.0000
vt 0.560426 0.764072
vt 0.477955 0.832663
vt 0.468299 0.824632
vt 0.626469 0.654095
vt 0.609998 0.654259
vt 0.616812 0.646065
vt 0.557584 0.747848
vt 0.468299 0.687450
vt 0.475114 0.679257
vt 0.550770 0.756041
vt 0.567241 0.755879
vt 0.619655 0.662289
vt 0.649712 0.824470
vt 0.642897 0.832663
s 1
usemtl マテリアル
f 2930/3396/3600 2928/3397/3600 2927/3398/3600
f 2928/3399/3601 2929/3400/3601 2927/3401/3601
f 2932/3402/3602 2927/3403/3602 2929/3404/3602
f 2930/3396/3600 2927/3398/3600 2931/3405/3600
f 2932/3402/3602 2931/3405/3602 2927/3403/3602
f 2933/3406/3603 2931/3405/3603 2932/3402/3603
f 2929/3400/3604 2933/3406/3604 2932/3402/3604
f 2929/3400/3604 2934/3407/3604 2933/3406/3604
f 2934/3408/3605 2930/3396/3605 2933/3406/3605
f 2933/3406/3603 2930/3396/3603 2931/3405/3603
f 2934/3408/3605 2928/3409/3605 2930/3396/3605
f 2928/3399/3601 2934/3407/3601 2929/3400/3601
o earR.027
v -0.312143 0.342512 -0.670475
v -0.315721 0.356816 -0.670475
v -0.312143 0.342512 -0.657149
v -0.438260 0.292848 -0.670475
v -0.438260 0.292848 -0.657149
v -0.441837 0.307149 -0.657149
v -0.315721 0.356816 -0.657149
v -0.441837 0.307149 -0.670475
vn -0.0000 -0.0000 -1.0000
vn 0.9701 0.2427 -0.0000
vn 0.3664 -0.9305 -0.0000
vn -0.0000 -0.0000 1.0000
vn -0.9701 -0.2427 -0.0000
vn -0.3664 0.9304 -0.0000
vt 0.764489 0.422640
vt 0.672363 0.362080
vt 0.682019 0.354048
vt 0.820878 0.540645
vt 0.823721 0.524420
vt 0.830535 0.532614
vt 0.771303 0.430833
vt 0.846958 0.354048
vt 0.853773 0.362241
vt 0.814064 0.532451
vt 0.761648 0.438864
vt 0.679178 0.507455
vt 0.672364 0.499262
vt 0.754833 0.430670
s 1
usemtl マテリアル
f 2938/3410/3606 2936/3411/3606 2935/3412/3606
f 2936/3413/3607 2937/3414/3607 2935/3415/3607
f 2939/3416/3608 2935/3417/3608 2937/3418/3608
f 2939/3416/3608 2938/3410/3608 2935/3417/3608
f 2941/3419/3609 2940/3420/3609 2939/3416/3609
f 2940/3420/3610 2938/3410/3610 2939/3416/3610
f 2941/3419/3609 2939/3416/3609 2937/3414/3609
f 2941/3421/3611 2936/3422/3611 2942/3423/3611
f 2936/3413/3607 2941/3419/3607 2937/3414/3607
f 2941/3421/3611 2942/3423/3611 2940/3420/3611
f 2938/3410/3606 2942/3423/3606 2936/3411/3606
f 2940/3420/3610 2942/3423/3610 2938/3410/3610
o earR.028
v -0.311012 0.360523 -0.670475
v -0.313357 0.375222 -0.670475
v -0.311012 0.360523 -0.657149
v -0.442969 0.342666 -0.670475
v -0.440623 0.327967 -0.670475
v -0.440623 0.327967 -0.657149
v -0.442969 0.342666 -0.657149
v -0.313357 0.375222 -0.657149
vn -0.0000 -0.0000 -1.0000
vn 0.9875 0.1575 -0.0000
vn 0.2436 -0.9699 -0.0000
vn -0.9875 -0.1576 -0.0000
vn -0.0000 -0.0000 1.0000
vn -0.2436 0.9699 -0.0000
vt 0.762013 0.093184
vt 0.683321 0.023702
vt 0.692855 0.015286
vt 0.835322 0.195852
vt 0.837800 0.179446
vt 0.844854 0.187434
vt 0.778600 0.092755
vt 0.850238 0.015286
vt 0.857291 0.023274
vt 0.771546 0.084767
vt 0.769067 0.101172
vt 0.828268 0.187864
vt 0.690375 0.170654
vt 0.683321 0.162665
s 1
usemtl マテリアル
f 2946/3424/3612 2944/3425/3612 2943/3426/3612
f 2944/3427/3613 2945/3428/3613 2943/3429/3613
f 2948/3430/3614 2943/3431/3614 2945/3432/3614
f 2946/3424/3612 2943/3426/3612 2947/3433/3612
f 2948/3430/3614 2947/3433/3614 2943/3431/3614
f 2949/3434/3615 2947/3433/3615 2948/3430/3615
f 2945/3428/3616 2949/3434/3616 2948/3430/3616
f 2945/3428/3616 2950/3435/3616 2949/3434/3616
f 2950/3436/3617 2946/3424/3617 2949/3434/3617
f 2949/3434/3615 2946/3424/3615 2947/3433/3615
f 2950/3436/3617 2944/3437/3617 2946/3424/3617
f 2944/3427/3613 2950/3435/3613 2945/3428/3613
o earR.029
v -0.311276 0.371375 -0.670475
v -0.310684 0.386347 -0.670475
v -0.311276 0.371375 -0.657149
v -0.442704 0.394580 -0.670475
v -0.443298 0.379607 -0.670475
v -0.443298 0.379607 -0.657149
v -0.442704 0.394580 -0.657149
v -0.310684 0.386347 -0.657149
vn -0.0000 -0.0000 -1.0000
vn 0.9992 -0.0395 -0.0000
vn -0.0622 -0.9981 -0.0000
vn -0.9992 0.0396 -0.0000
vn -0.0000 -0.0000 1.0000
vn 0.0622 0.9981 -0.0000
vt 0.098663 0.875712
vt 0.024433 0.947594
vt 0.015219 0.938673
vt 0.182951 0.783900
vt 0.166324 0.782632
vt 0.173738 0.774977
vt 0.096862 0.859133
vt 0.015218 0.794905
vt 0.022631 0.787250
vt 0.089448 0.866788
vt 0.106076 0.868056
vt 0.175537 0.791555
vt 0.180307 0.939939
vt 0.172893 0.947594
s 1
usemtl マテリアル
f 2954/3438/3618 2952/3439/3618 2951/3440/3618
f 2952/3441/3619 2953/3442/3619 2951/3443/3619
f 2956/3444/3620 2951/3445/3620 2953/3446/3620
f 2954/3438/3618 2951/3440/3618 2955/3447/3618
f 2956/3444/3620 2955/3447/3620 2951/3445/3620
f 2957/3448/3621 2955/3447/3621 2956/3444/3621
f 2953/3442/3622 2957/3448/3622 2956/3444/3622
f 2953/3442/3622 2958/3449/3622 2957/3448/3622
f 2958/3450/3623 2954/3438/3623 2957/3448/3623
f 2957/3448/3621 2954/3438/3621 2955/3447/3621
f 2958/3450/3623 2952/3451/3623 2954/3438/3623
f 2952/3441/3619 2958/3449/3619 2953/3442/3619
o 球.006
v -0.225475 0.456137 -0.684374
v -0.225475 0.451431 -0.690613
v -0.225475 0.444554 -0.695505
v -0.225475 0.440619 -0.697201
v -0.225475 0.436551 -0.698305
v -0.225475 0.428642 -0.698587
v -0.224519 0.457941 -0.677679
v -0.223599 0.457409 -0.680928
v -0.222752 0.456100 -0.684209
v -0.222009 0.454063 -0.687396
v -0.221399 0.451376 -0.690366
v -0.220946 0.448143 -0.693006
v -0.220667 0.444489 -0.695214
v -0.220573 0.440553 -0.696905
v -0.220667 0.436486 -0.698014
v -0.220946 0.432446 -0.698499
v -0.221399 0.428587 -0.698340
v -0.222009 0.425058 -0.697545
v -0.222752 0.421994 -0.696142
v -0.223599 0.419512 -0.694188
v -0.224519 0.417710 -0.691756
v -0.223599 0.457902 -0.677508
v -0.221795 0.457334 -0.680592
v -0.220133 0.455991 -0.683721
v -0.218676 0.453924 -0.686774
v -0.217480 0.451213 -0.689636
v -0.216591 0.447962 -0.692194
v -0.216044 0.444296 -0.694352
v -0.215859 0.440356 -0.696026
v -0.216044 0.436294 -0.697152
v -0.216591 0.432264 -0.697687
v -0.217480 0.428424 -0.697610
v -0.218676 0.424919 -0.696923
v -0.220133 0.421884 -0.695654
v -0.221795 0.419437 -0.693852
v -0.223599 0.417671 -0.691585
v -0.222752 0.457840 -0.677229
v -0.220133 0.457212 -0.680046
v -0.217719 0.455813 -0.682928
v -0.215604 0.453698 -0.685766
v -0.213868 0.450947 -0.688450
v -0.212578 0.447667 -0.690876
v -0.211783 0.443983 -0.692953
v -0.211515 0.440037 -0.694600
v -0.211783 0.435980 -0.695753
v -0.212578 0.431969 -0.696369
v -0.213868 0.428158 -0.696423
v -0.215604 0.424693 -0.695915
v -0.217719 0.421707 -0.694862
v -0.220133 0.419315 -0.693306
v -0.222752 0.417609 -0.691306
v -0.222009 0.457756 -0.676855
v -0.218676 0.457047 -0.679311
v -0.215604 0.455574 -0.681861
v -0.212911 0.453394 -0.684408
v -0.210702 0.450590 -0.686853
v -0.209060 0.447270 -0.689103
v -0.208049 0.443561 -0.691070
v -0.207707 0.439607 -0.692680
v -0.208049 0.435559 -0.693870
v -0.209060 0.431572 -0.694595
v -0.210702 0.427801 -0.694827
v -0.212911 0.424389 -0.694557
v -0.215604 0.421468 -0.693795
v -0.218676 0.419151 -0.692571
v -0.222009 0.417525 -0.690932
v -0.221399 0.457654 -0.676398
v -0.217480 0.456847 -0.678416
v -0.213868 0.455284 -0.680562
v -0.210702 0.453024 -0.682754
v -0.208104 0.450155 -0.684908
v -0.206173 0.446786 -0.686941
v -0.204984 0.443048 -0.688776
v -0.204582 0.439084 -0.690340
v -0.204984 0.435045 -0.691576
v -0.206173 0.431089 -0.692434
v -0.208104 0.427366 -0.692882
v -0.210702 0.424019 -0.692903
v -0.213868 0.421177 -0.692496
v -0.217480 0.418950 -0.691676
v -0.221399 0.417423 -0.690475
v -0.225475 0.457674 -0.674587
v -0.220946 0.457537 -0.675878
v -0.216591 0.456618 -0.677394
v -0.212578 0.454952 -0.679079
v -0.209060 0.452601 -0.680867
v -0.206173 0.449658 -0.682689
v -0.204028 0.446234 -0.684475
v -0.202707 0.442462 -0.686158
v -0.202260 0.438486 -0.687671
v -0.202707 0.434460 -0.688958
v -0.204028 0.430537 -0.689968
v -0.206173 0.426869 -0.690663
v -0.209060 0.423597 -0.691015
v -0.212578 0.420846 -0.691013
v -0.216591 0.418722 -0.690654
v -0.220946 0.417307 -0.689955
v -0.220667 0.457411 -0.675313
v -0.216044 0.456370 -0.676286
v -0.211783 0.454592 -0.677470
v -0.208049 0.452143 -0.678819
v -0.204984 0.449119 -0.680281
v -0.202707 0.445635 -0.681800
v -0.201304 0.441826 -0.683317
v -0.200831 0.437838 -0.684775
v -0.201304 0.433824 -0.686118
v -0.202707 0.429938 -0.687292
v -0.204984 0.426330 -0.688255
v -0.208049 0.423138 -0.688968
v -0.211783 0.420485 -0.689404
v -0.216044 0.418474 -0.689546
v -0.220667 0.417180 -0.689390
v -0.220573 0.457280 -0.674725
v -0.215859 0.456112 -0.675133
v -0.211515 0.454217 -0.675797
v -0.207707 0.451667 -0.676689
v -0.204582 0.448559 -0.677777
v -0.202260 0.445013 -0.679017
v -0.200831 0.441165 -0.680364
v -0.200348 0.437164 -0.681764
v -0.200831 0.433163 -0.683164
v -0.202260 0.429315 -0.684510
v -0.204582 0.425770 -0.685751
v -0.207707 0.422662 -0.686838
v -0.211515 0.420111 -0.687730
v -0.215859 0.418216 -0.688394
v -0.220573 0.417049 -0.688802
v -0.220667 0.457148 -0.674138
v -0.216044 0.455855 -0.673981
v -0.211783 0.453843 -0.674123
v -0.208049 0.451190 -0.674559
v -0.204984 0.447998 -0.675272
v -0.202707 0.444390 -0.676235
v -0.201304 0.440504 -0.677410
v -0.200831 0.436490 -0.678752
v -0.201304 0.432502 -0.680210
v -0.202707 0.428693 -0.681727
v -0.204984 0.425209 -0.683246
v -0.208049 0.422185 -0.684708
v -0.211783 0.419736 -0.686057
v -0.216044 0.417958 -0.687241
v -0.220667 0.416917 -0.688214
v -0.220946 0.457022 -0.673573
v -0.216591 0.455606 -0.672873
v -0.212578 0.453483 -0.672514
v -0.209060 0.450732 -0.672512
v -0.206173 0.447459 -0.672864
v -0.204028 0.443791 -0.673559
v -0.202707 0.439868 -0.674569
v -0.202260 0.435842 -0.675856
v -0.202707 0.431866 -0.677369
v -0.204028 0.428094 -0.679052
v -0.206173 0.424670 -0.680838
v -0.209060 0.421727 -0.682661
v -0.212578 0.419376 -0.684448
v -0.216591 0.417710 -0.686133
v -0.220946 0.416791 -0.687649
v -0.221399 0.456905 -0.673052
v -0.217480 0.455378 -0.671851
v -0.213868 0.453151 -0.671032
v -0.210702 0.450309 -0.670624
v -0.208104 0.446963 -0.670645
v -0.206173 0.443239 -0.671093
v -0.204984 0.439283 -0.671951
v -0.204583 0.435245 -0.673187
v -0.204984 0.431280 -0.674752
v -0.206173 0.427542 -0.676586
v -0.208104 0.424174 -0.678619
v -0.210702 0.421304 -0.680773
v -0.213868 0.419045 -0.682965
v -0.217480 0.417481 -0.685111
v -0.221399 0.416674 -0.687129
v -0.222009 0.456803 -0.672595
v -0.218676 0.455178 -0.670956
v -0.215604 0.452860 -0.669732
v -0.212911 0.449939 -0.668970
v -0.210702 0.446527 -0.668700
v -0.209060 0.442756 -0.668932
v -0.208049 0.438769 -0.669657
v -0.207707 0.434721 -0.670847
v -0.208049 0.430767 -0.672457
v -0.209060 0.427058 -0.674425
v -0.210702 0.423738 -0.676674
v -0.212911 0.420934 -0.679119
v -0.215604 0.418754 -0.681666
v -0.218676 0.417281 -0.684216
v -0.222009 0.416572 -0.686672
v -0.222752 0.456719 -0.672221
v -0.220133 0.455013 -0.670221
v -0.217719 0.452621 -0.668665
v -0.215604 0.449635 -0.667613
v -0.213868 0.446170 -0.667104
v -0.212578 0.442359 -0.667158
v -0.211783 0.438348 -0.667774
v -0.211515 0.434291 -0.668927
v -0.211783 0.430345 -0.670574
v -0.212578 0.426661 -0.672651
v -0.213868 0.423381 -0.675078
v -0.215604 0.420630 -0.677761
v -0.217719 0.418515 -0.680599
v -0.220133 0.417116 -0.683481
v -0.222752 0.416488 -0.686298
v -0.223599 0.456657 -0.671943
v -0.221795 0.454891 -0.669675
v -0.220133 0.452444 -0.667873
v -0.218676 0.449409 -0.666604
v -0.217480 0.445905 -0.665918
v -0.216591 0.442064 -0.665840
v -0.216044 0.438035 -0.666375
v -0.215859 0.433972 -0.667501
v -0.216044 0.430032 -0.669175
v -0.216591 0.426366 -0.671333
v -0.217480 0.423115 -0.673891
v -0.218676 0.420405 -0.676753
v -0.220133 0.418338 -0.679807
v -0.221795 0.416994 -0.682936
v -0.223599 0.416426 -0.686019
v -0.224519 0.456618 -0.671771
v -0.223599 0.454816 -0.669339
v -0.222752 0.452335 -0.667385
v -0.222009 0.449270 -0.665983
v -0.221399 0.445741 -0.665187
v -0.220946 0.441882 -0.665029
v -0.220667 0.437842 -0.665513
v -0.220573 0.433775 -0.666622
v -0.220667 0.429839 -0.668313
v -0.220946 0.426185 -0.670521
v -0.221399 0.422952 -0.673161
v -0.222009 0.420265 -0.676131
v -0.222752 0.418228 -0.679318
v -0.223599 0.416919 -0.682599
v -0.224519 0.416387 -0.685848
v -0.225475 0.456606 -0.671713
v -0.225475 0.454790 -0.669226
v -0.225475 0.452298 -0.667220
v -0.225475 0.449223 -0.665773
v -0.225475 0.445686 -0.664940
v -0.225475 0.441821 -0.664755
v -0.225475 0.437777 -0.665222
v -0.225475 0.433709 -0.666326
v -0.225475 0.429774 -0.668022
v -0.225475 0.426123 -0.670247
v -0.225475 0.422897 -0.672914
v -0.225475 0.420218 -0.675922
v -0.225475 0.418191 -0.679154
v -0.225475 0.416894 -0.682486
v -0.225475 0.416375 -0.685790
v -0.226431 0.456618 -0.671771
v -0.227351 0.454816 -0.669339
v -0.228199 0.452335 -0.667385
v -0.228941 0.449270 -0.665983
v -0.229551 0.445741 -0.665187
v -0.230004 0.441882 -0.665029
v -0.230283 0.437842 -0.665513
v -0.230377 0.433775 -0.666622
v -0.230283 0.429839 -0.668313
v -0.230004 0.426185 -0.670521
v -0.229551 0.422952 -0.673161
v -0.228941 0.420265 -0.676131
v -0.228199 0.418228 -0.679318
v -0.227351 0.416919 -0.682599
v -0.226431 0.416387 -0.685848
v -0.227351 0.456657 -0.671943
v -0.229155 0.454891 -0.669675
v -0.230817 0.452444 -0.667873
v -0.232275 0.449409 -0.666604
v -0.233470 0.445905 -0.665918
v -0.234359 0.442064 -0.665840
v -0.234906 0.438035 -0.666375
v -0.235091 0.433972 -0.667501
v -0.234906 0.430032 -0.669175
v -0.234359 0.426366 -0.671333
v -0.233470 0.423115 -0.673891
v -0.232275 0.420405 -0.676753
v -0.230817 0.418338 -0.679807
v -0.229155 0.416994 -0.682936
v -0.227351 0.416426 -0.686019
v -0.228199 0.456719 -0.672221
v -0.230817 0.455013 -0.670221
v -0.233231 0.452621 -0.668665
v -0.235346 0.449635 -0.667613
v -0.237082 0.446170 -0.667104
v -0.238372 0.442359 -0.667158
v -0.239167 0.438348 -0.667774
v -0.239435 0.434291 -0.668927
v -0.239167 0.430345 -0.670574
v -0.238372 0.426661 -0.672651
v -0.237082 0.423381 -0.675078
v -0.235346 0.420630 -0.677761
v -0.233231 0.418515 -0.680599
v -0.230817 0.417116 -0.683481
v -0.228199 0.416488 -0.686298
v -0.228941 0.456803 -0.672595
v -0.232275 0.455178 -0.670956
v -0.235346 0.452860 -0.669732
v -0.238039 0.449939 -0.668970
v -0.240248 0.446527 -0.668700
v -0.241890 0.442756 -0.668932
v -0.242901 0.438769 -0.669657
v -0.243243 0.434721 -0.670847
v -0.242901 0.430767 -0.672457
v -0.241890 0.427058 -0.674425
v -0.240248 0.423738 -0.676674
v -0.238039 0.420934 -0.679119
v -0.235346 0.418754 -0.681666
v -0.232275 0.417281 -0.684216
v -0.228941 0.416572 -0.686672
v -0.225475 0.416654 -0.688940
v -0.229551 0.456905 -0.673052
v -0.233470 0.455378 -0.671851
v -0.237082 0.453151 -0.671032
v -0.240248 0.450309 -0.670624
v -0.242847 0.446963 -0.670645
v -0.244777 0.443239 -0.671093
v -0.245966 0.439283 -0.671951
v -0.246368 0.435245 -0.673187
v -0.245966 0.431280 -0.674752
v -0.244777 0.427542 -0.676586
v -0.242847 0.424174 -0.678619
v -0.240248 0.421304 -0.680773
v -0.237082 0.419045 -0.682965
v -0.233470 0.417481 -0.685111
v -0.229551 0.416674 -0.687129
v -0.230004 0.457022 -0.673573
v -0.234359 0.455606 -0.672873
v -0.238372 0.453483 -0.672514
v -0.241890 0.450732 -0.672512
v -0.244777 0.447459 -0.672864
v -0.246923 0.443791 -0.673559
v -0.248244 0.439868 -0.674569
v -0.248690 0.435842 -0.675856
v -0.248244 0.431866 -0.677369
v -0.246923 0.428094 -0.679052
v -0.244777 0.424670 -0.680838
v -0.241890 0.421727 -0.682661
v -0.238372 0.419376 -0.684448
v -0.234359 0.417710 -0.686133
v -0.230004 0.416791 -0.687649
v -0.230283 0.457148 -0.674138
v -0.234906 0.455855 -0.673981
v -0.239167 0.453843 -0.674123
v -0.242901 0.451190 -0.674559
v -0.245966 0.447998 -0.675272
v -0.248244 0.444390 -0.676235
v -0.249646 0.440504 -0.677410
v -0.250120 0.436490 -0.678752
v -0.249646 0.432502 -0.680210
v -0.248244 0.428693 -0.681727
v -0.245966 0.425209 -0.683246
v -0.242901 0.422185 -0.684708
v -0.239167 0.419736 -0.686057
v -0.234906 0.417958 -0.687241
v -0.230283 0.416917 -0.688214
v -0.230377 0.457280 -0.674725
v -0.235091 0.456112 -0.675134
v -0.239435 0.454217 -0.675797
v -0.243243 0.451667 -0.676689
v -0.246368 0.448559 -0.677777
v -0.248690 0.445013 -0.679017
v -0.250120 0.441165 -0.680364
v -0.250602 0.437164 -0.681764
v -0.250120 0.433163 -0.683164
v -0.248690 0.429315 -0.684510
v -0.246368 0.425770 -0.685751
v -0.243243 0.422662 -0.686838
v -0.239435 0.420111 -0.687730
v -0.235091 0.418216 -0.688394
v -0.230377 0.417049 -0.688802
v -0.230283 0.457411 -0.675313
v -0.234906 0.456370 -0.676286
v -0.239167 0.454592 -0.677470
v -0.242901 0.452143 -0.678819
v -0.245966 0.449119 -0.680281
v -0.248244 0.445635 -0.681800
v -0.249646 0.441826 -0.683317
v -0.250120 0.437838 -0.684775
v -0.249646 0.433824 -0.686118
v -0.248244 0.429938 -0.687292
v -0.245966 0.426330 -0.688255
v -0.242901 0.423138 -0.688968
v -0.239167 0.420485 -0.689404
v -0.234906 0.418474 -0.689546
v -0.230283 0.417180 -0.689390
v -0.230004 0.457537 -0.675878
v -0.234359 0.456618 -0.677394
v -0.238372 0.454952 -0.679079
v -0.241890 0.452601 -0.680867
v -0.244777 0.449658 -0.682689
v -0.246923 0.446234 -0.684475
v -0.248244 0.442462 -0.686158
v -0.248690 0.438486 -0.687671
v -0.248244 0.434460 -0.688958
v -0.246923 0.430537 -0.689968
v -0.244777 0.426869 -0.690663
v -0.241890 0.423597 -0.691015
v -0.238372 0.420846 -0.691013
v -0.234359 0.418722 -0.690654
v -0.230004 0.417307 -0.689955
v -0.229551 0.457654 -0.676398
v -0.233470 0.456847 -0.678416
v -0.237082 0.455284 -0.680562
v -0.240248 0.453024 -0.682754
v -0.242847 0.450155 -0.684908
v -0.244777 0.446786 -0.686941
v -0.245966 0.443048 -0.688776
v -0.246368 0.439084 -0.690340
v -0.245966 0.435045 -0.691576
v -0.244777 0.431089 -0.692434
v -0.242847 0.427366 -0.692882
v -0.240248 0.424019 -0.692903
v -0.237082 0.421177 -0.692496
v -0.233470 0.418950 -0.691676
v -0.229551 0.417423 -0.690475
v -0.228941 0.457756 -0.676855
v -0.232275 0.457047 -0.679311
v -0.235346 0.455574 -0.681861
v -0.238039 0.453394 -0.684408
v -0.240248 0.450590 -0.686853
v -0.241890 0.447270 -0.689103
v -0.242901 0.443561 -0.691070
v -0.243243 0.439607 -0.692680
v -0.242901 0.435559 -0.693870
v -0.241890 0.431572 -0.694595
v -0.240248 0.427801 -0.694827
v -0.238039 0.424389 -0.694557
v -0.235346 0.421468 -0.693795
v -0.232275 0.419151 -0.692571
v -0.228941 0.417525 -0.690932
v -0.228199 0.457840 -0.677229
v -0.230817 0.457212 -0.680046
v -0.233231 0.455813 -0.682928
v -0.235346 0.453698 -0.685766
v -0.237082 0.450947 -0.688450
v -0.238372 0.447667 -0.690876
v -0.239167 0.443983 -0.692953
v -0.239435 0.440037 -0.694600
v -0.239167 0.435980 -0.695753
v -0.238372 0.431969 -0.696369
v -0.237082 0.428158 -0.696423
v -0.235346 0.424693 -0.695915
v -0.233231 0.421707 -0.694862
v -0.230817 0.419315 -0.693306
v -0.228199 0.417609 -0.691306
v -0.227351 0.457902 -0.677508
v -0.229155 0.457334 -0.680592
v -0.230817 0.455991 -0.683721
v -0.232275 0.453924 -0.686774
v -0.233470 0.451213 -0.689636
v -0.234359 0.447962 -0.692194
v -0.234906 0.444296 -0.694352
v -0.235091 0.440356 -0.696026
v -0.234906 0.436294 -0.697152
v -0.234359 0.432264 -0.697687
v -0.233470 0.428424 -0.697610
v -0.232275 0.424919 -0.696923
v -0.230817 0.421884 -0.695654
v -0.229155 0.419437 -0.693852
v -0.227351 0.417671 -0.691585
v -0.226431 0.457941 -0.677679
v -0.227351 0.457409 -0.680928
v -0.228199 0.456100 -0.684209
v -0.228941 0.454063 -0.687396
v -0.229551 0.451376 -0.690366
v -0.230004 0.448143 -0.693006
v -0.230283 0.444489 -0.695214
v -0.230377 0.440553 -0.696905
v -0.230283 0.436486 -0.698014
v -0.230004 0.432446 -0.698499
v -0.229551 0.428587 -0.698340
v -0.228941 0.425058 -0.697545
v -0.228199 0.421994 -0.696142
v -0.227351 0.419512 -0.694188
v -0.226431 0.417710 -0.691756
v -0.225475 0.457954 -0.677737
v -0.225475 0.457435 -0.681041
v -0.225475 0.454110 -0.687605
v -0.225475 0.448205 -0.693280
v -0.225475 0.432507 -0.698773
v -0.225475 0.425105 -0.697754
v -0.225475 0.422030 -0.696307
v -0.225475 0.419538 -0.694301
v -0.225475 0.417723 -0.691814
vn 0.0386 -0.6265 -0.7785
vn 0.0586 0.5195 -0.8525
vn 0.0248 -0.8075 -0.5893
vn 0.0608 0.3952 -0.9166
vn 0.0081 0.9960 0.0885
vn 0.0085 -0.9373 -0.3484
vn 0.0618 0.2613 -0.9633
vn 0.0228 0.9876 -0.1551
vn 0.0615 0.1146 -0.9915
vn 0.0345 0.9312 -0.3627
vn 0.0597 -0.0480 -0.9971
vn 0.0436 0.8464 -0.5308
vn 0.0557 -0.2287 -0.9719
vn 0.0503 0.7458 -0.6642
vn 0.0489 -0.4254 -0.9037
vn 0.0552 0.6362 -0.7696
vn 0.1516 0.7484 -0.6457
vn 0.1467 -0.4407 -0.8856
vn 0.1668 0.6376 -0.7521
vn 0.1151 -0.6387 -0.7608
vn 0.1775 0.5188 -0.8363
vn 0.0733 -0.8143 -0.5759
vn 0.1843 0.3917 -0.9014
vn 0.0241 0.9953 0.0934
vn 0.0248 -0.9389 -0.3434
vn 0.1874 0.2544 -0.9488
vn 0.0678 0.9875 -0.1424
vn 0.1864 0.1043 -0.9769
vn 0.1032 0.9327 -0.3456
vn 0.1804 -0.0615 -0.9817
vn 0.1308 0.8489 -0.5121
vn 0.1678 -0.2443 -0.9551
vn 0.3188 0.2397 -0.9170
vn 0.1109 0.9869 -0.1170
vn 0.3164 0.0824 -0.9450
vn 0.1708 0.9350 -0.3107
vn 0.3048 -0.0896 -0.9482
vn 0.2182 0.8534 -0.4735
vn 0.2815 -0.2760 -0.9190
vn 0.2547 0.7529 -0.6069
vn 0.2437 -0.4715 -0.8476
vn 0.2818 0.6398 -0.7150
vn 0.1893 -0.6625 -0.7247
vn 0.3012 0.5167 -0.8014
vn 0.1195 -0.8271 -0.5491
vn 0.3134 0.3838 -0.8686
vn 0.0394 0.9939 0.1030
vn 0.0403 -0.9419 -0.3335
vn 0.3382 -0.5169 -0.7864
vn 0.4019 0.6415 -0.6535
vn 0.2588 -0.6965 -0.6692
vn 0.4322 0.5118 -0.7425
vn 0.1615 -0.8452 -0.5095
vn 0.4513 0.3696 -0.8122
vn 0.0529 0.9917 0.1171
vn 0.0543 -0.9461 -0.3193
vn 0.4589 0.2148 -0.8621
vn 0.1512 0.9853 -0.0792
vn 0.4539 0.0467 -0.8898
vn 0.2356 0.9371 -0.2575
vn 0.4340 -0.1342 -0.8908
vn 0.3049 0.8584 -0.4126
vn 0.3964 -0.3247 -0.8588
vn 0.3598 0.7580 -0.5441
vn 0.5986 -0.0061 -0.8010
vn 0.2957 0.9372 -0.1852
vn 0.5662 -0.1972 -0.8004
vn 0.3888 0.8615 -0.3265
vn 0.5090 -0.3904 -0.7672
vn 0.4657 0.7609 -0.4518
vn 0.4263 -0.5751 -0.6982
vn 0.5264 0.6398 -0.5600
vn 0.3206 -0.7383 -0.5934
vn 0.5709 0.5008 -0.6506
vn 0.1975 -0.8668 -0.4579
vn 0.5988 0.3458 -0.7224
vn 0.0646 0.9888 0.1348
vn 0.0659 -0.9513 -0.3011
vn 0.6087 0.1761 -0.7736
vn 0.1868 0.9819 -0.0298
vn 0.3705 -0.7841 -0.4978
vn 0.7127 0.4784 -0.5130
vn 0.2257 -0.8903 -0.3956
vn 0.7510 0.3068 -0.5847
vn 0.0740 0.9850 0.1560
vn 0.0752 -0.9572 -0.2796
vn 0.7621 0.1189 -0.6364
vn 0.2164 0.9758 0.0301
vn 0.7432 -0.0792 -0.6643
vn 0.3479 0.9328 -0.0940
vn 0.6927 -0.2791 -0.6651
vn 0.4657 0.8590 -0.2129
vn 0.6110 -0.4704 -0.6368
vn 0.5673 0.7570 -0.3241
vn 0.5016 -0.6419 -0.5800
vn 0.6505 0.6294 -0.4251
vn 0.3886 0.9213 0.0143
vn 0.7953 -0.3748 -0.4765
vn 0.5286 0.8458 -0.0717
vn 0.6883 -0.5572 -0.4645
vn 0.6545 0.7395 -0.1576
vn 0.5551 -0.7102 -0.4330
vn 0.7609 0.6025 -0.2409
vn 0.4045 -0.8294 -0.3854
vn 0.8417 0.4365 -0.3179
vn 0.2446 -0.9135 -0.3252
vn 0.8898 0.2461 -0.3842
vn 0.0807 0.9804 0.1795
vn 0.0814 -0.9633 -0.2558
vn 0.8994 0.0394 -0.4353
vn 0.2383 0.9662 0.0986
vn 0.8675 -0.1720 -0.4668
vn 0.9275 0.3679 -0.0663
vn 0.2531 -0.9346 -0.2498
vn 0.9796 0.1606 -0.1211
vn 0.0842 0.9752 0.2048
vn 0.0844 -0.9694 -0.2305
vn 0.9835 -0.0589 -0.1708
vn 0.2508 0.9525 0.1729
vn 0.9380 -0.2745 -0.2118
vn 0.4135 0.9004 0.1352
vn 0.8484 -0.4711 -0.2414
vn 0.5690 0.8172 0.0917
vn 0.7250 -0.6382 -0.2591
vn 0.7120 0.7009 0.0427
vn 0.5787 -0.7711 -0.2654
vn 0.8348 0.5504 -0.0106
vn 0.4192 -0.8693 -0.2618
vn 0.8348 -0.5504 0.0106
vn 0.5787 0.7712 0.2653
vn 0.7120 -0.7009 -0.0427
vn 0.7249 0.6382 0.2590
vn 0.5689 -0.8173 -0.0917
vn 0.8484 0.4711 0.2414
vn 0.4135 -0.9004 -0.1352
vn 0.9380 0.2745 0.2118
vn 0.2508 -0.9525 -0.1729
vn 0.9835 0.0589 0.1708
vn 0.0844 0.9694 0.2305
vn 0.0842 -0.9752 -0.2047
vn 0.9796 -0.1606 0.1211
vn 0.2531 0.9347 0.2497
vn 0.9275 -0.3679 0.0663
vn 0.4192 0.8693 0.2618
vn 0.2383 -0.9662 -0.0987
vn 0.8994 -0.0394 0.4353
vn 0.0813 0.9633 0.2557
vn 0.0807 -0.9804 -0.1796
vn 0.8898 -0.2461 0.3842
vn 0.2446 0.9135 0.3252
vn 0.8417 -0.4365 0.3179
vn 0.4045 0.8294 0.3853
vn 0.7609 -0.6025 0.2409
vn 0.5550 0.7102 0.4330
vn 0.6545 -0.7395 0.1576
vn 0.6883 0.5572 0.4645
vn 0.5286 -0.8458 0.0717
vn 0.7952 0.3748 0.4765
vn 0.3885 -0.9213 -0.0143
vn 0.8675 0.1719 0.4668
vn 0.5015 0.6419 0.5800
vn 0.5673 -0.7571 0.3241
vn 0.6110 0.4703 0.6368
vn 0.4657 -0.8590 0.2129
vn 0.6926 0.2791 0.6651
vn 0.3480 -0.9328 0.0939
vn 0.7432 0.0792 0.6643
vn 0.2164 -0.9758 -0.0301
vn 0.7621 -0.1189 0.6364
vn 0.0753 0.9571 0.2797
vn 0.0740 -0.9850 -0.1560
vn 0.7510 -0.3068 0.5847
vn 0.2257 0.8903 0.3956
vn 0.7127 -0.4784 0.5130
vn 0.3705 0.7842 0.4978
vn 0.6505 -0.6294 0.4250
vn 0.6087 -0.1761 0.7736
vn 0.0660 0.9513 0.3010
vn 0.0647 -0.9887 -0.1349
vn 0.5988 -0.3458 0.7224
vn 0.1975 0.8668 0.4578
vn 0.5710 -0.5008 0.6505
vn 0.3206 0.7383 0.5934
vn 0.5264 -0.6397 0.5600
vn 0.4263 0.5751 0.6982
vn 0.4657 -0.7609 0.4518
vn 0.5090 0.3904 0.7672
vn 0.3888 -0.8615 0.3265
vn 0.5661 0.1973 0.8004
vn 0.2956 -0.9372 0.1852
vn 0.5986 0.0062 0.8010
vn 0.1868 -0.9819 0.0298
vn 0.3598 -0.7580 0.5441
vn 0.3964 0.3247 0.8588
vn 0.3049 -0.8584 0.4126
vn 0.4340 0.1342 0.8908
vn 0.2356 -0.9371 0.2575
vn 0.4539 -0.0467 0.8898
vn 0.1511 -0.9853 0.0793
vn 0.4589 -0.2148 0.8621
vn 0.0542 0.9461 0.3193
vn 0.0529 -0.9917 -0.1170
vn 0.4513 -0.3696 0.8122
vn 0.1615 0.8451 0.5096
vn 0.4321 -0.5118 0.7425
vn 0.2588 0.6965 0.6692
vn 0.4019 -0.6415 0.6535
vn 0.3382 0.5169 0.7864
vn 0.0393 -0.9939 -0.1030
vn 0.3134 -0.3838 0.8686
vn 0.1196 0.8271 0.5491
vn 0.3012 -0.5167 0.8014
vn 0.1893 0.6625 0.7248
vn 0.2818 -0.6398 0.7150
vn 0.2437 0.4714 0.8476
vn 0.2546 -0.7529 0.6069
vn 0.2815 0.2760 0.9190
vn 0.2182 -0.8533 0.4735
vn 0.3048 0.0896 0.9482
vn 0.1707 -0.9350 0.3107
vn 0.3164 -0.0824 0.9450
vn 0.1110 -0.9869 0.1169
vn 0.3188 -0.2397 0.9170
vn 0.0402 0.9419 0.3335
vn 0.1309 -0.8489 0.5121
vn 0.1804 0.0615 0.9817
vn 0.1033 -0.9327 0.3456
vn 0.1864 -0.1043 0.9769
vn 0.0678 -0.9875 0.1424
vn 0.1874 -0.2544 0.9487
vn 0.0248 0.9389 0.3434
vn 0.0240 -0.9953 -0.0934
vn 0.1843 -0.3917 0.9014
vn 0.0734 0.8143 0.5759
vn 0.1775 -0.5188 0.8363
vn 0.1152 0.6387 0.7608
vn 0.1668 -0.6376 0.7521
vn 0.1467 0.4408 0.8856
vn 0.1515 -0.7484 0.6457
vn 0.1678 0.2443 0.9551
vn 0.0247 0.8076 0.5893
vn 0.0586 -0.5195 0.8525
vn 0.0387 0.6265 0.7785
vn 0.0552 -0.6362 0.7696
vn 0.0489 0.4254 0.9037
vn 0.0503 -0.7458 0.6642
vn 0.0557 0.2287 0.9719
vn 0.0436 -0.8464 0.5308
vn 0.0597 0.0479 0.9971
vn 0.0345 -0.9313 0.3627
vn 0.0615 -0.1147 0.9915
vn 0.0227 -0.9876 0.1551
vn 0.0618 -0.2613 0.9633
vn 0.0085 0.9373 0.3484
vn 0.0082 -0.9960 -0.0885
vn 0.0608 -0.3952 0.9166
vn -0.0597 0.0480 0.9971
vn -0.0345 -0.9313 0.3627
vn -0.0615 -0.1147 0.9915
vn -0.0227 -0.9876 0.1551
vn -0.0618 -0.2613 0.9633
vn -0.0085 0.9373 0.3484
vn -0.0082 -0.9960 -0.0885
vn -0.0608 -0.3952 0.9166
vn -0.0248 0.8076 0.5893
vn -0.0586 -0.5195 0.8525
vn -0.0387 0.6265 0.7785
vn -0.0552 -0.6362 0.7696
vn -0.0489 0.4254 0.9037
vn -0.0503 -0.7458 0.6642
vn -0.0557 0.2287 0.9719
vn -0.0436 -0.8464 0.5308
vn -0.1775 -0.5188 0.8363
vn -0.1152 0.6387 0.7608
vn -0.1668 -0.6376 0.7521
vn -0.1467 0.4408 0.8856
vn -0.1515 -0.7484 0.6458
vn -0.1678 0.2443 0.9551
vn -0.1309 -0.8489 0.5121
vn -0.1804 0.0615 0.9817
vn -0.1033 -0.9327 0.3456
vn -0.1864 -0.1043 0.9769
vn -0.0678 -0.9875 0.1424
vn -0.1874 -0.2544 0.9488
vn -0.0247 0.9389 0.3434
vn -0.0240 -0.9953 -0.0934
vn -0.1843 -0.3917 0.9014
vn -0.0734 0.8143 0.5758
vn -0.1707 -0.9350 0.3107
vn -0.3164 -0.0824 0.9450
vn -0.1110 -0.9869 0.1169
vn -0.3188 -0.2397 0.9170
vn -0.0402 0.9419 0.3335
vn -0.0393 -0.9939 -0.1030
vn -0.3134 -0.3838 0.8686
vn -0.1195 0.8271 0.5491
vn -0.3012 -0.5167 0.8014
vn -0.1893 0.6625 0.7248
vn -0.2818 -0.6398 0.7150
vn -0.2437 0.4714 0.8476
vn -0.2546 -0.7529 0.6069
vn -0.2815 0.2760 0.9190
vn -0.2182 -0.8534 0.4735
vn -0.3048 0.0896 0.9482
vn -0.2588 0.6965 0.6692
vn -0.4019 -0.6415 0.6535
vn -0.3382 0.5169 0.7864
vn -0.3598 -0.7580 0.5441
vn -0.3964 0.3247 0.8588
vn -0.3049 -0.8584 0.4126
vn -0.4340 0.1342 0.8908
vn -0.2356 -0.9371 0.2575
vn -0.4539 -0.0467 0.8898
vn -0.1510 -0.9853 0.0793
vn -0.4589 -0.2148 0.8621
vn -0.0542 0.9461 0.3193
vn -0.0529 -0.9917 -0.1170
vn -0.4513 -0.3696 0.8122
vn -0.1615 0.8452 0.5095
vn -0.4321 -0.5118 0.7425
vn -0.5986 0.0061 0.8010
vn -0.1868 -0.9819 0.0298
vn -0.6087 -0.1761 0.7736
vn -0.0661 0.9513 0.3010
vn -0.0647 -0.9887 -0.1348
vn -0.5988 -0.3458 0.7224
vn -0.1975 0.8668 0.4578
vn -0.5710 -0.5008 0.6505
vn -0.3206 0.7383 0.5934
vn -0.5264 -0.6397 0.5600
vn -0.4263 0.5751 0.6982
vn -0.4657 -0.7609 0.4518
vn -0.5090 0.3904 0.7672
vn -0.3888 -0.8615 0.3265
vn -0.5661 0.1972 0.8004
vn -0.2956 -0.9372 0.1852
vn -0.6505 -0.6294 0.4251
vn -0.5015 0.6419 0.5800
vn -0.5673 -0.7571 0.3241
vn -0.6110 0.4703 0.6368
vn -0.4657 -0.8590 0.2129
vn -0.6926 0.2791 0.6651
vn -0.3480 -0.9328 0.0939
vn -0.7432 0.0792 0.6643
vn -0.2164 -0.9758 -0.0301
vn -0.7621 -0.1189 0.6364
vn -0.0752 0.9571 0.2797
vn -0.0740 -0.9850 -0.1560
vn -0.7510 -0.3068 0.5847
vn -0.2257 0.8903 0.3956
vn -0.7127 -0.4784 0.5130
vn -0.3705 0.7842 0.4978
vn -0.2383 -0.9662 -0.0987
vn -0.8994 -0.0394 0.4353
vn -0.0813 0.9633 0.2557
vn -0.0807 -0.9804 -0.1796
vn -0.8898 -0.2461 0.3843
vn -0.2446 0.9135 0.3252
vn -0.8417 -0.4365 0.3179
vn -0.4045 0.8294 0.3853
vn -0.7609 -0.6025 0.2409
vn -0.5551 0.7102 0.4330
vn -0.6545 -0.7395 0.1576
vn -0.6883 0.5572 0.4645
vn -0.5286 -0.8458 0.0717
vn -0.7952 0.3748 0.4765
vn -0.3886 -0.9213 -0.0143
vn -0.8675 0.1719 0.4668
vn -0.7120 -0.7009 -0.0427
vn -0.7249 0.6382 0.2590
vn -0.5689 -0.8173 -0.0917
vn -0.8484 0.4711 0.2414
vn -0.4135 -0.9004 -0.1352
vn -0.9380 0.2745 0.2118
vn -0.2508 -0.9525 -0.1729
vn -0.9835 0.0589 0.1708
vn -0.0844 0.9694 0.2305
vn -0.0842 -0.9752 -0.2047
vn -0.9796 -0.1606 0.1211
vn -0.2531 0.9347 0.2497
vn -0.9275 -0.3679 0.0663
vn -0.4192 0.8693 0.2618
vn -0.8348 -0.5504 0.0106
vn -0.5787 0.7712 0.2653
vn -0.0842 0.9752 0.2048
vn -0.0844 -0.9694 -0.2305
vn -0.9835 -0.0589 -0.1708
vn -0.2508 0.9525 0.1729
vn -0.9380 -0.2745 -0.2118
vn -0.4135 0.9004 0.1352
vn -0.8484 -0.4711 -0.2414
vn -0.5690 0.8172 0.0917
vn -0.7250 -0.6382 -0.2591
vn -0.7120 0.7009 0.0427
vn -0.5787 -0.7711 -0.2654
vn -0.8348 0.5504 -0.0106
vn -0.4192 -0.8693 -0.2618
vn -0.9275 0.3679 -0.0663
vn -0.2531 -0.9346 -0.2498
vn -0.9796 0.1606 -0.1211
vn -0.6545 0.7395 -0.1576
vn -0.5551 -0.7102 -0.4330
vn -0.7609 0.6025 -0.2409
vn -0.4045 -0.8294 -0.3854
vn -0.8417 0.4365 -0.3179
vn -0.2446 -0.9135 -0.3252
vn -0.8898 0.2461 -0.3843
vn -0.0807 0.9804 0.1795
vn -0.0814 -0.9633 -0.2558
vn -0.8994 0.0394 -0.4353
vn -0.2383 0.9662 0.0986
vn -0.8675 -0.1719 -0.4668
vn -0.3886 0.9213 0.0143
vn -0.7953 -0.3748 -0.4765
vn -0.5286 0.8458 -0.0717
vn -0.6883 -0.5572 -0.4645
vn -0.7621 0.1189 -0.6364
vn -0.2164 0.9758 0.0301
vn -0.7432 -0.0792 -0.6643
vn -0.3479 0.9328 -0.0940
vn -0.6927 -0.2791 -0.6651
vn -0.4657 0.8590 -0.2129
vn -0.6110 -0.4704 -0.6368
vn -0.5673 0.7570 -0.3241
vn -0.5015 -0.6419 -0.5800
vn -0.6505 0.6294 -0.4251
vn -0.3705 -0.7841 -0.4978
vn -0.7127 0.4784 -0.5130
vn -0.2257 -0.8902 -0.3956
vn -0.7510 0.3068 -0.5847
vn -0.0740 0.9850 0.1560
vn -0.0752 -0.9572 -0.2796
vn -0.4263 -0.5751 -0.6982
vn -0.5264 0.6398 -0.5600
vn -0.3206 -0.7383 -0.5934
vn -0.5709 0.5008 -0.6506
vn -0.1974 -0.8668 -0.4578
vn -0.5988 0.3458 -0.7224
vn -0.0646 0.9888 0.1348
vn -0.0659 -0.9513 -0.3011
vn -0.6087 0.1761 -0.7736
vn -0.1868 0.9819 -0.0298
vn -0.5986 -0.0061 -0.8010
vn -0.2957 0.9372 -0.1852
vn -0.5662 -0.1972 -0.8004
vn -0.3888 0.8615 -0.3265
vn -0.5090 -0.3904 -0.7672
vn -0.4657 0.7609 -0.4518
vn -0.1512 0.9853 -0.0792
vn -0.4539 0.0467 -0.8898
vn -0.2356 0.9371 -0.2575
vn -0.4340 -0.1342 -0.8908
vn -0.3049 0.8584 -0.4126
vn -0.3964 -0.3247 -0.8588
vn -0.3598 0.7580 -0.5441
vn -0.3382 -0.5169 -0.7864
vn -0.4019 0.6415 -0.6534
vn -0.2588 -0.6965 -0.6692
vn -0.4322 0.5117 -0.7425
vn -0.1615 -0.8452 -0.5095
vn -0.4513 0.3696 -0.8122
vn -0.0529 0.9917 0.1171
vn -0.0543 -0.9461 -0.3192
vn -0.4589 0.2148 -0.8621
vn -0.2818 0.6398 -0.7150
vn -0.1894 -0.6625 -0.7247
vn -0.3012 0.5167 -0.8014
vn -0.1196 -0.8271 -0.5491
vn -0.3134 0.3838 -0.8686
vn -0.0394 0.9939 0.1030
vn -0.0403 -0.9419 -0.3335
vn -0.3188 0.2397 -0.9170
vn -0.1109 0.9869 -0.1170
vn -0.3164 0.0824 -0.9450
vn -0.1708 0.9350 -0.3107
vn -0.3048 -0.0896 -0.9482
vn -0.2182 0.8534 -0.4735
vn -0.2815 -0.2760 -0.9190
vn -0.2547 0.7529 -0.6069
vn -0.2437 -0.4715 -0.8476
vn -0.1864 0.1043 -0.9769
vn -0.1032 0.9327 -0.3456
vn -0.1804 -0.0615 -0.9817
vn -0.1309 0.8489 -0.5121
vn -0.1678 -0.2443 -0.9551
vn -0.1516 0.7484 -0.6457
vn -0.1467 -0.4407 -0.8856
vn -0.1668 0.6376 -0.7521
vn -0.1151 -0.6387 -0.7608
vn -0.1775 0.5188 -0.8363
vn -0.0733 -0.8143 -0.5758
vn -0.1843 0.3917 -0.9014
vn -0.0241 0.9953 0.0934
vn -0.0248 -0.9389 -0.3434
vn -0.1874 0.2544 -0.9488
vn -0.0678 0.9875 -0.1424
vn -0.0386 -0.6265 -0.7785
vn -0.0586 0.5195 -0.8525
vn -0.0248 -0.8075 -0.5893
vn -0.0608 0.3952 -0.9166
vn -0.0081 0.9960 0.0885
vn -0.0085 -0.9373 -0.3484
vn -0.0618 0.2613 -0.9633
vn -0.0227 0.9876 -0.1551
vn -0.0615 0.1146 -0.9915
vn -0.0345 0.9312 -0.3628
vn -0.0597 -0.0480 -0.9971
vn -0.0436 0.8464 -0.5308
vn -0.0557 -0.2287 -0.9719
vn -0.0503 0.7458 -0.6642
vn -0.0489 -0.4254 -0.9037
vn -0.0552 0.6362 -0.7696
vn 0.0386 -0.6264 -0.7785
vn 0.0247 -0.8076 -0.5893
vn 0.0226 0.9876 -0.1551
vn 0.0616 0.1147 -0.9915
vn 0.0345 0.9313 -0.3627
vn 0.0597 -0.0479 -0.9971
vn 0.0435 0.8463 -0.5308
vn 0.0489 -0.4253 -0.9037
vn 0.1152 -0.6387 -0.7608
vn 0.0734 -0.8142 -0.5759
vn 0.1874 0.2545 -0.9487
vn 0.1034 0.9327 -0.3456
vn 0.1110 0.9869 -0.1170
vn 0.1707 0.9350 -0.3107
vn 0.2183 0.8534 -0.4734
vn 0.2546 0.7529 -0.6069
vn 0.2437 -0.4714 -0.8476
vn 0.1196 -0.8271 -0.5491
vn 0.3135 0.3838 -0.8686
vn 0.4019 0.6415 -0.6534
vn 0.4321 0.5118 -0.7425
vn 0.1616 -0.8452 -0.5095
vn 0.4513 0.3696 -0.8123
vn 0.2956 0.9372 -0.1852
vn 0.5661 -0.1972 -0.8004
vn 0.3887 0.8615 -0.3266
vn 0.5089 -0.3904 -0.7672
vn 0.3205 -0.7383 -0.5934
vn 0.1975 -0.8668 -0.4578
vn 0.1868 0.9819 -0.0299
vn 0.2257 -0.8902 -0.3956
vn 0.7510 0.3069 -0.5847
vn 0.2165 0.9758 0.0301
vn 0.6926 -0.2791 -0.6651
vn 0.6109 -0.4704 -0.6368
vn 0.5673 0.7571 -0.3241
vn 0.5015 -0.6419 -0.5800
vn 0.3886 0.9213 0.0144
vn 0.7952 -0.3749 -0.4765
vn 0.6544 0.7395 -0.1576
vn 0.2445 -0.9135 -0.3252
vn 0.8898 0.2461 -0.3843
vn 0.2382 0.9662 0.0985
vn 0.2531 -0.9347 -0.2498
vn 0.2509 0.9524 0.1730
vn 0.5689 0.8173 0.0917
vn 0.7249 -0.6383 -0.2591
vn 0.5788 0.7711 0.2654
vn 0.5689 -0.8172 -0.0917
vn 0.9835 0.0589 0.1709
vn 0.2530 0.9347 0.2498
vn 0.9275 -0.3679 0.0664
vn 0.2383 -0.9662 -0.0986
vn 0.8898 -0.2461 0.3843
vn 0.2447 0.9134 0.3252
vn 0.4045 0.8294 0.3854
vn 0.6544 -0.7395 0.1577
vn 0.6883 0.5572 0.4646
vn 0.5287 -0.8458 0.0717
vn 0.7952 0.3749 0.4765
vn 0.3886 -0.9213 -0.0143
vn 0.5673 -0.7570 0.3241
vn 0.6109 0.4704 0.6368
vn 0.3479 -0.9328 0.0939
vn 0.2165 -0.9758 -0.0301
vn 0.6505 -0.6294 0.4251
vn 0.1976 0.8668 0.4578
vn 0.5709 -0.5008 0.6506
vn 0.5264 -0.6398 0.5600
vn 0.4264 0.5751 0.6982
vn 0.5661 0.1972 0.8004
vn 0.5986 0.0061 0.8010
vn 0.3599 -0.7579 0.5441
vn 0.4340 0.1342 0.8909
vn 0.1512 -0.9853 0.0792
vn 0.2588 0.6965 0.6693
vn 0.3135 -0.3838 0.8686
vn 0.1196 0.8272 0.5491
vn 0.1894 0.6625 0.7247
vn 0.2819 -0.6398 0.7150
vn 0.2436 0.4715 0.8476
vn 0.2182 -0.8534 0.4735
vn 0.1708 -0.9350 0.3107
vn 0.1110 -0.9869 0.1170
vn 0.1308 -0.8489 0.5121
vn 0.0677 -0.9875 0.1424
vn 0.1874 -0.2544 0.9488
vn 0.0733 0.8143 0.5758
vn 0.1151 0.6387 0.7608
vn 0.1516 -0.7484 0.6457
vn 0.1678 0.2442 0.9551
vn 0.0249 0.8076 0.5893
vn 0.0490 0.4254 0.9037
vn 0.0597 0.0480 0.9971
vn 0.0346 -0.9312 0.3627
vn 0.0616 -0.1147 0.9915
vn -0.0346 -0.9312 0.3627
vn -0.0616 -0.1147 0.9915
vn -0.0228 -0.9876 0.1551
vn -0.0386 0.6265 0.7785
vn -0.0435 -0.8464 0.5308
vn -0.1151 0.6387 0.7608
vn -0.1516 -0.7484 0.6457
vn -0.1678 0.2442 0.9551
vn -0.1308 -0.8489 0.5121
vn -0.0677 -0.9875 0.1424
vn -0.1844 -0.3917 0.9014
vn -0.0733 0.8143 0.5758
vn -0.1708 -0.9350 0.3107
vn -0.1110 -0.9869 0.1170
vn -0.3135 -0.3838 0.8686
vn -0.1196 0.8271 0.5491
vn -0.1893 0.6625 0.7247
vn -0.2819 -0.6398 0.7150
vn -0.2436 0.4715 0.8476
vn -0.3599 -0.7580 0.5441
vn -0.4340 0.1342 0.8909
vn -0.1512 -0.9853 0.0792
vn -0.1615 0.8451 0.5096
vn -0.5986 0.0062 0.8010
vn -0.1976 0.8668 0.4578
vn -0.5709 -0.5008 0.6506
vn -0.5264 -0.6398 0.5600
vn -0.4264 0.5751 0.6982
vn -0.6505 -0.6295 0.4251
vn -0.5016 0.6419 0.5800
vn -0.6109 0.4704 0.6368
vn -0.3479 -0.9328 0.0939
vn -0.2165 -0.9758 -0.0301
vn -0.2382 -0.9662 -0.0986
vn -0.2447 0.9135 0.3252
vn -0.4045 0.8294 0.3854
vn -0.5550 0.7102 0.4330
vn -0.6544 -0.7395 0.1577
vn -0.6883 0.5572 0.4646
vn -0.5287 -0.8458 0.0717
vn -0.8675 0.1720 0.4668
vn -0.7250 0.6382 0.2590
vn -0.9835 0.0589 0.1709
vn -0.2530 0.9347 0.2498
vn -0.9275 -0.3679 0.0664
vn -0.5788 0.7711 0.2654
vn -0.9835 -0.0589 -0.1709
vn -0.2509 0.9524 0.1730
vn -0.5689 0.8173 0.0917
vn -0.7249 -0.6383 -0.2591
vn -0.5788 -0.7711 -0.2654
vn -0.2531 -0.9347 -0.2497
vn -0.2445 -0.9135 -0.3252
vn -0.2382 0.9662 0.0985
vn -0.8675 -0.1720 -0.4668
vn -0.3886 0.9213 0.0144
vn -0.7952 -0.3749 -0.4765
vn -0.7432 -0.0793 -0.6643
vn -0.6926 -0.2791 -0.6651
vn -0.6109 -0.4704 -0.6368
vn -0.5673 0.7571 -0.3241
vn -0.3205 -0.7383 -0.5934
vn -0.1975 -0.8668 -0.4578
vn -0.1868 0.9819 -0.0299
vn -0.5986 -0.0062 -0.8010
vn -0.2956 0.9372 -0.1852
vn -0.5661 -0.1972 -0.8004
vn -0.3887 0.8615 -0.3265
vn -0.5089 -0.3904 -0.7672
vn -0.1513 0.9853 -0.0792
vn -0.2355 0.9371 -0.2575
vn -0.4340 -0.1342 -0.8909
vn -0.3382 -0.5168 -0.7864
vn -0.4321 0.5118 -0.7425
vn -0.4513 0.3696 -0.8123
vn -0.1893 -0.6625 -0.7247
vn -0.3135 0.3838 -0.8686
vn -0.1110 0.9869 -0.1170
vn -0.1707 0.9351 -0.3107
vn -0.2183 0.8533 -0.4735
vn -0.2546 0.7529 -0.6069
vn -0.2437 -0.4714 -0.8476
vn -0.1034 0.9327 -0.3456
vn -0.1308 0.8489 -0.5121
vn -0.1467 -0.4408 -0.8856
vn -0.1152 -0.6387 -0.7608
vn -0.0734 -0.8143 -0.5759
vn -0.1843 0.3917 -0.9015
vn -0.1874 0.2544 -0.9487
vn -0.0677 0.9875 -0.1424
vn -0.0386 -0.6264 -0.7785
vn -0.0247 -0.8075 -0.5893
vn -0.0226 0.9876 -0.1551
vn -0.0616 0.1147 -0.9915
vn -0.0345 0.9313 -0.3627
vn -0.0597 -0.0479 -0.9971
vn -0.0435 0.8463 -0.5308
vn -0.0504 0.7458 -0.6642
vt 0.911985 0.457055
vt 0.914229 0.452417
vt 0.915776 0.454647
vt 0.887719 0.462411
vt 0.884519 0.457689
vt 0.888217 0.458207
vt 0.918957 0.449987
vt 0.920032 0.451523
vt 0.891935 0.462691
vt 0.891936 0.458384
vt 0.863841 0.451516
vt 0.859563 0.448158
vt 0.864917 0.449981
vt 0.924311 0.448165
vt 0.895655 0.458208
vt 0.896152 0.462412
vt 0.868097 0.454642
vt 0.869644 0.452412
vt 0.899353 0.457690
vt 0.900294 0.461698
vt 0.871887 0.457050
vt 0.873542 0.454240
vt 0.903015 0.456850
vt 0.904320 0.460556
vt 0.875662 0.459002
vt 0.877219 0.455698
vt 0.906653 0.455702
vt 0.908210 0.459006
vt 0.879551 0.460553
vt 0.880857 0.456847
vt 0.910331 0.454244
vt 0.883577 0.461696
vt 0.878689 0.452849
vt 0.882074 0.453659
vt 0.908744 0.451810
vt 0.885385 0.454246
vt 0.912710 0.450463
vt 0.888667 0.454603
vt 0.917850 0.448555
vt 0.891936 0.454721
vt 0.859960 0.447359
vt 0.866024 0.448549
vt 0.923914 0.447366
vt 0.895205 0.454604
vt 0.871163 0.450458
vt 0.898487 0.454248
vt 0.875129 0.451806
vt 0.901798 0.453661
vt 0.905184 0.452852
vt 0.894818 0.451602
vt 0.867082 0.447292
vt 0.872541 0.448792
vt 0.897735 0.451374
vt 0.876546 0.449748
vt 0.900734 0.450992
vt 0.879986 0.450455
vt 0.903887 0.450457
vt 0.883139 0.450990
vt 0.907328 0.449752
vt 0.886138 0.451373
vt 0.911333 0.448796
vt 0.889056 0.451602
vt 0.916792 0.447297
vt 0.891936 0.451675
vt 0.860481 0.446486
vt 0.923393 0.446493
vt 0.906152 0.448014
vt 0.884011 0.448787
vt 0.886751 0.449015
vt 0.910181 0.447370
vt 0.889371 0.449149
vt 0.915872 0.446219
vt 0.891937 0.449188
vt 0.861091 0.445652
vt 0.868003 0.446214
vt 0.922783 0.445659
vt 0.894502 0.449149
vt 0.873693 0.447366
vt 0.897122 0.449016
vt 0.877721 0.448011
vt 0.899863 0.448789
vt 0.881054 0.448459
vt 0.902819 0.448462
vt 0.896655 0.447093
vt 0.874587 0.446117
vt 0.878629 0.446523
vt 0.899198 0.446973
vt 0.881874 0.446788
vt 0.902001 0.446791
vt 0.884676 0.446971
vt 0.905245 0.446526
vt 0.887219 0.447092
vt 0.909288 0.446121
vt 0.889612 0.447160
vt 0.915143 0.445282
vt 0.891937 0.447176
vt 0.861705 0.444925
vt 0.868731 0.445277
vt 0.922169 0.444932
vt 0.894262 0.447160
vt 0.908658 0.444993
vt 0.887545 0.445508
vt 0.889780 0.445535
vt 0.914629 0.444445
vt 0.891937 0.445537
vt 0.862248 0.444307
vt 0.869246 0.444440
vt 0.921627 0.444314
vt 0.894094 0.445536
vt 0.875217 0.444989
vt 0.896329 0.445509
vt 0.879265 0.445222
vt 0.898733 0.445455
vt 0.882446 0.445364
vt 0.901429 0.445366
vt 0.885141 0.445454
vt 0.904609 0.445225
vt 0.875589 0.443939
vt 0.879639 0.444045
vt 0.898460 0.444142
vt 0.882782 0.444106
vt 0.901093 0.444108
vt 0.885415 0.444141
vt 0.904236 0.444048
vt 0.887739 0.444160
vt 0.908286 0.443943
vt 0.889881 0.444167
vt 0.914330 0.443672
vt 0.891937 0.444162
vt 0.862665 0.443772
vt 0.869545 0.443667
vt 0.921210 0.443779
vt 0.893994 0.444167
vt 0.896136 0.444160
vt 0.889919 0.442931
vt 0.914242 0.442935
vt 0.891938 0.442932
vt 0.862917 0.443294
vt 0.869633 0.442930
vt 0.920958 0.443301
vt 0.893956 0.442932
vt 0.875706 0.442930
vt 0.896069 0.442932
vt 0.879758 0.442930
vt 0.898368 0.442933
vt 0.882892 0.442931
vt 0.900983 0.442933
vt 0.885507 0.442931
vt 0.904117 0.442933
vt 0.887806 0.442931
vt 0.908169 0.442934
vt 0.898460 0.441723
vt 0.882782 0.441756
vt 0.901093 0.441758
vt 0.885415 0.441721
vt 0.904236 0.441819
vt 0.887739 0.441703
vt 0.908286 0.441925
vt 0.889881 0.441696
vt 0.914330 0.442198
vt 0.891938 0.441701
vt 0.862917 0.442566
vt 0.869545 0.442193
vt 0.920958 0.442573
vt 0.893994 0.441696
vt 0.875589 0.441921
vt 0.896136 0.441704
vt 0.879639 0.441816
vt 0.908659 0.440875
vt 0.914630 0.441425
vt 0.891938 0.440327
vt 0.862665 0.442088
vt 0.869246 0.441420
vt 0.921210 0.442095
vt 0.894095 0.440328
vt 0.875217 0.440871
vt 0.896330 0.440355
vt 0.879266 0.440639
vt 0.898734 0.440410
vt 0.882446 0.440498
vt 0.901429 0.440500
vt 0.885142 0.440408
vt 0.904610 0.440642
vt 0.887545 0.440354
vt 0.889781 0.440327
vt 0.881874 0.439073
vt 0.899199 0.438892
vt 0.902002 0.439075
vt 0.884677 0.438891
vt 0.905246 0.439340
vt 0.887219 0.438770
vt 0.909289 0.439748
vt 0.889613 0.438703
vt 0.915144 0.440588
vt 0.891938 0.438688
vt 0.862247 0.441553
vt 0.868731 0.440583
vt 0.921628 0.441560
vt 0.894263 0.438704
vt 0.874587 0.439744
vt 0.896657 0.438771
vt 0.878629 0.439337
vt 0.891938 0.436675
vt 0.861704 0.440935
vt 0.868002 0.439646
vt 0.922171 0.440942
vt 0.915873 0.439652
vt 0.894504 0.436715
vt 0.873693 0.438494
vt 0.897124 0.436848
vt 0.877722 0.437850
vt 0.899865 0.437076
vt 0.881055 0.437402
vt 0.902821 0.437404
vt 0.884012 0.437074
vt 0.906154 0.437853
vt 0.886752 0.436847
vt 0.910183 0.438498
vt 0.889373 0.436714
vt 0.900737 0.434873
vt 0.903890 0.435409
vt 0.883140 0.434871
vt 0.907330 0.436116
vt 0.886139 0.434489
vt 0.911335 0.437073
vt 0.889057 0.434261
vt 0.916795 0.438573
vt 0.891939 0.434188
vt 0.861090 0.440208
vt 0.867081 0.438568
vt 0.922786 0.440215
vt 0.894820 0.434261
vt 0.872541 0.437068
vt 0.897738 0.434491
vt 0.876546 0.436112
vt 0.879987 0.435406
vt 0.923396 0.439380
vt 0.917853 0.437316
vt 0.891939 0.431142
vt 0.895208 0.431260
vt 0.871164 0.435402
vt 0.898490 0.431617
vt 0.875130 0.434054
vt 0.901801 0.432204
vt 0.878690 0.433011
vt 0.905187 0.433014
vt 0.882076 0.432202
vt 0.908747 0.434058
vt 0.885387 0.431615
vt 0.912713 0.435406
vt 0.888669 0.431259
vt 0.860480 0.439373
vt 0.866024 0.437311
vt 0.906657 0.430165
vt 0.910335 0.431624
vt 0.884521 0.428172
vt 0.914233 0.433452
vt 0.888220 0.427655
vt 0.918960 0.435884
vt 0.891939 0.427478
vt 0.859959 0.438501
vt 0.864916 0.435878
vt 0.923917 0.438508
vt 0.895658 0.427656
vt 0.869645 0.433447
vt 0.899357 0.428174
vt 0.873543 0.431619
vt 0.903019 0.429016
vt 0.877221 0.430162
vt 0.880859 0.429013
vt 0.868097 0.431217
vt 0.896157 0.423451
vt 0.900299 0.424166
vt 0.871888 0.428809
vt 0.904326 0.425309
vt 0.875664 0.426857
vt 0.908215 0.426861
vt 0.879553 0.425307
vt 0.911990 0.428813
vt 0.883580 0.424165
vt 0.915780 0.431223
vt 0.887723 0.423450
vt 0.920037 0.434349
vt 0.891940 0.423171
vt 0.859562 0.437701
vt 0.863840 0.434343
vt 0.924314 0.437708
vt 0.878224 0.421161
vt 0.882630 0.419672
vt 0.917357 0.428853
vt 0.887229 0.418755
vt 0.921212 0.432868
vt 0.891940 0.418439
vt 0.859365 0.437514
vt 0.862665 0.432862
vt 0.924511 0.437521
vt 0.896651 0.418756
vt 0.866521 0.428848
vt 0.901250 0.419674
vt 0.870202 0.425734
vt 0.905656 0.421164
vt 0.874075 0.423188
vt 0.909804 0.423192
vt 0.913677 0.425738
vt 0.902195 0.414825
vt 0.865018 0.426429
vt 0.868559 0.422519
vt 0.906975 0.416714
vt 0.872509 0.419289
vt 0.911371 0.419293
vt 0.876906 0.416711
vt 0.915321 0.422524
vt 0.881686 0.414823
vt 0.918861 0.426435
vt 0.886741 0.413666
vt 0.922326 0.431373
vt 0.891941 0.413273
vt 0.858689 0.437053
vt 0.861551 0.431366
vt 0.925187 0.437060
vt 0.897141 0.413668
vt 0.920328 0.424114
vt 0.880746 0.409782
vt 0.886254 0.408353
vt 0.923360 0.429971
vt 0.891941 0.407868
vt 0.858050 0.436567
vt 0.860518 0.429964
vt 0.925827 0.436575
vt 0.897629 0.408355
vt 0.863551 0.424107
vt 0.903136 0.409785
vt 0.866927 0.419325
vt 0.908291 0.412127
vt 0.870945 0.415325
vt 0.912936 0.415329
vt 0.875590 0.412124
vt 0.916953 0.419330
vt 0.862060 0.421999
vt 0.865238 0.416290
vt 0.909651 0.407565
vt 0.869323 0.411449
vt 0.914559 0.411454
vt 0.874232 0.407561
vt 0.918643 0.416296
vt 0.879782 0.404722
vt 0.921819 0.422005
vt 0.885757 0.402995
vt 0.924340 0.428750
vt 0.891942 0.402407
vt 0.857504 0.436124
vt 0.859538 0.428743
vt 0.926372 0.436131
vt 0.898127 0.402996
vt 0.904101 0.404725
vt 0.878744 0.399780
vt 0.885228 0.397738
vt 0.925304 0.427765
vt 0.891943 0.397041
vt 0.857068 0.435787
vt 0.858575 0.427757
vt 0.926809 0.435795
vt 0.898657 0.397739
vt 0.860493 0.420192
vt 0.905141 0.399783
vt 0.863417 0.413535
vt 0.911127 0.403163
vt 0.867559 0.407794
vt 0.916323 0.407800
vt 0.872757 0.403158
vt 0.920465 0.413541
vt 0.923387 0.420199
vt 0.912831 0.399013
vt 0.861388 0.411174
vt 0.865544 0.404471
vt 0.918339 0.404476
vt 0.871054 0.399008
vt 0.922494 0.411181
vt 0.877546 0.395034
vt 0.925066 0.418775
vt 0.884623 0.392652
vt 0.926275 0.427050
vt 0.891943 0.391847
vt 0.856722 0.435588
vt 0.857604 0.427042
vt 0.927155 0.435595
vt 0.899263 0.392654
vt 0.858814 0.418767
vt 0.906340 0.395037
vt 0.927262 0.426629
vt 0.883869 0.387675
vt 0.891944 0.386764
vt 0.856451 0.435528
vt 0.856617 0.426621
vt 0.927426 0.435536
vt 0.900019 0.387676
vt 0.857003 0.417810
vt 0.907847 0.390456
vt 0.859065 0.409322
vt 0.914945 0.395149
vt 0.863122 0.401572
vt 0.920762 0.401578
vt 0.868941 0.395144
vt 0.924817 0.409329
vt 0.876040 0.390453
vt 0.926878 0.417818
vt 0.923814 0.399209
vt 0.860071 0.399202
vt 0.866124 0.391546
vt 0.927534 0.408127
vt 0.873960 0.385868
vt 0.928830 0.417422
vt 0.882820 0.382539
vt 0.928260 0.426525
vt 0.891944 0.381566
vt 0.856253 0.435587
vt 0.855619 0.426517
vt 0.927624 0.435595
vt 0.901069 0.382541
vt 0.855051 0.417413
vt 0.909928 0.385872
vt 0.856349 0.408119
vt 0.917763 0.391551
vt 0.855620 0.459340
vt 0.856255 0.450271
vt 0.856617 0.459236
vt 0.927619 0.450279
vt 0.928252 0.459348
vt 0.927254 0.459244
vt 0.901053 0.503316
vt 0.891931 0.499092
vt 0.900005 0.498182
vt 0.857002 0.468045
vt 0.855051 0.468442
vt 0.909912 0.499988
vt 0.907832 0.495404
vt 0.859063 0.476532
vt 0.856347 0.477735
vt 0.917746 0.494312
vt 0.914930 0.490715
vt 0.863118 0.484281
vt 0.860067 0.486650
vt 0.923798 0.486658
vt 0.920748 0.484288
vt 0.868935 0.490710
vt 0.866117 0.494306
vt 0.927520 0.477743
vt 0.924804 0.476540
vt 0.873951 0.499984
vt 0.876032 0.495401
vt 0.928819 0.468450
vt 0.926867 0.468053
vt 0.882808 0.503314
vt 0.883858 0.498180
vt 0.891931 0.504289
vt 0.871048 0.486846
vt 0.918326 0.481390
vt 0.922482 0.474688
vt 0.877538 0.490820
vt 0.925056 0.467096
vt 0.884613 0.493204
vt 0.926267 0.458823
vt 0.891932 0.494010
vt 0.856453 0.450330
vt 0.857604 0.458815
vt 0.927420 0.450338
vt 0.899251 0.493205
vt 0.858814 0.467088
vt 0.906327 0.490824
vt 0.861386 0.474681
vt 0.912817 0.486851
vt 0.865540 0.481384
vt 0.891932 0.488817
vt 0.898646 0.488121
vt 0.860492 0.465664
vt 0.905129 0.486078
vt 0.863415 0.472321
vt 0.911114 0.482701
vt 0.867556 0.478061
vt 0.916312 0.478066
vt 0.872752 0.482697
vt 0.920454 0.472327
vt 0.878737 0.486075
vt 0.923377 0.465671
vt 0.885219 0.488119
vt 0.925296 0.458107
vt 0.856724 0.450271
vt 0.858575 0.458100
vt 0.927149 0.450279
vt 0.914548 0.474412
vt 0.918633 0.469573
vt 0.879776 0.481135
vt 0.921811 0.463865
vt 0.885750 0.482863
vt 0.924333 0.457122
vt 0.891933 0.483452
vt 0.857070 0.450072
vt 0.859539 0.457115
vt 0.926804 0.450079
vt 0.898116 0.482864
vt 0.862060 0.463858
vt 0.904091 0.481138
vt 0.865236 0.469567
vt 0.909640 0.478299
vt 0.869320 0.474407
vt 0.874227 0.478295
vt 0.863551 0.461750
vt 0.897620 0.477507
vt 0.903127 0.476078
vt 0.866925 0.466532
vt 0.908282 0.473737
vt 0.870942 0.470532
vt 0.912926 0.470537
vt 0.875586 0.473734
vt 0.916944 0.466538
vt 0.880741 0.476076
vt 0.920320 0.461756
vt 0.886247 0.477505
vt 0.923354 0.455901
vt 0.891934 0.477992
vt 0.857506 0.449735
vt 0.860518 0.455894
vt 0.926367 0.449743
vt 0.881681 0.471036
vt 0.915313 0.463344
vt 0.918854 0.459435
vt 0.886735 0.472193
vt 0.922321 0.454499
vt 0.891934 0.472587
vt 0.858051 0.449291
vt 0.861552 0.454492
vt 0.925822 0.449299
vt 0.897134 0.472194
vt 0.865017 0.459429
vt 0.902187 0.471039
vt 0.868557 0.463339
vt 0.906967 0.469151
vt 0.872507 0.466569
vt 0.911363 0.466574
vt 0.876902 0.469147
vt 0.896645 0.467106
vt 0.901244 0.466189
vt 0.870200 0.460125
vt 0.905649 0.464701
vt 0.874073 0.462671
vt 0.909798 0.462675
vt 0.878221 0.464698
vt 0.913671 0.460130
vt 0.882626 0.466187
vt 0.917351 0.457017
vt 0.887224 0.467105
vt 0.921207 0.453004
vt 0.891935 0.467422
vt 0.858691 0.448806
vt 0.862666 0.452997
vt 0.925183 0.448814
vt 0.866521 0.457011
vt 0.859366 0.448346
vt 0.924507 0.448353
s 0
usemtl マテリアル
f 3438/3452/3624 2978/3453/3624 3439/3454/3624
f 2961/3455/3625 2970/3456/3625 2971/3457/3625
f 3439/3454/3626 2979/3458/3626 3440/3459/3626
f 2962/3460/3627 2971/3457/3627 2972/3461/3627
f 3432/3462/3628 3040/3463/3628 2965/3464/3628
f 3266/3465/3629 3440/3459/3629 2979/3458/3629
f 2962/3460/3630 2973/3466/3630 2963/3467/3630
f 3433/3468/3631 2965/3464/3631 2966/3469/3631
f 2963/3467/3632 2974/3470/3632 3436/3471/3632
f 2959/3472/3633 2966/3469/3633 2967/3473/3633
f 3436/3471/3634 2975/3474/3634 2964/3475/3634
f 3434/3476/3635 2967/3473/3635 2968/3477/3635
f 2964/3475/3636 2976/3478/3636 3437/3479/3636
f 2960/3480/3637 2968/3477/3637 2969/3481/3637
f 3437/3479/3638 2977/3482/3638 3438/3452/3638
f 3435/3483/3639 2969/3481/3639 2970/3456/3639
f 2969/3481/3640 2983/3484/3640 2984/3485/3640
f 2976/3478/3641 2992/3486/3641 2977/3482/3641
f 2970/3456/3642 2984/3485/3642 2985/3487/3642
f 2977/3482/3643 2993/3488/3643 2978/3453/3643
f 2971/3457/3644 2985/3487/3644 2986/3489/3644
f 2978/3453/3645 2994/3490/3645 2979/3458/3645
f 2972/3461/3646 2986/3489/3646 2987/3491/3646
f 2965/3464/3647 3040/3492/3647 2980/3493/3647
f 3266/3494/3648 2979/3458/3648 2994/3490/3648
f 2972/3461/3649 2988/3495/3649 2973/3466/3649
f 2966/3469/3650 2980/3493/3650 2981/3496/3650
f 2973/3466/3651 2989/3497/3651 2974/3470/3651
f 2967/3473/3652 2981/3496/3652 2982/3498/3652
f 2974/3470/3653 2990/3499/3653 2975/3474/3653
f 2968/3477/3654 2982/3498/3654 2983/3484/3654
f 2975/3474/3655 2991/3500/3655 2976/3478/3655
f 2987/3491/3656 3003/3501/3656 2988/3495/3656
f 2981/3496/3657 2995/3502/3657 2996/3503/3657
f 2988/3495/3658 3004/3504/3658 2989/3497/3658
f 2982/3498/3659 2996/3503/3659 2997/3505/3659
f 2989/3497/3660 3005/3506/3660 2990/3499/3660
f 2983/3484/3661 2997/3505/3661 2998/3507/3661
f 2990/3499/3662 3006/3508/3662 2991/3500/3662
f 2984/3485/3663 2998/3507/3663 2999/3509/3663
f 2991/3500/3664 3007/3510/3664 2992/3486/3664
f 2985/3487/3665 2999/3509/3665 3000/3511/3665
f 2992/3486/3666 3008/3512/3666 2993/3488/3666
f 2986/3489/3667 3000/3511/3667 3001/3513/3667
f 2993/3488/3668 3009/3514/3668 2994/3490/3668
f 2987/3491/3669 3001/3513/3669 3002/3515/3669
f 2980/3493/3670 3040/3516/3670 2995/3502/3670
f 3266/3517/3671 2994/3490/3671 3009/3514/3671
f 3006/3508/3672 3022/3518/3672 3007/3510/3672
f 3000/3511/3673 3014/3519/3673 3015/3520/3673
f 3007/3510/3674 3023/3521/3674 3008/3512/3674
f 3001/3513/3675 3015/3520/3675 3016/3522/3675
f 3008/3512/3676 3024/3523/3676 3009/3514/3676
f 3002/3515/3677 3016/3522/3677 3017/3524/3677
f 2995/3502/3678 3040/3525/3678 3010/3526/3678
f 3266/3527/3679 3009/3514/3679 3024/3523/3679
f 3002/3515/3680 3018/3528/3680 3003/3501/3680
f 2996/3503/3681 3010/3526/3681 3011/3529/3681
f 3003/3501/3682 3019/3530/3682 3004/3504/3682
f 2997/3505/3683 3011/3529/3683 3012/3531/3683
f 3004/3504/3684 3020/3532/3684 3005/3506/3684
f 2998/3507/3685 3012/3531/3685 3013/3533/3685
f 3005/3506/3686 3021/3534/3686 3006/3508/3686
f 2999/3509/3687 3013/3533/3687 3014/3519/3687
f 3018/3528/3688 3034/3535/3688 3019/3530/3688
f 3012/3531/3689 3026/3536/3689 3027/3537/3689
f 3019/3530/3690 3035/3538/3690 3020/3532/3690
f 3013/3533/3691 3027/3537/3691 3028/3539/3691
f 3020/3532/3692 3036/3540/3692 3021/3534/3692
f 3014/3519/3693 3028/3539/3693 3029/3541/3693
f 3021/3534/3694 3037/3542/3694 3022/3518/3694
f 3015/3520/3695 3029/3541/3695 3030/3543/3695
f 3022/3518/3696 3038/3544/3696 3023/3521/3696
f 3016/3522/3697 3030/3543/3697 3031/3545/3697
f 3023/3521/3698 3039/3546/3698 3024/3523/3698
f 3016/3522/3699 3032/3547/3699 3017/3524/3699
f 3010/3526/3700 3040/3548/3700 3025/3549/3700
f 3266/3550/3701 3024/3523/3701 3039/3546/3701
f 3017/3524/3702 3033/3551/3702 3018/3528/3702
f 3011/3529/3703 3025/3549/3703 3026/3536/3703
f 3037/3542/3704 3054/3552/3704 3038/3544/3704
f 3031/3545/3705 3046/3553/3705 3047/3554/3705
f 3038/3544/3706 3055/3555/3706 3039/3546/3706
f 3031/3545/3707 3048/3556/3707 3032/3547/3707
f 3025/3549/3708 3040/3557/3708 3041/3558/3708
f 3266/3559/3709 3039/3546/3709 3055/3555/3709
f 3032/3547/3710 3049/3560/3710 3033/3551/3710
f 3026/3536/3711 3041/3558/3711 3042/3561/3711
f 3033/3551/3712 3050/3562/3712 3034/3535/3712
f 3027/3537/3713 3042/3561/3713 3043/3563/3713
f 3034/3535/3714 3051/3564/3714 3035/3538/3714
f 3028/3539/3715 3043/3563/3715 3044/3565/3715
f 3035/3538/3716 3052/3566/3716 3036/3540/3716
f 3029/3541/3717 3044/3565/3717 3045/3567/3717
f 3036/3540/3718 3053/3568/3718 3037/3542/3718
f 3030/3543/3719 3045/3567/3719 3046/3553/3719
f 3043/3563/3720 3057/3569/3720 3058/3570/3720
f 3050/3562/3721 3066/3571/3721 3051/3564/3721
f 3044/3565/3722 3058/3570/3722 3059/3572/3722
f 3051/3564/3723 3067/3573/3723 3052/3566/3723
f 3045/3567/3724 3059/3572/3724 3060/3574/3724
f 3052/3566/3725 3068/3575/3725 3053/3568/3725
f 3046/3553/3726 3060/3574/3726 3061/3576/3726
f 3053/3568/3727 3069/3577/3727 3054/3552/3727
f 3047/3554/3728 3061/3576/3728 3062/3578/3728
f 3054/3552/3729 3070/3579/3729 3055/3555/3729
f 3047/3554/3730 3063/3580/3730 3048/3556/3730
f 3041/3558/3731 3040/3581/3731 3056/3582/3731
f 3266/3583/3732 3055/3555/3732 3070/3579/3732
f 3048/3556/3733 3064/3584/3733 3049/3560/3733
f 3042/3561/3734 3056/3582/3734 3057/3569/3734
f 3049/3560/3735 3065/3585/3735 3050/3562/3735
f 3061/3576/3736 3077/3586/3736 3062/3578/3736
f 3069/3577/3737 3085/3587/3737 3070/3579/3737
f 3062/3578/3738 3078/3588/3738 3063/3580/3738
f 3056/3582/3739 3040/3589/3739 3071/3590/3739
f 3266/3591/3740 3070/3579/3740 3085/3587/3740
f 3063/3580/3741 3079/3592/3741 3064/3584/3741
f 3057/3569/3742 3071/3590/3742 3072/3593/3742
f 3064/3584/3743 3080/3594/3743 3065/3585/3743
f 3058/3570/3744 3072/3593/3744 3073/3595/3744
f 3065/3585/3745 3081/3596/3745 3066/3571/3745
f 3059/3572/3746 3073/3595/3746 3074/3597/3746
f 3066/3571/3747 3082/3598/3747 3067/3573/3747
f 3060/3574/3748 3074/3597/3748 3075/3599/3748
f 3067/3573/3749 3083/3600/3749 3068/3575/3749
f 3060/3574/3750 3076/3601/3750 3061/3576/3750
f 3068/3575/3751 3084/3602/3751 3069/3577/3751
f 3080/3594/3752 3096/3603/3752 3081/3596/3752
f 3073/3595/3753 3089/3604/3753 3074/3597/3753
f 3082/3598/3754 3096/3603/3754 3097/3605/3754
f 3074/3597/3755 3090/3606/3755 3075/3599/3755
f 3083/3600/3756 3097/3605/3756 3098/3607/3756
f 3075/3599/3757 3091/3608/3757 3076/3601/3757
f 3084/3602/3758 3098/3607/3758 3099/3609/3758
f 3076/3601/3759 3092/3610/3759 3077/3586/3759
f 3085/3587/3760 3099/3609/3760 3100/3611/3760
f 3077/3586/3761 3093/3612/3761 3078/3588/3761
f 3071/3590/3762 3040/3613/3762 3086/3614/3762
f 3266/3615/3763 3085/3587/3763 3100/3611/3763
f 3078/3588/3764 3094/3616/3764 3079/3592/3764
f 3071/3590/3765 3087/3617/3765 3072/3593/3765
f 3079/3592/3766 3095/3618/3766 3080/3594/3766
f 3072/3593/3767 3088/3619/3767 3073/3595/3767
f 3100/3611/3768 3114/3620/3768 3115/3621/3768
f 3092/3610/3769 3108/3622/3769 3093/3612/3769
f 3086/3614/3770 3040/3623/3770 3101/3624/3770
f 3266/3625/3771 3100/3611/3771 3115/3621/3771
f 3093/3612/3772 3109/3626/3772 3094/3616/3772
f 3086/3614/3773 3102/3627/3773 3087/3617/3773
f 3095/3618/3774 3109/3626/3774 3110/3628/3774
f 3087/3617/3775 3103/3629/3775 3088/3619/3775
f 3096/3603/3776 3110/3628/3776 3111/3630/3776
f 3088/3619/3777 3104/3631/3777 3089/3604/3777
f 3097/3605/3778 3111/3630/3778 3112/3632/3778
f 3089/3604/3779 3105/3633/3779 3090/3606/3779
f 3098/3607/3780 3112/3632/3780 3113/3634/3780
f 3090/3606/3781 3106/3635/3781 3091/3608/3781
f 3099/3609/3782 3113/3634/3782 3114/3620/3782
f 3091/3608/3783 3107/3636/3783 3092/3610/3783
f 3103/3629/3784 3119/3637/3784 3104/3631/3784
f 3112/3632/3785 3126/3638/3785 3127/3639/3785
f 3104/3631/3786 3120/3640/3786 3105/3633/3786
f 3113/3634/3787 3127/3639/3787 3128/3641/3787
f 3105/3633/3788 3121/3642/3788 3106/3635/3788
f 3114/3620/3789 3128/3641/3789 3129/3643/3789
f 3106/3635/3790 3122/3644/3790 3107/3636/3790
f 3115/3621/3791 3129/3643/3791 3130/3645/3791
f 3107/3636/3792 3123/3646/3792 3108/3622/3792
f 3101/3624/3793 3040/3647/3793 3116/3648/3793
f 3266/3649/3794 3115/3621/3794 3130/3645/3794
f 3108/3622/3795 3124/3650/3795 3109/3626/3795
f 3101/3624/3796 3117/3651/3796 3102/3627/3796
f 3110/3628/3797 3124/3650/3797 3125/3652/3797
f 3102/3627/3798 3118/3653/3798 3103/3629/3798
f 3111/3630/3799 3125/3652/3799 3126/3638/3799
f 3122/3644/3800 3138/3654/3800 3123/3646/3800
f 3116/3648/3801 3040/3655/3801 3131/3656/3801
f 3266/3657/3802 3130/3645/3802 3145/3658/3802
f 3123/3646/3803 3139/3659/3803 3124/3650/3803
f 3116/3648/3804 3132/3660/3804 3117/3651/3804
f 3125/3652/3805 3139/3659/3805 3140/3661/3805
f 3117/3651/3806 3133/3662/3806 3118/3653/3806
f 3126/3638/3807 3140/3661/3807 3141/3663/3807
f 3118/3653/3808 3134/3664/3808 3119/3637/3808
f 3127/3639/3809 3141/3663/3809 3142/3665/3809
f 3119/3637/3810 3135/3666/3810 3120/3640/3810
f 3128/3641/3811 3142/3665/3811 3143/3667/3811
f 3120/3640/3812 3136/3668/3812 3121/3642/3812
f 3129/3643/3813 3143/3667/3813 3144/3669/3813
f 3121/3642/3814 3137/3670/3814 3122/3644/3814
f 3130/3645/3815 3144/3669/3815 3145/3658/3815
f 3142/3665/3816 3156/3671/3816 3157/3672/3816
f 3134/3664/3817 3150/3673/3817 3135/3666/3817
f 3143/3667/3818 3157/3672/3818 3158/3674/3818
f 3135/3666/3819 3151/3675/3819 3136/3668/3819
f 3144/3669/3820 3158/3674/3820 3159/3676/3820
f 3136/3668/3821 3152/3677/3821 3137/3670/3821
f 3145/3658/3822 3159/3676/3822 3160/3678/3822
f 3137/3670/3823 3153/3679/3823 3138/3654/3823
f 3131/3656/3824 3040/3680/3824 3146/3681/3824
f 3266/3682/3825 3145/3658/3825 3160/3678/3825
f 3139/3659/3826 3153/3679/3826 3154/3683/3826
f 3131/3656/3827 3147/3684/3827 3132/3660/3827
f 3140/3661/3828 3154/3683/3828 3155/3685/3828
f 3132/3660/3829 3148/3686/3829 3133/3662/3829
f 3141/3663/3830 3155/3685/3830 3156/3671/3830
f 3133/3662/3831 3149/3687/3831 3134/3664/3831
f 3266/3688/3832 3160/3678/3832 3175/3689/3832
f 3154/3683/3833 3168/3690/3833 3169/3691/3833
f 3146/3681/3834 3162/3692/3834 3147/3684/3834
f 3155/3685/3835 3169/3691/3835 3170/3693/3835
f 3147/3684/3836 3163/3694/3836 3148/3686/3836
f 3156/3671/3837 3170/3693/3837 3171/3695/3837
f 3148/3686/3838 3164/3696/3838 3149/3687/3838
f 3157/3672/3839 3171/3695/3839 3172/3697/3839
f 3149/3687/3840 3165/3698/3840 3150/3673/3840
f 3158/3674/3841 3172/3697/3841 3173/3699/3841
f 3150/3673/3842 3166/3700/3842 3151/3675/3842
f 3159/3676/3843 3173/3699/3843 3174/3701/3843
f 3151/3675/3844 3167/3702/3844 3152/3677/3844
f 3160/3678/3845 3174/3701/3845 3175/3689/3845
f 3152/3677/3846 3168/3690/3846 3153/3679/3846
f 3146/3681/3847 3040/3703/3847 3161/3704/3847
f 3173/3699/3848 3187/3705/3848 3188/3706/3848
f 3165/3698/3849 3181/3707/3849 3166/3700/3849
f 3174/3701/3850 3188/3706/3850 3189/3708/3850
f 3166/3700/3851 3182/3709/3851 3167/3702/3851
f 3175/3689/3852 3189/3708/3852 3190/3710/3852
f 3167/3702/3853 3183/3711/3853 3168/3690/3853
f 3161/3704/3854 3040/3712/3854 3176/3713/3854
f 3266/3714/3855 3175/3689/3855 3190/3710/3855
f 3169/3691/3856 3183/3711/3856 3184/3715/3856
f 3161/3704/3857 3177/3716/3857 3162/3692/3857
f 3170/3693/3858 3184/3715/3858 3185/3717/3858
f 3162/3692/3859 3178/3718/3859 3163/3694/3859
f 3171/3695/3860 3185/3717/3860 3186/3719/3860
f 3163/3694/3861 3179/3720/3861 3164/3696/3861
f 3172/3697/3862 3186/3719/3862 3187/3705/3862
f 3164/3696/3863 3180/3721/3863 3165/3698/3863
f 3176/3713/3864 3192/3722/3864 3177/3716/3864
f 3185/3717/3865 3199/3723/3865 3200/3724/3865
f 3177/3716/3866 3193/3725/3866 3178/3718/3866
f 3186/3719/3867 3200/3724/3867 3201/3726/3867
f 3178/3718/3868 3194/3727/3868 3179/3720/3868
f 3187/3705/3869 3201/3726/3869 3202/3728/3869
f 3179/3720/3870 3195/3729/3870 3180/3721/3870
f 3188/3706/3871 3202/3728/3871 3203/3730/3871
f 3180/3721/3872 3196/3731/3872 3181/3707/3872
f 3189/3708/3873 3203/3730/3873 3204/3732/3873
f 3181/3707/3874 3197/3733/3874 3182/3709/3874
f 3190/3710/3875 3204/3732/3875 3205/3734/3875
f 3182/3709/3876 3198/3735/3876 3183/3711/3876
f 3176/3713/3877 3040/3736/3877 3191/3737/3877
f 3266/3738/3878 3190/3710/3878 3205/3734/3878
f 3184/3715/3879 3198/3735/3879 3199/3723/3879
f 3196/3731/3880 3210/3739/3880 3211/3740/3880
f 3203/3730/3881 3219/3741/3881 3204/3732/3881
f 3197/3733/3882 3211/3740/3882 3212/3742/3882
f 3204/3732/3883 3220/3743/3883 3205/3734/3883
f 3198/3735/3884 3212/3742/3884 3213/3744/3884
f 3191/3737/3885 3040/3745/3885 3206/3746/3885
f 3266/3747/3886 3205/3734/3886 3220/3743/3886
f 3198/3735/3887 3214/3748/3887 3199/3723/3887
f 3192/3722/3888 3206/3746/3888 3207/3749/3888
f 3199/3723/3889 3215/3750/3889 3200/3724/3889
f 3193/3725/3890 3207/3749/3890 3208/3751/3890
f 3200/3724/3891 3216/3752/3891 3201/3726/3891
f 3194/3727/3892 3208/3751/3892 3209/3753/3892
f 3201/3726/3893 3217/3754/3893 3202/3728/3893
f 3195/3729/3894 3209/3753/3894 3210/3739/3894
f 3202/3728/3895 3218/3755/3895 3203/3730/3895
f 3214/3748/3896 3230/3756/3896 3215/3750/3896
f 3208/3751/3897 3222/3757/3897 3223/3758/3897
f 3215/3750/3898 3231/3759/3898 3216/3752/3898
f 3209/3753/3899 3223/3758/3899 3224/3760/3899
f 3216/3752/3900 3232/3761/3900 3217/3754/3900
f 3210/3739/3901 3224/3760/3901 3225/3762/3901
f 3217/3754/3902 3233/3763/3902 3218/3755/3902
f 3211/3740/3903 3225/3762/3903 3226/3764/3903
f 3218/3755/3904 3234/3765/3904 3219/3741/3904
f 3212/3742/3905 3226/3764/3905 3227/3766/3905
f 3219/3741/3906 3235/3767/3906 3220/3743/3906
f 3213/3744/3907 3227/3766/3907 3228/3768/3907
f 3206/3746/3908 3040/3769/3908 3221/3770/3908
f 3266/3771/3909 3220/3743/3909 3235/3767/3909
f 3213/3744/3910 3229/3772/3910 3214/3748/3910
f 3207/3749/3911 3221/3770/3911 3222/3757/3911
f 3233/3763/3912 3249/3773/3912 3234/3765/3912
f 3227/3766/3913 3241/3774/3913 3242/3775/3913
f 3234/3765/3914 3250/3776/3914 3235/3767/3914
f 3228/3768/3915 3242/3775/3915 3243/3777/3915
f 3221/3770/3916 3040/3778/3916 3236/3779/3916
f 3266/3780/3917 3235/3767/3917 3250/3776/3917
f 3228/3768/3918 3244/3781/3918 3229/3772/3918
f 3222/3757/3919 3236/3779/3919 3237/3782/3919
f 3229/3772/3920 3245/3783/3920 3230/3756/3920
f 3223/3758/3921 3237/3782/3921 3238/3784/3921
f 3230/3756/3922 3246/3785/3922 3231/3759/3922
f 3224/3760/3923 3238/3784/3923 3239/3786/3923
f 3231/3759/3924 3247/3787/3924 3232/3761/3924
f 3225/3762/3925 3239/3786/3925 3240/3788/3925
f 3232/3761/3926 3248/3789/3926 3233/3763/3926
f 3226/3764/3927 3240/3788/3927 3241/3774/3927
f 3238/3784/3928 3252/3790/3928 3253/3791/3928
f 3245/3783/3929 3261/3792/3929 3246/3785/3929
f 3239/3786/3930 3253/3791/3930 3254/3793/3930
f 3246/3785/3931 3262/3794/3931 3247/3787/3931
f 3240/3788/3932 3254/3793/3932 3255/3795/3932
f 3247/3787/3933 3263/3796/3933 3248/3789/3933
f 3241/3774/3934 3255/3795/3934 3256/3797/3934
f 3248/3789/3935 3264/3798/3935 3249/3773/3935
f 3242/3775/3936 3256/3797/3936 3257/3799/3936
f 3249/3773/3937 3265/3800/3937 3250/3776/3937
f 3243/3777/3938 3257/3799/3938 3258/3801/3938
f 3236/3779/3939 3040/3802/3939 3251/3803/3939
f 3266/3804/3940 3250/3776/3940 3265/3800/3940
f 3243/3777/3941 3259/3805/3941 3244/3781/3941
f 3237/3782/3942 3251/3803/3942 3252/3790/3942
f 3244/3781/3943 3260/3806/3943 3245/3783/3943
f 3257/3799/3944 3272/3807/3944 3273/3808/3944
f 3264/3798/3945 3281/3809/3945 3265/3800/3945
f 3258/3801/3946 3273/3808/3946 3274/3810/3946
f 3251/3803/3947 3040/3811/3947 3267/3812/3947
f 3266/3813/3948 3265/3800/3948 3281/3809/3948
f 3259/3805/3949 3274/3810/3949 3275/3814/3949
f 3252/3790/3950 3267/3812/3950 3268/3815/3950
f 3259/3805/3951 3276/3816/3951 3260/3806/3951
f 3253/3791/3952 3268/3815/3952 3269/3817/3952
f 3260/3806/3953 3277/3818/3953 3261/3792/3953
f 3254/3793/3954 3269/3817/3954 3270/3819/3954
f 3261/3792/3955 3278/3820/3955 3262/3794/3955
f 3255/3795/3956 3270/3819/3956 3271/3821/3956
f 3262/3794/3957 3279/3822/3957 3263/3796/3957
f 3256/3797/3958 3271/3821/3958 3272/3807/3958
f 3263/3796/3959 3280/3823/3959 3264/3798/3959
f 3276/3816/3960 3292/3824/3960 3277/3818/3960
f 3270/3819/3961 3284/3825/3961 3285/3826/3961
f 3277/3818/3962 3293/3827/3962 3278/3820/3962
f 3271/3821/3963 3285/3826/3963 3286/3828/3963
f 3278/3820/3964 3294/3829/3964 3279/3822/3964
f 3272/3807/3965 3286/3828/3965 3287/3830/3965
f 3279/3822/3966 3295/3831/3966 3280/3823/3966
f 3273/3808/3967 3287/3830/3967 3288/3832/3967
f 3280/3823/3968 3296/3833/3968 3281/3809/3968
f 3274/3810/3969 3288/3832/3969 3289/3834/3969
f 3267/3812/3970 3040/3835/3970 3282/3836/3970
f 3266/3837/3971 3281/3809/3971 3296/3833/3971
f 3275/3814/3972 3289/3834/3972 3290/3838/3972
f 3268/3815/3973 3282/3836/3973 3283/3839/3973
f 3275/3814/3974 3291/3840/3974 3276/3816/3974
f 3269/3817/3975 3283/3839/3975 3284/3825/3975
f 3295/3831/3976 3311/3841/3976 3296/3833/3976
f 3289/3834/3977 3303/3842/3977 3304/3843/3977
f 3282/3836/3978 3040/3844/3978 3297/3845/3978
f 3266/3846/3979 3296/3833/3979 3311/3841/3979
f 3290/3838/3980 3304/3843/3980 3305/3847/3980
f 3283/3839/3981 3297/3845/3981 3298/3848/3981
f 3290/3838/3982 3306/3849/3982 3291/3840/3982
f 3284/3825/3983 3298/3848/3983 3299/3850/3983
f 3291/3840/3984 3307/3851/3984 3292/3824/3984
f 3285/3826/3985 3299/3850/3985 3300/3852/3985
f 3292/3824/3986 3308/3853/3986 3293/3827/3986
f 3286/3828/3987 3300/3852/3987 3301/3854/3987
f 3293/3827/3988 3309/3855/3988 3294/3829/3988
f 3287/3830/3989 3301/3854/3989 3302/3856/3989
f 3294/3829/3990 3310/3857/3990 3295/3831/3990
f 3288/3832/3991 3302/3856/3991 3303/3842/3991
f 3307/3851/3992 3323/3858/3992 3308/3853/3992
f 3301/3854/3993 3315/3859/3993 3316/3860/3993
f 3308/3853/3994 3324/3861/3994 3309/3855/3994
f 3302/3856/3995 3316/3860/3995 3317/3862/3995
f 3309/3855/3996 3325/3863/3996 3310/3857/3996
f 3303/3842/3997 3317/3862/3997 3318/3864/3997
f 3310/3857/3998 3326/3865/3998 3311/3841/3998
f 3304/3843/3999 3318/3864/3999 3319/3866/3999
f 3297/3845/4000 3040/3867/4000 3312/3868/4000
f 3266/3869/4001 3311/3841/4001 3326/3865/4001
f 3305/3847/4002 3319/3866/4002 3320/3870/4002
f 3298/3848/4003 3312/3868/4003 3313/3871/4003
f 3306/3849/4004 3320/3870/4004 3321/3872/4004
f 3299/3850/4005 3313/3871/4005 3314/3873/4005
f 3307/3851/4006 3321/3872/4006 3322/3874/4006
f 3300/3852/4007 3314/3873/4007 3315/3859/4007
f 3312/3875/4008 3040/3876/4008 3327/3877/4008
f 3266/3878/4009 3326/3879/4009 3341/3880/4009
f 3320/3881/4010 3334/3882/4010 3335/3883/4010
f 3312/3875/4011 3328/3884/4011 3313/3885/4011
f 3321/3886/4012 3335/3883/4012 3336/3887/4012
f 3313/3885/4013 3329/3888/4013 3314/3889/4013
f 3322/3890/4014 3336/3887/4014 3337/3891/4014
f 3314/3889/4015 3330/3892/4015 3315/3893/4015
f 3323/3894/4016 3337/3891/4016 3338/3895/4016
f 3315/3893/4017 3331/3896/4017 3316/3897/4017
f 3324/3898/4018 3338/3895/4018 3339/3899/4018
f 3317/3900/4019 3331/3896/4019 3332/3901/4019
f 3325/3902/4020 3339/3899/4020 3340/3903/4020
f 3318/3904/4021 3332/3901/4021 3333/3905/4021
f 3326/3879/4022 3340/3903/4022 3341/3880/4022
f 3319/3906/4023 3333/3905/4023 3334/3882/4023
f 3330/3892/4024 3346/3907/4024 3331/3896/4024
f 3339/3899/4025 3353/3908/4025 3354/3909/4025
f 3331/3896/4026 3347/3910/4026 3332/3901/4026
f 3340/3903/4027 3354/3909/4027 3355/3911/4027
f 3332/3901/4028 3348/3912/4028 3333/3905/4028
f 3341/3880/4029 3355/3911/4029 3356/3913/4029
f 3334/3882/4030 3348/3912/4030 3349/3914/4030
f 3327/3877/4031 3040/3915/4031 3342/3916/4031
f 3266/3917/4032 3341/3880/4032 3356/3913/4032
f 3335/3883/4033 3349/3914/4033 3350/3918/4033
f 3327/3877/4034 3343/3919/4034 3328/3884/4034
f 3336/3887/4035 3350/3918/4035 3351/3920/4035
f 3328/3884/4036 3344/3921/4036 3329/3888/4036
f 3337/3891/4037 3351/3920/4037 3352/3922/4037
f 3329/3888/4038 3345/3923/4038 3330/3892/4038
f 3338/3895/4039 3352/3922/4039 3353/3908/4039
f 3350/3918/4040 3364/3924/4040 3365/3925/4040
f 3342/3916/4041 3358/3926/4041 3343/3919/4041
f 3351/3920/4042 3365/3925/4042 3366/3927/4042
f 3343/3919/4043 3359/3928/4043 3344/3921/4043
f 3352/3922/4044 3366/3927/4044 3367/3929/4044
f 3344/3921/4045 3360/3930/4045 3345/3923/4045
f 3353/3908/4046 3367/3929/4046 3368/3931/4046
f 3345/3923/4047 3361/3932/4047 3346/3907/4047
f 3354/3909/4048 3368/3931/4048 3369/3933/4048
f 3346/3907/4049 3362/3934/4049 3347/3910/4049
f 3355/3911/4050 3369/3933/4050 3370/3935/4050
f 3347/3910/4051 3363/3936/4051 3348/3912/4051
f 3356/3913/4052 3370/3935/4052 3371/3937/4052
f 3349/3914/4053 3363/3936/4053 3364/3924/4053
f 3342/3916/4054 3040/3938/4054 3357/3939/4054
f 3266/3940/4055 3356/3913/4055 3371/3937/4055
f 3369/3933/4056 3383/3941/4056 3384/3942/4056
f 3361/3932/4057 3377/3943/4057 3362/3934/4057
f 3370/3935/4058 3384/3942/4058 3385/3944/4058
f 3362/3934/4059 3378/3945/4059 3363/3936/4059
f 3371/3937/4060 3385/3944/4060 3386/3946/4060
f 3364/3924/4061 3378/3945/4061 3379/3947/4061
f 3357/3939/4062 3040/3948/4062 3372/3949/4062
f 3266/3950/4063 3371/3937/4063 3386/3946/4063
f 3365/3925/4064 3379/3947/4064 3380/3951/4064
f 3357/3939/4065 3373/3952/4065 3358/3926/4065
f 3366/3927/4066 3380/3951/4066 3381/3953/4066
f 3358/3926/4067 3374/3954/4067 3359/3928/4067
f 3367/3929/4068 3381/3953/4068 3382/3955/4068
f 3359/3928/4069 3375/3956/4069 3360/3930/4069
f 3368/3931/4070 3382/3955/4070 3383/3941/4070
f 3360/3930/4071 3376/3957/4071 3361/3932/4071
f 3372/3949/4072 3388/3958/4072 3373/3952/4072
f 3381/3953/4073 3395/3959/4073 3396/3960/4073
f 3373/3952/4074 3389/3961/4074 3374/3954/4074
f 3382/3955/4075 3396/3960/4075 3397/3962/4075
f 3374/3954/4076 3390/3963/4076 3375/3956/4076
f 3383/3941/4077 3397/3962/4077 3398/3964/4077
f 3375/3956/4078 3391/3965/4078 3376/3957/4078
f 3384/3942/4079 3398/3964/4079 3399/3966/4079
f 3376/3957/4080 3392/3967/4080 3377/3943/4080
f 3385/3944/4081 3399/3966/4081 3400/3968/4081
f 3377/3943/4082 3393/3969/4082 3378/3945/4082
f 3386/3946/4083 3400/3968/4083 3401/3970/4083
f 3378/3945/4084 3394/3971/4084 3379/3947/4084
f 3372/3949/4085 3040/3972/4085 3387/3973/4085
f 3266/3974/4086 3386/3946/4086 3401/3970/4086
f 3380/3951/4087 3394/3971/4087 3395/3959/4087
f 3391/3965/4088 3407/3975/4088 3392/3967/4088
f 3400/3968/4089 3414/3976/4089 3415/3977/4089
f 3392/3967/4090 3408/3978/4090 3393/3969/4090
f 3401/3970/4091 3415/3977/4091 3416/3979/4091
f 3393/3969/4092 3409/3980/4092 3394/3971/4092
f 3387/3973/4093 3040/3981/4093 3402/3982/4093
f 3266/3983/4094 3401/3970/4094 3416/3979/4094
f 3395/3959/4095 3409/3980/4095 3410/3984/4095
f 3387/3973/4096 3403/3985/4096 3388/3958/4096
f 3396/3960/4097 3410/3984/4097 3411/3986/4097
f 3388/3958/4098 3404/3987/4098 3389/3961/4098
f 3397/3962/4099 3411/3986/4099 3412/3988/4099
f 3389/3961/4100 3405/3989/4100 3390/3963/4100
f 3398/3964/4101 3412/3988/4101 3413/3990/4101
f 3390/3963/4102 3406/3991/4102 3391/3965/4102
f 3399/3966/4103 3413/3990/4103 3414/3976/4103
f 3411/3986/4104 3425/3992/4104 3426/3993/4104
f 3403/3985/4105 3419/3994/4105 3404/3987/4105
f 3412/3988/4106 3426/3993/4106 3427/3995/4106
f 3404/3987/4107 3420/3996/4107 3405/3989/4107
f 3413/3990/4108 3427/3995/4108 3428/3997/4108
f 3405/3989/4109 3421/3998/4109 3406/3991/4109
f 3414/3976/4110 3428/3997/4110 3429/3999/4110
f 3406/3991/4111 3422/4000/4111 3407/3975/4111
f 3415/3977/4112 3429/3999/4112 3430/4001/4112
f 3407/3975/4113 3423/4002/4113 3408/3978/4113
f 3416/3979/4114 3430/4001/4114 3431/4003/4114
f 3408/3978/4115 3424/4004/4115 3409/3980/4115
f 3402/3982/4116 3040/4005/4116 3417/4006/4116
f 3266/4007/4117 3416/3979/4117 3431/4003/4117
f 3410/3984/4118 3424/4004/4118 3425/3992/4118
f 3402/3982/4119 3418/4008/4119 3403/3985/4119
f 3430/4001/4120 3438/3452/4120 3439/3454/4120
f 3422/4000/4121 2961/3455/4121 3423/4002/4121
f 3431/4003/4122 3439/3454/4122 3440/3459/4122
f 3423/4002/4123 2962/3460/4123 3424/4004/4123
f 3417/4006/4124 3040/4009/4124 3432/3462/4124
f 3266/4010/4125 3431/4003/4125 3440/3459/4125
f 3425/3992/4126 2962/3460/4126 2963/3467/4126
f 3417/4006/4127 3433/3468/4127 3418/4008/4127
f 3426/3993/4128 2963/3467/4128 3436/3471/4128
f 3418/4008/4129 2959/3472/4129 3419/3994/4129
f 3427/3995/4130 3436/3471/4130 2964/3475/4130
f 3419/3994/4131 3434/3476/4131 3420/3996/4131
f 3428/3997/4132 2964/3475/4132 3437/3479/4132
f 3420/3996/4133 2960/3480/4133 3421/3998/4133
f 3429/3999/4134 3437/3479/4134 3438/3452/4134
f 3421/3998/4135 3435/3483/4135 3422/4000/4135
f 3438/3452/4136 2977/3482/4136 2978/3453/4136
f 2961/3455/3625 3435/3483/3625 2970/3456/3625
f 3439/3454/4137 2978/3453/4137 2979/3458/4137
f 2962/3460/3627 2961/3455/3627 2971/3457/3627
f 2962/3460/3630 2972/3461/3630 2973/3466/3630
f 3433/3468/4138 3432/3462/4138 2965/3464/4138
f 2963/3467/4139 2973/3466/4139 2974/3470/4139
f 2959/3472/4140 3433/3468/4140 2966/3469/4140
f 3436/3471/4141 2974/3470/4141 2975/3474/4141
f 3434/3476/4142 2959/3472/4142 2967/3473/4142
f 2964/3475/3636 2975/3474/3636 2976/3478/3636
f 2960/3480/3637 3434/3476/3637 2968/3477/3637
f 3437/3479/4143 2976/3478/4143 2977/3482/4143
f 3435/3483/3639 2960/3480/3639 2969/3481/3639
f 2969/3481/3640 2968/3477/3640 2983/3484/3640
f 2976/3478/3641 2991/3500/3641 2992/3486/3641
f 2970/3456/3642 2969/3481/3642 2984/3485/3642
f 2977/3482/4144 2992/3486/4144 2993/3488/4144
f 2971/3457/3644 2970/3456/3644 2985/3487/3644
f 2978/3453/4145 2993/3488/4145 2994/3490/4145
f 2972/3461/3646 2971/3457/3646 2986/3489/3646
f 2972/3461/4146 2987/3491/4146 2988/3495/4146
f 2966/3469/3650 2965/3464/3650 2980/3493/3650
f 2973/3466/3651 2988/3495/3651 2989/3497/3651
f 2967/3473/4147 2966/3469/4147 2981/3496/4147
f 2974/3470/3653 2989/3497/3653 2990/3499/3653
f 2968/3477/3654 2967/3473/3654 2982/3498/3654
f 2975/3474/3655 2990/3499/3655 2991/3500/3655
f 2987/3491/3656 3002/3515/3656 3003/3501/3656
f 2981/3496/4148 2980/3493/4148 2995/3502/4148
f 2988/3495/3658 3003/3501/3658 3004/3504/3658
f 2982/3498/4149 2981/3496/4149 2996/3503/4149
f 2989/3497/3660 3004/3504/3660 3005/3506/3660
f 2983/3484/4150 2982/3498/4150 2997/3505/4150
f 2990/3499/3662 3005/3506/3662 3006/3508/3662
f 2984/3485/4151 2983/3484/4151 2998/3507/4151
f 2991/3500/4152 3006/3508/4152 3007/3510/4152
f 2985/3487/3665 2984/3485/3665 2999/3509/3665
f 2992/3486/3666 3007/3510/3666 3008/3512/3666
f 2986/3489/3667 2985/3487/3667 3000/3511/3667
f 2993/3488/4153 3008/3512/4153 3009/3514/4153
f 2987/3491/4154 2986/3489/4154 3001/3513/4154
f 3006/3508/3672 3021/3534/3672 3022/3518/3672
f 3000/3511/4155 2999/3509/4155 3014/3519/4155
f 3007/3510/3674 3022/3518/3674 3023/3521/3674
f 3001/3513/4156 3000/3511/4156 3015/3520/4156
f 3008/3512/4157 3023/3521/4157 3024/3523/4157
f 3002/3515/4158 3001/3513/4158 3016/3522/4158
f 3002/3515/3680 3017/3524/3680 3018/3528/3680
f 2996/3503/3681 2995/3502/3681 3010/3526/3681
f 3003/3501/3682 3018/3528/3682 3019/3530/3682
f 2997/3505/3683 2996/3503/3683 3011/3529/3683
f 3004/3504/3684 3019/3530/3684 3020/3532/3684
f 2998/3507/3685 2997/3505/3685 3012/3531/3685
f 3005/3506/3686 3020/3532/3686 3021/3534/3686
f 2999/3509/3687 2998/3507/3687 3013/3533/3687
f 3018/3528/3688 3033/3551/3688 3034/3535/3688
f 3012/3531/4159 3011/3529/4159 3026/3536/4159
f 3019/3530/4160 3034/3535/4160 3035/3538/4160
f 3013/3533/4161 3012/3531/4161 3027/3537/4161
f 3020/3532/4162 3035/3538/4162 3036/3540/4162
f 3014/3519/3693 3013/3533/3693 3028/3539/3693
f 3021/3534/3694 3036/3540/3694 3037/3542/3694
f 3015/3520/3695 3014/3519/3695 3029/3541/3695
f 3022/3518/4163 3037/3542/4163 3038/3544/4163
f 3016/3522/3697 3015/3520/3697 3030/3543/3697
f 3023/3521/4164 3038/3544/4164 3039/3546/4164
f 3016/3522/3699 3031/3545/3699 3032/3547/3699
f 3017/3524/3702 3032/3547/3702 3033/3551/3702
f 3011/3529/4165 3010/3526/4165 3025/3549/4165
f 3037/3542/3704 3053/3568/3704 3054/3552/3704
f 3031/3545/3705 3030/3543/3705 3046/3553/3705
f 3038/3544/4166 3054/3552/4166 3055/3555/4166
f 3031/3545/4167 3047/3554/4167 3048/3556/4167
f 3032/3547/3710 3048/3556/3710 3049/3560/3710
f 3026/3536/4168 3025/3549/4168 3041/3558/4168
f 3033/3551/3712 3049/3560/3712 3050/3562/3712
f 3027/3537/3713 3026/3536/3713 3042/3561/3713
f 3034/3535/4169 3050/3562/4169 3051/3564/4169
f 3028/3539/3715 3027/3537/3715 3043/3563/3715
f 3035/3538/4170 3051/3564/4170 3052/3566/4170
f 3029/3541/4171 3028/3539/4171 3044/3565/4171
f 3036/3540/4172 3052/3566/4172 3053/3568/4172
f 3030/3543/3719 3029/3541/3719 3045/3567/3719
f 3043/3563/4173 3042/3561/4173 3057/3569/4173
f 3050/3562/4174 3065/3585/4174 3066/3571/4174
f 3044/3565/3722 3043/3563/3722 3058/3570/3722
f 3051/3564/3723 3066/3571/3723 3067/3573/3723
f 3045/3567/4175 3044/3565/4175 3059/3572/4175
f 3052/3566/3725 3067/3573/3725 3068/3575/3725
f 3046/3553/3726 3045/3567/3726 3060/3574/3726
f 3053/3568/3727 3068/3575/3727 3069/3577/3727
f 3047/3554/3728 3046/3553/3728 3061/3576/3728
f 3054/3552/4176 3069/3577/4176 3070/3579/4176
f 3047/3554/4177 3062/3578/4177 3063/3580/4177
f 3048/3556/3733 3063/3580/3733 3064/3584/3733
f 3042/3561/4178 3041/3558/4178 3056/3582/4178
f 3049/3560/3735 3064/3584/3735 3065/3585/3735
f 3061/3576/3736 3076/3601/3736 3077/3586/3736
f 3069/3577/4179 3084/3602/4179 3085/3587/4179
f 3062/3578/3738 3077/3586/3738 3078/3588/3738
f 3063/3580/3741 3078/3588/3741 3079/3592/3741
f 3057/3569/4180 3056/3582/4180 3071/3590/4180
f 3064/3584/3743 3079/3592/3743 3080/3594/3743
f 3058/3570/3744 3057/3569/3744 3072/3593/3744
f 3065/3585/3745 3080/3594/3745 3081/3596/3745
f 3059/3572/4181 3058/3570/4181 3073/3595/4181
f 3066/3571/4182 3081/3596/4182 3082/3598/4182
f 3060/3574/3748 3059/3572/3748 3074/3597/3748
f 3067/3573/3749 3082/3598/3749 3083/3600/3749
f 3060/3574/3750 3075/3599/3750 3076/3601/3750
f 3068/3575/3751 3083/3600/3751 3084/3602/3751
f 3080/3594/3752 3095/3618/3752 3096/3603/3752
f 3073/3595/4183 3088/3619/4183 3089/3604/4183
f 3082/3598/3754 3081/3596/3754 3096/3603/3754
f 3074/3597/3755 3089/3604/3755 3090/3606/3755
f 3083/3600/4184 3082/3598/4184 3097/3605/4184
f 3075/3599/3757 3090/3606/3757 3091/3608/3757
f 3084/3602/3758 3083/3600/3758 3098/3607/3758
f 3076/3601/3759 3091/3608/3759 3092/3610/3759
f 3085/3587/3760 3084/3602/3760 3099/3609/3760
f 3077/3586/4185 3092/3610/4185 3093/3612/4185
f 3078/3588/3764 3093/3612/3764 3094/3616/3764
f 3071/3590/4186 3086/3614/4186 3087/3617/4186
f 3079/3592/4187 3094/3616/4187 3095/3618/4187
f 3072/3593/3767 3087/3617/3767 3088/3619/3767
f 3100/3611/4188 3099/3609/4188 3114/3620/4188
f 3092/3610/3769 3107/3636/3769 3108/3622/3769
f 3093/3612/4189 3108/3622/4189 3109/3626/4189
f 3086/3614/4190 3101/3624/4190 3102/3627/4190
f 3095/3618/3774 3094/3616/3774 3109/3626/3774
f 3087/3617/4191 3102/3627/4191 3103/3629/4191
f 3096/3603/3776 3095/3618/3776 3110/3628/3776
f 3088/3619/3777 3103/3629/3777 3104/3631/3777
f 3097/3605/4192 3096/3603/4192 3111/3630/4192
f 3089/3604/4193 3104/3631/4193 3105/3633/4193
f 3098/3607/4194 3097/3605/4194 3112/3632/4194
f 3090/3606/4195 3105/3633/4195 3106/3635/4195
f 3099/3609/4196 3098/3607/4196 3113/3634/4196
f 3091/3608/3783 3106/3635/3783 3107/3636/3783
f 3103/3629/3784 3118/3653/3784 3119/3637/3784
f 3112/3632/4197 3111/3630/4197 3126/3638/4197
f 3104/3631/4198 3119/3637/4198 3120/3640/4198
f 3113/3634/3787 3112/3632/3787 3127/3639/3787
f 3105/3633/3788 3120/3640/3788 3121/3642/3788
f 3114/3620/4199 3113/3634/4199 3128/3641/4199
f 3106/3635/3790 3121/3642/3790 3122/3644/3790
f 3115/3621/4200 3114/3620/4200 3129/3643/4200
f 3107/3636/3792 3122/3644/3792 3123/3646/3792
f 3108/3622/3795 3123/3646/3795 3124/3650/3795
f 3101/3624/3796 3116/3648/3796 3117/3651/3796
f 3110/3628/3797 3109/3626/3797 3124/3650/3797
f 3102/3627/3798 3117/3651/3798 3118/3653/3798
f 3111/3630/4201 3110/3628/4201 3125/3652/4201
f 3122/3644/3800 3137/3670/3800 3138/3654/3800
f 3123/3646/3803 3138/3654/3803 3139/3659/3803
f 3116/3648/4202 3131/3656/4202 3132/3660/4202
f 3125/3652/4203 3124/3650/4203 3139/3659/4203
f 3117/3651/3806 3132/3660/3806 3133/3662/3806
f 3126/3638/4204 3125/3652/4204 3140/3661/4204
f 3118/3653/4205 3133/3662/4205 3134/3664/4205
f 3127/3639/3809 3126/3638/3809 3141/3663/3809
f 3119/3637/3810 3134/3664/3810 3135/3666/3810
f 3128/3641/3811 3127/3639/3811 3142/3665/3811
f 3120/3640/4206 3135/3666/4206 3136/3668/4206
f 3129/3643/3813 3128/3641/3813 3143/3667/3813
f 3121/3642/4207 3136/3668/4207 3137/3670/4207
f 3130/3645/3815 3129/3643/3815 3144/3669/3815
f 3142/3665/4208 3141/3663/4208 3156/3671/4208
f 3134/3664/3817 3149/3687/3817 3150/3673/3817
f 3143/3667/3818 3142/3665/3818 3157/3672/3818
f 3135/3666/4209 3150/3673/4209 3151/3675/4209
f 3144/3669/3820 3143/3667/3820 3158/3674/3820
f 3136/3668/3821 3151/3675/3821 3152/3677/3821
f 3145/3658/4210 3144/3669/4210 3159/3676/4210
f 3137/3670/3823 3152/3677/3823 3153/3679/3823
f 3139/3659/3826 3138/3654/3826 3153/3679/3826
f 3131/3656/3827 3146/3681/3827 3147/3684/3827
f 3140/3661/3828 3139/3659/3828 3154/3683/3828
f 3132/3660/4211 3147/3684/4211 3148/3686/4211
f 3141/3663/3830 3140/3661/3830 3155/3685/3830
f 3133/3662/3831 3148/3686/3831 3149/3687/3831
f 3154/3683/4212 3153/3679/4212 3168/3690/4212
f 3146/3681/4213 3161/3704/4213 3162/3692/4213
f 3155/3685/3835 3154/3683/3835 3169/3691/3835
f 3147/3684/4214 3162/3692/4214 3163/3694/4214
f 3156/3671/4215 3155/3685/4215 3170/3693/4215
f 3148/3686/4216 3163/3694/4216 3164/3696/4216
f 3157/3672/3839 3156/3671/3839 3171/3695/3839
f 3149/3687/3840 3164/3696/3840 3165/3698/3840
f 3158/3674/4217 3157/3672/4217 3172/3697/4217
f 3150/3673/3842 3165/3698/3842 3166/3700/3842
f 3159/3676/4218 3158/3674/4218 3173/3699/4218
f 3151/3675/3844 3166/3700/3844 3167/3702/3844
f 3160/3678/4219 3159/3676/4219 3174/3701/4219
f 3152/3677/3846 3167/3702/3846 3168/3690/3846
f 3173/3699/4220 3172/3697/4220 3187/3705/4220
f 3165/3698/3849 3180/3721/3849 3181/3707/3849
f 3174/3701/3850 3173/3699/3850 3188/3706/3850
f 3166/3700/3851 3181/3707/3851 3182/3709/3851
f 3175/3689/4221 3174/3701/4221 3189/3708/4221
f 3167/3702/4222 3182/3709/4222 3183/3711/4222
f 3169/3691/3856 3168/3690/3856 3183/3711/3856
f 3161/3704/4223 3176/3713/4223 3177/3716/4223
f 3170/3693/3858 3169/3691/3858 3184/3715/3858
f 3162/3692/4224 3177/3716/4224 3178/3718/4224
f 3171/3695/3860 3170/3693/3860 3185/3717/3860
f 3163/3694/3861 3178/3718/3861 3179/3720/3861
f 3172/3697/4225 3171/3695/4225 3186/3719/4225
f 3164/3696/4226 3179/3720/4226 3180/3721/4226
f 3176/3713/4227 3191/3737/4227 3192/3722/4227
f 3185/3717/3865 3184/3715/3865 3199/3723/3865
f 3177/3716/3866 3192/3722/3866 3193/3725/3866
f 3186/3719/3867 3185/3717/3867 3200/3724/3867
f 3178/3718/4228 3193/3725/4228 3194/3727/4228
f 3187/3705/3869 3186/3719/3869 3201/3726/3869
f 3179/3720/3870 3194/3727/3870 3195/3729/3870
f 3188/3706/3871 3187/3705/3871 3202/3728/3871
f 3180/3721/4229 3195/3729/4229 3196/3731/4229
f 3189/3708/4230 3188/3706/4230 3203/3730/4230
f 3181/3707/4231 3196/3731/4231 3197/3733/4231
f 3190/3710/3875 3189/3708/3875 3204/3732/3875
f 3182/3709/3876 3197/3733/3876 3198/3735/3876
f 3184/3715/3879 3183/3711/3879 3198/3735/3879
f 3196/3731/3880 3195/3729/3880 3210/3739/3880
f 3203/3730/4232 3218/3755/4232 3219/3741/4232
f 3197/3733/4233 3196/3731/4233 3211/3740/4233
f 3204/3732/4234 3219/3741/4234 3220/3743/4234
f 3198/3735/3884 3197/3733/3884 3212/3742/3884
f 3198/3735/3887 3213/3744/3887 3214/3748/3887
f 3192/3722/3888 3191/3737/3888 3206/3746/3888
f 3199/3723/3889 3214/3748/3889 3215/3750/3889
f 3193/3725/4235 3192/3722/4235 3207/3749/4235
f 3200/3724/3891 3215/3750/3891 3216/3752/3891
f 3194/3727/3892 3193/3725/3892 3208/3751/3892
f 3201/3726/3893 3216/3752/3893 3217/3754/3893
f 3195/3729/3894 3194/3727/3894 3209/3753/3894
f 3202/3728/4236 3217/3754/4236 3218/3755/4236
f 3214/3748/3896 3229/3772/3896 3230/3756/3896
f 3208/3751/4237 3207/3749/4237 3222/3757/4237
f 3215/3750/3898 3230/3756/3898 3231/3759/3898
f 3209/3753/3899 3208/3751/3899 3223/3758/3899
f 3216/3752/4238 3231/3759/4238 3232/3761/4238
f 3210/3739/4239 3209/3753/4239 3224/3760/4239
f 3217/3754/4240 3232/3761/4240 3233/3763/4240
f 3211/3740/3903 3210/3739/3903 3225/3762/3903
f 3218/3755/3904 3233/3763/3904 3234/3765/3904
f 3212/3742/3905 3211/3740/3905 3226/3764/3905
f 3219/3741/4241 3234/3765/4241 3235/3767/4241
f 3213/3744/3907 3212/3742/3907 3227/3766/3907
f 3213/3744/4242 3228/3768/4242 3229/3772/4242
f 3207/3749/4243 3206/3746/4243 3221/3770/4243
f 3233/3763/4244 3248/3789/4244 3249/3773/4244
f 3227/3766/3913 3226/3764/3913 3241/3774/3913
f 3234/3765/4245 3249/3773/4245 3250/3776/4245
f 3228/3768/3915 3227/3766/3915 3242/3775/3915
f 3228/3768/4246 3243/3777/4246 3244/3781/4246
f 3222/3757/4247 3221/3770/4247 3236/3779/4247
f 3229/3772/3920 3244/3781/3920 3245/3783/3920
f 3223/3758/4248 3222/3757/4248 3237/3782/4248
f 3230/3756/4249 3245/3783/4249 3246/3785/4249
f 3224/3760/4250 3223/3758/4250 3238/3784/4250
f 3231/3759/3924 3246/3785/3924 3247/3787/3924
f 3225/3762/3925 3224/3760/3925 3239/3786/3925
f 3232/3761/3926 3247/3787/3926 3248/3789/3926
f 3226/3764/3927 3225/3762/3927 3240/3788/3927
f 3238/3784/3928 3237/3782/3928 3252/3790/3928
f 3245/3783/3929 3260/3806/3929 3261/3792/3929
f 3239/3786/3930 3238/3784/3930 3253/3791/3930
f 3246/3785/4251 3261/3792/4251 3262/3794/4251
f 3240/3788/3932 3239/3786/3932 3254/3793/3932
f 3247/3787/3933 3262/3794/3933 3263/3796/3933
f 3241/3774/4252 3240/3788/4252 3255/3795/4252
f 3248/3789/3935 3263/3796/3935 3264/3798/3935
f 3242/3775/3936 3241/3774/3936 3256/3797/3936
f 3249/3773/4253 3264/3798/4253 3265/3800/4253
f 3243/3777/3938 3242/3775/3938 3257/3799/3938
f 3243/3777/3941 3258/3801/3941 3259/3805/3941
f 3237/3782/4254 3236/3779/4254 3251/3803/4254
f 3244/3781/3943 3259/3805/3943 3260/3806/3943
f 3257/3799/4255 3256/3797/4255 3272/3807/4255
f 3264/3798/3945 3280/3823/3945 3281/3809/3945
f 3258/3801/3946 3257/3799/3946 3273/3808/3946
f 3259/3805/3949 3258/3801/3949 3274/3810/3949
f 3252/3790/4256 3251/3803/4256 3267/3812/4256
f 3259/3805/4257 3275/3814/4257 3276/3816/4257
f 3253/3791/3952 3252/3790/3952 3268/3815/3952
f 3260/3806/4258 3276/3816/4258 3277/3818/4258
f 3254/3793/4259 3253/3791/4259 3269/3817/4259
f 3261/3792/3955 3277/3818/3955 3278/3820/3955
f 3255/3795/3956 3254/3793/3956 3270/3819/3956
f 3262/3794/3957 3278/3820/3957 3279/3822/3957
f 3256/3797/3958 3255/3795/3958 3271/3821/3958
f 3263/3796/3959 3279/3822/3959 3280/3823/3959
f 3276/3816/4260 3291/3840/4260 3292/3824/4260
f 3270/3819/4261 3269/3817/4261 3284/3825/4261
f 3277/3818/3962 3292/3824/3962 3293/3827/3962
f 3271/3821/4262 3270/3819/4262 3285/3826/4262
f 3278/3820/3964 3293/3827/3964 3294/3829/3964
f 3272/3807/3965 3271/3821/3965 3286/3828/3965
f 3279/3822/4263 3294/3829/4263 3295/3831/4263
f 3273/3808/3967 3272/3807/3967 3287/3830/3967
f 3280/3823/4264 3295/3831/4264 3296/3833/4264
f 3274/3810/3969 3273/3808/3969 3288/3832/3969
f 3275/3814/3972 3274/3810/3972 3289/3834/3972
f 3268/3815/3973 3267/3812/3973 3282/3836/3973
f 3275/3814/3974 3290/3838/3974 3291/3840/3974
f 3269/3817/3975 3268/3815/3975 3283/3839/3975
f 3295/3831/4265 3310/3857/4265 3311/3841/4265
f 3289/3834/3977 3288/3832/3977 3303/3842/3977
f 3290/3838/3980 3289/3834/3980 3304/3843/3980
f 3283/3839/4266 3282/3836/4266 3297/3845/4266
f 3290/3838/3982 3305/3847/3982 3306/3849/3982
f 3284/3825/4267 3283/3839/4267 3298/3848/4267
f 3291/3840/3984 3306/3849/3984 3307/3851/3984
f 3285/3826/4268 3284/3825/4268 3299/3850/4268
f 3292/3824/4269 3307/3851/4269 3308/3853/4269
f 3286/3828/4270 3285/3826/4270 3300/3852/4270
f 3293/3827/4271 3308/3853/4271 3309/3855/4271
f 3287/3830/3989 3286/3828/3989 3301/3854/3989
f 3294/3829/3990 3309/3855/3990 3310/3857/3990
f 3288/3832/4272 3287/3830/4272 3302/3856/4272
f 3307/3851/3992 3322/3874/3992 3323/3858/3992
f 3301/3854/4273 3300/3852/4273 3315/3859/4273
f 3308/3853/3994 3323/3858/3994 3324/3861/3994
f 3302/3856/3995 3301/3854/3995 3316/3860/3995
f 3309/3855/3996 3324/3861/3996 3325/3863/3996
f 3303/3842/3997 3302/3856/3997 3317/3862/3997
f 3310/3857/3998 3325/3863/3998 3326/3865/3998
f 3304/3843/4274 3303/3842/4274 3318/3864/4274
f 3305/3847/4002 3304/3843/4002 3319/3866/4002
f 3298/3848/4275 3297/3845/4275 3312/3868/4275
f 3306/3849/4276 3305/3847/4276 3320/3870/4276
f 3299/3850/4005 3298/3848/4005 3313/3871/4005
f 3307/3851/4006 3306/3849/4006 3321/3872/4006
f 3300/3852/4277 3299/3850/4277 3314/3873/4277
f 3320/3881/4278 3319/3906/4278 3334/3882/4278
f 3312/3875/4279 3327/3877/4279 3328/3884/4279
f 3321/3886/4012 3320/3881/4012 3335/3883/4012
f 3313/3885/4013 3328/3884/4013 3329/3888/4013
f 3322/3890/4014 3321/3886/4014 3336/3887/4014
f 3314/3889/4280 3329/3888/4280 3330/3892/4280
f 3323/3894/4281 3322/3890/4281 3337/3891/4281
f 3315/3893/4017 3330/3892/4017 3331/3896/4017
f 3324/3898/4282 3323/3894/4282 3338/3895/4282
f 3317/3900/4019 3316/3897/4019 3331/3896/4019
f 3325/3902/4020 3324/3898/4020 3339/3899/4020
f 3318/3904/4021 3317/3900/4021 3332/3901/4021
f 3326/3879/4283 3325/3902/4283 3340/3903/4283
f 3319/3906/4023 3318/3904/4023 3333/3905/4023
f 3330/3892/4024 3345/3923/4024 3346/3907/4024
f 3339/3899/4025 3338/3895/4025 3353/3908/4025
f 3331/3896/4026 3346/3907/4026 3347/3910/4026
f 3340/3903/4027 3339/3899/4027 3354/3909/4027
f 3332/3901/4028 3347/3910/4028 3348/3912/4028
f 3341/3880/4284 3340/3903/4284 3355/3911/4284
f 3334/3882/4030 3333/3905/4030 3348/3912/4030
f 3335/3883/4033 3334/3882/4033 3349/3914/4033
f 3327/3877/4285 3342/3916/4285 3343/3919/4285
f 3336/3887/4286 3335/3883/4286 3350/3918/4286
f 3328/3884/4287 3343/3919/4287 3344/3921/4287
f 3337/3891/4288 3336/3887/4288 3351/3920/4288
f 3329/3888/4038 3344/3921/4038 3345/3923/4038
f 3338/3895/4039 3337/3891/4039 3352/3922/4039
f 3350/3918/4040 3349/3914/4040 3364/3924/4040
f 3342/3916/4041 3357/3939/4041 3358/3926/4041
f 3351/3920/4289 3350/3918/4289 3365/3925/4289
f 3343/3919/4043 3358/3926/4043 3359/3928/4043
f 3352/3922/4290 3351/3920/4290 3366/3927/4290
f 3344/3921/4045 3359/3928/4045 3360/3930/4045
f 3353/3908/4291 3352/3922/4291 3367/3929/4291
f 3345/3923/4292 3360/3930/4292 3361/3932/4292
f 3354/3909/4048 3353/3908/4048 3368/3931/4048
f 3346/3907/4049 3361/3932/4049 3362/3934/4049
f 3355/3911/4050 3354/3909/4050 3369/3933/4050
f 3347/3910/4051 3362/3934/4051 3363/3936/4051
f 3356/3913/4052 3355/3911/4052 3370/3935/4052
f 3349/3914/4053 3348/3912/4053 3363/3936/4053
f 3369/3933/4056 3368/3931/4056 3383/3941/4056
f 3361/3932/4057 3376/3957/4057 3377/3943/4057
f 3370/3935/4293 3369/3933/4293 3384/3942/4293
f 3362/3934/4059 3377/3943/4059 3378/3945/4059
f 3371/3937/4294 3370/3935/4294 3385/3944/4294
f 3364/3924/4061 3363/3936/4061 3378/3945/4061
f 3365/3925/4064 3364/3924/4064 3379/3947/4064
f 3357/3939/4295 3372/3949/4295 3373/3952/4295
f 3366/3927/4296 3365/3925/4296 3380/3951/4296
f 3358/3926/4297 3373/3952/4297 3374/3954/4297
f 3367/3929/4298 3366/3927/4298 3381/3953/4298
f 3359/3928/4299 3374/3954/4299 3375/3956/4299
f 3368/3931/4300 3367/3929/4300 3382/3955/4300
f 3360/3930/4071 3375/3956/4071 3376/3957/4071
f 3372/3949/4301 3387/3973/4301 3388/3958/4301
f 3381/3953/4073 3380/3951/4073 3395/3959/4073
f 3373/3952/4302 3388/3958/4302 3389/3961/4302
f 3382/3955/4303 3381/3953/4303 3396/3960/4303
f 3374/3954/4076 3389/3961/4076 3390/3963/4076
f 3383/3941/4077 3382/3955/4077 3397/3962/4077
f 3375/3956/4078 3390/3963/4078 3391/3965/4078
f 3384/3942/4304 3383/3941/4304 3398/3964/4304
f 3376/3957/4080 3391/3965/4080 3392/3967/4080
f 3385/3944/4081 3384/3942/4081 3399/3966/4081
f 3377/3943/4305 3392/3967/4305 3393/3969/4305
f 3386/3946/4083 3385/3944/4083 3400/3968/4083
f 3378/3945/4306 3393/3969/4306 3394/3971/4306
f 3380/3951/4087 3379/3947/4087 3394/3971/4087
f 3391/3965/4088 3406/3991/4088 3407/3975/4088
f 3400/3968/4307 3399/3966/4307 3414/3976/4307
f 3392/3967/4090 3407/3975/4090 3408/3978/4090
f 3401/3970/4091 3400/3968/4091 3415/3977/4091
f 3393/3969/4308 3408/3978/4308 3409/3980/4308
f 3395/3959/4095 3394/3971/4095 3409/3980/4095
f 3387/3973/4309 3402/3982/4309 3403/3985/4309
f 3396/3960/4097 3395/3959/4097 3410/3984/4097
f 3388/3958/4310 3403/3985/4310 3404/3987/4310
f 3397/3962/4099 3396/3960/4099 3411/3986/4099
f 3389/3961/4311 3404/3987/4311 3405/3989/4311
f 3398/3964/4101 3397/3962/4101 3412/3988/4101
f 3390/3963/4312 3405/3989/4312 3406/3991/4312
f 3399/3966/4313 3398/3964/4313 3413/3990/4313
f 3411/3986/4104 3410/3984/4104 3425/3992/4104
f 3403/3985/4314 3418/4008/4314 3419/3994/4314
f 3412/3988/4106 3411/3986/4106 3426/3993/4106
f 3404/3987/4315 3419/3994/4315 3420/3996/4315
f 3413/3990/4108 3412/3988/4108 3427/3995/4108
f 3405/3989/4109 3420/3996/4109 3421/3998/4109
f 3414/3976/4316 3413/3990/4316 3428/3997/4316
f 3406/3991/4111 3421/3998/4111 3422/4000/4111
f 3415/3977/4317 3414/3976/4317 3429/3999/4317
f 3407/3975/4113 3422/4000/4113 3423/4002/4113
f 3416/3979/4318 3415/3977/4318 3430/4001/4318
f 3408/3978/4319 3423/4002/4319 3424/4004/4319
f 3410/3984/4320 3409/3980/4320 3424/4004/4320
f 3402/3982/4321 3417/4006/4321 3418/4008/4321
f 3430/4001/4322 3429/3999/4322 3438/3452/4322
f 3422/4000/4121 3435/3483/4121 2961/3455/4121
f 3431/4003/4323 3430/4001/4323 3439/3454/4323
f 3423/4002/4123 2961/3455/4123 2962/3460/4123
f 3425/3992/4126 3424/4004/4126 2962/3460/4126
f 3417/4006/4324 3432/3462/4324 3433/3468/4324
f 3426/3993/4325 3425/3992/4325 2963/3467/4325
f 3418/4008/4326 3433/3468/4326 2959/3472/4326
f 3427/3995/4327 3426/3993/4327 3436/3471/4327
f 3419/3994/4328 2959/3472/4328 3434/3476/4328
f 3428/3997/4132 3427/3995/4132 2964/3475/4132
f 3420/3996/4329 3434/3476/4329 2960/3480/4329
f 3429/3999/4134 3428/3997/4134 3437/3479/4134
f 3421/3998/4135 2960/3480/4135 3435/3483/4135
o earR.023
v 0.130232 -0.245614 -0.460682
v 0.130232 -0.245614 -0.192470
v 0.130232 0.601853 -0.460682
v 0.026644 -0.245614 -0.460682
v 0.026644 -0.245614 -0.192470
v 0.026644 0.601853 -0.460682
v 0.026644 0.601853 -0.192470
v 0.130232 0.601853 -0.192470
vn 1.0000 -0.0000 -0.0000
vn -0.0000 -1.0000 -0.0000
vn -0.0000 -0.0000 -1.0000
vn -1.0000 -0.0000 -0.0000
vn -0.0000 1.0000 -0.0000
vn -0.0000 -0.0000 1.0000
vt 0.000000 0.000000
s 0
usemtl Flag
f 3441/4011/4330 3443/4011/4330 3448/4011/4330 3442/4011/4330
f 3442/4011/4331 3445/4011/4331 3444/4011/4331 3441/4011/4331
f 3444/4011/4332 3446/4011/4332 3443/4011/4332 3441/4011/4332
f 3445/4011/4333 3447/4011/4333 3446/4011/4333 3444/4011/4333
f 3447/4011/4334 3448/4011/4334 3443/4011/4334 3446/4011/4334
f 3442/4011/4335 3448/4011/4335 3447/4011/4335 3445/4011/4335
