# Blender 4.4.1
# www.blender.org
mtllib becher.mtl
o Cube
v 0.147865 0.438916 -0.173096
v 0.147865 0.022788 -0.173096
v 0.147865 0.438916 0.185469
v 0.147865 0.022788 0.185469
v -0.333200 0.438916 -0.173096
v -0.333200 0.022788 -0.173096
v -0.333200 0.438916 0.185469
v -0.333200 0.022788 0.185469
v -0.333200 0.022788 -0.173096
v -0.333200 0.022788 0.185469
v 0.147865 0.022788 -0.173096
v 0.147865 0.022788 0.185469
v -0.333200 0.022788 -0.173096
v -0.333200 0.022788 0.185469
v 0.147865 0.022788 -0.173096
v 0.147865 0.022788 0.185469
v -0.333200 0.022788 0.006187
v -0.333200 0.186418 0.049991
v -0.333200 0.122355 0.094858
v 0.147865 0.022788 0.006187
v -0.333200 0.022788 0.006187
v 0.147865 0.022788 0.006187
v -0.333200 0.022788 0.006187
v 0.147865 0.022788 0.006187
v -0.092667 0.022788 -0.173096
v -0.333200 0.022788 -0.063924
v -0.092667 0.022788 0.185469
v -0.333200 0.271875 0.185469
v -0.092667 0.022788 -0.173096
v -0.092667 0.022788 0.185469
v -0.092667 0.022788 -0.173096
v -0.092667 0.022788 0.185469
v -0.094260 -0.125309 0.007121
v -0.333200 0.063783 0.019208
v -0.333200 0.091444 -0.005083
v -0.333200 0.238299 -0.173096
v -0.333200 0.022788 -0.116788
v 0.147865 0.146755 0.185469
vn -0.0000 1.0000 -0.0000
vn -0.0000 -0.0000 -1.0000
vn 0.4285 -0.6970 0.5749
vn -1.0000 -0.0000 -0.0000
vn -0.0000 -0.0000 1.0000
vn 0.4264 -0.7007 -0.5720
vn 1.0000 -0.0000 -0.0000
vn -0.0000 -1.0000 -0.0000
vn -0.4291 -0.6960 -0.5757
vn -0.4313 -0.6922 0.5786
vt 0.018038 0.327146
vt 0.168253 0.178376
vt 0.167531 0.327868
vt 0.248409 0.482378
vt 0.332976 0.396365
vt 0.344339 0.464532
vt 0.318620 0.260180
vt 0.393055 0.168259
vt 0.404290 0.254580
vt 0.358861 0.656443
vt 0.313786 0.616668
vt 0.337288 0.578142
vt 0.232719 0.018411
vt 0.333864 0.018323
vt 0.331480 0.100951
vt 0.355133 0.570541
vt 0.355084 0.570545
vt 0.333053 0.396355
vt 0.331564 0.100954
vt 0.327954 0.185497
vt 0.318523 0.260181
vt 0.324411 0.325610
vt 0.318446 0.260178
vt 0.496034 0.246064
vt 0.479140 0.179498
vt 0.496144 0.246056
vt 0.412896 0.348638
vt 0.481792 0.334365
vt 0.412897 0.348751
vt 0.328062 0.185506
vt 0.393046 0.168153
vt 0.324486 0.325602
vt 0.328132 0.185563
vt 0.481715 0.334300
vt 0.344385 0.464525
vt 0.347620 0.500456
vt 0.276406 0.180948
vt 0.479079 0.179575
vt 0.324578 0.325522
vt 0.333946 0.018326
vt 0.283404 0.596052
vt 0.323363 0.565206
vt 0.168471 0.018323
vt 0.018761 0.177654
vt 0.252161 0.667341
vt 0.350443 0.529605
vt 0.358964 0.656439
vt 0.167953 0.488155
vt 0.178546 0.672999
s 0
usemtl bechar
f 5/1/1 3/2/1 1/3/1
f 36/4/2 25/5/2 9/6/2
f 24/7/3 32/8/3 33/9/3
f 10/10/4 19/11/4 34/12/4
f 28/13/5 10/14/5 27/15/5
f 21/16/1 10/10/1 17/17/1
f 29/18/1 9/6/1 25/5/1
f 30/19/1 12/20/1 27/15/1
f 22/21/1 11/22/1 20/23/1
f 23/24/1 14/25/1 21/26/1
f 31/27/1 13/28/1 29/29/1
f 32/8/1 16/30/1 30/31/1
f 24/7/1 15/32/1 22/21/1
f 4/33/1 22/21/1 16/30/1
f 6/34/1 21/26/1 13/28/1
f 16/30/1 20/23/1 12/20/1
f 13/35/1 21/16/1 37/36/1
f 31/27/6 24/7/6 33/9/6
f 20/23/7 38/37/7 12/20/7
f 36/4/2 1/3/2 11/22/2
f 31/27/8 23/24/8 6/34/8
f 8/38/1 30/31/1 14/25/1
f 2/39/1 29/29/1 15/32/1
f 14/40/1 27/15/1 10/14/1
f 15/32/1 25/5/1 11/22/1
f 37/36/4 36/4/4 9/6/4
f 23/24/8 32/8/8 8/38/8
f 18/41/4 36/4/4 35/42/4
f 28/13/5 3/2/5 7/43/5
f 1/3/7 38/37/7 20/23/7
f 5/1/1 7/44/1 3/2/1
f 36/4/2 11/22/2 25/5/2
f 24/7/8 4/33/8 32/8/8
f 10/10/4 28/45/4 19/11/4
f 19/11/4 18/41/4 34/12/4
f 34/12/4 35/42/4 17/17/4
f 35/42/4 26/46/4 17/17/4
f 17/17/4 10/10/4 34/12/4
f 27/15/5 12/20/5 38/37/5
f 38/37/5 28/13/5 27/15/5
f 21/16/1 14/47/1 10/10/1
f 29/18/1 13/35/1 9/6/1
f 30/19/1 16/30/1 12/20/1
f 22/21/1 15/32/1 11/22/1
f 23/24/1 8/38/1 14/25/1
f 31/27/1 6/34/1 13/28/1
f 32/8/1 4/33/1 16/30/1
f 24/7/1 2/39/1 15/32/1
f 4/33/1 24/7/1 22/21/1
f 6/34/1 23/24/1 21/26/1
f 16/30/1 22/21/1 20/23/1
f 21/16/1 17/17/1 26/46/1
f 37/36/1 9/6/1 13/35/1
f 21/16/4 26/46/4 37/36/4
f 31/27/8 2/39/8 24/7/8
f 36/4/2 5/48/2 1/3/2
f 31/27/9 33/9/9 23/24/9
f 8/38/1 32/8/1 30/31/1
f 2/39/1 31/27/1 29/29/1
f 14/40/1 30/19/1 27/15/1
f 15/32/1 29/18/1 25/5/1
f 23/24/10 33/9/10 32/8/10
f 37/36/4 26/46/4 35/42/4
f 35/42/4 34/12/4 18/41/4
f 18/41/4 19/11/4 28/45/4
f 28/45/4 7/49/4 18/41/4
f 7/49/4 5/48/4 18/41/4
f 5/48/4 36/4/4 18/41/4
f 36/4/4 37/36/4 35/42/4
f 28/13/5 38/37/5 3/2/5
f 20/23/7 11/22/7 1/3/7
f 1/3/7 3/2/7 38/37/7
o 円柱.001
v -0.233632 0.077671 -0.410346
v -0.013173 0.219824 -0.180860
v -0.221734 0.087656 -0.421289
v -0.001275 0.229809 -0.191803
v -0.212856 0.100230 -0.431810
v 0.007603 0.242384 -0.202324
v -0.207339 0.114912 -0.441507
v 0.013120 0.257065 -0.212021
v -0.205395 0.131136 -0.450006
v 0.015064 0.273289 -0.220520
v -0.207098 0.148279 -0.456982
v 0.013361 0.290432 -0.227496
v -0.212384 0.165682 -0.462165
v 0.008075 0.307836 -0.232679
v -0.221049 0.182677 -0.465356
v -0.000590 0.324830 -0.235870
v -0.232760 0.198610 -0.466434
v -0.012301 0.340763 -0.236948
v -0.247067 0.212869 -0.465356
v -0.026609 0.355022 -0.235871
v -0.263421 0.224906 -0.462165
v -0.042962 0.367060 -0.232679
v -0.281192 0.234259 -0.456982
v -0.060733 0.376412 -0.227496
v -0.299698 0.240567 -0.450007
v -0.079239 0.382721 -0.220521
v -0.318228 0.243590 -0.441507
v -0.097769 0.385743 -0.212021
v -0.336069 0.243209 -0.431810
v -0.115610 0.385363 -0.202324
v -0.352537 0.239441 -0.421289
v -0.132078 0.381595 -0.191803
v -0.366997 0.232430 -0.410347
v -0.146538 0.374584 -0.180861
v -0.342884 0.009538 -0.416512
v -0.346434 0.014099 -0.432141
v -0.352888 0.021061 -0.446545
v -0.361142 0.030709 -0.459170
v -0.371014 0.042585 -0.469531
v -0.382514 0.055982 -0.477230
v -0.394992 0.070517 -0.481971
v -0.407749 0.085776 -0.483571
v -0.420367 0.101124 -0.481971
v -0.432338 0.115987 -0.477230
v -0.443794 0.129412 -0.469531
v -0.454403 0.141678 -0.459170
v -0.461955 0.150913 -0.446545
v -0.467815 0.158259 -0.432141
v -0.472143 0.162318 -0.416512
v -0.264534 0.058971 -0.356027
v -0.036232 0.204956 -0.161716
v -0.270857 0.057206 -0.366969
v -0.044034 0.204617 -0.172400
v -0.262650 0.067373 -0.373047
v -0.033678 0.215766 -0.183180
v -0.256462 0.084463 -0.387187
v -0.028160 0.230448 -0.192876
v -0.254518 0.100687 -0.395687
v -0.025141 0.244661 -0.198049
v -0.256221 0.117830 -0.402662
v -0.026174 0.264212 -0.209467
v -0.261507 0.135233 -0.407845
v -0.033206 0.281218 -0.213534
v -0.270172 0.152228 -0.411037
v -0.041871 0.298213 -0.216726
v -0.281883 0.168161 -0.412114
v -0.053582 0.314146 -0.217803
v -0.296191 0.182420 -0.411037
v -0.067889 0.328405 -0.216726
v -0.312544 0.194457 -0.407845
v -0.084242 0.340442 -0.213534
v -0.330315 0.203809 -0.402662
v -0.102343 0.351412 -0.208881
v -0.348821 0.210118 -0.395687
v -0.120849 0.357721 -0.201906
v -0.367351 0.213140 -0.387187
v -0.141029 0.360386 -0.192490
v -0.385193 0.212760 -0.377490
v -0.401660 0.208992 -0.366969
v -0.397899 0.213730 -0.356027
v -0.169597 0.359715 -0.161716
v -0.171113 0.354991 -0.176830
v -0.156630 0.358649 -0.184861
v -0.351138 0.019563 -0.349838
v -0.479046 0.170586 -0.352592
v -0.344264 0.010557 -0.398374
v -0.250289 0.067591 -0.381067
v -0.346341 0.014325 -0.378566
v -0.475100 0.166354 -0.385321
v -0.381243 0.223809 -0.385304
v -0.380545 0.193593 -0.356027
v -0.464832 0.154558 -0.344564
v -0.433508 0.115249 -0.336910
v -0.351900 0.160353 -0.356027
v -0.393109 0.070837 -0.334351
v -0.319839 0.123149 -0.356027
v -0.371050 0.043519 -0.341344
v -0.286001 0.083882 -0.356027
v -0.264534 0.058971 -0.356027
v -0.270857 0.057206 -0.366969
v -0.262650 0.067373 -0.373047
v -0.256462 0.084463 -0.387187
v -0.254518 0.100687 -0.395687
v -0.256221 0.117830 -0.402662
v -0.261507 0.135233 -0.407845
v -0.270172 0.152228 -0.411037
v -0.281883 0.168161 -0.412114
v -0.296191 0.182420 -0.411037
v -0.312544 0.194457 -0.407845
v -0.330315 0.203809 -0.402662
v -0.348821 0.210118 -0.395687
v -0.367351 0.213140 -0.387187
v -0.385193 0.212760 -0.377490
v -0.401660 0.208992 -0.366969
v -0.397899 0.213730 -0.356027
v -0.479046 0.170586 -0.352592
v -0.380545 0.193593 -0.356027
v -0.351900 0.160353 -0.356027
v -0.319839 0.123149 -0.356027
v -0.286001 0.083882 -0.356027
vn 0.5971 -0.7982 -0.0791
vn 0.6888 -0.6850 -0.2374
vn 0.7494 -0.5373 -0.3871
vn 0.7740 -0.3641 -0.5180
vn 0.7623 -0.1775 -0.6224
vn 0.7178 0.0107 -0.6962
vn 0.6462 0.1907 -0.7389
vn 0.5538 0.3562 -0.7526
vn 0.4459 0.5033 -0.7401
vn 0.3266 0.6304 -0.7042
vn 0.1987 0.7362 -0.6469
vn 0.0646 0.8194 -0.5696
vn -0.0738 0.8780 -0.4730
vn -0.2138 0.9090 -0.3577
vn -0.3517 0.9087 -0.2250
vn -0.4819 0.8728 -0.0777
vn 0.2638 -0.3003 -0.9166
vn -0.1139 0.3072 -0.9448
vn 0.4003 -0.5829 -0.7071
vn 0.0297 0.1049 -0.9940
vn -0.3816 0.6287 -0.6776
vn 0.4989 -0.7949 -0.3453
vn 0.1866 -0.1562 -0.9699
vn -0.1958 0.4103 -0.8907
vn 0.3358 -0.4451 -0.8301
vn -0.0391 0.2061 -0.9778
vn -0.4749 0.7384 -0.4788
vn 0.4555 -0.7043 -0.5445
vn 0.1054 -0.0162 -0.9943
vn -0.2846 0.5199 -0.8054
vn 0.5330 -0.8460 0.0120
vn -0.5330 0.8460 -0.0120
vn -0.7280 0.4499 0.5174
vn -0.7078 0.5845 0.3967
vn -0.7094 0.2040 0.6747
vn -0.5844 -0.1481 0.7979
vn -0.7285 0.3844 0.5671
vn -0.4944 -0.3084 0.8127
vn -0.6529 0.0271 0.7569
vn -0.6716 0.6953 0.2561
vn 0.6136 0.3075 0.7273
vn 0.5859 0.3547 0.7287
vn 0.5646 0.3884 0.7283
vn 0.5466 0.4153 0.7271
vn 0.5302 0.4388 0.7255
vn 0.5140 0.4611 0.7233
vn 0.4968 0.4839 0.7205
vn 0.4769 0.5090 0.7166
vn 0.4517 0.5392 0.7108
vn 0.4160 0.5793 0.7009
vn 0.3565 0.6397 0.6810
vn 0.2286 0.7463 0.6251
vn -0.3642 0.9247 0.1111
vn 0.3666 -0.8979 0.2439
vn 0.2898 0.2204 0.9314
vn -0.3916 -0.4534 0.8007
vn -0.2788 -0.5814 0.7644
vn -0.1559 -0.6887 0.7081
vn 0.1015 -0.8467 0.5223
vn -0.0290 -0.7784 0.6271
vn 0.2338 -0.8883 0.3953
vn 0.3639 -0.8978 0.2481
vn -0.5534 0.8324 -0.0283
vn 0.4166 -0.8795 0.2299
vn 0.5236 -0.8475 0.0875
vn -0.1415 0.3401 0.9297
vn 0.4781 -0.8523 0.2122
vn -0.5221 0.8529 -0.0034
vn 0.0327 0.2160 0.9758
vn 0.1314 0.1757 0.9756
vn 0.2905 -0.0104 0.9568
vn 0.2350 -0.1455 0.9611
vn 0.5935 0.3745 0.7124
vn 0.7995 -0.1960 0.5678
vn -0.7836 -0.6210 0.0177
vn -0.0000 1.0000 -0.0000
vn 0.2253 0.7504 0.6214
vn 0.5538 0.3561 -0.7526
vn 0.2231 -0.2154 -0.9507
vn -0.1719 0.3756 -0.9107
vn 0.3491 -0.4673 -0.8122
vn 0.0186 0.1188 -0.9927
vn -0.4536 0.7056 -0.5444
vn 0.4765 -0.7372 -0.4790
vn 0.1600 -0.1028 -0.9817
vn -0.2590 0.4827 -0.8366
vn 0.2858 -0.3367 -0.8972
vn -0.0741 0.2484 -0.9658
vn -0.5181 0.7820 -0.3466
vn 0.4136 -0.6049 -0.6805
vn 0.0956 0.0029 -0.9954
vn -0.3786 0.6244 -0.6832
vn 0.5403 -0.8414 -0.0027
vn -0.5403 0.8414 0.0027
vn -0.6824 0.6727 0.2859
vn -0.7164 0.5515 0.4274
vn -0.7205 0.3209 0.6147
vn -0.7286 0.3656 0.5793
vn -0.6204 -0.0697 0.7812
vn -0.6326 0.7549 0.1729
vn 0.6447 -0.7570 0.1062
vn 0.7256 -0.6131 0.3125
vn 0.3463 -0.8984 0.2700
vn 0.5131 -0.5001 0.6975
vn 0.6312 -0.7561 0.1730
vn 0.6641 -0.3024 0.6838
vn 0.4299 -0.4664 0.7731
vn 0.5510 -0.0919 0.8294
vn 0.4772 0.0168 0.8786
vn 0.3374 -0.0497 0.9401
vn 0.4204 0.0269 0.9069
vn 0.3823 0.1064 0.9179
vn 0.3429 0.1366 0.9294
vn 0.3152 0.1812 0.9316
vn 0.2649 0.2576 0.9292
vn 0.2386 0.2954 0.9251
vn 0.2086 0.3368 0.9182
vn 0.1940 0.3862 0.9018
vn 0.1387 0.4465 0.8840
vn 0.1473 0.5060 0.8499
vn 0.1452 0.5726 0.8069
vn -0.0090 0.7435 0.6686
vn -0.2216 0.8812 0.4175
vn -0.5013 0.7953 0.3409
vn -0.2053 0.5919 0.7794
vn 0.1848 0.3002 0.9358
vn 0.1462 0.5047 0.8509
vn 0.3140 0.1185 0.9420
vn 0.3934 -0.1952 0.8984
vn -0.0292 0.3473 0.9373
vn -0.2063 -0.6504 0.7310
vn 0.1231 -0.8539 0.5056
vn 0.2740 -0.8931 0.3569
vn 0.3642 -0.8978 0.2478
vn -0.5379 0.8228 -0.1836
vn -0.5155 0.8422 -0.1579
vn 0.4843 -0.8745 -0.0255
vn 0.5276 -0.8295 -0.1832
vn 0.0964 0.0831 0.9919
vn 0.5187 -0.8549 0.0008
vn -0.4683 0.8673 -0.1686
vn 0.1553 0.1338 0.9788
vn 0.1780 0.1534 0.9720
vn 0.1210 0.1042 0.9872
vn 0.0512 0.0441 0.9977
vn 0.6541 0.2301 0.7205
vn 0.4363 0.3760 0.8175
vn 0.2768 0.8491 0.4498
vn -0.4019 0.9117 0.0852
vn 0.5424 0.0630 0.8378
vn -0.7514 -0.6582 0.0464
vn -0.7538 -0.6568 -0.0204
vn -0.7743 -0.6329 0.0052
vn -0.7017 -0.7118 -0.0296
vn -0.7548 -0.6560 -0.0079
vn -0.7719 -0.6358 0.0067
vn -0.7618 -0.6477 0.0109
vn -0.7605 -0.6493 0.0111
vn -0.7677 -0.6407 0.0112
vn -0.7718 -0.6358 0.0121
vn -0.7765 -0.6299 0.0142
vn -0.7598 -0.6502 0.0032
vn -0.7266 -0.6839 0.0656
vn -0.7817 -0.6236 -0.0000
vn -0.7445 -0.6668 -0.0330
vn -0.7471 -0.6646 -0.0041
vn -0.7790 -0.6270 0.0073
vn -0.7685 -0.6398 -0.0087
vn -0.7392 -0.6733 -0.0146
vn -0.7712 -0.6365 -0.0127
vn -0.7814 -0.6233 -0.0298
vn 0.6657 0.5737 -0.4772
vn 0.5693 0.4906 0.6598
vn 0.5279 0.4550 0.7171
vn 0.5030 0.4955 0.7081
vn 0.6118 0.5272 0.5898
vn 0.4798 0.5200 0.7067
vn 0.5913 0.0048 0.8065
vn 0.6973 0.2653 0.6659
vn 0.6904 0.2961 0.6600
vn 0.5657 0.3885 0.7274
vn 0.5714 0.3574 0.7388
vn 0.5364 0.4429 0.7184
vn 0.5536 0.4176 0.7205
vn 0.5158 0.4631 0.7207
vn 0.4517 0.5388 0.7111
vn 0.3080 0.7418 0.5957
vn 0.4207 0.5493 0.7219
vt 0.731556 0.075864
vt 0.604148 0.078629
vt 0.603680 0.070307
vt 0.735506 0.074758
vt 0.601566 0.062091
vt 0.740399 0.072079
vt 0.597791 0.054121
vt 0.592339 0.046551
vt 0.753711 0.059337
vt 0.585195 0.039559
vt 0.740928 0.053216
vt 0.576467 0.033316
vt 0.566263 0.027970
vt 0.719190 0.048178
vt 0.554689 0.023658
vt 0.541847 0.020505
vt 0.701643 0.047790
vt 0.527839 0.018630
vt 0.694022 0.048646
vt 0.512766 0.018145
vt 0.686989 0.050017
vt 0.496730 0.019155
vt 0.680595 0.051743
vt 0.479839 0.021759
vt 0.674765 0.053743
vt 0.462198 0.026049
vt 0.669372 0.055905
vt 0.443920 0.032109
vt 0.664490 0.058030
vt 0.425122 0.040020
vt 0.924193 0.454857
vt 0.892637 0.411112
vt 0.889768 0.413214
vt 0.883227 0.471772
vt 0.890965 0.472405
vt 0.875731 0.417950
vt 0.930332 0.440941
vt 0.897334 0.406560
vt 0.895184 0.408650
vt 0.898723 0.471552
vt 0.906149 0.469207
vt 0.883208 0.416391
vt 0.862592 0.462235
vt 0.868801 0.466467
vt 0.863967 0.417529
vt 0.931228 0.426328
vt 0.900350 0.401215
vt 0.899071 0.404095
vt 0.919191 0.460784
vt 0.886616 0.414970
vt 0.875778 0.469753
vt 0.871705 0.418020
vt 0.927927 0.448148
vt 0.879571 0.417368
vt 0.857039 0.457237
vt 0.859648 0.415785
vt 0.931388 0.433571
vt 0.913090 0.465645
vt 0.867825 0.418267
vt 0.606915 0.081326
vt 0.606124 0.085415
vt 0.660076 0.060288
vt 0.412351 0.058598
vt 0.400315 0.084787
vt 0.730118 0.071959
vt 0.728744 0.074880
vt 0.582454 0.113125
vt 0.591675 0.108635
vt 0.729893 0.074269
vt 0.561708 0.123682
vt 0.572905 0.118816
vt 0.732442 0.072451
vt 0.533835 0.130286
vt 0.548623 0.127553
vt 0.724085 0.068182
vt 0.731106 0.073043
vt 0.517403 0.131751
vt 0.715466 0.067197
vt 0.730079 0.069226
vt 0.596303 0.099527
vt 0.892811 0.029384
vt 0.918571 0.034367
vt 0.924167 0.029681
vt 0.887215 0.034069
vt 0.913983 0.040021
vt 0.910580 0.046439
vt 0.882627 0.039723
vt 0.879224 0.046142
vt 0.908492 0.053384
vt 0.877136 0.053087
vt 0.907799 0.060596
vt 0.877172 0.067507
vt 0.908528 0.067805
vt 0.879294 0.074442
vt 0.882729 0.080843
vt 0.914086 0.081141
vt 0.910651 0.074739
vt 0.887344 0.086475
vt 0.918701 0.086772
vt 0.892962 0.091135
vt 0.924318 0.091433
vt 0.899366 0.094670
vt 0.906309 0.097011
vt 0.937666 0.097308
vt 0.930722 0.094968
vt 0.913240 0.099409
vt 0.925760 0.098907
vt 0.656346 0.065479
vt 0.659561 0.068975
vt 0.696353 0.066028
vt 0.705931 0.066527
vt 0.499472 0.131751
vt 0.687195 0.065613
vt 0.480187 0.130108
vt 0.678512 0.064712
vt 0.459632 0.126662
vt 0.664269 0.063486
vt 0.415321 0.113684
vt 0.437978 0.121253
vt 0.670858 0.064328
vt 0.659879 0.064531
vt 0.391992 0.103781
vt 0.368196 0.091391
vt 0.855298 0.412918
vt 0.840053 0.443761
vt 0.852023 0.451698
vt 0.928976 0.382411
vt 0.898910 0.385803
vt 0.899934 0.392202
vt 0.930071 0.419192
vt 0.900534 0.397323
vt 0.825326 0.331237
vt 0.833745 0.390418
vt 0.843702 0.383505
vt 0.932811 0.399903
vt 0.846295 0.405095
vt 0.825316 0.433155
vt 0.846651 0.332236
vt 0.860784 0.376990
vt 0.872197 0.337135
vt 0.880365 0.378524
vt 0.897622 0.348858
vt 0.891190 0.381635
vt 0.918291 0.368281
vt 0.899200 0.025822
vt 0.932549 0.025650
vt 0.913311 0.022105
vt 0.840311 0.310993
vt 0.831243 0.319975
vt 0.840320 0.311004
vt 0.825316 0.331207
vt 0.825327 0.331213
vt 0.933165 0.317819
vt 0.924110 0.308195
vt 0.933152 0.317828
vt 0.918315 0.368259
vt 0.897641 0.348830
vt 0.872208 0.337104
vt 0.846654 0.332211
vt 0.943176 0.368477
vt 0.943165 0.368474
vt 0.938733 0.378127
vt 0.938742 0.378136
vt 0.928983 0.382391
vt 0.944809 0.355160
vt 0.943436 0.342148
vt 0.944795 0.355159
vt 0.900162 0.296326
vt 0.900158 0.296338
vt 0.912607 0.300780
vt 0.939655 0.329332
vt 0.939641 0.329338
vt 0.132906 0.579230
vt 0.132938 0.546717
vt 0.132938 0.579211
vt 0.924119 0.308183
vt 0.873531 0.295041
vt 0.873533 0.295056
vt 0.887096 0.294168
vt 0.943451 0.342145
vt 0.861213 0.298730
vt 0.861218 0.298743
vt 0.850397 0.304345
vt 0.850403 0.304355
vt 0.746285 0.067286
vt 0.729344 0.049959
vt 0.710001 0.047568
vt 0.876443 0.060299
vt 0.940062 0.102077
vt 0.906071 0.023277
vt 0.927946 0.022772
vt 0.937878 0.024452
vt 0.940062 0.019582
vt 0.831231 0.319966
vt 0.912615 0.300765
vt 0.132906 0.546735
vt 0.887097 0.294151
s 0
usemtl bechar
f 40/50/11 39/51/11 41/52/11
f 42/53/12 41/52/12 43/54/12
f 44/55/13 43/54/13 45/56/13
f 45/56/14 47/57/14 48/58/14
f 48/58/15 47/57/15 49/59/15
f 50/60/16 49/59/16 51/61/16
f 51/61/17 53/62/17 54/63/17
f 54/63/18 53/62/18 55/64/18
f 55/64/19 57/65/19 58/66/19
f 57/65/20 59/67/20 60/68/20
f 60/68/21 59/67/21 61/69/21
f 62/70/22 61/69/22 63/71/22
f 64/72/23 63/71/23 65/73/23
f 66/74/24 65/73/24 67/75/24
f 68/76/25 67/75/25 69/77/25
f 70/78/26 69/77/26 71/79/26
f 49/80/27 77/81/27 78/82/27
f 61/83/28 59/84/28 82/85/28
f 45/86/29 75/87/29 76/88/29
f 57/89/30 55/90/30 80/91/30
f 67/92/31 65/93/31 85/94/31
f 41/95/32 73/96/32 74/97/32
f 51/98/33 78/82/33 79/99/33
f 63/100/34 61/83/34 83/101/34
f 47/102/35 76/88/35 77/81/35
f 59/84/36 57/89/36 81/103/36
f 69/104/37 67/92/37 86/105/37
f 43/106/38 74/97/38 75/87/38
f 53/107/39 79/99/39 80/91/39
f 65/93/40 63/100/40 84/108/40
f 125/109/41 40/50/41 88/110/41
f 72/111/42 128/112/42 118/113/42
f 88/110/43 89/114/43 91/115/43
f 94/116/44 92/117/44 93/118/44
f 98/119/45 96/120/45 97/121/45
f 102/122/46 100/123/46 101/124/46
f 96/120/47 94/116/47 95/125/47
f 104/126/48 102/122/48 103/127/48
f 100/123/49 98/119/49 99/128/49
f 92/117/50 90/129/50 91/115/50
f 45/130/51 96/131/51 94/132/51
f 47/133/52 98/134/52 96/131/52
f 100/135/53 49/136/53 51/137/53
f 102/138/54 51/137/54 53/139/54
f 53/139/55 104/140/55 102/138/55
f 57/141/56 106/142/56 104/140/56
f 106/142/57 57/141/57 59/143/57
f 61/144/58 110/145/58 108/146/58
f 63/147/59 112/148/59 110/145/59
f 65/149/60 114/150/60 112/148/60
f 114/150/61 65/149/61 67/151/61
f 69/152/62 117/153/62 116/154/62
f 71/155/63 128/156/63 69/152/63
f 120/157/64 119/158/64 118/113/64
f 107/159/65 105/160/65 58/66/65
f 104/126/66 105/160/66 107/159/66
f 106/161/67 109/162/67 108/163/67
f 111/164/68 110/165/68 108/163/68
f 115/166/69 114/167/69 112/168/69
f 110/165/70 111/164/70 113/169/70
f 114/167/71 121/170/71 116/171/71
f 116/171/72 120/157/72 117/172/72
f 87/173/73 128/174/73 71/175/73
f 88/176/74 122/177/74 126/178/74
f 39/179/75 124/180/75 73/96/75
f 118/181/76 123/182/76 130/183/76
f 125/184/77 126/178/77 124/180/77
f 127/185/78 118/186/78 128/174/78
f 129/187/79 130/183/79 131/188/79
f 132/189/80 131/188/80 133/190/80
f 134/191/81 133/190/81 135/192/81
f 136/193/82 135/192/82 122/177/82
f 43/194/83 94/132/83 92/195/83
f 92/195/84 39/196/84 43/194/84
f 130/183/85 127/185/85 131/188/85
f 116/197/86 152/198/86 151/199/86
f 118/200/86 153/201/86 152/198/86
f 100/202/86 144/203/86 143/204/86
f 136/193/86 158/205/86 157/206/86
f 132/189/86 156/207/86 155/208/86
f 92/209/86 139/210/86 138/211/86
f 129/187/86 155/208/86 153/201/86
f 90/212/86 138/211/86 137/213/86
f 94/214/86 141/215/86 140/216/86
f 106/217/86 146/218/86 145/219/86
f 98/220/86 143/204/86 142/221/86
f 88/176/86 137/213/86 158/205/86
f 118/222/86 154/223/86 153/224/86
f 92/209/86 140/216/86 139/210/86
f 102/225/86 145/219/86 144/203/86
f 110/226/86 148/227/86 147/228/86
f 134/191/86 157/206/86 156/207/86
f 106/217/86 147/228/86 146/218/86
f 96/229/86 142/221/86 141/215/86
f 112/230/86 149/231/86 148/227/86
f 114/232/86 150/233/86 149/231/86
f 114/232/86 151/199/86 150/233/86
f 155/208/87 151/199/87 152/198/87
f 40/50/11 41/52/11 42/53/11
f 42/53/12 43/54/12 44/55/12
f 44/55/13 45/56/13 46/234/13
f 45/56/14 48/58/14 46/234/14
f 48/58/15 49/59/15 50/60/15
f 50/60/16 51/61/16 52/235/16
f 51/61/17 54/63/17 52/235/17
f 54/63/88 55/64/88 56/236/88
f 55/64/19 58/66/19 56/236/19
f 57/65/20 60/68/20 58/66/20
f 60/68/21 61/69/21 62/70/21
f 62/70/22 63/71/22 64/72/22
f 64/72/23 65/73/23 66/74/23
f 66/74/24 67/75/24 68/76/24
f 68/76/25 69/77/25 70/78/25
f 70/78/26 71/79/26 72/111/26
f 49/80/89 78/82/89 51/98/89
f 61/83/90 82/85/90 83/101/90
f 45/86/91 76/88/91 47/102/91
f 57/89/92 80/91/92 81/103/92
f 67/92/93 85/94/93 86/105/93
f 41/95/94 74/97/94 43/106/94
f 51/98/95 79/99/95 53/107/95
f 63/100/96 83/101/96 84/108/96
f 47/102/97 77/81/97 49/80/97
f 59/84/98 81/103/98 82/85/98
f 69/104/99 86/105/99 87/173/99
f 43/106/100 75/87/100 45/86/100
f 53/107/101 80/91/101 55/90/101
f 65/93/102 84/108/102 85/94/102
f 89/114/103 88/110/103 40/50/103
f 40/50/41 125/109/41 39/51/41
f 128/112/42 72/111/42 71/79/42
f 72/111/104 118/113/104 119/158/104
f 88/110/105 91/115/105 90/129/105
f 94/116/106 93/118/106 95/125/106
f 98/119/107 97/121/107 99/128/107
f 102/122/46 101/124/46 103/127/46
f 96/120/108 95/125/108 97/121/108
f 104/126/48 103/127/48 105/160/48
f 100/123/109 99/128/109 101/124/109
f 92/117/110 91/115/110 93/118/110
f 45/130/51 47/133/51 96/131/51
f 47/133/52 49/136/52 98/134/52
f 100/135/53 98/134/53 49/136/53
f 102/138/54 100/135/54 51/137/54
f 53/139/55 55/237/55 104/140/55
f 57/141/56 104/140/56 55/237/56
f 106/142/57 59/143/57 108/146/57
f 61/144/58 108/146/58 59/143/58
f 63/147/59 110/145/59 61/144/59
f 65/149/60 112/148/60 63/147/60
f 114/150/61 67/151/61 116/154/61
f 69/152/62 116/154/62 67/151/62
f 128/156/111 118/238/111 117/153/111
f 128/156/112 117/153/112 69/152/112
f 120/157/113 118/113/113 117/172/113
f 121/170/114 72/111/114 120/157/114
f 120/157/115 72/111/115 119/158/115
f 72/111/116 115/166/116 70/78/116
f 121/170/117 115/166/117 72/111/117
f 70/78/118 113/169/118 68/76/118
f 68/76/119 111/164/119 66/74/119
f 113/169/120 111/164/120 68/76/120
f 66/74/121 111/164/121 64/72/121
f 64/72/122 109/162/122 62/70/122
f 62/70/123 109/162/123 60/68/123
f 60/68/124 107/159/124 58/66/124
f 109/162/124 107/159/124 60/68/124
f 58/66/65 105/160/65 56/236/65
f 56/236/125 105/160/125 54/63/125
f 54/63/126 103/127/126 52/235/126
f 52/235/127 101/124/127 50/60/127
f 103/127/126 101/124/126 52/235/126
f 50/60/128 101/124/128 48/58/128
f 48/58/129 99/128/129 46/234/129
f 46/234/130 99/128/130 44/55/130
f 44/55/131 97/121/131 42/53/131
f 42/53/132 95/125/132 40/50/132
f 40/50/133 93/118/133 89/114/133
f 89/114/134 93/118/134 91/115/134
f 40/50/135 95/125/135 93/118/135
f 48/58/136 101/124/136 99/128/136
f 44/55/137 99/128/137 97/121/137
f 105/160/125 103/127/125 54/63/125
f 64/72/138 111/164/138 109/162/138
f 115/166/139 113/169/139 70/78/139
f 42/53/140 97/121/140 95/125/140
f 104/126/66 107/159/66 106/161/66
f 106/161/67 107/159/67 109/162/67
f 111/164/141 108/163/141 109/162/141
f 115/166/142 112/168/142 113/169/142
f 110/165/70 113/169/70 112/168/70
f 114/167/143 115/166/143 121/170/143
f 116/171/144 121/170/144 120/157/144
f 71/175/145 69/104/145 87/173/145
f 87/173/146 127/185/146 128/174/146
f 88/176/147 126/178/147 125/184/147
f 39/179/148 73/96/148 41/95/148
f 118/181/149 130/183/149 129/187/149
f 125/184/150 124/180/150 39/179/150
f 127/185/151 123/182/151 118/186/151
f 129/187/152 131/188/152 132/189/152
f 132/189/153 133/190/153 134/191/153
f 134/191/154 135/192/154 136/193/154
f 136/193/155 122/177/155 88/176/155
f 43/194/156 45/130/156 94/132/156
f 41/239/157 43/194/157 39/196/157
f 39/196/158 92/195/158 125/240/158
f 125/240/159 90/241/159 88/242/159
f 90/241/160 125/240/160 92/195/160
f 126/178/161 133/190/161 124/180/161
f 124/180/162 74/97/162 73/96/162
f 133/190/163 76/88/163 124/180/163
f 74/97/164 124/180/164 75/87/164
f 75/87/165 124/180/165 76/88/165
f 76/88/166 133/190/166 77/81/166
f 77/81/167 133/190/167 78/82/167
f 78/82/168 133/190/168 79/99/168
f 79/99/169 133/190/169 80/91/169
f 80/91/170 133/190/170 81/103/170
f 81/103/171 133/190/171 82/85/171
f 82/85/172 133/190/172 83/101/172
f 83/101/173 85/94/173 84/108/173
f 85/94/174 131/188/174 86/105/174
f 86/105/175 131/188/175 87/173/175
f 127/185/176 130/183/176 123/182/176
f 87/173/177 131/188/177 127/185/177
f 83/101/178 131/188/178 85/94/178
f 133/190/179 131/188/179 83/101/179
f 122/177/180 135/192/180 126/178/180
f 133/190/181 126/178/181 135/192/181
f 116/197/86 117/243/86 152/198/86
f 118/200/86 152/198/86 117/243/86
f 100/202/86 102/225/86 144/203/86
f 136/193/86 157/206/86 134/191/86
f 132/189/86 155/208/86 129/187/86
f 92/209/86 138/211/86 90/212/86
f 129/187/86 153/201/86 118/181/86
f 90/212/86 137/213/86 88/176/86
f 94/214/86 96/229/86 141/215/86
f 106/217/86 145/219/86 104/244/86
f 98/220/86 100/202/86 143/204/86
f 88/176/86 158/205/86 136/193/86
f 118/222/86 123/245/86 154/223/86
f 92/209/86 94/214/86 140/216/86
f 102/225/86 104/244/86 145/219/86
f 110/226/86 147/228/86 108/246/86
f 134/191/86 156/207/86 132/189/86
f 106/217/86 108/246/86 147/228/86
f 96/229/86 98/220/86 142/221/86
f 112/230/86 148/227/86 110/226/86
f 114/232/86 149/231/86 112/230/86
f 114/232/86 116/197/86 151/199/86
f 138/211/182 158/205/182 137/213/182
f 158/205/183 141/215/183 157/206/183
f 157/206/184 146/218/184 156/207/184
f 146/218/185 147/228/185 156/207/185
f 155/208/182 152/198/182 153/201/182
f 156/207/186 150/233/186 155/208/186
f 147/228/187 148/227/187 156/207/187
f 139/210/188 158/205/188 138/211/188
f 141/215/189 158/205/189 140/216/189
f 140/216/190 158/205/190 139/210/190
f 143/204/191 157/206/191 142/221/191
f 142/221/192 157/206/192 141/215/192
f 145/219/193 157/206/193 144/203/193
f 144/203/194 157/206/194 143/204/194
f 146/218/195 157/206/195 145/219/195
f 149/231/196 156/207/196 148/227/196
f 151/199/197 155/208/197 150/233/197
f 150/233/198 156/207/198 149/231/198
o 立方体
v -0.527179 -0.119876 -0.329039
v -0.293160 0.031021 -0.304813
v -0.670934 0.046940 -0.329039
v -0.436915 0.197837 -0.304813
v -0.527193 -0.119885 -0.485342
v -0.293146 0.031030 -0.509333
v -0.670948 0.046931 -0.485342
v -0.436901 0.197846 -0.509333
v -0.539198 0.131885 -0.461249
v -0.395443 -0.034932 -0.461249
v -0.539198 0.131885 -0.353038
v -0.395443 -0.034932 -0.353038
vn -0.0663 -0.0571 0.9962
vn -0.5419 0.8404 -0.0000
vn -0.0656 -0.0566 -0.9962
vn -0.1157 -0.0997 -0.9883
vn 0.7575 0.6528 0.0001
vn -0.1162 -0.1001 0.9882
vn -0.7575 -0.6528 -0.0000
vn 0.5419 -0.8404 -0.0000
vt 0.097330 0.659942
vt 0.017661 0.562668
vt 0.097330 0.562668
vt 0.871861 0.799789
vt 0.973296 0.771773
vt 0.912124 0.847422
vt 0.865299 0.849022
vt 0.934456 0.875927
vt 0.874019 0.847168
vt 0.778864 0.772587
vt 0.875602 0.909995
vt 0.769795 0.927457
vt 0.898383 0.868090
vt 0.017661 0.659942
vt 0.894505 0.845917
vt 0.973296 0.966174
s 0
usemtl bechar
f 160/247/199 161/248/199 159/249/199
f 169/250/200 162/251/200 166/252/200
f 165/253/201 164/254/201 163/255/201
f 161/256/202 170/257/202 159/258/202
f 162/251/203 164/254/203 166/252/203
f 168/259/204 165/253/204 163/255/204
f 169/250/205 168/259/205 170/257/205
f 170/257/206 168/259/206 164/254/206
f 160/247/199 162/260/199 161/248/199
f 169/250/200 161/256/200 162/251/200
f 166/252/200 165/253/200 167/261/200
f 167/261/200 169/250/200 166/252/200
f 165/253/201 166/252/201 164/254/201
f 161/256/202 169/250/202 170/257/202
f 162/251/203 160/262/203 164/254/203
f 168/259/204 167/261/204 165/253/204
f 169/250/205 167/261/205 168/259/205
f 160/262/206 159/258/206 170/257/206
f 168/259/206 163/255/206 164/254/206
f 160/262/206 170/257/206 164/254/206
o 球
v -0.095446 0.800712 -0.106552
v -0.076694 0.760553 -0.167760
v -0.076694 0.673744 -0.219726
v -0.076694 0.626763 -0.223989
v -0.076694 0.579782 -0.219726
v -0.076694 0.492972 -0.167760
v -0.065629 0.862952 -0.025749
v -0.073741 0.822966 -0.066566
v -0.063935 0.800712 -0.104184
v -0.055340 0.770764 -0.137156
v -0.029535 0.760553 -0.164216
v -0.024293 0.718919 -0.203163
v -0.021066 0.673744 -0.215545
v -0.019976 0.626763 -0.219726
v -0.021066 0.579782 -0.215545
v -0.024293 0.534606 -0.184323
v -0.029535 0.492972 -0.164216
v -0.036588 0.456480 -0.137156
v -0.045183 0.426531 -0.104184
v -0.054989 0.404278 -0.066566
v -0.065629 0.390574 -0.025749
v -0.054989 0.862952 -0.023286
v -0.052870 0.822966 -0.061735
v -0.033635 0.800712 -0.097170
v -0.016776 0.770764 -0.128229
v 0.015812 0.760553 -0.153719
v 0.026093 0.718919 -0.172659
v 0.032424 0.673744 -0.184323
v 0.034562 0.626763 -0.188261
v 0.032424 0.579782 -0.184323
v 0.026093 0.534606 -0.172659
v 0.015812 0.492972 -0.153719
v 0.001976 0.456480 -0.128229
v -0.014883 0.426531 -0.097170
v -0.034118 0.404278 -0.061735
v -0.054989 0.390574 -0.023286
v -0.045183 0.862952 -0.019286
v -0.014883 0.849248 -0.053890
v 0.013041 0.826994 -0.085780
v 0.037517 0.797045 -0.113733
v 0.057604 0.760553 -0.136673
v 0.072530 0.718919 -0.153719
v 0.081721 0.673744 -0.164216
v 0.084825 0.626763 -0.167760
v 0.081721 0.579782 -0.164216
v 0.072530 0.534606 -0.153719
v 0.057604 0.492972 -0.136673
v 0.037517 0.456480 -0.113733
v 0.013041 0.426531 -0.085780
v -0.014883 0.404278 -0.053890
v -0.045183 0.390574 -0.019286
v -0.036588 0.862952 -0.013904
v 0.001976 0.849248 -0.043332
v 0.037517 0.826994 -0.070452
v 0.068669 0.797045 -0.094224
v 0.094235 0.760553 -0.113733
v 0.113232 0.718919 -0.128229
v 0.124930 0.673744 -0.137156
v 0.128880 0.626763 -0.140170
v 0.124930 0.579782 -0.137156
v 0.113232 0.534606 -0.128229
v 0.094235 0.492972 -0.113733
v 0.068669 0.456480 -0.094224
v 0.037517 0.426531 -0.070452
v 0.001976 0.404278 -0.043332
v -0.036588 0.390574 -0.013904
v -0.029535 0.862952 -0.007345
v 0.015812 0.849248 -0.030466
v 0.057604 0.826994 -0.051775
v 0.094235 0.797045 -0.070452
v 0.124297 0.760553 -0.085780
v 0.146635 0.718919 -0.097170
v 0.160391 0.673744 -0.104184
v 0.165036 0.626763 -0.106552
v 0.160391 0.579782 -0.104184
v 0.146635 0.534606 -0.097170
v 0.124297 0.492972 -0.085780
v 0.094235 0.456480 -0.070452
v 0.057604 0.426531 -0.051775
v 0.015812 0.404278 -0.030466
v -0.029535 0.390574 -0.007345
v -0.076694 0.867579 0.016700
v -0.024293 0.862952 0.000138
v 0.026093 0.849248 -0.015789
v 0.072530 0.826994 -0.030466
v 0.113232 0.797045 -0.043332
v 0.146635 0.760553 -0.053890
v 0.171456 0.718919 -0.061735
v 0.186741 0.673744 -0.066566
v 0.191902 0.626763 -0.068198
v 0.186741 0.579782 -0.066566
v 0.171456 0.534606 -0.061735
v 0.146635 0.492972 -0.053890
v 0.113232 0.456480 -0.043332
v 0.072530 0.426531 -0.030466
v 0.026093 0.404278 -0.015789
v -0.024293 0.390574 0.000138
v -0.021066 0.862952 0.008257
v 0.032424 0.849248 0.000138
v 0.081721 0.826994 -0.007345
v 0.124930 0.797045 -0.013904
v 0.160391 0.760553 -0.019286
v 0.186741 0.718919 -0.023286
v 0.202967 0.673744 -0.025749
v 0.208446 0.626763 -0.026580
v 0.202967 0.579782 -0.025749
v 0.186741 0.534606 -0.023286
v 0.160391 0.492972 -0.019286
v 0.124930 0.456480 -0.013904
v 0.081721 0.426531 -0.007345
v 0.032424 0.404278 0.000138
v -0.021066 0.390574 0.008257
v -0.019976 0.862952 0.016700
v 0.034562 0.849248 0.016700
v 0.084825 0.826994 0.016700
v 0.128880 0.797045 0.016700
v 0.165036 0.760553 0.016700
v 0.191902 0.718919 0.016700
v 0.208446 0.673744 0.016700
v 0.214032 0.626763 0.016700
v 0.208446 0.579782 0.016700
v 0.191902 0.534606 0.016700
v 0.165036 0.492972 0.016700
v 0.128880 0.456480 0.016700
v 0.084825 0.426531 0.016700
v 0.034562 0.404278 0.016700
v -0.019976 0.390574 0.016700
v -0.021066 0.862952 0.025144
v 0.032424 0.849248 0.033263
v 0.081721 0.826994 0.040746
v 0.124930 0.797045 0.047304
v 0.160391 0.760553 0.052687
v 0.186741 0.718919 0.056686
v 0.202967 0.673744 0.059149
v 0.208446 0.626763 0.059981
v 0.202967 0.579782 0.059149
v 0.186741 0.534606 0.056686
v 0.160391 0.492972 0.052687
v 0.124930 0.456480 0.047304
v 0.081721 0.426531 0.040746
v 0.032424 0.404278 0.033263
v -0.021066 0.390574 0.025144
v -0.024293 0.862952 0.033263
v 0.026093 0.849248 0.049189
v 0.072530 0.826994 0.063867
v 0.113232 0.797045 0.076732
v 0.146635 0.760553 0.087290
v 0.171456 0.718919 0.095136
v 0.186741 0.673744 0.099967
v 0.191902 0.626763 0.101598
v 0.186741 0.579782 0.099967
v 0.171456 0.534606 0.095136
v 0.146635 0.492972 0.087290
v 0.113232 0.456480 0.076732
v 0.072530 0.426531 0.063867
v 0.026093 0.404278 0.049189
v -0.024293 0.390574 0.033263
v -0.029535 0.862952 0.040746
v 0.015812 0.849248 0.063867
v 0.057604 0.826994 0.085176
v 0.094235 0.797045 0.103853
v 0.124297 0.760553 0.119181
v 0.146635 0.718919 0.130571
v 0.160391 0.673744 0.137585
v 0.165036 0.626763 0.139953
v 0.160391 0.579782 0.137585
v 0.146635 0.534606 0.130571
v 0.124297 0.492972 0.119181
v 0.094235 0.456480 0.103853
v 0.057604 0.426531 0.085176
v 0.015812 0.404278 0.063867
v -0.029535 0.390574 0.040746
v -0.036588 0.862952 0.047304
v 0.001976 0.849248 0.076732
v 0.037517 0.826994 0.103853
v 0.068669 0.797045 0.127625
v 0.094235 0.760553 0.147133
v 0.113232 0.718919 0.161630
v 0.124930 0.673744 0.170557
v 0.128880 0.626763 0.173571
v 0.124930 0.579782 0.170557
v 0.113232 0.534606 0.161630
v 0.094235 0.492972 0.147133
v 0.068669 0.456480 0.127625
v 0.037517 0.426531 0.103853
v 0.001976 0.404278 0.076732
v -0.036588 0.390574 0.047304
v -0.045183 0.862952 0.052687
v -0.014883 0.849248 0.087290
v 0.013041 0.826994 0.119181
v 0.037517 0.797045 0.147133
v 0.057604 0.760553 0.170074
v 0.072530 0.718919 0.187119
v 0.081721 0.673744 0.197616
v 0.084825 0.626763 0.201161
v 0.081721 0.579782 0.197616
v 0.072530 0.534606 0.187119
v 0.057604 0.492972 0.170074
v 0.037517 0.456480 0.147133
v 0.013041 0.426531 0.119181
v -0.014883 0.404278 0.087290
v -0.045183 0.390574 0.052687
v -0.054989 0.832448 0.056686
v -0.034118 0.818744 0.095136
v -0.014883 0.796490 0.130571
v 0.001976 0.797045 0.161630
v 0.015812 0.760553 0.187119
v 0.026093 0.718919 0.206060
v 0.032424 0.673744 0.217723
v 0.034562 0.626763 0.221662
v 0.032424 0.579782 0.217723
v 0.026093 0.534606 0.206060
v 0.015812 0.492972 0.187119
v 0.001976 0.456480 0.161630
v -0.014883 0.426531 0.130571
v -0.034118 0.404278 0.095136
v -0.054989 0.390574 0.056686
v -0.065629 0.832448 0.059149
v -0.054989 0.818744 0.099967
v -0.045183 0.796490 0.137585
v -0.036588 0.797045 0.170557
v -0.029535 0.760553 0.197616
v -0.024293 0.718919 0.234491
v -0.021066 0.673744 0.246873
v -0.019976 0.626763 0.251053
v -0.021066 0.579782 0.246873
v -0.024293 0.534606 0.217723
v -0.029535 0.492972 0.197616
v -0.036588 0.456480 0.170557
v -0.045183 0.426531 0.137585
v -0.054989 0.404278 0.099967
v -0.065629 0.390574 0.059149
v -0.076694 0.832448 0.059981
v -0.076694 0.818744 0.101598
v -0.076694 0.796490 0.139953
v -0.076694 0.797045 0.173571
v -0.076694 0.760553 0.201161
v -0.076694 0.718919 0.238429
v -0.076694 0.673744 0.258409
v -0.076694 0.626763 0.262671
v -0.076694 0.579782 0.258409
v -0.076694 0.534606 0.221662
v -0.076694 0.492972 0.201161
v -0.076694 0.456480 0.173571
v -0.076694 0.426531 0.139953
v -0.076694 0.404278 0.101598
v -0.076694 0.390574 0.059981
v -0.087759 0.832448 0.059149
v -0.098399 0.818744 0.099967
v -0.108204 0.796490 0.137584
v -0.116799 0.797045 0.170557
v -0.123853 0.760553 0.197616
v -0.129094 0.718919 0.234491
v -0.132322 0.673744 0.254228
v -0.133411 0.626763 0.258408
v -0.132322 0.579782 0.254228
v -0.129094 0.534606 0.217723
v -0.123853 0.492972 0.197616
v -0.116799 0.456480 0.170557
v -0.108204 0.426531 0.137584
v -0.098399 0.404278 0.099967
v -0.087759 0.390574 0.059149
v -0.098399 0.832448 0.056686
v -0.119269 0.818744 0.095136
v -0.138504 0.796490 0.130571
v -0.155363 0.797045 0.161630
v -0.169200 0.760553 0.187119
v -0.179481 0.718919 0.222827
v -0.185812 0.673744 0.241846
v -0.187949 0.626763 0.245784
v -0.185812 0.579782 0.241846
v -0.179481 0.534606 0.206060
v -0.169200 0.492972 0.187119
v -0.155363 0.456480 0.161630
v -0.138504 0.426531 0.130571
v -0.119269 0.404278 0.095136
v -0.098399 0.390574 0.056686
v -0.108204 0.862952 0.052687
v -0.138504 0.849248 0.087290
v -0.166428 0.826994 0.119181
v -0.190904 0.797045 0.147133
v -0.210991 0.760553 0.170073
v -0.225917 0.718919 0.203887
v -0.235109 0.673744 0.214384
v -0.238212 0.626763 0.217928
v -0.235109 0.579782 0.214384
v -0.225917 0.534606 0.187119
v -0.210991 0.492972 0.170073
v -0.190904 0.456480 0.147133
v -0.166428 0.426531 0.119181
v -0.138504 0.404278 0.087290
v -0.108204 0.390574 0.052687
v -0.116799 0.862952 0.047304
v -0.155363 0.849248 0.076732
v -0.190904 0.826994 0.103853
v -0.222056 0.797045 0.127625
v -0.247622 0.760553 0.147133
v -0.266619 0.718919 0.161630
v -0.278318 0.673744 0.170557
v -0.282268 0.626763 0.173571
v -0.278318 0.579782 0.170557
v -0.266619 0.534606 0.161630
v -0.247622 0.492972 0.147133
v -0.222056 0.456480 0.127625
v -0.190904 0.426531 0.103853
v -0.155363 0.404278 0.076732
v -0.116799 0.390574 0.047304
v -0.076694 0.385947 0.016700
v -0.123853 0.862952 0.040746
v -0.169199 0.849248 0.063867
v -0.210991 0.826994 0.085176
v -0.247622 0.797045 0.103853
v -0.277684 0.760553 0.119181
v -0.300022 0.718919 0.130571
v -0.313778 0.673744 0.137584
v -0.318423 0.626763 0.139953
v -0.313778 0.579782 0.137584
v -0.300022 0.534606 0.130571
v -0.277684 0.492972 0.119181
v -0.247622 0.456480 0.103853
v -0.210991 0.426531 0.085176
v -0.169199 0.404278 0.063867
v -0.123853 0.390574 0.040746
v -0.129094 0.862952 0.033263
v -0.179481 0.849248 0.049189
v -0.225917 0.826994 0.063867
v -0.266619 0.797045 0.076732
v -0.300022 0.760553 0.087290
v -0.324843 0.718919 0.095136
v -0.340128 0.673744 0.099967
v -0.345289 0.626763 0.101598
v -0.340128 0.579782 0.099967
v -0.324843 0.534606 0.095136
v -0.300022 0.492972 0.087290
v -0.266619 0.456480 0.076732
v -0.225917 0.426531 0.063867
v -0.179481 0.404278 0.049189
v -0.129094 0.390574 0.033263
v -0.132322 0.862952 0.025144
v -0.185812 0.849248 0.033263
v -0.235108 0.826994 0.040746
v -0.278318 0.797045 0.047304
v -0.313778 0.760553 0.052687
v -0.340128 0.718919 0.056686
v -0.356354 0.673744 0.059149
v -0.361833 0.626763 0.059981
v -0.356354 0.579782 0.059149
v -0.340128 0.534606 0.056686
v -0.313778 0.492972 0.052687
v -0.278318 0.456480 0.047304
v -0.235108 0.426531 0.040746
v -0.185812 0.404278 0.033263
v -0.132322 0.390574 0.025144
v -0.133411 0.862952 0.016700
v -0.187949 0.849248 0.016700
v -0.238212 0.826994 0.016700
v -0.282268 0.797045 0.016700
v -0.318423 0.760553 0.016700
v -0.345289 0.718919 0.016700
v -0.361833 0.673744 0.016700
v -0.367419 0.626763 0.016700
v -0.361833 0.579782 0.016700
v -0.345289 0.534606 0.016700
v -0.318423 0.492972 0.016700
v -0.282268 0.456480 0.016700
v -0.238212 0.426531 0.016700
v -0.187949 0.404278 0.016700
v -0.133411 0.390574 0.016700
v -0.132321 0.862952 0.008257
v -0.185812 0.849248 0.000138
v -0.235108 0.826994 -0.007345
v -0.278318 0.797045 -0.013904
v -0.313778 0.760553 -0.019286
v -0.340128 0.718919 -0.023286
v -0.356354 0.673744 -0.025749
v -0.361833 0.626763 -0.026580
v -0.356354 0.579782 -0.025749
v -0.340128 0.534606 -0.023286
v -0.313778 0.492972 -0.019286
v -0.278318 0.456480 -0.013904
v -0.235108 0.426531 -0.007345
v -0.185812 0.404278 0.000138
v -0.132321 0.390574 0.008257
v -0.129094 0.862952 0.000138
v -0.179481 0.849248 -0.015789
v -0.225917 0.826994 -0.030466
v -0.266619 0.797045 -0.043332
v -0.300022 0.760553 -0.053890
v -0.324843 0.718919 -0.061735
v -0.340128 0.673744 -0.066566
v -0.345289 0.626763 -0.068198
v -0.340128 0.579782 -0.066566
v -0.324843 0.534606 -0.061735
v -0.300022 0.492972 -0.053890
v -0.266619 0.456480 -0.043332
v -0.225917 0.426531 -0.030466
v -0.179481 0.404278 -0.015789
v -0.129094 0.390574 0.000138
v -0.123853 0.862952 -0.007345
v -0.169199 0.849248 -0.030466
v -0.210991 0.826994 -0.051775
v -0.247622 0.797045 -0.070452
v -0.277684 0.760553 -0.085780
v -0.300022 0.718919 -0.097170
v -0.313778 0.673744 -0.104184
v -0.318423 0.626763 -0.106552
v -0.313778 0.579782 -0.104184
v -0.300022 0.534606 -0.097170
v -0.277684 0.492972 -0.085780
v -0.247622 0.456480 -0.070452
v -0.210991 0.426531 -0.051775
v -0.169199 0.404278 -0.030466
v -0.123853 0.390574 -0.007345
v -0.116799 0.862952 -0.013904
v -0.155363 0.849248 -0.043332
v -0.190904 0.826994 -0.070452
v -0.222056 0.797045 -0.094224
v -0.247622 0.760553 -0.113733
v -0.266619 0.718919 -0.128229
v -0.278317 0.673744 -0.137156
v -0.282267 0.626763 -0.140170
v -0.278317 0.579782 -0.137156
v -0.266619 0.534606 -0.128229
v -0.247622 0.492972 -0.113733
v -0.222056 0.456480 -0.094224
v -0.190904 0.426531 -0.070452
v -0.155363 0.404278 -0.043332
v -0.116799 0.390574 -0.013904
v -0.108204 0.862952 -0.019286
v -0.138504 0.849248 -0.053890
v -0.166428 0.826994 -0.085780
v -0.190904 0.797045 -0.113733
v -0.210991 0.760553 -0.136673
v -0.225917 0.718919 -0.172559
v -0.235108 0.673744 -0.183056
v -0.238212 0.626763 -0.186600
v -0.235108 0.579782 -0.183056
v -0.225917 0.534606 -0.153719
v -0.210991 0.492972 -0.136673
v -0.190904 0.456480 -0.113733
v -0.166428 0.426531 -0.085780
v -0.138504 0.404278 -0.053890
v -0.108204 0.390574 -0.019286
v -0.098399 0.862952 -0.023286
v -0.138022 0.822966 -0.061735
v -0.157256 0.800712 -0.097170
v -0.174116 0.770764 -0.128229
v -0.169199 0.760553 -0.153719
v -0.179481 0.718919 -0.191500
v -0.185812 0.673744 -0.203163
v -0.187949 0.626763 -0.207101
v -0.185812 0.579782 -0.203163
v -0.179481 0.534606 -0.172659
v -0.169199 0.492972 -0.153719
v -0.155363 0.456480 -0.128229
v -0.138504 0.426531 -0.097170
v -0.119269 0.404278 -0.061735
v -0.098399 0.390574 -0.023286
v -0.087759 0.862952 -0.025749
v -0.117151 0.822966 -0.066566
v -0.126956 0.800712 -0.104184
v -0.135551 0.770764 -0.137156
v -0.123853 0.760553 -0.164216
v -0.129094 0.718919 -0.203163
v -0.132321 0.673744 -0.215545
v -0.133411 0.626763 -0.219726
v -0.132321 0.579782 -0.215545
v -0.129094 0.534606 -0.184323
v -0.123853 0.492972 -0.164216
v -0.116799 0.456480 -0.137156
v -0.108204 0.426531 -0.104184
v -0.098399 0.404278 -0.066566
v -0.087759 0.390574 -0.025749
v -0.076694 0.862952 -0.026580
v -0.095446 0.822966 -0.068198
v -0.095446 0.770764 -0.140170
v -0.076694 0.718919 -0.207102
v -0.076694 0.534606 -0.188261
v -0.076694 0.456480 -0.140170
v -0.076694 0.426531 -0.106552
v -0.076694 0.404278 -0.068198
v -0.076694 0.390574 -0.026580
vn 0.0499 0.7458 -0.6644
vn 0.0598 -0.6020 -0.7963
vn 0.0250 0.9429 -0.3320
vn 0.0499 -0.7458 -0.6644
vn 0.0545 0.6858 -0.7258
vn 0.0377 -0.8643 -0.5015
vn 0.0722 0.2684 -0.9606
vn 0.0235 -0.9496 -0.3127
vn 0.0746 0.0901 -0.9931
vn 0.0080 0.9943 -0.1063
vn 0.0080 -0.9943 -0.1063
vn 0.0746 -0.0901 -0.9931
vn 0.0529 0.7081 -0.7042
vn 0.0616 -0.5705 -0.8190
vn 0.0377 0.8643 -0.5015
vn 0.0673 -0.4408 -0.8951
vn 0.1121 0.8678 -0.4841
vn 0.2018 -0.4464 -0.8718
vn 0.1489 0.7510 -0.6433
vn 0.1790 -0.6081 -0.7734
vn 0.0682 0.9532 -0.2946
vn 0.1489 -0.7510 -0.6433
vn 0.3916 0.6544 -0.6468
vn 0.1121 -0.8678 -0.4841
vn 0.4863 0.2631 -0.8332
vn 0.0697 -0.9510 -0.3011
vn 0.4978 0.0883 -0.8628
vn 0.0237 0.9945 -0.1022
vn 0.0237 -0.9945 -0.1022
vn 0.5018 -0.0949 -0.8597
vn 0.1636 0.6883 -0.7068
vn 0.2170 -0.2724 -0.9374
vn 0.3625 0.2803 -0.8888
vn 0.1135 -0.9538 -0.2783
vn 0.3760 0.0944 -0.9218
vn 0.0385 0.9948 -0.0943
vn 0.0384 -0.9948 -0.0943
vn 0.3760 -0.0944 -0.9218
vn -0.3071 0.6511 -0.6941
vn 0.3625 -0.2803 -0.8888
vn -0.2689 0.7432 -0.6127
vn 0.3358 -0.4575 -0.8234
vn -0.1338 0.6761 -0.7246
vn 0.2964 -0.6199 -0.7266
vn 0.2964 0.6199 -0.7266
vn 0.2450 -0.7610 -0.6007
vn 0.3358 0.4575 -0.8234
vn 0.1833 -0.8743 -0.4495
vn 0.4676 -0.4733 -0.7466
vn 0.3357 0.7746 -0.5360
vn 0.4094 -0.6363 -0.6538
vn 0.4094 0.6363 -0.6538
vn 0.3357 -0.7746 -0.5360
vn 0.4676 0.4733 -0.7466
vn 0.2492 -0.8829 -0.3979
vn 0.5077 0.2917 -0.8107
vn 0.1533 -0.9574 -0.2449
vn 0.5282 0.0985 -0.8434
vn 0.0518 0.9952 -0.0826
vn 0.0518 -0.9952 -0.0826
vn 0.5282 -0.0985 -0.8434
vn 0.1533 0.9574 -0.2449
vn 0.5077 -0.2917 -0.8107
vn 0.2492 0.8829 -0.3979
vn 0.1876 -0.9613 -0.2018
vn 0.6773 0.1037 -0.7284
vn 0.0631 0.9957 -0.0679
vn 0.0631 -0.9957 -0.0679
vn 0.6773 -0.1037 -0.7284
vn 0.1876 0.9613 -0.2018
vn 0.6484 -0.3057 -0.6973
vn 0.3070 0.8926 -0.3301
vn 0.5927 -0.4924 -0.6374
vn 0.4173 0.7902 -0.4488
vn 0.5141 -0.6557 -0.5529
vn 0.5141 0.6557 -0.5529
vn 0.4173 -0.7902 -0.4488
vn 0.5927 0.4924 -0.6374
vn 0.3070 -0.8926 -0.3301
vn 0.6484 0.3057 -0.6973
vn 0.4853 0.8056 -0.3399
vn 0.6041 -0.6753 -0.4231
vn 0.6041 0.6753 -0.4231
vn 0.4853 -0.8056 -0.3399
vn 0.7034 0.5122 -0.4927
vn 0.3539 -0.9019 -0.2479
vn 0.7758 0.3206 -0.5434
vn 0.2149 -0.9650 -0.1505
vn 0.8142 0.1092 -0.5703
vn 0.0720 0.9961 -0.0504
vn 0.0720 -0.9961 -0.0504
vn 0.8142 -0.1092 -0.5703
vn 0.2149 0.9650 -0.1505
vn 0.7758 -0.3206 -0.5434
vn 0.3539 0.9019 -0.2479
vn 0.7034 -0.5122 -0.4927
vn 0.9232 0.1142 -0.3670
vn 0.0782 0.9965 -0.0311
vn 0.0782 -0.9965 -0.0311
vn 0.9232 -0.1142 -0.3670
vn 0.2338 0.9678 -0.0930
vn 0.8760 -0.3336 -0.3482
vn 0.3870 0.9091 -0.1539
vn 0.7885 -0.5292 -0.3135
vn 0.5346 0.8179 -0.2125
vn 0.6712 -0.6916 -0.2668
vn 0.6712 0.6916 -0.2668
vn 0.5346 -0.8179 -0.2125
vn 0.7885 0.5292 -0.3135
vn 0.3870 -0.9091 -0.1539
vn 0.8760 0.3336 -0.3482
vn 0.2338 -0.9678 -0.0930
vn 0.7074 -0.7009 -0.0913
vn 0.7074 0.7009 -0.0913
vn 0.5607 -0.8248 -0.0724
vn 0.8353 0.5390 -0.1078
vn 0.4043 -0.9131 -0.0522
vn 0.9322 0.3414 -0.1203
vn 0.2436 -0.9694 -0.0314
vn 0.9849 0.1171 -0.1271
vn 0.0813 0.9966 -0.0105
vn 0.0813 -0.9966 -0.0105
vn 0.9849 -0.1171 -0.1271
vn 0.2436 0.9694 -0.0314
vn 0.9322 -0.3414 -0.1203
vn 0.4043 0.9131 -0.0522
vn 0.8353 -0.5390 -0.1078
vn 0.5607 0.8248 -0.0724
vn 0.0813 -0.9966 0.0105
vn 0.9849 -0.1171 0.1271
vn 0.2436 0.9694 0.0314
vn 0.9322 -0.3414 0.1203
vn 0.4043 0.9131 0.0522
vn 0.8353 -0.5390 0.1078
vn 0.5607 0.8248 0.0724
vn 0.7074 -0.7009 0.0913
vn 0.7074 0.7009 0.0913
vn 0.5607 -0.8248 0.0724
vn 0.8353 0.5390 0.1078
vn 0.4043 -0.9131 0.0522
vn 0.9322 0.3414 0.1203
vn 0.2436 -0.9694 0.0314
vn 0.9849 0.1171 0.1271
vn 0.0813 0.9966 0.0105
vn 0.5346 -0.8179 0.2125
vn 0.7885 0.5292 0.3135
vn 0.3870 -0.9091 0.1539
vn 0.8760 0.3336 0.3482
vn 0.2338 -0.9678 0.0930
vn 0.9232 0.1142 0.3670
vn 0.0782 0.9965 0.0311
vn 0.0782 -0.9965 0.0311
vn 0.9232 -0.1142 0.3670
vn 0.2338 0.9678 0.0930
vn 0.8760 -0.3336 0.3482
vn 0.3870 0.9091 0.1539
vn 0.7885 -0.5292 0.3135
vn 0.5346 0.8179 0.2125
vn 0.6712 -0.6916 0.2668
vn 0.6712 0.6916 0.2668
vn 0.2149 0.9650 0.1505
vn 0.7758 -0.3206 0.5434
vn 0.3539 0.9019 0.2479
vn 0.7034 -0.5122 0.4927
vn 0.4853 0.8056 0.3399
vn 0.6041 -0.6753 0.4231
vn 0.6041 0.6753 0.4231
vn 0.4853 -0.8056 0.3399
vn 0.7034 0.5122 0.4927
vn 0.3539 -0.9019 0.2479
vn 0.7758 0.3206 0.5434
vn 0.2149 -0.9650 0.1505
vn 0.8142 0.1092 0.5703
vn 0.0720 0.9961 0.0504
vn 0.0720 -0.9961 0.0504
vn 0.8142 -0.1092 0.5703
vn 0.5927 0.4924 0.6374
vn 0.3070 -0.8926 0.3301
vn 0.6484 0.3057 0.6973
vn 0.1876 -0.9613 0.2018
vn 0.6773 0.1037 0.7284
vn 0.0631 0.9957 0.0679
vn 0.0631 -0.9957 0.0679
vn 0.6773 -0.1037 0.7284
vn 0.1876 0.9613 0.2018
vn 0.6484 -0.3057 0.6973
vn 0.3070 0.8926 0.3301
vn 0.5927 -0.4924 0.6374
vn 0.4173 0.7902 0.4488
vn 0.5141 -0.6557 0.5529
vn 0.5141 0.6557 0.5529
vn 0.4173 -0.7902 0.4488
vn 0.5077 -0.2917 0.8107
vn 0.2492 0.8829 0.3979
vn 0.4676 -0.4733 0.7466
vn 0.3357 0.7746 0.5360
vn 0.4094 -0.6363 0.6538
vn 0.4094 0.6363 0.6538
vn 0.3357 -0.7746 0.5360
vn 0.4676 0.4733 0.7466
vn 0.2492 -0.8829 0.3979
vn 0.5077 0.2917 0.8107
vn 0.1533 -0.9574 0.2449
vn 0.5282 0.0985 0.8434
vn 0.0518 0.9952 0.0826
vn 0.0518 -0.9952 0.0826
vn 0.5282 -0.0985 0.8434
vn 0.1533 0.9574 0.2449
vn 0.1833 -0.8743 0.4495
vn 0.3625 0.2803 0.8888
vn 0.1135 -0.9538 0.2783
vn 0.3760 0.0944 0.9218
vn -0.6956 0.3087 0.6488
vn 0.0384 -0.9948 0.0943
vn 0.3760 -0.0944 0.9218
vn -0.6411 0.5436 0.5417
vn 0.3625 -0.2803 0.8888
vn -0.4358 0.6365 0.6363
vn 0.3358 -0.4575 0.8234
vn -0.0060 0.9999 -0.0146
vn 0.2964 -0.6199 0.7266
vn 0.2964 0.6199 0.7266
vn 0.2450 -0.7610 0.6007
vn 0.3358 0.4575 0.8234
vn 0.1121 0.8678 0.4841
vn 0.2018 -0.4464 0.8718
vn -0.0037 0.9999 -0.0159
vn 0.1790 -0.6081 0.7734
vn 0.1790 0.6081 0.7734
vn 0.1489 -0.7510 0.6433
vn 0.3775 0.6401 0.6691
vn 0.1121 -0.8678 0.4841
vn 0.4614 0.2650 0.8467
vn 0.0697 -0.9510 0.3011
vn 0.4725 0.0890 0.8768
vn 0.1410 0.7804 0.6091
vn 0.0237 -0.9945 0.1022
vn 0.4763 -0.0949 0.8741
vn 0.0697 0.9510 0.3011
vn 0.2170 -0.2724 0.9374
vn 0.1863 0.3974 0.8985
vn 0.0235 -0.9496 0.3127
vn 0.1999 0.0885 0.9758
vn 0.0473 0.7755 0.6295
vn 0.0080 -0.9943 0.1063
vn 0.2022 -0.0915 0.9751
vn 0.0235 0.9496 0.3127
vn 0.0629 -0.5443 0.8366
vn 0.0377 0.8643 0.5015
vn 0.0673 -0.4408 0.8951
vn -0.0012 0.9999 -0.0165
vn 0.0598 -0.6020 0.7963
vn 0.0598 0.6020 0.7963
vn 0.0499 -0.7458 0.6643
vn 0.0559 0.6659 0.7439
vn 0.0377 -0.8643 0.5015
vn -0.0673 -0.4408 0.8951
vn 0.0012 0.9999 -0.0165
vn -0.0598 -0.6020 0.7963
vn -0.0598 0.6020 0.7963
vn -0.0499 -0.7458 0.6644
vn -0.0559 0.6659 0.7439
vn -0.0377 -0.8643 0.5015
vn -0.0686 0.4035 0.9124
vn -0.0235 -0.9496 0.3127
vn -0.0746 0.0901 0.9931
vn -0.0473 0.7755 0.6295
vn -0.0080 -0.9943 0.1063
vn -0.0746 -0.0901 0.9931
vn -0.0235 0.9496 0.3127
vn -0.0582 -0.6300 0.7744
vn -0.0377 0.8643 0.5015
vn -0.0697 -0.9510 0.3011
vn -0.2246 0.0915 0.9701
vn -0.1410 0.7804 0.6091
vn -0.0237 -0.9945 0.1022
vn -0.2246 -0.0915 0.9701
vn -0.0697 0.9510 0.3011
vn -0.1758 -0.6263 0.7595
vn -0.1121 0.8678 0.4841
vn -0.2018 -0.4464 0.8718
vn 0.0037 0.9999 -0.0159
vn -0.1790 -0.6081 0.7734
vn -0.1790 0.6081 0.7734
vn -0.1489 -0.7510 0.6433
vn -0.1684 0.6654 0.7273
vn -0.1121 -0.8678 0.4841
vn -0.2063 0.4041 0.8912
vn -0.2964 -0.6199 0.7266
vn -0.2964 0.6199 0.7266
vn -0.2450 -0.7610 0.6007
vn -0.2825 0.6637 0.6926
vn -0.1833 -0.8743 0.4495
vn -0.4461 0.3996 0.8008
vn -0.1135 -0.9538 0.2783
vn -0.4826 0.0949 0.8707
vn 0.6956 0.3087 0.6488
vn -0.0384 -0.9948 0.0943
vn -0.4843 -0.0976 0.8694
vn 0.6411 0.5436 0.5417
vn -0.3187 -0.5365 0.7814
vn 0.4358 0.6365 0.6363
vn -0.3358 -0.4575 0.8234
vn 0.0060 0.9999 -0.0146
vn -0.0518 0.9952 0.0826
vn -0.0518 -0.9952 0.0826
vn -0.7082 -0.1043 0.6982
vn -0.1533 0.9574 0.2449
vn -0.5077 -0.2917 0.8107
vn -0.2492 0.8829 0.3979
vn -0.4676 -0.4733 0.7466
vn -0.3357 0.7746 0.5360
vn -0.4094 -0.6363 0.6538
vn -0.4094 0.6363 0.6538
vn -0.3357 -0.7746 0.5360
vn -0.5565 0.6348 0.5360
vn -0.2492 -0.8829 0.3979
vn -0.6806 0.2944 0.6710
vn -0.1533 -0.9574 0.2449
vn -0.7060 0.0995 0.7012
vn -0.5141 0.6557 0.5529
vn -0.4173 -0.7902 0.4488
vn -0.5927 0.4924 0.6374
vn -0.3070 -0.8926 0.3301
vn -0.6483 0.3057 0.6973
vn -0.1876 -0.9613 0.2018
vn -0.6773 0.1037 0.7284
vn -0.0631 0.9957 0.0679
vn -0.0631 -0.9957 0.0679
vn -0.6773 -0.1037 0.7284
vn -0.1876 0.9613 0.2018
vn -0.6484 -0.3057 0.6973
vn -0.3070 0.8926 0.3301
vn -0.5927 -0.4924 0.6374
vn -0.4173 0.7902 0.4488
vn -0.5141 -0.6557 0.5529
vn -0.8142 -0.1092 0.5703
vn -0.2149 0.9650 0.1505
vn -0.7758 -0.3206 0.5434
vn -0.3539 0.9019 0.2479
vn -0.7034 -0.5122 0.4927
vn -0.4853 0.8056 0.3399
vn -0.6041 -0.6753 0.4231
vn -0.6041 0.6753 0.4231
vn -0.4853 -0.8056 0.3399
vn -0.7034 0.5122 0.4927
vn -0.3539 -0.9019 0.2479
vn -0.7758 0.3206 0.5434
vn -0.2149 -0.9650 0.1505
vn -0.8142 0.1092 0.5703
vn -0.0720 0.9961 0.0504
vn -0.0720 -0.9961 0.0504
vn -0.5346 -0.8179 0.2125
vn -0.7885 0.5292 0.3135
vn -0.3870 -0.9091 0.1539
vn -0.8760 0.3336 0.3482
vn -0.2338 -0.9678 0.0930
vn -0.9232 0.1142 0.3670
vn -0.0782 0.9965 0.0311
vn -0.0782 -0.9965 0.0311
vn -0.9232 -0.1142 0.3670
vn -0.2338 0.9678 0.0930
vn -0.8760 -0.3336 0.3482
vn -0.3870 0.9091 0.1539
vn -0.7885 -0.5292 0.3135
vn -0.5346 0.8179 0.2125
vn -0.6712 -0.6916 0.2668
vn -0.6712 0.6916 0.2668
vn -0.2436 0.9694 0.0314
vn -0.9322 -0.3414 0.1203
vn -0.4043 0.9131 0.0522
vn -0.8353 -0.5390 0.1078
vn -0.5607 0.8248 0.0724
vn -0.7074 -0.7009 0.0913
vn -0.7074 0.7009 0.0913
vn -0.5607 -0.8248 0.0724
vn -0.8354 0.5390 0.1078
vn -0.4043 -0.9131 0.0522
vn -0.9322 0.3414 0.1203
vn -0.2436 -0.9694 0.0314
vn -0.9849 0.1171 0.1271
vn -0.0813 0.9966 0.0105
vn -0.0813 -0.9966 0.0105
vn -0.9849 -0.1171 0.1271
vn -0.8354 0.5390 -0.1078
vn -0.4043 -0.9131 -0.0522
vn -0.9322 0.3414 -0.1203
vn -0.2436 -0.9694 -0.0314
vn -0.9849 0.1171 -0.1271
vn -0.0813 0.9966 -0.0105
vn -0.0813 -0.9966 -0.0105
vn -0.9849 -0.1171 -0.1271
vn -0.2436 0.9694 -0.0314
vn -0.9322 -0.3414 -0.1203
vn -0.4043 0.9131 -0.0522
vn -0.8353 -0.5390 -0.1078
vn -0.5607 0.8248 -0.0724
vn -0.7074 -0.7009 -0.0913
vn -0.7074 0.7009 -0.0913
vn -0.5607 -0.8248 -0.0724
vn -0.8760 -0.3336 -0.3482
vn -0.3871 0.9091 -0.1539
vn -0.7885 -0.5291 -0.3135
vn -0.5346 0.8179 -0.2125
vn -0.6712 -0.6916 -0.2668
vn -0.6712 0.6916 -0.2668
vn -0.5346 -0.8179 -0.2125
vn -0.7885 0.5292 -0.3134
vn -0.3871 -0.9091 -0.1539
vn -0.8760 0.3336 -0.3482
vn -0.2338 -0.9678 -0.0930
vn -0.9232 0.1142 -0.3670
vn -0.0782 0.9965 -0.0311
vn -0.0782 -0.9965 -0.0311
vn -0.9232 -0.1142 -0.3670
vn -0.2338 0.9678 -0.0930
vn -0.3539 -0.9019 -0.2479
vn -0.7758 0.3206 -0.5434
vn -0.2149 -0.9650 -0.1505
vn -0.8142 0.1092 -0.5703
vn -0.0720 0.9961 -0.0504
vn -0.0720 -0.9961 -0.0504
vn -0.8142 -0.1092 -0.5703
vn -0.2149 0.9650 -0.1505
vn -0.7758 -0.3206 -0.5434
vn -0.3539 0.9019 -0.2479
vn -0.7034 -0.5122 -0.4927
vn -0.4853 0.8056 -0.3399
vn -0.6041 -0.6753 -0.4231
vn -0.6041 0.6753 -0.4231
vn -0.4853 -0.8056 -0.3399
vn -0.7034 0.5122 -0.4927
vn -0.5927 -0.4924 -0.6374
vn -0.4173 0.7902 -0.4488
vn -0.5141 -0.6557 -0.5529
vn -0.5141 0.6557 -0.5529
vn -0.4173 -0.7902 -0.4488
vn -0.5927 0.4924 -0.6374
vn -0.3070 -0.8926 -0.3301
vn -0.6484 0.3057 -0.6973
vn -0.1876 -0.9613 -0.2018
vn -0.6773 0.1037 -0.7284
vn -0.0631 0.9957 -0.0679
vn -0.0631 -0.9957 -0.0679
vn -0.6773 -0.1037 -0.7284
vn -0.1876 0.9613 -0.2018
vn -0.6483 -0.3057 -0.6973
vn -0.3070 0.8926 -0.3301
vn -0.1533 -0.9574 -0.2449
vn -0.7218 0.0994 -0.6849
vn -0.0518 0.9952 -0.0826
vn -0.0518 -0.9952 -0.0826
vn -0.7241 -0.1046 -0.6817
vn -0.1533 0.9574 -0.2449
vn -0.5077 -0.2917 -0.8107
vn -0.2492 0.8829 -0.3979
vn -0.4676 -0.4733 -0.7466
vn -0.3357 0.7746 -0.5360
vn -0.4094 -0.6363 -0.6538
vn -0.4094 0.6363 -0.6538
vn -0.3357 -0.7746 -0.5360
vn -0.5621 0.6463 -0.5161
vn -0.2492 -0.8829 -0.3979
vn -0.6960 0.2938 -0.6552
vn 0.2996 0.6004 -0.7415
vn -0.2964 -0.6199 -0.7266
vn -0.1605 0.9052 -0.3936
vn -0.2450 -0.7610 -0.6007
vn -0.2761 0.6824 -0.6769
vn -0.1833 -0.8742 -0.4495
vn -0.3625 0.2803 -0.8888
vn -0.1135 -0.9538 -0.2783
vn -0.3760 0.0944 -0.9218
vn -0.0384 0.9948 -0.0943
vn -0.0384 -0.9948 -0.0943
vn -0.3760 -0.0944 -0.9218
vn 0.5315 0.2512 -0.8090
vn -0.3126 -0.5613 -0.7663
vn 0.6041 0.4849 -0.6324
vn -0.3358 -0.4575 -0.8234
vn -0.2246 0.0915 -0.9701
vn -0.0237 0.9945 -0.1022
vn -0.0237 -0.9945 -0.1022
vn -0.2246 -0.0915 -0.9701
vn -0.1472 0.7575 -0.6360
vn -0.1857 -0.5676 -0.8021
vn -0.1121 0.8678 -0.4841
vn -0.2018 -0.4464 -0.8718
vn -0.1489 0.7510 -0.6433
vn -0.1790 -0.6081 -0.7734
vn -0.0892 0.9185 -0.3852
vn -0.1489 -0.7510 -0.6433
vn -0.1643 0.6848 -0.7099
vn -0.1121 -0.8678 -0.4841
vn -0.2170 0.2724 -0.9374
vn -0.0697 -0.9510 -0.3011
vn -0.0598 -0.6020 -0.7963
vn -0.0273 0.9313 -0.3632
vn -0.0499 -0.7458 -0.6643
vn -0.0545 0.6858 -0.7258
vn -0.0377 -0.8643 -0.5015
vn -0.0722 0.2684 -0.9606
vn -0.0235 -0.9496 -0.3127
vn -0.0746 0.0901 -0.9931
vn -0.0080 0.9943 -0.1063
vn -0.0080 -0.9943 -0.1063
vn -0.0746 -0.0901 -0.9931
vn -0.0511 0.7316 -0.6799
vn -0.0616 -0.5705 -0.8190
vn -0.0377 0.8643 -0.5015
vn -0.0673 -0.4408 -0.8951
vn -0.0499 0.7458 -0.6643
vn 0.0499 0.7458 -0.6643
vn 0.0499 -0.7458 -0.6643
vn 0.2018 0.4464 -0.8718
vn 0.4969 0.2816 -0.8208
vn 0.5018 0.0949 -0.8597
vn 0.4978 -0.0883 -0.8628
vn 0.4260 -0.5348 -0.7298
vn 0.1135 0.9538 -0.2783
vn -0.2973 0.6410 -0.7076
vn -0.1506 0.6060 -0.7811
vn -0.2184 0.7769 -0.5905
vn 0.4675 -0.4733 -0.7466
vn 0.4675 0.4733 -0.7466
vn 0.6483 0.3057 -0.6973
vn 0.6483 0.3057 0.6973
vn 0.4675 0.4733 0.7466
vn 0.1534 0.9574 0.2449
vn -0.6550 0.3014 0.6929
vn -0.4633 0.4832 0.7429
vn -0.2594 0.5371 0.8026
vn 0.2018 0.4464 0.8718
vn 0.4715 0.2818 0.8356
vn 0.4763 0.0949 0.8741
vn 0.4725 -0.0890 0.8768
vn 0.4102 -0.5150 0.7527
vn 0.0722 0.2684 0.9606
vn 0.2022 0.0915 0.9751
vn 0.1999 -0.0885 0.9758
vn 0.1588 -0.6230 0.7659
vn -0.0499 -0.7458 0.6643
vn -0.1834 -0.8743 0.4495
vn -0.3625 0.2803 0.8888
vn -0.4843 0.0976 0.8694
vn -0.4826 -0.0949 0.8707
vn 0.6550 0.3014 0.6929
vn -0.3874 -0.6052 0.6954
vn 0.4633 0.4832 0.7429
vn 0.2594 0.5371 0.8026
vn -0.7060 -0.0995 0.7012
vn -0.6190 -0.4943 0.6103
vn -0.4675 -0.4733 0.7466
vn -0.4675 0.4733 0.7466
vn -0.6853 0.3079 0.6600
vn -0.7082 0.1043 0.6982
vn -0.6483 -0.3057 0.6973
vn -0.4173 0.7903 0.4488
vn -0.3871 0.9091 0.1539
vn -0.8353 0.5390 0.1078
vn -0.8353 0.5390 -0.1078
vn -0.3870 0.9091 -0.1539
vn -0.7885 -0.5292 -0.3135
vn -0.7885 0.5292 -0.3135
vn -0.6483 0.3057 -0.6973
vn -0.6484 -0.3057 -0.6973
vn -0.7241 0.1046 -0.6817
vn -0.7218 -0.0994 -0.6849
vn -0.6262 -0.5102 -0.5895
vn -0.4675 0.4733 -0.7466
vn -0.7007 0.3086 -0.6433
vn 0.3473 0.4723 -0.8101
vn 0.0556 0.5092 -0.8588
vn -0.1833 -0.8743 -0.4495
vn -0.1135 0.9538 -0.2783
vn 0.6476 0.2288 -0.7268
vt 0.589454 0.622676
vt 0.605954 0.616091
vt 0.604614 0.625901
vt 0.695280 0.615327
vt 0.679971 0.609404
vt 0.692145 0.606041
vt 0.614290 0.623117
vt 0.615804 0.613048
vt 0.709558 0.609419
vt 0.706013 0.601181
vt 0.629281 0.615390
vt 0.628764 0.624919
vt 0.726354 0.600616
vt 0.722717 0.593854
vt 0.638742 0.615631
vt 0.638759 0.625344
vt 0.748645 0.586284
vt 0.745634 0.581557
vt 0.647936 0.615467
vt 0.648429 0.625096
vt 0.544225 0.599504
vt 0.517800 0.587963
vt 0.545911 0.594270
vt 0.771731 0.568097
vt 0.658033 0.624324
vt 0.657033 0.614696
vt 0.573970 0.610278
vt 0.571952 0.617471
vt 0.670962 0.622207
vt 0.668815 0.611728
vt 0.591366 0.613934
vt 0.682573 0.619397
vt 0.592580 0.605317
vt 0.667206 0.601706
vt 0.677883 0.599779
vt 0.606607 0.606753
vt 0.689628 0.597034
vt 0.616497 0.603164
vt 0.703144 0.593065
vt 0.627580 0.603801
vt 0.719713 0.587030
vt 0.637729 0.603854
vt 0.743044 0.576650
vt 0.647408 0.603558
vt 0.517772 0.583676
vt 0.547341 0.588701
vt 0.769673 0.565310
vt 0.657170 0.602993
vt 0.575528 0.603089
vt 0.637580 0.593987
vt 0.717268 0.580163
vt 0.740852 0.571600
vt 0.646942 0.593716
vt 0.518367 0.576749
vt 0.548981 0.582900
vt 0.767807 0.562297
vt 0.656278 0.593074
vt 0.575469 0.587996
vt 0.665935 0.592013
vt 0.592083 0.590431
vt 0.676231 0.590455
vt 0.605487 0.592416
vt 0.687627 0.588242
vt 0.617300 0.593466
vt 0.700849 0.585045
vt 0.627828 0.593947
vt 0.664919 0.582607
vt 0.674932 0.581356
vt 0.606250 0.583478
vt 0.686060 0.579606
vt 0.617683 0.584136
vt 0.699045 0.577097
vt 0.627895 0.584394
vt 0.715322 0.573265
vt 0.637366 0.584360
vt 0.739035 0.566441
vt 0.646476 0.584084
vt 0.520443 0.573076
vt 0.550209 0.577179
vt 0.766150 0.559105
vt 0.655550 0.583492
vt 0.576238 0.580734
vt 0.592965 0.582309
vt 0.713822 0.566344
vt 0.737572 0.561202
vt 0.646038 0.574628
vt 0.521797 0.569378
vt 0.551054 0.571477
vt 0.764714 0.555788
vt 0.654934 0.574106
vt 0.576693 0.573436
vt 0.664113 0.573385
vt 0.593435 0.574184
vt 0.673931 0.572410
vt 0.606603 0.574713
vt 0.684864 0.571079
vt 0.617818 0.574985
vt 0.697669 0.569198
vt 0.627822 0.575035
vt 0.637105 0.574911
vt 0.606635 0.566007
vt 0.673190 0.563557
vt 0.683995 0.562620
vt 0.617734 0.565928
vt 0.696675 0.561330
vt 0.627623 0.565782
vt 0.712732 0.559404
vt 0.636799 0.565567
vt 0.736451 0.555914
vt 0.645631 0.565278
vt 0.522774 0.565702
vt 0.551527 0.565801
vt 0.763510 0.552398
vt 0.654426 0.564830
vt 0.576815 0.566120
vt 0.663493 0.564270
vt 0.593538 0.566041
vt 0.645259 0.555968
vt 0.523403 0.562094
vt 0.551631 0.560164
vt 0.762550 0.548990
vt 0.735666 0.550606
vt 0.654027 0.555602
vt 0.576595 0.558788
vt 0.663051 0.555208
vt 0.593312 0.557870
vt 0.672689 0.554752
vt 0.606394 0.557307
vt 0.683425 0.554198
vt 0.617459 0.556901
vt 0.696030 0.553477
vt 0.627310 0.556567
vt 0.712023 0.552447
vt 0.636453 0.556263
vt 0.672421 0.545962
vt 0.683138 0.545788
vt 0.617008 0.547850
vt 0.695715 0.545627
vt 0.626891 0.547334
vt 0.711679 0.545473
vt 0.636066 0.546941
vt 0.735221 0.545304
vt 0.644926 0.546625
vt 0.523690 0.558610
vt 0.551358 0.554586
vt 0.761851 0.545620
vt 0.653751 0.546372
vt 0.576026 0.551428
vt 0.662789 0.546154
vt 0.592774 0.549655
vt 0.605905 0.548571
vt 0.761851 0.544626
vt 0.735593 0.539996
vt 0.653531 0.537095
vt 0.550224 0.549116
vt 0.574860 0.544060
vt 0.662648 0.537060
vt 0.591780 0.541379
vt 0.672369 0.537138
vt 0.605115 0.539752
vt 0.683180 0.537352
vt 0.616401 0.538714
vt 0.695852 0.537758
vt 0.626434 0.538024
vt 0.711904 0.538486
vt 0.635725 0.537554
vt 0.644653 0.537234
vt 0.523562 0.557625
vt 0.696327 0.529850
vt 0.615631 0.529418
vt 0.625892 0.528570
vt 0.712500 0.531495
vt 0.635367 0.528044
vt 0.736308 0.534673
vt 0.644444 0.527750
vt 0.522369 0.554402
vt 0.548694 0.543678
vt 0.762521 0.541252
vt 0.653452 0.527720
vt 0.573292 0.536658
vt 0.662704 0.527875
vt 0.590441 0.532990
vt 0.672564 0.528234
vt 0.604068 0.530773
vt 0.683516 0.528853
vt 0.546758 0.538304
vt 0.571272 0.529205
vt 0.662970 0.518559
vt 0.588708 0.524460
vt 0.673026 0.519220
vt 0.602735 0.521567
vt 0.684172 0.520271
vt 0.614700 0.519896
vt 0.697168 0.521895
vt 0.625285 0.518915
vt 0.713488 0.524502
vt 0.635017 0.518359
vt 0.737363 0.529364
vt 0.644314 0.518110
vt 0.520870 0.551260
vt 0.763448 0.537847
vt 0.653522 0.518201
vt 0.613621 0.510069
vt 0.624636 0.509002
vt 0.714900 0.517512
vt 0.634699 0.508442
vt 0.738766 0.524099
vt 0.644281 0.508256
vt 0.519090 0.548283
vt 0.544393 0.533030
vt 0.764616 0.534466
vt 0.653756 0.508480
vt 0.568738 0.521685
vt 0.663472 0.509062
vt 0.586507 0.515765
vt 0.673789 0.510055
vt 0.601062 0.512010
vt 0.685188 0.511578
vt 0.698414 0.513880
vt 0.664248 0.499317
vt 0.565624 0.514084
vt 0.583745 0.506860
vt 0.674904 0.500688
vt 0.598839 0.501775
vt 0.686617 0.502742
vt 0.612457 0.499930
vt 0.700119 0.505793
vt 0.623972 0.498777
vt 0.716779 0.510532
vt 0.634431 0.498235
vt 0.740534 0.518910
vt 0.644361 0.498130
vt 0.517052 0.545562
vt 0.541562 0.527902
vt 0.766015 0.531165
vt 0.654176 0.498483
vt 0.719178 0.503575
vt 0.623276 0.488105
vt 0.634211 0.487675
vt 0.742686 0.513829
vt 0.644543 0.487703
vt 0.505979 0.537505
vt 0.536912 0.504819
vt 0.767633 0.527997
vt 0.654846 0.488071
vt 0.565528 0.498083
vt 0.665360 0.489230
vt 0.585333 0.493223
vt 0.676438 0.491059
vt 0.597687 0.491252
vt 0.688531 0.493722
vt 0.611312 0.489308
vt 0.702351 0.497618
vt 0.563036 0.489587
vt 0.583215 0.483652
vt 0.678484 0.481107
vt 0.596009 0.480820
vt 0.691017 0.484475
vt 0.609944 0.478431
vt 0.705197 0.489338
vt 0.624510 0.475680
vt 0.722162 0.496658
vt 0.634884 0.475217
vt 0.745248 0.508892
vt 0.644851 0.475306
vt 0.499461 0.513305
vt 0.535176 0.499022
vt 0.769459 0.525013
vt 0.654682 0.475872
vt 0.666913 0.478769
vt 0.623785 0.465165
vt 0.635291 0.464565
vt 0.748245 0.504138
vt 0.645265 0.464791
vt 0.497822 0.511474
vt 0.532787 0.493318
vt 0.771477 0.522260
vt 0.655003 0.465486
vt 0.559920 0.481198
vt 0.669134 0.467890
vt 0.580361 0.473826
vt 0.681128 0.470794
vt 0.593678 0.470135
vt 0.694182 0.474949
vt 0.608096 0.467149
vt 0.708763 0.480939
vt 0.725806 0.489806
vt 0.671641 0.456423
vt 0.684431 0.459944
vt 0.590614 0.458988
vt 0.698111 0.465051
vt 0.605945 0.455259
vt 0.713077 0.472370
vt 0.622704 0.453937
vt 0.730040 0.482991
vt 0.635051 0.453728
vt 0.751363 0.499382
vt 0.645852 0.454045
vt 0.495560 0.507328
vt 0.530116 0.487676
vt 0.774689 0.517917
vt 0.656475 0.455029
vt 0.556228 0.472760
vt 0.576934 0.463673
vt 0.735128 0.476335
vt 0.754982 0.494961
vt 0.646647 0.442422
vt 0.495303 0.505693
vt 0.526804 0.482474
vt 0.776400 0.515687
vt 0.658244 0.443701
vt 0.551582 0.464238
vt 0.674735 0.443989
vt 0.572500 0.453307
vt 0.688563 0.448370
vt 0.586531 0.447201
vt 0.703028 0.454722
vt 0.603184 0.442397
vt 0.718397 0.463684
vt 0.621397 0.441773
vt 0.634826 0.441966
vt 0.693826 0.435867
vt 0.709210 0.443888
vt 0.599674 0.428068
vt 0.724936 0.454914
vt 0.619692 0.428388
vt 0.741182 0.469940
vt 0.634023 0.427396
vt 0.759126 0.490950
vt 0.647851 0.427933
vt 0.482718 0.490013
vt 0.510287 0.465896
vt 0.778186 0.513953
vt 0.661442 0.429830
vt 0.537438 0.451451
vt 0.678653 0.430202
vt 0.559982 0.440929
vt 0.580905 0.434229
vt 0.480572 0.479693
vt 0.506941 0.460497
vt 0.779962 0.512733
vt 0.763802 0.487446
vt 0.649857 0.406916
vt 0.666972 0.409794
vt 0.532023 0.442484
vt 0.683975 0.414805
vt 0.554225 0.428931
vt 0.700674 0.422245
vt 0.575458 0.419289
vt 0.717033 0.432517
vt 0.595391 0.412271
vt 0.732958 0.446156
vt 0.614348 0.408043
vt 0.748322 0.463958
vt 0.632415 0.406307
vt 0.589647 0.394695
vt 0.726978 0.420653
vt 0.742782 0.437599
vt 0.610814 0.388919
vt 0.756662 0.458606
vt 0.631586 0.386448
vt 0.768998 0.484566
vt 0.651924 0.387156
vt 0.479544 0.478428
vt 0.502812 0.455599
vt 0.781616 0.512032
vt 0.671805 0.390775
vt 0.525244 0.433903
vt 0.691151 0.397485
vt 0.546676 0.416817
vt 0.709641 0.407375
vt 0.568246 0.403948
vt 0.654556 0.363571
vt 0.678327 0.368441
vt 0.516934 0.425965
vt 0.700856 0.377681
vt 0.536907 0.404759
vt 0.721513 0.391083
vt 0.558638 0.387807
vt 0.739691 0.408456
vt 0.581720 0.375127
vt 0.754774 0.429577
vt 0.605729 0.366812
vt 0.766287 0.454192
vt 0.630176 0.362934
vt 0.774665 0.482453
vt 0.478490 0.477670
vt 0.497921 0.451347
vt 0.783020 0.511822
vt 0.756037 0.396317
vt 0.769331 0.422644
vt 0.598057 0.340727
vt 0.777217 0.451133
vt 0.627621 0.334228
vt 0.780714 0.481263
vt 0.657979 0.334408
vt 0.477577 0.477409
vt 0.492320 0.447911
vt 0.784034 0.512025
vt 0.687456 0.341357
vt 0.506971 0.419027
vt 0.714342 0.354647
vt 0.524442 0.393132
vt 0.737494 0.373289
vt 0.545712 0.370907
vt 0.570466 0.353184
vt 0.495329 0.413587
vt 0.701037 0.307387
vt 0.733732 0.327550
vt 0.508773 0.382620
vt 0.759374 0.354208
vt 0.528269 0.353682
vt 0.777098 0.385057
vt 0.554154 0.328637
vt 0.786772 0.417683
vt 0.585950 0.309421
vt 0.789319 0.449960
vt 0.622608 0.297895
vt 0.786982 0.481155
vt 0.662621 0.295950
vt 0.477001 0.477516
vt 0.486125 0.445486
vt 0.784530 0.512438
vt 0.582202 0.771203
vt 0.571342 0.726321
vt 0.597119 0.741182
vt 0.786422 0.672783
vt 0.777250 0.639274
vt 0.789319 0.640558
vt 0.618080 0.785874
vt 0.625764 0.749905
vt 0.780963 0.609244
vt 0.787219 0.609399
vt 0.658306 0.790506
vt 0.655866 0.751631
vt 0.509077 0.625869
vt 0.508431 0.594480
vt 0.515307 0.625143
vt 0.785006 0.578150
vt 0.685499 0.746187
vt 0.697603 0.780847
vt 0.509827 0.657159
vt 0.521723 0.654692
vt 0.712773 0.734005
vt 0.731253 0.761808
vt 0.516118 0.689056
vt 0.532845 0.681920
vt 0.736391 0.716134
vt 0.757777 0.735800
vt 0.530182 0.720400
vt 0.549583 0.706210
vt 0.755390 0.693610
vt 0.776222 0.705277
vt 0.552449 0.748630
vt 0.769071 0.667588
vt 0.700175 0.710686
vt 0.532162 0.650514
vt 0.546299 0.673238
vt 0.720979 0.698034
vt 0.564020 0.691908
vt 0.739367 0.681217
vt 0.584469 0.706347
vt 0.754675 0.660487
vt 0.606790 0.716382
vt 0.766388 0.636126
vt 0.630222 0.721860
vt 0.774935 0.608012
vt 0.654073 0.722636
vt 0.508993 0.594898
vt 0.521201 0.623368
vt 0.784500 0.578570
vt 0.677633 0.718960
vt 0.756850 0.631654
vt 0.613296 0.695540
vt 0.633005 0.699163
vt 0.769295 0.605866
vt 0.652665 0.699505
vt 0.510110 0.595018
vt 0.526624 0.620730
vt 0.783467 0.578770
vt 0.672126 0.696811
vt 0.541089 0.645209
vt 0.691248 0.690893
vt 0.556945 0.663865
vt 0.709655 0.681659
vt 0.574753 0.678122
vt 0.727003 0.668911
vt 0.593736 0.688568
vt 0.742876 0.652371
vt 0.701165 0.666873
vt 0.565249 0.654308
vt 0.582719 0.665061
vt 0.717386 0.657058
vt 0.600382 0.672608
vt 0.733250 0.643794
vt 0.617816 0.677619
vt 0.748606 0.626278
vt 0.634819 0.680190
vt 0.764131 0.602964
vt 0.651505 0.680353
vt 0.511631 0.594631
vt 0.531517 0.617406
vt 0.782040 0.578547
vt 0.668089 0.678177
vt 0.548587 0.639234
vt 0.684710 0.673780
vt 0.759484 0.599448
vt 0.637359 0.659806
vt 0.650288 0.659697
vt 0.513419 0.593644
vt 0.535869 0.613547
vt 0.780358 0.577822
vt 0.663093 0.658395
vt 0.554789 0.632938
vt 0.679877 0.658724
vt 0.571621 0.644864
vt 0.694700 0.653451
vt 0.588609 0.652707
vt 0.709843 0.645790
vt 0.605132 0.657944
vt 0.725407 0.635079
vt 0.624151 0.658357
vt 0.741558 0.620304
vt 0.582928 0.640865
vt 0.599366 0.647280
vt 0.703879 0.635122
vt 0.609287 0.645077
vt 0.719016 0.626400
vt 0.626221 0.646137
vt 0.735582 0.613948
vt 0.638072 0.647155
vt 0.755364 0.595437
vt 0.649604 0.647029
vt 0.515256 0.591850
vt 0.539738 0.609256
vt 0.778556 0.576569
vt 0.661079 0.645975
vt 0.566363 0.631393
vt 0.676257 0.645330
vt 0.689713 0.641217
vt 0.638514 0.635778
vt 0.648995 0.635596
vt 0.516074 0.594501
vt 0.542181 0.604501
vt 0.776743 0.574793
vt 0.751760 0.591024
vt 0.659448 0.634697
vt 0.569522 0.624608
vt 0.673342 0.633302
vt 0.586759 0.631633
vt 0.685763 0.629940
vt 0.602477 0.636263
vt 0.699116 0.624999
vt 0.612229 0.633645
vt 0.713806 0.617840
vt 0.627708 0.635087
vt 0.730553 0.607353
vt 0.517083 0.591458
vt 0.775006 0.572518
s 0
usemtl bechar
f 171/263/207 180/264/207 646/265/207
f 649/266/208 187/267/208 188/268/208
f 172/269/209 180/264/209 181/270/209
f 650/271/210 188/268/210 189/272/210
f 172/269/211 182/273/211 647/274/211
f 651/275/212 189/272/212 190/276/212
f 647/274/213 183/277/213 173/278/213
f 652/279/214 190/276/214 191/280/214
f 173/278/215 184/281/215 174/282/215
f 644/283/216 252/284/216 177/285/216
f 478/286/217 652/279/217 191/280/217
f 175/287/218 184/281/218 185/288/218
f 644/283/219 178/289/219 645/290/219
f 648/291/220 185/288/220 186/292/220
f 645/290/221 179/293/221 171/263/221
f 176/294/222 186/292/222 187/267/222
f 178/289/223 194/295/223 179/293/223
f 187/267/224 201/296/224 202/297/224
f 179/293/225 195/298/225 180/264/225
f 188/268/226 202/297/226 203/299/226
f 181/270/227 195/298/227 196/300/227
f 189/272/228 203/299/228 204/301/228
f 181/270/229 197/302/229 182/273/229
f 190/276/230 204/301/230 205/303/230
f 182/273/231 198/304/231 183/277/231
f 191/280/232 205/303/232 206/305/232
f 183/277/233 199/306/233 184/281/233
f 177/285/234 252/307/234 192/308/234
f 478/309/235 191/280/235 206/305/235
f 185/288/236 199/306/236 200/310/236
f 177/285/237 193/311/237 178/289/237
f 186/292/238 200/310/238 201/296/238
f 197/302/239 213/312/239 198/304/239
f 206/305/240 220/313/240 221/314/240
f 198/304/241 214/315/241 199/306/241
f 192/308/242 252/316/242 207/317/242
f 478/318/243 206/305/243 221/314/243
f 200/310/244 214/315/244 215/319/244
f 192/308/245 208/320/245 193/311/245
f 201/296/246 215/319/246 216/321/246
f 193/311/247 209/322/247 194/295/247
f 202/297/248 216/321/248 217/323/248
f 194/295/249 210/324/249 195/298/249
f 203/299/250 217/323/250 218/325/250
f 196/300/251 210/324/251 211/326/251
f 204/301/252 218/325/252 219/327/252
f 196/300/253 212/328/253 197/302/253
f 205/303/254 219/327/254 220/313/254
f 217/323/255 231/329/255 232/330/255
f 209/322/256 225/331/256 210/324/256
f 218/325/257 232/330/257 233/332/257
f 210/324/258 226/333/258 211/326/258
f 219/327/259 233/332/259 234/334/259
f 211/326/260 227/335/260 212/328/260
f 220/313/261 234/334/261 235/336/261
f 212/328/262 228/337/262 213/312/262
f 221/314/263 235/336/263 236/338/263
f 213/312/264 229/339/264 214/315/264
f 207/317/265 252/340/265 222/341/265
f 478/342/266 221/314/266 236/338/266
f 215/319/267 229/339/267 230/343/267
f 207/317/268 223/344/268 208/320/268
f 216/321/269 230/343/269 231/329/269
f 208/320/270 224/345/270 209/322/270
f 236/338/271 250/346/271 251/347/271
f 228/337/272 244/348/272 229/339/272
f 222/341/273 252/349/273 237/350/273
f 478/351/274 236/338/274 251/347/274
f 230/343/275 244/348/275 245/352/275
f 222/341/276 238/353/276 223/344/276
f 231/329/277 245/352/277 246/354/277
f 223/344/278 239/355/278 224/345/278
f 232/330/279 246/354/279 247/356/279
f 224/345/280 240/357/280 225/331/280
f 233/332/281 247/356/281 248/358/281
f 225/331/282 241/359/282 226/333/282
f 234/334/283 248/358/283 249/360/283
f 226/333/284 242/361/284 227/335/284
f 235/336/285 249/360/285 250/346/285
f 227/335/286 243/362/286 228/337/286
f 239/355/287 256/363/287 240/357/287
f 248/358/288 263/364/288 264/365/288
f 240/357/289 257/366/289 241/359/289
f 249/360/290 264/365/290 265/367/290
f 241/359/291 258/368/291 242/361/291
f 250/346/292 265/367/292 266/369/292
f 242/361/293 259/370/293 243/362/293
f 251/347/294 266/369/294 267/371/294
f 243/362/295 260/372/295 244/348/295
f 237/350/296 252/373/296 253/374/296
f 478/375/297 251/347/297 267/371/297
f 245/352/298 260/372/298 261/376/298
f 237/350/299 254/377/299 238/353/299
f 246/354/300 261/376/300 262/378/300
f 238/353/301 255/379/301 239/355/301
f 247/356/302 262/378/302 263/364/302
f 259/370/303 275/380/303 260/372/303
f 253/374/304 252/381/304 268/382/304
f 478/383/305 267/371/305 282/384/305
f 261/376/306 275/380/306 276/385/306
f 253/374/307 269/386/307 254/377/307
f 262/378/308 276/385/308 277/387/308
f 254/377/309 270/388/309 255/379/309
f 263/364/310 277/387/310 278/389/310
f 255/379/311 271/390/311 256/363/311
f 264/365/312 278/389/312 279/391/312
f 256/363/313 272/392/313 257/366/313
f 265/367/314 279/391/314 280/393/314
f 257/366/315 273/394/315 258/368/315
f 266/369/316 280/393/316 281/395/316
f 258/368/317 274/396/317 259/370/317
f 267/371/318 281/395/318 282/384/318
f 279/391/319 293/397/319 294/398/319
f 271/390/320 287/399/320 272/392/320
f 280/393/321 294/398/321 295/400/321
f 272/392/322 288/401/322 273/394/322
f 281/395/323 295/400/323 296/402/323
f 273/394/324 289/403/324 274/396/324
f 282/384/325 296/402/325 297/404/325
f 274/396/326 290/405/326 275/380/326
f 268/382/327 252/406/327 283/407/327
f 478/408/328 282/384/328 297/404/328
f 276/385/329 290/405/329 291/409/329
f 268/382/330 284/410/330 269/386/330
f 277/387/331 291/409/331 292/411/331
f 269/386/332 285/412/332 270/388/332
f 278/389/333 292/411/333 293/397/333
f 270/388/334 286/413/334 271/390/334
f 478/414/335 297/404/335 312/415/335
f 290/405/336 306/416/336 291/409/336
f 284/410/337 298/417/337 299/418/337
f 291/409/338 307/419/338 292/411/338
f 285/412/339 299/418/339 300/420/339
f 292/411/340 308/421/340 293/397/340
f 286/413/341 300/420/341 301/422/341
f 293/397/342 309/423/342 294/398/342
f 287/399/343 301/422/343 302/424/343
f 294/398/344 310/425/344 295/400/344
f 288/401/345 302/424/345 303/426/345
f 295/400/346 311/427/346 296/402/346
f 289/403/347 303/426/347 304/428/347
f 296/402/348 312/415/348 297/404/348
f 290/405/349 304/428/349 305/429/349
f 283/407/350 252/430/350 298/417/350
f 309/423/351 325/431/351 310/425/351
f 303/426/352 317/432/352 318/433/352
f 310/425/353 326/434/353 311/427/353
f 304/428/354 318/433/354 319/435/354
f 311/427/355 327/436/355 312/415/355
f 305/429/356 319/435/356 320/437/356
f 298/417/357 252/438/357 313/439/357
f 478/440/358 312/415/358 327/436/358
f 305/429/359 321/441/359 306/416/359
f 299/418/360 313/439/360 314/442/360
f 306/416/361 322/443/361 307/419/361
f 300/420/362 314/442/362 315/444/362
f 307/419/363 323/445/363 308/421/363
f 301/422/364 315/444/364 316/446/364
f 308/421/365 324/447/365 309/423/365
f 302/424/366 316/446/366 317/432/366
f 314/442/367 328/448/367 329/449/367
f 321/441/368 337/450/368 322/443/368
f 315/444/369 329/449/369 330/451/369
f 322/443/370 338/452/370 323/445/370
f 316/446/371 330/451/371 331/453/371
f 323/445/372 339/454/372 324/447/372
f 317/432/373 331/453/373 332/455/373
f 324/447/374 340/456/374 325/431/374
f 318/433/375 332/455/375 333/457/375
f 325/431/376 341/458/376 326/434/376
f 319/435/377 333/457/377 334/459/377
f 326/434/378 342/460/378 327/436/378
f 320/437/379 334/459/379 335/461/379
f 313/439/380 252/462/380 328/448/380
f 478/463/381 327/436/381 342/460/381
f 320/437/382 336/464/382 321/441/382
f 333/457/383 347/465/383 348/466/383
f 340/456/384 356/467/384 341/458/384
f 334/459/385 348/466/385 349/468/385
f 341/458/386 357/469/386 342/460/386
f 335/461/387 349/468/387 350/470/387
f 328/448/388 252/471/388 343/472/388
f 478/473/389 342/460/389 357/469/389
f 335/461/390 351/474/390 336/464/390
f 329/449/391 343/472/391 344/475/391
f 336/464/392 352/476/392 337/450/392
f 330/451/393 344/475/393 345/477/393
f 337/450/394 353/478/394 338/452/394
f 331/453/395 345/477/395 346/479/395
f 338/452/396 354/480/396 339/454/396
f 332/455/397 346/479/397 347/465/397
f 339/454/398 355/481/398 340/456/398
f 351/474/399 367/482/399 352/476/399
f 345/477/400 359/483/400 360/484/400
f 352/476/401 368/485/401 353/478/401
f 346/479/402 360/484/402 361/486/402
f 353/478/403 369/487/403 354/480/403
f 347/465/404 361/486/404 362/488/404
f 354/480/405 370/489/405 355/481/405
f 348/466/406 362/488/406 363/490/406
f 355/481/407 371/491/407 356/467/407
f 349/468/408 363/490/408 364/492/408
f 356/467/409 372/493/409 357/469/409
f 350/470/410 364/492/410 365/494/410
f 343/472/411 252/495/411 358/496/411
f 478/497/412 357/469/412 372/493/412
f 350/470/413 366/498/413 351/474/413
f 344/475/414 358/496/414 359/483/414
f 370/489/415 386/499/415 371/491/415
f 364/492/416 378/500/416 379/501/416
f 371/491/417 387/502/417 372/493/417
f 365/494/418 379/501/418 380/503/418
f 358/496/419 252/504/419 373/505/419
f 478/506/420 372/493/420 387/502/420
f 365/494/421 381/507/421 366/498/421
f 359/483/422 373/505/422 374/508/422
f 366/498/423 382/509/423 367/482/423
f 360/484/424 374/508/424 375/510/424
f 367/482/425 383/511/425 368/485/425
f 361/486/426 375/510/426 376/512/426
f 368/485/427 384/513/427 369/487/427
f 362/488/428 376/512/428 377/514/428
f 369/487/429 385/515/429 370/489/429
f 363/490/430 377/514/430 378/500/430
f 375/510/431 389/516/431 390/517/431
f 382/509/432 398/518/432 383/511/432
f 376/512/433 390/517/433 391/519/433
f 383/511/434 399/520/434 384/513/434
f 377/514/435 391/519/435 392/521/435
f 384/513/436 400/522/436 385/515/436
f 378/500/437 392/521/437 393/523/437
f 385/515/438 401/524/438 386/499/438
f 379/501/439 393/523/439 394/525/439
f 386/499/440 402/526/440 387/502/440
f 380/503/441 394/525/441 395/527/441
f 373/505/442 252/528/442 388/529/442
f 478/530/443 387/502/443 402/526/443
f 380/503/444 396/531/444 381/507/444
f 374/508/445 388/529/445 389/516/445
f 381/507/446 397/532/446 382/509/446
f 394/525/447 408/533/447 409/534/447
f 401/524/448 417/535/448 402/526/448
f 395/527/449 409/534/449 410/536/449
f 388/529/450 252/537/450 403/538/450
f 478/539/451 402/526/451 417/535/451
f 395/527/452 411/540/452 396/531/452
f 389/516/453 403/538/453 404/541/453
f 396/531/454 412/542/454 397/532/454
f 390/517/455 404/541/455 405/543/455
f 397/532/456 413/544/456 398/518/456
f 391/519/457 405/543/457 406/545/457
f 398/518/458 414/546/458 399/520/458
f 392/521/459 406/545/459 407/547/459
f 399/520/460 415/548/460 400/522/460
f 393/523/461 407/547/461 408/533/461
f 400/522/462 416/549/462 401/524/462
f 413/544/463 427/550/463 428/551/463
f 405/543/464 421/552/464 406/545/464
f 414/546/465 428/551/465 429/553/465
f 406/545/466 422/554/466 407/547/466
f 415/548/467 429/553/467 430/555/467
f 407/547/468 423/556/468 408/533/468
f 416/549/469 430/555/469 431/557/469
f 408/533/470 424/558/470 409/534/470
f 417/535/471 431/557/471 432/559/471
f 409/534/472 425/560/472 410/536/472
f 403/538/473 252/561/473 418/562/473
f 478/563/474 417/535/474 432/559/474
f 411/540/475 425/560/475 426/564/475
f 403/538/476 419/565/476 404/541/476
f 412/542/477 426/564/477 427/550/477
f 404/541/478 420/566/478 405/543/478
f 432/559/479 446/567/479 447/568/479
f 424/558/480 440/569/480 425/560/480
f 418/562/481 252/570/481 433/571/481
f 478/572/482 432/559/482 447/568/482
f 426/564/483 440/569/483 441/573/483
f 418/562/484 434/574/484 419/565/484
f 427/550/485 441/573/485 442/575/485
f 419/565/486 435/576/486 420/566/486
f 428/551/487 442/575/487 443/577/487
f 420/566/488 436/578/488 421/552/488
f 429/553/489 443/577/489 444/579/489
f 421/552/490 437/580/490 422/554/490
f 430/555/491 444/579/491 445/581/491
f 422/554/492 438/582/492 423/556/492
f 431/557/493 445/581/493 446/567/493
f 423/556/494 439/583/494 424/558/494
f 444/579/495 458/584/495 459/585/495
f 436/578/496 452/586/496 437/580/496
f 445/581/497 459/585/497 460/587/497
f 437/580/498 453/588/498 438/582/498
f 446/567/499 460/587/499 461/589/499
f 438/582/500 454/590/500 439/583/500
f 447/568/501 461/589/501 462/591/501
f 439/583/502 455/592/502 440/569/502
f 433/571/503 252/593/503 448/594/503
f 478/595/504 447/568/504 462/591/504
f 441/573/505 455/592/505 456/596/505
f 433/571/506 449/597/506 434/574/506
f 442/575/507 456/596/507 457/598/507
f 434/574/508 450/599/508 435/576/508
f 443/577/509 457/598/509 458/584/509
f 435/576/510 451/600/510 436/578/510
f 448/594/511 252/601/511 463/602/511
f 478/603/512 462/591/512 477/604/512
f 456/596/513 470/605/513 471/606/513
f 448/594/514 464/607/514 449/597/514
f 457/598/515 471/606/515 472/608/515
f 449/597/516 465/609/516 450/599/516
f 458/584/517 472/608/517 473/610/517
f 450/599/518 466/611/518 451/600/518
f 459/585/519 473/610/519 474/612/519
f 451/600/520 467/613/520 452/586/520
f 460/587/521 474/612/521 475/614/521
f 452/586/522 468/615/522 453/588/522
f 461/589/523 475/614/523 476/616/523
f 453/588/524 469/617/524 454/590/524
f 462/591/525 476/616/525 477/604/525
f 454/590/526 470/605/526 455/592/526
f 466/611/527 483/618/527 467/613/527
f 475/614/528 490/619/528 491/620/528
f 467/613/529 484/621/529 468/615/529
f 476/616/530 491/620/530 492/622/530
f 468/615/531 485/623/531 469/617/531
f 477/604/532 492/622/532 493/624/532
f 469/617/533 486/625/533 470/605/533
f 463/602/534 252/626/534 479/627/534
f 478/628/535 477/604/535 493/624/535
f 471/606/536 486/625/536 487/629/536
f 463/602/537 480/630/537 464/607/537
f 472/608/538 487/629/538 488/631/538
f 464/607/539 481/632/539 465/609/539
f 473/610/540 488/631/540 489/633/540
f 465/609/541 482/634/541 466/611/541
f 474/612/542 489/633/542 490/619/542
f 487/629/543 501/635/543 502/636/543
f 479/627/544 495/637/544 480/630/544
f 488/631/545 502/636/545 503/638/545
f 480/630/546 496/639/546 481/632/546
f 489/633/547 503/638/547 504/640/547
f 481/632/548 497/641/548 482/634/548
f 490/619/549 504/640/549 505/642/549
f 482/634/550 498/643/550 483/618/550
f 491/620/551 505/642/551 506/644/551
f 483/618/552 499/645/552 484/621/552
f 492/622/553 506/644/553 507/646/553
f 484/621/554 500/647/554 485/623/554
f 493/624/555 507/646/555 508/648/555
f 485/623/556 501/635/556 486/625/556
f 479/627/557 252/649/557 494/650/557
f 478/651/558 493/624/558 508/648/558
f 506/644/559 520/652/559 521/653/559
f 498/643/560 514/654/560 499/645/560
f 507/646/561 521/653/561 522/655/561
f 499/645/562 515/656/562 500/647/562
f 508/648/563 522/655/563 523/657/563
f 500/647/564 516/658/564 501/635/564
f 494/650/565 252/659/565 509/660/565
f 478/661/566 508/648/566 523/657/566
f 502/636/567 516/658/567 517/662/567
f 494/650/568 510/663/568 495/637/568
f 503/638/569 517/662/569 518/664/569
f 495/637/570 511/665/570 496/639/570
f 504/640/571 518/664/571 519/666/571
f 496/639/572 512/667/572 497/641/572
f 505/642/573 519/666/573 520/652/573
f 497/641/574 513/668/574 498/643/574
f 509/660/575 525/669/575 510/663/575
f 518/664/576 532/670/576 533/671/576
f 510/663/577 526/672/577 511/665/577
f 519/666/578 533/671/578 534/673/578
f 511/665/579 527/674/579 512/667/579
f 520/652/580 534/673/580 535/675/580
f 512/667/581 528/676/581 513/668/581
f 521/653/582 535/675/582 536/677/582
f 513/668/583 529/678/583 514/654/583
f 522/655/584 536/677/584 537/679/584
f 514/654/585 530/680/585 515/656/585
f 523/657/586 537/679/586 538/681/586
f 515/656/587 531/682/587 516/658/587
f 509/660/588 252/683/588 524/684/588
f 478/685/589 523/657/589 538/681/589
f 517/662/590 531/682/590 532/670/590
f 529/686/591 543/687/591 544/688/591
f 536/689/592 552/690/592 537/691/592
f 530/692/593 544/688/593 545/693/593
f 537/691/594 553/694/594 538/695/594
f 531/696/595 545/693/595 546/697/595
f 524/698/596 252/699/596 539/700/596
f 478/701/597 538/695/597 553/694/597
f 531/696/598 547/702/598 532/703/598
f 525/704/599 539/700/599 540/705/599
f 532/703/600 548/706/600 533/707/600
f 526/708/601 540/705/601 541/709/601
f 533/707/602 549/710/602 534/711/602
f 527/712/603 541/709/603 542/713/603
f 534/711/604 550/714/604 535/715/604
f 528/716/605 542/713/605 543/687/605
f 535/715/606 551/717/606 536/689/606
f 547/702/607 563/718/607 548/706/607
f 541/709/608 555/719/608 556/720/608
f 548/706/609 564/721/609 549/710/609
f 542/713/610 556/720/610 557/722/610
f 549/710/611 565/723/611 550/714/611
f 543/687/612 557/722/612 558/724/612
f 550/714/613 566/725/613 551/717/613
f 544/688/614 558/724/614 559/726/614
f 551/717/615 567/727/615 552/690/615
f 545/693/616 559/726/616 560/728/616
f 552/690/617 568/729/617 553/694/617
f 546/697/618 560/728/618 561/730/618
f 539/700/619 252/731/619 554/732/619
f 478/733/620 553/694/620 568/729/620
f 546/697/621 562/734/621 547/702/621
f 540/705/622 554/732/622 555/719/622
f 566/725/623 582/735/623 567/727/623
f 560/728/624 574/736/624 575/737/624
f 567/727/625 583/738/625 568/729/625
f 561/730/626 575/737/626 576/739/626
f 554/732/627 252/740/627 569/741/627
f 478/742/628 568/729/628 583/738/628
f 561/730/629 577/743/629 562/734/629
f 555/719/630 569/741/630 570/744/630
f 562/734/631 578/745/631 563/718/631
f 556/720/632 570/744/632 571/746/632
f 563/718/633 579/747/633 564/721/633
f 557/722/634 571/746/634 572/748/634
f 564/721/635 580/749/635 565/723/635
f 558/724/636 572/748/636 573/750/636
f 565/723/637 581/751/637 566/725/637
f 559/726/638 573/750/638 574/736/638
f 578/745/639 594/752/639 579/747/639
f 572/748/640 586/753/640 587/754/640
f 579/747/641 595/755/641 580/749/641
f 573/750/642 587/754/642 588/756/642
f 580/749/643 596/757/643 581/751/643
f 574/736/644 588/756/644 589/758/644
f 581/751/645 597/759/645 582/735/645
f 575/737/646 589/758/646 590/760/646
f 582/735/647 598/761/647 583/738/647
f 576/739/648 590/760/648 591/762/648
f 569/741/649 252/763/649 584/764/649
f 478/765/650 583/738/650 598/761/650
f 576/739/651 592/766/651 577/743/651
f 570/744/652 584/764/652 585/767/652
f 577/743/653 593/768/653 578/745/653
f 571/746/654 585/767/654 586/753/654
f 597/759/655 613/769/655 598/761/655
f 591/762/656 605/770/656 606/771/656
f 584/764/657 252/772/657 599/773/657
f 478/774/658 598/761/658 613/769/658
f 591/762/659 607/775/659 592/766/659
f 585/767/660 599/773/660 600/776/660
f 592/766/661 608/777/661 593/768/661
f 586/753/662 600/776/662 601/778/662
f 593/768/663 609/779/663 594/752/663
f 587/754/664 601/778/664 602/780/664
f 594/752/665 610/781/665 595/755/665
f 588/756/666 602/780/666 603/782/666
f 595/755/667 611/783/667 596/757/667
f 589/758/668 603/782/668 604/784/668
f 596/757/669 612/785/669 597/759/669
f 590/760/670 604/784/670 605/770/670
f 602/780/671 616/786/671 617/787/671
f 609/779/672 625/788/672 610/781/672
f 603/782/673 617/787/673 618/789/673
f 610/781/674 626/790/674 611/783/674
f 604/784/675 618/789/675 619/791/675
f 611/783/676 627/792/676 612/785/676
f 605/770/677 619/791/677 620/793/677
f 612/785/678 628/794/678 613/769/678
f 606/771/679 620/793/679 621/795/679
f 599/773/680 252/796/680 614/797/680
f 478/798/681 613/769/681 628/794/681
f 606/771/682 622/799/682 607/775/682
f 600/776/683 614/797/683 615/800/683
f 607/775/684 623/801/684 608/777/684
f 601/778/685 615/800/685 616/786/685
f 608/777/686 624/802/686 609/779/686
f 621/795/687 635/803/687 636/804/687
f 614/797/688 252/805/688 629/806/688
f 478/807/689 628/794/689 643/808/689
f 621/795/690 637/809/690 622/799/690
f 614/797/691 630/810/691 615/800/691
f 622/799/692 638/811/692 623/801/692
f 616/786/693 630/810/693 631/812/693
f 623/801/694 639/813/694 624/802/694
f 617/787/695 631/812/695 632/814/695
f 624/802/696 640/815/696 625/788/696
f 618/789/697 632/814/697 633/816/697
f 625/788/698 641/817/698 626/790/698
f 619/791/699 633/816/699 634/818/699
f 626/790/700 642/819/700 627/792/700
f 620/793/701 634/818/701 635/803/701
f 627/792/702 643/808/702 628/794/702
f 639/813/703 649/266/703 640/815/703
f 633/816/704 646/265/704 172/269/704
f 640/815/705 650/271/705 641/817/705
f 634/818/706 172/269/706 647/274/706
f 641/817/707 651/275/707 642/819/707
f 635/803/708 647/274/708 173/278/708
f 642/819/709 652/279/709 643/808/709
f 636/804/710 173/278/710 174/282/710
f 629/806/711 252/820/711 644/283/711
f 478/821/712 643/808/712 652/279/712
f 636/804/713 175/287/713 637/809/713
f 629/806/714 645/290/714 630/810/714
f 637/809/715 648/291/715 638/811/715
f 631/812/716 645/290/716 171/263/716
f 638/811/717 176/294/717 639/813/717
f 632/814/718 171/263/718 646/265/718
f 171/263/719 179/293/719 180/264/719
f 649/266/208 176/294/208 187/267/208
f 172/269/209 646/265/209 180/264/209
f 650/271/720 649/266/720 188/268/720
f 172/269/211 181/270/211 182/273/211
f 651/275/212 650/271/212 189/272/212
f 647/274/213 182/273/213 183/277/213
f 652/279/214 651/275/214 190/276/214
f 173/278/215 183/277/215 184/281/215
f 175/287/218 174/282/218 184/281/218
f 644/283/219 177/285/219 178/289/219
f 648/291/220 175/287/220 185/288/220
f 645/290/221 178/289/221 179/293/221
f 176/294/222 648/291/222 186/292/222
f 178/289/223 193/311/223 194/295/223
f 187/267/224 186/292/224 201/296/224
f 179/293/225 194/295/225 195/298/225
f 188/268/226 187/267/226 202/297/226
f 181/270/227 180/264/227 195/298/227
f 189/272/228 188/268/228 203/299/228
f 181/270/721 196/300/721 197/302/721
f 190/276/230 189/272/230 204/301/230
f 182/273/722 197/302/722 198/304/722
f 191/280/232 190/276/232 205/303/232
f 183/277/723 198/304/723 199/306/723
f 185/288/724 184/281/724 199/306/724
f 177/285/237 192/308/237 193/311/237
f 186/292/725 185/288/725 200/310/725
f 197/302/239 212/328/239 213/312/239
f 206/305/240 205/303/240 220/313/240
f 198/304/241 213/312/241 214/315/241
f 200/310/244 199/306/244 214/315/244
f 192/308/726 207/317/726 208/320/726
f 201/296/246 200/310/246 215/319/246
f 193/311/727 208/320/727 209/322/727
f 202/297/248 201/296/248 216/321/248
f 194/295/728 209/322/728 210/324/728
f 203/299/250 202/297/250 217/323/250
f 196/300/729 195/298/729 210/324/729
f 204/301/252 203/299/252 218/325/252
f 196/300/253 211/326/253 212/328/253
f 205/303/254 204/301/254 219/327/254
f 217/323/730 216/321/730 231/329/730
f 209/322/256 224/345/256 225/331/256
f 218/325/257 217/323/257 232/330/257
f 210/324/258 225/331/258 226/333/258
f 219/327/259 218/325/259 233/332/259
f 211/326/731 226/333/731 227/335/731
f 220/313/261 219/327/261 234/334/261
f 212/328/262 227/335/262 228/337/262
f 221/314/263 220/313/263 235/336/263
f 213/312/264 228/337/264 229/339/264
f 215/319/267 214/315/267 229/339/267
f 207/317/268 222/341/268 223/344/268
f 216/321/269 215/319/269 230/343/269
f 208/320/270 223/344/270 224/345/270
f 236/338/271 235/336/271 250/346/271
f 228/337/272 243/362/272 244/348/272
f 230/343/275 229/339/275 244/348/275
f 222/341/276 237/350/276 238/353/276
f 231/329/277 230/343/277 245/352/277
f 223/344/278 238/353/278 239/355/278
f 232/330/279 231/329/279 246/354/279
f 224/345/280 239/355/280 240/357/280
f 233/332/281 232/330/281 247/356/281
f 225/331/282 240/357/282 241/359/282
f 234/334/283 233/332/283 248/358/283
f 226/333/284 241/359/284 242/361/284
f 235/336/285 234/334/285 249/360/285
f 227/335/732 242/361/732 243/362/732
f 239/355/287 255/379/287 256/363/287
f 248/358/288 247/356/288 263/364/288
f 240/357/289 256/363/289 257/366/289
f 249/360/290 248/358/290 264/365/290
f 241/359/291 257/366/291 258/368/291
f 250/346/292 249/360/292 265/367/292
f 242/361/293 258/368/293 259/370/293
f 251/347/294 250/346/294 266/369/294
f 243/362/295 259/370/295 260/372/295
f 245/352/298 244/348/298 260/372/298
f 237/350/299 253/374/299 254/377/299
f 246/354/300 245/352/300 261/376/300
f 238/353/301 254/377/301 255/379/301
f 247/356/302 246/354/302 262/378/302
f 259/370/303 274/396/303 275/380/303
f 261/376/306 260/372/306 275/380/306
f 253/374/307 268/382/307 269/386/307
f 262/378/308 261/376/308 276/385/308
f 254/377/309 269/386/309 270/388/309
f 263/364/310 262/378/310 277/387/310
f 255/379/311 270/388/311 271/390/311
f 264/365/312 263/364/312 278/389/312
f 256/363/313 271/390/313 272/392/313
f 265/367/314 264/365/314 279/391/314
f 257/366/315 272/392/315 273/394/315
f 266/369/316 265/367/316 280/393/316
f 258/368/317 273/394/317 274/396/317
f 267/371/318 266/369/318 281/395/318
f 279/391/319 278/389/319 293/397/319
f 271/390/320 286/413/320 287/399/320
f 280/393/321 279/391/321 294/398/321
f 272/392/322 287/399/322 288/401/322
f 281/395/323 280/393/323 295/400/323
f 273/394/324 288/401/324 289/403/324
f 282/384/325 281/395/325 296/402/325
f 274/396/326 289/403/326 290/405/326
f 276/385/329 275/380/329 290/405/329
f 268/382/330 283/407/330 284/410/330
f 277/387/331 276/385/331 291/409/331
f 269/386/332 284/410/332 285/412/332
f 278/389/333 277/387/333 292/411/333
f 270/388/334 285/412/334 286/413/334
f 290/405/336 305/429/336 306/416/336
f 284/410/337 283/407/337 298/417/337
f 291/409/338 306/416/338 307/419/338
f 285/412/339 284/410/339 299/418/339
f 292/411/340 307/419/340 308/421/340
f 286/413/341 285/412/341 300/420/341
f 293/397/342 308/421/342 309/423/342
f 287/399/343 286/413/343 301/422/343
f 294/398/344 309/423/344 310/425/344
f 288/401/345 287/399/345 302/424/345
f 295/400/346 310/425/346 311/427/346
f 289/403/347 288/401/347 303/426/347
f 296/402/348 311/427/348 312/415/348
f 290/405/349 289/403/349 304/428/349
f 309/423/351 324/447/351 325/431/351
f 303/426/352 302/424/352 317/432/352
f 310/425/353 325/431/353 326/434/353
f 304/428/354 303/426/354 318/433/354
f 311/427/355 326/434/355 327/436/355
f 305/429/356 304/428/356 319/435/356
f 305/429/359 320/437/359 321/441/359
f 299/418/360 298/417/360 313/439/360
f 306/416/361 321/441/361 322/443/361
f 300/420/362 299/418/362 314/442/362
f 307/419/363 322/443/363 323/445/363
f 301/422/364 300/420/364 315/444/364
f 308/421/365 323/445/365 324/447/365
f 302/424/366 301/422/366 316/446/366
f 314/442/367 313/439/367 328/448/367
f 321/441/368 336/464/368 337/450/368
f 315/444/369 314/442/369 329/449/369
f 322/443/370 337/450/370 338/452/370
f 316/446/371 315/444/371 330/451/371
f 323/445/372 338/452/372 339/454/372
f 317/432/373 316/446/373 331/453/373
f 324/447/374 339/454/374 340/456/374
f 318/433/375 317/432/375 332/455/375
f 325/431/376 340/456/376 341/458/376
f 319/435/377 318/433/377 333/457/377
f 326/434/378 341/458/378 342/460/378
f 320/437/379 319/435/379 334/459/379
f 320/437/382 335/461/382 336/464/382
f 333/457/383 332/455/383 347/465/383
f 340/456/384 355/481/384 356/467/384
f 334/459/733 333/457/733 348/466/733
f 341/458/386 356/467/386 357/469/386
f 335/461/387 334/459/387 349/468/387
f 335/461/390 350/470/390 351/474/390
f 329/449/391 328/448/391 343/472/391
f 336/464/392 351/474/392 352/476/392
f 330/451/393 329/449/393 344/475/393
f 337/450/394 352/476/394 353/478/394
f 331/453/395 330/451/395 345/477/395
f 338/452/396 353/478/396 354/480/396
f 332/455/397 331/453/397 346/479/397
f 339/454/398 354/480/398 355/481/398
f 351/474/399 366/498/399 367/482/399
f 345/477/400 344/475/400 359/483/400
f 352/476/401 367/482/401 368/485/401
f 346/479/402 345/477/402 360/484/402
f 353/478/403 368/485/403 369/487/403
f 347/465/404 346/479/404 361/486/404
f 354/480/405 369/487/405 370/489/405
f 348/466/734 347/465/734 362/488/734
f 355/481/407 370/489/407 371/491/407
f 349/468/408 348/466/408 363/490/408
f 356/467/409 371/491/409 372/493/409
f 350/470/410 349/468/410 364/492/410
f 350/470/413 365/494/413 366/498/413
f 344/475/735 343/472/735 358/496/735
f 370/489/415 385/515/415 386/499/415
f 364/492/416 363/490/416 378/500/416
f 371/491/417 386/499/417 387/502/417
f 365/494/418 364/492/418 379/501/418
f 365/494/421 380/503/421 381/507/421
f 359/483/736 358/496/736 373/505/736
f 366/498/423 381/507/423 382/509/423
f 360/484/737 359/483/737 374/508/737
f 367/482/425 382/509/425 383/511/425
f 361/486/738 360/484/738 375/510/738
f 368/485/427 383/511/427 384/513/427
f 362/488/428 361/486/428 376/512/428
f 369/487/429 384/513/429 385/515/429
f 363/490/430 362/488/430 377/514/430
f 375/510/431 374/508/431 389/516/431
f 382/509/432 397/532/432 398/518/432
f 376/512/433 375/510/433 390/517/433
f 383/511/434 398/518/434 399/520/434
f 377/514/435 376/512/435 391/519/435
f 384/513/436 399/520/436 400/522/436
f 378/500/739 377/514/739 392/521/739
f 385/515/438 400/522/438 401/524/438
f 379/501/740 378/500/740 393/523/740
f 386/499/440 401/524/440 402/526/440
f 380/503/741 379/501/741 394/525/741
f 380/503/742 395/527/742 396/531/742
f 374/508/445 373/505/445 388/529/445
f 381/507/743 396/531/743 397/532/743
f 394/525/744 393/523/744 408/533/744
f 401/524/448 416/549/448 417/535/448
f 395/527/745 394/525/745 409/534/745
f 395/527/746 410/536/746 411/540/746
f 389/516/453 388/529/453 403/538/453
f 396/531/747 411/540/747 412/542/747
f 390/517/455 389/516/455 404/541/455
f 397/532/456 412/542/456 413/544/456
f 391/519/457 390/517/457 405/543/457
f 398/518/458 413/544/458 414/546/458
f 392/521/459 391/519/459 406/545/459
f 399/520/460 414/546/460 415/548/460
f 393/523/461 392/521/461 407/547/461
f 400/522/462 415/548/462 416/549/462
f 413/544/463 412/542/463 427/550/463
f 405/543/464 420/566/464 421/552/464
f 414/546/465 413/544/465 428/551/465
f 406/545/466 421/552/466 422/554/466
f 415/548/748 414/546/748 429/553/748
f 407/547/468 422/554/468 423/556/468
f 416/549/469 415/548/469 430/555/469
f 408/533/470 423/556/470 424/558/470
f 417/535/471 416/549/471 431/557/471
f 409/534/472 424/558/472 425/560/472
f 411/540/475 410/536/475 425/560/475
f 403/538/476 418/562/476 419/565/476
f 412/542/477 411/540/477 426/564/477
f 404/541/478 419/565/478 420/566/478
f 432/559/479 431/557/479 446/567/479
f 424/558/480 439/583/480 440/569/480
f 426/564/483 425/560/483 440/569/483
f 418/562/484 433/571/484 434/574/484
f 427/550/485 426/564/485 441/573/485
f 419/565/486 434/574/486 435/576/486
f 428/551/487 427/550/487 442/575/487
f 420/566/488 435/576/488 436/578/488
f 429/553/489 428/551/489 443/577/489
f 421/552/490 436/578/490 437/580/490
f 430/555/491 429/553/491 444/579/491
f 422/554/492 437/580/492 438/582/492
f 431/557/493 430/555/493 445/581/493
f 423/556/494 438/582/494 439/583/494
f 444/579/495 443/577/495 458/584/495
f 436/578/496 451/600/496 452/586/496
f 445/581/497 444/579/497 459/585/497
f 437/580/498 452/586/498 453/588/498
f 446/567/749 445/581/749 460/587/749
f 438/582/750 453/588/750 454/590/750
f 447/568/501 446/567/501 461/589/501
f 439/583/751 454/590/751 455/592/751
f 441/573/752 440/569/752 455/592/752
f 433/571/753 448/594/753 449/597/753
f 442/575/754 441/573/754 456/596/754
f 434/574/755 449/597/755 450/599/755
f 443/577/509 442/575/509 457/598/509
f 435/576/756 450/599/756 451/600/756
f 456/596/757 455/592/757 470/605/757
f 448/594/514 463/602/514 464/607/514
f 457/598/758 456/596/758 471/606/758
f 449/597/516 464/607/516 465/609/516
f 458/584/759 457/598/759 472/608/759
f 450/599/518 465/609/518 466/611/518
f 459/585/519 458/584/519 473/610/519
f 451/600/520 466/611/520 467/613/520
f 460/587/521 459/585/521 474/612/521
f 452/586/760 467/613/760 468/615/760
f 461/589/523 460/587/523 475/614/523
f 453/588/761 468/615/761 469/617/761
f 462/591/525 461/589/525 476/616/525
f 454/590/762 469/617/762 470/605/762
f 466/611/527 482/634/527 483/618/527
f 475/614/528 474/612/528 490/619/528
f 467/613/529 483/618/529 484/621/529
f 476/616/530 475/614/530 491/620/530
f 468/615/531 484/621/531 485/623/531
f 477/604/532 476/616/532 492/622/532
f 469/617/533 485/623/533 486/625/533
f 471/606/536 470/605/536 486/625/536
f 463/602/537 479/627/537 480/630/537
f 472/608/763 471/606/763 487/629/763
f 464/607/539 480/630/539 481/632/539
f 473/610/540 472/608/540 488/631/540
f 465/609/764 481/632/764 482/634/764
f 474/612/542 473/610/542 489/633/542
f 487/629/543 486/625/543 501/635/543
f 479/627/544 494/650/544 495/637/544
f 488/631/545 487/629/545 502/636/545
f 480/630/546 495/637/546 496/639/546
f 489/633/547 488/631/547 503/638/547
f 481/632/548 496/639/548 497/641/548
f 490/619/549 489/633/549 504/640/549
f 482/634/550 497/641/550 498/643/550
f 491/620/551 490/619/551 505/642/551
f 483/618/552 498/643/552 499/645/552
f 492/622/553 491/620/553 506/644/553
f 484/621/554 499/645/554 500/647/554
f 493/624/555 492/622/555 507/646/555
f 485/623/556 500/647/556 501/635/556
f 506/644/559 505/642/559 520/652/559
f 498/643/560 513/668/560 514/654/560
f 507/646/561 506/644/561 521/653/561
f 499/645/562 514/654/562 515/656/562
f 508/648/563 507/646/563 522/655/563
f 500/647/564 515/656/564 516/658/564
f 502/636/567 501/635/567 516/658/567
f 494/650/568 509/660/568 510/663/568
f 503/638/569 502/636/569 517/662/569
f 495/637/765 510/663/765 511/665/765
f 504/640/571 503/638/571 518/664/571
f 496/639/572 511/665/572 512/667/572
f 505/642/573 504/640/573 519/666/573
f 497/641/574 512/667/574 513/668/574
f 509/660/575 524/684/575 525/669/575
f 518/664/576 517/662/576 532/670/576
f 510/663/577 525/669/577 526/672/577
f 519/666/578 518/664/578 533/671/578
f 511/665/579 526/672/579 527/674/579
f 520/652/580 519/666/580 534/673/580
f 512/667/581 527/674/581 528/676/581
f 521/653/582 520/652/582 535/675/582
f 513/668/766 528/676/766 529/678/766
f 522/655/584 521/653/584 536/677/584
f 514/654/585 529/678/585 530/680/585
f 523/657/586 522/655/586 537/679/586
f 515/656/587 530/680/587 531/682/587
f 517/662/590 516/658/590 531/682/590
f 529/686/767 528/716/767 543/687/767
f 536/689/592 551/717/592 552/690/592
f 530/692/593 529/686/593 544/688/593
f 537/691/594 552/690/594 553/694/594
f 531/696/595 530/692/595 545/693/595
f 531/696/598 546/697/598 547/702/598
f 525/704/599 524/698/599 539/700/599
f 532/703/600 547/702/600 548/706/600
f 526/708/601 525/704/601 540/705/601
f 533/707/602 548/706/602 549/710/602
f 527/712/603 526/708/603 541/709/603
f 534/711/604 549/710/604 550/714/604
f 528/716/605 527/712/605 542/713/605
f 535/715/606 550/714/606 551/717/606
f 547/702/607 562/734/607 563/718/607
f 541/709/768 540/705/768 555/719/768
f 548/706/769 563/718/769 564/721/769
f 542/713/610 541/709/610 556/720/610
f 549/710/611 564/721/611 565/723/611
f 543/687/612 542/713/612 557/722/612
f 550/714/613 565/723/613 566/725/613
f 544/688/770 543/687/770 558/724/770
f 551/717/615 566/725/615 567/727/615
f 545/693/616 544/688/616 559/726/616
f 552/690/617 567/727/617 568/729/617
f 546/697/618 545/693/618 560/728/618
f 546/697/621 561/730/621 562/734/621
f 540/705/622 539/700/622 554/732/622
f 566/725/623 581/751/623 582/735/623
f 560/728/624 559/726/624 574/736/624
f 567/727/625 582/735/625 583/738/625
f 561/730/626 560/728/626 575/737/626
f 561/730/629 576/739/629 577/743/629
f 555/719/630 554/732/630 569/741/630
f 562/734/631 577/743/631 578/745/631
f 556/720/632 555/719/632 570/744/632
f 563/718/633 578/745/633 579/747/633
f 557/722/634 556/720/634 571/746/634
f 564/721/635 579/747/635 580/749/635
f 558/724/636 557/722/636 572/748/636
f 565/723/637 580/749/637 581/751/637
f 559/726/638 558/724/638 573/750/638
f 578/745/639 593/768/639 594/752/639
f 572/748/640 571/746/640 586/753/640
f 579/747/641 594/752/641 595/755/641
f 573/750/642 572/748/642 587/754/642
f 580/749/643 595/755/643 596/757/643
f 574/736/644 573/750/644 588/756/644
f 581/751/645 596/757/645 597/759/645
f 575/737/771 574/736/771 589/758/771
f 582/735/647 597/759/647 598/761/647
f 576/739/648 575/737/648 590/760/648
f 576/739/651 591/762/651 592/766/651
f 570/744/652 569/741/652 584/764/652
f 577/743/772 592/766/772 593/768/772
f 571/746/654 570/744/654 585/767/654
f 597/759/655 612/785/655 613/769/655
f 591/762/773 590/760/773 605/770/773
f 591/762/774 606/771/774 607/775/774
f 585/767/660 584/764/660 599/773/660
f 592/766/775 607/775/775 608/777/775
f 586/753/662 585/767/662 600/776/662
f 593/768/663 608/777/663 609/779/663
f 587/754/664 586/753/664 601/778/664
f 594/752/665 609/779/665 610/781/665
f 588/756/666 587/754/666 602/780/666
f 595/755/667 610/781/667 611/783/667
f 589/758/776 588/756/776 603/782/776
f 596/757/669 611/783/669 612/785/669
f 590/760/777 589/758/777 604/784/777
f 602/780/778 601/778/778 616/786/778
f 609/779/672 624/802/672 625/788/672
f 603/782/779 602/780/779 617/787/779
f 610/781/674 625/788/674 626/790/674
f 604/784/675 603/782/675 618/789/675
f 611/783/780 626/790/780 627/792/780
f 605/770/677 604/784/677 619/791/677
f 612/785/678 627/792/678 628/794/678
f 606/771/679 605/770/679 620/793/679
f 606/771/682 621/795/682 622/799/682
f 600/776/781 599/773/781 614/797/781
f 607/775/684 622/799/684 623/801/684
f 601/778/782 600/776/782 615/800/782
f 608/777/686 623/801/686 624/802/686
f 621/795/687 620/793/687 635/803/687
f 621/795/690 636/804/690 637/809/690
f 614/797/691 629/806/691 630/810/691
f 622/799/692 637/809/692 638/811/692
f 616/786/693 615/800/693 630/810/693
f 623/801/694 638/811/694 639/813/694
f 617/787/695 616/786/695 631/812/695
f 624/802/696 639/813/696 640/815/696
f 618/789/697 617/787/697 632/814/697
f 625/788/698 640/815/698 641/817/698
f 619/791/699 618/789/699 633/816/699
f 626/790/700 641/817/700 642/819/700
f 620/793/701 619/791/701 634/818/701
f 627/792/702 642/819/702 643/808/702
f 639/813/703 176/294/703 649/266/703
f 633/816/704 632/814/704 646/265/704
f 640/815/705 649/266/705 650/271/705
f 634/818/706 633/816/706 172/269/706
f 641/817/707 650/271/707 651/275/707
f 635/803/708 634/818/708 647/274/708
f 642/819/709 651/275/709 652/279/709
f 636/804/710 635/803/710 173/278/710
f 636/804/713 174/282/713 175/287/713
f 629/806/714 644/283/714 645/290/714
f 637/809/715 175/287/715 648/291/715
f 631/812/716 630/810/716 645/290/716
f 638/811/717 648/291/717 176/294/717
f 632/814/718 631/812/718 171/263/718
o 球.001
v -0.089881 0.915085 0.116413
v -0.089881 0.906821 0.088335
v -0.089881 0.887240 0.066505
v -0.089881 0.874079 0.059024
v -0.089881 0.859321 0.054247
v -0.089881 0.827315 0.053428
v -0.086435 0.910616 0.146730
v -0.083120 0.914199 0.131997
v -0.080066 0.914641 0.117164
v -0.077389 0.911926 0.102801
v -0.075192 0.906157 0.089459
v -0.073559 0.897557 0.077651
v -0.072554 0.886456 0.067831
v -0.072214 0.873280 0.060376
v -0.072554 0.858536 0.055573
v -0.073559 0.842791 0.053607
v -0.075192 0.826650 0.054552
v -0.077389 0.810732 0.058373
v -0.080066 0.795651 0.064922
v -0.083120 0.781984 0.073949
v -0.086435 0.770257 0.085106
v -0.083120 0.910154 0.147511
v -0.076619 0.913293 0.133529
v -0.070628 0.913326 0.119389
v -0.065376 0.910251 0.105632
v -0.061067 0.904188 0.092788
v -0.057864 0.895370 0.081350
v -0.055892 0.884134 0.071758
v -0.055226 0.870913 0.064380
v -0.055892 0.856215 0.059500
v -0.057864 0.840604 0.057305
v -0.061067 0.824682 0.057881
v -0.065376 0.809058 0.061204
v -0.070628 0.794335 0.067147
v -0.076619 0.781078 0.075481
v -0.083120 0.769796 0.085887
v -0.080066 0.909404 0.148779
v -0.070628 0.911822 0.136018
v -0.061930 0.911190 0.123001
v -0.054306 0.907533 0.110229
v -0.048049 0.900992 0.098194
v -0.043400 0.891818 0.087356
v -0.040537 0.880363 0.078134
v -0.039570 0.867068 0.070881
v -0.040537 0.852444 0.065877
v -0.043400 0.837052 0.063312
v -0.048049 0.821485 0.063287
v -0.054306 0.806340 0.065801
v -0.061930 0.792199 0.070759
v -0.070628 0.779607 0.077969
v -0.080066 0.769046 0.087156
v -0.077389 0.908395 0.150486
v -0.065376 0.909842 0.139366
v -0.054306 0.908315 0.127862
v -0.044602 0.903875 0.116416
v -0.036639 0.896690 0.105469
v -0.030721 0.887038 0.095440
v -0.027077 0.875289 0.086716
v -0.025847 0.861894 0.079631
v -0.027077 0.847369 0.074458
v -0.030721 0.832272 0.071396
v -0.036639 0.817183 0.070562
v -0.044602 0.802681 0.071988
v -0.054306 0.789325 0.075620
v -0.065376 0.777627 0.081318
v -0.077389 0.768036 0.088863
v -0.075192 0.907165 0.152566
v -0.061067 0.907429 0.143446
v -0.048049 0.904813 0.133785
v -0.036639 0.899417 0.123955
v -0.027275 0.891448 0.114333
v -0.020317 0.881213 0.105290
v -0.016032 0.869105 0.097172
v -0.014585 0.855590 0.090292
v -0.016032 0.841186 0.084915
v -0.020317 0.826448 0.081246
v -0.027275 0.811941 0.079426
v -0.036639 0.798224 0.079527
v -0.048049 0.785822 0.081543
v -0.061067 0.775214 0.085398
v -0.075192 0.766806 0.090943
v -0.089881 0.904031 0.160795
v -0.073559 0.905762 0.154939
v -0.057864 0.904677 0.148101
v -0.043400 0.900817 0.140543
v -0.030721 0.894331 0.132556
v -0.020317 0.885468 0.124447
v -0.012585 0.874568 0.116528
v -0.007824 0.862051 0.109102
v -0.006217 0.848397 0.102456
v -0.007824 0.834132 0.096844
v -0.012585 0.819803 0.092483
v -0.020317 0.805961 0.089540
v -0.030721 0.793138 0.088128
v -0.043400 0.781826 0.088301
v -0.057864 0.772462 0.090052
v -0.073559 0.765403 0.093315
v -0.072554 0.904239 0.157514
v -0.055892 0.901690 0.153151
v -0.040537 0.896481 0.147875
v -0.027077 0.888812 0.141888
v -0.016032 0.878978 0.135421
v -0.007824 0.867358 0.128721
v -0.002770 0.854397 0.122047
v -0.001063 0.840593 0.115654
v -0.002770 0.826477 0.109789
v -0.007824 0.812592 0.104677
v -0.016032 0.799472 0.100514
v -0.027077 0.787619 0.097460
v -0.040537 0.777490 0.095633
v -0.055892 0.769475 0.095103
v -0.072554 0.763881 0.095890
v -0.072214 0.902656 0.160192
v -0.055226 0.898584 0.158404
v -0.039570 0.891972 0.155501
v -0.025847 0.883073 0.151594
v -0.014585 0.872230 0.146833
v -0.006217 0.859859 0.141402
v -0.001063 0.846436 0.135509
v 0.000677 0.832477 0.129380
v -0.001063 0.818517 0.123251
v -0.006217 0.805094 0.117358
v -0.014585 0.792723 0.111926
v -0.025847 0.781880 0.107166
v -0.039570 0.772981 0.103259
v -0.055226 0.766369 0.100356
v -0.072214 0.762297 0.098568
v -0.072554 0.901073 0.162869
v -0.055892 0.895478 0.163657
v -0.040537 0.887463 0.163126
v -0.027077 0.877334 0.161299
v -0.016032 0.865481 0.158246
v -0.007824 0.852361 0.154083
v -0.002770 0.838476 0.148971
v -0.001063 0.824360 0.143106
v -0.002770 0.810557 0.136713
v -0.007824 0.797595 0.130039
v -0.016032 0.785975 0.123339
v -0.027077 0.776141 0.116871
v -0.040537 0.768472 0.110884
v -0.055892 0.763263 0.105608
v -0.072554 0.760714 0.101246
v -0.073559 0.899550 0.165444
v -0.057864 0.892492 0.168707
v -0.043400 0.883127 0.170459
v -0.030721 0.871815 0.170632
v -0.020317 0.858992 0.169220
v -0.012585 0.845150 0.166276
v -0.007824 0.830821 0.161915
v -0.006217 0.816556 0.156304
v -0.007824 0.802902 0.149658
v -0.012585 0.790385 0.142232
v -0.020317 0.779486 0.134313
v -0.030721 0.770622 0.126204
v -0.043400 0.764136 0.118217
v -0.057864 0.760276 0.110659
v -0.073559 0.759191 0.103821
v -0.075192 0.898147 0.167817
v -0.061067 0.889739 0.173362
v -0.048049 0.879131 0.177217
v -0.036639 0.866729 0.179233
v -0.027275 0.853012 0.179333
v -0.020317 0.838505 0.177514
v -0.016032 0.823767 0.173845
v -0.014585 0.809363 0.168467
v -0.016032 0.795848 0.161587
v -0.020317 0.783740 0.153470
v -0.027275 0.773505 0.144426
v -0.036639 0.765536 0.134805
v -0.048049 0.760140 0.124975
v -0.061067 0.757524 0.115314
v -0.075192 0.757788 0.106194
v -0.077389 0.896917 0.169897
v -0.065376 0.887326 0.177442
v -0.054306 0.875628 0.183140
v -0.044602 0.862272 0.186772
v -0.036639 0.847770 0.188198
v -0.030721 0.832681 0.187364
v -0.027077 0.817584 0.184302
v -0.025847 0.803059 0.179129
v -0.027077 0.789665 0.172044
v -0.030721 0.777915 0.163320
v -0.036639 0.768263 0.153291
v -0.044602 0.761079 0.142344
v -0.054306 0.756638 0.130898
v -0.065376 0.755111 0.119394
v -0.077389 0.756558 0.108274
v -0.080066 0.895908 0.171604
v -0.070628 0.885347 0.180790
v -0.061930 0.872754 0.188001
v -0.054306 0.858613 0.192959
v -0.048049 0.843468 0.195473
v -0.043400 0.827901 0.195448
v -0.040537 0.812509 0.192883
v -0.039570 0.797885 0.187878
v -0.040537 0.784590 0.180625
v -0.043400 0.773136 0.171403
v -0.048049 0.763961 0.160566
v -0.054306 0.757420 0.148531
v -0.061930 0.753763 0.135759
v -0.070628 0.753131 0.122742
v -0.080066 0.755549 0.109981
v -0.083120 0.895157 0.172873
v -0.076619 0.883875 0.183278
v -0.070628 0.870618 0.191613
v -0.065376 0.855895 0.197556
v -0.061067 0.840272 0.200879
v -0.057864 0.824349 0.201454
v -0.055892 0.808739 0.199260
v -0.055226 0.794041 0.194380
v -0.055892 0.780820 0.187002
v -0.057864 0.769584 0.177410
v -0.061067 0.760765 0.165972
v -0.065376 0.754702 0.153128
v -0.070628 0.751627 0.139371
v -0.076619 0.751660 0.125230
v -0.083120 0.754799 0.111249
v -0.086435 0.894696 0.173654
v -0.083120 0.882969 0.184810
v -0.080066 0.869303 0.193837
v -0.077389 0.854221 0.200387
v -0.075192 0.838303 0.204208
v -0.073559 0.822162 0.205153
v -0.072554 0.806417 0.203187
v -0.072214 0.791673 0.198384
v -0.072554 0.778498 0.190929
v -0.073559 0.767396 0.181109
v -0.075192 0.758796 0.169301
v -0.077389 0.753028 0.155959
v -0.080066 0.750312 0.141595
v -0.083120 0.750754 0.126762
v -0.086435 0.754337 0.112030
v -0.089881 0.894540 0.173917
v -0.089881 0.882663 0.185328
v -0.089881 0.868859 0.194588
v -0.089881 0.853655 0.201343
v -0.089881 0.837638 0.205332
v -0.089881 0.821423 0.206402
v -0.089881 0.805633 0.204512
v -0.089881 0.790874 0.199735
v -0.089881 0.777714 0.192255
v -0.089881 0.766658 0.182358
v -0.089881 0.758132 0.170425
v -0.089881 0.752462 0.156915
v -0.089881 0.749868 0.142346
v -0.089881 0.750448 0.127280
v -0.089881 0.754181 0.112294
v -0.093328 0.894696 0.173654
v -0.096642 0.882969 0.184810
v -0.099696 0.869303 0.193837
v -0.102374 0.854221 0.200387
v -0.104571 0.838303 0.204208
v -0.106203 0.822162 0.205153
v -0.107209 0.806417 0.203186
v -0.107548 0.791673 0.198384
v -0.107209 0.778498 0.190929
v -0.106203 0.767396 0.181109
v -0.104571 0.758796 0.169301
v -0.102374 0.753028 0.155959
v -0.099696 0.750312 0.141595
v -0.096642 0.750754 0.126762
v -0.093328 0.754337 0.112030
v -0.096642 0.895157 0.172873
v -0.103143 0.883875 0.183278
v -0.109134 0.870618 0.191613
v -0.114386 0.855895 0.197556
v -0.118696 0.840272 0.200879
v -0.121898 0.824349 0.201454
v -0.123870 0.808739 0.199260
v -0.124536 0.794041 0.194380
v -0.123870 0.780820 0.187002
v -0.121898 0.769584 0.177410
v -0.118696 0.760765 0.165972
v -0.114386 0.754702 0.153128
v -0.109134 0.751627 0.139371
v -0.103143 0.751660 0.125230
v -0.096642 0.754799 0.111249
v -0.099696 0.895908 0.171604
v -0.109134 0.885347 0.180790
v -0.117833 0.872754 0.188001
v -0.125457 0.858613 0.192959
v -0.131714 0.843468 0.195473
v -0.136363 0.827901 0.195448
v -0.139226 0.812509 0.192883
v -0.140192 0.797885 0.187878
v -0.139226 0.784590 0.180625
v -0.136363 0.773136 0.171403
v -0.131714 0.763961 0.160566
v -0.125457 0.757420 0.148531
v -0.117833 0.753763 0.135759
v -0.109134 0.753131 0.122742
v -0.099696 0.755549 0.109981
v -0.102374 0.896917 0.169897
v -0.114386 0.887326 0.177442
v -0.125457 0.875628 0.183140
v -0.135160 0.862272 0.186772
v -0.143124 0.847770 0.188198
v -0.149041 0.832681 0.187364
v -0.152685 0.817584 0.184302
v -0.153915 0.803059 0.179129
v -0.152685 0.789665 0.172044
v -0.149041 0.777915 0.163320
v -0.143124 0.768263 0.153291
v -0.135160 0.761079 0.142344
v -0.125457 0.756638 0.130898
v -0.114386 0.755111 0.119394
v -0.102374 0.756558 0.108274
v -0.089881 0.760922 0.097964
v -0.104571 0.898147 0.167817
v -0.118696 0.889739 0.173362
v -0.131714 0.879131 0.177217
v -0.143124 0.866729 0.179233
v -0.152488 0.853012 0.179333
v -0.159446 0.838505 0.177514
v -0.163731 0.823767 0.173845
v -0.165177 0.809363 0.168467
v -0.163731 0.795848 0.161587
v -0.159446 0.783740 0.153470
v -0.152488 0.773505 0.144426
v -0.143124 0.765536 0.134805
v -0.131714 0.760140 0.124975
v -0.118696 0.757524 0.115314
v -0.104571 0.757788 0.106194
v -0.106203 0.899550 0.165444
v -0.121898 0.892492 0.168707
v -0.136363 0.883127 0.170459
v -0.149041 0.871815 0.170632
v -0.159446 0.858992 0.169220
v -0.167177 0.845150 0.166276
v -0.171938 0.830821 0.161915
v -0.173546 0.816556 0.156304
v -0.171938 0.802902 0.149658
v -0.167177 0.790385 0.142232
v -0.159446 0.779486 0.134313
v -0.149041 0.770622 0.126204
v -0.136363 0.764136 0.118217
v -0.121898 0.760276 0.110659
v -0.106203 0.759191 0.103821
v -0.107209 0.901073 0.162869
v -0.123870 0.895478 0.163657
v -0.139226 0.887463 0.163126
v -0.152685 0.877334 0.161299
v -0.163731 0.865481 0.158246
v -0.171938 0.852361 0.154083
v -0.176992 0.838476 0.148971
v -0.178699 0.824360 0.143106
v -0.176992 0.810557 0.136713
v -0.171938 0.797595 0.130039
v -0.163731 0.785975 0.123339
v -0.152685 0.776141 0.116871
v -0.139226 0.768472 0.110884
v -0.123870 0.763263 0.105608
v -0.107209 0.760714 0.101246
v -0.107548 0.902656 0.160192
v -0.124536 0.898584 0.158404
v -0.140192 0.891972 0.155501
v -0.153915 0.883073 0.151594
v -0.165177 0.872230 0.146833
v -0.173546 0.859859 0.141402
v -0.178699 0.846436 0.135509
v -0.180439 0.832477 0.129380
v -0.178699 0.818517 0.123251
v -0.173546 0.805094 0.117358
v -0.165177 0.792723 0.111926
v -0.153915 0.781880 0.107166
v -0.140192 0.772981 0.103259
v -0.124536 0.766369 0.100356
v -0.107548 0.762297 0.098568
v -0.107209 0.904239 0.157514
v -0.123870 0.901690 0.153151
v -0.139226 0.896481 0.147875
v -0.152685 0.888812 0.141888
v -0.163731 0.878978 0.135421
v -0.171938 0.867358 0.128721
v -0.176992 0.854397 0.122047
v -0.178699 0.840593 0.115654
v -0.176992 0.826477 0.109789
v -0.171938 0.812592 0.104677
v -0.163731 0.799472 0.100514
v -0.152685 0.787619 0.097460
v -0.139226 0.777491 0.095633
v -0.123870 0.769475 0.095103
v -0.107209 0.763881 0.095890
v -0.106203 0.905762 0.154939
v -0.121898 0.904677 0.148101
v -0.136363 0.900817 0.140543
v -0.149041 0.894331 0.132556
v -0.159446 0.885468 0.124447
v -0.167177 0.874568 0.116528
v -0.171938 0.862051 0.109102
v -0.173546 0.848397 0.102456
v -0.171938 0.834132 0.096844
v -0.167177 0.819803 0.092483
v -0.159446 0.805961 0.089540
v -0.149041 0.793138 0.088128
v -0.136363 0.781826 0.088301
v -0.121898 0.772462 0.090052
v -0.106203 0.765403 0.093315
v -0.104571 0.907165 0.152566
v -0.118696 0.907429 0.143446
v -0.131713 0.904813 0.133785
v -0.143124 0.899417 0.123955
v -0.152488 0.891448 0.114333
v -0.159446 0.881213 0.105290
v -0.163731 0.869105 0.097172
v -0.165177 0.855590 0.090292
v -0.163731 0.841186 0.084915
v -0.159446 0.826448 0.081246
v -0.152488 0.811941 0.079426
v -0.143124 0.798224 0.079527
v -0.131713 0.785822 0.081543
v -0.118696 0.775214 0.085398
v -0.104571 0.766806 0.090943
v -0.102374 0.908395 0.150486
v -0.114386 0.909842 0.139366
v -0.125457 0.908315 0.127862
v -0.135160 0.903875 0.116416
v -0.143124 0.896690 0.105469
v -0.149041 0.887038 0.095440
v -0.152685 0.875289 0.086716
v -0.153915 0.861894 0.079631
v -0.152685 0.847369 0.074458
v -0.149041 0.832272 0.071396
v -0.143124 0.817183 0.070562
v -0.135160 0.802681 0.071988
v -0.125457 0.789325 0.075620
v -0.114386 0.777627 0.081318
v -0.102374 0.768036 0.088863
v -0.099696 0.909404 0.148779
v -0.109134 0.911822 0.136018
v -0.117833 0.911190 0.123001
v -0.125457 0.907533 0.110229
v -0.131713 0.900992 0.098194
v -0.136363 0.891818 0.087356
v -0.139226 0.880363 0.078134
v -0.140192 0.867068 0.070881
v -0.139226 0.852444 0.065877
v -0.136363 0.837052 0.063312
v -0.131713 0.821485 0.063287
v -0.125457 0.806340 0.065801
v -0.117833 0.792199 0.070759
v -0.109134 0.779607 0.077969
v -0.099696 0.769046 0.087156
v -0.096642 0.910154 0.147511
v -0.103143 0.913293 0.133529
v -0.109134 0.913326 0.119389
v -0.114386 0.910251 0.105632
v -0.118696 0.904188 0.092788
v -0.121898 0.895370 0.081350
v -0.123870 0.884134 0.071758
v -0.124536 0.870913 0.064380
v -0.123870 0.856214 0.059500
v -0.121898 0.840604 0.057305
v -0.118696 0.824682 0.057881
v -0.114386 0.809058 0.061204
v -0.109134 0.794335 0.067147
v -0.103143 0.781078 0.075481
v -0.096642 0.769796 0.085887
v -0.093328 0.910616 0.146730
v -0.096642 0.914199 0.131997
v -0.099696 0.914641 0.117164
v -0.102374 0.911926 0.102801
v -0.104571 0.906157 0.089459
v -0.106203 0.897557 0.077651
v -0.107209 0.886456 0.067831
v -0.107548 0.873280 0.060376
v -0.107209 0.858536 0.055573
v -0.106203 0.842791 0.053607
v -0.104571 0.826650 0.054552
v -0.102374 0.810732 0.058373
v -0.099696 0.795651 0.064923
v -0.096642 0.781984 0.073949
v -0.093328 0.770257 0.085106
v -0.089881 0.910772 0.146466
v -0.089881 0.914505 0.131480
v -0.089881 0.912491 0.101845
v -0.089881 0.898295 0.076402
v -0.089881 0.843530 0.052358
v -0.089881 0.811298 0.057417
v -0.089881 0.796095 0.064171
v -0.089881 0.782290 0.073432
v -0.089881 0.770413 0.084842
vn 0.0632 -0.2412 -0.9684
vn 0.0712 0.9198 -0.3860
vn 0.0515 -0.4055 -0.9127
vn 0.0810 0.8110 -0.5795
vn 0.0383 -0.5567 -0.8299
vn 0.0869 0.6645 -0.7423
vn 0.0238 -0.6926 -0.7209
vn 0.0885 0.4922 -0.8659
vn 0.0084 0.9048 0.4257
vn 0.0082 -0.8102 -0.5860
vn 0.0864 0.3068 -0.9478
vn 0.0254 0.9700 0.2416
vn 0.0811 0.1184 -0.9896
vn 0.0422 0.9984 0.0385
vn 0.0732 -0.0657 -0.9952
vn 0.0579 0.9829 -0.1750
vn 0.2182 -0.0790 -0.9727
vn 0.1715 0.9734 -0.1521
vn 0.1882 -0.2537 -0.9488
vn 0.2112 0.9094 -0.3584
vn 0.1532 -0.4164 -0.8962
vn 0.2410 0.8001 -0.5494
vn 0.1138 -0.5651 -0.8171
vn 0.2587 0.6530 -0.7117
vn 0.0707 -0.6980 -0.7126
vn 0.2641 0.4801 -0.8365
vn 0.0247 0.9030 0.4289
vn 0.0243 -0.8121 -0.5831
vn 0.2579 0.2939 -0.9204
vn 0.0752 0.9649 0.2516
vn 0.2420 0.1050 -0.9646
vn 0.1250 0.9906 0.0553
vn 0.1151 -0.7085 -0.6962
vn 0.4345 0.4555 -0.7770
vn 0.0402 0.8995 0.4351
vn 0.0394 -0.8156 -0.5772
vn 0.4249 0.2678 -0.8647
vn 0.1219 0.9548 0.2710
vn 0.3986 0.0781 -0.9138
vn 0.2028 0.9752 0.0882
vn 0.3591 -0.1057 -0.9273
vn 0.2787 0.9544 -0.1069
vn 0.3092 -0.2787 -0.9093
vn 0.3443 0.8883 -0.3038
vn 0.2509 -0.4380 -0.8633
vn 0.3942 0.7779 -0.4894
vn 0.1860 -0.5818 -0.7918
vn 0.4247 0.6298 -0.6504
vn 0.3753 0.9260 -0.0411
vn 0.4227 -0.3157 -0.8495
vn 0.4654 0.8564 -0.2235
vn 0.3419 -0.4697 -0.8139
vn 0.5355 0.7438 -0.4000
vn 0.2524 -0.6062 -0.7542
vn 0.5796 0.5940 -0.5578
vn 0.1557 -0.7238 -0.6722
vn 0.5952 0.4178 -0.6865
vn 0.0540 0.8944 0.4441
vn 0.0531 -0.8208 -0.5687
vn 0.5832 0.2283 -0.7796
vn 0.1637 0.9401 0.2991
vn 0.5473 0.0375 -0.8361
vn 0.2725 0.9525 0.1359
vn 0.4923 -0.1456 -0.8582
vn 0.7396 0.3665 -0.5645
vn 0.0658 0.8878 0.4555
vn 0.0648 -0.8275 -0.5578
vn 0.7268 0.1750 -0.6642
vn 0.1988 0.9211 0.3346
vn 0.6825 -0.0165 -0.7307
vn 0.3310 0.9230 0.1961
vn 0.6131 -0.1982 -0.7648
vn 0.4570 0.8885 0.0427
vn 0.5248 -0.3639 -0.7695
vn 0.5690 0.8135 -0.1200
vn 0.4228 -0.5107 -0.7486
vn 0.6583 0.6975 -0.2829
vn 0.3107 -0.6374 -0.7051
vn 0.7168 0.5452 -0.4348
vn 0.1908 -0.7434 -0.6411
vn 0.6110 -0.4220 -0.6698
vn 0.6496 0.7602 0.0026
vn 0.4902 -0.5597 -0.6682
vn 0.7558 0.6393 -0.1420
vn 0.3585 -0.6744 -0.6455
vn 0.8281 0.4834 -0.2839
vn 0.2191 -0.7663 -0.6039
vn 0.8594 0.3020 -0.4126
vn 0.0749 0.8801 0.4689
vn 0.0741 -0.8352 -0.5449
vn 0.8478 0.1086 -0.5190
vn 0.2259 0.8987 0.3760
vn 0.7974 -0.0830 -0.5977
vn 0.3759 0.8876 0.2662
vn 0.7157 -0.2621 -0.6474
vn 0.5197 0.8427 0.1407
vn 0.0806 -0.8439 -0.5304
vn 0.9372 0.0311 -0.3475
vn 0.2439 0.8735 0.4213
vn 0.8838 -0.1599 -0.4396
vn 0.4053 0.8475 0.3429
vn 0.7935 -0.3352 -0.5080
vn 0.5606 0.7900 0.2483
vn 0.6760 -0.4877 -0.5524
vn 0.7025 0.6981 0.1385
vn 0.5405 -0.6146 -0.5745
vn 0.8212 0.5704 0.0167
vn 0.3935 -0.7158 -0.5769
vn 0.9053 0.4101 -0.1109
vn 0.2394 -0.7919 -0.5617
vn 0.9453 0.2259 -0.2355
vn 0.0811 0.8715 0.4836
vn 0.5705 -0.6732 -0.4704
vn 0.8498 0.4939 0.1843
vn 0.4139 -0.7596 -0.5017
vn 0.9415 0.3286 0.0749
vn 0.2506 -0.8190 -0.5161
vn 0.9890 0.1416 -0.0417
vn 0.0842 0.8623 0.4993
vn 0.0840 -0.8530 -0.5151
vn 0.9861 -0.0540 -0.1569
vn 0.2522 0.8466 0.4686
vn 0.9338 -0.2433 -0.2623
vn 0.4180 0.8042 0.4226
vn 0.8398 -0.4139 -0.3512
vn 0.5776 0.7327 0.3600
vn 0.7152 -0.5581 -0.4207
vn 0.7246 0.6295 0.2804
vn 0.2506 0.8190 0.5161
vn 0.9415 -0.3286 -0.0749
vn 0.4139 0.7596 0.5017
vn 0.8498 -0.4939 -0.1843
vn 0.5705 0.6732 0.4704
vn 0.7246 -0.6295 -0.2804
vn 0.7152 0.5581 0.4207
vn 0.5776 -0.7327 -0.3600
vn 0.8398 0.4139 0.3512
vn 0.4180 -0.8042 -0.4226
vn 0.9338 0.2433 0.2623
vn 0.2522 -0.8466 -0.4686
vn 0.9861 0.0540 0.1570
vn 0.0840 0.8530 0.5151
vn 0.0842 -0.8624 -0.4993
vn 0.9891 -0.1416 0.0417
vn 0.7935 0.3352 0.5080
vn 0.4053 -0.8475 -0.3429
vn 0.8838 0.1599 0.4396
vn 0.2440 -0.8735 -0.4213
vn 0.9372 -0.0311 0.3475
vn 0.0806 0.8439 0.5304
vn 0.0811 -0.8715 -0.4836
vn 0.9453 -0.2259 0.2355
vn 0.2394 0.7919 0.5617
vn 0.9053 -0.4101 0.1109
vn 0.3935 0.7158 0.5769
vn 0.8212 -0.5704 -0.0166
vn 0.5405 0.6146 0.5745
vn 0.7025 -0.6980 -0.1385
vn 0.6760 0.4877 0.5524
vn 0.5606 -0.7900 -0.2483
vn 0.8281 -0.4834 0.2839
vn 0.3585 0.6744 0.6455
vn 0.7558 -0.6392 0.1420
vn 0.4902 0.5597 0.6682
vn 0.6496 -0.7603 -0.0026
vn 0.6110 0.4220 0.6698
vn 0.5197 -0.8427 -0.1407
vn 0.7157 0.2621 0.6474
vn 0.3759 -0.8876 -0.2662
vn 0.7974 0.0830 0.5977
vn 0.2259 -0.8987 -0.3760
vn 0.8478 -0.1086 0.5191
vn 0.0741 0.8352 0.5449
vn 0.0749 -0.8801 -0.4689
vn 0.8594 -0.3020 0.4126
vn 0.2191 0.7664 0.6039
vn 0.3310 -0.9230 -0.1961
vn 0.6825 0.0165 0.7307
vn 0.1988 -0.9211 -0.3346
vn 0.7268 -0.1750 0.6642
vn 0.0648 0.8275 0.5578
vn 0.0658 -0.8878 -0.4555
vn 0.7396 -0.3665 0.5645
vn 0.1908 0.7434 0.6411
vn 0.7168 -0.5452 0.4348
vn 0.3107 0.6374 0.7051
vn 0.6583 -0.6975 0.2829
vn 0.4228 0.5107 0.7486
vn 0.5690 -0.8135 0.1200
vn 0.5248 0.3639 0.7695
vn 0.4569 -0.8885 -0.0427
vn 0.6131 0.1982 0.7648
vn 0.2524 0.6062 0.7542
vn 0.5355 -0.7438 0.4000
vn 0.3419 0.4697 0.8139
vn 0.4654 -0.8564 0.2235
vn 0.4227 0.3157 0.8495
vn 0.3753 -0.9260 0.0411
vn 0.4923 0.1456 0.8582
vn 0.2725 -0.9525 -0.1359
vn 0.5472 -0.0375 0.8361
vn 0.1637 -0.9401 -0.2991
vn 0.5832 -0.2283 0.7796
vn 0.0531 0.8208 0.5687
vn 0.0540 -0.8944 -0.4441
vn 0.5952 -0.4178 0.6865
vn 0.1557 0.7238 0.6722
vn 0.5796 -0.5940 0.5578
vn 0.3986 -0.0781 0.9138
vn 0.1219 -0.9548 -0.2710
vn 0.4249 -0.2678 0.8647
vn 0.0394 0.8156 0.5772
vn 0.0402 -0.8995 -0.4351
vn 0.4345 -0.4555 0.7770
vn 0.1152 0.7085 0.6962
vn 0.4247 -0.6298 0.6504
vn 0.1859 0.5818 0.7918
vn 0.3942 -0.7779 0.4894
vn 0.2509 0.4380 0.8633
vn 0.3443 -0.8883 0.3038
vn 0.3092 0.2787 0.9093
vn 0.2787 -0.9544 0.1069
vn 0.3591 0.1057 0.9273
vn 0.2029 -0.9752 -0.0882
vn 0.2410 -0.8001 0.5494
vn 0.1532 0.4164 0.8962
vn 0.2112 -0.9094 0.3584
vn 0.1882 0.2537 0.9488
vn 0.1715 -0.9734 0.1521
vn 0.2182 0.0790 0.9727
vn 0.1250 -0.9906 -0.0553
vn 0.2420 -0.1050 0.9646
vn 0.0752 -0.9649 -0.2516
vn 0.2579 -0.2939 0.9204
vn 0.0243 0.8121 0.5831
vn 0.0247 -0.9030 -0.4289
vn 0.2641 -0.4801 0.8365
vn 0.0707 0.6980 0.7126
vn 0.2587 -0.6530 0.7118
vn 0.1138 0.5651 0.8171
vn 0.0254 -0.9700 -0.2416
vn 0.0864 -0.3068 0.9478
vn 0.0082 0.8102 0.5860
vn 0.0084 -0.9048 -0.4257
vn 0.0885 -0.4922 0.8659
vn 0.0238 0.6926 0.7209
vn 0.0869 -0.6645 0.7423
vn 0.0383 0.5567 0.8298
vn 0.0810 -0.8110 0.5795
vn 0.0515 0.4055 0.9127
vn 0.0711 -0.9198 0.3860
vn 0.0632 0.2412 0.9684
vn 0.0579 -0.9829 0.1750
vn 0.0732 0.0657 0.9952
vn 0.0422 -0.9984 -0.0384
vn 0.0811 -0.1184 0.9896
vn -0.0711 -0.9198 0.3860
vn -0.0632 0.2412 0.9684
vn -0.0579 -0.9829 0.1750
vn -0.0732 0.0657 0.9952
vn -0.0422 -0.9984 -0.0384
vn -0.0811 -0.1184 0.9896
vn -0.0254 -0.9700 -0.2416
vn -0.0864 -0.3068 0.9478
vn -0.0082 0.8102 0.5860
vn -0.0084 -0.9048 -0.4257
vn -0.0885 -0.4922 0.8660
vn -0.0238 0.6926 0.7209
vn -0.0869 -0.6645 0.7423
vn -0.0383 0.5567 0.8298
vn -0.0810 -0.8110 0.5795
vn -0.0515 0.4055 0.9127
vn -0.0243 0.8121 0.5831
vn -0.0247 -0.9030 -0.4289
vn -0.2641 -0.4801 0.8365
vn -0.0707 0.6980 0.7126
vn -0.2587 -0.6530 0.7118
vn -0.1138 0.5651 0.8171
vn -0.2410 -0.8001 0.5494
vn -0.1532 0.4164 0.8962
vn -0.2112 -0.9094 0.3584
vn -0.1882 0.2537 0.9488
vn -0.1715 -0.9734 0.1521
vn -0.2182 0.0790 0.9727
vn -0.1250 -0.9906 -0.0553
vn -0.2420 -0.1050 0.9646
vn -0.0751 -0.9649 -0.2516
vn -0.2579 -0.2939 0.9204
vn -0.3092 0.2787 0.9093
vn -0.2787 -0.9544 0.1069
vn -0.3591 0.1057 0.9273
vn -0.2029 -0.9752 -0.0882
vn -0.3986 -0.0781 0.9138
vn -0.1219 -0.9548 -0.2710
vn -0.4249 -0.2678 0.8647
vn -0.0394 0.8156 0.5772
vn -0.0402 -0.8995 -0.4351
vn -0.4345 -0.4555 0.7770
vn -0.1151 0.7085 0.6962
vn -0.4247 -0.6298 0.6504
vn -0.1859 0.5818 0.7918
vn -0.3943 -0.7779 0.4894
vn -0.2509 0.4380 0.8633
vn -0.3443 -0.8883 0.3038
vn -0.5952 -0.4178 0.6865
vn -0.1557 0.7238 0.6722
vn -0.5796 -0.5940 0.5578
vn -0.2524 0.6062 0.7542
vn -0.5355 -0.7438 0.4000
vn -0.3419 0.4697 0.8139
vn -0.4654 -0.8564 0.2235
vn -0.4227 0.3157 0.8495
vn -0.3753 -0.9260 0.0411
vn -0.4923 0.1456 0.8582
vn -0.2725 -0.9525 -0.1359
vn -0.5473 -0.0375 0.8361
vn -0.1637 -0.9401 -0.2991
vn -0.5832 -0.2283 0.7796
vn -0.0531 0.8208 0.5687
vn -0.0540 -0.8944 -0.4441
vn -0.4570 -0.8885 -0.0427
vn -0.6131 0.1981 0.7648
vn -0.3310 -0.9230 -0.1961
vn -0.6825 0.0165 0.7307
vn -0.1988 -0.9211 -0.3346
vn -0.7268 -0.1750 0.6642
vn -0.0648 0.8275 0.5578
vn -0.0658 -0.8878 -0.4555
vn -0.7396 -0.3665 0.5645
vn -0.1908 0.7434 0.6411
vn -0.7168 -0.5452 0.4348
vn -0.3107 0.6374 0.7051
vn -0.6583 -0.6975 0.2829
vn -0.4228 0.5107 0.7486
vn -0.5690 -0.8135 0.1200
vn -0.5248 0.3639 0.7695
vn -0.2191 0.7664 0.6039
vn -0.8281 -0.4834 0.2839
vn -0.3585 0.6744 0.6455
vn -0.7558 -0.6393 0.1420
vn -0.4902 0.5597 0.6682
vn -0.6496 -0.7602 -0.0026
vn -0.6109 0.4220 0.6698
vn -0.5197 -0.8427 -0.1407
vn -0.7157 0.2621 0.6474
vn -0.3759 -0.8876 -0.2662
vn -0.7974 0.0830 0.5977
vn -0.2259 -0.8987 -0.3760
vn -0.8478 -0.1086 0.5191
vn -0.0741 0.8352 0.5449
vn -0.0749 -0.8801 -0.4689
vn -0.8594 -0.3020 0.4126
vn -0.7935 0.3352 0.5080
vn -0.4053 -0.8475 -0.3429
vn -0.8838 0.1599 0.4396
vn -0.2440 -0.8735 -0.4213
vn -0.9372 -0.0311 0.3475
vn -0.0806 0.8439 0.5304
vn -0.0811 -0.8715 -0.4836
vn -0.9453 -0.2259 0.2355
vn -0.2394 0.7919 0.5617
vn -0.9053 -0.4101 0.1109
vn -0.3935 0.7158 0.5769
vn -0.8212 -0.5704 -0.0167
vn -0.5405 0.6146 0.5745
vn -0.7025 -0.6980 -0.1385
vn -0.6760 0.4877 0.5524
vn -0.5606 -0.7900 -0.2483
vn -0.9415 -0.3286 -0.0749
vn -0.4138 0.7597 0.5017
vn -0.8498 -0.4939 -0.1843
vn -0.5705 0.6732 0.4704
vn -0.7246 -0.6295 -0.2804
vn -0.7152 0.5581 0.4207
vn -0.5776 -0.7327 -0.3600
vn -0.8398 0.4139 0.3512
vn -0.4180 -0.8042 -0.4225
vn -0.9338 0.2433 0.2623
vn -0.2522 -0.8466 -0.4686
vn -0.9861 0.0540 0.1569
vn -0.0840 0.8530 0.5151
vn -0.0842 -0.8624 -0.4993
vn -0.9891 -0.1416 0.0417
vn -0.2506 0.8190 0.5161
vn -0.4139 -0.7596 -0.5017
vn -0.9415 0.3286 0.0749
vn -0.2506 -0.8190 -0.5161
vn -0.9891 0.1416 -0.0417
vn -0.0842 0.8623 0.4993
vn -0.0840 -0.8530 -0.5151
vn -0.9861 -0.0540 -0.1569
vn -0.2522 0.8466 0.4686
vn -0.9338 -0.2434 -0.2623
vn -0.4180 0.8042 0.4226
vn -0.8398 -0.4139 -0.3512
vn -0.5776 0.7326 0.3600
vn -0.7152 -0.5581 -0.4207
vn -0.7246 0.6295 0.2804
vn -0.5705 -0.6732 -0.4704
vn -0.8498 0.4939 0.1843
vn -0.7935 -0.3352 -0.5080
vn -0.5606 0.7900 0.2483
vn -0.6760 -0.4877 -0.5524
vn -0.7025 0.6980 0.1385
vn -0.5405 -0.6146 -0.5745
vn -0.8212 0.5704 0.0167
vn -0.3935 -0.7158 -0.5769
vn -0.9053 0.4101 -0.1109
vn -0.2394 -0.7919 -0.5617
vn -0.9453 0.2259 -0.2355
vn -0.0811 0.8715 0.4836
vn -0.0806 -0.8439 -0.5304
vn -0.9372 0.0311 -0.3475
vn -0.2439 0.8735 0.4213
vn -0.8838 -0.1599 -0.4396
vn -0.4053 0.8475 0.3429
vn -0.2191 -0.7663 -0.6039
vn -0.8594 0.3020 -0.4126
vn -0.0749 0.8801 0.4689
vn -0.0741 -0.8352 -0.5449
vn -0.8478 0.1086 -0.5191
vn -0.2260 0.8987 0.3759
vn -0.7974 -0.0830 -0.5977
vn -0.3759 0.8876 0.2662
vn -0.7157 -0.2621 -0.6474
vn -0.5197 0.8427 0.1407
vn -0.6110 -0.4220 -0.6698
vn -0.6496 0.7603 0.0026
vn -0.4902 -0.5597 -0.6682
vn -0.7558 0.6393 -0.1420
vn -0.3585 -0.6744 -0.6455
vn -0.8281 0.4834 -0.2839
vn -0.4569 0.8885 0.0427
vn -0.5248 -0.3639 -0.7695
vn -0.5690 0.8135 -0.1200
vn -0.4228 -0.5107 -0.7486
vn -0.6583 0.6975 -0.2829
vn -0.3107 -0.6374 -0.7051
vn -0.7168 0.5452 -0.4348
vn -0.1908 -0.7434 -0.6411
vn -0.7396 0.3665 -0.5645
vn -0.0658 0.8878 0.4555
vn -0.0648 -0.8275 -0.5578
vn -0.7268 0.1750 -0.6642
vn -0.1989 0.9211 0.3346
vn -0.6825 -0.0165 -0.7307
vn -0.3310 0.9230 0.1961
vn -0.6131 -0.1982 -0.7648
vn -0.5952 0.4178 -0.6865
vn -0.0540 0.8944 0.4441
vn -0.0531 -0.8208 -0.5687
vn -0.5832 0.2283 -0.7796
vn -0.1637 0.9401 0.2991
vn -0.5473 0.0375 -0.8361
vn -0.2725 0.9525 0.1359
vn -0.4923 -0.1456 -0.8582
vn -0.3753 0.9260 -0.0411
vn -0.4227 -0.3157 -0.8495
vn -0.4654 0.8564 -0.2235
vn -0.3419 -0.4697 -0.8139
vn -0.5355 0.7438 -0.4000
vn -0.2524 -0.6062 -0.7542
vn -0.5796 0.5940 -0.5578
vn -0.1557 -0.7238 -0.6722
vn -0.3092 -0.2787 -0.9093
vn -0.3443 0.8883 -0.3038
vn -0.2509 -0.4380 -0.8633
vn -0.3942 0.7779 -0.4894
vn -0.1859 -0.5818 -0.7918
vn -0.4247 0.6298 -0.6504
vn -0.1151 -0.7085 -0.6962
vn -0.4345 0.4555 -0.7770
vn -0.0402 0.8995 0.4351
vn -0.0394 -0.8156 -0.5772
vn -0.4249 0.2679 -0.8647
vn -0.1219 0.9548 0.2710
vn -0.3986 0.0781 -0.9138
vn -0.2028 0.9752 0.0882
vn -0.3591 -0.1057 -0.9273
vn -0.2787 0.9544 -0.1069
vn -0.0247 0.9030 0.4289
vn -0.0243 -0.8121 -0.5831
vn -0.2579 0.2939 -0.9204
vn -0.0752 0.9649 0.2516
vn -0.2420 0.1050 -0.9646
vn -0.1250 0.9906 0.0553
vn -0.2182 -0.0790 -0.9727
vn -0.1715 0.9734 -0.1521
vn -0.1882 -0.2537 -0.9488
vn -0.2112 0.9094 -0.3584
vn -0.1532 -0.4164 -0.8962
vn -0.2410 0.8001 -0.5494
vn -0.1138 -0.5651 -0.8171
vn -0.2588 0.6530 -0.7117
vn -0.0706 -0.6980 -0.7126
vn -0.2641 0.4801 -0.8365
vn -0.0711 0.9198 -0.3860
vn -0.0515 -0.4055 -0.9127
vn -0.0810 0.8110 -0.5795
vn -0.0383 -0.5567 -0.8299
vn -0.0869 0.6645 -0.7423
vn -0.0238 -0.6926 -0.7209
vn -0.0885 0.4922 -0.8659
vn -0.0084 0.9048 0.4257
vn -0.0081 -0.8102 -0.5860
vn -0.0864 0.3068 -0.9478
vn -0.0254 0.9700 0.2416
vn -0.0811 0.1184 -0.9896
vn -0.0423 0.9984 0.0385
vn -0.0732 -0.0657 -0.9952
vn -0.0579 0.9829 -0.1750
vn -0.0632 -0.2412 -0.9684
vn 0.0711 0.9198 -0.3860
vn 0.0423 0.9984 0.0385
vn 0.2587 0.6530 -0.7118
vn 0.2029 0.9752 0.0882
vn 0.1859 -0.5818 -0.7918
vn 0.1908 -0.7433 -0.6411
vn 0.7558 0.6392 -0.1420
vn 0.2191 -0.7664 -0.6039
vn 0.8478 0.1086 -0.5191
vn 0.2260 0.8987 0.3760
vn 0.2440 0.8735 0.4213
vn 0.7025 0.6980 0.1385
vn 0.4139 -0.7597 -0.5017
vn 0.9891 0.1416 -0.0417
vn 0.9861 -0.0540 -0.1570
vn 0.5776 -0.7326 -0.3600
vn 0.4180 -0.8042 -0.4225
vn 0.2522 -0.8466 -0.4687
vn 0.9861 0.0540 0.1569
vn 0.9890 -0.1416 0.0417
vn 0.8212 -0.5704 -0.0167
vn 0.7558 -0.6393 0.1420
vn 0.6496 -0.7602 -0.0026
vn 0.6109 0.4220 0.6698
vn 0.8478 -0.1086 0.5190
vn 0.2191 0.7663 0.6039
vn 0.1989 -0.9211 -0.3346
vn 0.5473 -0.0375 0.8361
vn 0.1151 0.7085 0.6962
vn 0.1860 0.5818 0.7918
vn 0.2028 -0.9752 -0.0882
vn 0.2588 -0.6530 0.7117
vn 0.0383 0.5567 0.8299
vn 0.0422 -0.9984 -0.0385
vn -0.0422 -0.9984 -0.0385
vn -0.0383 0.5567 0.8299
vn -0.2587 -0.6530 0.7117
vn -0.0752 -0.9649 -0.2516
vn -0.2028 -0.9752 -0.0882
vn -0.3942 -0.7779 0.4894
vn -0.4569 -0.8885 -0.0427
vn -0.6131 0.1982 0.7648
vn -0.1989 -0.9211 -0.3346
vn -0.2191 0.7663 0.6039
vn -0.6110 0.4220 0.6698
vn -0.8478 -0.1086 0.5190
vn -0.4139 0.7596 0.5017
vn -0.4180 -0.8042 -0.4226
vn -0.9890 -0.1416 0.0417
vn -0.9338 -0.2433 -0.2623
vn -0.5776 0.7327 0.3600
vn -0.2440 0.8735 0.4213
vn -0.2191 -0.7664 -0.6039
vn -0.2260 0.8987 0.3760
vn -0.6109 -0.4220 -0.6698
vn -0.6496 0.7602 0.0026
vn -0.4570 0.8885 0.0427
vn -0.1988 0.9211 0.3346
vn -0.6131 -0.1981 -0.7648
vn -0.2523 -0.6062 -0.7542
vn -0.5796 0.5940 -0.5579
vn -0.1152 -0.7085 -0.6962
vn -0.4249 0.2678 -0.8647
vn -0.2029 0.9752 0.0882
vn -0.2587 0.6530 -0.7117
vn -0.0707 -0.6980 -0.7126
vn -0.0712 0.9198 -0.3860
vn -0.0383 -0.5567 -0.8298
vn -0.0422 0.9984 0.0384
vt 0.081142 0.467420
vt 0.076352 0.465420
vt 0.080430 0.464547
vt 0.051142 0.467419
vt 0.055932 0.465420
vt 0.055406 0.468465
vt 0.086074 0.465762
vt 0.085200 0.463162
vt 0.059564 0.465956
vt 0.059224 0.469101
vt 0.092057 0.463102
vt 0.091098 0.460920
vt 0.062920 0.466249
vt 0.062759 0.469436
vt 0.100200 0.458511
vt 0.099391 0.456972
vt 0.066142 0.466349
vt 0.066142 0.469524
vt 0.032083 0.458511
vt 0.023492 0.452652
vt 0.032893 0.456972
vt 0.108792 0.452652
vt 0.069525 0.469436
vt 0.069364 0.466249
vt 0.041185 0.460920
vt 0.040227 0.463102
vt 0.073060 0.469101
vt 0.072720 0.465956
vt 0.047084 0.463162
vt 0.046210 0.465761
vt 0.076878 0.468465
vt 0.051853 0.464547
vt 0.072503 0.462896
vt 0.076008 0.462440
vt 0.052333 0.461705
vt 0.079951 0.461705
vt 0.056275 0.462440
vt 0.084586 0.460547
vt 0.059781 0.462896
vt 0.090392 0.458668
vt 0.063023 0.463151
vt 0.098761 0.455325
vt 0.066142 0.463242
vt 0.024002 0.451676
vt 0.033523 0.455325
vt 0.108282 0.451676
vt 0.069260 0.463151
vt 0.041892 0.458668
vt 0.047698 0.460547
vt 0.089894 0.456337
vt 0.098285 0.453568
vt 0.066142 0.460136
vt 0.024421 0.450561
vt 0.033999 0.453568
vt 0.107863 0.450561
vt 0.069203 0.460057
vt 0.042389 0.456337
vt 0.072379 0.459839
vt 0.048103 0.457886
vt 0.075805 0.459455
vt 0.052632 0.458843
vt 0.079652 0.458843
vt 0.056479 0.459455
vt 0.084181 0.457886
vt 0.059904 0.459839
vt 0.063081 0.460057
vt 0.052797 0.455924
vt 0.075704 0.456418
vt 0.079486 0.455924
vt 0.056580 0.456418
vt 0.083935 0.455157
vt 0.059960 0.456732
vt 0.089564 0.453922
vt 0.063105 0.456910
vt 0.097933 0.451704
vt 0.066142 0.456976
vt 0.024772 0.449320
vt 0.034350 0.451704
vt 0.107512 0.449320
vt 0.069179 0.456910
vt 0.042719 0.453922
vt 0.072324 0.456732
vt 0.048349 0.455157
vt 0.066142 0.453732
vt 0.025080 0.447975
vt 0.034611 0.449741
vt 0.107204 0.447975
vt 0.097673 0.449741
vt 0.069176 0.453681
vt 0.042925 0.451420
vt 0.072313 0.453543
vt 0.048483 0.452348
vt 0.075670 0.453303
vt 0.052871 0.452927
vt 0.079413 0.452927
vt 0.056613 0.453303
vt 0.083801 0.452348
vt 0.059971 0.453543
vt 0.089359 0.451420
vt 0.063107 0.453681
vt 0.075673 0.450103
vt 0.079391 0.449850
vt 0.056611 0.450103
vt 0.083736 0.449461
vt 0.059959 0.450266
vt 0.089236 0.448840
vt 0.063098 0.450361
vt 0.097474 0.447701
vt 0.066142 0.450398
vt 0.025370 0.446563
vt 0.034810 0.447701
vt 0.106914 0.446563
vt 0.069185 0.450361
vt 0.043047 0.448840
vt 0.072324 0.450266
vt 0.048547 0.449460
vt 0.052893 0.449850
vt 0.106629 0.445131
vt 0.097313 0.445618
vt 0.066142 0.446987
vt 0.069198 0.446966
vt 0.043123 0.446201
vt 0.072342 0.446918
vt 0.048580 0.446511
vt 0.075686 0.446835
vt 0.052896 0.446707
vt 0.079387 0.446707
vt 0.056597 0.446835
vt 0.083703 0.446511
vt 0.059942 0.446918
vt 0.089160 0.446201
vt 0.063086 0.446966
vt 0.025654 0.445131
vt 0.034971 0.445617
vt 0.079381 0.443531
vt 0.083677 0.443531
vt 0.059928 0.443531
vt 0.089106 0.443531
vt 0.063073 0.443531
vt 0.097184 0.443531
vt 0.066142 0.443531
vt 0.025926 0.443733
vt 0.035100 0.443531
vt 0.106358 0.443733
vt 0.069210 0.443531
vt 0.043177 0.443531
vt 0.072356 0.443531
vt 0.048607 0.443531
vt 0.075693 0.443531
vt 0.052903 0.443531
vt 0.056590 0.443531
vt 0.034971 0.441444
vt 0.043123 0.440860
vt 0.072342 0.440143
vt 0.048580 0.440550
vt 0.075686 0.440226
vt 0.052896 0.440354
vt 0.079387 0.440354
vt 0.056597 0.440226
vt 0.083703 0.440550
vt 0.059942 0.440143
vt 0.089160 0.440860
vt 0.063086 0.440095
vt 0.097313 0.441444
vt 0.066142 0.440074
vt 0.025926 0.443328
vt 0.106358 0.443328
vt 0.069198 0.440095
vt 0.056611 0.436958
vt 0.059959 0.436795
vt 0.089236 0.438221
vt 0.063098 0.436700
vt 0.097474 0.439360
vt 0.066142 0.436664
vt 0.025654 0.441930
vt 0.034810 0.439360
vt 0.106629 0.441930
vt 0.069185 0.436700
vt 0.043047 0.438221
vt 0.072324 0.436795
vt 0.048547 0.437601
vt 0.075673 0.436958
vt 0.052893 0.437211
vt 0.079391 0.437211
vt 0.083736 0.437601
vt 0.072313 0.433518
vt 0.042925 0.435641
vt 0.048483 0.434713
vt 0.075670 0.433758
vt 0.052871 0.434134
vt 0.079413 0.434134
vt 0.056613 0.433758
vt 0.083801 0.434713
vt 0.059971 0.433518
vt 0.089359 0.435641
vt 0.063107 0.433380
vt 0.097673 0.437320
vt 0.066142 0.433329
vt 0.025370 0.440498
vt 0.034611 0.437320
vt 0.106913 0.440498
vt 0.069176 0.433380
vt 0.089564 0.433139
vt 0.059960 0.430329
vt 0.063105 0.430151
vt 0.097933 0.435357
vt 0.066142 0.430085
vt 0.025080 0.439086
vt 0.034350 0.435357
vt 0.107204 0.439086
vt 0.069179 0.430151
vt 0.042719 0.433139
vt 0.072324 0.430330
vt 0.048349 0.431904
vt 0.075704 0.430643
vt 0.052797 0.431137
vt 0.079486 0.431137
vt 0.056580 0.430643
vt 0.083935 0.431904
vt 0.042389 0.430724
vt 0.048103 0.429175
vt 0.075805 0.427606
vt 0.052632 0.428218
vt 0.079652 0.428218
vt 0.056479 0.427606
vt 0.084181 0.429175
vt 0.059904 0.427222
vt 0.089894 0.430724
vt 0.063081 0.427005
vt 0.098285 0.433493
vt 0.066142 0.426925
vt 0.024771 0.437741
vt 0.033999 0.433493
vt 0.107512 0.437741
vt 0.069203 0.427005
vt 0.072379 0.427222
vt 0.059781 0.424165
vt 0.063023 0.423910
vt 0.098761 0.431736
vt 0.066142 0.423819
vt 0.024421 0.436500
vt 0.033523 0.431736
vt 0.107862 0.436500
vt 0.069260 0.423911
vt 0.041892 0.428393
vt 0.072503 0.424165
vt 0.047698 0.426514
vt 0.076008 0.424622
vt 0.052333 0.425356
vt 0.079951 0.425356
vt 0.056275 0.424622
vt 0.084586 0.426514
vt 0.090392 0.428393
vt 0.076352 0.421641
vt 0.047084 0.423899
vt 0.051853 0.422514
vt 0.080430 0.422515
vt 0.055932 0.421641
vt 0.085200 0.423899
vt 0.059564 0.421105
vt 0.091098 0.426141
vt 0.062920 0.420812
vt 0.099391 0.430089
vt 0.066142 0.420712
vt 0.024002 0.435385
vt 0.032893 0.430089
vt 0.108282 0.435385
vt 0.069364 0.420812
vt 0.041185 0.426141
vt 0.072720 0.421105
vt 0.100200 0.428550
vt 0.062759 0.417625
vt 0.066142 0.417537
vt 0.023492 0.434409
vt 0.032083 0.428550
vt 0.108791 0.434409
vt 0.069525 0.417625
vt 0.040227 0.423959
vt 0.073060 0.417961
vt 0.046210 0.421300
vt 0.076878 0.418596
vt 0.051142 0.419642
vt 0.081142 0.419642
vt 0.055406 0.418596
vt 0.086074 0.421300
vt 0.059224 0.417960
vt 0.092057 0.423959
vt 0.077648 0.415407
vt 0.082134 0.416677
vt 0.054636 0.415407
vt 0.087236 0.418671
vt 0.058699 0.414632
vt 0.093265 0.421816
vt 0.062490 0.414222
vt 0.101120 0.427050
vt 0.066142 0.414108
vt 0.022545 0.432993
vt 0.031163 0.427050
vt 0.109739 0.432993
vt 0.069794 0.414222
vt 0.039018 0.421816
vt 0.073585 0.414632
vt 0.045048 0.418671
vt 0.050150 0.416677
vt 0.021931 0.432295
vt 0.030014 0.425653
vt 0.110352 0.432296
vt 0.102270 0.425653
vt 0.066142 0.410322
vt 0.070170 0.410473
vt 0.037463 0.419723
vt 0.074322 0.410999
vt 0.043498 0.415996
vt 0.078720 0.411979
vt 0.048791 0.413561
vt 0.083493 0.413561
vt 0.053563 0.411979
vt 0.088786 0.415996
vt 0.057962 0.410999
vt 0.094821 0.419723
vt 0.062114 0.410473
vt 0.052093 0.408194
vt 0.085317 0.410224
vt 0.090807 0.413248
vt 0.056939 0.406906
vt 0.096772 0.417690
vt 0.061590 0.406200
vt 0.103659 0.424369
vt 0.066142 0.405991
vt 0.021243 0.431742
vt 0.028625 0.424369
vt 0.111040 0.431742
vt 0.070694 0.406200
vt 0.035512 0.417690
vt 0.075345 0.406906
vt 0.041477 0.413248
vt 0.080191 0.408195
vt 0.046967 0.410224
vt 0.066142 0.400870
vt 0.071425 0.401172
vt 0.033118 0.415742
vt 0.076761 0.402160
vt 0.038882 0.410418
vt 0.082192 0.403918
vt 0.044544 0.406595
vt 0.087740 0.406595
vt 0.050092 0.403918
vt 0.093401 0.410418
vt 0.055523 0.402159
vt 0.099166 0.415742
vt 0.060859 0.401172
vt 0.105288 0.423218
vt 0.020530 0.431334
vt 0.026996 0.423217
vt 0.111754 0.431335
vt 0.090943 0.402620
vt 0.096693 0.407526
vt 0.053550 0.396518
vt 0.102053 0.413928
vt 0.059827 0.395080
vt 0.107148 0.422232
vt 0.066142 0.394629
vt 0.019849 0.431079
vt 0.025136 0.422232
vt 0.112434 0.431079
vt 0.072457 0.395080
vt 0.030231 0.413927
vt 0.078734 0.396519
vt 0.035590 0.407526
vt 0.084921 0.398999
vt 0.041341 0.402620
vt 0.047363 0.398999
vt 0.026811 0.412333
vt 0.073948 0.387492
vt 0.081531 0.389672
vt 0.031449 0.404644
vt 0.088676 0.393282
vt 0.037105 0.398284
vt 0.095179 0.398284
vt 0.043608 0.393282
vt 0.100835 0.404644
vt 0.050753 0.389671
vt 0.105472 0.412334
vt 0.058336 0.387492
vt 0.109218 0.421460
vt 0.066142 0.386786
vt 0.019266 0.430979
vt 0.023066 0.421459
vt 0.113018 0.430979
vt 0.046674 0.381220
vt 0.106003 0.401934
vt 0.109445 0.411097
vt 0.056088 0.377759
vt 0.111460 0.420960
vt 0.066142 0.376570
vt 0.018841 0.431023
vt 0.020823 0.420959
vt 0.113443 0.431024
vt 0.076196 0.377759
vt 0.022838 0.411096
vt 0.085610 0.381221
vt 0.026281 0.401933
vt 0.093923 0.386628
vt 0.031482 0.393652
vt 0.100802 0.393652
vt 0.038360 0.386628
vt 0.079829 0.364903
vt 0.091767 0.370688
vt 0.019913 0.399691
vt 0.101378 0.378982
vt 0.024004 0.388945
vt 0.108280 0.388945
vt 0.030906 0.378981
vt 0.112371 0.399691
vt 0.040517 0.370688
vt 0.113947 0.410415
vt 0.052455 0.364902
vt 0.113817 0.420800
vt 0.066142 0.362431
vt 0.018631 0.431164
vt 0.018466 0.420799
vt 0.113653 0.431164
vt 0.018337 0.410415
vt 0.112371 0.487371
vt 0.109445 0.475965
vt 0.113947 0.476646
vt 0.052454 0.522159
vt 0.046674 0.505841
vt 0.056088 0.509302
vt 0.111461 0.466102
vt 0.113817 0.466262
vt 0.066142 0.524630
vt 0.066142 0.510491
vt 0.018466 0.466261
vt 0.018631 0.455897
vt 0.020823 0.466102
vt 0.113653 0.455897
vt 0.076196 0.509302
vt 0.079829 0.522159
vt 0.018337 0.476646
vt 0.022838 0.475964
vt 0.085610 0.505841
vt 0.091767 0.516373
vt 0.019913 0.487370
vt 0.026281 0.485128
vt 0.093923 0.500433
vt 0.101378 0.508080
vt 0.024003 0.498116
vt 0.031482 0.493409
vt 0.100802 0.493409
vt 0.108280 0.498117
vt 0.030906 0.508079
vt 0.038360 0.500433
vt 0.106003 0.485128
vt 0.040516 0.516373
vt 0.088676 0.493779
vt 0.031448 0.482417
vt 0.037104 0.488777
vt 0.095179 0.488777
vt 0.043608 0.493779
vt 0.100835 0.482417
vt 0.050753 0.497390
vt 0.105472 0.474728
vt 0.058335 0.499570
vt 0.109218 0.465602
vt 0.066142 0.500275
vt 0.018841 0.456037
vt 0.023066 0.465601
vt 0.113443 0.456038
vt 0.073948 0.499570
vt 0.026811 0.474727
vt 0.081531 0.497390
vt 0.107148 0.464829
vt 0.059827 0.491981
vt 0.066142 0.492432
vt 0.019266 0.456082
vt 0.025136 0.464829
vt 0.113018 0.456083
vt 0.072456 0.491981
vt 0.030231 0.473134
vt 0.078733 0.490543
vt 0.035590 0.479535
vt 0.084920 0.488062
vt 0.041341 0.484441
vt 0.090943 0.484441
vt 0.047363 0.488062
vt 0.096693 0.479535
vt 0.053550 0.490543
vt 0.102053 0.473134
vt 0.038882 0.476643
vt 0.044544 0.480466
vt 0.087740 0.480467
vt 0.050092 0.483143
vt 0.093401 0.476643
vt 0.055523 0.484902
vt 0.099166 0.471319
vt 0.060859 0.485889
vt 0.105288 0.463844
vt 0.066142 0.486191
vt 0.019850 0.455982
vt 0.026996 0.463843
vt 0.112434 0.455982
vt 0.071425 0.485889
vt 0.033118 0.471319
vt 0.076761 0.484902
vt 0.082192 0.483143
vt 0.061590 0.480861
vt 0.066142 0.481070
vt 0.020530 0.455727
vt 0.028625 0.462692
vt 0.111754 0.455727
vt 0.103659 0.462692
vt 0.070694 0.480861
vt 0.035512 0.469371
vt 0.075345 0.480156
vt 0.041476 0.473813
vt 0.080191 0.478867
vt 0.046966 0.476837
vt 0.085317 0.476837
vt 0.052093 0.478867
vt 0.090807 0.473813
vt 0.056938 0.480156
vt 0.096772 0.469371
vt 0.083493 0.473500
vt 0.048791 0.473500
vt 0.053563 0.475082
vt 0.088786 0.471065
vt 0.057961 0.476062
vt 0.094821 0.467338
vt 0.062114 0.476588
vt 0.102270 0.461408
vt 0.066142 0.476739
vt 0.021243 0.455319
vt 0.030014 0.461408
vt 0.111040 0.455319
vt 0.070170 0.476588
vt 0.037463 0.467338
vt 0.074322 0.476062
vt 0.043497 0.471065
vt 0.078720 0.475082
vt 0.021931 0.454765
vt 0.031163 0.460011
vt 0.110352 0.454766
vt 0.101120 0.460011
vt 0.069794 0.472839
vt 0.039018 0.465245
vt 0.073585 0.472429
vt 0.045048 0.468390
vt 0.077647 0.471654
vt 0.050150 0.470384
vt 0.082134 0.470384
vt 0.054636 0.471654
vt 0.087236 0.468390
vt 0.058699 0.472429
vt 0.093265 0.465245
vt 0.062489 0.472839
vt 0.066142 0.472954
vt 0.022545 0.454068
vt 0.109739 0.454068
s 0
usemtl bechar
f 1131/822/783 669/823/783 670/824/783
f 1128/825/784 663/826/784 654/827/784
f 1132/828/785 670/824/785 671/829/785
f 654/827/786 664/830/786 1129/831/786
f 1133/832/787 671/829/787 672/833/787
f 1129/831/788 665/834/788 655/835/788
f 1134/836/789 672/833/789 673/837/789
f 655/835/790 666/838/790 656/839/790
f 1126/840/791 734/841/791 659/842/791
f 960/843/792 1134/836/792 673/837/792
f 657/844/793 666/838/793 667/845/793
f 1126/840/794 660/846/794 1127/847/794
f 1130/848/795 667/845/795 668/849/795
f 1127/847/796 661/850/796 653/851/796
f 658/852/797 668/849/797 669/823/797
f 653/851/798 662/853/798 1128/825/798
f 669/823/799 683/854/799 684/855/799
f 661/850/800 677/856/800 662/853/800
f 670/824/801 684/855/801 685/857/801
f 662/853/802 678/858/802 663/826/802
f 671/829/803 685/857/803 686/859/803
f 663/826/804 679/860/804 664/830/804
f 672/833/805 686/859/805 687/861/805
f 664/830/806 680/862/806 665/834/806
f 673/837/807 687/861/807 688/863/807
f 665/834/808 681/864/808 666/838/808
f 659/842/809 734/865/809 674/866/809
f 960/867/810 673/837/810 688/863/810
f 667/845/811 681/864/811 682/868/811
f 659/842/812 675/869/812 660/846/812
f 668/849/813 682/868/813 683/854/813
f 660/846/814 676/870/814 661/850/814
f 688/863/815 702/871/815 703/872/815
f 680/862/816 696/873/816 681/864/816
f 674/866/817 734/874/817 689/875/817
f 960/876/818 688/863/818 703/872/818
f 682/868/819 696/873/819 697/877/819
f 674/866/820 690/878/820 675/869/820
f 683/854/821 697/877/821 698/879/821
f 675/869/822 691/880/822 676/870/822
f 684/855/823 698/879/823 699/881/823
f 676/870/824 692/882/824 677/856/824
f 685/857/825 699/881/825 700/883/825
f 677/856/826 693/884/826 678/858/826
f 686/859/827 700/883/827 701/885/827
f 678/858/828 694/886/828 679/860/828
f 687/861/829 701/885/829 702/871/829
f 679/860/830 695/887/830 680/862/830
f 691/880/831 707/888/831 692/882/831
f 700/883/832 714/889/832 715/890/832
f 692/882/833 708/891/833 693/884/833
f 701/885/834 715/890/834 716/892/834
f 693/884/835 709/893/835 694/886/835
f 702/871/836 716/892/836 717/894/836
f 694/886/837 710/895/837 695/887/837
f 703/872/838 717/894/838 718/896/838
f 695/887/839 711/897/839 696/873/839
f 689/875/840 734/898/840 704/899/840
f 960/900/841 703/872/841 718/896/841
f 697/877/842 711/897/842 712/901/842
f 689/875/843 705/902/843 690/878/843
f 698/879/844 712/901/844 713/903/844
f 690/878/845 706/904/845 691/880/845
f 699/881/846 713/903/846 714/889/846
f 710/895/847 726/905/847 711/897/847
f 704/899/848 734/906/848 719/907/848
f 960/908/849 718/896/849 733/909/849
f 712/901/850 726/905/850 727/910/850
f 704/899/851 720/911/851 705/902/851
f 713/903/852 727/910/852 728/912/852
f 705/902/853 721/913/853 706/904/853
f 714/889/854 728/912/854 729/914/854
f 706/904/855 722/915/855 707/888/855
f 715/890/856 729/914/856 730/916/856
f 707/888/857 723/917/857 708/891/857
f 716/892/858 730/916/858 731/918/858
f 708/891/859 724/919/859 709/893/859
f 717/894/860 731/918/860 732/920/860
f 709/893/861 725/921/861 710/895/861
f 718/896/862 732/920/862 733/909/862
f 730/916/863 745/922/863 746/923/863
f 722/915/864 739/924/864 723/917/864
f 731/918/865 746/923/865 747/925/865
f 723/917/866 740/926/866 724/919/866
f 732/920/867 747/925/867 748/927/867
f 724/919/868 741/928/868 725/921/868
f 733/909/869 748/927/869 749/929/869
f 725/921/870 742/930/870 726/905/870
f 719/907/871 734/931/871 735/932/871
f 960/933/872 733/909/872 749/929/872
f 727/910/873 742/930/873 743/934/873
f 719/907/874 736/935/874 720/911/874
f 728/912/875 743/934/875 744/936/875
f 720/911/876 737/937/876 721/913/876
f 729/914/877 744/936/877 745/922/877
f 721/913/878 738/938/878 722/915/878
f 960/939/879 749/929/879 764/940/879
f 743/934/880 757/941/880 758/942/880
f 735/932/881 751/943/881 736/935/881
f 744/936/882 758/942/882 759/944/882
f 736/935/883 752/945/883 737/937/883
f 745/922/884 759/944/884 760/946/884
f 737/937/885 753/947/885 738/938/885
f 746/923/886 760/946/886 761/948/886
f 738/938/887 754/949/887 739/924/887
f 747/925/888 761/948/888 762/950/888
f 739/924/889 755/951/889 740/926/889
f 748/927/890 762/950/890 763/952/890
f 740/926/891 756/953/891 741/928/891
f 749/929/892 763/952/892 764/940/892
f 741/928/893 757/941/893 742/930/893
f 735/932/894 734/954/894 750/955/894
f 762/950/895 776/956/895 777/957/895
f 754/949/896 770/958/896 755/951/896
f 763/952/897 777/957/897 778/959/897
f 755/951/898 771/960/898 756/953/898
f 764/940/899 778/959/899 779/961/899
f 756/953/900 772/962/900 757/941/900
f 750/955/901 734/963/901 765/964/901
f 960/965/902 764/940/902 779/961/902
f 758/942/903 772/962/903 773/966/903
f 750/955/904 766/967/904 751/943/904
f 759/944/905 773/966/905 774/968/905
f 751/943/906 767/969/906 752/945/906
f 760/946/907 774/968/907 775/970/907
f 752/945/908 768/971/908 753/947/908
f 761/948/909 775/970/909 776/956/909
f 753/947/910 769/972/910 754/949/910
f 766/967/911 780/973/911 781/974/911
f 773/966/912 789/975/912 774/968/912
f 767/969/913 781/974/913 782/976/913
f 774/968/914 790/977/914 775/970/914
f 768/971/915 782/976/915 783/978/915
f 775/970/916 791/979/916 776/956/916
f 769/972/917 783/978/917 784/980/917
f 776/956/918 792/981/918 777/957/918
f 770/958/919 784/980/919 785/982/919
f 777/957/920 793/983/920 778/959/920
f 771/960/921 785/982/921 786/984/921
f 778/959/922 794/985/922 779/961/922
f 772/962/923 786/984/923 787/986/923
f 765/964/924 734/987/924 780/973/924
f 960/988/925 779/961/925 794/985/925
f 772/962/926 788/989/926 773/966/926
f 785/982/927 799/990/927 800/991/927
f 792/981/928 808/992/928 793/983/928
f 786/984/929 800/991/929 801/993/929
f 793/983/930 809/994/930 794/985/930
f 787/986/931 801/993/931 802/995/931
f 780/973/932 734/996/932 795/997/932
f 960/998/933 794/985/933 809/994/933
f 787/986/934 803/999/934 788/989/934
f 781/974/935 795/997/935 796/1000/935
f 788/989/936 804/1001/936 789/975/936
f 782/976/937 796/1000/937 797/1002/937
f 789/975/938 805/1003/938 790/977/938
f 783/978/939 797/1002/939 798/1004/939
f 790/977/940 806/1005/940 791/979/940
f 784/980/941 798/1004/941 799/990/941
f 791/979/942 807/1006/942 792/981/942
f 803/999/943 819/1007/943 804/1001/943
f 797/1002/944 811/1008/944 812/1009/944
f 804/1001/945 820/1010/945 805/1003/945
f 798/1004/946 812/1009/946 813/1011/946
f 805/1003/947 821/1012/947 806/1005/947
f 799/990/948 813/1011/948 814/1013/948
f 806/1005/949 822/1014/949 807/1006/949
f 800/991/950 814/1013/950 815/1015/950
f 807/1006/951 823/1016/951 808/992/951
f 801/993/952 815/1015/952 816/1017/952
f 808/992/953 824/1018/953 809/994/953
f 802/995/954 816/1017/954 817/1019/954
f 795/997/955 734/1020/955 810/1021/955
f 960/1022/956 809/994/956 824/1018/956
f 802/995/957 818/1023/957 803/999/957
f 796/1000/958 810/1021/958 811/1008/958
f 822/1014/959 838/1024/959 823/1016/959
f 816/1017/960 830/1025/960 831/1026/960
f 823/1016/961 839/1027/961 824/1018/961
f 817/1019/962 831/1026/962 832/1028/962
f 810/1021/963 734/1029/963 825/1030/963
f 960/1031/964 824/1018/964 839/1027/964
f 817/1019/965 833/1032/965 818/1023/965
f 811/1008/966 825/1030/966 826/1033/966
f 818/1023/967 834/1034/967 819/1007/967
f 812/1009/968 826/1033/968 827/1035/968
f 819/1007/969 835/1036/969 820/1010/969
f 813/1011/970 827/1035/970 828/1037/970
f 820/1010/971 836/1038/971 821/1012/971
f 814/1013/972 828/1037/972 829/1039/972
f 821/1012/973 837/1040/973 822/1014/973
f 815/1015/974 829/1039/974 830/1025/974
f 827/1035/975 841/1041/975 842/1042/975
f 834/1034/976 850/1043/976 835/1036/976
f 828/1037/977 842/1042/977 843/1044/977
f 835/1036/978 851/1045/978 836/1038/978
f 829/1039/979 843/1044/979 844/1046/979
f 836/1038/980 852/1047/980 837/1040/980
f 830/1025/981 844/1046/981 845/1048/981
f 837/1040/982 853/1049/982 838/1024/982
f 831/1026/983 845/1048/983 846/1050/983
f 838/1024/984 854/1051/984 839/1027/984
f 832/1028/985 846/1050/985 847/1052/985
f 825/1030/986 734/1053/986 840/1054/986
f 960/1055/987 839/1027/987 854/1051/987
f 832/1028/988 848/1056/988 833/1032/988
f 826/1033/989 840/1054/989 841/1041/989
f 833/1032/990 849/1057/990 834/1034/990
f 846/1050/991 860/1058/991 861/1059/991
f 853/1049/992 869/1060/992 854/1051/992
f 847/1052/993 861/1059/993 862/1061/993
f 840/1054/994 734/1062/994 855/1063/994
f 960/1064/995 854/1051/995 869/1060/995
f 847/1052/996 863/1065/996 848/1056/996
f 841/1041/997 855/1063/997 856/1066/997
f 848/1056/998 864/1067/998 849/1057/998
f 842/1042/999 856/1066/999 857/1068/999
f 849/1057/1000 865/1069/1000 850/1043/1000
f 843/1044/1001 857/1068/1001 858/1070/1001
f 850/1043/1002 866/1071/1002 851/1045/1002
f 844/1046/1003 858/1070/1003 859/1072/1003
f 851/1045/1004 867/1073/1004 852/1047/1004
f 845/1048/1005 859/1072/1005 860/1058/1005
f 852/1047/1006 868/1074/1006 853/1049/1006
f 864/1067/1007 880/1075/1007 865/1069/1007
f 858/1070/1008 872/1076/1008 873/1077/1008
f 865/1069/1009 881/1078/1009 866/1071/1009
f 859/1072/1010 873/1077/1010 874/1079/1010
f 866/1071/1011 882/1080/1011 867/1073/1011
f 860/1058/1012 874/1079/1012 875/1081/1012
f 867/1073/1013 883/1082/1013 868/1074/1013
f 861/1059/1014 875/1081/1014 876/1083/1014
f 868/1074/1015 884/1084/1015 869/1060/1015
f 862/1061/1016 876/1083/1016 877/1085/1016
f 855/1063/1017 734/1086/1017 870/1087/1017
f 960/1088/1018 869/1060/1018 884/1084/1018
f 862/1061/1019 878/1089/1019 863/1065/1019
f 856/1066/1020 870/1087/1020 871/1090/1020
f 863/1065/1021 879/1091/1021 864/1067/1021
f 857/1068/1022 871/1090/1022 872/1076/1022
f 883/1082/1023 899/1092/1023 884/1084/1023
f 877/1085/1024 891/1093/1024 892/1094/1024
f 870/1087/1025 734/1095/1025 885/1096/1025
f 960/1097/1026 884/1084/1026 899/1092/1026
f 877/1085/1027 893/1098/1027 878/1089/1027
f 871/1090/1028 885/1096/1028 886/1099/1028
f 878/1089/1029 894/1100/1029 879/1091/1029
f 872/1076/1030 886/1099/1030 887/1101/1030
f 879/1091/1031 895/1102/1031 880/1075/1031
f 873/1077/1032 887/1101/1032 888/1103/1032
f 880/1075/1033 896/1104/1033 881/1078/1033
f 874/1079/1034 888/1103/1034 889/1105/1034
f 881/1078/1035 897/1106/1035 882/1080/1035
f 875/1081/1036 889/1105/1036 890/1107/1036
f 882/1080/1037 898/1108/1037 883/1082/1037
f 876/1083/1038 890/1107/1038 891/1093/1038
f 896/1104/1039 910/1109/1039 911/1110/1039
f 888/1103/1040 904/1111/1040 889/1105/1040
f 897/1106/1041 911/1110/1041 912/1112/1041
f 889/1105/1042 905/1113/1042 890/1107/1042
f 898/1108/1043 912/1112/1043 913/1114/1043
f 890/1107/1044 906/1115/1044 891/1093/1044
f 899/1092/1045 913/1114/1045 914/1116/1045
f 891/1093/1046 907/1117/1046 892/1094/1046
f 885/1096/1047 734/1118/1047 900/1119/1047
f 960/1120/1048 899/1092/1048 914/1116/1048
f 893/1098/1049 907/1117/1049 908/1121/1049
f 885/1096/1050 901/1122/1050 886/1099/1050
f 894/1100/1051 908/1121/1051 909/1123/1051
f 886/1099/1052 902/1124/1052 887/1101/1052
f 895/1102/1053 909/1123/1053 910/1109/1053
f 887/1101/1054 903/1125/1054 888/1103/1054
f 900/1119/1055 734/1126/1055 915/1127/1055
f 960/1128/1056 914/1116/1056 929/1129/1056
f 908/1121/1057 922/1130/1057 923/1131/1057
f 900/1119/1058 916/1132/1058 901/1122/1058
f 909/1123/1059 923/1131/1059 924/1133/1059
f 901/1122/1060 917/1134/1060 902/1124/1060
f 910/1109/1061 924/1133/1061 925/1135/1061
f 902/1124/1062 918/1136/1062 903/1125/1062
f 911/1110/1063 925/1135/1063 926/1137/1063
f 903/1125/1064 919/1138/1064 904/1111/1064
f 912/1112/1065 926/1137/1065 927/1139/1065
f 904/1111/1066 920/1140/1066 905/1113/1066
f 913/1114/1067 927/1139/1067 928/1141/1067
f 905/1113/1068 921/1142/1068 906/1115/1068
f 914/1116/1069 928/1141/1069 929/1129/1069
f 906/1115/1070 922/1130/1070 907/1117/1070
f 918/1136/1071 934/1143/1071 919/1138/1071
f 927/1139/1072 941/1144/1072 942/1145/1072
f 919/1138/1073 935/1146/1073 920/1140/1073
f 928/1141/1074 942/1145/1074 943/1147/1074
f 920/1140/1075 936/1148/1075 921/1142/1075
f 929/1129/1076 943/1147/1076 944/1149/1076
f 921/1142/1077 937/1150/1077 922/1130/1077
f 915/1127/1078 734/1151/1078 930/1152/1078
f 960/1153/1079 929/1129/1079 944/1149/1079
f 923/1131/1080 937/1150/1080 938/1154/1080
f 915/1127/1081 931/1155/1081 916/1132/1081
f 924/1133/1082 938/1154/1082 939/1156/1082
f 916/1132/1083 932/1157/1083 917/1134/1083
f 925/1135/1084 939/1156/1084 940/1158/1084
f 917/1134/1085 933/1159/1085 918/1136/1085
f 926/1137/1086 940/1158/1086 941/1144/1086
f 938/1154/1087 952/1160/1087 953/1161/1087
f 930/1152/1088 946/1162/1088 931/1155/1088
f 939/1156/1089 953/1161/1089 954/1163/1089
f 931/1155/1090 947/1164/1090 932/1157/1090
f 940/1158/1091 954/1163/1091 955/1165/1091
f 932/1157/1092 948/1166/1092 933/1159/1092
f 941/1144/1093 955/1165/1093 956/1167/1093
f 933/1159/1094 949/1168/1094 934/1143/1094
f 942/1145/1095 956/1167/1095 957/1169/1095
f 934/1143/1096 950/1170/1096 935/1146/1096
f 943/1147/1097 957/1169/1097 958/1171/1097
f 935/1146/1098 951/1172/1098 936/1148/1098
f 944/1149/1099 958/1171/1099 959/1173/1099
f 936/1148/1100 952/1160/1100 937/1150/1100
f 930/1152/1101 734/1174/1101 945/1175/1101
f 960/1176/1102 944/1149/1102 959/1173/1102
f 957/1169/1103 972/1177/1103 973/1178/1103
f 949/1168/1104 966/1179/1104 950/1170/1104
f 958/1171/1105 973/1178/1105 974/1180/1105
f 950/1170/1106 967/1181/1106 951/1172/1106
f 959/1173/1107 974/1180/1107 975/1182/1107
f 951/1172/1108 968/1183/1108 952/1160/1108
f 945/1175/1109 734/1184/1109 961/1185/1109
f 960/1186/1110 959/1173/1110 975/1182/1110
f 953/1161/1111 968/1183/1111 969/1187/1111
f 945/1175/1112 962/1188/1112 946/1162/1112
f 954/1163/1113 969/1187/1113 970/1189/1113
f 946/1162/1114 963/1190/1114 947/1164/1114
f 955/1165/1115 970/1189/1115 971/1191/1115
f 947/1164/1116 964/1192/1116 948/1166/1116
f 956/1167/1117 971/1191/1117 972/1177/1117
f 948/1166/1118 965/1193/1118 949/1168/1118
f 961/1185/1119 977/1194/1119 962/1188/1119
f 970/1189/1120 984/1195/1120 985/1196/1120
f 962/1188/1121 978/1197/1121 963/1190/1121
f 971/1191/1122 985/1196/1122 986/1198/1122
f 963/1190/1123 979/1199/1123 964/1192/1123
f 972/1177/1124 986/1198/1124 987/1200/1124
f 964/1192/1125 980/1201/1125 965/1193/1125
f 973/1178/1126 987/1200/1126 988/1202/1126
f 965/1193/1127 981/1203/1127 966/1179/1127
f 974/1180/1128 988/1202/1128 989/1204/1128
f 966/1179/1129 982/1205/1129 967/1181/1129
f 975/1182/1130 989/1204/1130 990/1206/1130
f 967/1181/1131 983/1207/1131 968/1183/1131
f 961/1185/1132 734/1208/1132 976/1209/1132
f 960/1210/1133 975/1182/1133 990/1206/1133
f 969/1187/1134 983/1207/1134 984/1195/1134
f 980/1201/1135 996/1211/1135 981/1203/1135
f 989/1204/1136 1003/1212/1136 1004/1213/1136
f 981/1203/1137 997/1214/1137 982/1205/1137
f 990/1206/1138 1004/1213/1138 1005/1215/1138
f 982/1205/1139 998/1216/1139 983/1207/1139
f 976/1209/1140 734/1217/1140 991/1218/1140
f 960/1219/1141 990/1206/1141 1005/1215/1141
f 984/1195/1142 998/1216/1142 999/1220/1142
f 976/1209/1143 992/1221/1143 977/1194/1143
f 985/1196/1144 999/1220/1144 1000/1222/1144
f 977/1194/1145 993/1223/1145 978/1197/1145
f 986/1198/1146 1000/1222/1146 1001/1224/1146
f 978/1197/1147 994/1225/1147 979/1199/1147
f 987/1200/1148 1001/1224/1148 1002/1226/1148
f 979/1199/1149 995/1227/1149 980/1201/1149
f 988/1202/1150 1002/1226/1150 1003/1212/1150
f 1000/1222/1151 1014/1228/1151 1015/1229/1151
f 992/1221/1152 1008/1230/1152 993/1223/1152
f 1001/1224/1153 1015/1229/1153 1016/1231/1153
f 993/1223/1154 1009/1232/1154 994/1225/1154
f 1002/1226/1155 1016/1231/1155 1017/1233/1155
f 994/1225/1156 1010/1234/1156 995/1227/1156
f 1003/1212/1157 1017/1233/1157 1018/1235/1157
f 995/1227/1158 1011/1236/1158 996/1211/1158
f 1004/1213/1159 1018/1235/1159 1019/1237/1159
f 996/1211/1160 1012/1238/1160 997/1214/1160
f 1005/1215/1161 1019/1237/1161 1020/1239/1161
f 997/1214/1162 1013/1240/1162 998/1216/1162
f 991/1218/1163 734/1241/1163 1006/1242/1163
f 960/1243/1164 1005/1215/1164 1020/1239/1164
f 999/1220/1165 1013/1240/1165 1014/1228/1165
f 991/1218/1166 1007/1244/1166 992/1221/1166
f 1018/1245/1167 1034/1246/1167 1019/1247/1167
f 1012/1248/1168 1026/1249/1168 1027/1250/1168
f 1019/1247/1169 1035/1251/1169 1020/1252/1169
f 1013/1253/1170 1027/1250/1170 1028/1254/1170
f 1006/1255/1171 734/1256/1171 1021/1257/1171
f 960/1258/1172 1020/1252/1172 1035/1251/1172
f 1013/1253/1173 1029/1259/1173 1014/1260/1173
f 1007/1261/1174 1021/1257/1174 1022/1262/1174
f 1014/1260/1175 1030/1263/1175 1015/1264/1175
f 1008/1265/1176 1022/1262/1176 1023/1266/1176
f 1015/1264/1177 1031/1267/1177 1016/1268/1177
f 1009/1269/1178 1023/1266/1178 1024/1270/1178
f 1016/1268/1179 1032/1271/1179 1017/1272/1179
f 1010/1273/1180 1024/1270/1180 1025/1274/1180
f 1017/1272/1181 1033/1275/1181 1018/1245/1181
f 1011/1276/1182 1025/1274/1182 1026/1249/1182
f 1030/1263/1183 1046/1277/1183 1031/1267/1183
f 1024/1270/1184 1038/1278/1184 1039/1279/1184
f 1031/1267/1185 1047/1280/1185 1032/1271/1185
f 1025/1274/1186 1039/1279/1186 1040/1281/1186
f 1032/1271/1187 1048/1282/1187 1033/1275/1187
f 1026/1249/1188 1040/1281/1188 1041/1283/1188
f 1033/1275/1189 1049/1284/1189 1034/1246/1189
f 1027/1250/1190 1041/1283/1190 1042/1285/1190
f 1034/1246/1191 1050/1286/1191 1035/1251/1191
f 1028/1254/1192 1042/1285/1192 1043/1287/1192
f 1021/1257/1193 734/1288/1193 1036/1289/1193
f 960/1290/1194 1035/1251/1194 1050/1286/1194
f 1028/1254/1195 1044/1291/1195 1029/1259/1195
f 1022/1262/1196 1036/1289/1196 1037/1292/1196
f 1029/1259/1197 1045/1293/1197 1030/1263/1197
f 1023/1266/1198 1037/1292/1198 1038/1278/1198
f 1049/1284/1199 1065/1294/1199 1050/1286/1199
f 1043/1287/1200 1057/1295/1200 1058/1296/1200
f 1036/1289/1201 734/1297/1201 1051/1298/1201
f 960/1299/1202 1050/1286/1202 1065/1294/1202
f 1043/1287/1203 1059/1300/1203 1044/1291/1203
f 1037/1292/1204 1051/1298/1204 1052/1301/1204
f 1044/1291/1205 1060/1302/1205 1045/1293/1205
f 1038/1278/1206 1052/1301/1206 1053/1303/1206
f 1045/1293/1207 1061/1304/1207 1046/1277/1207
f 1039/1279/1208 1053/1303/1208 1054/1305/1208
f 1046/1277/1209 1062/1306/1209 1047/1280/1209
f 1040/1281/1210 1054/1305/1210 1055/1307/1210
f 1047/1280/1211 1063/1308/1211 1048/1282/1211
f 1041/1283/1212 1055/1307/1212 1056/1309/1212
f 1048/1282/1213 1064/1310/1213 1049/1284/1213
f 1042/1285/1214 1056/1309/1214 1057/1295/1214
f 1054/1305/1215 1068/1311/1215 1069/1312/1215
f 1061/1304/1216 1077/1313/1216 1062/1306/1216
f 1055/1307/1217 1069/1312/1217 1070/1314/1217
f 1062/1306/1218 1078/1315/1218 1063/1308/1218
f 1056/1309/1219 1070/1314/1219 1071/1316/1219
f 1063/1308/1220 1079/1317/1220 1064/1310/1220
f 1057/1295/1221 1071/1316/1221 1072/1318/1221
f 1064/1310/1222 1080/1319/1222 1065/1294/1222
f 1058/1296/1223 1072/1318/1223 1073/1320/1223
f 1051/1298/1224 734/1321/1224 1066/1322/1224
f 960/1323/1225 1065/1294/1225 1080/1319/1225
f 1058/1296/1226 1074/1324/1226 1059/1300/1226
f 1052/1301/1227 1066/1322/1227 1067/1325/1227
f 1059/1300/1228 1075/1326/1228 1060/1302/1228
f 1053/1303/1229 1067/1325/1229 1068/1311/1229
f 1060/1302/1230 1076/1327/1230 1061/1304/1230
f 1073/1320/1231 1087/1328/1231 1088/1329/1231
f 1066/1322/1232 734/1330/1232 1081/1331/1232
f 960/1332/1233 1080/1319/1233 1095/1333/1233
f 1073/1320/1234 1089/1334/1234 1074/1324/1234
f 1067/1325/1235 1081/1331/1235 1082/1335/1235
f 1074/1324/1236 1090/1336/1236 1075/1326/1236
f 1068/1311/1237 1082/1335/1237 1083/1337/1237
f 1075/1326/1238 1091/1338/1238 1076/1327/1238
f 1069/1312/1239 1083/1337/1239 1084/1339/1239
f 1076/1327/1240 1092/1340/1240 1077/1313/1240
f 1070/1314/1241 1084/1339/1241 1085/1341/1241
f 1077/1313/1242 1093/1342/1242 1078/1315/1242
f 1071/1316/1243 1085/1341/1243 1086/1343/1243
f 1078/1315/1244 1094/1344/1244 1079/1317/1244
f 1072/1318/1245 1086/1343/1245 1087/1328/1245
f 1079/1317/1246 1095/1333/1246 1080/1319/1246
f 1091/1338/1247 1107/1345/1247 1092/1340/1247
f 1085/1341/1248 1099/1346/1248 1100/1347/1248
f 1092/1340/1249 1108/1348/1249 1093/1342/1249
f 1086/1343/1250 1100/1347/1250 1101/1349/1250
f 1093/1342/1251 1109/1350/1251 1094/1344/1251
f 1087/1328/1252 1101/1349/1252 1102/1351/1252
f 1094/1344/1253 1110/1352/1253 1095/1333/1253
f 1088/1329/1254 1102/1351/1254 1103/1353/1254
f 1081/1331/1255 734/1354/1255 1096/1355/1255
f 960/1356/1256 1095/1333/1256 1110/1352/1256
f 1088/1329/1257 1104/1357/1257 1089/1334/1257
f 1082/1335/1258 1096/1355/1258 1097/1358/1258
f 1089/1334/1259 1105/1359/1259 1090/1336/1259
f 1083/1337/1260 1097/1358/1260 1098/1360/1260
f 1090/1336/1261 1106/1361/1261 1091/1338/1261
f 1084/1339/1262 1098/1360/1262 1099/1346/1262
f 1096/1355/1263 734/1362/1263 1111/1363/1263
f 960/1364/1264 1110/1352/1264 1125/1365/1264
f 1103/1353/1265 1119/1366/1265 1104/1357/1265
f 1097/1358/1266 1111/1363/1266 1112/1367/1266
f 1104/1357/1267 1120/1368/1267 1105/1359/1267
f 1098/1360/1268 1112/1367/1268 1113/1369/1268
f 1105/1359/1269 1121/1370/1269 1106/1361/1269
f 1099/1346/1270 1113/1369/1270 1114/1371/1270
f 1106/1361/1271 1122/1372/1271 1107/1345/1271
f 1100/1347/1272 1114/1371/1272 1115/1373/1272
f 1107/1345/1273 1123/1374/1273 1108/1348/1273
f 1101/1349/1274 1115/1373/1274 1116/1375/1274
f 1108/1348/1275 1124/1376/1275 1109/1350/1275
f 1102/1351/1276 1116/1375/1276 1117/1377/1276
f 1109/1350/1277 1125/1365/1277 1110/1352/1277
f 1103/1353/1278 1117/1377/1278 1118/1378/1278
f 1115/1373/1279 1128/825/1279 654/827/1279
f 1122/1372/1280 1132/828/1280 1123/1374/1280
f 1116/1375/1281 654/827/1281 1129/831/1281
f 1123/1374/1282 1133/832/1282 1124/1376/1282
f 1117/1377/1283 1129/831/1283 655/835/1283
f 1124/1376/1284 1134/836/1284 1125/1365/1284
f 1118/1378/1285 655/835/1285 656/839/1285
f 1111/1363/1286 734/1379/1286 1126/840/1286
f 960/1380/1287 1125/1365/1287 1134/836/1287
f 1118/1378/1288 657/844/1288 1119/1366/1288
f 1112/1367/1289 1126/840/1289 1127/847/1289
f 1119/1366/1290 1130/848/1290 1120/1368/1290
f 1113/1369/1291 1127/847/1291 653/851/1291
f 1120/1368/1292 658/852/1292 1121/1370/1292
f 1114/1371/1293 653/851/1293 1128/825/1293
f 1121/1370/1294 1131/822/1294 1122/1372/1294
f 1131/822/783 658/852/783 669/823/783
f 1128/825/1295 662/853/1295 663/826/1295
f 1132/828/785 1131/822/785 670/824/785
f 654/827/786 663/826/786 664/830/786
f 1133/832/787 1132/828/787 671/829/787
f 1129/831/788 664/830/788 665/834/788
f 1134/836/789 1133/832/789 672/833/789
f 655/835/790 665/834/790 666/838/790
f 657/844/793 656/839/793 666/838/793
f 1126/840/794 659/842/794 660/846/794
f 1130/848/795 657/844/795 667/845/795
f 1127/847/1296 660/846/1296 661/850/1296
f 658/852/797 1130/848/797 668/849/797
f 653/851/798 661/850/798 662/853/798
f 669/823/799 668/849/799 683/854/799
f 661/850/800 676/870/800 677/856/800
f 670/824/801 669/823/801 684/855/801
f 662/853/802 677/856/802 678/858/802
f 671/829/803 670/824/803 685/857/803
f 663/826/804 678/858/804 679/860/804
f 672/833/805 671/829/805 686/859/805
f 664/830/1297 679/860/1297 680/862/1297
f 673/837/807 672/833/807 687/861/807
f 665/834/808 680/862/808 681/864/808
f 667/845/811 666/838/811 681/864/811
f 659/842/812 674/866/812 675/869/812
f 668/849/813 667/845/813 682/868/813
f 660/846/814 675/869/814 676/870/814
f 688/863/815 687/861/815 702/871/815
f 680/862/816 695/887/816 696/873/816
f 682/868/819 681/864/819 696/873/819
f 674/866/820 689/875/820 690/878/820
f 683/854/821 682/868/821 697/877/821
f 675/869/1298 690/878/1298 691/880/1298
f 684/855/823 683/854/823 698/879/823
f 676/870/824 691/880/824 692/882/824
f 685/857/825 684/855/825 699/881/825
f 677/856/826 692/882/826 693/884/826
f 686/859/827 685/857/827 700/883/827
f 678/858/828 693/884/828 694/886/828
f 687/861/1299 686/859/1299 701/885/1299
f 679/860/830 694/886/830 695/887/830
f 691/880/831 706/904/831 707/888/831
f 700/883/832 699/881/832 714/889/832
f 692/882/833 707/888/833 708/891/833
f 701/885/834 700/883/834 715/890/834
f 693/884/835 708/891/835 709/893/835
f 702/871/836 701/885/836 716/892/836
f 694/886/837 709/893/837 710/895/837
f 703/872/838 702/871/838 717/894/838
f 695/887/839 710/895/839 711/897/839
f 697/877/842 696/873/842 711/897/842
f 689/875/843 704/899/843 705/902/843
f 698/879/844 697/877/844 712/901/844
f 690/878/845 705/902/845 706/904/845
f 699/881/846 698/879/846 713/903/846
f 710/895/847 725/921/847 726/905/847
f 712/901/850 711/897/850 726/905/850
f 704/899/851 719/907/851 720/911/851
f 713/903/852 712/901/852 727/910/852
f 705/902/853 720/911/853 721/913/853
f 714/889/854 713/903/854 728/912/854
f 706/904/855 721/913/855 722/915/855
f 715/890/856 714/889/856 729/914/856
f 707/888/857 722/915/857 723/917/857
f 716/892/858 715/890/858 730/916/858
f 708/891/859 723/917/859 724/919/859
f 717/894/860 716/892/860 731/918/860
f 709/893/861 724/919/861 725/921/861
f 718/896/1300 717/894/1300 732/920/1300
f 730/916/863 729/914/863 745/922/863
f 722/915/864 738/938/864 739/924/864
f 731/918/865 730/916/865 746/923/865
f 723/917/1301 739/924/1301 740/926/1301
f 732/920/867 731/918/867 747/925/867
f 724/919/868 740/926/868 741/928/868
f 733/909/1302 732/920/1302 748/927/1302
f 725/921/870 741/928/870 742/930/870
f 727/910/1303 726/905/1303 742/930/1303
f 719/907/1304 735/932/1304 736/935/1304
f 728/912/875 727/910/875 743/934/875
f 720/911/876 736/935/876 737/937/876
f 729/914/877 728/912/877 744/936/877
f 721/913/878 737/937/878 738/938/878
f 743/934/880 742/930/880 757/941/880
f 735/932/1305 750/955/1305 751/943/1305
f 744/936/882 743/934/882 758/942/882
f 736/935/883 751/943/883 752/945/883
f 745/922/884 744/936/884 759/944/884
f 737/937/885 752/945/885 753/947/885
f 746/923/886 745/922/886 760/946/886
f 738/938/1306 753/947/1306 754/949/1306
f 747/925/888 746/923/888 761/948/888
f 739/924/889 754/949/889 755/951/889
f 748/927/890 747/925/890 762/950/890
f 740/926/891 755/951/891 756/953/891
f 749/929/892 748/927/892 763/952/892
f 741/928/893 756/953/893 757/941/893
f 762/950/895 761/948/895 776/956/895
f 754/949/896 769/972/896 770/958/896
f 763/952/1307 762/950/1307 777/957/1307
f 755/951/898 770/958/898 771/960/898
f 764/940/899 763/952/899 778/959/899
f 756/953/1308 771/960/1308 772/962/1308
f 758/942/1309 757/941/1309 772/962/1309
f 750/955/904 765/964/904 766/967/904
f 759/944/905 758/942/905 773/966/905
f 751/943/906 766/967/906 767/969/906
f 760/946/907 759/944/907 774/968/907
f 752/945/908 767/969/908 768/971/908
f 761/948/909 760/946/909 775/970/909
f 753/947/910 768/971/910 769/972/910
f 766/967/911 765/964/911 780/973/911
f 773/966/912 788/989/912 789/975/912
f 767/969/913 766/967/913 781/974/913
f 774/968/914 789/975/914 790/977/914
f 768/971/915 767/969/915 782/976/915
f 775/970/916 790/977/916 791/979/916
f 769/972/917 768/971/917 783/978/917
f 776/956/1310 791/979/1310 792/981/1310
f 770/958/919 769/972/919 784/980/919
f 777/957/1311 792/981/1311 793/983/1311
f 771/960/921 770/958/921 785/982/921
f 778/959/1312 793/983/1312 794/985/1312
f 772/962/1313 771/960/1313 786/984/1313
f 772/962/1314 787/986/1314 788/989/1314
f 785/982/927 784/980/927 799/990/927
f 792/981/928 807/1006/928 808/992/928
f 786/984/929 785/982/929 800/991/929
f 793/983/930 808/992/930 809/994/930
f 787/986/931 786/984/931 801/993/931
f 787/986/934 802/995/934 803/999/934
f 781/974/935 780/973/935 795/997/935
f 788/989/936 803/999/936 804/1001/936
f 782/976/937 781/974/937 796/1000/937
f 789/975/1315 804/1001/1315 805/1003/1315
f 783/978/939 782/976/939 797/1002/939
f 790/977/940 805/1003/940 806/1005/940
f 784/980/941 783/978/941 798/1004/941
f 791/979/942 806/1005/942 807/1006/942
f 803/999/943 818/1023/943 819/1007/943
f 797/1002/944 796/1000/944 811/1008/944
f 804/1001/1316 819/1007/1316 820/1010/1316
f 798/1004/946 797/1002/946 812/1009/946
f 805/1003/1317 820/1010/1317 821/1012/1317
f 799/990/1318 798/1004/1318 813/1011/1318
f 806/1005/949 821/1012/949 822/1014/949
f 800/991/950 799/990/950 814/1013/950
f 807/1006/951 822/1014/951 823/1016/951
f 801/993/952 800/991/952 815/1015/952
f 808/992/953 823/1016/953 824/1018/953
f 802/995/1319 801/993/1319 816/1017/1319
f 802/995/957 817/1019/957 818/1023/957
f 796/1000/1320 795/997/1320 810/1021/1320
f 822/1014/959 837/1040/959 838/1024/959
f 816/1017/960 815/1015/960 830/1025/960
f 823/1016/1321 838/1024/1321 839/1027/1321
f 817/1019/962 816/1017/962 831/1026/962
f 817/1019/965 832/1028/965 833/1032/965
f 811/1008/966 810/1021/966 825/1030/966
f 818/1023/967 833/1032/967 834/1034/967
f 812/1009/968 811/1008/968 826/1033/968
f 819/1007/969 834/1034/969 835/1036/969
f 813/1011/970 812/1009/970 827/1035/970
f 820/1010/971 835/1036/971 836/1038/971
f 814/1013/972 813/1011/972 828/1037/972
f 821/1012/973 836/1038/973 837/1040/973
f 815/1015/974 814/1013/974 829/1039/974
f 827/1035/975 826/1033/975 841/1041/975
f 834/1034/976 849/1057/976 850/1043/976
f 828/1037/977 827/1035/977 842/1042/977
f 835/1036/978 850/1043/978 851/1045/978
f 829/1039/979 828/1037/979 843/1044/979
f 836/1038/980 851/1045/980 852/1047/980
f 830/1025/981 829/1039/981 844/1046/981
f 837/1040/982 852/1047/982 853/1049/982
f 831/1026/1322 830/1025/1322 845/1048/1322
f 838/1024/984 853/1049/984 854/1051/984
f 832/1028/985 831/1026/985 846/1050/985
f 832/1028/988 847/1052/988 848/1056/988
f 826/1033/989 825/1030/989 840/1054/989
f 833/1032/990 848/1056/990 849/1057/990
f 846/1050/991 845/1048/991 860/1058/991
f 853/1049/992 868/1074/992 869/1060/992
f 847/1052/993 846/1050/993 861/1059/993
f 847/1052/996 862/1061/996 863/1065/996
f 841/1041/1323 840/1054/1323 855/1063/1323
f 848/1056/998 863/1065/998 864/1067/998
f 842/1042/1324 841/1041/1324 856/1066/1324
f 849/1057/1000 864/1067/1000 865/1069/1000
f 843/1044/1001 842/1042/1001 857/1068/1001
f 850/1043/1002 865/1069/1002 866/1071/1002
f 844/1046/1003 843/1044/1003 858/1070/1003
f 851/1045/1004 866/1071/1004 867/1073/1004
f 845/1048/1005 844/1046/1005 859/1072/1005
f 852/1047/1325 867/1073/1325 868/1074/1325
f 864/1067/1007 879/1091/1007 880/1075/1007
f 858/1070/1008 857/1068/1008 872/1076/1008
f 865/1069/1009 880/1075/1009 881/1078/1009
f 859/1072/1010 858/1070/1010 873/1077/1010
f 866/1071/1011 881/1078/1011 882/1080/1011
f 860/1058/1012 859/1072/1012 874/1079/1012
f 867/1073/1013 882/1080/1013 883/1082/1013
f 861/1059/1014 860/1058/1014 875/1081/1014
f 868/1074/1015 883/1082/1015 884/1084/1015
f 862/1061/1016 861/1059/1016 876/1083/1016
f 862/1061/1019 877/1085/1019 878/1089/1019
f 856/1066/1020 855/1063/1020 870/1087/1020
f 863/1065/1326 878/1089/1326 879/1091/1326
f 857/1068/1022 856/1066/1022 871/1090/1022
f 883/1082/1023 898/1108/1023 899/1092/1023
f 877/1085/1024 876/1083/1024 891/1093/1024
f 877/1085/1027 892/1094/1027 893/1098/1027
f 871/1090/1028 870/1087/1028 885/1096/1028
f 878/1089/1029 893/1098/1029 894/1100/1029
f 872/1076/1327 871/1090/1327 886/1099/1327
f 879/1091/1031 894/1100/1031 895/1102/1031
f 873/1077/1032 872/1076/1032 887/1101/1032
f 880/1075/1033 895/1102/1033 896/1104/1033
f 874/1079/1034 873/1077/1034 888/1103/1034
f 881/1078/1035 896/1104/1035 897/1106/1035
f 875/1081/1036 874/1079/1036 889/1105/1036
f 882/1080/1328 897/1106/1328 898/1108/1328
f 876/1083/1038 875/1081/1038 890/1107/1038
f 896/1104/1039 895/1102/1039 910/1109/1039
f 888/1103/1040 903/1125/1040 904/1111/1040
f 897/1106/1041 896/1104/1041 911/1110/1041
f 889/1105/1042 904/1111/1042 905/1113/1042
f 898/1108/1329 897/1106/1329 912/1112/1329
f 890/1107/1044 905/1113/1044 906/1115/1044
f 899/1092/1045 898/1108/1045 913/1114/1045
f 891/1093/1046 906/1115/1046 907/1117/1046
f 893/1098/1049 892/1094/1049 907/1117/1049
f 885/1096/1050 900/1119/1050 901/1122/1050
f 894/1100/1051 893/1098/1051 908/1121/1051
f 886/1099/1330 901/1122/1330 902/1124/1330
f 895/1102/1053 894/1100/1053 909/1123/1053
f 887/1101/1054 902/1124/1054 903/1125/1054
f 908/1121/1057 907/1117/1057 922/1130/1057
f 900/1119/1058 915/1127/1058 916/1132/1058
f 909/1123/1331 908/1121/1331 923/1131/1331
f 901/1122/1060 916/1132/1060 917/1134/1060
f 910/1109/1061 909/1123/1061 924/1133/1061
f 902/1124/1062 917/1134/1062 918/1136/1062
f 911/1110/1063 910/1109/1063 925/1135/1063
f 903/1125/1064 918/1136/1064 919/1138/1064
f 912/1112/1065 911/1110/1065 926/1137/1065
f 904/1111/1066 919/1138/1066 920/1140/1066
f 913/1114/1067 912/1112/1067 927/1139/1067
f 905/1113/1068 920/1140/1068 921/1142/1068
f 914/1116/1332 913/1114/1332 928/1141/1332
f 906/1115/1070 921/1142/1070 922/1130/1070
f 918/1136/1071 933/1159/1071 934/1143/1071
f 927/1139/1072 926/1137/1072 941/1144/1072
f 919/1138/1073 934/1143/1073 935/1146/1073
f 928/1141/1333 927/1139/1333 942/1145/1333
f 920/1140/1075 935/1146/1075 936/1148/1075
f 929/1129/1076 928/1141/1076 943/1147/1076
f 921/1142/1077 936/1148/1077 937/1150/1077
f 923/1131/1080 922/1130/1080 937/1150/1080
f 915/1127/1081 930/1152/1081 931/1155/1081
f 924/1133/1082 923/1131/1082 938/1154/1082
f 916/1132/1083 931/1155/1083 932/1157/1083
f 925/1135/1334 924/1133/1334 939/1156/1334
f 917/1134/1085 932/1157/1085 933/1159/1085
f 926/1137/1086 925/1135/1086 940/1158/1086
f 938/1154/1087 937/1150/1087 952/1160/1087
f 930/1152/1088 945/1175/1088 946/1162/1088
f 939/1156/1089 938/1154/1089 953/1161/1089
f 931/1155/1090 946/1162/1090 947/1164/1090
f 940/1158/1091 939/1156/1091 954/1163/1091
f 932/1157/1092 947/1164/1092 948/1166/1092
f 941/1144/1093 940/1158/1093 955/1165/1093
f 933/1159/1094 948/1166/1094 949/1168/1094
f 942/1145/1095 941/1144/1095 956/1167/1095
f 934/1143/1096 949/1168/1096 950/1170/1096
f 943/1147/1097 942/1145/1097 957/1169/1097
f 935/1146/1098 950/1170/1098 951/1172/1098
f 944/1149/1099 943/1147/1099 958/1171/1099
f 936/1148/1100 951/1172/1100 952/1160/1100
f 957/1169/1335 956/1167/1335 972/1177/1335
f 949/1168/1336 965/1193/1336 966/1179/1336
f 958/1171/1105 957/1169/1105 973/1178/1105
f 950/1170/1106 966/1179/1106 967/1181/1106
f 959/1173/1337 958/1171/1337 974/1180/1337
f 951/1172/1108 967/1181/1108 968/1183/1108
f 953/1161/1111 952/1160/1111 968/1183/1111
f 945/1175/1112 961/1185/1112 962/1188/1112
f 954/1163/1113 953/1161/1113 969/1187/1113
f 946/1162/1114 962/1188/1114 963/1190/1114
f 955/1165/1115 954/1163/1115 970/1189/1115
f 947/1164/1116 963/1190/1116 964/1192/1116
f 956/1167/1117 955/1165/1117 971/1191/1117
f 948/1166/1118 964/1192/1118 965/1193/1118
f 961/1185/1338 976/1209/1338 977/1194/1338
f 970/1189/1120 969/1187/1120 984/1195/1120
f 962/1188/1121 977/1194/1121 978/1197/1121
f 971/1191/1122 970/1189/1122 985/1196/1122
f 963/1190/1123 978/1197/1123 979/1199/1123
f 972/1177/1124 971/1191/1124 986/1198/1124
f 964/1192/1339 979/1199/1339 980/1201/1339
f 973/1178/1126 972/1177/1126 987/1200/1126
f 965/1193/1127 980/1201/1127 981/1203/1127
f 974/1180/1128 973/1178/1128 988/1202/1128
f 966/1179/1129 981/1203/1129 982/1205/1129
f 975/1182/1130 974/1180/1130 989/1204/1130
f 967/1181/1340 982/1205/1340 983/1207/1340
f 969/1187/1134 968/1183/1134 983/1207/1134
f 980/1201/1135 995/1227/1135 996/1211/1135
f 989/1204/1136 988/1202/1136 1003/1212/1136
f 981/1203/1137 996/1211/1137 997/1214/1137
f 990/1206/1138 989/1204/1138 1004/1213/1138
f 982/1205/1139 997/1214/1139 998/1216/1139
f 984/1195/1142 983/1207/1142 998/1216/1142
f 976/1209/1143 991/1218/1143 992/1221/1143
f 985/1196/1144 984/1195/1144 999/1220/1144
f 977/1194/1145 992/1221/1145 993/1223/1145
f 986/1198/1146 985/1196/1146 1000/1222/1146
f 978/1197/1147 993/1223/1147 994/1225/1147
f 987/1200/1148 986/1198/1148 1001/1224/1148
f 979/1199/1149 994/1225/1149 995/1227/1149
f 988/1202/1150 987/1200/1150 1002/1226/1150
f 1000/1222/1151 999/1220/1151 1014/1228/1151
f 992/1221/1341 1007/1244/1341 1008/1230/1341
f 1001/1224/1153 1000/1222/1153 1015/1229/1153
f 993/1223/1154 1008/1230/1154 1009/1232/1154
f 1002/1226/1155 1001/1224/1155 1016/1231/1155
f 994/1225/1156 1009/1232/1156 1010/1234/1156
f 1003/1212/1157 1002/1226/1157 1017/1233/1157
f 995/1227/1158 1010/1234/1158 1011/1236/1158
f 1004/1213/1342 1003/1212/1342 1018/1235/1342
f 996/1211/1160 1011/1236/1160 1012/1238/1160
f 1005/1215/1161 1004/1213/1161 1019/1237/1161
f 997/1214/1162 1012/1238/1162 1013/1240/1162
f 999/1220/1343 998/1216/1343 1013/1240/1343
f 991/1218/1166 1006/1242/1166 1007/1244/1166
f 1018/1245/1167 1033/1275/1167 1034/1246/1167
f 1012/1248/1168 1011/1276/1168 1026/1249/1168
f 1019/1247/1169 1034/1246/1169 1035/1251/1169
f 1013/1253/1170 1012/1248/1170 1027/1250/1170
f 1013/1253/1173 1028/1254/1173 1029/1259/1173
f 1007/1261/1174 1006/1255/1174 1021/1257/1174
f 1014/1260/1344 1029/1259/1344 1030/1263/1344
f 1008/1265/1176 1007/1261/1176 1022/1262/1176
f 1015/1264/1177 1030/1263/1177 1031/1267/1177
f 1009/1269/1345 1008/1265/1345 1023/1266/1345
f 1016/1268/1179 1031/1267/1179 1032/1271/1179
f 1010/1273/1180 1009/1269/1180 1024/1270/1180
f 1017/1272/1181 1032/1271/1181 1033/1275/1181
f 1011/1276/1182 1010/1273/1182 1025/1274/1182
f 1030/1263/1183 1045/1293/1183 1046/1277/1183
f 1024/1270/1184 1023/1266/1184 1038/1278/1184
f 1031/1267/1185 1046/1277/1185 1047/1280/1185
f 1025/1274/1186 1024/1270/1186 1039/1279/1186
f 1032/1271/1187 1047/1280/1187 1048/1282/1187
f 1026/1249/1188 1025/1274/1188 1040/1281/1188
f 1033/1275/1189 1048/1282/1189 1049/1284/1189
f 1027/1250/1190 1026/1249/1190 1041/1283/1190
f 1034/1246/1191 1049/1284/1191 1050/1286/1191
f 1028/1254/1192 1027/1250/1192 1042/1285/1192
f 1028/1254/1195 1043/1287/1195 1044/1291/1195
f 1022/1262/1346 1021/1257/1346 1036/1289/1346
f 1029/1259/1197 1044/1291/1197 1045/1293/1197
f 1023/1266/1198 1022/1262/1198 1037/1292/1198
f 1049/1284/1347 1064/1310/1347 1065/1294/1347
f 1043/1287/1200 1042/1285/1200 1057/1295/1200
f 1043/1287/1203 1058/1296/1203 1059/1300/1203
f 1037/1292/1348 1036/1289/1348 1051/1298/1348
f 1044/1291/1205 1059/1300/1205 1060/1302/1205
f 1038/1278/1206 1037/1292/1206 1052/1301/1206
f 1045/1293/1207 1060/1302/1207 1061/1304/1207
f 1039/1279/1208 1038/1278/1208 1053/1303/1208
f 1046/1277/1349 1061/1304/1349 1062/1306/1349
f 1040/1281/1350 1039/1279/1350 1054/1305/1350
f 1047/1280/1211 1062/1306/1211 1063/1308/1211
f 1041/1283/1212 1040/1281/1212 1055/1307/1212
f 1048/1282/1213 1063/1308/1213 1064/1310/1213
f 1042/1285/1214 1041/1283/1214 1056/1309/1214
f 1054/1305/1351 1053/1303/1351 1068/1311/1351
f 1061/1304/1216 1076/1327/1216 1077/1313/1216
f 1055/1307/1217 1054/1305/1217 1069/1312/1217
f 1062/1306/1218 1077/1313/1218 1078/1315/1218
f 1056/1309/1219 1055/1307/1219 1070/1314/1219
f 1063/1308/1220 1078/1315/1220 1079/1317/1220
f 1057/1295/1221 1056/1309/1221 1071/1316/1221
f 1064/1310/1222 1079/1317/1222 1080/1319/1222
f 1058/1296/1223 1057/1295/1223 1072/1318/1223
f 1058/1296/1226 1073/1320/1226 1074/1324/1226
f 1052/1301/1352 1051/1298/1352 1066/1322/1352
f 1059/1300/1228 1074/1324/1228 1075/1326/1228
f 1053/1303/1229 1052/1301/1229 1067/1325/1229
f 1060/1302/1353 1075/1326/1353 1076/1327/1353
f 1073/1320/1231 1072/1318/1231 1087/1328/1231
f 1073/1320/1234 1088/1329/1234 1089/1334/1234
f 1067/1325/1235 1066/1322/1235 1081/1331/1235
f 1074/1324/1236 1089/1334/1236 1090/1336/1236
f 1068/1311/1237 1067/1325/1237 1082/1335/1237
f 1075/1326/1238 1090/1336/1238 1091/1338/1238
f 1069/1312/1239 1068/1311/1239 1083/1337/1239
f 1076/1327/1240 1091/1338/1240 1092/1340/1240
f 1070/1314/1241 1069/1312/1241 1084/1339/1241
f 1077/1313/1242 1092/1340/1242 1093/1342/1242
f 1071/1316/1243 1070/1314/1243 1085/1341/1243
f 1078/1315/1354 1093/1342/1354 1094/1344/1354
f 1072/1318/1355 1071/1316/1355 1086/1343/1355
f 1079/1317/1246 1094/1344/1246 1095/1333/1246
f 1091/1338/1247 1106/1361/1247 1107/1345/1247
f 1085/1341/1248 1084/1339/1248 1099/1346/1248
f 1092/1340/1249 1107/1345/1249 1108/1348/1249
f 1086/1343/1250 1085/1341/1250 1100/1347/1250
f 1093/1342/1251 1108/1348/1251 1109/1350/1251
f 1087/1328/1252 1086/1343/1252 1101/1349/1252
f 1094/1344/1356 1109/1350/1356 1110/1352/1356
f 1088/1329/1254 1087/1328/1254 1102/1351/1254
f 1088/1329/1357 1103/1353/1357 1104/1357/1357
f 1082/1335/1258 1081/1331/1258 1096/1355/1258
f 1089/1334/1259 1104/1357/1259 1105/1359/1259
f 1083/1337/1358 1082/1335/1358 1097/1358/1358
f 1090/1336/1261 1105/1359/1261 1106/1361/1261
f 1084/1339/1262 1083/1337/1262 1098/1360/1262
f 1103/1353/1265 1118/1378/1265 1119/1366/1265
f 1097/1358/1266 1096/1355/1266 1111/1363/1266
f 1104/1357/1267 1119/1366/1267 1120/1368/1267
f 1098/1360/1268 1097/1358/1268 1112/1367/1268
f 1105/1359/1269 1120/1368/1269 1121/1370/1269
f 1099/1346/1270 1098/1360/1270 1113/1369/1270
f 1106/1361/1271 1121/1370/1271 1122/1372/1271
f 1100/1347/1272 1099/1346/1272 1114/1371/1272
f 1107/1345/1273 1122/1372/1273 1123/1374/1273
f 1101/1349/1274 1100/1347/1274 1115/1373/1274
f 1108/1348/1275 1123/1374/1275 1124/1376/1275
f 1102/1351/1359 1101/1349/1359 1116/1375/1359
f 1109/1350/1360 1124/1376/1360 1125/1365/1360
f 1103/1353/1278 1102/1351/1278 1117/1377/1278
f 1115/1373/1361 1114/1371/1361 1128/825/1361
f 1122/1372/1280 1131/822/1280 1132/828/1280
f 1116/1375/1281 1115/1373/1281 654/827/1281
f 1123/1374/1362 1132/828/1362 1133/832/1362
f 1117/1377/1283 1116/1375/1283 1129/831/1283
f 1124/1376/1284 1133/832/1284 1134/836/1284
f 1118/1378/1285 1117/1377/1285 655/835/1285
f 1118/1378/1288 656/839/1288 657/844/1288
f 1112/1367/1289 1111/1363/1289 1126/840/1289
f 1119/1366/1290 657/844/1290 1130/848/1290
f 1113/1369/1363 1112/1367/1363 1127/847/1363
f 1120/1368/1292 1130/848/1292 658/852/1292
f 1114/1371/1293 1113/1369/1293 653/851/1293
f 1121/1370/1294 658/852/1294 1131/822/1294
o 立方体.001
v -0.676014 0.042563 0.336974
v -0.445614 0.197570 0.312748
v -0.528343 -0.121674 0.336974
v -0.297943 0.033333 0.312748
v -0.676028 0.042553 0.493277
v -0.445600 0.197579 0.517268
v -0.528357 -0.121684 0.493277
v -0.297929 0.033342 0.517268
v -0.398644 -0.034416 0.469184
v -0.546315 0.129821 0.469184
v -0.398644 -0.034416 0.360973
v -0.546315 0.129821 0.360973
vn -0.0653 -0.0587 -0.9961
vn 0.5582 -0.8297 -0.0000
vn -0.0646 -0.0581 0.9962
vn -0.1139 -0.1024 0.9882
vn 0.7436 0.6686 -0.0001
vn -0.1144 -0.1028 -0.9881
vn -0.7436 -0.6686 -0.0000
vn -0.5582 0.8297 -0.0000
vt 0.019047 0.118695
vt 0.116321 0.039026
vt 0.116321 0.118695
vt 0.339102 0.763382
vt 0.369122 0.799879
vt 0.473592 0.793643
vt 0.210056 0.720346
vt 0.315972 0.791089
vt 0.018086 0.708982
vt 0.254028 0.705183
vt 0.338445 0.705183
vt 0.289644 0.802376
vt 0.220393 0.731788
vt 0.263378 0.751198
vt 0.019047 0.039026
vt 0.316301 0.767912
s 0
usemtl bechar
f 1136/1381/1364 1137/1382/1364 1135/1383/1364
f 1145/1384/1365 1138/1385/1365 1142/1386/1365
f 1141/1387/1366 1140/1388/1366 1139/1389/1366
f 1145/1384/1367 1135/1390/1367 1137/1391/1367
f 1142/1386/1368 1136/1392/1368 1140/1388/1368
f 1144/1393/1369 1141/1387/1369 1139/1389/1369
f 1145/1384/1370 1144/1393/1370 1146/1394/1370
f 1146/1394/1371 1144/1393/1371 1140/1388/1371
f 1136/1381/1364 1138/1395/1364 1137/1382/1364
f 1145/1384/1365 1137/1391/1365 1138/1385/1365
f 1142/1386/1365 1141/1387/1365 1143/1396/1365
f 1143/1396/1365 1145/1384/1365 1142/1386/1365
f 1141/1387/1366 1142/1386/1366 1140/1388/1366
f 1145/1384/1367 1146/1394/1367 1135/1390/1367
f 1142/1386/1368 1138/1385/1368 1136/1392/1368
f 1144/1393/1369 1143/1396/1369 1141/1387/1369
f 1145/1384/1370 1143/1396/1370 1144/1393/1370
f 1136/1392/1371 1135/1390/1371 1146/1394/1371
f 1144/1393/1371 1139/1389/1371 1140/1388/1371
f 1136/1392/1371 1146/1394/1371 1140/1388/1371
o 円柱.002
v -0.377863 0.234878 0.418282
v -0.160812 0.380903 0.188796
v -0.363571 0.242143 0.429224
v -0.146521 0.388169 0.199738
v -0.347197 0.246202 0.439746
v -0.130146 0.392228 0.210260
v -0.329368 0.246898 0.449443
v -0.112317 0.392924 0.219957
v -0.310771 0.244204 0.457942
v -0.093720 0.390230 0.228456
v -0.292119 0.238224 0.464917
v -0.075069 0.384250 0.235431
v -0.274130 0.229188 0.470100
v -0.057080 0.375214 0.240614
v -0.257496 0.217443 0.473292
v -0.040445 0.363469 0.243806
v -0.242854 0.203440 0.474370
v -0.025804 0.349466 0.244884
v -0.230769 0.187718 0.473292
v -0.013718 0.333744 0.243806
v -0.221704 0.170880 0.470100
v -0.004653 0.316906 0.240614
v -0.216007 0.153574 0.464917
v 0.001043 0.299600 0.235431
v -0.213898 0.136465 0.457942
v 0.003152 0.282491 0.228456
v -0.215458 0.120210 0.449443
v 0.001592 0.266236 0.219957
v -0.220627 0.105434 0.439746
v -0.003576 0.251459 0.210260
v -0.229206 0.092704 0.429224
v -0.012155 0.238730 0.199738
v -0.240865 0.082511 0.418282
v -0.023814 0.228537 0.188796
v -0.482848 0.161897 0.424448
v -0.478709 0.157724 0.440076
v -0.472667 0.150490 0.454480
v -0.464110 0.141042 0.467105
v -0.453500 0.129652 0.477466
v -0.441629 0.116500 0.485165
v -0.428749 0.102228 0.489906
v -0.415137 0.087533 0.491507
v -0.401389 0.072929 0.489906
v -0.388009 0.058994 0.485165
v -0.376094 0.045872 0.477466
v -0.365247 0.033763 0.467105
v -0.356963 0.025009 0.454480
v -0.350335 0.018169 0.440076
v -0.346963 0.013481 0.424448
v -0.406921 0.214083 0.363962
v -0.183515 0.365630 0.169651
v -0.410569 0.209280 0.374904
v -0.185968 0.359214 0.180335
v -0.397056 0.213420 0.380982
v -0.170788 0.364885 0.191115
v -0.376366 0.214034 0.395123
v -0.152959 0.365581 0.200812
v -0.357768 0.211341 0.403622
v -0.136317 0.364319 0.205984
v -0.339117 0.205361 0.410597
v -0.114804 0.358257 0.217403
v -0.321128 0.196325 0.415780
v -0.097722 0.347871 0.221470
v -0.304493 0.184579 0.418972
v -0.081087 0.336126 0.224661
v -0.289852 0.170577 0.420050
v -0.066446 0.322123 0.225739
v -0.277766 0.154854 0.418972
v -0.054360 0.306401 0.224661
v -0.268701 0.138017 0.415780
v -0.045295 0.289563 0.221470
v -0.263005 0.120710 0.410597
v -0.037883 0.271552 0.216817
v -0.260896 0.103601 0.403622
v -0.035775 0.254443 0.209842
v -0.262456 0.087346 0.395123
v -0.038172 0.236906 0.200425
v -0.267625 0.072570 0.385426
v -0.276203 0.059841 0.374904
v -0.269923 0.061717 0.363962
v -0.046517 0.213263 0.169651
v -0.052184 0.213256 0.184765
v -0.044257 0.224359 0.192797
v -0.473870 0.152348 0.357773
v -0.339585 0.005526 0.360527
v -0.482079 0.160475 0.406309
v -0.393526 0.223669 0.389002
v -0.478432 0.157742 0.386501
v -0.343251 0.009942 0.393256
v -0.254261 0.072924 0.393239
v -0.287749 0.081543 0.363962
v -0.353666 0.021641 0.352499
v -0.389142 0.058215 0.344846
v -0.317174 0.114269 0.363962
v -0.427891 0.103714 0.342287
v -0.350108 0.150898 0.363962
v -0.452469 0.129373 0.349279
v -0.384869 0.189558 0.363962
v -0.406921 0.214083 0.363962
v -0.410569 0.209280 0.374904
v -0.397056 0.213420 0.380982
v -0.376366 0.214034 0.395123
v -0.357768 0.211341 0.403622
v -0.339117 0.205361 0.410597
v -0.321128 0.196325 0.415780
v -0.304493 0.184579 0.418972
v -0.289852 0.170577 0.420050
v -0.277766 0.154854 0.418972
v -0.268701 0.138017 0.415780
v -0.263005 0.120710 0.410597
v -0.260896 0.103601 0.403622
v -0.262456 0.087346 0.395123
v -0.267625 0.072570 0.385426
v -0.276203 0.059841 0.374904
v -0.269923 0.061717 0.363962
v -0.339585 0.005526 0.360527
v -0.287749 0.081543 0.363962
v -0.317174 0.114269 0.363962
v -0.350108 0.150898 0.363962
v -0.384869 0.189558 0.363962
vn -0.4985 0.8634 0.0779
vn -0.3684 0.9019 0.2254
vn -0.2301 0.9049 0.3581
vn -0.0893 0.8764 0.4732
vn 0.0501 0.8205 0.5695
vn 0.1855 0.7401 0.6464
vn 0.3150 0.6372 0.7034
vn 0.4363 0.5131 0.7392
vn 0.5467 0.3687 0.7517
vn 0.6422 0.2058 0.7384
vn 0.7174 0.0277 0.6961
vn 0.7659 -0.1595 0.6229
vn 0.7816 -0.3463 0.5189
vn 0.7605 -0.5207 0.3880
vn 0.7028 -0.6704 0.2381
vn 0.6129 -0.7862 0.0794
vn -0.1791 0.3716 0.9110
vn 0.2274 -0.2100 0.9509
vn -0.3785 0.5995 0.7052
vn 0.0955 0.0052 0.9954
vn 0.4251 -0.5958 0.6813
vn -0.5330 0.7716 0.3472
vn -0.0802 0.2483 0.9654
vn 0.2923 -0.3299 0.8976
vn -0.2802 0.4899 0.8255
vn 0.1621 -0.0988 0.9818
vn 0.4906 -0.7273 0.4800
vn -0.4669 0.6961 0.5454
vn 0.0145 0.1216 0.9925
vn 0.3607 -0.4591 0.8119
vn -0.5669 0.8237 -0.0121
vn 0.5669 -0.8237 0.0121
vn 0.1680 -0.8617 -0.4789
vn 0.2804 -0.8849 -0.3718
vn -0.0171 -0.7813 -0.6239
vn -0.2673 -0.5864 -0.7647
vn 0.1171 -0.8439 -0.5236
vn -0.3827 -0.4618 -0.8002
vn -0.1417 -0.6895 -0.7103
vn 0.3829 -0.8908 -0.2445
vn -0.4061 -0.5827 0.7039
vn -0.4414 -0.5459 0.7122
vn -0.4667 -0.5178 0.7170
vn -0.4870 -0.4940 0.7202
vn -0.5049 -0.4723 0.7225
vn -0.5218 -0.4508 0.7242
vn -0.5392 -0.4278 0.7254
vn -0.5585 -0.4013 0.7260
vn -0.5817 -0.3675 0.7256
vn -0.6125 -0.3193 0.7231
vn -0.6586 -0.2381 0.7138
vn -0.7364 -0.0607 0.6738
vn -0.7139 0.6903 0.1176
vn -0.6855 0.6813 -0.2567
vn 0.2602 0.2637 -0.9289
vn -0.4888 -0.3201 -0.8116
vn -0.5824 -0.1626 -0.7965
vn -0.6562 0.0100 -0.7545
vn -0.7372 0.3673 -0.5671
vn -0.7103 0.1889 -0.6781
vn -0.7302 0.5346 -0.4254
vn -0.6865 0.6786 -0.2613
vn 0.5463 -0.8371 0.0282
vn -0.6463 0.7248 -0.2387
vn -0.5721 0.8155 -0.0882
vn 0.2477 -0.2499 -0.9361
vn -0.5948 0.7742 -0.2163
vn 0.5777 -0.8162 0.0034
vn 0.1899 -0.0212 -0.9816
vn 0.1820 0.1000 -0.9782
vn 0.0677 0.3222 -0.9443
vn -0.0583 0.2979 -0.9528
vn -0.4601 -0.5499 0.6971
vn -0.0446 -0.8558 0.5153
vn -0.7159 -0.6980 -0.0174
vn -0.0000 1.0000 -0.0000
vn 0.4109 0.6591 -0.6299
vn -0.3684 0.9019 0.2255
vn -0.1196 0.3041 0.9451
vn 0.2694 -0.2935 0.9172
vn -0.2952 0.5105 0.8076
vn 0.1042 -0.0109 0.9945
vn 0.4688 -0.6947 0.5456
vn -0.4889 0.7285 0.4798
vn -0.0430 0.2049 0.9778
vn 0.3361 -0.4201 0.8429
vn -0.2034 0.4053 0.8913
vn 0.1884 -0.1493 0.9707
vn 0.5139 -0.7848 0.3464
vn -0.3934 0.6202 0.6787
vn 0.0278 0.1056 0.9940
vn 0.4223 -0.5913 0.6871
vn -0.5598 0.8286 0.0027
vn 0.5598 -0.8286 -0.0027
vn 0.3604 -0.8924 -0.2716
vn 0.2513 -0.8819 -0.3988
vn 0.0702 -0.8203 -0.5677
vn 0.1025 -0.8389 -0.5345
vn -0.2115 -0.6378 -0.7406
vn 0.4473 -0.8785 -0.1677
vn -0.4414 -0.5459 0.7121
vn 0.4447 -0.8898 0.1027
vn 0.2977 -0.9088 0.2923
vn -0.6945 0.6604 -0.2854
vn -0.2722 0.6839 -0.6768
vn -0.4489 0.8777 -0.1679
vn -0.0706 0.7663 -0.6386
vn -0.2696 0.5924 -0.7592
vn 0.0667 0.6086 -0.7907
vn 0.1362 0.5098 -0.8494
vn 0.0474 0.3821 -0.9229
vn 0.1308 0.4495 -0.8837
vn 0.1870 0.3905 -0.9014
vn 0.2025 0.3415 -0.9178
vn 0.2332 0.3008 -0.9247
vn 0.2857 0.2271 -0.9310
vn 0.3118 0.1886 -0.9312
vn 0.3404 0.1446 -0.9291
vn 0.3802 0.1154 -0.9177
vn 0.4198 0.0367 -0.9069
vn 0.4767 0.0305 -0.8786
vn 0.5388 0.0099 -0.8424
vn 0.6615 -0.2226 -0.7162
vn 0.7276 -0.5182 -0.4494
vn 0.5325 -0.7740 -0.3426
vn 0.4505 -0.3964 -0.7999
vn 0.3023 0.1273 -0.9447
vn 0.4751 0.0297 -0.8794
vn 0.2858 0.2271 -0.9310
vn 0.1804 0.3149 -0.9318
vn -0.0567 0.4783 -0.8764
vn 0.2856 -0.1266 -0.9499
vn -0.6315 -0.0602 -0.7730
vn -0.7369 0.3952 -0.5484
vn -0.7189 0.5808 -0.3819
vn -0.6864 0.6788 -0.2610
vn 0.5436 -0.8190 0.1838
vn 0.5703 -0.8058 0.1593
vn -0.6136 0.7892 0.0261
vn -0.5537 0.8121 0.1840
vn 0.0949 0.0853 -0.9918
vn -0.5810 0.8139 -0.0008
vn 0.6132 -0.7708 0.1727
vn 0.1529 0.1375 -0.9786
vn 0.1752 0.1576 -0.9718
vn 0.1191 0.1071 -0.9871
vn 0.0504 0.0453 -0.9977
vn -0.3490 -0.6370 0.6873
vn -0.4291 -0.3858 0.8167
vn -0.8631 -0.0913 0.4967
vn -0.6846 0.7234 0.0893
vn -0.1888 -0.5640 0.8039
vn -0.7481 -0.6619 -0.0464
vn -0.7471 -0.6644 0.0204
vn -0.7262 -0.6875 -0.0051
vn -0.7959 -0.6047 0.0302
vn -0.7464 -0.6655 0.0079
vn -0.7287 -0.6848 -0.0066
vn -0.7391 -0.6735 -0.0108
vn -0.7405 -0.6720 -0.0111
vn -0.7330 -0.6801 -0.0111
vn -0.7287 -0.6847 -0.0120
vn -0.7236 -0.6901 -0.0140
vn -0.7413 -0.6712 -0.0031
vn -0.7707 -0.6338 -0.0662
vn -0.7181 -0.6959 -0.0000
vn -0.7559 -0.6539 0.0330
vn -0.7540 -0.6568 0.0042
vn -0.7211 -0.6928 -0.0072
vn -0.7322 -0.6810 0.0087
vn -0.7616 -0.6478 0.0146
vn -0.7293 -0.6840 0.0126
vn -0.7178 -0.6956 0.0294
vn 0.6539 0.5880 0.4761
vn 0.5595 0.5031 -0.6587
vn 0.5190 0.4667 -0.7161
vn 0.3864 0.6712 -0.6326
vn 0.1532 0.6245 -0.7659
vn 0.6012 0.5405 -0.5886
vn 0.7399 0.0556 -0.6705
vn 0.7523 0.1567 -0.6399
vn 0.5847 0.3311 -0.7406
vn 0.5813 0.3676 -0.7259
vn 0.5694 0.4022 -0.7170
vn 0.5513 0.4321 -0.7137
vn 0.5240 0.4523 -0.7217
vn 0.5098 0.4779 -0.7153
vn 0.4904 0.5008 -0.7133
vn 0.4670 0.5189 -0.7160
vn 0.4409 0.5308 -0.7238
vt 0.571016 0.234036
vt 0.589572 0.242562
vt 0.811610 0.224048
vt 0.607665 0.249218
vt 0.816323 0.226509
vt 0.625175 0.254079
vt 0.821433 0.228529
vt 0.641990 0.257228
vt 0.827035 0.230577
vt 0.657998 0.258754
vt 0.833275 0.232484
vt 0.673092 0.258754
vt 0.840186 0.234070
vt 0.687167 0.257330
vt 0.847711 0.235160
vt 0.700116 0.254589
vt 0.855997 0.235641
vt 0.711837 0.250647
vt 0.865136 0.235317
vt 0.722221 0.245628
vt 0.731161 0.239662
vt 0.886861 0.230951
vt 0.738543 0.232897
vt 0.899705 0.225229
vt 0.744255 0.225497
vt 0.748306 0.217642
vt 0.886661 0.212131
vt 0.750707 0.209484
vt 0.881901 0.209222
vt 0.751470 0.201166
vt 0.038809 0.779355
vt 0.070365 0.823100
vt 0.073234 0.820998
vt 0.079775 0.762441
vt 0.072037 0.761808
vt 0.087271 0.816262
vt 0.032670 0.793272
vt 0.065668 0.827653
vt 0.067818 0.825562
vt 0.064279 0.762661
vt 0.056852 0.765005
vt 0.079794 0.817821
vt 0.100410 0.771978
vt 0.094201 0.767745
vt 0.099035 0.816683
vt 0.031774 0.807884
vt 0.062651 0.832997
vt 0.063931 0.830117
vt 0.043811 0.773428
vt 0.076386 0.819243
vt 0.087224 0.764460
vt 0.091297 0.816192
vt 0.035075 0.786065
vt 0.083431 0.816844
vt 0.105962 0.776975
vt 0.103354 0.818428
vt 0.031614 0.800641
vt 0.049912 0.768568
vt 0.095177 0.815946
vt 0.559879 0.211248
vt 0.807242 0.221631
vt 0.547523 0.188405
vt 0.877984 0.208007
vt 0.753971 0.196682
vt 0.753701 0.194470
vt 0.806914 0.212620
vt 0.803344 0.218127
vt 0.564473 0.160363
vt 0.541623 0.173903
vt 0.806964 0.217716
vt 0.609175 0.148928
vt 0.587266 0.153563
vt 0.817590 0.219138
vt 0.648954 0.145160
vt 0.629712 0.146177
vt 0.833817 0.217082
vt 0.811728 0.217529
vt 0.666791 0.145739
vt 0.842968 0.216941
vt 0.825302 0.217479
vt 0.515897 0.180907
vt 0.899955 0.726105
vt 0.868598 0.725807
vt 0.874194 0.721121
vt 0.905551 0.721419
vt 0.878782 0.715467
vt 0.882185 0.709049
vt 0.913542 0.709347
vt 0.910138 0.715765
vt 0.884273 0.702104
vt 0.915630 0.702402
vt 0.884966 0.694892
vt 0.915594 0.687981
vt 0.884237 0.687683
vt 0.913471 0.681047
vt 0.910036 0.674645
vt 0.882115 0.680749
vt 0.878680 0.674347
vt 0.905421 0.669013
vt 0.874065 0.668716
vt 0.899804 0.664354
vt 0.868447 0.664056
vt 0.893400 0.660818
vt 0.886456 0.658478
vt 0.862043 0.660520
vt 0.855100 0.658180
vt 0.879525 0.656080
vt 0.867005 0.656581
vt 0.874856 0.210012
vt 0.876364 0.211844
vt 0.862051 0.216420
vt 0.852532 0.216757
vt 0.683070 0.147711
vt 0.870670 0.215777
vt 0.697672 0.150897
vt 0.876777 0.214222
vt 0.710511 0.155168
vt 0.877783 0.210246
vt 0.730821 0.166322
vt 0.721573 0.160366
vt 0.878205 0.212556
vt 0.876236 0.209794
vt 0.738376 0.172939
vt 0.744253 0.180081
vt 0.107704 0.821294
vt 0.122948 0.790451
vt 0.110979 0.782515
vt 0.034026 0.851801
vt 0.064092 0.848409
vt 0.063068 0.842010
vt 0.032931 0.815021
vt 0.062468 0.836890
vt 0.137676 0.902975
vt 0.129256 0.843794
vt 0.119300 0.850708
vt 0.030190 0.834309
vt 0.116707 0.829117
vt 0.137686 0.801058
vt 0.116351 0.901976
vt 0.102217 0.857222
vt 0.090804 0.897078
vt 0.082637 0.855688
vt 0.065379 0.885355
vt 0.071812 0.852577
vt 0.044711 0.865931
vt 0.893566 0.729666
vt 0.860217 0.729838
vt 0.879454 0.733383
vt 0.122691 0.923219
vt 0.131759 0.914237
vt 0.122682 0.923209
vt 0.137686 0.903006
vt 0.137675 0.903000
vt 0.029837 0.916393
vt 0.038892 0.926017
vt 0.029849 0.916385
vt 0.044687 0.865953
vt 0.065361 0.885383
vt 0.090794 0.897109
vt 0.116348 0.902001
vt 0.019825 0.865735
vt 0.019837 0.865738
vt 0.024269 0.856085
vt 0.024260 0.856077
vt 0.034019 0.851822
vt 0.018192 0.879053
vt 0.019566 0.892064
vt 0.018207 0.879053
vt 0.062840 0.937887
vt 0.062844 0.937874
vt 0.050395 0.933433
vt 0.023347 0.904880
vt 0.023360 0.904875
vt 0.370295 0.049852
vt 0.370327 0.017338
vt 0.370327 0.049833
vt 0.038882 0.926029
vt 0.089471 0.939171
vt 0.089468 0.939157
vt 0.075905 0.940045
vt 0.019551 0.892067
vt 0.101789 0.935482
vt 0.101784 0.935469
vt 0.112605 0.929867
vt 0.112598 0.929857
vt 0.875267 0.233851
vt 0.892441 0.217097
vt 0.916323 0.695190
vt 0.852704 0.653411
vt 0.886694 0.732211
vt 0.864819 0.732717
vt 0.852704 0.735907
vt 0.854887 0.731037
vt 0.131771 0.914246
vt 0.050387 0.933448
vt 0.370295 0.017357
vt 0.075905 0.940062
s 0
usemtl bechar
f 1147/1397/1372 1149/1398/1372 1150/1399/1372
f 1149/1398/1373 1151/1400/1373 1152/1401/1373
f 1151/1400/1374 1153/1402/1374 1154/1403/1374
f 1154/1403/1375 1153/1402/1375 1155/1404/1375
f 1156/1405/1376 1155/1404/1376 1157/1406/1376
f 1158/1407/1377 1157/1406/1377 1159/1408/1377
f 1160/1409/1378 1159/1408/1378 1161/1410/1378
f 1162/1411/1379 1161/1410/1379 1163/1412/1379
f 1164/1413/1380 1163/1412/1380 1165/1414/1380
f 1166/1415/1381 1165/1414/1381 1167/1416/1381
f 1167/1416/1382 1169/1417/1382 1170/1418/1382
f 1169/1417/1383 1171/1419/1383 1172/1420/1383
f 1172/1420/1384 1171/1419/1384 1173/1421/1384
f 1173/1421/1385 1175/1422/1385 1176/1423/1385
f 1176/1423/1386 1175/1422/1386 1177/1424/1386
f 1178/1425/1387 1177/1424/1387 1179/1426/1387
f 1157/1427/1388 1185/1428/1388 1186/1429/1388
f 1169/1430/1389 1167/1431/1389 1190/1432/1389
f 1153/1433/1390 1183/1434/1390 1184/1435/1390
f 1165/1436/1391 1163/1437/1391 1188/1438/1391
f 1175/1439/1392 1173/1440/1392 1193/1441/1392
f 1149/1442/1393 1181/1443/1393 1182/1444/1393
f 1159/1445/1394 1186/1429/1394 1187/1446/1394
f 1171/1447/1395 1169/1430/1395 1191/1448/1395
f 1155/1449/1396 1184/1435/1396 1185/1428/1396
f 1167/1431/1397 1165/1436/1397 1189/1450/1397
f 1177/1451/1398 1175/1439/1398 1194/1452/1398
f 1151/1453/1399 1182/1444/1399 1183/1434/1399
f 1161/1454/1400 1187/1446/1400 1188/1438/1400
f 1173/1440/1401 1171/1447/1401 1192/1455/1401
f 1233/1456/1402 1148/1457/1402 1196/1458/1402
f 1180/1459/1403 1236/1460/1403 1226/1461/1403
f 1196/1458/1404 1197/1462/1404 1199/1463/1404
f 1202/1464/1405 1200/1465/1405 1201/1466/1405
f 1206/1467/1406 1204/1468/1406 1205/1469/1406
f 1210/1470/1407 1208/1471/1407 1209/1472/1407
f 1204/1468/1408 1202/1464/1408 1203/1473/1408
f 1212/1474/1409 1210/1470/1409 1211/1475/1409
f 1208/1471/1410 1206/1467/1410 1207/1476/1410
f 1200/1465/1411 1198/1477/1411 1199/1463/1411
f 1153/1478/1412 1202/1479/1412 1204/1480/1412
f 1155/1481/1413 1204/1480/1413 1206/1482/1413
f 1208/1483/1414 1159/1484/1414 1157/1485/1414
f 1210/1486/1415 1161/1487/1415 1159/1484/1415
f 1161/1487/1416 1210/1486/1416 1212/1488/1416
f 1165/1489/1417 1212/1488/1417 1214/1490/1417
f 1214/1490/1418 1167/1491/1418 1165/1489/1418
f 1169/1492/1419 1216/1493/1419 1218/1494/1419
f 1171/1495/1420 1218/1494/1420 1220/1496/1420
f 1173/1497/1421 1220/1496/1421 1222/1498/1421
f 1222/1498/1422 1175/1499/1422 1173/1497/1422
f 1177/1500/1423 1224/1501/1423 1225/1502/1423
f 1179/1503/1424 1177/1500/1424 1236/1504/1424
f 1228/1505/1425 1227/1506/1425 1226/1461/1425
f 1215/1507/1426 1213/1508/1426 1166/1415/1426
f 1212/1474/1427 1213/1508/1427 1215/1507/1427
f 1214/1509/1428 1217/1510/1428 1216/1511/1428
f 1219/1512/1429 1218/1513/1429 1216/1511/1429
f 1223/1514/1430 1222/1515/1430 1220/1516/1430
f 1218/1513/1431 1219/1512/1431 1221/1517/1431
f 1222/1515/1432 1229/1518/1432 1224/1519/1432
f 1224/1519/1433 1228/1505/1433 1225/1520/1433
f 1195/1521/1434 1236/1522/1434 1179/1523/1434
f 1196/1524/1435 1230/1525/1435 1234/1526/1435
f 1147/1527/1436 1232/1528/1436 1181/1443/1436
f 1226/1529/1437 1231/1530/1437 1238/1531/1437
f 1233/1532/1438 1234/1526/1438 1232/1528/1438
f 1235/1533/1439 1226/1534/1439 1236/1522/1439
f 1237/1535/1440 1238/1531/1440 1239/1536/1440
f 1240/1537/1441 1239/1536/1441 1241/1538/1441
f 1242/1539/1442 1241/1538/1442 1243/1540/1442
f 1244/1541/1443 1243/1540/1443 1230/1525/1443
f 1151/1542/1444 1200/1543/1444 1202/1479/1444
f 1200/1543/1445 1151/1542/1445 1147/1544/1445
f 1238/1531/1446 1235/1533/1446 1239/1536/1446
f 1224/1545/1447 1260/1546/1447 1259/1547/1447
f 1226/1548/1447 1261/1549/1447 1260/1546/1447
f 1208/1550/1447 1252/1551/1447 1251/1552/1447
f 1244/1541/1447 1266/1553/1447 1265/1554/1447
f 1240/1537/1447 1264/1555/1447 1263/1556/1447
f 1200/1557/1447 1247/1558/1447 1246/1559/1447
f 1237/1535/1447 1263/1556/1447 1261/1549/1447
f 1198/1560/1447 1246/1559/1447 1245/1561/1447
f 1202/1562/1447 1249/1563/1447 1248/1564/1447
f 1214/1565/1447 1254/1566/1447 1253/1567/1447
f 1206/1568/1447 1251/1552/1447 1250/1569/1447
f 1196/1524/1447 1245/1561/1447 1266/1553/1447
f 1226/1570/1447 1262/1571/1447 1261/1572/1447
f 1200/1557/1447 1248/1564/1447 1247/1558/1447
f 1210/1573/1447 1253/1567/1447 1252/1551/1447
f 1218/1574/1447 1256/1575/1447 1255/1576/1447
f 1242/1539/1447 1265/1554/1447 1264/1555/1447
f 1214/1565/1447 1255/1576/1447 1254/1566/1447
f 1204/1577/1447 1250/1569/1447 1249/1563/1447
f 1220/1578/1447 1257/1579/1447 1256/1575/1447
f 1222/1580/1447 1258/1581/1447 1257/1579/1447
f 1222/1580/1447 1259/1547/1447 1258/1581/1447
f 1248/1564/1448 1266/1553/1448 1247/1558/1448
f 1147/1397/1372 1150/1399/1372 1148/1457/1372
f 1149/1398/1449 1152/1401/1449 1150/1399/1449
f 1151/1400/1374 1154/1403/1374 1152/1401/1374
f 1154/1403/1375 1155/1404/1375 1156/1405/1375
f 1156/1405/1376 1157/1406/1376 1158/1407/1376
f 1158/1407/1377 1159/1408/1377 1160/1409/1377
f 1160/1409/1378 1161/1410/1378 1162/1411/1378
f 1162/1411/1379 1163/1412/1379 1164/1413/1379
f 1164/1413/1380 1165/1414/1380 1166/1415/1380
f 1166/1415/1381 1167/1416/1381 1168/1582/1381
f 1167/1416/1382 1170/1418/1382 1168/1582/1382
f 1169/1417/1383 1172/1420/1383 1170/1418/1383
f 1172/1420/1384 1173/1421/1384 1174/1583/1384
f 1173/1421/1385 1176/1423/1385 1174/1583/1385
f 1176/1423/1386 1177/1424/1386 1178/1425/1386
f 1178/1425/1387 1179/1426/1387 1180/1459/1387
f 1157/1427/1450 1186/1429/1450 1159/1445/1450
f 1169/1430/1451 1190/1432/1451 1191/1448/1451
f 1153/1433/1452 1184/1435/1452 1155/1449/1452
f 1165/1436/1453 1188/1438/1453 1189/1450/1453
f 1175/1439/1454 1193/1441/1454 1194/1452/1454
f 1149/1442/1455 1182/1444/1455 1151/1453/1455
f 1159/1445/1456 1187/1446/1456 1161/1454/1456
f 1171/1447/1457 1191/1448/1457 1192/1455/1457
f 1155/1449/1458 1185/1428/1458 1157/1427/1458
f 1167/1431/1459 1189/1450/1459 1190/1432/1459
f 1177/1451/1460 1194/1452/1460 1195/1521/1460
f 1151/1453/1461 1183/1434/1461 1153/1433/1461
f 1161/1454/1462 1188/1438/1462 1163/1437/1462
f 1173/1440/1463 1192/1455/1463 1193/1441/1463
f 1197/1462/1464 1196/1458/1464 1148/1457/1464
f 1148/1457/1402 1233/1456/1402 1147/1397/1402
f 1236/1460/1403 1180/1459/1403 1179/1426/1403
f 1180/1459/1465 1226/1461/1465 1227/1506/1465
f 1196/1458/1466 1199/1463/1466 1198/1477/1466
f 1202/1464/1467 1201/1466/1467 1203/1473/1467
f 1206/1467/1468 1205/1469/1468 1207/1476/1468
f 1210/1470/1407 1209/1472/1407 1211/1475/1407
f 1204/1468/1469 1203/1473/1469 1205/1469/1469
f 1212/1474/1409 1211/1475/1409 1213/1508/1409
f 1208/1471/1470 1207/1476/1470 1209/1472/1470
f 1200/1465/1471 1199/1463/1471 1201/1466/1471
f 1153/1478/1412 1204/1480/1412 1155/1481/1412
f 1155/1481/1472 1206/1482/1472 1157/1485/1472
f 1208/1483/1414 1157/1485/1414 1206/1482/1414
f 1210/1486/1415 1159/1484/1415 1208/1483/1415
f 1161/1487/1416 1212/1488/1416 1163/1584/1416
f 1165/1489/1417 1163/1584/1417 1212/1488/1417
f 1214/1490/1418 1216/1493/1418 1167/1491/1418
f 1169/1492/1419 1167/1491/1419 1216/1493/1419
f 1171/1495/1420 1169/1492/1420 1218/1494/1420
f 1173/1497/1421 1171/1495/1421 1220/1496/1421
f 1222/1498/1422 1224/1501/1422 1175/1499/1422
f 1177/1500/1423 1175/1499/1423 1224/1501/1423
f 1236/1504/1473 1225/1502/1473 1226/1585/1473
f 1236/1504/1474 1177/1500/1474 1225/1502/1474
f 1228/1505/1475 1226/1461/1475 1225/1520/1475
f 1229/1518/1476 1180/1459/1476 1228/1505/1476
f 1228/1505/1477 1180/1459/1477 1227/1506/1477
f 1180/1459/1478 1223/1514/1478 1178/1425/1478
f 1229/1518/1479 1223/1514/1479 1180/1459/1479
f 1178/1425/1480 1221/1517/1480 1176/1423/1480
f 1176/1423/1481 1219/1512/1481 1174/1583/1481
f 1221/1517/1482 1219/1512/1482 1176/1423/1482
f 1174/1583/1483 1219/1512/1483 1172/1420/1483
f 1172/1420/1484 1217/1510/1484 1170/1418/1484
f 1170/1418/1485 1217/1510/1485 1168/1582/1485
f 1168/1582/1486 1215/1507/1486 1166/1415/1486
f 1217/1510/1486 1215/1507/1486 1168/1582/1486
f 1166/1415/1426 1213/1508/1426 1164/1413/1426
f 1164/1413/1487 1213/1508/1487 1162/1411/1487
f 1162/1411/1488 1211/1475/1488 1160/1409/1488
f 1160/1409/1489 1209/1472/1489 1158/1407/1489
f 1211/1475/1488 1209/1472/1488 1160/1409/1488
f 1158/1407/1490 1209/1472/1490 1156/1405/1490
f 1156/1405/1491 1207/1476/1491 1154/1403/1491
f 1154/1403/1492 1207/1476/1492 1152/1401/1492
f 1152/1401/1493 1205/1469/1493 1150/1399/1493
f 1150/1399/1494 1203/1473/1494 1148/1457/1494
f 1148/1457/1495 1201/1466/1495 1197/1462/1495
f 1197/1462/1496 1201/1466/1496 1199/1463/1496
f 1148/1457/1497 1203/1473/1497 1201/1466/1497
f 1156/1405/1498 1209/1472/1498 1207/1476/1498
f 1152/1401/1499 1207/1476/1499 1205/1469/1499
f 1213/1508/1500 1211/1475/1500 1162/1411/1500
f 1172/1420/1501 1219/1512/1501 1217/1510/1501
f 1223/1514/1502 1221/1517/1502 1178/1425/1502
f 1150/1399/1503 1205/1469/1503 1203/1473/1503
f 1212/1474/1427 1215/1507/1427 1214/1509/1427
f 1214/1509/1428 1215/1507/1428 1217/1510/1428
f 1219/1512/1504 1216/1511/1504 1217/1510/1504
f 1223/1514/1505 1220/1516/1505 1221/1517/1505
f 1218/1513/1431 1221/1517/1431 1220/1516/1431
f 1222/1515/1506 1223/1514/1506 1229/1518/1506
f 1224/1519/1507 1229/1518/1507 1228/1505/1507
f 1179/1523/1508 1177/1451/1508 1195/1521/1508
f 1195/1521/1509 1235/1533/1509 1236/1522/1509
f 1196/1524/1510 1234/1526/1510 1233/1532/1510
f 1147/1527/1511 1181/1443/1511 1149/1442/1511
f 1226/1529/1512 1238/1531/1512 1237/1535/1512
f 1233/1532/1513 1232/1528/1513 1147/1527/1513
f 1235/1533/1514 1231/1530/1514 1226/1534/1514
f 1237/1535/1515 1239/1536/1515 1240/1537/1515
f 1240/1537/1516 1241/1538/1516 1242/1539/1516
f 1242/1539/1517 1243/1540/1517 1244/1541/1517
f 1244/1541/1518 1230/1525/1518 1196/1524/1518
f 1151/1542/1519 1202/1479/1519 1153/1478/1519
f 1149/1586/1520 1147/1544/1520 1151/1542/1520
f 1147/1544/1521 1233/1587/1521 1200/1543/1521
f 1233/1587/1522 1196/1588/1522 1198/1589/1522
f 1198/1589/1523 1200/1543/1523 1233/1587/1523
f 1234/1526/1524 1241/1538/1524 1232/1528/1524
f 1232/1528/1525 1182/1444/1525 1181/1443/1525
f 1241/1538/1526 1184/1435/1526 1232/1528/1526
f 1182/1444/1527 1232/1528/1527 1183/1434/1527
f 1183/1434/1528 1232/1528/1528 1184/1435/1528
f 1184/1435/1529 1241/1538/1529 1185/1428/1529
f 1185/1428/1530 1241/1538/1530 1186/1429/1530
f 1186/1429/1531 1241/1538/1531 1187/1446/1531
f 1187/1446/1532 1241/1538/1532 1188/1438/1532
f 1188/1438/1533 1241/1538/1533 1189/1450/1533
f 1189/1450/1534 1241/1538/1534 1190/1432/1534
f 1190/1432/1535 1241/1538/1535 1191/1448/1535
f 1191/1448/1536 1193/1441/1536 1192/1455/1536
f 1193/1441/1537 1239/1536/1537 1194/1452/1537
f 1194/1452/1538 1239/1536/1538 1195/1521/1538
f 1235/1533/1539 1238/1531/1539 1231/1530/1539
f 1195/1521/1540 1239/1536/1540 1235/1533/1540
f 1191/1448/1541 1239/1536/1541 1193/1441/1541
f 1241/1538/1542 1239/1536/1542 1191/1448/1542
f 1230/1525/1543 1243/1540/1543 1234/1526/1543
f 1241/1538/1544 1234/1526/1544 1243/1540/1544
f 1224/1545/1447 1225/1590/1447 1260/1546/1447
f 1226/1548/1447 1260/1546/1447 1225/1590/1447
f 1208/1550/1447 1210/1573/1447 1252/1551/1447
f 1244/1541/1447 1265/1554/1447 1242/1539/1447
f 1240/1537/1447 1263/1556/1447 1237/1535/1447
f 1200/1557/1447 1246/1559/1447 1198/1560/1447
f 1237/1535/1447 1261/1549/1447 1226/1529/1447
f 1198/1560/1447 1245/1561/1447 1196/1524/1447
f 1202/1562/1447 1204/1577/1447 1249/1563/1447
f 1214/1565/1447 1253/1567/1447 1212/1591/1447
f 1206/1568/1447 1208/1550/1447 1251/1552/1447
f 1196/1524/1447 1266/1553/1447 1244/1541/1447
f 1226/1570/1447 1231/1592/1447 1262/1571/1447
f 1200/1557/1447 1202/1562/1447 1248/1564/1447
f 1210/1573/1447 1212/1591/1447 1253/1567/1447
f 1218/1574/1447 1255/1576/1447 1216/1593/1447
f 1242/1539/1447 1264/1555/1447 1240/1537/1447
f 1214/1565/1447 1216/1593/1447 1255/1576/1447
f 1204/1577/1447 1206/1568/1447 1250/1569/1447
f 1220/1578/1447 1256/1575/1447 1218/1574/1447
f 1222/1580/1447 1257/1579/1447 1220/1578/1447
f 1222/1580/1447 1224/1545/1447 1259/1547/1447
f 1246/1559/1545 1266/1553/1545 1245/1561/1545
f 1266/1553/1546 1249/1563/1546 1265/1554/1546
f 1265/1554/1547 1254/1566/1547 1264/1555/1547
f 1266/1553/1548 1248/1564/1548 1249/1563/1548
f 1263/1556/1545 1260/1546/1545 1261/1549/1545
f 1246/1559/1549 1247/1558/1549 1266/1553/1549
f 1264/1555/1550 1258/1581/1550 1263/1556/1550
f 1263/1556/1551 1259/1547/1551 1260/1546/1551
f 1258/1581/1552 1259/1547/1552 1263/1556/1552
f 1258/1581/1553 1264/1555/1553 1257/1579/1553
f 1257/1579/1554 1264/1555/1554 1256/1575/1554
f 1256/1575/1555 1264/1555/1555 1255/1576/1555
f 1255/1576/1556 1264/1555/1556 1254/1566/1556
f 1254/1566/1557 1265/1554/1557 1253/1567/1557
f 1253/1567/1558 1265/1554/1558 1252/1551/1558
f 1252/1551/1559 1265/1554/1559 1251/1552/1559
f 1251/1552/1560 1265/1554/1560 1250/1569/1560
f 1250/1569/1561 1265/1554/1561 1249/1563/1561
o 球.002
v -0.089881 0.868859 -0.183356
v -0.089881 0.837638 -0.194099
v -0.089881 0.805633 -0.193280
v -0.089881 0.790874 -0.188503
v -0.089881 0.777714 -0.181022
v -0.089881 0.758132 -0.159192
v -0.086435 0.894696 -0.162421
v -0.083120 0.882969 -0.173578
v -0.080066 0.869303 -0.182604
v -0.077389 0.854221 -0.189154
v -0.075192 0.838303 -0.192975
v -0.073559 0.822162 -0.193920
v -0.072554 0.806417 -0.191954
v -0.072214 0.791673 -0.187151
v -0.072554 0.778498 -0.179696
v -0.073559 0.767396 -0.169876
v -0.075192 0.758796 -0.158068
v -0.077389 0.753028 -0.144726
v -0.080066 0.750312 -0.130363
v -0.083120 0.750754 -0.115530
v -0.086435 0.754337 -0.100797
v -0.083120 0.895157 -0.161640
v -0.076619 0.883875 -0.172046
v -0.070628 0.870618 -0.180380
v -0.065376 0.855895 -0.186323
v -0.061067 0.840272 -0.189646
v -0.057864 0.824349 -0.190222
v -0.055892 0.808739 -0.188027
v -0.055226 0.794041 -0.183147
v -0.055892 0.780820 -0.175769
v -0.057864 0.769584 -0.166177
v -0.061067 0.760765 -0.154739
v -0.065376 0.754702 -0.141895
v -0.070628 0.751627 -0.128138
v -0.076619 0.751660 -0.113998
v -0.083120 0.754799 -0.100016
v -0.080066 0.895908 -0.160371
v -0.070628 0.885347 -0.169558
v -0.061930 0.872754 -0.176768
v -0.054306 0.858613 -0.181726
v -0.048049 0.843468 -0.184240
v -0.043400 0.827901 -0.184215
v -0.040537 0.812509 -0.181650
v -0.039570 0.797885 -0.176646
v -0.040537 0.784590 -0.169393
v -0.043400 0.773136 -0.160171
v -0.048049 0.763961 -0.149333
v -0.054306 0.757420 -0.137298
v -0.061930 0.753763 -0.124526
v -0.070628 0.753131 -0.111509
v -0.080066 0.755549 -0.098748
v -0.077389 0.896917 -0.158664
v -0.065376 0.887326 -0.166209
v -0.054306 0.875628 -0.171907
v -0.044602 0.862272 -0.175539
v -0.036639 0.847770 -0.176965
v -0.030721 0.832681 -0.176131
v -0.027077 0.817584 -0.173069
v -0.025847 0.803059 -0.167896
v -0.027077 0.789665 -0.160811
v -0.030721 0.777915 -0.152087
v -0.036639 0.768263 -0.142058
v -0.044602 0.761079 -0.131111
v -0.054306 0.756638 -0.119665
v -0.065376 0.755111 -0.108161
v -0.077389 0.756558 -0.097041
v -0.075192 0.898147 -0.156584
v -0.061067 0.889739 -0.162129
v -0.048049 0.879131 -0.165984
v -0.036639 0.866729 -0.168000
v -0.027275 0.853012 -0.168101
v -0.020317 0.838505 -0.166281
v -0.016032 0.823767 -0.162612
v -0.014585 0.809363 -0.157235
v -0.016032 0.795848 -0.150355
v -0.020317 0.783740 -0.142237
v -0.027275 0.773505 -0.133194
v -0.036639 0.765536 -0.123572
v -0.048049 0.760140 -0.113742
v -0.061067 0.757524 -0.104081
v -0.075192 0.757788 -0.094961
v -0.089881 0.904031 -0.149563
v -0.073559 0.899550 -0.154211
v -0.057864 0.892492 -0.157474
v -0.043400 0.883127 -0.159226
v -0.030721 0.871815 -0.159399
v -0.020317 0.858992 -0.157987
v -0.012585 0.845150 -0.155044
v -0.007824 0.830821 -0.150683
v -0.006217 0.816556 -0.145071
v -0.007824 0.802902 -0.138425
v -0.012585 0.790385 -0.130999
v -0.020317 0.779486 -0.123080
v -0.030721 0.770622 -0.114971
v -0.043400 0.764136 -0.106984
v -0.057864 0.760276 -0.099426
v -0.073559 0.759191 -0.092588
v -0.072554 0.901073 -0.151637
v -0.055892 0.895478 -0.152424
v -0.040537 0.887463 -0.151894
v -0.027077 0.877334 -0.150067
v -0.016032 0.865481 -0.147013
v -0.007824 0.852361 -0.142850
v -0.002770 0.838476 -0.137738
v -0.001063 0.824360 -0.131873
v -0.002770 0.810557 -0.125480
v -0.007824 0.797595 -0.118806
v -0.016032 0.785975 -0.112106
v -0.027077 0.776141 -0.105639
v -0.040537 0.768472 -0.099652
v -0.055892 0.763263 -0.094376
v -0.072554 0.760714 -0.090013
v -0.072214 0.902656 -0.148959
v -0.055226 0.898584 -0.147171
v -0.039570 0.891972 -0.144268
v -0.025847 0.883073 -0.140361
v -0.014585 0.872230 -0.135601
v -0.006217 0.859859 -0.130169
v -0.001063 0.846436 -0.124276
v 0.000677 0.832477 -0.118147
v -0.001063 0.818517 -0.112018
v -0.006217 0.805094 -0.106125
v -0.014585 0.792723 -0.100694
v -0.025847 0.781880 -0.095933
v -0.039570 0.772981 -0.092026
v -0.055226 0.766369 -0.089123
v -0.072214 0.762297 -0.087335
v -0.072554 0.904239 -0.146281
v -0.055892 0.901690 -0.141919
v -0.040537 0.896481 -0.136642
v -0.027077 0.888812 -0.130656
v -0.016032 0.878978 -0.124188
v -0.007824 0.867358 -0.117488
v -0.002770 0.854397 -0.110814
v -0.001063 0.840593 -0.104421
v -0.002770 0.826477 -0.098556
v -0.007824 0.812592 -0.093444
v -0.016032 0.799472 -0.089281
v -0.027077 0.787619 -0.086228
v -0.040537 0.777491 -0.084401
v -0.055892 0.769475 -0.083870
v -0.072554 0.763881 -0.084658
v -0.073559 0.905762 -0.143706
v -0.057864 0.904677 -0.136868
v -0.043400 0.900817 -0.129310
v -0.030721 0.894331 -0.121323
v -0.020317 0.885468 -0.113214
v -0.012585 0.874568 -0.105295
v -0.007824 0.862051 -0.097869
v -0.006217 0.848397 -0.091223
v -0.007824 0.834132 -0.085612
v -0.012585 0.819803 -0.081251
v -0.020317 0.805961 -0.078307
v -0.030721 0.793138 -0.076895
v -0.043400 0.781826 -0.077068
v -0.057864 0.772462 -0.078820
v -0.073559 0.765403 -0.082083
v -0.075192 0.907165 -0.141333
v -0.061067 0.907429 -0.132213
v -0.048049 0.904813 -0.122552
v -0.036639 0.899417 -0.112722
v -0.027275 0.891448 -0.103101
v -0.020317 0.881213 -0.094057
v -0.016032 0.869105 -0.085940
v -0.014585 0.855590 -0.079060
v -0.016032 0.841186 -0.073682
v -0.020317 0.826448 -0.070013
v -0.027275 0.811941 -0.068194
v -0.036639 0.798224 -0.068294
v -0.048049 0.785822 -0.070310
v -0.061067 0.775214 -0.074165
v -0.075192 0.766806 -0.079710
v -0.077389 0.908395 -0.139253
v -0.065376 0.909842 -0.128133
v -0.054306 0.908315 -0.116629
v -0.044602 0.903875 -0.105183
v -0.036639 0.896690 -0.094236
v -0.030721 0.887038 -0.084207
v -0.027077 0.875289 -0.075483
v -0.025847 0.861894 -0.068398
v -0.027077 0.847369 -0.063225
v -0.030721 0.832272 -0.060163
v -0.036639 0.817183 -0.059329
v -0.044602 0.802681 -0.060755
v -0.054306 0.789325 -0.064387
v -0.065376 0.777627 -0.070085
v -0.077389 0.768036 -0.077630
v -0.080066 0.909404 -0.137546
v -0.070628 0.911822 -0.124785
v -0.061930 0.911190 -0.111768
v -0.054306 0.907533 -0.098996
v -0.048049 0.900992 -0.086961
v -0.043400 0.891818 -0.076124
v -0.040537 0.880363 -0.066901
v -0.039570 0.867068 -0.059649
v -0.040537 0.852444 -0.054644
v -0.043400 0.837052 -0.052079
v -0.048049 0.821485 -0.052054
v -0.054306 0.806340 -0.054568
v -0.061930 0.792199 -0.059526
v -0.070628 0.779607 -0.066737
v -0.080066 0.769046 -0.075923
v -0.083120 0.910154 -0.136278
v -0.076619 0.913293 -0.122297
v -0.070628 0.913326 -0.108156
v -0.065376 0.910251 -0.094399
v -0.061067 0.904188 -0.081555
v -0.057864 0.895370 -0.070117
v -0.055892 0.884134 -0.060525
v -0.055226 0.870913 -0.053147
v -0.055892 0.856214 -0.048267
v -0.057864 0.840604 -0.046073
v -0.061067 0.824682 -0.046648
v -0.065376 0.809058 -0.049971
v -0.070628 0.794335 -0.055914
v -0.076619 0.781078 -0.064249
v -0.083120 0.769796 -0.074654
v -0.086435 0.910616 -0.135497
v -0.083120 0.914199 -0.120765
v -0.080066 0.914641 -0.105932
v -0.077389 0.911926 -0.091568
v -0.075192 0.906157 -0.078226
v -0.073559 0.897557 -0.066418
v -0.072554 0.886456 -0.056598
v -0.072214 0.873280 -0.049143
v -0.072554 0.858536 -0.044340
v -0.073559 0.842791 -0.042374
v -0.075192 0.826650 -0.043319
v -0.077389 0.810732 -0.047140
v -0.080066 0.795651 -0.053690
v -0.083120 0.781984 -0.062716
v -0.086435 0.770257 -0.073873
v -0.089881 0.910772 -0.135233
v -0.089881 0.914505 -0.120247
v -0.089881 0.915085 -0.105181
v -0.089881 0.912491 -0.090612
v -0.089881 0.906821 -0.077102
v -0.089881 0.898295 -0.065169
v -0.089881 0.887240 -0.055272
v -0.089881 0.874079 -0.047792
v -0.089881 0.859321 -0.043015
v -0.089881 0.843530 -0.041125
v -0.089881 0.827315 -0.042195
v -0.089881 0.811298 -0.046184
v -0.089881 0.796095 -0.052939
v -0.089881 0.782290 -0.062199
v -0.089881 0.770413 -0.073610
v -0.093328 0.910616 -0.135497
v -0.096642 0.914199 -0.120765
v -0.099696 0.914641 -0.105932
v -0.102374 0.911926 -0.091568
v -0.104571 0.906157 -0.078226
v -0.106203 0.897557 -0.066418
v -0.107209 0.886456 -0.056598
v -0.107548 0.873280 -0.049143
v -0.107209 0.858536 -0.044340
v -0.106203 0.842791 -0.042374
v -0.104571 0.826650 -0.043319
v -0.102374 0.810732 -0.047140
v -0.099696 0.795651 -0.053690
v -0.096642 0.781984 -0.062716
v -0.093328 0.770257 -0.073873
v -0.096642 0.910154 -0.136278
v -0.103143 0.913293 -0.122297
v -0.109134 0.913326 -0.108156
v -0.114386 0.910251 -0.094399
v -0.118696 0.904188 -0.081555
v -0.121898 0.895370 -0.070117
v -0.123870 0.884134 -0.060525
v -0.124536 0.870913 -0.053147
v -0.123870 0.856214 -0.048267
v -0.121898 0.840604 -0.046073
v -0.118696 0.824682 -0.046648
v -0.114386 0.809058 -0.049971
v -0.109134 0.794335 -0.055914
v -0.103143 0.781078 -0.064249
v -0.096642 0.769796 -0.074654
v -0.099696 0.909404 -0.137546
v -0.109134 0.911822 -0.124785
v -0.117833 0.911190 -0.111768
v -0.125457 0.907533 -0.098996
v -0.131714 0.900992 -0.086961
v -0.136363 0.891818 -0.076124
v -0.139226 0.880363 -0.066901
v -0.140192 0.867068 -0.059649
v -0.139226 0.852444 -0.054644
v -0.136363 0.837052 -0.052079
v -0.131714 0.821485 -0.052054
v -0.125457 0.806340 -0.054568
v -0.117833 0.792199 -0.059526
v -0.109134 0.779607 -0.066737
v -0.099696 0.769046 -0.075923
v -0.102374 0.908395 -0.139253
v -0.114386 0.909842 -0.128133
v -0.125457 0.908315 -0.116629
v -0.135160 0.903875 -0.105183
v -0.143124 0.896690 -0.094236
v -0.149041 0.887038 -0.084207
v -0.152685 0.875288 -0.075483
v -0.153915 0.861894 -0.068398
v -0.152685 0.847369 -0.063225
v -0.149041 0.832272 -0.060163
v -0.143124 0.817183 -0.059329
v -0.135160 0.802681 -0.060755
v -0.125457 0.789325 -0.064387
v -0.114386 0.777627 -0.070085
v -0.102374 0.768036 -0.077630
v -0.089881 0.760922 -0.086732
v -0.104571 0.907165 -0.141333
v -0.118696 0.907429 -0.132213
v -0.131714 0.904813 -0.122552
v -0.143124 0.899417 -0.112722
v -0.152488 0.891448 -0.103101
v -0.159446 0.881213 -0.094057
v -0.163731 0.869105 -0.085940
v -0.165177 0.855590 -0.079060
v -0.163731 0.841186 -0.073682
v -0.159446 0.826448 -0.070013
v -0.152488 0.811941 -0.068194
v -0.143124 0.798224 -0.068294
v -0.131714 0.785822 -0.070310
v -0.118696 0.775214 -0.074165
v -0.104571 0.766806 -0.079710
v -0.106203 0.905762 -0.143706
v -0.121898 0.904677 -0.136868
v -0.136363 0.900817 -0.129310
v -0.149041 0.894331 -0.121323
v -0.159446 0.885468 -0.113214
v -0.167177 0.874568 -0.105295
v -0.171938 0.862051 -0.097869
v -0.173546 0.848397 -0.091223
v -0.171938 0.834132 -0.085612
v -0.167177 0.819803 -0.081251
v -0.159446 0.805961 -0.078307
v -0.149041 0.793138 -0.076895
v -0.136363 0.781826 -0.077068
v -0.121898 0.772462 -0.078820
v -0.106203 0.765403 -0.082083
v -0.107209 0.904239 -0.146281
v -0.123870 0.901690 -0.141919
v -0.139226 0.896481 -0.136642
v -0.152685 0.888812 -0.130656
v -0.163731 0.878978 -0.124188
v -0.171938 0.867358 -0.117488
v -0.176992 0.854397 -0.110814
v -0.178699 0.840593 -0.104421
v -0.176992 0.826477 -0.098556
v -0.171938 0.812592 -0.093444
v -0.163731 0.799472 -0.089281
v -0.152685 0.787619 -0.086228
v -0.139226 0.777490 -0.084401
v -0.123870 0.769475 -0.083870
v -0.107209 0.763881 -0.084658
v -0.107548 0.902656 -0.148959
v -0.124536 0.898584 -0.147171
v -0.140192 0.891972 -0.144268
v -0.153915 0.883073 -0.140361
v -0.165177 0.872230 -0.135601
v -0.173546 0.859859 -0.130169
v -0.178699 0.846436 -0.124276
v -0.180439 0.832477 -0.118147
v -0.178699 0.818517 -0.112018
v -0.173546 0.805094 -0.106125
v -0.165177 0.792723 -0.100694
v -0.153915 0.781880 -0.095933
v -0.140192 0.772981 -0.092026
v -0.124536 0.766369 -0.089123
v -0.107548 0.762297 -0.087335
v -0.107209 0.901073 -0.151637
v -0.123870 0.895478 -0.152424
v -0.139226 0.887463 -0.151894
v -0.152685 0.877334 -0.150067
v -0.163731 0.865481 -0.147013
v -0.171938 0.852361 -0.142850
v -0.176992 0.838476 -0.137738
v -0.178699 0.824360 -0.131873
v -0.176992 0.810557 -0.125480
v -0.171938 0.797595 -0.118806
v -0.163731 0.785975 -0.112106
v -0.152685 0.776141 -0.105639
v -0.139226 0.768472 -0.099652
v -0.123870 0.763263 -0.094376
v -0.107209 0.760714 -0.090013
v -0.106203 0.899550 -0.154211
v -0.121898 0.892492 -0.157474
v -0.136363 0.883127 -0.159226
v -0.149041 0.871815 -0.159399
v -0.159446 0.858992 -0.157987
v -0.167177 0.845150 -0.155044
v -0.171938 0.830821 -0.150683
v -0.173546 0.816556 -0.145071
v -0.171938 0.802902 -0.138425
v -0.167177 0.790385 -0.130999
v -0.159446 0.779486 -0.123080
v -0.149041 0.770622 -0.114971
v -0.136363 0.764136 -0.106984
v -0.121898 0.760276 -0.099426
v -0.106203 0.759191 -0.092588
v -0.104571 0.898147 -0.156584
v -0.118696 0.889739 -0.162129
v -0.131713 0.879131 -0.165984
v -0.143124 0.866729 -0.168000
v -0.152488 0.853012 -0.168101
v -0.159446 0.838505 -0.166281
v -0.163731 0.823767 -0.162612
v -0.165177 0.809363 -0.157235
v -0.163731 0.795848 -0.150355
v -0.159446 0.783740 -0.142237
v -0.152488 0.773505 -0.133194
v -0.143124 0.765536 -0.123572
v -0.131713 0.760140 -0.113742
v -0.118696 0.757524 -0.104081
v -0.104571 0.757788 -0.094961
v -0.102374 0.896917 -0.158664
v -0.114386 0.887326 -0.166209
v -0.125457 0.875628 -0.171907
v -0.135160 0.862272 -0.175539
v -0.143124 0.847770 -0.176965
v -0.149041 0.832681 -0.176131
v -0.152685 0.817584 -0.173069
v -0.153915 0.803059 -0.167896
v -0.152685 0.789665 -0.160811
v -0.149041 0.777915 -0.152087
v -0.143124 0.768263 -0.142058
v -0.135160 0.761079 -0.131111
v -0.125457 0.756638 -0.119665
v -0.114386 0.755111 -0.108161
v -0.102374 0.756558 -0.097041
v -0.099696 0.895908 -0.160371
v -0.109134 0.885347 -0.169558
v -0.117833 0.872754 -0.176768
v -0.125457 0.858613 -0.181726
v -0.131713 0.843468 -0.184240
v -0.136363 0.827901 -0.184215
v -0.139226 0.812509 -0.181650
v -0.140192 0.797885 -0.176646
v -0.139226 0.784590 -0.169393
v -0.136363 0.773136 -0.160171
v -0.131713 0.763961 -0.149333
v -0.125457 0.757420 -0.137298
v -0.117833 0.753763 -0.124526
v -0.109134 0.753131 -0.111509
v -0.099696 0.755549 -0.098748
v -0.096642 0.895157 -0.161640
v -0.103143 0.883875 -0.172046
v -0.109134 0.870618 -0.180380
v -0.114386 0.855895 -0.186323
v -0.118696 0.840272 -0.189646
v -0.121898 0.824349 -0.190221
v -0.123870 0.808739 -0.188027
v -0.124536 0.794041 -0.183147
v -0.123870 0.780820 -0.175769
v -0.121898 0.769584 -0.166177
v -0.118696 0.760765 -0.154739
v -0.114386 0.754702 -0.141895
v -0.109134 0.751627 -0.128138
v -0.103143 0.751660 -0.113997
v -0.096642 0.754799 -0.100016
v -0.093328 0.894696 -0.162421
v -0.096642 0.882969 -0.173578
v -0.099696 0.869303 -0.182604
v -0.102374 0.854221 -0.189154
v -0.104571 0.838303 -0.192975
v -0.106203 0.822162 -0.193920
v -0.107209 0.806417 -0.191954
v -0.107548 0.791673 -0.187151
v -0.107209 0.778498 -0.179696
v -0.106203 0.767396 -0.169876
v -0.104571 0.758796 -0.158068
v -0.102374 0.753028 -0.144726
v -0.099696 0.750312 -0.130363
v -0.096642 0.750754 -0.115530
v -0.093328 0.754337 -0.100797
v -0.089881 0.894540 -0.162685
v -0.089881 0.882663 -0.174095
v -0.089881 0.853655 -0.190110
v -0.089881 0.821423 -0.195169
v -0.089881 0.766658 -0.171125
v -0.089881 0.752462 -0.145682
v -0.089881 0.749868 -0.131114
v -0.089881 0.750448 -0.116047
v -0.089881 0.754181 -0.101061
vn 0.0711 -0.9198 -0.3860
vn 0.0632 0.2412 -0.9684
vn 0.0579 -0.9829 -0.1750
vn 0.0732 0.0657 -0.9952
vn 0.0423 -0.9984 0.0385
vn 0.0811 -0.1184 -0.9896
vn 0.0254 -0.9700 0.2416
vn 0.0864 -0.3068 -0.9478
vn 0.0082 0.8102 -0.5860
vn 0.0084 -0.9048 0.4257
vn 0.0885 -0.4922 -0.8659
vn 0.0238 0.6926 -0.7209
vn 0.0869 -0.6645 -0.7423
vn 0.0383 0.5567 -0.8298
vn 0.0810 -0.8110 -0.5795
vn 0.0515 0.4055 -0.9127
vn 0.2410 -0.8001 -0.5494
vn 0.1532 0.4164 -0.8962
vn 0.2112 -0.9094 -0.3584
vn 0.1882 0.2537 -0.9488
vn 0.1715 -0.9734 -0.1521
vn 0.2182 0.0790 -0.9727
vn 0.1250 -0.9906 0.0553
vn 0.2420 -0.1050 -0.9646
vn 0.0752 -0.9649 0.2516
vn 0.2579 -0.2939 -0.9204
vn 0.0243 0.8121 -0.5831
vn 0.0248 -0.9030 0.4289
vn 0.2641 -0.4801 -0.8365
vn 0.0707 0.6980 -0.7126
vn 0.2587 -0.6530 -0.7118
vn 0.1138 0.5651 -0.8171
vn 0.1219 -0.9548 0.2710
vn 0.4249 -0.2679 -0.8647
vn 0.0394 0.8156 -0.5772
vn 0.0402 -0.8995 0.4351
vn 0.4345 -0.4555 -0.7770
vn 0.1152 0.7085 -0.6962
vn 0.4247 -0.6298 -0.6504
vn 0.1859 0.5818 -0.7918
vn 0.3942 -0.7779 -0.4894
vn 0.2509 0.4380 -0.8633
vn 0.3443 -0.8883 -0.3038
vn 0.3092 0.2787 -0.9093
vn 0.2787 -0.9544 -0.1069
vn 0.3591 0.1057 -0.9273
vn 0.2029 -0.9752 0.0882
vn 0.3986 -0.0781 -0.9138
vn 0.3419 0.4697 -0.8139
vn 0.4654 -0.8564 -0.2235
vn 0.4227 0.3157 -0.8495
vn 0.3753 -0.9260 -0.0411
vn 0.4923 0.1456 -0.8582
vn 0.2725 -0.9525 0.1359
vn 0.5473 -0.0375 -0.8361
vn 0.1637 -0.9401 0.2991
vn 0.5832 -0.2283 -0.7796
vn 0.0531 0.8208 -0.5687
vn 0.0540 -0.8944 0.4441
vn 0.5952 -0.4178 -0.6865
vn 0.1557 0.7238 -0.6722
vn 0.5796 -0.5940 -0.5578
vn 0.2524 0.6062 -0.7542
vn 0.5355 -0.7438 -0.4000
vn 0.7268 -0.1750 -0.6642
vn 0.0648 0.8275 -0.5578
vn 0.0658 -0.8878 0.4555
vn 0.7396 -0.3665 -0.5645
vn 0.1908 0.7433 -0.6411
vn 0.7168 -0.5452 -0.4348
vn 0.3107 0.6374 -0.7051
vn 0.6583 -0.6975 -0.2829
vn 0.4228 0.5107 -0.7486
vn 0.5690 -0.8135 -0.1200
vn 0.5248 0.3639 -0.7695
vn 0.4570 -0.8885 0.0427
vn 0.6131 0.1982 -0.7648
vn 0.3310 -0.9230 0.1961
vn 0.6825 0.0165 -0.7307
vn 0.1988 -0.9211 0.3346
vn 0.6496 -0.7602 0.0026
vn 0.6109 0.4220 -0.6698
vn 0.5197 -0.8427 0.1407
vn 0.7157 0.2621 -0.6474
vn 0.3759 -0.8876 0.2662
vn 0.7974 0.0830 -0.5977
vn 0.2259 -0.8987 0.3760
vn 0.8478 -0.1086 -0.5191
vn 0.0741 0.8352 -0.5449
vn 0.0749 -0.8801 0.4689
vn 0.8594 -0.3020 -0.4126
vn 0.2191 0.7664 -0.6039
vn 0.8281 -0.4834 -0.2839
vn 0.3585 0.6744 -0.6455
vn 0.7558 -0.6393 -0.1420
vn 0.4902 0.5597 -0.6682
vn 0.0811 -0.8715 0.4837
vn 0.9453 -0.2259 -0.2355
vn 0.2394 0.7919 -0.5617
vn 0.9053 -0.4101 -0.1109
vn 0.3935 0.7158 -0.5769
vn 0.8212 -0.5704 0.0167
vn 0.5405 0.6146 -0.5745
vn 0.7025 -0.6980 0.1385
vn 0.6760 0.4877 -0.5524
vn 0.5606 -0.7900 0.2483
vn 0.7935 0.3352 -0.5080
vn 0.4053 -0.8475 0.3429
vn 0.8838 0.1599 -0.4396
vn 0.2440 -0.8735 0.4213
vn 0.9372 -0.0311 -0.3475
vn 0.0806 0.8439 -0.5305
vn 0.5776 -0.7327 0.3600
vn 0.8398 0.4139 -0.3512
vn 0.4180 -0.8042 0.4226
vn 0.9338 0.2433 -0.2623
vn 0.2522 -0.8466 0.4686
vn 0.9861 0.0540 -0.1570
vn 0.0840 0.8530 -0.5151
vn 0.0842 -0.8624 0.4993
vn 0.9891 -0.1416 -0.0417
vn 0.2506 0.8190 -0.5161
vn 0.9415 -0.3286 0.0749
vn 0.4138 0.7597 -0.5017
vn 0.8498 -0.4939 0.1843
vn 0.5705 0.6732 -0.4704
vn 0.7246 -0.6295 0.2804
vn 0.7152 0.5581 -0.4207
vn 0.2522 0.8466 -0.4687
vn 0.9338 -0.2433 0.2623
vn 0.4180 0.8042 -0.4226
vn 0.8398 -0.4139 0.3512
vn 0.5776 0.7327 -0.3600
vn 0.7152 -0.5581 0.4207
vn 0.7246 0.6295 -0.2804
vn 0.5705 -0.6732 0.4704
vn 0.8498 0.4939 -0.1843
vn 0.4139 -0.7596 0.5017
vn 0.9415 0.3286 -0.0749
vn 0.2506 -0.8190 0.5161
vn 0.9890 0.1416 0.0417
vn 0.0842 0.8624 -0.4993
vn 0.0840 -0.8530 0.5151
vn 0.9861 -0.0540 0.1569
vn 0.8212 0.5704 -0.0167
vn 0.3935 -0.7158 0.5769
vn 0.9053 0.4101 0.1109
vn 0.2394 -0.7919 0.5617
vn 0.9453 0.2259 0.2355
vn 0.0811 0.8715 -0.4837
vn 0.0806 -0.8439 0.5305
vn 0.9372 0.0311 0.3475
vn 0.2439 0.8735 -0.4213
vn 0.8838 -0.1599 0.4396
vn 0.4053 0.8475 -0.3429
vn 0.7935 -0.3352 0.5080
vn 0.5606 0.7900 -0.2483
vn 0.6760 -0.4877 0.5524
vn 0.7025 0.6980 -0.1385
vn 0.5405 -0.6146 0.5745
vn 0.7974 -0.0830 0.5977
vn 0.3759 0.8876 -0.2662
vn 0.7157 -0.2621 0.6474
vn 0.5197 0.8427 -0.1407
vn 0.6109 -0.4220 0.6698
vn 0.6496 0.7602 -0.0026
vn 0.4902 -0.5597 0.6682
vn 0.7558 0.6393 0.1420
vn 0.3585 -0.6744 0.6455
vn 0.8281 0.4834 0.2839
vn 0.2191 -0.7663 0.6039
vn 0.8594 0.3020 0.4126
vn 0.0749 0.8801 -0.4689
vn 0.0741 -0.8352 0.5449
vn 0.8478 0.1086 0.5190
vn 0.2260 0.8987 -0.3760
vn 0.3107 -0.6374 0.7051
vn 0.7168 0.5452 0.4348
vn 0.1908 -0.7434 0.6411
vn 0.7396 0.3665 0.5645
vn 0.0658 0.8878 -0.4555
vn 0.0648 -0.8275 0.5578
vn 0.7268 0.1750 0.6642
vn 0.1989 0.9211 -0.3346
vn 0.6825 -0.0165 0.7307
vn 0.3310 0.9230 -0.1961
vn 0.6131 -0.1982 0.7648
vn 0.4570 0.8885 -0.0427
vn 0.5248 -0.3639 0.7695
vn 0.5690 0.8135 0.1200
vn 0.4228 -0.5107 0.7486
vn 0.6583 0.6975 0.2829
vn 0.2725 0.9525 -0.1359
vn 0.4923 -0.1456 0.8582
vn 0.3753 0.9260 0.0411
vn 0.4227 -0.3157 0.8495
vn 0.4654 0.8564 0.2235
vn 0.3419 -0.4697 0.8139
vn 0.5355 0.7438 0.4000
vn 0.2524 -0.6062 0.7542
vn 0.5796 0.5940 0.5578
vn 0.1557 -0.7238 0.6722
vn 0.5952 0.4178 0.6865
vn 0.0540 0.8944 -0.4441
vn 0.0531 -0.8208 0.5687
vn 0.5832 0.2283 0.7796
vn 0.1637 0.9401 -0.2991
vn 0.5473 0.0375 0.8361
vn 0.4247 0.6298 0.6504
vn 0.1151 -0.7085 0.6962
vn 0.4345 0.4555 0.7770
vn 0.0402 0.8995 -0.4351
vn 0.0394 -0.8156 0.5772
vn 0.4249 0.2678 0.8647
vn 0.1219 0.9548 -0.2710
vn 0.3986 0.0781 0.9138
vn 0.2028 0.9752 -0.0882
vn 0.3591 -0.1057 0.9273
vn 0.2787 0.9544 0.1069
vn 0.3092 -0.2787 0.9093
vn 0.3443 0.8883 0.3038
vn 0.2509 -0.4380 0.8633
vn 0.3942 0.7779 0.4894
vn 0.1860 -0.5818 0.7918
vn 0.2182 -0.0790 0.9727
vn 0.1715 0.9734 0.1521
vn 0.1882 -0.2537 0.9488
vn 0.2112 0.9094 0.3584
vn 0.1532 -0.4164 0.8962
vn 0.2410 0.8001 0.5494
vn 0.1138 -0.5651 0.8171
vn 0.2587 0.6530 0.7117
vn 0.0707 -0.6980 0.7126
vn 0.2641 0.4801 0.8365
vn 0.0247 0.9030 -0.4289
vn 0.0243 -0.8121 0.5831
vn 0.2579 0.2939 0.9204
vn 0.0752 0.9649 -0.2516
vn 0.2420 0.1050 0.9646
vn 0.1250 0.9906 -0.0553
vn 0.0239 -0.6926 0.7209
vn 0.0885 0.4922 0.8659
vn 0.0084 0.9048 -0.4257
vn 0.0082 -0.8102 0.5860
vn 0.0864 0.3068 0.9478
vn 0.0254 0.9700 -0.2416
vn 0.0811 0.1184 0.9896
vn 0.0423 0.9984 -0.0385
vn 0.0732 -0.0657 0.9952
vn 0.0579 0.9829 0.1750
vn 0.0632 -0.2412 0.9684
vn 0.0711 0.9198 0.3860
vn 0.0515 -0.4055 0.9127
vn 0.0810 0.8110 0.5795
vn 0.0383 -0.5567 0.8299
vn 0.0869 0.6645 0.7423
vn -0.0632 -0.2412 0.9684
vn -0.0711 0.9198 0.3860
vn -0.0515 -0.4055 0.9127
vn -0.0810 0.8110 0.5795
vn -0.0383 -0.5567 0.8299
vn -0.0869 0.6645 0.7423
vn -0.0238 -0.6926 0.7209
vn -0.0885 0.4922 0.8659
vn -0.0084 0.9048 -0.4257
vn -0.0082 -0.8102 0.5860
vn -0.0864 0.3068 0.9478
vn -0.0254 0.9700 -0.2416
vn -0.0811 0.1184 0.9896
vn -0.0423 0.9984 -0.0385
vn -0.0732 -0.0657 0.9952
vn -0.0579 0.9829 0.1750
vn -0.0247 0.9030 -0.4289
vn -0.0243 -0.8121 0.5831
vn -0.2579 0.2939 0.9204
vn -0.0752 0.9649 -0.2516
vn -0.2420 0.1050 0.9646
vn -0.1250 0.9906 -0.0553
vn -0.2182 -0.0790 0.9727
vn -0.1715 0.9734 0.1521
vn -0.1882 -0.2537 0.9488
vn -0.2112 0.9094 0.3584
vn -0.1532 -0.4164 0.8962
vn -0.2410 0.8001 0.5494
vn -0.1138 -0.5651 0.8171
vn -0.2587 0.6530 0.7117
vn -0.0706 -0.6980 0.7126
vn -0.2641 0.4801 0.8365
vn -0.3443 0.8883 0.3038
vn -0.2509 -0.4380 0.8633
vn -0.3942 0.7779 0.4894
vn -0.1859 -0.5818 0.7918
vn -0.4247 0.6298 0.6504
vn -0.1152 -0.7085 0.6962
vn -0.4345 0.4555 0.7770
vn -0.0402 0.8995 -0.4351
vn -0.0394 -0.8156 0.5772
vn -0.4249 0.2679 0.8647
vn -0.1219 0.9548 -0.2710
vn -0.3986 0.0781 0.9138
vn -0.2028 0.9752 -0.0882
vn -0.3591 -0.1057 0.9273
vn -0.2787 0.9544 0.1069
vn -0.3092 -0.2787 0.9093
vn -0.5832 0.2283 0.7796
vn -0.1637 0.9401 -0.2991
vn -0.5473 0.0375 0.8361
vn -0.2725 0.9525 -0.1359
vn -0.4923 -0.1456 0.8582
vn -0.3753 0.9260 0.0411
vn -0.4227 -0.3157 0.8495
vn -0.4654 0.8564 0.2235
vn -0.3419 -0.4697 0.8139
vn -0.5355 0.7438 0.4000
vn -0.2524 -0.6062 0.7542
vn -0.5796 0.5940 0.5578
vn -0.1557 -0.7238 0.6722
vn -0.5952 0.4178 0.6865
vn -0.0540 0.8944 -0.4441
vn -0.0531 -0.8208 0.5687
vn -0.4228 -0.5107 0.7486
vn -0.6583 0.6975 0.2829
vn -0.3107 -0.6374 0.7051
vn -0.7168 0.5452 0.4348
vn -0.1908 -0.7434 0.6411
vn -0.7396 0.3665 0.5645
vn -0.0658 0.8878 -0.4555
vn -0.0648 -0.8275 0.5578
vn -0.7268 0.1750 0.6642
vn -0.1988 0.9211 -0.3346
vn -0.6825 -0.0165 0.7307
vn -0.3310 0.9230 -0.1961
vn -0.6131 -0.1982 0.7648
vn -0.4569 0.8885 -0.0427
vn -0.5248 -0.3639 0.7695
vn -0.5690 0.8135 0.1200
vn -0.2259 0.8987 -0.3760
vn -0.7974 -0.0830 0.5977
vn -0.3759 0.8876 -0.2662
vn -0.7157 -0.2621 0.6474
vn -0.5197 0.8427 -0.1407
vn -0.6110 -0.4220 0.6698
vn -0.6496 0.7602 -0.0026
vn -0.4902 -0.5597 0.6682
vn -0.7558 0.6393 0.1420
vn -0.3585 -0.6744 0.6455
vn -0.8281 0.4834 0.2839
vn -0.2191 -0.7664 0.6039
vn -0.8594 0.3020 0.4126
vn -0.0749 0.8801 -0.4689
vn -0.0741 -0.8352 0.5449
vn -0.8478 0.1086 0.5190
vn -0.8212 0.5704 -0.0167
vn -0.3935 -0.7158 0.5769
vn -0.9053 0.4101 0.1109
vn -0.2394 -0.7919 0.5617
vn -0.9453 0.2259 0.2355
vn -0.0811 0.8715 -0.4837
vn -0.0806 -0.8439 0.5304
vn -0.9372 0.0311 0.3475
vn -0.2439 0.8735 -0.4213
vn -0.8838 -0.1599 0.4396
vn -0.4053 0.8475 -0.3429
vn -0.7935 -0.3352 0.5080
vn -0.5606 0.7900 -0.2483
vn -0.6760 -0.4877 0.5524
vn -0.7025 0.6980 -0.1385
vn -0.5405 -0.6146 0.5745
vn -0.9338 -0.2433 0.2623
vn -0.4180 0.8042 -0.4226
vn -0.8398 -0.4139 0.3512
vn -0.5776 0.7326 -0.3600
vn -0.7152 -0.5581 0.4207
vn -0.7246 0.6295 -0.2804
vn -0.5705 -0.6732 0.4704
vn -0.8498 0.4939 -0.1843
vn -0.4139 -0.7596 0.5017
vn -0.9415 0.3286 -0.0749
vn -0.2506 -0.8190 0.5161
vn -0.9890 0.1416 0.0417
vn -0.0842 0.8624 -0.4993
vn -0.0840 -0.8530 0.5151
vn -0.9861 -0.0540 0.1569
vn -0.2522 0.8466 -0.4686
vn -0.4180 -0.8042 0.4225
vn -0.9338 0.2433 -0.2623
vn -0.2522 -0.8466 0.4687
vn -0.9861 0.0540 -0.1569
vn -0.0840 0.8530 -0.5151
vn -0.0842 -0.8624 0.4993
vn -0.9891 -0.1416 -0.0417
vn -0.2506 0.8190 -0.5161
vn -0.9415 -0.3286 0.0749
vn -0.4139 0.7596 -0.5017
vn -0.8498 -0.4939 0.1843
vn -0.5705 0.6732 -0.4704
vn -0.7246 -0.6295 0.2804
vn -0.7152 0.5581 -0.4207
vn -0.5776 -0.7327 0.3600
vn -0.8398 0.4139 -0.3512
vn -0.8212 -0.5704 0.0167
vn -0.5405 0.6146 -0.5745
vn -0.7025 -0.6980 0.1385
vn -0.6760 0.4877 -0.5524
vn -0.5606 -0.7900 0.2483
vn -0.7935 0.3352 -0.5080
vn -0.4053 -0.8475 0.3429
vn -0.8838 0.1599 -0.4396
vn -0.2440 -0.8735 0.4213
vn -0.9372 -0.0311 -0.3475
vn -0.0806 0.8439 -0.5304
vn -0.0811 -0.8715 0.4837
vn -0.9453 -0.2259 -0.2355
vn -0.2394 0.7919 -0.5617
vn -0.9053 -0.4101 -0.1109
vn -0.3935 0.7158 -0.5769
vn -0.2259 -0.8987 0.3760
vn -0.8478 -0.1086 -0.5191
vn -0.0741 0.8352 -0.5449
vn -0.0749 -0.8801 0.4689
vn -0.8594 -0.3020 -0.4126
vn -0.2191 0.7664 -0.6039
vn -0.8281 -0.4834 -0.2839
vn -0.3585 0.6744 -0.6455
vn -0.7558 -0.6392 -0.1420
vn -0.4902 0.5597 -0.6682
vn -0.6496 -0.7602 0.0026
vn -0.6109 0.4220 -0.6698
vn -0.5197 -0.8427 0.1407
vn -0.7157 0.2621 -0.6474
vn -0.3759 -0.8876 0.2662
vn -0.7974 0.0830 -0.5977
vn -0.4228 0.5107 -0.7486
vn -0.5690 -0.8135 -0.1200
vn -0.5248 0.3639 -0.7695
vn -0.4570 -0.8885 0.0427
vn -0.6131 0.1982 -0.7648
vn -0.3310 -0.9230 0.1961
vn -0.6825 0.0165 -0.7307
vn -0.1988 -0.9211 0.3346
vn -0.7268 -0.1750 -0.6642
vn -0.0649 0.8275 -0.5578
vn -0.0658 -0.8878 0.4555
vn -0.7396 -0.3665 -0.5645
vn -0.1908 0.7434 -0.6411
vn -0.7168 -0.5452 -0.4348
vn -0.3107 0.6374 -0.7051
vn -0.6583 -0.6975 -0.2829
vn -0.5832 -0.2283 -0.7796
vn -0.0531 0.8208 -0.5687
vn -0.0540 -0.8944 0.4441
vn -0.5952 -0.4178 -0.6865
vn -0.1557 0.7238 -0.6722
vn -0.5796 -0.5940 -0.5579
vn -0.2523 0.6062 -0.7542
vn -0.5355 -0.7438 -0.4000
vn -0.3419 0.4697 -0.8139
vn -0.4654 -0.8564 -0.2235
vn -0.4227 0.3157 -0.8495
vn -0.3753 -0.9260 -0.0411
vn -0.4923 0.1456 -0.8582
vn -0.2725 -0.9525 0.1359
vn -0.5473 -0.0375 -0.8361
vn -0.1637 -0.9401 0.2991
vn -0.3443 -0.8883 -0.3038
vn -0.3092 0.2787 -0.9093
vn -0.2787 -0.9544 -0.1069
vn -0.3591 0.1057 -0.9273
vn -0.2029 -0.9752 0.0882
vn -0.3986 -0.0781 -0.9138
vn -0.1220 -0.9548 0.2710
vn -0.4249 -0.2678 -0.8647
vn -0.0394 0.8156 -0.5772
vn -0.0402 -0.8995 0.4351
vn -0.4345 -0.4555 -0.7770
vn -0.1152 0.7085 -0.6962
vn -0.4247 -0.6298 -0.6504
vn -0.1859 0.5818 -0.7918
vn -0.3942 -0.7779 -0.4894
vn -0.2509 0.4380 -0.8633
vn -0.0243 0.8121 -0.5831
vn -0.0247 -0.9030 0.4289
vn -0.2641 -0.4801 -0.8365
vn -0.0707 0.6980 -0.7126
vn -0.2587 -0.6530 -0.7117
vn -0.1138 0.5651 -0.8171
vn -0.2410 -0.8001 -0.5494
vn -0.1532 0.4164 -0.8962
vn -0.2112 -0.9094 -0.3584
vn -0.1882 0.2537 -0.9488
vn -0.1715 -0.9734 -0.1521
vn -0.2182 0.0790 -0.9727
vn -0.1250 -0.9906 0.0553
vn -0.2420 -0.1050 -0.9646
vn -0.0752 -0.9649 0.2516
vn -0.2579 -0.2939 -0.9204
vn -0.0632 0.2412 -0.9684
vn -0.0579 -0.9829 -0.1750
vn -0.0732 0.0657 -0.9952
vn -0.0422 -0.9984 0.0384
vn -0.0811 -0.1184 -0.9896
vn -0.0254 -0.9700 0.2416
vn -0.0864 -0.3068 -0.9478
vn -0.0082 0.8102 -0.5860
vn -0.0084 -0.9048 0.4257
vn -0.0885 -0.4922 -0.8659
vn -0.0238 0.6926 -0.7209
vn -0.0869 -0.6645 -0.7423
vn -0.0383 0.5567 -0.8298
vn -0.0810 -0.8110 -0.5795
vn -0.0515 0.4055 -0.9127
vn -0.0712 -0.9198 -0.3860
vn 0.0422 -0.9984 0.0385
vn 0.0383 0.5567 -0.8299
vn 0.2587 -0.6530 -0.7117
vn 0.4249 -0.2678 -0.8647
vn 0.1151 0.7085 -0.6962
vn 0.2028 -0.9752 0.0882
vn 0.1908 0.7434 -0.6411
vn 0.4569 -0.8885 0.0427
vn 0.6131 0.1981 -0.7648
vn 0.1989 -0.9211 0.3346
vn 0.6110 0.4220 -0.6698
vn 0.8478 -0.1086 -0.5190
vn 0.7025 -0.6981 0.1385
vn 0.4180 -0.8042 0.4225
vn 0.9861 0.0540 -0.1569
vn 0.9890 -0.1416 -0.0417
vn 0.4139 0.7596 -0.5017
vn 0.2522 0.8466 -0.4686
vn 0.9891 0.1416 0.0417
vn 0.9861 -0.0540 0.1570
vn 0.8212 0.5704 -0.0166
vn 0.2440 0.8735 -0.4213
vn 0.7558 0.6392 0.1420
vn 0.2191 -0.7664 0.6039
vn 0.8478 0.1086 0.5191
vn 0.1988 0.9211 -0.3346
vn 0.4569 0.8885 -0.0427
vn 0.5472 0.0375 0.8361
vn 0.1152 -0.7085 0.6962
vn 0.2029 0.9752 -0.0882
vn 0.1859 -0.5818 0.7918
vn 0.2587 0.6530 0.7118
vn 0.0238 -0.6926 0.7209
vn 0.0422 0.9984 -0.0384
vn 0.0712 0.9198 0.3860
vn 0.0383 -0.5567 0.8298
vn -0.0383 -0.5567 0.8298
vn -0.0422 0.9984 -0.0384
vn -0.2588 0.6530 0.7117
vn -0.0707 -0.6980 0.7126
vn -0.4249 0.2678 0.8647
vn -0.2029 0.9752 -0.0882
vn -0.1908 -0.7433 0.6411
vn -0.6131 -0.1981 0.7648
vn -0.6109 -0.4220 0.6698
vn -0.7558 0.6392 0.1420
vn -0.8478 0.1086 0.5191
vn -0.2440 0.8735 -0.4213
vn -0.4180 0.8042 -0.4225
vn -0.5776 0.7327 -0.3600
vn -0.9891 0.1416 0.0417
vn -0.4180 -0.8042 0.4226
vn -0.2522 -0.8466 0.4686
vn -0.9890 -0.1416 -0.0417
vn -0.5776 -0.7326 0.3600
vn -0.7025 -0.6981 0.1385
vn -0.8478 -0.1086 -0.5190
vn -0.7558 -0.6393 -0.1420
vn -0.6496 -0.7603 0.0026
vn -0.6110 0.4220 -0.6698
vn -0.5796 -0.5940 -0.5578
vn -0.2524 0.6062 -0.7542
vn -0.4226 0.3157 -0.8495
vn -0.2028 -0.9752 0.0882
vn -0.1219 -0.9548 0.2710
vn -0.1151 0.7085 -0.6962
vn -0.1860 0.5818 -0.7918
vn -0.2588 -0.6530 -0.7117
vn -0.0423 -0.9984 0.0385
vn -0.0383 0.5567 -0.8299
vn -0.0711 -0.9198 -0.3860
vt 0.545458 0.888266
vt 0.547457 0.883475
vt 0.548331 0.887554
vt 0.545458 0.858265
vt 0.547457 0.863056
vt 0.544412 0.862530
vt 0.547116 0.893198
vt 0.549716 0.892323
vt 0.546921 0.866687
vt 0.543777 0.866348
vt 0.549775 0.899181
vt 0.551958 0.898222
vt 0.546628 0.870044
vt 0.543441 0.869883
vt 0.554366 0.907324
vt 0.555906 0.906514
vt 0.546528 0.873266
vt 0.543354 0.873266
vt 0.554366 0.839207
vt 0.560225 0.830616
vt 0.555905 0.840017
vt 0.560225 0.915915
vt 0.543441 0.876648
vt 0.546628 0.876487
vt 0.551958 0.848309
vt 0.549775 0.847350
vt 0.543777 0.880183
vt 0.546921 0.879844
vt 0.549716 0.854208
vt 0.547116 0.853333
vt 0.544412 0.884002
vt 0.548331 0.858977
vt 0.549982 0.879627
vt 0.550438 0.883132
vt 0.551173 0.859457
vt 0.551173 0.887075
vt 0.550438 0.863399
vt 0.552331 0.891710
vt 0.549982 0.866905
vt 0.554210 0.897515
vt 0.549727 0.870147
vt 0.557553 0.905884
vt 0.549635 0.873266
vt 0.561202 0.831125
vt 0.557553 0.840647
vt 0.561202 0.915405
vt 0.549727 0.876384
vt 0.554210 0.849016
vt 0.552331 0.854821
vt 0.556540 0.897018
vt 0.559309 0.905409
vt 0.552742 0.873266
vt 0.562316 0.831545
vt 0.559309 0.841123
vt 0.562316 0.914986
vt 0.552821 0.876326
vt 0.556540 0.849513
vt 0.553038 0.879503
vt 0.554991 0.855227
vt 0.553423 0.882929
vt 0.554034 0.859756
vt 0.554034 0.886775
vt 0.553422 0.863602
vt 0.554991 0.891304
vt 0.553038 0.867028
vt 0.552821 0.870205
vt 0.556953 0.859921
vt 0.556459 0.882827
vt 0.556953 0.886610
vt 0.556459 0.863704
vt 0.557720 0.891058
vt 0.556146 0.867084
vt 0.558956 0.896688
vt 0.555967 0.870229
vt 0.561174 0.905057
vt 0.555902 0.873266
vt 0.563557 0.831895
vt 0.561174 0.841474
vt 0.563558 0.914636
vt 0.555967 0.876302
vt 0.558956 0.849843
vt 0.556146 0.879447
vt 0.557720 0.855473
vt 0.559145 0.873266
vt 0.564902 0.832203
vt 0.563136 0.841734
vt 0.564902 0.914328
vt 0.563136 0.904797
vt 0.559197 0.876300
vt 0.561458 0.850048
vt 0.559335 0.879436
vt 0.560529 0.855606
vt 0.559575 0.882794
vt 0.559950 0.859995
vt 0.559950 0.886536
vt 0.559574 0.863737
vt 0.560529 0.890925
vt 0.559335 0.867095
vt 0.561458 0.896483
vt 0.559197 0.870231
vt 0.562774 0.882797
vt 0.563028 0.886514
vt 0.562774 0.863734
vt 0.563417 0.890860
vt 0.562611 0.867083
vt 0.564038 0.896360
vt 0.562517 0.870222
vt 0.565176 0.904597
vt 0.562480 0.873266
vt 0.566315 0.832494
vt 0.565176 0.841934
vt 0.566315 0.914037
vt 0.562517 0.876309
vt 0.564038 0.850171
vt 0.562611 0.879448
vt 0.563417 0.855671
vt 0.563028 0.860017
vt 0.567746 0.913753
vt 0.567260 0.904436
vt 0.565890 0.873266
vt 0.565911 0.876321
vt 0.566677 0.850247
vt 0.565960 0.879466
vt 0.566366 0.855704
vt 0.566042 0.882810
vt 0.566170 0.860020
vt 0.566170 0.886511
vt 0.566042 0.863721
vt 0.566366 0.890827
vt 0.565960 0.867065
vt 0.566677 0.896284
vt 0.565911 0.870210
vt 0.567746 0.832778
vt 0.567260 0.842095
vt 0.569347 0.886505
vt 0.569347 0.890800
vt 0.569347 0.867052
vt 0.569347 0.896230
vt 0.569347 0.870197
vt 0.569347 0.904308
vt 0.569347 0.873266
vt 0.569144 0.833050
vt 0.569347 0.842223
vt 0.569144 0.913482
vt 0.569347 0.876334
vt 0.569347 0.850301
vt 0.569347 0.879479
vt 0.569347 0.855731
vt 0.569347 0.882817
vt 0.569347 0.860026
vt 0.569347 0.863714
vt 0.571434 0.842095
vt 0.572017 0.850247
vt 0.572734 0.879466
vt 0.572328 0.855704
vt 0.572652 0.882810
vt 0.572523 0.860020
vt 0.572523 0.886511
vt 0.572652 0.863721
vt 0.572328 0.890827
vt 0.572734 0.867065
vt 0.572017 0.896284
vt 0.572783 0.870210
vt 0.571434 0.904436
vt 0.572803 0.873266
vt 0.569550 0.833050
vt 0.569550 0.913482
vt 0.572783 0.876321
vt 0.575920 0.863734
vt 0.576083 0.867083
vt 0.574656 0.896360
vt 0.576177 0.870222
vt 0.573518 0.904597
vt 0.576214 0.873266
vt 0.570948 0.832778
vt 0.573518 0.841934
vt 0.570948 0.913753
vt 0.576177 0.876309
vt 0.574656 0.850171
vt 0.576083 0.879448
vt 0.575277 0.855671
vt 0.575920 0.882797
vt 0.575666 0.860017
vt 0.575666 0.886514
vt 0.575277 0.890860
vt 0.579359 0.879436
vt 0.577236 0.850048
vt 0.578164 0.855606
vt 0.579119 0.882794
vt 0.578744 0.859995
vt 0.578744 0.886536
vt 0.579119 0.863737
vt 0.578164 0.890925
vt 0.579359 0.867095
vt 0.577236 0.896483
vt 0.579497 0.870231
vt 0.575557 0.904797
vt 0.579549 0.873266
vt 0.572379 0.832494
vt 0.575557 0.841734
vt 0.572379 0.914037
vt 0.579497 0.876300
vt 0.579738 0.896688
vt 0.582548 0.867084
vt 0.582727 0.870229
vt 0.577520 0.905057
vt 0.582792 0.873266
vt 0.573792 0.832204
vt 0.577520 0.841474
vt 0.573792 0.914328
vt 0.582727 0.876302
vt 0.579738 0.849843
vt 0.582548 0.879447
vt 0.580974 0.855473
vt 0.582235 0.882827
vt 0.581740 0.859921
vt 0.581741 0.886610
vt 0.582235 0.863704
vt 0.580974 0.891058
vt 0.582154 0.849513
vt 0.583703 0.855227
vt 0.585271 0.882929
vt 0.584659 0.859756
vt 0.584659 0.886775
vt 0.585271 0.863602
vt 0.583703 0.891304
vt 0.585656 0.867028
vt 0.582154 0.897018
vt 0.585873 0.870205
vt 0.579385 0.905409
vt 0.585952 0.873266
vt 0.575136 0.831895
vt 0.579384 0.841123
vt 0.575136 0.914636
vt 0.585873 0.876326
vt 0.585656 0.879503
vt 0.588712 0.866904
vt 0.588967 0.870147
vt 0.581141 0.905884
vt 0.589058 0.873266
vt 0.576377 0.831545
vt 0.581141 0.840647
vt 0.576377 0.914986
vt 0.588967 0.876384
vt 0.584484 0.849016
vt 0.588712 0.879627
vt 0.586363 0.854821
vt 0.588256 0.883132
vt 0.587521 0.859457
vt 0.587521 0.887074
vt 0.588256 0.863399
vt 0.586363 0.891710
vt 0.584484 0.897515
vt 0.591236 0.883475
vt 0.588978 0.854208
vt 0.590363 0.858977
vt 0.590363 0.887554
vt 0.591236 0.863056
vt 0.588978 0.892323
vt 0.591772 0.866687
vt 0.586736 0.898222
vt 0.592065 0.870044
vt 0.582788 0.906514
vt 0.592165 0.873266
vt 0.577492 0.831126
vt 0.582788 0.840017
vt 0.577492 0.915406
vt 0.592065 0.876487
vt 0.586736 0.848309
vt 0.591773 0.879844
vt 0.584328 0.907324
vt 0.595252 0.869883
vt 0.595340 0.873266
vt 0.578469 0.830616
vt 0.584327 0.839207
vt 0.578469 0.915915
vt 0.595252 0.876648
vt 0.588918 0.847350
vt 0.594917 0.880183
vt 0.591578 0.853333
vt 0.594281 0.884001
vt 0.593236 0.858265
vt 0.593236 0.888266
vt 0.594281 0.862530
vt 0.591578 0.893198
vt 0.594917 0.866348
vt 0.588919 0.899181
vt 0.597471 0.884771
vt 0.596201 0.889258
vt 0.597471 0.861760
vt 0.594206 0.894360
vt 0.598245 0.865823
vt 0.591062 0.900389
vt 0.598655 0.869613
vt 0.585828 0.908244
vt 0.598770 0.873266
vt 0.579885 0.829669
vt 0.585828 0.838287
vt 0.579885 0.916863
vt 0.598655 0.876918
vt 0.591061 0.846142
vt 0.598245 0.880708
vt 0.594206 0.852171
vt 0.596201 0.857273
vt 0.580582 0.829055
vt 0.587225 0.837137
vt 0.580582 0.917476
vt 0.587225 0.909394
vt 0.602555 0.873265
vt 0.602404 0.877294
vt 0.593154 0.844586
vt 0.601878 0.881446
vt 0.596881 0.850621
vt 0.600898 0.885844
vt 0.599316 0.855915
vt 0.599316 0.890616
vt 0.600898 0.860687
vt 0.596881 0.895910
vt 0.601878 0.865085
vt 0.593154 0.901945
vt 0.602404 0.869237
vt 0.604683 0.859217
vt 0.602654 0.892441
vt 0.599629 0.897931
vt 0.605972 0.864062
vt 0.595187 0.903895
vt 0.606677 0.868714
vt 0.588509 0.910783
vt 0.606886 0.873265
vt 0.581135 0.828367
vt 0.588509 0.835748
vt 0.581136 0.918164
vt 0.606677 0.877817
vt 0.595187 0.842636
vt 0.605972 0.882469
vt 0.599629 0.848600
vt 0.604683 0.887314
vt 0.602654 0.854090
vt 0.612007 0.873265
vt 0.611706 0.878548
vt 0.597136 0.840241
vt 0.610718 0.883884
vt 0.602459 0.846006
vt 0.608960 0.889315
vt 0.606283 0.851668
vt 0.606283 0.894863
vt 0.608959 0.857215
vt 0.602459 0.900525
vt 0.610718 0.862646
vt 0.597136 0.906290
vt 0.611706 0.867983
vt 0.589660 0.912412
vt 0.581543 0.827654
vt 0.589660 0.834120
vt 0.581543 0.918878
vt 0.610257 0.898066
vt 0.605352 0.903817
vt 0.616359 0.860674
vt 0.598950 0.909177
vt 0.617797 0.866951
vt 0.590645 0.914272
vt 0.618249 0.873265
vt 0.581798 0.826973
vt 0.590645 0.832259
vt 0.581798 0.919558
vt 0.617797 0.879580
vt 0.598950 0.837354
vt 0.616359 0.885857
vt 0.605352 0.842714
vt 0.613878 0.892044
vt 0.610257 0.848465
vt 0.613878 0.854487
vt 0.600544 0.833935
vt 0.625386 0.881072
vt 0.623206 0.888654
vt 0.608233 0.838572
vt 0.619596 0.895799
vt 0.614593 0.844228
vt 0.614594 0.902303
vt 0.619596 0.850731
vt 0.608234 0.907959
vt 0.623206 0.857876
vt 0.600544 0.912596
vt 0.625386 0.865459
vt 0.591418 0.916342
vt 0.626091 0.873265
vt 0.581899 0.826390
vt 0.591418 0.830190
vt 0.581899 0.920142
vt 0.631657 0.853797
vt 0.610944 0.913127
vt 0.601781 0.916569
vt 0.635118 0.863212
vt 0.591918 0.918584
vt 0.636307 0.873265
vt 0.581854 0.825965
vt 0.591918 0.827947
vt 0.581854 0.920567
vt 0.635118 0.883319
vt 0.601781 0.829962
vt 0.631657 0.892733
vt 0.610944 0.833404
vt 0.626250 0.901047
vt 0.619225 0.838605
vt 0.619225 0.907926
vt 0.626249 0.845484
vt 0.647975 0.886952
vt 0.642190 0.898890
vt 0.613187 0.827037
vt 0.633896 0.908501
vt 0.623933 0.831127
vt 0.623933 0.915404
vt 0.633896 0.838029
vt 0.613187 0.919494
vt 0.642189 0.847640
vt 0.602463 0.921071
vt 0.647975 0.859578
vt 0.592078 0.920941
vt 0.650447 0.873265
vt 0.581713 0.825755
vt 0.592078 0.825590
vt 0.581714 0.920777
vt 0.602462 0.825461
vt 0.525507 0.919494
vt 0.536913 0.916569
vt 0.536232 0.921071
vt 0.490719 0.859579
vt 0.507037 0.853798
vt 0.503575 0.863212
vt 0.546776 0.918584
vt 0.546616 0.920941
vt 0.488247 0.873266
vt 0.502386 0.873266
vt 0.546616 0.825590
vt 0.556980 0.825754
vt 0.546776 0.827947
vt 0.556980 0.920777
vt 0.503575 0.883319
vt 0.490719 0.886953
vt 0.536231 0.825461
vt 0.536913 0.829962
vt 0.507037 0.892734
vt 0.496504 0.898891
vt 0.525507 0.827037
vt 0.527749 0.833404
vt 0.512444 0.901047
vt 0.504798 0.908502
vt 0.514761 0.831127
vt 0.519468 0.838606
vt 0.519469 0.907926
vt 0.514761 0.915404
vt 0.504798 0.838030
vt 0.512444 0.845484
vt 0.527750 0.913127
vt 0.496504 0.847641
vt 0.519098 0.895800
vt 0.530460 0.838572
vt 0.524100 0.844228
vt 0.524100 0.902303
vt 0.519098 0.850732
vt 0.530460 0.907959
vt 0.515488 0.857877
vt 0.538150 0.912596
vt 0.513308 0.865459
vt 0.547276 0.916341
vt 0.512603 0.873266
vt 0.556840 0.825964
vt 0.547276 0.830189
vt 0.556840 0.920566
vt 0.513308 0.881072
vt 0.538150 0.833935
vt 0.515488 0.888655
vt 0.548049 0.914272
vt 0.520896 0.866951
vt 0.520445 0.873266
vt 0.556795 0.826389
vt 0.548048 0.832259
vt 0.556795 0.920141
vt 0.520896 0.879580
vt 0.539744 0.837354
vt 0.522335 0.885857
vt 0.533342 0.842714
vt 0.524816 0.892044
vt 0.528436 0.848465
vt 0.528436 0.898066
vt 0.524816 0.854487
vt 0.533342 0.903817
vt 0.522335 0.860674
vt 0.539744 0.909177
vt 0.536234 0.846006
vt 0.532411 0.851668
vt 0.532411 0.894863
vt 0.529734 0.857216
vt 0.536235 0.900525
vt 0.527976 0.862647
vt 0.541558 0.906290
vt 0.526988 0.867983
vt 0.549034 0.912412
vt 0.526687 0.873266
vt 0.556895 0.826973
vt 0.549034 0.834119
vt 0.556895 0.919558
vt 0.526988 0.878548
vt 0.541558 0.840241
vt 0.527976 0.883885
vt 0.529734 0.889316
vt 0.532016 0.868714
vt 0.531807 0.873266
vt 0.557151 0.827653
vt 0.550185 0.835748
vt 0.557151 0.918877
vt 0.550185 0.910783
vt 0.532016 0.877817
vt 0.543506 0.842636
vt 0.532722 0.882469
vt 0.539065 0.848600
vt 0.534011 0.887314
vt 0.536040 0.854090
vt 0.536040 0.892441
vt 0.534011 0.859217
vt 0.539065 0.897931
vt 0.532722 0.864062
vt 0.543507 0.903895
vt 0.539378 0.890616
vt 0.539378 0.855915
vt 0.537796 0.860687
vt 0.541813 0.895910
vt 0.536815 0.865085
vt 0.545540 0.901945
vt 0.536290 0.869237
vt 0.551469 0.909394
vt 0.536138 0.873266
vt 0.557558 0.828367
vt 0.551469 0.837137
vt 0.557558 0.918164
vt 0.536290 0.877294
vt 0.545539 0.844586
vt 0.536815 0.881446
vt 0.541812 0.850621
vt 0.537796 0.885844
vt 0.558112 0.829055
vt 0.552866 0.838287
vt 0.558112 0.917476
vt 0.552866 0.908244
vt 0.540038 0.876918
vt 0.547632 0.846142
vt 0.540449 0.880708
vt 0.544488 0.852171
vt 0.541223 0.884771
vt 0.542493 0.857274
vt 0.542493 0.889258
vt 0.541223 0.861760
vt 0.544488 0.894360
vt 0.540448 0.865823
vt 0.547632 0.900389
vt 0.540038 0.869613
vt 0.539924 0.873266
vt 0.558809 0.829668
vt 0.558809 0.916862
s 0
usemtl bechar
f 1745/1594/1562 1283/1595/1562 1284/1596/1562
f 1742/1597/1563 1277/1598/1563 1268/1599/1563
f 1746/1600/1564 1284/1596/1564 1285/1601/1564
f 1268/1599/1565 1278/1602/1565 1743/1603/1565
f 1747/1604/1566 1285/1601/1566 1286/1605/1566
f 1743/1603/1567 1279/1606/1567 1269/1607/1567
f 1748/1608/1568 1286/1605/1568 1287/1609/1568
f 1269/1607/1569 1280/1610/1569 1270/1611/1569
f 1740/1612/1570 1348/1613/1570 1273/1614/1570
f 1574/1615/1571 1748/1608/1571 1287/1609/1571
f 1271/1616/1572 1280/1610/1572 1281/1617/1572
f 1740/1612/1573 1274/1618/1573 1741/1619/1573
f 1744/1620/1574 1281/1617/1574 1282/1621/1574
f 1741/1619/1575 1275/1622/1575 1267/1623/1575
f 1272/1624/1576 1282/1621/1576 1283/1595/1576
f 1267/1623/1577 1276/1625/1577 1742/1597/1577
f 1283/1595/1578 1297/1626/1578 1298/1627/1578
f 1275/1622/1579 1291/1628/1579 1276/1625/1579
f 1284/1596/1580 1298/1627/1580 1299/1629/1580
f 1276/1625/1581 1292/1630/1581 1277/1598/1581
f 1285/1601/1582 1299/1629/1582 1300/1631/1582
f 1277/1598/1583 1293/1632/1583 1278/1602/1583
f 1286/1605/1584 1300/1631/1584 1301/1633/1584
f 1278/1602/1585 1294/1634/1585 1279/1606/1585
f 1287/1609/1586 1301/1633/1586 1302/1635/1586
f 1279/1606/1587 1295/1636/1587 1280/1610/1587
f 1273/1614/1588 1348/1637/1588 1288/1638/1588
f 1574/1639/1589 1287/1609/1589 1302/1635/1589
f 1281/1617/1590 1295/1636/1590 1296/1640/1590
f 1273/1614/1591 1289/1641/1591 1274/1618/1591
f 1282/1621/1592 1296/1640/1592 1297/1626/1592
f 1274/1618/1593 1290/1642/1593 1275/1622/1593
f 1302/1635/1594 1316/1643/1594 1317/1644/1594
f 1294/1634/1595 1310/1645/1595 1295/1636/1595
f 1288/1638/1596 1348/1646/1596 1303/1647/1596
f 1574/1648/1597 1302/1635/1597 1317/1644/1597
f 1296/1640/1598 1310/1645/1598 1311/1649/1598
f 1288/1638/1599 1304/1650/1599 1289/1641/1599
f 1297/1626/1600 1311/1649/1600 1312/1651/1600
f 1289/1641/1601 1305/1652/1601 1290/1642/1601
f 1298/1627/1602 1312/1651/1602 1313/1653/1602
f 1290/1642/1603 1306/1654/1603 1291/1628/1603
f 1299/1629/1604 1313/1653/1604 1314/1655/1604
f 1291/1628/1605 1307/1656/1605 1292/1630/1605
f 1300/1631/1606 1314/1655/1606 1315/1657/1606
f 1292/1630/1607 1308/1658/1607 1293/1632/1607
f 1301/1633/1608 1315/1657/1608 1316/1643/1608
f 1293/1632/1609 1309/1659/1609 1294/1634/1609
f 1305/1652/1610 1321/1660/1610 1306/1654/1610
f 1314/1655/1611 1328/1661/1611 1329/1662/1611
f 1306/1654/1612 1322/1663/1612 1307/1656/1612
f 1315/1657/1613 1329/1662/1613 1330/1664/1613
f 1307/1656/1614 1323/1665/1614 1308/1658/1614
f 1316/1643/1615 1330/1664/1615 1331/1666/1615
f 1308/1658/1616 1324/1667/1616 1309/1659/1616
f 1317/1644/1617 1331/1666/1617 1332/1668/1617
f 1309/1659/1618 1325/1669/1618 1310/1645/1618
f 1303/1647/1619 1348/1670/1619 1318/1671/1619
f 1574/1672/1620 1317/1644/1620 1332/1668/1620
f 1311/1649/1621 1325/1669/1621 1326/1673/1621
f 1303/1647/1622 1319/1674/1622 1304/1650/1622
f 1312/1651/1623 1326/1673/1623 1327/1675/1623
f 1304/1650/1624 1320/1676/1624 1305/1652/1624
f 1313/1653/1625 1327/1675/1625 1328/1661/1625
f 1324/1667/1626 1340/1677/1626 1325/1669/1626
f 1318/1671/1627 1348/1678/1627 1333/1679/1627
f 1574/1680/1628 1332/1668/1628 1347/1681/1628
f 1326/1673/1629 1340/1677/1629 1341/1682/1629
f 1318/1671/1630 1334/1683/1630 1319/1674/1630
f 1327/1675/1631 1341/1682/1631 1342/1684/1631
f 1319/1674/1632 1335/1685/1632 1320/1676/1632
f 1328/1661/1633 1342/1684/1633 1343/1686/1633
f 1320/1676/1634 1336/1687/1634 1321/1660/1634
f 1329/1662/1635 1343/1686/1635 1344/1688/1635
f 1321/1660/1636 1337/1689/1636 1322/1663/1636
f 1330/1664/1637 1344/1688/1637 1345/1690/1637
f 1322/1663/1638 1338/1691/1638 1323/1665/1638
f 1331/1666/1639 1345/1690/1639 1346/1692/1639
f 1323/1665/1640 1339/1693/1640 1324/1667/1640
f 1332/1668/1641 1346/1692/1641 1347/1681/1641
f 1344/1688/1642 1359/1694/1642 1360/1695/1642
f 1336/1687/1643 1353/1696/1643 1337/1689/1643
f 1345/1690/1644 1360/1695/1644 1361/1697/1644
f 1337/1689/1645 1354/1698/1645 1338/1691/1645
f 1346/1692/1646 1361/1697/1646 1362/1699/1646
f 1338/1691/1647 1355/1700/1647 1339/1693/1647
f 1347/1681/1648 1362/1699/1648 1363/1701/1648
f 1339/1693/1649 1356/1702/1649 1340/1677/1649
f 1333/1679/1650 1348/1703/1650 1349/1704/1650
f 1574/1705/1651 1347/1681/1651 1363/1701/1651
f 1341/1682/1652 1356/1702/1652 1357/1706/1652
f 1333/1679/1653 1350/1707/1653 1334/1683/1653
f 1342/1684/1654 1357/1706/1654 1358/1708/1654
f 1334/1683/1655 1351/1709/1655 1335/1685/1655
f 1343/1686/1656 1358/1708/1656 1359/1694/1656
f 1335/1685/1657 1352/1710/1657 1336/1687/1657
f 1574/1711/1658 1363/1701/1658 1378/1712/1658
f 1357/1706/1659 1371/1713/1659 1372/1714/1659
f 1349/1704/1660 1365/1715/1660 1350/1707/1660
f 1358/1708/1661 1372/1714/1661 1373/1716/1661
f 1350/1707/1662 1366/1717/1662 1351/1709/1662
f 1359/1694/1663 1373/1716/1663 1374/1718/1663
f 1351/1709/1664 1367/1719/1664 1352/1710/1664
f 1360/1695/1665 1374/1718/1665 1375/1720/1665
f 1352/1710/1666 1368/1721/1666 1353/1696/1666
f 1361/1697/1667 1375/1720/1667 1376/1722/1667
f 1353/1696/1668 1369/1723/1668 1354/1698/1668
f 1362/1699/1669 1376/1722/1669 1377/1724/1669
f 1354/1698/1670 1370/1725/1670 1355/1700/1670
f 1363/1701/1671 1377/1724/1671 1378/1712/1671
f 1355/1700/1672 1371/1713/1672 1356/1702/1672
f 1349/1704/1673 1348/1726/1673 1364/1727/1673
f 1376/1722/1674 1390/1728/1674 1391/1729/1674
f 1368/1721/1675 1384/1730/1675 1369/1723/1675
f 1377/1724/1676 1391/1729/1676 1392/1731/1676
f 1369/1723/1677 1385/1732/1677 1370/1725/1677
f 1378/1712/1678 1392/1731/1678 1393/1733/1678
f 1370/1725/1679 1386/1734/1679 1371/1713/1679
f 1364/1727/1680 1348/1735/1680 1379/1736/1680
f 1574/1737/1681 1378/1712/1681 1393/1733/1681
f 1372/1714/1682 1386/1734/1682 1387/1738/1682
f 1364/1727/1683 1380/1739/1683 1365/1715/1683
f 1373/1716/1684 1387/1738/1684 1388/1740/1684
f 1365/1715/1685 1381/1741/1685 1366/1717/1685
f 1374/1718/1686 1388/1740/1686 1389/1742/1686
f 1366/1717/1687 1382/1743/1687 1367/1719/1687
f 1375/1720/1688 1389/1742/1688 1390/1728/1688
f 1367/1719/1689 1383/1744/1689 1368/1721/1689
f 1380/1739/1690 1394/1745/1690 1395/1746/1690
f 1387/1738/1691 1403/1747/1691 1388/1740/1691
f 1381/1741/1692 1395/1746/1692 1396/1748/1692
f 1388/1740/1693 1404/1749/1693 1389/1742/1693
f 1382/1743/1694 1396/1748/1694 1397/1750/1694
f 1389/1742/1695 1405/1751/1695 1390/1728/1695
f 1383/1744/1696 1397/1750/1696 1398/1752/1696
f 1390/1728/1697 1406/1753/1697 1391/1729/1697
f 1384/1730/1698 1398/1752/1698 1399/1754/1698
f 1391/1729/1699 1407/1755/1699 1392/1731/1699
f 1385/1732/1700 1399/1754/1700 1400/1756/1700
f 1392/1731/1701 1408/1757/1701 1393/1733/1701
f 1386/1734/1702 1400/1756/1702 1401/1758/1702
f 1379/1736/1703 1348/1759/1703 1394/1745/1703
f 1574/1760/1704 1393/1733/1704 1408/1757/1704
f 1386/1734/1705 1402/1761/1705 1387/1738/1705
f 1399/1754/1706 1413/1762/1706 1414/1763/1706
f 1406/1753/1707 1422/1764/1707 1407/1755/1707
f 1400/1756/1708 1414/1763/1708 1415/1765/1708
f 1407/1755/1709 1423/1766/1709 1408/1757/1709
f 1401/1758/1710 1415/1765/1710 1416/1767/1710
f 1394/1745/1711 1348/1768/1711 1409/1769/1711
f 1574/1770/1712 1408/1757/1712 1423/1766/1712
f 1401/1758/1713 1417/1771/1713 1402/1761/1713
f 1395/1746/1714 1409/1769/1714 1410/1772/1714
f 1402/1761/1715 1418/1773/1715 1403/1747/1715
f 1396/1748/1716 1410/1772/1716 1411/1774/1716
f 1403/1747/1717 1419/1775/1717 1404/1749/1717
f 1397/1750/1718 1411/1774/1718 1412/1776/1718
f 1404/1749/1719 1420/1777/1719 1405/1751/1719
f 1398/1752/1720 1412/1776/1720 1413/1762/1720
f 1405/1751/1721 1421/1778/1721 1406/1753/1721
f 1417/1771/1722 1433/1779/1722 1418/1773/1722
f 1411/1774/1723 1425/1780/1723 1426/1781/1723
f 1418/1773/1724 1434/1782/1724 1419/1775/1724
f 1412/1776/1725 1426/1781/1725 1427/1783/1725
f 1419/1775/1726 1435/1784/1726 1420/1777/1726
f 1413/1762/1727 1427/1783/1727 1428/1785/1727
f 1420/1777/1728 1436/1786/1728 1421/1778/1728
f 1414/1763/1729 1428/1785/1729 1429/1787/1729
f 1421/1778/1730 1437/1788/1730 1422/1764/1730
f 1415/1765/1731 1429/1787/1731 1430/1789/1731
f 1422/1764/1732 1438/1790/1732 1423/1766/1732
f 1416/1767/1733 1430/1789/1733 1431/1791/1733
f 1409/1769/1734 1348/1792/1734 1424/1793/1734
f 1574/1794/1735 1423/1766/1735 1438/1790/1735
f 1416/1767/1736 1432/1795/1736 1417/1771/1736
f 1410/1772/1737 1424/1793/1737 1425/1780/1737
f 1436/1786/1738 1452/1796/1738 1437/1788/1738
f 1430/1789/1739 1444/1797/1739 1445/1798/1739
f 1437/1788/1740 1453/1799/1740 1438/1790/1740
f 1431/1791/1741 1445/1798/1741 1446/1800/1741
f 1424/1793/1742 1348/1801/1742 1439/1802/1742
f 1574/1803/1743 1438/1790/1743 1453/1799/1743
f 1431/1791/1744 1447/1804/1744 1432/1795/1744
f 1425/1780/1745 1439/1802/1745 1440/1805/1745
f 1432/1795/1746 1448/1806/1746 1433/1779/1746
f 1426/1781/1747 1440/1805/1747 1441/1807/1747
f 1433/1779/1748 1449/1808/1748 1434/1782/1748
f 1427/1783/1749 1441/1807/1749 1442/1809/1749
f 1434/1782/1750 1450/1810/1750 1435/1784/1750
f 1428/1785/1751 1442/1809/1751 1443/1811/1751
f 1435/1784/1752 1451/1812/1752 1436/1786/1752
f 1429/1787/1753 1443/1811/1753 1444/1797/1753
f 1441/1807/1754 1455/1813/1754 1456/1814/1754
f 1448/1806/1755 1464/1815/1755 1449/1808/1755
f 1442/1809/1756 1456/1814/1756 1457/1816/1756
f 1449/1808/1757 1465/1817/1757 1450/1810/1757
f 1443/1811/1758 1457/1816/1758 1458/1818/1758
f 1450/1810/1759 1466/1819/1759 1451/1812/1759
f 1444/1797/1760 1458/1818/1760 1459/1820/1760
f 1451/1812/1761 1467/1821/1761 1452/1796/1761
f 1445/1798/1762 1459/1820/1762 1460/1822/1762
f 1452/1796/1763 1468/1823/1763 1453/1799/1763
f 1446/1800/1764 1460/1822/1764 1461/1824/1764
f 1439/1802/1765 1348/1825/1765 1454/1826/1765
f 1574/1827/1766 1453/1799/1766 1468/1823/1766
f 1446/1800/1767 1462/1828/1767 1447/1804/1767
f 1440/1805/1768 1454/1826/1768 1455/1813/1768
f 1447/1804/1769 1463/1829/1769 1448/1806/1769
f 1460/1822/1770 1474/1830/1770 1475/1831/1770
f 1467/1821/1771 1483/1832/1771 1468/1823/1771
f 1461/1824/1772 1475/1831/1772 1476/1833/1772
f 1454/1826/1773 1348/1834/1773 1469/1835/1773
f 1574/1836/1774 1468/1823/1774 1483/1832/1774
f 1461/1824/1775 1477/1837/1775 1462/1828/1775
f 1455/1813/1776 1469/1835/1776 1470/1838/1776
f 1462/1828/1777 1478/1839/1777 1463/1829/1777
f 1456/1814/1778 1470/1838/1778 1471/1840/1778
f 1463/1829/1779 1479/1841/1779 1464/1815/1779
f 1457/1816/1780 1471/1840/1780 1472/1842/1780
f 1464/1815/1781 1480/1843/1781 1465/1817/1781
f 1458/1818/1782 1472/1842/1782 1473/1844/1782
f 1465/1817/1783 1481/1845/1783 1466/1819/1783
f 1459/1820/1784 1473/1844/1784 1474/1830/1784
f 1466/1819/1785 1482/1846/1785 1467/1821/1785
f 1478/1839/1786 1494/1847/1786 1479/1841/1786
f 1472/1842/1787 1486/1848/1787 1487/1849/1787
f 1479/1841/1788 1495/1850/1788 1480/1843/1788
f 1473/1844/1789 1487/1849/1789 1488/1851/1789
f 1480/1843/1790 1496/1852/1790 1481/1845/1790
f 1474/1830/1791 1488/1851/1791 1489/1853/1791
f 1481/1845/1792 1497/1854/1792 1482/1846/1792
f 1475/1831/1793 1489/1853/1793 1490/1855/1793
f 1482/1846/1794 1498/1856/1794 1483/1832/1794
f 1476/1833/1795 1490/1855/1795 1491/1857/1795
f 1469/1835/1796 1348/1858/1796 1484/1859/1796
f 1574/1860/1797 1483/1832/1797 1498/1856/1797
f 1476/1833/1798 1492/1861/1798 1477/1837/1798
f 1470/1838/1799 1484/1859/1799 1485/1862/1799
f 1477/1837/1800 1493/1863/1800 1478/1839/1800
f 1471/1840/1801 1485/1862/1801 1486/1848/1801
f 1497/1854/1802 1513/1864/1802 1498/1856/1802
f 1491/1857/1803 1505/1865/1803 1506/1866/1803
f 1484/1859/1804 1348/1867/1804 1499/1868/1804
f 1574/1869/1805 1498/1856/1805 1513/1864/1805
f 1491/1857/1806 1507/1870/1806 1492/1861/1806
f 1485/1862/1807 1499/1868/1807 1500/1871/1807
f 1492/1861/1808 1508/1872/1808 1493/1863/1808
f 1486/1848/1809 1500/1871/1809 1501/1873/1809
f 1493/1863/1810 1509/1874/1810 1494/1847/1810
f 1487/1849/1811 1501/1873/1811 1502/1875/1811
f 1494/1847/1812 1510/1876/1812 1495/1850/1812
f 1488/1851/1813 1502/1875/1813 1503/1877/1813
f 1495/1850/1814 1511/1878/1814 1496/1852/1814
f 1489/1853/1815 1503/1877/1815 1504/1879/1815
f 1496/1852/1816 1512/1880/1816 1497/1854/1816
f 1490/1855/1817 1504/1879/1817 1505/1865/1817
f 1510/1876/1818 1524/1881/1818 1525/1882/1818
f 1502/1875/1819 1518/1883/1819 1503/1877/1819
f 1511/1878/1820 1525/1882/1820 1526/1884/1820
f 1503/1877/1821 1519/1885/1821 1504/1879/1821
f 1512/1880/1822 1526/1884/1822 1527/1886/1822
f 1504/1879/1823 1520/1887/1823 1505/1865/1823
f 1513/1864/1824 1527/1886/1824 1528/1888/1824
f 1505/1865/1825 1521/1889/1825 1506/1866/1825
f 1499/1868/1826 1348/1890/1826 1514/1891/1826
f 1574/1892/1827 1513/1864/1827 1528/1888/1827
f 1507/1870/1828 1521/1889/1828 1522/1893/1828
f 1499/1868/1829 1515/1894/1829 1500/1871/1829
f 1508/1872/1830 1522/1893/1830 1523/1895/1830
f 1500/1871/1831 1516/1896/1831 1501/1873/1831
f 1509/1874/1832 1523/1895/1832 1524/1881/1832
f 1501/1873/1833 1517/1897/1833 1502/1875/1833
f 1514/1891/1834 1348/1898/1834 1529/1899/1834
f 1574/1900/1835 1528/1888/1835 1543/1901/1835
f 1522/1893/1836 1536/1902/1836 1537/1903/1836
f 1514/1891/1837 1530/1904/1837 1515/1894/1837
f 1523/1895/1838 1537/1903/1838 1538/1905/1838
f 1515/1894/1839 1531/1906/1839 1516/1896/1839
f 1524/1881/1840 1538/1905/1840 1539/1907/1840
f 1516/1896/1841 1532/1908/1841 1517/1897/1841
f 1525/1882/1842 1539/1907/1842 1540/1909/1842
f 1517/1897/1843 1533/1910/1843 1518/1883/1843
f 1526/1884/1844 1540/1909/1844 1541/1911/1844
f 1518/1883/1845 1534/1912/1845 1519/1885/1845
f 1527/1886/1846 1541/1911/1846 1542/1913/1846
f 1519/1885/1847 1535/1914/1847 1520/1887/1847
f 1528/1888/1848 1542/1913/1848 1543/1901/1848
f 1520/1887/1849 1536/1902/1849 1521/1889/1849
f 1532/1908/1850 1548/1915/1850 1533/1910/1850
f 1541/1911/1851 1555/1916/1851 1556/1917/1851
f 1533/1910/1852 1549/1918/1852 1534/1912/1852
f 1542/1913/1853 1556/1917/1853 1557/1919/1853
f 1534/1912/1854 1550/1920/1854 1535/1914/1854
f 1543/1901/1855 1557/1919/1855 1558/1921/1855
f 1535/1914/1856 1551/1922/1856 1536/1902/1856
f 1529/1899/1857 1348/1923/1857 1544/1924/1857
f 1574/1925/1858 1543/1901/1858 1558/1921/1858
f 1537/1903/1859 1551/1922/1859 1552/1926/1859
f 1529/1899/1860 1545/1927/1860 1530/1904/1860
f 1538/1905/1861 1552/1926/1861 1553/1928/1861
f 1530/1904/1862 1546/1929/1862 1531/1906/1862
f 1539/1907/1863 1553/1928/1863 1554/1930/1863
f 1531/1906/1864 1547/1931/1864 1532/1908/1864
f 1540/1909/1865 1554/1930/1865 1555/1916/1865
f 1552/1926/1866 1566/1932/1866 1567/1933/1866
f 1544/1924/1867 1560/1934/1867 1545/1927/1867
f 1553/1928/1868 1567/1933/1868 1568/1935/1868
f 1545/1927/1869 1561/1936/1869 1546/1929/1869
f 1554/1930/1870 1568/1935/1870 1569/1937/1870
f 1546/1929/1871 1562/1938/1871 1547/1931/1871
f 1555/1916/1872 1569/1937/1872 1570/1939/1872
f 1547/1931/1873 1563/1940/1873 1548/1915/1873
f 1556/1917/1874 1570/1939/1874 1571/1941/1874
f 1548/1915/1875 1564/1942/1875 1549/1918/1875
f 1557/1919/1876 1571/1941/1876 1572/1943/1876
f 1549/1918/1877 1565/1944/1877 1550/1920/1877
f 1558/1921/1878 1572/1943/1878 1573/1945/1878
f 1550/1920/1879 1566/1932/1879 1551/1922/1879
f 1544/1924/1880 1348/1946/1880 1559/1947/1880
f 1574/1948/1881 1558/1921/1881 1573/1945/1881
f 1571/1941/1882 1586/1949/1882 1587/1950/1882
f 1563/1940/1883 1580/1951/1883 1564/1942/1883
f 1572/1943/1884 1587/1950/1884 1588/1952/1884
f 1564/1942/1885 1581/1953/1885 1565/1944/1885
f 1573/1945/1886 1588/1952/1886 1589/1954/1886
f 1565/1944/1887 1582/1955/1887 1566/1932/1887
f 1559/1947/1888 1348/1956/1888 1575/1957/1888
f 1574/1958/1889 1573/1945/1889 1589/1954/1889
f 1567/1933/1890 1582/1955/1890 1583/1959/1890
f 1559/1947/1891 1576/1960/1891 1560/1934/1891
f 1568/1935/1892 1583/1959/1892 1584/1961/1892
f 1560/1934/1893 1577/1962/1893 1561/1936/1893
f 1569/1937/1894 1584/1961/1894 1585/1963/1894
f 1561/1936/1895 1578/1964/1895 1562/1938/1895
f 1570/1939/1896 1585/1963/1896 1586/1949/1896
f 1562/1938/1897 1579/1965/1897 1563/1940/1897
f 1575/1957/1898 1591/1966/1898 1576/1960/1898
f 1584/1961/1899 1598/1967/1899 1599/1968/1899
f 1576/1960/1900 1592/1969/1900 1577/1962/1900
f 1585/1963/1901 1599/1968/1901 1600/1970/1901
f 1577/1962/1902 1593/1971/1902 1578/1964/1902
f 1586/1949/1903 1600/1970/1903 1601/1972/1903
f 1578/1964/1904 1594/1973/1904 1579/1965/1904
f 1587/1950/1905 1601/1972/1905 1602/1974/1905
f 1579/1965/1906 1595/1975/1906 1580/1951/1906
f 1588/1952/1907 1602/1974/1907 1603/1976/1907
f 1580/1951/1908 1596/1977/1908 1581/1953/1908
f 1589/1954/1909 1603/1976/1909 1604/1978/1909
f 1581/1953/1910 1597/1979/1910 1582/1955/1910
f 1575/1957/1911 1348/1980/1911 1590/1981/1911
f 1574/1982/1912 1589/1954/1912 1604/1978/1912
f 1583/1959/1913 1597/1979/1913 1598/1967/1913
f 1594/1973/1914 1610/1983/1914 1595/1975/1914
f 1603/1976/1915 1617/1984/1915 1618/1985/1915
f 1595/1975/1916 1611/1986/1916 1596/1977/1916
f 1604/1978/1917 1618/1985/1917 1619/1987/1917
f 1596/1977/1918 1612/1988/1918 1597/1979/1918
f 1590/1981/1919 1348/1989/1919 1605/1990/1919
f 1574/1991/1920 1604/1978/1920 1619/1987/1920
f 1598/1967/1921 1612/1988/1921 1613/1992/1921
f 1590/1981/1922 1606/1993/1922 1591/1966/1922
f 1599/1968/1923 1613/1992/1923 1614/1994/1923
f 1591/1966/1924 1607/1995/1924 1592/1969/1924
f 1600/1970/1925 1614/1994/1925 1615/1996/1925
f 1592/1969/1926 1608/1997/1926 1593/1971/1926
f 1601/1972/1927 1615/1996/1927 1616/1998/1927
f 1593/1971/1928 1609/1999/1928 1594/1973/1928
f 1602/1974/1929 1616/1998/1929 1617/1984/1929
f 1614/1994/1930 1628/2000/1930 1629/2001/1930
f 1606/1993/1931 1622/2002/1931 1607/1995/1931
f 1615/1996/1932 1629/2001/1932 1630/2003/1932
f 1607/1995/1933 1623/2004/1933 1608/1997/1933
f 1616/1998/1934 1630/2003/1934 1631/2005/1934
f 1608/1997/1935 1624/2006/1935 1609/1999/1935
f 1617/1984/1936 1631/2005/1936 1632/2007/1936
f 1609/1999/1937 1625/2008/1937 1610/1983/1937
f 1618/1985/1938 1632/2007/1938 1633/2009/1938
f 1610/1983/1939 1626/2010/1939 1611/1986/1939
f 1619/1987/1940 1633/2009/1940 1634/2011/1940
f 1611/1986/1941 1627/2012/1941 1612/1988/1941
f 1605/1990/1942 1348/2013/1942 1620/2014/1942
f 1574/2015/1943 1619/1987/1943 1634/2011/1943
f 1613/1992/1944 1627/2012/1944 1628/2000/1944
f 1605/1990/1945 1621/2016/1945 1606/1993/1945
f 1632/2017/1946 1648/2018/1946 1633/2019/1946
f 1626/2020/1947 1640/2021/1947 1641/2022/1947
f 1633/2019/1948 1649/2023/1948 1634/2024/1948
f 1627/2025/1949 1641/2022/1949 1642/2026/1949
f 1620/2027/1950 1348/2028/1950 1635/2029/1950
f 1574/2030/1951 1634/2024/1951 1649/2023/1951
f 1627/2025/1952 1643/2031/1952 1628/2032/1952
f 1621/2033/1953 1635/2029/1953 1636/2034/1953
f 1628/2032/1954 1644/2035/1954 1629/2036/1954
f 1622/2037/1955 1636/2034/1955 1637/2038/1955
f 1629/2036/1956 1645/2039/1956 1630/2040/1956
f 1623/2041/1957 1637/2038/1957 1638/2042/1957
f 1630/2040/1958 1646/2043/1958 1631/2044/1958
f 1624/2045/1959 1638/2042/1959 1639/2046/1959
f 1631/2044/1960 1647/2047/1960 1632/2017/1960
f 1625/2048/1961 1639/2046/1961 1640/2021/1961
f 1644/2035/1962 1660/2049/1962 1645/2039/1962
f 1638/2042/1963 1652/2050/1963 1653/2051/1963
f 1645/2039/1964 1661/2052/1964 1646/2043/1964
f 1639/2046/1965 1653/2051/1965 1654/2053/1965
f 1646/2043/1966 1662/2054/1966 1647/2047/1966
f 1640/2021/1967 1654/2053/1967 1655/2055/1967
f 1647/2047/1968 1663/2056/1968 1648/2018/1968
f 1641/2022/1969 1655/2055/1969 1656/2057/1969
f 1648/2018/1970 1664/2058/1970 1649/2023/1970
f 1642/2026/1971 1656/2057/1971 1657/2059/1971
f 1635/2029/1972 1348/2060/1972 1650/2061/1972
f 1574/2062/1973 1649/2023/1973 1664/2058/1973
f 1642/2026/1974 1658/2063/1974 1643/2031/1974
f 1636/2034/1975 1650/2061/1975 1651/2064/1975
f 1643/2031/1976 1659/2065/1976 1644/2035/1976
f 1637/2038/1977 1651/2064/1977 1652/2050/1977
f 1663/2056/1978 1679/2066/1978 1664/2058/1978
f 1657/2059/1979 1671/2067/1979 1672/2068/1979
f 1650/2061/1980 1348/2069/1980 1665/2070/1980
f 1574/2071/1981 1664/2058/1981 1679/2066/1981
f 1657/2059/1982 1673/2072/1982 1658/2063/1982
f 1651/2064/1983 1665/2070/1983 1666/2073/1983
f 1658/2063/1984 1674/2074/1984 1659/2065/1984
f 1652/2050/1985 1666/2073/1985 1667/2075/1985
f 1659/2065/1986 1675/2076/1986 1660/2049/1986
f 1653/2051/1987 1667/2075/1987 1668/2077/1987
f 1660/2049/1988 1676/2078/1988 1661/2052/1988
f 1654/2053/1989 1668/2077/1989 1669/2079/1989
f 1661/2052/1990 1677/2080/1990 1662/2054/1990
f 1655/2055/1991 1669/2079/1991 1670/2081/1991
f 1662/2054/1992 1678/2082/1992 1663/2056/1992
f 1656/2057/1993 1670/2081/1993 1671/2067/1993
f 1668/2077/1994 1682/2083/1994 1683/2084/1994
f 1675/2076/1995 1691/2085/1995 1676/2078/1995
f 1669/2079/1996 1683/2084/1996 1684/2086/1996
f 1676/2078/1997 1692/2087/1997 1677/2080/1997
f 1670/2081/1998 1684/2086/1998 1685/2088/1998
f 1677/2080/1999 1693/2089/1999 1678/2082/1999
f 1671/2067/2000 1685/2088/2000 1686/2090/2000
f 1678/2082/2001 1694/2091/2001 1679/2066/2001
f 1672/2068/2002 1686/2090/2002 1687/2092/2002
f 1665/2070/2003 1348/2093/2003 1680/2094/2003
f 1574/2095/2004 1679/2066/2004 1694/2091/2004
f 1672/2068/2005 1688/2096/2005 1673/2072/2005
f 1666/2073/2006 1680/2094/2006 1681/2097/2006
f 1673/2072/2007 1689/2098/2007 1674/2074/2007
f 1667/2075/2008 1681/2097/2008 1682/2083/2008
f 1674/2074/2009 1690/2099/2009 1675/2076/2009
f 1687/2092/2010 1701/2100/2010 1702/2101/2010
f 1680/2094/2011 1348/2102/2011 1695/2103/2011
f 1574/2104/2012 1694/2091/2012 1709/2105/2012
f 1687/2092/2013 1703/2106/2013 1688/2096/2013
f 1681/2097/2014 1695/2103/2014 1696/2107/2014
f 1688/2096/2015 1704/2108/2015 1689/2098/2015
f 1682/2083/2016 1696/2107/2016 1697/2109/2016
f 1689/2098/2017 1705/2110/2017 1690/2099/2017
f 1683/2084/2018 1697/2109/2018 1698/2111/2018
f 1690/2099/2019 1706/2112/2019 1691/2085/2019
f 1684/2086/2020 1698/2111/2020 1699/2113/2020
f 1691/2085/2021 1707/2114/2021 1692/2087/2021
f 1685/2088/2022 1699/2113/2022 1700/2115/2022
f 1692/2087/2023 1708/2116/2023 1693/2089/2023
f 1686/2090/2024 1700/2115/2024 1701/2100/2024
f 1693/2089/2025 1709/2105/2025 1694/2091/2025
f 1705/2110/2026 1721/2117/2026 1706/2112/2026
f 1699/2113/2027 1713/2118/2027 1714/2119/2027
f 1706/2112/2028 1722/2120/2028 1707/2114/2028
f 1700/2115/2029 1714/2119/2029 1715/2121/2029
f 1707/2114/2030 1723/2122/2030 1708/2116/2030
f 1701/2100/2031 1715/2121/2031 1716/2123/2031
f 1708/2116/2032 1724/2124/2032 1709/2105/2032
f 1702/2101/2033 1716/2123/2033 1717/2125/2033
f 1695/2103/2034 1348/2126/2034 1710/2127/2034
f 1574/2128/2035 1709/2105/2035 1724/2124/2035
f 1702/2101/2036 1718/2129/2036 1703/2106/2036
f 1696/2107/2037 1710/2127/2037 1711/2130/2037
f 1703/2106/2038 1719/2131/2038 1704/2108/2038
f 1697/2109/2039 1711/2130/2039 1712/2132/2039
f 1704/2108/2040 1720/2133/2040 1705/2110/2040
f 1698/2111/2041 1712/2132/2041 1713/2118/2041
f 1710/2127/2042 1348/2134/2042 1725/2135/2042
f 1574/2136/2043 1724/2124/2043 1739/2137/2043
f 1717/2125/2044 1733/2138/2044 1718/2129/2044
f 1711/2130/2045 1725/2135/2045 1726/2139/2045
f 1718/2129/2046 1734/2140/2046 1719/2131/2046
f 1712/2132/2047 1726/2139/2047 1727/2141/2047
f 1719/2131/2048 1735/2142/2048 1720/2133/2048
f 1713/2118/2049 1727/2141/2049 1728/2143/2049
f 1720/2133/2050 1736/2144/2050 1721/2117/2050
f 1714/2119/2051 1728/2143/2051 1729/2145/2051
f 1721/2117/2052 1737/2146/2052 1722/2120/2052
f 1715/2121/2053 1729/2145/2053 1730/2147/2053
f 1722/2120/2054 1738/2148/2054 1723/2122/2054
f 1716/2123/2055 1730/2147/2055 1731/2149/2055
f 1723/2122/2056 1739/2137/2056 1724/2124/2056
f 1717/2125/2057 1731/2149/2057 1732/2150/2057
f 1729/2145/2058 1742/1597/2058 1268/1599/2058
f 1736/2144/2059 1746/1600/2059 1737/2146/2059
f 1730/2147/2060 1268/1599/2060 1743/1603/2060
f 1737/2146/2061 1747/1604/2061 1738/2148/2061
f 1731/2149/2062 1743/1603/2062 1269/1607/2062
f 1738/2148/2063 1748/1608/2063 1739/2137/2063
f 1732/2150/2064 1269/1607/2064 1270/1611/2064
f 1725/2135/2065 1348/2151/2065 1740/1612/2065
f 1574/2152/2066 1739/2137/2066 1748/1608/2066
f 1732/2150/2067 1271/1616/2067 1733/2138/2067
f 1726/2139/2068 1740/1612/2068 1741/1619/2068
f 1733/2138/2069 1744/1620/2069 1734/2140/2069
f 1727/2141/2070 1741/1619/2070 1267/1623/2070
f 1734/2140/2071 1272/1624/2071 1735/2142/2071
f 1728/2143/2072 1267/1623/2072 1742/1597/2072
f 1735/2142/2073 1745/1594/2073 1736/2144/2073
f 1745/1594/1562 1272/1624/1562 1283/1595/1562
f 1742/1597/1563 1276/1625/1563 1277/1598/1563
f 1746/1600/1564 1745/1594/1564 1284/1596/1564
f 1268/1599/1565 1277/1598/1565 1278/1602/1565
f 1747/1604/2074 1746/1600/2074 1285/1601/2074
f 1743/1603/1567 1278/1602/1567 1279/1606/1567
f 1748/1608/1568 1747/1604/1568 1286/1605/1568
f 1269/1607/1569 1279/1606/1569 1280/1610/1569
f 1271/1616/1572 1270/1611/1572 1280/1610/1572
f 1740/1612/1573 1273/1614/1573 1274/1618/1573
f 1744/1620/1574 1271/1616/1574 1281/1617/1574
f 1741/1619/2075 1274/1618/2075 1275/1622/2075
f 1272/1624/1576 1744/1620/1576 1282/1621/1576
f 1267/1623/1577 1275/1622/1577 1276/1625/1577
f 1283/1595/1578 1282/1621/1578 1297/1626/1578
f 1275/1622/1579 1290/1642/1579 1291/1628/1579
f 1284/1596/1580 1283/1595/1580 1298/1627/1580
f 1276/1625/1581 1291/1628/1581 1292/1630/1581
f 1285/1601/1582 1284/1596/1582 1299/1629/1582
f 1277/1598/1583 1292/1630/1583 1293/1632/1583
f 1286/1605/1584 1285/1601/1584 1300/1631/1584
f 1278/1602/1585 1293/1632/1585 1294/1634/1585
f 1287/1609/1586 1286/1605/1586 1301/1633/1586
f 1279/1606/1587 1294/1634/1587 1295/1636/1587
f 1281/1617/1590 1280/1610/1590 1295/1636/1590
f 1273/1614/1591 1288/1638/1591 1289/1641/1591
f 1282/1621/2076 1281/1617/2076 1296/1640/2076
f 1274/1618/1593 1289/1641/1593 1290/1642/1593
f 1302/1635/1594 1301/1633/1594 1316/1643/1594
f 1294/1634/2077 1309/1659/2077 1310/1645/2077
f 1296/1640/1598 1295/1636/1598 1310/1645/1598
f 1288/1638/2078 1303/1647/2078 1304/1650/2078
f 1297/1626/1600 1296/1640/1600 1311/1649/1600
f 1289/1641/1601 1304/1650/1601 1305/1652/1601
f 1298/1627/1602 1297/1626/1602 1312/1651/1602
f 1290/1642/1603 1305/1652/1603 1306/1654/1603
f 1299/1629/1604 1298/1627/1604 1313/1653/1604
f 1291/1628/1605 1306/1654/1605 1307/1656/1605
f 1300/1631/1606 1299/1629/1606 1314/1655/1606
f 1292/1630/1607 1307/1656/1607 1308/1658/1607
f 1301/1633/2079 1300/1631/2079 1315/1657/2079
f 1293/1632/1609 1308/1658/1609 1309/1659/1609
f 1305/1652/1610 1320/1676/1610 1321/1660/1610
f 1314/1655/1611 1313/1653/1611 1328/1661/1611
f 1306/1654/1612 1321/1660/1612 1322/1663/1612
f 1315/1657/1613 1314/1655/1613 1329/1662/1613
f 1307/1656/1614 1322/1663/1614 1323/1665/1614
f 1316/1643/1615 1315/1657/1615 1330/1664/1615
f 1308/1658/1616 1323/1665/1616 1324/1667/1616
f 1317/1644/1617 1316/1643/1617 1331/1666/1617
f 1309/1659/1618 1324/1667/1618 1325/1669/1618
f 1311/1649/1621 1310/1645/1621 1325/1669/1621
f 1303/1647/1622 1318/1671/1622 1319/1674/1622
f 1312/1651/1623 1311/1649/1623 1326/1673/1623
f 1304/1650/1624 1319/1674/1624 1320/1676/1624
f 1313/1653/1625 1312/1651/1625 1327/1675/1625
f 1324/1667/1626 1339/1693/1626 1340/1677/1626
f 1326/1673/1629 1325/1669/1629 1340/1677/1629
f 1318/1671/2080 1333/1679/2080 1334/1683/2080
f 1327/1675/1631 1326/1673/1631 1341/1682/1631
f 1319/1674/1632 1334/1683/1632 1335/1685/1632
f 1328/1661/1633 1327/1675/1633 1342/1684/1633
f 1320/1676/1634 1335/1685/1634 1336/1687/1634
f 1329/1662/1635 1328/1661/1635 1343/1686/1635
f 1321/1660/1636 1336/1687/1636 1337/1689/1636
f 1330/1664/2081 1329/1662/2081 1344/1688/2081
f 1322/1663/2082 1337/1689/2082 1338/1691/2082
f 1331/1666/1639 1330/1664/1639 1345/1690/1639
f 1323/1665/1640 1338/1691/1640 1339/1693/1640
f 1332/1668/2083 1331/1666/2083 1346/1692/2083
f 1344/1688/1642 1343/1686/1642 1359/1694/1642
f 1336/1687/2084 1352/1710/2084 1353/1696/2084
f 1345/1690/1644 1344/1688/1644 1360/1695/1644
f 1337/1689/1645 1353/1696/1645 1354/1698/1645
f 1346/1692/1646 1345/1690/1646 1361/1697/1646
f 1338/1691/1647 1354/1698/1647 1355/1700/1647
f 1347/1681/1648 1346/1692/1648 1362/1699/1648
f 1339/1693/2085 1355/1700/2085 1356/1702/2085
f 1341/1682/1652 1340/1677/1652 1356/1702/1652
f 1333/1679/1653 1349/1704/1653 1350/1707/1653
f 1342/1684/1654 1341/1682/1654 1357/1706/1654
f 1334/1683/1655 1350/1707/1655 1351/1709/1655
f 1343/1686/1656 1342/1684/1656 1358/1708/1656
f 1335/1685/1657 1351/1709/1657 1352/1710/1657
f 1357/1706/1659 1356/1702/1659 1371/1713/1659
f 1349/1704/1660 1364/1727/1660 1365/1715/1660
f 1358/1708/1661 1357/1706/1661 1372/1714/1661
f 1350/1707/1662 1365/1715/1662 1366/1717/1662
f 1359/1694/1663 1358/1708/1663 1373/1716/1663
f 1351/1709/1664 1366/1717/1664 1367/1719/1664
f 1360/1695/2086 1359/1694/2086 1374/1718/2086
f 1352/1710/1666 1367/1719/1666 1368/1721/1666
f 1361/1697/1667 1360/1695/1667 1375/1720/1667
f 1353/1696/1668 1368/1721/1668 1369/1723/1668
f 1362/1699/1669 1361/1697/1669 1376/1722/1669
f 1354/1698/1670 1369/1723/1670 1370/1725/1670
f 1363/1701/1671 1362/1699/1671 1377/1724/1671
f 1355/1700/1672 1370/1725/1672 1371/1713/1672
f 1376/1722/1674 1375/1720/1674 1390/1728/1674
f 1368/1721/1675 1383/1744/1675 1384/1730/1675
f 1377/1724/2087 1376/1722/2087 1391/1729/2087
f 1369/1723/1677 1384/1730/1677 1385/1732/1677
f 1378/1712/1678 1377/1724/1678 1392/1731/1678
f 1370/1725/2088 1385/1732/2088 1386/1734/2088
f 1372/1714/2089 1371/1713/2089 1386/1734/2089
f 1364/1727/1683 1379/1736/1683 1380/1739/1683
f 1373/1716/1684 1372/1714/1684 1387/1738/1684
f 1365/1715/2090 1380/1739/2090 1381/1741/2090
f 1374/1718/1686 1373/1716/1686 1388/1740/1686
f 1366/1717/1687 1381/1741/1687 1382/1743/1687
f 1375/1720/1688 1374/1718/1688 1389/1742/1688
f 1367/1719/1689 1382/1743/1689 1383/1744/1689
f 1380/1739/2091 1379/1736/2091 1394/1745/2091
f 1387/1738/1691 1402/1761/1691 1403/1747/1691
f 1381/1741/1692 1380/1739/1692 1395/1746/1692
f 1388/1740/1693 1403/1747/1693 1404/1749/1693
f 1382/1743/1694 1381/1741/1694 1396/1748/1694
f 1389/1742/1695 1404/1749/1695 1405/1751/1695
f 1383/1744/1696 1382/1743/1696 1397/1750/1696
f 1390/1728/1697 1405/1751/1697 1406/1753/1697
f 1384/1730/1698 1383/1744/1698 1398/1752/1698
f 1391/1729/1699 1406/1753/1699 1407/1755/1699
f 1385/1732/1700 1384/1730/1700 1399/1754/1700
f 1392/1731/1701 1407/1755/1701 1408/1757/1701
f 1386/1734/2092 1385/1732/2092 1400/1756/2092
f 1386/1734/2093 1401/1758/2093 1402/1761/2093
f 1399/1754/2094 1398/1752/2094 1413/1762/2094
f 1406/1753/1707 1421/1778/1707 1422/1764/1707
f 1400/1756/1708 1399/1754/1708 1414/1763/1708
f 1407/1755/1709 1422/1764/1709 1423/1766/1709
f 1401/1758/1710 1400/1756/1710 1415/1765/1710
f 1401/1758/1713 1416/1767/1713 1417/1771/1713
f 1395/1746/2095 1394/1745/2095 1409/1769/2095
f 1402/1761/1715 1417/1771/1715 1418/1773/1715
f 1396/1748/1716 1395/1746/1716 1410/1772/1716
f 1403/1747/1717 1418/1773/1717 1419/1775/1717
f 1397/1750/1718 1396/1748/1718 1411/1774/1718
f 1404/1749/1719 1419/1775/1719 1420/1777/1719
f 1398/1752/1720 1397/1750/1720 1412/1776/1720
f 1405/1751/1721 1420/1777/1721 1421/1778/1721
f 1417/1771/1722 1432/1795/1722 1433/1779/1722
f 1411/1774/1723 1410/1772/1723 1425/1780/1723
f 1418/1773/1724 1433/1779/1724 1434/1782/1724
f 1412/1776/1725 1411/1774/1725 1426/1781/1725
f 1419/1775/1726 1434/1782/1726 1435/1784/1726
f 1413/1762/1727 1412/1776/1727 1427/1783/1727
f 1420/1777/1728 1435/1784/1728 1436/1786/1728
f 1414/1763/2096 1413/1762/2096 1428/1785/2096
f 1421/1778/1730 1436/1786/1730 1437/1788/1730
f 1415/1765/1731 1414/1763/1731 1429/1787/1731
f 1422/1764/2097 1437/1788/2097 1438/1790/2097
f 1416/1767/1733 1415/1765/1733 1430/1789/1733
f 1416/1767/2098 1431/1791/2098 1432/1795/2098
f 1410/1772/1737 1409/1769/1737 1424/1793/1737
f 1436/1786/1738 1451/1812/1738 1452/1796/1738
f 1430/1789/1739 1429/1787/1739 1444/1797/1739
f 1437/1788/1740 1452/1796/1740 1453/1799/1740
f 1431/1791/1741 1430/1789/1741 1445/1798/1741
f 1431/1791/1744 1446/1800/1744 1447/1804/1744
f 1425/1780/2099 1424/1793/2099 1439/1802/2099
f 1432/1795/1746 1447/1804/1746 1448/1806/1746
f 1426/1781/1747 1425/1780/1747 1440/1805/1747
f 1433/1779/1748 1448/1806/1748 1449/1808/1748
f 1427/1783/2100 1426/1781/2100 1441/1807/2100
f 1434/1782/1750 1449/1808/1750 1450/1810/1750
f 1428/1785/1751 1427/1783/1751 1442/1809/1751
f 1435/1784/1752 1450/1810/1752 1451/1812/1752
f 1429/1787/1753 1428/1785/1753 1443/1811/1753
f 1441/1807/1754 1440/1805/1754 1455/1813/1754
f 1448/1806/1755 1463/1829/1755 1464/1815/1755
f 1442/1809/1756 1441/1807/1756 1456/1814/1756
f 1449/1808/1757 1464/1815/1757 1465/1817/1757
f 1443/1811/1758 1442/1809/1758 1457/1816/1758
f 1450/1810/1759 1465/1817/1759 1466/1819/1759
f 1444/1797/1760 1443/1811/1760 1458/1818/1760
f 1451/1812/1761 1466/1819/1761 1467/1821/1761
f 1445/1798/1762 1444/1797/1762 1459/1820/1762
f 1452/1796/1763 1467/1821/1763 1468/1823/1763
f 1446/1800/1764 1445/1798/1764 1460/1822/1764
f 1446/1800/1767 1461/1824/1767 1462/1828/1767
f 1440/1805/1768 1439/1802/1768 1454/1826/1768
f 1447/1804/2101 1462/1828/2101 1463/1829/2101
f 1460/1822/1770 1459/1820/1770 1474/1830/1770
f 1467/1821/2102 1482/1846/2102 1483/1832/2102
f 1461/1824/1772 1460/1822/1772 1475/1831/1772
f 1461/1824/1775 1476/1833/1775 1477/1837/1775
f 1455/1813/1776 1454/1826/1776 1469/1835/1776
f 1462/1828/1777 1477/1837/1777 1478/1839/1777
f 1456/1814/2103 1455/1813/2103 1470/1838/2103
f 1463/1829/1779 1478/1839/1779 1479/1841/1779
f 1457/1816/1780 1456/1814/1780 1471/1840/1780
f 1464/1815/1781 1479/1841/1781 1480/1843/1781
f 1458/1818/1782 1457/1816/1782 1472/1842/1782
f 1465/1817/1783 1480/1843/1783 1481/1845/1783
f 1459/1820/1784 1458/1818/1784 1473/1844/1784
f 1466/1819/2104 1481/1845/2104 1482/1846/2104
f 1478/1839/1786 1493/1863/1786 1494/1847/1786
f 1472/1842/1787 1471/1840/1787 1486/1848/1787
f 1479/1841/1788 1494/1847/1788 1495/1850/1788
f 1473/1844/1789 1472/1842/1789 1487/1849/1789
f 1480/1843/1790 1495/1850/1790 1496/1852/1790
f 1474/1830/1791 1473/1844/1791 1488/1851/1791
f 1481/1845/1792 1496/1852/1792 1497/1854/1792
f 1475/1831/2105 1474/1830/2105 1489/1853/2105
f 1482/1846/1794 1497/1854/1794 1498/1856/1794
f 1476/1833/1795 1475/1831/1795 1490/1855/1795
f 1476/1833/1798 1491/1857/1798 1492/1861/1798
f 1470/1838/1799 1469/1835/1799 1484/1859/1799
f 1477/1837/1800 1492/1861/1800 1493/1863/1800
f 1471/1840/1801 1470/1838/1801 1485/1862/1801
f 1497/1854/2106 1512/1880/2106 1513/1864/2106
f 1491/1857/1803 1490/1855/1803 1505/1865/1803
f 1491/1857/1806 1506/1866/1806 1507/1870/1806
f 1485/1862/1807 1484/1859/1807 1499/1868/1807
f 1492/1861/1808 1507/1870/1808 1508/1872/1808
f 1486/1848/2107 1485/1862/2107 1500/1871/2107
f 1493/1863/1810 1508/1872/1810 1509/1874/1810
f 1487/1849/1811 1486/1848/1811 1501/1873/1811
f 1494/1847/1812 1509/1874/1812 1510/1876/1812
f 1488/1851/2108 1487/1849/2108 1502/1875/2108
f 1495/1850/1814 1510/1876/1814 1511/1878/1814
f 1489/1853/1815 1488/1851/1815 1503/1877/1815
f 1496/1852/2109 1511/1878/2109 1512/1880/2109
f 1490/1855/1817 1489/1853/1817 1504/1879/1817
f 1510/1876/1818 1509/1874/1818 1524/1881/1818
f 1502/1875/1819 1517/1897/1819 1518/1883/1819
f 1511/1878/1820 1510/1876/1820 1525/1882/1820
f 1503/1877/1821 1518/1883/1821 1519/1885/1821
f 1512/1880/2110 1511/1878/2110 1526/1884/2110
f 1504/1879/1823 1519/1885/1823 1520/1887/1823
f 1513/1864/1824 1512/1880/1824 1527/1886/1824
f 1505/1865/1825 1520/1887/1825 1521/1889/1825
f 1507/1870/1828 1506/1866/1828 1521/1889/1828
f 1499/1868/1829 1514/1891/1829 1515/1894/1829
f 1508/1872/1830 1507/1870/1830 1522/1893/1830
f 1500/1871/2111 1515/1894/2111 1516/1896/2111
f 1509/1874/1832 1508/1872/1832 1523/1895/1832
f 1501/1873/1833 1516/1896/1833 1517/1897/1833
f 1522/1893/1836 1521/1889/1836 1536/1902/1836
f 1514/1891/1837 1529/1899/1837 1530/1904/1837
f 1523/1895/1838 1522/1893/1838 1537/1903/1838
f 1515/1894/1839 1530/1904/1839 1531/1906/1839
f 1524/1881/1840 1523/1895/1840 1538/1905/1840
f 1516/1896/1841 1531/1906/1841 1532/1908/1841
f 1525/1882/1842 1524/1881/1842 1539/1907/1842
f 1517/1897/1843 1532/1908/1843 1533/1910/1843
f 1526/1884/1844 1525/1882/1844 1540/1909/1844
f 1518/1883/1845 1533/1910/1845 1534/1912/1845
f 1527/1886/1846 1526/1884/1846 1541/1911/1846
f 1519/1885/2112 1534/1912/2112 1535/1914/2112
f 1528/1888/2113 1527/1886/2113 1542/1913/2113
f 1520/1887/1849 1535/1914/1849 1536/1902/1849
f 1532/1908/1850 1547/1931/1850 1548/1915/1850
f 1541/1911/1851 1540/1909/1851 1555/1916/1851
f 1533/1910/1852 1548/1915/1852 1549/1918/1852
f 1542/1913/1853 1541/1911/1853 1556/1917/1853
f 1534/1912/1854 1549/1918/1854 1550/1920/1854
f 1543/1901/1855 1542/1913/1855 1557/1919/1855
f 1535/1914/1856 1550/1920/1856 1551/1922/1856
f 1537/1903/2114 1536/1902/2114 1551/1922/2114
f 1529/1899/1860 1544/1924/1860 1545/1927/1860
f 1538/1905/1861 1537/1903/1861 1552/1926/1861
f 1530/1904/2115 1545/1927/2115 1546/1929/2115
f 1539/1907/1863 1538/1905/1863 1553/1928/1863
f 1531/1906/1864 1546/1929/1864 1547/1931/1864
f 1540/1909/1865 1539/1907/1865 1554/1930/1865
f 1552/1926/1866 1551/1922/1866 1566/1932/1866
f 1544/1924/1867 1559/1947/1867 1560/1934/1867
f 1553/1928/1868 1552/1926/1868 1567/1933/1868
f 1545/1927/1869 1560/1934/1869 1561/1936/1869
f 1554/1930/1870 1553/1928/1870 1568/1935/1870
f 1546/1929/1871 1561/1936/1871 1562/1938/1871
f 1555/1916/1872 1554/1930/1872 1569/1937/1872
f 1547/1931/1873 1562/1938/1873 1563/1940/1873
f 1556/1917/1874 1555/1916/1874 1570/1939/1874
f 1548/1915/1875 1563/1940/1875 1564/1942/1875
f 1557/1919/1876 1556/1917/1876 1571/1941/1876
f 1549/1918/1877 1564/1942/1877 1565/1944/1877
f 1558/1921/1878 1557/1919/1878 1572/1943/1878
f 1550/1920/1879 1565/1944/1879 1566/1932/1879
f 1571/1941/1882 1570/1939/1882 1586/1949/1882
f 1563/1940/1883 1579/1965/1883 1580/1951/1883
f 1572/1943/1884 1571/1941/1884 1587/1950/1884
f 1564/1942/1885 1580/1951/1885 1581/1953/1885
f 1573/1945/2116 1572/1943/2116 1588/1952/2116
f 1565/1944/1887 1581/1953/1887 1582/1955/1887
f 1567/1933/1890 1566/1932/1890 1582/1955/1890
f 1559/1947/1891 1575/1957/1891 1576/1960/1891
f 1568/1935/1892 1567/1933/1892 1583/1959/1892
f 1560/1934/1893 1576/1960/1893 1577/1962/1893
f 1569/1937/2117 1568/1935/2117 1584/1961/2117
f 1561/1936/1895 1577/1962/1895 1578/1964/1895
f 1570/1939/1896 1569/1937/1896 1585/1963/1896
f 1562/1938/1897 1578/1964/1897 1579/1965/1897
f 1575/1957/1898 1590/1981/1898 1591/1966/1898
f 1584/1961/1899 1583/1959/1899 1598/1967/1899
f 1576/1960/1900 1591/1966/1900 1592/1969/1900
f 1585/1963/1901 1584/1961/1901 1599/1968/1901
f 1577/1962/1902 1592/1969/1902 1593/1971/1902
f 1586/1949/2118 1585/1963/2118 1600/1970/2118
f 1578/1964/1904 1593/1971/1904 1594/1973/1904
f 1587/1950/1905 1586/1949/1905 1601/1972/1905
f 1579/1965/2119 1594/1973/2119 1595/1975/2119
f 1588/1952/1907 1587/1950/1907 1602/1974/1907
f 1580/1951/1908 1595/1975/1908 1596/1977/1908
f 1589/1954/1909 1588/1952/1909 1603/1976/1909
f 1581/1953/1910 1596/1977/1910 1597/1979/1910
f 1583/1959/2120 1582/1955/2120 1597/1979/2120
f 1594/1973/1914 1609/1999/1914 1610/1983/1914
f 1603/1976/1915 1602/1974/1915 1617/1984/1915
f 1595/1975/1916 1610/1983/1916 1611/1986/1916
f 1604/1978/1917 1603/1976/1917 1618/1985/1917
f 1596/1977/1918 1611/1986/1918 1612/1988/1918
f 1598/1967/1921 1597/1979/1921 1612/1988/1921
f 1590/1981/2121 1605/1990/2121 1606/1993/2121
f 1599/1968/1923 1598/1967/1923 1613/1992/1923
f 1591/1966/1924 1606/1993/1924 1607/1995/1924
f 1600/1970/1925 1599/1968/1925 1614/1994/1925
f 1592/1969/1926 1607/1995/1926 1608/1997/1926
f 1601/1972/1927 1600/1970/1927 1615/1996/1927
f 1593/1971/1928 1608/1997/1928 1609/1999/1928
f 1602/1974/1929 1601/1972/1929 1616/1998/1929
f 1614/1994/1930 1613/1992/1930 1628/2000/1930
f 1606/1993/2122 1621/2016/2122 1622/2002/2122
f 1615/1996/1932 1614/1994/1932 1629/2001/1932
f 1607/1995/2123 1622/2002/2123 1623/2004/2123
f 1616/1998/1934 1615/1996/1934 1630/2003/1934
f 1608/1997/1935 1623/2004/1935 1624/2006/1935
f 1617/1984/1936 1616/1998/1936 1631/2005/1936
f 1609/1999/1937 1624/2006/1937 1625/2008/1937
f 1618/1985/1938 1617/1984/1938 1632/2007/1938
f 1610/1983/1939 1625/2008/1939 1626/2010/1939
f 1619/1987/1940 1618/1985/1940 1633/2009/1940
f 1611/1986/2124 1626/2010/2124 1627/2012/2124
f 1613/1992/1944 1612/1988/1944 1627/2012/1944
f 1605/1990/1945 1620/2014/1945 1621/2016/1945
f 1632/2017/2125 1647/2047/2125 1648/2018/2125
f 1626/2020/1947 1625/2048/1947 1640/2021/1947
f 1633/2019/2126 1648/2018/2126 1649/2023/2126
f 1627/2025/1949 1626/2020/1949 1641/2022/1949
f 1627/2025/2127 1642/2026/2127 1643/2031/2127
f 1621/2033/1953 1620/2027/1953 1635/2029/1953
f 1628/2032/1954 1643/2031/1954 1644/2035/1954
f 1622/2037/1955 1621/2033/1955 1636/2034/1955
f 1629/2036/1956 1644/2035/1956 1645/2039/1956
f 1623/2041/1957 1622/2037/1957 1637/2038/1957
f 1630/2040/1958 1645/2039/1958 1646/2043/1958
f 1624/2045/1959 1623/2041/1959 1638/2042/1959
f 1631/2044/2128 1646/2043/2128 1647/2047/2128
f 1625/2048/1961 1624/2045/1961 1639/2046/1961
f 1644/2035/1962 1659/2065/1962 1660/2049/1962
f 1638/2042/1963 1637/2038/1963 1652/2050/1963
f 1645/2039/2129 1660/2049/2129 1661/2052/2129
f 1639/2046/1965 1638/2042/1965 1653/2051/1965
f 1646/2043/1966 1661/2052/1966 1662/2054/1966
f 1640/2021/1967 1639/2046/1967 1654/2053/1967
f 1647/2047/1968 1662/2054/1968 1663/2056/1968
f 1641/2022/1969 1640/2021/1969 1655/2055/1969
f 1648/2018/1970 1663/2056/1970 1664/2058/1970
f 1642/2026/1971 1641/2022/1971 1656/2057/1971
f 1642/2026/1974 1657/2059/1974 1658/2063/1974
f 1636/2034/1975 1635/2029/1975 1650/2061/1975
f 1643/2031/1976 1658/2063/1976 1659/2065/1976
f 1637/2038/1977 1636/2034/1977 1651/2064/1977
f 1663/2056/1978 1678/2082/1978 1679/2066/1978
f 1657/2059/2130 1656/2057/2130 1671/2067/2130
f 1657/2059/1982 1672/2068/1982 1673/2072/1982
f 1651/2064/1983 1650/2061/1983 1665/2070/1983
f 1658/2063/1984 1673/2072/1984 1674/2074/1984
f 1652/2050/1985 1651/2064/1985 1666/2073/1985
f 1659/2065/2131 1674/2074/2131 1675/2076/2131
f 1653/2051/1987 1652/2050/1987 1667/2075/1987
f 1660/2049/2132 1675/2076/2132 1676/2078/2132
f 1654/2053/2133 1653/2051/2133 1668/2077/2133
f 1661/2052/1990 1676/2078/1990 1677/2080/1990
f 1655/2055/1991 1654/2053/1991 1669/2079/1991
f 1662/2054/1992 1677/2080/1992 1678/2082/1992
f 1656/2057/1993 1655/2055/1993 1670/2081/1993
f 1668/2077/1994 1667/2075/1994 1682/2083/1994
f 1675/2076/1995 1690/2099/1995 1691/2085/1995
f 1669/2079/1996 1668/2077/1996 1683/2084/1996
f 1676/2078/1997 1691/2085/1997 1692/2087/1997
f 1670/2081/1998 1669/2079/1998 1684/2086/1998
f 1677/2080/1999 1692/2087/1999 1693/2089/1999
f 1671/2067/2000 1670/2081/2000 1685/2088/2000
f 1678/2082/2001 1693/2089/2001 1694/2091/2001
f 1672/2068/2002 1671/2067/2002 1686/2090/2002
f 1672/2068/2005 1687/2092/2005 1688/2096/2005
f 1666/2073/2006 1665/2070/2006 1680/2094/2006
f 1673/2072/2007 1688/2096/2007 1689/2098/2007
f 1667/2075/2008 1666/2073/2008 1681/2097/2008
f 1674/2074/2009 1689/2098/2009 1690/2099/2009
f 1687/2092/2010 1686/2090/2010 1701/2100/2010
f 1687/2092/2013 1702/2101/2013 1703/2106/2013
f 1681/2097/2014 1680/2094/2014 1695/2103/2014
f 1688/2096/2134 1703/2106/2134 1704/2108/2134
f 1682/2083/2135 1681/2097/2135 1696/2107/2135
f 1689/2098/2017 1704/2108/2017 1705/2110/2017
f 1683/2084/2018 1682/2083/2018 1697/2109/2018
f 1690/2099/2019 1705/2110/2019 1706/2112/2019
f 1684/2086/2136 1683/2084/2136 1698/2111/2136
f 1691/2085/2021 1706/2112/2021 1707/2114/2021
f 1685/2088/2022 1684/2086/2022 1699/2113/2022
f 1692/2087/2023 1707/2114/2023 1708/2116/2023
f 1686/2090/2024 1685/2088/2024 1700/2115/2024
f 1693/2089/2025 1708/2116/2025 1709/2105/2025
f 1705/2110/2026 1720/2133/2026 1721/2117/2026
f 1699/2113/2027 1698/2111/2027 1713/2118/2027
f 1706/2112/2028 1721/2117/2028 1722/2120/2028
f 1700/2115/2029 1699/2113/2029 1714/2119/2029
f 1707/2114/2137 1722/2120/2137 1723/2122/2137
f 1701/2100/2031 1700/2115/2031 1715/2121/2031
f 1708/2116/2138 1723/2122/2138 1724/2124/2138
f 1702/2101/2033 1701/2100/2033 1716/2123/2033
f 1702/2101/2036 1717/2125/2036 1718/2129/2036
f 1696/2107/2139 1695/2103/2139 1710/2127/2139
f 1703/2106/2038 1718/2129/2038 1719/2131/2038
f 1697/2109/2140 1696/2107/2140 1711/2130/2140
f 1704/2108/2040 1719/2131/2040 1720/2133/2040
f 1698/2111/2041 1697/2109/2041 1712/2132/2041
f 1717/2125/2044 1732/2150/2044 1733/2138/2044
f 1711/2130/2045 1710/2127/2045 1725/2135/2045
f 1718/2129/2141 1733/2138/2141 1734/2140/2141
f 1712/2132/2047 1711/2130/2047 1726/2139/2047
f 1719/2131/2048 1734/2140/2048 1735/2142/2048
f 1713/2118/2049 1712/2132/2049 1727/2141/2049
f 1720/2133/2050 1735/2142/2050 1736/2144/2050
f 1714/2119/2051 1713/2118/2051 1728/2143/2051
f 1721/2117/2052 1736/2144/2052 1737/2146/2052
f 1715/2121/2053 1714/2119/2053 1729/2145/2053
f 1722/2120/2054 1737/2146/2054 1738/2148/2054
f 1716/2123/2055 1715/2121/2055 1730/2147/2055
f 1723/2122/2056 1738/2148/2056 1739/2137/2056
f 1717/2125/2057 1716/2123/2057 1731/2149/2057
f 1729/2145/2058 1728/2143/2058 1742/1597/2058
f 1736/2144/2059 1745/1594/2059 1746/1600/2059
f 1730/2147/2060 1729/2145/2060 1268/1599/2060
f 1737/2146/2142 1746/1600/2142 1747/1604/2142
f 1731/2149/2062 1730/2147/2062 1743/1603/2062
f 1738/2148/2063 1747/1604/2063 1748/1608/2063
f 1732/2150/2064 1731/2149/2064 1269/1607/2064
f 1732/2150/2067 1270/1611/2067 1271/1616/2067
f 1726/2139/2068 1725/2135/2068 1740/1612/2068
f 1733/2138/2069 1271/1616/2069 1744/1620/2069
f 1727/2141/2143 1726/2139/2143 1741/1619/2143
f 1734/2140/2071 1744/1620/2071 1272/1624/2071
f 1728/2143/2072 1727/2141/2072 1267/1623/2072
f 1735/2142/2144 1272/1624/2144 1745/1594/2144
o 立方体.002
v -0.368701 0.685829 -0.036622
v -0.368701 0.715579 -0.036622
v -0.368701 0.685829 -0.062703
v -0.368701 0.715579 -0.062703
v -0.340026 0.685829 -0.036622
v -0.340026 0.715579 -0.036622
v -0.340026 0.685829 -0.062703
v -0.340026 0.715579 -0.062703
vn -1.0000 -0.0000 -0.0000
vn -0.0000 -0.0000 -1.0000
vn 1.0000 -0.0000 -0.0000
vn -0.0000 -0.0000 1.0000
vn -0.0000 -1.0000 -0.0000
vn -0.0000 1.0000 -0.0000
vt 0.940616 0.207005
vt 0.952206 0.218396
vt 0.940616 0.218396
vt 0.952206 0.207004
vt 0.961704 0.218396
vt 0.961704 0.207005
vt 0.973294 0.218396
vt 0.973294 0.207005
vt 0.982792 0.218396
vt 0.973294 0.227894
vt 0.961704 0.227894
vt 0.961704 0.197507
vt 0.982792 0.207005
vt 0.973294 0.197507
s 0
usemtl bechar
f 1750/2153/2145 1751/2154/2145 1749/2155/2145
f 1752/2156/2146 1755/2157/2146 1751/2154/2146
f 1756/2158/2147 1753/2159/2147 1755/2157/2147
f 1754/2160/2148 1749/2161/2148 1753/2159/2148
f 1755/2157/2149 1749/2162/2149 1751/2163/2149
f 1752/2164/2150 1754/2160/2150 1756/2158/2150
f 1750/2153/2145 1752/2156/2145 1751/2154/2145
f 1752/2156/2146 1756/2158/2146 1755/2157/2146
f 1756/2158/2147 1754/2160/2147 1753/2159/2147
f 1754/2160/2148 1750/2165/2148 1749/2161/2148
f 1755/2157/2149 1753/2159/2149 1749/2162/2149
f 1752/2164/2150 1750/2166/2150 1754/2160/2150
o 立方体.003
v -0.389610 0.604438 0.071792
v -0.381111 0.645312 0.052786
v -0.389610 0.604438 -0.037353
v -0.379695 0.645260 -0.019006
v -0.338616 0.604438 0.071792
v -0.347115 0.645312 0.052786
v -0.338616 0.604438 -0.037353
v -0.348531 0.645260 -0.019006
vn -0.9791 0.2036 -0.0000
vn -0.0000 0.4099 -0.9121
vn 0.9791 0.2036 -0.0000
vn -0.0000 0.4216 0.9068
vn -0.0000 -1.0000 -0.0000
vn -0.0000 1.0000 -0.0007
vn -0.9695 0.2442 -0.0193
vn 0.9695 0.2442 -0.0193
vt 0.829894 0.604553
vt 0.870092 0.589013
vt 0.834499 0.621960
vt 0.853260 0.582827
vt 0.872917 0.572361
vt 0.840093 0.544434
vt 0.850181 0.529519
vt 0.834883 0.522360
vt 0.865100 0.521601
vt 0.887836 0.564443
vt 0.845930 0.577602
vt 0.854986 0.572650
vt 0.829894 0.539661
vt 0.830213 0.549836
s 0
usemtl bechar
f 1758/2167/2151 1759/2168/2151 1757/2169/2151
f 1760/2170/2152 1763/2171/2152 1759/2168/2152
f 1763/2171/2153 1762/2172/2153 1761/2173/2153
f 1762/2172/2154 1757/2174/2154 1761/2173/2154
f 1763/2171/2155 1757/2175/2155 1759/2176/2155
f 1760/2177/2156 1762/2172/2156 1764/2178/2156
f 1758/2167/2157 1760/2170/2157 1759/2168/2157
f 1760/2170/2152 1764/2178/2152 1763/2171/2152
f 1763/2171/2158 1764/2178/2158 1762/2172/2158
f 1762/2172/2154 1758/2179/2154 1757/2174/2154
f 1763/2171/2155 1761/2173/2155 1757/2175/2155
f 1760/2177/2156 1758/2180/2156 1762/2172/2156
o 立方体.004
v -0.357369 0.670030 -0.022504
v -0.357369 0.737028 -0.022504
v -0.357369 0.670030 -0.071682
v -0.357369 0.737028 -0.071682
v -0.295956 0.670030 -0.022504
v -0.295956 0.737028 -0.022504
v -0.295956 0.670030 -0.071682
v -0.295956 0.737028 -0.071682
vn -1.0000 -0.0000 -0.0000
vn -0.0000 -0.0000 -1.0000
vn 1.0000 -0.0000 -0.0000
vn -0.0000 -0.0000 1.0000
vn -0.0000 -1.0000 -0.0000
vn -0.0000 1.0000 -0.0000
vt 0.181487 0.841841
vt 0.203341 0.867495
vt 0.181487 0.867495
vt 0.203341 0.841841
vt 0.223682 0.867495
vt 0.223682 0.841841
vt 0.245535 0.867495
vt 0.245535 0.841841
vt 0.265876 0.867495
vt 0.245535 0.887836
vt 0.223682 0.887836
vt 0.223682 0.821501
vt 0.265876 0.841841
vt 0.245535 0.821501
s 0
usemtl bechar
f 1766/2181/2159 1767/2182/2159 1765/2183/2159
f 1768/2184/2160 1771/2185/2160 1767/2182/2160
f 1772/2186/2161 1769/2187/2161 1771/2185/2161
f 1770/2188/2162 1765/2189/2162 1769/2187/2162
f 1771/2185/2163 1765/2190/2163 1767/2191/2163
f 1768/2192/2164 1770/2188/2164 1772/2186/2164
f 1766/2181/2159 1768/2184/2159 1767/2182/2159
f 1768/2184/2160 1772/2186/2160 1771/2185/2160
f 1772/2186/2161 1770/2188/2161 1769/2187/2161
f 1770/2188/2162 1766/2193/2162 1765/2189/2162
f 1771/2185/2163 1769/2187/2163 1765/2190/2163
f 1768/2192/2164 1766/2194/2164 1770/2188/2164
o 立方体.005
v -0.390363 0.559877 0.071695
v -0.390363 0.606171 0.071695
v -0.390363 0.559877 0.053109
v -0.390363 0.606171 0.053109
v -0.348450 0.559877 0.071695
v -0.348450 0.606171 0.071695
v -0.348450 0.559877 0.053109
v -0.348450 0.606171 0.053109
vn -1.0000 -0.0000 -0.0000
vn -0.0000 -0.0000 -1.0000
vn 1.0000 -0.0000 -0.0000
vn -0.0000 -0.0000 1.0000
vn -0.0000 -1.0000 -0.0000
vn -0.0000 1.0000 -0.0000
vt 0.738281 0.832784
vt 0.719907 0.826090
vt 0.725747 0.820250
vt 0.732440 0.838624
vt 0.710090 0.835907
vt 0.722624 0.848441
vt 0.704250 0.841747
vt 0.716784 0.854281
vt 0.694434 0.851563
vt 0.694434 0.831931
vt 0.700274 0.826090
vt 0.732440 0.858257
vt 0.706968 0.864097
vt 0.726600 0.864097
s 0
usemtl bechar
f 1774/2195/2165 1775/2196/2165 1773/2197/2165
f 1776/2198/2166 1779/2199/2166 1775/2196/2166
f 1780/2200/2167 1777/2201/2167 1779/2199/2167
f 1778/2202/2168 1773/2203/2168 1777/2201/2168
f 1779/2199/2169 1773/2204/2169 1775/2205/2169
f 1776/2206/2170 1778/2202/2170 1780/2200/2170
f 1774/2195/2165 1776/2198/2165 1775/2196/2165
f 1776/2198/2166 1780/2200/2166 1779/2199/2166
f 1780/2200/2167 1778/2202/2167 1777/2201/2167
f 1778/2202/2168 1774/2207/2168 1773/2203/2168
f 1779/2199/2169 1777/2201/2169 1773/2204/2169
f 1776/2206/2170 1774/2208/2170 1778/2202/2170
o 立方体.006
v -0.405374 0.625044 0.035588
v -0.405374 0.645131 0.035588
v -0.405374 0.625044 -0.001807
v -0.405374 0.645131 -0.001807
v -0.377015 0.625044 0.035588
v -0.377015 0.645131 0.035588
v -0.377015 0.625044 -0.001807
v -0.377015 0.645131 -0.001807
vn -1.0000 -0.0000 -0.0000
vn -0.0000 -0.0000 -1.0000
vn 1.0000 -0.0000 -0.0000
vn -0.0000 -0.0000 1.0000
vn -0.0000 -1.0000 -0.0000
vn -0.0000 1.0000 -0.0000
vt 0.698027 0.902285
vt 0.690335 0.918902
vt 0.690335 0.902285
vt 0.698027 0.918902
vt 0.690335 0.928295
vt 0.698027 0.928295
vt 0.690335 0.944912
vt 0.698027 0.944912
vt 0.690335 0.954305
vt 0.680942 0.944912
vt 0.680942 0.928295
vt 0.707420 0.928295
vt 0.698027 0.954305
vt 0.707420 0.944912
s 0
usemtl bechar
f 1782/2209/2171 1783/2210/2171 1781/2211/2171
f 1784/2212/2172 1787/2213/2172 1783/2210/2172
f 1788/2214/2173 1785/2215/2173 1787/2213/2173
f 1786/2216/2174 1781/2217/2174 1785/2215/2174
f 1787/2213/2175 1781/2218/2175 1783/2219/2175
f 1784/2220/2176 1786/2216/2176 1788/2214/2176
f 1782/2209/2171 1784/2212/2171 1783/2210/2171
f 1784/2212/2172 1788/2214/2172 1787/2213/2172
f 1788/2214/2173 1786/2216/2173 1785/2215/2173
f 1786/2216/2174 1782/2221/2174 1781/2217/2174
f 1787/2213/2175 1785/2215/2175 1781/2218/2175
f 1784/2220/2176 1782/2222/2176 1786/2216/2176
o 立方体.007
v -0.243664 0.810188 0.005938
v -0.243664 0.841398 -0.005294
v -0.243664 0.761371 -0.094776
v -0.243664 0.792581 -0.106008
v -0.192669 0.810188 0.005938
v -0.192669 0.841398 -0.005294
v -0.192669 0.761371 -0.094776
v -0.192669 0.792581 -0.106008
vn -1.0000 -0.0000 -0.0000
vn -0.0000 -0.3386 -0.9409
vn 1.0000 -0.0000 -0.0000
vn -0.0000 0.3386 0.9409
vn -0.0000 -0.8999 0.4362
vn -0.0000 0.8999 -0.4362
vt 0.419906 0.517509
vt 0.406955 0.469008
vt 0.419906 0.469008
vt 0.419906 0.452118
vt 0.406955 0.452117
vt 0.419906 0.403617
vt 0.406955 0.403617
vt 0.419906 0.386726
vt 0.436796 0.403617
vt 0.436796 0.452117
vt 0.390065 0.452117
vt 0.406955 0.517509
vt 0.406955 0.386726
vt 0.390065 0.403617
s 0
usemtl bechar
f 1789/2223/2177 1792/2224/2177 1791/2225/2177
f 1792/2224/2178 1795/2226/2178 1791/2225/2178
f 1796/2227/2179 1793/2228/2179 1795/2226/2179
f 1794/2229/2180 1789/2230/2180 1793/2228/2180
f 1795/2226/2181 1789/2231/2181 1791/2232/2181
f 1792/2233/2182 1794/2229/2182 1796/2227/2182
f 1789/2223/2177 1790/2234/2177 1792/2224/2177
f 1792/2224/2178 1796/2227/2178 1795/2226/2178
f 1796/2227/2179 1794/2229/2179 1793/2228/2179
f 1794/2229/2180 1790/2235/2180 1789/2230/2180
f 1795/2226/2181 1793/2228/2181 1789/2231/2181
f 1792/2233/2182 1790/2236/2182 1794/2229/2182
o 立方体.008
v -0.392189 0.560001 -0.027356
v -0.392189 0.560001 0.059310
v -0.392189 0.581572 -0.027356
v -0.392189 0.581572 0.059310
v -0.342700 0.560001 -0.027356
v -0.342700 0.560001 0.059310
v -0.342700 0.581572 -0.027356
v -0.342700 0.581572 0.059310
vn -1.0000 -0.0000 -0.0000
vn -0.0000 1.0000 -0.0000
vn 1.0000 -0.0000 -0.0000
vn -0.0000 -1.0000 -0.0000
vn -0.0000 -0.0000 -1.0000
vn -0.0000 -0.0000 1.0000
vt 0.978044 0.533822
vt 0.969784 0.572334
vt 0.969785 0.533822
vt 0.953393 0.533822
vt 0.953393 0.572334
vt 0.945134 0.533822
vt 0.945134 0.572334
vt 0.928742 0.533822
vt 0.945134 0.517430
vt 0.953393 0.517430
vt 0.953393 0.588725
vt 0.978044 0.572334
vt 0.928742 0.572334
vt 0.945134 0.588725
s 0
usemtl bechar
f 1797/2237/2183 1800/2238/2183 1799/2239/2183
f 1800/2238/2184 1803/2240/2184 1799/2239/2184
f 1804/2241/2185 1801/2242/2185 1803/2240/2185
f 1802/2243/2186 1797/2244/2186 1801/2242/2186
f 1803/2240/2187 1797/2245/2187 1799/2246/2187
f 1800/2247/2188 1802/2243/2188 1804/2241/2188
f 1797/2237/2183 1798/2248/2183 1800/2238/2183
f 1800/2238/2184 1804/2241/2184 1803/2240/2184
f 1804/2241/2185 1802/2243/2185 1801/2242/2185
f 1802/2243/2186 1798/2249/2186 1797/2244/2186
f 1803/2240/2187 1801/2242/2187 1797/2245/2187
f 1800/2247/2188 1798/2250/2188 1802/2243/2188
o 立方体.009
v -0.390433 0.559877 -0.019124
v -0.390433 0.606171 -0.019124
v -0.390433 0.559877 -0.037710
v -0.390433 0.606171 -0.037710
v -0.348520 0.559877 -0.019124
v -0.348520 0.606171 -0.019124
v -0.348520 0.559877 -0.037710
v -0.348520 0.606171 -0.037710
vn -1.0000 -0.0000 -0.0000
vn -0.0000 -0.0000 -1.0000
vn 1.0000 -0.0000 -0.0000
vn -0.0000 -0.0000 1.0000
vn -0.0000 -1.0000 -0.0000
vn -0.0000 1.0000 -0.0000
vt 0.445627 0.954305
vt 0.452321 0.935931
vt 0.458161 0.941771
vt 0.439787 0.948465
vt 0.442505 0.926115
vt 0.429971 0.938649
vt 0.436665 0.920274
vt 0.424131 0.932808
vt 0.426849 0.910458
vt 0.446481 0.910458
vt 0.452321 0.916299
vt 0.420155 0.948465
vt 0.414315 0.922992
vt 0.414315 0.942625
s 0
usemtl bechar
f 1806/2251/2189 1807/2252/2189 1805/2253/2189
f 1808/2254/2190 1811/2255/2190 1807/2252/2190
f 1812/2256/2191 1809/2257/2191 1811/2255/2191
f 1810/2258/2192 1805/2259/2192 1809/2257/2192
f 1811/2255/2193 1805/2260/2193 1807/2261/2193
f 1808/2262/2194 1810/2258/2194 1812/2256/2194
f 1806/2251/2189 1808/2254/2189 1807/2252/2189
f 1808/2254/2190 1812/2256/2190 1811/2255/2190
f 1812/2256/2191 1810/2258/2191 1809/2257/2191
f 1810/2258/2192 1806/2263/2192 1805/2259/2192
f 1811/2255/2193 1809/2257/2193 1805/2260/2193
f 1808/2262/2194 1806/2264/2194 1810/2258/2194
o 立方体.010
v -0.373103 0.569897 -0.026343
v -0.373103 0.569897 0.060323
v -0.373103 0.607213 -0.026343
v -0.373103 0.607213 0.060323
v -0.358105 0.569897 -0.026343
v -0.358105 0.569897 0.060323
v -0.358105 0.607213 -0.026343
v -0.358105 0.607213 0.060323
vn -1.0000 -0.0000 -0.0000
vn -0.0000 1.0000 -0.0000
vn 1.0000 -0.0000 -0.0000
vn -0.0000 -1.0000 -0.0000
vn -0.0000 -0.0000 -1.0000
vn -0.0000 -0.0000 1.0000
vt 0.182040 0.963801
vt 0.220552 0.949512
vt 0.220553 0.963801
vt 0.182040 0.949512
vt 0.220553 0.944545
vt 0.182040 0.944545
vt 0.220553 0.930257
vt 0.182040 0.930257
vt 0.220553 0.925289
vt 0.225520 0.930257
vt 0.225520 0.944545
vt 0.177073 0.944545
vt 0.182040 0.925289
vt 0.177073 0.930257
s 0
usemtl bechar
f 1814/2265/2195 1815/2266/2195 1813/2267/2195
f 1816/2268/2196 1819/2269/2196 1815/2266/2196
f 1820/2270/2197 1817/2271/2197 1819/2269/2197
f 1818/2272/2198 1813/2273/2198 1817/2271/2198
f 1819/2269/2199 1813/2274/2199 1815/2275/2199
f 1816/2276/2200 1818/2272/2200 1820/2270/2200
f 1814/2265/2195 1816/2268/2195 1815/2266/2195
f 1816/2268/2196 1820/2270/2196 1819/2269/2196
f 1820/2270/2197 1818/2272/2197 1817/2271/2197
f 1818/2272/2198 1814/2277/2198 1813/2273/2198
f 1819/2269/2199 1817/2271/2199 1813/2274/2199
f 1816/2276/2200 1814/2278/2200 1818/2272/2200
o 立方体.011
v -0.331435 0.728464 0.139324
v -0.331435 0.762287 0.139324
v -0.331435 0.728464 0.030180
v -0.331435 0.762287 0.030180
v -0.280440 0.728464 0.139324
v -0.280440 0.762287 0.139324
v -0.280440 0.728464 0.030180
v -0.280440 0.762287 0.030180
vn -1.0000 -0.0000 -0.0000
vn -0.0000 -0.0000 -1.0000
vn 1.0000 -0.0000 -0.0000
vn -0.0000 -0.0000 1.0000
vn -0.0000 -1.0000 -0.0000
vn -0.0000 1.0000 -0.0000
vt 0.436523 0.557647
vt 0.423573 0.606148
vt 0.423573 0.557647
vt 0.436523 0.606148
vt 0.423573 0.623038
vt 0.436523 0.623038
vt 0.423573 0.671539
vt 0.436523 0.671539
vt 0.423573 0.688429
vt 0.406682 0.671539
vt 0.406682 0.623038
vt 0.453414 0.623038
vt 0.436523 0.688429
vt 0.453414 0.671539
s 0
usemtl bechar
f 1822/2279/2201 1823/2280/2201 1821/2281/2201
f 1824/2282/2202 1827/2283/2202 1823/2280/2202
f 1828/2284/2203 1825/2285/2203 1827/2283/2203
f 1826/2286/2204 1821/2287/2204 1825/2285/2204
f 1827/2283/2205 1821/2288/2205 1823/2289/2205
f 1824/2290/2206 1826/2286/2206 1828/2284/2206
f 1822/2279/2201 1824/2282/2201 1823/2280/2201
f 1824/2282/2202 1828/2284/2202 1827/2283/2202
f 1828/2284/2203 1826/2286/2203 1825/2285/2203
f 1826/2286/2204 1822/2291/2204 1821/2287/2204
f 1827/2283/2205 1825/2285/2205 1821/2288/2205
f 1824/2290/2206 1822/2292/2206 1826/2286/2206
o 立方体.012
v -0.357369 0.670030 0.103274
v -0.357369 0.737028 0.103274
v -0.357369 0.670030 0.054096
v -0.357369 0.737028 0.054096
v -0.295956 0.670030 0.103274
v -0.295956 0.737028 0.103274
v -0.295956 0.670030 0.054096
v -0.295956 0.737028 0.054096
vn -1.0000 -0.0000 -0.0000
vn -0.0000 -0.0000 -1.0000
vn 1.0000 -0.0000 -0.0000
vn -0.0000 -0.0000 1.0000
vn -0.0000 -1.0000 -0.0000
vn -0.0000 1.0000 -0.0000
vt 0.302556 0.856085
vt 0.324410 0.881739
vt 0.302556 0.881739
vt 0.324410 0.856085
vt 0.344750 0.881739
vt 0.344750 0.856085
vt 0.366604 0.881738
vt 0.366604 0.856085
vt 0.386945 0.881739
vt 0.366604 0.902079
vt 0.344750 0.902079
vt 0.344750 0.835744
vt 0.386945 0.856085
vt 0.366604 0.835744
s 0
usemtl bechar
f 1830/2293/2207 1831/2294/2207 1829/2295/2207
f 1832/2296/2208 1835/2297/2208 1831/2294/2208
f 1836/2298/2209 1833/2299/2209 1835/2297/2209
f 1834/2300/2210 1829/2301/2210 1833/2299/2210
f 1835/2297/2211 1829/2302/2211 1831/2303/2211
f 1832/2304/2212 1834/2300/2212 1836/2298/2212
f 1830/2293/2207 1832/2296/2207 1831/2294/2207
f 1832/2296/2208 1836/2298/2208 1835/2297/2208
f 1836/2298/2209 1834/2300/2209 1833/2299/2209
f 1834/2300/2210 1830/2305/2210 1829/2301/2210
f 1835/2297/2211 1833/2299/2211 1829/2302/2211
f 1832/2304/2212 1830/2306/2212 1834/2300/2212
o 立方体.013
v -0.357105 0.594519 -0.106913
v -0.357105 0.594519 -0.067918
v -0.357105 0.611616 -0.106913
v -0.357105 0.611616 -0.067918
v -0.334709 0.594519 -0.106913
v -0.334709 0.594519 -0.067918
v -0.334709 0.611616 -0.106913
v -0.334709 0.611616 -0.067918
v -0.357105 0.594519 -0.087677
v -0.334709 0.594519 -0.087677
v -0.334709 0.576584 -0.087677
v -0.334709 0.576584 -0.106913
v -0.357105 0.576584 -0.106913
v -0.357105 0.576584 -0.087677
vn -1.0000 -0.0000 -0.0000
vn -0.0000 1.0000 -0.0000
vn 1.0000 -0.0000 -0.0000
vn -0.0000 -0.0000 1.0000
vn -0.0000 -0.0000 -1.0000
vn -0.0000 -1.0000 -0.0000
vt 0.272438 0.943662
vt 0.276299 0.932884
vt 0.281594 0.950206
vt 0.289009 0.947940
vt 0.283714 0.930617
vt 0.289161 0.928394
vt 0.293876 0.937470
vt 0.300042 0.930969
vt 0.300385 0.939840
vt 0.295481 0.953551
vt 0.289863 0.954305
vt 0.281195 0.924446
vt 0.308606 0.944793
vt 0.300820 0.946735
vt 0.294866 0.924447
vt 0.275050 0.952207
vt 0.265573 0.945760
vt 0.294766 0.947015
vt 0.301300 0.953035
vt 0.269755 0.934884
vt 0.305495 0.936326
vt 0.286642 0.922223
vt 0.268185 0.954305
s 0
usemtl bechar
f 1845/2307/2213 1840/2308/2213 1839/2309/2213
f 1840/2308/2214 1843/2310/2214 1839/2309/2214
f 1844/2311/2215 1842/2312/2215 1846/2313/2215
f 1845/2314/2216 1847/2315/2216 1846/2313/2216
f 1843/2310/2217 1837/2316/2217 1839/2317/2217
f 1840/2318/2216 1842/2312/2216 1844/2311/2216
f 1847/2315/2218 1849/2319/2218 1848/2320/2218
f 1846/2313/2218 1838/2321/2218 1845/2314/2218
f 1837/2322/2213 1850/2323/2213 1845/2307/2213
f 1841/2324/2217 1849/2325/2217 1837/2316/2217
f 1846/2313/2215 1848/2320/2215 1841/2324/2215
f 1839/2309/2213 1837/2322/2213 1845/2307/2213
f 1845/2307/2213 1838/2326/2213 1840/2308/2213
f 1840/2308/2214 1844/2311/2214 1843/2310/2214
f 1841/2324/2215 1843/2310/2215 1846/2313/2215
f 1843/2310/2215 1844/2311/2215 1846/2313/2215
f 1845/2314/2216 1850/2327/2216 1847/2315/2216
f 1843/2310/2217 1841/2324/2217 1837/2316/2217
f 1840/2318/2216 1838/2328/2216 1842/2312/2216
f 1847/2315/2218 1850/2327/2218 1849/2319/2218
f 1846/2313/2218 1842/2312/2218 1838/2321/2218
f 1837/2322/2213 1849/2329/2213 1850/2323/2213
f 1841/2324/2217 1848/2320/2217 1849/2325/2217
f 1846/2313/2215 1847/2315/2215 1848/2320/2215
o 立方体.014
v -0.334709 0.594519 0.138659
v -0.334709 0.594519 0.099664
v -0.334709 0.611616 0.138659
v -0.334709 0.611616 0.099664
v -0.357105 0.594519 0.138659
v -0.357105 0.594519 0.099664
v -0.357105 0.611616 0.138659
v -0.357105 0.611616 0.099664
v -0.334709 0.594519 0.119424
v -0.357105 0.594519 0.119424
v -0.357105 0.576584 0.119424
v -0.357105 0.576584 0.138659
v -0.334709 0.576584 0.138659
v -0.334709 0.576584 0.119424
vn 1.0000 -0.0000 -0.0000
vn -0.0000 1.0000 -0.0000
vn -1.0000 -0.0000 -0.0000
vn -0.0000 -0.0000 -1.0000
vn -0.0000 -0.0000 1.0000
vn -0.0000 -1.0000 -0.0000
vt 0.889650 0.155529
vt 0.893511 0.144751
vt 0.898806 0.162074
vt 0.906221 0.159807
vt 0.900926 0.142484
vt 0.906373 0.140261
vt 0.911088 0.149338
vt 0.917254 0.142837
vt 0.917597 0.151708
vt 0.912693 0.165419
vt 0.907075 0.166173
vt 0.898407 0.136313
vt 0.925818 0.156660
vt 0.918033 0.158602
vt 0.912078 0.136314
vt 0.892262 0.164074
vt 0.882785 0.157628
vt 0.911978 0.158882
vt 0.918512 0.164903
vt 0.886967 0.146751
vt 0.922707 0.148193
vt 0.903854 0.134090
vt 0.885397 0.166173
s 0
usemtl bechar
f 1859/2330/2219 1854/2331/2219 1853/2332/2219
f 1854/2331/2220 1857/2333/2220 1853/2332/2220
f 1858/2334/2221 1856/2335/2221 1860/2336/2221
f 1859/2337/2222 1861/2338/2222 1860/2336/2222
f 1857/2333/2223 1851/2339/2223 1853/2340/2223
f 1854/2341/2222 1856/2335/2222 1858/2334/2222
f 1861/2338/2224 1863/2342/2224 1862/2343/2224
f 1860/2336/2224 1852/2344/2224 1859/2337/2224
f 1851/2345/2219 1864/2346/2219 1859/2330/2219
f 1855/2347/2223 1863/2348/2223 1851/2339/2223
f 1860/2336/2221 1862/2343/2221 1855/2347/2221
f 1853/2332/2219 1851/2345/2219 1859/2330/2219
f 1859/2330/2219 1852/2349/2219 1854/2331/2219
f 1854/2331/2220 1858/2334/2220 1857/2333/2220
f 1855/2347/2221 1857/2333/2221 1860/2336/2221
f 1857/2333/2221 1858/2334/2221 1860/2336/2221
f 1859/2337/2222 1864/2350/2222 1861/2338/2222
f 1857/2333/2223 1855/2347/2223 1851/2339/2223
f 1854/2341/2222 1852/2351/2222 1856/2335/2222
f 1861/2338/2224 1864/2350/2224 1863/2342/2224
f 1860/2336/2224 1856/2335/2224 1852/2344/2224
f 1851/2345/2219 1863/2352/2219 1864/2346/2219
f 1855/2347/2223 1862/2343/2223 1863/2348/2223
f 1860/2336/2221 1861/2338/2221 1862/2343/2221
o 立方体.015
v -0.331435 0.728464 0.013546
v -0.331435 0.762287 0.013546
v -0.331435 0.728464 -0.095598
v -0.331435 0.762287 -0.095598
v -0.280440 0.728464 0.013546
v -0.280440 0.762287 0.013546
v -0.280440 0.728464 -0.095598
v -0.280440 0.762287 -0.095598
vn -1.0000 -0.0000 -0.0000
vn -0.0000 -0.0000 -1.0000
vn 1.0000 -0.0000 -0.0000
vn -0.0000 -0.0000 1.0000
vn -0.0000 -1.0000 -0.0000
vn -0.0000 1.0000 -0.0000
vt 0.823468 0.018773
vt 0.810517 0.067274
vt 0.810517 0.018773
vt 0.823468 0.067274
vt 0.810517 0.084164
vt 0.823468 0.084164
vt 0.810517 0.132665
vt 0.823468 0.132665
vt 0.810517 0.149555
vt 0.793627 0.132665
vt 0.793627 0.084164
vt 0.840358 0.084164
vt 0.823468 0.149555
vt 0.840358 0.132665
s 0
usemtl bechar
f 1866/2353/2225 1867/2354/2225 1865/2355/2225
f 1868/2356/2226 1871/2357/2226 1867/2354/2226
f 1872/2358/2227 1869/2359/2227 1871/2357/2227
f 1870/2360/2228 1865/2361/2228 1869/2359/2228
f 1871/2357/2229 1865/2362/2229 1867/2363/2229
f 1868/2364/2230 1870/2360/2230 1872/2358/2230
f 1866/2353/2225 1868/2356/2225 1867/2354/2225
f 1868/2356/2226 1872/2358/2226 1871/2357/2226
f 1872/2358/2227 1870/2360/2227 1869/2359/2227
f 1870/2360/2228 1866/2365/2228 1865/2361/2228
f 1871/2357/2229 1869/2359/2229 1865/2362/2229
f 1868/2364/2230 1866/2366/2230 1870/2360/2230
