# Blender 4.4.1
# www.blender.org
mtllib spaceFont.mtl
o テキスト.002
v -6.825142 -0.366470 0.022070
v -6.784469 -0.390355 0.022070
v -6.743753 -0.411866 0.022070
v -6.702655 -0.431022 0.022070
v -6.660837 -0.447845 0.022070
v -6.617958 -0.462356 0.022070
v -6.573678 -0.474576 0.022070
v -6.527660 -0.484527 0.022070
v -6.479563 -0.492230 0.022070
v -6.429049 -0.497705 0.022070
v -6.375776 -0.500975 0.022070
v -6.319408 -0.502061 0.022070
v -6.216485 -0.494931 0.022070
v -6.121620 -0.474290 0.022070
v -6.034985 -0.441263 0.022070
v -5.956749 -0.396973 0.022070
v -5.887082 -0.342546 0.022070
v -5.826153 -0.279104 0.022070
v -5.774132 -0.207771 0.022070
v -5.731190 -0.129673 0.022070
v -5.697495 -0.045933 0.022070
v -5.673216 0.042324 0.022070
v -5.658525 0.133975 0.022070
v -5.653590 0.227896 0.022070
v -5.658978 0.328855 0.022070
v -5.674800 0.423705 0.022070
v -5.700550 0.511938 0.022070
v -5.735715 0.593044 0.022070
v -5.779789 0.666515 0.022070
v -5.832262 0.731841 0.022070
v -5.892625 0.788514 0.022070
v -5.960369 0.836023 0.022070
v -6.034985 0.873862 0.022070
v -6.115964 0.901519 0.022070
v -6.202796 0.918487 0.022070
v -6.294974 0.924256 0.022070
v -6.383042 0.919095 0.022070
v -6.465289 0.903584 0.022070
v -6.541363 0.877680 0.022070
v -6.610915 0.841340 0.022070
v -6.673596 0.794523 0.022070
v -6.729054 0.737185 0.022070
v -6.776941 0.669286 0.022070
v -6.816905 0.590782 0.022070
v -6.848598 0.501630 0.022070
v -6.871669 0.401788 0.022070
v -6.885768 0.291214 0.022070
v -6.890545 0.169866 0.022070
v -5.925415 0.169866 0.022070
v -5.938454 0.104651 0.022070
v -5.956182 0.044940 0.022070
v -5.978576 -0.009235 0.022070
v -6.005614 -0.057842 0.022070
v -6.037277 -0.100851 0.022070
v -6.073543 -0.138227 0.022070
v -6.114389 -0.169942 0.022070
v -6.159796 -0.195961 0.022070
v -6.209742 -0.216253 0.022070
v -6.264205 -0.230787 0.022070
v -6.323165 -0.239531 0.022070
v -6.386601 -0.242453 0.022070
v -6.427649 -0.241190 0.022070
v -6.468357 -0.237447 0.022070
v -6.508769 -0.231285 0.022070
v -6.548926 -0.222769 0.022070
v -6.588871 -0.211963 0.022070
v -6.628647 -0.198930 0.022070
v -6.668294 -0.183733 0.022070
v -6.707858 -0.166436 0.022070
v -6.747379 -0.147104 0.022070
v -6.786900 -0.125798 0.022070
v -6.826463 -0.102584 0.022070
v -6.866111 -0.077525 0.022070
v -6.866111 -0.340187 0.022070
v -6.617215 0.400363 0.022070
v -6.608201 0.447290 0.022070
v -6.594860 0.490654 0.022070
v -6.577319 0.530263 0.022070
v -6.555706 0.565927 0.022070
v -6.530149 0.597456 0.022070
v -6.500773 0.624657 0.022070
v -6.467707 0.647341 0.022070
v -6.431077 0.665316 0.022070
v -6.391012 0.678392 0.022070
v -6.347638 0.686378 0.022070
v -6.301083 0.689082 0.022070
v -6.250881 0.686553 0.022070
v -6.204138 0.679029 0.022070
v -6.160874 0.666605 0.022070
v -6.121110 0.649377 0.022070
v -6.084866 0.627441 0.022070
v -6.052164 0.600892 0.022070
v -6.023026 0.569825 0.022070
v -5.997471 0.534336 0.022070
v -5.975523 0.494519 0.022070
v -5.957201 0.450472 0.022070
v -5.942527 0.402288 0.022070
v -5.931523 0.350064 0.022070
v -6.621775 0.350064 0.022070
v -5.353028 0.563884 0.022070
v -5.317060 0.585437 0.022070
v -5.282789 0.604232 0.022070
v -5.249981 0.620419 0.022070
v -5.218403 0.634145 0.022070
v -5.187822 0.645559 0.022070
v -5.158005 0.654810 0.022070
v -5.128717 0.662046 0.022070
v -5.099727 0.667416 0.022070
v -5.070800 0.671067 0.022070
v -5.041704 0.673150 0.022070
v -5.012205 0.673811 0.022070
v -4.952003 0.669985 0.022070
v -4.895311 0.658724 0.022070
v -4.842458 0.640358 0.022070
v -4.793772 0.615216 0.022070
v -4.749583 0.583625 0.022070
v -4.710220 0.545916 0.022070
v -4.676010 0.502417 0.022070
v -4.647283 0.453455 0.022070
v -4.624368 0.399361 0.022070
v -4.607593 0.340464 0.022070
v -4.597286 0.277090 0.022070
v -4.593778 0.209571 0.022070
v -4.597547 0.140948 0.022070
v -4.608654 0.077235 0.022070
v -4.626802 0.018634 0.022070
v -4.651695 -0.034654 0.022070
v -4.683036 -0.082427 0.022070
v -4.720528 -0.124484 0.022070
v -4.763874 -0.160624 0.022070
v -4.812776 -0.190645 0.022070
v -4.866939 -0.214345 0.022070
v -4.926065 -0.231523 0.022070
v -4.989857 -0.241977 0.022070
v -5.058018 -0.245507 0.022070
v -5.086926 -0.244870 0.022070
v -5.115695 -0.242961 0.022070
v -5.144443 -0.239780 0.022070
v -5.173286 -0.235326 0.022070
v -5.202342 -0.229599 0.022070
v -5.231726 -0.222600 0.022070
v -5.261556 -0.214328 0.022070
v -5.291948 -0.204784 0.022070
v -5.323019 -0.193967 0.022070
v -5.354885 -0.181877 0.022070
v -5.387662 -0.168515 0.022070
v -5.421469 -0.153880 0.022070
v -5.421469 -0.422651 0.022070
v -5.396910 -0.433196 0.022070
v -5.369308 -0.443380 0.022070
v -5.339053 -0.453098 0.022070
v -5.306540 -0.462243 0.022070
v -5.272161 -0.470709 0.022070
v -5.236308 -0.478390 0.022070
v -5.199372 -0.485181 0.022070
v -5.161748 -0.490975 0.022070
v -5.123827 -0.495666 0.022070
v -5.086001 -0.499148 0.022070
v -5.048663 -0.501315 0.022070
v -5.012205 -0.502061 0.022070
v -4.912530 -0.496239 0.022070
v -4.818518 -0.479154 0.022070
v -4.730741 -0.451380 0.022070
v -4.649772 -0.413489 0.022070
v -4.576185 -0.366053 0.022070
v -4.510551 -0.309646 0.022070
v -4.453444 -0.244839 0.022070
v -4.405435 -0.172206 0.022070
v -4.367098 -0.092319 0.022070
v -4.339006 -0.005751 0.022070
v -4.321731 0.086925 0.022070
v -4.315845 0.185137 0.022070
v -4.321253 0.294636 0.022070
v -4.337224 0.396839 0.022070
v -4.363375 0.491322 0.022070
v -4.399326 0.577660 0.022070
v -4.444694 0.655429 0.022070
v -4.499097 0.724205 0.022070
v -4.562154 0.783565 0.022070
v -4.633482 0.833082 0.022070
v -4.712701 0.872334 0.022070
v -4.799428 0.900897 0.022070
v -4.893281 0.918345 0.022070
v -4.993879 0.924256 0.022070
v -5.032547 0.923501 0.022070
v -5.069316 0.921273 0.022070
v -5.104452 0.917623 0.022070
v -5.138219 0.912605 0.022070
v -5.170884 0.906271 0.022070
v -5.202711 0.898677 0.022070
v -5.233965 0.889873 0.022070
v -5.264913 0.879913 0.022070
v -5.295817 0.868851 0.022070
v -5.326944 0.856738 0.022070
v -5.358559 0.843629 0.022070
v -5.390927 0.829576 0.022070
v -5.390927 0.539425 0.022070
v -4.111914 -0.414590 0.022070
v -4.084757 -0.431715 0.022070
v -4.059911 -0.446655 0.022070
v -4.037006 -0.459528 0.022070
v -4.015671 -0.470449 0.022070
v -3.995534 -0.479536 0.022070
v -3.976224 -0.486904 0.022070
v -3.957371 -0.492672 0.022070
v -3.938602 -0.496954 0.022070
v -3.919547 -0.499869 0.022070
v -3.899834 -0.501532 0.022070
v -3.879092 -0.502061 0.022070
v -3.850451 -0.501163 0.022070
v -3.824046 -0.498441 0.022070
v -3.799826 -0.493852 0.022070
v -3.777738 -0.487355 0.022070
v -3.757728 -0.478907 0.022070
v -3.739744 -0.468464 0.022070
v -3.723732 -0.455986 0.022070
v -3.709640 -0.441429 0.022070
v -3.697414 -0.424751 0.022070
v -3.687002 -0.405910 0.022070
v -3.678350 -0.384862 0.022070
v -3.671406 -0.361567 0.022070
v -3.641504 -0.384221 0.022070
v -3.611368 -0.404849 0.022070
v -3.581020 -0.423462 0.022070
v -3.550482 -0.440071 0.022070
v -3.519774 -0.454687 0.022070
v -3.488917 -0.467319 0.022070
v -3.457933 -0.477978 0.022070
v -3.426843 -0.486676 0.022070
v -3.395668 -0.493423 0.022070
v -3.364430 -0.498229 0.022070
v -3.333149 -0.501104 0.022070
v -3.301847 -0.502061 0.022070
v -3.252891 -0.498833 0.022070
v -3.206968 -0.489476 0.022070
v -3.164311 -0.474477 0.022070
v -3.125154 -0.454324 0.022070
v -3.089731 -0.429505 0.022070
v -3.058273 -0.400508 0.022070
v -3.031015 -0.367820 0.022070
v -3.008190 -0.331930 0.022070
v -2.990031 -0.293324 0.022070
v -2.976771 -0.252492 0.022070
v -2.968644 -0.209920 0.022070
v -2.965883 -0.166097 0.022070
v -2.970878 -0.101979 0.022070
v -2.985227 -0.045103 0.022070
v -3.007974 0.005177 0.022070
v -3.038167 0.049507 0.022070
v -3.074849 0.088535 0.022070
v -3.117067 0.122908 0.022070
v -3.163867 0.153271 0.022070
v -3.214293 0.180273 0.022070
v -3.267391 0.204560 0.022070
v -3.322208 0.226779 0.022070
v -3.377788 0.247577 0.022070
v -3.433177 0.267601 0.022070
v -3.674460 0.353119 0.022070
v -3.674460 0.426420 0.022070
v -3.672742 0.467097 0.022070
v -3.667588 0.503680 0.022070
v -3.658998 0.536276 0.022070
v -3.646972 0.564991 0.022070
v -3.631510 0.589930 0.022070
v -3.612612 0.611200 0.022070
v -3.590278 0.628907 0.022070
v -3.564508 0.643156 0.022070
v -3.535302 0.654054 0.022070
v -3.502661 0.661707 0.022070
v -3.466583 0.666222 0.022070
v -3.427069 0.667703 0.022070
v -3.389605 0.666231 0.022070
v -3.352099 0.661778 0.022070
v -3.314636 0.654293 0.022070
v -3.277300 0.643722 0.022070
v -3.240175 0.630011 0.022070
v -3.203348 0.613108 0.022070
v -3.166903 0.592961 0.022070
v -3.130924 0.569515 0.022070
v -3.095496 0.542718 0.022070
v -3.060705 0.512517 0.022070
v -3.026635 0.478859 0.022070
v -2.993371 0.441690 0.022070
v -2.993371 0.737949 0.022070
v -3.020991 0.767920 0.022070
v -3.050412 0.795230 0.022070
v -3.081657 0.819888 0.022070
v -3.114748 0.841906 0.022070
v -3.149706 0.861293 0.022070
v -3.186550 0.878061 0.022070
v -3.225304 0.892220 0.022070
v -3.265988 0.903781 0.022070
v -3.308623 0.912755 0.022070
v -3.353231 0.919152 0.022070
v -3.399832 0.922982 0.022070
v -3.448449 0.924256 0.022070
v -3.516629 0.921311 0.022070
v -3.581829 0.912407 0.022070
v -3.643488 0.897436 0.022070
v -3.701042 0.876294 0.022070
v -3.753931 0.848873 0.022070
v -3.801591 0.815068 0.022070
v -3.843461 0.774773 0.022070
v -3.878979 0.727881 0.022070
v -3.907582 0.674288 0.022070
v -3.928709 0.613886 0.022070
v -3.941797 0.546570 0.022070
v -3.946285 0.472233 0.022070
v -3.946285 -0.233290 0.022070
v -3.946665 -0.245579 0.022070
v -3.947798 -0.256521 0.022070
v -3.949674 -0.266170 0.022070
v -3.952281 -0.274578 0.022070
v -3.955609 -0.281798 0.022070
v -3.959648 -0.287884 0.022070
v -3.964386 -0.292888 0.022070
v -3.969814 -0.296863 0.022070
v -3.975921 -0.299862 0.022070
v -3.982696 -0.301939 0.022070
v -3.990128 -0.303146 0.022070
v -3.998207 -0.303537 0.022070
v -4.005639 -0.302970 0.022070
v -4.014142 -0.301289 0.022070
v -4.023642 -0.298526 0.022070
v -4.034065 -0.294713 0.022070
v -4.045336 -0.289883 0.022070
v -4.057382 -0.284066 0.022070
v -4.070127 -0.277295 0.022070
v -4.083498 -0.269601 0.022070
v -4.097420 -0.261017 0.022070
v -4.111820 -0.251573 0.022070
v -4.126623 -0.241302 0.022070
v -4.141755 -0.230236 0.022070
v -4.141755 -0.395163 0.022070
v -3.617166 0.183562 0.022070
v -3.561737 0.163376 0.022070
v -3.508769 0.142617 0.022070
v -3.458855 0.120998 0.022070
v -3.412590 0.098235 0.022070
v -3.370566 0.074040 0.022070
v -3.333378 0.048127 0.022070
v -3.301620 0.020209 0.022070
v -3.275885 -0.009999 0.022070
v -3.256768 -0.042784 0.022070
v -3.244863 -0.078432 0.022070
v -3.240762 -0.117230 0.022070
v -3.242450 -0.144754 0.022070
v -3.247393 -0.170720 0.022070
v -3.255412 -0.194968 0.022070
v -3.266327 -0.217340 0.022070
v -3.279956 -0.237674 0.022070
v -3.296119 -0.255814 0.022070
v -3.314637 -0.271600 0.022070
v -3.335329 -0.284872 0.022070
v -3.358015 -0.295471 0.022070
v -3.382514 -0.303240 0.022070
v -3.408647 -0.308017 0.022070
v -3.436232 -0.309645 0.022070
v -3.457486 -0.308763 0.022070
v -3.478483 -0.306153 0.022070
v -3.499226 -0.301866 0.022070
v -3.519715 -0.295958 0.022070
v -3.539948 -0.288480 0.022070
v -3.559928 -0.279485 0.022070
v -3.579653 -0.269027 0.022070
v -3.599123 -0.257158 0.022070
v -3.618339 -0.243932 0.022070
v -3.637301 -0.229402 0.022070
v -3.656008 -0.213620 0.022070
v -3.674460 -0.196640 0.022070
v -3.674460 0.203462 0.022070
v -1.533458 -1.177041 0.022070
v -1.533458 0.896768 0.022070
v -2.003807 0.896768 0.022070
v -2.124232 0.891698 0.022070
v -2.234965 0.876576 0.022070
v -2.335857 0.851527 0.022070
v -2.426758 0.816679 0.022070
v -2.507522 0.772160 0.022070
v -2.577998 0.718096 0.022070
v -2.638040 0.654615 0.022070
v -2.687497 0.581844 0.022070
v -2.726223 0.499911 0.022070
v -2.754068 0.408942 0.022070
v -2.770884 0.309066 0.022070
v -2.776522 0.200408 0.022070
v -2.770578 0.099971 0.022070
v -2.753149 0.005207 0.022070
v -2.724839 -0.083300 0.022070
v -2.686253 -0.164966 0.022070
v -2.637995 -0.239209 0.022070
v -2.580671 -0.305446 0.022070
v -2.514883 -0.363092 0.022070
v -2.441238 -0.411565 0.022070
v -2.360338 -0.450282 0.022070
v -2.272789 -0.478659 0.022070
v -2.179196 -0.496113 0.022070
v -2.080162 -0.502061 0.022070
v -2.058131 -0.501675 0.022070
v -2.036258 -0.500505 0.022070
v -2.014449 -0.498529 0.022070
v -1.992608 -0.495726 0.022070
v -1.970640 -0.492074 0.022070
v -1.948449 -0.487553 0.022070
v -1.925940 -0.482141 0.022070
v -1.903018 -0.475817 0.022070
v -1.879586 -0.468560 0.022070
v -1.855550 -0.460348 0.022070
v -1.830814 -0.451161 0.022070
v -1.805283 -0.440976 0.022070
v -1.805283 -1.177041 0.022070
v -1.826021 -0.206182 0.022070
v -1.846981 -0.214951 0.022070
v -1.868133 -0.222934 0.022070
v -1.889443 -0.230123 0.022070
v -1.910881 -0.236505 0.022070
v -1.932414 -0.242071 0.022070
v -1.954011 -0.246810 0.022070
v -1.975640 -0.250711 0.022070
v -1.997269 -0.253763 0.022070
v -2.018866 -0.255956 0.022070
v -2.040399 -0.257280 0.022070
v -2.061837 -0.257724 0.022070
v -2.123683 -0.253723 0.022070
v -2.182210 -0.242014 0.022070
v -2.237025 -0.223030 0.022070
v -2.287735 -0.197205 0.022070
v -2.333950 -0.164975 0.022070
v -2.375275 -0.126774 0.022070
v -2.411319 -0.083038 0.022070
v -2.441690 -0.034201 0.022070
v -2.465995 0.019303 0.022070
v -2.483841 0.077038 0.022070
v -2.494837 0.138569 0.022070
v -2.498589 0.203462 0.022070
v -2.495473 0.271964 0.022070
v -2.486132 0.335345 0.022070
v -2.470576 0.393444 0.022070
v -2.448817 0.446102 0.022070
v -2.420864 0.493162 0.022070
v -2.386729 0.534462 0.022070
v -2.346421 0.569846 0.022070
v -2.299952 0.599153 0.022070
v -2.247332 0.622223 0.022070
v -2.188572 0.638899 0.022070
v -2.123683 0.649022 0.022070
v -2.052674 0.652431 0.022070
v -1.805283 0.652431 0.022070
v -1.805283 -0.196640 0.022070
v -1.135094 0.566476 0.022070
v -1.097625 0.588109 0.022070
v -1.060771 0.607429 0.022070
v -1.024649 0.624491 0.022070
v -0.989376 0.639347 0.022070
v -0.955067 0.652049 0.022070
v -0.921840 0.662652 0.022070
v -0.889811 0.671209 0.022070
v -0.859098 0.677772 0.022070
v -0.829816 0.682394 0.022070
v -0.802083 0.685128 0.022070
v -0.776014 0.686028 0.022070
v -0.749371 0.684963 0.022070
v -0.724488 0.681842 0.022070
v -0.701472 0.676769 0.022070
v -0.680428 0.669851 0.022070
v -0.661463 0.661194 0.022070
v -0.644683 0.650904 0.022070
v -0.630193 0.639087 0.022070
v -0.618100 0.625848 0.022070
v -0.608510 0.611295 0.022070
v -0.601528 0.595532 0.022070
v -0.597261 0.578667 0.022070
v -0.595815 0.560805 0.022070
v -0.597758 0.545247 0.022070
v -0.603720 0.528990 0.022070
v -0.613902 0.511842 0.022070
v -0.628507 0.493612 0.022070
v -0.647735 0.474110 0.022070
v -0.671789 0.453144 0.022070
v -0.700869 0.430524 0.022070
v -0.735178 0.406059 0.022070
v -0.774916 0.379557 0.022070
v -0.820286 0.350828 0.022070
v -0.871488 0.319682 0.022070
v -0.928724 0.285926 0.022070
v -0.982272 0.249599 0.022070
v -1.030051 0.215213 0.022070
v -1.072272 0.182417 0.022070
v -1.109149 0.150862 0.022070
v -1.140893 0.120198 0.022070
v -1.167717 0.090075 0.022070
v -1.189831 0.060143 0.022070
v -1.207449 0.030051 0.022070
v -1.220783 -0.000549 0.022070
v -1.230045 -0.032009 0.022070
v -1.235446 -0.064677 0.022070
v -1.237200 -0.098905 0.022070
v -1.233263 -0.157523 0.022070
v -1.221745 -0.212547 0.022070
v -1.203079 -0.263689 0.022070
v -1.177699 -0.310663 0.022070
v -1.146042 -0.353184 0.022070
v -1.108541 -0.390964 0.022070
v -1.065632 -0.423717 0.022070
v -1.017749 -0.451157 0.022070
v -0.965327 -0.472998 0.022070
v -0.908801 -0.488953 0.022070
v -0.848606 -0.498736 0.022070
v -0.785177 -0.502061 0.022070
v -0.743897 -0.501347 0.022070
v -0.703858 -0.499148 0.022070
v -0.664774 -0.495379 0.022070
v -0.626358 -0.489957 0.022070
v -0.588323 -0.482795 0.022070
v -0.550384 -0.473809 0.022070
v -0.512254 -0.462914 0.022070
v -0.473647 -0.450026 0.022070
v -0.434276 -0.435059 0.022070
v -0.393856 -0.417928 0.022070
v -0.352099 -0.398550 0.022070
v -0.308720 -0.376838 0.022070
v -0.308720 -0.083634 0.022070
v -0.352666 -0.112844 0.022070
v -0.395850 -0.139402 0.022070
v -0.438142 -0.163330 0.022070
v -0.479416 -0.184649 0.022070
v -0.519545 -0.203381 0.022070
v -0.558401 -0.219546 0.022070
v -0.595858 -0.233166 0.022070
v -0.631787 -0.244263 0.022070
v -0.666062 -0.252856 0.022070
v -0.698556 -0.258968 0.022070
v -0.729140 -0.262620 0.022070
v -0.757689 -0.263832 0.022070
v -0.784752 -0.261350 0.022070
v -0.810798 -0.256960 0.022070
v -0.835571 -0.250660 0.022070
v -0.858817 -0.242452 0.022070
v -0.880281 -0.232335 0.022070
v -0.899710 -0.220309 0.022070
v -0.916847 -0.206375 0.022070
v -0.931439 -0.190531 0.022070
v -0.943232 -0.172778 0.022070
v -0.951971 -0.153116 0.022070
v -0.957400 -0.131546 0.022070
v -0.959267 -0.108067 0.022070
v -0.946647 -0.062365 0.022070
v -0.911757 -0.019113 0.022070
v -0.859050 0.022930 0.022070
v -0.792982 0.065005 0.022070
v -0.718005 0.108352 0.022070
v -0.638574 0.154213 0.022070
v -0.559144 0.203828 0.022070
v -0.484167 0.258438 0.022070
v -0.418099 0.319284 0.022070
v -0.365392 0.387606 0.022070
v -0.330502 0.464645 0.022070
v -0.317882 0.551642 0.022070
v -0.321527 0.607734 0.022070
v -0.332277 0.659840 0.022070
v -0.349856 0.707788 0.022070
v -0.373989 0.751410 0.022070
v -0.404401 0.790535 0.022070
v -0.440814 0.824994 0.022070
v -0.482955 0.854617 0.022070
v -0.530546 0.879235 0.022070
v -0.583312 0.898677 0.022070
v -0.640978 0.912775 0.022070
v -0.703268 0.921358 0.022070
v -0.769906 0.924256 0.022070
v -0.802044 0.923491 0.022070
v -0.834341 0.921188 0.022070
v -0.866829 0.917337 0.022070
v -0.899540 0.911927 0.022070
v -0.932505 0.904947 0.022070
v -0.965757 0.896387 0.022070
v -0.999327 0.886236 0.022070
v -1.033246 0.874484 0.022070
v -1.067548 0.861120 0.022070
v -1.102263 0.846133 0.022070
v -1.137424 0.829514 0.022070
v -1.173061 0.811250 0.022070
v -1.173061 0.542480 0.022070
v 0.889849 0.566476 0.022070
v 0.927318 0.588109 0.022070
v 0.964171 0.607429 0.022070
v 1.000293 0.624491 0.022070
v 1.035567 0.639347 0.022070
v 1.069876 0.652049 0.022070
v 1.103103 0.662652 0.022070
v 1.135131 0.671209 0.022070
v 1.165845 0.677772 0.022070
v 1.195127 0.682394 0.022070
v 1.222860 0.685128 0.022070
v 1.248929 0.686028 0.022070
v 1.275572 0.684963 0.022070
v 1.300455 0.681842 0.022070
v 1.323471 0.676769 0.022070
v 1.344515 0.669851 0.022070
v 1.363480 0.661194 0.022070
v 1.380260 0.650904 0.022070
v 1.394750 0.639087 0.022070
v 1.406843 0.625848 0.022070
v 1.416433 0.611295 0.022070
v 1.423415 0.595532 0.022070
v 1.427681 0.578667 0.022070
v 1.429127 0.560805 0.022070
v 1.427185 0.545247 0.022070
v 1.421223 0.528990 0.022070
v 1.411041 0.511842 0.022070
v 1.396436 0.493612 0.022070
v 1.377208 0.474110 0.022070
v 1.353154 0.453144 0.022070
v 1.324073 0.430524 0.022070
v 1.289765 0.406059 0.022070
v 1.250026 0.379557 0.022070
v 1.204657 0.350828 0.022070
v 1.153455 0.319682 0.022070
v 1.096218 0.285926 0.022070
v 1.042670 0.249599 0.022070
v 0.994892 0.215213 0.022070
v 0.952670 0.182417 0.022070
v 0.915793 0.150862 0.022070
v 0.884049 0.120198 0.022070
v 0.857226 0.090075 0.022070
v 0.835111 0.060143 0.022070
v 0.817493 0.030051 0.022070
v 0.804159 -0.000549 0.022070
v 0.794897 -0.032009 0.022070
v 0.789496 -0.064677 0.022070
v 0.787743 -0.098905 0.022070
v 0.791679 -0.157523 0.022070
v 0.803198 -0.212547 0.022070
v 0.821864 -0.263689 0.022070
v 0.847243 -0.310663 0.022070
v 0.878901 -0.353184 0.022070
v 0.916401 -0.390964 0.022070
v 0.959311 -0.423717 0.022070
v 1.007194 -0.451157 0.022070
v 1.059615 -0.472998 0.022070
v 1.116141 -0.488953 0.022070
v 1.176337 -0.498736 0.022070
v 1.239766 -0.502061 0.022070
v 1.281046 -0.501347 0.022070
v 1.321084 -0.499148 0.022070
v 1.360169 -0.495379 0.022070
v 1.398585 -0.489957 0.022070
v 1.436620 -0.482795 0.022070
v 1.474559 -0.473809 0.022070
v 1.512688 -0.462914 0.022070
v 1.551296 -0.450026 0.022070
v 1.590666 -0.435059 0.022070
v 1.631087 -0.417928 0.022070
v 1.672844 -0.398550 0.022070
v 1.716223 -0.376838 0.022070
v 1.716223 -0.083634 0.022070
v 1.672276 -0.112844 0.022070
v 1.629093 -0.139402 0.022070
v 1.586801 -0.163330 0.022070
v 1.545527 -0.184649 0.022070
v 1.505398 -0.203381 0.022070
v 1.466541 -0.219546 0.022070
v 1.429085 -0.233166 0.022070
v 1.393155 -0.244263 0.022070
v 1.358880 -0.252856 0.022070
v 1.326387 -0.258968 0.022070
v 1.295802 -0.262620 0.022070
v 1.267254 -0.263832 0.022070
v 1.240190 -0.261350 0.022070
v 1.214145 -0.256960 0.022070
v 1.189372 -0.250660 0.022070
v 1.166126 -0.242452 0.022070
v 1.144661 -0.232335 0.022070
v 1.125233 -0.220309 0.022070
v 1.108096 -0.206375 0.022070
v 1.093503 -0.190531 0.022070
v 1.081711 -0.172778 0.022070
v 1.072972 -0.153116 0.022070
v 1.067543 -0.131546 0.022070
v 1.065676 -0.108067 0.022070
v 1.078296 -0.062365 0.022070
v 1.113186 -0.019113 0.022070
v 1.165892 0.022930 0.022070
v 1.231961 0.065005 0.022070
v 1.306938 0.108352 0.022070
v 1.386368 0.154213 0.022070
v 1.465799 0.203828 0.022070
v 1.540776 0.258438 0.022070
v 1.606844 0.319284 0.022070
v 1.659550 0.387606 0.022070
v 1.694440 0.464645 0.022070
v 1.707060 0.551642 0.022070
v 1.703416 0.607734 0.022070
v 1.692666 0.659840 0.022070
v 1.675086 0.707788 0.022070
v 1.650953 0.751410 0.022070
v 1.620542 0.790535 0.022070
v 1.584128 0.824994 0.022070
v 1.541988 0.854617 0.022070
v 1.494397 0.879235 0.022070
v 1.441630 0.898677 0.022070
v 1.383965 0.912775 0.022070
v 1.321675 0.921358 0.022070
v 1.255037 0.924256 0.022070
v 1.222899 0.923491 0.022070
v 1.190602 0.921188 0.022070
v 1.158113 0.917337 0.022070
v 1.125403 0.911927 0.022070
v 1.092437 0.904947 0.022070
v 1.059186 0.896387 0.022070
v 1.025616 0.886236 0.022070
v 0.991696 0.874484 0.022070
v 0.957395 0.861120 0.022070
v 0.922680 0.846133 0.022070
v 0.887519 0.829514 0.022070
v 0.851881 0.811250 0.022070
v 0.851881 0.542480 0.022070
v 2.065720 0.566476 0.022070
v 2.103189 0.588109 0.022070
v 2.140042 0.607429 0.022070
v 2.176164 0.624491 0.022070
v 2.211438 0.639347 0.022070
v 2.245747 0.652049 0.022070
v 2.278974 0.662652 0.022070
v 2.311002 0.671209 0.022069
v 2.341716 0.677772 0.022069
v 2.370998 0.682394 0.022069
v 2.398731 0.685128 0.022069
v 2.424800 0.686028 0.022069
v 2.451443 0.684963 0.022069
v 2.476326 0.681842 0.022069
v 2.499342 0.676769 0.022069
v 2.520386 0.669851 0.022069
v 2.539351 0.661194 0.022069
v 2.556131 0.650904 0.022069
v 2.570621 0.639087 0.022069
v 2.582714 0.625848 0.022069
v 2.592304 0.611295 0.022069
v 2.599286 0.595532 0.022069
v 2.603553 0.578667 0.022069
v 2.604999 0.560805 0.022069
v 2.603056 0.545247 0.022069
v 2.597094 0.528990 0.022069
v 2.586912 0.511842 0.022069
v 2.572307 0.493612 0.022069
v 2.553079 0.474110 0.022069
v 2.529025 0.453144 0.022069
v 2.499944 0.430524 0.022069
v 2.465636 0.406059 0.022069
v 2.425898 0.379557 0.022070
v 2.380528 0.350828 0.022070
v 2.329326 0.319682 0.022070
v 2.272089 0.285926 0.022070
v 2.218542 0.249599 0.022070
v 2.170763 0.215213 0.022070
v 2.128541 0.182417 0.022070
v 2.091665 0.150862 0.022070
v 2.059921 0.120198 0.022070
v 2.033098 0.090075 0.022070
v 2.010983 0.060143 0.022070
v 1.993364 0.030051 0.022070
v 1.980030 -0.000549 0.022070
v 1.970769 -0.032009 0.022070
v 1.965367 -0.064677 0.022070
v 1.963614 -0.098905 0.022070
v 1.967550 -0.157523 0.022070
v 1.979069 -0.212547 0.022070
v 1.997735 -0.263689 0.022070
v 2.023114 -0.310663 0.022070
v 2.054772 -0.353184 0.022070
v 2.092273 -0.390964 0.022070
v 2.135182 -0.423717 0.022070
v 2.183065 -0.451157 0.022070
v 2.235487 -0.472998 0.022070
v 2.292012 -0.488953 0.022070
v 2.352208 -0.498736 0.022070
v 2.415637 -0.502061 0.022070
v 2.456917 -0.501347 0.022070
v 2.496956 -0.499148 0.022070
v 2.536040 -0.495379 0.022070
v 2.574456 -0.489957 0.022070
v 2.612491 -0.482795 0.022070
v 2.650430 -0.473809 0.022070
v 2.688560 -0.462914 0.022070
v 2.727167 -0.450026 0.022070
v 2.766538 -0.435059 0.022070
v 2.806958 -0.417928 0.022070
v 2.848715 -0.398550 0.022069
v 2.892094 -0.376838 0.022069
v 2.892094 -0.083634 0.022069
v 2.848148 -0.112844 0.022069
v 2.804965 -0.139402 0.022069
v 2.762672 -0.163330 0.022069
v 2.721398 -0.184649 0.022069
v 2.681269 -0.203381 0.022070
v 2.642412 -0.219546 0.022070
v 2.604956 -0.233166 0.022070
v 2.569027 -0.244263 0.022070
v 2.534752 -0.252856 0.022070
v 2.502258 -0.258968 0.022070
v 2.471674 -0.262620 0.022070
v 2.443125 -0.263832 0.022070
v 2.416062 -0.261350 0.022070
v 2.390016 -0.256960 0.022070
v 2.365243 -0.250660 0.022070
v 2.341997 -0.242452 0.022070
v 2.320533 -0.232335 0.022070
v 2.301105 -0.220309 0.022070
v 2.283967 -0.206375 0.022070
v 2.269375 -0.190531 0.022070
v 2.257582 -0.172778 0.022070
v 2.248844 -0.153116 0.022070
v 2.243414 -0.131546 0.022070
v 2.241547 -0.108067 0.022070
v 2.254168 -0.062365 0.022070
v 2.289057 -0.019113 0.022070
v 2.341764 0.022930 0.022070
v 2.407832 0.065005 0.022070
v 2.482809 0.108352 0.022070
v 2.562240 0.154213 0.022069
v 2.641670 0.203828 0.022069
v 2.716647 0.258438 0.022069
v 2.782716 0.319284 0.022069
v 2.835422 0.387606 0.022069
v 2.870312 0.464645 0.022069
v 2.882932 0.551642 0.022069
v 2.879287 0.607734 0.022069
v 2.868538 0.659840 0.022069
v 2.850958 0.707788 0.022069
v 2.826825 0.751410 0.022069
v 2.796414 0.790535 0.022069
v 2.760000 0.824994 0.022069
v 2.717860 0.854617 0.022069
v 2.670268 0.879235 0.022069
v 2.617502 0.898677 0.022069
v 2.559836 0.912775 0.022069
v 2.497546 0.921358 0.022069
v 2.430908 0.924256 0.022069
v 2.398770 0.923491 0.022069
v 2.366473 0.921188 0.022069
v 2.333985 0.917337 0.022069
v 2.301274 0.911927 0.022069
v 2.268309 0.904947 0.022069
v 2.235057 0.896387 0.022069
v 2.201487 0.886236 0.022069
v 2.167567 0.874484 0.022070
v 2.133266 0.861120 0.022070
v 2.098551 0.846133 0.022070
v 2.063390 0.829514 0.022070
v 2.027753 0.811250 0.022070
v 2.027753 0.542480 0.022070
v 3.183510 -0.366470 0.022069
v 3.224183 -0.390355 0.022069
v 3.264899 -0.411866 0.022069
v 3.305997 -0.431022 0.022069
v 3.347815 -0.447845 0.022069
v 3.390695 -0.462356 0.022069
v 3.434973 -0.474576 0.022069
v 3.480992 -0.484527 0.022069
v 3.529088 -0.492230 0.022069
v 3.579603 -0.497705 0.022069
v 3.632875 -0.500975 0.022069
v 3.689243 -0.502061 0.022069
v 3.792167 -0.494931 0.022069
v 3.887031 -0.474290 0.022069
v 3.973666 -0.441263 0.022069
v 4.051902 -0.396973 0.022069
v 4.121570 -0.342546 0.022069
v 4.182498 -0.279104 0.022069
v 4.234519 -0.207771 0.022069
v 4.277462 -0.129673 0.022069
v 4.311157 -0.045933 0.022069
v 4.335435 0.042324 0.022069
v 4.350127 0.133975 0.022069
v 4.355062 0.227896 0.022069
v 4.349674 0.328855 0.022069
v 4.333852 0.423705 0.022069
v 4.308103 0.511938 0.022069
v 4.272937 0.593044 0.022069
v 4.228863 0.666515 0.022069
v 4.176390 0.731841 0.022069
v 4.116027 0.788514 0.022069
v 4.048283 0.836023 0.022069
v 3.973667 0.873862 0.022069
v 3.892688 0.901519 0.022069
v 3.805855 0.918487 0.022069
v 3.713677 0.924256 0.022069
v 3.625608 0.919095 0.022069
v 3.543362 0.903584 0.022069
v 3.467288 0.877680 0.022069
v 3.397736 0.841340 0.022069
v 3.335055 0.794523 0.022069
v 3.279597 0.737185 0.022069
v 3.231711 0.669286 0.022069
v 3.191746 0.590782 0.022069
v 3.160054 0.501630 0.022069
v 3.136983 0.401788 0.022069
v 3.122884 0.291214 0.022069
v 3.118106 0.169866 0.022069
v 4.083237 0.169866 0.022069
v 4.070196 0.104651 0.022069
v 4.052468 0.044940 0.022069
v 4.030074 -0.009235 0.022069
v 4.003036 -0.057842 0.022069
v 3.971373 -0.100851 0.022069
v 3.935108 -0.138227 0.022069
v 3.894261 -0.169942 0.022069
v 3.848854 -0.195961 0.022069
v 3.798909 -0.216253 0.022069
v 3.744446 -0.230787 0.022069
v 3.685486 -0.239531 0.022069
v 3.622051 -0.242453 0.022069
v 3.581004 -0.241190 0.022069
v 3.540295 -0.237447 0.022069
v 3.499883 -0.231285 0.022069
v 3.459725 -0.222769 0.022069
v 3.419780 -0.211963 0.022069
v 3.380005 -0.198930 0.022069
v 3.340357 -0.183733 0.022069
v 3.300793 -0.166436 0.022069
v 3.261272 -0.147104 0.022069
v 3.221751 -0.125798 0.022069
v 3.182188 -0.102584 0.022069
v 3.142540 -0.077525 0.022069
v 3.142540 -0.340187 0.022069
v 3.391437 0.400363 0.022069
v 3.400451 0.447290 0.022069
v 3.413792 0.490654 0.022069
v 3.431333 0.530263 0.022069
v 3.452945 0.565927 0.022069
v 3.478503 0.597456 0.022069
v 3.507879 0.624657 0.022069
v 3.540945 0.647341 0.022069
v 3.577574 0.665316 0.022069
v 3.617639 0.678392 0.022069
v 3.661013 0.686378 0.022069
v 3.707569 0.689082 0.022069
v 3.757769 0.686553 0.022069
v 3.804512 0.679029 0.022069
v 3.847776 0.666605 0.022069
v 3.887541 0.649377 0.022069
v 3.923785 0.627441 0.022069
v 3.956487 0.600892 0.022069
v 3.985626 0.569825 0.022069
v 4.011180 0.534336 0.022069
v 4.033129 0.494519 0.022069
v 4.051450 0.450472 0.022069
v 4.066124 0.402288 0.022069
v 4.077128 0.350064 0.022069
v 3.386876 0.350064 0.022069
v 5.207187 0.582184 0.022069
v 5.201078 0.582184 0.022069
v 5.166844 0.639601 0.022069
v 5.132854 0.691302 0.022069
v 5.099096 0.737424 0.022069
v 5.065562 0.778107 0.022069
v 5.032239 0.813487 0.022069
v 4.999119 0.843702 0.022069
v 4.966188 0.868890 0.022069
v 4.933439 0.889190 0.022069
v 4.900859 0.904738 0.022069
v 4.868438 0.915674 0.022069
v 4.836166 0.922133 0.022069
v 4.804031 0.924256 0.022069
v 4.776662 0.923172 0.022069
v 4.749494 0.919915 0.022069
v 4.722474 0.914473 0.022069
v 4.695550 0.906836 0.022069
v 4.668668 0.896992 0.022069
v 4.641776 0.884933 0.022069
v 4.614820 0.870646 0.022069
v 4.587748 0.854122 0.022069
v 4.560505 0.835350 0.022069
v 4.533041 0.814319 0.022069
v 4.505300 0.791018 0.022069
v 4.477230 0.765437 0.022069
v 4.620778 0.530263 0.022069
v 4.641865 0.549589 0.022069
v 4.663736 0.567791 0.022069
v 4.686158 0.584762 0.022069
v 4.708898 0.600397 0.022069
v 4.731723 0.614590 0.022069
v 4.754400 0.627234 0.022069
v 4.776695 0.638225 0.022069
v 4.798375 0.647454 0.022069
v 4.819207 0.654818 0.022069
v 4.838956 0.660208 0.022069
v 4.857391 0.663521 0.022069
v 4.874278 0.664648 0.022069
v 4.919965 0.660846 0.022069
v 4.963627 0.649759 0.022069
v 5.004893 0.631863 0.022069
v 5.043390 0.607636 0.022069
v 5.078749 0.577555 0.022069
v 5.110597 0.542098 0.022069
v 5.138564 0.501741 0.022069
v 5.162279 0.456962 0.022069
v 5.181369 0.408237 0.022069
v 5.195465 0.356045 0.022069
v 5.204195 0.300863 0.022069
v 5.207187 0.243167 0.022069
v 5.207187 -0.474573 0.022069
v 5.479012 -0.474573 0.022069
v 5.479012 0.896768 0.022069
v 5.207187 0.896768 0.022069
v 6.274419 1.602921 0.022069
v 6.175951 1.586964 0.022069
v 6.087515 1.561250 0.022069
v 6.008973 1.526501 0.022069
v 5.940188 1.483438 0.022069
v 5.881021 1.432783 0.022069
v 5.831336 1.375255 0.022069
v 5.790993 1.311575 0.022069
v 5.759856 1.242467 0.022069
v 5.737785 1.168650 0.022069
v 5.724644 1.090845 0.022069
v 5.720294 1.009774 0.022069
v 5.724900 0.929646 0.022069
v 5.738817 0.853090 0.022069
v 5.762194 0.780756 0.022069
v 5.795179 0.713290 0.022069
v 5.837920 0.651338 0.022069
v 5.890567 0.595547 0.022069
v 5.953266 0.546565 0.022069
v 6.026168 0.505037 0.022069
v 6.109420 0.471612 0.022069
v 6.203171 0.446937 0.022069
v 6.307569 0.431657 0.022069
v 6.422763 0.426420 0.022069
v 6.734293 0.426420 0.022069
v 6.734293 -0.474573 0.022069
v 7.033605 -0.474573 0.022069
v 7.033605 1.608399 0.022069
v 6.383058 1.608399 0.022069
v 6.395275 0.695190 0.022069
v 6.341226 0.697655 0.022069
v 6.290710 0.704976 0.022069
v 6.243948 0.717047 0.022069
v 6.201163 0.733764 0.022069
v 6.162577 0.755020 0.022069
v 6.128413 0.780708 0.022069
v 6.098894 0.810724 0.022069
v 6.074243 0.844960 0.022069
v 6.054683 0.883311 0.022069
v 6.040435 0.925670 0.022069
v 6.031723 0.971932 0.022069
v 6.028769 1.021991 0.022069
v 6.030550 1.060320 0.022069
v 6.036137 1.098544 0.022069
v 6.045902 1.136046 0.022069
v 6.060217 1.172213 0.022069
v 6.079453 1.206428 0.022069
v 6.103980 1.238076 0.022069
v 6.134170 1.266543 0.022069
v 6.170394 1.291214 0.022069
v 6.213024 1.311473 0.022069
v 6.262431 1.326705 0.022069
v 6.318985 1.336296 0.022069
v 6.383058 1.339629 0.022069
v 6.734293 1.339629 0.022069
v 6.734293 0.695190 0.022069
v -6.825142 -0.366470 0.800003
v -6.784469 -0.390355 0.800003
v -6.743753 -0.411866 0.800003
v -6.702655 -0.431022 0.800003
v -6.660837 -0.447845 0.800003
v -6.617958 -0.462356 0.800003
v -6.573678 -0.474576 0.800003
v -6.527660 -0.484527 0.800003
v -6.479563 -0.492230 0.800003
v -6.429049 -0.497705 0.800003
v -6.375776 -0.500975 0.800003
v -6.319408 -0.502061 0.800003
v -6.216485 -0.494931 0.800003
v -6.121620 -0.474290 0.800003
v -6.034985 -0.441263 0.800003
v -5.956749 -0.396973 0.800003
v -5.887082 -0.342546 0.800003
v -5.826153 -0.279104 0.800003
v -5.774132 -0.207771 0.800003
v -5.731190 -0.129673 0.800003
v -5.697495 -0.045933 0.800003
v -5.673216 0.042324 0.800003
v -5.658525 0.133975 0.800003
v -5.653590 0.227896 0.800003
v -5.658978 0.328855 0.800003
v -5.674800 0.423705 0.800003
v -5.700550 0.511938 0.800003
v -5.735715 0.593044 0.800003
v -5.779789 0.666515 0.800003
v -5.832262 0.731841 0.800003
v -5.892625 0.788514 0.800003
v -5.960369 0.836023 0.800003
v -6.034985 0.873862 0.800003
v -6.115964 0.901519 0.800003
v -6.202796 0.918487 0.800003
v -6.294974 0.924256 0.800003
v -6.383042 0.919095 0.800003
v -6.465289 0.903584 0.800003
v -6.541363 0.877680 0.800003
v -6.610915 0.841340 0.800003
v -6.673596 0.794523 0.800003
v -6.729054 0.737185 0.800003
v -6.776941 0.669286 0.800003
v -6.816905 0.590782 0.800003
v -6.848598 0.501630 0.800003
v -6.871669 0.401788 0.800003
v -6.885768 0.291214 0.800003
v -6.890545 0.169866 0.800003
v -5.925415 0.169866 0.800003
v -5.938454 0.104651 0.800003
v -5.956182 0.044940 0.800003
v -5.978576 -0.009235 0.800003
v -6.005614 -0.057842 0.800003
v -6.037277 -0.100851 0.800003
v -6.073543 -0.138227 0.800003
v -6.114389 -0.169942 0.800003
v -6.159796 -0.195961 0.800003
v -6.209742 -0.216253 0.800003
v -6.264205 -0.230787 0.800003
v -6.323165 -0.239531 0.800003
v -6.386601 -0.242453 0.800003
v -6.427649 -0.241190 0.800003
v -6.468357 -0.237447 0.800003
v -6.508769 -0.231285 0.800003
v -6.548926 -0.222769 0.800003
v -6.588871 -0.211963 0.800003
v -6.628647 -0.198930 0.800003
v -6.668294 -0.183733 0.800003
v -6.707858 -0.166436 0.800003
v -6.747379 -0.147104 0.800003
v -6.786900 -0.125798 0.800003
v -6.826463 -0.102584 0.800003
v -6.866111 -0.077525 0.800003
v -6.866111 -0.340187 0.800003
v -6.617215 0.400363 0.800003
v -6.608201 0.447290 0.800003
v -6.594860 0.490654 0.800003
v -6.577319 0.530263 0.800003
v -6.555706 0.565927 0.800003
v -6.530149 0.597456 0.800003
v -6.500773 0.624657 0.800003
v -6.467707 0.647341 0.800003
v -6.431077 0.665316 0.800003
v -6.391012 0.678392 0.800003
v -6.347638 0.686378 0.800003
v -6.301083 0.689082 0.800003
v -6.250881 0.686553 0.800003
v -6.204138 0.679029 0.800003
v -6.160874 0.666605 0.800003
v -6.121110 0.649377 0.800003
v -6.084866 0.627441 0.800003
v -6.052164 0.600892 0.800003
v -6.023026 0.569825 0.800003
v -5.997471 0.534336 0.800003
v -5.975523 0.494519 0.800003
v -5.957201 0.450472 0.800003
v -5.942527 0.402288 0.800003
v -5.931523 0.350064 0.800003
v -6.621775 0.350064 0.800003
v -5.353028 0.563884 0.800003
v -5.317060 0.585437 0.800003
v -5.282789 0.604232 0.800003
v -5.249981 0.620419 0.800003
v -5.218403 0.634145 0.800003
v -5.187822 0.645559 0.800003
v -5.158005 0.654810 0.800003
v -5.128717 0.662046 0.800003
v -5.099727 0.667416 0.800003
v -5.070800 0.671067 0.800003
v -5.041704 0.673150 0.800003
v -5.012205 0.673811 0.800003
v -4.952003 0.669985 0.800003
v -4.895311 0.658724 0.800003
v -4.842458 0.640358 0.800003
v -4.793772 0.615216 0.800003
v -4.749583 0.583625 0.800003
v -4.710220 0.545916 0.800003
v -4.676010 0.502417 0.800003
v -4.647283 0.453455 0.800003
v -4.624368 0.399361 0.800003
v -4.607593 0.340464 0.800003
v -4.597286 0.277090 0.800003
v -4.593778 0.209571 0.800003
v -4.597547 0.140948 0.800003
v -4.608654 0.077235 0.800003
v -4.626802 0.018634 0.800003
v -4.651695 -0.034654 0.800003
v -4.683036 -0.082427 0.800003
v -4.720528 -0.124484 0.800003
v -4.763874 -0.160624 0.800003
v -4.812776 -0.190645 0.800003
v -4.866939 -0.214345 0.800003
v -4.926065 -0.231523 0.800003
v -4.989857 -0.241977 0.800003
v -5.058018 -0.245507 0.800003
v -5.086926 -0.244870 0.800003
v -5.115695 -0.242961 0.800003
v -5.144443 -0.239780 0.800003
v -5.173286 -0.235326 0.800003
v -5.202342 -0.229599 0.800003
v -5.231726 -0.222600 0.800003
v -5.261556 -0.214328 0.800003
v -5.291948 -0.204784 0.800003
v -5.323019 -0.193967 0.800003
v -5.354885 -0.181877 0.800003
v -5.387662 -0.168515 0.800003
v -5.421469 -0.153880 0.800003
v -5.421469 -0.422651 0.800003
v -5.396910 -0.433196 0.800003
v -5.369308 -0.443380 0.800003
v -5.339053 -0.453098 0.800003
v -5.306540 -0.462243 0.800003
v -5.272161 -0.470709 0.800003
v -5.236308 -0.478390 0.800003
v -5.199372 -0.485181 0.800003
v -5.161748 -0.490975 0.800003
v -5.123827 -0.495666 0.800003
v -5.086001 -0.499148 0.800003
v -5.048663 -0.501315 0.800003
v -5.012205 -0.502061 0.800003
v -4.912530 -0.496239 0.800003
v -4.818518 -0.479154 0.800003
v -4.730741 -0.451380 0.800003
v -4.649772 -0.413489 0.800003
v -4.576185 -0.366053 0.800003
v -4.510551 -0.309646 0.800003
v -4.453444 -0.244839 0.800003
v -4.405435 -0.172206 0.800003
v -4.367098 -0.092319 0.800003
v -4.339006 -0.005751 0.800003
v -4.321731 0.086925 0.800003
v -4.315845 0.185137 0.800003
v -4.321253 0.294636 0.800003
v -4.337224 0.396839 0.800003
v -4.363375 0.491322 0.800003
v -4.399326 0.577660 0.800003
v -4.444694 0.655429 0.800003
v -4.499097 0.724205 0.800003
v -4.562154 0.783565 0.800003
v -4.633482 0.833082 0.800003
v -4.712701 0.872334 0.800003
v -4.799428 0.900897 0.800003
v -4.893281 0.918345 0.800003
v -4.993879 0.924256 0.800003
v -5.032547 0.923501 0.800003
v -5.069316 0.921273 0.800003
v -5.104452 0.917623 0.800003
v -5.138219 0.912605 0.800003
v -5.170884 0.906271 0.800003
v -5.202711 0.898677 0.800003
v -5.233965 0.889873 0.800003
v -5.264913 0.879913 0.800003
v -5.295817 0.868851 0.800003
v -5.326944 0.856738 0.800003
v -5.358559 0.843629 0.800003
v -5.390927 0.829576 0.800003
v -5.390927 0.539425 0.800003
v -4.111914 -0.414590 0.800003
v -4.084757 -0.431715 0.800003
v -4.059911 -0.446655 0.800003
v -4.037006 -0.459528 0.800003
v -4.015671 -0.470449 0.800003
v -3.995534 -0.479536 0.800003
v -3.976224 -0.486904 0.800003
v -3.957371 -0.492672 0.800003
v -3.938602 -0.496954 0.800003
v -3.919547 -0.499869 0.800003
v -3.899834 -0.501532 0.800003
v -3.879092 -0.502061 0.800003
v -3.850451 -0.501163 0.800003
v -3.824046 -0.498441 0.800003
v -3.799826 -0.493852 0.800003
v -3.777738 -0.487355 0.800003
v -3.757728 -0.478907 0.800003
v -3.739744 -0.468464 0.800003
v -3.723732 -0.455986 0.800003
v -3.709640 -0.441429 0.800003
v -3.697414 -0.424751 0.800003
v -3.687002 -0.405910 0.800003
v -3.678350 -0.384862 0.800003
v -3.671406 -0.361567 0.800003
v -3.641504 -0.384221 0.800003
v -3.611368 -0.404849 0.800003
v -3.581020 -0.423462 0.800003
v -3.550482 -0.440071 0.800003
v -3.519774 -0.454687 0.800003
v -3.488917 -0.467319 0.800003
v -3.457933 -0.477978 0.800003
v -3.426843 -0.486676 0.800003
v -3.395668 -0.493423 0.800003
v -3.364430 -0.498229 0.800003
v -3.333149 -0.501104 0.800003
v -3.301847 -0.502061 0.800003
v -3.252891 -0.498833 0.800003
v -3.206968 -0.489476 0.800003
v -3.164311 -0.474477 0.800003
v -3.125154 -0.454324 0.800003
v -3.089731 -0.429505 0.800003
v -3.058273 -0.400508 0.800003
v -3.031015 -0.367820 0.800003
v -3.008190 -0.331930 0.800003
v -2.990031 -0.293324 0.800003
v -2.976771 -0.252492 0.800003
v -2.968644 -0.209920 0.800003
v -2.965883 -0.166097 0.800003
v -2.970878 -0.101979 0.800003
v -2.985227 -0.045103 0.800003
v -3.007974 0.005177 0.800003
v -3.038167 0.049507 0.800003
v -3.074849 0.088535 0.800003
v -3.117067 0.122908 0.800003
v -3.163867 0.153271 0.800003
v -3.214293 0.180273 0.800003
v -3.267391 0.204560 0.800003
v -3.322208 0.226779 0.800003
v -3.377788 0.247577 0.800003
v -3.433177 0.267601 0.800003
v -3.674460 0.353119 0.800003
v -3.674460 0.426420 0.800003
v -3.672742 0.467097 0.800003
v -3.667588 0.503680 0.800003
v -3.658998 0.536276 0.800003
v -3.646972 0.564991 0.800003
v -3.631510 0.589930 0.800003
v -3.612612 0.611200 0.800003
v -3.590278 0.628907 0.800003
v -3.564508 0.643156 0.800003
v -3.535302 0.654054 0.800003
v -3.502661 0.661707 0.800003
v -3.466583 0.666222 0.800003
v -3.427069 0.667703 0.800003
v -3.389605 0.666231 0.800003
v -3.352099 0.661778 0.800003
v -3.314636 0.654293 0.800003
v -3.277300 0.643722 0.800003
v -3.240175 0.630011 0.800003
v -3.203348 0.613108 0.800003
v -3.166903 0.592961 0.800003
v -3.130924 0.569515 0.800003
v -3.095496 0.542718 0.800003
v -3.060705 0.512517 0.800003
v -3.026635 0.478859 0.800003
v -2.993371 0.441690 0.800003
v -2.993371 0.737949 0.800003
v -3.020991 0.767920 0.800003
v -3.050412 0.795230 0.800003
v -3.081657 0.819888 0.800003
v -3.114748 0.841906 0.800003
v -3.149706 0.861293 0.800003
v -3.186550 0.878061 0.800003
v -3.225304 0.892220 0.800003
v -3.265988 0.903781 0.800003
v -3.308623 0.912755 0.800003
v -3.353231 0.919152 0.800003
v -3.399832 0.922982 0.800003
v -3.448449 0.924256 0.800003
v -3.516629 0.921311 0.800003
v -3.581829 0.912407 0.800003
v -3.643488 0.897436 0.800003
v -3.701042 0.876294 0.800003
v -3.753931 0.848873 0.800003
v -3.801591 0.815068 0.800003
v -3.843461 0.774773 0.800003
v -3.878979 0.727881 0.800003
v -3.907582 0.674288 0.800003
v -3.928709 0.613886 0.800003
v -3.941797 0.546570 0.800003
v -3.946285 0.472233 0.800003
v -3.946285 -0.233290 0.800003
v -3.946665 -0.245579 0.800003
v -3.947798 -0.256521 0.800003
v -3.949674 -0.266170 0.800003
v -3.952281 -0.274578 0.800003
v -3.955609 -0.281798 0.800003
v -3.959648 -0.287884 0.800003
v -3.964386 -0.292888 0.800003
v -3.969814 -0.296863 0.800003
v -3.975921 -0.299862 0.800003
v -3.982696 -0.301939 0.800003
v -3.990128 -0.303146 0.800003
v -3.998207 -0.303537 0.800003
v -4.005639 -0.302970 0.800003
v -4.014142 -0.301289 0.800003
v -4.023642 -0.298526 0.800003
v -4.034065 -0.294713 0.800003
v -4.045336 -0.289883 0.800003
v -4.057382 -0.284066 0.800003
v -4.070127 -0.277295 0.800003
v -4.083498 -0.269601 0.800003
v -4.097420 -0.261017 0.800003
v -4.111820 -0.251573 0.800003
v -4.126623 -0.241302 0.800003
v -4.141755 -0.230236 0.800003
v -4.141755 -0.395163 0.800003
v -3.617166 0.183562 0.800003
v -3.561737 0.163376 0.800003
v -3.508769 0.142617 0.800003
v -3.458855 0.120998 0.800003
v -3.412590 0.098235 0.800003
v -3.370566 0.074040 0.800003
v -3.333378 0.048127 0.800003
v -3.301620 0.020209 0.800003
v -3.275885 -0.009999 0.800003
v -3.256768 -0.042784 0.800003
v -3.244863 -0.078432 0.800003
v -3.240762 -0.117230 0.800003
v -3.242450 -0.144754 0.800003
v -3.247393 -0.170720 0.800003
v -3.255412 -0.194968 0.800003
v -3.266327 -0.217340 0.800003
v -3.279956 -0.237674 0.800003
v -3.296119 -0.255814 0.800003
v -3.314637 -0.271600 0.800003
v -3.335329 -0.284872 0.800003
v -3.358015 -0.295471 0.800003
v -3.382514 -0.303240 0.800003
v -3.408647 -0.308017 0.800003
v -3.436232 -0.309645 0.800003
v -3.457486 -0.308763 0.800003
v -3.478483 -0.306153 0.800003
v -3.499226 -0.301866 0.800003
v -3.519715 -0.295958 0.800003
v -3.539948 -0.288480 0.800003
v -3.559928 -0.279485 0.800003
v -3.579653 -0.269027 0.800003
v -3.599123 -0.257158 0.800003
v -3.618339 -0.243932 0.800003
v -3.637301 -0.229402 0.800003
v -3.656008 -0.213620 0.800003
v -3.674460 -0.196640 0.800003
v -3.674460 0.203462 0.800003
v -1.533458 -1.177041 0.800003
v -1.533458 0.896768 0.800003
v -2.003807 0.896768 0.800003
v -2.124232 0.891698 0.800003
v -2.234965 0.876576 0.800003
v -2.335857 0.851527 0.800003
v -2.426758 0.816679 0.800003
v -2.507522 0.772160 0.800003
v -2.577998 0.718096 0.800003
v -2.638040 0.654615 0.800003
v -2.687497 0.581844 0.800003
v -2.726223 0.499911 0.800003
v -2.754068 0.408942 0.800003
v -2.770884 0.309066 0.800003
v -2.776522 0.200408 0.800003
v -2.770578 0.099971 0.800003
v -2.753149 0.005207 0.800003
v -2.724839 -0.083300 0.800003
v -2.686253 -0.164966 0.800003
v -2.637995 -0.239209 0.800003
v -2.580671 -0.305446 0.800003
v -2.514883 -0.363092 0.800003
v -2.441238 -0.411565 0.800003
v -2.360338 -0.450282 0.800003
v -2.272789 -0.478659 0.800003
v -2.179196 -0.496113 0.800003
v -2.080162 -0.502061 0.800003
v -2.058131 -0.501675 0.800003
v -2.036258 -0.500505 0.800003
v -2.014449 -0.498529 0.800003
v -1.992608 -0.495726 0.800003
v -1.970640 -0.492074 0.800003
v -1.948449 -0.487553 0.800003
v -1.925940 -0.482141 0.800003
v -1.903018 -0.475817 0.800003
v -1.879586 -0.468560 0.800003
v -1.855550 -0.460348 0.800003
v -1.830814 -0.451161 0.800003
v -1.805283 -0.440976 0.800003
v -1.805283 -1.177041 0.800003
v -1.826021 -0.206182 0.800003
v -1.846981 -0.214951 0.800003
v -1.868133 -0.222934 0.800003
v -1.889443 -0.230123 0.800003
v -1.910881 -0.236505 0.800003
v -1.932414 -0.242071 0.800003
v -1.954011 -0.246810 0.800003
v -1.975640 -0.250711 0.800003
v -1.997269 -0.253763 0.800003
v -2.018866 -0.255956 0.800003
v -2.040399 -0.257280 0.800003
v -2.061837 -0.257724 0.800003
v -2.123683 -0.253723 0.800003
v -2.182210 -0.242014 0.800003
v -2.237025 -0.223030 0.800003
v -2.287735 -0.197205 0.800003
v -2.333950 -0.164975 0.800003
v -2.375275 -0.126774 0.800003
v -2.411319 -0.083038 0.800003
v -2.441690 -0.034201 0.800003
v -2.465995 0.019303 0.800003
v -2.483841 0.077038 0.800003
v -2.494837 0.138569 0.800003
v -2.498589 0.203462 0.800003
v -2.495473 0.271964 0.800003
v -2.486132 0.335345 0.800003
v -2.470576 0.393444 0.800003
v -2.448817 0.446102 0.800003
v -2.420864 0.493162 0.800003
v -2.386729 0.534462 0.800003
v -2.346421 0.569846 0.800003
v -2.299952 0.599153 0.800003
v -2.247332 0.622223 0.800003
v -2.188572 0.638899 0.800003
v -2.123683 0.649022 0.800003
v -2.052674 0.652431 0.800003
v -1.805283 0.652431 0.800003
v -1.805283 -0.196640 0.800003
v -1.135094 0.566476 0.800003
v -1.097625 0.588109 0.800003
v -1.060771 0.607429 0.800003
v -1.024649 0.624491 0.800003
v -0.989376 0.639347 0.800003
v -0.955067 0.652049 0.800003
v -0.921840 0.662652 0.800003
v -0.889811 0.671209 0.800003
v -0.859098 0.677772 0.800003
v -0.829816 0.682394 0.800003
v -0.802082 0.685128 0.800003
v -0.776014 0.686028 0.800003
v -0.749371 0.684963 0.800003
v -0.724488 0.681842 0.800003
v -0.701472 0.676769 0.800003
v -0.680428 0.669851 0.800003
v -0.661463 0.661194 0.800003
v -0.644683 0.650904 0.800003
v -0.630193 0.639087 0.800003
v -0.618100 0.625848 0.800003
v -0.608509 0.611295 0.800003
v -0.601528 0.595532 0.800003
v -0.597261 0.578667 0.800003
v -0.595815 0.560805 0.800003
v -0.597758 0.545247 0.800003
v -0.603720 0.528990 0.800003
v -0.613902 0.511842 0.800003
v -0.628507 0.493612 0.800003
v -0.647735 0.474110 0.800003
v -0.671789 0.453144 0.800003
v -0.700869 0.430524 0.800003
v -0.735178 0.406059 0.800003
v -0.774916 0.379557 0.800003
v -0.820286 0.350828 0.800003
v -0.871488 0.319682 0.800003
v -0.928724 0.285926 0.800003
v -0.982272 0.249599 0.800003
v -1.030051 0.215213 0.800003
v -1.072272 0.182417 0.800003
v -1.109149 0.150862 0.800003
v -1.140893 0.120198 0.800003
v -1.167717 0.090075 0.800003
v -1.189831 0.060143 0.800003
v -1.207449 0.030051 0.800003
v -1.220783 -0.000549 0.800003
v -1.230045 -0.032009 0.800003
v -1.235446 -0.064677 0.800003
v -1.237200 -0.098905 0.800003
v -1.233263 -0.157523 0.800003
v -1.221745 -0.212547 0.800003
v -1.203079 -0.263689 0.800003
v -1.177699 -0.310663 0.800003
v -1.146042 -0.353184 0.800003
v -1.108541 -0.390964 0.800003
v -1.065632 -0.423717 0.800003
v -1.017749 -0.451157 0.800003
v -0.965327 -0.472998 0.800003
v -0.908801 -0.488953 0.800003
v -0.848606 -0.498736 0.800003
v -0.785177 -0.502061 0.800003
v -0.743897 -0.501347 0.800003
v -0.703858 -0.499148 0.800003
v -0.664774 -0.495379 0.800003
v -0.626357 -0.489957 0.800003
v -0.588323 -0.482795 0.800003
v -0.550384 -0.473809 0.800003
v -0.512254 -0.462914 0.800003
v -0.473647 -0.450026 0.800003
v -0.434276 -0.435059 0.800003
v -0.393856 -0.417928 0.800003
v -0.352099 -0.398550 0.800003
v -0.308720 -0.376838 0.800003
v -0.308720 -0.083634 0.800003
v -0.352666 -0.112844 0.800003
v -0.395849 -0.139402 0.800003
v -0.438142 -0.163330 0.800003
v -0.479416 -0.184649 0.800003
v -0.519545 -0.203381 0.800003
v -0.558401 -0.219546 0.800003
v -0.595858 -0.233166 0.800003
v -0.631787 -0.244263 0.800003
v -0.666062 -0.252856 0.800003
v -0.698556 -0.258968 0.800003
v -0.729140 -0.262620 0.800003
v -0.757689 -0.263832 0.800003
v -0.784752 -0.261350 0.800003
v -0.810798 -0.256960 0.800003
v -0.835571 -0.250660 0.800003
v -0.858817 -0.242452 0.800003
v -0.880281 -0.232335 0.800003
v -0.899710 -0.220309 0.800003
v -0.916847 -0.206375 0.800003
v -0.931439 -0.190531 0.800003
v -0.943232 -0.172778 0.800003
v -0.951971 -0.153116 0.800003
v -0.957400 -0.131546 0.800003
v -0.959267 -0.108067 0.800003
v -0.946647 -0.062365 0.800003
v -0.911757 -0.019113 0.800003
v -0.859050 0.022930 0.800003
v -0.792982 0.065005 0.800003
v -0.718005 0.108352 0.800003
v -0.638574 0.154213 0.800003
v -0.559144 0.203828 0.800003
v -0.484167 0.258438 0.800003
v -0.418098 0.319284 0.800003
v -0.365392 0.387606 0.800003
v -0.330502 0.464645 0.800003
v -0.317882 0.551642 0.800003
v -0.321527 0.607734 0.800003
v -0.332277 0.659840 0.800003
v -0.349856 0.707788 0.800003
v -0.373989 0.751410 0.800003
v -0.404401 0.790535 0.800003
v -0.440814 0.824994 0.800003
v -0.482955 0.854617 0.800003
v -0.530546 0.879235 0.800003
v -0.583312 0.898677 0.800003
v -0.640978 0.912775 0.800003
v -0.703268 0.921358 0.800003
v -0.769905 0.924256 0.800003
v -0.802043 0.923491 0.800003
v -0.834341 0.921188 0.800003
v -0.866829 0.917337 0.800003
v -0.899540 0.911927 0.800003
v -0.932505 0.904947 0.800003
v -0.965757 0.896387 0.800003
v -0.999327 0.886236 0.800003
v -1.033246 0.874484 0.800003
v -1.067548 0.861120 0.800003
v -1.102263 0.846133 0.800003
v -1.137424 0.829514 0.800003
v -1.173061 0.811250 0.800003
v -1.173061 0.542480 0.800003
v 0.889849 0.566476 0.800003
v 0.927318 0.588109 0.800003
v 0.964172 0.607429 0.800003
v 1.000293 0.624491 0.800003
v 1.035567 0.639347 0.800003
v 1.069876 0.652049 0.800003
v 1.103103 0.662652 0.800003
v 1.135131 0.671209 0.800003
v 1.165845 0.677772 0.800003
v 1.195127 0.682394 0.800003
v 1.222860 0.685128 0.800003
v 1.248929 0.686028 0.800003
v 1.275572 0.684963 0.800003
v 1.300455 0.681842 0.800003
v 1.323471 0.676769 0.800003
v 1.344515 0.669851 0.800003
v 1.363480 0.661194 0.800003
v 1.380260 0.650904 0.800003
v 1.394750 0.639087 0.800003
v 1.406843 0.625848 0.800003
v 1.416433 0.611295 0.800003
v 1.423415 0.595532 0.800003
v 1.427681 0.578667 0.800003
v 1.429127 0.560805 0.800003
v 1.427185 0.545247 0.800003
v 1.421223 0.528990 0.800003
v 1.411041 0.511842 0.800003
v 1.396436 0.493612 0.800003
v 1.377208 0.474110 0.800003
v 1.353154 0.453144 0.800003
v 1.324073 0.430524 0.800003
v 1.289765 0.406059 0.800003
v 1.250026 0.379557 0.800003
v 1.204657 0.350828 0.800003
v 1.153455 0.319682 0.800003
v 1.096218 0.285926 0.800003
v 1.042671 0.249599 0.800003
v 0.994892 0.215213 0.800003
v 0.952670 0.182417 0.800003
v 0.915794 0.150862 0.800003
v 0.884050 0.120198 0.800003
v 0.857226 0.090075 0.800003
v 0.835111 0.060143 0.800003
v 0.817493 0.030051 0.800003
v 0.804159 -0.000549 0.800003
v 0.794898 -0.032009 0.800003
v 0.789496 -0.064677 0.800003
v 0.787743 -0.098905 0.800003
v 0.791679 -0.157523 0.800003
v 0.803198 -0.212547 0.800003
v 0.821864 -0.263689 0.800003
v 0.847243 -0.310663 0.800003
v 0.878901 -0.353184 0.800003
v 0.916402 -0.390964 0.800003
v 0.959311 -0.423717 0.800003
v 1.007194 -0.451157 0.800003
v 1.059616 -0.472998 0.800003
v 1.116141 -0.488953 0.800003
v 1.176337 -0.498736 0.800003
v 1.239766 -0.502061 0.800003
v 1.281046 -0.501347 0.800003
v 1.321084 -0.499148 0.800003
v 1.360169 -0.495379 0.800003
v 1.398585 -0.489957 0.800003
v 1.436620 -0.482795 0.800003
v 1.474559 -0.473809 0.800003
v 1.512688 -0.462914 0.800003
v 1.551296 -0.450026 0.800003
v 1.590666 -0.435059 0.800003
v 1.631087 -0.417928 0.800003
v 1.672844 -0.398550 0.800003
v 1.716223 -0.376838 0.800003
v 1.716223 -0.083634 0.800003
v 1.672276 -0.112844 0.800003
v 1.629093 -0.139402 0.800003
v 1.586801 -0.163330 0.800003
v 1.545527 -0.184649 0.800003
v 1.505398 -0.203381 0.800003
v 1.466541 -0.219546 0.800003
v 1.429085 -0.233166 0.800003
v 1.393155 -0.244263 0.800003
v 1.358880 -0.252856 0.800003
v 1.326387 -0.258968 0.800003
v 1.295802 -0.262620 0.800003
v 1.267254 -0.263832 0.800003
v 1.240190 -0.261350 0.800003
v 1.214145 -0.256960 0.800003
v 1.189372 -0.250660 0.800003
v 1.166126 -0.242452 0.800003
v 1.144661 -0.232335 0.800003
v 1.125233 -0.220309 0.800003
v 1.108096 -0.206375 0.800003
v 1.093503 -0.190531 0.800003
v 1.081711 -0.172778 0.800003
v 1.072972 -0.153116 0.800003
v 1.067543 -0.131546 0.800003
v 1.065676 -0.108067 0.800003
v 1.078296 -0.062365 0.800003
v 1.113186 -0.019113 0.800003
v 1.165892 0.022930 0.800003
v 1.231961 0.065005 0.800003
v 1.306938 0.108352 0.800003
v 1.386368 0.154213 0.800003
v 1.465799 0.203828 0.800003
v 1.540776 0.258438 0.800003
v 1.606844 0.319284 0.800003
v 1.659550 0.387606 0.800003
v 1.694440 0.464645 0.800003
v 1.707060 0.551642 0.800003
v 1.703416 0.607734 0.800003
v 1.692666 0.659840 0.800003
v 1.675086 0.707788 0.800003
v 1.650953 0.751410 0.800003
v 1.620542 0.790535 0.800003
v 1.584128 0.824994 0.800003
v 1.541988 0.854617 0.800003
v 1.494397 0.879235 0.800003
v 1.441630 0.898677 0.800003
v 1.383965 0.912775 0.800003
v 1.321675 0.921358 0.800003
v 1.255037 0.924256 0.800003
v 1.222899 0.923491 0.800003
v 1.190602 0.921188 0.800003
v 1.158113 0.917337 0.800003
v 1.125403 0.911927 0.800003
v 1.092438 0.904947 0.800003
v 1.059186 0.896387 0.800003
v 1.025616 0.886236 0.800003
v 0.991696 0.874484 0.800003
v 0.957395 0.861120 0.800003
v 0.922680 0.846133 0.800003
v 0.887519 0.829514 0.800003
v 0.851881 0.811250 0.800003
v 0.851881 0.542480 0.800003
v 2.065720 0.566476 0.800003
v 2.103189 0.588109 0.800003
v 2.140042 0.607429 0.800003
v 2.176164 0.624491 0.800003
v 2.211438 0.639347 0.800003
v 2.245747 0.652049 0.800003
v 2.278974 0.662652 0.800003
v 2.311002 0.671209 0.800003
v 2.341716 0.677772 0.800003
v 2.370998 0.682394 0.800003
v 2.398731 0.685128 0.800003
v 2.424800 0.686028 0.800003
v 2.451443 0.684963 0.800003
v 2.476326 0.681842 0.800003
v 2.499342 0.676769 0.800003
v 2.520386 0.669851 0.800003
v 2.539351 0.661194 0.800003
v 2.556131 0.650904 0.800003
v 2.570621 0.639087 0.800003
v 2.582714 0.625848 0.800003
v 2.592304 0.611295 0.800003
v 2.599286 0.595532 0.800003
v 2.603553 0.578667 0.800003
v 2.604999 0.560805 0.800003
v 2.603056 0.545247 0.800003
v 2.597094 0.528990 0.800003
v 2.586912 0.511842 0.800003
v 2.572307 0.493612 0.800003
v 2.553079 0.474110 0.800003
v 2.529025 0.453144 0.800003
v 2.499944 0.430524 0.800003
v 2.465636 0.406059 0.800003
v 2.425898 0.379557 0.800003
v 2.380528 0.350828 0.800003
v 2.329326 0.319682 0.800003
v 2.272089 0.285926 0.800003
v 2.218542 0.249599 0.800003
v 2.170763 0.215213 0.800003
v 2.128541 0.182417 0.800003
v 2.091665 0.150862 0.800003
v 2.059921 0.120198 0.800003
v 2.033098 0.090075 0.800003
v 2.010983 0.060143 0.800003
v 1.993364 0.030051 0.800003
v 1.980030 -0.000549 0.800003
v 1.970769 -0.032009 0.800003
v 1.965367 -0.064677 0.800003
v 1.963614 -0.098905 0.800003
v 1.967550 -0.157523 0.800003
v 1.979069 -0.212547 0.800003
v 1.997735 -0.263689 0.800003
v 2.023114 -0.310663 0.800003
v 2.054772 -0.353184 0.800003
v 2.092273 -0.390964 0.800003
v 2.135182 -0.423717 0.800003
v 2.183065 -0.451157 0.800003
v 2.235487 -0.472998 0.800003
v 2.292012 -0.488953 0.800003
v 2.352208 -0.498736 0.800003
v 2.415637 -0.502061 0.800003
v 2.456917 -0.501347 0.800003
v 2.496956 -0.499148 0.800003
v 2.536040 -0.495379 0.800003
v 2.574456 -0.489957 0.800003
v 2.612491 -0.482795 0.800003
v 2.650430 -0.473809 0.800003
v 2.688560 -0.462914 0.800003
v 2.727167 -0.450026 0.800003
v 2.766538 -0.435059 0.800003
v 2.806958 -0.417928 0.800003
v 2.848715 -0.398550 0.800003
v 2.892094 -0.376838 0.800003
v 2.892094 -0.083634 0.800003
v 2.848148 -0.112844 0.800003
v 2.804965 -0.139402 0.800003
v 2.762672 -0.163330 0.800003
v 2.721398 -0.184649 0.800003
v 2.681269 -0.203381 0.800003
v 2.642412 -0.219546 0.800003
v 2.604956 -0.233166 0.800003
v 2.569027 -0.244263 0.800003
v 2.534752 -0.252856 0.800003
v 2.502258 -0.258968 0.800003
v 2.471674 -0.262620 0.800003
v 2.443125 -0.263832 0.800003
v 2.416062 -0.261350 0.800003
v 2.390016 -0.256960 0.800003
v 2.365243 -0.250660 0.800003
v 2.341997 -0.242452 0.800003
v 2.320533 -0.232335 0.800003
v 2.301105 -0.220309 0.800003
v 2.283967 -0.206375 0.800003
v 2.269375 -0.190531 0.800003
v 2.257582 -0.172778 0.800003
v 2.248844 -0.153116 0.800003
v 2.243414 -0.131546 0.800003
v 2.241547 -0.108067 0.800003
v 2.254168 -0.062365 0.800003
v 2.289057 -0.019113 0.800003
v 2.341764 0.022930 0.800003
v 2.407832 0.065005 0.800003
v 2.482809 0.108352 0.800003
v 2.562240 0.154213 0.800003
v 2.641670 0.203828 0.800003
v 2.716647 0.258438 0.800003
v 2.782716 0.319284 0.800003
v 2.835422 0.387606 0.800003
v 2.870312 0.464645 0.800003
v 2.882932 0.551642 0.800003
v 2.879287 0.607734 0.800003
v 2.868538 0.659840 0.800003
v 2.850958 0.707788 0.800003
v 2.826825 0.751410 0.800003
v 2.796414 0.790535 0.800003
v 2.760000 0.824994 0.800003
v 2.717860 0.854617 0.800003
v 2.670268 0.879235 0.800003
v 2.617502 0.898677 0.800003
v 2.559836 0.912775 0.800003
v 2.497546 0.921358 0.800003
v 2.430908 0.924256 0.800003
v 2.398770 0.923491 0.800003
v 2.366473 0.921188 0.800003
v 2.333985 0.917337 0.800003
v 2.301274 0.911927 0.800003
v 2.268309 0.904947 0.800003
v 2.235057 0.896387 0.800003
v 2.201487 0.886236 0.800003
v 2.167567 0.874484 0.800003
v 2.133266 0.861120 0.800003
v 2.098551 0.846133 0.800003
v 2.063390 0.829514 0.800003
v 2.027753 0.811250 0.800003
v 2.027753 0.542480 0.800003
v 3.183510 -0.366470 0.800003
v 3.224183 -0.390355 0.800003
v 3.264899 -0.411866 0.800003
v 3.305997 -0.431022 0.800003
v 3.347815 -0.447845 0.800003
v 3.390695 -0.462356 0.800003
v 3.434973 -0.474576 0.800003
v 3.480992 -0.484527 0.800003
v 3.529088 -0.492230 0.800003
v 3.579603 -0.497705 0.800002
v 3.632875 -0.500975 0.800002
v 3.689243 -0.502061 0.800002
v 3.792167 -0.494931 0.800002
v 3.887031 -0.474290 0.800002
v 3.973666 -0.441263 0.800002
v 4.051902 -0.396973 0.800002
v 4.121570 -0.342546 0.800002
v 4.182498 -0.279104 0.800002
v 4.234519 -0.207771 0.800002
v 4.277462 -0.129673 0.800002
v 4.311157 -0.045933 0.800002
v 4.335435 0.042324 0.800002
v 4.350127 0.133975 0.800002
v 4.355062 0.227896 0.800002
v 4.349674 0.328855 0.800002
v 4.333852 0.423705 0.800002
v 4.308103 0.511938 0.800002
v 4.272937 0.593044 0.800002
v 4.228863 0.666515 0.800002
v 4.176390 0.731841 0.800002
v 4.116027 0.788514 0.800002
v 4.048283 0.836023 0.800002
v 3.973667 0.873862 0.800002
v 3.892688 0.901519 0.800002
v 3.805855 0.918487 0.800002
v 3.713677 0.924256 0.800002
v 3.625608 0.919095 0.800002
v 3.543362 0.903584 0.800002
v 3.467288 0.877680 0.800002
v 3.397736 0.841340 0.800002
v 3.335055 0.794523 0.800002
v 3.279597 0.737185 0.800002
v 3.231711 0.669286 0.800002
v 3.191746 0.590782 0.800002
v 3.160054 0.501630 0.800002
v 3.136983 0.401788 0.800002
v 3.122884 0.291214 0.800003
v 3.118106 0.169866 0.800003
v 4.083237 0.169866 0.800002
v 4.070196 0.104651 0.800002
v 4.052468 0.044940 0.800002
v 4.030074 -0.009235 0.800002
v 4.003036 -0.057842 0.800002
v 3.971373 -0.100851 0.800002
v 3.935108 -0.138227 0.800002
v 3.894261 -0.169942 0.800002
v 3.848854 -0.195961 0.800002
v 3.798909 -0.216253 0.800002
v 3.744446 -0.230787 0.800002
v 3.685486 -0.239531 0.800002
v 3.622051 -0.242453 0.800002
v 3.581004 -0.241190 0.800002
v 3.540295 -0.237447 0.800002
v 3.499883 -0.231285 0.800002
v 3.459725 -0.222769 0.800002
v 3.419780 -0.211963 0.800002
v 3.380005 -0.198930 0.800003
v 3.340357 -0.183733 0.800003
v 3.300793 -0.166436 0.800003
v 3.261272 -0.147104 0.800003
v 3.221751 -0.125798 0.800003
v 3.182188 -0.102584 0.800003
v 3.142540 -0.077525 0.800003
v 3.142540 -0.340187 0.800003
v 3.391437 0.400363 0.800002
v 3.400451 0.447290 0.800002
v 3.413792 0.490654 0.800002
v 3.431333 0.530263 0.800002
v 3.452945 0.565927 0.800002
v 3.478503 0.597456 0.800002
v 3.507879 0.624657 0.800002
v 3.540945 0.647341 0.800002
v 3.577574 0.665316 0.800002
v 3.617639 0.678392 0.800002
v 3.661013 0.686378 0.800002
v 3.707569 0.689082 0.800002
v 3.757769 0.686553 0.800002
v 3.804512 0.679029 0.800002
v 3.847776 0.666605 0.800002
v 3.887541 0.649377 0.800002
v 3.923785 0.627441 0.800002
v 3.956487 0.600892 0.800002
v 3.985626 0.569825 0.800002
v 4.011180 0.534336 0.800002
v 4.033129 0.494519 0.800002
v 4.051450 0.450472 0.800002
v 4.066124 0.402288 0.800002
v 4.077128 0.350064 0.800002
v 3.386876 0.350064 0.800002
v 5.207187 0.582184 0.800002
v 5.201078 0.582184 0.800002
v 5.166844 0.639601 0.800002
v 5.132854 0.691302 0.800002
v 5.099096 0.737424 0.800002
v 5.065562 0.778107 0.800002
v 5.032239 0.813487 0.800002
v 4.999119 0.843702 0.800002
v 4.966188 0.868890 0.800002
v 4.933439 0.889190 0.800002
v 4.900859 0.904738 0.800002
v 4.868438 0.915674 0.800002
v 4.836166 0.922133 0.800002
v 4.804031 0.924256 0.800002
v 4.776662 0.923172 0.800002
v 4.749494 0.919915 0.800002
v 4.722474 0.914473 0.800002
v 4.695550 0.906836 0.800002
v 4.668668 0.896992 0.800002
v 4.641776 0.884933 0.800002
v 4.614820 0.870646 0.800002
v 4.587748 0.854122 0.800002
v 4.560505 0.835350 0.800002
v 4.533041 0.814319 0.800002
v 4.505300 0.791018 0.800002
v 4.477230 0.765437 0.800002
v 4.620778 0.530263 0.800002
v 4.641865 0.549589 0.800002
v 4.663736 0.567791 0.800002
v 4.686158 0.584762 0.800002
v 4.708898 0.600397 0.800002
v 4.731723 0.614590 0.800002
v 4.754400 0.627234 0.800002
v 4.776695 0.638225 0.800002
v 4.798375 0.647454 0.800002
v 4.819207 0.654818 0.800002
v 4.838956 0.660208 0.800002
v 4.857391 0.663521 0.800002
v 4.874278 0.664648 0.800002
v 4.919965 0.660846 0.800002
v 4.963627 0.649759 0.800002
v 5.004893 0.631863 0.800002
v 5.043390 0.607636 0.800002
v 5.078749 0.577555 0.800002
v 5.110597 0.542098 0.800002
v 5.138564 0.501741 0.800002
v 5.162279 0.456962 0.800002
v 5.181369 0.408237 0.800002
v 5.195465 0.356045 0.800002
v 5.204195 0.300863 0.800002
v 5.207187 0.243167 0.800002
v 5.207187 -0.474573 0.800002
v 5.479012 -0.474573 0.800002
v 5.479012 0.896768 0.800002
v 5.207187 0.896768 0.800002
v 6.274419 1.602921 0.800002
v 6.175951 1.586964 0.800002
v 6.087515 1.561250 0.800002
v 6.008973 1.526501 0.800002
v 5.940188 1.483438 0.800002
v 5.881021 1.432783 0.800002
v 5.831336 1.375255 0.800002
v 5.790993 1.311575 0.800002
v 5.759856 1.242467 0.800002
v 5.737785 1.168650 0.800002
v 5.724644 1.090845 0.800002
v 5.720294 1.009774 0.800002
v 5.724900 0.929646 0.800002
v 5.738817 0.853090 0.800002
v 5.762194 0.780756 0.800002
v 5.795179 0.713290 0.800002
v 5.837920 0.651338 0.800002
v 5.890567 0.595547 0.800002
v 5.953266 0.546565 0.800002
v 6.026168 0.505037 0.800002
v 6.109420 0.471612 0.800002
v 6.203171 0.446937 0.800002
v 6.307569 0.431657 0.800002
v 6.422763 0.426420 0.800002
v 6.734293 0.426420 0.800002
v 6.734293 -0.474573 0.800002
v 7.033605 -0.474573 0.800002
v 7.033605 1.608399 0.800002
v 6.383058 1.608399 0.800002
v 6.395275 0.695190 0.800002
v 6.341226 0.697655 0.800002
v 6.290710 0.704976 0.800002
v 6.243948 0.717047 0.800002
v 6.201163 0.733764 0.800002
v 6.162577 0.755020 0.800002
v 6.128413 0.780708 0.800002
v 6.098894 0.810724 0.800002
v 6.074243 0.844960 0.800002
v 6.054683 0.883311 0.800002
v 6.040435 0.925670 0.800002
v 6.031723 0.971932 0.800002
v 6.028769 1.021991 0.800002
v 6.030550 1.060320 0.800002
v 6.036137 1.098544 0.800002
v 6.045902 1.136046 0.800002
v 6.060217 1.172213 0.800002
v 6.079453 1.206428 0.800002
v 6.103980 1.238076 0.800002
v 6.134170 1.266543 0.800002
v 6.170394 1.291214 0.800002
v 6.213024 1.311473 0.800002
v 6.262431 1.326705 0.800002
v 6.318985 1.336296 0.800002
v 6.383058 1.339629 0.800002
v 6.734293 1.339629 0.800002
v 6.734293 0.695190 0.800002
v 6.274419 1.602921 0.800002
v 6.274419 1.602921 0.022069
v 6.175951 1.586964 0.800002
v 6.175951 1.586964 0.022069
v 6.087515 1.561250 0.800002
v 6.087515 1.561250 0.022069
v 6.008973 1.526501 0.800002
v 6.008973 1.526501 0.022069
v 5.940188 1.483438 0.800002
v 5.940188 1.483438 0.022069
v 5.881021 1.432783 0.800002
v 5.881021 1.432783 0.022069
v 5.831336 1.375255 0.800002
v 5.831336 1.375255 0.022069
v 5.790993 1.311575 0.800002
v 5.790993 1.311575 0.022069
v 5.759856 1.242467 0.800002
v 5.759856 1.242467 0.022069
v 5.737785 1.168650 0.800002
v 5.737785 1.168650 0.022069
v 5.724644 1.090845 0.800002
v 5.724644 1.090845 0.022069
v 5.720294 1.009774 0.800002
v 5.720294 1.009774 0.022069
v 5.724900 0.929646 0.800002
v 5.724900 0.929646 0.022069
v 5.738817 0.853090 0.800002
v 5.738817 0.853090 0.022069
v 5.762194 0.780756 0.800002
v 5.762194 0.780756 0.022069
v 5.795179 0.713290 0.800002
v 5.795179 0.713290 0.022069
v 5.837920 0.651338 0.800002
v 5.837920 0.651338 0.022069
v 5.890567 0.595547 0.800002
v 5.890567 0.595547 0.022069
v 5.953266 0.546565 0.800002
v 5.953266 0.546565 0.022069
v 6.026168 0.505037 0.800002
v 6.026168 0.505037 0.022069
v 6.109420 0.471612 0.800002
v 6.109420 0.471612 0.022069
v 6.203171 0.446937 0.800002
v 6.203171 0.446937 0.022069
v 6.307569 0.431657 0.800002
v 6.307569 0.431657 0.022069
v 6.422763 0.426420 0.800002
v 6.422763 0.426420 0.022069
v 6.734293 0.426420 0.800002
v 6.734293 0.426420 0.022069
v 6.734293 -0.474573 0.800002
v 6.734293 -0.474573 0.022069
v 7.033605 -0.474573 0.800002
v 7.033605 -0.474573 0.022069
v 7.033605 1.608399 0.800002
v 7.033605 1.608399 0.022069
v 6.383058 1.608399 0.800002
v 6.383058 1.608399 0.022069
v 6.395275 0.695190 0.800002
v 6.395275 0.695190 0.022069
v 6.341226 0.697655 0.800002
v 6.341226 0.697655 0.022069
v 6.290710 0.704976 0.800002
v 6.290710 0.704976 0.022069
v 6.243948 0.717047 0.800002
v 6.243948 0.717047 0.022069
v 6.201163 0.733764 0.800002
v 6.201163 0.733764 0.022069
v 6.162577 0.755020 0.800002
v 6.162577 0.755020 0.022069
v 6.128413 0.780708 0.800002
v 6.128413 0.780708 0.022069
v 6.098894 0.810724 0.800002
v 6.098894 0.810724 0.022069
v 6.074243 0.844960 0.800002
v 6.074243 0.844960 0.022069
v 6.054683 0.883311 0.800002
v 6.054683 0.883311 0.022069
v 6.040435 0.925670 0.800002
v 6.040435 0.925670 0.022069
v 6.031723 0.971932 0.800002
v 6.031723 0.971932 0.022069
v 6.028769 1.021991 0.800002
v 6.028769 1.021991 0.022069
v 6.030550 1.060320 0.800002
v 6.030550 1.060320 0.022069
v 6.036137 1.098544 0.800002
v 6.036137 1.098544 0.022069
v 6.045902 1.136046 0.800002
v 6.045902 1.136046 0.022069
v 6.060217 1.172213 0.800002
v 6.060217 1.172213 0.022069
v 6.079453 1.206428 0.800002
v 6.079453 1.206428 0.022069
v 6.103980 1.238076 0.800002
v 6.103980 1.238076 0.022069
v 6.134170 1.266543 0.800002
v 6.134170 1.266543 0.022069
v 6.170394 1.291214 0.800002
v 6.170394 1.291214 0.022069
v 6.213024 1.311473 0.800002
v 6.213024 1.311473 0.022069
v 6.262431 1.326705 0.800002
v 6.262431 1.326705 0.022069
v 6.318985 1.336296 0.800002
v 6.318985 1.336296 0.022069
v 6.383058 1.339629 0.800002
v 6.383058 1.339629 0.022069
v 6.734293 1.339629 0.800002
v 6.734293 1.339629 0.022069
v 6.734293 0.695190 0.800002
v 6.734293 0.695190 0.022069
v 5.207187 0.582184 0.800002
v 5.207187 0.582184 0.022069
v 5.201078 0.582184 0.800002
v 5.201078 0.582184 0.022069
v 5.166844 0.639601 0.800002
v 5.166844 0.639601 0.022069
v 5.132854 0.691302 0.800002
v 5.132854 0.691302 0.022069
v 5.099096 0.737424 0.800002
v 5.099096 0.737424 0.022069
v 5.065562 0.778107 0.800002
v 5.065562 0.778107 0.022069
v 5.032239 0.813487 0.800002
v 5.032239 0.813487 0.022069
v 4.999119 0.843702 0.800002
v 4.999119 0.843702 0.022069
v 4.966188 0.868890 0.800002
v 4.966188 0.868890 0.022069
v 4.933439 0.889190 0.800002
v 4.933439 0.889190 0.022069
v 4.900859 0.904738 0.800002
v 4.900859 0.904738 0.022069
v 4.868438 0.915674 0.800002
v 4.868438 0.915674 0.022069
v 4.836166 0.922133 0.800002
v 4.836166 0.922133 0.022069
v 4.804031 0.924256 0.800002
v 4.804031 0.924256 0.022069
v 4.776662 0.923172 0.800002
v 4.776662 0.923172 0.022069
v 4.749494 0.919915 0.800002
v 4.749494 0.919915 0.022069
v 4.722474 0.914473 0.800002
v 4.722474 0.914473 0.022069
v 4.695550 0.906836 0.800002
v 4.695550 0.906836 0.022069
v 4.668668 0.896992 0.800002
v 4.668668 0.896992 0.022069
v 4.641776 0.884933 0.800002
v 4.641776 0.884933 0.022069
v 4.614820 0.870646 0.800002
v 4.614820 0.870646 0.022069
v 4.587748 0.854122 0.800002
v 4.587748 0.854122 0.022069
v 4.560505 0.835350 0.800002
v 4.560505 0.835350 0.022069
v 4.533041 0.814319 0.800002
v 4.533041 0.814319 0.022069
v 4.505300 0.791018 0.800002
v 4.505300 0.791018 0.022069
v 4.477230 0.765437 0.800002
v 4.477230 0.765437 0.022069
v 4.620778 0.530263 0.800002
v 4.620778 0.530263 0.022069
v 4.641865 0.549589 0.800002
v 4.641865 0.549589 0.022069
v 4.663736 0.567791 0.800002
v 4.663736 0.567791 0.022069
v 4.686158 0.584762 0.800002
v 4.686158 0.584762 0.022069
v 4.708898 0.600397 0.800002
v 4.708898 0.600397 0.022069
v 4.731723 0.614590 0.800002
v 4.731723 0.614590 0.022069
v 4.754400 0.627234 0.800002
v 4.754400 0.627234 0.022069
v 4.776695 0.638225 0.800002
v 4.776695 0.638225 0.022069
v 4.798375 0.647454 0.800002
v 4.798375 0.647454 0.022069
v 4.819207 0.654818 0.800002
v 4.819207 0.654818 0.022069
v 4.838956 0.660208 0.800002
v 4.838956 0.660208 0.022069
v 4.857391 0.663521 0.800002
v 4.857391 0.663521 0.022069
v 4.874278 0.664648 0.800002
v 4.874278 0.664648 0.022069
v 4.919965 0.660846 0.800002
v 4.919965 0.660846 0.022069
v 4.963627 0.649759 0.800002
v 4.963627 0.649759 0.022069
v 5.004893 0.631863 0.800002
v 5.004893 0.631863 0.022069
v 5.043390 0.607636 0.800002
v 5.043390 0.607636 0.022069
v 5.078749 0.577555 0.800002
v 5.078749 0.577555 0.022069
v 5.110597 0.542098 0.800002
v 5.110597 0.542098 0.022069
v 5.138564 0.501741 0.800002
v 5.138564 0.501741 0.022069
v 5.162279 0.456962 0.800002
v 5.162279 0.456962 0.022069
v 5.181369 0.408237 0.800002
v 5.181369 0.408237 0.022069
v 5.195465 0.356045 0.800002
v 5.195465 0.356045 0.022069
v 5.204195 0.300863 0.800002
v 5.204195 0.300863 0.022069
v 5.207187 0.243167 0.800002
v 5.207187 0.243167 0.022069
v 5.207187 -0.474573 0.800002
v 5.207187 -0.474573 0.022069
v 5.479012 -0.474573 0.800002
v 5.479012 -0.474573 0.022069
v 5.479012 0.896768 0.800002
v 5.479012 0.896768 0.022069
v 5.207187 0.896768 0.800002
v 5.207187 0.896768 0.022069
v 3.183510 -0.366470 0.800003
v 3.183510 -0.366470 0.022069
v 3.224183 -0.390355 0.800003
v 3.224183 -0.390355 0.022069
v 3.264899 -0.411866 0.800003
v 3.264899 -0.411866 0.022069
v 3.305997 -0.431022 0.800003
v 3.305997 -0.431022 0.022069
v 3.347815 -0.447845 0.800003
v 3.347815 -0.447845 0.022069
v 3.390695 -0.462356 0.800003
v 3.390695 -0.462356 0.022069
v 3.434973 -0.474576 0.800003
v 3.434973 -0.474576 0.022069
v 3.480992 -0.484527 0.800003
v 3.480992 -0.484527 0.022069
v 3.529088 -0.492230 0.800003
v 3.529088 -0.492230 0.022069
v 3.579603 -0.497705 0.800002
v 3.579603 -0.497705 0.022069
v 3.632875 -0.500975 0.800002
v 3.632875 -0.500975 0.022069
v 3.689243 -0.502061 0.800002
v 3.689243 -0.502061 0.022069
v 3.792167 -0.494931 0.800002
v 3.792167 -0.494931 0.022069
v 3.887031 -0.474290 0.800002
v 3.887031 -0.474290 0.022069
v 3.973666 -0.441263 0.800002
v 3.973666 -0.441263 0.022069
v 4.051902 -0.396973 0.800002
v 4.051902 -0.396973 0.022069
v 4.121570 -0.342546 0.800002
v 4.121570 -0.342546 0.022069
v 4.182498 -0.279104 0.800002
v 4.182498 -0.279104 0.022069
v 4.234519 -0.207771 0.800002
v 4.234519 -0.207771 0.022069
v 4.277462 -0.129673 0.800002
v 4.277462 -0.129673 0.022069
v 4.311157 -0.045933 0.800002
v 4.311157 -0.045933 0.022069
v 4.335435 0.042324 0.800002
v 4.335435 0.042324 0.022069
v 4.350127 0.133975 0.800002
v 4.350127 0.133975 0.022069
v 4.355062 0.227896 0.800002
v 4.355062 0.227896 0.022069
v 4.349674 0.328855 0.800002
v 4.349674 0.328855 0.022069
v 4.333852 0.423705 0.800002
v 4.333852 0.423705 0.022069
v 4.308103 0.511938 0.800002
v 4.308103 0.511938 0.022069
v 4.272937 0.593044 0.800002
v 4.272937 0.593044 0.022069
v 4.228863 0.666515 0.800002
v 4.228863 0.666515 0.022069
v 4.176390 0.731841 0.800002
v 4.176390 0.731841 0.022069
v 4.116027 0.788514 0.800002
v 4.116027 0.788514 0.022069
v 4.048283 0.836023 0.800002
v 4.048283 0.836023 0.022069
v 3.973667 0.873862 0.800002
v 3.973667 0.873862 0.022069
v 3.892688 0.901519 0.800002
v 3.892688 0.901519 0.022069
v 3.805855 0.918487 0.800002
v 3.805855 0.918487 0.022069
v 3.713677 0.924256 0.800002
v 3.713677 0.924256 0.022069
v 3.625608 0.919095 0.800002
v 3.625608 0.919095 0.022069
v 3.543362 0.903584 0.800002
v 3.543362 0.903584 0.022069
v 3.467288 0.877680 0.800002
v 3.467288 0.877680 0.022069
v 3.397736 0.841340 0.800002
v 3.397736 0.841340 0.022069
v 3.335055 0.794523 0.800002
v 3.335055 0.794523 0.022069
v 3.279597 0.737185 0.800002
v 3.279597 0.737185 0.022069
v 3.231711 0.669286 0.800002
v 3.231711 0.669286 0.022069
v 3.191746 0.590782 0.800002
v 3.191746 0.590782 0.022069
v 3.160054 0.501630 0.800002
v 3.160054 0.501630 0.022069
v 3.136983 0.401788 0.800002
v 3.136983 0.401788 0.022069
v 3.122884 0.291214 0.800003
v 3.122884 0.291214 0.022069
v 3.118106 0.169866 0.800003
v 3.118106 0.169866 0.022069
v 4.083237 0.169866 0.800002
v 4.083237 0.169866 0.022069
v 4.070196 0.104651 0.800002
v 4.070196 0.104651 0.022069
v 4.052468 0.044940 0.800002
v 4.052468 0.044940 0.022069
v 4.030074 -0.009235 0.800002
v 4.030074 -0.009235 0.022069
v 4.003036 -0.057842 0.800002
v 4.003036 -0.057842 0.022069
v 3.971373 -0.100851 0.800002
v 3.971373 -0.100851 0.022069
v 3.935108 -0.138227 0.800002
v 3.935108 -0.138227 0.022069
v 3.894261 -0.169942 0.800002
v 3.894261 -0.169942 0.022069
v 3.848854 -0.195961 0.800002
v 3.848854 -0.195961 0.022069
v 3.798909 -0.216253 0.800002
v 3.798909 -0.216253 0.022069
v 3.744446 -0.230787 0.800002
v 3.744446 -0.230787 0.022069
v 3.685486 -0.239531 0.800002
v 3.685486 -0.239531 0.022069
v 3.622051 -0.242453 0.800002
v 3.622051 -0.242453 0.022069
v 3.581004 -0.241190 0.800002
v 3.581004 -0.241190 0.022069
v 3.540295 -0.237447 0.800002
v 3.540295 -0.237447 0.022069
v 3.499883 -0.231285 0.800002
v 3.499883 -0.231285 0.022069
v 3.459725 -0.222769 0.800002
v 3.459725 -0.222769 0.022069
v 3.419780 -0.211963 0.800002
v 3.419780 -0.211963 0.022069
v 3.380005 -0.198930 0.800003
v 3.380005 -0.198930 0.022069
v 3.340357 -0.183733 0.800003
v 3.340357 -0.183733 0.022069
v 3.300793 -0.166436 0.800003
v 3.300793 -0.166436 0.022069
v 3.261272 -0.147104 0.800003
v 3.261272 -0.147104 0.022069
v 3.221751 -0.125798 0.800003
v 3.221751 -0.125798 0.022069
v 3.182188 -0.102584 0.800003
v 3.182188 -0.102584 0.022069
v 3.142540 -0.077525 0.800003
v 3.142540 -0.077525 0.022069
v 3.142540 -0.340187 0.800003
v 3.142540 -0.340187 0.022069
v 3.391437 0.400363 0.800002
v 3.391437 0.400363 0.022069
v 3.400451 0.447290 0.800002
v 3.400451 0.447290 0.022069
v 3.413792 0.490654 0.800002
v 3.413792 0.490654 0.022069
v 3.431333 0.530263 0.800002
v 3.431333 0.530263 0.022069
v 3.452945 0.565927 0.800002
v 3.452945 0.565927 0.022069
v 3.478503 0.597456 0.800002
v 3.478503 0.597456 0.022069
v 3.507879 0.624657 0.800002
v 3.507879 0.624657 0.022069
v 3.540945 0.647341 0.800002
v 3.540945 0.647341 0.022069
v 3.577574 0.665316 0.800002
v 3.577574 0.665316 0.022069
v 3.617639 0.678392 0.800002
v 3.617639 0.678392 0.022069
v 3.661013 0.686378 0.800002
v 3.661013 0.686378 0.022069
v 3.707569 0.689082 0.800002
v 3.707569 0.689082 0.022069
v 3.757769 0.686553 0.800002
v 3.757769 0.686553 0.022069
v 3.804512 0.679029 0.800002
v 3.804512 0.679029 0.022069
v 3.847776 0.666605 0.800002
v 3.847776 0.666605 0.022069
v 3.887541 0.649377 0.800002
v 3.887541 0.649377 0.022069
v 3.923785 0.627441 0.800002
v 3.923785 0.627441 0.022069
v 3.956487 0.600892 0.800002
v 3.956487 0.600892 0.022069
v 3.985626 0.569825 0.800002
v 3.985626 0.569825 0.022069
v 4.011180 0.534336 0.800002
v 4.011180 0.534336 0.022069
v 4.033129 0.494519 0.800002
v 4.033129 0.494519 0.022069
v 4.051450 0.450472 0.800002
v 4.051450 0.450472 0.022069
v 4.066124 0.402288 0.800002
v 4.066124 0.402288 0.022069
v 4.077128 0.350064 0.800002
v 4.077128 0.350064 0.022069
v 3.386876 0.350064 0.800002
v 3.386876 0.350064 0.022069
v 2.065720 0.566476 0.800003
v 2.065720 0.566476 0.022070
v 2.103189 0.588109 0.800003
v 2.103189 0.588109 0.022070
v 2.140042 0.607429 0.800003
v 2.140042 0.607429 0.022070
v 2.176164 0.624491 0.800003
v 2.176164 0.624491 0.022070
v 2.211438 0.639347 0.800003
v 2.211438 0.639347 0.022070
v 2.245747 0.652049 0.800003
v 2.245747 0.652049 0.022070
v 2.278974 0.662652 0.800003
v 2.278974 0.662652 0.022070
v 2.311002 0.671209 0.800003
v 2.311002 0.671209 0.022069
v 2.341716 0.677772 0.800003
v 2.341716 0.677772 0.022069
v 2.370998 0.682394 0.800003
v 2.370998 0.682394 0.022069
v 2.398731 0.685128 0.800003
v 2.398731 0.685128 0.022069
v 2.424800 0.686028 0.800003
v 2.424800 0.686028 0.022069
v 2.451443 0.684963 0.800003
v 2.451443 0.684963 0.022069
v 2.476326 0.681842 0.800003
v 2.476326 0.681842 0.022069
v 2.499342 0.676769 0.800003
v 2.499342 0.676769 0.022069
v 2.520386 0.669851 0.800003
v 2.520386 0.669851 0.022069
v 2.539351 0.661194 0.800003
v 2.539351 0.661194 0.022069
v 2.556131 0.650904 0.800003
v 2.556131 0.650904 0.022069
v 2.570621 0.639087 0.800003
v 2.570621 0.639087 0.022069
v 2.582714 0.625848 0.800003
v 2.582714 0.625848 0.022069
v 2.592304 0.611295 0.800003
v 2.592304 0.611295 0.022069
v 2.599286 0.595532 0.800003
v 2.599286 0.595532 0.022069
v 2.603553 0.578667 0.800003
v 2.603553 0.578667 0.022069
v 2.604999 0.560805 0.800003
v 2.604999 0.560805 0.022069
v 2.603056 0.545247 0.800003
v 2.603056 0.545247 0.022069
v 2.597094 0.528990 0.800003
v 2.597094 0.528990 0.022069
v 2.586912 0.511842 0.800003
v 2.586912 0.511842 0.022069
v 2.572307 0.493612 0.800003
v 2.572307 0.493612 0.022069
v 2.553079 0.474110 0.800003
v 2.553079 0.474110 0.022069
v 2.529025 0.453144 0.800003
v 2.529025 0.453144 0.022069
v 2.499944 0.430524 0.800003
v 2.499944 0.430524 0.022069
v 2.465636 0.406059 0.800003
v 2.465636 0.406059 0.022069
v 2.425898 0.379557 0.800003
v 2.425898 0.379557 0.022070
v 2.380528 0.350828 0.800003
v 2.380528 0.350828 0.022070
v 2.329326 0.319682 0.800003
v 2.329326 0.319682 0.022070
v 2.272089 0.285926 0.800003
v 2.272089 0.285926 0.022070
v 2.218542 0.249599 0.800003
v 2.218542 0.249599 0.022070
v 2.170763 0.215213 0.800003
v 2.170763 0.215213 0.022070
v 2.128541 0.182417 0.800003
v 2.128541 0.182417 0.022070
v 2.091665 0.150862 0.800003
v 2.091665 0.150862 0.022070
v 2.059921 0.120198 0.800003
v 2.059921 0.120198 0.022070
v 2.033098 0.090075 0.800003
v 2.033098 0.090075 0.022070
v 2.010983 0.060143 0.800003
v 2.010983 0.060143 0.022070
v 1.993364 0.030051 0.800003
v 1.993364 0.030051 0.022070
v 1.980030 -0.000549 0.800003
v 1.980030 -0.000549 0.022070
v 1.970769 -0.032009 0.800003
v 1.970769 -0.032009 0.022070
v 1.965367 -0.064677 0.800003
v 1.965367 -0.064677 0.022070
v 1.963614 -0.098905 0.800003
v 1.963614 -0.098905 0.022070
v 1.967550 -0.157523 0.800003
v 1.967550 -0.157523 0.022070
v 1.979069 -0.212547 0.800003
v 1.979069 -0.212547 0.022070
v 1.997735 -0.263689 0.800003
v 1.997735 -0.263689 0.022070
v 2.023114 -0.310663 0.800003
v 2.023114 -0.310663 0.022070
v 2.054772 -0.353184 0.800003
v 2.054772 -0.353184 0.022070
v 2.092273 -0.390964 0.800003
v 2.092273 -0.390964 0.022070
v 2.135182 -0.423717 0.800003
v 2.135182 -0.423717 0.022070
v 2.183065 -0.451157 0.800003
v 2.183065 -0.451157 0.022070
v 2.235487 -0.472998 0.800003
v 2.235487 -0.472998 0.022070
v 2.292012 -0.488953 0.800003
v 2.292012 -0.488953 0.022070
v 2.352208 -0.498736 0.800003
v 2.352208 -0.498736 0.022070
v 2.415637 -0.502061 0.800003
v 2.415637 -0.502061 0.022070
v 2.456917 -0.501347 0.800003
v 2.456917 -0.501347 0.022070
v 2.496956 -0.499148 0.800003
v 2.496956 -0.499148 0.022070
v 2.536040 -0.495379 0.800003
v 2.536040 -0.495379 0.022070
v 2.574456 -0.489957 0.800003
v 2.574456 -0.489957 0.022070
v 2.612491 -0.482795 0.800003
v 2.612491 -0.482795 0.022070
v 2.650430 -0.473809 0.800003
v 2.650430 -0.473809 0.022070
v 2.688560 -0.462914 0.800003
v 2.688560 -0.462914 0.022070
v 2.727167 -0.450026 0.800003
v 2.727167 -0.450026 0.022070
v 2.766538 -0.435059 0.800003
v 2.766538 -0.435059 0.022070
v 2.806958 -0.417928 0.800003
v 2.806958 -0.417928 0.022070
v 2.848715 -0.398550 0.800003
v 2.848715 -0.398550 0.022069
v 2.892094 -0.376838 0.800003
v 2.892094 -0.376838 0.022069
v 2.892094 -0.083634 0.800003
v 2.892094 -0.083634 0.022069
v 2.848148 -0.112844 0.800003
v 2.848148 -0.112844 0.022069
v 2.804965 -0.139402 0.800003
v 2.804965 -0.139402 0.022069
v 2.762672 -0.163330 0.800003
v 2.762672 -0.163330 0.022069
v 2.721398 -0.184649 0.800003
v 2.721398 -0.184649 0.022069
v 2.681269 -0.203381 0.800003
v 2.681269 -0.203381 0.022070
v 2.642412 -0.219546 0.800003
v 2.642412 -0.219546 0.022070
v 2.604956 -0.233166 0.800003
v 2.604956 -0.233166 0.022070
v 2.569027 -0.244263 0.800003
v 2.569027 -0.244263 0.022070
v 2.534752 -0.252856 0.800003
v 2.534752 -0.252856 0.022070
v 2.502258 -0.258968 0.800003
v 2.502258 -0.258968 0.022070
v 2.471674 -0.262620 0.800003
v 2.471674 -0.262620 0.022070
v 2.443125 -0.263832 0.800003
v 2.443125 -0.263832 0.022070
v 2.416062 -0.261350 0.800003
v 2.416062 -0.261350 0.022070
v 2.390016 -0.256960 0.800003
v 2.390016 -0.256960 0.022070
v 2.365243 -0.250660 0.800003
v 2.365243 -0.250660 0.022070
v 2.341997 -0.242452 0.800003
v 2.341997 -0.242452 0.022070
v 2.320533 -0.232335 0.800003
v 2.320533 -0.232335 0.022070
v 2.301105 -0.220309 0.800003
v 2.301105 -0.220309 0.022070
v 2.283967 -0.206375 0.800003
v 2.283967 -0.206375 0.022070
v 2.269375 -0.190531 0.800003
v 2.269375 -0.190531 0.022070
v 2.257582 -0.172778 0.800003
v 2.257582 -0.172778 0.022070
v 2.248844 -0.153116 0.800003
v 2.248844 -0.153116 0.022070
v 2.243414 -0.131546 0.800003
v 2.243414 -0.131546 0.022070
v 2.241547 -0.108067 0.800003
v 2.241547 -0.108067 0.022070
v 2.254168 -0.062365 0.800003
v 2.254168 -0.062365 0.022070
v 2.289057 -0.019113 0.800003
v 2.289057 -0.019113 0.022070
v 2.341764 0.022930 0.800003
v 2.341764 0.022930 0.022070
v 2.407832 0.065005 0.800003
v 2.407832 0.065005 0.022070
v 2.482809 0.108352 0.800003
v 2.482809 0.108352 0.022070
v 2.562240 0.154213 0.800003
v 2.562240 0.154213 0.022069
v 2.641670 0.203828 0.800003
v 2.641670 0.203828 0.022069
v 2.716647 0.258438 0.800003
v 2.716647 0.258438 0.022069
v 2.782716 0.319284 0.800003
v 2.782716 0.319284 0.022069
v 2.835422 0.387606 0.800003
v 2.835422 0.387606 0.022069
v 2.870312 0.464645 0.800003
v 2.870312 0.464645 0.022069
v 2.882932 0.551642 0.800003
v 2.882932 0.551642 0.022069
v 2.879287 0.607734 0.800003
v 2.879287 0.607734 0.022069
v 2.868538 0.659840 0.800003
v 2.868538 0.659840 0.022069
v 2.850958 0.707788 0.800003
v 2.850958 0.707788 0.022069
v 2.826825 0.751410 0.800003
v 2.826825 0.751410 0.022069
v 2.796414 0.790535 0.800003
v 2.796414 0.790535 0.022069
v 2.760000 0.824994 0.800003
v 2.760000 0.824994 0.022069
v 2.717860 0.854617 0.800003
v 2.717860 0.854617 0.022069
v 2.670268 0.879235 0.800003
v 2.670268 0.879235 0.022069
v 2.617502 0.898677 0.800003
v 2.617502 0.898677 0.022069
v 2.559836 0.912775 0.800003
v 2.559836 0.912775 0.022069
v 2.497546 0.921358 0.800003
v 2.497546 0.921358 0.022069
v 2.430908 0.924256 0.800003
v 2.430908 0.924256 0.022069
v 2.398770 0.923491 0.800003
v 2.398770 0.923491 0.022069
v 2.366473 0.921188 0.800003
v 2.366473 0.921188 0.022069
v 2.333985 0.917337 0.800003
v 2.333985 0.917337 0.022069
v 2.301274 0.911927 0.800003
v 2.301274 0.911927 0.022069
v 2.268309 0.904947 0.800003
v 2.268309 0.904947 0.022069
v 2.235057 0.896387 0.800003
v 2.235057 0.896387 0.022069
v 2.201487 0.886236 0.800003
v 2.201487 0.886236 0.022069
v 2.167567 0.874484 0.800003
v 2.167567 0.874484 0.022070
v 2.133266 0.861120 0.800003
v 2.133266 0.861120 0.022070
v 2.098551 0.846133 0.800003
v 2.098551 0.846133 0.022070
v 2.063390 0.829514 0.800003
v 2.063390 0.829514 0.022070
v 2.027753 0.811250 0.800003
v 2.027753 0.811250 0.022070
v 2.027753 0.542480 0.800003
v 2.027753 0.542480 0.022070
v 0.889849 0.566476 0.800003
v 0.889849 0.566476 0.022070
v 0.927318 0.588109 0.800003
v 0.927318 0.588109 0.022070
v 0.964172 0.607429 0.800003
v 0.964171 0.607429 0.022070
v 1.000293 0.624491 0.800003
v 1.000293 0.624491 0.022070
v 1.035567 0.639347 0.800003
v 1.035567 0.639347 0.022070
v 1.069876 0.652049 0.800003
v 1.069876 0.652049 0.022070
v 1.103103 0.662652 0.800003
v 1.103103 0.662652 0.022070
v 1.135131 0.671209 0.800003
v 1.135131 0.671209 0.022070
v 1.165845 0.677772 0.800003
v 1.165845 0.677772 0.022070
v 1.195127 0.682394 0.800003
v 1.195127 0.682394 0.022070
v 1.222860 0.685128 0.800003
v 1.222860 0.685128 0.022070
v 1.248929 0.686028 0.800003
v 1.248929 0.686028 0.022070
v 1.275572 0.684963 0.800003
v 1.275572 0.684963 0.022070
v 1.300455 0.681842 0.800003
v 1.300455 0.681842 0.022070
v 1.323471 0.676769 0.800003
v 1.323471 0.676769 0.022070
v 1.344515 0.669851 0.800003
v 1.344515 0.669851 0.022070
v 1.363480 0.661194 0.800003
v 1.363480 0.661194 0.022070
v 1.380260 0.650904 0.800003
v 1.380260 0.650904 0.022070
v 1.394750 0.639087 0.800003
v 1.394750 0.639087 0.022070
v 1.406843 0.625848 0.800003
v 1.406843 0.625848 0.022070
v 1.416433 0.611295 0.800003
v 1.416433 0.611295 0.022070
v 1.423415 0.595532 0.800003
v 1.423415 0.595532 0.022070
v 1.427681 0.578667 0.800003
v 1.427681 0.578667 0.022070
v 1.429127 0.560805 0.800003
v 1.429127 0.560805 0.022070
v 1.427185 0.545247 0.800003
v 1.427185 0.545247 0.022070
v 1.421223 0.528990 0.800003
v 1.421223 0.528990 0.022070
v 1.411041 0.511842 0.800003
v 1.411041 0.511842 0.022070
v 1.396436 0.493612 0.800003
v 1.396436 0.493612 0.022070
v 1.377208 0.474110 0.800003
v 1.377208 0.474110 0.022070
v 1.353154 0.453144 0.800003
v 1.353154 0.453144 0.022070
v 1.324073 0.430524 0.800003
v 1.324073 0.430524 0.022070
v 1.289765 0.406059 0.800003
v 1.289765 0.406059 0.022070
v 1.250026 0.379557 0.800003
v 1.250026 0.379557 0.022070
v 1.204657 0.350828 0.800003
v 1.204657 0.350828 0.022070
v 1.153455 0.319682 0.800003
v 1.153455 0.319682 0.022070
v 1.096218 0.285926 0.800003
v 1.096218 0.285926 0.022070
v 1.042671 0.249599 0.800003
v 1.042670 0.249599 0.022070
v 0.994892 0.215213 0.800003
v 0.994892 0.215213 0.022070
v 0.952670 0.182417 0.800003
v 0.952670 0.182417 0.022070
v 0.915794 0.150862 0.800003
v 0.915793 0.150862 0.022070
v 0.884050 0.120198 0.800003
v 0.884049 0.120198 0.022070
v 0.857226 0.090075 0.800003
v 0.857226 0.090075 0.022070
v 0.835111 0.060143 0.800003
v 0.835111 0.060143 0.022070
v 0.817493 0.030051 0.800003
v 0.817493 0.030051 0.022070
v 0.804159 -0.000549 0.800003
v 0.804159 -0.000549 0.022070
v 0.794898 -0.032009 0.800003
v 0.794897 -0.032009 0.022070
v 0.789496 -0.064677 0.800003
v 0.789496 -0.064677 0.022070
v 0.787743 -0.098905 0.800003
v 0.787743 -0.098905 0.022070
v 0.791679 -0.157523 0.800003
v 0.791679 -0.157523 0.022070
v 0.803198 -0.212547 0.800003
v 0.803198 -0.212547 0.022070
v 0.821864 -0.263689 0.800003
v 0.821864 -0.263689 0.022070
v 0.847243 -0.310663 0.800003
v 0.847243 -0.310663 0.022070
v 0.878901 -0.353184 0.800003
v 0.878901 -0.353184 0.022070
v 0.916402 -0.390964 0.800003
v 0.916401 -0.390964 0.022070
v 0.959311 -0.423717 0.800003
v 0.959311 -0.423717 0.022070
v 1.007194 -0.451157 0.800003
v 1.007194 -0.451157 0.022070
v 1.059616 -0.472998 0.800003
v 1.059615 -0.472998 0.022070
v 1.116141 -0.488953 0.800003
v 1.116141 -0.488953 0.022070
v 1.176337 -0.498736 0.800003
v 1.176337 -0.498736 0.022070
v 1.239766 -0.502061 0.800003
v 1.239766 -0.502061 0.022070
v 1.281046 -0.501347 0.800003
v 1.281046 -0.501347 0.022070
v 1.321084 -0.499148 0.800003
v 1.321084 -0.499148 0.022070
v 1.360169 -0.495379 0.800003
v 1.360169 -0.495379 0.022070
v 1.398585 -0.489957 0.800003
v 1.398585 -0.489957 0.022070
v 1.436620 -0.482795 0.800003
v 1.436620 -0.482795 0.022070
v 1.474559 -0.473809 0.800003
v 1.474559 -0.473809 0.022070
v 1.512688 -0.462914 0.800003
v 1.512688 -0.462914 0.022070
v 1.551296 -0.450026 0.800003
v 1.551296 -0.450026 0.022070
v 1.590666 -0.435059 0.800003
v 1.590666 -0.435059 0.022070
v 1.631087 -0.417928 0.800003
v 1.631087 -0.417928 0.022070
v 1.672844 -0.398550 0.800003
v 1.672844 -0.398550 0.022070
v 1.716223 -0.376838 0.800003
v 1.716223 -0.376838 0.022070
v 1.716223 -0.083634 0.800003
v 1.716223 -0.083634 0.022070
v 1.672276 -0.112844 0.800003
v 1.672276 -0.112844 0.022070
v 1.629093 -0.139402 0.800003
v 1.629093 -0.139402 0.022070
v 1.586801 -0.163330 0.800003
v 1.586801 -0.163330 0.022070
v 1.545527 -0.184649 0.800003
v 1.545527 -0.184649 0.022070
v 1.505398 -0.203381 0.800003
v 1.505398 -0.203381 0.022070
v 1.466541 -0.219546 0.800003
v 1.466541 -0.219546 0.022070
v 1.429085 -0.233166 0.800003
v 1.429085 -0.233166 0.022070
v 1.393155 -0.244263 0.800003
v 1.393155 -0.244263 0.022070
v 1.358880 -0.252856 0.800003
v 1.358880 -0.252856 0.022070
v 1.326387 -0.258968 0.800003
v 1.326387 -0.258968 0.022070
v 1.295802 -0.262620 0.800003
v 1.295802 -0.262620 0.022070
v 1.267254 -0.263832 0.800003
v 1.267254 -0.263832 0.022070
v 1.240190 -0.261350 0.800003
v 1.240190 -0.261350 0.022070
v 1.214145 -0.256960 0.800003
v 1.214145 -0.256960 0.022070
v 1.189372 -0.250660 0.800003
v 1.189372 -0.250660 0.022070
v 1.166126 -0.242452 0.800003
v 1.166126 -0.242452 0.022070
v 1.144661 -0.232335 0.800003
v 1.144661 -0.232335 0.022070
v 1.125233 -0.220309 0.800003
v 1.125233 -0.220309 0.022070
v 1.108096 -0.206375 0.800003
v 1.108096 -0.206375 0.022070
v 1.093503 -0.190531 0.800003
v 1.093503 -0.190531 0.022070
v 1.081711 -0.172778 0.800003
v 1.081711 -0.172778 0.022070
v 1.072972 -0.153116 0.800003
v 1.072972 -0.153116 0.022070
v 1.067543 -0.131546 0.800003
v 1.067543 -0.131546 0.022070
v 1.065676 -0.108067 0.800003
v 1.065676 -0.108067 0.022070
v 1.078296 -0.062365 0.800003
v 1.078296 -0.062365 0.022070
v 1.113186 -0.019113 0.800003
v 1.113186 -0.019113 0.022070
v 1.165892 0.022930 0.800003
v 1.165892 0.022930 0.022070
v 1.231961 0.065005 0.800003
v 1.231961 0.065005 0.022070
v 1.306938 0.108352 0.800003
v 1.306938 0.108352 0.022070
v 1.386368 0.154213 0.800003
v 1.386368 0.154213 0.022070
v 1.465799 0.203828 0.800003
v 1.465799 0.203828 0.022070
v 1.540776 0.258438 0.800003
v 1.540776 0.258438 0.022070
v 1.606844 0.319284 0.800003
v 1.606844 0.319284 0.022070
v 1.659550 0.387606 0.800003
v 1.659550 0.387606 0.022070
v 1.694440 0.464645 0.800003
v 1.694440 0.464645 0.022070
v 1.707060 0.551642 0.800003
v 1.707060 0.551642 0.022070
v 1.703416 0.607734 0.800003
v 1.703416 0.607734 0.022070
v 1.692666 0.659840 0.800003
v 1.692666 0.659840 0.022070
v 1.675086 0.707788 0.800003
v 1.675086 0.707788 0.022070
v 1.650953 0.751410 0.800003
v 1.650953 0.751410 0.022070
v 1.620542 0.790535 0.800003
v 1.620542 0.790535 0.022070
v 1.584128 0.824994 0.800003
v 1.584128 0.824994 0.022070
v 1.541988 0.854617 0.800003
v 1.541988 0.854617 0.022070
v 1.494397 0.879235 0.800003
v 1.494397 0.879235 0.022070
v 1.441630 0.898677 0.800003
v 1.441630 0.898677 0.022070
v 1.383965 0.912775 0.800003
v 1.383965 0.912775 0.022070
v 1.321675 0.921358 0.800003
v 1.321675 0.921358 0.022070
v 1.255037 0.924256 0.800003
v 1.255037 0.924256 0.022070
v 1.222899 0.923491 0.800003
v 1.222899 0.923491 0.022070
v 1.190602 0.921188 0.800003
v 1.190602 0.921188 0.022070
v 1.158113 0.917337 0.800003
v 1.158113 0.917337 0.022070
v 1.125403 0.911927 0.800003
v 1.125403 0.911927 0.022070
v 1.092438 0.904947 0.800003
v 1.092437 0.904947 0.022070
v 1.059186 0.896387 0.800003
v 1.059186 0.896387 0.022070
v 1.025616 0.886236 0.800003
v 1.025616 0.886236 0.022070
v 0.991696 0.874484 0.800003
v 0.991696 0.874484 0.022070
v 0.957395 0.861120 0.800003
v 0.957395 0.861120 0.022070
v 0.922680 0.846133 0.800003
v 0.922680 0.846133 0.022070
v 0.887519 0.829514 0.800003
v 0.887519 0.829514 0.022070
v 0.851881 0.811250 0.800003
v 0.851881 0.811250 0.022070
v 0.851881 0.542480 0.800003
v 0.851881 0.542480 0.022070
v -1.135094 0.566476 0.800003
v -1.135094 0.566476 0.022070
v -1.097625 0.588109 0.800003
v -1.097625 0.588109 0.022070
v -1.060771 0.607429 0.800003
v -1.060771 0.607429 0.022070
v -1.024649 0.624491 0.800003
v -1.024649 0.624491 0.022070
v -0.989376 0.639347 0.800003
v -0.989376 0.639347 0.022070
v -0.955067 0.652049 0.800003
v -0.955067 0.652049 0.022070
v -0.921840 0.662652 0.800003
v -0.921840 0.662652 0.022070
v -0.889811 0.671209 0.800003
v -0.889811 0.671209 0.022070
v -0.859098 0.677772 0.800003
v -0.859098 0.677772 0.022070
v -0.829816 0.682394 0.800003
v -0.829816 0.682394 0.022070
v -0.802082 0.685128 0.800003
v -0.802083 0.685128 0.022070
v -0.776014 0.686028 0.800003
v -0.776014 0.686028 0.022070
v -0.749371 0.684963 0.800003
v -0.749371 0.684963 0.022070
v -0.724488 0.681842 0.800003
v -0.724488 0.681842 0.022070
v -0.701472 0.676769 0.800003
v -0.701472 0.676769 0.022070
v -0.680428 0.669851 0.800003
v -0.680428 0.669851 0.022070
v -0.661463 0.661194 0.800003
v -0.661463 0.661194 0.022070
v -0.644683 0.650904 0.800003
v -0.644683 0.650904 0.022070
v -0.630193 0.639087 0.800003
v -0.630193 0.639087 0.022070
v -0.618100 0.625848 0.800003
v -0.618100 0.625848 0.022070
v -0.608509 0.611295 0.800003
v -0.608510 0.611295 0.022070
v -0.601528 0.595532 0.800003
v -0.601528 0.595532 0.022070
v -0.597261 0.578667 0.800003
v -0.597261 0.578667 0.022070
v -0.595815 0.560805 0.800003
v -0.595815 0.560805 0.022070
v -0.597758 0.545247 0.800003
v -0.597758 0.545247 0.022070
v -0.603720 0.528990 0.800003
v -0.603720 0.528990 0.022070
v -0.613902 0.511842 0.800003
v -0.613902 0.511842 0.022070
v -0.628507 0.493612 0.800003
v -0.628507 0.493612 0.022070
v -0.647735 0.474110 0.800003
v -0.647735 0.474110 0.022070
v -0.671789 0.453144 0.800003
v -0.671789 0.453144 0.022070
v -0.700869 0.430524 0.800003
v -0.700869 0.430524 0.022070
v -0.735178 0.406059 0.800003
v -0.735178 0.406059 0.022070
v -0.774916 0.379557 0.800003
v -0.774916 0.379557 0.022070
v -0.820286 0.350828 0.800003
v -0.820286 0.350828 0.022070
v -0.871488 0.319682 0.800003
v -0.871488 0.319682 0.022070
v -0.928724 0.285926 0.800003
v -0.928724 0.285926 0.022070
v -0.982272 0.249599 0.800003
v -0.982272 0.249599 0.022070
v -1.030051 0.215213 0.800003
v -1.030051 0.215213 0.022070
v -1.072272 0.182417 0.800003
v -1.072272 0.182417 0.022070
v -1.109149 0.150862 0.800003
v -1.109149 0.150862 0.022070
v -1.140893 0.120198 0.800003
v -1.140893 0.120198 0.022070
v -1.167717 0.090075 0.800003
v -1.167717 0.090075 0.022070
v -1.189831 0.060143 0.800003
v -1.189831 0.060143 0.022070
v -1.207449 0.030051 0.800003
v -1.207449 0.030051 0.022070
v -1.220783 -0.000549 0.800003
v -1.220783 -0.000549 0.022070
v -1.230045 -0.032009 0.800003
v -1.230045 -0.032009 0.022070
v -1.235446 -0.064677 0.800003
v -1.235446 -0.064677 0.022070
v -1.237200 -0.098905 0.800003
v -1.237200 -0.098905 0.022070
v -1.233263 -0.157523 0.800003
v -1.233263 -0.157523 0.022070
v -1.221745 -0.212547 0.800003
v -1.221745 -0.212547 0.022070
v -1.203079 -0.263689 0.800003
v -1.203079 -0.263689 0.022070
v -1.177699 -0.310663 0.800003
v -1.177699 -0.310663 0.022070
v -1.146042 -0.353184 0.800003
v -1.146042 -0.353184 0.022070
v -1.108541 -0.390964 0.800003
v -1.108541 -0.390964 0.022070
v -1.065632 -0.423717 0.800003
v -1.065632 -0.423717 0.022070
v -1.017749 -0.451157 0.800003
v -1.017749 -0.451157 0.022070
v -0.965327 -0.472998 0.800003
v -0.965327 -0.472998 0.022070
v -0.908801 -0.488953 0.800003
v -0.908801 -0.488953 0.022070
v -0.848606 -0.498736 0.800003
v -0.848606 -0.498736 0.022070
v -0.785177 -0.502061 0.800003
v -0.785177 -0.502061 0.022070
v -0.743897 -0.501347 0.800003
v -0.743897 -0.501347 0.022070
v -0.703858 -0.499148 0.800003
v -0.703858 -0.499148 0.022070
v -0.664774 -0.495379 0.800003
v -0.664774 -0.495379 0.022070
v -0.626357 -0.489957 0.800003
v -0.626358 -0.489957 0.022070
v -0.588323 -0.482795 0.800003
v -0.588323 -0.482795 0.022070
v -0.550384 -0.473809 0.800003
v -0.550384 -0.473809 0.022070
v -0.512254 -0.462914 0.800003
v -0.512254 -0.462914 0.022070
v -0.473647 -0.450026 0.800003
v -0.473647 -0.450026 0.022070
v -0.434276 -0.435059 0.800003
v -0.434276 -0.435059 0.022070
v -0.393856 -0.417928 0.800003
v -0.393856 -0.417928 0.022070
v -0.352099 -0.398550 0.800003
v -0.352099 -0.398550 0.022070
v -0.308720 -0.376838 0.800003
v -0.308720 -0.376838 0.022070
v -0.308720 -0.083634 0.800003
v -0.308720 -0.083634 0.022070
v -0.352666 -0.112844 0.800003
v -0.352666 -0.112844 0.022070
v -0.395849 -0.139402 0.800003
v -0.395850 -0.139402 0.022070
v -0.438142 -0.163330 0.800003
v -0.438142 -0.163330 0.022070
v -0.479416 -0.184649 0.800003
v -0.479416 -0.184649 0.022070
v -0.519545 -0.203381 0.800003
v -0.519545 -0.203381 0.022070
v -0.558401 -0.219546 0.800003
v -0.558401 -0.219546 0.022070
v -0.595858 -0.233166 0.800003
v -0.595858 -0.233166 0.022070
v -0.631787 -0.244263 0.800003
v -0.631787 -0.244263 0.022070
v -0.666062 -0.252856 0.800003
v -0.666062 -0.252856 0.022070
v -0.698556 -0.258968 0.800003
v -0.698556 -0.258968 0.022070
v -0.729140 -0.262620 0.800003
v -0.729140 -0.262620 0.022070
v -0.757689 -0.263832 0.800003
v -0.757689 -0.263832 0.022070
v -0.784752 -0.261350 0.800003
v -0.784752 -0.261350 0.022070
v -0.810798 -0.256960 0.800003
v -0.810798 -0.256960 0.022070
v -0.835571 -0.250660 0.800003
v -0.835571 -0.250660 0.022070
v -0.858817 -0.242452 0.800003
v -0.858817 -0.242452 0.022070
v -0.880281 -0.232335 0.800003
v -0.880281 -0.232335 0.022070
v -0.899710 -0.220309 0.800003
v -0.899710 -0.220309 0.022070
v -0.916847 -0.206375 0.800003
v -0.916847 -0.206375 0.022070
v -0.931439 -0.190531 0.800003
v -0.931439 -0.190531 0.022070
v -0.943232 -0.172778 0.800003
v -0.943232 -0.172778 0.022070
v -0.951971 -0.153116 0.800003
v -0.951971 -0.153116 0.022070
v -0.957400 -0.131546 0.800003
v -0.957400 -0.131546 0.022070
v -0.959267 -0.108067 0.800003
v -0.959267 -0.108067 0.022070
v -0.946647 -0.062365 0.800003
v -0.946647 -0.062365 0.022070
v -0.911757 -0.019113 0.800003
v -0.911757 -0.019113 0.022070
v -0.859050 0.022930 0.800003
v -0.859050 0.022930 0.022070
v -0.792982 0.065005 0.800003
v -0.792982 0.065005 0.022070
v -0.718005 0.108352 0.800003
v -0.718005 0.108352 0.022070
v -0.638574 0.154213 0.800003
v -0.638574 0.154213 0.022070
v -0.559144 0.203828 0.800003
v -0.559144 0.203828 0.022070
v -0.484167 0.258438 0.800003
v -0.484167 0.258438 0.022070
v -0.418098 0.319284 0.800003
v -0.418099 0.319284 0.022070
v -0.365392 0.387606 0.800003
v -0.365392 0.387606 0.022070
v -0.330502 0.464645 0.800003
v -0.330502 0.464645 0.022070
v -0.317882 0.551642 0.800003
v -0.317882 0.551642 0.022070
v -0.321527 0.607734 0.800003
v -0.321527 0.607734 0.022070
v -0.332277 0.659840 0.800003
v -0.332277 0.659840 0.022070
v -0.349856 0.707788 0.800003
v -0.349856 0.707788 0.022070
v -0.373989 0.751410 0.800003
v -0.373989 0.751410 0.022070
v -0.404401 0.790535 0.800003
v -0.404401 0.790535 0.022070
v -0.440814 0.824994 0.800003
v -0.440814 0.824994 0.022070
v -0.482955 0.854617 0.800003
v -0.482955 0.854617 0.022070
v -0.530546 0.879235 0.800003
v -0.530546 0.879235 0.022070
v -0.583312 0.898677 0.800003
v -0.583312 0.898677 0.022070
v -0.640978 0.912775 0.800003
v -0.640978 0.912775 0.022070
v -0.703268 0.921358 0.800003
v -0.703268 0.921358 0.022070
v -0.769905 0.924256 0.800003
v -0.769906 0.924256 0.022070
v -0.802043 0.923491 0.800003
v -0.802044 0.923491 0.022070
v -0.834341 0.921188 0.800003
v -0.834341 0.921188 0.022070
v -0.866829 0.917337 0.800003
v -0.866829 0.917337 0.022070
v -0.899540 0.911927 0.800003
v -0.899540 0.911927 0.022070
v -0.932505 0.904947 0.800003
v -0.932505 0.904947 0.022070
v -0.965757 0.896387 0.800003
v -0.965757 0.896387 0.022070
v -0.999327 0.886236 0.800003
v -0.999327 0.886236 0.022070
v -1.033246 0.874484 0.800003
v -1.033246 0.874484 0.022070
v -1.067548 0.861120 0.800003
v -1.067548 0.861120 0.022070
v -1.102263 0.846133 0.800003
v -1.102263 0.846133 0.022070
v -1.137424 0.829514 0.800003
v -1.137424 0.829514 0.022070
v -1.173061 0.811250 0.800003
v -1.173061 0.811250 0.022070
v -1.173061 0.542480 0.800003
v -1.173061 0.542480 0.022070
v -1.533458 -1.177041 0.800003
v -1.533458 -1.177041 0.022070
v -1.533458 0.896768 0.800003
v -1.533458 0.896768 0.022070
v -2.003807 0.896768 0.800003
v -2.003807 0.896768 0.022070
v -2.124232 0.891698 0.800003
v -2.124232 0.891698 0.022070
v -2.234965 0.876576 0.800003
v -2.234965 0.876576 0.022070
v -2.335857 0.851527 0.800003
v -2.335857 0.851527 0.022070
v -2.426758 0.816679 0.800003
v -2.426758 0.816679 0.022070
v -2.507522 0.772160 0.800003
v -2.507522 0.772160 0.022070
v -2.577998 0.718096 0.800003
v -2.577998 0.718096 0.022070
v -2.638040 0.654615 0.800003
v -2.638040 0.654615 0.022070
v -2.687497 0.581844 0.800003
v -2.687497 0.581844 0.022070
v -2.726223 0.499911 0.800003
v -2.726223 0.499911 0.022070
v -2.754068 0.408942 0.800003
v -2.754068 0.408942 0.022070
v -2.770884 0.309066 0.800003
v -2.770884 0.309066 0.022070
v -2.776522 0.200408 0.800003
v -2.776522 0.200408 0.022070
v -2.770578 0.099971 0.800003
v -2.770578 0.099971 0.022070
v -2.753149 0.005207 0.800003
v -2.753149 0.005207 0.022070
v -2.724839 -0.083300 0.800003
v -2.724839 -0.083300 0.022070
v -2.686253 -0.164966 0.800003
v -2.686253 -0.164966 0.022070
v -2.637995 -0.239209 0.800003
v -2.637995 -0.239209 0.022070
v -2.580671 -0.305446 0.800003
v -2.580671 -0.305446 0.022070
v -2.514883 -0.363092 0.800003
v -2.514883 -0.363092 0.022070
v -2.441238 -0.411565 0.800003
v -2.441238 -0.411565 0.022070
v -2.360338 -0.450282 0.800003
v -2.360338 -0.450282 0.022070
v -2.272789 -0.478659 0.800003
v -2.272789 -0.478659 0.022070
v -2.179196 -0.496113 0.800003
v -2.179196 -0.496113 0.022070
v -2.080162 -0.502061 0.800003
v -2.080162 -0.502061 0.022070
v -2.058131 -0.501675 0.800003
v -2.058131 -0.501675 0.022070
v -2.036258 -0.500505 0.800003
v -2.036258 -0.500505 0.022070
v -2.014449 -0.498529 0.800003
v -2.014449 -0.498529 0.022070
v -1.992608 -0.495726 0.800003
v -1.992608 -0.495726 0.022070
v -1.970640 -0.492074 0.800003
v -1.970640 -0.492074 0.022070
v -1.948449 -0.487553 0.800003
v -1.948449 -0.487553 0.022070
v -1.925940 -0.482141 0.800003
v -1.925940 -0.482141 0.022070
v -1.903018 -0.475817 0.800003
v -1.903018 -0.475817 0.022070
v -1.879586 -0.468560 0.800003
v -1.879586 -0.468560 0.022070
v -1.855550 -0.460348 0.800003
v -1.855550 -0.460348 0.022070
v -1.830814 -0.451161 0.800003
v -1.830814 -0.451161 0.022070
v -1.805283 -0.440976 0.800003
v -1.805283 -0.440976 0.022070
v -1.805283 -1.177041 0.800003
v -1.805283 -1.177041 0.022070
v -1.826021 -0.206182 0.800003
v -1.826021 -0.206182 0.022070
v -1.846981 -0.214951 0.800003
v -1.846981 -0.214951 0.022070
v -1.868133 -0.222934 0.800003
v -1.868133 -0.222934 0.022070
v -1.889443 -0.230123 0.800003
v -1.889443 -0.230123 0.022070
v -1.910881 -0.236505 0.800003
v -1.910881 -0.236505 0.022070
v -1.932414 -0.242071 0.800003
v -1.932414 -0.242071 0.022070
v -1.954011 -0.246810 0.800003
v -1.954011 -0.246810 0.022070
v -1.975640 -0.250711 0.800003
v -1.975640 -0.250711 0.022070
v -1.997269 -0.253763 0.800003
v -1.997269 -0.253763 0.022070
v -2.018866 -0.255956 0.800003
v -2.018866 -0.255956 0.022070
v -2.040399 -0.257280 0.800003
v -2.040399 -0.257280 0.022070
v -2.061837 -0.257724 0.800003
v -2.061837 -0.257724 0.022070
v -2.123683 -0.253723 0.800003
v -2.123683 -0.253723 0.022070
v -2.182210 -0.242014 0.800003
v -2.182210 -0.242014 0.022070
v -2.237025 -0.223030 0.800003
v -2.237025 -0.223030 0.022070
v -2.287735 -0.197205 0.800003
v -2.287735 -0.197205 0.022070
v -2.333950 -0.164975 0.800003
v -2.333950 -0.164975 0.022070
v -2.375275 -0.126774 0.800003
v -2.375275 -0.126774 0.022070
v -2.411319 -0.083038 0.800003
v -2.411319 -0.083038 0.022070
v -2.441690 -0.034201 0.800003
v -2.441690 -0.034201 0.022070
v -2.465995 0.019303 0.800003
v -2.465995 0.019303 0.022070
v -2.483841 0.077038 0.800003
v -2.483841 0.077038 0.022070
v -2.494837 0.138569 0.800003
v -2.494837 0.138569 0.022070
v -2.498589 0.203462 0.800003
v -2.498589 0.203462 0.022070
v -2.495473 0.271964 0.800003
v -2.495473 0.271964 0.022070
v -2.486132 0.335345 0.800003
v -2.486132 0.335345 0.022070
v -2.470576 0.393444 0.800003
v -2.470576 0.393444 0.022070
v -2.448817 0.446102 0.800003
v -2.448817 0.446102 0.022070
v -2.420864 0.493162 0.800003
v -2.420864 0.493162 0.022070
v -2.386729 0.534462 0.800003
v -2.386729 0.534462 0.022070
v -2.346421 0.569846 0.800003
v -2.346421 0.569846 0.022070
v -2.299952 0.599153 0.800003
v -2.299952 0.599153 0.022070
v -2.247332 0.622223 0.800003
v -2.247332 0.622223 0.022070
v -2.188572 0.638899 0.800003
v -2.188572 0.638899 0.022070
v -2.123683 0.649022 0.800003
v -2.123683 0.649022 0.022070
v -2.052674 0.652431 0.800003
v -2.052674 0.652431 0.022070
v -1.805283 0.652431 0.800003
v -1.805283 0.652431 0.022070
v -1.805283 -0.196640 0.800003
v -1.805283 -0.196640 0.022070
v -4.111914 -0.414590 0.800003
v -4.111914 -0.414590 0.022070
v -4.084757 -0.431715 0.800003
v -4.084757 -0.431715 0.022070
v -4.059911 -0.446655 0.800003
v -4.059911 -0.446655 0.022070
v -4.037006 -0.459528 0.800003
v -4.037006 -0.459528 0.022070
v -4.015671 -0.470449 0.800003
v -4.015671 -0.470449 0.022070
v -3.995534 -0.479536 0.800003
v -3.995534 -0.479536 0.022070
v -3.976224 -0.486904 0.800003
v -3.976224 -0.486904 0.022070
v -3.957371 -0.492672 0.800003
v -3.957371 -0.492672 0.022070
v -3.938602 -0.496954 0.800003
v -3.938602 -0.496954 0.022070
v -3.919547 -0.499869 0.800003
v -3.919547 -0.499869 0.022070
v -3.899834 -0.501532 0.800003
v -3.899834 -0.501532 0.022070
v -3.879092 -0.502061 0.800003
v -3.879092 -0.502061 0.022070
v -3.850451 -0.501163 0.800003
v -3.850451 -0.501163 0.022070
v -3.824046 -0.498441 0.800003
v -3.824046 -0.498441 0.022070
v -3.799826 -0.493852 0.800003
v -3.799826 -0.493852 0.022070
v -3.777738 -0.487355 0.800003
v -3.777738 -0.487355 0.022070
v -3.757728 -0.478907 0.800003
v -3.757728 -0.478907 0.022070
v -3.739744 -0.468464 0.800003
v -3.739744 -0.468464 0.022070
v -3.723732 -0.455986 0.800003
v -3.723732 -0.455986 0.022070
v -3.709640 -0.441429 0.800003
v -3.709640 -0.441429 0.022070
v -3.697414 -0.424751 0.800003
v -3.697414 -0.424751 0.022070
v -3.687002 -0.405910 0.800003
v -3.687002 -0.405910 0.022070
v -3.678350 -0.384862 0.800003
v -3.678350 -0.384862 0.022070
v -3.671406 -0.361567 0.800003
v -3.671406 -0.361567 0.022070
v -3.641504 -0.384221 0.800003
v -3.641504 -0.384221 0.022070
v -3.611368 -0.404849 0.800003
v -3.611368 -0.404849 0.022070
v -3.581020 -0.423462 0.800003
v -3.581020 -0.423462 0.022070
v -3.550482 -0.440071 0.800003
v -3.550482 -0.440071 0.022070
v -3.519774 -0.454687 0.800003
v -3.519774 -0.454687 0.022070
v -3.488917 -0.467319 0.800003
v -3.488917 -0.467319 0.022070
v -3.457933 -0.477978 0.800003
v -3.457933 -0.477978 0.022070
v -3.426843 -0.486676 0.800003
v -3.426843 -0.486676 0.022070
v -3.395668 -0.493423 0.800003
v -3.395668 -0.493423 0.022070
v -3.364430 -0.498229 0.800003
v -3.364430 -0.498229 0.022070
v -3.333149 -0.501104 0.800003
v -3.333149 -0.501104 0.022070
v -3.301847 -0.502061 0.800003
v -3.301847 -0.502061 0.022070
v -3.252891 -0.498833 0.800003
v -3.252891 -0.498833 0.022070
v -3.206968 -0.489476 0.800003
v -3.206968 -0.489476 0.022070
v -3.164311 -0.474477 0.800003
v -3.164311 -0.474477 0.022070
v -3.125154 -0.454324 0.800003
v -3.125154 -0.454324 0.022070
v -3.089731 -0.429505 0.800003
v -3.089731 -0.429505 0.022070
v -3.058273 -0.400508 0.800003
v -3.058273 -0.400508 0.022070
v -3.031015 -0.367820 0.800003
v -3.031015 -0.367820 0.022070
v -3.008190 -0.331930 0.800003
v -3.008190 -0.331930 0.022070
v -2.990031 -0.293324 0.800003
v -2.990031 -0.293324 0.022070
v -2.976771 -0.252492 0.800003
v -2.976771 -0.252492 0.022070
v -2.968644 -0.209920 0.800003
v -2.968644 -0.209920 0.022070
v -2.965883 -0.166097 0.800003
v -2.965883 -0.166097 0.022070
v -2.970878 -0.101979 0.800003
v -2.970878 -0.101979 0.022070
v -2.985227 -0.045103 0.800003
v -2.985227 -0.045103 0.022070
v -3.007974 0.005177 0.800003
v -3.007974 0.005177 0.022070
v -3.038167 0.049507 0.800003
v -3.038167 0.049507 0.022070
v -3.074849 0.088535 0.800003
v -3.074849 0.088535 0.022070
v -3.117067 0.122908 0.800003
v -3.117067 0.122908 0.022070
v -3.163867 0.153271 0.800003
v -3.163867 0.153271 0.022070
v -3.214293 0.180273 0.800003
v -3.214293 0.180273 0.022070
v -3.267391 0.204560 0.800003
v -3.267391 0.204560 0.022070
v -3.322208 0.226779 0.800003
v -3.322208 0.226779 0.022070
v -3.377788 0.247577 0.800003
v -3.377788 0.247577 0.022070
v -3.433177 0.267601 0.800003
v -3.433177 0.267601 0.022070
v -3.674460 0.353119 0.800003
v -3.674460 0.353119 0.022070
v -3.674460 0.426420 0.800003
v -3.674460 0.426420 0.022070
v -3.672742 0.467097 0.800003
v -3.672742 0.467097 0.022070
v -3.667588 0.503680 0.800003
v -3.667588 0.503680 0.022070
v -3.658998 0.536276 0.800003
v -3.658998 0.536276 0.022070
v -3.646972 0.564991 0.800003
v -3.646972 0.564991 0.022070
v -3.631510 0.589930 0.800003
v -3.631510 0.589930 0.022070
v -3.612612 0.611200 0.800003
v -3.612612 0.611200 0.022070
v -3.590278 0.628907 0.800003
v -3.590278 0.628907 0.022070
v -3.564508 0.643156 0.800003
v -3.564508 0.643156 0.022070
v -3.535302 0.654054 0.800003
v -3.535302 0.654054 0.022070
v -3.502661 0.661707 0.800003
v -3.502661 0.661707 0.022070
v -3.466583 0.666222 0.800003
v -3.466583 0.666222 0.022070
v -3.427069 0.667703 0.800003
v -3.427069 0.667703 0.022070
v -3.389605 0.666231 0.800003
v -3.389605 0.666231 0.022070
v -3.352099 0.661778 0.800003
v -3.352099 0.661778 0.022070
v -3.314636 0.654293 0.800003
v -3.314636 0.654293 0.022070
v -3.277300 0.643722 0.800003
v -3.277300 0.643722 0.022070
v -3.240175 0.630011 0.800003
v -3.240175 0.630011 0.022070
v -3.203348 0.613108 0.800003
v -3.203348 0.613108 0.022070
v -3.166903 0.592961 0.800003
v -3.166903 0.592961 0.022070
v -3.130924 0.569515 0.800003
v -3.130924 0.569515 0.022070
v -3.095496 0.542718 0.800003
v -3.095496 0.542718 0.022070
v -3.060705 0.512517 0.800003
v -3.060705 0.512517 0.022070
v -3.026635 0.478859 0.800003
v -3.026635 0.478859 0.022070
v -2.993371 0.441690 0.800003
v -2.993371 0.441690 0.022070
v -2.993371 0.737949 0.800003
v -2.993371 0.737949 0.022070
v -3.020991 0.767920 0.800003
v -3.020991 0.767920 0.022070
v -3.050412 0.795230 0.800003
v -3.050412 0.795230 0.022070
v -3.081657 0.819888 0.800003
v -3.081657 0.819888 0.022070
v -3.114748 0.841906 0.800003
v -3.114748 0.841906 0.022070
v -3.149706 0.861293 0.800003
v -3.149706 0.861293 0.022070
v -3.186550 0.878061 0.800003
v -3.186550 0.878061 0.022070
v -3.225304 0.892220 0.800003
v -3.225304 0.892220 0.022070
v -3.265988 0.903781 0.800003
v -3.265988 0.903781 0.022070
v -3.308623 0.912755 0.800003
v -3.308623 0.912755 0.022070
v -3.353231 0.919152 0.800003
v -3.353231 0.919152 0.022070
v -3.399832 0.922982 0.800003
v -3.399832 0.922982 0.022070
v -3.448449 0.924256 0.800003
v -3.448449 0.924256 0.022070
v -3.516629 0.921311 0.800003
v -3.516629 0.921311 0.022070
v -3.581829 0.912407 0.800003
v -3.581829 0.912407 0.022070
v -3.643488 0.897436 0.800003
v -3.643488 0.897436 0.022070
v -3.701042 0.876294 0.800003
v -3.701042 0.876294 0.022070
v -3.753931 0.848873 0.800003
v -3.753931 0.848873 0.022070
v -3.801591 0.815068 0.800003
v -3.801591 0.815068 0.022070
v -3.843461 0.774773 0.800003
v -3.843461 0.774773 0.022070
v -3.878979 0.727881 0.800003
v -3.878979 0.727881 0.022070
v -3.907582 0.674288 0.800003
v -3.907582 0.674288 0.022070
v -3.928709 0.613886 0.800003
v -3.928709 0.613886 0.022070
v -3.941797 0.546570 0.800003
v -3.941797 0.546570 0.022070
v -3.946285 0.472233 0.800003
v -3.946285 0.472233 0.022070
v -3.946285 -0.233290 0.800003
v -3.946285 -0.233290 0.022070
v -3.946665 -0.245579 0.800003
v -3.946665 -0.245579 0.022070
v -3.947798 -0.256521 0.800003
v -3.947798 -0.256521 0.022070
v -3.949674 -0.266170 0.800003
v -3.949674 -0.266170 0.022070
v -3.952281 -0.274578 0.800003
v -3.952281 -0.274578 0.022070
v -3.955609 -0.281798 0.800003
v -3.955609 -0.281798 0.022070
v -3.959648 -0.287884 0.800003
v -3.959648 -0.287884 0.022070
v -3.964386 -0.292888 0.800003
v -3.964386 -0.292888 0.022070
v -3.969814 -0.296863 0.800003
v -3.969814 -0.296863 0.022070
v -3.975921 -0.299862 0.800003
v -3.975921 -0.299862 0.022070
v -3.982696 -0.301939 0.800003
v -3.982696 -0.301939 0.022070
v -3.990128 -0.303146 0.800003
v -3.990128 -0.303146 0.022070
v -3.998207 -0.303537 0.800003
v -3.998207 -0.303537 0.022070
v -4.005639 -0.302970 0.800003
v -4.005639 -0.302970 0.022070
v -4.014142 -0.301289 0.800003
v -4.014142 -0.301289 0.022070
v -4.023642 -0.298526 0.800003
v -4.023642 -0.298526 0.022070
v -4.034065 -0.294713 0.800003
v -4.034065 -0.294713 0.022070
v -4.045336 -0.289883 0.800003
v -4.045336 -0.289883 0.022070
v -4.057382 -0.284066 0.800003
v -4.057382 -0.284066 0.022070
v -4.070127 -0.277295 0.800003
v -4.070127 -0.277295 0.022070
v -4.083498 -0.269601 0.800003
v -4.083498 -0.269601 0.022070
v -4.097420 -0.261017 0.800003
v -4.097420 -0.261017 0.022070
v -4.111820 -0.251573 0.800003
v -4.111820 -0.251573 0.022070
v -4.126623 -0.241302 0.800003
v -4.126623 -0.241302 0.022070
v -4.141755 -0.230236 0.800003
v -4.141755 -0.230236 0.022070
v -4.141755 -0.395163 0.800003
v -4.141755 -0.395163 0.022070
v -3.617166 0.183562 0.800003
v -3.617166 0.183562 0.022070
v -3.561737 0.163376 0.800003
v -3.561737 0.163376 0.022070
v -3.508769 0.142617 0.800003
v -3.508769 0.142617 0.022070
v -3.458855 0.120998 0.800003
v -3.458855 0.120998 0.022070
v -3.412590 0.098235 0.800003
v -3.412590 0.098235 0.022070
v -3.370566 0.074040 0.800003
v -3.370566 0.074040 0.022070
v -3.333378 0.048127 0.800003
v -3.333378 0.048127 0.022070
v -3.301620 0.020209 0.800003
v -3.301620 0.020209 0.022070
v -3.275885 -0.009999 0.800003
v -3.275885 -0.009999 0.022070
v -3.256768 -0.042784 0.800003
v -3.256768 -0.042784 0.022070
v -3.244863 -0.078432 0.800003
v -3.244863 -0.078432 0.022070
v -3.240762 -0.117230 0.800003
v -3.240762 -0.117230 0.022070
v -3.242450 -0.144754 0.800003
v -3.242450 -0.144754 0.022070
v -3.247393 -0.170720 0.800003
v -3.247393 -0.170720 0.022070
v -3.255412 -0.194968 0.800003
v -3.255412 -0.194968 0.022070
v -3.266327 -0.217340 0.800003
v -3.266327 -0.217340 0.022070
v -3.279956 -0.237674 0.800003
v -3.279956 -0.237674 0.022070
v -3.296119 -0.255814 0.800003
v -3.296119 -0.255814 0.022070
v -3.314637 -0.271600 0.800003
v -3.314637 -0.271600 0.022070
v -3.335329 -0.284872 0.800003
v -3.335329 -0.284872 0.022070
v -3.358015 -0.295471 0.800003
v -3.358015 -0.295471 0.022070
v -3.382514 -0.303240 0.800003
v -3.382514 -0.303240 0.022070
v -3.408647 -0.308017 0.800003
v -3.408647 -0.308017 0.022070
v -3.436232 -0.309645 0.800003
v -3.436232 -0.309645 0.022070
v -3.457486 -0.308763 0.800003
v -3.457486 -0.308763 0.022070
v -3.478483 -0.306153 0.800003
v -3.478483 -0.306153 0.022070
v -3.499226 -0.301866 0.800003
v -3.499226 -0.301866 0.022070
v -3.519715 -0.295958 0.800003
v -3.519715 -0.295958 0.022070
v -3.539948 -0.288480 0.800003
v -3.539948 -0.288480 0.022070
v -3.559928 -0.279485 0.800003
v -3.559928 -0.279485 0.022070
v -3.579653 -0.269027 0.800003
v -3.579653 -0.269027 0.022070
v -3.599123 -0.257158 0.800003
v -3.599123 -0.257158 0.022070
v -3.618339 -0.243932 0.800003
v -3.618339 -0.243932 0.022070
v -3.637301 -0.229402 0.800003
v -3.637301 -0.229402 0.022070
v -3.656008 -0.213620 0.800003
v -3.656008 -0.213620 0.022070
v -3.674460 -0.196640 0.800003
v -3.674460 -0.196640 0.022070
v -3.674460 0.203462 0.800003
v -3.674460 0.203462 0.022070
v -5.353028 0.563884 0.800003
v -5.353028 0.563884 0.022070
v -5.317060 0.585437 0.800003
v -5.317060 0.585437 0.022070
v -5.282789 0.604232 0.800003
v -5.282789 0.604232 0.022070
v -5.249981 0.620419 0.800003
v -5.249981 0.620419 0.022070
v -5.218403 0.634145 0.800003
v -5.218403 0.634145 0.022070
v -5.187822 0.645559 0.800003
v -5.187822 0.645559 0.022070
v -5.158005 0.654810 0.800003
v -5.158005 0.654810 0.022070
v -5.128717 0.662046 0.800003
v -5.128717 0.662046 0.022070
v -5.099727 0.667416 0.800003
v -5.099727 0.667416 0.022070
v -5.070800 0.671067 0.800003
v -5.070800 0.671067 0.022070
v -5.041704 0.673150 0.800003
v -5.041704 0.673150 0.022070
v -5.012205 0.673811 0.800003
v -5.012205 0.673811 0.022070
v -4.952003 0.669985 0.800003
v -4.952003 0.669985 0.022070
v -4.895311 0.658724 0.800003
v -4.895311 0.658724 0.022070
v -4.842458 0.640358 0.800003
v -4.842458 0.640358 0.022070
v -4.793772 0.615216 0.800003
v -4.793772 0.615216 0.022070
v -4.749583 0.583625 0.800003
v -4.749583 0.583625 0.022070
v -4.710220 0.545916 0.800003
v -4.710220 0.545916 0.022070
v -4.676010 0.502417 0.800003
v -4.676010 0.502417 0.022070
v -4.647283 0.453455 0.800003
v -4.647283 0.453455 0.022070
v -4.624368 0.399361 0.800003
v -4.624368 0.399361 0.022070
v -4.607593 0.340464 0.800003
v -4.607593 0.340464 0.022070
v -4.597286 0.277090 0.800003
v -4.597286 0.277090 0.022070
v -4.593778 0.209571 0.800003
v -4.593778 0.209571 0.022070
v -4.597547 0.140948 0.800003
v -4.597547 0.140948 0.022070
v -4.608654 0.077235 0.800003
v -4.608654 0.077235 0.022070
v -4.626802 0.018634 0.800003
v -4.626802 0.018634 0.022070
v -4.651695 -0.034654 0.800003
v -4.651695 -0.034654 0.022070
v -4.683036 -0.082427 0.800003
v -4.683036 -0.082427 0.022070
v -4.720528 -0.124484 0.800003
v -4.720528 -0.124484 0.022070
v -4.763874 -0.160624 0.800003
v -4.763874 -0.160624 0.022070
v -4.812776 -0.190645 0.800003
v -4.812776 -0.190645 0.022070
v -4.866939 -0.214345 0.800003
v -4.866939 -0.214345 0.022070
v -4.926065 -0.231523 0.800003
v -4.926065 -0.231523 0.022070
v -4.989857 -0.241977 0.800003
v -4.989857 -0.241977 0.022070
v -5.058018 -0.245507 0.800003
v -5.058018 -0.245507 0.022070
v -5.086926 -0.244870 0.800003
v -5.086926 -0.244870 0.022070
v -5.115695 -0.242961 0.800003
v -5.115695 -0.242961 0.022070
v -5.144443 -0.239780 0.800003
v -5.144443 -0.239780 0.022070
v -5.173286 -0.235326 0.800003
v -5.173286 -0.235326 0.022070
v -5.202342 -0.229599 0.800003
v -5.202342 -0.229599 0.022070
v -5.231726 -0.222600 0.800003
v -5.231726 -0.222600 0.022070
v -5.261556 -0.214328 0.800003
v -5.261556 -0.214328 0.022070
v -5.291948 -0.204784 0.800003
v -5.291948 -0.204784 0.022070
v -5.323019 -0.193967 0.800003
v -5.323019 -0.193967 0.022070
v -5.354885 -0.181877 0.800003
v -5.354885 -0.181877 0.022070
v -5.387662 -0.168515 0.800003
v -5.387662 -0.168515 0.022070
v -5.421469 -0.153880 0.800003
v -5.421469 -0.153880 0.022070
v -5.421469 -0.422651 0.800003
v -5.421469 -0.422651 0.022070
v -5.396910 -0.433196 0.800003
v -5.396910 -0.433196 0.022070
v -5.369308 -0.443380 0.800003
v -5.369308 -0.443380 0.022070
v -5.339053 -0.453098 0.800003
v -5.339053 -0.453098 0.022070
v -5.306540 -0.462243 0.800003
v -5.306540 -0.462243 0.022070
v -5.272161 -0.470709 0.800003
v -5.272161 -0.470709 0.022070
v -5.236308 -0.478390 0.800003
v -5.236308 -0.478390 0.022070
v -5.199372 -0.485181 0.800003
v -5.199372 -0.485181 0.022070
v -5.161748 -0.490975 0.800003
v -5.161748 -0.490975 0.022070
v -5.123827 -0.495666 0.800003
v -5.123827 -0.495666 0.022070
v -5.086001 -0.499148 0.800003
v -5.086001 -0.499148 0.022070
v -5.048663 -0.501315 0.800003
v -5.048663 -0.501315 0.022070
v -5.012205 -0.502061 0.800003
v -5.012205 -0.502061 0.022070
v -4.912530 -0.496239 0.800003
v -4.912530 -0.496239 0.022070
v -4.818518 -0.479154 0.800003
v -4.818518 -0.479154 0.022070
v -4.730741 -0.451380 0.800003
v -4.730741 -0.451380 0.022070
v -4.649772 -0.413489 0.800003
v -4.649772 -0.413489 0.022070
v -4.576185 -0.366053 0.800003
v -4.576185 -0.366053 0.022070
v -4.510551 -0.309646 0.800003
v -4.510551 -0.309646 0.022070
v -4.453444 -0.244839 0.800003
v -4.453444 -0.244839 0.022070
v -4.405435 -0.172206 0.800003
v -4.405435 -0.172206 0.022070
v -4.367098 -0.092319 0.800003
v -4.367098 -0.092319 0.022070
v -4.339006 -0.005751 0.800003
v -4.339006 -0.005751 0.022070
v -4.321731 0.086925 0.800003
v -4.321731 0.086925 0.022070
v -4.315845 0.185137 0.800003
v -4.315845 0.185137 0.022070
v -4.321253 0.294636 0.800003
v -4.321253 0.294636 0.022070
v -4.337224 0.396839 0.800003
v -4.337224 0.396839 0.022070
v -4.363375 0.491322 0.800003
v -4.363375 0.491322 0.022070
v -4.399326 0.577660 0.800003
v -4.399326 0.577660 0.022070
v -4.444694 0.655429 0.800003
v -4.444694 0.655429 0.022070
v -4.499097 0.724205 0.800003
v -4.499097 0.724205 0.022070
v -4.562154 0.783565 0.800003
v -4.562154 0.783565 0.022070
v -4.633482 0.833082 0.800003
v -4.633482 0.833082 0.022070
v -4.712701 0.872334 0.800003
v -4.712701 0.872334 0.022070
v -4.799428 0.900897 0.800003
v -4.799428 0.900897 0.022070
v -4.893281 0.918345 0.800003
v -4.893281 0.918345 0.022070
v -4.993879 0.924256 0.800003
v -4.993879 0.924256 0.022070
v -5.032547 0.923501 0.800003
v -5.032547 0.923501 0.022070
v -5.069316 0.921273 0.800003
v -5.069316 0.921273 0.022070
v -5.104452 0.917623 0.800003
v -5.104452 0.917623 0.022070
v -5.138219 0.912605 0.800003
v -5.138219 0.912605 0.022070
v -5.170884 0.906271 0.800003
v -5.170884 0.906271 0.022070
v -5.202711 0.898677 0.800003
v -5.202711 0.898677 0.022070
v -5.233965 0.889873 0.800003
v -5.233965 0.889873 0.022070
v -5.264913 0.879913 0.800003
v -5.264913 0.879913 0.022070
v -5.295817 0.868851 0.800003
v -5.295817 0.868851 0.022070
v -5.326944 0.856738 0.800003
v -5.326944 0.856738 0.022070
v -5.358559 0.843629 0.800003
v -5.358559 0.843629 0.022070
v -5.390927 0.829576 0.800003
v -5.390927 0.829576 0.022070
v -5.390927 0.539425 0.800003
v -5.390927 0.539425 0.022070
v -6.825142 -0.366470 0.800003
v -6.825142 -0.366470 0.022070
v -6.784469 -0.390355 0.800003
v -6.784469 -0.390355 0.022070
v -6.743753 -0.411866 0.800003
v -6.743753 -0.411866 0.022070
v -6.702655 -0.431022 0.800003
v -6.702655 -0.431022 0.022070
v -6.660837 -0.447845 0.800003
v -6.660837 -0.447845 0.022070
v -6.617958 -0.462356 0.800003
v -6.617958 -0.462356 0.022070
v -6.573678 -0.474576 0.800003
v -6.573678 -0.474576 0.022070
v -6.527660 -0.484527 0.800003
v -6.527660 -0.484527 0.022070
v -6.479563 -0.492230 0.800003
v -6.479563 -0.492230 0.022070
v -6.429049 -0.497705 0.800003
v -6.429049 -0.497705 0.022070
v -6.375776 -0.500975 0.800003
v -6.375776 -0.500975 0.022070
v -6.319408 -0.502061 0.800003
v -6.319408 -0.502061 0.022070
v -6.216485 -0.494931 0.800003
v -6.216485 -0.494931 0.022070
v -6.121620 -0.474290 0.800003
v -6.121620 -0.474290 0.022070
v -6.034985 -0.441263 0.800003
v -6.034985 -0.441263 0.022070
v -5.956749 -0.396973 0.800003
v -5.956749 -0.396973 0.022070
v -5.887082 -0.342546 0.800003
v -5.887082 -0.342546 0.022070
v -5.826153 -0.279104 0.800003
v -5.826153 -0.279104 0.022070
v -5.774132 -0.207771 0.800003
v -5.774132 -0.207771 0.022070
v -5.731190 -0.129673 0.800003
v -5.731190 -0.129673 0.022070
v -5.697495 -0.045933 0.800003
v -5.697495 -0.045933 0.022070
v -5.673216 0.042324 0.800003
v -5.673216 0.042324 0.022070
v -5.658525 0.133975 0.800003
v -5.658525 0.133975 0.022070
v -5.653590 0.227896 0.800003
v -5.653590 0.227896 0.022070
v -5.658978 0.328855 0.800003
v -5.658978 0.328855 0.022070
v -5.674800 0.423705 0.800003
v -5.674800 0.423705 0.022070
v -5.700550 0.511938 0.800003
v -5.700550 0.511938 0.022070
v -5.735715 0.593044 0.800003
v -5.735715 0.593044 0.022070
v -5.779789 0.666515 0.800003
v -5.779789 0.666515 0.022070
v -5.832262 0.731841 0.800003
v -5.832262 0.731841 0.022070
v -5.892625 0.788514 0.800003
v -5.892625 0.788514 0.022070
v -5.960369 0.836023 0.800003
v -5.960369 0.836023 0.022070
v -6.034985 0.873862 0.800003
v -6.034985 0.873862 0.022070
v -6.115964 0.901519 0.800003
v -6.115964 0.901519 0.022070
v -6.202796 0.918487 0.800003
v -6.202796 0.918487 0.022070
v -6.294974 0.924256 0.800003
v -6.294974 0.924256 0.022070
v -6.383042 0.919095 0.800003
v -6.383042 0.919095 0.022070
v -6.465289 0.903584 0.800003
v -6.465289 0.903584 0.022070
v -6.541363 0.877680 0.800003
v -6.541363 0.877680 0.022070
v -6.610915 0.841340 0.800003
v -6.610915 0.841340 0.022070
v -6.673596 0.794523 0.800003
v -6.673596 0.794523 0.022070
v -6.729054 0.737185 0.800003
v -6.729054 0.737185 0.022070
v -6.776941 0.669286 0.800003
v -6.776941 0.669286 0.022070
v -6.816905 0.590782 0.800003
v -6.816905 0.590782 0.022070
v -6.848598 0.501630 0.800003
v -6.848598 0.501630 0.022070
v -6.871669 0.401788 0.800003
v -6.871669 0.401788 0.022070
v -6.885768 0.291214 0.800003
v -6.885768 0.291214 0.022070
v -6.890545 0.169866 0.800003
v -6.890545 0.169866 0.022070
v -5.925415 0.169866 0.800003
v -5.925415 0.169866 0.022070
v -5.938454 0.104651 0.800003
v -5.938454 0.104651 0.022070
v -5.956182 0.044940 0.800003
v -5.956182 0.044940 0.022070
v -5.978576 -0.009235 0.800003
v -5.978576 -0.009235 0.022070
v -6.005614 -0.057842 0.800003
v -6.005614 -0.057842 0.022070
v -6.037277 -0.100851 0.800003
v -6.037277 -0.100851 0.022070
v -6.073543 -0.138227 0.800003
v -6.073543 -0.138227 0.022070
v -6.114389 -0.169942 0.800003
v -6.114389 -0.169942 0.022070
v -6.159796 -0.195961 0.800003
v -6.159796 -0.195961 0.022070
v -6.209742 -0.216253 0.800003
v -6.209742 -0.216253 0.022070
v -6.264205 -0.230787 0.800003
v -6.264205 -0.230787 0.022070
v -6.323165 -0.239531 0.800003
v -6.323165 -0.239531 0.022070
v -6.386601 -0.242453 0.800003
v -6.386601 -0.242453 0.022070
v -6.427649 -0.241190 0.800003
v -6.427649 -0.241190 0.022070
v -6.468357 -0.237447 0.800003
v -6.468357 -0.237447 0.022070
v -6.508769 -0.231285 0.800003
v -6.508769 -0.231285 0.022070
v -6.548926 -0.222769 0.800003
v -6.548926 -0.222769 0.022070
v -6.588871 -0.211963 0.800003
v -6.588871 -0.211963 0.022070
v -6.628647 -0.198930 0.800003
v -6.628647 -0.198930 0.022070
v -6.668294 -0.183733 0.800003
v -6.668294 -0.183733 0.022070
v -6.707858 -0.166436 0.800003
v -6.707858 -0.166436 0.022070
v -6.747379 -0.147104 0.800003
v -6.747379 -0.147104 0.022070
v -6.786900 -0.125798 0.800003
v -6.786900 -0.125798 0.022070
v -6.826463 -0.102584 0.800003
v -6.826463 -0.102584 0.022070
v -6.866111 -0.077525 0.800003
v -6.866111 -0.077525 0.022070
v -6.866111 -0.340187 0.800003
v -6.866111 -0.340187 0.022070
v -6.617215 0.400363 0.800003
v -6.617215 0.400363 0.022070
v -6.608201 0.447290 0.800003
v -6.608201 0.447290 0.022070
v -6.594860 0.490654 0.800003
v -6.594860 0.490654 0.022070
v -6.577319 0.530263 0.800003
v -6.577319 0.530263 0.022070
v -6.555706 0.565927 0.800003
v -6.555706 0.565927 0.022070
v -6.530149 0.597456 0.800003
v -6.530149 0.597456 0.022070
v -6.500773 0.624657 0.800003
v -6.500773 0.624657 0.022070
v -6.467707 0.647341 0.800003
v -6.467707 0.647341 0.022070
v -6.431077 0.665316 0.800003
v -6.431077 0.665316 0.022070
v -6.391012 0.678392 0.800003
v -6.391012 0.678392 0.022070
v -6.347638 0.686378 0.800003
v -6.347638 0.686378 0.022070
v -6.301083 0.689082 0.800003
v -6.301083 0.689082 0.022070
v -6.250881 0.686553 0.800003
v -6.250881 0.686553 0.022070
v -6.204138 0.679029 0.800003
v -6.204138 0.679029 0.022070
v -6.160874 0.666605 0.800003
v -6.160874 0.666605 0.022070
v -6.121110 0.649377 0.800003
v -6.121110 0.649377 0.022070
v -6.084866 0.627441 0.800003
v -6.084866 0.627441 0.022070
v -6.052164 0.600892 0.800003
v -6.052164 0.600892 0.022070
v -6.023026 0.569825 0.800003
v -6.023026 0.569825 0.022070
v -5.997471 0.534336 0.800003
v -5.997471 0.534336 0.022070
v -5.975523 0.494519 0.800003
v -5.975523 0.494519 0.022070
v -5.957201 0.450472 0.800003
v -5.957201 0.450472 0.022070
v -5.942527 0.402288 0.800003
v -5.942527 0.402288 0.022070
v -5.931523 0.350064 0.800003
v -5.931523 0.350064 0.022070
v -6.621775 0.350064 0.800003
v -6.621775 0.350064 0.022070
vn -0.0000 -0.0000 -1.0000
vn -0.0000 -0.0000 1.0000
vn -0.1053 0.9944 -0.0000
vn -0.2200 0.9755 -0.0000
vn -0.3427 0.9395 -0.0000
vn -0.4688 0.8833 -0.0000
vn -0.5921 0.8058 -0.0000
vn -0.7056 0.7086 -0.0000
vn -0.8030 0.5960 -0.0000
vn -0.8804 0.4742 -0.0000
vn -0.9370 0.3494 -0.0000
vn -0.9739 0.2269 -0.0000
vn -0.9939 0.1102 -0.0000
vn -1.0000 -0.0019 -0.0000
vn -0.9930 -0.1183 -0.0000
vn -0.9698 -0.2437 -0.0000
vn -0.9273 -0.3743 -0.0000
vn -0.8631 -0.5050 -0.0000
vn -0.7775 -0.6289 -0.0000
vn -0.6734 -0.7393 -0.0000
vn -0.5568 -0.8307 -0.0000
vn -0.4348 -0.9005 -0.0000
vn -0.3142 -0.9494 -0.0000
vn -0.2000 -0.9798 -0.0000
vn -0.0952 -0.9955 -0.0000
vn -0.0227 -0.9997 -0.0000
vn -0.7071 -0.7071 -0.0000
vn 0.7071 -0.7071 -0.0000
vn 0.7071 0.7071 -0.0000
vn -0.0252 0.9997 -0.0000
vn 0.0228 0.9997 -0.0000
vn 0.0946 0.9955 -0.0000
vn 0.1970 0.9804 -0.0000
vn 0.3075 0.9516 -0.0000
vn 0.4241 0.9056 -0.0000
vn 0.5431 0.8397 -0.0000
vn 0.6588 0.7523 -0.0000
vn 0.7645 0.6446 -0.0000
vn 0.8536 0.5209 -0.0000
vn 0.9218 0.3876 -0.0000
vn 0.9676 0.2525 -0.0000
vn 0.9925 0.1222 -0.0000
vn 1.0000 0.0063 -0.0000
vn 0.9954 -0.0956 -0.0000
vn 0.9801 -0.1986 -0.0000
vn 0.9505 -0.3106 -0.0000
vn 0.9028 -0.4300 -0.0000
vn 0.8333 -0.5528 -0.0000
vn 0.7405 -0.6721 -0.0000
vn 0.6264 -0.7795 -0.0000
vn 0.4975 -0.8674 -0.0000
vn 0.3629 -0.9318 -0.0000
vn 0.2314 -0.9729 -0.0000
vn 0.1098 -0.9940 -0.0000
vn 0.0260 -0.9997 -0.0000
vn -0.7071 0.7071 -0.0000
vn 0.4939 0.8695 -0.0000
vn 0.8475 0.5309 -0.0000
vn 0.8215 0.5702 -0.0000
vn 0.7896 0.6136 -0.0000
vn 0.7502 0.6612 -0.0000
vn 0.7015 0.7127 -0.0000
vn 0.6414 0.7672 -0.0000
vn 0.5679 0.8231 -0.0000
vn 0.4795 0.8775 -0.0000
vn 0.3758 0.9267 -0.0000
vn 0.2585 0.9660 -0.0000
vn 0.1314 0.9913 -0.0000
vn 0.0132 0.9999 -0.0000
vn -0.0794 0.9968 -0.0000
vn -0.1584 0.9874 -0.0000
vn -0.2353 0.9719 -0.0000
vn -0.3086 0.9512 -0.0000
vn -0.3767 0.9263 -0.0000
vn -0.4390 0.8985 -0.0000
vn -0.4949 0.8690 -0.0000
vn -0.5444 0.8388 -0.0000
vn -0.5879 0.8089 -0.0000
vn -0.6257 0.7800 -0.0000
vn -0.6585 0.7526 -0.0000
vn -0.9900 0.1414 -0.0000
vn -0.1400 -0.9902 -0.0000
vn 0.6579 -0.7531 -0.0000
vn 0.6218 -0.7832 -0.0000
vn 0.5852 -0.8109 -0.0000
vn 0.5474 -0.8368 -0.0000
vn 0.5077 -0.8615 -0.0000
vn 0.4647 -0.8855 -0.0000
vn 0.4171 -0.9089 -0.0000
vn 0.3627 -0.9319 -0.0000
vn 0.2985 -0.9544 -0.0000
vn 0.2203 -0.9754 -0.0000
vn 0.1219 -0.9925 -0.0000
vn -0.0082 -1.0000 -0.0000
vn -0.1651 -0.9863 -0.0000
vn -0.3230 -0.9464 -0.0000
vn -0.4666 -0.8845 -0.0000
vn -0.5918 -0.8061 -0.0000
vn -0.6975 -0.7166 -0.0000
vn -0.7845 -0.6201 -0.0000
vn -0.8543 -0.5197 -0.0000
vn -0.9089 -0.4171 -0.0000
vn -0.9497 -0.3132 -0.0000
vn -0.9780 -0.2088 -0.0000
vn -0.9946 -0.1042 -0.0000
vn -0.9997 -0.0259 -0.0000
vn -0.5233 -0.8522 -0.0000
vn -0.4869 -0.8735 -0.0000
vn -0.4449 -0.8956 -0.0000
vn -0.3980 -0.9174 -0.0000
vn -0.3470 -0.9379 -0.0000
vn -0.2934 -0.9560 -0.0000
vn -0.2388 -0.9711 -0.0000
vn -0.1848 -0.9828 -0.0000
vn -0.1330 -0.9911 -0.0000
vn -0.0845 -0.9964 -0.0000
vn -0.0403 -0.9992 -0.0000
vn 0.0250 -0.9997 -0.0000
vn 0.1412 -0.9900 -0.0000
vn 0.2852 -0.9585 -0.0000
vn 0.4256 -0.9049 -0.0000
vn 0.5557 -0.8314 -0.0000
vn 0.6701 -0.7422 -0.0000
vn 0.7664 -0.6424 -0.0000
vn 0.8438 -0.5366 -0.0000
vn 0.9036 -0.4283 -0.0000
vn 0.9475 -0.3198 -0.0000
vn 0.9773 -0.2121 -0.0000
vn 0.9944 -0.1055 -0.0000
vn 1.0000 0.0004 -0.0000
vn 0.9940 0.1091 -0.0000
vn 0.9749 0.2227 -0.0000
vn 0.9406 0.3396 -0.0000
vn 0.8894 0.4571 -0.0000
vn 0.8205 0.5717 -0.0000
vn 0.7339 0.6793 -0.0000
vn 0.6309 0.7758 -0.0000
vn 0.5145 0.8575 -0.0000
vn 0.3887 0.9214 -0.0000
vn 0.2581 0.9661 -0.0000
vn 0.1274 0.9919 -0.0000
vn 0.0020 1.0000 -0.0000
vn -0.1222 0.9925 -0.0000
vn -0.2545 0.9671 -0.0000
vn -0.3939 0.9192 -0.0000
vn -0.5325 0.8465 -0.0000
vn -0.6607 0.7506 -0.0000
vn -0.7703 0.6377 -0.0000
vn -0.8564 0.5163 -0.0000
vn -0.9186 0.3951 -0.0000
vn -0.9599 0.2805 -0.0000
vn -0.9844 0.1760 -0.0000
vn -0.9966 0.0830 -0.0000
vn -0.7209 -0.6931 -0.0000
vn -0.7733 -0.6340 -0.0000
vn -0.9706 0.2406 -0.0000
vn -0.9427 0.3338 -0.0000
vn -0.9005 0.4348 -0.0000
vn -0.8413 0.5406 -0.0000
vn -0.7633 0.6461 -0.0000
vn -0.6671 0.7449 -0.0000
vn -0.5566 0.8308 -0.0000
vn -0.4378 0.8991 -0.0000
vn -0.3177 0.9482 -0.0000
vn -0.2026 0.9793 -0.0000
vn -0.0965 0.9953 -0.0000
vn -0.0076 1.0000 -0.0000
vn 0.0612 0.9981 -0.0000
vn 0.1212 0.9926 -0.0000
vn 0.1792 0.9838 -0.0000
vn 0.2344 0.9721 -0.0000
vn 0.2864 0.9581 -0.0000
vn 0.3347 0.9423 -0.0000
vn 0.3793 0.9253 -0.0000
vn 0.4201 0.9075 -0.0000
vn 0.4571 0.8894 -0.0000
vn 0.4904 0.8715 -0.0000
vn 0.5202 0.8540 -0.0000
vn -0.4826 0.8759 -0.0000
vn -0.8775 -0.4796 -0.0000
vn 0.9902 -0.1396 -0.0000
vn 0.9704 -0.2417 -0.0000
vn 0.9367 -0.3501 -0.0000
vn 0.8866 -0.4625 -0.0000
vn 0.8179 -0.5753 -0.0000
vn 0.7300 -0.6835 -0.0000
vn 0.6242 -0.7812 -0.0000
vn 0.5044 -0.8634 -0.0000
vn 0.3763 -0.9265 -0.0000
vn 0.2462 -0.9692 -0.0000
vn 0.1198 -0.9928 -0.0000
vn 0.0038 -1.0000 -0.0000
vn -0.1048 -0.9945 -0.0000
vn -0.2179 -0.9760 -0.0000
vn -0.3375 -0.9413 -0.0000
vn -0.4587 -0.8886 -0.0000
vn -0.5754 -0.8179 -0.0000
vn -0.6814 -0.7319 -0.0000
vn -0.7721 -0.6356 -0.0000
vn -0.8452 -0.5345 -0.0000
vn -0.9009 -0.4341 -0.0000
vn -0.9411 -0.3381 -0.0000
vn -0.9685 -0.2490 -0.0000
vn -0.7766 0.6300 -0.0000
vn 0.7383 0.6744 -0.0000
vn 0.5172 -0.8558 -0.0000
vn 0.4823 -0.8760 -0.0000
vn 0.4458 -0.8951 -0.0000
vn 0.4077 -0.9131 -0.0000
vn 0.3678 -0.9299 -0.0000
vn 0.3257 -0.9455 -0.0000
vn 0.2811 -0.9597 -0.0000
vn 0.2336 -0.9723 -0.0000
vn 0.1825 -0.9832 -0.0000
vn 0.1271 -0.9919 -0.0000
vn 0.0663 -0.9978 -0.0000
vn -0.0027 -1.0000 -0.0000
vn -0.0823 -0.9966 -0.0000
vn -0.1700 -0.9854 -0.0000
vn -0.2641 -0.9645 -0.0000
vn -0.3643 -0.9313 -0.0000
vn -0.4699 -0.8827 -0.0000
vn -0.5787 -0.8155 -0.0000
vn -0.6870 -0.7266 -0.0000
vn -0.7891 -0.6143 -0.0000
vn -0.8777 -0.4793 -0.0000
vn -0.9453 -0.3263 -0.0000
vn -0.9865 -0.1635 -0.0000
vn -0.9998 0.0217 -0.0000
vn -0.9718 0.2356 -0.0000
vn -0.9032 0.4293 -0.0000
vn -0.8221 0.5693 -0.0000
vn -0.7472 0.6645 -0.0000
vn -0.6851 0.7285 -0.0000
vn -0.6358 0.7719 -0.0000
vn -0.5974 0.8019 -0.0000
vn -0.5678 0.8232 -0.0000
vn -0.5449 0.8385 -0.0000
vn -0.5274 0.8496 -0.0000
vn -0.5139 0.8579 -0.0000
vn -0.5350 0.8449 -0.0000
vn -0.5728 0.8197 -0.0000
vn -0.5989 0.8008 -0.0000
vn -0.6320 0.7750 -0.0000
vn -0.6728 0.7399 -0.0000
vn -0.7213 0.6926 -0.0000
vn -0.7764 0.6303 -0.0000
vn -0.8348 0.5505 -0.0000
vn -0.8914 0.4532 -0.0000
vn -0.9398 0.3416 -0.0000
vn -0.9748 0.2232 -0.0000
vn -0.9942 0.1073 -0.0000
vn -1.0000 -0.0079 -0.0000
vn -0.9907 -0.1363 -0.0000
vn -0.9616 -0.2746 -0.0000
vn -0.9120 -0.4102 -0.0000
vn -0.8432 -0.5377 -0.0000
vn -0.7578 -0.6525 -0.0000
vn -0.6598 -0.7515 -0.0000
vn -0.5532 -0.8331 -0.0000
vn -0.4418 -0.8971 -0.0000
vn -0.3287 -0.9444 -0.0000
vn -0.2164 -0.9763 -0.0000
vn -0.1065 -0.9943 -0.0000
vn -0.0175 -0.9998 -0.0000
vn 0.0361 -0.9993 -0.0000
vn 0.0754 -0.9972 -0.0000
vn 0.1179 -0.9930 -0.0000
vn 0.1624 -0.9867 -0.0000
vn 0.2078 -0.9782 -0.0000
vn 0.2527 -0.9676 -0.0000
vn 0.2958 -0.9553 -0.0000
vn 0.3361 -0.9418 -0.0000
vn 0.3728 -0.9279 -0.0000
vn 0.4056 -0.9140 -0.0000
vn 0.4343 -0.9008 -0.0000
vn 0.8508 -0.5256 -0.0000
vn 0.4725 0.8813 -0.0000
vn -0.5388 0.8424 -0.0000
vn -0.5082 0.8612 -0.0000
vn -0.4758 0.8796 -0.0000
vn -0.4410 0.8975 -0.0000
vn -0.4036 0.9149 -0.0000
vn -0.3630 0.9318 -0.0000
vn -0.3185 0.9479 -0.0000
vn -0.2692 0.9631 -0.0000
vn -0.2141 0.9768 -0.0000
vn -0.1518 0.9884 -0.0000
vn -0.0805 0.9968 -0.0000
vn 0.0245 0.9997 -0.0000
vn 0.1289 0.9917 -0.0000
vn 0.2065 0.9784 -0.0000
vn 0.2900 0.9570 -0.0000
vn 0.3801 0.9249 -0.0000
vn 0.4771 0.8788 -0.0000
vn 0.5798 0.8148 -0.0000
vn 0.6850 0.7286 -0.0000
vn 0.7867 0.6173 -0.0000
vn 0.8765 0.4814 -0.0000
vn 0.9453 0.3263 -0.0000
vn 0.9868 0.1622 -0.0000
vn 0.9955 -0.0949 -0.0000
vn 0.8897 -0.4565 -0.0000
vn 0.7052 -0.7090 -0.0000
vn 0.5812 -0.8138 -0.0000
vn 0.5190 -0.8548 -0.0000
vn 0.5003 -0.8659 -0.0000
vn 0.5150 -0.8572 -0.0000
vn 0.5596 -0.8288 -0.0000
vn 0.6341 -0.7732 -0.0000
vn 0.7373 -0.6756 -0.0000
vn 0.8571 -0.5151 -0.0000
vn 0.9598 -0.2808 -0.0000
vn 0.9992 -0.0396 -0.0000
vn 0.9910 0.1338 -0.0000
vn 0.9618 0.2739 -0.0000
vn 0.9096 0.4154 -0.0000
vn 0.8348 0.5506 -0.0000
vn 0.7406 0.6720 -0.0000
vn 0.6329 0.7742 -0.0000
vn 0.5185 0.8551 -0.0000
vn 0.4034 0.9150 -0.0000
vn 0.2921 0.9564 -0.0000
vn 0.1872 0.9823 -0.0000
vn 0.0901 0.9959 -0.0000
vn 0.0098 1.0000 -0.0000
vn -0.0475 0.9989 -0.0000
vn -0.0944 0.9955 -0.0000
vn -0.1405 0.9901 -0.0000
vn -0.1852 0.9827 -0.0000
vn -0.2283 0.9736 -0.0000
vn -0.2694 0.9630 -0.0000
vn -0.3085 0.9512 -0.0000
vn -0.3453 0.9385 -0.0000
vn -0.3797 0.9251 -0.0000
vn -0.4119 0.9112 -0.0000
vn -0.4418 0.8971 -0.0000
vn -0.8533 0.5215 -0.0000
vn -0.4826 -0.8759 -0.0000
vn -0.0210 0.9998 -0.0000
vn -0.0888 0.9961 -0.0000
vn -0.1884 0.9821 -0.0000
vn -0.3000 0.9539 -0.0000
vn -0.4213 0.9069 -0.0000
vn -0.5473 0.8370 -0.0000
vn -0.6697 0.7426 -0.0000
vn -0.7793 0.6266 -0.0000
vn -0.8682 0.4962 -0.0000
vn -0.9326 0.3609 -0.0000
vn -0.9732 0.2298 -0.0000
vn -0.9940 0.1091 -0.0000
vn -1.0000 -0.0036 -0.0000
vn -0.9927 -0.1202 -0.0000
vn -0.9700 -0.2433 -0.0000
vn -0.9303 -0.3667 -0.0000
vn -0.8733 -0.4872 -0.0000
vn -0.7992 -0.6011 -0.0000
vn -0.7093 -0.7049 -0.0000
vn -0.6058 -0.7956 -0.0000
vn -0.4919 -0.8707 -0.0000
vn -0.3708 -0.9287 -0.0000
vn -0.2463 -0.9692 -0.0000
vn -0.1219 -0.9925 -0.0000
vn -0.0212 -0.9998 -0.0000
vn 0.0355 -0.9994 -0.0000
vn 0.0718 -0.9974 -0.0000
vn 0.1088 -0.9941 -0.0000
vn 0.1457 -0.9893 -0.0000
vn 0.1818 -0.9833 -0.0000
vn 0.2167 -0.9762 -0.0000
vn 0.2499 -0.9683 -0.0000
vn 0.2809 -0.9597 -0.0000
vn 0.3096 -0.9509 -0.0000
vn 0.3358 -0.9419 -0.0000
vn 0.3594 -0.9332 -0.0000
vn -0.5610 -0.8278 -0.0000
vn -0.4020 0.9156 -0.0000
vn -0.3696 0.9292 -0.0000
vn -0.3364 0.9417 -0.0000
vn -0.3025 0.9531 -0.0000
vn -0.2678 0.9635 -0.0000
vn -0.2323 0.9726 -0.0000
vn -0.1959 0.9806 -0.0000
vn -0.1586 0.9873 -0.0000
vn -0.1204 0.9927 -0.0000
vn -0.0812 0.9967 -0.0000
vn -0.0410 0.9992 -0.0000
vn 0.0220 0.9998 -0.0000
vn 0.1307 0.9914 -0.0000
vn 0.2623 0.9650 -0.0000
vn 0.3915 0.9202 -0.0000
vn 0.5141 0.8577 -0.0000
vn 0.6269 0.7791 -0.0000
vn 0.7269 0.6867 -0.0000
vn 0.8122 0.5833 -0.0000
vn 0.8817 0.4718 -0.0000
vn 0.9348 0.3552 -0.0000
vn 0.9717 0.2361 -0.0000
vn 0.9931 0.1170 -0.0000
vn 1.0000 0.0062 -0.0000
vn 0.9954 -0.0957 -0.0000
vn 0.9793 -0.2026 -0.0000
vn 0.9471 -0.3209 -0.0000
vn 0.8943 -0.4475 -0.0000
vn 0.8177 -0.5756 -0.0000
vn 0.7175 -0.6965 -0.0000
vn 0.5984 -0.8012 -0.0000
vn 0.4688 -0.8833 -0.0000
vn 0.3381 -0.9411 -0.0000
vn 0.2140 -0.9768 -0.0000
vn 0.1012 -0.9949 -0.0000
vn 0.0240 -0.9997 -0.0000
vn -0.8420 0.5394 -0.0000
vn -0.5395 -0.8420 -0.0000
vn -0.5244 -0.8515 -0.0000
vn -0.5027 -0.8645 -0.0000
vn -0.4729 -0.8811 -0.0000
vn -0.4336 -0.9011 -0.0000
vn -0.3841 -0.9233 -0.0000
vn -0.3247 -0.9458 -0.0000
vn -0.2577 -0.9662 -0.0000
vn -0.1869 -0.9824 -0.0000
vn -0.1177 -0.9930 -0.0000
vn -0.0548 -0.9985 -0.0000
vn 0.0029 -1.0000 -0.0000
vn 0.0670 -0.9978 -0.0000
vn 0.1445 -0.9895 -0.0000
vn 0.2345 -0.9721 -0.0000
vn 0.4464 -0.8948 -0.0000
vn 0.5597 -0.8287 -0.0000
vn 0.6682 -0.7440 -0.0000
vn 0.7643 -0.6449 -0.0000
vn 0.8426 -0.5385 -0.0000
vn 0.9016 -0.4327 -0.0000
vn 0.9428 -0.3334 -0.0000
vn 0.3111 -0.9504 -0.0000
vn -0.5845 -0.8114 -0.0000
vn -0.5440 -0.8391 -0.0000
vn -0.5005 -0.8658 -0.0000
vn -0.4539 -0.8910 -0.0000
vn -0.4045 -0.9146 -0.0000
vn -0.3522 -0.9359 -0.0000
vn -0.2975 -0.9547 -0.0000
vn -0.2406 -0.9706 -0.0000
vn -0.1819 -0.9833 -0.0000
vn -0.0611 -0.9981 -0.0000
vn 0.0176 -0.9998 -0.0000
vn 0.1330 -0.9911 -0.0000
vn 0.2663 -0.9639 -0.0000
vn 0.3956 -0.9184 -0.0000
vn 0.5169 -0.8560 -0.0000
vn 0.6272 -0.7789 -0.0000
vn 0.7244 -0.6893 -0.0000
vn 0.8076 -0.5898 -0.0000
vn 0.8761 -0.4821 -0.0000
vn 0.9298 -0.3680 -0.0000
vn 0.9686 -0.2487 -0.0000
vn 0.9921 -0.1254 -0.0000
vn 1.0000 0.0074 -0.0000
vn 0.9868 0.1617 -0.0000
vn 0.9441 0.3297 -0.0000
vn 0.8721 0.4894 -0.0000
vn 0.7800 0.6258 -0.0000
vn 0.6815 0.7318 -0.0000
vn 0.5887 0.8084 -0.0000
vn 0.5086 0.8610 -0.0000
vn 0.4442 0.8959 -0.0000
vn 0.3959 0.9183 -0.0000
vn 0.3631 0.9318 -0.0000
vn 0.3452 0.9385 -0.0000
vn 0.3370 0.9415 -0.0000
vn 0.8167 0.5770 -0.0000
vn 0.9998 -0.0211 -0.0000
vn 0.9959 -0.0910 -0.0000
vn 0.9803 -0.1975 -0.0000
vn 0.9470 -0.3213 -0.0000
vn 0.8889 -0.4581 -0.0000
vn 0.8017 -0.5978 -0.0000
vn 0.6870 -0.7267 -0.0000
vn 0.5545 -0.8322 -0.0000
vn 0.4179 -0.9085 -0.0000
vn 0.2895 -0.9572 -0.0000
vn 0.1765 -0.9843 -0.0000
vn 0.0809 -0.9967 -0.0000
vn -0.0009 -1.0000 -0.0000
vn -0.0786 -0.9969 -0.0000
vn -0.1570 -0.9876 -0.0000
vn -0.2344 -0.9721 -0.0000
vn -0.3097 -0.9508 -0.0000
vn -0.3821 -0.9241 -0.0000
vn -0.4508 -0.8926 -0.0000
vn -0.5152 -0.8571 -0.0000
vn -0.5750 -0.8182 -0.0000
vn -0.6298 -0.7768 -0.0000
vn -0.6795 -0.7337 -0.0000
vn -0.7243 -0.6895 -0.0000
vn 0.3570 -0.9341 -0.0000
vn 0.9315 0.3638 -0.0000
vn 0.7084 0.7058 -0.0000
vn 0.6504 0.7596 -0.0000
vn 0.5872 0.8094 -0.0000
vn 0.5199 0.8542 -0.0000
vn 0.4500 0.8930 -0.0000
vn 0.3790 0.9254 -0.0000
vn 0.3085 0.9512 -0.0000
vn 0.2398 0.9708 -0.0000
vn 0.1740 0.9847 -0.0000
vn 0.1120 0.9937 -0.0000
vn 0.0541 0.9985 -0.0000
vn -0.0085 1.0000 -0.0000
vn -0.0893 0.9960 -0.0000
vn -0.1859 0.9826 -0.0000
vn -0.2909 0.9568 -0.0000
vn -0.4034 0.9150 -0.0000
vn -0.5207 0.8538 -0.0000
vn -0.6378 0.7702 -0.0000
vn -0.7476 0.6642 -0.0000
vn -0.8423 0.5390 -0.0000
vn -0.9158 0.4017 -0.0000
vn -0.9653 0.2612 -0.0000
vn -0.9921 0.1258 -0.0000
vn -0.9995 0.0301 -0.0000
vn -0.9999 0.0155 -0.0000
vn -0.9978 0.0670 -0.0000
vn -0.9891 0.1470 -0.0000
vn -0.9698 0.2438 -0.0000
vn -0.9337 0.3582 -0.0000
vn -0.8733 0.4872 -0.0000
vn -0.7825 0.6226 -0.0000
vn -0.6611 0.7503 -0.0000
vn -0.5179 0.8555 -0.0000
vn -0.3681 0.9298 -0.0000
vn -0.2272 0.9738 -0.0000
vn -0.1045 0.9945 -0.0000
vn 0.0139 0.9999 -0.0000
vn 0.1353 0.9908 -0.0000
vn 0.2368 0.9716 -0.0000
vn 0.3116 0.9502 -0.0000
vn 0.3689 0.9295 -0.0000
vn 0.4145 0.9101 -0.0000
vn 0.4521 0.8920 -0.0000
vn 0.4840 0.8751 -0.0000
vn 0.5119 0.8591 -0.0000
vn 0.5367 0.8438 -0.0000
vn 0.5593 0.8290 -0.0000
vn 0.5802 0.8144 -0.0000
vn -0.4526 0.8917 -0.0000
vn -0.8791 -0.4767 -0.0000
vn -0.3352 -0.9422 -0.0000
vn -0.3536 -0.9354 -0.0000
vn -0.3812 -0.9245 -0.0000
vn -0.4196 -0.9077 -0.0000
vn -0.4705 -0.8824 -0.0000
vn -0.5358 -0.8443 -0.0000
vn -0.6169 -0.7870 -0.0000
vn -0.7126 -0.7016 -0.0000
vn -0.8158 -0.5784 -0.0000
vn -0.9110 -0.4124 -0.0000
vn -0.9772 -0.2122 -0.0000
vn -0.9998 -0.0220 -0.0000
vn -0.9922 0.1244 -0.0000
vn -0.9680 0.2510 -0.0000
vn -0.9262 0.3771 -0.0000
vn -0.8667 0.4988 -0.0000
vn -0.7905 0.6125 -0.0000
vn -0.6993 0.7148 -0.0000
vn -0.5957 0.8032 -0.0000
vn -0.4827 0.8758 -0.0000
vn -0.3636 0.9316 -0.0000
vn -0.2415 0.9704 -0.0000
vn -0.1196 0.9928 -0.0000
vn -0.0087 1.0000 -0.0000
vn 0.0825 0.9966 -0.0000
vn 0.1630 0.9866 -0.0000
vn 0.2399 0.9708 -0.0000
vn 0.3121 0.9501 -0.0000
vn 0.3788 0.9255 -0.0000
vn 0.4397 0.8981 -0.0000
vn 0.4947 0.8691 -0.0000
vn 0.5439 0.8391 -0.0000
vn 0.5878 0.8090 -0.0000
vn 0.6267 0.7793 -0.0000
vn 0.6611 0.7503 -0.0000
vn 0.9157 0.4018 -0.0000
vn 0.5796 -0.8149 -0.0000
vn 0.5282 -0.8491 -0.0000
vn 0.4975 -0.8675 -0.0000
vn 0.4618 -0.8870 -0.0000
vn 0.4207 -0.9072 -0.0000
vn 0.3743 -0.9273 -0.0000
vn 0.3231 -0.9464 -0.0000
vn 0.2682 -0.9634 -0.0000
vn 0.2111 -0.9775 -0.0000
vn 0.1537 -0.9881 -0.0000
vn 0.0983 -0.9952 -0.0000
vn 0.0469 -0.9989 -0.0000
vn -0.0205 -0.9998 -0.0000
vn -0.1294 -0.9916 -0.0000
vn -0.2622 -0.9650 -0.0000
vn -0.3945 -0.9189 -0.0000
vn -0.5216 -0.8532 -0.0000
vn -0.6383 -0.7698 -0.0000
vn -0.7407 -0.6718 -0.0000
vn -0.8262 -0.5634 -0.0000
vn -0.8935 -0.4490 -0.0000
vn -0.9431 -0.3326 -0.0000
vn -0.9760 -0.2176 -0.0000
vn -0.9943 -0.1064 -0.0000
vn -1.0000 0.0015 -0.0000
vn -0.9935 0.1135 -0.0000
vn -0.9722 0.2343 -0.0000
vn -0.9328 0.3604 -0.0000
vn -0.8733 0.4871 -0.0000
vn -0.7935 0.6086 -0.0000
vn -0.6953 0.7187 -0.0000
vn -0.5833 0.8123 -0.0000
vn -0.4631 0.8863 -0.0000
vn -0.3407 0.9402 -0.0000
vn -0.2208 0.9753 -0.0000
vn -0.1069 0.9943 -0.0000
vn -0.0149 0.9999 -0.0000
vn 0.0441 0.9990 -0.0000
vn 0.0881 0.9961 -0.0000
vn 0.1313 0.9913 -0.0000
vn 0.1730 0.9849 -0.0000
vn 0.2126 0.9771 -0.0000
vn 0.2495 0.9684 -0.0000
vn 0.2835 0.9590 -0.0000
vn 0.3142 0.9493 -0.0000
vn 0.3418 0.9398 -0.0000
vn 0.3661 0.9306 -0.0000
vn 0.3874 0.9219 -0.0000
vn -0.5490 0.8358 -0.0000
vn -0.8350 -0.5502 -0.0000
vn -0.3705 -0.9288 -0.0000
vn -0.3261 -0.9454 -0.0000
vn -0.2883 -0.9575 -0.0000
vn -0.2550 -0.9669 -0.0000
vn -0.2243 -0.9745 -0.0000
vn -0.1952 -0.9808 -0.0000
vn -0.1665 -0.9860 -0.0000
vn -0.1375 -0.9905 -0.0000
vn -0.1072 -0.9942 -0.0000
vn -0.0748 -0.9972 -0.0000
vn -0.0392 -0.9992 -0.0000
vn 0.0189 -0.9998 -0.0000
vn 0.1188 -0.9929 -0.0000
vn 0.2407 -0.9706 -0.0000
vn 0.3636 -0.9316 -0.0000
vn 0.4839 -0.8751 -0.0000
vn 0.5982 -0.8013 -0.0000
vn 0.7027 -0.7115 -0.0000
vn 0.7942 -0.6077 -0.0000
vn 0.8699 -0.4932 -0.0000
vn 0.9284 -0.3715 -0.0000
vn 0.9691 -0.2465 -0.0000
vn 0.9926 -0.1218 -0.0000
vn 1.0000 -0.0053 -0.0000
vn 0.9948 0.1020 -0.0000
vn 0.9775 0.2109 -0.0000
vn 0.9453 0.3262 -0.0000
vn 0.8955 0.4451 -0.0000
vn 0.8261 0.5635 -0.0000
vn 0.7368 0.6761 -0.0000
vn 0.6296 0.7769 -0.0000
vn 0.5085 0.8611 -0.0000
vn 0.2484 0.9687 -0.0000
vn 0.1210 0.9927 -0.0000
vn 0.0196 0.9998 -0.0000
vn -0.0400 0.9992 -0.0000
vn -0.0819 0.9966 -0.0000
vn -0.1252 0.9921 -0.0000
vn -0.1687 0.9857 -0.0000
vn -0.2113 0.9774 -0.0000
vn -0.2517 0.9678 -0.0000
vn -0.2888 0.9574 -0.0000
vn -0.3217 0.9468 -0.0000
vn -0.3499 0.9368 -0.0000
vn -0.3729 0.9279 -0.0000
vn -0.3907 0.9205 -0.0000
vn -0.8361 0.5485 -0.0000
vn -0.4784 -0.8781 -0.0000
vn -0.7721 -0.6355 -0.0000
vt 0.346939 0.000000
vt 0.367347 0.000000
vt 0.357143 0.000000
vt 0.377551 0.000000
vt 0.336735 0.000000
vt 0.387755 0.000000
vt 0.326531 0.000000
vt 0.397959 0.000000
vt 0.316327 0.000000
vt 0.408163 0.000000
vt 0.306122 0.000000
vt 0.418367 0.000000
vt 0.295918 0.000000
vt 0.428571 0.000000
vt 0.285714 0.000000
vt 0.867347 0.000000
vt 0.877551 0.000000
vt 0.857143 0.000000
vt 0.887755 0.000000
vt 0.846939 0.000000
vt 0.897959 0.000000
vt 0.836735 0.000000
vt 0.438776 0.000000
vt 0.908163 0.000000
vt 0.275510 0.000000
vt 0.826531 0.000000
vt 0.918367 0.000000
vt 0.816327 0.000000
vt 0.928571 0.000000
vt 0.806122 0.000000
vt 0.938776 0.000000
vt 0.795918 0.000000
vt 0.265306 0.000000
vt 0.448980 0.000000
vt 0.948980 0.000000
vt 0.785714 0.000000
vt 0.959184 0.000000
vt 0.775510 0.000000
vt 0.255102 0.000000
vt 0.459184 0.000000
vt 0.969388 0.000000
vt 0.765306 0.000000
vt 0.979592 0.000000
vt 0.755102 0.000000
vt 0.244898 0.000000
vt 0.989796 0.000000
vt 0.469388 0.000000
vt 1.000000 0.000000
vt 0.234694 0.000000
vt 0.479592 0.000000
vt 0.224490 0.000000
vt 0.489796 0.000000
vt 0.500000 0.000000
vt 0.214286 0.000000
vt 0.510204 0.000000
vt 0.520408 0.000000
vt 0.204082 0.000000
vt 0.530612 0.000000
vt 0.193878 0.000000
vt 0.540816 0.000000
vt 0.724490 0.000000
vt 0.744898 0.000000
vt 0.734694 0.000000
vt 0.551020 0.000000
vt 0.714286 0.000000
vt 0.704082 0.000000
vt 0.183673 0.000000
vt 0.561224 0.000000
vt 0.693878 0.000000
vt 0.683673 0.000000
vt 0.571429 0.000000
vt 0.673469 0.000000
vt 0.581633 0.000000
vt 0.663265 0.000000
vt 0.173469 0.000000
vt 0.653061 0.000000
vt 0.591837 0.000000
vt 0.642857 0.000000
vt 0.602041 0.000000
vt 0.632653 0.000000
vt 0.622449 0.000000
vt 0.612245 0.000000
vt 0.163265 0.000000
vt 0.000000 0.000000
vt 0.153061 0.000000
vt 0.010204 0.000000
vt 0.020408 0.000000
vt 0.142857 0.000000
vt 0.030612 0.000000
vt 0.040816 0.000000
vt 0.132653 0.000000
vt 0.051020 0.000000
vt 0.061224 0.000000
vt 0.122449 0.000000
vt 0.071429 0.000000
vt 0.081633 0.000000
vt 0.091837 0.000000
vt 0.112245 0.000000
vt 0.102041 0.000000
vt 0.855670 0.000000
vt 0.876289 0.000000
vt 0.865979 0.000000
vt 0.886598 0.000000
vt 0.896907 0.000000
vt 0.845361 0.000000
vt 0.907216 0.000000
vt 0.917526 0.000000
vt 0.927835 0.000000
vt 0.835052 0.000000
vt 0.938144 0.000000
vt 0.948454 0.000000
vt 0.958763 0.000000
vt 0.824742 0.000000
vt 0.969072 0.000000
vt 0.979381 0.000000
vt 0.989691 0.000000
vt 0.814433 0.000000
vt 0.072165 0.000000
vt 0.061856 0.000000
vt 0.051546 0.000000
vt 0.041237 0.000000
vt 0.030928 0.000000
vt 0.020619 0.000000
vt 0.010309 0.000000
vt 0.804124 0.000000
vt 0.092784 0.000000
vt 0.082474 0.000000
vt 0.793814 0.000000
vt 0.113402 0.000000
vt 0.103093 0.000000
vt 0.123711 0.000000
vt 0.134021 0.000000
vt 0.144330 0.000000
vt 0.783505 0.000000
vt 0.154639 0.000000
vt 0.164948 0.000000
vt 0.175258 0.000000
vt 0.773196 0.000000
vt 0.185567 0.000000
vt 0.195876 0.000000
vt 0.762887 0.000000
vt 0.206186 0.000000
vt 0.216495 0.000000
vt 0.752577 0.000000
vt 0.226804 0.000000
vt 0.742268 0.000000
vt 0.237113 0.000000
vt 0.247423 0.000000
vt 0.731959 0.000000
vt 0.257732 0.000000
vt 0.721649 0.000000
vt 0.268041 0.000000
vt 0.278351 0.000000
vt 0.711340 0.000000
vt 0.288660 0.000000
vt 0.298969 0.000000
vt 0.701031 0.000000
vt 0.309278 0.000000
vt 0.474227 0.000000
vt 0.494845 0.000000
vt 0.484536 0.000000
vt 0.319588 0.000000
vt 0.463918 0.000000
vt 0.690722 0.000000
vt 0.453608 0.000000
vt 0.329897 0.000000
vt 0.443299 0.000000
vt 0.432990 0.000000
vt 0.422680 0.000000
vt 0.340206 0.000000
vt 0.412371 0.000000
vt 0.402062 0.000000
vt 0.350515 0.000000
vt 0.391753 0.000000
vt 0.381443 0.000000
vt 0.360825 0.000000
vt 0.371134 0.000000
vt 0.680412 0.000000
vt 0.670103 0.000000
vt 0.659794 0.000000
vt 0.649485 0.000000
vt 0.505155 0.000000
vt 0.515464 0.000000
vt 0.525773 0.000000
vt 0.639175 0.000000
vt 0.536082 0.000000
vt 0.546392 0.000000
vt 0.556701 0.000000
vt 0.567010 0.000000
vt 0.628866 0.000000
vt 0.577320 0.000000
vt 0.587629 0.000000
vt 0.597938 0.000000
vt 0.618557 0.000000
vt 0.608247 0.000000
vt 0.560694 0.000000
vt 0.572254 0.000000
vt 0.566474 0.000000
vt 0.554913 0.000000
vt 0.578035 0.000000
vt 0.549133 0.000000
vt 0.543353 0.000000
vt 0.583815 0.000000
vt 0.537572 0.000000
vt 0.589595 0.000000
vt 0.531792 0.000000
vt 0.526012 0.000000
vt 0.595376 0.000000
vt 0.520231 0.000000
vt 0.601156 0.000000
vt 0.514451 0.000000
vt 0.508671 0.000000
vt 0.606936 0.000000
vt 0.502890 0.000000
vt 0.612717 0.000000
vt 0.497110 0.000000
vt 0.491329 0.000000
vt 0.485549 0.000000
vt 0.479769 0.000000
vt 0.473988 0.000000
vt 0.468208 0.000000
vt 0.462428 0.000000
vt 0.456647 0.000000
vt 0.450867 0.000000
vt 0.445087 0.000000
vt 0.439306 0.000000
vt 0.433526 0.000000
vt 0.427746 0.000000
vt 0.421965 0.000000
vt 0.618497 0.000000
vt 0.416185 0.000000
vt 0.624277 0.000000
vt 0.410405 0.000000
vt 0.404624 0.000000
vt 0.398844 0.000000
vt 0.393064 0.000000
vt 0.387283 0.000000
vt 0.630058 0.000000
vt 0.381503 0.000000
vt 0.375723 0.000000
vt 0.369942 0.000000
vt 0.635838 0.000000
vt 0.364162 0.000000
vt 0.358382 0.000000
vt 0.641618 0.000000
vt 0.352601 0.000000
vt 0.346821 0.000000
vt 0.341040 0.000000
vt 0.335260 0.000000
vt 0.329480 0.000000
vt 0.323699 0.000000
vt 0.317919 0.000000
vt 0.791907 0.000000
vt 0.994220 0.000000
vt 0.797688 0.000000
vt 0.312139 0.000000
vt 0.803468 0.000000
vt 0.306358 0.000000
vt 0.809249 0.000000
vt 0.300578 0.000000
vt 0.815029 0.000000
vt 0.820809 0.000000
vt 0.294798 0.000000
vt 0.826590 0.000000
vt 0.289017 0.000000
vt 0.832370 0.000000
vt 0.838150 0.000000
vt 0.283237 0.000000
vt 0.843931 0.000000
vt 0.849711 0.000000
vt 0.277457 0.000000
vt 0.855491 0.000000
vt 0.271676 0.000000
vt 0.861272 0.000000
vt 0.867052 0.000000
vt 0.265896 0.000000
vt 0.872832 0.000000
vt 0.878613 0.000000
vt 0.988439 0.000000
vt 0.260116 0.000000
vt 0.982659 0.000000
vt 0.884393 0.000000
vt 0.976879 0.000000
vt 0.774566 0.000000
vt 0.786127 0.000000
vt 0.780347 0.000000
vt 0.647399 0.000000
vt 0.890173 0.000000
vt 0.768786 0.000000
vt 0.971098 0.000000
vt 0.653179 0.000000
vt 0.763006 0.000000
vt 0.254335 0.000000
vt 0.895954 0.000000
vt 0.658960 0.000000
vt 0.965318 0.000000
vt 0.757225 0.000000
vt 0.664740 0.000000
vt 0.959538 0.000000
vt 0.751445 0.000000
vt 0.901734 0.000000
vt 0.670520 0.000000
vt 0.745665 0.000000
vt 0.953757 0.000000
vt 0.676301 0.000000
vt 0.739884 0.000000
vt 0.907514 0.000000
vt 0.682081 0.000000
vt 0.947977 0.000000
vt 0.734104 0.000000
vt 0.687861 0.000000
vt 0.248555 0.000000
vt 0.728324 0.000000
vt 0.913295 0.000000
vt 0.942197 0.000000
vt 0.693642 0.000000
vt 0.722543 0.000000
vt 0.699422 0.000000
vt 0.716763 0.000000
vt 0.936416 0.000000
vt 0.705202 0.000000
vt 0.710983 0.000000
vt 0.919075 0.000000
vt 0.930636 0.000000
vt 0.924855 0.000000
vt 0.132948 0.000000
vt 0.242775 0.000000
vt 0.138728 0.000000
vt 0.127168 0.000000
vt 0.236994 0.000000
vt 0.144509 0.000000
vt 0.121387 0.000000
vt 0.231214 0.000000
vt 0.150289 0.000000
vt 0.115607 0.000000
vt 0.005780 0.000000
vt 0.156069 0.000000
vt 0.109827 0.000000
vt 0.225434 0.000000
vt 0.011561 0.000000
vt 0.161850 0.000000
vt 0.104046 0.000000
vt 0.017341 0.000000
vt 0.219653 0.000000
vt 0.167630 0.000000
vt 0.098266 0.000000
vt 0.023121 0.000000
vt 0.173410 0.000000
vt 0.092486 0.000000
vt 0.028902 0.000000
vt 0.213873 0.000000
vt 0.179191 0.000000
vt 0.086705 0.000000
vt 0.034682 0.000000
vt 0.184971 0.000000
vt 0.040462 0.000000
vt 0.080925 0.000000
vt 0.208092 0.000000
vt 0.046243 0.000000
vt 0.190751 0.000000
vt 0.075145 0.000000
vt 0.052023 0.000000
vt 0.196532 0.000000
vt 0.069364 0.000000
vt 0.202312 0.000000
vt 0.057803 0.000000
vt 0.063584 0.000000
vt 0.987013 0.000000
vt 0.012987 0.000000
vt 0.025974 0.000000
vt 0.038961 0.000000
vt 0.051948 0.000000
vt 0.064935 0.000000
vt 0.077922 0.000000
vt 0.090909 0.000000
vt 0.103896 0.000000
vt 0.116883 0.000000
vt 0.974026 0.000000
vt 0.961039 0.000000
vt 0.129870 0.000000
vt 0.948052 0.000000
vt 0.935065 0.000000
vt 0.922078 0.000000
vt 0.909091 0.000000
vt 0.896104 0.000000
vt 0.883117 0.000000
vt 0.155844 0.000000
vt 0.870130 0.000000
vt 0.168831 0.000000
vt 0.844156 0.000000
vt 0.831169 0.000000
vt 0.181818 0.000000
vt 0.818182 0.000000
vt 0.805195 0.000000
vt 0.194805 0.000000
vt 0.792208 0.000000
vt 0.207792 0.000000
vt 0.779221 0.000000
vt 0.766234 0.000000
vt 0.220779 0.000000
vt 0.753247 0.000000
vt 0.740260 0.000000
vt 0.233766 0.000000
vt 0.727273 0.000000
vt 0.246753 0.000000
vt 0.519481 0.000000
vt 0.701299 0.000000
vt 0.532468 0.000000
vt 0.545455 0.000000
vt 0.493506 0.000000
vt 0.558442 0.000000
vt 0.688312 0.000000
vt 0.584416 0.000000
vt 0.259740 0.000000
vt 0.675325 0.000000
vt 0.597403 0.000000
vt 0.610390 0.000000
vt 0.623377 0.000000
vt 0.662338 0.000000
vt 0.636364 0.000000
vt 0.649351 0.000000
vt 0.272727 0.000000
vt 0.298701 0.000000
vt 0.506494 0.000000
vt 0.480519 0.000000
vt 0.311688 0.000000
vt 0.467532 0.000000
vt 0.454545 0.000000
vt 0.441558 0.000000
vt 0.324675 0.000000
vt 0.415584 0.000000
vt 0.402597 0.000000
vt 0.389610 0.000000
vt 0.376623 0.000000
vt 0.337662 0.000000
vt 0.363636 0.000000
vt 0.350649 0.000000
vt 0.894737 0.000000
vt 0.909774 0.000000
vt 0.902256 0.000000
vt 0.917293 0.000000
vt 0.887218 0.000000
vt 0.924812 0.000000
vt 0.932331 0.000000
vt 0.879699 0.000000
vt 0.939850 0.000000
vt 0.947368 0.000000
vt 0.872180 0.000000
vt 0.954887 0.000000
vt 0.962406 0.000000
vt 0.864662 0.000000
vt 0.969925 0.000000
vt 0.977444 0.000000
vt 0.984962 0.000000
vt 0.992481 0.000000
vt 0.849624 0.000000
vt 0.052632 0.000000
vt 0.045113 0.000000
vt 0.037594 0.000000
vt 0.030075 0.000000
vt 0.022556 0.000000
vt 0.015038 0.000000
vt 0.007519 0.000000
vt 0.842105 0.000000
vt 0.067669 0.000000
vt 0.060150 0.000000
vt 0.834586 0.000000
vt 0.075188 0.000000
vt 0.827068 0.000000
vt 0.090226 0.000000
vt 0.082707 0.000000
vt 0.097744 0.000000
vt 0.105263 0.000000
vt 0.112782 0.000000
vt 0.120301 0.000000
vt 0.127820 0.000000
vt 0.819549 0.000000
vt 0.135338 0.000000
vt 0.150376 0.000000
vt 0.157895 0.000000
vt 0.812030 0.000000
vt 0.165414 0.000000
vt 0.172932 0.000000
vt 0.180451 0.000000
vt 0.804511 0.000000
vt 0.187970 0.000000
vt 0.195489 0.000000
vt 0.203008 0.000000
vt 0.210526 0.000000
vt 0.218045 0.000000
vt 0.796992 0.000000
vt 0.225564 0.000000
vt 0.233083 0.000000
vt 0.240602 0.000000
vt 0.789474 0.000000
vt 0.248120 0.000000
vt 0.255639 0.000000
vt 0.263158 0.000000
vt 0.781955 0.000000
vt 0.270677 0.000000
vt 0.774436 0.000000
vt 0.278196 0.000000
vt 0.766917 0.000000
vt 0.293233 0.000000
vt 0.759399 0.000000
vt 0.300752 0.000000
vt 0.308271 0.000000
vt 0.751880 0.000000
vt 0.315789 0.000000
vt 0.744361 0.000000
vt 0.323308 0.000000
vt 0.330827 0.000000
vt 0.736842 0.000000
vt 0.338346 0.000000
vt 0.729323 0.000000
vt 0.345865 0.000000
vt 0.721804 0.000000
vt 0.353383 0.000000
vt 0.533835 0.000000
vt 0.548872 0.000000
vt 0.541353 0.000000
vt 0.360902 0.000000
vt 0.556391 0.000000
vt 0.706767 0.000000
vt 0.563910 0.000000
vt 0.699248 0.000000
vt 0.368421 0.000000
vt 0.691729 0.000000
vt 0.578947 0.000000
vt 0.684211 0.000000
vt 0.586466 0.000000
vt 0.676692 0.000000
vt 0.375940 0.000000
vt 0.593985 0.000000
vt 0.669173 0.000000
vt 0.661654 0.000000
vt 0.601504 0.000000
vt 0.654135 0.000000
vt 0.609023 0.000000
vt 0.646617 0.000000
vt 0.616541 0.000000
vt 0.639098 0.000000
vt 0.624060 0.000000
vt 0.631579 0.000000
vt 0.383459 0.000000
vt 0.390977 0.000000
vt 0.398496 0.000000
vt 0.526316 0.000000
vt 0.406015 0.000000
vt 0.518797 0.000000
vt 0.511278 0.000000
vt 0.413534 0.000000
vt 0.503759 0.000000
vt 0.496241 0.000000
vt 0.421053 0.000000
vt 0.488722 0.000000
vt 0.481203 0.000000
vt 0.473684 0.000000
vt 0.436090 0.000000
vt 0.466165 0.000000
vt 0.458647 0.000000
vt 0.443609 0.000000
vt 0.451128 0.000000
vt 0.222222 0.000000
vt 0.259259 0.000000
vt 0.240741 0.000000
vt 0.277778 0.000000
vt 0.203704 0.000000
vt 0.296296 0.000000
vt 0.185185 0.000000
vt 0.314815 0.000000
vt 0.333333 0.000000
vt 0.166667 0.000000
vt 0.351852 0.000000
vt 0.962963 0.000000
vt 0.981481 0.000000
vt 0.148148 0.000000
vt 0.370370 0.000000
vt 0.388889 0.000000
vt 0.129630 0.000000
vt 0.407407 0.000000
vt 0.111111 0.000000
vt 0.425926 0.000000
vt 0.444444 0.000000
vt 0.092593 0.000000
vt 0.462963 0.000000
vt 0.074074 0.000000
vt 0.648148 0.000000
vt 0.629630 0.000000
vt 0.611111 0.000000
vt 0.592593 0.000000
vt 0.574074 0.000000
vt 0.555556 0.000000
vt 0.537037 0.000000
vt 0.518519 0.000000
vt 0.481481 0.000000
vt 0.055556 0.000000
vt 0.685185 0.000000
vt 0.666667 0.000000
vt 0.037037 0.000000
vt 0.722222 0.000000
vt 0.703704 0.000000
vt 0.740741 0.000000
vt 0.759259 0.000000
vt 0.018519 0.000000
vt 0.777778 0.000000
vt 0.796296 0.000000
vt 0.870370 0.000000
vt 0.851852 0.000000
vt 0.833333 0.000000
vt 0.814815 0.000000
vt 0.888889 0.000000
vt 0.907407 0.000000
vt 0.925926 0.000000
vt 0.944444 0.000000
vt 0.472727 0.000000
vt 0.981818 0.000000
vt 0.490909 0.000000
vt 0.509091 0.000000
vt 0.018182 0.000000
vt 0.036364 0.000000
vt 0.054545 0.000000
vt 0.072727 0.000000
vt 0.109091 0.000000
vt 0.963636 0.000000
vt 0.127273 0.000000
vt 0.945455 0.000000
vt 0.927273 0.000000
vt 0.145455 0.000000
vt 0.890909 0.000000
vt 0.872727 0.000000
vt 0.854545 0.000000
vt 0.163636 0.000000
vt 0.836364 0.000000
vt 0.800000 0.000000
vt 0.781818 0.000000
vt 0.763636 0.000000
vt 0.200000 0.000000
vt 0.745455 0.000000
vt 0.218182 0.000000
vt 0.709091 0.000000
vt 0.236364 0.000000
vt 0.690909 0.000000
vt 0.672727 0.000000
vt 0.254545 0.000000
vt 0.654545 0.000000
vt 0.618182 0.000000
vt 0.600000 0.000000
vt 0.581818 0.000000
vt 0.563636 0.000000
vt 0.290909 0.000000
vt 0.527273 0.000000
vt 0.436364 0.000000
vt 0.309091 0.000000
vt 0.327273 0.000000
vt 0.345455 0.000000
vt 0.381818 0.000000
vt 0.400000 0.000000
vt 0.418182 0.000000
vt 0.000000 1.000000
vt 0.034483 1.000000
vt 0.034483 0.000000
vt 0.068966 1.000000
vt 0.068966 0.000000
vt 0.103448 1.000000
vt 0.103448 0.000000
vt 0.137931 1.000000
vt 0.137931 0.000000
vt 0.172414 1.000000
vt 0.172414 0.000000
vt 0.206897 1.000000
vt 0.206897 0.000000
vt 0.241379 1.000000
vt 0.241379 0.000000
vt 0.275862 1.000000
vt 0.275862 0.000000
vt 0.310345 1.000000
vt 0.310345 0.000000
vt 0.344828 1.000000
vt 0.344828 0.000000
vt 0.379310 1.000000
vt 0.379310 0.000000
vt 0.413793 1.000000
vt 0.413793 0.000000
vt 0.448276 1.000000
vt 0.448276 0.000000
vt 0.482759 1.000000
vt 0.482759 0.000000
vt 0.517241 1.000000
vt 0.517241 0.000000
vt 0.551724 1.000000
vt 0.551724 0.000000
vt 0.586207 1.000000
vt 0.586207 0.000000
vt 0.620690 1.000000
vt 0.620690 0.000000
vt 0.655172 1.000000
vt 0.655172 0.000000
vt 0.689655 1.000000
vt 0.689655 0.000000
vt 0.724138 1.000000
vt 0.724138 0.000000
vt 0.758621 1.000000
vt 0.758621 0.000000
vt 0.793103 1.000000
vt 0.793103 0.000000
vt 0.827586 1.000000
vt 0.827586 0.000000
vt 0.862069 1.000000
vt 0.862069 0.000000
vt 0.896552 1.000000
vt 0.896552 0.000000
vt 0.931035 1.000000
vt 0.931035 0.000000
vt 0.965517 1.000000
vt 0.965517 0.000000
vt 1.000000 1.000000
vt 0.037037 1.000000
vt 0.074074 1.000000
vt 0.111111 1.000000
vt 0.148148 1.000000
vt 0.185185 1.000000
vt 0.222222 1.000000
vt 0.259259 1.000000
vt 0.296296 1.000000
vt 0.333333 1.000000
vt 0.370370 1.000000
vt 0.407407 1.000000
vt 0.444444 1.000000
vt 0.481481 1.000000
vt 0.518519 1.000000
vt 0.555556 1.000000
vt 0.592593 1.000000
vt 0.629630 1.000000
vt 0.666667 1.000000
vt 0.703704 1.000000
vt 0.740741 1.000000
vt 0.777778 1.000000
vt 0.814815 1.000000
vt 0.851852 1.000000
vt 0.888889 1.000000
vt 0.925926 1.000000
vt 0.962963 1.000000
vt 0.018182 1.000000
vt 0.036364 1.000000
vt 0.054545 1.000000
vt 0.072727 1.000000
vt 0.090909 1.000000
vt 0.109091 1.000000
vt 0.127273 1.000000
vt 0.145455 1.000000
vt 0.163636 1.000000
vt 0.181818 1.000000
vt 0.200000 1.000000
vt 0.218182 1.000000
vt 0.236364 1.000000
vt 0.254545 1.000000
vt 0.272727 1.000000
vt 0.290909 1.000000
vt 0.309091 1.000000
vt 0.327273 1.000000
vt 0.345455 1.000000
vt 0.363636 1.000000
vt 0.381818 1.000000
vt 0.400000 1.000000
vt 0.418182 1.000000
vt 0.436364 1.000000
vt 0.454545 1.000000
vt 0.472727 1.000000
vt 0.490909 1.000000
vt 0.509091 1.000000
vt 0.527273 1.000000
vt 0.545455 1.000000
vt 0.563636 1.000000
vt 0.581818 1.000000
vt 0.600000 1.000000
vt 0.618182 1.000000
vt 0.636364 1.000000
vt 0.654545 1.000000
vt 0.672727 1.000000
vt 0.690909 1.000000
vt 0.709091 1.000000
vt 0.727273 1.000000
vt 0.745455 1.000000
vt 0.763636 1.000000
vt 0.781818 1.000000
vt 0.800000 1.000000
vt 0.818182 1.000000
vt 0.836364 1.000000
vt 0.854545 1.000000
vt 0.872727 1.000000
vt 0.890909 1.000000
vt 0.909091 1.000000
vt 0.927273 1.000000
vt 0.945455 1.000000
vt 0.963636 1.000000
vt 0.981818 1.000000
vt 0.013514 1.000000
vt 0.013514 0.000000
vt 0.027027 1.000000
vt 0.027027 0.000000
vt 0.040541 1.000000
vt 0.040541 0.000000
vt 0.054054 1.000000
vt 0.054054 0.000000
vt 0.067568 1.000000
vt 0.067568 0.000000
vt 0.081081 1.000000
vt 0.081081 0.000000
vt 0.094595 1.000000
vt 0.094595 0.000000
vt 0.108108 1.000000
vt 0.108108 0.000000
vt 0.121622 1.000000
vt 0.121622 0.000000
vt 0.135135 1.000000
vt 0.135135 0.000000
vt 0.148649 1.000000
vt 0.148649 0.000000
vt 0.162162 1.000000
vt 0.162162 0.000000
vt 0.175676 1.000000
vt 0.175676 0.000000
vt 0.189189 1.000000
vt 0.189189 0.000000
vt 0.202703 1.000000
vt 0.202703 0.000000
vt 0.216216 1.000000
vt 0.216216 0.000000
vt 0.229730 1.000000
vt 0.229730 0.000000
vt 0.243243 1.000000
vt 0.243243 0.000000
vt 0.256757 1.000000
vt 0.256757 0.000000
vt 0.270270 1.000000
vt 0.270270 0.000000
vt 0.283784 1.000000
vt 0.283784 0.000000
vt 0.297297 1.000000
vt 0.297297 0.000000
vt 0.310811 1.000000
vt 0.310811 0.000000
vt 0.324324 1.000000
vt 0.324324 0.000000
vt 0.337838 1.000000
vt 0.337838 0.000000
vt 0.351351 1.000000
vt 0.351351 0.000000
vt 0.364865 1.000000
vt 0.364865 0.000000
vt 0.378378 1.000000
vt 0.378378 0.000000
vt 0.391892 1.000000
vt 0.391892 0.000000
vt 0.405405 1.000000
vt 0.405405 0.000000
vt 0.418919 1.000000
vt 0.418919 0.000000
vt 0.432432 1.000000
vt 0.432432 0.000000
vt 0.445946 1.000000
vt 0.445946 0.000000
vt 0.459459 1.000000
vt 0.459459 0.000000
vt 0.472973 1.000000
vt 0.472973 0.000000
vt 0.486486 1.000000
vt 0.486486 0.000000
vt 0.500000 1.000000
vt 0.513514 1.000000
vt 0.513514 0.000000
vt 0.527027 1.000000
vt 0.527027 0.000000
vt 0.540541 1.000000
vt 0.540541 0.000000
vt 0.554054 1.000000
vt 0.554054 0.000000
vt 0.567568 1.000000
vt 0.567568 0.000000
vt 0.581081 1.000000
vt 0.581081 0.000000
vt 0.594595 1.000000
vt 0.594595 0.000000
vt 0.608108 1.000000
vt 0.608108 0.000000
vt 0.621622 1.000000
vt 0.621622 0.000000
vt 0.635135 1.000000
vt 0.635135 0.000000
vt 0.648649 1.000000
vt 0.648649 0.000000
vt 0.662162 1.000000
vt 0.662162 0.000000
vt 0.675676 1.000000
vt 0.675676 0.000000
vt 0.689189 1.000000
vt 0.689189 0.000000
vt 0.702703 1.000000
vt 0.702703 0.000000
vt 0.716216 1.000000
vt 0.716216 0.000000
vt 0.729730 1.000000
vt 0.729730 0.000000
vt 0.743243 1.000000
vt 0.743243 0.000000
vt 0.756757 1.000000
vt 0.756757 0.000000
vt 0.770270 1.000000
vt 0.770270 0.000000
vt 0.783784 1.000000
vt 0.783784 0.000000
vt 0.797297 1.000000
vt 0.797297 0.000000
vt 0.810811 1.000000
vt 0.810811 0.000000
vt 0.824324 1.000000
vt 0.824324 0.000000
vt 0.837838 1.000000
vt 0.837838 0.000000
vt 0.851351 1.000000
vt 0.851351 0.000000
vt 0.864865 1.000000
vt 0.864865 0.000000
vt 0.878378 1.000000
vt 0.878378 0.000000
vt 0.891892 1.000000
vt 0.891892 0.000000
vt 0.905405 1.000000
vt 0.905405 0.000000
vt 0.918919 1.000000
vt 0.918919 0.000000
vt 0.932432 1.000000
vt 0.932432 0.000000
vt 0.945946 1.000000
vt 0.945946 0.000000
vt 0.959459 1.000000
vt 0.959459 0.000000
vt 0.972973 1.000000
vt 0.972973 0.000000
vt 0.986486 1.000000
vt 0.986486 0.000000
vt 0.040000 1.000000
vt 0.040000 0.000000
vt 0.080000 1.000000
vt 0.080000 0.000000
vt 0.120000 1.000000
vt 0.120000 0.000000
vt 0.160000 1.000000
vt 0.160000 0.000000
vt 0.240000 1.000000
vt 0.240000 0.000000
vt 0.280000 1.000000
vt 0.280000 0.000000
vt 0.320000 1.000000
vt 0.320000 0.000000
vt 0.360000 1.000000
vt 0.360000 0.000000
vt 0.440000 1.000000
vt 0.440000 0.000000
vt 0.480000 1.000000
vt 0.480000 0.000000
vt 0.520000 1.000000
vt 0.520000 0.000000
vt 0.560000 1.000000
vt 0.560000 0.000000
vt 0.640000 1.000000
vt 0.640000 0.000000
vt 0.680000 1.000000
vt 0.680000 0.000000
vt 0.720000 1.000000
vt 0.720000 0.000000
vt 0.760000 1.000000
vt 0.760000 0.000000
vt 0.840000 1.000000
vt 0.840000 0.000000
vt 0.880000 1.000000
vt 0.880000 0.000000
vt 0.920000 1.000000
vt 0.920000 0.000000
vt 0.960000 1.000000
vt 0.960000 0.000000
vt 0.007463 1.000000
vt 0.007463 0.000000
vt 0.014925 1.000000
vt 0.014925 0.000000
vt 0.022388 1.000000
vt 0.022388 0.000000
vt 0.029851 1.000000
vt 0.029851 0.000000
vt 0.037313 1.000000
vt 0.037313 0.000000
vt 0.044776 1.000000
vt 0.044776 0.000000
vt 0.052239 1.000000
vt 0.052239 0.000000
vt 0.059701 1.000000
vt 0.059701 0.000000
vt 0.067164 1.000000
vt 0.067164 0.000000
vt 0.074627 1.000000
vt 0.074627 0.000000
vt 0.082090 1.000000
vt 0.082090 0.000000
vt 0.089552 1.000000
vt 0.089552 0.000000
vt 0.097015 1.000000
vt 0.097015 0.000000
vt 0.104478 1.000000
vt 0.104478 0.000000
vt 0.111940 1.000000
vt 0.111940 0.000000
vt 0.119403 1.000000
vt 0.119403 0.000000
vt 0.126866 1.000000
vt 0.126866 0.000000
vt 0.134328 1.000000
vt 0.134328 0.000000
vt 0.141791 1.000000
vt 0.141791 0.000000
vt 0.149254 1.000000
vt 0.149254 0.000000
vt 0.156716 1.000000
vt 0.156716 0.000000
vt 0.164179 1.000000
vt 0.164179 0.000000
vt 0.171642 1.000000
vt 0.171642 0.000000
vt 0.179104 1.000000
vt 0.179104 0.000000
vt 0.186567 1.000000
vt 0.186567 0.000000
vt 0.194030 1.000000
vt 0.194030 0.000000
vt 0.201493 1.000000
vt 0.201493 0.000000
vt 0.208955 1.000000
vt 0.208955 0.000000
vt 0.216418 1.000000
vt 0.216418 0.000000
vt 0.223881 1.000000
vt 0.223881 0.000000
vt 0.231343 1.000000
vt 0.231343 0.000000
vt 0.238806 1.000000
vt 0.238806 0.000000
vt 0.246269 1.000000
vt 0.246269 0.000000
vt 0.253731 1.000000
vt 0.253731 0.000000
vt 0.261194 1.000000
vt 0.261194 0.000000
vt 0.268657 1.000000
vt 0.268657 0.000000
vt 0.276119 1.000000
vt 0.276119 0.000000
vt 0.283582 1.000000
vt 0.283582 0.000000
vt 0.291045 1.000000
vt 0.291045 0.000000
vt 0.298507 1.000000
vt 0.298507 0.000000
vt 0.305970 1.000000
vt 0.305970 0.000000
vt 0.313433 1.000000
vt 0.313433 0.000000
vt 0.320896 1.000000
vt 0.320896 0.000000
vt 0.328358 1.000000
vt 0.328358 0.000000
vt 0.335821 1.000000
vt 0.335821 0.000000
vt 0.343284 1.000000
vt 0.343284 0.000000
vt 0.350746 1.000000
vt 0.350746 0.000000
vt 0.358209 1.000000
vt 0.358209 0.000000
vt 0.365672 1.000000
vt 0.365672 0.000000
vt 0.373134 1.000000
vt 0.373134 0.000000
vt 0.380597 1.000000
vt 0.380597 0.000000
vt 0.388060 1.000000
vt 0.388060 0.000000
vt 0.395522 1.000000
vt 0.395522 0.000000
vt 0.402985 1.000000
vt 0.402985 0.000000
vt 0.410448 1.000000
vt 0.410448 0.000000
vt 0.417910 1.000000
vt 0.417910 0.000000
vt 0.425373 1.000000
vt 0.425373 0.000000
vt 0.432836 1.000000
vt 0.432836 0.000000
vt 0.440298 1.000000
vt 0.440298 0.000000
vt 0.447761 1.000000
vt 0.447761 0.000000
vt 0.455224 1.000000
vt 0.455224 0.000000
vt 0.462687 1.000000
vt 0.462687 0.000000
vt 0.470149 1.000000
vt 0.470149 0.000000
vt 0.477612 1.000000
vt 0.477612 0.000000
vt 0.485075 1.000000
vt 0.485075 0.000000
vt 0.492537 1.000000
vt 0.492537 0.000000
vt 0.507463 1.000000
vt 0.507463 0.000000
vt 0.514925 1.000000
vt 0.514925 0.000000
vt 0.522388 1.000000
vt 0.522388 0.000000
vt 0.529851 1.000000
vt 0.529851 0.000000
vt 0.537313 1.000000
vt 0.537313 0.000000
vt 0.544776 1.000000
vt 0.544776 0.000000
vt 0.552239 1.000000
vt 0.552239 0.000000
vt 0.559702 1.000000
vt 0.559702 0.000000
vt 0.567164 1.000000
vt 0.567164 0.000000
vt 0.574627 1.000000
vt 0.574627 0.000000
vt 0.582090 1.000000
vt 0.582090 0.000000
vt 0.589552 1.000000
vt 0.589552 0.000000
vt 0.597015 1.000000
vt 0.597015 0.000000
vt 0.604478 1.000000
vt 0.604478 0.000000
vt 0.611940 1.000000
vt 0.611940 0.000000
vt 0.619403 1.000000
vt 0.619403 0.000000
vt 0.626866 1.000000
vt 0.626866 0.000000
vt 0.634328 1.000000
vt 0.634328 0.000000
vt 0.641791 1.000000
vt 0.641791 0.000000
vt 0.649254 1.000000
vt 0.649254 0.000000
vt 0.656716 1.000000
vt 0.656716 0.000000
vt 0.664179 1.000000
vt 0.664179 0.000000
vt 0.671642 1.000000
vt 0.671642 0.000000
vt 0.679105 1.000000
vt 0.679105 0.000000
vt 0.686567 1.000000
vt 0.686567 0.000000
vt 0.694030 1.000000
vt 0.694030 0.000000
vt 0.701493 1.000000
vt 0.701493 0.000000
vt 0.708955 1.000000
vt 0.708955 0.000000
vt 0.716418 1.000000
vt 0.716418 0.000000
vt 0.723881 1.000000
vt 0.723881 0.000000
vt 0.731343 1.000000
vt 0.731343 0.000000
vt 0.738806 1.000000
vt 0.738806 0.000000
vt 0.746269 1.000000
vt 0.746269 0.000000
vt 0.753731 1.000000
vt 0.753731 0.000000
vt 0.761194 1.000000
vt 0.761194 0.000000
vt 0.768657 1.000000
vt 0.768657 0.000000
vt 0.776119 1.000000
vt 0.776119 0.000000
vt 0.783582 1.000000
vt 0.783582 0.000000
vt 0.791045 1.000000
vt 0.791045 0.000000
vt 0.798507 1.000000
vt 0.798507 0.000000
vt 0.805970 1.000000
vt 0.805970 0.000000
vt 0.813433 1.000000
vt 0.813433 0.000000
vt 0.820895 1.000000
vt 0.820895 0.000000
vt 0.828358 1.000000
vt 0.828358 0.000000
vt 0.835821 1.000000
vt 0.835821 0.000000
vt 0.843284 1.000000
vt 0.843284 0.000000
vt 0.850746 1.000000
vt 0.850746 0.000000
vt 0.858209 1.000000
vt 0.858209 0.000000
vt 0.865672 1.000000
vt 0.865672 0.000000
vt 0.873134 1.000000
vt 0.873134 0.000000
vt 0.880597 1.000000
vt 0.880597 0.000000
vt 0.888060 1.000000
vt 0.888060 0.000000
vt 0.895522 1.000000
vt 0.895522 0.000000
vt 0.902985 1.000000
vt 0.902985 0.000000
vt 0.910448 1.000000
vt 0.910448 0.000000
vt 0.917910 1.000000
vt 0.917910 0.000000
vt 0.925373 1.000000
vt 0.925373 0.000000
vt 0.932836 1.000000
vt 0.932836 0.000000
vt 0.940298 1.000000
vt 0.940298 0.000000
vt 0.947761 1.000000
vt 0.947761 0.000000
vt 0.955224 1.000000
vt 0.955224 0.000000
vt 0.962687 1.000000
vt 0.962687 0.000000
vt 0.970149 1.000000
vt 0.970149 0.000000
vt 0.977612 1.000000
vt 0.977612 0.000000
vt 0.985075 1.000000
vt 0.985075 0.000000
vt 0.992537 1.000000
vt 0.992537 0.000000
vt 0.025000 1.000000
vt 0.025000 0.000000
vt 0.050000 1.000000
vt 0.050000 0.000000
vt 0.075000 1.000000
vt 0.075000 0.000000
vt 0.100000 1.000000
vt 0.100000 0.000000
vt 0.125000 1.000000
vt 0.125000 0.000000
vt 0.150000 1.000000
vt 0.150000 0.000000
vt 0.175000 1.000000
vt 0.175000 0.000000
vt 0.225000 1.000000
vt 0.225000 0.000000
vt 0.250000 1.000000
vt 0.250000 0.000000
vt 0.275000 1.000000
vt 0.275000 0.000000
vt 0.300000 1.000000
vt 0.300000 0.000000
vt 0.325000 1.000000
vt 0.325000 0.000000
vt 0.350000 1.000000
vt 0.350000 0.000000
vt 0.375000 1.000000
vt 0.375000 0.000000
vt 0.425000 1.000000
vt 0.425000 0.000000
vt 0.450000 1.000000
vt 0.450000 0.000000
vt 0.475000 1.000000
vt 0.475000 0.000000
vt 0.525000 1.000000
vt 0.525000 0.000000
vt 0.550000 1.000000
vt 0.550000 0.000000
vt 0.575000 1.000000
vt 0.575000 0.000000
vt 0.625000 1.000000
vt 0.625000 0.000000
vt 0.650000 1.000000
vt 0.650000 0.000000
vt 0.675000 1.000000
vt 0.675000 0.000000
vt 0.700000 1.000000
vt 0.700000 0.000000
vt 0.725000 1.000000
vt 0.725000 0.000000
vt 0.750000 1.000000
vt 0.750000 0.000000
vt 0.775000 1.000000
vt 0.775000 0.000000
vt 0.825000 1.000000
vt 0.825000 0.000000
vt 0.850000 1.000000
vt 0.850000 0.000000
vt 0.875000 1.000000
vt 0.875000 0.000000
vt 0.900000 1.000000
vt 0.900000 0.000000
vt 0.925000 1.000000
vt 0.925000 0.000000
vt 0.950000 1.000000
vt 0.950000 0.000000
vt 0.975000 1.000000
vt 0.975000 0.000000
vt 0.026316 1.000000
vt 0.026316 0.000000
vt 0.052632 1.000000
vt 0.078947 1.000000
vt 0.078947 0.000000
vt 0.105263 1.000000
vt 0.131579 1.000000
vt 0.131579 0.000000
vt 0.157895 1.000000
vt 0.184211 1.000000
vt 0.184211 0.000000
vt 0.210526 1.000000
vt 0.236842 1.000000
vt 0.236842 0.000000
vt 0.263158 1.000000
vt 0.289474 1.000000
vt 0.289474 0.000000
vt 0.315789 1.000000
vt 0.342105 1.000000
vt 0.342105 0.000000
vt 0.368421 1.000000
vt 0.394737 1.000000
vt 0.394737 0.000000
vt 0.421053 1.000000
vt 0.447368 1.000000
vt 0.447368 0.000000
vt 0.473684 1.000000
vt 0.526316 1.000000
vt 0.552632 1.000000
vt 0.552632 0.000000
vt 0.578947 1.000000
vt 0.605263 1.000000
vt 0.605263 0.000000
vt 0.631579 1.000000
vt 0.657895 1.000000
vt 0.657895 0.000000
vt 0.684211 1.000000
vt 0.710526 1.000000
vt 0.710526 0.000000
vt 0.736842 1.000000
vt 0.763158 1.000000
vt 0.763158 0.000000
vt 0.789474 1.000000
vt 0.815789 1.000000
vt 0.815789 0.000000
vt 0.842105 1.000000
vt 0.868421 1.000000
vt 0.868421 0.000000
vt 0.894737 1.000000
vt 0.921053 1.000000
vt 0.921053 0.000000
vt 0.947368 1.000000
vt 0.973684 1.000000
vt 0.973684 0.000000
vt 0.007299 1.000000
vt 0.007299 0.000000
vt 0.014599 1.000000
vt 0.014599 0.000000
vt 0.021898 1.000000
vt 0.021898 0.000000
vt 0.029197 1.000000
vt 0.029197 0.000000
vt 0.036496 1.000000
vt 0.036496 0.000000
vt 0.043796 1.000000
vt 0.043796 0.000000
vt 0.051095 1.000000
vt 0.051095 0.000000
vt 0.058394 1.000000
vt 0.058394 0.000000
vt 0.065693 1.000000
vt 0.065693 0.000000
vt 0.072993 1.000000
vt 0.072993 0.000000
vt 0.080292 1.000000
vt 0.080292 0.000000
vt 0.087591 1.000000
vt 0.087591 0.000000
vt 0.094891 1.000000
vt 0.094891 0.000000
vt 0.102190 1.000000
vt 0.102190 0.000000
vt 0.109489 1.000000
vt 0.109489 0.000000
vt 0.116788 1.000000
vt 0.116788 0.000000
vt 0.124088 1.000000
vt 0.124088 0.000000
vt 0.131387 1.000000
vt 0.131387 0.000000
vt 0.138686 1.000000
vt 0.138686 0.000000
vt 0.145985 1.000000
vt 0.145985 0.000000
vt 0.153285 1.000000
vt 0.153285 0.000000
vt 0.160584 1.000000
vt 0.160584 0.000000
vt 0.167883 1.000000
vt 0.167883 0.000000
vt 0.175182 1.000000
vt 0.175182 0.000000
vt 0.182482 1.000000
vt 0.182482 0.000000
vt 0.189781 1.000000
vt 0.189781 0.000000
vt 0.197080 1.000000
vt 0.197080 0.000000
vt 0.204380 1.000000
vt 0.204380 0.000000
vt 0.211679 1.000000
vt 0.211679 0.000000
vt 0.218978 1.000000
vt 0.218978 0.000000
vt 0.226277 1.000000
vt 0.226277 0.000000
vt 0.233577 1.000000
vt 0.233577 0.000000
vt 0.240876 1.000000
vt 0.240876 0.000000
vt 0.248175 1.000000
vt 0.248175 0.000000
vt 0.255474 1.000000
vt 0.255474 0.000000
vt 0.262774 1.000000
vt 0.262774 0.000000
vt 0.270073 1.000000
vt 0.270073 0.000000
vt 0.277372 1.000000
vt 0.277372 0.000000
vt 0.284672 1.000000
vt 0.284672 0.000000
vt 0.291971 1.000000
vt 0.291971 0.000000
vt 0.299270 1.000000
vt 0.299270 0.000000
vt 0.306569 1.000000
vt 0.306569 0.000000
vt 0.313869 1.000000
vt 0.313869 0.000000
vt 0.321168 1.000000
vt 0.321168 0.000000
vt 0.328467 1.000000
vt 0.328467 0.000000
vt 0.335766 1.000000
vt 0.335766 0.000000
vt 0.343066 1.000000
vt 0.343066 0.000000
vt 0.350365 1.000000
vt 0.350365 0.000000
vt 0.357664 1.000000
vt 0.357664 0.000000
vt 0.364964 1.000000
vt 0.364964 0.000000
vt 0.372263 1.000000
vt 0.372263 0.000000
vt 0.379562 1.000000
vt 0.379562 0.000000
vt 0.386861 1.000000
vt 0.386861 0.000000
vt 0.394161 1.000000
vt 0.394161 0.000000
vt 0.401460 1.000000
vt 0.401460 0.000000
vt 0.408759 1.000000
vt 0.408759 0.000000
vt 0.416058 1.000000
vt 0.416058 0.000000
vt 0.423358 1.000000
vt 0.423358 0.000000
vt 0.430657 1.000000
vt 0.430657 0.000000
vt 0.437956 1.000000
vt 0.437956 0.000000
vt 0.445255 1.000000
vt 0.445255 0.000000
vt 0.452555 1.000000
vt 0.452555 0.000000
vt 0.459854 1.000000
vt 0.459854 0.000000
vt 0.467153 1.000000
vt 0.467153 0.000000
vt 0.474453 1.000000
vt 0.474453 0.000000
vt 0.481752 1.000000
vt 0.481752 0.000000
vt 0.489051 1.000000
vt 0.489051 0.000000
vt 0.496350 1.000000
vt 0.496350 0.000000
vt 0.503650 1.000000
vt 0.503650 0.000000
vt 0.510949 1.000000
vt 0.510949 0.000000
vt 0.518248 1.000000
vt 0.518248 0.000000
vt 0.525547 1.000000
vt 0.525547 0.000000
vt 0.532847 1.000000
vt 0.532847 0.000000
vt 0.540146 1.000000
vt 0.540146 0.000000
vt 0.547445 1.000000
vt 0.547445 0.000000
vt 0.554745 1.000000
vt 0.554745 0.000000
vt 0.562044 1.000000
vt 0.562044 0.000000
vt 0.569343 1.000000
vt 0.569343 0.000000
vt 0.576642 1.000000
vt 0.576642 0.000000
vt 0.583942 1.000000
vt 0.583942 0.000000
vt 0.591241 1.000000
vt 0.591241 0.000000
vt 0.598540 1.000000
vt 0.598540 0.000000
vt 0.605839 1.000000
vt 0.605839 0.000000
vt 0.613139 1.000000
vt 0.613139 0.000000
vt 0.620438 1.000000
vt 0.620438 0.000000
vt 0.627737 1.000000
vt 0.627737 0.000000
vt 0.635036 1.000000
vt 0.635036 0.000000
vt 0.642336 1.000000
vt 0.642336 0.000000
vt 0.649635 1.000000
vt 0.649635 0.000000
vt 0.656934 1.000000
vt 0.656934 0.000000
vt 0.664234 1.000000
vt 0.664234 0.000000
vt 0.671533 1.000000
vt 0.671533 0.000000
vt 0.678832 1.000000
vt 0.678832 0.000000
vt 0.686131 1.000000
vt 0.686131 0.000000
vt 0.693431 1.000000
vt 0.693431 0.000000
vt 0.700730 1.000000
vt 0.700730 0.000000
vt 0.708029 1.000000
vt 0.708029 0.000000
vt 0.715328 1.000000
vt 0.715328 0.000000
vt 0.722628 1.000000
vt 0.722628 0.000000
vt 0.729927 1.000000
vt 0.729927 0.000000
vt 0.737226 1.000000
vt 0.737226 0.000000
vt 0.744526 1.000000
vt 0.744526 0.000000
vt 0.751825 1.000000
vt 0.751825 0.000000
vt 0.759124 1.000000
vt 0.759124 0.000000
vt 0.766423 1.000000
vt 0.766423 0.000000
vt 0.773723 1.000000
vt 0.773723 0.000000
vt 0.781022 1.000000
vt 0.781022 0.000000
vt 0.788321 1.000000
vt 0.788321 0.000000
vt 0.795620 1.000000
vt 0.795620 0.000000
vt 0.802920 1.000000
vt 0.802920 0.000000
vt 0.810219 1.000000
vt 0.810219 0.000000
vt 0.817518 1.000000
vt 0.817518 0.000000
vt 0.824818 1.000000
vt 0.824818 0.000000
vt 0.832117 1.000000
vt 0.832117 0.000000
vt 0.839416 1.000000
vt 0.839416 0.000000
vt 0.846715 1.000000
vt 0.846715 0.000000
vt 0.854015 1.000000
vt 0.854015 0.000000
vt 0.861314 1.000000
vt 0.861314 0.000000
vt 0.868613 1.000000
vt 0.868613 0.000000
vt 0.875912 1.000000
vt 0.875912 0.000000
vt 0.883212 1.000000
vt 0.883212 0.000000
vt 0.890511 1.000000
vt 0.890511 0.000000
vt 0.897810 1.000000
vt 0.897810 0.000000
vt 0.905109 1.000000
vt 0.905109 0.000000
vt 0.912409 1.000000
vt 0.912409 0.000000
vt 0.919708 1.000000
vt 0.919708 0.000000
vt 0.927007 1.000000
vt 0.927007 0.000000
vt 0.934307 1.000000
vt 0.934307 0.000000
vt 0.941606 1.000000
vt 0.941606 0.000000
vt 0.948905 1.000000
vt 0.948905 0.000000
vt 0.956204 1.000000
vt 0.956204 0.000000
vt 0.963504 1.000000
vt 0.963504 0.000000
vt 0.970803 1.000000
vt 0.970803 0.000000
vt 0.978102 1.000000
vt 0.978102 0.000000
vt 0.985401 1.000000
vt 0.985401 0.000000
vt 0.992701 1.000000
vt 0.992701 0.000000
vt 0.010204 1.000000
vt 0.020408 1.000000
vt 0.030612 1.000000
vt 0.040816 1.000000
vt 0.051020 1.000000
vt 0.061224 1.000000
vt 0.071429 1.000000
vt 0.081633 1.000000
vt 0.091837 1.000000
vt 0.102041 1.000000
vt 0.112245 1.000000
vt 0.122449 1.000000
vt 0.132653 1.000000
vt 0.142857 1.000000
vt 0.153061 1.000000
vt 0.163265 1.000000
vt 0.173469 1.000000
vt 0.183673 1.000000
vt 0.193878 1.000000
vt 0.204082 1.000000
vt 0.214286 1.000000
vt 0.224490 1.000000
vt 0.234694 1.000000
vt 0.244898 1.000000
vt 0.255102 1.000000
vt 0.265306 1.000000
vt 0.275510 1.000000
vt 0.285714 1.000000
vt 0.295918 1.000000
vt 0.306122 1.000000
vt 0.316327 1.000000
vt 0.326531 1.000000
vt 0.336735 1.000000
vt 0.346939 1.000000
vt 0.357143 1.000000
vt 0.367347 1.000000
vt 0.377551 1.000000
vt 0.387755 1.000000
vt 0.397959 1.000000
vt 0.408163 1.000000
vt 0.418367 1.000000
vt 0.428571 1.000000
vt 0.438776 1.000000
vt 0.448980 1.000000
vt 0.459184 1.000000
vt 0.469388 1.000000
vt 0.479592 1.000000
vt 0.489796 1.000000
vt 0.510204 1.000000
vt 0.520408 1.000000
vt 0.530612 1.000000
vt 0.540816 1.000000
vt 0.551020 1.000000
vt 0.561224 1.000000
vt 0.571429 1.000000
vt 0.581633 1.000000
vt 0.591837 1.000000
vt 0.602041 1.000000
vt 0.612245 1.000000
vt 0.622449 1.000000
vt 0.632653 1.000000
vt 0.642857 1.000000
vt 0.653061 1.000000
vt 0.663265 1.000000
vt 0.673469 1.000000
vt 0.683673 1.000000
vt 0.693878 1.000000
vt 0.704082 1.000000
vt 0.714286 1.000000
vt 0.724490 1.000000
vt 0.734694 1.000000
vt 0.744898 1.000000
vt 0.755102 1.000000
vt 0.765306 1.000000
vt 0.775510 1.000000
vt 0.785714 1.000000
vt 0.795918 1.000000
vt 0.806122 1.000000
vt 0.816327 1.000000
vt 0.826531 1.000000
vt 0.836735 1.000000
vt 0.846939 1.000000
vt 0.857143 1.000000
vt 0.867347 1.000000
vt 0.877551 1.000000
vt 0.887755 1.000000
vt 0.897959 1.000000
vt 0.908163 1.000000
vt 0.918367 1.000000
vt 0.928571 1.000000
vt 0.938776 1.000000
vt 0.948980 1.000000
vt 0.959184 1.000000
vt 0.969388 1.000000
vt 0.979592 1.000000
vt 0.989796 1.000000
s 0
f 35/1/1 37/2/1 36/3/1
f 35/1/1 38/4/1 37/2/1
f 34/5/1 38/4/1 35/1/1
f 34/5/1 39/6/1 38/4/1
f 33/7/1 39/6/1 34/5/1
f 33/7/1 40/8/1 39/6/1
f 32/9/1 40/8/1 33/7/1
f 32/9/1 41/10/1 40/8/1
f 31/11/1 41/10/1 32/9/1
f 31/11/1 42/12/1 41/10/1
f 30/13/1 42/12/1 31/11/1
f 30/13/1 43/14/1 42/12/1
f 29/15/1 86/16/1 30/13/1
f 86/16/1 43/14/1 30/13/1
f 29/15/1 87/17/1 86/16/1
f 85/18/1 43/14/1 86/16/1
f 29/15/1 88/19/1 87/17/1
f 84/20/1 43/14/1 85/18/1
f 29/15/1 89/21/1 88/19/1
f 83/22/1 43/14/1 84/20/1
f 83/22/1 44/23/1 43/14/1
f 29/15/1 90/24/1 89/21/1
f 28/25/1 90/24/1 29/15/1
f 82/26/1 44/23/1 83/22/1
f 28/25/1 91/27/1 90/24/1
f 81/28/1 44/23/1 82/26/1
f 28/25/1 92/29/1 91/27/1
f 80/30/1 44/23/1 81/28/1
f 28/25/1 93/31/1 92/29/1
f 79/32/1 44/23/1 80/30/1
f 27/33/1 93/31/1 28/25/1
f 79/32/1 45/34/1 44/23/1
f 27/33/1 94/35/1 93/31/1
f 78/36/1 45/34/1 79/32/1
f 27/33/1 95/37/1 94/35/1
f 77/38/1 45/34/1 78/36/1
f 26/39/1 95/37/1 27/33/1
f 77/38/1 46/40/1 45/34/1
f 26/39/1 96/41/1 95/37/1
f 76/42/1 46/40/1 77/38/1
f 26/39/1 97/43/1 96/41/1
f 75/44/1 46/40/1 76/42/1
f 25/45/1 97/43/1 26/39/1
f 25/45/1 98/46/1 97/43/1
f 75/44/1 47/47/1 46/40/1
f 99/48/1 47/47/1 75/44/1
f 25/45/1 99/48/1 98/46/1
f 25/45/1 47/47/1 99/48/1
f 24/49/1 47/47/1 25/45/1
f 24/49/1 48/50/1 47/47/1
f 23/51/1 49/52/1 24/49/1
f 49/52/1 48/50/1 24/49/1
f 23/51/1 50/53/1 49/52/1
f 22/54/1 50/53/1 23/51/1
f 22/54/1 51/55/1 50/53/1
f 22/54/1 52/56/1 51/55/1
f 21/57/1 52/56/1 22/54/1
f 21/57/1 53/58/1 52/56/1
f 20/59/1 53/58/1 21/57/1
f 20/59/1 54/60/1 53/58/1
f 72/61/1 74/62/1 73/63/1
f 20/59/1 55/64/1 54/60/1
f 71/65/1 74/62/1 72/61/1
f 70/66/1 74/62/1 71/65/1
f 19/67/1 55/64/1 20/59/1
f 19/67/1 56/68/1 55/64/1
f 69/69/1 74/62/1 70/66/1
f 68/70/1 74/62/1 69/69/1
f 19/67/1 57/71/1 56/68/1
f 67/72/1 74/62/1 68/70/1
f 19/67/1 58/73/1 57/71/1
f 66/74/1 74/62/1 67/72/1
f 18/75/1 58/73/1 19/67/1
f 65/76/1 74/62/1 66/74/1
f 18/75/1 59/77/1 58/73/1
f 64/78/1 74/62/1 65/76/1
f 18/75/1 60/79/1 59/77/1
f 63/80/1 74/62/1 64/78/1
f 62/81/1 74/62/1 63/80/1
f 18/75/1 61/82/1 60/79/1
f 61/82/1 74/62/1 62/81/1
f 18/75/1 74/62/1 61/82/1
f 17/83/1 74/62/1 18/75/1
f 17/83/1 1/84/1 74/62/1
f 16/85/1 1/84/1 17/83/1
f 16/85/1 2/86/1 1/84/1
f 16/85/1 3/87/1 2/86/1
f 15/88/1 3/87/1 16/85/1
f 15/88/1 4/89/1 3/87/1
f 15/88/1 5/90/1 4/89/1
f 14/91/1 5/90/1 15/88/1
f 14/91/1 6/92/1 5/90/1
f 14/91/1 7/93/1 6/92/1
f 13/94/1 7/93/1 14/91/1
f 13/94/1 8/95/1 7/93/1
f 13/94/1 9/96/1 8/95/1
f 13/94/1 10/97/1 9/96/1
f 12/98/1 10/97/1 13/94/1
f 12/98/1 11/99/1 10/97/1
f 183/100/1 185/101/1 184/102/1
f 183/100/1 186/103/1 185/101/1
f 183/100/1 187/104/1 186/103/1
f 182/105/1 187/104/1 183/100/1
f 182/105/1 188/106/1 187/104/1
f 182/105/1 189/107/1 188/106/1
f 182/105/1 190/108/1 189/107/1
f 181/109/1 190/108/1 182/105/1
f 181/109/1 191/110/1 190/108/1
f 181/109/1 192/111/1 191/110/1
f 181/109/1 193/112/1 192/111/1
f 180/113/1 193/112/1 181/109/1
f 180/113/1 194/114/1 193/112/1
f 180/113/1 195/115/1 194/114/1
f 180/113/1 196/116/1 195/115/1
f 179/117/1 196/116/1 180/113/1
f 179/117/1 107/118/1 196/116/1
f 107/118/1 106/119/1 196/116/1
f 106/119/1 105/120/1 196/116/1
f 105/120/1 104/121/1 196/116/1
f 104/121/1 103/122/1 196/116/1
f 103/122/1 102/123/1 196/116/1
f 102/123/1 101/124/1 196/116/1
f 101/124/1 100/84/1 196/116/1
f 100/84/1 197/48/1 196/116/1
f 178/125/1 109/126/1 179/117/1
f 109/126/1 108/127/1 179/117/1
f 108/127/1 107/118/1 179/117/1
f 177/128/1 111/129/1 178/125/1
f 111/129/1 110/130/1 178/125/1
f 110/130/1 109/126/1 178/125/1
f 177/128/1 112/131/1 111/129/1
f 177/128/1 113/132/1 112/131/1
f 177/128/1 114/133/1 113/132/1
f 176/134/1 114/133/1 177/128/1
f 176/134/1 115/135/1 114/133/1
f 176/134/1 116/136/1 115/135/1
f 176/134/1 117/137/1 116/136/1
f 175/138/1 117/137/1 176/134/1
f 175/138/1 118/139/1 117/137/1
f 175/138/1 119/140/1 118/139/1
f 174/141/1 119/140/1 175/138/1
f 174/141/1 120/142/1 119/140/1
f 174/141/1 121/143/1 120/142/1
f 173/144/1 121/143/1 174/141/1
f 173/144/1 122/145/1 121/143/1
f 172/146/1 122/145/1 173/144/1
f 172/146/1 123/147/1 122/145/1
f 172/146/1 124/148/1 123/147/1
f 171/149/1 124/148/1 172/146/1
f 171/149/1 125/150/1 124/148/1
f 170/151/1 125/150/1 171/149/1
f 170/151/1 126/152/1 125/150/1
f 170/151/1 127/153/1 126/152/1
f 169/154/1 127/153/1 170/151/1
f 169/154/1 128/155/1 127/153/1
f 169/154/1 129/156/1 128/155/1
f 168/157/1 129/156/1 169/154/1
f 168/157/1 130/158/1 129/156/1
f 146/159/1 148/160/1 147/161/1
f 168/157/1 131/162/1 130/158/1
f 145/163/1 148/160/1 146/159/1
f 167/164/1 131/162/1 168/157/1
f 144/165/1 148/160/1 145/163/1
f 167/164/1 132/166/1 131/162/1
f 143/167/1 148/160/1 144/165/1
f 142/168/1 148/160/1 143/167/1
f 141/169/1 148/160/1 142/168/1
f 167/164/1 133/170/1 132/166/1
f 140/171/1 148/160/1 141/169/1
f 139/172/1 148/160/1 140/171/1
f 167/164/1 134/173/1 133/170/1
f 138/174/1 148/160/1 139/172/1
f 137/175/1 148/160/1 138/174/1
f 167/164/1 135/176/1 134/173/1
f 136/177/1 148/160/1 137/175/1
f 166/178/1 135/176/1 167/164/1
f 135/176/1 148/160/1 136/177/1
f 166/178/1 148/160/1 135/176/1
f 165/179/1 148/160/1 166/178/1
f 164/180/1 148/160/1 165/179/1
f 163/181/1 148/160/1 164/180/1
f 163/181/1 149/182/1 148/160/1
f 163/181/1 150/183/1 149/182/1
f 163/181/1 151/184/1 150/183/1
f 162/185/1 151/184/1 163/181/1
f 162/185/1 152/186/1 151/184/1
f 162/185/1 153/187/1 152/186/1
f 162/185/1 154/188/1 153/187/1
f 162/185/1 155/189/1 154/188/1
f 161/190/1 155/189/1 162/185/1
f 161/190/1 156/191/1 155/189/1
f 161/190/1 157/192/1 156/191/1
f 161/190/1 158/193/1 157/192/1
f 160/194/1 158/193/1 161/190/1
f 160/194/1 159/195/1 158/193/1
f 295/196/1 297/197/1 296/198/1
f 294/199/1 297/197/1 295/196/1
f 294/199/1 298/200/1 297/197/1
f 293/201/1 298/200/1 294/199/1
f 292/202/1 298/200/1 293/201/1
f 292/202/1 299/203/1 298/200/1
f 291/204/1 299/203/1 292/202/1
f 291/204/1 300/205/1 299/203/1
f 290/206/1 300/205/1 291/204/1
f 289/207/1 300/205/1 290/206/1
f 289/207/1 301/208/1 300/205/1
f 288/209/1 301/208/1 289/207/1
f 288/209/1 302/210/1 301/208/1
f 287/211/1 302/210/1 288/209/1
f 286/212/1 302/210/1 287/211/1
f 286/212/1 303/213/1 302/210/1
f 285/214/1 303/213/1 286/212/1
f 285/214/1 304/215/1 303/213/1
f 284/216/1 304/215/1 285/214/1
f 283/217/1 282/218/1 284/216/1
f 282/218/1 281/219/1 284/216/1
f 281/219/1 280/220/1 284/216/1
f 280/220/1 279/221/1 284/216/1
f 279/221/1 278/222/1 284/216/1
f 278/222/1 277/223/1 284/216/1
f 277/223/1 276/224/1 284/216/1
f 276/224/1 275/225/1 284/216/1
f 275/225/1 274/226/1 284/216/1
f 274/226/1 273/227/1 284/216/1
f 273/227/1 304/215/1 284/216/1
f 273/227/1 272/228/1 304/215/1
f 272/228/1 271/229/1 304/215/1
f 271/229/1 305/230/1 304/215/1
f 271/229/1 270/231/1 305/230/1
f 270/231/1 306/232/1 305/230/1
f 269/233/1 306/232/1 270/231/1
f 268/234/1 306/232/1 269/233/1
f 267/235/1 306/232/1 268/234/1
f 266/236/1 306/232/1 267/235/1
f 265/237/1 306/232/1 266/236/1
f 265/237/1 307/238/1 306/232/1
f 264/239/1 307/238/1 265/237/1
f 263/240/1 307/238/1 264/239/1
f 262/241/1 307/238/1 263/240/1
f 262/241/1 308/242/1 307/238/1
f 261/243/1 308/242/1 262/241/1
f 260/244/1 308/242/1 261/243/1
f 260/244/1 309/245/1 308/242/1
f 259/246/1 309/245/1 260/244/1
f 258/247/1 309/245/1 259/246/1
f 257/248/1 371/48/1 258/247/1
f 371/48/1 309/245/1 258/247/1
f 256/249/1 371/48/1 257/248/1
f 255/250/1 371/48/1 256/249/1
f 254/251/1 371/48/1 255/250/1
f 253/252/1 371/48/1 254/251/1
f 253/252/1 335/253/1 371/48/1
f 370/254/1 309/245/1 371/48/1
f 253/252/1 336/255/1 335/253/1
f 252/256/1 336/255/1 253/252/1
f 252/256/1 337/257/1 336/255/1
f 251/258/1 337/257/1 252/256/1
f 251/258/1 338/259/1 337/257/1
f 250/260/1 338/259/1 251/258/1
f 250/260/1 339/261/1 338/259/1
f 250/260/1 340/262/1 339/261/1
f 249/263/1 340/262/1 250/260/1
f 249/263/1 341/264/1 340/262/1
f 248/265/1 341/264/1 249/263/1
f 248/265/1 342/266/1 341/264/1
f 248/265/1 343/267/1 342/266/1
f 247/268/1 343/267/1 248/265/1
f 247/268/1 344/269/1 343/267/1
f 247/268/1 345/270/1 344/269/1
f 246/271/1 345/270/1 247/268/1
f 246/271/1 346/272/1 345/270/1
f 245/273/1 346/272/1 246/271/1
f 245/273/1 347/274/1 346/272/1
f 245/273/1 348/275/1 347/274/1
f 244/276/1 348/275/1 245/273/1
f 244/276/1 349/277/1 348/275/1
f 244/276/1 350/278/1 349/277/1
f 369/279/1 309/245/1 370/254/1
f 243/280/1 350/278/1 244/276/1
f 368/281/1 309/245/1 369/279/1
f 243/280/1 351/282/1 350/278/1
f 367/283/1 309/245/1 368/281/1
f 332/284/1 334/285/1 333/286/1
f 367/283/1 310/287/1 309/245/1
f 243/280/1 352/288/1 351/282/1
f 331/289/1 334/285/1 332/284/1
f 366/290/1 310/287/1 367/283/1
f 366/290/1 311/291/1 310/287/1
f 330/292/1 334/285/1 331/289/1
f 242/293/1 352/288/1 243/280/1
f 242/293/1 353/294/1 352/288/1
f 366/290/1 312/295/1 311/291/1
f 365/296/1 312/295/1 366/290/1
f 329/297/1 334/285/1 330/292/1
f 365/296/1 313/298/1 312/295/1
f 364/299/1 313/298/1 365/296/1
f 328/300/1 334/285/1 329/297/1
f 242/293/1 354/301/1 353/294/1
f 364/299/1 314/302/1 313/298/1
f 327/303/1 334/285/1 328/300/1
f 363/304/1 314/302/1 364/299/1
f 363/304/1 315/305/1 314/302/1
f 326/306/1 334/285/1 327/303/1
f 242/293/1 355/307/1 354/301/1
f 363/304/1 316/308/1 315/305/1
f 362/309/1 316/308/1 363/304/1
f 325/310/1 334/285/1 326/306/1
f 362/309/1 317/311/1 316/308/1
f 241/312/1 355/307/1 242/293/1
f 324/313/1 334/285/1 325/310/1
f 241/312/1 356/314/1 355/307/1
f 361/315/1 317/311/1 362/309/1
f 361/315/1 318/316/1 317/311/1
f 323/317/1 334/285/1 324/313/1
f 361/315/1 319/318/1 318/316/1
f 322/319/1 334/285/1 323/317/1
f 360/320/1 319/318/1 361/315/1
f 360/320/1 320/321/1 319/318/1
f 321/322/1 334/285/1 322/319/1
f 360/320/1 321/322/1 320/321/1
f 241/312/1 357/323/1 356/314/1
f 360/320/1 334/285/1 321/322/1
f 359/324/1 334/285/1 360/320/1
f 241/312/1 358/325/1 357/323/1
f 358/325/1 334/285/1 359/324/1
f 241/312/1 221/326/1 358/325/1
f 221/326/1 334/285/1 358/325/1
f 240/327/1 221/326/1 241/312/1
f 240/327/1 222/328/1 221/326/1
f 220/329/1 334/285/1 221/326/1
f 239/330/1 222/328/1 240/327/1
f 239/330/1 223/331/1 222/328/1
f 219/332/1 334/285/1 220/329/1
f 219/332/1 198/84/1 334/285/1
f 238/333/1 223/331/1 239/330/1
f 238/333/1 224/334/1 223/331/1
f 218/335/1 198/84/1 219/332/1
f 218/335/1 199/336/1 198/84/1
f 238/333/1 225/337/1 224/334/1
f 217/338/1 199/336/1 218/335/1
f 237/339/1 225/337/1 238/333/1
f 217/338/1 200/340/1 199/336/1
f 237/339/1 226/341/1 225/337/1
f 216/342/1 200/340/1 217/338/1
f 216/342/1 201/343/1 200/340/1
f 236/344/1 226/341/1 237/339/1
f 236/344/1 227/345/1 226/341/1
f 215/346/1 201/343/1 216/342/1
f 215/346/1 202/347/1 201/343/1
f 236/344/1 228/348/1 227/345/1
f 214/349/1 202/347/1 215/346/1
f 214/349/1 203/350/1 202/347/1
f 235/351/1 228/348/1 236/344/1
f 235/351/1 229/352/1 228/348/1
f 213/353/1 203/350/1 214/349/1
f 213/353/1 204/354/1 203/350/1
f 235/351/1 230/355/1 229/352/1
f 213/353/1 205/356/1 204/354/1
f 212/357/1 205/356/1 213/353/1
f 234/358/1 230/355/1 235/351/1
f 212/357/1 206/359/1 205/356/1
f 234/358/1 231/360/1 230/355/1
f 211/361/1 206/359/1 212/357/1
f 211/361/1 207/362/1 206/359/1
f 234/358/1 232/363/1 231/360/1
f 210/364/1 207/362/1 211/361/1
f 233/365/1 232/363/1 234/358/1
f 210/364/1 208/366/1 207/362/1
f 209/367/1 208/366/1 210/364/1
f 372/84/1 448/368/1 373/369/1
f 448/368/1 374/370/1 373/369/1
f 448/368/1 375/371/1 374/370/1
f 448/368/1 376/372/1 375/371/1
f 448/368/1 377/373/1 376/372/1
f 448/368/1 378/374/1 377/373/1
f 448/368/1 379/375/1 378/374/1
f 448/368/1 380/376/1 379/375/1
f 448/368/1 381/377/1 380/376/1
f 448/368/1 447/378/1 381/377/1
f 447/378/1 446/379/1 381/377/1
f 446/379/1 382/380/1 381/377/1
f 372/84/1 449/48/1 448/368/1
f 445/381/1 382/380/1 446/379/1
f 444/382/1 382/380/1 445/381/1
f 443/383/1 382/380/1 444/382/1
f 442/384/1 382/380/1 443/383/1
f 442/384/1 383/88/1 382/380/1
f 441/385/1 383/88/1 442/384/1
f 440/386/1 383/88/1 441/385/1
f 440/386/1 384/387/1 383/88/1
f 439/388/1 384/387/1 440/386/1
f 438/18/1 384/387/1 439/388/1
f 438/18/1 385/389/1 384/387/1
f 437/390/1 385/389/1 438/18/1
f 436/391/1 385/389/1 437/390/1
f 436/391/1 386/392/1 385/389/1
f 435/393/1 386/392/1 436/391/1
f 434/394/1 386/392/1 435/393/1
f 434/394/1 387/395/1 386/392/1
f 433/396/1 387/395/1 434/394/1
f 433/396/1 388/397/1 387/395/1
f 432/398/1 388/397/1 433/396/1
f 431/399/1 388/397/1 432/398/1
f 431/399/1 389/400/1 388/397/1
f 430/401/1 389/400/1 431/399/1
f 429/402/1 389/400/1 430/401/1
f 429/402/1 390/403/1 389/400/1
f 428/404/1 390/403/1 429/402/1
f 428/404/1 391/405/1 390/403/1
f 427/65/1 391/405/1 428/404/1
f 372/84/1 412/406/1 449/48/1
f 426/407/1 391/405/1 427/65/1
f 372/84/1 413/408/1 412/406/1
f 372/84/1 414/409/1 413/408/1
f 372/84/1 410/410/1 414/409/1
f 410/410/1 415/411/1 414/409/1
f 425/412/1 391/405/1 426/407/1
f 410/410/1 416/71/1 415/411/1
f 410/410/1 417/413/1 416/71/1
f 425/412/1 392/414/1 391/405/1
f 424/415/1 392/414/1 425/412/1
f 410/410/1 418/416/1 417/413/1
f 410/410/1 419/417/1 418/416/1
f 410/410/1 420/418/1 419/417/1
f 423/419/1 392/414/1 424/415/1
f 410/410/1 421/420/1 420/418/1
f 410/410/1 422/421/1 421/420/1
f 410/410/1 423/419/1 422/421/1
f 410/410/1 392/414/1 423/419/1
f 410/410/1 393/422/1 392/414/1
f 410/410/1 394/15/1 393/422/1
f 410/410/1 395/423/1 394/15/1
f 372/84/1 411/424/1 410/410/1
f 409/425/1 395/423/1 410/410/1
f 409/425/1 396/426/1 395/423/1
f 408/427/1 396/426/1 409/425/1
f 407/428/1 396/426/1 408/427/1
f 406/429/1 396/426/1 407/428/1
f 405/14/1 396/426/1 406/429/1
f 405/14/1 397/430/1 396/426/1
f 404/431/1 397/430/1 405/14/1
f 403/432/1 397/430/1 404/431/1
f 402/433/1 397/430/1 403/432/1
f 401/434/1 397/430/1 402/433/1
f 401/434/1 398/435/1 397/430/1
f 400/436/1 398/435/1 401/434/1
f 399/437/1 398/435/1 400/436/1
f 569/438/1 571/439/1 570/440/1
f 569/438/1 572/441/1 571/439/1
f 568/442/1 572/441/1 569/438/1
f 568/442/1 573/443/1 572/441/1
f 568/442/1 574/444/1 573/443/1
f 567/445/1 574/444/1 568/442/1
f 567/445/1 575/446/1 574/444/1
f 567/445/1 576/447/1 575/446/1
f 566/448/1 576/447/1 567/445/1
f 566/448/1 577/449/1 576/447/1
f 566/448/1 578/450/1 577/449/1
f 565/451/1 578/450/1 566/448/1
f 565/451/1 579/452/1 578/450/1
f 565/451/1 580/453/1 579/452/1
f 564/18/1 580/453/1 565/451/1
f 564/18/1 581/454/1 580/453/1
f 564/18/1 582/455/1 581/454/1
f 563/456/1 582/455/1 564/18/1
f 563/456/1 457/457/1 582/455/1
f 457/457/1 456/458/1 582/455/1
f 456/458/1 455/459/1 582/455/1
f 455/459/1 454/460/1 582/455/1
f 454/460/1 453/461/1 582/455/1
f 453/461/1 452/462/1 582/455/1
f 452/462/1 451/463/1 582/455/1
f 451/463/1 450/84/1 582/455/1
f 450/84/1 583/48/1 582/455/1
f 562/464/1 459/465/1 563/456/1
f 459/465/1 458/466/1 563/456/1
f 458/466/1 457/457/1 563/456/1
f 561/467/1 460/468/1 562/464/1
f 460/468/1 459/465/1 562/464/1
f 560/469/1 462/470/1 561/467/1
f 462/470/1 461/471/1 561/467/1
f 461/471/1 460/468/1 561/467/1
f 560/469/1 463/472/1 462/470/1
f 560/469/1 464/473/1 463/472/1
f 560/469/1 465/474/1 464/473/1
f 560/469/1 466/475/1 465/474/1
f 560/469/1 467/476/1 466/475/1
f 559/477/1 467/476/1 560/469/1
f 559/477/1 468/478/1 467/476/1
f 559/477/1 469/88/1 468/478/1
f 559/477/1 470/479/1 469/88/1
f 559/477/1 471/480/1 470/479/1
f 558/481/1 471/480/1 559/477/1
f 558/481/1 472/482/1 471/480/1
f 558/481/1 473/483/1 472/482/1
f 558/481/1 474/484/1 473/483/1
f 557/485/1 474/484/1 558/481/1
f 557/485/1 475/486/1 474/484/1
f 557/485/1 476/487/1 475/486/1
f 557/485/1 477/488/1 476/487/1
f 557/485/1 478/489/1 477/488/1
f 557/485/1 479/490/1 478/489/1
f 556/491/1 479/490/1 557/485/1
f 556/491/1 480/492/1 479/490/1
f 556/491/1 481/493/1 480/492/1
f 556/491/1 482/494/1 481/493/1
f 555/495/1 482/494/1 556/491/1
f 555/495/1 483/496/1 482/494/1
f 555/495/1 484/497/1 483/496/1
f 555/495/1 485/498/1 484/497/1
f 554/499/1 485/498/1 555/495/1
f 554/499/1 486/500/1 485/498/1
f 553/501/1 486/500/1 554/499/1
f 553/501/1 487/502/1 486/500/1
f 553/501/1 488/15/1 487/502/1
f 552/503/1 488/15/1 553/501/1
f 552/503/1 489/504/1 488/15/1
f 551/505/1 489/504/1 552/503/1
f 551/505/1 490/506/1 489/504/1
f 551/505/1 491/507/1 490/506/1
f 550/508/1 491/507/1 551/505/1
f 550/508/1 492/509/1 491/507/1
f 549/510/1 492/509/1 550/508/1
f 549/510/1 493/511/1 492/509/1
f 549/510/1 494/512/1 493/511/1
f 548/513/1 494/512/1 549/510/1
f 548/513/1 495/514/1 494/512/1
f 547/515/1 495/514/1 548/513/1
f 547/515/1 496/516/1 495/514/1
f 546/517/1 496/516/1 547/515/1
f 546/517/1 497/518/1 496/516/1
f 521/519/1 523/520/1 522/521/1
f 546/517/1 498/522/1 497/518/1
f 545/65/1 498/522/1 546/517/1
f 521/519/1 524/523/1 523/520/1
f 544/524/1 498/522/1 545/65/1
f 521/519/1 525/525/1 524/523/1
f 543/526/1 498/522/1 544/524/1
f 543/526/1 499/527/1 498/522/1
f 521/519/1 526/71/1 525/525/1
f 542/528/1 499/527/1 543/526/1
f 521/519/1 527/529/1 526/71/1
f 541/530/1 499/527/1 542/528/1
f 521/519/1 528/531/1 527/529/1
f 540/532/1 499/527/1 541/530/1
f 540/532/1 500/533/1 499/527/1
f 521/519/1 529/534/1 528/531/1
f 539/535/1 500/533/1 540/532/1
f 538/536/1 500/533/1 539/535/1
f 521/519/1 530/537/1 529/534/1
f 537/538/1 500/533/1 538/536/1
f 521/519/1 531/539/1 530/537/1
f 536/540/1 500/533/1 537/538/1
f 521/519/1 532/541/1 531/539/1
f 535/542/1 500/533/1 536/540/1
f 521/519/1 533/543/1 532/541/1
f 534/544/1 500/533/1 535/542/1
f 521/519/1 534/544/1 533/543/1
f 534/544/1 501/545/1 500/533/1
f 521/519/1 501/545/1 534/544/1
f 521/519/1 502/546/1 501/545/1
f 521/519/1 503/547/1 502/546/1
f 520/548/1 503/547/1 521/519/1
f 520/548/1 504/549/1 503/547/1
f 519/550/1 504/549/1 520/548/1
f 518/551/1 504/549/1 519/550/1
f 518/551/1 505/552/1 504/549/1
f 517/553/1 505/552/1 518/551/1
f 516/554/1 505/552/1 517/553/1
f 516/554/1 506/555/1 505/552/1
f 515/556/1 506/555/1 516/554/1
f 515/556/1 507/14/1 506/555/1
f 514/557/1 507/14/1 515/556/1
f 513/558/1 507/14/1 514/557/1
f 513/558/1 508/559/1 507/14/1
f 512/560/1 508/559/1 513/558/1
f 511/561/1 508/559/1 512/560/1
f 511/561/1 509/562/1 508/559/1
f 510/563/1 509/562/1 511/561/1
f 703/438/1 705/439/1 704/440/1
f 703/438/1 706/441/1 705/439/1
f 702/442/1 706/441/1 703/438/1
f 702/442/1 707/443/1 706/441/1
f 702/442/1 708/444/1 707/443/1
f 701/445/1 708/444/1 702/442/1
f 701/445/1 709/446/1 708/444/1
f 701/445/1 710/447/1 709/446/1
f 700/448/1 710/447/1 701/445/1
f 700/448/1 711/449/1 710/447/1
f 700/448/1 712/450/1 711/449/1
f 699/451/1 712/450/1 700/448/1
f 699/451/1 713/452/1 712/450/1
f 699/451/1 714/453/1 713/452/1
f 698/18/1 714/453/1 699/451/1
f 698/18/1 715/454/1 714/453/1
f 698/18/1 716/455/1 715/454/1
f 697/456/1 716/455/1 698/18/1
f 697/456/1 591/457/1 716/455/1
f 591/457/1 590/458/1 716/455/1
f 590/458/1 589/459/1 716/455/1
f 589/459/1 588/460/1 716/455/1
f 588/460/1 587/461/1 716/455/1
f 587/461/1 586/462/1 716/455/1
f 586/462/1 585/463/1 716/455/1
f 585/463/1 584/84/1 716/455/1
f 584/84/1 717/48/1 716/455/1
f 696/464/1 593/465/1 697/456/1
f 593/465/1 592/466/1 697/456/1
f 592/466/1 591/457/1 697/456/1
f 695/467/1 594/468/1 696/464/1
f 594/468/1 593/465/1 696/464/1
f 694/469/1 596/470/1 695/467/1
f 596/470/1 595/471/1 695/467/1
f 595/471/1 594/468/1 695/467/1
f 694/469/1 597/472/1 596/470/1
f 694/469/1 598/473/1 597/472/1
f 694/469/1 599/474/1 598/473/1
f 694/469/1 600/475/1 599/474/1
f 694/469/1 601/476/1 600/475/1
f 693/477/1 601/476/1 694/469/1
f 693/477/1 602/478/1 601/476/1
f 693/477/1 603/88/1 602/478/1
f 693/477/1 604/479/1 603/88/1
f 693/477/1 605/480/1 604/479/1
f 692/481/1 605/480/1 693/477/1
f 692/481/1 606/482/1 605/480/1
f 692/481/1 607/483/1 606/482/1
f 692/481/1 608/484/1 607/483/1
f 691/485/1 608/484/1 692/481/1
f 691/485/1 609/486/1 608/484/1
f 691/485/1 610/487/1 609/486/1
f 691/485/1 611/488/1 610/487/1
f 691/485/1 612/489/1 611/488/1
f 691/485/1 613/490/1 612/489/1
f 690/491/1 613/490/1 691/485/1
f 690/491/1 614/492/1 613/490/1
f 690/491/1 615/493/1 614/492/1
f 690/491/1 616/494/1 615/493/1
f 689/495/1 616/494/1 690/491/1
f 689/495/1 617/496/1 616/494/1
f 689/495/1 618/497/1 617/496/1
f 689/495/1 619/498/1 618/497/1
f 688/499/1 619/498/1 689/495/1
f 688/499/1 620/500/1 619/498/1
f 687/501/1 620/500/1 688/499/1
f 687/501/1 621/502/1 620/500/1
f 687/501/1 622/15/1 621/502/1
f 686/503/1 622/15/1 687/501/1
f 686/503/1 623/504/1 622/15/1
f 685/505/1 623/504/1 686/503/1
f 685/505/1 624/506/1 623/504/1
f 685/505/1 625/507/1 624/506/1
f 684/508/1 625/507/1 685/505/1
f 684/508/1 626/509/1 625/507/1
f 683/510/1 626/509/1 684/508/1
f 683/510/1 627/511/1 626/509/1
f 683/510/1 628/512/1 627/511/1
f 682/513/1 628/512/1 683/510/1
f 682/513/1 629/514/1 628/512/1
f 681/515/1 629/514/1 682/513/1
f 681/515/1 630/516/1 629/514/1
f 680/517/1 630/516/1 681/515/1
f 680/517/1 631/518/1 630/516/1
f 655/519/1 657/520/1 656/521/1
f 680/517/1 632/522/1 631/518/1
f 679/65/1 632/522/1 680/517/1
f 655/519/1 658/523/1 657/520/1
f 678/524/1 632/522/1 679/65/1
f 655/519/1 659/525/1 658/523/1
f 677/526/1 632/522/1 678/524/1
f 677/526/1 633/527/1 632/522/1
f 655/519/1 660/71/1 659/525/1
f 676/528/1 633/527/1 677/526/1
f 655/519/1 661/529/1 660/71/1
f 675/530/1 633/527/1 676/528/1
f 655/519/1 662/531/1 661/529/1
f 674/532/1 633/527/1 675/530/1
f 674/532/1 634/533/1 633/527/1
f 655/519/1 663/534/1 662/531/1
f 673/535/1 634/533/1 674/532/1
f 672/536/1 634/533/1 673/535/1
f 655/519/1 664/537/1 663/534/1
f 671/538/1 634/533/1 672/536/1
f 655/519/1 665/539/1 664/537/1
f 670/540/1 634/533/1 671/538/1
f 655/519/1 666/541/1 665/539/1
f 669/542/1 634/533/1 670/540/1
f 655/519/1 667/543/1 666/541/1
f 668/544/1 634/533/1 669/542/1
f 655/519/1 668/544/1 667/543/1
f 668/544/1 635/545/1 634/533/1
f 655/519/1 635/545/1 668/544/1
f 655/519/1 636/546/1 635/545/1
f 655/519/1 637/547/1 636/546/1
f 654/548/1 637/547/1 655/519/1
f 654/548/1 638/549/1 637/547/1
f 653/550/1 638/549/1 654/548/1
f 652/551/1 638/549/1 653/550/1
f 652/551/1 639/552/1 638/549/1
f 651/553/1 639/552/1 652/551/1
f 650/554/1 639/552/1 651/553/1
f 650/554/1 640/555/1 639/552/1
f 649/556/1 640/555/1 650/554/1
f 649/556/1 641/14/1 640/555/1
f 648/557/1 641/14/1 649/556/1
f 647/558/1 641/14/1 648/557/1
f 647/558/1 642/559/1 641/14/1
f 646/560/1 642/559/1 647/558/1
f 645/561/1 642/559/1 646/560/1
f 645/561/1 643/562/1 642/559/1
f 644/563/1 643/562/1 645/561/1
f 837/438/1 839/439/1 838/440/1
f 837/438/1 840/441/1 839/439/1
f 836/442/1 840/441/1 837/438/1
f 836/442/1 841/443/1 840/441/1
f 836/442/1 842/444/1 841/443/1
f 835/445/1 842/444/1 836/442/1
f 835/445/1 843/446/1 842/444/1
f 835/445/1 844/447/1 843/446/1
f 834/448/1 844/447/1 835/445/1
f 834/448/1 845/449/1 844/447/1
f 834/448/1 846/450/1 845/449/1
f 833/451/1 846/450/1 834/448/1
f 833/451/1 847/452/1 846/450/1
f 833/451/1 848/453/1 847/452/1
f 832/18/1 848/453/1 833/451/1
f 832/18/1 849/454/1 848/453/1
f 832/18/1 850/455/1 849/454/1
f 831/456/1 850/455/1 832/18/1
f 831/456/1 725/457/1 850/455/1
f 725/457/1 724/458/1 850/455/1
f 724/458/1 723/459/1 850/455/1
f 723/459/1 722/460/1 850/455/1
f 722/460/1 721/461/1 850/455/1
f 721/461/1 720/462/1 850/455/1
f 720/462/1 719/463/1 850/455/1
f 719/463/1 718/84/1 850/455/1
f 718/84/1 851/48/1 850/455/1
f 830/464/1 727/465/1 831/456/1
f 727/465/1 726/466/1 831/456/1
f 726/466/1 725/457/1 831/456/1
f 829/467/1 728/468/1 830/464/1
f 728/468/1 727/465/1 830/464/1
f 828/469/1 730/470/1 829/467/1
f 730/470/1 729/471/1 829/467/1
f 729/471/1 728/468/1 829/467/1
f 828/469/1 731/472/1 730/470/1
f 828/469/1 732/473/1 731/472/1
f 828/469/1 733/474/1 732/473/1
f 828/469/1 734/475/1 733/474/1
f 828/469/1 735/476/1 734/475/1
f 827/477/1 735/476/1 828/469/1
f 827/477/1 736/478/1 735/476/1
f 827/477/1 737/88/1 736/478/1
f 827/477/1 738/479/1 737/88/1
f 827/477/1 739/480/1 738/479/1
f 826/481/1 739/480/1 827/477/1
f 826/481/1 740/482/1 739/480/1
f 826/481/1 741/483/1 740/482/1
f 826/481/1 742/484/1 741/483/1
f 825/485/1 742/484/1 826/481/1
f 825/485/1 743/486/1 742/484/1
f 825/485/1 744/487/1 743/486/1
f 825/485/1 745/488/1 744/487/1
f 825/485/1 746/489/1 745/488/1
f 825/485/1 747/490/1 746/489/1
f 824/491/1 747/490/1 825/485/1
f 824/491/1 748/492/1 747/490/1
f 824/491/1 749/493/1 748/492/1
f 824/491/1 750/494/1 749/493/1
f 823/495/1 750/494/1 824/491/1
f 823/495/1 751/496/1 750/494/1
f 823/495/1 752/497/1 751/496/1
f 823/495/1 753/498/1 752/497/1
f 822/499/1 753/498/1 823/495/1
f 822/499/1 754/500/1 753/498/1
f 821/501/1 754/500/1 822/499/1
f 821/501/1 755/502/1 754/500/1
f 821/501/1 756/15/1 755/502/1
f 820/503/1 756/15/1 821/501/1
f 820/503/1 757/504/1 756/15/1
f 819/505/1 757/504/1 820/503/1
f 819/505/1 758/506/1 757/504/1
f 819/505/1 759/507/1 758/506/1
f 818/508/1 759/507/1 819/505/1
f 818/508/1 760/509/1 759/507/1
f 817/510/1 760/509/1 818/508/1
f 817/510/1 761/511/1 760/509/1
f 817/510/1 762/512/1 761/511/1
f 816/513/1 762/512/1 817/510/1
f 816/513/1 763/514/1 762/512/1
f 815/515/1 763/514/1 816/513/1
f 815/515/1 764/516/1 763/514/1
f 814/517/1 764/516/1 815/515/1
f 814/517/1 765/518/1 764/516/1
f 789/519/1 791/520/1 790/521/1
f 814/517/1 766/522/1 765/518/1
f 813/65/1 766/522/1 814/517/1
f 789/519/1 792/523/1 791/520/1
f 812/524/1 766/522/1 813/65/1
f 789/519/1 793/525/1 792/523/1
f 811/526/1 766/522/1 812/524/1
f 811/526/1 767/527/1 766/522/1
f 789/519/1 794/71/1 793/525/1
f 810/528/1 767/527/1 811/526/1
f 789/519/1 795/529/1 794/71/1
f 809/530/1 767/527/1 810/528/1
f 789/519/1 796/531/1 795/529/1
f 808/532/1 767/527/1 809/530/1
f 808/532/1 768/533/1 767/527/1
f 789/519/1 797/534/1 796/531/1
f 807/535/1 768/533/1 808/532/1
f 806/536/1 768/533/1 807/535/1
f 789/519/1 798/537/1 797/534/1
f 805/538/1 768/533/1 806/536/1
f 789/519/1 799/539/1 798/537/1
f 804/540/1 768/533/1 805/538/1
f 789/519/1 800/541/1 799/539/1
f 803/542/1 768/533/1 804/540/1
f 789/519/1 801/543/1 800/541/1
f 802/544/1 768/533/1 803/542/1
f 789/519/1 802/544/1 801/543/1
f 802/544/1 769/545/1 768/533/1
f 789/519/1 769/545/1 802/544/1
f 789/519/1 770/546/1 769/545/1
f 789/519/1 771/547/1 770/546/1
f 788/548/1 771/547/1 789/519/1
f 788/548/1 772/549/1 771/547/1
f 787/550/1 772/549/1 788/548/1
f 786/551/1 772/549/1 787/550/1
f 786/551/1 773/552/1 772/549/1
f 785/553/1 773/552/1 786/551/1
f 784/554/1 773/552/1 785/553/1
f 784/554/1 774/555/1 773/552/1
f 783/556/1 774/555/1 784/554/1
f 783/556/1 775/14/1 774/555/1
f 782/557/1 775/14/1 783/556/1
f 781/558/1 775/14/1 782/557/1
f 781/558/1 776/559/1 775/14/1
f 780/560/1 776/559/1 781/558/1
f 779/561/1 776/559/1 780/560/1
f 779/561/1 777/562/1 776/559/1
f 778/563/1 777/562/1 779/561/1
f 886/1/1 888/2/1 887/3/1
f 886/1/1 889/4/1 888/2/1
f 885/5/1 889/4/1 886/1/1
f 885/5/1 890/6/1 889/4/1
f 884/7/1 890/6/1 885/5/1
f 884/7/1 891/8/1 890/6/1
f 883/9/1 891/8/1 884/7/1
f 883/9/1 892/10/1 891/8/1
f 882/11/1 892/10/1 883/9/1
f 882/11/1 893/12/1 892/10/1
f 881/13/1 893/12/1 882/11/1
f 881/13/1 894/14/1 893/12/1
f 880/15/1 937/16/1 881/13/1
f 937/16/1 894/14/1 881/13/1
f 880/15/1 938/17/1 937/16/1
f 936/18/1 894/14/1 937/16/1
f 880/15/1 939/19/1 938/17/1
f 935/20/1 894/14/1 936/18/1
f 880/15/1 940/21/1 939/19/1
f 934/22/1 894/14/1 935/20/1
f 934/22/1 895/23/1 894/14/1
f 880/15/1 941/24/1 940/21/1
f 879/25/1 941/24/1 880/15/1
f 933/26/1 895/23/1 934/22/1
f 879/25/1 942/27/1 941/24/1
f 932/28/1 895/23/1 933/26/1
f 879/25/1 943/29/1 942/27/1
f 931/30/1 895/23/1 932/28/1
f 879/25/1 944/31/1 943/29/1
f 930/32/1 895/23/1 931/30/1
f 878/33/1 944/31/1 879/25/1
f 930/32/1 896/34/1 895/23/1
f 878/33/1 945/35/1 944/31/1
f 929/36/1 896/34/1 930/32/1
f 878/33/1 946/37/1 945/35/1
f 928/38/1 896/34/1 929/36/1
f 877/39/1 946/37/1 878/33/1
f 928/38/1 897/40/1 896/34/1
f 877/39/1 947/41/1 946/37/1
f 927/42/1 897/40/1 928/38/1
f 877/39/1 948/43/1 947/41/1
f 926/44/1 897/40/1 927/42/1
f 876/45/1 948/43/1 877/39/1
f 876/45/1 949/46/1 948/43/1
f 926/44/1 898/47/1 897/40/1
f 950/48/1 898/47/1 926/44/1
f 876/45/1 950/48/1 949/46/1
f 876/45/1 898/47/1 950/48/1
f 875/49/1 898/47/1 876/45/1
f 875/49/1 899/50/1 898/47/1
f 874/51/1 900/52/1 875/49/1
f 900/52/1 899/50/1 875/49/1
f 874/51/1 901/53/1 900/52/1
f 873/54/1 901/53/1 874/51/1
f 873/54/1 902/55/1 901/53/1
f 873/54/1 903/56/1 902/55/1
f 872/57/1 903/56/1 873/54/1
f 872/57/1 904/58/1 903/56/1
f 871/59/1 904/58/1 872/57/1
f 871/59/1 905/60/1 904/58/1
f 923/61/1 925/62/1 924/63/1
f 871/59/1 906/64/1 905/60/1
f 922/65/1 925/62/1 923/61/1
f 921/66/1 925/62/1 922/65/1
f 870/67/1 906/64/1 871/59/1
f 870/67/1 907/68/1 906/64/1
f 920/69/1 925/62/1 921/66/1
f 919/70/1 925/62/1 920/69/1
f 870/67/1 908/71/1 907/68/1
f 918/72/1 925/62/1 919/70/1
f 870/67/1 909/73/1 908/71/1
f 917/74/1 925/62/1 918/72/1
f 869/75/1 909/73/1 870/67/1
f 916/76/1 925/62/1 917/74/1
f 869/75/1 910/77/1 909/73/1
f 915/78/1 925/62/1 916/76/1
f 869/75/1 911/79/1 910/77/1
f 914/80/1 925/62/1 915/78/1
f 913/81/1 925/62/1 914/80/1
f 869/75/1 912/82/1 911/79/1
f 912/82/1 925/62/1 913/81/1
f 869/75/1 925/62/1 912/82/1
f 868/83/1 925/62/1 869/75/1
f 868/83/1 852/84/1 925/62/1
f 867/85/1 852/84/1 868/83/1
f 867/85/1 853/86/1 852/84/1
f 867/85/1 854/87/1 853/86/1
f 866/88/1 854/87/1 867/85/1
f 866/88/1 855/89/1 854/87/1
f 866/88/1 856/90/1 855/89/1
f 865/91/1 856/90/1 866/88/1
f 865/91/1 857/92/1 856/90/1
f 865/91/1 858/93/1 857/92/1
f 864/94/1 858/93/1 865/91/1
f 864/94/1 859/95/1 858/93/1
f 864/94/1 860/96/1 859/95/1
f 864/94/1 861/97/1 860/96/1
f 863/98/1 861/97/1 864/94/1
f 863/98/1 862/99/1 861/97/1
f 963/564/1 965/565/1 964/566/1
f 963/564/1 966/567/1 965/565/1
f 962/568/1 966/567/1 963/564/1
f 962/568/1 967/569/1 966/567/1
f 961/570/1 967/569/1 962/568/1
f 961/570/1 968/571/1 967/569/1
f 961/570/1 969/572/1 968/571/1
f 960/573/1 969/572/1 961/570/1
f 960/573/1 970/574/1 969/572/1
f 1003/575/1 1005/48/1 1004/576/1
f 1003/575/1 951/84/1 1005/48/1
f 959/577/1 970/574/1 960/573/1
f 959/577/1 971/578/1 970/574/1
f 959/577/1 972/579/1 971/578/1
f 958/580/1 972/579/1 959/577/1
f 958/580/1 973/581/1 972/579/1
f 957/582/1 973/581/1 958/580/1
f 957/582/1 974/583/1 973/581/1
f 957/582/1 975/584/1 974/583/1
f 956/585/1 975/584/1 957/582/1
f 956/585/1 976/586/1 975/584/1
f 955/587/1 976/586/1 956/585/1
f 955/587/1 986/588/1 976/586/1
f 986/588/1 985/589/1 976/586/1
f 985/589/1 984/590/1 976/586/1
f 984/590/1 983/591/1 976/586/1
f 983/591/1 982/592/1 976/586/1
f 982/592/1 981/593/1 976/586/1
f 981/593/1 980/594/1 976/586/1
f 980/594/1 979/595/1 976/586/1
f 979/595/1 978/53/1 976/586/1
f 978/53/1 977/596/1 976/586/1
f 954/597/1 988/598/1 955/587/1
f 988/598/1 987/599/1 955/587/1
f 987/599/1 986/588/1 955/587/1
f 953/600/1 990/601/1 954/597/1
f 990/601/1 989/602/1 954/597/1
f 989/602/1 988/598/1 954/597/1
f 953/600/1 991/603/1 990/601/1
f 953/600/1 992/604/1 991/603/1
f 952/605/1 992/604/1 953/600/1
f 952/605/1 993/606/1 992/604/1
f 952/605/1 994/607/1 993/606/1
f 1003/575/1 952/605/1 951/84/1
f 1003/575/1 998/608/1 952/605/1
f 998/608/1 997/609/1 952/605/1
f 997/609/1 996/610/1 952/605/1
f 996/610/1 995/611/1 952/605/1
f 995/611/1 994/607/1 952/605/1
f 1003/575/1 999/612/1 998/608/1
f 1003/575/1 1000/613/1 999/612/1
f 1003/575/1 1001/614/1 1000/613/1
f 1003/575/1 1002/615/1 1001/614/1
f 1032/616/1 1060/617/1 1033/618/1
f 1060/617/1 1034/619/1 1033/618/1
f 1060/617/1 1006/84/1 1034/619/1
f 1060/617/1 1007/620/1 1006/84/1
f 1060/617/1 1008/621/1 1007/620/1
f 1060/617/1 1009/622/1 1008/621/1
f 1060/617/1 1010/623/1 1009/622/1
f 1060/617/1 1011/375/1 1010/623/1
f 1060/617/1 1012/624/1 1011/375/1
f 1060/617/1 1059/625/1 1012/624/1
f 1059/625/1 1013/626/1 1012/624/1
f 1032/616/1 1061/48/1 1060/617/1
f 1058/627/1 1013/626/1 1059/625/1
f 1057/628/1 1013/626/1 1058/627/1
f 1056/384/1 1013/626/1 1057/628/1
f 1056/384/1 1014/629/1 1013/626/1
f 1055/630/1 1014/629/1 1056/384/1
f 1054/631/1 1014/629/1 1055/630/1
f 1053/632/1 1014/629/1 1054/631/1
f 1053/632/1 1015/633/1 1014/629/1
f 1052/634/1 1015/633/1 1053/632/1
f 1051/393/1 1015/633/1 1052/634/1
f 1050/635/1 1015/633/1 1051/393/1
f 1050/635/1 1016/392/1 1015/633/1
f 1049/636/1 1016/392/1 1050/635/1
f 1048/637/1 1016/392/1 1049/636/1
f 1048/637/1 1017/638/1 1016/392/1
f 1047/639/1 1017/638/1 1048/637/1
f 1046/404/1 1017/638/1 1047/639/1
f 1046/404/1 1018/640/1 1017/638/1
f 1045/641/1 1018/640/1 1046/404/1
f 1045/641/1 1019/642/1 1018/640/1
f 1044/643/1 1019/642/1 1045/641/1
f 1043/644/1 1019/642/1 1044/643/1
f 1043/644/1 1020/645/1 1019/642/1
f 1042/646/1 1020/645/1 1043/644/1
f 1041/420/1 1020/645/1 1042/646/1
f 1041/420/1 1021/422/1 1020/645/1
f 1040/647/1 1021/422/1 1041/420/1
f 1039/648/1 1021/422/1 1040/647/1
f 1038/649/1 1021/422/1 1039/648/1
f 1037/650/1 1021/422/1 1038/649/1
f 1037/650/1 1022/651/1 1021/422/1
f 1036/409/1 1022/651/1 1037/650/1
f 1035/652/1 1022/651/1 1036/409/1
f 1032/616/1 1030/653/1 1061/48/1
f 1030/653/1 1035/652/1 1061/48/1
f 1030/653/1 1022/651/1 1035/652/1
f 1030/653/1 1023/654/1 1022/651/1
f 1030/653/1 1024/655/1 1023/654/1
f 1030/653/1 1025/656/1 1024/655/1
f 1030/653/1 1026/436/1 1025/656/1
f 1030/653/1 1027/657/1 1026/436/1
f 1030/653/1 1028/658/1 1027/657/1
f 1030/653/1 1029/659/1 1028/658/1
f 1032/616/1 1031/428/1 1030/653/1
f 1096/1/2 1097/3/2 1098/2/2
f 1096/1/2 1098/2/2 1099/4/2
f 1095/5/2 1096/1/2 1099/4/2
f 1095/5/2 1099/4/2 1100/6/2
f 1094/7/2 1095/5/2 1100/6/2
f 1094/7/2 1100/6/2 1101/8/2
f 1093/9/2 1094/7/2 1101/8/2
f 1093/9/2 1101/8/2 1102/10/2
f 1092/11/2 1093/9/2 1102/10/2
f 1092/11/2 1102/10/2 1103/12/2
f 1091/13/2 1092/11/2 1103/12/2
f 1091/13/2 1103/12/2 1104/14/2
f 1090/15/2 1091/13/2 1147/16/2
f 1147/16/2 1091/13/2 1104/14/2
f 1090/15/2 1147/16/2 1148/17/2
f 1146/18/2 1147/16/2 1104/14/2
f 1090/15/2 1148/17/2 1149/19/2
f 1145/20/2 1146/18/2 1104/14/2
f 1090/15/2 1149/19/2 1150/21/2
f 1144/22/2 1145/20/2 1104/14/2
f 1144/22/2 1104/14/2 1105/23/2
f 1090/15/2 1150/21/2 1151/24/2
f 1089/25/2 1090/15/2 1151/24/2
f 1143/26/2 1144/22/2 1105/23/2
f 1089/25/2 1151/24/2 1152/27/2
f 1142/28/2 1143/26/2 1105/23/2
f 1089/25/2 1152/27/2 1153/29/2
f 1141/30/2 1142/28/2 1105/23/2
f 1089/25/2 1153/29/2 1154/31/2
f 1140/32/2 1141/30/2 1105/23/2
f 1088/33/2 1089/25/2 1154/31/2
f 1140/32/2 1105/23/2 1106/34/2
f 1088/33/2 1154/31/2 1155/35/2
f 1139/36/2 1140/32/2 1106/34/2
f 1088/33/2 1155/35/2 1156/37/2
f 1138/38/2 1139/36/2 1106/34/2
f 1087/39/2 1088/33/2 1156/37/2
f 1138/38/2 1106/34/2 1107/40/2
f 1087/39/2 1156/37/2 1157/41/2
f 1137/42/2 1138/38/2 1107/40/2
f 1087/39/2 1157/41/2 1158/43/2
f 1136/44/2 1137/42/2 1107/40/2
f 1086/45/2 1087/39/2 1158/43/2
f 1086/45/2 1158/43/2 1159/46/2
f 1136/44/2 1107/40/2 1108/47/2
f 1160/48/2 1136/44/2 1108/47/2
f 1086/45/2 1159/46/2 1160/48/2
f 1086/45/2 1160/48/2 1108/47/2
f 1085/49/2 1086/45/2 1108/47/2
f 1085/49/2 1108/47/2 1109/50/2
f 1084/51/2 1085/49/2 1110/52/2
f 1110/52/2 1085/49/2 1109/50/2
f 1084/51/2 1110/52/2 1111/53/2
f 1083/54/2 1084/51/2 1111/53/2
f 1083/54/2 1111/53/2 1112/55/2
f 1083/54/2 1112/55/2 1113/56/2
f 1082/57/2 1083/54/2 1113/56/2
f 1082/57/2 1113/56/2 1114/58/2
f 1081/59/2 1082/57/2 1114/58/2
f 1081/59/2 1114/58/2 1115/60/2
f 1133/61/2 1134/63/2 1135/62/2
f 1081/59/2 1115/60/2 1116/64/2
f 1132/65/2 1133/61/2 1135/62/2
f 1131/66/2 1132/65/2 1135/62/2
f 1080/67/2 1081/59/2 1116/64/2
f 1080/67/2 1116/64/2 1117/68/2
f 1130/69/2 1131/66/2 1135/62/2
f 1129/70/2 1130/69/2 1135/62/2
f 1080/67/2 1117/68/2 1118/71/2
f 1128/72/2 1129/70/2 1135/62/2
f 1080/67/2 1118/71/2 1119/73/2
f 1127/74/2 1128/72/2 1135/62/2
f 1079/75/2 1080/67/2 1119/73/2
f 1126/76/2 1127/74/2 1135/62/2
f 1079/75/2 1119/73/2 1120/77/2
f 1125/78/2 1126/76/2 1135/62/2
f 1079/75/2 1120/77/2 1121/79/2
f 1124/80/2 1125/78/2 1135/62/2
f 1123/81/2 1124/80/2 1135/62/2
f 1079/75/2 1121/79/2 1122/82/2
f 1122/82/2 1123/81/2 1135/62/2
f 1079/75/2 1122/82/2 1135/62/2
f 1078/83/2 1079/75/2 1135/62/2
f 1078/83/2 1135/62/2 1062/84/2
f 1077/85/2 1078/83/2 1062/84/2
f 1077/85/2 1062/84/2 1063/86/2
f 1077/85/2 1063/86/2 1064/87/2
f 1076/88/2 1077/85/2 1064/87/2
f 1076/88/2 1064/87/2 1065/89/2
f 1076/88/2 1065/89/2 1066/90/2
f 1075/91/2 1076/88/2 1066/90/2
f 1075/91/2 1066/90/2 1067/92/2
f 1075/91/2 1067/92/2 1068/93/2
f 1074/94/2 1075/91/2 1068/93/2
f 1074/94/2 1068/93/2 1069/95/2
f 1074/94/2 1069/95/2 1070/96/2
f 1074/94/2 1070/96/2 1071/97/2
f 1073/98/2 1074/94/2 1071/97/2
f 1073/98/2 1071/97/2 1072/99/2
f 1244/100/2 1245/102/2 1246/101/2
f 1244/100/2 1246/101/2 1247/103/2
f 1244/100/2 1247/103/2 1248/104/2
f 1243/105/2 1244/100/2 1248/104/2
f 1243/105/2 1248/104/2 1249/106/2
f 1243/105/2 1249/106/2 1250/107/2
f 1243/105/2 1250/107/2 1251/108/2
f 1242/109/2 1243/105/2 1251/108/2
f 1242/109/2 1251/108/2 1252/110/2
f 1242/109/2 1252/110/2 1253/111/2
f 1242/109/2 1253/111/2 1254/112/2
f 1241/113/2 1242/109/2 1254/112/2
f 1241/113/2 1254/112/2 1255/114/2
f 1241/113/2 1255/114/2 1256/115/2
f 1241/113/2 1256/115/2 1257/116/2
f 1240/117/2 1241/113/2 1257/116/2
f 1240/117/2 1257/116/2 1168/118/2
f 1168/118/2 1257/116/2 1167/119/2
f 1167/119/2 1257/116/2 1166/120/2
f 1166/120/2 1257/116/2 1165/121/2
f 1165/121/2 1257/116/2 1164/122/2
f 1164/122/2 1257/116/2 1163/123/2
f 1163/123/2 1257/116/2 1162/124/2
f 1162/124/2 1257/116/2 1161/84/2
f 1161/84/2 1257/116/2 1258/48/2
f 1239/125/2 1240/117/2 1170/126/2
f 1170/126/2 1240/117/2 1169/127/2
f 1169/127/2 1240/117/2 1168/118/2
f 1238/128/2 1239/125/2 1172/129/2
f 1172/129/2 1239/125/2 1171/130/2
f 1171/130/2 1239/125/2 1170/126/2
f 1238/128/2 1172/129/2 1173/131/2
f 1238/128/2 1173/131/2 1174/132/2
f 1238/128/2 1174/132/2 1175/133/2
f 1237/134/2 1238/128/2 1175/133/2
f 1237/134/2 1175/133/2 1176/135/2
f 1237/134/2 1176/135/2 1177/136/2
f 1237/134/2 1177/136/2 1178/137/2
f 1236/138/2 1237/134/2 1178/137/2
f 1236/138/2 1178/137/2 1179/139/2
f 1236/138/2 1179/139/2 1180/140/2
f 1235/141/2 1236/138/2 1180/140/2
f 1235/141/2 1180/140/2 1181/142/2
f 1235/141/2 1181/142/2 1182/143/2
f 1234/144/2 1235/141/2 1182/143/2
f 1234/144/2 1182/143/2 1183/145/2
f 1233/146/2 1234/144/2 1183/145/2
f 1233/146/2 1183/145/2 1184/147/2
f 1233/146/2 1184/147/2 1185/148/2
f 1232/149/2 1233/146/2 1185/148/2
f 1232/149/2 1185/148/2 1186/150/2
f 1231/151/2 1232/149/2 1186/150/2
f 1231/151/2 1186/150/2 1187/152/2
f 1231/151/2 1187/152/2 1188/153/2
f 1230/154/2 1231/151/2 1188/153/2
f 1230/154/2 1188/153/2 1189/155/2
f 1230/154/2 1189/155/2 1190/156/2
f 1229/157/2 1230/154/2 1190/156/2
f 1229/157/2 1190/156/2 1191/158/2
f 1207/159/2 1208/161/2 1209/160/2
f 1229/157/2 1191/158/2 1192/162/2
f 1206/163/2 1207/159/2 1209/160/2
f 1228/164/2 1229/157/2 1192/162/2
f 1205/165/2 1206/163/2 1209/160/2
f 1228/164/2 1192/162/2 1193/166/2
f 1204/167/2 1205/165/2 1209/160/2
f 1203/168/2 1204/167/2 1209/160/2
f 1202/169/2 1203/168/2 1209/160/2
f 1228/164/2 1193/166/2 1194/170/2
f 1201/171/2 1202/169/2 1209/160/2
f 1200/172/2 1201/171/2 1209/160/2
f 1228/164/2 1194/170/2 1195/173/2
f 1199/174/2 1200/172/2 1209/160/2
f 1198/175/2 1199/174/2 1209/160/2
f 1228/164/2 1195/173/2 1196/176/2
f 1197/177/2 1198/175/2 1209/160/2
f 1227/178/2 1228/164/2 1196/176/2
f 1196/176/2 1197/177/2 1209/160/2
f 1227/178/2 1196/176/2 1209/160/2
f 1226/179/2 1227/178/2 1209/160/2
f 1225/180/2 1226/179/2 1209/160/2
f 1224/181/2 1225/180/2 1209/160/2
f 1224/181/2 1209/160/2 1210/182/2
f 1224/181/2 1210/182/2 1211/183/2
f 1224/181/2 1211/183/2 1212/184/2
f 1223/185/2 1224/181/2 1212/184/2
f 1223/185/2 1212/184/2 1213/186/2
f 1223/185/2 1213/186/2 1214/187/2
f 1223/185/2 1214/187/2 1215/188/2
f 1223/185/2 1215/188/2 1216/189/2
f 1222/190/2 1223/185/2 1216/189/2
f 1222/190/2 1216/189/2 1217/191/2
f 1222/190/2 1217/191/2 1218/192/2
f 1222/190/2 1218/192/2 1219/193/2
f 1221/194/2 1222/190/2 1219/193/2
f 1221/194/2 1219/193/2 1220/195/2
f 1356/196/2 1357/198/2 1358/197/2
f 1355/199/2 1356/196/2 1358/197/2
f 1355/199/2 1358/197/2 1359/200/2
f 1354/201/2 1355/199/2 1359/200/2
f 1353/202/2 1354/201/2 1359/200/2
f 1353/202/2 1359/200/2 1360/203/2
f 1352/204/2 1353/202/2 1360/203/2
f 1352/204/2 1360/203/2 1361/205/2
f 1351/206/2 1352/204/2 1361/205/2
f 1350/207/2 1351/206/2 1361/205/2
f 1350/207/2 1361/205/2 1362/208/2
f 1349/209/2 1350/207/2 1362/208/2
f 1349/209/2 1362/208/2 1363/210/2
f 1348/211/2 1349/209/2 1363/210/2
f 1347/212/2 1348/211/2 1363/210/2
f 1347/212/2 1363/210/2 1364/213/2
f 1346/214/2 1347/212/2 1364/213/2
f 1346/214/2 1364/213/2 1365/215/2
f 1345/216/2 1346/214/2 1365/215/2
f 1344/217/2 1345/216/2 1343/218/2
f 1343/218/2 1345/216/2 1342/219/2
f 1342/219/2 1345/216/2 1341/220/2
f 1341/220/2 1345/216/2 1340/221/2
f 1340/221/2 1345/216/2 1339/222/2
f 1339/222/2 1345/216/2 1338/223/2
f 1338/223/2 1345/216/2 1337/224/2
f 1337/224/2 1345/216/2 1336/225/2
f 1336/225/2 1345/216/2 1335/226/2
f 1335/226/2 1345/216/2 1334/227/2
f 1334/227/2 1345/216/2 1365/215/2
f 1334/227/2 1365/215/2 1333/228/2
f 1333/228/2 1365/215/2 1332/229/2
f 1332/229/2 1365/215/2 1366/230/2
f 1332/229/2 1366/230/2 1331/231/2
f 1331/231/2 1366/230/2 1367/232/2
f 1330/233/2 1331/231/2 1367/232/2
f 1329/234/2 1330/233/2 1367/232/2
f 1328/235/2 1329/234/2 1367/232/2
f 1327/236/2 1328/235/2 1367/232/2
f 1326/237/2 1327/236/2 1367/232/2
f 1326/237/2 1367/232/2 1368/238/2
f 1325/239/2 1326/237/2 1368/238/2
f 1324/240/2 1325/239/2 1368/238/2
f 1323/241/2 1324/240/2 1368/238/2
f 1323/241/2 1368/238/2 1369/242/2
f 1322/243/2 1323/241/2 1369/242/2
f 1321/244/2 1322/243/2 1369/242/2
f 1321/244/2 1369/242/2 1370/245/2
f 1320/246/2 1321/244/2 1370/245/2
f 1319/247/2 1320/246/2 1370/245/2
f 1318/248/2 1319/247/2 1432/48/2
f 1432/48/2 1319/247/2 1370/245/2
f 1317/249/2 1318/248/2 1432/48/2
f 1316/250/2 1317/249/2 1432/48/2
f 1315/251/2 1316/250/2 1432/48/2
f 1314/252/2 1315/251/2 1432/48/2
f 1314/252/2 1432/48/2 1396/253/2
f 1431/254/2 1432/48/2 1370/245/2
f 1314/252/2 1396/253/2 1397/255/2
f 1313/256/2 1314/252/2 1397/255/2
f 1313/256/2 1397/255/2 1398/257/2
f 1312/258/2 1313/256/2 1398/257/2
f 1312/258/2 1398/257/2 1399/259/2
f 1311/260/2 1312/258/2 1399/259/2
f 1311/260/2 1399/259/2 1400/261/2
f 1311/260/2 1400/261/2 1401/262/2
f 1310/263/2 1311/260/2 1401/262/2
f 1310/263/2 1401/262/2 1402/264/2
f 1309/265/2 1310/263/2 1402/264/2
f 1309/265/2 1402/264/2 1403/266/2
f 1309/265/2 1403/266/2 1404/267/2
f 1308/268/2 1309/265/2 1404/267/2
f 1308/268/2 1404/267/2 1405/269/2
f 1308/268/2 1405/269/2 1406/270/2
f 1307/271/2 1308/268/2 1406/270/2
f 1307/271/2 1406/270/2 1407/272/2
f 1306/273/2 1307/271/2 1407/272/2
f 1306/273/2 1407/272/2 1408/274/2
f 1306/273/2 1408/274/2 1409/275/2
f 1305/276/2 1306/273/2 1409/275/2
f 1305/276/2 1409/275/2 1410/277/2
f 1305/276/2 1410/277/2 1411/278/2
f 1430/279/2 1431/254/2 1370/245/2
f 1304/280/2 1305/276/2 1411/278/2
f 1429/281/2 1430/279/2 1370/245/2
f 1304/280/2 1411/278/2 1412/282/2
f 1428/283/2 1429/281/2 1370/245/2
f 1393/284/2 1394/286/2 1395/285/2
f 1428/283/2 1370/245/2 1371/287/2
f 1304/280/2 1412/282/2 1413/288/2
f 1392/289/2 1393/284/2 1395/285/2
f 1427/290/2 1428/283/2 1371/287/2
f 1427/290/2 1371/287/2 1372/291/2
f 1391/292/2 1392/289/2 1395/285/2
f 1303/293/2 1304/280/2 1413/288/2
f 1303/293/2 1413/288/2 1414/294/2
f 1427/290/2 1372/291/2 1373/295/2
f 1426/296/2 1427/290/2 1373/295/2
f 1390/297/2 1391/292/2 1395/285/2
f 1426/296/2 1373/295/2 1374/298/2
f 1425/299/2 1426/296/2 1374/298/2
f 1389/300/2 1390/297/2 1395/285/2
f 1303/293/2 1414/294/2 1415/301/2
f 1425/299/2 1374/298/2 1375/302/2
f 1388/303/2 1389/300/2 1395/285/2
f 1424/304/2 1425/299/2 1375/302/2
f 1424/304/2 1375/302/2 1376/305/2
f 1387/306/2 1388/303/2 1395/285/2
f 1303/293/2 1415/301/2 1416/307/2
f 1424/304/2 1376/305/2 1377/308/2
f 1423/309/2 1424/304/2 1377/308/2
f 1386/310/2 1387/306/2 1395/285/2
f 1423/309/2 1377/308/2 1378/311/2
f 1302/312/2 1303/293/2 1416/307/2
f 1385/313/2 1386/310/2 1395/285/2
f 1302/312/2 1416/307/2 1417/314/2
f 1422/315/2 1423/309/2 1378/311/2
f 1422/315/2 1378/311/2 1379/316/2
f 1384/317/2 1385/313/2 1395/285/2
f 1422/315/2 1379/316/2 1380/318/2
f 1383/319/2 1384/317/2 1395/285/2
f 1421/320/2 1422/315/2 1380/318/2
f 1421/320/2 1380/318/2 1381/321/2
f 1382/322/2 1383/319/2 1395/285/2
f 1421/320/2 1381/321/2 1382/322/2
f 1302/312/2 1417/314/2 1418/323/2
f 1421/320/2 1382/322/2 1395/285/2
f 1420/324/2 1421/320/2 1395/285/2
f 1302/312/2 1418/323/2 1419/325/2
f 1419/325/2 1420/324/2 1395/285/2
f 1302/312/2 1419/325/2 1282/326/2
f 1282/326/2 1419/325/2 1395/285/2
f 1301/327/2 1302/312/2 1282/326/2
f 1301/327/2 1282/326/2 1283/328/2
f 1281/329/2 1282/326/2 1395/285/2
f 1300/330/2 1301/327/2 1283/328/2
f 1300/330/2 1283/328/2 1284/331/2
f 1280/332/2 1281/329/2 1395/285/2
f 1280/332/2 1395/285/2 1259/84/2
f 1299/333/2 1300/330/2 1284/331/2
f 1299/333/2 1284/331/2 1285/334/2
f 1279/335/2 1280/332/2 1259/84/2
f 1279/335/2 1259/84/2 1260/336/2
f 1299/333/2 1285/334/2 1286/337/2
f 1278/338/2 1279/335/2 1260/336/2
f 1298/339/2 1299/333/2 1286/337/2
f 1278/338/2 1260/336/2 1261/340/2
f 1298/339/2 1286/337/2 1287/341/2
f 1277/342/2 1278/338/2 1261/340/2
f 1277/342/2 1261/340/2 1262/343/2
f 1297/344/2 1298/339/2 1287/341/2
f 1297/344/2 1287/341/2 1288/345/2
f 1276/346/2 1277/342/2 1262/343/2
f 1276/346/2 1262/343/2 1263/347/2
f 1297/344/2 1288/345/2 1289/348/2
f 1275/349/2 1276/346/2 1263/347/2
f 1275/349/2 1263/347/2 1264/350/2
f 1296/351/2 1297/344/2 1289/348/2
f 1296/351/2 1289/348/2 1290/352/2
f 1274/353/2 1275/349/2 1264/350/2
f 1274/353/2 1264/350/2 1265/354/2
f 1296/351/2 1290/352/2 1291/355/2
f 1274/353/2 1265/354/2 1266/356/2
f 1273/357/2 1274/353/2 1266/356/2
f 1295/358/2 1296/351/2 1291/355/2
f 1273/357/2 1266/356/2 1267/359/2
f 1295/358/2 1291/355/2 1292/360/2
f 1272/361/2 1273/357/2 1267/359/2
f 1272/361/2 1267/359/2 1268/362/2
f 1295/358/2 1292/360/2 1293/363/2
f 1271/364/2 1272/361/2 1268/362/2
f 1294/365/2 1295/358/2 1293/363/2
f 1271/364/2 1268/362/2 1269/366/2
f 1270/367/2 1271/364/2 1269/366/2
f 1433/84/2 1434/369/2 1509/368/2
f 1509/368/2 1434/369/2 1435/370/2
f 1509/368/2 1435/370/2 1436/371/2
f 1509/368/2 1436/371/2 1437/372/2
f 1509/368/2 1437/372/2 1438/373/2
f 1509/368/2 1438/373/2 1439/374/2
f 1509/368/2 1439/374/2 1440/375/2
f 1509/368/2 1440/375/2 1441/376/2
f 1509/368/2 1441/376/2 1442/377/2
f 1509/368/2 1442/377/2 1508/378/2
f 1508/378/2 1442/377/2 1507/379/2
f 1507/379/2 1442/377/2 1443/380/2
f 1433/84/2 1509/368/2 1510/48/2
f 1506/381/2 1507/379/2 1443/380/2
f 1505/382/2 1506/381/2 1443/380/2
f 1504/383/2 1505/382/2 1443/380/2
f 1503/384/2 1504/383/2 1443/380/2
f 1503/384/2 1443/380/2 1444/88/2
f 1502/385/2 1503/384/2 1444/88/2
f 1501/386/2 1502/385/2 1444/88/2
f 1501/386/2 1444/88/2 1445/387/2
f 1500/388/2 1501/386/2 1445/387/2
f 1499/18/2 1500/388/2 1445/387/2
f 1499/18/2 1445/387/2 1446/389/2
f 1498/390/2 1499/18/2 1446/389/2
f 1497/391/2 1498/390/2 1446/389/2
f 1497/391/2 1446/389/2 1447/392/2
f 1496/393/2 1497/391/2 1447/392/2
f 1495/394/2 1496/393/2 1447/392/2
f 1495/394/2 1447/392/2 1448/395/2
f 1494/396/2 1495/394/2 1448/395/2
f 1494/396/2 1448/395/2 1449/397/2
f 1493/398/2 1494/396/2 1449/397/2
f 1492/399/2 1493/398/2 1449/397/2
f 1492/399/2 1449/397/2 1450/400/2
f 1491/401/2 1492/399/2 1450/400/2
f 1490/402/2 1491/401/2 1450/400/2
f 1490/402/2 1450/400/2 1451/403/2
f 1489/404/2 1490/402/2 1451/403/2
f 1489/404/2 1451/403/2 1452/405/2
f 1488/65/2 1489/404/2 1452/405/2
f 1433/84/2 1510/48/2 1473/406/2
f 1487/407/2 1488/65/2 1452/405/2
f 1433/84/2 1473/406/2 1474/408/2
f 1433/84/2 1474/408/2 1475/409/2
f 1433/84/2 1475/409/2 1471/410/2
f 1471/410/2 1475/409/2 1476/411/2
f 1486/412/2 1487/407/2 1452/405/2
f 1471/410/2 1476/411/2 1477/71/2
f 1471/410/2 1477/71/2 1478/413/2
f 1486/412/2 1452/405/2 1453/414/2
f 1485/415/2 1486/412/2 1453/414/2
f 1471/410/2 1478/413/2 1479/416/2
f 1471/410/2 1479/416/2 1480/417/2
f 1471/410/2 1480/417/2 1481/418/2
f 1484/419/2 1485/415/2 1453/414/2
f 1471/410/2 1481/418/2 1482/420/2
f 1471/410/2 1482/420/2 1483/421/2
f 1471/410/2 1483/421/2 1484/419/2
f 1471/410/2 1484/419/2 1453/414/2
f 1471/410/2 1453/414/2 1454/422/2
f 1471/410/2 1454/422/2 1455/15/2
f 1471/410/2 1455/15/2 1456/423/2
f 1433/84/2 1471/410/2 1472/424/2
f 1470/425/2 1471/410/2 1456/423/2
f 1470/425/2 1456/423/2 1457/426/2
f 1469/427/2 1470/425/2 1457/426/2
f 1468/428/2 1469/427/2 1457/426/2
f 1467/429/2 1468/428/2 1457/426/2
f 1466/14/2 1467/429/2 1457/426/2
f 1466/14/2 1457/426/2 1458/430/2
f 1465/431/2 1466/14/2 1458/430/2
f 1464/432/2 1465/431/2 1458/430/2
f 1463/433/2 1464/432/2 1458/430/2
f 1462/434/2 1463/433/2 1458/430/2
f 1462/434/2 1458/430/2 1459/435/2
f 1461/436/2 1462/434/2 1459/435/2
f 1460/437/2 1461/436/2 1459/435/2
f 1630/438/2 1631/440/2 1632/439/2
f 1630/438/2 1632/439/2 1633/441/2
f 1629/442/2 1630/438/2 1633/441/2
f 1629/442/2 1633/441/2 1634/443/2
f 1629/442/2 1634/443/2 1635/444/2
f 1628/445/2 1629/442/2 1635/444/2
f 1628/445/2 1635/444/2 1636/446/2
f 1628/445/2 1636/446/2 1637/447/2
f 1627/448/2 1628/445/2 1637/447/2
f 1627/448/2 1637/447/2 1638/449/2
f 1627/448/2 1638/449/2 1639/450/2
f 1626/451/2 1627/448/2 1639/450/2
f 1626/451/2 1639/450/2 1640/452/2
f 1626/451/2 1640/452/2 1641/453/2
f 1625/18/2 1626/451/2 1641/453/2
f 1625/18/2 1641/453/2 1642/454/2
f 1625/18/2 1642/454/2 1643/455/2
f 1624/456/2 1625/18/2 1643/455/2
f 1624/456/2 1643/455/2 1518/457/2
f 1518/457/2 1643/455/2 1517/458/2
f 1517/458/2 1643/455/2 1516/459/2
f 1516/459/2 1643/455/2 1515/460/2
f 1515/460/2 1643/455/2 1514/461/2
f 1514/461/2 1643/455/2 1513/462/2
f 1513/462/2 1643/455/2 1512/463/2
f 1512/463/2 1643/455/2 1511/84/2
f 1511/84/2 1643/455/2 1644/48/2
f 1623/464/2 1624/456/2 1520/465/2
f 1520/465/2 1624/456/2 1519/466/2
f 1519/466/2 1624/456/2 1518/457/2
f 1622/467/2 1623/464/2 1521/468/2
f 1521/468/2 1623/464/2 1520/465/2
f 1621/469/2 1622/467/2 1523/470/2
f 1523/470/2 1622/467/2 1522/471/2
f 1522/471/2 1622/467/2 1521/468/2
f 1621/469/2 1523/470/2 1524/472/2
f 1621/469/2 1524/472/2 1525/473/2
f 1621/469/2 1525/473/2 1526/474/2
f 1621/469/2 1526/474/2 1527/475/2
f 1621/469/2 1527/475/2 1528/476/2
f 1620/477/2 1621/469/2 1528/476/2
f 1620/477/2 1528/476/2 1529/478/2
f 1620/477/2 1529/478/2 1530/88/2
f 1620/477/2 1530/88/2 1531/479/2
f 1620/477/2 1531/479/2 1532/480/2
f 1619/481/2 1620/477/2 1532/480/2
f 1619/481/2 1532/480/2 1533/482/2
f 1619/481/2 1533/482/2 1534/483/2
f 1619/481/2 1534/483/2 1535/484/2
f 1618/485/2 1619/481/2 1535/484/2
f 1618/485/2 1535/484/2 1536/486/2
f 1618/485/2 1536/486/2 1537/487/2
f 1618/485/2 1537/487/2 1538/488/2
f 1618/485/2 1538/488/2 1539/489/2
f 1618/485/2 1539/489/2 1540/490/2
f 1617/491/2 1618/485/2 1540/490/2
f 1617/491/2 1540/490/2 1541/492/2
f 1617/491/2 1541/492/2 1542/493/2
f 1617/491/2 1542/493/2 1543/494/2
f 1616/495/2 1617/491/2 1543/494/2
f 1616/495/2 1543/494/2 1544/496/2
f 1616/495/2 1544/496/2 1545/497/2
f 1616/495/2 1545/497/2 1546/498/2
f 1615/499/2 1616/495/2 1546/498/2
f 1615/499/2 1546/498/2 1547/500/2
f 1614/501/2 1615/499/2 1547/500/2
f 1614/501/2 1547/500/2 1548/502/2
f 1614/501/2 1548/502/2 1549/15/2
f 1613/503/2 1614/501/2 1549/15/2
f 1613/503/2 1549/15/2 1550/504/2
f 1612/505/2 1613/503/2 1550/504/2
f 1612/505/2 1550/504/2 1551/506/2
f 1612/505/2 1551/506/2 1552/507/2
f 1611/508/2 1612/505/2 1552/507/2
f 1611/508/2 1552/507/2 1553/509/2
f 1610/510/2 1611/508/2 1553/509/2
f 1610/510/2 1553/509/2 1554/511/2
f 1610/510/2 1554/511/2 1555/512/2
f 1609/513/2 1610/510/2 1555/512/2
f 1609/513/2 1555/512/2 1556/514/2
f 1608/515/2 1609/513/2 1556/514/2
f 1608/515/2 1556/514/2 1557/516/2
f 1607/517/2 1608/515/2 1557/516/2
f 1607/517/2 1557/516/2 1558/518/2
f 1582/519/2 1583/521/2 1584/520/2
f 1607/517/2 1558/518/2 1559/522/2
f 1606/65/2 1607/517/2 1559/522/2
f 1582/519/2 1584/520/2 1585/523/2
f 1605/524/2 1606/65/2 1559/522/2
f 1582/519/2 1585/523/2 1586/525/2
f 1604/526/2 1605/524/2 1559/522/2
f 1604/526/2 1559/522/2 1560/527/2
f 1582/519/2 1586/525/2 1587/71/2
f 1603/528/2 1604/526/2 1560/527/2
f 1582/519/2 1587/71/2 1588/529/2
f 1602/530/2 1603/528/2 1560/527/2
f 1582/519/2 1588/529/2 1589/531/2
f 1601/532/2 1602/530/2 1560/527/2
f 1601/532/2 1560/527/2 1561/533/2
f 1582/519/2 1589/531/2 1590/534/2
f 1600/535/2 1601/532/2 1561/533/2
f 1599/536/2 1600/535/2 1561/533/2
f 1582/519/2 1590/534/2 1591/537/2
f 1598/538/2 1599/536/2 1561/533/2
f 1582/519/2 1591/537/2 1592/539/2
f 1597/540/2 1598/538/2 1561/533/2
f 1582/519/2 1592/539/2 1593/541/2
f 1596/542/2 1597/540/2 1561/533/2
f 1582/519/2 1593/541/2 1594/543/2
f 1595/544/2 1596/542/2 1561/533/2
f 1582/519/2 1594/543/2 1595/544/2
f 1595/544/2 1561/533/2 1562/545/2
f 1582/519/2 1595/544/2 1562/545/2
f 1582/519/2 1562/545/2 1563/546/2
f 1582/519/2 1563/546/2 1564/547/2
f 1581/548/2 1582/519/2 1564/547/2
f 1581/548/2 1564/547/2 1565/549/2
f 1580/550/2 1581/548/2 1565/549/2
f 1579/551/2 1580/550/2 1565/549/2
f 1579/551/2 1565/549/2 1566/552/2
f 1578/553/2 1579/551/2 1566/552/2
f 1577/554/2 1578/553/2 1566/552/2
f 1577/554/2 1566/552/2 1567/555/2
f 1576/556/2 1577/554/2 1567/555/2
f 1576/556/2 1567/555/2 1568/14/2
f 1575/557/2 1576/556/2 1568/14/2
f 1574/558/2 1575/557/2 1568/14/2
f 1574/558/2 1568/14/2 1569/559/2
f 1573/560/2 1574/558/2 1569/559/2
f 1572/561/2 1573/560/2 1569/559/2
f 1572/561/2 1569/559/2 1570/562/2
f 1571/563/2 1572/561/2 1570/562/2
f 1764/438/2 1765/440/2 1766/439/2
f 1764/438/2 1766/439/2 1767/441/2
f 1763/442/2 1764/438/2 1767/441/2
f 1763/442/2 1767/441/2 1768/443/2
f 1763/442/2 1768/443/2 1769/444/2
f 1762/445/2 1763/442/2 1769/444/2
f 1762/445/2 1769/444/2 1770/446/2
f 1762/445/2 1770/446/2 1771/447/2
f 1761/448/2 1762/445/2 1771/447/2
f 1761/448/2 1771/447/2 1772/449/2
f 1761/448/2 1772/449/2 1773/450/2
f 1760/451/2 1761/448/2 1773/450/2
f 1760/451/2 1773/450/2 1774/452/2
f 1760/451/2 1774/452/2 1775/453/2
f 1759/18/2 1760/451/2 1775/453/2
f 1759/18/2 1775/453/2 1776/454/2
f 1759/18/2 1776/454/2 1777/455/2
f 1758/456/2 1759/18/2 1777/455/2
f 1758/456/2 1777/455/2 1652/457/2
f 1652/457/2 1777/455/2 1651/458/2
f 1651/458/2 1777/455/2 1650/459/2
f 1650/459/2 1777/455/2 1649/460/2
f 1649/460/2 1777/455/2 1648/461/2
f 1648/461/2 1777/455/2 1647/462/2
f 1647/462/2 1777/455/2 1646/463/2
f 1646/463/2 1777/455/2 1645/84/2
f 1645/84/2 1777/455/2 1778/48/2
f 1757/464/2 1758/456/2 1654/465/2
f 1654/465/2 1758/456/2 1653/466/2
f 1653/466/2 1758/456/2 1652/457/2
f 1756/467/2 1757/464/2 1655/468/2
f 1655/468/2 1757/464/2 1654/465/2
f 1755/469/2 1756/467/2 1657/470/2
f 1657/470/2 1756/467/2 1656/471/2
f 1656/471/2 1756/467/2 1655/468/2
f 1755/469/2 1657/470/2 1658/472/2
f 1755/469/2 1658/472/2 1659/473/2
f 1755/469/2 1659/473/2 1660/474/2
f 1755/469/2 1660/474/2 1661/475/2
f 1755/469/2 1661/475/2 1662/476/2
f 1754/477/2 1755/469/2 1662/476/2
f 1754/477/2 1662/476/2 1663/478/2
f 1754/477/2 1663/478/2 1664/88/2
f 1754/477/2 1664/88/2 1665/479/2
f 1754/477/2 1665/479/2 1666/480/2
f 1753/481/2 1754/477/2 1666/480/2
f 1753/481/2 1666/480/2 1667/482/2
f 1753/481/2 1667/482/2 1668/483/2
f 1753/481/2 1668/483/2 1669/484/2
f 1752/485/2 1753/481/2 1669/484/2
f 1752/485/2 1669/484/2 1670/486/2
f 1752/485/2 1670/486/2 1671/487/2
f 1752/485/2 1671/487/2 1672/488/2
f 1752/485/2 1672/488/2 1673/489/2
f 1752/485/2 1673/489/2 1674/490/2
f 1751/491/2 1752/485/2 1674/490/2
f 1751/491/2 1674/490/2 1675/492/2
f 1751/491/2 1675/492/2 1676/493/2
f 1751/491/2 1676/493/2 1677/494/2
f 1750/495/2 1751/491/2 1677/494/2
f 1750/495/2 1677/494/2 1678/496/2
f 1750/495/2 1678/496/2 1679/497/2
f 1750/495/2 1679/497/2 1680/498/2
f 1749/499/2 1750/495/2 1680/498/2
f 1749/499/2 1680/498/2 1681/500/2
f 1748/501/2 1749/499/2 1681/500/2
f 1748/501/2 1681/500/2 1682/502/2
f 1748/501/2 1682/502/2 1683/15/2
f 1747/503/2 1748/501/2 1683/15/2
f 1747/503/2 1683/15/2 1684/504/2
f 1746/505/2 1747/503/2 1684/504/2
f 1746/505/2 1684/504/2 1685/506/2
f 1746/505/2 1685/506/2 1686/507/2
f 1745/508/2 1746/505/2 1686/507/2
f 1745/508/2 1686/507/2 1687/509/2
f 1744/510/2 1745/508/2 1687/509/2
f 1744/510/2 1687/509/2 1688/511/2
f 1744/510/2 1688/511/2 1689/512/2
f 1743/513/2 1744/510/2 1689/512/2
f 1743/513/2 1689/512/2 1690/514/2
f 1742/515/2 1743/513/2 1690/514/2
f 1742/515/2 1690/514/2 1691/516/2
f 1741/517/2 1742/515/2 1691/516/2
f 1741/517/2 1691/516/2 1692/518/2
f 1716/519/2 1717/521/2 1718/520/2
f 1741/517/2 1692/518/2 1693/522/2
f 1740/65/2 1741/517/2 1693/522/2
f 1716/519/2 1718/520/2 1719/523/2
f 1739/524/2 1740/65/2 1693/522/2
f 1716/519/2 1719/523/2 1720/525/2
f 1738/526/2 1739/524/2 1693/522/2
f 1738/526/2 1693/522/2 1694/527/2
f 1716/519/2 1720/525/2 1721/71/2
f 1737/528/2 1738/526/2 1694/527/2
f 1716/519/2 1721/71/2 1722/529/2
f 1736/530/2 1737/528/2 1694/527/2
f 1716/519/2 1722/529/2 1723/531/2
f 1735/532/2 1736/530/2 1694/527/2
f 1735/532/2 1694/527/2 1695/533/2
f 1716/519/2 1723/531/2 1724/534/2
f 1734/535/2 1735/532/2 1695/533/2
f 1733/536/2 1734/535/2 1695/533/2
f 1716/519/2 1724/534/2 1725/537/2
f 1732/538/2 1733/536/2 1695/533/2
f 1716/519/2 1725/537/2 1726/539/2
f 1731/540/2 1732/538/2 1695/533/2
f 1716/519/2 1726/539/2 1727/541/2
f 1730/542/2 1731/540/2 1695/533/2
f 1716/519/2 1727/541/2 1728/543/2
f 1729/544/2 1730/542/2 1695/533/2
f 1716/519/2 1728/543/2 1729/544/2
f 1729/544/2 1695/533/2 1696/545/2
f 1716/519/2 1729/544/2 1696/545/2
f 1716/519/2 1696/545/2 1697/546/2
f 1716/519/2 1697/546/2 1698/547/2
f 1715/548/2 1716/519/2 1698/547/2
f 1715/548/2 1698/547/2 1699/549/2
f 1714/550/2 1715/548/2 1699/549/2
f 1713/551/2 1714/550/2 1699/549/2
f 1713/551/2 1699/549/2 1700/552/2
f 1712/553/2 1713/551/2 1700/552/2
f 1711/554/2 1712/553/2 1700/552/2
f 1711/554/2 1700/552/2 1701/555/2
f 1710/556/2 1711/554/2 1701/555/2
f 1710/556/2 1701/555/2 1702/14/2
f 1709/557/2 1710/556/2 1702/14/2
f 1708/558/2 1709/557/2 1702/14/2
f 1708/558/2 1702/14/2 1703/559/2
f 1707/560/2 1708/558/2 1703/559/2
f 1706/561/2 1707/560/2 1703/559/2
f 1706/561/2 1703/559/2 1704/562/2
f 1705/563/2 1706/561/2 1704/562/2
f 1898/438/2 1899/440/2 1900/439/2
f 1898/438/2 1900/439/2 1901/441/2
f 1897/442/2 1898/438/2 1901/441/2
f 1897/442/2 1901/441/2 1902/443/2
f 1897/442/2 1902/443/2 1903/444/2
f 1896/445/2 1897/442/2 1903/444/2
f 1896/445/2 1903/444/2 1904/446/2
f 1896/445/2 1904/446/2 1905/447/2
f 1895/448/2 1896/445/2 1905/447/2
f 1895/448/2 1905/447/2 1906/449/2
f 1895/448/2 1906/449/2 1907/450/2
f 1894/451/2 1895/448/2 1907/450/2
f 1894/451/2 1907/450/2 1908/452/2
f 1894/451/2 1908/452/2 1909/453/2
f 1893/18/2 1894/451/2 1909/453/2
f 1893/18/2 1909/453/2 1910/454/2
f 1893/18/2 1910/454/2 1911/455/2
f 1892/456/2 1893/18/2 1911/455/2
f 1892/456/2 1911/455/2 1786/457/2
f 1786/457/2 1911/455/2 1785/458/2
f 1785/458/2 1911/455/2 1784/459/2
f 1784/459/2 1911/455/2 1783/460/2
f 1783/460/2 1911/455/2 1782/461/2
f 1782/461/2 1911/455/2 1781/462/2
f 1781/462/2 1911/455/2 1780/463/2
f 1780/463/2 1911/455/2 1779/84/2
f 1779/84/2 1911/455/2 1912/48/2
f 1891/464/2 1892/456/2 1788/465/2
f 1788/465/2 1892/456/2 1787/466/2
f 1787/466/2 1892/456/2 1786/457/2
f 1890/467/2 1891/464/2 1789/468/2
f 1789/468/2 1891/464/2 1788/465/2
f 1889/469/2 1890/467/2 1791/470/2
f 1791/470/2 1890/467/2 1790/471/2
f 1790/471/2 1890/467/2 1789/468/2
f 1889/469/2 1791/470/2 1792/472/2
f 1889/469/2 1792/472/2 1793/473/2
f 1889/469/2 1793/473/2 1794/474/2
f 1889/469/2 1794/474/2 1795/475/2
f 1889/469/2 1795/475/2 1796/476/2
f 1888/477/2 1889/469/2 1796/476/2
f 1888/477/2 1796/476/2 1797/478/2
f 1888/477/2 1797/478/2 1798/88/2
f 1888/477/2 1798/88/2 1799/479/2
f 1888/477/2 1799/479/2 1800/480/2
f 1887/481/2 1888/477/2 1800/480/2
f 1887/481/2 1800/480/2 1801/482/2
f 1887/481/2 1801/482/2 1802/483/2
f 1887/481/2 1802/483/2 1803/484/2
f 1886/485/2 1887/481/2 1803/484/2
f 1886/485/2 1803/484/2 1804/486/2
f 1886/485/2 1804/486/2 1805/487/2
f 1886/485/2 1805/487/2 1806/488/2
f 1886/485/2 1806/488/2 1807/489/2
f 1886/485/2 1807/489/2 1808/490/2
f 1885/491/2 1886/485/2 1808/490/2
f 1885/491/2 1808/490/2 1809/492/2
f 1885/491/2 1809/492/2 1810/493/2
f 1885/491/2 1810/493/2 1811/494/2
f 1884/495/2 1885/491/2 1811/494/2
f 1884/495/2 1811/494/2 1812/496/2
f 1884/495/2 1812/496/2 1813/497/2
f 1884/495/2 1813/497/2 1814/498/2
f 1883/499/2 1884/495/2 1814/498/2
f 1883/499/2 1814/498/2 1815/500/2
f 1882/501/2 1883/499/2 1815/500/2
f 1882/501/2 1815/500/2 1816/502/2
f 1882/501/2 1816/502/2 1817/15/2
f 1881/503/2 1882/501/2 1817/15/2
f 1881/503/2 1817/15/2 1818/504/2
f 1880/505/2 1881/503/2 1818/504/2
f 1880/505/2 1818/504/2 1819/506/2
f 1880/505/2 1819/506/2 1820/507/2
f 1879/508/2 1880/505/2 1820/507/2
f 1879/508/2 1820/507/2 1821/509/2
f 1878/510/2 1879/508/2 1821/509/2
f 1878/510/2 1821/509/2 1822/511/2
f 1878/510/2 1822/511/2 1823/512/2
f 1877/513/2 1878/510/2 1823/512/2
f 1877/513/2 1823/512/2 1824/514/2
f 1876/515/2 1877/513/2 1824/514/2
f 1876/515/2 1824/514/2 1825/516/2
f 1875/517/2 1876/515/2 1825/516/2
f 1875/517/2 1825/516/2 1826/518/2
f 1850/519/2 1851/521/2 1852/520/2
f 1875/517/2 1826/518/2 1827/522/2
f 1874/65/2 1875/517/2 1827/522/2
f 1850/519/2 1852/520/2 1853/523/2
f 1873/524/2 1874/65/2 1827/522/2
f 1850/519/2 1853/523/2 1854/525/2
f 1872/526/2 1873/524/2 1827/522/2
f 1872/526/2 1827/522/2 1828/527/2
f 1850/519/2 1854/525/2 1855/71/2
f 1871/528/2 1872/526/2 1828/527/2
f 1850/519/2 1855/71/2 1856/529/2
f 1870/530/2 1871/528/2 1828/527/2
f 1850/519/2 1856/529/2 1857/531/2
f 1869/532/2 1870/530/2 1828/527/2
f 1869/532/2 1828/527/2 1829/533/2
f 1850/519/2 1857/531/2 1858/534/2
f 1868/535/2 1869/532/2 1829/533/2
f 1867/536/2 1868/535/2 1829/533/2
f 1850/519/2 1858/534/2 1859/537/2
f 1866/538/2 1867/536/2 1829/533/2
f 1850/519/2 1859/537/2 1860/539/2
f 1865/540/2 1866/538/2 1829/533/2
f 1850/519/2 1860/539/2 1861/541/2
f 1864/542/2 1865/540/2 1829/533/2
f 1850/519/2 1861/541/2 1862/543/2
f 1863/544/2 1864/542/2 1829/533/2
f 1850/519/2 1862/543/2 1863/544/2
f 1863/544/2 1829/533/2 1830/545/2
f 1850/519/2 1863/544/2 1830/545/2
f 1850/519/2 1830/545/2 1831/546/2
f 1850/519/2 1831/546/2 1832/547/2
f 1849/548/2 1850/519/2 1832/547/2
f 1849/548/2 1832/547/2 1833/549/2
f 1848/550/2 1849/548/2 1833/549/2
f 1847/551/2 1848/550/2 1833/549/2
f 1847/551/2 1833/549/2 1834/552/2
f 1846/553/2 1847/551/2 1834/552/2
f 1845/554/2 1846/553/2 1834/552/2
f 1845/554/2 1834/552/2 1835/555/2
f 1844/556/2 1845/554/2 1835/555/2
f 1844/556/2 1835/555/2 1836/14/2
f 1843/557/2 1844/556/2 1836/14/2
f 1842/558/2 1843/557/2 1836/14/2
f 1842/558/2 1836/14/2 1837/559/2
f 1841/560/2 1842/558/2 1837/559/2
f 1840/561/2 1841/560/2 1837/559/2
f 1840/561/2 1837/559/2 1838/562/2
f 1839/563/2 1840/561/2 1838/562/2
f 1947/1/2 1948/3/2 1949/2/2
f 1947/1/2 1949/2/2 1950/4/2
f 1946/5/2 1947/1/2 1950/4/2
f 1946/5/2 1950/4/2 1951/6/2
f 1945/7/2 1946/5/2 1951/6/2
f 1945/7/2 1951/6/2 1952/8/2
f 1944/9/2 1945/7/2 1952/8/2
f 1944/9/2 1952/8/2 1953/10/2
f 1943/11/2 1944/9/2 1953/10/2
f 1943/11/2 1953/10/2 1954/12/2
f 1942/13/2 1943/11/2 1954/12/2
f 1942/13/2 1954/12/2 1955/14/2
f 1941/15/2 1942/13/2 1998/16/2
f 1998/16/2 1942/13/2 1955/14/2
f 1941/15/2 1998/16/2 1999/17/2
f 1997/18/2 1998/16/2 1955/14/2
f 1941/15/2 1999/17/2 2000/19/2
f 1996/20/2 1997/18/2 1955/14/2
f 1941/15/2 2000/19/2 2001/21/2
f 1995/22/2 1996/20/2 1955/14/2
f 1995/22/2 1955/14/2 1956/23/2
f 1941/15/2 2001/21/2 2002/24/2
f 1940/25/2 1941/15/2 2002/24/2
f 1994/26/2 1995/22/2 1956/23/2
f 1940/25/2 2002/24/2 2003/27/2
f 1993/28/2 1994/26/2 1956/23/2
f 1940/25/2 2003/27/2 2004/29/2
f 1992/30/2 1993/28/2 1956/23/2
f 1940/25/2 2004/29/2 2005/31/2
f 1991/32/2 1992/30/2 1956/23/2
f 1939/33/2 1940/25/2 2005/31/2
f 1991/32/2 1956/23/2 1957/34/2
f 1939/33/2 2005/31/2 2006/35/2
f 1990/36/2 1991/32/2 1957/34/2
f 1939/33/2 2006/35/2 2007/37/2
f 1989/38/2 1990/36/2 1957/34/2
f 1938/39/2 1939/33/2 2007/37/2
f 1989/38/2 1957/34/2 1958/40/2
f 1938/39/2 2007/37/2 2008/41/2
f 1988/42/2 1989/38/2 1958/40/2
f 1938/39/2 2008/41/2 2009/43/2
f 1987/44/2 1988/42/2 1958/40/2
f 1937/45/2 1938/39/2 2009/43/2
f 1937/45/2 2009/43/2 2010/46/2
f 1987/44/2 1958/40/2 1959/47/2
f 2011/48/2 1987/44/2 1959/47/2
f 1937/45/2 2010/46/2 2011/48/2
f 1937/45/2 2011/48/2 1959/47/2
f 1936/49/2 1937/45/2 1959/47/2
f 1936/49/2 1959/47/2 1960/50/2
f 1935/51/2 1936/49/2 1961/52/2
f 1961/52/2 1936/49/2 1960/50/2
f 1935/51/2 1961/52/2 1962/53/2
f 1934/54/2 1935/51/2 1962/53/2
f 1934/54/2 1962/53/2 1963/55/2
f 1934/54/2 1963/55/2 1964/56/2
f 1933/57/2 1934/54/2 1964/56/2
f 1933/57/2 1964/56/2 1965/58/2
f 1932/59/2 1933/57/2 1965/58/2
f 1932/59/2 1965/58/2 1966/60/2
f 1984/61/2 1985/63/2 1986/62/2
f 1932/59/2 1966/60/2 1967/64/2
f 1983/65/2 1984/61/2 1986/62/2
f 1982/66/2 1983/65/2 1986/62/2
f 1931/67/2 1932/59/2 1967/64/2
f 1931/67/2 1967/64/2 1968/68/2
f 1981/69/2 1982/66/2 1986/62/2
f 1980/70/2 1981/69/2 1986/62/2
f 1931/67/2 1968/68/2 1969/71/2
f 1979/72/2 1980/70/2 1986/62/2
f 1931/67/2 1969/71/2 1970/73/2
f 1978/74/2 1979/72/2 1986/62/2
f 1930/75/2 1931/67/2 1970/73/2
f 1977/76/2 1978/74/2 1986/62/2
f 1930/75/2 1970/73/2 1971/77/2
f 1976/78/2 1977/76/2 1986/62/2
f 1930/75/2 1971/77/2 1972/79/2
f 1975/80/2 1976/78/2 1986/62/2
f 1974/81/2 1975/80/2 1986/62/2
f 1930/75/2 1972/79/2 1973/82/2
f 1973/82/2 1974/81/2 1986/62/2
f 1930/75/2 1973/82/2 1986/62/2
f 1929/83/2 1930/75/2 1986/62/2
f 1929/83/2 1986/62/2 1913/84/2
f 1928/85/2 1929/83/2 1913/84/2
f 1928/85/2 1913/84/2 1914/86/2
f 1928/85/2 1914/86/2 1915/87/2
f 1927/88/2 1928/85/2 1915/87/2
f 1927/88/2 1915/87/2 1916/89/2
f 1927/88/2 1916/89/2 1917/90/2
f 1926/91/2 1927/88/2 1917/90/2
f 1926/91/2 1917/90/2 1918/92/2
f 1926/91/2 1918/92/2 1919/93/2
f 1925/94/2 1926/91/2 1919/93/2
f 1925/94/2 1919/93/2 1920/95/2
f 1925/94/2 1920/95/2 1921/96/2
f 1925/94/2 1921/96/2 1922/97/2
f 1924/98/2 1925/94/2 1922/97/2
f 1924/98/2 1922/97/2 1923/99/2
f 2024/564/2 2025/566/2 2026/565/2
f 2024/564/2 2026/565/2 2027/567/2
f 2023/568/2 2024/564/2 2027/567/2
f 2023/568/2 2027/567/2 2028/569/2
f 2022/570/2 2023/568/2 2028/569/2
f 2022/570/2 2028/569/2 2029/571/2
f 2022/570/2 2029/571/2 2030/572/2
f 2021/573/2 2022/570/2 2030/572/2
f 2021/573/2 2030/572/2 2031/574/2
f 2064/575/2 2065/576/2 2066/48/2
f 2064/575/2 2066/48/2 2012/84/2
f 2020/577/2 2021/573/2 2031/574/2
f 2020/577/2 2031/574/2 2032/578/2
f 2020/577/2 2032/578/2 2033/579/2
f 2019/580/2 2020/577/2 2033/579/2
f 2019/580/2 2033/579/2 2034/581/2
f 2018/582/2 2019/580/2 2034/581/2
f 2018/582/2 2034/581/2 2035/583/2
f 2018/582/2 2035/583/2 2036/584/2
f 2017/585/2 2018/582/2 2036/584/2
f 2017/585/2 2036/584/2 2037/586/2
f 2016/587/2 2017/585/2 2037/586/2
f 2016/587/2 2037/586/2 2047/588/2
f 2047/588/2 2037/586/2 2046/589/2
f 2046/589/2 2037/586/2 2045/590/2
f 2045/590/2 2037/586/2 2044/591/2
f 2044/591/2 2037/586/2 2043/592/2
f 2043/592/2 2037/586/2 2042/593/2
f 2042/593/2 2037/586/2 2041/594/2
f 2041/594/2 2037/586/2 2040/595/2
f 2040/595/2 2037/586/2 2039/53/2
f 2039/53/2 2037/586/2 2038/596/2
f 2015/597/2 2016/587/2 2049/598/2
f 2049/598/2 2016/587/2 2048/599/2
f 2048/599/2 2016/587/2 2047/588/2
f 2014/600/2 2015/597/2 2051/601/2
f 2051/601/2 2015/597/2 2050/602/2
f 2050/602/2 2015/597/2 2049/598/2
f 2014/600/2 2051/601/2 2052/603/2
f 2014/600/2 2052/603/2 2053/604/2
f 2013/605/2 2014/600/2 2053/604/2
f 2013/605/2 2053/604/2 2054/606/2
f 2013/605/2 2054/606/2 2055/607/2
f 2064/575/2 2012/84/2 2013/605/2
f 2064/575/2 2013/605/2 2059/608/2
f 2059/608/2 2013/605/2 2058/609/2
f 2058/609/2 2013/605/2 2057/610/2
f 2057/610/2 2013/605/2 2056/611/2
f 2056/611/2 2013/605/2 2055/607/2
f 2064/575/2 2059/608/2 2060/612/2
f 2064/575/2 2060/612/2 2061/613/2
f 2064/575/2 2061/613/2 2062/614/2
f 2064/575/2 2062/614/2 2063/615/2
f 2093/616/2 2094/618/2 2121/617/2
f 2121/617/2 2094/618/2 2095/619/2
f 2121/617/2 2095/619/2 2067/84/2
f 2121/617/2 2067/84/2 2068/620/2
f 2121/617/2 2068/620/2 2069/621/2
f 2121/617/2 2069/621/2 2070/622/2
f 2121/617/2 2070/622/2 2071/623/2
f 2121/617/2 2071/623/2 2072/375/2
f 2121/617/2 2072/375/2 2073/624/2
f 2121/617/2 2073/624/2 2120/625/2
f 2120/625/2 2073/624/2 2074/626/2
f 2093/616/2 2121/617/2 2122/48/2
f 2119/627/2 2120/625/2 2074/626/2
f 2118/628/2 2119/627/2 2074/626/2
f 2117/384/2 2118/628/2 2074/626/2
f 2117/384/2 2074/626/2 2075/629/2
f 2116/630/2 2117/384/2 2075/629/2
f 2115/631/2 2116/630/2 2075/629/2
f 2114/632/2 2115/631/2 2075/629/2
f 2114/632/2 2075/629/2 2076/633/2
f 2113/634/2 2114/632/2 2076/633/2
f 2112/393/2 2113/634/2 2076/633/2
f 2111/635/2 2112/393/2 2076/633/2
f 2111/635/2 2076/633/2 2077/392/2
f 2110/636/2 2111/635/2 2077/392/2
f 2109/637/2 2110/636/2 2077/392/2
f 2109/637/2 2077/392/2 2078/638/2
f 2108/639/2 2109/637/2 2078/638/2
f 2107/404/2 2108/639/2 2078/638/2
f 2107/404/2 2078/638/2 2079/640/2
f 2106/641/2 2107/404/2 2079/640/2
f 2106/641/2 2079/640/2 2080/642/2
f 2105/643/2 2106/641/2 2080/642/2
f 2104/644/2 2105/643/2 2080/642/2
f 2104/644/2 2080/642/2 2081/645/2
f 2103/646/2 2104/644/2 2081/645/2
f 2102/420/2 2103/646/2 2081/645/2
f 2102/420/2 2081/645/2 2082/422/2
f 2101/647/2 2102/420/2 2082/422/2
f 2100/648/2 2101/647/2 2082/422/2
f 2099/649/2 2100/648/2 2082/422/2
f 2098/650/2 2099/649/2 2082/422/2
f 2098/650/2 2082/422/2 2083/651/2
f 2097/409/2 2098/650/2 2083/651/2
f 2096/652/2 2097/409/2 2083/651/2
f 2093/616/2 2122/48/2 2091/653/2
f 2091/653/2 2122/48/2 2096/652/2
f 2091/653/2 2096/652/2 2083/651/2
f 2091/653/2 2083/651/2 2084/654/2
f 2091/653/2 2084/654/2 2085/655/2
f 2091/653/2 2085/655/2 2086/656/2
f 2091/653/2 2086/656/2 2087/436/2
f 2091/653/2 2087/436/2 2088/657/2
f 2091/653/2 2088/657/2 2089/658/2
f 2091/653/2 2089/658/2 2090/659/2
f 2093/616/2 2091/653/2 2092/428/2
s 1
f 2124/660/3 2126/661/4 2125/662/4 2123/84/3
f 2126/661/4 2128/663/5 2127/664/5 2125/662/4
f 2128/663/5 2130/665/6 2129/666/6 2127/664/5
f 2130/665/6 2132/667/7 2131/668/7 2129/666/6
f 2132/667/7 2134/669/8 2133/670/8 2131/668/7
f 2134/669/8 2136/671/9 2135/672/9 2133/670/8
f 2136/671/9 2138/673/10 2137/674/10 2135/672/9
f 2138/673/10 2140/675/11 2139/676/11 2137/674/10
f 2140/675/11 2142/677/12 2141/678/12 2139/676/11
f 2142/677/12 2144/679/13 2143/680/13 2141/678/12
f 2144/679/13 2146/681/14 2145/682/14 2143/680/13
f 2146/681/14 2148/683/15 2147/684/15 2145/682/14
f 2148/683/15 2150/685/16 2149/686/16 2147/684/15
f 2150/685/16 2152/687/17 2151/688/17 2149/686/16
f 2152/687/17 2154/689/18 2153/690/18 2151/688/17
f 2154/689/18 2156/691/19 2155/692/19 2153/690/18
f 2156/691/19 2158/693/20 2157/694/20 2155/692/19
f 2158/693/20 2160/695/21 2159/696/21 2157/694/20
f 2160/695/21 2162/697/22 2161/698/22 2159/696/21
f 2162/697/22 2164/699/23 2163/700/23 2161/698/22
f 2164/699/23 2166/701/24 2165/702/24 2163/700/23
f 2166/701/24 2168/703/25 2167/704/25 2165/702/24
f 2168/703/25 2170/705/26 2169/706/26 2167/704/25
f 2170/705/26 2172/707/27 2171/708/27 2169/706/26
f 2172/707/27 2174/709/27 2173/710/27 2171/708/27
f 2174/709/27 2176/711/28 2175/712/28 2173/710/27
f 2176/711/28 2178/713/29 2177/714/29 2175/712/28
f 2178/713/29 2180/715/30 2179/716/30 2177/714/29
f 2180/715/30 2124/717/3 2123/48/3 2179/716/30
f 2182/660/31 2184/718/32 2183/600/32 2181/84/31
f 2184/718/32 2186/719/33 2185/587/33 2183/600/32
f 2186/719/33 2188/720/34 2187/582/34 2185/587/33
f 2188/720/34 2190/721/35 2189/577/35 2187/582/34
f 2190/721/35 2192/722/36 2191/570/36 2189/577/35
f 2192/722/36 2194/723/37 2193/564/37 2191/570/36
f 2194/723/37 2196/724/38 2195/565/38 2193/564/37
f 2196/724/38 2198/725/39 2197/569/39 2195/565/38
f 2198/725/39 2200/726/40 2199/572/40 2197/569/39
f 2200/726/40 2202/727/41 2201/578/41 2199/572/40
f 2202/727/41 2204/728/42 2203/581/42 2201/578/41
f 2204/728/42 2206/729/43 2205/584/43 2203/581/42
f 2206/729/43 2208/730/44 2207/596/44 2205/584/43
f 2208/730/44 2210/731/45 2209/595/45 2207/596/44
f 2210/731/45 2212/732/46 2211/593/46 2209/595/45
f 2212/732/46 2214/733/47 2213/591/47 2211/593/46
f 2214/733/47 2216/734/48 2215/589/48 2213/591/47
f 2216/734/48 2218/735/49 2217/599/49 2215/589/48
f 2218/735/49 2220/736/50 2219/602/50 2217/599/49
f 2220/736/50 2222/737/51 2221/603/51 2219/602/50
f 2222/737/51 2224/738/52 2223/606/52 2221/603/51
f 2224/738/52 2226/739/53 2225/611/53 2223/606/52
f 2226/739/53 2228/740/54 2227/609/54 2225/611/53
f 2228/740/54 2230/741/55 2229/612/55 2227/609/54
f 2230/741/55 2232/742/27 2231/614/27 2229/612/55
f 2232/742/27 2234/743/56 2233/575/56 2231/614/27
f 2234/743/56 2182/717/31 2181/48/31 2233/575/56
f 2236/660/56 2238/744/57 2237/620/57 2235/84/56
f 2238/744/57 2240/745/58 2239/621/58 2237/620/57
f 2240/745/58 2242/746/59 2241/622/59 2239/621/58
f 2242/746/59 2244/747/60 2243/623/60 2241/622/59
f 2244/747/60 2246/748/61 2245/375/61 2243/623/60
f 2246/748/61 2248/749/62 2247/624/62 2245/375/61
f 2248/749/62 2250/750/63 2249/626/63 2247/624/62
f 2250/750/63 2252/751/64 2251/629/64 2249/626/63
f 2252/751/64 2254/752/65 2253/633/65 2251/629/64
f 2254/752/65 2256/753/66 2255/392/66 2253/633/65
f 2256/753/66 2258/754/67 2257/638/67 2255/392/66
f 2258/754/67 2260/755/68 2259/640/68 2257/638/67
f 2260/755/68 2262/756/69 2261/642/69 2259/640/68
f 2262/756/69 2264/757/70 2263/645/70 2261/642/69
f 2264/757/70 2266/758/71 2265/422/71 2263/645/70
f 2266/758/71 2268/759/72 2267/651/72 2265/422/71
f 2268/759/72 2270/760/73 2269/654/73 2267/651/72
f 2270/760/73 2272/761/74 2271/655/74 2269/654/73
f 2272/761/74 2274/762/75 2273/656/75 2271/655/74
f 2274/762/75 2276/763/76 2275/436/76 2273/656/75
f 2276/763/76 2278/764/77 2277/657/77 2275/436/76
f 2278/764/77 2280/765/78 2279/658/78 2277/657/77
f 2280/765/78 2282/766/79 2281/659/79 2279/658/78
f 2282/766/79 2284/767/80 2283/653/80 2281/659/79
f 2284/767/80 2286/768/81 2285/428/81 2283/653/80
f 2286/768/81 2288/769/82 2287/616/82 2285/428/81
f 2288/769/82 2290/770/83 2289/618/83 2287/616/82
f 2290/770/83 2292/771/84 2291/619/84 2289/618/83
f 2292/771/84 2294/772/85 2293/652/85 2291/619/84
f 2294/772/85 2296/773/86 2295/409/86 2293/652/85
f 2296/773/86 2298/774/87 2297/650/87 2295/409/86
f 2298/774/87 2300/775/88 2299/649/88 2297/650/87
f 2300/775/88 2302/776/89 2301/648/89 2299/649/88
f 2302/776/89 2304/777/90 2303/647/90 2301/648/89
f 2304/777/90 2306/778/91 2305/420/91 2303/647/90
f 2306/778/91 2308/779/92 2307/646/92 2305/420/91
f 2308/779/92 2310/780/93 2309/644/93 2307/646/92
f 2310/780/93 2312/781/94 2311/643/94 2309/644/93
f 2312/781/94 2314/782/95 2313/641/95 2311/643/94
f 2314/782/95 2316/783/96 2315/404/96 2313/641/95
f 2316/783/96 2318/784/97 2317/639/97 2315/404/96
f 2318/784/97 2320/785/98 2319/637/98 2317/639/97
f 2320/785/98 2322/786/99 2321/636/99 2319/637/98
f 2322/786/99 2324/787/100 2323/635/100 2321/636/99
f 2324/787/100 2326/788/101 2325/393/101 2323/635/100
f 2326/788/101 2328/789/102 2327/634/102 2325/393/101
f 2328/789/102 2330/790/103 2329/632/103 2327/634/102
f 2330/790/103 2332/791/104 2331/631/104 2329/632/103
f 2332/791/104 2334/792/105 2333/630/105 2331/631/104
f 2334/792/105 2336/793/106 2335/384/106 2333/630/105
f 2336/793/106 2338/794/27 2337/628/27 2335/384/106
f 2338/794/27 2340/795/28 2339/627/28 2337/628/27
f 2340/795/28 2342/796/29 2341/625/29 2339/627/28
f 2342/796/29 2344/797/56 2343/617/56 2341/625/29
f 2344/797/56 2236/717/56 2235/48/56 2343/617/56
f 2346/660/107 2348/798/108 2347/799/108 2345/84/107
f 2348/798/108 2350/800/109 2349/801/109 2347/799/108
f 2350/800/109 2352/802/110 2351/803/110 2349/801/109
f 2352/802/110 2354/804/111 2353/805/111 2351/803/110
f 2354/804/111 2356/806/112 2355/807/112 2353/805/111
f 2356/806/112 2358/808/113 2357/809/113 2355/807/112
f 2358/808/113 2360/810/114 2359/811/114 2357/809/113
f 2360/810/114 2362/812/115 2361/813/115 2359/811/114
f 2362/812/115 2364/814/116 2363/815/116 2361/813/115
f 2364/814/116 2366/816/117 2365/817/117 2363/815/116
f 2366/816/117 2368/818/118 2367/819/118 2365/817/117
f 2368/818/118 2370/820/119 2369/821/119 2367/819/118
f 2370/820/119 2372/822/120 2371/823/120 2369/821/119
f 2372/822/120 2374/824/121 2373/825/121 2371/823/120
f 2374/824/121 2376/826/122 2375/827/122 2373/825/121
f 2376/826/122 2378/828/123 2377/829/123 2375/827/122
f 2378/828/123 2380/830/124 2379/831/124 2377/829/123
f 2380/830/124 2382/832/125 2381/833/125 2379/831/124
f 2382/832/125 2384/834/126 2383/835/126 2381/833/125
f 2384/834/126 2386/836/127 2385/837/127 2383/835/126
f 2386/836/127 2388/838/128 2387/839/128 2385/837/127
f 2388/838/128 2390/840/129 2389/841/129 2387/839/128
f 2390/840/129 2392/842/130 2391/843/130 2389/841/129
f 2392/842/130 2394/844/131 2393/845/131 2391/843/130
f 2394/844/131 2396/846/132 2395/847/132 2393/845/131
f 2396/846/132 2398/848/133 2397/849/133 2395/847/132
f 2398/848/133 2400/850/134 2399/851/134 2397/849/133
f 2400/850/134 2402/852/135 2401/853/135 2399/851/134
f 2402/852/135 2404/854/136 2403/855/136 2401/853/135
f 2404/854/136 2406/856/137 2405/857/137 2403/855/136
f 2406/856/137 2408/858/138 2407/859/138 2405/857/137
f 2408/858/138 2410/860/139 2409/861/139 2407/859/138
f 2410/860/139 2412/862/140 2411/863/140 2409/861/139
f 2412/862/140 2414/864/141 2413/865/141 2411/863/140
f 2414/864/141 2416/866/142 2415/867/142 2413/865/141
f 2416/866/142 2418/868/143 2417/869/143 2415/867/142
f 2418/868/143 2420/870/144 2419/53/144 2417/869/143
f 2420/870/144 2422/871/145 2421/872/145 2419/53/144
f 2422/871/145 2424/873/146 2423/874/146 2421/872/145
f 2424/873/146 2426/875/147 2425/876/147 2423/874/146
f 2426/875/147 2428/877/148 2427/878/148 2425/876/147
f 2428/877/148 2430/879/149 2429/880/149 2427/878/148
f 2430/879/149 2432/881/150 2431/882/150 2429/880/149
f 2432/881/150 2434/883/151 2433/884/151 2431/882/150
f 2434/883/151 2436/885/152 2435/886/152 2433/884/151
f 2436/885/152 2438/887/153 2437/888/153 2435/886/152
f 2438/887/153 2440/889/154 2439/890/154 2437/888/153
f 2440/889/154 2442/891/155 2441/892/155 2439/890/154
f 2442/891/155 2444/893/156 2443/894/156 2441/892/155
f 2444/893/156 2446/895/157 2445/896/157 2443/894/156
f 2446/895/157 2448/897/158 2447/898/158 2445/896/157
f 2448/897/158 2450/899/159 2449/900/159 2447/898/158
f 2450/899/159 2452/901/160 2451/902/160 2449/900/159
f 2452/901/160 2454/903/161 2453/904/161 2451/902/160
f 2454/903/161 2456/905/162 2455/906/162 2453/904/161
f 2456/905/162 2458/907/163 2457/908/163 2455/906/162
f 2458/907/163 2460/909/164 2459/910/164 2457/908/163
f 2460/909/164 2462/911/165 2461/912/165 2459/910/164
f 2462/911/165 2464/913/166 2463/914/166 2461/912/165
f 2464/913/166 2466/915/167 2465/916/167 2463/914/166
f 2466/915/167 2468/917/168 2467/918/168 2465/916/167
f 2468/917/168 2470/919/169 2469/920/169 2467/918/168
f 2470/919/169 2472/921/170 2471/922/170 2469/920/169
f 2472/921/170 2474/923/171 2473/924/171 2471/922/170
f 2474/923/171 2476/925/172 2475/926/172 2473/924/171
f 2476/925/172 2478/927/173 2477/928/173 2475/926/172
f 2478/927/173 2480/929/174 2479/930/174 2477/928/173
f 2480/929/174 2482/931/175 2481/932/175 2479/930/174
f 2482/931/175 2484/933/176 2483/934/176 2481/932/175
f 2484/933/176 2486/935/177 2485/936/177 2483/934/176
f 2486/935/177 2488/937/178 2487/938/178 2485/936/177
f 2488/937/178 2490/939/179 2489/940/179 2487/938/178
f 2490/939/179 2492/941/180 2491/942/180 2489/940/179
f 2492/941/180 2346/717/107 2345/48/107 2491/942/180
f 2494/660/181 2496/943/182 2495/944/182 2493/84/181
f 2496/943/182 2498/945/183 2497/946/183 2495/944/182
f 2498/945/183 2500/947/184 2499/948/184 2497/946/183
f 2500/947/184 2502/949/185 2501/950/185 2499/948/184
f 2502/949/185 2504/754/186 2503/638/186 2501/950/185
f 2504/754/186 2506/951/187 2505/952/187 2503/638/186
f 2506/951/187 2508/953/188 2507/954/188 2505/952/187
f 2508/953/188 2510/955/189 2509/956/189 2507/954/188
f 2510/955/189 2512/957/190 2511/958/190 2509/956/189
f 2512/957/190 2514/765/191 2513/658/191 2511/958/190
f 2514/765/191 2516/959/192 2515/960/192 2513/658/191
f 2516/959/192 2518/961/193 2517/962/193 2515/960/192
f 2518/961/193 2520/963/194 2519/964/194 2517/962/193
f 2520/963/194 2522/965/195 2521/966/195 2519/964/194
f 2522/965/195 2524/776/196 2523/648/196 2521/966/195
f 2524/776/196 2526/967/197 2525/968/197 2523/648/196
f 2526/967/197 2528/969/198 2527/970/198 2525/968/197
f 2528/969/198 2530/971/199 2529/972/199 2527/970/198
f 2530/971/199 2532/973/200 2531/974/200 2529/972/199
f 2532/973/200 2534/787/201 2533/635/201 2531/974/200
f 2534/787/201 2536/975/202 2535/976/202 2533/635/201
f 2536/975/202 2538/977/203 2537/978/203 2535/976/202
f 2538/977/203 2540/979/204 2539/980/204 2537/978/203
f 2540/979/204 2542/981/205 2541/982/205 2539/980/204
f 2542/981/205 2494/717/181 2493/48/181 2541/982/205
f 2544/660/206 2546/983/207 2545/984/207 2543/84/206
f 2546/983/207 2548/985/208 2547/986/208 2545/984/207
f 2548/985/208 2550/987/209 2549/988/209 2547/986/208
f 2550/987/209 2552/989/210 2551/990/210 2549/988/209
f 2552/989/210 2554/991/211 2553/992/211 2551/990/210
f 2554/991/211 2556/993/212 2555/994/212 2553/992/211
f 2556/993/212 2558/995/213 2557/996/213 2555/994/212
f 2558/995/213 2560/997/214 2559/998/214 2557/996/213
f 2560/997/214 2562/999/215 2561/1000/215 2559/998/214
f 2562/999/215 2564/1001/216 2563/1002/216 2561/1000/215
f 2564/1001/216 2566/1003/217 2565/1004/217 2563/1002/216
f 2566/1003/217 2568/1005/218 2567/1006/218 2565/1004/217
f 2568/1005/218 2570/1007/219 2569/1008/219 2567/1006/218
f 2570/1007/219 2572/1009/220 2571/1010/220 2569/1008/219
f 2572/1009/220 2574/1011/221 2573/1012/221 2571/1010/220
f 2574/1011/221 2576/1013/222 2575/1014/222 2573/1012/221
f 2576/1013/222 2578/1015/223 2577/1016/223 2575/1014/222
f 2578/1015/223 2580/1017/224 2579/1018/224 2577/1016/223
f 2580/1017/224 2582/1019/225 2581/1020/225 2579/1018/224
f 2582/1019/225 2584/1021/226 2583/1022/226 2581/1020/225
f 2584/1021/226 2586/1023/227 2585/1024/227 2583/1022/226
f 2586/1023/227 2588/1025/228 2587/1026/228 2585/1024/227
f 2588/1025/228 2590/1027/229 2589/1028/229 2587/1026/228
f 2590/1027/229 2592/1029/230 2591/1030/230 2589/1028/229
f 2592/1029/230 2594/1031/231 2593/1032/231 2591/1030/230
f 2594/1031/231 2596/1033/232 2595/1034/232 2593/1032/231
f 2596/1033/232 2598/1035/233 2597/1036/233 2595/1034/232
f 2598/1035/233 2600/1037/234 2599/1038/234 2597/1036/233
f 2600/1037/234 2602/1039/235 2601/1040/235 2599/1038/234
f 2602/1039/235 2604/1041/236 2603/1042/236 2601/1040/235
f 2604/1041/236 2606/1043/237 2605/1044/237 2603/1042/236
f 2606/1043/237 2608/1045/238 2607/1046/238 2605/1044/237
f 2608/1045/238 2610/1047/239 2609/1048/239 2607/1046/238
f 2610/1047/239 2612/1049/240 2611/1050/240 2609/1048/239
f 2612/1049/240 2614/1051/241 2613/1052/241 2611/1050/240
f 2614/1051/241 2616/1053/242 2615/1054/242 2613/1052/241
f 2616/1053/242 2618/1055/243 2617/1056/243 2615/1054/242
f 2618/1055/243 2620/1057/244 2619/1058/244 2617/1056/243
f 2620/1057/244 2622/1059/245 2621/1060/245 2619/1058/244
f 2622/1059/245 2624/1061/246 2623/1062/246 2621/1060/245
f 2624/1061/246 2626/1063/247 2625/1064/247 2623/1062/246
f 2626/1063/247 2628/1065/248 2627/1066/248 2625/1064/247
f 2628/1065/248 2630/1067/249 2629/1068/249 2627/1066/248
f 2630/1067/249 2632/1069/250 2631/1070/250 2629/1068/249
f 2632/1069/250 2634/1071/251 2633/1072/251 2631/1070/250
f 2634/1071/251 2636/1073/252 2635/1074/252 2633/1072/251
f 2636/1073/252 2638/1075/253 2637/1076/253 2635/1074/252
f 2638/1075/253 2640/1077/254 2639/1078/254 2637/1076/253
f 2640/1077/254 2642/1079/255 2641/1080/255 2639/1078/254
f 2642/1079/255 2644/1081/256 2643/1082/256 2641/1080/255
f 2644/1081/256 2646/1083/257 2645/1084/257 2643/1082/256
f 2646/1083/257 2648/1085/258 2647/1086/258 2645/1084/257
f 2648/1085/258 2650/1087/259 2649/1088/259 2647/1086/258
f 2650/1087/259 2652/1089/260 2651/1090/260 2649/1088/259
f 2652/1089/260 2654/1091/261 2653/1092/261 2651/1090/260
f 2654/1091/261 2656/1093/262 2655/1094/262 2653/1092/261
f 2656/1093/262 2658/1095/263 2657/1096/263 2655/1094/262
f 2658/1095/263 2660/1097/264 2659/1098/264 2657/1096/263
f 2660/1097/264 2662/1099/265 2661/1100/265 2659/1098/264
f 2662/1099/265 2664/1101/266 2663/1102/266 2661/1100/265
f 2664/1101/266 2666/1103/267 2665/1104/267 2663/1102/266
f 2666/1103/267 2668/1105/268 2667/1106/268 2665/1104/267
f 2668/1105/268 2670/1107/269 2669/1108/269 2667/1106/268
f 2670/1107/269 2672/1109/270 2671/1110/270 2669/1108/269
f 2672/1109/270 2674/1111/271 2673/1112/271 2671/1110/270
f 2674/1111/271 2676/1113/272 2675/1114/272 2673/1112/271
f 2676/1113/272 2678/870/273 2677/53/273 2675/1114/272
f 2678/870/273 2680/1115/274 2679/1116/274 2677/53/273
f 2680/1115/274 2682/1117/275 2681/1118/275 2679/1116/274
f 2682/1117/275 2684/1119/276 2683/1120/276 2681/1118/275
f 2684/1119/276 2686/1121/277 2685/1122/277 2683/1120/276
f 2686/1121/277 2688/1123/278 2687/1124/278 2685/1122/277
f 2688/1123/278 2690/1125/279 2689/1126/279 2687/1124/278
f 2690/1125/279 2692/1127/280 2691/1128/280 2689/1126/279
f 2692/1127/280 2694/1129/281 2693/1130/281 2691/1128/280
f 2694/1129/281 2696/1131/282 2695/1132/282 2693/1130/281
f 2696/1131/282 2698/1133/283 2697/1134/283 2695/1132/282
f 2698/1133/283 2700/1135/284 2699/1136/284 2697/1134/283
f 2700/1135/284 2702/1137/285 2701/1138/285 2699/1136/284
f 2702/1137/285 2704/1139/286 2703/1140/286 2701/1138/285
f 2704/1139/286 2706/1141/287 2705/1142/287 2703/1140/286
f 2706/1141/287 2708/1143/288 2707/1144/288 2705/1142/287
f 2708/1143/288 2710/1145/289 2709/1146/289 2707/1144/288
f 2710/1145/289 2712/1147/290 2711/1148/290 2709/1146/289
f 2712/1147/290 2714/1149/291 2713/1150/291 2711/1148/290
f 2714/1149/291 2716/1151/292 2715/1152/292 2713/1150/291
f 2716/1151/292 2718/1153/293 2717/1154/293 2715/1152/292
f 2718/1153/293 2720/1155/294 2719/1156/294 2717/1154/293
f 2720/1155/294 2722/1157/295 2721/1158/295 2719/1156/294
f 2722/1157/295 2724/1159/296 2723/1160/296 2721/1158/295
f 2724/1159/296 2726/1161/297 2725/1162/297 2723/1160/296
f 2726/1161/297 2728/1163/298 2727/1164/298 2725/1162/297
f 2728/1163/298 2730/1165/299 2729/1166/299 2727/1164/298
f 2730/1165/299 2732/1167/300 2731/1168/300 2729/1166/299
f 2732/1167/300 2734/1169/301 2733/1170/301 2731/1168/300
f 2734/1169/301 2736/1171/302 2735/1172/302 2733/1170/301
f 2736/1171/302 2738/1173/303 2737/1174/303 2735/1172/302
f 2738/1173/303 2740/1175/304 2739/1176/304 2737/1174/303
f 2740/1175/304 2742/1177/305 2741/1178/305 2739/1176/304
f 2742/1177/305 2744/1179/306 2743/1180/306 2741/1178/305
f 2744/1179/306 2746/1181/307 2745/1182/307 2743/1180/306
f 2746/1181/307 2748/1183/308 2747/1184/308 2745/1182/307
f 2748/1183/308 2750/1185/309 2749/1186/309 2747/1184/308
f 2750/1185/309 2752/1187/310 2751/1188/310 2749/1186/309
f 2752/1187/310 2754/1189/311 2753/1190/311 2751/1188/310
f 2754/1189/311 2756/1191/312 2755/1192/312 2753/1190/311
f 2756/1191/312 2758/1193/313 2757/1194/313 2755/1192/312
f 2758/1193/313 2760/1195/314 2759/1196/314 2757/1194/313
f 2760/1195/314 2762/1197/315 2761/1198/315 2759/1196/314
f 2762/1197/315 2764/1199/316 2763/1200/316 2761/1198/315
f 2764/1199/316 2766/1201/317 2765/1202/317 2763/1200/316
f 2766/1201/317 2768/1203/318 2767/1204/318 2765/1202/317
f 2768/1203/318 2770/1205/319 2769/1206/319 2767/1204/318
f 2770/1205/319 2772/1207/320 2771/1208/320 2769/1206/319
f 2772/1207/320 2774/1209/321 2773/1210/321 2771/1208/320
f 2774/1209/321 2776/1211/322 2775/1212/322 2773/1210/321
f 2776/1211/322 2778/1213/323 2777/1214/323 2775/1212/322
f 2778/1213/323 2780/1215/324 2779/1216/324 2777/1214/323
f 2780/1215/324 2782/1217/325 2781/1218/325 2779/1216/324
f 2782/1217/325 2784/1219/326 2783/1220/326 2781/1218/325
f 2784/1219/326 2786/1221/327 2785/1222/327 2783/1220/326
f 2786/1221/327 2788/1223/328 2787/1224/328 2785/1222/327
f 2788/1223/328 2790/1225/329 2789/1226/329 2787/1224/328
f 2790/1225/329 2792/1227/330 2791/1228/330 2789/1226/329
f 2792/1227/330 2794/1229/331 2793/1230/331 2791/1228/330
f 2794/1229/331 2796/1231/332 2795/1232/332 2793/1230/331
f 2796/1231/332 2798/1233/333 2797/1234/333 2795/1232/332
f 2798/1233/333 2800/1235/334 2799/1236/334 2797/1234/333
f 2800/1235/334 2802/1237/335 2801/1238/335 2799/1236/334
f 2802/1237/335 2804/1239/336 2803/1240/336 2801/1238/335
f 2804/1239/336 2806/1241/337 2805/1242/337 2803/1240/336
f 2806/1241/337 2808/1243/338 2807/1244/338 2805/1242/337
f 2808/1243/338 2810/1245/339 2809/1246/339 2807/1244/338
f 2810/1245/339 2544/717/206 2543/48/206 2809/1246/339
f 2812/660/206 2814/983/207 2813/984/207 2811/84/206
f 2814/983/207 2816/985/208 2815/986/208 2813/984/207
f 2816/985/208 2818/987/209 2817/988/209 2815/986/208
f 2818/987/209 2820/989/210 2819/990/210 2817/988/209
f 2820/989/210 2822/991/211 2821/992/211 2819/990/210
f 2822/991/211 2824/993/212 2823/994/212 2821/992/211
f 2824/993/212 2826/995/213 2825/996/213 2823/994/212
f 2826/995/213 2828/997/214 2827/998/214 2825/996/213
f 2828/997/214 2830/999/215 2829/1000/215 2827/998/214
f 2830/999/215 2832/1001/216 2831/1002/216 2829/1000/215
f 2832/1001/216 2834/1003/217 2833/1004/217 2831/1002/216
f 2834/1003/217 2836/1005/218 2835/1006/218 2833/1004/217
f 2836/1005/218 2838/1007/219 2837/1008/219 2835/1006/218
f 2838/1007/219 2840/1009/220 2839/1010/220 2837/1008/219
f 2840/1009/220 2842/1011/221 2841/1012/221 2839/1010/220
f 2842/1011/221 2844/1013/222 2843/1014/222 2841/1012/221
f 2844/1013/222 2846/1015/223 2845/1016/223 2843/1014/222
f 2846/1015/223 2848/1017/224 2847/1018/224 2845/1016/223
f 2848/1017/224 2850/1019/225 2849/1020/225 2847/1018/224
f 2850/1019/225 2852/1021/226 2851/1022/226 2849/1020/225
f 2852/1021/226 2854/1023/227 2853/1024/227 2851/1022/226
f 2854/1023/227 2856/1025/228 2855/1026/228 2853/1024/227
f 2856/1025/228 2858/1027/229 2857/1028/229 2855/1026/228
f 2858/1027/229 2860/1029/230 2859/1030/230 2857/1028/229
f 2860/1029/230 2862/1031/231 2861/1032/231 2859/1030/230
f 2862/1031/231 2864/1033/232 2863/1034/232 2861/1032/231
f 2864/1033/232 2866/1035/233 2865/1036/233 2863/1034/232
f 2866/1035/233 2868/1037/234 2867/1038/234 2865/1036/233
f 2868/1037/234 2870/1039/235 2869/1040/235 2867/1038/234
f 2870/1039/235 2872/1041/236 2871/1042/236 2869/1040/235
f 2872/1041/236 2874/1043/237 2873/1044/237 2871/1042/236
f 2874/1043/237 2876/1045/238 2875/1046/238 2873/1044/237
f 2876/1045/238 2878/1047/239 2877/1048/239 2875/1046/238
f 2878/1047/239 2880/1049/240 2879/1050/240 2877/1048/239
f 2880/1049/240 2882/1051/241 2881/1052/241 2879/1050/240
f 2882/1051/241 2884/1053/242 2883/1054/242 2881/1052/241
f 2884/1053/242 2886/1055/243 2885/1056/243 2883/1054/242
f 2886/1055/243 2888/1057/244 2887/1058/244 2885/1056/243
f 2888/1057/244 2890/1059/245 2889/1060/245 2887/1058/244
f 2890/1059/245 2892/1061/246 2891/1062/246 2889/1060/245
f 2892/1061/246 2894/1063/247 2893/1064/247 2891/1062/246
f 2894/1063/247 2896/1065/248 2895/1066/248 2893/1064/247
f 2896/1065/248 2898/1067/249 2897/1068/249 2895/1066/248
f 2898/1067/249 2900/1069/250 2899/1070/250 2897/1068/249
f 2900/1069/250 2902/1071/251 2901/1072/251 2899/1070/250
f 2902/1071/251 2904/1073/252 2903/1074/252 2901/1072/251
f 2904/1073/252 2906/1075/253 2905/1076/253 2903/1074/252
f 2906/1075/253 2908/1077/254 2907/1078/254 2905/1076/253
f 2908/1077/254 2910/1079/255 2909/1080/255 2907/1078/254
f 2910/1079/255 2912/1081/256 2911/1082/256 2909/1080/255
f 2912/1081/256 2914/1083/257 2913/1084/257 2911/1082/256
f 2914/1083/257 2916/1085/258 2915/1086/258 2913/1084/257
f 2916/1085/258 2918/1087/259 2917/1088/259 2915/1086/258
f 2918/1087/259 2920/1089/260 2919/1090/260 2917/1088/259
f 2920/1089/260 2922/1091/261 2921/1092/261 2919/1090/260
f 2922/1091/261 2924/1093/262 2923/1094/262 2921/1092/261
f 2924/1093/262 2926/1095/263 2925/1096/263 2923/1094/262
f 2926/1095/263 2928/1097/264 2927/1098/264 2925/1096/263
f 2928/1097/264 2930/1099/265 2929/1100/265 2927/1098/264
f 2930/1099/265 2932/1101/266 2931/1102/266 2929/1100/265
f 2932/1101/266 2934/1103/267 2933/1104/267 2931/1102/266
f 2934/1103/267 2936/1105/268 2935/1106/268 2933/1104/267
f 2936/1105/268 2938/1107/269 2937/1108/269 2935/1106/268
f 2938/1107/269 2940/1109/270 2939/1110/270 2937/1108/269
f 2940/1109/270 2942/1111/271 2941/1112/271 2939/1110/270
f 2942/1111/271 2944/1113/272 2943/1114/272 2941/1112/271
f 2944/1113/272 2946/870/273 2945/53/273 2943/1114/272
f 2946/870/273 2948/1115/274 2947/1116/274 2945/53/273
f 2948/1115/274 2950/1117/275 2949/1118/275 2947/1116/274
f 2950/1117/275 2952/1119/276 2951/1120/276 2949/1118/275
f 2952/1119/276 2954/1121/277 2953/1122/277 2951/1120/276
f 2954/1121/277 2956/1123/278 2955/1124/278 2953/1122/277
f 2956/1123/278 2958/1125/279 2957/1126/279 2955/1124/278
f 2958/1125/279 2960/1127/280 2959/1128/280 2957/1126/279
f 2960/1127/280 2962/1129/281 2961/1130/281 2959/1128/280
f 2962/1129/281 2964/1131/282 2963/1132/282 2961/1130/281
f 2964/1131/282 2966/1133/283 2965/1134/283 2963/1132/282
f 2966/1133/283 2968/1135/284 2967/1136/284 2965/1134/283
f 2968/1135/284 2970/1137/285 2969/1138/285 2967/1136/284
f 2970/1137/285 2972/1139/286 2971/1140/286 2969/1138/285
f 2972/1139/286 2974/1141/287 2973/1142/287 2971/1140/286
f 2974/1141/287 2976/1143/288 2975/1144/288 2973/1142/287
f 2976/1143/288 2978/1145/289 2977/1146/289 2975/1144/288
f 2978/1145/289 2980/1147/290 2979/1148/290 2977/1146/289
f 2980/1147/290 2982/1149/291 2981/1150/291 2979/1148/290
f 2982/1149/291 2984/1151/292 2983/1152/292 2981/1150/291
f 2984/1151/292 2986/1153/293 2985/1154/293 2983/1152/292
f 2986/1153/293 2988/1155/294 2987/1156/294 2985/1154/293
f 2988/1155/294 2990/1157/295 2989/1158/295 2987/1156/294
f 2990/1157/295 2992/1159/296 2991/1160/296 2989/1158/295
f 2992/1159/296 2994/1161/297 2993/1162/297 2991/1160/296
f 2994/1161/297 2996/1163/298 2995/1164/298 2993/1162/297
f 2996/1163/298 2998/1165/299 2997/1166/299 2995/1164/298
f 2998/1165/299 3000/1167/300 2999/1168/300 2997/1166/299
f 3000/1167/300 3002/1169/301 3001/1170/301 2999/1168/300
f 3002/1169/301 3004/1171/302 3003/1172/302 3001/1170/301
f 3004/1171/302 3006/1173/303 3005/1174/303 3003/1172/302
f 3006/1173/303 3008/1175/304 3007/1176/304 3005/1174/303
f 3008/1175/304 3010/1177/305 3009/1178/305 3007/1176/304
f 3010/1177/305 3012/1179/306 3011/1180/306 3009/1178/305
f 3012/1179/306 3014/1181/307 3013/1182/307 3011/1180/306
f 3014/1181/307 3016/1183/308 3015/1184/308 3013/1182/307
f 3016/1183/308 3018/1185/309 3017/1186/309 3015/1184/308
f 3018/1185/309 3020/1187/310 3019/1188/310 3017/1186/309
f 3020/1187/310 3022/1189/311 3021/1190/311 3019/1188/310
f 3022/1189/311 3024/1191/312 3023/1192/312 3021/1190/311
f 3024/1191/312 3026/1193/313 3025/1194/313 3023/1192/312
f 3026/1193/313 3028/1195/314 3027/1196/314 3025/1194/313
f 3028/1195/314 3030/1197/315 3029/1198/315 3027/1196/314
f 3030/1197/315 3032/1199/316 3031/1200/316 3029/1198/315
f 3032/1199/316 3034/1201/317 3033/1202/317 3031/1200/316
f 3034/1201/317 3036/1203/318 3035/1204/318 3033/1202/317
f 3036/1203/318 3038/1205/319 3037/1206/319 3035/1204/318
f 3038/1205/319 3040/1207/320 3039/1208/320 3037/1206/319
f 3040/1207/320 3042/1209/321 3041/1210/321 3039/1208/320
f 3042/1209/321 3044/1211/322 3043/1212/322 3041/1210/321
f 3044/1211/322 3046/1213/323 3045/1214/323 3043/1212/322
f 3046/1213/323 3048/1215/324 3047/1216/324 3045/1214/323
f 3048/1215/324 3050/1217/325 3049/1218/325 3047/1216/324
f 3050/1217/325 3052/1219/326 3051/1220/326 3049/1218/325
f 3052/1219/326 3054/1221/327 3053/1222/327 3051/1220/326
f 3054/1221/327 3056/1223/328 3055/1224/328 3053/1222/327
f 3056/1223/328 3058/1225/329 3057/1226/329 3055/1224/328
f 3058/1225/329 3060/1227/330 3059/1228/330 3057/1226/329
f 3060/1227/330 3062/1229/331 3061/1230/331 3059/1228/330
f 3062/1229/331 3064/1231/332 3063/1232/332 3061/1230/331
f 3064/1231/332 3066/1233/333 3065/1234/333 3063/1232/332
f 3066/1233/333 3068/1235/334 3067/1236/334 3065/1234/333
f 3068/1235/334 3070/1237/335 3069/1238/335 3067/1236/334
f 3070/1237/335 3072/1239/336 3071/1240/336 3069/1238/335
f 3072/1239/336 3074/1241/337 3073/1242/337 3071/1240/336
f 3074/1241/337 3076/1243/338 3075/1244/338 3073/1242/337
f 3076/1243/338 3078/1245/339 3077/1246/339 3075/1244/338
f 3078/1245/339 2812/717/206 2811/48/206 3077/1246/339
f 3080/660/206 3082/983/207 3081/984/207 3079/84/206
f 3082/983/207 3084/985/208 3083/986/208 3081/984/207
f 3084/985/208 3086/987/209 3085/988/209 3083/986/208
f 3086/987/209 3088/989/210 3087/990/210 3085/988/209
f 3088/989/210 3090/991/211 3089/992/211 3087/990/210
f 3090/991/211 3092/993/212 3091/994/212 3089/992/211
f 3092/993/212 3094/995/213 3093/996/213 3091/994/212
f 3094/995/213 3096/997/214 3095/998/214 3093/996/213
f 3096/997/214 3098/999/215 3097/1000/215 3095/998/214
f 3098/999/215 3100/1001/216 3099/1002/216 3097/1000/215
f 3100/1001/216 3102/1003/217 3101/1004/217 3099/1002/216
f 3102/1003/217 3104/1005/218 3103/1006/218 3101/1004/217
f 3104/1005/218 3106/1007/219 3105/1008/219 3103/1006/218
f 3106/1007/219 3108/1009/220 3107/1010/220 3105/1008/219
f 3108/1009/220 3110/1011/221 3109/1012/221 3107/1010/220
f 3110/1011/221 3112/1013/222 3111/1014/222 3109/1012/221
f 3112/1013/222 3114/1015/223 3113/1016/223 3111/1014/222
f 3114/1015/223 3116/1017/224 3115/1018/224 3113/1016/223
f 3116/1017/224 3118/1019/225 3117/1020/225 3115/1018/224
f 3118/1019/225 3120/1021/226 3119/1022/226 3117/1020/225
f 3120/1021/226 3122/1023/227 3121/1024/227 3119/1022/226
f 3122/1023/227 3124/1025/228 3123/1026/228 3121/1024/227
f 3124/1025/228 3126/1027/229 3125/1028/229 3123/1026/228
f 3126/1027/229 3128/1029/230 3127/1030/230 3125/1028/229
f 3128/1029/230 3130/1031/231 3129/1032/231 3127/1030/230
f 3130/1031/231 3132/1033/232 3131/1034/232 3129/1032/231
f 3132/1033/232 3134/1035/233 3133/1036/233 3131/1034/232
f 3134/1035/233 3136/1037/234 3135/1038/234 3133/1036/233
f 3136/1037/234 3138/1039/235 3137/1040/235 3135/1038/234
f 3138/1039/235 3140/1041/236 3139/1042/236 3137/1040/235
f 3140/1041/236 3142/1043/237 3141/1044/237 3139/1042/236
f 3142/1043/237 3144/1045/238 3143/1046/238 3141/1044/237
f 3144/1045/238 3146/1047/239 3145/1048/239 3143/1046/238
f 3146/1047/239 3148/1049/240 3147/1050/240 3145/1048/239
f 3148/1049/240 3150/1051/241 3149/1052/241 3147/1050/240
f 3150/1051/241 3152/1053/242 3151/1054/242 3149/1052/241
f 3152/1053/242 3154/1055/243 3153/1056/243 3151/1054/242
f 3154/1055/243 3156/1057/244 3155/1058/244 3153/1056/243
f 3156/1057/244 3158/1059/245 3157/1060/245 3155/1058/244
f 3158/1059/245 3160/1061/246 3159/1062/246 3157/1060/245
f 3160/1061/246 3162/1063/247 3161/1064/247 3159/1062/246
f 3162/1063/247 3164/1065/248 3163/1066/248 3161/1064/247
f 3164/1065/248 3166/1067/249 3165/1068/249 3163/1066/248
f 3166/1067/249 3168/1069/250 3167/1070/250 3165/1068/249
f 3168/1069/250 3170/1071/251 3169/1072/251 3167/1070/250
f 3170/1071/251 3172/1073/252 3171/1074/252 3169/1072/251
f 3172/1073/252 3174/1075/253 3173/1076/253 3171/1074/252
f 3174/1075/253 3176/1077/254 3175/1078/254 3173/1076/253
f 3176/1077/254 3178/1079/255 3177/1080/255 3175/1078/254
f 3178/1079/255 3180/1081/256 3179/1082/256 3177/1080/255
f 3180/1081/256 3182/1083/257 3181/1084/257 3179/1082/256
f 3182/1083/257 3184/1085/258 3183/1086/258 3181/1084/257
f 3184/1085/258 3186/1087/259 3185/1088/259 3183/1086/258
f 3186/1087/259 3188/1089/260 3187/1090/260 3185/1088/259
f 3188/1089/260 3190/1091/261 3189/1092/261 3187/1090/260
f 3190/1091/261 3192/1093/262 3191/1094/262 3189/1092/261
f 3192/1093/262 3194/1095/263 3193/1096/263 3191/1094/262
f 3194/1095/263 3196/1097/264 3195/1098/264 3193/1096/263
f 3196/1097/264 3198/1099/265 3197/1100/265 3195/1098/264
f 3198/1099/265 3200/1101/266 3199/1102/266 3197/1100/265
f 3200/1101/266 3202/1103/267 3201/1104/267 3199/1102/266
f 3202/1103/267 3204/1105/268 3203/1106/268 3201/1104/267
f 3204/1105/268 3206/1107/269 3205/1108/269 3203/1106/268
f 3206/1107/269 3208/1109/270 3207/1110/270 3205/1108/269
f 3208/1109/270 3210/1111/271 3209/1112/271 3207/1110/270
f 3210/1111/271 3212/1113/272 3211/1114/272 3209/1112/271
f 3212/1113/272 3214/870/273 3213/53/273 3211/1114/272
f 3214/870/273 3216/1115/274 3215/1116/274 3213/53/273
f 3216/1115/274 3218/1117/275 3217/1118/275 3215/1116/274
f 3218/1117/275 3220/1119/276 3219/1120/276 3217/1118/275
f 3220/1119/276 3222/1121/277 3221/1122/277 3219/1120/276
f 3222/1121/277 3224/1123/278 3223/1124/278 3221/1122/277
f 3224/1123/278 3226/1125/279 3225/1126/279 3223/1124/278
f 3226/1125/279 3228/1127/280 3227/1128/280 3225/1126/279
f 3228/1127/280 3230/1129/281 3229/1130/281 3227/1128/280
f 3230/1129/281 3232/1131/282 3231/1132/282 3229/1130/281
f 3232/1131/282 3234/1133/283 3233/1134/283 3231/1132/282
f 3234/1133/283 3236/1135/284 3235/1136/284 3233/1134/283
f 3236/1135/284 3238/1137/285 3237/1138/285 3235/1136/284
f 3238/1137/285 3240/1139/286 3239/1140/286 3237/1138/285
f 3240/1139/286 3242/1141/287 3241/1142/287 3239/1140/286
f 3242/1141/287 3244/1143/288 3243/1144/288 3241/1142/287
f 3244/1143/288 3246/1145/289 3245/1146/289 3243/1144/288
f 3246/1145/289 3248/1147/290 3247/1148/290 3245/1146/289
f 3248/1147/290 3250/1149/291 3249/1150/291 3247/1148/290
f 3250/1149/291 3252/1151/292 3251/1152/292 3249/1150/291
f 3252/1151/292 3254/1153/293 3253/1154/293 3251/1152/292
f 3254/1153/293 3256/1155/294 3255/1156/294 3253/1154/293
f 3256/1155/294 3258/1157/295 3257/1158/295 3255/1156/294
f 3258/1157/295 3260/1159/296 3259/1160/296 3257/1158/295
f 3260/1159/296 3262/1161/297 3261/1162/297 3259/1160/296
f 3262/1161/297 3264/1163/298 3263/1164/298 3261/1162/297
f 3264/1163/298 3266/1165/299 3265/1166/299 3263/1164/298
f 3266/1165/299 3268/1167/300 3267/1168/300 3265/1166/299
f 3268/1167/300 3270/1169/301 3269/1170/301 3267/1168/300
f 3270/1169/301 3272/1171/302 3271/1172/302 3269/1170/301
f 3272/1171/302 3274/1173/303 3273/1174/303 3271/1172/302
f 3274/1173/303 3276/1175/304 3275/1176/304 3273/1174/303
f 3276/1175/304 3278/1177/305 3277/1178/305 3275/1176/304
f 3278/1177/305 3280/1179/306 3279/1180/306 3277/1178/305
f 3280/1179/306 3282/1181/307 3281/1182/307 3279/1180/306
f 3282/1181/307 3284/1183/308 3283/1184/308 3281/1182/307
f 3284/1183/308 3286/1185/309 3285/1186/309 3283/1184/308
f 3286/1185/309 3288/1187/310 3287/1188/310 3285/1186/309
f 3288/1187/310 3290/1189/311 3289/1190/311 3287/1188/310
f 3290/1189/311 3292/1191/312 3291/1192/312 3289/1190/311
f 3292/1191/312 3294/1193/313 3293/1194/313 3291/1192/312
f 3294/1193/313 3296/1195/314 3295/1196/314 3293/1194/313
f 3296/1195/314 3298/1197/315 3297/1198/315 3295/1196/314
f 3298/1197/315 3300/1199/316 3299/1200/316 3297/1198/315
f 3300/1199/316 3302/1201/317 3301/1202/317 3299/1200/316
f 3302/1201/317 3304/1203/318 3303/1204/318 3301/1202/317
f 3304/1203/318 3306/1205/319 3305/1206/319 3303/1204/318
f 3306/1205/319 3308/1207/320 3307/1208/320 3305/1206/319
f 3308/1207/320 3310/1209/321 3309/1210/321 3307/1208/320
f 3310/1209/321 3312/1211/322 3311/1212/322 3309/1210/321
f 3312/1211/322 3314/1213/323 3313/1214/323 3311/1212/322
f 3314/1213/323 3316/1215/324 3315/1216/324 3313/1214/323
f 3316/1215/324 3318/1217/325 3317/1218/325 3315/1216/324
f 3318/1217/325 3320/1219/326 3319/1220/326 3317/1218/325
f 3320/1219/326 3322/1221/327 3321/1222/327 3319/1220/326
f 3322/1221/327 3324/1223/328 3323/1224/328 3321/1222/327
f 3324/1223/328 3326/1225/329 3325/1226/329 3323/1224/328
f 3326/1225/329 3328/1227/330 3327/1228/330 3325/1226/329
f 3328/1227/330 3330/1229/331 3329/1230/331 3327/1228/330
f 3330/1229/331 3332/1231/332 3331/1232/332 3329/1230/331
f 3332/1231/332 3334/1233/333 3333/1234/333 3331/1232/332
f 3334/1233/333 3336/1235/334 3335/1236/334 3333/1234/333
f 3336/1235/334 3338/1237/335 3337/1238/335 3335/1236/334
f 3338/1237/335 3340/1239/336 3339/1240/336 3337/1238/335
f 3340/1239/336 3342/1241/337 3341/1242/337 3339/1240/336
f 3342/1241/337 3344/1243/338 3343/1244/338 3341/1242/337
f 3344/1243/338 3346/1245/339 3345/1246/339 3343/1244/338
f 3346/1245/339 3080/717/206 3079/48/206 3345/1246/339
f 3348/660/28 3350/1247/29 3349/1248/29 3347/84/28
f 3350/1247/29 3352/1249/340 3351/1250/340 3349/1248/29
f 3352/1249/340 3354/1251/341 3353/1252/341 3351/1250/340
f 3354/1251/341 3356/1253/342 3355/1254/342 3353/1252/341
f 3356/1253/342 3358/1255/343 3357/1256/343 3355/1254/342
f 3358/1255/343 3360/1257/344 3359/1258/344 3357/1256/343
f 3360/1257/344 3362/1259/345 3361/1260/345 3359/1258/344
f 3362/1259/345 3364/754/346 3363/638/346 3361/1260/345
f 3364/754/346 3366/1261/347 3365/1262/347 3363/638/346
f 3366/1261/347 3368/1263/348 3367/1264/348 3365/1262/347
f 3368/1263/348 3370/1265/349 3369/1266/349 3367/1264/348
f 3370/1265/349 3372/1267/350 3371/1268/350 3369/1266/349
f 3372/1267/350 3374/1269/351 3373/1270/351 3371/1268/350
f 3374/1269/351 3376/1271/352 3375/1272/352 3373/1270/351
f 3376/1271/352 3378/1273/353 3377/1274/353 3375/1272/352
f 3378/1273/353 3380/765/354 3379/658/354 3377/1274/353
f 3380/765/354 3382/1275/355 3381/1276/355 3379/658/354
f 3382/1275/355 3384/1277/356 3383/1278/356 3381/1276/355
f 3384/1277/356 3386/1279/357 3385/1280/357 3383/1278/356
f 3386/1279/357 3388/870/358 3387/53/358 3385/1280/357
f 3388/870/358 3390/1281/359 3389/1282/359 3387/53/358
f 3390/1281/359 3392/1283/360 3391/1284/360 3389/1282/359
f 3392/1283/360 3394/1285/361 3393/1286/361 3391/1284/360
f 3394/1285/361 3396/776/362 3395/648/362 3393/1286/361
f 3396/776/362 3398/1287/363 3397/1288/363 3395/648/362
f 3398/1287/363 3400/1289/364 3399/1290/364 3397/1288/363
f 3400/1289/364 3402/1291/365 3401/1292/365 3399/1290/364
f 3402/1291/365 3404/1293/366 3403/1294/366 3401/1292/365
f 3404/1293/366 3406/1295/367 3405/1296/367 3403/1294/366
f 3406/1295/367 3408/1297/368 3407/1298/368 3405/1296/367
f 3408/1297/368 3410/1299/369 3409/1300/369 3407/1298/368
f 3410/1299/369 3412/787/370 3411/635/370 3409/1300/369
f 3412/787/370 3414/1301/371 3413/1302/371 3411/635/370
f 3414/1301/371 3416/1303/372 3415/1304/372 3413/1302/371
f 3416/1303/372 3418/1305/373 3417/1306/373 3415/1304/372
f 3418/1305/373 3420/1307/374 3419/1308/374 3417/1306/373
f 3420/1307/374 3422/1309/375 3421/1310/375 3419/1308/374
f 3422/1309/375 3424/1311/376 3423/1312/376 3421/1310/375
f 3424/1311/376 3426/1313/27 3425/1314/27 3423/1312/376
f 3426/1313/27 3348/717/28 3347/48/28 3425/1314/27
f 3428/660/377 3430/1315/378 3429/1316/378 3427/84/377
f 3430/1315/378 3432/1317/379 3431/457/379 3429/1316/378
f 3432/1317/379 3434/1318/380 3433/1319/380 3431/457/379
f 3434/1318/380 3436/1320/381 3435/473/381 3433/1319/380
f 3436/1320/381 3438/1321/382 3437/1322/382 3435/473/381
f 3438/1321/382 3440/1323/383 3439/480/383 3437/1322/382
f 3440/1323/383 3442/1324/384 3441/1325/384 3439/480/383
f 3442/1324/384 3444/1326/385 3443/489/385 3441/1325/384
f 3444/1326/385 3446/1327/386 3445/1328/386 3443/489/385
f 3446/1327/386 3448/1329/387 3447/498/387 3445/1328/386
f 3448/1329/387 3450/1330/388 3449/1331/388 3447/498/387
f 3450/1330/388 3452/1332/389 3451/509/389 3449/1331/388
f 3452/1332/389 3454/1333/390 3453/1334/390 3451/509/389
f 3454/1333/390 3456/1335/391 3455/527/391 3453/1334/390
f 3456/1335/391 3458/1336/392 3457/1337/392 3455/527/391
f 3458/1336/392 3460/1338/393 3459/555/393 3457/1337/392
f 3460/1338/393 3462/1339/394 3461/1340/394 3459/555/393
f 3462/1339/394 3464/1341/395 3463/558/395 3461/1340/394
f 3464/1341/395 3466/870/396 3465/53/396 3463/558/395
f 3466/870/396 3468/1342/397 3467/548/397 3465/53/396
f 3468/1342/397 3470/1343/398 3469/1344/398 3467/548/397
f 3470/1343/398 3472/1345/399 3471/529/399 3469/1344/398
f 3472/1345/399 3474/1346/400 3473/1347/400 3471/529/399
f 3474/1346/400 3476/1348/401 3475/544/401 3473/1347/400
f 3476/1348/401 3478/1349/402 3477/1350/402 3475/544/401
f 3478/1349/402 3480/1351/403 3479/530/403 3477/1350/402
f 3480/1351/403 3482/1352/404 3481/1353/404 3479/530/403
f 3482/1352/404 3484/1354/405 3483/513/405 3481/1353/404
f 3484/1354/405 3486/1355/406 3485/1356/406 3483/513/405
f 3486/1355/406 3488/1357/407 3487/495/407 3485/1356/406
f 3488/1357/407 3490/1358/408 3489/1359/408 3487/495/407
f 3490/1358/408 3492/1360/409 3491/464/409 3489/1359/408
f 3492/1360/409 3494/1361/410 3493/1362/410 3491/464/409
f 3494/1361/410 3496/1363/411 3495/438/411 3493/1362/410
f 3496/1363/411 3498/1364/412 3497/1365/412 3495/438/411
f 3498/1364/412 3500/1366/27 3499/447/27 3497/1365/412
f 3500/1366/27 3502/1367/413 3501/1368/413 3499/447/27
f 3502/1367/413 3428/717/377 3427/48/377 3501/1368/413
f 3504/660/414 3506/1369/415 3505/1370/415 3503/84/414
f 3506/1369/415 3508/1371/416 3507/1372/416 3505/1370/415
f 3508/1371/416 3510/1373/417 3509/1374/417 3507/1372/416
f 3510/1373/417 3512/1375/418 3511/1376/418 3509/1374/417
f 3512/1375/418 3514/1377/419 3513/1378/419 3511/1376/418
f 3514/1377/419 3516/1379/420 3515/1380/420 3513/1378/419
f 3516/1379/420 3518/1381/421 3517/1382/421 3515/1380/420
f 3518/1381/421 3520/1383/422 3519/1384/422 3517/1382/421
f 3520/1383/422 3522/1385/423 3521/1386/423 3519/1384/422
f 3522/1385/423 3524/1387/424 3523/1388/424 3521/1386/423
f 3524/1387/424 3526/1389/425 3525/1390/425 3523/1388/424
f 3526/1389/425 3528/1391/426 3527/1392/426 3525/1390/425
f 3528/1391/426 3530/1393/427 3529/1394/427 3527/1392/426
f 3530/1393/427 3532/1395/428 3531/1396/428 3529/1394/427
f 3532/1395/428 3534/1397/273 3533/1398/273 3531/1396/428
f 3534/1397/273 3536/1399/429 3535/1400/429 3533/1398/273
f 3536/1399/429 3538/1401/430 3537/1402/430 3535/1400/429
f 3538/1401/430 3540/1403/431 3539/1404/431 3537/1402/430
f 3540/1403/431 3542/1405/432 3541/1406/432 3539/1404/431
f 3542/1405/432 3544/1407/433 3543/1408/433 3541/1406/432
f 3544/1407/433 3546/1409/434 3545/1410/434 3543/1408/433
f 3546/1409/434 3548/1411/435 3547/1412/435 3545/1410/434
f 3548/1411/435 3550/1413/436 3549/1414/436 3547/1412/435
f 3550/1413/436 3552/1415/437 3551/1416/437 3549/1414/436
f 3552/1415/437 3554/1417/438 3553/1418/438 3551/1416/437
f 3554/1417/438 3556/1419/439 3555/1420/439 3553/1418/438
f 3556/1419/439 3558/1421/440 3557/1422/440 3555/1420/439
f 3558/1421/440 3560/1423/441 3559/1424/441 3557/1422/440
f 3560/1423/441 3562/1425/442 3561/1426/442 3559/1424/441
f 3562/1425/442 3564/1427/443 3563/1428/443 3561/1426/442
f 3564/1427/443 3566/1429/444 3565/1430/444 3563/1428/443
f 3566/1429/444 3568/1431/445 3567/1432/445 3565/1430/444
f 3568/1431/445 3570/1433/363 3569/1434/363 3567/1432/445
f 3570/1433/363 3572/1435/446 3571/1436/446 3569/1434/363
f 3572/1435/446 3574/1437/447 3573/1438/447 3571/1436/446
f 3574/1437/447 3576/1439/448 3575/1440/448 3573/1438/447
f 3576/1439/448 3578/1441/449 3577/1442/449 3575/1440/448
f 3578/1441/449 3580/1443/450 3579/1444/450 3577/1442/449
f 3580/1443/450 3582/1445/451 3581/1446/451 3579/1444/450
f 3582/1445/451 3584/1447/452 3583/1448/452 3581/1446/451
f 3584/1447/452 3586/1449/453 3585/1450/453 3583/1448/452
f 3586/1449/453 3588/1451/454 3587/1452/454 3585/1450/453
f 3588/1451/454 3590/1453/455 3589/1454/455 3587/1452/454
f 3590/1453/455 3592/1455/456 3591/1456/456 3589/1454/455
f 3592/1455/456 3594/1457/457 3593/1458/457 3591/1456/456
f 3594/1457/457 3596/1459/458 3595/1460/458 3593/1458/457
f 3596/1459/458 3598/1461/459 3597/1462/459 3595/1460/458
f 3598/1461/459 3600/1463/460 3599/1464/460 3597/1462/459
f 3600/1463/460 3602/1465/461 3601/1466/461 3599/1464/460
f 3602/1465/461 3604/1467/462 3603/1468/462 3601/1466/461
f 3604/1467/462 3606/1469/463 3605/1470/463 3603/1468/462
f 3606/1469/463 3608/1471/464 3607/1472/464 3605/1470/463
f 3608/1471/464 3610/1473/465 3609/1474/465 3607/1472/464
f 3610/1473/465 3612/1475/466 3611/1476/466 3609/1474/465
f 3612/1475/466 3614/1477/467 3613/1478/467 3611/1476/466
f 3614/1477/467 3616/1479/468 3615/1480/468 3613/1478/467
f 3616/1479/468 3618/1481/469 3617/1482/469 3615/1480/468
f 3618/1481/469 3620/1483/470 3619/1484/470 3617/1482/469
f 3620/1483/470 3622/1485/471 3621/1486/471 3619/1484/470
f 3622/1485/471 3624/1487/472 3623/1488/472 3621/1486/471
f 3624/1487/472 3626/1489/473 3625/1490/473 3623/1488/472
f 3626/1489/473 3628/1491/474 3627/1492/474 3625/1490/473
f 3628/1491/474 3630/1493/475 3629/1494/475 3627/1492/474
f 3630/1493/475 3632/1495/476 3631/1496/476 3629/1494/475
f 3632/1495/476 3634/1497/477 3633/1498/477 3631/1496/476
f 3634/1497/477 3636/1499/478 3635/1500/478 3633/1498/477
f 3636/1499/478 3638/1501/479 3637/1502/479 3635/1500/478
f 3638/1501/479 3640/1503/480 3639/1504/480 3637/1502/479
f 3640/1503/480 3642/1505/481 3641/1506/481 3639/1504/480
f 3642/1505/481 3644/1507/482 3643/1508/482 3641/1506/481
f 3644/1507/482 3646/1509/483 3645/1510/483 3643/1508/482
f 3646/1509/483 3648/1511/484 3647/1512/484 3645/1510/483
f 3648/1511/484 3650/1513/485 3649/1514/485 3647/1512/484
f 3650/1513/485 3652/1515/486 3651/1516/486 3649/1514/485
f 3652/1515/486 3654/1517/487 3653/1518/487 3651/1516/486
f 3654/1517/487 3656/1519/488 3655/1520/488 3653/1518/487
f 3656/1519/488 3658/1521/489 3657/1522/489 3655/1520/488
f 3658/1521/489 3660/1523/490 3659/1524/490 3657/1522/489
f 3660/1523/490 3662/1525/491 3661/1526/491 3659/1524/490
f 3662/1525/491 3664/1527/492 3663/1528/492 3661/1526/491
f 3664/1527/492 3666/1529/493 3665/1530/493 3663/1528/492
f 3666/1529/493 3668/1531/494 3667/1532/494 3665/1530/493
f 3668/1531/494 3670/1533/495 3669/1534/495 3667/1532/494
f 3670/1533/495 3672/1535/496 3671/1536/496 3669/1534/495
f 3672/1535/496 3674/1537/497 3673/1538/497 3671/1536/496
f 3674/1537/497 3676/1539/498 3675/1540/498 3673/1538/497
f 3676/1539/498 3678/1541/499 3677/1542/499 3675/1540/498
f 3678/1541/499 3680/1543/500 3679/1544/500 3677/1542/499
f 3680/1543/500 3682/1545/501 3681/1546/501 3679/1544/500
f 3682/1545/501 3684/1547/502 3683/1548/502 3681/1546/501
f 3684/1547/502 3686/1549/503 3685/1550/503 3683/1548/502
f 3686/1549/503 3688/1551/504 3687/1552/504 3685/1550/503
f 3688/1551/504 3690/1553/505 3689/1554/505 3687/1552/504
f 3690/1553/505 3692/1555/506 3691/1556/506 3689/1554/505
f 3692/1555/506 3694/1557/507 3693/1558/507 3691/1556/506
f 3694/1557/507 3696/1559/508 3695/1560/508 3693/1558/507
f 3696/1559/508 3698/1561/509 3697/1562/509 3695/1560/508
f 3698/1561/509 3700/1563/510 3699/1564/510 3697/1562/509
f 3700/1563/510 3702/1565/511 3701/1566/511 3699/1564/510
f 3702/1565/511 3704/1567/512 3703/1568/512 3701/1566/511
f 3704/1567/512 3706/1569/513 3705/1570/513 3703/1568/512
f 3706/1569/513 3708/1571/514 3707/1572/514 3705/1570/513
f 3708/1571/514 3710/1573/515 3709/1574/515 3707/1572/514
f 3710/1573/515 3712/1575/516 3711/1576/516 3709/1574/515
f 3712/1575/516 3714/1577/517 3713/1578/517 3711/1576/516
f 3714/1577/517 3716/1579/518 3715/1580/518 3713/1578/517
f 3716/1579/518 3718/1581/519 3717/1582/519 3715/1580/518
f 3718/1581/519 3720/1583/520 3719/1584/520 3717/1582/519
f 3720/1583/520 3722/1585/521 3721/1586/521 3719/1584/520
f 3722/1585/521 3724/1587/522 3723/1588/522 3721/1586/521
f 3724/1587/522 3726/1589/523 3725/1590/523 3723/1588/522
f 3726/1589/523 3728/1591/524 3727/1592/524 3725/1590/523
f 3728/1591/524 3730/1593/525 3729/1594/525 3727/1592/524
f 3730/1593/525 3732/1595/526 3731/1596/526 3729/1594/525
f 3732/1595/526 3734/1597/527 3733/1598/527 3731/1596/526
f 3734/1597/527 3736/1599/528 3735/1600/528 3733/1598/527
f 3736/1599/528 3738/1601/529 3737/1602/529 3735/1600/528
f 3738/1601/529 3740/1603/530 3739/1604/530 3737/1602/529
f 3740/1603/530 3742/1605/531 3741/1606/531 3739/1604/530
f 3742/1605/531 3744/1607/532 3743/1608/532 3741/1606/531
f 3744/1607/532 3746/1609/533 3745/1610/533 3743/1608/532
f 3746/1609/533 3748/1611/534 3747/1612/534 3745/1610/533
f 3748/1611/534 3750/1613/535 3749/1614/535 3747/1612/534
f 3750/1613/535 3752/1615/536 3751/1616/536 3749/1614/535
f 3752/1615/536 3754/1617/537 3753/1618/537 3751/1616/536
f 3754/1617/537 3756/1619/538 3755/1620/538 3753/1618/537
f 3756/1619/538 3758/1621/539 3757/1622/539 3755/1620/538
f 3758/1621/539 3760/1623/540 3759/1624/540 3757/1622/539
f 3760/1623/540 3762/1625/541 3761/1626/541 3759/1624/540
f 3762/1625/541 3764/1627/542 3763/1628/542 3761/1626/541
f 3764/1627/542 3766/1629/543 3765/1630/543 3763/1628/542
f 3766/1629/543 3768/1631/544 3767/1632/544 3765/1630/543
f 3768/1631/544 3770/1633/545 3769/1634/545 3767/1632/544
f 3770/1633/545 3772/1635/546 3771/1636/546 3769/1634/545
f 3772/1635/546 3774/1637/547 3773/1638/547 3771/1636/546
f 3774/1637/547 3776/1639/548 3775/1640/548 3773/1638/547
f 3776/1639/548 3504/717/414 3503/48/414 3775/1640/548
f 3778/660/549 3780/800/550 3779/801/550 3777/84/549
f 3780/800/550 3782/804/551 3781/805/551 3779/801/550
f 3782/804/551 3784/808/552 3783/809/552 3781/805/551
f 3784/808/552 3786/812/553 3785/813/553 3783/809/552
f 3786/812/553 3788/816/554 3787/817/554 3785/813/553
f 3788/816/554 3790/820/555 3789/821/555 3787/817/554
f 3790/820/555 3792/824/556 3791/825/556 3789/821/555
f 3792/824/556 3794/828/557 3793/829/557 3791/825/556
f 3794/828/557 3796/832/558 3795/833/558 3793/829/557
f 3796/832/558 3798/836/559 3797/837/559 3795/833/558
f 3798/836/559 3800/840/560 3799/841/560 3797/837/559
f 3800/840/560 3802/844/561 3801/845/561 3799/841/560
f 3802/844/561 3804/848/562 3803/849/562 3801/845/561
f 3804/848/562 3806/852/563 3805/853/563 3803/849/562
f 3806/852/563 3808/856/564 3807/857/564 3805/853/563
f 3808/856/564 3810/860/565 3809/861/565 3807/857/564
f 3810/860/565 3812/864/566 3811/865/566 3809/861/565
f 3812/864/566 3814/868/567 3813/869/567 3811/865/566
f 3814/868/567 3816/871/568 3815/872/568 3813/869/567
f 3816/871/568 3818/875/569 3817/876/569 3815/872/568
f 3818/875/569 3820/879/570 3819/880/570 3817/876/569
f 3820/879/570 3822/883/571 3821/884/571 3819/880/570
f 3822/883/571 3824/887/572 3823/888/572 3821/884/571
f 3824/887/572 3826/891/573 3825/892/573 3823/888/572
f 3826/891/573 3828/895/574 3827/896/574 3825/892/573
f 3828/895/574 3830/899/575 3829/900/575 3827/896/574
f 3830/899/575 3832/903/576 3831/904/576 3829/900/575
f 3832/903/576 3834/907/577 3833/908/577 3831/904/576
f 3834/907/577 3836/911/578 3835/912/578 3833/908/577
f 3836/911/578 3838/915/579 3837/916/579 3835/912/578
f 3838/915/579 3840/919/580 3839/920/580 3837/916/579
f 3840/919/580 3842/923/581 3841/924/581 3839/920/580
f 3842/923/581 3844/927/582 3843/928/582 3841/924/581
f 3844/927/582 3846/931/583 3845/932/583 3843/928/582
f 3846/931/583 3848/935/584 3847/936/584 3845/932/583
f 3848/935/584 3850/939/585 3849/940/585 3847/936/584
f 3850/939/585 3778/717/549 3777/48/549 3849/940/585
f 3852/660/586 3854/1641/587 3853/86/587 3851/84/586
f 3854/1641/587 3856/1642/588 3855/87/588 3853/86/587
f 3856/1642/588 3858/1643/589 3857/89/589 3855/87/588
f 3858/1643/589 3860/1644/590 3859/90/590 3857/89/589
f 3860/1644/590 3862/1645/591 3861/92/591 3859/90/590
f 3862/1645/591 3864/1646/592 3863/93/592 3861/92/591
f 3864/1646/592 3866/1647/593 3865/95/593 3863/93/592
f 3866/1647/593 3868/1648/594 3867/96/594 3865/95/593
f 3868/1648/594 3870/1649/595 3869/97/595 3867/96/594
f 3870/1649/595 3872/1650/596 3871/99/596 3869/97/595
f 3872/1650/596 3874/1651/597 3873/98/597 3871/99/596
f 3874/1651/597 3876/1652/598 3875/94/598 3873/98/597
f 3876/1652/598 3878/1653/599 3877/91/599 3875/94/598
f 3878/1653/599 3880/1654/600 3879/88/600 3877/91/599
f 3880/1654/600 3882/1655/601 3881/85/601 3879/88/600
f 3882/1655/601 3884/1656/602 3883/83/602 3881/85/601
f 3884/1656/602 3886/1657/603 3885/75/603 3883/83/602
f 3886/1657/603 3888/1658/604 3887/67/604 3885/75/603
f 3888/1658/604 3890/1659/605 3889/59/605 3887/67/604
f 3890/1659/605 3892/1660/606 3891/57/606 3889/59/605
f 3892/1660/606 3894/1661/607 3893/54/607 3891/57/606
f 3894/1661/607 3896/1662/608 3895/51/608 3893/54/607
f 3896/1662/608 3898/1663/609 3897/49/609 3895/51/608
f 3898/1663/609 3900/1664/610 3899/45/610 3897/49/609
f 3900/1664/610 3902/1665/611 3901/39/611 3899/45/610
f 3902/1665/611 3904/1666/612 3903/33/612 3901/39/611
f 3904/1666/612 3906/1667/613 3905/25/613 3903/33/612
f 3906/1667/613 3908/1668/614 3907/15/614 3905/25/613
f 3908/1668/614 3910/1669/615 3909/13/615 3907/15/614
f 3910/1669/615 3912/1670/616 3911/11/616 3909/13/615
f 3912/1670/616 3914/1671/617 3913/9/617 3911/11/616
f 3914/1671/617 3916/1672/618 3915/7/618 3913/9/617
f 3916/1672/618 3918/1673/619 3917/5/619 3915/7/618
f 3918/1673/619 3920/1674/620 3919/1/620 3917/5/619
f 3920/1674/620 3922/1675/621 3921/3/621 3919/1/620
f 3922/1675/621 3924/1676/622 3923/2/622 3921/3/621
f 3924/1676/622 3926/1677/623 3925/4/623 3923/2/622
f 3926/1677/623 3928/1678/624 3927/6/624 3925/4/623
f 3928/1678/624 3930/1679/625 3929/8/625 3927/6/624
f 3930/1679/625 3932/1680/626 3931/10/626 3929/8/625
f 3932/1680/626 3934/1681/627 3933/12/627 3931/10/626
f 3934/1681/627 3936/1682/628 3935/14/628 3933/12/627
f 3936/1682/628 3938/1683/629 3937/23/629 3935/14/628
f 3938/1683/629 3940/1684/630 3939/34/630 3937/23/629
f 3940/1684/630 3942/1685/631 3941/40/631 3939/34/630
f 3942/1685/631 3944/1686/632 3943/47/632 3941/40/631
f 3944/1686/632 3946/1687/633 3945/50/633 3943/47/632
f 3946/1687/633 3948/1688/634 3947/52/634 3945/50/633
f 3948/1688/634 3950/870/635 3949/53/635 3947/52/634
f 3950/870/635 3952/1689/636 3951/55/636 3949/53/635
f 3952/1689/636 3954/1690/637 3953/56/637 3951/55/636
f 3954/1690/637 3956/1691/638 3955/58/638 3953/56/637
f 3956/1691/638 3958/1692/639 3957/60/639 3955/58/638
f 3958/1692/639 3960/1693/640 3959/64/640 3957/60/639
f 3960/1693/640 3962/1694/641 3961/68/641 3959/64/640
f 3962/1694/641 3964/1695/642 3963/71/642 3961/68/641
f 3964/1695/642 3966/1696/643 3965/73/643 3963/71/642
f 3966/1696/643 3968/1697/644 3967/77/644 3965/73/643
f 3968/1697/644 3970/1698/645 3969/79/645 3967/77/644
f 3970/1698/645 3972/1699/646 3971/82/646 3969/79/645
f 3972/1699/646 3974/1700/647 3973/81/647 3971/82/646
f 3974/1700/647 3976/1701/648 3975/80/648 3973/81/647
f 3976/1701/648 3978/1702/649 3977/78/649 3975/80/648
f 3978/1702/649 3980/1703/650 3979/76/650 3977/78/649
f 3980/1703/650 3982/1704/651 3981/74/651 3979/76/650
f 3982/1704/651 3984/1705/652 3983/72/652 3981/74/651
f 3984/1705/652 3986/1706/653 3985/70/653 3983/72/652
f 3986/1706/653 3988/1707/654 3987/69/654 3985/70/653
f 3988/1707/654 3990/1708/655 3989/66/655 3987/69/654
f 3990/1708/655 3992/1709/656 3991/65/656 3989/66/655
f 3992/1709/656 3994/1710/657 3993/61/657 3991/65/656
f 3994/1710/657 3996/1711/658 3995/63/658 3993/61/657
f 3996/1711/658 3998/1712/659 3997/62/659 3995/63/658
f 3998/1712/659 4000/1713/660 3999/44/660 3997/62/659
f 4000/1713/660 4002/1714/661 4001/42/661 3999/44/660
f 4002/1714/661 4004/1715/662 4003/38/662 4001/42/661
f 4004/1715/662 4006/1716/663 4005/36/663 4003/38/662
f 4006/1716/663 4008/1717/664 4007/32/664 4005/36/663
f 4008/1717/664 4010/1718/665 4009/30/665 4007/32/664
f 4010/1718/665 4012/1719/666 4011/28/666 4009/30/665
f 4012/1719/666 4014/1720/174 4013/26/174 4011/28/666
f 4014/1720/174 4016/1721/667 4015/22/667 4013/26/174
f 4016/1721/667 4018/1722/668 4017/20/668 4015/22/667
f 4018/1722/668 4020/1723/669 4019/18/669 4017/20/668
f 4020/1723/669 4022/1724/670 4021/16/670 4019/18/669
f 4022/1724/670 4024/1725/671 4023/17/671 4021/16/670
f 4024/1725/671 4026/1726/672 4025/19/672 4023/17/671
f 4026/1726/672 4028/1727/673 4027/21/673 4025/19/672
f 4028/1727/673 4030/1728/674 4029/24/674 4027/21/673
f 4030/1728/674 4032/1729/675 4031/27/675 4029/24/674
f 4032/1729/675 4034/1730/676 4033/29/676 4031/27/675
f 4034/1730/676 4036/1731/677 4035/31/677 4033/29/676
f 4036/1731/677 4038/1732/678 4037/35/678 4035/31/677
f 4038/1732/678 4040/1733/679 4039/37/679 4037/35/678
f 4040/1733/679 4042/1734/680 4041/41/680 4039/37/679
f 4042/1734/680 4044/1735/681 4043/43/681 4041/41/680
f 4044/1735/681 4046/1736/682 4045/46/682 4043/43/681
f 4046/1736/682 3852/717/586 3851/48/586 4045/46/682
f 4048/660/107 4050/798/108 4049/799/108 4047/84/107
f 4050/798/108 4052/800/109 4051/801/109 4049/799/108
f 4052/800/109 4054/802/110 4053/803/110 4051/801/109
f 4054/802/110 4056/804/111 4055/805/111 4053/803/110
f 4056/804/111 4058/806/112 4057/807/112 4055/805/111
f 4058/806/112 4060/808/113 4059/809/113 4057/807/112
f 4060/808/113 4062/810/114 4061/811/114 4059/809/113
f 4062/810/114 4064/812/115 4063/813/115 4061/811/114
f 4064/812/115 4066/814/116 4065/815/116 4063/813/115
f 4066/814/116 4068/816/117 4067/817/117 4065/815/116
f 4068/816/117 4070/818/118 4069/819/118 4067/817/117
f 4070/818/118 4072/820/119 4071/821/119 4069/819/118
f 4072/820/119 4074/822/120 4073/823/120 4071/821/119
f 4074/822/120 4076/824/121 4075/825/121 4073/823/120
f 4076/824/121 4078/826/122 4077/827/122 4075/825/121
f 4078/826/122 4080/828/123 4079/829/123 4077/827/122
f 4080/828/123 4082/830/124 4081/831/124 4079/829/123
f 4082/830/124 4084/832/125 4083/833/125 4081/831/124
f 4084/832/125 4086/834/126 4085/835/126 4083/833/125
f 4086/834/126 4088/836/127 4087/837/127 4085/835/126
f 4088/836/127 4090/838/128 4089/839/128 4087/837/127
f 4090/838/128 4092/840/129 4091/841/129 4089/839/128
f 4092/840/129 4094/842/130 4093/843/130 4091/841/129
f 4094/842/130 4096/844/131 4095/845/131 4093/843/130
f 4096/844/131 4098/846/132 4097/847/132 4095/845/131
f 4098/846/132 4100/848/133 4099/849/133 4097/847/132
f 4100/848/133 4102/850/134 4101/851/134 4099/849/133
f 4102/850/134 4104/852/135 4103/853/135 4101/851/134
f 4104/852/135 4106/854/136 4105/855/136 4103/853/135
f 4106/854/136 4108/856/137 4107/857/137 4105/855/136
f 4108/856/137 4110/858/138 4109/859/138 4107/857/137
f 4110/858/138 4112/860/139 4111/861/139 4109/859/138
f 4112/860/139 4114/862/140 4113/863/140 4111/861/139
f 4114/862/140 4116/864/141 4115/865/141 4113/863/140
f 4116/864/141 4118/866/142 4117/867/142 4115/865/141
f 4118/866/142 4120/868/143 4119/869/143 4117/867/142
f 4120/868/143 4122/870/144 4121/53/144 4119/869/143
f 4122/870/144 4124/871/145 4123/872/145 4121/53/144
f 4124/871/145 4126/873/146 4125/874/146 4123/872/145
f 4126/873/146 4128/875/147 4127/876/147 4125/874/146
f 4128/875/147 4130/877/148 4129/878/148 4127/876/147
f 4130/877/148 4132/879/149 4131/880/149 4129/878/148
f 4132/879/149 4134/881/150 4133/882/150 4131/880/149
f 4134/881/150 4136/883/151 4135/884/151 4133/882/150
f 4136/883/151 4138/885/152 4137/886/152 4135/884/151
f 4138/885/152 4140/887/153 4139/888/153 4137/886/152
f 4140/887/153 4142/889/154 4141/890/154 4139/888/153
f 4142/889/154 4144/891/155 4143/892/155 4141/890/154
f 4144/891/155 4146/893/156 4145/894/156 4143/892/155
f 4146/893/156 4148/895/157 4147/896/157 4145/894/156
f 4148/895/157 4150/897/158 4149/898/158 4147/896/157
f 4150/897/158 4152/899/159 4151/900/159 4149/898/158
f 4152/899/159 4154/901/160 4153/902/160 4151/900/159
f 4154/901/160 4156/903/161 4155/904/161 4153/902/160
f 4156/903/161 4158/905/162 4157/906/162 4155/904/161
f 4158/905/162 4160/907/163 4159/908/163 4157/906/162
f 4160/907/163 4162/909/164 4161/910/164 4159/908/163
f 4162/909/164 4164/911/165 4163/912/165 4161/910/164
f 4164/911/165 4166/913/166 4165/914/166 4163/912/165
f 4166/913/166 4168/915/167 4167/916/167 4165/914/166
f 4168/915/167 4170/917/168 4169/918/168 4167/916/167
f 4170/917/168 4172/919/169 4171/920/169 4169/918/168
f 4172/919/169 4174/921/170 4173/922/170 4171/920/169
f 4174/921/170 4176/923/171 4175/924/171 4173/922/170
f 4176/923/171 4178/925/172 4177/926/172 4175/924/171
f 4178/925/172 4180/927/173 4179/928/173 4177/926/172
f 4180/927/173 4182/929/174 4181/930/174 4179/928/173
f 4182/929/174 4184/931/175 4183/932/175 4181/930/174
f 4184/931/175 4186/933/176 4185/934/176 4183/932/175
f 4186/933/176 4188/935/177 4187/936/177 4185/934/176
f 4188/935/177 4190/937/178 4189/938/178 4187/936/177
f 4190/937/178 4192/939/179 4191/940/179 4189/938/178
f 4192/939/179 4194/941/180 4193/942/180 4191/940/179
f 4194/941/180 4048/717/107 4047/48/107 4193/942/180
f 4196/660/181 4198/943/182 4197/944/182 4195/84/181
f 4198/943/182 4200/945/183 4199/946/183 4197/944/182
f 4200/945/183 4202/947/184 4201/948/184 4199/946/183
f 4202/947/184 4204/949/185 4203/950/185 4201/948/184
f 4204/949/185 4206/754/186 4205/638/186 4203/950/185
f 4206/754/186 4208/951/187 4207/952/187 4205/638/186
f 4208/951/187 4210/953/188 4209/954/188 4207/952/187
f 4210/953/188 4212/955/189 4211/956/189 4209/954/188
f 4212/955/189 4214/957/190 4213/958/190 4211/956/189
f 4214/957/190 4216/765/191 4215/658/191 4213/958/190
f 4216/765/191 4218/959/192 4217/960/192 4215/658/191
f 4218/959/192 4220/961/193 4219/962/193 4217/960/192
f 4220/961/193 4222/963/194 4221/964/194 4219/962/193
f 4222/963/194 4224/965/195 4223/966/195 4221/964/194
f 4224/965/195 4226/776/196 4225/648/196 4223/966/195
f 4226/776/196 4228/967/197 4227/968/197 4225/648/196
f 4228/967/197 4230/969/198 4229/970/198 4227/968/197
f 4230/969/198 4232/971/683 4231/972/683 4229/970/198
f 4232/971/683 4234/973/200 4233/974/200 4231/972/683
f 4234/973/200 4236/787/201 4235/635/201 4233/974/200
f 4236/787/201 4238/975/202 4237/976/202 4235/635/201
f 4238/975/202 4240/977/203 4239/978/203 4237/976/202
f 4240/977/203 4242/979/204 4241/980/204 4239/978/203
f 4242/979/204 4244/981/205 4243/982/205 4241/980/204
f 4244/981/205 4196/717/181 4195/48/181 4243/982/205
