# Blender 4.4.1
# www.blender.org
mtllib pauseFont.mtl
o テキスト.002
v -5.574379 -0.880405 -1.183019
v -5.509457 -0.912564 -1.183019
v -5.444466 -0.941525 -1.183019
v -5.378867 -0.967316 -1.183019
v -5.312116 -0.989965 -1.183019
v -5.243671 -1.009503 -1.183019
v -5.172993 -1.025956 -1.183019
v -5.099539 -1.039354 -1.183019
v -5.022767 -1.049724 -1.183019
v -4.942135 -1.057096 -1.183019
v -4.857102 -1.061499 -1.183019
v -4.767126 -1.062960 -1.183019
v -4.602839 -1.053361 -1.183019
v -4.451416 -1.025571 -1.183019
v -4.313129 -0.981105 -1.183019
v -4.188249 -0.921475 -1.183019
v -4.077046 -0.848195 -1.183019
v -3.979792 -0.762779 -1.183019
v -3.896757 -0.666740 -1.183019
v -3.828212 -0.561592 -1.183019
v -3.774427 -0.448848 -1.183019
v -3.735675 -0.330022 -1.183019
v -3.712224 -0.206626 -1.183019
v -3.704347 -0.080175 -1.183019
v -3.712946 0.055751 -1.183019
v -3.738202 0.183454 -1.183019
v -3.779302 0.302248 -1.183019
v -3.835434 0.411446 -1.183019
v -3.905785 0.510364 -1.183019
v -3.989542 0.598317 -1.183019
v -4.085894 0.674618 -1.183019
v -4.194027 0.738584 -1.183019
v -4.313129 0.789527 -1.183019
v -4.442388 0.826765 -1.183019
v -4.580991 0.849609 -1.183019
v -4.728125 0.857377 -1.183019
v -4.868701 0.850428 -1.183019
v -4.999982 0.829545 -1.183019
v -5.121412 0.794668 -1.183019
v -5.232431 0.745742 -1.183019
v -5.332482 0.682709 -1.183019
v -5.421004 0.605512 -1.183019
v -5.497440 0.514095 -1.183019
v -5.561231 0.408400 -1.183019
v -5.611819 0.288369 -1.183019
v -5.648645 0.153946 -1.183019
v -5.671150 0.005074 -1.183019
v -5.678776 -0.158305 -1.183019
v -4.138234 -0.158305 -1.183019
v -4.159049 -0.246108 -1.183019
v -4.187346 -0.326500 -1.183019
v -4.223092 -0.399439 -1.183019
v -4.266252 -0.464882 -1.183019
v -4.316792 -0.522787 -1.183019
v -4.374678 -0.573110 -1.183019
v -4.439878 -0.615808 -1.183019
v -4.512355 -0.650839 -1.183019
v -4.592079 -0.678160 -1.183019
v -4.679013 -0.697728 -1.183019
v -4.773124 -0.709500 -1.183019
v -4.874379 -0.713434 -1.183019
v -4.939901 -0.711735 -1.183019
v -5.004880 -0.706695 -1.183019
v -5.069385 -0.698399 -1.183019
v -5.133484 -0.686934 -1.183019
v -5.197244 -0.672384 -1.183019
v -5.260734 -0.654837 -1.183019
v -5.324020 -0.634376 -1.183019
v -5.387171 -0.611089 -1.183019
v -5.450254 -0.585060 -1.183019
v -5.513338 -0.556376 -1.183019
v -5.576488 -0.525121 -1.183019
v -5.639775 -0.491382 -1.183019
v -5.639775 -0.845020 -1.183019
v -5.242486 0.152028 -1.183019
v -5.228097 0.215208 -1.183019
v -5.206802 0.273591 -1.183019
v -5.178804 0.326920 -1.183019
v -5.144306 0.374937 -1.183019
v -5.103510 0.417385 -1.183019
v -5.056621 0.454009 -1.183019
v -5.003841 0.484549 -1.183019
v -4.945373 0.508750 -1.183019
v -4.881421 0.526355 -1.183019
v -4.812187 0.537107 -1.183019
v -4.737875 0.540747 -1.183019
v -4.657746 0.537343 -1.183019
v -4.583136 0.527212 -1.183019
v -4.514077 0.510486 -1.183019
v -4.450604 0.487291 -1.183019
v -4.392751 0.457757 -1.183019
v -4.340552 0.422012 -1.183019
v -4.294041 0.380184 -1.183019
v -4.253251 0.332403 -1.183019
v -4.218216 0.278796 -1.183019
v -4.188972 0.219492 -1.183019
v -4.165549 0.154620 -1.183019
v -4.147984 0.084307 -1.183019
v -5.249764 0.084307 -1.183019
v -3.146480 0.375676 -1.183019
v -3.086673 0.404801 -1.183019
v -3.027847 0.430813 -1.183019
v -2.970188 0.453784 -1.183019
v -2.913885 0.473785 -1.183019
v -2.859121 0.490888 -1.183019
v -2.806084 0.505163 -1.183019
v -2.754960 0.516684 -1.183019
v -2.705935 0.525519 -1.183019
v -2.659195 0.531743 -1.183019
v -2.614927 0.535424 -1.183019
v -2.573316 0.536635 -1.183019
v -2.530788 0.535202 -1.183019
v -2.491071 0.531000 -1.183019
v -2.454332 0.524170 -1.183019
v -2.420742 0.514856 -1.183019
v -2.390470 0.503201 -1.183019
v -2.363685 0.489346 -1.183019
v -2.340557 0.473436 -1.183019
v -2.321254 0.455612 -1.183019
v -2.305946 0.436018 -1.183019
v -2.294802 0.414796 -1.183019
v -2.287991 0.392089 -1.183019
v -2.285683 0.368040 -1.183019
v -2.288784 0.347094 -1.183019
v -2.298300 0.325206 -1.183019
v -2.314553 0.302118 -1.183019
v -2.337865 0.277575 -1.183019
v -2.368558 0.251318 -1.183019
v -2.406952 0.223090 -1.183019
v -2.453370 0.192635 -1.183019
v -2.508134 0.159696 -1.183019
v -2.571564 0.124015 -1.183019
v -2.643983 0.085336 -1.183019
v -2.725712 0.043401 -1.183019
v -2.817073 -0.002046 -1.183019
v -2.902546 -0.050955 -1.183019
v -2.978810 -0.097251 -1.183019
v -3.046205 -0.141406 -1.183019
v -3.105067 -0.183891 -1.183019
v -3.155737 -0.225175 -1.183019
v -3.198552 -0.265732 -1.183019
v -3.233852 -0.306032 -1.183019
v -3.261974 -0.346546 -1.183019
v -3.283258 -0.387745 -1.183019
v -3.298041 -0.430101 -1.183019
v -3.306663 -0.474084 -1.183019
v -3.309462 -0.520167 -1.183019
v -3.303179 -0.599088 -1.183019
v -3.284793 -0.673170 -1.183019
v -3.254997 -0.742026 -1.183019
v -3.214487 -0.805271 -1.183019
v -3.163955 -0.862518 -1.183019
v -3.104097 -0.913383 -1.183019
v -3.035605 -0.957481 -1.183019
v -2.959174 -0.994425 -1.183019
v -2.875499 -1.023831 -1.183019
v -2.785272 -1.045312 -1.183019
v -2.689188 -1.058484 -1.183019
v -2.587942 -1.062960 -1.183019
v -2.522052 -1.061999 -1.183019
v -2.458142 -1.059039 -1.183019
v -2.395755 -1.053965 -1.183019
v -2.334435 -1.046664 -1.183019
v -2.273724 -1.037022 -1.183019
v -2.213166 -1.024923 -1.183019
v -2.152303 -1.010255 -1.183019
v -2.090678 -0.992903 -1.183019
v -2.027835 -0.972752 -1.183019
v -1.963315 -0.949688 -1.183019
v -1.896663 -0.923597 -1.183019
v -1.827421 -0.894365 -1.183019
v -1.827421 -0.499607 -1.183019
v -1.897569 -0.538933 -1.183019
v -1.966498 -0.574690 -1.183019
v -2.034005 -0.606906 -1.183019
v -2.099887 -0.635610 -1.183019
v -2.163940 -0.660829 -1.183019
v -2.225963 -0.682593 -1.183019
v -2.285751 -0.700931 -1.183019
v -2.343102 -0.715871 -1.183019
v -2.397812 -0.727441 -1.183019
v -2.449677 -0.735670 -1.183019
v -2.498497 -0.740586 -1.183019
v -2.544065 -0.742218 -1.183019
v -2.587264 -0.738877 -1.183019
v -2.628838 -0.732966 -1.183019
v -2.668381 -0.724485 -1.183019
v -2.705486 -0.713434 -1.183019
v -2.739748 -0.699812 -1.183019
v -2.770759 -0.683621 -1.183019
v -2.798114 -0.664860 -1.183019
v -2.821406 -0.643528 -1.183019
v -2.840230 -0.619627 -1.183019
v -2.854178 -0.593155 -1.183019
v -2.862845 -0.564115 -1.183019
v -2.865824 -0.532503 -1.183019
v -2.845680 -0.470972 -1.183019
v -2.789989 -0.412739 -1.183019
v -2.705859 -0.356133 -1.183019
v -2.600400 -0.299486 -1.183019
v -2.480723 -0.241124 -1.183019
v -2.353935 -0.179379 -1.183019
v -2.227148 -0.112579 -1.183019
v -2.107470 -0.039055 -1.183019
v -2.002012 0.042866 -1.183019
v -1.917882 0.134851 -1.183019
v -1.862190 0.238574 -1.183019
v -1.842046 0.355704 -1.183019
v -1.847864 0.431224 -1.183019
v -1.865023 0.501377 -1.183019
v -1.893083 0.565933 -1.183019
v -1.931604 0.624663 -1.183019
v -1.980147 0.677340 -1.183019
v -2.038270 0.723734 -1.183019
v -2.105535 0.763618 -1.183019
v -2.181500 0.796762 -1.183019
v -2.265726 0.822938 -1.183019
v -2.357772 0.841918 -1.183019
v -2.457199 0.853474 -1.183019
v -2.563566 0.857377 -1.183019
v -2.614865 0.856347 -1.183019
v -2.666418 0.853246 -1.183019
v -2.718276 0.848061 -1.183019
v -2.770489 0.840777 -1.183019
v -2.823108 0.831379 -1.183019
v -2.876184 0.819854 -1.183019
v -2.929768 0.806188 -1.183019
v -2.983911 0.790365 -1.183019
v -3.038663 0.772372 -1.183019
v -3.094075 0.752195 -1.183019
v -3.150199 0.729819 -1.183019
v -3.207083 0.705230 -1.183019
v -3.207083 0.343368 -1.183019
v -0.886520 -0.791563 -1.183019
v -0.839967 -0.831456 -1.183019
v -0.790756 -0.868779 -1.183019
v -0.739276 -0.903360 -1.183019
v -0.685918 -0.935029 -1.183019
v -0.631069 -0.963614 -1.183019
v -0.575121 -0.988943 -1.183019
v -0.518462 -1.010846 -1.183019
v -0.461481 -1.029150 -1.183019
v -0.404568 -1.043685 -1.183019
v -0.348111 -1.054279 -1.183019
v -0.292502 -1.060761 -1.183019
v -0.238128 -1.062960 -1.183019
v -0.130065 -1.057429 -1.183019
v -0.028113 -1.040991 -1.183019
v 0.067101 -1.013872 -1.183019
v 0.154953 -0.976302 -1.183019
v 0.234814 -0.928509 -1.183019
v 0.306059 -0.870721 -1.183019
v 0.368062 -0.803167 -1.183019
v 0.420196 -0.726075 -1.183019
v 0.461835 -0.639674 -1.183019
v 0.492352 -0.544192 -1.183019
v 0.511122 -0.439858 -1.183019
v 0.517518 -0.326900 -1.183019
v 0.517518 0.820368 -1.183020
v 0.083631 0.820368 -1.183020
v 0.083631 -0.351572 -1.183019
v 0.080486 -0.414002 -1.183019
v 0.071060 -0.471678 -1.183019
v 0.055371 -0.524472 -1.183019
v 0.033435 -0.572253 -1.183019
v 0.005271 -0.614894 -1.183019
v -0.029106 -0.652267 -1.183019
v -0.069679 -0.684242 -1.183019
v -0.116430 -0.710692 -1.183019
v -0.169342 -0.731489 -1.183019
v -0.228400 -0.746502 -1.183019
v -0.293585 -0.755604 -1.183019
v -0.364881 -0.758667 -1.183019
v -0.413409 -0.756789 -1.183019
v -0.461413 -0.751185 -1.183019
v -0.508774 -0.741898 -1.183019
v -0.555372 -0.728969 -1.183019
v -0.601091 -0.712441 -1.183019
v -0.645811 -0.692359 -1.183019
v -0.689413 -0.668765 -1.183019
v -0.731780 -0.641701 -1.183019
v -0.772793 -0.611210 -1.183019
v -0.812333 -0.577336 -1.183019
v -0.850281 -0.540120 -1.183019
v -0.886520 -0.499607 -1.183019
v -0.886520 0.820368 -1.183019
v -1.320407 0.820368 -1.183019
v -1.320407 -1.025951 -1.183019
v -0.886520 -1.025951 -1.183019
v 0.935659 -0.945193 -1.183020
v 0.979008 -0.968249 -1.183020
v 1.018666 -0.988365 -1.183020
v 1.055227 -1.005695 -1.183020
v 1.089283 -1.020400 -1.183020
v 1.121425 -1.032633 -1.183020
v 1.152247 -1.042554 -1.183020
v 1.182342 -1.050319 -1.183020
v 1.212301 -1.056085 -1.183020
v 1.242717 -1.060009 -1.183020
v 1.274182 -1.062249 -1.183020
v 1.307289 -1.062960 -1.183020
v 1.353008 -1.061751 -1.183020
v 1.395155 -1.058086 -1.183020
v 1.433814 -1.051909 -1.183020
v 1.469072 -1.043161 -1.183020
v 1.501011 -1.031786 -1.183020
v 1.529717 -1.017727 -1.183020
v 1.555275 -1.000927 -1.183020
v 1.577769 -0.981328 -1.183020
v 1.597284 -0.958873 -1.183020
v 1.613904 -0.933506 -1.183020
v 1.627714 -0.905169 -1.183020
v 1.638799 -0.873805 -1.183020
v 1.686529 -0.904305 -1.183020
v 1.734631 -0.932078 -1.183020
v 1.783072 -0.957139 -1.183020
v 1.831818 -0.979500 -1.183020
v 1.880834 -0.999178 -1.183020
v 1.930088 -1.016185 -1.183020
v 1.979545 -1.030537 -1.183020
v 2.029171 -1.042247 -1.183020
v 2.078932 -1.051331 -1.183020
v 2.128795 -1.057801 -1.183020
v 2.178725 -1.061673 -1.183020
v 2.228690 -1.062960 -1.183020
v 2.306833 -1.058614 -1.183020
v 2.380135 -1.046016 -1.183020
v 2.448223 -1.025823 -1.183020
v 2.510725 -0.998690 -1.183020
v 2.567269 -0.965274 -1.183020
v 2.617481 -0.926234 -1.183020
v 2.660991 -0.882224 -1.183020
v 2.697424 -0.833902 -1.183020
v 2.726410 -0.781926 -1.183020
v 2.747575 -0.726951 -1.183020
v 2.760547 -0.669634 -1.183020
v 2.764954 -0.610632 -1.183020
v 2.756982 -0.524305 -1.183020
v 2.734079 -0.447730 -1.183020
v 2.697769 -0.380035 -1.183020
v 2.649576 -0.320351 -1.183020
v 2.591024 -0.267805 -1.183020
v 2.523636 -0.221528 -1.183020
v 2.448934 -0.180647 -1.183020
v 2.368444 -0.144293 -1.183020
v 2.283687 -0.111594 -1.183020
v 2.196189 -0.081679 -1.183020
v 2.107471 -0.053678 -1.183020
v 2.019059 -0.026718 -1.183020
v 1.633923 0.088419 -1.183020
v 1.633923 0.187109 -1.183020
v 1.636666 0.241875 -1.183020
v 1.644892 0.291130 -1.183020
v 1.658604 0.335016 -1.183020
v 1.677800 0.373676 -1.183020
v 1.702480 0.407253 -1.183020
v 1.732645 0.435890 -1.183020
v 1.768294 0.459730 -1.183020
v 1.809428 0.478914 -1.183020
v 1.856047 0.493587 -1.183020
v 1.908150 0.503891 -1.183020
v 1.965737 0.509969 -1.183020
v 2.028809 0.511963 -1.183020
v 2.088609 0.509981 -1.183020
v 2.148476 0.503986 -1.183020
v 2.208275 0.493908 -1.183020
v 2.267871 0.479676 -1.183020
v 2.327129 0.461216 -1.183020
v 2.385913 0.438459 -1.183020
v 2.444087 0.411334 -1.183020
v 2.501517 0.379767 -1.183020
v 2.558066 0.343689 -1.183020
v 2.613600 0.303028 -1.183020
v 2.667982 0.257711 -1.183020
v 2.721078 0.207669 -1.183020
v 2.721078 0.606541 -1.183020
v 2.676993 0.646893 -1.183020
v 2.630030 0.683661 -1.183020
v 2.580156 0.716859 -1.183020
v 2.527337 0.746503 -1.183020
v 2.471538 0.772605 -1.183020
v 2.412726 0.795182 -1.183020
v 2.350867 0.814245 -1.183020
v 2.285927 0.829811 -1.183020
v 2.217873 0.841892 -1.183020
v 2.146670 0.850504 -1.183020
v 2.072285 0.855661 -1.183020
v 1.994683 0.857377 -1.183020
v 1.885853 0.853412 -1.183020
v 1.781780 0.841424 -1.183020
v 1.683360 0.821268 -1.183020
v 1.591492 0.792802 -1.183020
v 1.507071 0.755883 -1.183020
v 1.430996 0.710370 -1.183020
v 1.364163 0.656118 -1.183020
v 1.307470 0.592986 -1.183020
v 1.261814 0.520829 -1.183020
v 1.228091 0.439507 -1.183020
v 1.207200 0.348875 -1.183020
v 1.200037 0.248790 -1.183020
v 1.200037 -0.701098 -1.183020
v 1.199430 -0.717644 -1.183020
v 1.197622 -0.732376 -1.183020
v 1.194628 -0.745367 -1.183020
v 1.190467 -0.756687 -1.183020
v 1.185155 -0.766408 -1.183020
v 1.178708 -0.774601 -1.183020
v 1.171144 -0.781338 -1.183020
v 1.162480 -0.786690 -1.183020
v 1.152733 -0.790728 -1.183020
v 1.141919 -0.793524 -1.183020
v 1.130055 -0.795149 -1.183020
v 1.117159 -0.795675 -1.183020
v 1.105296 -0.794912 -1.183020
v 1.091723 -0.792648 -1.183020
v 1.076558 -0.788929 -1.183020
v 1.059922 -0.783796 -1.183020
v 1.041930 -0.777293 -1.183020
v 1.022704 -0.769461 -1.183020
v 1.002360 -0.760345 -1.183020
v 0.981017 -0.749986 -1.183020
v 0.958794 -0.738428 -1.183020
v 0.935809 -0.725713 -1.183020
v 0.912181 -0.711884 -1.183020
v 0.888028 -0.696986 -1.183020
v 0.888028 -0.919037 -1.183019
v 1.725377 -0.139864 -1.183020
v 1.813852 -0.167043 -1.183020
v 1.898399 -0.194992 -1.183020
v 1.978072 -0.224098 -1.183020
v 2.051921 -0.254745 -1.183020
v 2.118999 -0.287321 -1.183020
v 2.178358 -0.322209 -1.183020
v 2.229051 -0.359797 -1.183020
v 2.270128 -0.400467 -1.183020
v 2.300643 -0.444608 -1.183020
v 2.319647 -0.492603 -1.183020
v 2.326192 -0.544839 -1.183020
v 2.323498 -0.581897 -1.183020
v 2.315607 -0.616857 -1.183020
v 2.302807 -0.649503 -1.183020
v 2.285386 -0.679623 -1.183020
v 2.263631 -0.707001 -1.183020
v 2.237831 -0.731423 -1.183020
v 2.208272 -0.752676 -1.183020
v 2.175244 -0.770545 -1.183020
v 2.139033 -0.784817 -1.183020
v 2.099927 -0.795276 -1.183020
v 2.058215 -0.801708 -1.183020
v 2.014184 -0.803900 -1.183020
v 1.980261 -0.802712 -1.183020
v 1.946745 -0.799197 -1.183020
v 1.913634 -0.793427 -1.183020
v 1.880930 -0.785471 -1.183020
v 1.848633 -0.775403 -1.183020
v 1.816741 -0.763293 -1.183020
v 1.785256 -0.749212 -1.183020
v 1.754177 -0.733233 -1.183020
v 1.723504 -0.715426 -1.183020
v 1.693238 -0.695863 -1.183020
v 1.663377 -0.674614 -1.183020
v 1.633923 -0.651753 -1.183020
v 1.633923 -0.113072 -1.183020
v 3.824955 1.771104 -1.183020
v 3.667780 1.749620 -1.183020
v 3.526618 1.715000 -1.183020
v 3.401250 1.668216 -1.183020
v 3.291455 1.610238 -1.183020
v 3.197014 1.542037 -1.183020
v 3.117705 1.464583 -1.183020
v 3.053310 1.378848 -1.183020
v 3.003608 1.285803 -1.183020
v 2.968379 1.186419 -1.183020
v 2.947402 1.081666 -1.183020
v 2.940459 0.972515 -1.183020
v 2.947812 0.864633 -1.183020
v 2.970026 0.761562 -1.183020
v 3.007340 0.664174 -1.183020
v 3.059991 0.573339 -1.183020
v 3.128214 0.489930 -1.183020
v 3.212248 0.414815 -1.183020
v 3.312329 0.348867 -1.183020
v 3.428695 0.292957 -1.183020
v 3.561582 0.247955 -1.183020
v 3.711227 0.214733 -1.183020
v 3.877867 0.194160 -1.183020
v 4.061740 0.187109 -1.183020
v 4.559004 0.187109 -1.183020
v 4.559004 -1.025951 -1.183020
v 5.036767 -1.025951 -1.183020
v 5.036767 1.778480 -1.183020
v 3.998363 1.778480 -1.183020
v 4.017864 0.548971 -1.183020
v 3.931593 0.552289 -1.183020
v 3.850958 0.562146 -1.183020
v 3.776317 0.578399 -1.183020
v 3.708022 0.600906 -1.183020
v 3.646431 0.629523 -1.183020
v 3.591899 0.664110 -1.183020
v 3.544781 0.704521 -1.183020
v 3.505433 0.750615 -1.183020
v 3.474210 0.802249 -1.183020
v 3.451468 0.859280 -1.183020
v 3.437562 0.921566 -1.183020
v 3.432847 0.988963 -1.183020
v 3.435688 1.040568 -1.183020
v 3.444607 1.092031 -1.183020
v 3.460194 1.142523 -1.183020
v 3.483044 1.191216 -1.183020
v 3.513747 1.237281 -1.183020
v 3.552898 1.279891 -1.183020
v 3.601088 1.318219 -1.183020
v 3.658910 1.351434 -1.183020
v 3.726955 1.378710 -1.183020
v 3.805818 1.399218 -1.183020
v 3.896090 1.412130 -1.183020
v 3.998363 1.416618 -1.183020
v 4.559004 1.416618 -1.183020
v 4.559004 0.548971 -1.183020
v -5.574379 -0.880405 -0.405086
v -5.509457 -0.912564 -0.405086
v -5.444466 -0.941525 -0.405086
v -5.378867 -0.967316 -0.405086
v -5.312116 -0.989965 -0.405086
v -5.243671 -1.009503 -0.405086
v -5.172993 -1.025956 -0.405086
v -5.099539 -1.039354 -0.405086
v -5.022767 -1.049724 -0.405086
v -4.942135 -1.057096 -0.405086
v -4.857102 -1.061499 -0.405086
v -4.767126 -1.062960 -0.405086
v -4.602839 -1.053361 -0.405086
v -4.451416 -1.025571 -0.405086
v -4.313129 -0.981105 -0.405086
v -4.188249 -0.921475 -0.405086
v -4.077046 -0.848195 -0.405086
v -3.979792 -0.762779 -0.405086
v -3.896757 -0.666740 -0.405086
v -3.828212 -0.561592 -0.405086
v -3.774427 -0.448848 -0.405086
v -3.735675 -0.330022 -0.405086
v -3.712224 -0.206626 -0.405086
v -3.704347 -0.080175 -0.405086
v -3.712946 0.055751 -0.405086
v -3.738202 0.183454 -0.405086
v -3.779302 0.302248 -0.405086
v -3.835434 0.411446 -0.405086
v -3.905785 0.510364 -0.405086
v -3.989542 0.598317 -0.405086
v -4.085894 0.674618 -0.405086
v -4.194027 0.738584 -0.405086
v -4.313129 0.789527 -0.405086
v -4.442388 0.826765 -0.405086
v -4.580991 0.849609 -0.405086
v -4.728125 0.857377 -0.405086
v -4.868701 0.850428 -0.405086
v -4.999982 0.829545 -0.405086
v -5.121412 0.794668 -0.405086
v -5.232431 0.745742 -0.405086
v -5.332482 0.682709 -0.405086
v -5.421004 0.605512 -0.405086
v -5.497440 0.514095 -0.405086
v -5.561231 0.408400 -0.405086
v -5.611819 0.288369 -0.405086
v -5.648645 0.153946 -0.405086
v -5.671150 0.005074 -0.405086
v -5.678776 -0.158305 -0.405086
v -4.138234 -0.158305 -0.405086
v -4.159049 -0.246108 -0.405086
v -4.187346 -0.326500 -0.405086
v -4.223092 -0.399439 -0.405086
v -4.266252 -0.464882 -0.405086
v -4.316792 -0.522787 -0.405086
v -4.374678 -0.573110 -0.405086
v -4.439878 -0.615808 -0.405086
v -4.512355 -0.650839 -0.405086
v -4.592079 -0.678160 -0.405086
v -4.679013 -0.697728 -0.405086
v -4.773124 -0.709500 -0.405086
v -4.874379 -0.713434 -0.405086
v -4.939901 -0.711735 -0.405086
v -5.004880 -0.706695 -0.405086
v -5.069385 -0.698399 -0.405086
v -5.133484 -0.686934 -0.405086
v -5.197244 -0.672384 -0.405086
v -5.260734 -0.654837 -0.405086
v -5.324020 -0.634376 -0.405086
v -5.387171 -0.611089 -0.405086
v -5.450254 -0.585060 -0.405086
v -5.513338 -0.556376 -0.405086
v -5.576488 -0.525121 -0.405086
v -5.639775 -0.491382 -0.405086
v -5.639775 -0.845020 -0.405086
v -5.242486 0.152028 -0.405086
v -5.228097 0.215208 -0.405086
v -5.206802 0.273591 -0.405086
v -5.178804 0.326920 -0.405086
v -5.144306 0.374937 -0.405086
v -5.103510 0.417385 -0.405086
v -5.056621 0.454009 -0.405086
v -5.003841 0.484549 -0.405086
v -4.945373 0.508750 -0.405086
v -4.881421 0.526355 -0.405086
v -4.812187 0.537107 -0.405086
v -4.737875 0.540747 -0.405086
v -4.657746 0.537343 -0.405086
v -4.583136 0.527212 -0.405086
v -4.514077 0.510486 -0.405086
v -4.450604 0.487291 -0.405086
v -4.392751 0.457757 -0.405086
v -4.340552 0.422012 -0.405086
v -4.294041 0.380184 -0.405086
v -4.253251 0.332403 -0.405086
v -4.218216 0.278796 -0.405086
v -4.188972 0.219492 -0.405086
v -4.165549 0.154620 -0.405086
v -4.147984 0.084307 -0.405086
v -5.249764 0.084307 -0.405086
v -3.146480 0.375676 -0.405086
v -3.086673 0.404801 -0.405086
v -3.027847 0.430813 -0.405086
v -2.970188 0.453784 -0.405086
v -2.913885 0.473785 -0.405086
v -2.859121 0.490888 -0.405086
v -2.806084 0.505163 -0.405086
v -2.754960 0.516684 -0.405086
v -2.705935 0.525519 -0.405086
v -2.659195 0.531743 -0.405086
v -2.614927 0.535424 -0.405086
v -2.573316 0.536635 -0.405086
v -2.530788 0.535202 -0.405086
v -2.491071 0.531000 -0.405086
v -2.454332 0.524170 -0.405086
v -2.420742 0.514856 -0.405086
v -2.390470 0.503201 -0.405086
v -2.363685 0.489346 -0.405086
v -2.340557 0.473436 -0.405086
v -2.321254 0.455612 -0.405086
v -2.305946 0.436018 -0.405086
v -2.294802 0.414796 -0.405086
v -2.287991 0.392089 -0.405086
v -2.285683 0.368040 -0.405086
v -2.288784 0.347094 -0.405086
v -2.298300 0.325206 -0.405086
v -2.314553 0.302118 -0.405086
v -2.337865 0.277575 -0.405086
v -2.368558 0.251318 -0.405086
v -2.406952 0.223090 -0.405086
v -2.453370 0.192635 -0.405086
v -2.508134 0.159696 -0.405086
v -2.571564 0.124015 -0.405086
v -2.643983 0.085336 -0.405086
v -2.725712 0.043401 -0.405086
v -2.817073 -0.002046 -0.405086
v -2.902546 -0.050955 -0.405086
v -2.978810 -0.097251 -0.405086
v -3.046205 -0.141406 -0.405086
v -3.105067 -0.183891 -0.405086
v -3.155737 -0.225175 -0.405086
v -3.198552 -0.265732 -0.405086
v -3.233852 -0.306032 -0.405086
v -3.261974 -0.346546 -0.405086
v -3.283258 -0.387745 -0.405086
v -3.298041 -0.430101 -0.405086
v -3.306663 -0.474084 -0.405086
v -3.309462 -0.520167 -0.405086
v -3.303179 -0.599088 -0.405086
v -3.284793 -0.673170 -0.405086
v -3.254997 -0.742026 -0.405086
v -3.214487 -0.805271 -0.405086
v -3.163955 -0.862518 -0.405086
v -3.104097 -0.913383 -0.405086
v -3.035605 -0.957481 -0.405086
v -2.959174 -0.994425 -0.405086
v -2.875499 -1.023831 -0.405086
v -2.785272 -1.045312 -0.405086
v -2.689188 -1.058484 -0.405086
v -2.587942 -1.062960 -0.405086
v -2.522052 -1.061999 -0.405086
v -2.458142 -1.059039 -0.405086
v -2.395755 -1.053965 -0.405086
v -2.334435 -1.046664 -0.405086
v -2.273724 -1.037022 -0.405086
v -2.213166 -1.024923 -0.405086
v -2.152303 -1.010255 -0.405086
v -2.090678 -0.992903 -0.405086
v -2.027835 -0.972752 -0.405086
v -1.963315 -0.949688 -0.405086
v -1.896663 -0.923597 -0.405086
v -1.827421 -0.894365 -0.405086
v -1.827421 -0.499607 -0.405086
v -1.897569 -0.538933 -0.405086
v -1.966498 -0.574690 -0.405086
v -2.034005 -0.606906 -0.405086
v -2.099887 -0.635610 -0.405086
v -2.163940 -0.660829 -0.405086
v -2.225963 -0.682593 -0.405086
v -2.285751 -0.700931 -0.405086
v -2.343102 -0.715871 -0.405086
v -2.397812 -0.727441 -0.405086
v -2.449677 -0.735670 -0.405086
v -2.498497 -0.740586 -0.405086
v -2.544065 -0.742218 -0.405086
v -2.587264 -0.738877 -0.405086
v -2.628838 -0.732966 -0.405086
v -2.668381 -0.724485 -0.405086
v -2.705486 -0.713434 -0.405086
v -2.739748 -0.699812 -0.405086
v -2.770759 -0.683621 -0.405086
v -2.798114 -0.664860 -0.405086
v -2.821406 -0.643528 -0.405086
v -2.840230 -0.619627 -0.405086
v -2.854178 -0.593155 -0.405086
v -2.862845 -0.564115 -0.405086
v -2.865824 -0.532503 -0.405086
v -2.845680 -0.470972 -0.405086
v -2.789989 -0.412739 -0.405086
v -2.705859 -0.356133 -0.405086
v -2.600400 -0.299486 -0.405086
v -2.480723 -0.241124 -0.405086
v -2.353935 -0.179379 -0.405086
v -2.227148 -0.112579 -0.405086
v -2.107470 -0.039055 -0.405086
v -2.002012 0.042866 -0.405086
v -1.917882 0.134851 -0.405086
v -1.862190 0.238574 -0.405086
v -1.842046 0.355704 -0.405086
v -1.847864 0.431224 -0.405086
v -1.865023 0.501377 -0.405086
v -1.893083 0.565933 -0.405086
v -1.931604 0.624663 -0.405086
v -1.980147 0.677340 -0.405086
v -2.038270 0.723734 -0.405086
v -2.105535 0.763618 -0.405086
v -2.181500 0.796762 -0.405086
v -2.265726 0.822938 -0.405086
v -2.357772 0.841918 -0.405086
v -2.457199 0.853474 -0.405086
v -2.563566 0.857377 -0.405086
v -2.614865 0.856347 -0.405086
v -2.666418 0.853246 -0.405086
v -2.718276 0.848061 -0.405086
v -2.770489 0.840777 -0.405086
v -2.823108 0.831379 -0.405086
v -2.876184 0.819854 -0.405086
v -2.929768 0.806188 -0.405086
v -2.983911 0.790365 -0.405086
v -3.038663 0.772372 -0.405086
v -3.094075 0.752195 -0.405086
v -3.150199 0.729819 -0.405086
v -3.207083 0.705230 -0.405086
v -3.207083 0.343368 -0.405086
v -0.886520 -0.791563 -0.405086
v -0.839967 -0.831456 -0.405086
v -0.790755 -0.868779 -0.405086
v -0.739276 -0.903360 -0.405086
v -0.685917 -0.935029 -0.405086
v -0.631069 -0.963614 -0.405086
v -0.575121 -0.988943 -0.405086
v -0.518462 -1.010846 -0.405086
v -0.461481 -1.029150 -0.405086
v -0.404568 -1.043685 -0.405086
v -0.348111 -1.054279 -0.405086
v -0.292502 -1.060761 -0.405086
v -0.238127 -1.062960 -0.405086
v -0.130065 -1.057429 -0.405086
v -0.028113 -1.040991 -0.405086
v 0.067101 -1.013872 -0.405086
v 0.154953 -0.976302 -0.405086
v 0.234814 -0.928509 -0.405086
v 0.306059 -0.870721 -0.405086
v 0.368062 -0.803167 -0.405086
v 0.420196 -0.726075 -0.405086
v 0.461835 -0.639674 -0.405086
v 0.492353 -0.544192 -0.405086
v 0.511122 -0.439858 -0.405086
v 0.517518 -0.326900 -0.405086
v 0.517518 0.820368 -0.405086
v 0.083631 0.820368 -0.405086
v 0.083631 -0.351572 -0.405086
v 0.080486 -0.414002 -0.405086
v 0.071060 -0.471678 -0.405086
v 0.055371 -0.524472 -0.405086
v 0.033435 -0.572253 -0.405086
v 0.005271 -0.614894 -0.405086
v -0.029106 -0.652267 -0.405086
v -0.069679 -0.684242 -0.405086
v -0.116430 -0.710692 -0.405086
v -0.169342 -0.731489 -0.405086
v -0.228400 -0.746502 -0.405086
v -0.293585 -0.755604 -0.405086
v -0.364881 -0.758667 -0.405086
v -0.413409 -0.756789 -0.405086
v -0.461413 -0.751185 -0.405086
v -0.508774 -0.741898 -0.405086
v -0.555372 -0.728969 -0.405086
v -0.601091 -0.712441 -0.405086
v -0.645810 -0.692359 -0.405086
v -0.689413 -0.668765 -0.405086
v -0.731780 -0.641701 -0.405086
v -0.772792 -0.611210 -0.405086
v -0.812332 -0.577336 -0.405086
v -0.850281 -0.540120 -0.405086
v -0.886520 -0.499607 -0.405086
v -0.886520 0.820368 -0.405086
v -1.320407 0.820368 -0.405086
v -1.320407 -1.025951 -0.405086
v -0.886520 -1.025951 -0.405086
v 0.935659 -0.945193 -0.405086
v 0.979008 -0.968249 -0.405086
v 1.018666 -0.988365 -0.405086
v 1.055227 -1.005695 -0.405086
v 1.089283 -1.020400 -0.405086
v 1.121425 -1.032633 -0.405086
v 1.152247 -1.042554 -0.405086
v 1.182342 -1.050319 -0.405086
v 1.212301 -1.056085 -0.405086
v 1.242717 -1.060009 -0.405086
v 1.274182 -1.062249 -0.405086
v 1.307289 -1.062960 -0.405086
v 1.353008 -1.061751 -0.405086
v 1.395155 -1.058086 -0.405086
v 1.433814 -1.051909 -0.405086
v 1.469072 -1.043161 -0.405086
v 1.501011 -1.031786 -0.405086
v 1.529717 -1.017727 -0.405086
v 1.555275 -1.000927 -0.405086
v 1.577769 -0.981328 -0.405086
v 1.597284 -0.958873 -0.405086
v 1.613904 -0.933506 -0.405086
v 1.627714 -0.905169 -0.405086
v 1.638799 -0.873805 -0.405086
v 1.686529 -0.904305 -0.405086
v 1.734631 -0.932078 -0.405086
v 1.783072 -0.957139 -0.405086
v 1.831818 -0.979500 -0.405086
v 1.880834 -0.999178 -0.405086
v 1.930088 -1.016185 -0.405086
v 1.979545 -1.030537 -0.405087
v 2.029171 -1.042247 -0.405087
v 2.078932 -1.051331 -0.405087
v 2.128795 -1.057801 -0.405087
v 2.178725 -1.061673 -0.405087
v 2.228690 -1.062960 -0.405087
v 2.306833 -1.058614 -0.405087
v 2.380135 -1.046016 -0.405087
v 2.448223 -1.025823 -0.405087
v 2.510725 -0.998690 -0.405087
v 2.567269 -0.965274 -0.405087
v 2.617481 -0.926234 -0.405087
v 2.660991 -0.882224 -0.405087
v 2.697424 -0.833902 -0.405087
v 2.726410 -0.781926 -0.405087
v 2.747575 -0.726951 -0.405087
v 2.760547 -0.669634 -0.405087
v 2.764954 -0.610632 -0.405087
v 2.756982 -0.524305 -0.405087
v 2.734079 -0.447730 -0.405087
v 2.697769 -0.380035 -0.405087
v 2.649576 -0.320351 -0.405087
v 2.591024 -0.267805 -0.405087
v 2.523636 -0.221528 -0.405087
v 2.448934 -0.180647 -0.405087
v 2.368444 -0.144293 -0.405087
v 2.283687 -0.111594 -0.405087
v 2.196189 -0.081679 -0.405087
v 2.107471 -0.053678 -0.405087
v 2.019059 -0.026718 -0.405087
v 1.633923 0.088419 -0.405087
v 1.633923 0.187109 -0.405087
v 1.636666 0.241875 -0.405087
v 1.644892 0.291130 -0.405087
v 1.658604 0.335016 -0.405087
v 1.677800 0.373676 -0.405087
v 1.702480 0.407253 -0.405087
v 1.732645 0.435890 -0.405087
v 1.768294 0.459730 -0.405087
v 1.809428 0.478914 -0.405087
v 1.856047 0.493587 -0.405087
v 1.908150 0.503891 -0.405087
v 1.965737 0.509969 -0.405087
v 2.028809 0.511963 -0.405087
v 2.088609 0.509981 -0.405087
v 2.148476 0.503986 -0.405087
v 2.208275 0.493908 -0.405087
v 2.267871 0.479676 -0.405087
v 2.327129 0.461216 -0.405087
v 2.385913 0.438459 -0.405087
v 2.444087 0.411334 -0.405087
v 2.501517 0.379767 -0.405087
v 2.558066 0.343689 -0.405087
v 2.613600 0.303028 -0.405087
v 2.667982 0.257711 -0.405087
v 2.721078 0.207669 -0.405087
v 2.721078 0.606541 -0.405087
v 2.676993 0.646893 -0.405087
v 2.630030 0.683661 -0.405087
v 2.580156 0.716859 -0.405087
v 2.527337 0.746503 -0.405087
v 2.471538 0.772605 -0.405087
v 2.412726 0.795182 -0.405087
v 2.350867 0.814245 -0.405087
v 2.285927 0.829811 -0.405087
v 2.217873 0.841892 -0.405087
v 2.146670 0.850504 -0.405087
v 2.072285 0.855661 -0.405087
v 1.994683 0.857377 -0.405087
v 1.885853 0.853412 -0.405087
v 1.781780 0.841424 -0.405087
v 1.683360 0.821268 -0.405087
v 1.591492 0.792802 -0.405087
v 1.507071 0.755883 -0.405087
v 1.430996 0.710370 -0.405087
v 1.364163 0.656118 -0.405087
v 1.307470 0.592986 -0.405087
v 1.261814 0.520829 -0.405087
v 1.228091 0.439507 -0.405086
v 1.207200 0.348875 -0.405086
v 1.200037 0.248790 -0.405086
v 1.200037 -0.701098 -0.405086
v 1.199430 -0.717644 -0.405086
v 1.197622 -0.732376 -0.405086
v 1.194628 -0.745367 -0.405086
v 1.190467 -0.756687 -0.405086
v 1.185155 -0.766408 -0.405086
v 1.178708 -0.774601 -0.405086
v 1.171144 -0.781338 -0.405086
v 1.162480 -0.786690 -0.405086
v 1.152733 -0.790728 -0.405086
v 1.141919 -0.793524 -0.405086
v 1.130055 -0.795149 -0.405086
v 1.117159 -0.795675 -0.405086
v 1.105296 -0.794912 -0.405086
v 1.091723 -0.792648 -0.405086
v 1.076558 -0.788929 -0.405086
v 1.059922 -0.783796 -0.405086
v 1.041930 -0.777293 -0.405086
v 1.022704 -0.769461 -0.405086
v 1.002360 -0.760345 -0.405086
v 0.981017 -0.749986 -0.405086
v 0.958794 -0.738428 -0.405086
v 0.935809 -0.725713 -0.405086
v 0.912181 -0.711884 -0.405086
v 0.888028 -0.696986 -0.405086
v 0.888028 -0.919037 -0.405086
v 1.725377 -0.139864 -0.405087
v 1.813852 -0.167043 -0.405087
v 1.898399 -0.194992 -0.405087
v 1.978072 -0.224098 -0.405087
v 2.051921 -0.254745 -0.405087
v 2.118999 -0.287321 -0.405087
v 2.178358 -0.322209 -0.405087
v 2.229051 -0.359797 -0.405087
v 2.270128 -0.400467 -0.405087
v 2.300643 -0.444608 -0.405087
v 2.319647 -0.492603 -0.405087
v 2.326192 -0.544839 -0.405087
v 2.323498 -0.581897 -0.405087
v 2.315607 -0.616857 -0.405087
v 2.302807 -0.649503 -0.405087
v 2.285386 -0.679623 -0.405087
v 2.263631 -0.707001 -0.405087
v 2.237831 -0.731423 -0.405087
v 2.208272 -0.752676 -0.405087
v 2.175244 -0.770545 -0.405087
v 2.139033 -0.784817 -0.405087
v 2.099927 -0.795276 -0.405087
v 2.058215 -0.801708 -0.405087
v 2.014184 -0.803900 -0.405087
v 1.980261 -0.802712 -0.405087
v 1.946745 -0.799197 -0.405087
v 1.913634 -0.793427 -0.405087
v 1.880930 -0.785471 -0.405087
v 1.848633 -0.775403 -0.405086
v 1.816741 -0.763293 -0.405086
v 1.785256 -0.749212 -0.405086
v 1.754177 -0.733233 -0.405086
v 1.723504 -0.715426 -0.405086
v 1.693238 -0.695863 -0.405086
v 1.663377 -0.674614 -0.405086
v 1.633923 -0.651753 -0.405086
v 1.633923 -0.113072 -0.405087
v 3.824955 1.771104 -0.405087
v 3.667780 1.749620 -0.405087
v 3.526618 1.715000 -0.405087
v 3.401250 1.668216 -0.405087
v 3.291455 1.610238 -0.405087
v 3.197014 1.542037 -0.405087
v 3.117705 1.464583 -0.405087
v 3.053310 1.378848 -0.405087
v 3.003608 1.285803 -0.405087
v 2.968379 1.186419 -0.405087
v 2.947402 1.081666 -0.405087
v 2.940459 0.972515 -0.405087
v 2.947812 0.864633 -0.405087
v 2.970026 0.761562 -0.405087
v 3.007340 0.664174 -0.405087
v 3.059991 0.573339 -0.405087
v 3.128214 0.489930 -0.405087
v 3.212248 0.414815 -0.405087
v 3.312329 0.348867 -0.405087
v 3.428695 0.292957 -0.405087
v 3.561582 0.247955 -0.405087
v 3.711227 0.214733 -0.405087
v 3.877867 0.194160 -0.405087
v 4.061740 0.187109 -0.405087
v 4.559004 0.187109 -0.405087
v 4.559004 -1.025951 -0.405087
v 5.036767 -1.025951 -0.405087
v 5.036767 1.778480 -0.405087
v 3.998363 1.778480 -0.405087
v 4.017864 0.548971 -0.405087
v 3.931593 0.552289 -0.405087
v 3.850958 0.562146 -0.405087
v 3.776317 0.578399 -0.405087
v 3.708022 0.600906 -0.405087
v 3.646431 0.629523 -0.405087
v 3.591899 0.664110 -0.405087
v 3.544781 0.704521 -0.405087
v 3.505433 0.750615 -0.405087
v 3.474210 0.802249 -0.405087
v 3.451468 0.859280 -0.405087
v 3.437562 0.921566 -0.405087
v 3.432847 0.988963 -0.405087
v 3.435688 1.040568 -0.405087
v 3.444607 1.092031 -0.405087
v 3.460194 1.142523 -0.405087
v 3.483044 1.191216 -0.405087
v 3.513747 1.237281 -0.405087
v 3.552898 1.279891 -0.405087
v 3.601088 1.318219 -0.405087
v 3.658910 1.351434 -0.405087
v 3.726955 1.378710 -0.405087
v 3.805818 1.399218 -0.405087
v 3.896090 1.412130 -0.405087
v 3.998363 1.416618 -0.405087
v 4.559004 1.416618 -0.405087
v 4.559004 0.548971 -0.405087
v 3.824955 1.771104 -0.405087
v 3.824955 1.771104 -1.183020
v 3.667780 1.749620 -0.405087
v 3.667780 1.749620 -1.183020
v 3.526618 1.715000 -0.405087
v 3.526618 1.715000 -1.183020
v 3.401250 1.668216 -0.405087
v 3.401250 1.668216 -1.183020
v 3.291455 1.610238 -0.405087
v 3.291455 1.610238 -1.183020
v 3.197014 1.542037 -0.405087
v 3.197014 1.542037 -1.183020
v 3.117705 1.464583 -0.405087
v 3.117705 1.464583 -1.183020
v 3.053310 1.378848 -0.405087
v 3.053310 1.378848 -1.183020
v 3.003608 1.285803 -0.405087
v 3.003608 1.285803 -1.183020
v 2.968379 1.186419 -0.405087
v 2.968379 1.186419 -1.183020
v 2.947402 1.081666 -0.405087
v 2.947402 1.081666 -1.183020
v 2.940459 0.972515 -0.405087
v 2.940459 0.972515 -1.183020
v 2.947812 0.864633 -0.405087
v 2.947812 0.864633 -1.183020
v 2.970026 0.761562 -0.405087
v 2.970026 0.761562 -1.183020
v 3.007340 0.664174 -0.405087
v 3.007340 0.664174 -1.183020
v 3.059991 0.573339 -0.405087
v 3.059991 0.573339 -1.183020
v 3.128214 0.489930 -0.405087
v 3.128214 0.489930 -1.183020
v 3.212248 0.414815 -0.405087
v 3.212248 0.414815 -1.183020
v 3.312329 0.348867 -0.405087
v 3.312329 0.348867 -1.183020
v 3.428695 0.292957 -0.405087
v 3.428695 0.292957 -1.183020
v 3.561582 0.247955 -0.405087
v 3.561582 0.247955 -1.183020
v 3.711227 0.214733 -0.405087
v 3.711227 0.214733 -1.183020
v 3.877867 0.194160 -0.405087
v 3.877867 0.194160 -1.183020
v 4.061740 0.187109 -0.405087
v 4.061740 0.187109 -1.183020
v 4.559004 0.187109 -0.405087
v 4.559004 0.187109 -1.183020
v 4.559004 -1.025951 -0.405087
v 4.559004 -1.025951 -1.183020
v 5.036767 -1.025951 -0.405087
v 5.036767 -1.025951 -1.183020
v 5.036767 1.778480 -0.405087
v 5.036767 1.778480 -1.183020
v 3.998363 1.778480 -0.405087
v 3.998363 1.778480 -1.183020
v 4.017864 0.548971 -0.405087
v 4.017864 0.548971 -1.183020
v 3.931593 0.552289 -0.405087
v 3.931593 0.552289 -1.183020
v 3.850958 0.562146 -0.405087
v 3.850958 0.562146 -1.183020
v 3.776317 0.578399 -0.405087
v 3.776317 0.578399 -1.183020
v 3.708022 0.600906 -0.405087
v 3.708022 0.600906 -1.183020
v 3.646431 0.629523 -0.405087
v 3.646431 0.629523 -1.183020
v 3.591899 0.664110 -0.405087
v 3.591899 0.664110 -1.183020
v 3.544781 0.704521 -0.405087
v 3.544781 0.704521 -1.183020
v 3.505433 0.750615 -0.405087
v 3.505433 0.750615 -1.183020
v 3.474210 0.802249 -0.405087
v 3.474210 0.802249 -1.183020
v 3.451468 0.859280 -0.405087
v 3.451468 0.859280 -1.183020
v 3.437562 0.921566 -0.405087
v 3.437562 0.921566 -1.183020
v 3.432847 0.988963 -0.405087
v 3.432847 0.988963 -1.183020
v 3.435688 1.040568 -0.405087
v 3.435688 1.040568 -1.183020
v 3.444607 1.092031 -0.405087
v 3.444607 1.092031 -1.183020
v 3.460194 1.142523 -0.405087
v 3.460194 1.142523 -1.183020
v 3.483044 1.191216 -0.405087
v 3.483044 1.191216 -1.183020
v 3.513747 1.237281 -0.405087
v 3.513747 1.237281 -1.183020
v 3.552898 1.279891 -0.405087
v 3.552898 1.279891 -1.183020
v 3.601088 1.318219 -0.405087
v 3.601088 1.318219 -1.183020
v 3.658910 1.351434 -0.405087
v 3.658910 1.351434 -1.183020
v 3.726955 1.378710 -0.405087
v 3.726955 1.378710 -1.183020
v 3.805818 1.399218 -0.405087
v 3.805818 1.399218 -1.183020
v 3.896090 1.412130 -0.405087
v 3.896090 1.412130 -1.183020
v 3.998363 1.416618 -0.405087
v 3.998363 1.416618 -1.183020
v 4.559004 1.416618 -0.405087
v 4.559004 1.416618 -1.183020
v 4.559004 0.548971 -0.405087
v 4.559004 0.548971 -1.183020
v 0.935659 -0.945193 -0.405086
v 0.935659 -0.945193 -1.183020
v 0.979008 -0.968249 -0.405086
v 0.979008 -0.968249 -1.183020
v 1.018666 -0.988365 -0.405086
v 1.018666 -0.988365 -1.183020
v 1.055227 -1.005695 -0.405086
v 1.055227 -1.005695 -1.183020
v 1.089283 -1.020400 -0.405086
v 1.089283 -1.020400 -1.183020
v 1.121425 -1.032633 -0.405086
v 1.121425 -1.032633 -1.183020
v 1.152247 -1.042554 -0.405086
v 1.152247 -1.042554 -1.183020
v 1.182342 -1.050319 -0.405086
v 1.182342 -1.050319 -1.183020
v 1.212301 -1.056085 -0.405086
v 1.212301 -1.056085 -1.183020
v 1.242717 -1.060009 -0.405086
v 1.242717 -1.060009 -1.183020
v 1.274182 -1.062249 -0.405086
v 1.274182 -1.062249 -1.183020
v 1.307289 -1.062960 -0.405086
v 1.307289 -1.062960 -1.183020
v 1.353008 -1.061751 -0.405086
v 1.353008 -1.061751 -1.183020
v 1.395155 -1.058086 -0.405086
v 1.395155 -1.058086 -1.183020
v 1.433814 -1.051909 -0.405086
v 1.433814 -1.051909 -1.183020
v 1.469072 -1.043161 -0.405086
v 1.469072 -1.043161 -1.183020
v 1.501011 -1.031786 -0.405086
v 1.501011 -1.031786 -1.183020
v 1.529717 -1.017727 -0.405086
v 1.529717 -1.017727 -1.183020
v 1.555275 -1.000927 -0.405086
v 1.555275 -1.000927 -1.183020
v 1.577769 -0.981328 -0.405086
v 1.577769 -0.981328 -1.183020
v 1.597284 -0.958873 -0.405086
v 1.597284 -0.958873 -1.183020
v 1.613904 -0.933506 -0.405086
v 1.613904 -0.933506 -1.183020
v 1.627714 -0.905169 -0.405086
v 1.627714 -0.905169 -1.183020
v 1.638799 -0.873805 -0.405086
v 1.638799 -0.873805 -1.183020
v 1.686529 -0.904305 -0.405086
v 1.686529 -0.904305 -1.183020
v 1.734631 -0.932078 -0.405086
v 1.734631 -0.932078 -1.183020
v 1.783072 -0.957139 -0.405086
v 1.783072 -0.957139 -1.183020
v 1.831818 -0.979500 -0.405086
v 1.831818 -0.979500 -1.183020
v 1.880834 -0.999178 -0.405086
v 1.880834 -0.999178 -1.183020
v 1.930088 -1.016185 -0.405086
v 1.930088 -1.016185 -1.183020
v 1.979545 -1.030537 -0.405087
v 1.979545 -1.030537 -1.183020
v 2.029171 -1.042247 -0.405087
v 2.029171 -1.042247 -1.183020
v 2.078932 -1.051331 -0.405087
v 2.078932 -1.051331 -1.183020
v 2.128795 -1.057801 -0.405087
v 2.128795 -1.057801 -1.183020
v 2.178725 -1.061673 -0.405087
v 2.178725 -1.061673 -1.183020
v 2.228690 -1.062960 -0.405087
v 2.228690 -1.062960 -1.183020
v 2.306833 -1.058614 -0.405087
v 2.306833 -1.058614 -1.183020
v 2.380135 -1.046016 -0.405087
v 2.380135 -1.046016 -1.183020
v 2.448223 -1.025823 -0.405087
v 2.448223 -1.025823 -1.183020
v 2.510725 -0.998690 -0.405087
v 2.510725 -0.998690 -1.183020
v 2.567269 -0.965274 -0.405087
v 2.567269 -0.965274 -1.183020
v 2.617481 -0.926234 -0.405087
v 2.617481 -0.926234 -1.183020
v 2.660991 -0.882224 -0.405087
v 2.660991 -0.882224 -1.183020
v 2.697424 -0.833902 -0.405087
v 2.697424 -0.833902 -1.183020
v 2.726410 -0.781926 -0.405087
v 2.726410 -0.781926 -1.183020
v 2.747575 -0.726951 -0.405087
v 2.747575 -0.726951 -1.183020
v 2.760547 -0.669634 -0.405087
v 2.760547 -0.669634 -1.183020
v 2.764954 -0.610632 -0.405087
v 2.764954 -0.610632 -1.183020
v 2.756982 -0.524305 -0.405087
v 2.756982 -0.524305 -1.183020
v 2.734079 -0.447730 -0.405087
v 2.734079 -0.447730 -1.183020
v 2.697769 -0.380035 -0.405087
v 2.697769 -0.380035 -1.183020
v 2.649576 -0.320351 -0.405087
v 2.649576 -0.320351 -1.183020
v 2.591024 -0.267805 -0.405087
v 2.591024 -0.267805 -1.183020
v 2.523636 -0.221528 -0.405087
v 2.523636 -0.221528 -1.183020
v 2.448934 -0.180647 -0.405087
v 2.448934 -0.180647 -1.183020
v 2.368444 -0.144293 -0.405087
v 2.368444 -0.144293 -1.183020
v 2.283687 -0.111594 -0.405087
v 2.283687 -0.111594 -1.183020
v 2.196189 -0.081679 -0.405087
v 2.196189 -0.081679 -1.183020
v 2.107471 -0.053678 -0.405087
v 2.107471 -0.053678 -1.183020
v 2.019059 -0.026718 -0.405087
v 2.019059 -0.026718 -1.183020
v 1.633923 0.088419 -0.405087
v 1.633923 0.088419 -1.183020
v 1.633923 0.187109 -0.405087
v 1.633923 0.187109 -1.183020
v 1.636666 0.241875 -0.405087
v 1.636666 0.241875 -1.183020
v 1.644892 0.291130 -0.405087
v 1.644892 0.291130 -1.183020
v 1.658604 0.335016 -0.405087
v 1.658604 0.335016 -1.183020
v 1.677800 0.373676 -0.405087
v 1.677800 0.373676 -1.183020
v 1.702480 0.407253 -0.405087
v 1.702480 0.407253 -1.183020
v 1.732645 0.435890 -0.405087
v 1.732645 0.435890 -1.183020
v 1.768294 0.459730 -0.405087
v 1.768294 0.459730 -1.183020
v 1.809428 0.478914 -0.405087
v 1.809428 0.478914 -1.183020
v 1.856047 0.493587 -0.405087
v 1.856047 0.493587 -1.183020
v 1.908150 0.503891 -0.405087
v 1.908150 0.503891 -1.183020
v 1.965737 0.509969 -0.405087
v 1.965737 0.509969 -1.183020
v 2.028809 0.511963 -0.405087
v 2.028809 0.511963 -1.183020
v 2.088609 0.509981 -0.405087
v 2.088609 0.509981 -1.183020
v 2.148476 0.503986 -0.405087
v 2.148476 0.503986 -1.183020
v 2.208275 0.493908 -0.405087
v 2.208275 0.493908 -1.183020
v 2.267871 0.479676 -0.405087
v 2.267871 0.479676 -1.183020
v 2.327129 0.461216 -0.405087
v 2.327129 0.461216 -1.183020
v 2.385913 0.438459 -0.405087
v 2.385913 0.438459 -1.183020
v 2.444087 0.411334 -0.405087
v 2.444087 0.411334 -1.183020
v 2.501517 0.379767 -0.405087
v 2.501517 0.379767 -1.183020
v 2.558066 0.343689 -0.405087
v 2.558066 0.343689 -1.183020
v 2.613600 0.303028 -0.405087
v 2.613600 0.303028 -1.183020
v 2.667982 0.257711 -0.405087
v 2.667982 0.257711 -1.183020
v 2.721078 0.207669 -0.405087
v 2.721078 0.207669 -1.183020
v 2.721078 0.606541 -0.405087
v 2.721078 0.606541 -1.183020
v 2.676993 0.646893 -0.405087
v 2.676993 0.646893 -1.183020
v 2.630030 0.683661 -0.405087
v 2.630030 0.683661 -1.183020
v 2.580156 0.716859 -0.405087
v 2.580156 0.716859 -1.183020
v 2.527337 0.746503 -0.405087
v 2.527337 0.746503 -1.183020
v 2.471538 0.772605 -0.405087
v 2.471538 0.772605 -1.183020
v 2.412726 0.795182 -0.405087
v 2.412726 0.795182 -1.183020
v 2.350867 0.814245 -0.405087
v 2.350867 0.814245 -1.183020
v 2.285927 0.829811 -0.405087
v 2.285927 0.829811 -1.183020
v 2.217873 0.841892 -0.405087
v 2.217873 0.841892 -1.183020
v 2.146670 0.850504 -0.405087
v 2.146670 0.850504 -1.183020
v 2.072285 0.855661 -0.405087
v 2.072285 0.855661 -1.183020
v 1.994683 0.857377 -0.405087
v 1.994683 0.857377 -1.183020
v 1.885853 0.853412 -0.405087
v 1.885853 0.853412 -1.183020
v 1.781780 0.841424 -0.405087
v 1.781780 0.841424 -1.183020
v 1.683360 0.821268 -0.405087
v 1.683360 0.821268 -1.183020
v 1.591492 0.792802 -0.405087
v 1.591492 0.792802 -1.183020
v 1.507071 0.755883 -0.405087
v 1.507071 0.755883 -1.183020
v 1.430996 0.710370 -0.405087
v 1.430996 0.710370 -1.183020
v 1.364163 0.656118 -0.405087
v 1.364163 0.656118 -1.183020
v 1.307470 0.592986 -0.405087
v 1.307470 0.592986 -1.183020
v 1.261814 0.520829 -0.405087
v 1.261814 0.520829 -1.183020
v 1.228091 0.439507 -0.405086
v 1.228091 0.439507 -1.183020
v 1.207200 0.348875 -0.405086
v 1.207200 0.348875 -1.183020
v 1.200037 0.248790 -0.405086
v 1.200037 0.248790 -1.183020
v 1.200037 -0.701098 -0.405086
v 1.200037 -0.701098 -1.183020
v 1.199430 -0.717644 -0.405086
v 1.199430 -0.717644 -1.183020
v 1.197622 -0.732376 -0.405086
v 1.197622 -0.732376 -1.183020
v 1.194628 -0.745367 -0.405086
v 1.194628 -0.745367 -1.183020
v 1.190467 -0.756687 -0.405086
v 1.190467 -0.756687 -1.183020
v 1.185155 -0.766408 -0.405086
v 1.185155 -0.766408 -1.183020
v 1.178708 -0.774601 -0.405086
v 1.178708 -0.774601 -1.183020
v 1.171144 -0.781338 -0.405086
v 1.171144 -0.781338 -1.183020
v 1.162480 -0.786690 -0.405086
v 1.162480 -0.786690 -1.183020
v 1.152733 -0.790728 -0.405086
v 1.152733 -0.790728 -1.183020
v 1.141919 -0.793524 -0.405086
v 1.141919 -0.793524 -1.183020
v 1.130055 -0.795149 -0.405086
v 1.130055 -0.795149 -1.183020
v 1.117159 -0.795675 -0.405086
v 1.117159 -0.795675 -1.183020
v 1.105296 -0.794912 -0.405086
v 1.105296 -0.794912 -1.183020
v 1.091723 -0.792648 -0.405086
v 1.091723 -0.792648 -1.183020
v 1.076558 -0.788929 -0.405086
v 1.076558 -0.788929 -1.183020
v 1.059922 -0.783796 -0.405086
v 1.059922 -0.783796 -1.183020
v 1.041930 -0.777293 -0.405086
v 1.041930 -0.777293 -1.183020
v 1.022704 -0.769461 -0.405086
v 1.022704 -0.769461 -1.183020
v 1.002360 -0.760345 -0.405086
v 1.002360 -0.760345 -1.183020
v 0.981017 -0.749986 -0.405086
v 0.981017 -0.749986 -1.183020
v 0.958794 -0.738428 -0.405086
v 0.958794 -0.738428 -1.183020
v 0.935809 -0.725713 -0.405086
v 0.935809 -0.725713 -1.183020
v 0.912181 -0.711884 -0.405086
v 0.912181 -0.711884 -1.183020
v 0.888028 -0.696986 -0.405086
v 0.888028 -0.696986 -1.183020
v 0.888028 -0.919037 -0.405086
v 0.888028 -0.919037 -1.183019
v 1.725377 -0.139864 -0.405087
v 1.725377 -0.139864 -1.183020
v 1.813852 -0.167043 -0.405087
v 1.813852 -0.167043 -1.183020
v 1.898399 -0.194992 -0.405087
v 1.898399 -0.194992 -1.183020
v 1.978072 -0.224098 -0.405087
v 1.978072 -0.224098 -1.183020
v 2.051921 -0.254745 -0.405087
v 2.051921 -0.254745 -1.183020
v 2.118999 -0.287321 -0.405087
v 2.118999 -0.287321 -1.183020
v 2.178358 -0.322209 -0.405087
v 2.178358 -0.322209 -1.183020
v 2.229051 -0.359797 -0.405087
v 2.229051 -0.359797 -1.183020
v 2.270128 -0.400467 -0.405087
v 2.270128 -0.400467 -1.183020
v 2.300643 -0.444608 -0.405087
v 2.300643 -0.444608 -1.183020
v 2.319647 -0.492603 -0.405087
v 2.319647 -0.492603 -1.183020
v 2.326192 -0.544839 -0.405087
v 2.326192 -0.544839 -1.183020
v 2.323498 -0.581897 -0.405087
v 2.323498 -0.581897 -1.183020
v 2.315607 -0.616857 -0.405087
v 2.315607 -0.616857 -1.183020
v 2.302807 -0.649503 -0.405087
v 2.302807 -0.649503 -1.183020
v 2.285386 -0.679623 -0.405087
v 2.285386 -0.679623 -1.183020
v 2.263631 -0.707001 -0.405087
v 2.263631 -0.707001 -1.183020
v 2.237831 -0.731423 -0.405087
v 2.237831 -0.731423 -1.183020
v 2.208272 -0.752676 -0.405087
v 2.208272 -0.752676 -1.183020
v 2.175244 -0.770545 -0.405087
v 2.175244 -0.770545 -1.183020
v 2.139033 -0.784817 -0.405087
v 2.139033 -0.784817 -1.183020
v 2.099927 -0.795276 -0.405087
v 2.099927 -0.795276 -1.183020
v 2.058215 -0.801708 -0.405087
v 2.058215 -0.801708 -1.183020
v 2.014184 -0.803900 -0.405087
v 2.014184 -0.803900 -1.183020
v 1.980261 -0.802712 -0.405087
v 1.980261 -0.802712 -1.183020
v 1.946745 -0.799197 -0.405087
v 1.946745 -0.799197 -1.183020
v 1.913634 -0.793427 -0.405087
v 1.913634 -0.793427 -1.183020
v 1.880930 -0.785471 -0.405087
v 1.880930 -0.785471 -1.183020
v 1.848633 -0.775403 -0.405086
v 1.848633 -0.775403 -1.183020
v 1.816741 -0.763293 -0.405086
v 1.816741 -0.763293 -1.183020
v 1.785256 -0.749212 -0.405086
v 1.785256 -0.749212 -1.183020
v 1.754177 -0.733233 -0.405086
v 1.754177 -0.733233 -1.183020
v 1.723504 -0.715426 -0.405086
v 1.723504 -0.715426 -1.183020
v 1.693238 -0.695863 -0.405086
v 1.693238 -0.695863 -1.183020
v 1.663377 -0.674614 -0.405086
v 1.663377 -0.674614 -1.183020
v 1.633923 -0.651753 -0.405086
v 1.633923 -0.651753 -1.183020
v 1.633923 -0.113072 -0.405087
v 1.633923 -0.113072 -1.183020
v -0.886520 -0.791563 -0.405086
v -0.886520 -0.791563 -1.183019
v -0.839967 -0.831456 -0.405086
v -0.839967 -0.831456 -1.183019
v -0.790755 -0.868779 -0.405086
v -0.790756 -0.868779 -1.183019
v -0.739276 -0.903360 -0.405086
v -0.739276 -0.903360 -1.183019
v -0.685917 -0.935029 -0.405086
v -0.685918 -0.935029 -1.183019
v -0.631069 -0.963614 -0.405086
v -0.631069 -0.963614 -1.183019
v -0.575121 -0.988943 -0.405086
v -0.575121 -0.988943 -1.183019
v -0.518462 -1.010846 -0.405086
v -0.518462 -1.010846 -1.183019
v -0.461481 -1.029150 -0.405086
v -0.461481 -1.029150 -1.183019
v -0.404568 -1.043685 -0.405086
v -0.404568 -1.043685 -1.183019
v -0.348111 -1.054279 -0.405086
v -0.348111 -1.054279 -1.183019
v -0.292502 -1.060761 -0.405086
v -0.292502 -1.060761 -1.183019
v -0.238127 -1.062960 -0.405086
v -0.238128 -1.062960 -1.183019
v -0.130065 -1.057429 -0.405086
v -0.130065 -1.057429 -1.183019
v -0.028113 -1.040991 -0.405086
v -0.028113 -1.040991 -1.183019
v 0.067101 -1.013872 -0.405086
v 0.067101 -1.013872 -1.183019
v 0.154953 -0.976302 -0.405086
v 0.154953 -0.976302 -1.183019
v 0.234814 -0.928509 -0.405086
v 0.234814 -0.928509 -1.183019
v 0.306059 -0.870721 -0.405086
v 0.306059 -0.870721 -1.183019
v 0.368062 -0.803167 -0.405086
v 0.368062 -0.803167 -1.183019
v 0.420196 -0.726075 -0.405086
v 0.420196 -0.726075 -1.183019
v 0.461835 -0.639674 -0.405086
v 0.461835 -0.639674 -1.183019
v 0.492353 -0.544192 -0.405086
v 0.492352 -0.544192 -1.183019
v 0.511122 -0.439858 -0.405086
v 0.511122 -0.439858 -1.183019
v 0.517518 -0.326900 -0.405086
v 0.517518 -0.326900 -1.183019
v 0.517518 0.820368 -0.405086
v 0.517518 0.820368 -1.183020
v 0.083631 0.820368 -0.405086
v 0.083631 0.820368 -1.183020
v 0.083631 -0.351572 -0.405086
v 0.083631 -0.351572 -1.183019
v 0.080486 -0.414002 -0.405086
v 0.080486 -0.414002 -1.183019
v 0.071060 -0.471678 -0.405086
v 0.071060 -0.471678 -1.183019
v 0.055371 -0.524472 -0.405086
v 0.055371 -0.524472 -1.183019
v 0.033435 -0.572253 -0.405086
v 0.033435 -0.572253 -1.183019
v 0.005271 -0.614894 -0.405086
v 0.005271 -0.614894 -1.183019
v -0.029106 -0.652267 -0.405086
v -0.029106 -0.652267 -1.183019
v -0.069679 -0.684242 -0.405086
v -0.069679 -0.684242 -1.183019
v -0.116430 -0.710692 -0.405086
v -0.116430 -0.710692 -1.183019
v -0.169342 -0.731489 -0.405086
v -0.169342 -0.731489 -1.183019
v -0.228400 -0.746502 -0.405086
v -0.228400 -0.746502 -1.183019
v -0.293585 -0.755604 -0.405086
v -0.293585 -0.755604 -1.183019
v -0.364881 -0.758667 -0.405086
v -0.364881 -0.758667 -1.183019
v -0.413409 -0.756789 -0.405086
v -0.413409 -0.756789 -1.183019
v -0.461413 -0.751185 -0.405086
v -0.461413 -0.751185 -1.183019
v -0.508774 -0.741898 -0.405086
v -0.508774 -0.741898 -1.183019
v -0.555372 -0.728969 -0.405086
v -0.555372 -0.728969 -1.183019
v -0.601091 -0.712441 -0.405086
v -0.601091 -0.712441 -1.183019
v -0.645810 -0.692359 -0.405086
v -0.645811 -0.692359 -1.183019
v -0.689413 -0.668765 -0.405086
v -0.689413 -0.668765 -1.183019
v -0.731780 -0.641701 -0.405086
v -0.731780 -0.641701 -1.183019
v -0.772792 -0.611210 -0.405086
v -0.772793 -0.611210 -1.183019
v -0.812332 -0.577336 -0.405086
v -0.812333 -0.577336 -1.183019
v -0.850281 -0.540120 -0.405086
v -0.850281 -0.540120 -1.183019
v -0.886520 -0.499607 -0.405086
v -0.886520 -0.499607 -1.183019
v -0.886520 0.820368 -0.405086
v -0.886520 0.820368 -1.183019
v -1.320407 0.820368 -0.405086
v -1.320407 0.820368 -1.183019
v -1.320407 -1.025951 -0.405086
v -1.320407 -1.025951 -1.183019
v -0.886520 -1.025951 -0.405086
v -0.886520 -1.025951 -1.183019
v -3.146480 0.375676 -0.405086
v -3.146480 0.375676 -1.183019
v -3.086673 0.404801 -0.405086
v -3.086673 0.404801 -1.183019
v -3.027847 0.430813 -0.405086
v -3.027847 0.430813 -1.183019
v -2.970188 0.453784 -0.405086
v -2.970188 0.453784 -1.183019
v -2.913885 0.473785 -0.405086
v -2.913885 0.473785 -1.183019
v -2.859121 0.490888 -0.405086
v -2.859121 0.490888 -1.183019
v -2.806084 0.505163 -0.405086
v -2.806084 0.505163 -1.183019
v -2.754960 0.516684 -0.405086
v -2.754960 0.516684 -1.183019
v -2.705935 0.525519 -0.405086
v -2.705935 0.525519 -1.183019
v -2.659195 0.531743 -0.405086
v -2.659195 0.531743 -1.183019
v -2.614927 0.535424 -0.405086
v -2.614927 0.535424 -1.183019
v -2.573316 0.536635 -0.405086
v -2.573316 0.536635 -1.183019
v -2.530788 0.535202 -0.405086
v -2.530788 0.535202 -1.183019
v -2.491071 0.531000 -0.405086
v -2.491071 0.531000 -1.183019
v -2.454332 0.524170 -0.405086
v -2.454332 0.524170 -1.183019
v -2.420742 0.514856 -0.405086
v -2.420742 0.514856 -1.183019
v -2.390470 0.503201 -0.405086
v -2.390470 0.503201 -1.183019
v -2.363685 0.489346 -0.405086
v -2.363685 0.489346 -1.183019
v -2.340557 0.473436 -0.405086
v -2.340557 0.473436 -1.183019
v -2.321254 0.455612 -0.405086
v -2.321254 0.455612 -1.183019
v -2.305946 0.436018 -0.405086
v -2.305946 0.436018 -1.183019
v -2.294802 0.414796 -0.405086
v -2.294802 0.414796 -1.183019
v -2.287991 0.392089 -0.405086
v -2.287991 0.392089 -1.183019
v -2.285683 0.368040 -0.405086
v -2.285683 0.368040 -1.183019
v -2.288784 0.347094 -0.405086
v -2.288784 0.347094 -1.183019
v -2.298300 0.325206 -0.405086
v -2.298300 0.325206 -1.183019
v -2.314553 0.302118 -0.405086
v -2.314553 0.302118 -1.183019
v -2.337865 0.277575 -0.405086
v -2.337865 0.277575 -1.183019
v -2.368558 0.251318 -0.405086
v -2.368558 0.251318 -1.183019
v -2.406952 0.223090 -0.405086
v -2.406952 0.223090 -1.183019
v -2.453370 0.192635 -0.405086
v -2.453370 0.192635 -1.183019
v -2.508134 0.159696 -0.405086
v -2.508134 0.159696 -1.183019
v -2.571564 0.124015 -0.405086
v -2.571564 0.124015 -1.183019
v -2.643983 0.085336 -0.405086
v -2.643983 0.085336 -1.183019
v -2.725712 0.043401 -0.405086
v -2.725712 0.043401 -1.183019
v -2.817073 -0.002046 -0.405086
v -2.817073 -0.002046 -1.183019
v -2.902546 -0.050955 -0.405086
v -2.902546 -0.050955 -1.183019
v -2.978810 -0.097251 -0.405086
v -2.978810 -0.097251 -1.183019
v -3.046205 -0.141406 -0.405086
v -3.046205 -0.141406 -1.183019
v -3.105067 -0.183891 -0.405086
v -3.105067 -0.183891 -1.183019
v -3.155737 -0.225175 -0.405086
v -3.155737 -0.225175 -1.183019
v -3.198552 -0.265732 -0.405086
v -3.198552 -0.265732 -1.183019
v -3.233852 -0.306032 -0.405086
v -3.233852 -0.306032 -1.183019
v -3.261974 -0.346546 -0.405086
v -3.261974 -0.346546 -1.183019
v -3.283258 -0.387745 -0.405086
v -3.283258 -0.387745 -1.183019
v -3.298041 -0.430101 -0.405086
v -3.298041 -0.430101 -1.183019
v -3.306663 -0.474084 -0.405086
v -3.306663 -0.474084 -1.183019
v -3.309462 -0.520167 -0.405086
v -3.309462 -0.520167 -1.183019
v -3.303179 -0.599088 -0.405086
v -3.303179 -0.599088 -1.183019
v -3.284793 -0.673170 -0.405086
v -3.284793 -0.673170 -1.183019
v -3.254997 -0.742026 -0.405086
v -3.254997 -0.742026 -1.183019
v -3.214487 -0.805271 -0.405086
v -3.214487 -0.805271 -1.183019
v -3.163955 -0.862518 -0.405086
v -3.163955 -0.862518 -1.183019
v -3.104097 -0.913383 -0.405086
v -3.104097 -0.913383 -1.183019
v -3.035605 -0.957481 -0.405086
v -3.035605 -0.957481 -1.183019
v -2.959174 -0.994425 -0.405086
v -2.959174 -0.994425 -1.183019
v -2.875499 -1.023831 -0.405086
v -2.875499 -1.023831 -1.183019
v -2.785272 -1.045312 -0.405086
v -2.785272 -1.045312 -1.183019
v -2.689188 -1.058484 -0.405086
v -2.689188 -1.058484 -1.183019
v -2.587942 -1.062960 -0.405086
v -2.587942 -1.062960 -1.183019
v -2.522052 -1.061999 -0.405086
v -2.522052 -1.061999 -1.183019
v -2.458142 -1.059039 -0.405086
v -2.458142 -1.059039 -1.183019
v -2.395755 -1.053965 -0.405086
v -2.395755 -1.053965 -1.183019
v -2.334435 -1.046664 -0.405086
v -2.334435 -1.046664 -1.183019
v -2.273724 -1.037022 -0.405086
v -2.273724 -1.037022 -1.183019
v -2.213166 -1.024923 -0.405086
v -2.213166 -1.024923 -1.183019
v -2.152303 -1.010255 -0.405086
v -2.152303 -1.010255 -1.183019
v -2.090678 -0.992903 -0.405086
v -2.090678 -0.992903 -1.183019
v -2.027835 -0.972752 -0.405086
v -2.027835 -0.972752 -1.183019
v -1.963315 -0.949688 -0.405086
v -1.963315 -0.949688 -1.183019
v -1.896663 -0.923597 -0.405086
v -1.896663 -0.923597 -1.183019
v -1.827421 -0.894365 -0.405086
v -1.827421 -0.894365 -1.183019
v -1.827421 -0.499607 -0.405086
v -1.827421 -0.499607 -1.183019
v -1.897569 -0.538933 -0.405086
v -1.897569 -0.538933 -1.183019
v -1.966498 -0.574690 -0.405086
v -1.966498 -0.574690 -1.183019
v -2.034005 -0.606906 -0.405086
v -2.034005 -0.606906 -1.183019
v -2.099887 -0.635610 -0.405086
v -2.099887 -0.635610 -1.183019
v -2.163940 -0.660829 -0.405086
v -2.163940 -0.660829 -1.183019
v -2.225963 -0.682593 -0.405086
v -2.225963 -0.682593 -1.183019
v -2.285751 -0.700931 -0.405086
v -2.285751 -0.700931 -1.183019
v -2.343102 -0.715871 -0.405086
v -2.343102 -0.715871 -1.183019
v -2.397812 -0.727441 -0.405086
v -2.397812 -0.727441 -1.183019
v -2.449677 -0.735670 -0.405086
v -2.449677 -0.735670 -1.183019
v -2.498497 -0.740586 -0.405086
v -2.498497 -0.740586 -1.183019
v -2.544065 -0.742218 -0.405086
v -2.544065 -0.742218 -1.183019
v -2.587264 -0.738877 -0.405086
v -2.587264 -0.738877 -1.183019
v -2.628838 -0.732966 -0.405086
v -2.628838 -0.732966 -1.183019
v -2.668381 -0.724485 -0.405086
v -2.668381 -0.724485 -1.183019
v -2.705486 -0.713434 -0.405086
v -2.705486 -0.713434 -1.183019
v -2.739748 -0.699812 -0.405086
v -2.739748 -0.699812 -1.183019
v -2.770759 -0.683621 -0.405086
v -2.770759 -0.683621 -1.183019
v -2.798114 -0.664860 -0.405086
v -2.798114 -0.664860 -1.183019
v -2.821406 -0.643528 -0.405086
v -2.821406 -0.643528 -1.183019
v -2.840230 -0.619627 -0.405086
v -2.840230 -0.619627 -1.183019
v -2.854178 -0.593155 -0.405086
v -2.854178 -0.593155 -1.183019
v -2.862845 -0.564115 -0.405086
v -2.862845 -0.564115 -1.183019
v -2.865824 -0.532503 -0.405086
v -2.865824 -0.532503 -1.183019
v -2.845680 -0.470972 -0.405086
v -2.845680 -0.470972 -1.183019
v -2.789989 -0.412739 -0.405086
v -2.789989 -0.412739 -1.183019
v -2.705859 -0.356133 -0.405086
v -2.705859 -0.356133 -1.183019
v -2.600400 -0.299486 -0.405086
v -2.600400 -0.299486 -1.183019
v -2.480723 -0.241124 -0.405086
v -2.480723 -0.241124 -1.183019
v -2.353935 -0.179379 -0.405086
v -2.353935 -0.179379 -1.183019
v -2.227148 -0.112579 -0.405086
v -2.227148 -0.112579 -1.183019
v -2.107470 -0.039055 -0.405086
v -2.107470 -0.039055 -1.183019
v -2.002012 0.042866 -0.405086
v -2.002012 0.042866 -1.183019
v -1.917882 0.134851 -0.405086
v -1.917882 0.134851 -1.183019
v -1.862190 0.238574 -0.405086
v -1.862190 0.238574 -1.183019
v -1.842046 0.355704 -0.405086
v -1.842046 0.355704 -1.183019
v -1.847864 0.431224 -0.405086
v -1.847864 0.431224 -1.183019
v -1.865023 0.501377 -0.405086
v -1.865023 0.501377 -1.183019
v -1.893083 0.565933 -0.405086
v -1.893083 0.565933 -1.183019
v -1.931604 0.624663 -0.405086
v -1.931604 0.624663 -1.183019
v -1.980147 0.677340 -0.405086
v -1.980147 0.677340 -1.183019
v -2.038270 0.723734 -0.405086
v -2.038270 0.723734 -1.183019
v -2.105535 0.763618 -0.405086
v -2.105535 0.763618 -1.183019
v -2.181500 0.796762 -0.405086
v -2.181500 0.796762 -1.183019
v -2.265726 0.822938 -0.405086
v -2.265726 0.822938 -1.183019
v -2.357772 0.841918 -0.405086
v -2.357772 0.841918 -1.183019
v -2.457199 0.853474 -0.405086
v -2.457199 0.853474 -1.183019
v -2.563566 0.857377 -0.405086
v -2.563566 0.857377 -1.183019
v -2.614865 0.856347 -0.405086
v -2.614865 0.856347 -1.183019
v -2.666418 0.853246 -0.405086
v -2.666418 0.853246 -1.183019
v -2.718276 0.848061 -0.405086
v -2.718276 0.848061 -1.183019
v -2.770489 0.840777 -0.405086
v -2.770489 0.840777 -1.183019
v -2.823108 0.831379 -0.405086
v -2.823108 0.831379 -1.183019
v -2.876184 0.819854 -0.405086
v -2.876184 0.819854 -1.183019
v -2.929768 0.806188 -0.405086
v -2.929768 0.806188 -1.183019
v -2.983911 0.790365 -0.405086
v -2.983911 0.790365 -1.183019
v -3.038663 0.772372 -0.405086
v -3.038663 0.772372 -1.183019
v -3.094075 0.752195 -0.405086
v -3.094075 0.752195 -1.183019
v -3.150199 0.729819 -0.405086
v -3.150199 0.729819 -1.183019
v -3.207083 0.705230 -0.405086
v -3.207083 0.705230 -1.183019
v -3.207083 0.343368 -0.405086
v -3.207083 0.343368 -1.183019
v -5.574379 -0.880405 -0.405086
v -5.574379 -0.880405 -1.183019
v -5.509457 -0.912564 -0.405086
v -5.509457 -0.912564 -1.183019
v -5.444466 -0.941525 -0.405086
v -5.444466 -0.941525 -1.183019
v -5.378867 -0.967316 -0.405086
v -5.378867 -0.967316 -1.183019
v -5.312116 -0.989965 -0.405086
v -5.312116 -0.989965 -1.183019
v -5.243671 -1.009503 -0.405086
v -5.243671 -1.009503 -1.183019
v -5.172993 -1.025956 -0.405086
v -5.172993 -1.025956 -1.183019
v -5.099539 -1.039354 -0.405086
v -5.099539 -1.039354 -1.183019
v -5.022767 -1.049724 -0.405086
v -5.022767 -1.049724 -1.183019
v -4.942135 -1.057096 -0.405086
v -4.942135 -1.057096 -1.183019
v -4.857102 -1.061499 -0.405086
v -4.857102 -1.061499 -1.183019
v -4.767126 -1.062960 -0.405086
v -4.767126 -1.062960 -1.183019
v -4.602839 -1.053361 -0.405086
v -4.602839 -1.053361 -1.183019
v -4.451416 -1.025571 -0.405086
v -4.451416 -1.025571 -1.183019
v -4.313129 -0.981105 -0.405086
v -4.313129 -0.981105 -1.183019
v -4.188249 -0.921475 -0.405086
v -4.188249 -0.921475 -1.183019
v -4.077046 -0.848195 -0.405086
v -4.077046 -0.848195 -1.183019
v -3.979792 -0.762779 -0.405086
v -3.979792 -0.762779 -1.183019
v -3.896757 -0.666740 -0.405086
v -3.896757 -0.666740 -1.183019
v -3.828212 -0.561592 -0.405086
v -3.828212 -0.561592 -1.183019
v -3.774427 -0.448848 -0.405086
v -3.774427 -0.448848 -1.183019
v -3.735675 -0.330022 -0.405086
v -3.735675 -0.330022 -1.183019
v -3.712224 -0.206626 -0.405086
v -3.712224 -0.206626 -1.183019
v -3.704347 -0.080175 -0.405086
v -3.704347 -0.080175 -1.183019
v -3.712946 0.055751 -0.405086
v -3.712946 0.055751 -1.183019
v -3.738202 0.183454 -0.405086
v -3.738202 0.183454 -1.183019
v -3.779302 0.302248 -0.405086
v -3.779302 0.302248 -1.183019
v -3.835434 0.411446 -0.405086
v -3.835434 0.411446 -1.183019
v -3.905785 0.510364 -0.405086
v -3.905785 0.510364 -1.183019
v -3.989542 0.598317 -0.405086
v -3.989542 0.598317 -1.183019
v -4.085894 0.674618 -0.405086
v -4.085894 0.674618 -1.183019
v -4.194027 0.738584 -0.405086
v -4.194027 0.738584 -1.183019
v -4.313129 0.789527 -0.405086
v -4.313129 0.789527 -1.183019
v -4.442388 0.826765 -0.405086
v -4.442388 0.826765 -1.183019
v -4.580991 0.849609 -0.405086
v -4.580991 0.849609 -1.183019
v -4.728125 0.857377 -0.405086
v -4.728125 0.857377 -1.183019
v -4.868701 0.850428 -0.405086
v -4.868701 0.850428 -1.183019
v -4.999982 0.829545 -0.405086
v -4.999982 0.829545 -1.183019
v -5.121412 0.794668 -0.405086
v -5.121412 0.794668 -1.183019
v -5.232431 0.745742 -0.405086
v -5.232431 0.745742 -1.183019
v -5.332482 0.682709 -0.405086
v -5.332482 0.682709 -1.183019
v -5.421004 0.605512 -0.405086
v -5.421004 0.605512 -1.183019
v -5.497440 0.514095 -0.405086
v -5.497440 0.514095 -1.183019
v -5.561231 0.408400 -0.405086
v -5.561231 0.408400 -1.183019
v -5.611819 0.288369 -0.405086
v -5.611819 0.288369 -1.183019
v -5.648645 0.153946 -0.405086
v -5.648645 0.153946 -1.183019
v -5.671150 0.005074 -0.405086
v -5.671150 0.005074 -1.183019
v -5.678776 -0.158305 -0.405086
v -5.678776 -0.158305 -1.183019
v -4.138234 -0.158305 -0.405086
v -4.138234 -0.158305 -1.183019
v -4.159049 -0.246108 -0.405086
v -4.159049 -0.246108 -1.183019
v -4.187346 -0.326500 -0.405086
v -4.187346 -0.326500 -1.183019
v -4.223092 -0.399439 -0.405086
v -4.223092 -0.399439 -1.183019
v -4.266252 -0.464882 -0.405086
v -4.266252 -0.464882 -1.183019
v -4.316792 -0.522787 -0.405086
v -4.316792 -0.522787 -1.183019
v -4.374678 -0.573110 -0.405086
v -4.374678 -0.573110 -1.183019
v -4.439878 -0.615808 -0.405086
v -4.439878 -0.615808 -1.183019
v -4.512355 -0.650839 -0.405086
v -4.512355 -0.650839 -1.183019
v -4.592079 -0.678160 -0.405086
v -4.592079 -0.678160 -1.183019
v -4.679013 -0.697728 -0.405086
v -4.679013 -0.697728 -1.183019
v -4.773124 -0.709500 -0.405086
v -4.773124 -0.709500 -1.183019
v -4.874379 -0.713434 -0.405086
v -4.874379 -0.713434 -1.183019
v -4.939901 -0.711735 -0.405086
v -4.939901 -0.711735 -1.183019
v -5.004880 -0.706695 -0.405086
v -5.004880 -0.706695 -1.183019
v -5.069385 -0.698399 -0.405086
v -5.069385 -0.698399 -1.183019
v -5.133484 -0.686934 -0.405086
v -5.133484 -0.686934 -1.183019
v -5.197244 -0.672384 -0.405086
v -5.197244 -0.672384 -1.183019
v -5.260734 -0.654837 -0.405086
v -5.260734 -0.654837 -1.183019
v -5.324020 -0.634376 -0.405086
v -5.324020 -0.634376 -1.183019
v -5.387171 -0.611089 -0.405086
v -5.387171 -0.611089 -1.183019
v -5.450254 -0.585060 -0.405086
v -5.450254 -0.585060 -1.183019
v -5.513338 -0.556376 -0.405086
v -5.513338 -0.556376 -1.183019
v -5.576488 -0.525121 -0.405086
v -5.576488 -0.525121 -1.183019
v -5.639775 -0.491382 -0.405086
v -5.639775 -0.491382 -1.183019
v -5.639775 -0.845020 -0.405086
v -5.639775 -0.845020 -1.183019
v -5.242486 0.152028 -0.405086
v -5.242486 0.152028 -1.183019
v -5.228097 0.215208 -0.405086
v -5.228097 0.215208 -1.183019
v -5.206802 0.273591 -0.405086
v -5.206802 0.273591 -1.183019
v -5.178804 0.326920 -0.405086
v -5.178804 0.326920 -1.183019
v -5.144306 0.374937 -0.405086
v -5.144306 0.374937 -1.183019
v -5.103510 0.417385 -0.405086
v -5.103510 0.417385 -1.183019
v -5.056621 0.454009 -0.405086
v -5.056621 0.454009 -1.183019
v -5.003841 0.484549 -0.405086
v -5.003841 0.484549 -1.183019
v -4.945373 0.508750 -0.405086
v -4.945373 0.508750 -1.183019
v -4.881421 0.526355 -0.405086
v -4.881421 0.526355 -1.183019
v -4.812187 0.537107 -0.405086
v -4.812187 0.537107 -1.183019
v -4.737875 0.540747 -0.405086
v -4.737875 0.540747 -1.183019
v -4.657746 0.537343 -0.405086
v -4.657746 0.537343 -1.183019
v -4.583136 0.527212 -0.405086
v -4.583136 0.527212 -1.183019
v -4.514077 0.510486 -0.405086
v -4.514077 0.510486 -1.183019
v -4.450604 0.487291 -0.405086
v -4.450604 0.487291 -1.183019
v -4.392751 0.457757 -0.405086
v -4.392751 0.457757 -1.183019
v -4.340552 0.422012 -0.405086
v -4.340552 0.422012 -1.183019
v -4.294041 0.380184 -0.405086
v -4.294041 0.380184 -1.183019
v -4.253251 0.332403 -0.405086
v -4.253251 0.332403 -1.183019
v -4.218216 0.278796 -0.405086
v -4.218216 0.278796 -1.183019
v -4.188972 0.219492 -0.405086
v -4.188972 0.219492 -1.183019
v -4.165549 0.154620 -0.405086
v -4.165549 0.154620 -1.183019
v -4.147984 0.084307 -0.405086
v -4.147984 0.084307 -1.183019
v -5.249764 0.084307 -0.405086
v -5.249764 0.084307 -1.183019
vn -0.0000 -0.0000 -1.0000
vn -0.0000 -0.0000 1.0000
vn -0.0890 0.9960 -0.0000
vn -0.1869 0.9824 -0.0000
vn -0.2940 0.9558 -0.0000
vn -0.4086 0.9127 -0.0000
vn -0.5268 0.8500 -0.0000
vn -0.6431 0.7658 -0.0000
vn -0.7507 0.6606 -0.0000
vn -0.8428 0.5382 -0.0000
vn -0.9146 0.4043 -0.0000
vn -0.9639 0.2663 -0.0000
vn -0.9915 0.1304 -0.0000
vn -1.0000 -0.0023 -0.0000
vn -0.9902 -0.1399 -0.0000
vn -0.9584 -0.2855 -0.0000
vn -0.9020 -0.4317 -0.0000
vn -0.8217 -0.5699 -0.0000
vn -0.7217 -0.6922 -0.0000
vn -0.6092 -0.7930 -0.0000
vn -0.4921 -0.8705 -0.0000
vn -0.3772 -0.9262 -0.0000
vn -0.2689 -0.9632 -0.0000
vn -0.1697 -0.9855 -0.0000
vn -0.0804 -0.9968 -0.0000
vn -0.0192 -0.9998 -0.0000
vn -0.6447 -0.7644 -0.0000
vn 0.6447 -0.7644 -0.0000
vn 0.6447 0.7644 -0.0000
vn -0.0213 0.9998 -0.0000
vn 0.0192 0.9998 -0.0000
vn 0.0799 0.9968 -0.0000
vn 0.1671 0.9859 -0.0000
vn 0.2630 0.9648 -0.0000
vn 0.3674 0.9301 -0.0000
vn 0.4789 0.8779 -0.0000
vn 0.5941 0.8044 -0.0000
vn 0.7072 0.7070 -0.0000
vn 0.8102 0.5861 -0.0000
vn 0.8949 0.4462 -0.0000
vn 0.9553 0.2956 -0.0000
vn 0.9895 0.1445 -0.0000
vn 1.0000 0.0074 -0.0000
vn 0.9936 -0.1132 -0.0000
vn 0.9723 -0.2336 -0.0000
vn 0.9325 -0.3612 -0.0000
vn 0.8708 -0.4917 -0.0000
vn 0.7860 -0.6182 -0.0000
vn 0.6807 -0.7325 -0.0000
vn 0.5611 -0.8278 -0.0000
vn 0.4355 -0.9002 -0.0000
vn 0.3121 -0.9501 -0.0000
vn 0.1967 -0.9805 -0.0000
vn 0.0927 -0.9957 -0.0000
vn 0.0219 -0.9998 -0.0000
vn -0.6447 0.7644 -0.0000
vn -0.4755 -0.8797 -0.0000
vn -0.4610 -0.8874 -0.0000
vn -0.4404 -0.8978 -0.0000
vn -0.4124 -0.9110 -0.0000
vn -0.3761 -0.9266 -0.0000
vn -0.3311 -0.9436 -0.0000
vn -0.2781 -0.9605 -0.0000
vn -0.2194 -0.9756 -0.0000
vn -0.1585 -0.9874 -0.0000
vn -0.0995 -0.9950 -0.0000
vn -0.0462 -0.9989 -0.0000
vn 0.0025 -1.0000 -0.0000
vn 0.0565 -0.9984 -0.0000
vn 0.1222 -0.9925 -0.0000
vn 0.1993 -0.9799 -0.0000
vn 0.2882 -0.9576 -0.0000
vn 0.3879 -0.9217 -0.0000
vn 0.4950 -0.8689 -0.0000
vn 0.6039 -0.7971 -0.0000
vn 0.7070 -0.7072 -0.0000
vn 0.7970 -0.6039 -0.0000
vn 0.8692 -0.4945 -0.0000
vn 0.9222 -0.3866 -0.0000
vn 0.2662 -0.9639 -0.0000
vn -0.5193 -0.8546 -0.0000
vn -0.4798 -0.8774 -0.0000
vn -0.4383 -0.8988 -0.0000
vn -0.3948 -0.9188 -0.0000
vn -0.3495 -0.9369 -0.0000
vn -0.3026 -0.9531 -0.0000
vn -0.2542 -0.9672 -0.0000
vn -0.2046 -0.9788 -0.0000
vn -0.1541 -0.9880 -0.0000
vn -0.1030 -0.9947 -0.0000
vn -0.0515 -0.9987 -0.0000
vn 0.0149 -0.9999 -0.0000
vn 0.1125 -0.9937 -0.0000
vn 0.2270 -0.9739 -0.0000
vn 0.3415 -0.9399 -0.0000
vn 0.4538 -0.8911 -0.0000
vn 0.5619 -0.8272 -0.0000
vn 0.6633 -0.7483 -0.0000
vn 0.7560 -0.6546 -0.0000
vn 0.8375 -0.5464 -0.0000
vn 0.9053 -0.4248 -0.0000
vn 0.9567 -0.2912 -0.0000
vn 0.9890 -0.1482 -0.0000
vn 1.0000 0.0088 -0.0000
vn 0.9816 0.1907 -0.0000
vn 0.9239 0.3825 -0.0000
vn 0.8326 0.5539 -0.0000
vn 0.7246 0.6892 -0.0000
vn 0.6177 0.7864 -0.0000
vn 0.5234 0.8521 -0.0000
vn 0.4460 0.8950 -0.0000
vn 0.3858 0.9226 -0.0000
vn 0.3417 0.9398 -0.0000
vn 0.3123 0.9500 -0.0000
vn 0.2963 0.9551 -0.0000
vn 0.2890 0.9573 -0.0000
vn 0.7666 0.6421 -0.0000
vn 0.9997 -0.0250 -0.0000
vn 0.9942 -0.1077 -0.0000
vn 0.9726 -0.2323 -0.0000
vn 0.9277 -0.3732 -0.0000
vn 0.8534 -0.5213 -0.0000
vn 0.7492 -0.6623 -0.0000
vn 0.6235 -0.7818 -0.0000
vn 0.4899 -0.8718 -0.0000
vn 0.3617 -0.9323 -0.0000
vn 0.2472 -0.9690 -0.0000
vn 0.1495 -0.9888 -0.0000
vn 0.0683 -0.9977 -0.0000
vn -0.0008 -1.0000 -0.0000
vn -0.0664 -0.9978 -0.0000
vn -0.1329 -0.9911 -0.0000
vn -0.1993 -0.9799 -0.0000
vn -0.2649 -0.9643 -0.0000
vn -0.3293 -0.9442 -0.0000
vn -0.3919 -0.9200 -0.0000
vn -0.4522 -0.8919 -0.0000
vn -0.5099 -0.8602 -0.0000
vn -0.5645 -0.8255 -0.0000
vn -0.6156 -0.7880 -0.0000
vn -0.6632 -0.7484 -0.0000
vn 0.3068 -0.9518 -0.0000
vn 0.9075 0.4201 -0.0000
vn 0.6461 0.7632 -0.0000
vn 0.5855 0.8107 -0.0000
vn 0.5219 0.8530 -0.0000
vn 0.4567 0.8896 -0.0000
vn 0.3911 0.9203 -0.0000
vn 0.3265 0.9452 -0.0000
vn 0.2638 0.9646 -0.0000
vn 0.2040 0.9790 -0.0000
vn 0.1474 0.9891 -0.0000
vn 0.0946 0.9955 -0.0000
vn 0.0456 0.9990 -0.0000
vn -0.0072 1.0000 -0.0000
vn -0.0754 0.9972 -0.0000
vn -0.1576 0.9875 -0.0000
vn -0.2484 0.9687 -0.0000
vn -0.3485 0.9373 -0.0000
vn -0.4574 0.8893 -0.0000
vn -0.5726 0.8198 -0.0000
vn -0.6885 0.7252 -0.0000
vn -0.7967 0.6044 -0.0000
vn -0.8872 0.4614 -0.0000
vn -0.9522 0.3055 -0.0000
vn -0.9889 0.1487 -0.0000
vn -0.9994 0.0357 -0.0000
vn -0.9998 0.0183 -0.0000
vn -0.9968 0.0793 -0.0000
vn -0.9848 0.1736 -0.0000
vn -0.9583 0.2857 -0.0000
vn -0.9103 0.4140 -0.0000
vn -0.8340 0.5517 -0.0000
vn -0.7274 0.6862 -0.0000
vn -0.5966 0.8026 -0.0000
vn -0.4547 0.8906 -0.0000
vn -0.3168 0.9485 -0.0000
vn -0.1931 0.9812 -0.0000
vn -0.0883 0.9961 -0.0000
vn 0.0117 0.9999 -0.0000
vn 0.1144 0.9934 -0.0000
vn 0.2014 0.9795 -0.0000
vn 0.2665 0.9638 -0.0000
vn 0.3174 0.9483 -0.0000
vn 0.3586 0.9335 -0.0000
vn 0.3931 0.9195 -0.0000
vn 0.4228 0.9062 -0.0000
vn 0.4490 0.8935 -0.0000
vn 0.4727 0.8812 -0.0000
vn 0.4946 0.8691 -0.0000
vn 0.5151 0.8571 -0.0000
vn -0.3936 0.9193 -0.0000
vn -0.8412 -0.5407 -0.0000
vn -0.2874 -0.9578 -0.0000
vn -0.3038 -0.9527 -0.0000
vn -0.3285 -0.9445 -0.0000
vn -0.3633 -0.9317 -0.0000
vn -0.4101 -0.9120 -0.0000
vn -0.4719 -0.8816 -0.0000
vn -0.5515 -0.8341 -0.0000
vn -0.6506 -0.7594 -0.0000
vn -0.7655 -0.6435 -0.0000
vn -0.8811 -0.4729 -0.0000
vn -0.9684 -0.2493 -0.0000
vn -0.9997 -0.0261 -0.0000
vn -0.9891 0.1470 -0.0000
vn -0.9558 0.2939 -0.0000
vn -0.9006 0.4347 -0.0000
vn -0.8261 0.5636 -0.0000
vn -0.7365 0.6765 -0.0000
vn -0.6365 0.7713 -0.0000
vn -0.5303 0.8478 -0.0000
vn -0.4215 0.9068 -0.0000
vn -0.3127 0.9499 -0.0000
vn -0.2055 0.9787 -0.0000
vn -0.1011 0.9949 -0.0000
vn -0.0074 1.0000 -0.0000
vn 0.0697 0.9976 -0.0000
vn 0.1380 0.9904 -0.0000
vn 0.2041 0.9790 -0.0000
vn 0.2670 0.9637 -0.0000
vn 0.3263 0.9452 -0.0000
vn 0.3817 0.9243 -0.0000
vn 0.4328 0.9015 -0.0000
vn 0.4797 0.8774 -0.0000
vn 0.5225 0.8526 -0.0000
vn 0.5614 0.8276 -0.0000
vn 0.5965 0.8026 -0.0000
vn 0.8872 0.4615 -0.0000
vn 0.5145 -0.8575 -0.0000
vn 0.3265 -0.9452 -0.0000
vn -0.6276 -0.7785 -0.0000
vn -0.5811 -0.8138 -0.0000
vn -0.5341 -0.8454 -0.0000
vn -0.4864 -0.8738 -0.0000
vn -0.4374 -0.8993 -0.0000
vn -0.3866 -0.9223 -0.0000
vn -0.3332 -0.9428 -0.0000
vn -0.2767 -0.9610 -0.0000
vn -0.2160 -0.9764 -0.0000
vn -0.1501 -0.9887 -0.0000
vn -0.0781 -0.9969 -0.0000
vn 0.0054 -1.0000 -0.0000
vn 0.1052 -0.9945 -0.0000
vn 0.2166 -0.9763 -0.0000
vn 0.3338 -0.9427 -0.0000
vn 0.5725 -0.8199 -0.0000
vn 0.6845 -0.7290 -0.0000
vn 0.7842 -0.6206 -0.0000
vn 0.8665 -0.4991 -0.0000
vn 0.9288 -0.3707 -0.0000
vn 0.9704 -0.2416 -0.0000
vn 0.9931 -0.1171 -0.0000
vn 0.9996 -0.0283 -0.0000
vn -0.9997 0.0252 -0.0000
vn -0.9944 0.1061 -0.0000
vn -0.9746 0.2238 -0.0000
vn -0.9359 0.3524 -0.0000
vn -0.8738 0.4863 -0.0000
vn -0.7871 0.6168 -0.0000
vn -0.6789 0.7343 -0.0000
vn -0.5565 0.8308 -0.0000
vn -0.4295 0.9031 -0.0000
vn -0.3063 0.9519 -0.0000
vn -0.1924 0.9813 -0.0000
vn -0.0906 0.9959 -0.0000
vn -0.0021 1.0000 -0.0000
vn 0.0773 0.9970 -0.0000
vn 0.1542 0.9880 -0.0000
vn 0.2299 0.9732 -0.0000
vn 0.3037 0.9528 -0.0000
vn 0.3749 0.9271 -0.0000
vn 0.4429 0.8966 -0.0000
vn 0.5073 0.8618 -0.0000
vn 0.5677 0.8233 -0.0000
vn 0.6238 0.7816 -0.0000
vn 0.6756 0.7372 -0.0000
vn 0.7230 0.6908 -0.0000
vn 0.9294 0.3690 -0.0000
vn 0.4542 -0.8909 -0.0000
vn 0.4211 -0.9070 -0.0000
vn 0.3873 -0.9220 -0.0000
vn 0.3524 -0.9358 -0.0000
vn 0.3164 -0.9486 -0.0000
vn 0.2790 -0.9603 -0.0000
vn 0.2399 -0.9708 -0.0000
vn 0.1986 -0.9801 -0.0000
vn 0.1547 -0.9880 -0.0000
vn 0.1074 -0.9942 -0.0000
vn 0.0560 -0.9984 -0.0000
vn -0.0023 -1.0000 -0.0000
vn -0.0695 -0.9976 -0.0000
vn -0.1440 -0.9896 -0.0000
vn -0.2250 -0.9743 -0.0000
vn -0.3134 -0.9496 -0.0000
vn -0.4096 -0.9123 -0.0000
vn -0.5136 -0.8581 -0.0000
vn -0.6235 -0.7818 -0.0000
vn -0.7349 -0.6782 -0.0000
vn -0.8394 -0.5434 -0.0000
vn -0.9255 -0.3787 -0.0000
vn -0.9812 -0.1928 -0.0000
vn -0.9997 0.0257 -0.0000
vn -0.9611 0.2762 -0.0000
vn -0.8712 0.4909 -0.0000
vn -0.7729 0.6345 -0.0000
vn -0.6882 0.7256 -0.0000
vn -0.6214 0.7835 -0.0000
vn -0.5706 0.8213 -0.0000
vn -0.5320 0.8467 -0.0000
vn -0.5029 0.8644 -0.0000
vn -0.4807 0.8769 -0.0000
vn -0.4638 0.8859 -0.0000
vn -0.4509 0.8925 -0.0000
vn -0.4711 0.8821 -0.0000
vn -0.5078 0.8615 -0.0000
vn -0.5335 0.8458 -0.0000
vn -0.5667 0.8239 -0.0000
vn -0.6086 0.7935 -0.0000
vn -0.6600 0.7513 -0.0000
vn -0.7205 0.6935 -0.0000
vn -0.7878 0.6159 -0.0000
vn -0.8565 0.5162 -0.0000
vn -0.9184 0.3957 -0.0000
vn -0.9651 0.2620 -0.0000
vn -0.9919 0.1269 -0.0000
vn -1.0000 -0.0094 -0.0000
vn -0.9870 -0.1610 -0.0000
vn -0.9472 -0.3207 -0.0000
vn -0.8824 -0.4705 -0.0000
vn -0.7977 -0.6031 -0.0000
vn -0.6998 -0.7143 -0.0000
vn -0.5951 -0.8036 -0.0000
vn -0.4887 -0.8725 -0.0000
vn -0.3836 -0.9235 -0.0000
vn -0.2817 -0.9595 -0.0000
vn -0.1838 -0.9830 -0.0000
vn -0.0900 -0.9959 -0.0000
vn -0.0148 -0.9999 -0.0000
vn 0.0304 -0.9995 -0.0000
vn 0.0637 -0.9980 -0.0000
vn 0.0996 -0.9950 -0.0000
vn 0.1375 -0.9905 -0.0000
vn 0.1764 -0.9843 -0.0000
vn 0.2151 -0.9766 -0.0000
vn 0.2527 -0.9675 -0.0000
vn 0.3210 -0.9471 -0.0000
vn 0.3506 -0.9365 -0.0000
vn 0.3767 -0.9263 -0.0000
vn 0.8068 -0.5909 -0.0000
vn 0.4120 0.9112 -0.0000
vn -0.4748 0.8801 -0.0000
vn -0.4456 0.8952 -0.0000
vn -0.4151 0.9098 -0.0000
vn -0.3829 0.9238 -0.0000
vn -0.3488 0.9372 -0.0000
vn -0.3122 0.9500 -0.0000
vn -0.2727 0.9621 -0.0000
vn -0.2295 0.9733 -0.0000
vn -0.1818 0.9833 -0.0000
vn -0.1285 0.9917 -0.0000
vn -0.0680 0.9977 -0.0000
vn 0.0207 0.9998 -0.0000
vn 0.1090 0.9940 -0.0000
vn 0.1753 0.9845 -0.0000
vn 0.2476 0.9689 -0.0000
vn 0.3275 0.9448 -0.0000
vn 0.4163 0.9092 -0.0000
vn 0.5146 0.8574 -0.0000
vn 0.6214 0.7835 -0.0000
vn 0.7322 0.6811 -0.0000
vn 0.8380 0.5457 -0.0000
vn 0.9255 0.3788 -0.0000
vn 0.9815 0.1913 -0.0000
vn 0.9937 -0.1123 -0.0000
vn 0.8543 -0.5197 -0.0000
vn 0.6427 -0.7661 -0.0000
vn 0.5160 -0.8566 -0.0000
vn 0.4558 -0.8901 -0.0000
vn 0.4381 -0.8989 -0.0000
vn 0.4520 -0.8920 -0.0000
vn 0.4949 -0.8689 -0.0000
vn 0.5689 -0.8224 -0.0000
vn 0.6772 -0.7358 -0.0000
vn 0.8144 -0.5803 -0.0000
vn 0.9448 -0.3277 -0.0000
vn 0.9989 -0.0469 -0.0000
vn 0.9874 0.1580 -0.0000
vn 0.9475 0.3199 -0.0000
vn 0.8794 0.4761 -0.0000
vn 0.7878 0.6160 -0.0000
vn 0.6809 0.7324 -0.0000
vn 0.5676 0.8233 -0.0000
vn 0.4553 0.8903 -0.0000
vn 0.3485 0.9373 -0.0000
vn 0.2494 0.9684 -0.0000
vn 0.1587 0.9873 -0.0000
vn 0.0761 0.9971 -0.0000
vn 0.0083 1.0000 -0.0000
vn -0.0401 0.9992 -0.0000
vn -0.0798 0.9968 -0.0000
vn -0.1188 0.9929 -0.0000
vn -0.1570 0.9876 -0.0000
vn -0.1940 0.9810 -0.0000
vn -0.2297 0.9733 -0.0000
vn -0.2638 0.9646 -0.0000
vn -0.2964 0.9551 -0.0000
vn -0.3272 0.9450 -0.0000
vn -0.3563 0.9344 -0.0000
vn -0.3836 0.9235 -0.0000
vn -0.8098 0.5868 -0.0000
vn -0.4214 -0.9069 -0.0000
vn -0.4599 -0.8880 -0.0000
vn -0.4255 -0.9050 -0.0000
vn -0.3865 -0.9223 -0.0000
vn -0.3436 -0.9391 -0.0000
vn -0.2979 -0.9546 -0.0000
vn -0.2506 -0.9681 -0.0000
vn -0.2031 -0.9792 -0.0000
vn -0.1567 -0.9877 -0.0000
vn -0.1125 -0.9937 -0.0000
vn -0.0714 -0.9974 -0.0000
vn -0.0340 -0.9994 -0.0000
vn 0.0210 -0.9998 -0.0000
vn 0.1195 -0.9928 -0.0000
vn 0.2434 -0.9699 -0.0000
vn 0.3688 -0.9295 -0.0000
vn 0.4911 -0.8711 -0.0000
vn 0.6059 -0.7956 -0.0000
vn 0.7093 -0.7049 -0.0000
vn 0.7985 -0.6020 -0.0000
vn 0.8718 -0.4899 -0.0000
vn 0.9284 -0.3715 -0.0000
vn 0.9685 -0.2492 -0.0000
vn 0.9922 -0.1248 -0.0000
vn 1.0000 0.0005 -0.0000
vn 0.9916 0.1290 -0.0000
vn 0.9652 0.2614 -0.0000
vn 0.9193 0.3936 -0.0000
vn 0.8540 0.5203 -0.0000
vn 0.7710 0.6368 -0.0000
vn 0.6735 0.7392 -0.0000
vn 0.5656 0.8246 -0.0000
vn 0.4516 0.8922 -0.0000
vn 0.3352 0.9421 -0.0000
vn 0.2198 0.9755 -0.0000
vn 0.1077 0.9942 -0.0000
vn 0.0017 1.0000 -0.0000
vn -0.1033 0.9947 -0.0000
vn -0.2167 0.9762 -0.0000
vn -0.3399 0.9405 -0.0000
vn -0.4687 0.8834 -0.0000
vn -0.5961 0.8029 -0.0000
vn -0.7137 0.7005 -0.0000
vn -0.8135 0.5815 -0.0000
vn -0.8908 0.4543 -0.0000
vn -0.9449 0.3274 -0.0000
vn -0.9783 0.2074 -0.0000
vn -0.9952 0.0983 -0.0000
vn -0.6595 -0.7517 -0.0000
vn -0.7171 -0.6970 -0.0000
vn -0.9594 0.2820 -0.0000
vn -0.9221 0.3870 -0.0000
vn -0.8679 0.4968 -0.0000
vn -0.7955 0.6060 -0.0000
vn -0.7058 0.7084 -0.0000
vn -0.6027 0.7979 -0.0000
vn -0.4920 0.8706 -0.0000
vn -0.3799 0.9250 -0.0000
vn -0.2720 0.9623 -0.0000
vn -0.1719 0.9851 -0.0000
vn -0.0815 0.9967 -0.0000
vn -0.0064 1.0000 -0.0000
vn 0.0516 0.9987 -0.0000
vn 0.1025 0.9947 -0.0000
vn 0.1518 0.9884 -0.0000
vn 0.1993 0.9799 -0.0000
vn 0.2445 0.9697 -0.0000
vn 0.2870 0.9579 -0.0000
vn 0.3268 0.9451 -0.0000
vn 0.3637 0.9315 -0.0000
vn 0.3977 0.9175 -0.0000
vn 0.4288 0.9034 -0.0000
vn 0.4570 0.8895 -0.0000
vn -0.4214 0.9069 -0.0000
vn -0.8392 -0.5438 -0.0000
vn 0.9863 -0.1649 -0.0000
vn 0.9591 -0.2832 -0.0000
vn 0.9143 -0.4051 -0.0000
vn 0.8505 -0.5260 -0.0000
vn 0.7680 -0.6405 -0.0000
vn 0.6693 -0.7430 -0.0000
vn 0.5589 -0.8293 -0.0000
vn 0.4420 -0.8970 -0.0000
vn 0.3241 -0.9460 -0.0000
vn 0.2095 -0.9778 -0.0000
vn 0.1012 -0.9949 -0.0000
vn 0.0032 -1.0000 -0.0000
vn -0.0885 -0.9961 -0.0000
vn -0.1850 -0.9827 -0.0000
vn -0.2894 -0.9572 -0.0000
vn -0.3992 -0.9169 -0.0000
vn -0.5103 -0.8600 -0.0000
vn -0.6176 -0.7865 -0.0000
vn -0.7157 -0.6984 -0.0000
vn -0.8001 -0.5999 -0.0000
vn -0.8683 -0.4960 -0.0000
vn -0.9200 -0.3919 -0.0000
vn -0.9566 -0.2916 -0.0000
vn -0.7207 0.6932 -0.0000
vn 0.6784 0.7347 -0.0000
vt 0.346939 0.000000
vt 0.367347 0.000000
vt 0.357143 0.000000
vt 0.377551 0.000000
vt 0.336735 0.000000
vt 0.387755 0.000000
vt 0.326531 0.000000
vt 0.397959 0.000000
vt 0.316327 0.000000
vt 0.408163 0.000000
vt 0.306122 0.000000
vt 0.418367 0.000000
vt 0.295918 0.000000
vt 0.428571 0.000000
vt 0.285714 0.000000
vt 0.867347 0.000000
vt 0.877551 0.000000
vt 0.857143 0.000000
vt 0.887755 0.000000
vt 0.846939 0.000000
vt 0.897959 0.000000
vt 0.836735 0.000000
vt 0.438776 0.000000
vt 0.908163 0.000000
vt 0.275510 0.000000
vt 0.826531 0.000000
vt 0.918367 0.000000
vt 0.816327 0.000000
vt 0.928571 0.000000
vt 0.806122 0.000000
vt 0.938776 0.000000
vt 0.795918 0.000000
vt 0.265306 0.000000
vt 0.448980 0.000000
vt 0.948980 0.000000
vt 0.785714 0.000000
vt 0.959184 0.000000
vt 0.775510 0.000000
vt 0.255102 0.000000
vt 0.459184 0.000000
vt 0.969388 0.000000
vt 0.765306 0.000000
vt 0.979592 0.000000
vt 0.755102 0.000000
vt 0.244898 0.000000
vt 0.989796 0.000000
vt 0.469388 0.000000
vt 1.000000 0.000000
vt 0.234694 0.000000
vt 0.479592 0.000000
vt 0.224490 0.000000
vt 0.489796 0.000000
vt 0.500000 0.000000
vt 0.214286 0.000000
vt 0.510204 0.000000
vt 0.520408 0.000000
vt 0.204082 0.000000
vt 0.530612 0.000000
vt 0.193878 0.000000
vt 0.540816 0.000000
vt 0.724490 0.000000
vt 0.744898 0.000000
vt 0.734694 0.000000
vt 0.551020 0.000000
vt 0.714286 0.000000
vt 0.704082 0.000000
vt 0.183673 0.000000
vt 0.561224 0.000000
vt 0.693878 0.000000
vt 0.683673 0.000000
vt 0.571429 0.000000
vt 0.673469 0.000000
vt 0.581633 0.000000
vt 0.663265 0.000000
vt 0.173469 0.000000
vt 0.653061 0.000000
vt 0.591837 0.000000
vt 0.642857 0.000000
vt 0.602041 0.000000
vt 0.632653 0.000000
vt 0.622449 0.000000
vt 0.612245 0.000000
vt 0.163265 0.000000
vt 0.000000 0.000000
vt 0.153061 0.000000
vt 0.010204 0.000000
vt 0.020408 0.000000
vt 0.142857 0.000000
vt 0.030612 0.000000
vt 0.040816 0.000000
vt 0.132653 0.000000
vt 0.051020 0.000000
vt 0.061224 0.000000
vt 0.122449 0.000000
vt 0.071429 0.000000
vt 0.081633 0.000000
vt 0.091837 0.000000
vt 0.112245 0.000000
vt 0.102041 0.000000
vt 0.894737 0.000000
vt 0.909774 0.000000
vt 0.902256 0.000000
vt 0.917293 0.000000
vt 0.887218 0.000000
vt 0.924812 0.000000
vt 0.932331 0.000000
vt 0.879699 0.000000
vt 0.939850 0.000000
vt 0.947368 0.000000
vt 0.872180 0.000000
vt 0.954887 0.000000
vt 0.962406 0.000000
vt 0.864662 0.000000
vt 0.969925 0.000000
vt 0.977444 0.000000
vt 0.984962 0.000000
vt 0.992481 0.000000
vt 0.849624 0.000000
vt 0.052632 0.000000
vt 0.045113 0.000000
vt 0.037594 0.000000
vt 0.030075 0.000000
vt 0.022556 0.000000
vt 0.015038 0.000000
vt 0.007519 0.000000
vt 0.842105 0.000000
vt 0.067669 0.000000
vt 0.060150 0.000000
vt 0.834586 0.000000
vt 0.075188 0.000000
vt 0.827068 0.000000
vt 0.090226 0.000000
vt 0.082707 0.000000
vt 0.097744 0.000000
vt 0.105263 0.000000
vt 0.112782 0.000000
vt 0.120301 0.000000
vt 0.127820 0.000000
vt 0.819549 0.000000
vt 0.135338 0.000000
vt 0.150376 0.000000
vt 0.157895 0.000000
vt 0.812030 0.000000
vt 0.165414 0.000000
vt 0.172932 0.000000
vt 0.180451 0.000000
vt 0.804511 0.000000
vt 0.187970 0.000000
vt 0.195489 0.000000
vt 0.203008 0.000000
vt 0.210526 0.000000
vt 0.218045 0.000000
vt 0.796992 0.000000
vt 0.225564 0.000000
vt 0.233083 0.000000
vt 0.240602 0.000000
vt 0.789474 0.000000
vt 0.248120 0.000000
vt 0.255639 0.000000
vt 0.263158 0.000000
vt 0.781955 0.000000
vt 0.270677 0.000000
vt 0.774436 0.000000
vt 0.278196 0.000000
vt 0.766917 0.000000
vt 0.293233 0.000000
vt 0.759399 0.000000
vt 0.300752 0.000000
vt 0.308271 0.000000
vt 0.751880 0.000000
vt 0.315789 0.000000
vt 0.744361 0.000000
vt 0.323308 0.000000
vt 0.330827 0.000000
vt 0.736842 0.000000
vt 0.338346 0.000000
vt 0.729323 0.000000
vt 0.345865 0.000000
vt 0.721804 0.000000
vt 0.353383 0.000000
vt 0.533835 0.000000
vt 0.548872 0.000000
vt 0.541353 0.000000
vt 0.360902 0.000000
vt 0.556391 0.000000
vt 0.706767 0.000000
vt 0.563910 0.000000
vt 0.699248 0.000000
vt 0.368421 0.000000
vt 0.691729 0.000000
vt 0.578947 0.000000
vt 0.684211 0.000000
vt 0.586466 0.000000
vt 0.676692 0.000000
vt 0.375940 0.000000
vt 0.593985 0.000000
vt 0.669173 0.000000
vt 0.661654 0.000000
vt 0.601504 0.000000
vt 0.654135 0.000000
vt 0.609023 0.000000
vt 0.646617 0.000000
vt 0.616541 0.000000
vt 0.639098 0.000000
vt 0.624060 0.000000
vt 0.631579 0.000000
vt 0.383459 0.000000
vt 0.390977 0.000000
vt 0.398496 0.000000
vt 0.526316 0.000000
vt 0.406015 0.000000
vt 0.518797 0.000000
vt 0.511278 0.000000
vt 0.413534 0.000000
vt 0.503759 0.000000
vt 0.496241 0.000000
vt 0.421053 0.000000
vt 0.488722 0.000000
vt 0.481203 0.000000
vt 0.473684 0.000000
vt 0.436090 0.000000
vt 0.466165 0.000000
vt 0.458647 0.000000
vt 0.443609 0.000000
vt 0.451128 0.000000
vt 0.436364 0.000000
vt 0.472727 0.000000
vt 0.454545 0.000000
vt 0.490909 0.000000
vt 0.927273 0.000000
vt 0.963636 0.000000
vt 0.945455 0.000000
vt 0.981818 0.000000
vt 0.418182 0.000000
vt 0.509091 0.000000
vt 0.527273 0.000000
vt 0.400000 0.000000
vt 0.545455 0.000000
vt 0.909091 0.000000
vt 0.563636 0.000000
vt 0.890909 0.000000
vt 0.381818 0.000000
vt 0.581818 0.000000
vt 0.872727 0.000000
vt 0.854545 0.000000
vt 0.600000 0.000000
vt 0.363636 0.000000
vt 0.836364 0.000000
vt 0.618182 0.000000
vt 0.818182 0.000000
vt 0.636364 0.000000
vt 0.800000 0.000000
vt 0.654545 0.000000
vt 0.781818 0.000000
vt 0.345455 0.000000
vt 0.763636 0.000000
vt 0.672727 0.000000
vt 0.745455 0.000000
vt 0.690909 0.000000
vt 0.727273 0.000000
vt 0.709091 0.000000
vt 0.018182 0.000000
vt 0.327273 0.000000
vt 0.036364 0.000000
vt 0.054545 0.000000
vt 0.309091 0.000000
vt 0.072727 0.000000
vt 0.290909 0.000000
vt 0.090909 0.000000
vt 0.109091 0.000000
vt 0.272727 0.000000
vt 0.127273 0.000000
vt 0.145455 0.000000
vt 0.254545 0.000000
vt 0.163636 0.000000
vt 0.236364 0.000000
vt 0.181818 0.000000
vt 0.200000 0.000000
vt 0.218182 0.000000
vt 0.560694 0.000000
vt 0.572254 0.000000
vt 0.566474 0.000000
vt 0.554913 0.000000
vt 0.578035 0.000000
vt 0.549133 0.000000
vt 0.543353 0.000000
vt 0.583815 0.000000
vt 0.537572 0.000000
vt 0.589595 0.000000
vt 0.531792 0.000000
vt 0.526012 0.000000
vt 0.595376 0.000000
vt 0.520231 0.000000
vt 0.601156 0.000000
vt 0.514451 0.000000
vt 0.508671 0.000000
vt 0.606936 0.000000
vt 0.502890 0.000000
vt 0.612717 0.000000
vt 0.497110 0.000000
vt 0.491329 0.000000
vt 0.485549 0.000000
vt 0.479769 0.000000
vt 0.473988 0.000000
vt 0.468208 0.000000
vt 0.462428 0.000000
vt 0.456647 0.000000
vt 0.450867 0.000000
vt 0.445087 0.000000
vt 0.439306 0.000000
vt 0.433526 0.000000
vt 0.427746 0.000000
vt 0.421965 0.000000
vt 0.618497 0.000000
vt 0.416185 0.000000
vt 0.624277 0.000000
vt 0.410405 0.000000
vt 0.404624 0.000000
vt 0.398844 0.000000
vt 0.393064 0.000000
vt 0.387283 0.000000
vt 0.630058 0.000000
vt 0.381503 0.000000
vt 0.375723 0.000000
vt 0.369942 0.000000
vt 0.635838 0.000000
vt 0.364162 0.000000
vt 0.358382 0.000000
vt 0.641618 0.000000
vt 0.352601 0.000000
vt 0.346821 0.000000
vt 0.341040 0.000000
vt 0.335260 0.000000
vt 0.329480 0.000000
vt 0.323699 0.000000
vt 0.317919 0.000000
vt 0.791907 0.000000
vt 0.994220 0.000000
vt 0.797688 0.000000
vt 0.312139 0.000000
vt 0.803468 0.000000
vt 0.306358 0.000000
vt 0.809249 0.000000
vt 0.300578 0.000000
vt 0.815029 0.000000
vt 0.820809 0.000000
vt 0.294798 0.000000
vt 0.826590 0.000000
vt 0.289017 0.000000
vt 0.832370 0.000000
vt 0.838150 0.000000
vt 0.283237 0.000000
vt 0.843931 0.000000
vt 0.849711 0.000000
vt 0.277457 0.000000
vt 0.855491 0.000000
vt 0.271676 0.000000
vt 0.861272 0.000000
vt 0.867052 0.000000
vt 0.265896 0.000000
vt 0.872832 0.000000
vt 0.878613 0.000000
vt 0.988439 0.000000
vt 0.260116 0.000000
vt 0.982659 0.000000
vt 0.884393 0.000000
vt 0.976879 0.000000
vt 0.774566 0.000000
vt 0.786127 0.000000
vt 0.780347 0.000000
vt 0.647399 0.000000
vt 0.890173 0.000000
vt 0.768786 0.000000
vt 0.971098 0.000000
vt 0.653179 0.000000
vt 0.763006 0.000000
vt 0.254335 0.000000
vt 0.895954 0.000000
vt 0.658960 0.000000
vt 0.965318 0.000000
vt 0.757225 0.000000
vt 0.664740 0.000000
vt 0.959538 0.000000
vt 0.751445 0.000000
vt 0.901734 0.000000
vt 0.670520 0.000000
vt 0.745665 0.000000
vt 0.953757 0.000000
vt 0.676301 0.000000
vt 0.739884 0.000000
vt 0.907514 0.000000
vt 0.682081 0.000000
vt 0.947977 0.000000
vt 0.734104 0.000000
vt 0.687861 0.000000
vt 0.248555 0.000000
vt 0.728324 0.000000
vt 0.913295 0.000000
vt 0.942197 0.000000
vt 0.693642 0.000000
vt 0.722543 0.000000
vt 0.699422 0.000000
vt 0.716763 0.000000
vt 0.936416 0.000000
vt 0.705202 0.000000
vt 0.710983 0.000000
vt 0.919075 0.000000
vt 0.930636 0.000000
vt 0.924855 0.000000
vt 0.132948 0.000000
vt 0.242775 0.000000
vt 0.138728 0.000000
vt 0.127168 0.000000
vt 0.236994 0.000000
vt 0.144509 0.000000
vt 0.121387 0.000000
vt 0.231214 0.000000
vt 0.150289 0.000000
vt 0.115607 0.000000
vt 0.005780 0.000000
vt 0.156069 0.000000
vt 0.109827 0.000000
vt 0.225434 0.000000
vt 0.011561 0.000000
vt 0.161850 0.000000
vt 0.104046 0.000000
vt 0.017341 0.000000
vt 0.219653 0.000000
vt 0.167630 0.000000
vt 0.098266 0.000000
vt 0.023121 0.000000
vt 0.173410 0.000000
vt 0.092486 0.000000
vt 0.028902 0.000000
vt 0.213873 0.000000
vt 0.179191 0.000000
vt 0.086705 0.000000
vt 0.034682 0.000000
vt 0.184971 0.000000
vt 0.040462 0.000000
vt 0.080925 0.000000
vt 0.208092 0.000000
vt 0.046243 0.000000
vt 0.190751 0.000000
vt 0.075145 0.000000
vt 0.052023 0.000000
vt 0.196532 0.000000
vt 0.069364 0.000000
vt 0.202312 0.000000
vt 0.057803 0.000000
vt 0.063584 0.000000
vt 0.000000 1.000000
vt 0.034483 1.000000
vt 0.034483 0.000000
vt 0.068966 1.000000
vt 0.068966 0.000000
vt 0.103448 1.000000
vt 0.103448 0.000000
vt 0.137931 1.000000
vt 0.137931 0.000000
vt 0.172414 1.000000
vt 0.172414 0.000000
vt 0.206897 1.000000
vt 0.206897 0.000000
vt 0.241379 1.000000
vt 0.241379 0.000000
vt 0.275862 1.000000
vt 0.275862 0.000000
vt 0.310345 1.000000
vt 0.310345 0.000000
vt 0.344828 1.000000
vt 0.344828 0.000000
vt 0.379310 1.000000
vt 0.379310 0.000000
vt 0.413793 1.000000
vt 0.413793 0.000000
vt 0.448276 1.000000
vt 0.448276 0.000000
vt 0.482759 1.000000
vt 0.482759 0.000000
vt 0.517241 1.000000
vt 0.517241 0.000000
vt 0.551724 1.000000
vt 0.551724 0.000000
vt 0.586207 1.000000
vt 0.586207 0.000000
vt 0.620690 1.000000
vt 0.620690 0.000000
vt 0.655172 1.000000
vt 0.655172 0.000000
vt 0.689655 1.000000
vt 0.689655 0.000000
vt 0.724138 1.000000
vt 0.724138 0.000000
vt 0.758621 1.000000
vt 0.758621 0.000000
vt 0.793103 1.000000
vt 0.793103 0.000000
vt 0.827586 1.000000
vt 0.827586 0.000000
vt 0.862069 1.000000
vt 0.862069 0.000000
vt 0.896552 1.000000
vt 0.896552 0.000000
vt 0.931035 1.000000
vt 0.931035 0.000000
vt 0.965517 1.000000
vt 0.965517 0.000000
vt 1.000000 1.000000
vt 0.037037 1.000000
vt 0.037037 0.000000
vt 0.074074 1.000000
vt 0.074074 0.000000
vt 0.111111 1.000000
vt 0.111111 0.000000
vt 0.148148 1.000000
vt 0.148148 0.000000
vt 0.185185 1.000000
vt 0.185185 0.000000
vt 0.222222 1.000000
vt 0.222222 0.000000
vt 0.259259 1.000000
vt 0.259259 0.000000
vt 0.296296 1.000000
vt 0.296296 0.000000
vt 0.333333 1.000000
vt 0.333333 0.000000
vt 0.370370 1.000000
vt 0.370370 0.000000
vt 0.407407 1.000000
vt 0.407407 0.000000
vt 0.444444 1.000000
vt 0.444444 0.000000
vt 0.481481 1.000000
vt 0.481481 0.000000
vt 0.518519 1.000000
vt 0.518519 0.000000
vt 0.555556 1.000000
vt 0.555556 0.000000
vt 0.592593 1.000000
vt 0.592593 0.000000
vt 0.629630 1.000000
vt 0.629630 0.000000
vt 0.666667 1.000000
vt 0.666667 0.000000
vt 0.703704 1.000000
vt 0.703704 0.000000
vt 0.740741 1.000000
vt 0.740741 0.000000
vt 0.777778 1.000000
vt 0.777778 0.000000
vt 0.814815 1.000000
vt 0.814815 0.000000
vt 0.851852 1.000000
vt 0.851852 0.000000
vt 0.888889 1.000000
vt 0.888889 0.000000
vt 0.925926 1.000000
vt 0.925926 0.000000
vt 0.962963 1.000000
vt 0.962963 0.000000
vt 0.007299 1.000000
vt 0.007299 0.000000
vt 0.014599 1.000000
vt 0.014599 0.000000
vt 0.021898 1.000000
vt 0.021898 0.000000
vt 0.029197 1.000000
vt 0.029197 0.000000
vt 0.036496 1.000000
vt 0.036496 0.000000
vt 0.043796 1.000000
vt 0.043796 0.000000
vt 0.051095 1.000000
vt 0.051095 0.000000
vt 0.058394 1.000000
vt 0.058394 0.000000
vt 0.065693 1.000000
vt 0.065693 0.000000
vt 0.072993 1.000000
vt 0.072993 0.000000
vt 0.080292 1.000000
vt 0.080292 0.000000
vt 0.087591 1.000000
vt 0.087591 0.000000
vt 0.094891 1.000000
vt 0.094891 0.000000
vt 0.102190 1.000000
vt 0.102190 0.000000
vt 0.109489 1.000000
vt 0.109489 0.000000
vt 0.116788 1.000000
vt 0.116788 0.000000
vt 0.124088 1.000000
vt 0.124088 0.000000
vt 0.131387 1.000000
vt 0.131387 0.000000
vt 0.138686 1.000000
vt 0.138686 0.000000
vt 0.145985 1.000000
vt 0.145985 0.000000
vt 0.153285 1.000000
vt 0.153285 0.000000
vt 0.160584 1.000000
vt 0.160584 0.000000
vt 0.167883 1.000000
vt 0.167883 0.000000
vt 0.175182 1.000000
vt 0.175182 0.000000
vt 0.182482 1.000000
vt 0.182482 0.000000
vt 0.189781 1.000000
vt 0.189781 0.000000
vt 0.197080 1.000000
vt 0.197080 0.000000
vt 0.204380 1.000000
vt 0.204380 0.000000
vt 0.211679 1.000000
vt 0.211679 0.000000
vt 0.218978 1.000000
vt 0.218978 0.000000
vt 0.226277 1.000000
vt 0.226277 0.000000
vt 0.233577 1.000000
vt 0.233577 0.000000
vt 0.240876 1.000000
vt 0.240876 0.000000
vt 0.248175 1.000000
vt 0.248175 0.000000
vt 0.255474 1.000000
vt 0.255474 0.000000
vt 0.262774 1.000000
vt 0.262774 0.000000
vt 0.270073 1.000000
vt 0.270073 0.000000
vt 0.277372 1.000000
vt 0.277372 0.000000
vt 0.284672 1.000000
vt 0.284672 0.000000
vt 0.291971 1.000000
vt 0.291971 0.000000
vt 0.299270 1.000000
vt 0.299270 0.000000
vt 0.306569 1.000000
vt 0.306569 0.000000
vt 0.313869 1.000000
vt 0.313869 0.000000
vt 0.321168 1.000000
vt 0.321168 0.000000
vt 0.328467 1.000000
vt 0.328467 0.000000
vt 0.335766 1.000000
vt 0.335766 0.000000
vt 0.343066 1.000000
vt 0.343066 0.000000
vt 0.350365 1.000000
vt 0.350365 0.000000
vt 0.357664 1.000000
vt 0.357664 0.000000
vt 0.364964 1.000000
vt 0.364964 0.000000
vt 0.372263 1.000000
vt 0.372263 0.000000
vt 0.379562 1.000000
vt 0.379562 0.000000
vt 0.386861 1.000000
vt 0.386861 0.000000
vt 0.394161 1.000000
vt 0.394161 0.000000
vt 0.401460 1.000000
vt 0.401460 0.000000
vt 0.408759 1.000000
vt 0.408759 0.000000
vt 0.416058 1.000000
vt 0.416058 0.000000
vt 0.423358 1.000000
vt 0.423358 0.000000
vt 0.430657 1.000000
vt 0.430657 0.000000
vt 0.437956 1.000000
vt 0.437956 0.000000
vt 0.445255 1.000000
vt 0.445255 0.000000
vt 0.452555 1.000000
vt 0.452555 0.000000
vt 0.459854 1.000000
vt 0.459854 0.000000
vt 0.467153 1.000000
vt 0.467153 0.000000
vt 0.474453 1.000000
vt 0.474453 0.000000
vt 0.481752 1.000000
vt 0.481752 0.000000
vt 0.489051 1.000000
vt 0.489051 0.000000
vt 0.496350 1.000000
vt 0.496350 0.000000
vt 0.503650 1.000000
vt 0.503650 0.000000
vt 0.510949 1.000000
vt 0.510949 0.000000
vt 0.518248 1.000000
vt 0.518248 0.000000
vt 0.525547 1.000000
vt 0.525547 0.000000
vt 0.532847 1.000000
vt 0.532847 0.000000
vt 0.540146 1.000000
vt 0.540146 0.000000
vt 0.547445 1.000000
vt 0.547445 0.000000
vt 0.554745 1.000000
vt 0.554745 0.000000
vt 0.562044 1.000000
vt 0.562044 0.000000
vt 0.569343 1.000000
vt 0.569343 0.000000
vt 0.576642 1.000000
vt 0.576642 0.000000
vt 0.583942 1.000000
vt 0.583942 0.000000
vt 0.591241 1.000000
vt 0.591241 0.000000
vt 0.598540 1.000000
vt 0.598540 0.000000
vt 0.605839 1.000000
vt 0.605839 0.000000
vt 0.613139 1.000000
vt 0.613139 0.000000
vt 0.620438 1.000000
vt 0.620438 0.000000
vt 0.627737 1.000000
vt 0.627737 0.000000
vt 0.635036 1.000000
vt 0.635036 0.000000
vt 0.642336 1.000000
vt 0.642336 0.000000
vt 0.649635 1.000000
vt 0.649635 0.000000
vt 0.656934 1.000000
vt 0.656934 0.000000
vt 0.664234 1.000000
vt 0.664234 0.000000
vt 0.671533 1.000000
vt 0.671533 0.000000
vt 0.678832 1.000000
vt 0.678832 0.000000
vt 0.686131 1.000000
vt 0.686131 0.000000
vt 0.693431 1.000000
vt 0.693431 0.000000
vt 0.700730 1.000000
vt 0.700730 0.000000
vt 0.708029 1.000000
vt 0.708029 0.000000
vt 0.715328 1.000000
vt 0.715328 0.000000
vt 0.722628 1.000000
vt 0.722628 0.000000
vt 0.729927 1.000000
vt 0.729927 0.000000
vt 0.737226 1.000000
vt 0.737226 0.000000
vt 0.744526 1.000000
vt 0.744526 0.000000
vt 0.751825 1.000000
vt 0.751825 0.000000
vt 0.759124 1.000000
vt 0.759124 0.000000
vt 0.766423 1.000000
vt 0.766423 0.000000
vt 0.773723 1.000000
vt 0.773723 0.000000
vt 0.781022 1.000000
vt 0.781022 0.000000
vt 0.788321 1.000000
vt 0.788321 0.000000
vt 0.795620 1.000000
vt 0.795620 0.000000
vt 0.802920 1.000000
vt 0.802920 0.000000
vt 0.810219 1.000000
vt 0.810219 0.000000
vt 0.817518 1.000000
vt 0.817518 0.000000
vt 0.824818 1.000000
vt 0.824818 0.000000
vt 0.832117 1.000000
vt 0.832117 0.000000
vt 0.839416 1.000000
vt 0.839416 0.000000
vt 0.846715 1.000000
vt 0.846715 0.000000
vt 0.854015 1.000000
vt 0.854015 0.000000
vt 0.861314 1.000000
vt 0.861314 0.000000
vt 0.868613 1.000000
vt 0.868613 0.000000
vt 0.875912 1.000000
vt 0.875912 0.000000
vt 0.883212 1.000000
vt 0.883212 0.000000
vt 0.890511 1.000000
vt 0.890511 0.000000
vt 0.897810 1.000000
vt 0.897810 0.000000
vt 0.905109 1.000000
vt 0.905109 0.000000
vt 0.912409 1.000000
vt 0.912409 0.000000
vt 0.919708 1.000000
vt 0.919708 0.000000
vt 0.927007 1.000000
vt 0.927007 0.000000
vt 0.934307 1.000000
vt 0.934307 0.000000
vt 0.941606 1.000000
vt 0.941606 0.000000
vt 0.948905 1.000000
vt 0.948905 0.000000
vt 0.956204 1.000000
vt 0.956204 0.000000
vt 0.963504 1.000000
vt 0.963504 0.000000
vt 0.970803 1.000000
vt 0.970803 0.000000
vt 0.978102 1.000000
vt 0.978102 0.000000
vt 0.985401 1.000000
vt 0.985401 0.000000
vt 0.992701 1.000000
vt 0.992701 0.000000
vt 0.027027 1.000000
vt 0.027027 0.000000
vt 0.054054 1.000000
vt 0.054054 0.000000
vt 0.081081 1.000000
vt 0.081081 0.000000
vt 0.108108 1.000000
vt 0.108108 0.000000
vt 0.135135 1.000000
vt 0.135135 0.000000
vt 0.162162 1.000000
vt 0.162162 0.000000
vt 0.189189 1.000000
vt 0.189189 0.000000
vt 0.216216 1.000000
vt 0.216216 0.000000
vt 0.243243 1.000000
vt 0.243243 0.000000
vt 0.270270 1.000000
vt 0.270270 0.000000
vt 0.297297 1.000000
vt 0.297297 0.000000
vt 0.324324 1.000000
vt 0.324324 0.000000
vt 0.351351 1.000000
vt 0.351351 0.000000
vt 0.378378 1.000000
vt 0.378378 0.000000
vt 0.405405 1.000000
vt 0.405405 0.000000
vt 0.432432 1.000000
vt 0.432432 0.000000
vt 0.459459 1.000000
vt 0.459459 0.000000
vt 0.486486 1.000000
vt 0.486486 0.000000
vt 0.513514 1.000000
vt 0.513514 0.000000
vt 0.540541 1.000000
vt 0.540541 0.000000
vt 0.567568 1.000000
vt 0.567568 0.000000
vt 0.594595 1.000000
vt 0.594595 0.000000
vt 0.621622 1.000000
vt 0.621622 0.000000
vt 0.648649 1.000000
vt 0.648649 0.000000
vt 0.675676 1.000000
vt 0.675676 0.000000
vt 0.702703 1.000000
vt 0.702703 0.000000
vt 0.729730 1.000000
vt 0.729730 0.000000
vt 0.756757 1.000000
vt 0.756757 0.000000
vt 0.783784 1.000000
vt 0.783784 0.000000
vt 0.810811 1.000000
vt 0.810811 0.000000
vt 0.837838 1.000000
vt 0.837838 0.000000
vt 0.864865 1.000000
vt 0.864865 0.000000
vt 0.891892 1.000000
vt 0.891892 0.000000
vt 0.918919 1.000000
vt 0.918919 0.000000
vt 0.945946 1.000000
vt 0.945946 0.000000
vt 0.972973 1.000000
vt 0.972973 0.000000
vt 0.017857 1.000000
vt 0.017857 0.000000
vt 0.035714 1.000000
vt 0.035714 0.000000
vt 0.053571 1.000000
vt 0.053571 0.000000
vt 0.071429 1.000000
vt 0.089286 1.000000
vt 0.089286 0.000000
vt 0.107143 1.000000
vt 0.107143 0.000000
vt 0.125000 1.000000
vt 0.125000 0.000000
vt 0.142857 1.000000
vt 0.160714 1.000000
vt 0.160714 0.000000
vt 0.178571 1.000000
vt 0.178571 0.000000
vt 0.196429 1.000000
vt 0.196429 0.000000
vt 0.214286 1.000000
vt 0.232143 1.000000
vt 0.232143 0.000000
vt 0.250000 1.000000
vt 0.250000 0.000000
vt 0.267857 1.000000
vt 0.267857 0.000000
vt 0.285714 1.000000
vt 0.303571 1.000000
vt 0.303571 0.000000
vt 0.321429 1.000000
vt 0.321429 0.000000
vt 0.339286 1.000000
vt 0.339286 0.000000
vt 0.357143 1.000000
vt 0.375000 1.000000
vt 0.375000 0.000000
vt 0.392857 1.000000
vt 0.392857 0.000000
vt 0.410714 1.000000
vt 0.410714 0.000000
vt 0.428571 1.000000
vt 0.446429 1.000000
vt 0.446429 0.000000
vt 0.464286 1.000000
vt 0.464286 0.000000
vt 0.482143 1.000000
vt 0.482143 0.000000
vt 0.500000 1.000000
vt 0.517857 1.000000
vt 0.517857 0.000000
vt 0.535714 1.000000
vt 0.535714 0.000000
vt 0.553571 1.000000
vt 0.553571 0.000000
vt 0.571429 1.000000
vt 0.589286 1.000000
vt 0.589286 0.000000
vt 0.607143 1.000000
vt 0.607143 0.000000
vt 0.625000 1.000000
vt 0.625000 0.000000
vt 0.642857 1.000000
vt 0.660714 1.000000
vt 0.660714 0.000000
vt 0.678571 1.000000
vt 0.678571 0.000000
vt 0.696429 1.000000
vt 0.696429 0.000000
vt 0.714286 1.000000
vt 0.732143 1.000000
vt 0.732143 0.000000
vt 0.750000 1.000000
vt 0.750000 0.000000
vt 0.767857 1.000000
vt 0.767857 0.000000
vt 0.785714 1.000000
vt 0.803571 1.000000
vt 0.803571 0.000000
vt 0.821429 1.000000
vt 0.821429 0.000000
vt 0.839286 1.000000
vt 0.839286 0.000000
vt 0.857143 1.000000
vt 0.875000 1.000000
vt 0.875000 0.000000
vt 0.892857 1.000000
vt 0.892857 0.000000
vt 0.910714 1.000000
vt 0.910714 0.000000
vt 0.928571 1.000000
vt 0.946429 1.000000
vt 0.946429 0.000000
vt 0.964286 1.000000
vt 0.964286 0.000000
vt 0.982143 1.000000
vt 0.982143 0.000000
vt 0.007463 1.000000
vt 0.007463 0.000000
vt 0.014925 1.000000
vt 0.014925 0.000000
vt 0.022388 1.000000
vt 0.022388 0.000000
vt 0.029851 1.000000
vt 0.029851 0.000000
vt 0.037313 1.000000
vt 0.037313 0.000000
vt 0.044776 1.000000
vt 0.044776 0.000000
vt 0.052239 1.000000
vt 0.052239 0.000000
vt 0.059701 1.000000
vt 0.059701 0.000000
vt 0.067164 1.000000
vt 0.067164 0.000000
vt 0.074627 1.000000
vt 0.074627 0.000000
vt 0.082090 1.000000
vt 0.082090 0.000000
vt 0.089552 1.000000
vt 0.089552 0.000000
vt 0.097015 1.000000
vt 0.097015 0.000000
vt 0.104478 1.000000
vt 0.104478 0.000000
vt 0.111940 1.000000
vt 0.111940 0.000000
vt 0.119403 1.000000
vt 0.119403 0.000000
vt 0.126866 1.000000
vt 0.126866 0.000000
vt 0.134328 1.000000
vt 0.134328 0.000000
vt 0.141791 1.000000
vt 0.141791 0.000000
vt 0.149254 1.000000
vt 0.149254 0.000000
vt 0.156716 1.000000
vt 0.156716 0.000000
vt 0.164179 1.000000
vt 0.164179 0.000000
vt 0.171642 1.000000
vt 0.171642 0.000000
vt 0.179104 1.000000
vt 0.179104 0.000000
vt 0.186567 1.000000
vt 0.186567 0.000000
vt 0.194030 1.000000
vt 0.194030 0.000000
vt 0.201493 1.000000
vt 0.201493 0.000000
vt 0.208955 1.000000
vt 0.208955 0.000000
vt 0.216418 1.000000
vt 0.216418 0.000000
vt 0.223881 1.000000
vt 0.223881 0.000000
vt 0.231343 1.000000
vt 0.231343 0.000000
vt 0.238806 1.000000
vt 0.238806 0.000000
vt 0.246269 1.000000
vt 0.246269 0.000000
vt 0.253731 1.000000
vt 0.253731 0.000000
vt 0.261194 1.000000
vt 0.261194 0.000000
vt 0.268657 1.000000
vt 0.268657 0.000000
vt 0.276119 1.000000
vt 0.276119 0.000000
vt 0.283582 1.000000
vt 0.283582 0.000000
vt 0.291045 1.000000
vt 0.291045 0.000000
vt 0.298507 1.000000
vt 0.298507 0.000000
vt 0.305970 1.000000
vt 0.305970 0.000000
vt 0.313433 1.000000
vt 0.313433 0.000000
vt 0.320896 1.000000
vt 0.320896 0.000000
vt 0.328358 1.000000
vt 0.328358 0.000000
vt 0.335821 1.000000
vt 0.335821 0.000000
vt 0.343284 1.000000
vt 0.343284 0.000000
vt 0.350746 1.000000
vt 0.350746 0.000000
vt 0.358209 1.000000
vt 0.358209 0.000000
vt 0.365672 1.000000
vt 0.365672 0.000000
vt 0.373134 1.000000
vt 0.373134 0.000000
vt 0.380597 1.000000
vt 0.380597 0.000000
vt 0.388060 1.000000
vt 0.388060 0.000000
vt 0.395522 1.000000
vt 0.395522 0.000000
vt 0.402985 1.000000
vt 0.402985 0.000000
vt 0.410448 1.000000
vt 0.410448 0.000000
vt 0.417910 1.000000
vt 0.417910 0.000000
vt 0.425373 1.000000
vt 0.425373 0.000000
vt 0.432836 1.000000
vt 0.432836 0.000000
vt 0.440298 1.000000
vt 0.440298 0.000000
vt 0.447761 1.000000
vt 0.447761 0.000000
vt 0.455224 1.000000
vt 0.455224 0.000000
vt 0.462687 1.000000
vt 0.462687 0.000000
vt 0.470149 1.000000
vt 0.470149 0.000000
vt 0.477612 1.000000
vt 0.477612 0.000000
vt 0.485075 1.000000
vt 0.485075 0.000000
vt 0.492537 1.000000
vt 0.492537 0.000000
vt 0.507463 1.000000
vt 0.507463 0.000000
vt 0.514925 1.000000
vt 0.514925 0.000000
vt 0.522388 1.000000
vt 0.522388 0.000000
vt 0.529851 1.000000
vt 0.529851 0.000000
vt 0.537313 1.000000
vt 0.537313 0.000000
vt 0.544776 1.000000
vt 0.544776 0.000000
vt 0.552239 1.000000
vt 0.552239 0.000000
vt 0.559702 1.000000
vt 0.559702 0.000000
vt 0.567164 1.000000
vt 0.567164 0.000000
vt 0.574627 1.000000
vt 0.574627 0.000000
vt 0.582090 1.000000
vt 0.582090 0.000000
vt 0.589552 1.000000
vt 0.589552 0.000000
vt 0.597015 1.000000
vt 0.597015 0.000000
vt 0.604478 1.000000
vt 0.604478 0.000000
vt 0.611940 1.000000
vt 0.611940 0.000000
vt 0.619403 1.000000
vt 0.619403 0.000000
vt 0.626866 1.000000
vt 0.626866 0.000000
vt 0.634328 1.000000
vt 0.634328 0.000000
vt 0.641791 1.000000
vt 0.641791 0.000000
vt 0.649254 1.000000
vt 0.649254 0.000000
vt 0.656716 1.000000
vt 0.656716 0.000000
vt 0.664179 1.000000
vt 0.664179 0.000000
vt 0.671642 1.000000
vt 0.671642 0.000000
vt 0.679105 1.000000
vt 0.679105 0.000000
vt 0.686567 1.000000
vt 0.686567 0.000000
vt 0.694030 1.000000
vt 0.694030 0.000000
vt 0.701493 1.000000
vt 0.701493 0.000000
vt 0.708955 1.000000
vt 0.708955 0.000000
vt 0.716418 1.000000
vt 0.716418 0.000000
vt 0.723881 1.000000
vt 0.723881 0.000000
vt 0.731343 1.000000
vt 0.731343 0.000000
vt 0.738806 1.000000
vt 0.738806 0.000000
vt 0.746269 1.000000
vt 0.746269 0.000000
vt 0.753731 1.000000
vt 0.753731 0.000000
vt 0.761194 1.000000
vt 0.761194 0.000000
vt 0.768657 1.000000
vt 0.768657 0.000000
vt 0.776119 1.000000
vt 0.776119 0.000000
vt 0.783582 1.000000
vt 0.783582 0.000000
vt 0.791045 1.000000
vt 0.791045 0.000000
vt 0.798507 1.000000
vt 0.798507 0.000000
vt 0.805970 1.000000
vt 0.805970 0.000000
vt 0.813433 1.000000
vt 0.813433 0.000000
vt 0.820895 1.000000
vt 0.820895 0.000000
vt 0.828358 1.000000
vt 0.828358 0.000000
vt 0.835821 1.000000
vt 0.835821 0.000000
vt 0.843284 1.000000
vt 0.843284 0.000000
vt 0.850746 1.000000
vt 0.850746 0.000000
vt 0.858209 1.000000
vt 0.858209 0.000000
vt 0.865672 1.000000
vt 0.865672 0.000000
vt 0.873134 1.000000
vt 0.873134 0.000000
vt 0.880597 1.000000
vt 0.880597 0.000000
vt 0.888060 1.000000
vt 0.888060 0.000000
vt 0.895522 1.000000
vt 0.895522 0.000000
vt 0.902985 1.000000
vt 0.902985 0.000000
vt 0.910448 1.000000
vt 0.910448 0.000000
vt 0.917910 1.000000
vt 0.917910 0.000000
vt 0.925373 1.000000
vt 0.925373 0.000000
vt 0.932836 1.000000
vt 0.932836 0.000000
vt 0.940298 1.000000
vt 0.940298 0.000000
vt 0.947761 1.000000
vt 0.947761 0.000000
vt 0.955224 1.000000
vt 0.955224 0.000000
vt 0.962687 1.000000
vt 0.962687 0.000000
vt 0.970149 1.000000
vt 0.970149 0.000000
vt 0.977612 1.000000
vt 0.977612 0.000000
vt 0.985075 1.000000
vt 0.985075 0.000000
vt 0.992537 1.000000
vt 0.992537 0.000000
vt 0.013514 1.000000
vt 0.013514 0.000000
vt 0.040541 1.000000
vt 0.040541 0.000000
vt 0.067568 1.000000
vt 0.067568 0.000000
vt 0.094595 1.000000
vt 0.094595 0.000000
vt 0.121622 1.000000
vt 0.121622 0.000000
vt 0.148649 1.000000
vt 0.148649 0.000000
vt 0.175676 1.000000
vt 0.175676 0.000000
vt 0.202703 1.000000
vt 0.202703 0.000000
vt 0.229730 1.000000
vt 0.229730 0.000000
vt 0.256757 1.000000
vt 0.256757 0.000000
vt 0.283784 1.000000
vt 0.283784 0.000000
vt 0.310811 1.000000
vt 0.310811 0.000000
vt 0.337838 1.000000
vt 0.337838 0.000000
vt 0.364865 1.000000
vt 0.364865 0.000000
vt 0.391892 1.000000
vt 0.391892 0.000000
vt 0.418919 1.000000
vt 0.418919 0.000000
vt 0.445946 1.000000
vt 0.445946 0.000000
vt 0.472973 1.000000
vt 0.472973 0.000000
vt 0.527027 1.000000
vt 0.527027 0.000000
vt 0.554054 1.000000
vt 0.554054 0.000000
vt 0.581081 1.000000
vt 0.581081 0.000000
vt 0.608108 1.000000
vt 0.608108 0.000000
vt 0.635135 1.000000
vt 0.635135 0.000000
vt 0.662162 1.000000
vt 0.662162 0.000000
vt 0.689189 1.000000
vt 0.689189 0.000000
vt 0.716216 1.000000
vt 0.716216 0.000000
vt 0.743243 1.000000
vt 0.743243 0.000000
vt 0.770270 1.000000
vt 0.770270 0.000000
vt 0.797297 1.000000
vt 0.797297 0.000000
vt 0.824324 1.000000
vt 0.824324 0.000000
vt 0.851351 1.000000
vt 0.851351 0.000000
vt 0.878378 1.000000
vt 0.878378 0.000000
vt 0.905405 1.000000
vt 0.905405 0.000000
vt 0.932432 1.000000
vt 0.932432 0.000000
vt 0.959459 1.000000
vt 0.959459 0.000000
vt 0.986486 1.000000
vt 0.986486 0.000000
vt 0.040000 1.000000
vt 0.040000 0.000000
vt 0.080000 1.000000
vt 0.080000 0.000000
vt 0.120000 1.000000
vt 0.120000 0.000000
vt 0.160000 1.000000
vt 0.160000 0.000000
vt 0.200000 1.000000
vt 0.240000 1.000000
vt 0.240000 0.000000
vt 0.280000 1.000000
vt 0.280000 0.000000
vt 0.320000 1.000000
vt 0.320000 0.000000
vt 0.360000 1.000000
vt 0.360000 0.000000
vt 0.400000 1.000000
vt 0.440000 1.000000
vt 0.440000 0.000000
vt 0.480000 1.000000
vt 0.480000 0.000000
vt 0.520000 1.000000
vt 0.520000 0.000000
vt 0.560000 1.000000
vt 0.560000 0.000000
vt 0.600000 1.000000
vt 0.640000 1.000000
vt 0.640000 0.000000
vt 0.680000 1.000000
vt 0.680000 0.000000
vt 0.720000 1.000000
vt 0.720000 0.000000
vt 0.760000 1.000000
vt 0.760000 0.000000
vt 0.800000 1.000000
vt 0.840000 1.000000
vt 0.840000 0.000000
vt 0.880000 1.000000
vt 0.880000 0.000000
vt 0.920000 1.000000
vt 0.920000 0.000000
vt 0.960000 1.000000
vt 0.960000 0.000000
s 0
f 35/1/1 37/2/1 36/3/1
f 35/1/1 38/4/1 37/2/1
f 34/5/1 38/4/1 35/1/1
f 34/5/1 39/6/1 38/4/1
f 33/7/1 39/6/1 34/5/1
f 33/7/1 40/8/1 39/6/1
f 32/9/1 40/8/1 33/7/1
f 32/9/1 41/10/1 40/8/1
f 31/11/1 41/10/1 32/9/1
f 31/11/1 42/12/1 41/10/1
f 30/13/1 42/12/1 31/11/1
f 30/13/1 43/14/1 42/12/1
f 29/15/1 86/16/1 30/13/1
f 86/16/1 43/14/1 30/13/1
f 29/15/1 87/17/1 86/16/1
f 85/18/1 43/14/1 86/16/1
f 29/15/1 88/19/1 87/17/1
f 84/20/1 43/14/1 85/18/1
f 29/15/1 89/21/1 88/19/1
f 83/22/1 43/14/1 84/20/1
f 83/22/1 44/23/1 43/14/1
f 29/15/1 90/24/1 89/21/1
f 28/25/1 90/24/1 29/15/1
f 82/26/1 44/23/1 83/22/1
f 28/25/1 91/27/1 90/24/1
f 81/28/1 44/23/1 82/26/1
f 28/25/1 92/29/1 91/27/1
f 80/30/1 44/23/1 81/28/1
f 28/25/1 93/31/1 92/29/1
f 79/32/1 44/23/1 80/30/1
f 27/33/1 93/31/1 28/25/1
f 79/32/1 45/34/1 44/23/1
f 27/33/1 94/35/1 93/31/1
f 78/36/1 45/34/1 79/32/1
f 27/33/1 95/37/1 94/35/1
f 77/38/1 45/34/1 78/36/1
f 26/39/1 95/37/1 27/33/1
f 77/38/1 46/40/1 45/34/1
f 26/39/1 96/41/1 95/37/1
f 76/42/1 46/40/1 77/38/1
f 26/39/1 97/43/1 96/41/1
f 75/44/1 46/40/1 76/42/1
f 25/45/1 97/43/1 26/39/1
f 25/45/1 98/46/1 97/43/1
f 75/44/1 47/47/1 46/40/1
f 99/48/1 47/47/1 75/44/1
f 25/45/1 99/48/1 98/46/1
f 25/45/1 47/47/1 99/48/1
f 24/49/1 47/47/1 25/45/1
f 24/49/1 48/50/1 47/47/1
f 23/51/1 49/52/1 24/49/1
f 49/52/1 48/50/1 24/49/1
f 23/51/1 50/53/1 49/52/1
f 22/54/1 50/53/1 23/51/1
f 22/54/1 51/55/1 50/53/1
f 22/54/1 52/56/1 51/55/1
f 21/57/1 52/56/1 22/54/1
f 21/57/1 53/58/1 52/56/1
f 20/59/1 53/58/1 21/57/1
f 20/59/1 54/60/1 53/58/1
f 72/61/1 74/62/1 73/63/1
f 20/59/1 55/64/1 54/60/1
f 71/65/1 74/62/1 72/61/1
f 70/66/1 74/62/1 71/65/1
f 19/67/1 55/64/1 20/59/1
f 19/67/1 56/68/1 55/64/1
f 69/69/1 74/62/1 70/66/1
f 68/70/1 74/62/1 69/69/1
f 19/67/1 57/71/1 56/68/1
f 67/72/1 74/62/1 68/70/1
f 19/67/1 58/73/1 57/71/1
f 66/74/1 74/62/1 67/72/1
f 18/75/1 58/73/1 19/67/1
f 65/76/1 74/62/1 66/74/1
f 18/75/1 59/77/1 58/73/1
f 64/78/1 74/62/1 65/76/1
f 18/75/1 60/79/1 59/77/1
f 63/80/1 74/62/1 64/78/1
f 62/81/1 74/62/1 63/80/1
f 18/75/1 61/82/1 60/79/1
f 61/82/1 74/62/1 62/81/1
f 18/75/1 74/62/1 61/82/1
f 17/83/1 74/62/1 18/75/1
f 17/83/1 1/84/1 74/62/1
f 16/85/1 1/84/1 17/83/1
f 16/85/1 2/86/1 1/84/1
f 16/85/1 3/87/1 2/86/1
f 15/88/1 3/87/1 16/85/1
f 15/88/1 4/89/1 3/87/1
f 15/88/1 5/90/1 4/89/1
f 14/91/1 5/90/1 15/88/1
f 14/91/1 6/92/1 5/90/1
f 14/91/1 7/93/1 6/92/1
f 13/94/1 7/93/1 14/91/1
f 13/94/1 8/95/1 7/93/1
f 13/94/1 9/96/1 8/95/1
f 13/94/1 10/97/1 9/96/1
f 12/98/1 10/97/1 13/94/1
f 12/98/1 11/99/1 10/97/1
f 219/100/1 221/101/1 220/102/1
f 219/100/1 222/103/1 221/101/1
f 218/104/1 222/103/1 219/100/1
f 218/104/1 223/105/1 222/103/1
f 218/104/1 224/106/1 223/105/1
f 217/107/1 224/106/1 218/104/1
f 217/107/1 225/108/1 224/106/1
f 217/107/1 226/109/1 225/108/1
f 216/110/1 226/109/1 217/107/1
f 216/110/1 227/111/1 226/109/1
f 216/110/1 228/112/1 227/111/1
f 215/113/1 228/112/1 216/110/1
f 215/113/1 229/114/1 228/112/1
f 215/113/1 230/115/1 229/114/1
f 214/18/1 230/115/1 215/113/1
f 214/18/1 231/116/1 230/115/1
f 214/18/1 232/117/1 231/116/1
f 213/118/1 232/117/1 214/18/1
f 213/118/1 107/119/1 232/117/1
f 107/119/1 106/120/1 232/117/1
f 106/120/1 105/121/1 232/117/1
f 105/121/1 104/122/1 232/117/1
f 104/122/1 103/123/1 232/117/1
f 103/123/1 102/124/1 232/117/1
f 102/124/1 101/125/1 232/117/1
f 101/125/1 100/84/1 232/117/1
f 100/84/1 233/48/1 232/117/1
f 212/126/1 109/127/1 213/118/1
f 109/127/1 108/128/1 213/118/1
f 108/128/1 107/119/1 213/118/1
f 211/129/1 110/130/1 212/126/1
f 110/130/1 109/127/1 212/126/1
f 210/131/1 112/132/1 211/129/1
f 112/132/1 111/133/1 211/129/1
f 111/133/1 110/130/1 211/129/1
f 210/131/1 113/134/1 112/132/1
f 210/131/1 114/135/1 113/134/1
f 210/131/1 115/136/1 114/135/1
f 210/131/1 116/137/1 115/136/1
f 210/131/1 117/138/1 116/137/1
f 209/139/1 117/138/1 210/131/1
f 209/139/1 118/140/1 117/138/1
f 209/139/1 119/88/1 118/140/1
f 209/139/1 120/141/1 119/88/1
f 209/139/1 121/142/1 120/141/1
f 208/143/1 121/142/1 209/139/1
f 208/143/1 122/144/1 121/142/1
f 208/143/1 123/145/1 122/144/1
f 208/143/1 124/146/1 123/145/1
f 207/147/1 124/146/1 208/143/1
f 207/147/1 125/148/1 124/146/1
f 207/147/1 126/149/1 125/148/1
f 207/147/1 127/150/1 126/149/1
f 207/147/1 128/151/1 127/150/1
f 207/147/1 129/152/1 128/151/1
f 206/153/1 129/152/1 207/147/1
f 206/153/1 130/154/1 129/152/1
f 206/153/1 131/155/1 130/154/1
f 206/153/1 132/156/1 131/155/1
f 205/157/1 132/156/1 206/153/1
f 205/157/1 133/158/1 132/156/1
f 205/157/1 134/159/1 133/158/1
f 205/157/1 135/160/1 134/159/1
f 204/161/1 135/160/1 205/157/1
f 204/161/1 136/162/1 135/160/1
f 203/163/1 136/162/1 204/161/1
f 203/163/1 137/164/1 136/162/1
f 203/163/1 138/15/1 137/164/1
f 202/165/1 138/15/1 203/163/1
f 202/165/1 139/166/1 138/15/1
f 201/167/1 139/166/1 202/165/1
f 201/167/1 140/168/1 139/166/1
f 201/167/1 141/169/1 140/168/1
f 200/170/1 141/169/1 201/167/1
f 200/170/1 142/171/1 141/169/1
f 199/172/1 142/171/1 200/170/1
f 199/172/1 143/173/1 142/171/1
f 199/172/1 144/174/1 143/173/1
f 198/175/1 144/174/1 199/172/1
f 198/175/1 145/176/1 144/174/1
f 197/177/1 145/176/1 198/175/1
f 197/177/1 146/178/1 145/176/1
f 196/179/1 146/178/1 197/177/1
f 196/179/1 147/180/1 146/178/1
f 171/181/1 173/182/1 172/183/1
f 196/179/1 148/184/1 147/180/1
f 195/65/1 148/184/1 196/179/1
f 171/181/1 174/185/1 173/182/1
f 194/186/1 148/184/1 195/65/1
f 171/181/1 175/187/1 174/185/1
f 193/188/1 148/184/1 194/186/1
f 193/188/1 149/189/1 148/184/1
f 171/181/1 176/71/1 175/187/1
f 192/190/1 149/189/1 193/188/1
f 171/181/1 177/191/1 176/71/1
f 191/192/1 149/189/1 192/190/1
f 171/181/1 178/193/1 177/191/1
f 190/194/1 149/189/1 191/192/1
f 190/194/1 150/195/1 149/189/1
f 171/181/1 179/196/1 178/193/1
f 189/197/1 150/195/1 190/194/1
f 188/198/1 150/195/1 189/197/1
f 171/181/1 180/199/1 179/196/1
f 187/200/1 150/195/1 188/198/1
f 171/181/1 181/201/1 180/199/1
f 186/202/1 150/195/1 187/200/1
f 171/181/1 182/203/1 181/201/1
f 185/204/1 150/195/1 186/202/1
f 171/181/1 183/205/1 182/203/1
f 184/206/1 150/195/1 185/204/1
f 171/181/1 184/206/1 183/205/1
f 184/206/1 151/207/1 150/195/1
f 171/181/1 151/207/1 184/206/1
f 171/181/1 152/208/1 151/207/1
f 171/181/1 153/209/1 152/208/1
f 170/210/1 153/209/1 171/181/1
f 170/210/1 154/211/1 153/209/1
f 169/212/1 154/211/1 170/210/1
f 168/213/1 154/211/1 169/212/1
f 168/213/1 155/214/1 154/211/1
f 167/215/1 155/214/1 168/213/1
f 166/216/1 155/214/1 167/215/1
f 166/216/1 156/217/1 155/214/1
f 165/218/1 156/217/1 166/216/1
f 165/218/1 157/14/1 156/217/1
f 164/219/1 157/14/1 165/218/1
f 163/220/1 157/14/1 164/219/1
f 163/220/1 158/221/1 157/14/1
f 162/222/1 158/221/1 163/220/1
f 161/223/1 158/221/1 162/222/1
f 161/223/1 159/224/1 158/221/1
f 160/225/1 159/224/1 161/223/1
f 258/226/1 260/227/1 259/228/1
f 258/226/1 261/229/1 260/227/1
f 285/230/1 287/231/1 286/232/1
f 285/230/1 288/233/1 287/231/1
f 257/234/1 261/229/1 258/226/1
f 257/234/1 262/235/1 261/229/1
f 257/234/1 263/236/1 262/235/1
f 256/237/1 263/236/1 257/234/1
f 256/237/1 264/238/1 263/236/1
f 284/239/1 288/233/1 285/230/1
f 256/237/1 265/240/1 264/238/1
f 283/241/1 288/233/1 284/239/1
f 255/242/1 265/240/1 256/237/1
f 255/242/1 266/243/1 265/240/1
f 282/244/1 288/233/1 283/241/1
f 281/245/1 288/233/1 282/244/1
f 255/242/1 267/246/1 266/243/1
f 254/247/1 267/246/1 255/242/1
f 280/248/1 288/233/1 281/245/1
f 254/247/1 268/249/1 267/246/1
f 279/250/1 234/84/1 280/248/1
f 234/84/1 288/233/1 280/248/1
f 254/247/1 269/251/1 268/249/1
f 278/252/1 234/84/1 279/250/1
f 254/247/1 270/253/1 269/251/1
f 277/254/1 234/84/1 278/252/1
f 253/255/1 270/253/1 254/247/1
f 276/256/1 234/84/1 277/254/1
f 253/255/1 271/257/1 270/253/1
f 275/258/1 234/84/1 276/256/1
f 253/255/1 272/259/1 271/257/1
f 274/260/1 234/84/1 275/258/1
f 253/255/1 273/261/1 272/259/1
f 273/261/1 234/84/1 274/260/1
f 253/255/1 234/84/1 273/261/1
f 253/255/1 235/262/1 234/84/1
f 289/48/1 288/233/1 234/84/1
f 252/263/1 235/262/1 253/255/1
f 252/263/1 236/264/1 235/262/1
f 252/263/1 237/265/1 236/264/1
f 251/266/1 237/265/1 252/263/1
f 251/266/1 238/267/1 237/265/1
f 250/268/1 238/267/1 251/266/1
f 250/268/1 239/269/1 238/267/1
f 250/268/1 240/270/1 239/269/1
f 249/271/1 240/270/1 250/268/1
f 249/271/1 241/272/1 240/270/1
f 249/271/1 242/273/1 241/272/1
f 248/274/1 242/273/1 249/271/1
f 248/274/1 243/275/1 242/273/1
f 247/276/1 243/275/1 248/274/1
f 247/276/1 244/277/1 243/275/1
f 247/276/1 245/278/1 244/277/1
f 246/279/1 245/278/1 247/276/1
f 387/280/1 389/281/1 388/282/1
f 386/283/1 389/281/1 387/280/1
f 386/283/1 390/284/1 389/281/1
f 385/285/1 390/284/1 386/283/1
f 384/286/1 390/284/1 385/285/1
f 384/286/1 391/287/1 390/284/1
f 383/288/1 391/287/1 384/286/1
f 383/288/1 392/289/1 391/287/1
f 382/290/1 392/289/1 383/288/1
f 381/291/1 392/289/1 382/290/1
f 381/291/1 393/292/1 392/289/1
f 380/293/1 393/292/1 381/291/1
f 380/293/1 394/294/1 393/292/1
f 379/295/1 394/294/1 380/293/1
f 378/296/1 394/294/1 379/295/1
f 378/296/1 395/297/1 394/294/1
f 377/298/1 395/297/1 378/296/1
f 377/298/1 396/299/1 395/297/1
f 376/300/1 396/299/1 377/298/1
f 375/301/1 374/302/1 376/300/1
f 374/302/1 373/303/1 376/300/1
f 373/303/1 372/304/1 376/300/1
f 372/304/1 371/305/1 376/300/1
f 371/305/1 370/306/1 376/300/1
f 370/306/1 369/307/1 376/300/1
f 369/307/1 368/308/1 376/300/1
f 368/308/1 367/309/1 376/300/1
f 367/309/1 366/310/1 376/300/1
f 366/310/1 365/311/1 376/300/1
f 365/311/1 396/299/1 376/300/1
f 365/311/1 364/312/1 396/299/1
f 364/312/1 363/313/1 396/299/1
f 363/313/1 397/314/1 396/299/1
f 363/313/1 362/315/1 397/314/1
f 362/315/1 398/316/1 397/314/1
f 361/317/1 398/316/1 362/315/1
f 360/318/1 398/316/1 361/317/1
f 359/319/1 398/316/1 360/318/1
f 358/320/1 398/316/1 359/319/1
f 357/321/1 398/316/1 358/320/1
f 357/321/1 399/322/1 398/316/1
f 356/323/1 399/322/1 357/321/1
f 355/324/1 399/322/1 356/323/1
f 354/325/1 399/322/1 355/324/1
f 354/325/1 400/326/1 399/322/1
f 353/327/1 400/326/1 354/325/1
f 352/328/1 400/326/1 353/327/1
f 352/328/1 401/329/1 400/326/1
f 351/330/1 401/329/1 352/328/1
f 350/331/1 401/329/1 351/330/1
f 349/332/1 463/48/1 350/331/1
f 463/48/1 401/329/1 350/331/1
f 348/333/1 463/48/1 349/332/1
f 347/334/1 463/48/1 348/333/1
f 346/335/1 463/48/1 347/334/1
f 345/336/1 463/48/1 346/335/1
f 345/336/1 427/337/1 463/48/1
f 462/338/1 401/329/1 463/48/1
f 345/336/1 428/339/1 427/337/1
f 344/340/1 428/339/1 345/336/1
f 344/340/1 429/341/1 428/339/1
f 343/342/1 429/341/1 344/340/1
f 343/342/1 430/343/1 429/341/1
f 342/344/1 430/343/1 343/342/1
f 342/344/1 431/345/1 430/343/1
f 342/344/1 432/346/1 431/345/1
f 341/347/1 432/346/1 342/344/1
f 341/347/1 433/348/1 432/346/1
f 340/349/1 433/348/1 341/347/1
f 340/349/1 434/350/1 433/348/1
f 340/349/1 435/351/1 434/350/1
f 339/352/1 435/351/1 340/349/1
f 339/352/1 436/353/1 435/351/1
f 339/352/1 437/354/1 436/353/1
f 338/355/1 437/354/1 339/352/1
f 338/355/1 438/356/1 437/354/1
f 337/357/1 438/356/1 338/355/1
f 337/357/1 439/358/1 438/356/1
f 337/357/1 440/359/1 439/358/1
f 336/360/1 440/359/1 337/357/1
f 336/360/1 441/361/1 440/359/1
f 336/360/1 442/362/1 441/361/1
f 461/363/1 401/329/1 462/338/1
f 335/364/1 442/362/1 336/360/1
f 460/365/1 401/329/1 461/363/1
f 335/364/1 443/366/1 442/362/1
f 459/367/1 401/329/1 460/365/1
f 424/368/1 426/369/1 425/370/1
f 459/367/1 402/371/1 401/329/1
f 335/364/1 444/372/1 443/366/1
f 423/373/1 426/369/1 424/368/1
f 458/374/1 402/371/1 459/367/1
f 458/374/1 403/375/1 402/371/1
f 422/376/1 426/369/1 423/373/1
f 334/377/1 444/372/1 335/364/1
f 334/377/1 445/378/1 444/372/1
f 458/374/1 404/379/1 403/375/1
f 457/380/1 404/379/1 458/374/1
f 421/381/1 426/369/1 422/376/1
f 457/380/1 405/382/1 404/379/1
f 456/383/1 405/382/1 457/380/1
f 420/384/1 426/369/1 421/381/1
f 334/377/1 446/385/1 445/378/1
f 456/383/1 406/386/1 405/382/1
f 419/387/1 426/369/1 420/384/1
f 455/388/1 406/386/1 456/383/1
f 455/388/1 407/389/1 406/386/1
f 418/390/1 426/369/1 419/387/1
f 334/377/1 447/391/1 446/385/1
f 455/388/1 408/392/1 407/389/1
f 454/393/1 408/392/1 455/388/1
f 417/394/1 426/369/1 418/390/1
f 454/393/1 409/395/1 408/392/1
f 333/396/1 447/391/1 334/377/1
f 416/397/1 426/369/1 417/394/1
f 333/396/1 448/398/1 447/391/1
f 453/399/1 409/395/1 454/393/1
f 453/399/1 410/400/1 409/395/1
f 415/401/1 426/369/1 416/397/1
f 453/399/1 411/402/1 410/400/1
f 414/403/1 426/369/1 415/401/1
f 452/404/1 411/402/1 453/399/1
f 452/404/1 412/405/1 411/402/1
f 413/406/1 426/369/1 414/403/1
f 452/404/1 413/406/1 412/405/1
f 333/396/1 449/407/1 448/398/1
f 452/404/1 426/369/1 413/406/1
f 451/408/1 426/369/1 452/404/1
f 333/396/1 450/409/1 449/407/1
f 450/409/1 426/369/1 451/408/1
f 333/396/1 313/410/1 450/409/1
f 313/410/1 426/369/1 450/409/1
f 332/411/1 313/410/1 333/396/1
f 332/411/1 314/412/1 313/410/1
f 312/413/1 426/369/1 313/410/1
f 331/414/1 314/412/1 332/411/1
f 331/414/1 315/415/1 314/412/1
f 311/416/1 426/369/1 312/413/1
f 311/416/1 290/84/1 426/369/1
f 330/417/1 315/415/1 331/414/1
f 330/417/1 316/418/1 315/415/1
f 310/419/1 290/84/1 311/416/1
f 310/419/1 291/420/1 290/84/1
f 330/417/1 317/421/1 316/418/1
f 309/422/1 291/420/1 310/419/1
f 329/423/1 317/421/1 330/417/1
f 309/422/1 292/424/1 291/420/1
f 329/423/1 318/425/1 317/421/1
f 308/426/1 292/424/1 309/422/1
f 308/426/1 293/427/1 292/424/1
f 328/428/1 318/425/1 329/423/1
f 328/428/1 319/429/1 318/425/1
f 307/430/1 293/427/1 308/426/1
f 307/430/1 294/431/1 293/427/1
f 328/428/1 320/432/1 319/429/1
f 306/433/1 294/431/1 307/430/1
f 306/433/1 295/434/1 294/431/1
f 327/435/1 320/432/1 328/428/1
f 327/435/1 321/436/1 320/432/1
f 305/437/1 295/434/1 306/433/1
f 305/437/1 296/438/1 295/434/1
f 327/435/1 322/439/1 321/436/1
f 305/437/1 297/440/1 296/438/1
f 304/441/1 297/440/1 305/437/1
f 326/442/1 322/439/1 327/435/1
f 304/441/1 298/443/1 297/440/1
f 326/442/1 323/444/1 322/439/1
f 303/445/1 298/443/1 304/441/1
f 303/445/1 299/446/1 298/443/1
f 326/442/1 324/447/1 323/444/1
f 302/448/1 299/446/1 303/445/1
f 325/449/1 324/447/1 326/442/1
f 302/448/1 300/450/1 299/446/1
f 301/451/1 300/450/1 302/448/1
f 490/227/1 518/233/1 491/229/1
f 518/233/1 492/235/1 491/229/1
f 518/233/1 464/84/1 492/235/1
f 518/233/1 465/262/1 464/84/1
f 518/233/1 466/264/1 465/262/1
f 518/233/1 467/265/1 466/264/1
f 518/233/1 468/267/1 467/265/1
f 518/233/1 469/269/1 468/267/1
f 518/233/1 470/270/1 469/269/1
f 518/233/1 517/231/1 470/270/1
f 517/231/1 471/272/1 470/270/1
f 490/227/1 519/48/1 518/233/1
f 516/232/1 471/272/1 517/231/1
f 515/230/1 471/272/1 516/232/1
f 514/239/1 471/272/1 515/230/1
f 514/239/1 472/273/1 471/272/1
f 513/241/1 472/273/1 514/239/1
f 512/244/1 472/273/1 513/241/1
f 511/245/1 472/273/1 512/244/1
f 511/245/1 473/275/1 472/273/1
f 510/248/1 473/275/1 511/245/1
f 509/250/1 473/275/1 510/248/1
f 508/252/1 473/275/1 509/250/1
f 508/252/1 474/277/1 473/275/1
f 507/254/1 474/277/1 508/252/1
f 506/256/1 474/277/1 507/254/1
f 506/256/1 475/278/1 474/277/1
f 505/258/1 475/278/1 506/256/1
f 504/260/1 475/278/1 505/258/1
f 504/260/1 476/279/1 475/278/1
f 503/261/1 476/279/1 504/260/1
f 503/261/1 477/276/1 476/279/1
f 502/259/1 477/276/1 503/261/1
f 501/257/1 477/276/1 502/259/1
f 501/257/1 478/274/1 477/276/1
f 500/253/1 478/274/1 501/257/1
f 499/251/1 478/274/1 500/253/1
f 499/251/1 479/271/1 478/274/1
f 498/249/1 479/271/1 499/251/1
f 497/246/1 479/271/1 498/249/1
f 496/243/1 479/271/1 497/246/1
f 495/240/1 479/271/1 496/243/1
f 495/240/1 480/268/1 479/271/1
f 494/238/1 480/268/1 495/240/1
f 493/236/1 480/268/1 494/238/1
f 490/227/1 488/226/1 519/48/1
f 488/226/1 493/236/1 519/48/1
f 488/226/1 480/268/1 493/236/1
f 488/226/1 481/266/1 480/268/1
f 488/226/1 482/263/1 481/266/1
f 488/226/1 483/255/1 482/263/1
f 488/226/1 484/247/1 483/255/1
f 488/226/1 485/242/1 484/247/1
f 488/226/1 486/237/1 485/242/1
f 488/226/1 487/234/1 486/237/1
f 490/227/1 489/228/1 488/226/1
f 554/1/2 555/3/2 556/2/2
f 554/1/2 556/2/2 557/4/2
f 553/5/2 554/1/2 557/4/2
f 553/5/2 557/4/2 558/6/2
f 552/7/2 553/5/2 558/6/2
f 552/7/2 558/6/2 559/8/2
f 551/9/2 552/7/2 559/8/2
f 551/9/2 559/8/2 560/10/2
f 550/11/2 551/9/2 560/10/2
f 550/11/2 560/10/2 561/12/2
f 549/13/2 550/11/2 561/12/2
f 549/13/2 561/12/2 562/14/2
f 548/15/2 549/13/2 605/16/2
f 605/16/2 549/13/2 562/14/2
f 548/15/2 605/16/2 606/17/2
f 604/18/2 605/16/2 562/14/2
f 548/15/2 606/17/2 607/19/2
f 603/20/2 604/18/2 562/14/2
f 548/15/2 607/19/2 608/21/2
f 602/22/2 603/20/2 562/14/2
f 602/22/2 562/14/2 563/23/2
f 548/15/2 608/21/2 609/24/2
f 547/25/2 548/15/2 609/24/2
f 601/26/2 602/22/2 563/23/2
f 547/25/2 609/24/2 610/27/2
f 600/28/2 601/26/2 563/23/2
f 547/25/2 610/27/2 611/29/2
f 599/30/2 600/28/2 563/23/2
f 547/25/2 611/29/2 612/31/2
f 598/32/2 599/30/2 563/23/2
f 546/33/2 547/25/2 612/31/2
f 598/32/2 563/23/2 564/34/2
f 546/33/2 612/31/2 613/35/2
f 597/36/2 598/32/2 564/34/2
f 546/33/2 613/35/2 614/37/2
f 596/38/2 597/36/2 564/34/2
f 545/39/2 546/33/2 614/37/2
f 596/38/2 564/34/2 565/40/2
f 545/39/2 614/37/2 615/41/2
f 595/42/2 596/38/2 565/40/2
f 545/39/2 615/41/2 616/43/2
f 594/44/2 595/42/2 565/40/2
f 544/45/2 545/39/2 616/43/2
f 544/45/2 616/43/2 617/46/2
f 594/44/2 565/40/2 566/47/2
f 618/48/2 594/44/2 566/47/2
f 544/45/2 617/46/2 618/48/2
f 544/45/2 618/48/2 566/47/2
f 543/49/2 544/45/2 566/47/2
f 543/49/2 566/47/2 567/50/2
f 542/51/2 543/49/2 568/52/2
f 568/52/2 543/49/2 567/50/2
f 542/51/2 568/52/2 569/53/2
f 541/54/2 542/51/2 569/53/2
f 541/54/2 569/53/2 570/55/2
f 541/54/2 570/55/2 571/56/2
f 540/57/2 541/54/2 571/56/2
f 540/57/2 571/56/2 572/58/2
f 539/59/2 540/57/2 572/58/2
f 539/59/2 572/58/2 573/60/2
f 591/61/2 592/63/2 593/62/2
f 539/59/2 573/60/2 574/64/2
f 590/65/2 591/61/2 593/62/2
f 589/66/2 590/65/2 593/62/2
f 538/67/2 539/59/2 574/64/2
f 538/67/2 574/64/2 575/68/2
f 588/69/2 589/66/2 593/62/2
f 587/70/2 588/69/2 593/62/2
f 538/67/2 575/68/2 576/71/2
f 586/72/2 587/70/2 593/62/2
f 538/67/2 576/71/2 577/73/2
f 585/74/2 586/72/2 593/62/2
f 537/75/2 538/67/2 577/73/2
f 584/76/2 585/74/2 593/62/2
f 537/75/2 577/73/2 578/77/2
f 583/78/2 584/76/2 593/62/2
f 537/75/2 578/77/2 579/79/2
f 582/80/2 583/78/2 593/62/2
f 581/81/2 582/80/2 593/62/2
f 537/75/2 579/79/2 580/82/2
f 580/82/2 581/81/2 593/62/2
f 537/75/2 580/82/2 593/62/2
f 536/83/2 537/75/2 593/62/2
f 536/83/2 593/62/2 520/84/2
f 535/85/2 536/83/2 520/84/2
f 535/85/2 520/84/2 521/86/2
f 535/85/2 521/86/2 522/87/2
f 534/88/2 535/85/2 522/87/2
f 534/88/2 522/87/2 523/89/2
f 534/88/2 523/89/2 524/90/2
f 533/91/2 534/88/2 524/90/2
f 533/91/2 524/90/2 525/92/2
f 533/91/2 525/92/2 526/93/2
f 532/94/2 533/91/2 526/93/2
f 532/94/2 526/93/2 527/95/2
f 532/94/2 527/95/2 528/96/2
f 532/94/2 528/96/2 529/97/2
f 531/98/2 532/94/2 529/97/2
f 531/98/2 529/97/2 530/99/2
f 738/100/2 739/102/2 740/101/2
f 738/100/2 740/101/2 741/103/2
f 737/104/2 738/100/2 741/103/2
f 737/104/2 741/103/2 742/105/2
f 737/104/2 742/105/2 743/106/2
f 736/107/2 737/104/2 743/106/2
f 736/107/2 743/106/2 744/108/2
f 736/107/2 744/108/2 745/109/2
f 735/110/2 736/107/2 745/109/2
f 735/110/2 745/109/2 746/111/2
f 735/110/2 746/111/2 747/112/2
f 734/113/2 735/110/2 747/112/2
f 734/113/2 747/112/2 748/114/2
f 734/113/2 748/114/2 749/115/2
f 733/18/2 734/113/2 749/115/2
f 733/18/2 749/115/2 750/116/2
f 733/18/2 750/116/2 751/117/2
f 732/118/2 733/18/2 751/117/2
f 732/118/2 751/117/2 626/119/2
f 626/119/2 751/117/2 625/120/2
f 625/120/2 751/117/2 624/121/2
f 624/121/2 751/117/2 623/122/2
f 623/122/2 751/117/2 622/123/2
f 622/123/2 751/117/2 621/124/2
f 621/124/2 751/117/2 620/125/2
f 620/125/2 751/117/2 619/84/2
f 619/84/2 751/117/2 752/48/2
f 731/126/2 732/118/2 628/127/2
f 628/127/2 732/118/2 627/128/2
f 627/128/2 732/118/2 626/119/2
f 730/129/2 731/126/2 629/130/2
f 629/130/2 731/126/2 628/127/2
f 729/131/2 730/129/2 631/132/2
f 631/132/2 730/129/2 630/133/2
f 630/133/2 730/129/2 629/130/2
f 729/131/2 631/132/2 632/134/2
f 729/131/2 632/134/2 633/135/2
f 729/131/2 633/135/2 634/136/2
f 729/131/2 634/136/2 635/137/2
f 729/131/2 635/137/2 636/138/2
f 728/139/2 729/131/2 636/138/2
f 728/139/2 636/138/2 637/140/2
f 728/139/2 637/140/2 638/88/2
f 728/139/2 638/88/2 639/141/2
f 728/139/2 639/141/2 640/142/2
f 727/143/2 728/139/2 640/142/2
f 727/143/2 640/142/2 641/144/2
f 727/143/2 641/144/2 642/145/2
f 727/143/2 642/145/2 643/146/2
f 726/147/2 727/143/2 643/146/2
f 726/147/2 643/146/2 644/148/2
f 726/147/2 644/148/2 645/149/2
f 726/147/2 645/149/2 646/150/2
f 726/147/2 646/150/2 647/151/2
f 726/147/2 647/151/2 648/152/2
f 725/153/2 726/147/2 648/152/2
f 725/153/2 648/152/2 649/154/2
f 725/153/2 649/154/2 650/155/2
f 725/153/2 650/155/2 651/156/2
f 724/157/2 725/153/2 651/156/2
f 724/157/2 651/156/2 652/158/2
f 724/157/2 652/158/2 653/159/2
f 724/157/2 653/159/2 654/160/2
f 723/161/2 724/157/2 654/160/2
f 723/161/2 654/160/2 655/162/2
f 722/163/2 723/161/2 655/162/2
f 722/163/2 655/162/2 656/164/2
f 722/163/2 656/164/2 657/15/2
f 721/165/2 722/163/2 657/15/2
f 721/165/2 657/15/2 658/166/2
f 720/167/2 721/165/2 658/166/2
f 720/167/2 658/166/2 659/168/2
f 720/167/2 659/168/2 660/169/2
f 719/170/2 720/167/2 660/169/2
f 719/170/2 660/169/2 661/171/2
f 718/172/2 719/170/2 661/171/2
f 718/172/2 661/171/2 662/173/2
f 718/172/2 662/173/2 663/174/2
f 717/175/2 718/172/2 663/174/2
f 717/175/2 663/174/2 664/176/2
f 716/177/2 717/175/2 664/176/2
f 716/177/2 664/176/2 665/178/2
f 715/179/2 716/177/2 665/178/2
f 715/179/2 665/178/2 666/180/2
f 690/181/2 691/183/2 692/182/2
f 715/179/2 666/180/2 667/184/2
f 714/65/2 715/179/2 667/184/2
f 690/181/2 692/182/2 693/185/2
f 713/186/2 714/65/2 667/184/2
f 690/181/2 693/185/2 694/187/2
f 712/188/2 713/186/2 667/184/2
f 712/188/2 667/184/2 668/189/2
f 690/181/2 694/187/2 695/71/2
f 711/190/2 712/188/2 668/189/2
f 690/181/2 695/71/2 696/191/2
f 710/192/2 711/190/2 668/189/2
f 690/181/2 696/191/2 697/193/2
f 709/194/2 710/192/2 668/189/2
f 709/194/2 668/189/2 669/195/2
f 690/181/2 697/193/2 698/196/2
f 708/197/2 709/194/2 669/195/2
f 707/198/2 708/197/2 669/195/2
f 690/181/2 698/196/2 699/199/2
f 706/200/2 707/198/2 669/195/2
f 690/181/2 699/199/2 700/201/2
f 705/202/2 706/200/2 669/195/2
f 690/181/2 700/201/2 701/203/2
f 704/204/2 705/202/2 669/195/2
f 690/181/2 701/203/2 702/205/2
f 703/206/2 704/204/2 669/195/2
f 690/181/2 702/205/2 703/206/2
f 703/206/2 669/195/2 670/207/2
f 690/181/2 703/206/2 670/207/2
f 690/181/2 670/207/2 671/208/2
f 690/181/2 671/208/2 672/209/2
f 689/210/2 690/181/2 672/209/2
f 689/210/2 672/209/2 673/211/2
f 688/212/2 689/210/2 673/211/2
f 687/213/2 688/212/2 673/211/2
f 687/213/2 673/211/2 674/214/2
f 686/215/2 687/213/2 674/214/2
f 685/216/2 686/215/2 674/214/2
f 685/216/2 674/214/2 675/217/2
f 684/218/2 685/216/2 675/217/2
f 684/218/2 675/217/2 676/14/2
f 683/219/2 684/218/2 676/14/2
f 682/220/2 683/219/2 676/14/2
f 682/220/2 676/14/2 677/221/2
f 681/222/2 682/220/2 677/221/2
f 680/223/2 681/222/2 677/221/2
f 680/223/2 677/221/2 678/224/2
f 679/225/2 680/223/2 678/224/2
f 777/226/2 778/228/2 779/227/2
f 777/226/2 779/227/2 780/229/2
f 804/230/2 805/232/2 806/231/2
f 804/230/2 806/231/2 807/233/2
f 776/234/2 777/226/2 780/229/2
f 776/234/2 780/229/2 781/235/2
f 776/234/2 781/235/2 782/236/2
f 775/237/2 776/234/2 782/236/2
f 775/237/2 782/236/2 783/238/2
f 803/239/2 804/230/2 807/233/2
f 775/237/2 783/238/2 784/240/2
f 802/241/2 803/239/2 807/233/2
f 774/242/2 775/237/2 784/240/2
f 774/242/2 784/240/2 785/243/2
f 801/244/2 802/241/2 807/233/2
f 800/245/2 801/244/2 807/233/2
f 774/242/2 785/243/2 786/246/2
f 773/247/2 774/242/2 786/246/2
f 799/248/2 800/245/2 807/233/2
f 773/247/2 786/246/2 787/249/2
f 798/250/2 799/248/2 753/84/2
f 753/84/2 799/248/2 807/233/2
f 773/247/2 787/249/2 788/251/2
f 797/252/2 798/250/2 753/84/2
f 773/247/2 788/251/2 789/253/2
f 796/254/2 797/252/2 753/84/2
f 772/255/2 773/247/2 789/253/2
f 795/256/2 796/254/2 753/84/2
f 772/255/2 789/253/2 790/257/2
f 794/258/2 795/256/2 753/84/2
f 772/255/2 790/257/2 791/259/2
f 793/260/2 794/258/2 753/84/2
f 772/255/2 791/259/2 792/261/2
f 792/261/2 793/260/2 753/84/2
f 772/255/2 792/261/2 753/84/2
f 772/255/2 753/84/2 754/262/2
f 808/48/2 753/84/2 807/233/2
f 771/263/2 772/255/2 754/262/2
f 771/263/2 754/262/2 755/264/2
f 771/263/2 755/264/2 756/265/2
f 770/266/2 771/263/2 756/265/2
f 770/266/2 756/265/2 757/267/2
f 769/268/2 770/266/2 757/267/2
f 769/268/2 757/267/2 758/269/2
f 769/268/2 758/269/2 759/270/2
f 768/271/2 769/268/2 759/270/2
f 768/271/2 759/270/2 760/272/2
f 768/271/2 760/272/2 761/273/2
f 767/274/2 768/271/2 761/273/2
f 767/274/2 761/273/2 762/275/2
f 766/276/2 767/274/2 762/275/2
f 766/276/2 762/275/2 763/277/2
f 766/276/2 763/277/2 764/278/2
f 765/279/2 766/276/2 764/278/2
f 906/280/2 907/282/2 908/281/2
f 905/283/2 906/280/2 908/281/2
f 905/283/2 908/281/2 909/284/2
f 904/285/2 905/283/2 909/284/2
f 903/286/2 904/285/2 909/284/2
f 903/286/2 909/284/2 910/287/2
f 902/288/2 903/286/2 910/287/2
f 902/288/2 910/287/2 911/289/2
f 901/290/2 902/288/2 911/289/2
f 900/291/2 901/290/2 911/289/2
f 900/291/2 911/289/2 912/292/2
f 899/293/2 900/291/2 912/292/2
f 899/293/2 912/292/2 913/294/2
f 898/295/2 899/293/2 913/294/2
f 897/296/2 898/295/2 913/294/2
f 897/296/2 913/294/2 914/297/2
f 896/298/2 897/296/2 914/297/2
f 896/298/2 914/297/2 915/299/2
f 895/300/2 896/298/2 915/299/2
f 894/301/2 895/300/2 893/302/2
f 893/302/2 895/300/2 892/303/2
f 892/303/2 895/300/2 891/304/2
f 891/304/2 895/300/2 890/305/2
f 890/305/2 895/300/2 889/306/2
f 889/306/2 895/300/2 888/307/2
f 888/307/2 895/300/2 887/308/2
f 887/308/2 895/300/2 886/309/2
f 886/309/2 895/300/2 885/310/2
f 885/310/2 895/300/2 884/311/2
f 884/311/2 895/300/2 915/299/2
f 884/311/2 915/299/2 883/312/2
f 883/312/2 915/299/2 882/313/2
f 882/313/2 915/299/2 916/314/2
f 882/313/2 916/314/2 881/315/2
f 881/315/2 916/314/2 917/316/2
f 880/317/2 881/315/2 917/316/2
f 879/318/2 880/317/2 917/316/2
f 878/319/2 879/318/2 917/316/2
f 877/320/2 878/319/2 917/316/2
f 876/321/2 877/320/2 917/316/2
f 876/321/2 917/316/2 918/322/2
f 875/323/2 876/321/2 918/322/2
f 874/324/2 875/323/2 918/322/2
f 873/325/2 874/324/2 918/322/2
f 873/325/2 918/322/2 919/326/2
f 872/327/2 873/325/2 919/326/2
f 871/328/2 872/327/2 919/326/2
f 871/328/2 919/326/2 920/329/2
f 870/330/2 871/328/2 920/329/2
f 869/331/2 870/330/2 920/329/2
f 868/332/2 869/331/2 982/48/2
f 982/48/2 869/331/2 920/329/2
f 867/333/2 868/332/2 982/48/2
f 866/334/2 867/333/2 982/48/2
f 865/335/2 866/334/2 982/48/2
f 864/336/2 865/335/2 982/48/2
f 864/336/2 982/48/2 946/337/2
f 981/338/2 982/48/2 920/329/2
f 864/336/2 946/337/2 947/339/2
f 863/340/2 864/336/2 947/339/2
f 863/340/2 947/339/2 948/341/2
f 862/342/2 863/340/2 948/341/2
f 862/342/2 948/341/2 949/343/2
f 861/344/2 862/342/2 949/343/2
f 861/344/2 949/343/2 950/345/2
f 861/344/2 950/345/2 951/346/2
f 860/347/2 861/344/2 951/346/2
f 860/347/2 951/346/2 952/348/2
f 859/349/2 860/347/2 952/348/2
f 859/349/2 952/348/2 953/350/2
f 859/349/2 953/350/2 954/351/2
f 858/352/2 859/349/2 954/351/2
f 858/352/2 954/351/2 955/353/2
f 858/352/2 955/353/2 956/354/2
f 857/355/2 858/352/2 956/354/2
f 857/355/2 956/354/2 957/356/2
f 856/357/2 857/355/2 957/356/2
f 856/357/2 957/356/2 958/358/2
f 856/357/2 958/358/2 959/359/2
f 855/360/2 856/357/2 959/359/2
f 855/360/2 959/359/2 960/361/2
f 855/360/2 960/361/2 961/362/2
f 980/363/2 981/338/2 920/329/2
f 854/364/2 855/360/2 961/362/2
f 979/365/2 980/363/2 920/329/2
f 854/364/2 961/362/2 962/366/2
f 978/367/2 979/365/2 920/329/2
f 943/368/2 944/370/2 945/369/2
f 978/367/2 920/329/2 921/371/2
f 854/364/2 962/366/2 963/372/2
f 942/373/2 943/368/2 945/369/2
f 977/374/2 978/367/2 921/371/2
f 977/374/2 921/371/2 922/375/2
f 941/376/2 942/373/2 945/369/2
f 853/377/2 854/364/2 963/372/2
f 853/377/2 963/372/2 964/378/2
f 977/374/2 922/375/2 923/379/2
f 976/380/2 977/374/2 923/379/2
f 940/381/2 941/376/2 945/369/2
f 976/380/2 923/379/2 924/382/2
f 975/383/2 976/380/2 924/382/2
f 939/384/2 940/381/2 945/369/2
f 853/377/2 964/378/2 965/385/2
f 975/383/2 924/382/2 925/386/2
f 938/387/2 939/384/2 945/369/2
f 974/388/2 975/383/2 925/386/2
f 974/388/2 925/386/2 926/389/2
f 937/390/2 938/387/2 945/369/2
f 853/377/2 965/385/2 966/391/2
f 974/388/2 926/389/2 927/392/2
f 973/393/2 974/388/2 927/392/2
f 936/394/2 937/390/2 945/369/2
f 973/393/2 927/392/2 928/395/2
f 852/396/2 853/377/2 966/391/2
f 935/397/2 936/394/2 945/369/2
f 852/396/2 966/391/2 967/398/2
f 972/399/2 973/393/2 928/395/2
f 972/399/2 928/395/2 929/400/2
f 934/401/2 935/397/2 945/369/2
f 972/399/2 929/400/2 930/402/2
f 933/403/2 934/401/2 945/369/2
f 971/404/2 972/399/2 930/402/2
f 971/404/2 930/402/2 931/405/2
f 932/406/2 933/403/2 945/369/2
f 971/404/2 931/405/2 932/406/2
f 852/396/2 967/398/2 968/407/2
f 971/404/2 932/406/2 945/369/2
f 970/408/2 971/404/2 945/369/2
f 852/396/2 968/407/2 969/409/2
f 969/409/2 970/408/2 945/369/2
f 852/396/2 969/409/2 832/410/2
f 832/410/2 969/409/2 945/369/2
f 851/411/2 852/396/2 832/410/2
f 851/411/2 832/410/2 833/412/2
f 831/413/2 832/410/2 945/369/2
f 850/414/2 851/411/2 833/412/2
f 850/414/2 833/412/2 834/415/2
f 830/416/2 831/413/2 945/369/2
f 830/416/2 945/369/2 809/84/2
f 849/417/2 850/414/2 834/415/2
f 849/417/2 834/415/2 835/418/2
f 829/419/2 830/416/2 809/84/2
f 829/419/2 809/84/2 810/420/2
f 849/417/2 835/418/2 836/421/2
f 828/422/2 829/419/2 810/420/2
f 848/423/2 849/417/2 836/421/2
f 828/422/2 810/420/2 811/424/2
f 848/423/2 836/421/2 837/425/2
f 827/426/2 828/422/2 811/424/2
f 827/426/2 811/424/2 812/427/2
f 847/428/2 848/423/2 837/425/2
f 847/428/2 837/425/2 838/429/2
f 826/430/2 827/426/2 812/427/2
f 826/430/2 812/427/2 813/431/2
f 847/428/2 838/429/2 839/432/2
f 825/433/2 826/430/2 813/431/2
f 825/433/2 813/431/2 814/434/2
f 846/435/2 847/428/2 839/432/2
f 846/435/2 839/432/2 840/436/2
f 824/437/2 825/433/2 814/434/2
f 824/437/2 814/434/2 815/438/2
f 846/435/2 840/436/2 841/439/2
f 824/437/2 815/438/2 816/440/2
f 823/441/2 824/437/2 816/440/2
f 845/442/2 846/435/2 841/439/2
f 823/441/2 816/440/2 817/443/2
f 845/442/2 841/439/2 842/444/2
f 822/445/2 823/441/2 817/443/2
f 822/445/2 817/443/2 818/446/2
f 845/442/2 842/444/2 843/447/2
f 821/448/2 822/445/2 818/446/2
f 844/449/2 845/442/2 843/447/2
f 821/448/2 818/446/2 819/450/2
f 820/451/2 821/448/2 819/450/2
f 1009/227/2 1010/229/2 1037/233/2
f 1037/233/2 1010/229/2 1011/235/2
f 1037/233/2 1011/235/2 983/84/2
f 1037/233/2 983/84/2 984/262/2
f 1037/233/2 984/262/2 985/264/2
f 1037/233/2 985/264/2 986/265/2
f 1037/233/2 986/265/2 987/267/2
f 1037/233/2 987/267/2 988/269/2
f 1037/233/2 988/269/2 989/270/2
f 1037/233/2 989/270/2 1036/231/2
f 1036/231/2 989/270/2 990/272/2
f 1009/227/2 1037/233/2 1038/48/2
f 1035/232/2 1036/231/2 990/272/2
f 1034/230/2 1035/232/2 990/272/2
f 1033/239/2 1034/230/2 990/272/2
f 1033/239/2 990/272/2 991/273/2
f 1032/241/2 1033/239/2 991/273/2
f 1031/244/2 1032/241/2 991/273/2
f 1030/245/2 1031/244/2 991/273/2
f 1030/245/2 991/273/2 992/275/2
f 1029/248/2 1030/245/2 992/275/2
f 1028/250/2 1029/248/2 992/275/2
f 1027/252/2 1028/250/2 992/275/2
f 1027/252/2 992/275/2 993/277/2
f 1026/254/2 1027/252/2 993/277/2
f 1025/256/2 1026/254/2 993/277/2
f 1025/256/2 993/277/2 994/278/2
f 1024/258/2 1025/256/2 994/278/2
f 1023/260/2 1024/258/2 994/278/2
f 1023/260/2 994/278/2 995/279/2
f 1022/261/2 1023/260/2 995/279/2
f 1022/261/2 995/279/2 996/276/2
f 1021/259/2 1022/261/2 996/276/2
f 1020/257/2 1021/259/2 996/276/2
f 1020/257/2 996/276/2 997/274/2
f 1019/253/2 1020/257/2 997/274/2
f 1018/251/2 1019/253/2 997/274/2
f 1018/251/2 997/274/2 998/271/2
f 1017/249/2 1018/251/2 998/271/2
f 1016/246/2 1017/249/2 998/271/2
f 1015/243/2 1016/246/2 998/271/2
f 1014/240/2 1015/243/2 998/271/2
f 1014/240/2 998/271/2 999/268/2
f 1013/238/2 1014/240/2 999/268/2
f 1012/236/2 1013/238/2 999/268/2
f 1009/227/2 1038/48/2 1007/226/2
f 1007/226/2 1038/48/2 1012/236/2
f 1007/226/2 1012/236/2 999/268/2
f 1007/226/2 999/268/2 1000/266/2
f 1007/226/2 1000/266/2 1001/263/2
f 1007/226/2 1001/263/2 1002/255/2
f 1007/226/2 1002/255/2 1003/247/2
f 1007/226/2 1003/247/2 1004/242/2
f 1007/226/2 1004/242/2 1005/237/2
f 1007/226/2 1005/237/2 1006/234/2
f 1009/227/2 1007/226/2 1008/228/2
s 1
f 1040/452/3 1042/453/4 1041/454/4 1039/84/3
f 1042/453/4 1044/455/5 1043/456/5 1041/454/4
f 1044/455/5 1046/457/6 1045/458/6 1043/456/5
f 1046/457/6 1048/459/7 1047/460/7 1045/458/6
f 1048/459/7 1050/461/8 1049/462/8 1047/460/7
f 1050/461/8 1052/463/9 1051/464/9 1049/462/8
f 1052/463/9 1054/465/10 1053/466/10 1051/464/9
f 1054/465/10 1056/467/11 1055/468/11 1053/466/10
f 1056/467/11 1058/469/12 1057/470/12 1055/468/11
f 1058/469/12 1060/471/13 1059/472/13 1057/470/12
f 1060/471/13 1062/473/14 1061/474/14 1059/472/13
f 1062/473/14 1064/475/15 1063/476/15 1061/474/14
f 1064/475/15 1066/477/16 1065/478/16 1063/476/15
f 1066/477/16 1068/479/17 1067/480/17 1065/478/16
f 1068/479/17 1070/481/18 1069/482/18 1067/480/17
f 1070/481/18 1072/483/19 1071/484/19 1069/482/18
f 1072/483/19 1074/485/20 1073/486/20 1071/484/19
f 1074/485/20 1076/487/21 1075/488/21 1073/486/20
f 1076/487/21 1078/489/22 1077/490/22 1075/488/21
f 1078/489/22 1080/491/23 1079/492/23 1077/490/22
f 1080/491/23 1082/493/24 1081/494/24 1079/492/23
f 1082/493/24 1084/495/25 1083/496/25 1081/494/24
f 1084/495/25 1086/497/26 1085/498/26 1083/496/25
f 1086/497/26 1088/499/27 1087/500/27 1085/498/26
f 1088/499/27 1090/501/27 1089/502/27 1087/500/27
f 1090/501/27 1092/503/28 1091/504/28 1089/502/27
f 1092/503/28 1094/505/29 1093/506/29 1091/504/28
f 1094/505/29 1096/507/30 1095/508/30 1093/506/29
f 1096/507/30 1040/509/3 1039/48/3 1095/508/30
f 1098/452/31 1100/510/32 1099/511/32 1097/84/31
f 1100/510/32 1102/512/33 1101/513/33 1099/511/32
f 1102/512/33 1104/514/34 1103/515/34 1101/513/33
f 1104/514/34 1106/516/35 1105/517/35 1103/515/34
f 1106/516/35 1108/518/36 1107/519/36 1105/517/35
f 1108/518/36 1110/520/37 1109/521/37 1107/519/36
f 1110/520/37 1112/522/38 1111/523/38 1109/521/37
f 1112/522/38 1114/524/39 1113/525/39 1111/523/38
f 1114/524/39 1116/526/40 1115/527/40 1113/525/39
f 1116/526/40 1118/528/41 1117/529/41 1115/527/40
f 1118/528/41 1120/530/42 1119/531/42 1117/529/41
f 1120/530/42 1122/532/43 1121/533/43 1119/531/42
f 1122/532/43 1124/534/44 1123/535/44 1121/533/43
f 1124/534/44 1126/536/45 1125/537/45 1123/535/44
f 1126/536/45 1128/538/46 1127/539/46 1125/537/45
f 1128/538/46 1130/540/47 1129/541/47 1127/539/46
f 1130/540/47 1132/542/48 1131/543/48 1129/541/47
f 1132/542/48 1134/544/49 1133/545/49 1131/543/48
f 1134/544/49 1136/546/50 1135/547/50 1133/545/49
f 1136/546/50 1138/548/51 1137/549/51 1135/547/50
f 1138/548/51 1140/550/52 1139/551/52 1137/549/51
f 1140/550/52 1142/552/53 1141/553/53 1139/551/52
f 1142/552/53 1144/554/54 1143/555/54 1141/553/53
f 1144/554/54 1146/556/55 1145/557/55 1143/555/54
f 1146/556/55 1148/558/27 1147/559/27 1145/557/55
f 1148/558/27 1150/560/56 1149/561/56 1147/559/27
f 1150/560/56 1098/509/31 1097/48/31 1149/561/56
f 1152/452/57 1154/562/58 1153/563/58 1151/84/57
f 1154/562/58 1156/564/59 1155/565/59 1153/563/58
f 1156/564/59 1158/566/60 1157/567/60 1155/565/59
f 1158/566/60 1160/568/61 1159/569/61 1157/567/60
f 1160/568/61 1162/570/62 1161/571/62 1159/569/61
f 1162/570/62 1164/572/63 1163/573/63 1161/571/62
f 1164/572/63 1166/574/64 1165/575/64 1163/573/63
f 1166/574/64 1168/576/65 1167/577/65 1165/575/64
f 1168/576/65 1170/578/66 1169/579/66 1167/577/65
f 1170/578/66 1172/580/67 1171/581/67 1169/579/66
f 1172/580/67 1174/582/68 1173/583/68 1171/581/67
f 1174/582/68 1176/584/69 1175/585/69 1173/583/68
f 1176/584/69 1178/586/70 1177/587/70 1175/585/69
f 1178/586/70 1180/588/71 1179/589/71 1177/587/70
f 1180/588/71 1182/590/72 1181/591/72 1179/589/71
f 1182/590/72 1184/592/73 1183/593/73 1181/591/72
f 1184/592/73 1186/594/74 1185/595/74 1183/593/73
f 1186/594/74 1188/596/75 1187/597/75 1185/595/74
f 1188/596/75 1190/598/76 1189/599/76 1187/597/75
f 1190/598/76 1192/600/77 1191/601/77 1189/599/76
f 1192/600/77 1194/602/78 1193/603/78 1191/601/77
f 1194/602/78 1196/604/79 1195/605/79 1193/603/78
f 1196/604/79 1198/606/80 1197/607/80 1195/605/79
f 1198/606/80 1200/608/81 1199/609/81 1197/607/80
f 1200/608/81 1202/610/82 1201/611/82 1199/609/81
f 1202/610/82 1204/612/83 1203/613/83 1201/611/82
f 1204/612/83 1206/614/84 1205/615/84 1203/613/83
f 1206/614/84 1208/616/85 1207/617/85 1205/615/84
f 1208/616/85 1210/618/86 1209/619/86 1207/617/85
f 1210/618/86 1212/620/87 1211/621/87 1209/619/86
f 1212/620/87 1214/622/88 1213/623/88 1211/621/87
f 1214/622/88 1216/624/89 1215/625/89 1213/623/88
f 1216/624/89 1218/626/90 1217/627/90 1215/625/89
f 1218/626/90 1220/628/91 1219/629/91 1217/627/90
f 1220/628/91 1222/630/92 1221/631/92 1219/629/91
f 1222/630/92 1224/632/93 1223/633/93 1221/631/92
f 1224/632/93 1226/634/94 1225/635/94 1223/633/93
f 1226/634/94 1228/636/95 1227/637/95 1225/635/94
f 1228/636/95 1230/638/96 1229/639/96 1227/637/95
f 1230/638/96 1232/640/97 1231/641/97 1229/639/96
f 1232/640/97 1234/642/98 1233/643/98 1231/641/97
f 1234/642/98 1236/644/99 1235/645/99 1233/643/98
f 1236/644/99 1238/646/100 1237/647/100 1235/645/99
f 1238/646/100 1240/648/101 1239/649/101 1237/647/100
f 1240/648/101 1242/650/102 1241/651/102 1239/649/101
f 1242/650/102 1244/652/103 1243/653/103 1241/651/102
f 1244/652/103 1246/654/104 1245/655/104 1243/653/103
f 1246/654/104 1248/656/105 1247/657/105 1245/655/104
f 1248/656/105 1250/658/106 1249/659/106 1247/657/105
f 1250/658/106 1252/660/107 1251/661/107 1249/659/106
f 1252/660/107 1254/662/108 1253/663/108 1251/661/107
f 1254/662/108 1256/664/109 1255/665/109 1253/663/108
f 1256/664/109 1258/666/110 1257/667/110 1255/665/109
f 1258/666/110 1260/668/111 1259/669/111 1257/667/110
f 1260/668/111 1262/670/112 1261/671/112 1259/669/111
f 1262/670/112 1264/672/113 1263/673/113 1261/671/112
f 1264/672/113 1266/674/114 1265/675/114 1263/673/113
f 1266/674/114 1268/676/115 1267/677/115 1265/675/114
f 1268/676/115 1270/678/116 1269/679/116 1267/677/115
f 1270/678/116 1272/680/117 1271/681/117 1269/679/116
f 1272/680/117 1274/682/118 1273/683/118 1271/681/117
f 1274/682/118 1276/684/119 1275/685/119 1273/683/118
f 1276/684/119 1278/686/120 1277/687/120 1275/685/119
f 1278/686/120 1280/688/121 1279/689/121 1277/687/120
f 1280/688/121 1282/690/122 1281/691/122 1279/689/121
f 1282/690/122 1284/692/123 1283/693/123 1281/691/122
f 1284/692/123 1286/694/124 1285/695/124 1283/693/123
f 1286/694/124 1288/696/125 1287/697/125 1285/695/124
f 1288/696/125 1290/698/126 1289/699/126 1287/697/125
f 1290/698/126 1292/700/127 1291/701/127 1289/699/126
f 1292/700/127 1294/702/128 1293/703/128 1291/701/127
f 1294/702/128 1296/704/129 1295/705/129 1293/703/128
f 1296/704/129 1298/706/130 1297/707/130 1295/705/129
f 1298/706/130 1300/708/131 1299/709/131 1297/707/130
f 1300/708/131 1302/710/132 1301/711/132 1299/709/131
f 1302/710/132 1304/712/133 1303/713/133 1301/711/132
f 1304/712/133 1306/714/134 1305/715/134 1303/713/133
f 1306/714/134 1308/716/135 1307/717/135 1305/715/134
f 1308/716/135 1310/718/136 1309/719/136 1307/717/135
f 1310/718/136 1312/720/137 1311/721/137 1309/719/136
f 1312/720/137 1314/722/138 1313/723/138 1311/721/137
f 1314/722/138 1316/724/139 1315/725/139 1313/723/138
f 1316/724/139 1318/726/140 1317/727/140 1315/725/139
f 1318/726/140 1320/728/141 1319/729/141 1317/727/140
f 1320/728/141 1322/730/142 1321/731/142 1319/729/141
f 1322/730/142 1324/732/143 1323/733/143 1321/731/142
f 1324/732/143 1326/734/144 1325/735/144 1323/733/143
f 1326/734/144 1328/736/145 1327/737/145 1325/735/144
f 1328/736/145 1330/738/146 1329/739/146 1327/737/145
f 1330/738/146 1332/740/147 1331/741/147 1329/739/146
f 1332/740/147 1334/742/148 1333/743/148 1331/741/147
f 1334/742/148 1336/744/149 1335/745/149 1333/743/148
f 1336/744/149 1338/746/150 1337/747/150 1335/745/149
f 1338/746/150 1340/748/151 1339/749/151 1337/747/150
f 1340/748/151 1342/750/152 1341/751/152 1339/749/151
f 1342/750/152 1344/752/153 1343/753/153 1341/751/152
f 1344/752/153 1346/754/154 1345/755/154 1343/753/153
f 1346/754/154 1348/756/155 1347/757/155 1345/755/154
f 1348/756/155 1350/758/156 1349/759/156 1347/757/155
f 1350/758/156 1352/760/157 1351/761/157 1349/759/156
f 1352/760/157 1354/762/158 1353/763/158 1351/761/157
f 1354/762/158 1356/764/159 1355/765/159 1353/763/158
f 1356/764/159 1358/766/160 1357/767/160 1355/765/159
f 1358/766/160 1360/768/161 1359/769/161 1357/767/160
f 1360/768/161 1362/770/162 1361/771/162 1359/769/161
f 1362/770/162 1364/772/163 1363/773/163 1361/771/162
f 1364/772/163 1366/774/164 1365/775/164 1363/773/163
f 1366/774/164 1368/776/165 1367/777/165 1365/775/164
f 1368/776/165 1370/778/166 1369/779/166 1367/777/165
f 1370/778/166 1372/780/167 1371/781/167 1369/779/166
f 1372/780/167 1374/782/168 1373/783/168 1371/781/167
f 1374/782/168 1376/784/169 1375/785/169 1373/783/168
f 1376/784/169 1378/786/170 1377/787/170 1375/785/169
f 1378/786/170 1380/788/171 1379/789/171 1377/787/170
f 1380/788/171 1382/790/172 1381/791/172 1379/789/171
f 1382/790/172 1384/792/173 1383/793/173 1381/791/172
f 1384/792/173 1386/794/174 1385/795/174 1383/793/173
f 1386/794/174 1388/796/175 1387/797/175 1385/795/174
f 1388/796/175 1390/798/176 1389/799/176 1387/797/175
f 1390/798/176 1392/800/177 1391/801/177 1389/799/176
f 1392/800/177 1394/802/178 1393/803/178 1391/801/177
f 1394/802/178 1396/804/179 1395/805/179 1393/803/178
f 1396/804/179 1398/806/180 1397/807/180 1395/805/179
f 1398/806/180 1400/808/181 1399/809/181 1397/807/180
f 1400/808/181 1402/810/182 1401/811/182 1399/809/181
f 1402/810/182 1404/812/183 1403/813/183 1401/811/182
f 1404/812/183 1406/814/184 1405/815/184 1403/813/183
f 1406/814/184 1408/816/185 1407/817/185 1405/815/184
f 1408/816/185 1410/818/186 1409/819/186 1407/817/185
f 1410/818/186 1412/820/187 1411/821/187 1409/819/186
f 1412/820/187 1414/822/188 1413/823/188 1411/821/187
f 1414/822/188 1416/824/189 1415/825/189 1413/823/188
f 1416/824/189 1418/826/190 1417/827/190 1415/825/189
f 1418/826/190 1420/828/191 1419/829/191 1417/827/190
f 1420/828/191 1422/830/192 1421/831/192 1419/829/191
f 1422/830/192 1424/832/193 1423/833/193 1421/831/192
f 1424/832/193 1152/509/57 1151/48/57 1423/833/193
f 1426/452/194 1428/834/195 1427/835/195 1425/84/194
f 1428/834/195 1430/836/196 1429/837/196 1427/835/195
f 1430/836/196 1432/838/197 1431/839/197 1429/837/196
f 1432/838/197 1434/840/198 1433/841/198 1431/839/197
f 1434/840/198 1436/842/199 1435/843/199 1433/841/198
f 1436/842/199 1438/844/200 1437/845/200 1435/843/199
f 1438/844/200 1440/846/201 1439/847/201 1437/845/200
f 1440/846/201 1442/848/202 1441/849/202 1439/847/201
f 1442/848/202 1444/850/203 1443/851/203 1441/849/202
f 1444/850/203 1446/852/204 1445/853/204 1443/851/203
f 1446/852/204 1448/854/205 1447/855/205 1445/853/204
f 1448/854/205 1450/856/206 1449/857/206 1447/855/205
f 1450/856/206 1452/858/207 1451/859/207 1449/857/206
f 1452/858/207 1454/860/208 1453/861/208 1451/859/207
f 1454/860/208 1456/862/209 1455/863/209 1453/861/208
f 1456/862/209 1458/864/210 1457/865/210 1455/863/209
f 1458/864/210 1460/866/211 1459/867/211 1457/865/210
f 1460/866/211 1462/868/212 1461/869/212 1459/867/211
f 1462/868/212 1464/870/213 1463/871/213 1461/869/212
f 1464/870/213 1466/872/214 1465/873/214 1463/871/213
f 1466/872/214 1468/874/215 1467/875/215 1465/873/214
f 1468/874/215 1470/876/216 1469/877/216 1467/875/215
f 1470/876/216 1472/878/217 1471/879/217 1469/877/216
f 1472/878/217 1474/880/218 1473/881/218 1471/879/217
f 1474/880/218 1476/882/219 1475/883/219 1473/881/218
f 1476/882/219 1478/884/220 1477/885/220 1475/883/219
f 1478/884/220 1480/886/221 1479/887/221 1477/885/220
f 1480/886/221 1482/888/222 1481/889/222 1479/887/221
f 1482/888/222 1484/890/223 1483/891/223 1481/889/222
f 1484/890/223 1486/892/224 1485/893/224 1483/891/223
f 1486/892/224 1488/894/225 1487/895/225 1485/893/224
f 1488/894/225 1490/896/226 1489/897/226 1487/895/225
f 1490/896/226 1492/898/227 1491/899/227 1489/897/226
f 1492/898/227 1494/900/228 1493/901/228 1491/899/227
f 1494/900/228 1496/902/229 1495/903/229 1493/901/228
f 1496/902/229 1498/904/230 1497/905/230 1495/903/229
f 1498/904/230 1426/509/194 1425/48/194 1497/905/230
f 1500/452/231 1502/906/232 1501/907/232 1499/84/231
f 1502/906/232 1504/908/233 1503/909/233 1501/907/232
f 1504/908/233 1506/910/234 1505/911/234 1503/909/233
f 1506/910/234 1508/912/235 1507/95/235 1505/911/234
f 1508/912/235 1510/913/236 1509/914/236 1507/95/235
f 1510/913/236 1512/915/237 1511/916/237 1509/914/236
f 1512/915/237 1514/917/238 1513/918/238 1511/916/237
f 1514/917/238 1516/919/239 1515/88/239 1513/918/238
f 1516/919/239 1518/920/240 1517/921/240 1515/88/239
f 1518/920/240 1520/922/241 1519/923/241 1517/921/240
f 1520/922/241 1522/924/242 1521/925/242 1519/923/241
f 1522/924/242 1524/926/243 1523/54/243 1521/925/242
f 1524/926/243 1526/927/244 1525/928/244 1523/54/243
f 1526/927/244 1528/929/245 1527/930/245 1525/928/244
f 1528/929/245 1530/931/246 1529/932/246 1527/930/245
f 1530/931/246 1532/933/96 1531/15/96 1529/932/246
f 1532/933/96 1534/934/247 1533/935/247 1531/15/96
f 1534/934/247 1536/936/248 1535/937/248 1533/935/247
f 1536/936/248 1538/938/249 1537/939/249 1535/937/248
f 1538/938/249 1540/940/250 1539/3/250 1537/939/249
f 1540/940/250 1542/941/251 1541/942/251 1539/3/250
f 1542/941/251 1544/943/252 1543/944/252 1541/942/251
f 1544/943/252 1546/945/253 1545/946/253 1543/944/252
f 1546/945/253 1548/947/254 1547/14/254 1545/946/253
f 1548/947/254 1550/948/29 1549/949/29 1547/14/254
f 1550/948/29 1552/950/56 1551/951/56 1549/949/29
f 1552/950/56 1554/952/255 1553/953/255 1551/951/56
f 1554/952/255 1556/954/256 1555/53/256 1553/953/255
f 1556/954/256 1558/955/257 1557/956/257 1555/53/256
f 1558/955/257 1560/957/258 1559/958/258 1557/956/257
f 1560/957/258 1562/959/259 1561/960/259 1559/958/258
f 1562/959/259 1564/961/260 1563/71/260 1561/960/259
f 1564/961/260 1566/962/261 1565/963/261 1563/71/260
f 1566/962/261 1568/964/262 1567/965/262 1565/963/261
f 1568/964/262 1570/966/263 1569/967/263 1567/965/262
f 1570/966/263 1572/968/264 1571/78/264 1569/967/263
f 1572/968/264 1574/969/265 1573/970/265 1571/78/264
f 1574/969/265 1576/971/266 1575/972/266 1573/970/265
f 1576/971/266 1578/973/267 1577/974/267 1575/972/266
f 1578/973/267 1580/975/268 1579/65/268 1577/974/267
f 1580/975/268 1582/976/269 1581/977/269 1579/65/268
f 1582/976/269 1584/978/270 1583/979/270 1581/977/269
f 1584/978/270 1586/980/271 1585/981/271 1583/979/270
f 1586/980/271 1588/982/272 1587/36/272 1585/981/271
f 1588/982/272 1590/983/273 1589/984/273 1587/36/272
f 1590/983/273 1592/985/274 1591/986/274 1589/984/273
f 1592/985/274 1594/987/275 1593/988/275 1591/986/274
f 1594/987/275 1596/989/276 1595/18/276 1593/988/275
f 1596/989/276 1598/990/277 1597/991/277 1595/18/276
f 1598/990/277 1600/992/278 1599/993/278 1597/991/277
f 1600/992/278 1602/994/279 1601/995/279 1599/993/278
f 1602/994/279 1604/996/29 1603/29/29 1601/995/279
f 1604/996/29 1606/997/56 1605/998/56 1603/29/29
f 1606/997/56 1608/999/27 1607/1000/27 1605/998/56
f 1608/999/27 1610/1001/28 1609/1002/28 1607/1000/27
f 1610/1001/28 1500/509/231 1499/48/231 1609/1002/28
f 1612/452/280 1614/1003/281 1613/1004/281 1611/84/280
f 1614/1003/281 1616/1005/282 1615/1006/282 1613/1004/281
f 1616/1005/282 1618/1007/283 1617/1008/283 1615/1006/282
f 1618/1007/283 1620/1009/284 1619/1010/284 1617/1008/283
f 1620/1009/284 1622/1011/285 1621/1012/285 1619/1010/284
f 1622/1011/285 1624/1013/286 1623/1014/286 1621/1012/285
f 1624/1013/286 1626/1015/287 1625/1016/287 1623/1014/286
f 1626/1015/287 1628/1017/288 1627/1018/288 1625/1016/287
f 1628/1017/288 1630/1019/289 1629/1020/289 1627/1018/288
f 1630/1019/289 1632/1021/290 1631/1022/290 1629/1020/289
f 1632/1021/290 1634/1023/291 1633/1024/291 1631/1022/290
f 1634/1023/291 1636/1025/292 1635/1026/292 1633/1024/291
f 1636/1025/292 1638/1027/293 1637/1028/293 1635/1026/292
f 1638/1027/293 1640/1029/294 1639/1030/294 1637/1028/293
f 1640/1029/294 1642/1031/295 1641/1032/295 1639/1030/294
f 1642/1031/295 1644/1033/296 1643/1034/296 1641/1032/295
f 1644/1033/296 1646/1035/297 1645/1036/297 1643/1034/296
f 1646/1035/297 1648/1037/298 1647/1038/298 1645/1036/297
f 1648/1037/298 1650/1039/299 1649/1040/299 1647/1038/298
f 1650/1039/299 1652/1041/300 1651/1042/300 1649/1040/299
f 1652/1041/300 1654/1043/301 1653/1044/301 1651/1042/300
f 1654/1043/301 1656/1045/302 1655/1046/302 1653/1044/301
f 1656/1045/302 1658/1047/303 1657/1048/303 1655/1046/302
f 1658/1047/303 1660/1049/304 1659/1050/304 1657/1048/303
f 1660/1049/304 1662/1051/305 1661/1052/305 1659/1050/304
f 1662/1051/305 1664/1053/306 1663/1054/306 1661/1052/305
f 1664/1053/306 1666/1055/307 1665/1056/307 1663/1054/306
f 1666/1055/307 1668/1057/308 1667/1058/308 1665/1056/307
f 1668/1057/308 1670/1059/309 1669/1060/309 1667/1058/308
f 1670/1059/309 1672/1061/310 1671/1062/310 1669/1060/309
f 1672/1061/310 1674/1063/311 1673/1064/311 1671/1062/310
f 1674/1063/311 1676/1065/312 1675/1066/312 1673/1064/311
f 1676/1065/312 1678/1067/313 1677/1068/313 1675/1066/312
f 1678/1067/313 1680/1069/314 1679/1070/314 1677/1068/313
f 1680/1069/314 1682/1071/315 1681/1072/315 1679/1070/314
f 1682/1071/315 1684/1073/316 1683/1074/316 1681/1072/315
f 1684/1073/316 1686/1075/317 1685/1076/317 1683/1074/316
f 1686/1075/317 1688/1077/318 1687/1078/318 1685/1076/317
f 1688/1077/318 1690/1079/319 1689/1080/319 1687/1078/318
f 1690/1079/319 1692/1081/320 1691/1082/320 1689/1080/319
f 1692/1081/320 1694/1083/321 1693/1084/321 1691/1082/320
f 1694/1083/321 1696/1085/322 1695/1086/322 1693/1084/321
f 1696/1085/322 1698/1087/323 1697/1088/323 1695/1086/322
f 1698/1087/323 1700/1089/324 1699/1090/324 1697/1088/323
f 1700/1089/324 1702/1091/325 1701/1092/325 1699/1090/324
f 1702/1091/325 1704/1093/326 1703/1094/326 1701/1092/325
f 1704/1093/326 1706/1095/327 1705/1096/327 1703/1094/326
f 1706/1095/327 1708/1097/328 1707/1098/328 1705/1096/327
f 1708/1097/328 1710/1099/329 1709/1100/329 1707/1098/328
f 1710/1099/329 1712/1101/330 1711/1102/330 1709/1100/329
f 1712/1101/330 1714/1103/331 1713/1104/331 1711/1102/330
f 1714/1103/331 1716/1105/332 1715/1106/332 1713/1104/331
f 1716/1105/332 1718/1107/333 1717/1108/333 1715/1106/332
f 1718/1107/333 1720/1109/334 1719/1110/334 1717/1108/333
f 1720/1109/334 1722/1111/335 1721/1112/335 1719/1110/334
f 1722/1111/335 1724/1113/336 1723/1114/336 1721/1112/335
f 1724/1113/336 1726/1115/337 1725/1116/337 1723/1114/336
f 1726/1115/337 1728/1117/338 1727/1118/338 1725/1116/337
f 1728/1117/338 1730/1119/339 1729/1120/339 1727/1118/338
f 1730/1119/339 1732/1121/340 1731/1122/340 1729/1120/339
f 1732/1121/340 1734/1123/341 1733/1124/341 1731/1122/340
f 1734/1123/341 1736/1125/342 1735/1126/342 1733/1124/341
f 1736/1125/342 1738/1127/343 1737/1128/343 1735/1126/342
f 1738/1127/343 1740/1129/344 1739/1130/344 1737/1128/343
f 1740/1129/344 1742/1131/345 1741/1132/345 1739/1130/344
f 1742/1131/345 1744/1133/346 1743/1134/346 1741/1132/345
f 1744/1133/346 1746/954/72 1745/53/72 1743/1134/346
f 1746/954/72 1748/1135/347 1747/1136/347 1745/53/72
f 1748/1135/347 1750/1137/348 1749/1138/348 1747/1136/347
f 1750/1137/348 1752/1139/349 1751/1140/349 1749/1138/348
f 1752/1139/349 1754/1141/350 1753/1142/350 1751/1140/349
f 1754/1141/350 1756/1143/351 1755/1144/351 1753/1142/350
f 1756/1143/351 1758/1145/352 1757/1146/352 1755/1144/351
f 1758/1145/352 1760/1147/353 1759/1148/353 1757/1146/352
f 1760/1147/353 1762/1149/354 1761/1150/354 1759/1148/353
f 1762/1149/354 1764/1151/355 1763/1152/355 1761/1150/354
f 1764/1151/355 1766/1153/356 1765/1154/356 1763/1152/355
f 1766/1153/356 1768/1155/357 1767/1156/357 1765/1154/356
f 1768/1155/357 1770/1157/358 1769/1158/358 1767/1156/357
f 1770/1157/358 1772/1159/359 1771/1160/359 1769/1158/358
f 1772/1159/359 1774/1161/360 1773/1162/360 1771/1160/359
f 1774/1161/360 1776/1163/361 1775/1164/361 1773/1162/360
f 1776/1163/361 1778/1165/362 1777/1166/362 1775/1164/361
f 1778/1165/362 1780/1167/363 1779/1168/363 1777/1166/362
f 1780/1167/363 1782/1169/364 1781/1170/364 1779/1168/363
f 1782/1169/364 1784/1171/365 1783/1172/365 1781/1170/364
f 1784/1171/365 1786/1173/366 1785/1174/366 1783/1172/365
f 1786/1173/366 1788/1175/367 1787/1176/367 1785/1174/366
f 1788/1175/367 1790/1177/368 1789/1178/368 1787/1176/367
f 1790/1177/368 1792/1179/369 1791/1180/369 1789/1178/368
f 1792/1179/369 1794/1181/370 1793/1182/370 1791/1180/369
f 1794/1181/370 1796/1183/371 1795/1184/371 1793/1182/370
f 1796/1183/371 1798/1185/372 1797/1186/372 1795/1184/371
f 1798/1185/372 1800/1187/373 1799/1188/373 1797/1186/372
f 1800/1187/373 1802/1189/374 1801/1190/374 1799/1188/373
f 1802/1189/374 1804/1191/375 1803/1192/375 1801/1190/374
f 1804/1191/375 1806/1193/376 1805/1194/376 1803/1192/375
f 1806/1193/376 1808/1195/377 1807/1196/377 1805/1194/376
f 1808/1195/377 1810/1197/378 1809/1198/378 1807/1196/377
f 1810/1197/378 1812/1199/379 1811/1200/379 1809/1198/378
f 1812/1199/379 1814/1201/380 1813/1202/380 1811/1200/379
f 1814/1201/380 1816/1203/381 1815/1204/381 1813/1202/380
f 1816/1203/381 1818/1205/382 1817/1206/382 1815/1204/381
f 1818/1205/382 1820/1207/383 1819/1208/383 1817/1206/382
f 1820/1207/383 1822/1209/384 1821/1210/384 1819/1208/383
f 1822/1209/384 1824/1211/385 1823/1212/385 1821/1210/384
f 1824/1211/385 1826/1213/386 1825/1214/386 1823/1212/385
f 1826/1213/386 1828/1215/387 1827/1216/387 1825/1214/386
f 1828/1215/387 1830/1217/388 1829/1218/388 1827/1216/387
f 1830/1217/388 1832/1219/389 1831/1220/389 1829/1218/388
f 1832/1219/389 1834/1221/390 1833/1222/390 1831/1220/389
f 1834/1221/390 1836/1223/391 1835/1224/391 1833/1222/390
f 1836/1223/391 1838/1225/392 1837/1226/392 1835/1224/391
f 1838/1225/392 1840/1227/393 1839/1228/393 1837/1226/392
f 1840/1227/393 1842/1229/394 1841/1230/394 1839/1228/393
f 1842/1229/394 1844/1231/395 1843/1232/395 1841/1230/394
f 1844/1231/395 1846/1233/396 1845/1234/396 1843/1232/395
f 1846/1233/396 1848/1235/397 1847/1236/397 1845/1234/396
f 1848/1235/397 1850/1237/398 1849/1238/398 1847/1236/397
f 1850/1237/398 1852/1239/399 1851/1240/399 1849/1238/398
f 1852/1239/399 1854/1241/400 1853/1242/400 1851/1240/399
f 1854/1241/400 1856/1243/401 1855/1244/401 1853/1242/400
f 1856/1243/401 1858/1245/402 1857/1246/402 1855/1244/401
f 1858/1245/402 1860/1247/403 1859/1248/403 1857/1246/402
f 1860/1247/403 1862/1249/404 1861/1250/404 1859/1248/403
f 1862/1249/404 1864/1251/405 1863/1252/405 1861/1250/404
f 1864/1251/405 1866/1253/406 1865/1254/406 1863/1252/405
f 1866/1253/406 1868/1255/407 1867/1256/407 1865/1254/406
f 1868/1255/407 1870/1257/408 1869/1258/408 1867/1256/407
f 1870/1257/408 1872/1259/409 1871/1260/409 1869/1258/408
f 1872/1259/409 1874/1261/410 1873/1262/410 1871/1260/409
f 1874/1261/410 1876/1263/411 1875/1264/411 1873/1262/410
f 1876/1263/411 1878/1265/412 1877/1266/412 1875/1264/411
f 1878/1265/412 1612/509/280 1611/48/280 1877/1266/412
f 1880/452/413 1882/1267/414 1881/1268/414 1879/84/413
f 1882/1267/414 1884/834/415 1883/835/415 1881/1268/414
f 1884/834/415 1886/1269/416 1885/1270/416 1883/835/415
f 1886/1269/416 1888/836/417 1887/837/417 1885/1270/416
f 1888/836/417 1890/1271/418 1889/1272/418 1887/837/417
f 1890/1271/418 1892/838/419 1891/839/419 1889/1272/418
f 1892/838/419 1894/1273/420 1893/1274/420 1891/839/419
f 1894/1273/420 1896/840/421 1895/841/421 1893/1274/420
f 1896/840/421 1898/1275/422 1897/1276/422 1895/841/421
f 1898/1275/422 1900/842/423 1899/843/423 1897/1276/422
f 1900/842/423 1902/1277/424 1901/1278/424 1899/843/423
f 1902/1277/424 1904/844/425 1903/845/425 1901/1278/424
f 1904/844/425 1906/1279/426 1905/1280/426 1903/845/425
f 1906/1279/426 1908/846/427 1907/847/427 1905/1280/426
f 1908/846/427 1910/1281/428 1909/1282/428 1907/847/427
f 1910/1281/428 1912/848/429 1911/849/429 1909/1282/428
f 1912/848/429 1914/1283/430 1913/1284/430 1911/849/429
f 1914/1283/430 1916/850/431 1915/851/431 1913/1284/430
f 1916/850/431 1918/1285/432 1917/1286/432 1915/851/431
f 1918/1285/432 1920/852/433 1919/853/433 1917/1286/432
f 1920/852/433 1922/1287/434 1921/1288/434 1919/853/433
f 1922/1287/434 1924/854/435 1923/855/435 1921/1288/434
f 1924/854/435 1926/1289/436 1925/1290/436 1923/855/435
f 1926/1289/436 1928/856/437 1927/857/437 1925/1290/436
f 1928/856/437 1930/1291/438 1929/1292/438 1927/857/437
f 1930/1291/438 1932/858/439 1931/859/439 1929/1292/438
f 1932/858/439 1934/1293/440 1933/1294/440 1931/859/439
f 1934/1293/440 1936/860/441 1935/861/441 1933/1294/440
f 1936/860/441 1938/1295/442 1937/1296/442 1935/861/441
f 1938/1295/442 1940/862/443 1939/863/443 1937/1296/442
f 1940/862/443 1942/1297/444 1941/1298/444 1939/863/443
f 1942/1297/444 1944/864/445 1943/865/445 1941/1298/444
f 1944/864/445 1946/1299/446 1945/1300/446 1943/865/445
f 1946/1299/446 1948/866/447 1947/867/447 1945/1300/446
f 1948/866/447 1950/1301/448 1949/1302/448 1947/867/447
f 1950/1301/448 1952/868/449 1951/869/449 1949/1302/448
f 1952/868/449 1954/954/450 1953/53/450 1951/869/449
f 1954/954/450 1956/870/451 1955/871/451 1953/53/450
f 1956/870/451 1958/1303/452 1957/1304/452 1955/871/451
f 1958/1303/452 1960/872/453 1959/873/453 1957/1304/452
f 1960/872/453 1962/1305/454 1961/1306/454 1959/873/453
f 1962/1305/454 1964/874/455 1963/875/455 1961/1306/454
f 1964/874/455 1966/1307/456 1965/1308/456 1963/875/455
f 1966/1307/456 1968/876/457 1967/877/457 1965/1308/456
f 1968/876/457 1970/1309/458 1969/1310/458 1967/877/457
f 1970/1309/458 1972/878/459 1971/879/459 1969/1310/458
f 1972/878/459 1974/1311/460 1973/1312/460 1971/879/459
f 1974/1311/460 1976/880/461 1975/881/461 1973/1312/460
f 1976/880/461 1978/1313/462 1977/1314/462 1975/881/461
f 1978/1313/462 1980/882/463 1979/883/463 1977/1314/462
f 1980/882/463 1982/1315/464 1981/1316/464 1979/883/463
f 1982/1315/464 1984/884/465 1983/885/465 1981/1316/464
f 1984/884/465 1986/1317/466 1985/1318/466 1983/885/465
f 1986/1317/466 1988/886/467 1987/887/467 1985/1318/466
f 1988/886/467 1990/1319/468 1989/1320/468 1987/887/467
f 1990/1319/468 1992/888/469 1991/889/469 1989/1320/468
f 1992/888/469 1994/1321/470 1993/1322/470 1991/889/469
f 1994/1321/470 1996/890/471 1995/891/471 1993/1322/470
f 1996/890/471 1998/1323/472 1997/1324/472 1995/891/471
f 1998/1323/472 2000/892/473 1999/893/473 1997/1324/472
f 2000/892/473 2002/1325/474 2001/1326/474 1999/893/473
f 2002/1325/474 2004/894/475 2003/895/475 2001/1326/474
f 2004/894/475 2006/1327/476 2005/1328/476 2003/895/475
f 2006/1327/476 2008/896/477 2007/897/477 2005/1328/476
f 2008/896/477 2010/1329/478 2009/1330/478 2007/897/477
f 2010/1329/478 2012/898/479 2011/899/479 2009/1330/478
f 2012/898/479 2014/1331/480 2013/1332/480 2011/899/479
f 2014/1331/480 2016/900/481 2015/901/481 2013/1332/480
f 2016/900/481 2018/1333/482 2017/1334/482 2015/901/481
f 2018/1333/482 2020/902/483 2019/903/483 2017/1334/482
f 2020/902/483 2022/1335/484 2021/1336/484 2019/903/483
f 2022/1335/484 2024/904/485 2023/905/485 2021/1336/484
f 2024/904/485 2026/1337/486 2025/1338/486 2023/905/485
f 2026/1337/486 1880/509/413 1879/48/413 2025/1338/486
f 2028/452/487 2030/1339/488 2029/1340/488 2027/84/487
f 2030/1339/488 2032/1341/489 2031/1342/489 2029/1340/488
f 2032/1341/489 2034/1343/490 2033/1344/490 2031/1342/489
f 2034/1343/490 2036/1345/491 2035/1346/491 2033/1344/490
f 2036/1345/491 2038/1347/492 2037/278/492 2035/1346/491
f 2038/1347/492 2040/1348/493 2039/1349/493 2037/278/492
f 2040/1348/493 2042/1350/494 2041/1351/494 2039/1349/493
f 2042/1350/494 2044/1352/495 2043/1353/495 2041/1351/494
f 2044/1352/495 2046/1354/496 2045/1355/496 2043/1353/495
f 2046/1354/496 2048/1356/497 2047/237/497 2045/1355/496
f 2048/1356/497 2050/1357/498 2049/1358/498 2047/237/497
f 2050/1357/498 2052/1359/499 2051/1360/499 2049/1358/498
f 2052/1359/499 2054/1361/500 2053/1362/500 2051/1360/499
f 2054/1361/500 2056/1363/501 2055/1364/501 2053/1362/500
f 2056/1363/501 2058/1365/502 2057/246/502 2055/1364/501
f 2058/1365/502 2060/1366/503 2059/1367/503 2057/246/502
f 2060/1366/503 2062/1368/504 2061/1369/504 2059/1367/503
f 2062/1368/504 2064/1370/505 2063/1371/505 2061/1369/504
f 2064/1370/505 2066/1372/506 2065/1373/506 2063/1371/505
f 2066/1372/506 2068/1374/507 2067/252/507 2065/1373/506
f 2068/1374/507 2070/1375/508 2069/1376/508 2067/252/507
f 2070/1375/508 2072/1377/509 2071/1378/509 2069/1376/508
f 2072/1377/509 2074/1379/510 2073/1380/510 2071/1378/509
f 2074/1379/510 2076/1381/511 2075/1382/511 2073/1380/510
f 2076/1381/511 2028/509/487 2027/48/487 2075/1382/511
